[0.107s] DEBUG:colcon:Command line arguments: ['/usr/bin/colcon', 'list', '--packages-select', 'yolov8_bdd100k_detection']
[0.107s] DEBUG:colcon:Parsed command line arguments: Namespace(log_base=None, log_level=None, verb_name='list', build_base='build', ignore_user_meta=False, metas=['./colcon.meta'], base_paths=['.'], packages_ignore=None, packages_ignore_regex=None, paths=None, packages_up_to=None, packages_up_to_regex=None, packages_above=None, packages_above_and_dependencies=None, packages_above_depth=None, packages_select_by_dep=None, packages_skip_by_dep=None, packages_skip_up_to=None, packages_select_build_failed=False, packages_skip_build_finished=False, packages_select_test_failures=False, packages_skip_test_passed=False, packages_select=['yolov8_bdd100k_detection'], packages_skip=None, packages_select_regex=None, packages_skip_regex=None, packages_start=None, packages_end=None, allow_overriding=[], topological_order=False, names_only=False, paths_only=False, topological_graph=False, topological_graph_dot=False, topological_graph_density=False, topological_graph_legend=False, topological_graph_dot_cluster=False, topological_graph_dot_include_skipped=False, verb_parser=<colcon_defaults.argument_parser.defaults.DefaultArgumentsDecorator object at 0x7f9c8e680a30>, verb_extension=<colcon_package_information.verb.list.ListVerb object at 0x7f9c8e63bbb0>, main=<bound method ListVerb.main of <colcon_package_information.verb.list.ListVerb object at 0x7f9c8e63bbb0>>)
[0.266s] Level 1:colcon.colcon_core.package_discovery:discover_packages(colcon_meta) check parameters
[0.266s] Level 1:colcon.colcon_core.package_discovery:discover_packages(recursive) check parameters
[0.266s] Level 1:colcon.colcon_core.package_discovery:discover_packages(ignore) check parameters
[0.266s] Level 1:colcon.colcon_core.package_discovery:discover_packages(path) check parameters
[0.266s] Level 1:colcon.colcon_core.package_discovery:discover_packages(colcon_meta) discover
[0.266s] Level 1:colcon.colcon_core.package_discovery:discover_packages(recursive) discover
[0.266s] INFO:colcon.colcon_core.package_discovery:Crawling recursively for packages in '/home/sophie/visionaid/isaac_ros_ws'
[0.266s] Level 1:colcon.colcon_core.package_identification:_identify(.) by extensions ['ignore', 'ignore_ament_install']
[0.266s] Level 1:colcon.colcon_core.package_identification:_identify(.) by extension 'ignore'
[0.266s] Level 1:colcon.colcon_core.package_identification:_identify(.) by extension 'ignore_ament_install'
[0.266s] Level 1:colcon.colcon_core.package_identification:_identify(.) by extensions ['colcon_pkg']
[0.266s] Level 1:colcon.colcon_core.package_identification:_identify(.) by extension 'colcon_pkg'
[0.266s] Level 1:colcon.colcon_core.package_identification:_identify(.) by extensions ['colcon_meta']
[0.266s] Level 1:colcon.colcon_core.package_identification:_identify(.) by extension 'colcon_meta'
[0.266s] Level 1:colcon.colcon_core.package_identification:_identify(.) by extensions ['ros']
[0.267s] Level 1:colcon.colcon_core.package_identification:_identify(.) by extension 'ros'
[0.273s] Level 1:colcon.colcon_core.package_identification:_identify(.) by extensions ['cmake', 'python']
[0.274s] Level 1:colcon.colcon_core.package_identification:_identify(.) by extension 'cmake'
[0.274s] Level 1:colcon.colcon_core.package_identification:_identify(.) by extension 'python'
[0.274s] Level 1:colcon.colcon_core.package_identification:_identify(.) by extensions ['python_setup_py']
[0.274s] Level 1:colcon.colcon_core.package_identification:_identify(.) by extension 'python_setup_py'
[0.274s] Level 1:colcon.colcon_core.package_identification:_identify(build) by extensions ['ignore', 'ignore_ament_install']
[0.274s] Level 1:colcon.colcon_core.package_identification:_identify(build) by extension 'ignore'
[0.274s] Level 1:colcon.colcon_core.package_identification:_identify(build) ignored
[0.274s] Level 1:colcon.colcon_core.package_identification:_identify(install) by extensions ['ignore', 'ignore_ament_install']
[0.274s] Level 1:colcon.colcon_core.package_identification:_identify(install) by extension 'ignore'
[0.274s] Level 1:colcon.colcon_core.package_identification:_identify(install) ignored
[0.274s] Level 1:colcon.colcon_core.package_identification:_identify(log) by extensions ['ignore', 'ignore_ament_install']
[0.274s] Level 1:colcon.colcon_core.package_identification:_identify(log) by extension 'ignore'
[0.274s] Level 1:colcon.colcon_core.package_identification:_identify(log) ignored
[0.274s] Level 1:colcon.colcon_core.package_identification:_identify(models) by extensions ['ignore', 'ignore_ament_install']
[0.274s] Level 1:colcon.colcon_core.package_identification:_identify(models) by extension 'ignore'
[0.274s] Level 1:colcon.colcon_core.package_identification:_identify(models) by extension 'ignore_ament_install'
[0.274s] Level 1:colcon.colcon_core.package_identification:_identify(models) by extensions ['colcon_pkg']
[0.274s] Level 1:colcon.colcon_core.package_identification:_identify(models) by extension 'colcon_pkg'
[0.274s] Level 1:colcon.colcon_core.package_identification:_identify(models) by extensions ['colcon_meta']
[0.274s] Level 1:colcon.colcon_core.package_identification:_identify(models) by extension 'colcon_meta'
[0.274s] Level 1:colcon.colcon_core.package_identification:_identify(models) by extensions ['ros']
[0.274s] Level 1:colcon.colcon_core.package_identification:_identify(models) by extension 'ros'
[0.274s] Level 1:colcon.colcon_core.package_identification:_identify(models) by extensions ['cmake', 'python']
[0.274s] Level 1:colcon.colcon_core.package_identification:_identify(models) by extension 'cmake'
[0.274s] Level 1:colcon.colcon_core.package_identification:_identify(models) by extension 'python'
[0.274s] Level 1:colcon.colcon_core.package_identification:_identify(models) by extensions ['python_setup_py']
[0.274s] Level 1:colcon.colcon_core.package_identification:_identify(models) by extension 'python_setup_py'
[0.274s] Level 1:colcon.colcon_core.package_identification:_identify(models/yolov8_bdd100k) by extensions ['ignore', 'ignore_ament_install']
[0.274s] Level 1:colcon.colcon_core.package_identification:_identify(models/yolov8_bdd100k) by extension 'ignore'
[0.274s] Level 1:colcon.colcon_core.package_identification:_identify(models/yolov8_bdd100k) by extension 'ignore_ament_install'
[0.274s] Level 1:colcon.colcon_core.package_identification:_identify(models/yolov8_bdd100k) by extensions ['colcon_pkg']
[0.274s] Level 1:colcon.colcon_core.package_identification:_identify(models/yolov8_bdd100k) by extension 'colcon_pkg'
[0.274s] Level 1:colcon.colcon_core.package_identification:_identify(models/yolov8_bdd100k) by extensions ['colcon_meta']
[0.275s] Level 1:colcon.colcon_core.package_identification:_identify(models/yolov8_bdd100k) by extension 'colcon_meta'
[0.275s] Level 1:colcon.colcon_core.package_identification:_identify(models/yolov8_bdd100k) by extensions ['ros']
[0.275s] Level 1:colcon.colcon_core.package_identification:_identify(models/yolov8_bdd100k) by extension 'ros'
[0.275s] Level 1:colcon.colcon_core.package_identification:_identify(models/yolov8_bdd100k) by extensions ['cmake', 'python']
[0.275s] Level 1:colcon.colcon_core.package_identification:_identify(models/yolov8_bdd100k) by extension 'cmake'
[0.275s] Level 1:colcon.colcon_core.package_identification:_identify(models/yolov8_bdd100k) by extension 'python'
[0.275s] Level 1:colcon.colcon_core.package_identification:_identify(models/yolov8_bdd100k) by extensions ['python_setup_py']
[0.275s] Level 1:colcon.colcon_core.package_identification:_identify(models/yolov8_bdd100k) by extension 'python_setup_py'
[0.275s] Level 1:colcon.colcon_core.package_identification:_identify(src) by extensions ['ignore', 'ignore_ament_install']
[0.275s] Level 1:colcon.colcon_core.package_identification:_identify(src) by extension 'ignore'
[0.275s] Level 1:colcon.colcon_core.package_identification:_identify(src) by extension 'ignore_ament_install'
[0.275s] Level 1:colcon.colcon_core.package_identification:_identify(src) by extensions ['colcon_pkg']
[0.275s] Level 1:colcon.colcon_core.package_identification:_identify(src) by extension 'colcon_pkg'
[0.275s] Level 1:colcon.colcon_core.package_identification:_identify(src) by extensions ['colcon_meta']
[0.275s] Level 1:colcon.colcon_core.package_identification:_identify(src) by extension 'colcon_meta'
[0.275s] Level 1:colcon.colcon_core.package_identification:_identify(src) by extensions ['ros']
[0.275s] Level 1:colcon.colcon_core.package_identification:_identify(src) by extension 'ros'
[0.275s] Level 1:colcon.colcon_core.package_identification:_identify(src) by extensions ['cmake', 'python']
[0.275s] Level 1:colcon.colcon_core.package_identification:_identify(src) by extension 'cmake'
[0.275s] Level 1:colcon.colcon_core.package_identification:_identify(src) by extension 'python'
[0.275s] Level 1:colcon.colcon_core.package_identification:_identify(src) by extensions ['python_setup_py']
[0.275s] Level 1:colcon.colcon_core.package_identification:_identify(src) by extension 'python_setup_py'
[0.275s] Level 1:colcon.colcon_core.package_identification:_identify(src/isaac_ros_benchmark) by extensions ['ignore', 'ignore_ament_install']
[0.275s] Level 1:colcon.colcon_core.package_identification:_identify(src/isaac_ros_benchmark) by extension 'ignore'
[0.275s] Level 1:colcon.colcon_core.package_identification:_identify(src/isaac_ros_benchmark) by extension 'ignore_ament_install'
[0.275s] Level 1:colcon.colcon_core.package_identification:_identify(src/isaac_ros_benchmark) by extensions ['colcon_pkg']
[0.275s] Level 1:colcon.colcon_core.package_identification:_identify(src/isaac_ros_benchmark) by extension 'colcon_pkg'
[0.275s] Level 1:colcon.colcon_core.package_identification:_identify(src/isaac_ros_benchmark) by extensions ['colcon_meta']
[0.275s] Level 1:colcon.colcon_core.package_identification:_identify(src/isaac_ros_benchmark) by extension 'colcon_meta'
[0.275s] Level 1:colcon.colcon_core.package_identification:_identify(src/isaac_ros_benchmark) by extensions ['ros']
[0.275s] Level 1:colcon.colcon_core.package_identification:_identify(src/isaac_ros_benchmark) by extension 'ros'
[0.275s] Level 1:colcon.colcon_core.package_identification:_identify(src/isaac_ros_benchmark) by extensions ['cmake', 'python']
[0.275s] Level 1:colcon.colcon_core.package_identification:_identify(src/isaac_ros_benchmark) by extension 'cmake'
[0.275s] Level 1:colcon.colcon_core.package_identification:_identify(src/isaac_ros_benchmark) by extension 'python'
[0.275s] Level 1:colcon.colcon_core.package_identification:_identify(src/isaac_ros_benchmark) by extensions ['python_setup_py']
[0.275s] Level 1:colcon.colcon_core.package_identification:_identify(src/isaac_ros_benchmark) by extension 'python_setup_py'
[0.275s] Level 1:colcon.colcon_core.package_identification:_identify(src/isaac_ros_benchmark/benchmarks) by extensions ['ignore', 'ignore_ament_install']
[0.275s] Level 1:colcon.colcon_core.package_identification:_identify(src/isaac_ros_benchmark/benchmarks) by extension 'ignore'
[0.275s] Level 1:colcon.colcon_core.package_identification:_identify(src/isaac_ros_benchmark/benchmarks) by extension 'ignore_ament_install'
[0.275s] Level 1:colcon.colcon_core.package_identification:_identify(src/isaac_ros_benchmark/benchmarks) by extensions ['colcon_pkg']
[0.275s] Level 1:colcon.colcon_core.package_identification:_identify(src/isaac_ros_benchmark/benchmarks) by extension 'colcon_pkg'
[0.275s] Level 1:colcon.colcon_core.package_identification:_identify(src/isaac_ros_benchmark/benchmarks) by extensions ['colcon_meta']
[0.275s] Level 1:colcon.colcon_core.package_identification:_identify(src/isaac_ros_benchmark/benchmarks) by extension 'colcon_meta'
[0.275s] Level 1:colcon.colcon_core.package_identification:_identify(src/isaac_ros_benchmark/benchmarks) by extensions ['ros']
[0.275s] Level 1:colcon.colcon_core.package_identification:_identify(src/isaac_ros_benchmark/benchmarks) by extension 'ros'
[0.275s] Level 1:colcon.colcon_core.package_identification:_identify(src/isaac_ros_benchmark/benchmarks) by extensions ['cmake', 'python']
[0.275s] Level 1:colcon.colcon_core.package_identification:_identify(src/isaac_ros_benchmark/benchmarks) by extension 'cmake'
[0.276s] Level 1:colcon.colcon_core.package_identification:_identify(src/isaac_ros_benchmark/benchmarks) by extension 'python'
[0.276s] Level 1:colcon.colcon_core.package_identification:_identify(src/isaac_ros_benchmark/benchmarks) by extensions ['python_setup_py']
[0.276s] Level 1:colcon.colcon_core.package_identification:_identify(src/isaac_ros_benchmark/benchmarks) by extension 'python_setup_py'
[0.276s] Level 1:colcon.colcon_core.package_identification:_identify(src/isaac_ros_benchmark/benchmarks/isaac_ros_apriltag_benchmark) by extensions ['ignore', 'ignore_ament_install']
[0.276s] Level 1:colcon.colcon_core.package_identification:_identify(src/isaac_ros_benchmark/benchmarks/isaac_ros_apriltag_benchmark) by extension 'ignore'
[0.276s] Level 1:colcon.colcon_core.package_identification:_identify(src/isaac_ros_benchmark/benchmarks/isaac_ros_apriltag_benchmark) by extension 'ignore_ament_install'
[0.276s] Level 1:colcon.colcon_core.package_identification:_identify(src/isaac_ros_benchmark/benchmarks/isaac_ros_apriltag_benchmark) by extensions ['colcon_pkg']
[0.276s] Level 1:colcon.colcon_core.package_identification:_identify(src/isaac_ros_benchmark/benchmarks/isaac_ros_apriltag_benchmark) by extension 'colcon_pkg'
[0.276s] Level 1:colcon.colcon_core.package_identification:_identify(src/isaac_ros_benchmark/benchmarks/isaac_ros_apriltag_benchmark) by extensions ['colcon_meta']
[0.276s] Level 1:colcon.colcon_core.package_identification:_identify(src/isaac_ros_benchmark/benchmarks/isaac_ros_apriltag_benchmark) by extension 'colcon_meta'
[0.276s] Level 1:colcon.colcon_core.package_identification:_identify(src/isaac_ros_benchmark/benchmarks/isaac_ros_apriltag_benchmark) by extensions ['ros']
[0.276s] Level 1:colcon.colcon_core.package_identification:_identify(src/isaac_ros_benchmark/benchmarks/isaac_ros_apriltag_benchmark) by extension 'ros'
[0.278s] DEBUG:colcon.colcon_core.package_identification:Package 'src/isaac_ros_benchmark/benchmarks/isaac_ros_apriltag_benchmark' with type 'ros.ament_cmake' and name 'isaac_ros_apriltag_benchmark'
[0.278s] Level 1:colcon.colcon_core.package_identification:_identify(src/isaac_ros_benchmark/benchmarks/isaac_ros_argus_camera_benchmark) by extensions ['ignore', 'ignore_ament_install']
[0.278s] Level 1:colcon.colcon_core.package_identification:_identify(src/isaac_ros_benchmark/benchmarks/isaac_ros_argus_camera_benchmark) by extension 'ignore'
[0.278s] Level 1:colcon.colcon_core.package_identification:_identify(src/isaac_ros_benchmark/benchmarks/isaac_ros_argus_camera_benchmark) by extension 'ignore_ament_install'
[0.278s] Level 1:colcon.colcon_core.package_identification:_identify(src/isaac_ros_benchmark/benchmarks/isaac_ros_argus_camera_benchmark) by extensions ['colcon_pkg']
[0.278s] Level 1:colcon.colcon_core.package_identification:_identify(src/isaac_ros_benchmark/benchmarks/isaac_ros_argus_camera_benchmark) by extension 'colcon_pkg'
[0.278s] Level 1:colcon.colcon_core.package_identification:_identify(src/isaac_ros_benchmark/benchmarks/isaac_ros_argus_camera_benchmark) by extensions ['colcon_meta']
[0.278s] Level 1:colcon.colcon_core.package_identification:_identify(src/isaac_ros_benchmark/benchmarks/isaac_ros_argus_camera_benchmark) by extension 'colcon_meta'
[0.278s] Level 1:colcon.colcon_core.package_identification:_identify(src/isaac_ros_benchmark/benchmarks/isaac_ros_argus_camera_benchmark) by extensions ['ros']
[0.278s] Level 1:colcon.colcon_core.package_identification:_identify(src/isaac_ros_benchmark/benchmarks/isaac_ros_argus_camera_benchmark) by extension 'ros'
[0.279s] DEBUG:colcon.colcon_core.package_identification:Package 'src/isaac_ros_benchmark/benchmarks/isaac_ros_argus_camera_benchmark' with type 'ros.ament_cmake' and name 'isaac_ros_argus_camera_benchmark'
[0.279s] Level 1:colcon.colcon_core.package_identification:_identify(src/isaac_ros_benchmark/benchmarks/isaac_ros_bi3d_benchmark) by extensions ['ignore', 'ignore_ament_install']
[0.279s] Level 1:colcon.colcon_core.package_identification:_identify(src/isaac_ros_benchmark/benchmarks/isaac_ros_bi3d_benchmark) by extension 'ignore'
[0.279s] Level 1:colcon.colcon_core.package_identification:_identify(src/isaac_ros_benchmark/benchmarks/isaac_ros_bi3d_benchmark) by extension 'ignore_ament_install'
[0.279s] Level 1:colcon.colcon_core.package_identification:_identify(src/isaac_ros_benchmark/benchmarks/isaac_ros_bi3d_benchmark) by extensions ['colcon_pkg']
[0.279s] Level 1:colcon.colcon_core.package_identification:_identify(src/isaac_ros_benchmark/benchmarks/isaac_ros_bi3d_benchmark) by extension 'colcon_pkg'
[0.279s] Level 1:colcon.colcon_core.package_identification:_identify(src/isaac_ros_benchmark/benchmarks/isaac_ros_bi3d_benchmark) by extensions ['colcon_meta']
[0.279s] Level 1:colcon.colcon_core.package_identification:_identify(src/isaac_ros_benchmark/benchmarks/isaac_ros_bi3d_benchmark) by extension 'colcon_meta'
[0.279s] Level 1:colcon.colcon_core.package_identification:_identify(src/isaac_ros_benchmark/benchmarks/isaac_ros_bi3d_benchmark) by extensions ['ros']
[0.279s] Level 1:colcon.colcon_core.package_identification:_identify(src/isaac_ros_benchmark/benchmarks/isaac_ros_bi3d_benchmark) by extension 'ros'
[0.279s] DEBUG:colcon.colcon_core.package_identification:Package 'src/isaac_ros_benchmark/benchmarks/isaac_ros_bi3d_benchmark' with type 'ros.ament_cmake' and name 'isaac_ros_bi3d_benchmark'
[0.280s] Level 1:colcon.colcon_core.package_identification:_identify(src/isaac_ros_benchmark/benchmarks/isaac_ros_bi3d_freespace_benchmark) by extensions ['ignore', 'ignore_ament_install']
[0.280s] Level 1:colcon.colcon_core.package_identification:_identify(src/isaac_ros_benchmark/benchmarks/isaac_ros_bi3d_freespace_benchmark) by extension 'ignore'
[0.280s] Level 1:colcon.colcon_core.package_identification:_identify(src/isaac_ros_benchmark/benchmarks/isaac_ros_bi3d_freespace_benchmark) by extension 'ignore_ament_install'
[0.280s] Level 1:colcon.colcon_core.package_identification:_identify(src/isaac_ros_benchmark/benchmarks/isaac_ros_bi3d_freespace_benchmark) by extensions ['colcon_pkg']
[0.280s] Level 1:colcon.colcon_core.package_identification:_identify(src/isaac_ros_benchmark/benchmarks/isaac_ros_bi3d_freespace_benchmark) by extension 'colcon_pkg'
[0.280s] Level 1:colcon.colcon_core.package_identification:_identify(src/isaac_ros_benchmark/benchmarks/isaac_ros_bi3d_freespace_benchmark) by extensions ['colcon_meta']
[0.280s] Level 1:colcon.colcon_core.package_identification:_identify(src/isaac_ros_benchmark/benchmarks/isaac_ros_bi3d_freespace_benchmark) by extension 'colcon_meta'
[0.280s] Level 1:colcon.colcon_core.package_identification:_identify(src/isaac_ros_benchmark/benchmarks/isaac_ros_bi3d_freespace_benchmark) by extensions ['ros']
[0.280s] Level 1:colcon.colcon_core.package_identification:_identify(src/isaac_ros_benchmark/benchmarks/isaac_ros_bi3d_freespace_benchmark) by extension 'ros'
[0.280s] DEBUG:colcon.colcon_core.package_identification:Package 'src/isaac_ros_benchmark/benchmarks/isaac_ros_bi3d_freespace_benchmark' with type 'ros.ament_cmake' and name 'isaac_ros_bi3d_freespace_benchmark'
[0.280s] Level 1:colcon.colcon_core.package_identification:_identify(src/isaac_ros_benchmark/benchmarks/isaac_ros_centerpose_benchmark) by extensions ['ignore', 'ignore_ament_install']
[0.280s] Level 1:colcon.colcon_core.package_identification:_identify(src/isaac_ros_benchmark/benchmarks/isaac_ros_centerpose_benchmark) by extension 'ignore'
[0.280s] Level 1:colcon.colcon_core.package_identification:_identify(src/isaac_ros_benchmark/benchmarks/isaac_ros_centerpose_benchmark) by extension 'ignore_ament_install'
[0.280s] Level 1:colcon.colcon_core.package_identification:_identify(src/isaac_ros_benchmark/benchmarks/isaac_ros_centerpose_benchmark) by extensions ['colcon_pkg']
[0.280s] Level 1:colcon.colcon_core.package_identification:_identify(src/isaac_ros_benchmark/benchmarks/isaac_ros_centerpose_benchmark) by extension 'colcon_pkg'
[0.280s] Level 1:colcon.colcon_core.package_identification:_identify(src/isaac_ros_benchmark/benchmarks/isaac_ros_centerpose_benchmark) by extensions ['colcon_meta']
[0.281s] Level 1:colcon.colcon_core.package_identification:_identify(src/isaac_ros_benchmark/benchmarks/isaac_ros_centerpose_benchmark) by extension 'colcon_meta'
[0.281s] Level 1:colcon.colcon_core.package_identification:_identify(src/isaac_ros_benchmark/benchmarks/isaac_ros_centerpose_benchmark) by extensions ['ros']
[0.281s] Level 1:colcon.colcon_core.package_identification:_identify(src/isaac_ros_benchmark/benchmarks/isaac_ros_centerpose_benchmark) by extension 'ros'
[0.281s] DEBUG:colcon.colcon_core.package_identification:Package 'src/isaac_ros_benchmark/benchmarks/isaac_ros_centerpose_benchmark' with type 'ros.ament_cmake' and name 'isaac_ros_centerpose_benchmark'
[0.281s] Level 1:colcon.colcon_core.package_identification:_identify(src/isaac_ros_benchmark/benchmarks/isaac_ros_data_recorder_nova_benchmark) by extensions ['ignore', 'ignore_ament_install']
[0.281s] Level 1:colcon.colcon_core.package_identification:_identify(src/isaac_ros_benchmark/benchmarks/isaac_ros_data_recorder_nova_benchmark) by extension 'ignore'
[0.281s] Level 1:colcon.colcon_core.package_identification:_identify(src/isaac_ros_benchmark/benchmarks/isaac_ros_data_recorder_nova_benchmark) by extension 'ignore_ament_install'
[0.281s] Level 1:colcon.colcon_core.package_identification:_identify(src/isaac_ros_benchmark/benchmarks/isaac_ros_data_recorder_nova_benchmark) by extensions ['colcon_pkg']
[0.281s] Level 1:colcon.colcon_core.package_identification:_identify(src/isaac_ros_benchmark/benchmarks/isaac_ros_data_recorder_nova_benchmark) by extension 'colcon_pkg'
[0.281s] Level 1:colcon.colcon_core.package_identification:_identify(src/isaac_ros_benchmark/benchmarks/isaac_ros_data_recorder_nova_benchmark) by extensions ['colcon_meta']
[0.281s] Level 1:colcon.colcon_core.package_identification:_identify(src/isaac_ros_benchmark/benchmarks/isaac_ros_data_recorder_nova_benchmark) by extension 'colcon_meta'
[0.281s] Level 1:colcon.colcon_core.package_identification:_identify(src/isaac_ros_benchmark/benchmarks/isaac_ros_data_recorder_nova_benchmark) by extensions ['ros']
[0.281s] Level 1:colcon.colcon_core.package_identification:_identify(src/isaac_ros_benchmark/benchmarks/isaac_ros_data_recorder_nova_benchmark) by extension 'ros'
[0.282s] DEBUG:colcon.colcon_core.package_identification:Package 'src/isaac_ros_benchmark/benchmarks/isaac_ros_data_recorder_nova_benchmark' with type 'ros.ament_cmake' and name 'isaac_ros_data_recorder_nova_benchmark'
[0.282s] Level 1:colcon.colcon_core.package_identification:_identify(src/isaac_ros_benchmark/benchmarks/isaac_ros_detectnet_benchmark) by extensions ['ignore', 'ignore_ament_install']
[0.282s] Level 1:colcon.colcon_core.package_identification:_identify(src/isaac_ros_benchmark/benchmarks/isaac_ros_detectnet_benchmark) by extension 'ignore'
[0.282s] Level 1:colcon.colcon_core.package_identification:_identify(src/isaac_ros_benchmark/benchmarks/isaac_ros_detectnet_benchmark) by extension 'ignore_ament_install'
[0.282s] Level 1:colcon.colcon_core.package_identification:_identify(src/isaac_ros_benchmark/benchmarks/isaac_ros_detectnet_benchmark) by extensions ['colcon_pkg']
[0.282s] Level 1:colcon.colcon_core.package_identification:_identify(src/isaac_ros_benchmark/benchmarks/isaac_ros_detectnet_benchmark) by extension 'colcon_pkg'
[0.282s] Level 1:colcon.colcon_core.package_identification:_identify(src/isaac_ros_benchmark/benchmarks/isaac_ros_detectnet_benchmark) by extensions ['colcon_meta']
[0.282s] Level 1:colcon.colcon_core.package_identification:_identify(src/isaac_ros_benchmark/benchmarks/isaac_ros_detectnet_benchmark) by extension 'colcon_meta'
[0.282s] Level 1:colcon.colcon_core.package_identification:_identify(src/isaac_ros_benchmark/benchmarks/isaac_ros_detectnet_benchmark) by extensions ['ros']
[0.282s] Level 1:colcon.colcon_core.package_identification:_identify(src/isaac_ros_benchmark/benchmarks/isaac_ros_detectnet_benchmark) by extension 'ros'
[0.283s] DEBUG:colcon.colcon_core.package_identification:Package 'src/isaac_ros_benchmark/benchmarks/isaac_ros_detectnet_benchmark' with type 'ros.ament_cmake' and name 'isaac_ros_detectnet_benchmark'
[0.283s] Level 1:colcon.colcon_core.package_identification:_identify(src/isaac_ros_benchmark/benchmarks/isaac_ros_dnn_image_encoder_benchmark) by extensions ['ignore', 'ignore_ament_install']
[0.283s] Level 1:colcon.colcon_core.package_identification:_identify(src/isaac_ros_benchmark/benchmarks/isaac_ros_dnn_image_encoder_benchmark) by extension 'ignore'
[0.283s] Level 1:colcon.colcon_core.package_identification:_identify(src/isaac_ros_benchmark/benchmarks/isaac_ros_dnn_image_encoder_benchmark) by extension 'ignore_ament_install'
[0.283s] Level 1:colcon.colcon_core.package_identification:_identify(src/isaac_ros_benchmark/benchmarks/isaac_ros_dnn_image_encoder_benchmark) by extensions ['colcon_pkg']
[0.283s] Level 1:colcon.colcon_core.package_identification:_identify(src/isaac_ros_benchmark/benchmarks/isaac_ros_dnn_image_encoder_benchmark) by extension 'colcon_pkg'
[0.283s] Level 1:colcon.colcon_core.package_identification:_identify(src/isaac_ros_benchmark/benchmarks/isaac_ros_dnn_image_encoder_benchmark) by extensions ['colcon_meta']
[0.283s] Level 1:colcon.colcon_core.package_identification:_identify(src/isaac_ros_benchmark/benchmarks/isaac_ros_dnn_image_encoder_benchmark) by extension 'colcon_meta'
[0.283s] Level 1:colcon.colcon_core.package_identification:_identify(src/isaac_ros_benchmark/benchmarks/isaac_ros_dnn_image_encoder_benchmark) by extensions ['ros']
[0.283s] Level 1:colcon.colcon_core.package_identification:_identify(src/isaac_ros_benchmark/benchmarks/isaac_ros_dnn_image_encoder_benchmark) by extension 'ros'
[0.284s] DEBUG:colcon.colcon_core.package_identification:Package 'src/isaac_ros_benchmark/benchmarks/isaac_ros_dnn_image_encoder_benchmark' with type 'ros.ament_cmake' and name 'isaac_ros_dnn_image_encoder_benchmark'
[0.284s] Level 1:colcon.colcon_core.package_identification:_identify(src/isaac_ros_benchmark/benchmarks/isaac_ros_dope_benchmark) by extensions ['ignore', 'ignore_ament_install']
[0.284s] Level 1:colcon.colcon_core.package_identification:_identify(src/isaac_ros_benchmark/benchmarks/isaac_ros_dope_benchmark) by extension 'ignore'
[0.284s] Level 1:colcon.colcon_core.package_identification:_identify(src/isaac_ros_benchmark/benchmarks/isaac_ros_dope_benchmark) by extension 'ignore_ament_install'
[0.284s] Level 1:colcon.colcon_core.package_identification:_identify(src/isaac_ros_benchmark/benchmarks/isaac_ros_dope_benchmark) by extensions ['colcon_pkg']
[0.284s] Level 1:colcon.colcon_core.package_identification:_identify(src/isaac_ros_benchmark/benchmarks/isaac_ros_dope_benchmark) by extension 'colcon_pkg'
[0.284s] Level 1:colcon.colcon_core.package_identification:_identify(src/isaac_ros_benchmark/benchmarks/isaac_ros_dope_benchmark) by extensions ['colcon_meta']
[0.284s] Level 1:colcon.colcon_core.package_identification:_identify(src/isaac_ros_benchmark/benchmarks/isaac_ros_dope_benchmark) by extension 'colcon_meta'
[0.284s] Level 1:colcon.colcon_core.package_identification:_identify(src/isaac_ros_benchmark/benchmarks/isaac_ros_dope_benchmark) by extensions ['ros']
[0.284s] Level 1:colcon.colcon_core.package_identification:_identify(src/isaac_ros_benchmark/benchmarks/isaac_ros_dope_benchmark) by extension 'ros'
[0.284s] DEBUG:colcon.colcon_core.package_identification:Package 'src/isaac_ros_benchmark/benchmarks/isaac_ros_dope_benchmark' with type 'ros.ament_cmake' and name 'isaac_ros_dope_benchmark'
[0.284s] Level 1:colcon.colcon_core.package_identification:_identify(src/isaac_ros_benchmark/benchmarks/isaac_ros_ess_benchmark) by extensions ['ignore', 'ignore_ament_install']
[0.284s] Level 1:colcon.colcon_core.package_identification:_identify(src/isaac_ros_benchmark/benchmarks/isaac_ros_ess_benchmark) by extension 'ignore'
[0.284s] Level 1:colcon.colcon_core.package_identification:_identify(src/isaac_ros_benchmark/benchmarks/isaac_ros_ess_benchmark) by extension 'ignore_ament_install'
[0.285s] Level 1:colcon.colcon_core.package_identification:_identify(src/isaac_ros_benchmark/benchmarks/isaac_ros_ess_benchmark) by extensions ['colcon_pkg']
[0.285s] Level 1:colcon.colcon_core.package_identification:_identify(src/isaac_ros_benchmark/benchmarks/isaac_ros_ess_benchmark) by extension 'colcon_pkg'
[0.285s] Level 1:colcon.colcon_core.package_identification:_identify(src/isaac_ros_benchmark/benchmarks/isaac_ros_ess_benchmark) by extensions ['colcon_meta']
[0.285s] Level 1:colcon.colcon_core.package_identification:_identify(src/isaac_ros_benchmark/benchmarks/isaac_ros_ess_benchmark) by extension 'colcon_meta'
[0.285s] Level 1:colcon.colcon_core.package_identification:_identify(src/isaac_ros_benchmark/benchmarks/isaac_ros_ess_benchmark) by extensions ['ros']
[0.285s] Level 1:colcon.colcon_core.package_identification:_identify(src/isaac_ros_benchmark/benchmarks/isaac_ros_ess_benchmark) by extension 'ros'
[0.285s] DEBUG:colcon.colcon_core.package_identification:Package 'src/isaac_ros_benchmark/benchmarks/isaac_ros_ess_benchmark' with type 'ros.ament_cmake' and name 'isaac_ros_ess_benchmark'
[0.285s] Level 1:colcon.colcon_core.package_identification:_identify(src/isaac_ros_benchmark/benchmarks/isaac_ros_ess_nova_benchmark) by extensions ['ignore', 'ignore_ament_install']
[0.285s] Level 1:colcon.colcon_core.package_identification:_identify(src/isaac_ros_benchmark/benchmarks/isaac_ros_ess_nova_benchmark) by extension 'ignore'
[0.285s] Level 1:colcon.colcon_core.package_identification:_identify(src/isaac_ros_benchmark/benchmarks/isaac_ros_ess_nova_benchmark) by extension 'ignore_ament_install'
[0.285s] Level 1:colcon.colcon_core.package_identification:_identify(src/isaac_ros_benchmark/benchmarks/isaac_ros_ess_nova_benchmark) by extensions ['colcon_pkg']
[0.285s] Level 1:colcon.colcon_core.package_identification:_identify(src/isaac_ros_benchmark/benchmarks/isaac_ros_ess_nova_benchmark) by extension 'colcon_pkg'
[0.285s] Level 1:colcon.colcon_core.package_identification:_identify(src/isaac_ros_benchmark/benchmarks/isaac_ros_ess_nova_benchmark) by extensions ['colcon_meta']
[0.285s] Level 1:colcon.colcon_core.package_identification:_identify(src/isaac_ros_benchmark/benchmarks/isaac_ros_ess_nova_benchmark) by extension 'colcon_meta'
[0.285s] Level 1:colcon.colcon_core.package_identification:_identify(src/isaac_ros_benchmark/benchmarks/isaac_ros_ess_nova_benchmark) by extensions ['ros']
[0.285s] Level 1:colcon.colcon_core.package_identification:_identify(src/isaac_ros_benchmark/benchmarks/isaac_ros_ess_nova_benchmark) by extension 'ros'
[0.286s] DEBUG:colcon.colcon_core.package_identification:Package 'src/isaac_ros_benchmark/benchmarks/isaac_ros_ess_nova_benchmark' with type 'ros.ament_cmake' and name 'isaac_ros_ess_nova_benchmark'
[0.286s] Level 1:colcon.colcon_core.package_identification:_identify(src/isaac_ros_benchmark/benchmarks/isaac_ros_foundationpose_benchmark) by extensions ['ignore', 'ignore_ament_install']
[0.286s] Level 1:colcon.colcon_core.package_identification:_identify(src/isaac_ros_benchmark/benchmarks/isaac_ros_foundationpose_benchmark) by extension 'ignore'
[0.286s] Level 1:colcon.colcon_core.package_identification:_identify(src/isaac_ros_benchmark/benchmarks/isaac_ros_foundationpose_benchmark) by extension 'ignore_ament_install'
[0.286s] Level 1:colcon.colcon_core.package_identification:_identify(src/isaac_ros_benchmark/benchmarks/isaac_ros_foundationpose_benchmark) by extensions ['colcon_pkg']
[0.286s] Level 1:colcon.colcon_core.package_identification:_identify(src/isaac_ros_benchmark/benchmarks/isaac_ros_foundationpose_benchmark) by extension 'colcon_pkg'
[0.286s] Level 1:colcon.colcon_core.package_identification:_identify(src/isaac_ros_benchmark/benchmarks/isaac_ros_foundationpose_benchmark) by extensions ['colcon_meta']
[0.286s] Level 1:colcon.colcon_core.package_identification:_identify(src/isaac_ros_benchmark/benchmarks/isaac_ros_foundationpose_benchmark) by extension 'colcon_meta'
[0.286s] Level 1:colcon.colcon_core.package_identification:_identify(src/isaac_ros_benchmark/benchmarks/isaac_ros_foundationpose_benchmark) by extensions ['ros']
[0.286s] Level 1:colcon.colcon_core.package_identification:_identify(src/isaac_ros_benchmark/benchmarks/isaac_ros_foundationpose_benchmark) by extension 'ros'
[0.287s] DEBUG:colcon.colcon_core.package_identification:Package 'src/isaac_ros_benchmark/benchmarks/isaac_ros_foundationpose_benchmark' with type 'ros.ament_cmake' and name 'isaac_ros_foundationpose_benchmark'
[0.287s] Level 1:colcon.colcon_core.package_identification:_identify(src/isaac_ros_benchmark/benchmarks/isaac_ros_h264_decoder_benchmark) by extensions ['ignore', 'ignore_ament_install']
[0.287s] Level 1:colcon.colcon_core.package_identification:_identify(src/isaac_ros_benchmark/benchmarks/isaac_ros_h264_decoder_benchmark) by extension 'ignore'
[0.287s] Level 1:colcon.colcon_core.package_identification:_identify(src/isaac_ros_benchmark/benchmarks/isaac_ros_h264_decoder_benchmark) by extension 'ignore_ament_install'
[0.287s] Level 1:colcon.colcon_core.package_identification:_identify(src/isaac_ros_benchmark/benchmarks/isaac_ros_h264_decoder_benchmark) by extensions ['colcon_pkg']
[0.287s] Level 1:colcon.colcon_core.package_identification:_identify(src/isaac_ros_benchmark/benchmarks/isaac_ros_h264_decoder_benchmark) by extension 'colcon_pkg'
[0.287s] Level 1:colcon.colcon_core.package_identification:_identify(src/isaac_ros_benchmark/benchmarks/isaac_ros_h264_decoder_benchmark) by extensions ['colcon_meta']
[0.287s] Level 1:colcon.colcon_core.package_identification:_identify(src/isaac_ros_benchmark/benchmarks/isaac_ros_h264_decoder_benchmark) by extension 'colcon_meta'
[0.287s] Level 1:colcon.colcon_core.package_identification:_identify(src/isaac_ros_benchmark/benchmarks/isaac_ros_h264_decoder_benchmark) by extensions ['ros']
[0.287s] Level 1:colcon.colcon_core.package_identification:_identify(src/isaac_ros_benchmark/benchmarks/isaac_ros_h264_decoder_benchmark) by extension 'ros'
[0.288s] DEBUG:colcon.colcon_core.package_identification:Package 'src/isaac_ros_benchmark/benchmarks/isaac_ros_h264_decoder_benchmark' with type 'ros.ament_cmake' and name 'isaac_ros_h264_decoder_benchmark'
[0.288s] Level 1:colcon.colcon_core.package_identification:_identify(src/isaac_ros_benchmark/benchmarks/isaac_ros_h264_encoder_benchmark) by extensions ['ignore', 'ignore_ament_install']
[0.288s] Level 1:colcon.colcon_core.package_identification:_identify(src/isaac_ros_benchmark/benchmarks/isaac_ros_h264_encoder_benchmark) by extension 'ignore'
[0.288s] Level 1:colcon.colcon_core.package_identification:_identify(src/isaac_ros_benchmark/benchmarks/isaac_ros_h264_encoder_benchmark) by extension 'ignore_ament_install'
[0.288s] Level 1:colcon.colcon_core.package_identification:_identify(src/isaac_ros_benchmark/benchmarks/isaac_ros_h264_encoder_benchmark) by extensions ['colcon_pkg']
[0.288s] Level 1:colcon.colcon_core.package_identification:_identify(src/isaac_ros_benchmark/benchmarks/isaac_ros_h264_encoder_benchmark) by extension 'colcon_pkg'
[0.288s] Level 1:colcon.colcon_core.package_identification:_identify(src/isaac_ros_benchmark/benchmarks/isaac_ros_h264_encoder_benchmark) by extensions ['colcon_meta']
[0.288s] Level 1:colcon.colcon_core.package_identification:_identify(src/isaac_ros_benchmark/benchmarks/isaac_ros_h264_encoder_benchmark) by extension 'colcon_meta'
[0.288s] Level 1:colcon.colcon_core.package_identification:_identify(src/isaac_ros_benchmark/benchmarks/isaac_ros_h264_encoder_benchmark) by extensions ['ros']
[0.288s] Level 1:colcon.colcon_core.package_identification:_identify(src/isaac_ros_benchmark/benchmarks/isaac_ros_h264_encoder_benchmark) by extension 'ros'
[0.289s] DEBUG:colcon.colcon_core.package_identification:Package 'src/isaac_ros_benchmark/benchmarks/isaac_ros_h264_encoder_benchmark' with type 'ros.ament_cmake' and name 'isaac_ros_h264_encoder_benchmark'
[0.289s] Level 1:colcon.colcon_core.package_identification:_identify(src/isaac_ros_benchmark/benchmarks/isaac_ros_hawk_nova_benchmark) by extensions ['ignore', 'ignore_ament_install']
[0.289s] Level 1:colcon.colcon_core.package_identification:_identify(src/isaac_ros_benchmark/benchmarks/isaac_ros_hawk_nova_benchmark) by extension 'ignore'
[0.289s] Level 1:colcon.colcon_core.package_identification:_identify(src/isaac_ros_benchmark/benchmarks/isaac_ros_hawk_nova_benchmark) by extension 'ignore_ament_install'
[0.289s] Level 1:colcon.colcon_core.package_identification:_identify(src/isaac_ros_benchmark/benchmarks/isaac_ros_hawk_nova_benchmark) by extensions ['colcon_pkg']
[0.289s] Level 1:colcon.colcon_core.package_identification:_identify(src/isaac_ros_benchmark/benchmarks/isaac_ros_hawk_nova_benchmark) by extension 'colcon_pkg'
[0.289s] Level 1:colcon.colcon_core.package_identification:_identify(src/isaac_ros_benchmark/benchmarks/isaac_ros_hawk_nova_benchmark) by extensions ['colcon_meta']
[0.289s] Level 1:colcon.colcon_core.package_identification:_identify(src/isaac_ros_benchmark/benchmarks/isaac_ros_hawk_nova_benchmark) by extension 'colcon_meta'
[0.289s] Level 1:colcon.colcon_core.package_identification:_identify(src/isaac_ros_benchmark/benchmarks/isaac_ros_hawk_nova_benchmark) by extensions ['ros']
[0.289s] Level 1:colcon.colcon_core.package_identification:_identify(src/isaac_ros_benchmark/benchmarks/isaac_ros_hawk_nova_benchmark) by extension 'ros'
[0.289s] DEBUG:colcon.colcon_core.package_identification:Package 'src/isaac_ros_benchmark/benchmarks/isaac_ros_hawk_nova_benchmark' with type 'ros.ament_cmake' and name 'isaac_ros_hawk_nova_benchmark'
[0.289s] Level 1:colcon.colcon_core.package_identification:_identify(src/isaac_ros_benchmark/benchmarks/isaac_ros_image_proc_benchmark) by extensions ['ignore', 'ignore_ament_install']
[0.290s] Level 1:colcon.colcon_core.package_identification:_identify(src/isaac_ros_benchmark/benchmarks/isaac_ros_image_proc_benchmark) by extension 'ignore'
[0.290s] Level 1:colcon.colcon_core.package_identification:_identify(src/isaac_ros_benchmark/benchmarks/isaac_ros_image_proc_benchmark) by extension 'ignore_ament_install'
[0.290s] Level 1:colcon.colcon_core.package_identification:_identify(src/isaac_ros_benchmark/benchmarks/isaac_ros_image_proc_benchmark) by extensions ['colcon_pkg']
[0.290s] Level 1:colcon.colcon_core.package_identification:_identify(src/isaac_ros_benchmark/benchmarks/isaac_ros_image_proc_benchmark) by extension 'colcon_pkg'
[0.290s] Level 1:colcon.colcon_core.package_identification:_identify(src/isaac_ros_benchmark/benchmarks/isaac_ros_image_proc_benchmark) by extensions ['colcon_meta']
[0.290s] Level 1:colcon.colcon_core.package_identification:_identify(src/isaac_ros_benchmark/benchmarks/isaac_ros_image_proc_benchmark) by extension 'colcon_meta'
[0.290s] Level 1:colcon.colcon_core.package_identification:_identify(src/isaac_ros_benchmark/benchmarks/isaac_ros_image_proc_benchmark) by extensions ['ros']
[0.290s] Level 1:colcon.colcon_core.package_identification:_identify(src/isaac_ros_benchmark/benchmarks/isaac_ros_image_proc_benchmark) by extension 'ros'
[0.290s] DEBUG:colcon.colcon_core.package_identification:Package 'src/isaac_ros_benchmark/benchmarks/isaac_ros_image_proc_benchmark' with type 'ros.ament_cmake' and name 'isaac_ros_image_proc_benchmark'
[0.290s] Level 1:colcon.colcon_core.package_identification:_identify(src/isaac_ros_benchmark/benchmarks/isaac_ros_moveit_benchmark) by extensions ['ignore', 'ignore_ament_install']
[0.290s] Level 1:colcon.colcon_core.package_identification:_identify(src/isaac_ros_benchmark/benchmarks/isaac_ros_moveit_benchmark) by extension 'ignore'
[0.290s] Level 1:colcon.colcon_core.package_identification:_identify(src/isaac_ros_benchmark/benchmarks/isaac_ros_moveit_benchmark) by extension 'ignore_ament_install'
[0.290s] Level 1:colcon.colcon_core.package_identification:_identify(src/isaac_ros_benchmark/benchmarks/isaac_ros_moveit_benchmark) by extensions ['colcon_pkg']
[0.290s] Level 1:colcon.colcon_core.package_identification:_identify(src/isaac_ros_benchmark/benchmarks/isaac_ros_moveit_benchmark) by extension 'colcon_pkg'
[0.290s] Level 1:colcon.colcon_core.package_identification:_identify(src/isaac_ros_benchmark/benchmarks/isaac_ros_moveit_benchmark) by extensions ['colcon_meta']
[0.290s] Level 1:colcon.colcon_core.package_identification:_identify(src/isaac_ros_benchmark/benchmarks/isaac_ros_moveit_benchmark) by extension 'colcon_meta'
[0.290s] Level 1:colcon.colcon_core.package_identification:_identify(src/isaac_ros_benchmark/benchmarks/isaac_ros_moveit_benchmark) by extensions ['ros']
[0.290s] Level 1:colcon.colcon_core.package_identification:_identify(src/isaac_ros_benchmark/benchmarks/isaac_ros_moveit_benchmark) by extension 'ros'
[0.290s] Level 1:colcon.colcon_core.package_identification:_identify(src/isaac_ros_benchmark/benchmarks/isaac_ros_moveit_benchmark) by extensions ['cmake', 'python']
[0.290s] Level 1:colcon.colcon_core.package_identification:_identify(src/isaac_ros_benchmark/benchmarks/isaac_ros_moveit_benchmark) by extension 'cmake'
[0.290s] Level 1:colcon.colcon_core.package_identification:_identify(src/isaac_ros_benchmark/benchmarks/isaac_ros_moveit_benchmark) by extension 'python'
[0.290s] Level 1:colcon.colcon_core.package_identification:_identify(src/isaac_ros_benchmark/benchmarks/isaac_ros_moveit_benchmark) by extensions ['python_setup_py']
[0.290s] Level 1:colcon.colcon_core.package_identification:_identify(src/isaac_ros_benchmark/benchmarks/isaac_ros_moveit_benchmark) by extension 'python_setup_py'
[0.291s] Level 1:colcon.colcon_core.package_identification:_identify(src/isaac_ros_benchmark/benchmarks/isaac_ros_moveit_benchmark/isaac_ros_moveit_benchmark) by extensions ['ignore', 'ignore_ament_install']
[0.291s] Level 1:colcon.colcon_core.package_identification:_identify(src/isaac_ros_benchmark/benchmarks/isaac_ros_moveit_benchmark/isaac_ros_moveit_benchmark) by extension 'ignore'
[0.291s] Level 1:colcon.colcon_core.package_identification:_identify(src/isaac_ros_benchmark/benchmarks/isaac_ros_moveit_benchmark/isaac_ros_moveit_benchmark) by extension 'ignore_ament_install'
[0.291s] Level 1:colcon.colcon_core.package_identification:_identify(src/isaac_ros_benchmark/benchmarks/isaac_ros_moveit_benchmark/isaac_ros_moveit_benchmark) by extensions ['colcon_pkg']
[0.291s] Level 1:colcon.colcon_core.package_identification:_identify(src/isaac_ros_benchmark/benchmarks/isaac_ros_moveit_benchmark/isaac_ros_moveit_benchmark) by extension 'colcon_pkg'
[0.291s] Level 1:colcon.colcon_core.package_identification:_identify(src/isaac_ros_benchmark/benchmarks/isaac_ros_moveit_benchmark/isaac_ros_moveit_benchmark) by extensions ['colcon_meta']
[0.291s] Level 1:colcon.colcon_core.package_identification:_identify(src/isaac_ros_benchmark/benchmarks/isaac_ros_moveit_benchmark/isaac_ros_moveit_benchmark) by extension 'colcon_meta'
[0.291s] Level 1:colcon.colcon_core.package_identification:_identify(src/isaac_ros_benchmark/benchmarks/isaac_ros_moveit_benchmark/isaac_ros_moveit_benchmark) by extensions ['ros']
[0.291s] Level 1:colcon.colcon_core.package_identification:_identify(src/isaac_ros_benchmark/benchmarks/isaac_ros_moveit_benchmark/isaac_ros_moveit_benchmark) by extension 'ros'
[0.291s] DEBUG:colcon.colcon_core.package_identification:Package 'src/isaac_ros_benchmark/benchmarks/isaac_ros_moveit_benchmark/isaac_ros_moveit_benchmark' with type 'ros.ament_cmake' and name 'isaac_ros_moveit_benchmark'
[0.291s] Level 1:colcon.colcon_core.package_identification:_identify(src/isaac_ros_benchmark/benchmarks/isaac_ros_moveit_benchmark/isaac_ros_moveit_robot_benchmark) by extensions ['ignore', 'ignore_ament_install']
[0.291s] Level 1:colcon.colcon_core.package_identification:_identify(src/isaac_ros_benchmark/benchmarks/isaac_ros_moveit_benchmark/isaac_ros_moveit_robot_benchmark) by extension 'ignore'
[0.291s] Level 1:colcon.colcon_core.package_identification:_identify(src/isaac_ros_benchmark/benchmarks/isaac_ros_moveit_benchmark/isaac_ros_moveit_robot_benchmark) by extension 'ignore_ament_install'
[0.291s] Level 1:colcon.colcon_core.package_identification:_identify(src/isaac_ros_benchmark/benchmarks/isaac_ros_moveit_benchmark/isaac_ros_moveit_robot_benchmark) by extensions ['colcon_pkg']
[0.291s] Level 1:colcon.colcon_core.package_identification:_identify(src/isaac_ros_benchmark/benchmarks/isaac_ros_moveit_benchmark/isaac_ros_moveit_robot_benchmark) by extension 'colcon_pkg'
[0.291s] Level 1:colcon.colcon_core.package_identification:_identify(src/isaac_ros_benchmark/benchmarks/isaac_ros_moveit_benchmark/isaac_ros_moveit_robot_benchmark) by extensions ['colcon_meta']
[0.291s] Level 1:colcon.colcon_core.package_identification:_identify(src/isaac_ros_benchmark/benchmarks/isaac_ros_moveit_benchmark/isaac_ros_moveit_robot_benchmark) by extension 'colcon_meta'
[0.291s] Level 1:colcon.colcon_core.package_identification:_identify(src/isaac_ros_benchmark/benchmarks/isaac_ros_moveit_benchmark/isaac_ros_moveit_robot_benchmark) by extensions ['ros']
[0.291s] Level 1:colcon.colcon_core.package_identification:_identify(src/isaac_ros_benchmark/benchmarks/isaac_ros_moveit_benchmark/isaac_ros_moveit_robot_benchmark) by extension 'ros'
[0.292s] Level 1:colcon.colcon_core.package_identification:_identify(src/isaac_ros_benchmark/benchmarks/isaac_ros_moveit_benchmark/isaac_ros_moveit_robot_benchmark) by extensions ['cmake', 'python']
[0.292s] Level 1:colcon.colcon_core.package_identification:_identify(src/isaac_ros_benchmark/benchmarks/isaac_ros_moveit_benchmark/isaac_ros_moveit_robot_benchmark) by extension 'cmake'
[0.292s] Level 1:colcon.colcon_core.package_identification:_identify(src/isaac_ros_benchmark/benchmarks/isaac_ros_moveit_benchmark/isaac_ros_moveit_robot_benchmark) by extension 'python'
[0.292s] Level 1:colcon.colcon_core.package_identification:_identify(src/isaac_ros_benchmark/benchmarks/isaac_ros_moveit_benchmark/isaac_ros_moveit_robot_benchmark) by extensions ['python_setup_py']
[0.292s] Level 1:colcon.colcon_core.package_identification:_identify(src/isaac_ros_benchmark/benchmarks/isaac_ros_moveit_benchmark/isaac_ros_moveit_robot_benchmark) by extension 'python_setup_py'
[0.292s] Level 1:colcon.colcon_core.package_identification:_identify(src/isaac_ros_benchmark/benchmarks/isaac_ros_moveit_benchmark/isaac_ros_moveit_robot_benchmark/franka) by extensions ['ignore', 'ignore_ament_install']
[0.292s] Level 1:colcon.colcon_core.package_identification:_identify(src/isaac_ros_benchmark/benchmarks/isaac_ros_moveit_benchmark/isaac_ros_moveit_robot_benchmark/franka) by extension 'ignore'
[0.292s] Level 1:colcon.colcon_core.package_identification:_identify(src/isaac_ros_benchmark/benchmarks/isaac_ros_moveit_benchmark/isaac_ros_moveit_robot_benchmark/franka) by extension 'ignore_ament_install'
[0.292s] Level 1:colcon.colcon_core.package_identification:_identify(src/isaac_ros_benchmark/benchmarks/isaac_ros_moveit_benchmark/isaac_ros_moveit_robot_benchmark/franka) by extensions ['colcon_pkg']
[0.292s] Level 1:colcon.colcon_core.package_identification:_identify(src/isaac_ros_benchmark/benchmarks/isaac_ros_moveit_benchmark/isaac_ros_moveit_robot_benchmark/franka) by extension 'colcon_pkg'
[0.292s] Level 1:colcon.colcon_core.package_identification:_identify(src/isaac_ros_benchmark/benchmarks/isaac_ros_moveit_benchmark/isaac_ros_moveit_robot_benchmark/franka) by extensions ['colcon_meta']
[0.292s] Level 1:colcon.colcon_core.package_identification:_identify(src/isaac_ros_benchmark/benchmarks/isaac_ros_moveit_benchmark/isaac_ros_moveit_robot_benchmark/franka) by extension 'colcon_meta'
[0.292s] Level 1:colcon.colcon_core.package_identification:_identify(src/isaac_ros_benchmark/benchmarks/isaac_ros_moveit_benchmark/isaac_ros_moveit_robot_benchmark/franka) by extensions ['ros']
[0.292s] Level 1:colcon.colcon_core.package_identification:_identify(src/isaac_ros_benchmark/benchmarks/isaac_ros_moveit_benchmark/isaac_ros_moveit_robot_benchmark/franka) by extension 'ros'
[0.292s] Level 1:colcon.colcon_core.package_identification:_identify(src/isaac_ros_benchmark/benchmarks/isaac_ros_moveit_benchmark/isaac_ros_moveit_robot_benchmark/franka) by extensions ['cmake', 'python']
[0.292s] Level 1:colcon.colcon_core.package_identification:_identify(src/isaac_ros_benchmark/benchmarks/isaac_ros_moveit_benchmark/isaac_ros_moveit_robot_benchmark/franka) by extension 'cmake'
[0.292s] Level 1:colcon.colcon_core.package_identification:_identify(src/isaac_ros_benchmark/benchmarks/isaac_ros_moveit_benchmark/isaac_ros_moveit_robot_benchmark/franka) by extension 'python'
[0.292s] Level 1:colcon.colcon_core.package_identification:_identify(src/isaac_ros_benchmark/benchmarks/isaac_ros_moveit_benchmark/isaac_ros_moveit_robot_benchmark/franka) by extensions ['python_setup_py']
[0.292s] Level 1:colcon.colcon_core.package_identification:_identify(src/isaac_ros_benchmark/benchmarks/isaac_ros_moveit_benchmark/isaac_ros_moveit_robot_benchmark/franka) by extension 'python_setup_py'
[0.292s] Level 1:colcon.colcon_core.package_identification:_identify(src/isaac_ros_benchmark/benchmarks/isaac_ros_moveit_benchmark/isaac_ros_moveit_robot_benchmark/franka/isaac_ros_franka_cumotion_benchmark) by extensions ['ignore', 'ignore_ament_install']
[0.292s] Level 1:colcon.colcon_core.package_identification:_identify(src/isaac_ros_benchmark/benchmarks/isaac_ros_moveit_benchmark/isaac_ros_moveit_robot_benchmark/franka/isaac_ros_franka_cumotion_benchmark) by extension 'ignore'
[0.292s] Level 1:colcon.colcon_core.package_identification:_identify(src/isaac_ros_benchmark/benchmarks/isaac_ros_moveit_benchmark/isaac_ros_moveit_robot_benchmark/franka/isaac_ros_franka_cumotion_benchmark) by extension 'ignore_ament_install'
[0.292s] Level 1:colcon.colcon_core.package_identification:_identify(src/isaac_ros_benchmark/benchmarks/isaac_ros_moveit_benchmark/isaac_ros_moveit_robot_benchmark/franka/isaac_ros_franka_cumotion_benchmark) by extensions ['colcon_pkg']
[0.292s] Level 1:colcon.colcon_core.package_identification:_identify(src/isaac_ros_benchmark/benchmarks/isaac_ros_moveit_benchmark/isaac_ros_moveit_robot_benchmark/franka/isaac_ros_franka_cumotion_benchmark) by extension 'colcon_pkg'
[0.292s] Level 1:colcon.colcon_core.package_identification:_identify(src/isaac_ros_benchmark/benchmarks/isaac_ros_moveit_benchmark/isaac_ros_moveit_robot_benchmark/franka/isaac_ros_franka_cumotion_benchmark) by extensions ['colcon_meta']
[0.292s] Level 1:colcon.colcon_core.package_identification:_identify(src/isaac_ros_benchmark/benchmarks/isaac_ros_moveit_benchmark/isaac_ros_moveit_robot_benchmark/franka/isaac_ros_franka_cumotion_benchmark) by extension 'colcon_meta'
[0.292s] Level 1:colcon.colcon_core.package_identification:_identify(src/isaac_ros_benchmark/benchmarks/isaac_ros_moveit_benchmark/isaac_ros_moveit_robot_benchmark/franka/isaac_ros_franka_cumotion_benchmark) by extensions ['ros']
[0.292s] Level 1:colcon.colcon_core.package_identification:_identify(src/isaac_ros_benchmark/benchmarks/isaac_ros_moveit_benchmark/isaac_ros_moveit_robot_benchmark/franka/isaac_ros_franka_cumotion_benchmark) by extension 'ros'
[0.293s] DEBUG:colcon.colcon_core.package_identification:Package 'src/isaac_ros_benchmark/benchmarks/isaac_ros_moveit_benchmark/isaac_ros_moveit_robot_benchmark/franka/isaac_ros_franka_cumotion_benchmark' with type 'ros.ament_cmake' and name 'isaac_ros_franka_cumotion_benchmark'
[0.293s] Level 1:colcon.colcon_core.package_identification:_identify(src/isaac_ros_benchmark/benchmarks/isaac_ros_moveit_benchmark/isaac_ros_moveit_robot_benchmark/franka/isaac_ros_franka_ompl_benchmark) by extensions ['ignore', 'ignore_ament_install']
[0.293s] Level 1:colcon.colcon_core.package_identification:_identify(src/isaac_ros_benchmark/benchmarks/isaac_ros_moveit_benchmark/isaac_ros_moveit_robot_benchmark/franka/isaac_ros_franka_ompl_benchmark) by extension 'ignore'
[0.293s] Level 1:colcon.colcon_core.package_identification:_identify(src/isaac_ros_benchmark/benchmarks/isaac_ros_moveit_benchmark/isaac_ros_moveit_robot_benchmark/franka/isaac_ros_franka_ompl_benchmark) by extension 'ignore_ament_install'
[0.293s] Level 1:colcon.colcon_core.package_identification:_identify(src/isaac_ros_benchmark/benchmarks/isaac_ros_moveit_benchmark/isaac_ros_moveit_robot_benchmark/franka/isaac_ros_franka_ompl_benchmark) by extensions ['colcon_pkg']
[0.293s] Level 1:colcon.colcon_core.package_identification:_identify(src/isaac_ros_benchmark/benchmarks/isaac_ros_moveit_benchmark/isaac_ros_moveit_robot_benchmark/franka/isaac_ros_franka_ompl_benchmark) by extension 'colcon_pkg'
[0.293s] Level 1:colcon.colcon_core.package_identification:_identify(src/isaac_ros_benchmark/benchmarks/isaac_ros_moveit_benchmark/isaac_ros_moveit_robot_benchmark/franka/isaac_ros_franka_ompl_benchmark) by extensions ['colcon_meta']
[0.293s] Level 1:colcon.colcon_core.package_identification:_identify(src/isaac_ros_benchmark/benchmarks/isaac_ros_moveit_benchmark/isaac_ros_moveit_robot_benchmark/franka/isaac_ros_franka_ompl_benchmark) by extension 'colcon_meta'
[0.293s] Level 1:colcon.colcon_core.package_identification:_identify(src/isaac_ros_benchmark/benchmarks/isaac_ros_moveit_benchmark/isaac_ros_moveit_robot_benchmark/franka/isaac_ros_franka_ompl_benchmark) by extensions ['ros']
[0.293s] Level 1:colcon.colcon_core.package_identification:_identify(src/isaac_ros_benchmark/benchmarks/isaac_ros_moveit_benchmark/isaac_ros_moveit_robot_benchmark/franka/isaac_ros_franka_ompl_benchmark) by extension 'ros'
[0.293s] DEBUG:colcon.colcon_core.package_identification:Package 'src/isaac_ros_benchmark/benchmarks/isaac_ros_moveit_benchmark/isaac_ros_moveit_robot_benchmark/franka/isaac_ros_franka_ompl_benchmark' with type 'ros.ament_cmake' and name 'isaac_ros_franka_ompl_benchmark'
[0.293s] Level 1:colcon.colcon_core.package_identification:_identify(src/isaac_ros_benchmark/benchmarks/isaac_ros_moveit_benchmark/isaac_ros_moveit_robot_benchmark/ur5) by extensions ['ignore', 'ignore_ament_install']
[0.293s] Level 1:colcon.colcon_core.package_identification:_identify(src/isaac_ros_benchmark/benchmarks/isaac_ros_moveit_benchmark/isaac_ros_moveit_robot_benchmark/ur5) by extension 'ignore'
[0.294s] Level 1:colcon.colcon_core.package_identification:_identify(src/isaac_ros_benchmark/benchmarks/isaac_ros_moveit_benchmark/isaac_ros_moveit_robot_benchmark/ur5) by extension 'ignore_ament_install'
[0.294s] Level 1:colcon.colcon_core.package_identification:_identify(src/isaac_ros_benchmark/benchmarks/isaac_ros_moveit_benchmark/isaac_ros_moveit_robot_benchmark/ur5) by extensions ['colcon_pkg']
[0.294s] Level 1:colcon.colcon_core.package_identification:_identify(src/isaac_ros_benchmark/benchmarks/isaac_ros_moveit_benchmark/isaac_ros_moveit_robot_benchmark/ur5) by extension 'colcon_pkg'
[0.294s] Level 1:colcon.colcon_core.package_identification:_identify(src/isaac_ros_benchmark/benchmarks/isaac_ros_moveit_benchmark/isaac_ros_moveit_robot_benchmark/ur5) by extensions ['colcon_meta']
[0.294s] Level 1:colcon.colcon_core.package_identification:_identify(src/isaac_ros_benchmark/benchmarks/isaac_ros_moveit_benchmark/isaac_ros_moveit_robot_benchmark/ur5) by extension 'colcon_meta'
[0.294s] Level 1:colcon.colcon_core.package_identification:_identify(src/isaac_ros_benchmark/benchmarks/isaac_ros_moveit_benchmark/isaac_ros_moveit_robot_benchmark/ur5) by extensions ['ros']
[0.294s] Level 1:colcon.colcon_core.package_identification:_identify(src/isaac_ros_benchmark/benchmarks/isaac_ros_moveit_benchmark/isaac_ros_moveit_robot_benchmark/ur5) by extension 'ros'
[0.294s] Level 1:colcon.colcon_core.package_identification:_identify(src/isaac_ros_benchmark/benchmarks/isaac_ros_moveit_benchmark/isaac_ros_moveit_robot_benchmark/ur5) by extensions ['cmake', 'python']
[0.294s] Level 1:colcon.colcon_core.package_identification:_identify(src/isaac_ros_benchmark/benchmarks/isaac_ros_moveit_benchmark/isaac_ros_moveit_robot_benchmark/ur5) by extension 'cmake'
[0.294s] Level 1:colcon.colcon_core.package_identification:_identify(src/isaac_ros_benchmark/benchmarks/isaac_ros_moveit_benchmark/isaac_ros_moveit_robot_benchmark/ur5) by extension 'python'
[0.294s] Level 1:colcon.colcon_core.package_identification:_identify(src/isaac_ros_benchmark/benchmarks/isaac_ros_moveit_benchmark/isaac_ros_moveit_robot_benchmark/ur5) by extensions ['python_setup_py']
[0.294s] Level 1:colcon.colcon_core.package_identification:_identify(src/isaac_ros_benchmark/benchmarks/isaac_ros_moveit_benchmark/isaac_ros_moveit_robot_benchmark/ur5) by extension 'python_setup_py'
[0.294s] Level 1:colcon.colcon_core.package_identification:_identify(src/isaac_ros_benchmark/benchmarks/isaac_ros_moveit_benchmark/isaac_ros_moveit_robot_benchmark/ur5/isaac_ros_ur5_cumotion_benchmark) by extensions ['ignore', 'ignore_ament_install']
[0.294s] Level 1:colcon.colcon_core.package_identification:_identify(src/isaac_ros_benchmark/benchmarks/isaac_ros_moveit_benchmark/isaac_ros_moveit_robot_benchmark/ur5/isaac_ros_ur5_cumotion_benchmark) by extension 'ignore'
[0.294s] Level 1:colcon.colcon_core.package_identification:_identify(src/isaac_ros_benchmark/benchmarks/isaac_ros_moveit_benchmark/isaac_ros_moveit_robot_benchmark/ur5/isaac_ros_ur5_cumotion_benchmark) by extension 'ignore_ament_install'
[0.294s] Level 1:colcon.colcon_core.package_identification:_identify(src/isaac_ros_benchmark/benchmarks/isaac_ros_moveit_benchmark/isaac_ros_moveit_robot_benchmark/ur5/isaac_ros_ur5_cumotion_benchmark) by extensions ['colcon_pkg']
[0.294s] Level 1:colcon.colcon_core.package_identification:_identify(src/isaac_ros_benchmark/benchmarks/isaac_ros_moveit_benchmark/isaac_ros_moveit_robot_benchmark/ur5/isaac_ros_ur5_cumotion_benchmark) by extension 'colcon_pkg'
[0.294s] Level 1:colcon.colcon_core.package_identification:_identify(src/isaac_ros_benchmark/benchmarks/isaac_ros_moveit_benchmark/isaac_ros_moveit_robot_benchmark/ur5/isaac_ros_ur5_cumotion_benchmark) by extensions ['colcon_meta']
[0.294s] Level 1:colcon.colcon_core.package_identification:_identify(src/isaac_ros_benchmark/benchmarks/isaac_ros_moveit_benchmark/isaac_ros_moveit_robot_benchmark/ur5/isaac_ros_ur5_cumotion_benchmark) by extension 'colcon_meta'
[0.294s] Level 1:colcon.colcon_core.package_identification:_identify(src/isaac_ros_benchmark/benchmarks/isaac_ros_moveit_benchmark/isaac_ros_moveit_robot_benchmark/ur5/isaac_ros_ur5_cumotion_benchmark) by extensions ['ros']
[0.294s] Level 1:colcon.colcon_core.package_identification:_identify(src/isaac_ros_benchmark/benchmarks/isaac_ros_moveit_benchmark/isaac_ros_moveit_robot_benchmark/ur5/isaac_ros_ur5_cumotion_benchmark) by extension 'ros'
[0.295s] DEBUG:colcon.colcon_core.package_identification:Package 'src/isaac_ros_benchmark/benchmarks/isaac_ros_moveit_benchmark/isaac_ros_moveit_robot_benchmark/ur5/isaac_ros_ur5_cumotion_benchmark' with type 'ros.ament_cmake' and name 'isaac_ros_ur5_cumotion_benchmark'
[0.295s] Level 1:colcon.colcon_core.package_identification:_identify(src/isaac_ros_benchmark/benchmarks/isaac_ros_moveit_benchmark/isaac_ros_moveit_robot_benchmark/ur5/isaac_ros_ur5_ompl_benchmark) by extensions ['ignore', 'ignore_ament_install']
[0.295s] Level 1:colcon.colcon_core.package_identification:_identify(src/isaac_ros_benchmark/benchmarks/isaac_ros_moveit_benchmark/isaac_ros_moveit_robot_benchmark/ur5/isaac_ros_ur5_ompl_benchmark) by extension 'ignore'
[0.295s] Level 1:colcon.colcon_core.package_identification:_identify(src/isaac_ros_benchmark/benchmarks/isaac_ros_moveit_benchmark/isaac_ros_moveit_robot_benchmark/ur5/isaac_ros_ur5_ompl_benchmark) by extension 'ignore_ament_install'
[0.295s] Level 1:colcon.colcon_core.package_identification:_identify(src/isaac_ros_benchmark/benchmarks/isaac_ros_moveit_benchmark/isaac_ros_moveit_robot_benchmark/ur5/isaac_ros_ur5_ompl_benchmark) by extensions ['colcon_pkg']
[0.295s] Level 1:colcon.colcon_core.package_identification:_identify(src/isaac_ros_benchmark/benchmarks/isaac_ros_moveit_benchmark/isaac_ros_moveit_robot_benchmark/ur5/isaac_ros_ur5_ompl_benchmark) by extension 'colcon_pkg'
[0.295s] Level 1:colcon.colcon_core.package_identification:_identify(src/isaac_ros_benchmark/benchmarks/isaac_ros_moveit_benchmark/isaac_ros_moveit_robot_benchmark/ur5/isaac_ros_ur5_ompl_benchmark) by extensions ['colcon_meta']
[0.295s] Level 1:colcon.colcon_core.package_identification:_identify(src/isaac_ros_benchmark/benchmarks/isaac_ros_moveit_benchmark/isaac_ros_moveit_robot_benchmark/ur5/isaac_ros_ur5_ompl_benchmark) by extension 'colcon_meta'
[0.295s] Level 1:colcon.colcon_core.package_identification:_identify(src/isaac_ros_benchmark/benchmarks/isaac_ros_moveit_benchmark/isaac_ros_moveit_robot_benchmark/ur5/isaac_ros_ur5_ompl_benchmark) by extensions ['ros']
[0.295s] Level 1:colcon.colcon_core.package_identification:_identify(src/isaac_ros_benchmark/benchmarks/isaac_ros_moveit_benchmark/isaac_ros_moveit_robot_benchmark/ur5/isaac_ros_ur5_ompl_benchmark) by extension 'ros'
[0.295s] DEBUG:colcon.colcon_core.package_identification:Package 'src/isaac_ros_benchmark/benchmarks/isaac_ros_moveit_benchmark/isaac_ros_moveit_robot_benchmark/ur5/isaac_ros_ur5_ompl_benchmark' with type 'ros.ament_cmake' and name 'isaac_ros_ur5_ompl_benchmark'
[0.295s] Level 1:colcon.colcon_core.package_identification:_identify(src/isaac_ros_benchmark/benchmarks/isaac_ros_moveit_benchmark/robot_configs) by extensions ['ignore', 'ignore_ament_install']
[0.295s] Level 1:colcon.colcon_core.package_identification:_identify(src/isaac_ros_benchmark/benchmarks/isaac_ros_moveit_benchmark/robot_configs) by extension 'ignore'
[0.296s] Level 1:colcon.colcon_core.package_identification:_identify(src/isaac_ros_benchmark/benchmarks/isaac_ros_moveit_benchmark/robot_configs) by extension 'ignore_ament_install'
[0.296s] Level 1:colcon.colcon_core.package_identification:_identify(src/isaac_ros_benchmark/benchmarks/isaac_ros_moveit_benchmark/robot_configs) by extensions ['colcon_pkg']
[0.296s] Level 1:colcon.colcon_core.package_identification:_identify(src/isaac_ros_benchmark/benchmarks/isaac_ros_moveit_benchmark/robot_configs) by extension 'colcon_pkg'
[0.296s] Level 1:colcon.colcon_core.package_identification:_identify(src/isaac_ros_benchmark/benchmarks/isaac_ros_moveit_benchmark/robot_configs) by extensions ['colcon_meta']
[0.296s] Level 1:colcon.colcon_core.package_identification:_identify(src/isaac_ros_benchmark/benchmarks/isaac_ros_moveit_benchmark/robot_configs) by extension 'colcon_meta'
[0.296s] Level 1:colcon.colcon_core.package_identification:_identify(src/isaac_ros_benchmark/benchmarks/isaac_ros_moveit_benchmark/robot_configs) by extensions ['ros']
[0.296s] Level 1:colcon.colcon_core.package_identification:_identify(src/isaac_ros_benchmark/benchmarks/isaac_ros_moveit_benchmark/robot_configs) by extension 'ros'
[0.296s] Level 1:colcon.colcon_core.package_identification:_identify(src/isaac_ros_benchmark/benchmarks/isaac_ros_moveit_benchmark/robot_configs) by extensions ['cmake', 'python']
[0.296s] Level 1:colcon.colcon_core.package_identification:_identify(src/isaac_ros_benchmark/benchmarks/isaac_ros_moveit_benchmark/robot_configs) by extension 'cmake'
[0.296s] Level 1:colcon.colcon_core.package_identification:_identify(src/isaac_ros_benchmark/benchmarks/isaac_ros_moveit_benchmark/robot_configs) by extension 'python'
[0.296s] Level 1:colcon.colcon_core.package_identification:_identify(src/isaac_ros_benchmark/benchmarks/isaac_ros_moveit_benchmark/robot_configs) by extensions ['python_setup_py']
[0.296s] Level 1:colcon.colcon_core.package_identification:_identify(src/isaac_ros_benchmark/benchmarks/isaac_ros_moveit_benchmark/robot_configs) by extension 'python_setup_py'
[0.296s] Level 1:colcon.colcon_core.package_identification:_identify(src/isaac_ros_benchmark/benchmarks/isaac_ros_moveit_benchmark/robot_configs/ur5_gripper_moveit_config) by extensions ['ignore', 'ignore_ament_install']
[0.296s] Level 1:colcon.colcon_core.package_identification:_identify(src/isaac_ros_benchmark/benchmarks/isaac_ros_moveit_benchmark/robot_configs/ur5_gripper_moveit_config) by extension 'ignore'
[0.296s] Level 1:colcon.colcon_core.package_identification:_identify(src/isaac_ros_benchmark/benchmarks/isaac_ros_moveit_benchmark/robot_configs/ur5_gripper_moveit_config) by extension 'ignore_ament_install'
[0.296s] Level 1:colcon.colcon_core.package_identification:_identify(src/isaac_ros_benchmark/benchmarks/isaac_ros_moveit_benchmark/robot_configs/ur5_gripper_moveit_config) by extensions ['colcon_pkg']
[0.296s] Level 1:colcon.colcon_core.package_identification:_identify(src/isaac_ros_benchmark/benchmarks/isaac_ros_moveit_benchmark/robot_configs/ur5_gripper_moveit_config) by extension 'colcon_pkg'
[0.296s] Level 1:colcon.colcon_core.package_identification:_identify(src/isaac_ros_benchmark/benchmarks/isaac_ros_moveit_benchmark/robot_configs/ur5_gripper_moveit_config) by extensions ['colcon_meta']
[0.296s] Level 1:colcon.colcon_core.package_identification:_identify(src/isaac_ros_benchmark/benchmarks/isaac_ros_moveit_benchmark/robot_configs/ur5_gripper_moveit_config) by extension 'colcon_meta'
[0.296s] Level 1:colcon.colcon_core.package_identification:_identify(src/isaac_ros_benchmark/benchmarks/isaac_ros_moveit_benchmark/robot_configs/ur5_gripper_moveit_config) by extensions ['ros']
[0.296s] Level 1:colcon.colcon_core.package_identification:_identify(src/isaac_ros_benchmark/benchmarks/isaac_ros_moveit_benchmark/robot_configs/ur5_gripper_moveit_config) by extension 'ros'
[0.296s] DEBUG:colcon.colcon_core.package_identification:Package 'src/isaac_ros_benchmark/benchmarks/isaac_ros_moveit_benchmark/robot_configs/ur5_gripper_moveit_config' with type 'ros.ament_cmake' and name 'ur5_gripper_moveit_config'
[0.296s] Level 1:colcon.colcon_core.package_identification:_identify(src/isaac_ros_benchmark/benchmarks/isaac_ros_moveit_benchmark/robot_descriptions) by extensions ['ignore', 'ignore_ament_install']
[0.296s] Level 1:colcon.colcon_core.package_identification:_identify(src/isaac_ros_benchmark/benchmarks/isaac_ros_moveit_benchmark/robot_descriptions) by extension 'ignore'
[0.297s] Level 1:colcon.colcon_core.package_identification:_identify(src/isaac_ros_benchmark/benchmarks/isaac_ros_moveit_benchmark/robot_descriptions) by extension 'ignore_ament_install'
[0.297s] Level 1:colcon.colcon_core.package_identification:_identify(src/isaac_ros_benchmark/benchmarks/isaac_ros_moveit_benchmark/robot_descriptions) by extensions ['colcon_pkg']
[0.297s] Level 1:colcon.colcon_core.package_identification:_identify(src/isaac_ros_benchmark/benchmarks/isaac_ros_moveit_benchmark/robot_descriptions) by extension 'colcon_pkg'
[0.297s] Level 1:colcon.colcon_core.package_identification:_identify(src/isaac_ros_benchmark/benchmarks/isaac_ros_moveit_benchmark/robot_descriptions) by extensions ['colcon_meta']
[0.297s] Level 1:colcon.colcon_core.package_identification:_identify(src/isaac_ros_benchmark/benchmarks/isaac_ros_moveit_benchmark/robot_descriptions) by extension 'colcon_meta'
[0.297s] Level 1:colcon.colcon_core.package_identification:_identify(src/isaac_ros_benchmark/benchmarks/isaac_ros_moveit_benchmark/robot_descriptions) by extensions ['ros']
[0.297s] Level 1:colcon.colcon_core.package_identification:_identify(src/isaac_ros_benchmark/benchmarks/isaac_ros_moveit_benchmark/robot_descriptions) by extension 'ros'
[0.297s] Level 1:colcon.colcon_core.package_identification:_identify(src/isaac_ros_benchmark/benchmarks/isaac_ros_moveit_benchmark/robot_descriptions) by extensions ['cmake', 'python']
[0.297s] Level 1:colcon.colcon_core.package_identification:_identify(src/isaac_ros_benchmark/benchmarks/isaac_ros_moveit_benchmark/robot_descriptions) by extension 'cmake'
[0.297s] Level 1:colcon.colcon_core.package_identification:_identify(src/isaac_ros_benchmark/benchmarks/isaac_ros_moveit_benchmark/robot_descriptions) by extension 'python'
[0.297s] Level 1:colcon.colcon_core.package_identification:_identify(src/isaac_ros_benchmark/benchmarks/isaac_ros_moveit_benchmark/robot_descriptions) by extensions ['python_setup_py']
[0.297s] Level 1:colcon.colcon_core.package_identification:_identify(src/isaac_ros_benchmark/benchmarks/isaac_ros_moveit_benchmark/robot_descriptions) by extension 'python_setup_py'
[0.297s] Level 1:colcon.colcon_core.package_identification:_identify(src/isaac_ros_benchmark/benchmarks/isaac_ros_moveit_benchmark/robot_descriptions/ur5_robotiq_85_description) by extensions ['ignore', 'ignore_ament_install']
[0.297s] Level 1:colcon.colcon_core.package_identification:_identify(src/isaac_ros_benchmark/benchmarks/isaac_ros_moveit_benchmark/robot_descriptions/ur5_robotiq_85_description) by extension 'ignore'
[0.297s] Level 1:colcon.colcon_core.package_identification:_identify(src/isaac_ros_benchmark/benchmarks/isaac_ros_moveit_benchmark/robot_descriptions/ur5_robotiq_85_description) by extension 'ignore_ament_install'
[0.297s] Level 1:colcon.colcon_core.package_identification:_identify(src/isaac_ros_benchmark/benchmarks/isaac_ros_moveit_benchmark/robot_descriptions/ur5_robotiq_85_description) by extensions ['colcon_pkg']
[0.297s] Level 1:colcon.colcon_core.package_identification:_identify(src/isaac_ros_benchmark/benchmarks/isaac_ros_moveit_benchmark/robot_descriptions/ur5_robotiq_85_description) by extension 'colcon_pkg'
[0.297s] Level 1:colcon.colcon_core.package_identification:_identify(src/isaac_ros_benchmark/benchmarks/isaac_ros_moveit_benchmark/robot_descriptions/ur5_robotiq_85_description) by extensions ['colcon_meta']
[0.297s] Level 1:colcon.colcon_core.package_identification:_identify(src/isaac_ros_benchmark/benchmarks/isaac_ros_moveit_benchmark/robot_descriptions/ur5_robotiq_85_description) by extension 'colcon_meta'
[0.297s] Level 1:colcon.colcon_core.package_identification:_identify(src/isaac_ros_benchmark/benchmarks/isaac_ros_moveit_benchmark/robot_descriptions/ur5_robotiq_85_description) by extensions ['ros']
[0.297s] Level 1:colcon.colcon_core.package_identification:_identify(src/isaac_ros_benchmark/benchmarks/isaac_ros_moveit_benchmark/robot_descriptions/ur5_robotiq_85_description) by extension 'ros'
[0.297s] DEBUG:colcon.colcon_core.package_identification:Package 'src/isaac_ros_benchmark/benchmarks/isaac_ros_moveit_benchmark/robot_descriptions/ur5_robotiq_85_description' with type 'ros.ament_cmake' and name 'ur5_robotiq_85_description'
[0.298s] Level 1:colcon.colcon_core.package_identification:_identify(src/isaac_ros_benchmark/benchmarks/isaac_ros_nitros_bridge_benchmark) by extensions ['ignore', 'ignore_ament_install']
[0.298s] Level 1:colcon.colcon_core.package_identification:_identify(src/isaac_ros_benchmark/benchmarks/isaac_ros_nitros_bridge_benchmark) by extension 'ignore'
[0.298s] Level 1:colcon.colcon_core.package_identification:_identify(src/isaac_ros_benchmark/benchmarks/isaac_ros_nitros_bridge_benchmark) by extension 'ignore_ament_install'
[0.298s] Level 1:colcon.colcon_core.package_identification:_identify(src/isaac_ros_benchmark/benchmarks/isaac_ros_nitros_bridge_benchmark) by extensions ['colcon_pkg']
[0.298s] Level 1:colcon.colcon_core.package_identification:_identify(src/isaac_ros_benchmark/benchmarks/isaac_ros_nitros_bridge_benchmark) by extension 'colcon_pkg'
[0.298s] Level 1:colcon.colcon_core.package_identification:_identify(src/isaac_ros_benchmark/benchmarks/isaac_ros_nitros_bridge_benchmark) by extensions ['colcon_meta']
[0.298s] Level 1:colcon.colcon_core.package_identification:_identify(src/isaac_ros_benchmark/benchmarks/isaac_ros_nitros_bridge_benchmark) by extension 'colcon_meta'
[0.298s] Level 1:colcon.colcon_core.package_identification:_identify(src/isaac_ros_benchmark/benchmarks/isaac_ros_nitros_bridge_benchmark) by extensions ['ros']
[0.298s] Level 1:colcon.colcon_core.package_identification:_identify(src/isaac_ros_benchmark/benchmarks/isaac_ros_nitros_bridge_benchmark) by extension 'ros'
[0.298s] DEBUG:colcon.colcon_core.package_identification:Package 'src/isaac_ros_benchmark/benchmarks/isaac_ros_nitros_bridge_benchmark' with type 'ros.ament_cmake' and name 'isaac_ros_nitros_bridge_benchmark'
[0.298s] Level 1:colcon.colcon_core.package_identification:_identify(src/isaac_ros_benchmark/benchmarks/isaac_ros_nvblox_benchmark) by extensions ['ignore', 'ignore_ament_install']
[0.298s] Level 1:colcon.colcon_core.package_identification:_identify(src/isaac_ros_benchmark/benchmarks/isaac_ros_nvblox_benchmark) by extension 'ignore'
[0.298s] Level 1:colcon.colcon_core.package_identification:_identify(src/isaac_ros_benchmark/benchmarks/isaac_ros_nvblox_benchmark) by extension 'ignore_ament_install'
[0.298s] Level 1:colcon.colcon_core.package_identification:_identify(src/isaac_ros_benchmark/benchmarks/isaac_ros_nvblox_benchmark) by extensions ['colcon_pkg']
[0.298s] Level 1:colcon.colcon_core.package_identification:_identify(src/isaac_ros_benchmark/benchmarks/isaac_ros_nvblox_benchmark) by extension 'colcon_pkg'
[0.298s] Level 1:colcon.colcon_core.package_identification:_identify(src/isaac_ros_benchmark/benchmarks/isaac_ros_nvblox_benchmark) by extensions ['colcon_meta']
[0.298s] Level 1:colcon.colcon_core.package_identification:_identify(src/isaac_ros_benchmark/benchmarks/isaac_ros_nvblox_benchmark) by extension 'colcon_meta'
[0.298s] Level 1:colcon.colcon_core.package_identification:_identify(src/isaac_ros_benchmark/benchmarks/isaac_ros_nvblox_benchmark) by extensions ['ros']
[0.298s] Level 1:colcon.colcon_core.package_identification:_identify(src/isaac_ros_benchmark/benchmarks/isaac_ros_nvblox_benchmark) by extension 'ros'
[0.299s] DEBUG:colcon.colcon_core.package_identification:Package 'src/isaac_ros_benchmark/benchmarks/isaac_ros_nvblox_benchmark' with type 'ros.ament_cmake' and name 'isaac_ros_nvblox_benchmark'
[0.299s] Level 1:colcon.colcon_core.package_identification:_identify(src/isaac_ros_benchmark/benchmarks/isaac_ros_occupancy_grid_localizer_benchmark) by extensions ['ignore', 'ignore_ament_install']
[0.299s] Level 1:colcon.colcon_core.package_identification:_identify(src/isaac_ros_benchmark/benchmarks/isaac_ros_occupancy_grid_localizer_benchmark) by extension 'ignore'
[0.299s] Level 1:colcon.colcon_core.package_identification:_identify(src/isaac_ros_benchmark/benchmarks/isaac_ros_occupancy_grid_localizer_benchmark) by extension 'ignore_ament_install'
[0.299s] Level 1:colcon.colcon_core.package_identification:_identify(src/isaac_ros_benchmark/benchmarks/isaac_ros_occupancy_grid_localizer_benchmark) by extensions ['colcon_pkg']
[0.299s] Level 1:colcon.colcon_core.package_identification:_identify(src/isaac_ros_benchmark/benchmarks/isaac_ros_occupancy_grid_localizer_benchmark) by extension 'colcon_pkg'
[0.299s] Level 1:colcon.colcon_core.package_identification:_identify(src/isaac_ros_benchmark/benchmarks/isaac_ros_occupancy_grid_localizer_benchmark) by extensions ['colcon_meta']
[0.299s] Level 1:colcon.colcon_core.package_identification:_identify(src/isaac_ros_benchmark/benchmarks/isaac_ros_occupancy_grid_localizer_benchmark) by extension 'colcon_meta'
[0.299s] Level 1:colcon.colcon_core.package_identification:_identify(src/isaac_ros_benchmark/benchmarks/isaac_ros_occupancy_grid_localizer_benchmark) by extensions ['ros']
[0.299s] Level 1:colcon.colcon_core.package_identification:_identify(src/isaac_ros_benchmark/benchmarks/isaac_ros_occupancy_grid_localizer_benchmark) by extension 'ros'
[0.300s] DEBUG:colcon.colcon_core.package_identification:Package 'src/isaac_ros_benchmark/benchmarks/isaac_ros_occupancy_grid_localizer_benchmark' with type 'ros.ament_cmake' and name 'isaac_ros_occupancy_grid_localizer_benchmark'
[0.300s] Level 1:colcon.colcon_core.package_identification:_identify(src/isaac_ros_benchmark/benchmarks/isaac_ros_perceptor_nova_benchmark) by extensions ['ignore', 'ignore_ament_install']
[0.300s] Level 1:colcon.colcon_core.package_identification:_identify(src/isaac_ros_benchmark/benchmarks/isaac_ros_perceptor_nova_benchmark) by extension 'ignore'
[0.300s] Level 1:colcon.colcon_core.package_identification:_identify(src/isaac_ros_benchmark/benchmarks/isaac_ros_perceptor_nova_benchmark) by extension 'ignore_ament_install'
[0.300s] Level 1:colcon.colcon_core.package_identification:_identify(src/isaac_ros_benchmark/benchmarks/isaac_ros_perceptor_nova_benchmark) by extensions ['colcon_pkg']
[0.300s] Level 1:colcon.colcon_core.package_identification:_identify(src/isaac_ros_benchmark/benchmarks/isaac_ros_perceptor_nova_benchmark) by extension 'colcon_pkg'
[0.300s] Level 1:colcon.colcon_core.package_identification:_identify(src/isaac_ros_benchmark/benchmarks/isaac_ros_perceptor_nova_benchmark) by extensions ['colcon_meta']
[0.300s] Level 1:colcon.colcon_core.package_identification:_identify(src/isaac_ros_benchmark/benchmarks/isaac_ros_perceptor_nova_benchmark) by extension 'colcon_meta'
[0.300s] Level 1:colcon.colcon_core.package_identification:_identify(src/isaac_ros_benchmark/benchmarks/isaac_ros_perceptor_nova_benchmark) by extensions ['ros']
[0.300s] Level 1:colcon.colcon_core.package_identification:_identify(src/isaac_ros_benchmark/benchmarks/isaac_ros_perceptor_nova_benchmark) by extension 'ros'
[0.301s] DEBUG:colcon.colcon_core.package_identification:Package 'src/isaac_ros_benchmark/benchmarks/isaac_ros_perceptor_nova_benchmark' with type 'ros.ament_cmake' and name 'isaac_ros_perceptor_nova_benchmark'
[0.301s] Level 1:colcon.colcon_core.package_identification:_identify(src/isaac_ros_benchmark/benchmarks/isaac_ros_pynitros_benchmark) by extensions ['ignore', 'ignore_ament_install']
[0.301s] Level 1:colcon.colcon_core.package_identification:_identify(src/isaac_ros_benchmark/benchmarks/isaac_ros_pynitros_benchmark) by extension 'ignore'
[0.301s] Level 1:colcon.colcon_core.package_identification:_identify(src/isaac_ros_benchmark/benchmarks/isaac_ros_pynitros_benchmark) by extension 'ignore_ament_install'
[0.301s] Level 1:colcon.colcon_core.package_identification:_identify(src/isaac_ros_benchmark/benchmarks/isaac_ros_pynitros_benchmark) by extensions ['colcon_pkg']
[0.301s] Level 1:colcon.colcon_core.package_identification:_identify(src/isaac_ros_benchmark/benchmarks/isaac_ros_pynitros_benchmark) by extension 'colcon_pkg'
[0.301s] Level 1:colcon.colcon_core.package_identification:_identify(src/isaac_ros_benchmark/benchmarks/isaac_ros_pynitros_benchmark) by extensions ['colcon_meta']
[0.301s] Level 1:colcon.colcon_core.package_identification:_identify(src/isaac_ros_benchmark/benchmarks/isaac_ros_pynitros_benchmark) by extension 'colcon_meta'
[0.301s] Level 1:colcon.colcon_core.package_identification:_identify(src/isaac_ros_benchmark/benchmarks/isaac_ros_pynitros_benchmark) by extensions ['ros']
[0.301s] Level 1:colcon.colcon_core.package_identification:_identify(src/isaac_ros_benchmark/benchmarks/isaac_ros_pynitros_benchmark) by extension 'ros'
[0.302s] DEBUG:colcon.colcon_core.package_identification:Package 'src/isaac_ros_benchmark/benchmarks/isaac_ros_pynitros_benchmark' with type 'ros.ament_cmake' and name 'isaac_ros_pynitros_benchmark'
[0.302s] Level 1:colcon.colcon_core.package_identification:_identify(src/isaac_ros_benchmark/benchmarks/isaac_ros_rtdetr_benchmark) by extensions ['ignore', 'ignore_ament_install']
[0.302s] Level 1:colcon.colcon_core.package_identification:_identify(src/isaac_ros_benchmark/benchmarks/isaac_ros_rtdetr_benchmark) by extension 'ignore'
[0.302s] Level 1:colcon.colcon_core.package_identification:_identify(src/isaac_ros_benchmark/benchmarks/isaac_ros_rtdetr_benchmark) by extension 'ignore_ament_install'
[0.302s] Level 1:colcon.colcon_core.package_identification:_identify(src/isaac_ros_benchmark/benchmarks/isaac_ros_rtdetr_benchmark) by extensions ['colcon_pkg']
[0.302s] Level 1:colcon.colcon_core.package_identification:_identify(src/isaac_ros_benchmark/benchmarks/isaac_ros_rtdetr_benchmark) by extension 'colcon_pkg'
[0.302s] Level 1:colcon.colcon_core.package_identification:_identify(src/isaac_ros_benchmark/benchmarks/isaac_ros_rtdetr_benchmark) by extensions ['colcon_meta']
[0.302s] Level 1:colcon.colcon_core.package_identification:_identify(src/isaac_ros_benchmark/benchmarks/isaac_ros_rtdetr_benchmark) by extension 'colcon_meta'
[0.302s] Level 1:colcon.colcon_core.package_identification:_identify(src/isaac_ros_benchmark/benchmarks/isaac_ros_rtdetr_benchmark) by extensions ['ros']
[0.302s] Level 1:colcon.colcon_core.package_identification:_identify(src/isaac_ros_benchmark/benchmarks/isaac_ros_rtdetr_benchmark) by extension 'ros'
[0.303s] DEBUG:colcon.colcon_core.package_identification:Package 'src/isaac_ros_benchmark/benchmarks/isaac_ros_rtdetr_benchmark' with type 'ros.ament_cmake' and name 'isaac_ros_rtdetr_benchmark'
[0.303s] Level 1:colcon.colcon_core.package_identification:_identify(src/isaac_ros_benchmark/benchmarks/isaac_ros_segformer_benchmark) by extensions ['ignore', 'ignore_ament_install']
[0.303s] Level 1:colcon.colcon_core.package_identification:_identify(src/isaac_ros_benchmark/benchmarks/isaac_ros_segformer_benchmark) by extension 'ignore'
[0.303s] Level 1:colcon.colcon_core.package_identification:_identify(src/isaac_ros_benchmark/benchmarks/isaac_ros_segformer_benchmark) by extension 'ignore_ament_install'
[0.303s] Level 1:colcon.colcon_core.package_identification:_identify(src/isaac_ros_benchmark/benchmarks/isaac_ros_segformer_benchmark) by extensions ['colcon_pkg']
[0.303s] Level 1:colcon.colcon_core.package_identification:_identify(src/isaac_ros_benchmark/benchmarks/isaac_ros_segformer_benchmark) by extension 'colcon_pkg'
[0.303s] Level 1:colcon.colcon_core.package_identification:_identify(src/isaac_ros_benchmark/benchmarks/isaac_ros_segformer_benchmark) by extensions ['colcon_meta']
[0.303s] Level 1:colcon.colcon_core.package_identification:_identify(src/isaac_ros_benchmark/benchmarks/isaac_ros_segformer_benchmark) by extension 'colcon_meta'
[0.303s] Level 1:colcon.colcon_core.package_identification:_identify(src/isaac_ros_benchmark/benchmarks/isaac_ros_segformer_benchmark) by extensions ['ros']
[0.303s] Level 1:colcon.colcon_core.package_identification:_identify(src/isaac_ros_benchmark/benchmarks/isaac_ros_segformer_benchmark) by extension 'ros'
[0.303s] DEBUG:colcon.colcon_core.package_identification:Package 'src/isaac_ros_benchmark/benchmarks/isaac_ros_segformer_benchmark' with type 'ros.ament_cmake' and name 'isaac_ros_segformer_benchmark'
[0.304s] Level 1:colcon.colcon_core.package_identification:_identify(src/isaac_ros_benchmark/benchmarks/isaac_ros_segment_anything_benchmark) by extensions ['ignore', 'ignore_ament_install']
[0.304s] Level 1:colcon.colcon_core.package_identification:_identify(src/isaac_ros_benchmark/benchmarks/isaac_ros_segment_anything_benchmark) by extension 'ignore'
[0.304s] Level 1:colcon.colcon_core.package_identification:_identify(src/isaac_ros_benchmark/benchmarks/isaac_ros_segment_anything_benchmark) by extension 'ignore_ament_install'
[0.304s] Level 1:colcon.colcon_core.package_identification:_identify(src/isaac_ros_benchmark/benchmarks/isaac_ros_segment_anything_benchmark) by extensions ['colcon_pkg']
[0.304s] Level 1:colcon.colcon_core.package_identification:_identify(src/isaac_ros_benchmark/benchmarks/isaac_ros_segment_anything_benchmark) by extension 'colcon_pkg'
[0.304s] Level 1:colcon.colcon_core.package_identification:_identify(src/isaac_ros_benchmark/benchmarks/isaac_ros_segment_anything_benchmark) by extensions ['colcon_meta']
[0.304s] Level 1:colcon.colcon_core.package_identification:_identify(src/isaac_ros_benchmark/benchmarks/isaac_ros_segment_anything_benchmark) by extension 'colcon_meta'
[0.304s] Level 1:colcon.colcon_core.package_identification:_identify(src/isaac_ros_benchmark/benchmarks/isaac_ros_segment_anything_benchmark) by extensions ['ros']
[0.304s] Level 1:colcon.colcon_core.package_identification:_identify(src/isaac_ros_benchmark/benchmarks/isaac_ros_segment_anything_benchmark) by extension 'ros'
[0.304s] DEBUG:colcon.colcon_core.package_identification:Package 'src/isaac_ros_benchmark/benchmarks/isaac_ros_segment_anything_benchmark' with type 'ros.ament_cmake' and name 'isaac_ros_segment_anything_benchmark'
[0.304s] Level 1:colcon.colcon_core.package_identification:_identify(src/isaac_ros_benchmark/benchmarks/isaac_ros_stereo_image_proc_benchmark) by extensions ['ignore', 'ignore_ament_install']
[0.304s] Level 1:colcon.colcon_core.package_identification:_identify(src/isaac_ros_benchmark/benchmarks/isaac_ros_stereo_image_proc_benchmark) by extension 'ignore'
[0.304s] Level 1:colcon.colcon_core.package_identification:_identify(src/isaac_ros_benchmark/benchmarks/isaac_ros_stereo_image_proc_benchmark) by extension 'ignore_ament_install'
[0.304s] Level 1:colcon.colcon_core.package_identification:_identify(src/isaac_ros_benchmark/benchmarks/isaac_ros_stereo_image_proc_benchmark) by extensions ['colcon_pkg']
[0.304s] Level 1:colcon.colcon_core.package_identification:_identify(src/isaac_ros_benchmark/benchmarks/isaac_ros_stereo_image_proc_benchmark) by extension 'colcon_pkg'
[0.304s] Level 1:colcon.colcon_core.package_identification:_identify(src/isaac_ros_benchmark/benchmarks/isaac_ros_stereo_image_proc_benchmark) by extensions ['colcon_meta']
[0.304s] Level 1:colcon.colcon_core.package_identification:_identify(src/isaac_ros_benchmark/benchmarks/isaac_ros_stereo_image_proc_benchmark) by extension 'colcon_meta'
[0.305s] Level 1:colcon.colcon_core.package_identification:_identify(src/isaac_ros_benchmark/benchmarks/isaac_ros_stereo_image_proc_benchmark) by extensions ['ros']
[0.305s] Level 1:colcon.colcon_core.package_identification:_identify(src/isaac_ros_benchmark/benchmarks/isaac_ros_stereo_image_proc_benchmark) by extension 'ros'
[0.305s] DEBUG:colcon.colcon_core.package_identification:Package 'src/isaac_ros_benchmark/benchmarks/isaac_ros_stereo_image_proc_benchmark' with type 'ros.ament_cmake' and name 'isaac_ros_stereo_image_proc_benchmark'
[0.305s] Level 1:colcon.colcon_core.package_identification:_identify(src/isaac_ros_benchmark/benchmarks/isaac_ros_tensor_rt_benchmark) by extensions ['ignore', 'ignore_ament_install']
[0.305s] Level 1:colcon.colcon_core.package_identification:_identify(src/isaac_ros_benchmark/benchmarks/isaac_ros_tensor_rt_benchmark) by extension 'ignore'
[0.305s] Level 1:colcon.colcon_core.package_identification:_identify(src/isaac_ros_benchmark/benchmarks/isaac_ros_tensor_rt_benchmark) by extension 'ignore_ament_install'
[0.305s] Level 1:colcon.colcon_core.package_identification:_identify(src/isaac_ros_benchmark/benchmarks/isaac_ros_tensor_rt_benchmark) by extensions ['colcon_pkg']
[0.305s] Level 1:colcon.colcon_core.package_identification:_identify(src/isaac_ros_benchmark/benchmarks/isaac_ros_tensor_rt_benchmark) by extension 'colcon_pkg'
[0.305s] Level 1:colcon.colcon_core.package_identification:_identify(src/isaac_ros_benchmark/benchmarks/isaac_ros_tensor_rt_benchmark) by extensions ['colcon_meta']
[0.305s] Level 1:colcon.colcon_core.package_identification:_identify(src/isaac_ros_benchmark/benchmarks/isaac_ros_tensor_rt_benchmark) by extension 'colcon_meta'
[0.305s] Level 1:colcon.colcon_core.package_identification:_identify(src/isaac_ros_benchmark/benchmarks/isaac_ros_tensor_rt_benchmark) by extensions ['ros']
[0.305s] Level 1:colcon.colcon_core.package_identification:_identify(src/isaac_ros_benchmark/benchmarks/isaac_ros_tensor_rt_benchmark) by extension 'ros'
[0.306s] DEBUG:colcon.colcon_core.package_identification:Package 'src/isaac_ros_benchmark/benchmarks/isaac_ros_tensor_rt_benchmark' with type 'ros.ament_cmake' and name 'isaac_ros_tensor_rt_benchmark'
[0.306s] Level 1:colcon.colcon_core.package_identification:_identify(src/isaac_ros_benchmark/benchmarks/isaac_ros_triton_benchmark) by extensions ['ignore', 'ignore_ament_install']
[0.306s] Level 1:colcon.colcon_core.package_identification:_identify(src/isaac_ros_benchmark/benchmarks/isaac_ros_triton_benchmark) by extension 'ignore'
[0.306s] Level 1:colcon.colcon_core.package_identification:_identify(src/isaac_ros_benchmark/benchmarks/isaac_ros_triton_benchmark) by extension 'ignore_ament_install'
[0.306s] Level 1:colcon.colcon_core.package_identification:_identify(src/isaac_ros_benchmark/benchmarks/isaac_ros_triton_benchmark) by extensions ['colcon_pkg']
[0.306s] Level 1:colcon.colcon_core.package_identification:_identify(src/isaac_ros_benchmark/benchmarks/isaac_ros_triton_benchmark) by extension 'colcon_pkg'
[0.306s] Level 1:colcon.colcon_core.package_identification:_identify(src/isaac_ros_benchmark/benchmarks/isaac_ros_triton_benchmark) by extensions ['colcon_meta']
[0.306s] Level 1:colcon.colcon_core.package_identification:_identify(src/isaac_ros_benchmark/benchmarks/isaac_ros_triton_benchmark) by extension 'colcon_meta'
[0.306s] Level 1:colcon.colcon_core.package_identification:_identify(src/isaac_ros_benchmark/benchmarks/isaac_ros_triton_benchmark) by extensions ['ros']
[0.306s] Level 1:colcon.colcon_core.package_identification:_identify(src/isaac_ros_benchmark/benchmarks/isaac_ros_triton_benchmark) by extension 'ros'
[0.307s] DEBUG:colcon.colcon_core.package_identification:Package 'src/isaac_ros_benchmark/benchmarks/isaac_ros_triton_benchmark' with type 'ros.ament_cmake' and name 'isaac_ros_triton_benchmark'
[0.307s] Level 1:colcon.colcon_core.package_identification:_identify(src/isaac_ros_benchmark/benchmarks/isaac_ros_unet_benchmark) by extensions ['ignore', 'ignore_ament_install']
[0.307s] Level 1:colcon.colcon_core.package_identification:_identify(src/isaac_ros_benchmark/benchmarks/isaac_ros_unet_benchmark) by extension 'ignore'
[0.307s] Level 1:colcon.colcon_core.package_identification:_identify(src/isaac_ros_benchmark/benchmarks/isaac_ros_unet_benchmark) by extension 'ignore_ament_install'
[0.307s] Level 1:colcon.colcon_core.package_identification:_identify(src/isaac_ros_benchmark/benchmarks/isaac_ros_unet_benchmark) by extensions ['colcon_pkg']
[0.307s] Level 1:colcon.colcon_core.package_identification:_identify(src/isaac_ros_benchmark/benchmarks/isaac_ros_unet_benchmark) by extension 'colcon_pkg'
[0.307s] Level 1:colcon.colcon_core.package_identification:_identify(src/isaac_ros_benchmark/benchmarks/isaac_ros_unet_benchmark) by extensions ['colcon_meta']
[0.307s] Level 1:colcon.colcon_core.package_identification:_identify(src/isaac_ros_benchmark/benchmarks/isaac_ros_unet_benchmark) by extension 'colcon_meta'
[0.307s] Level 1:colcon.colcon_core.package_identification:_identify(src/isaac_ros_benchmark/benchmarks/isaac_ros_unet_benchmark) by extensions ['ros']
[0.307s] Level 1:colcon.colcon_core.package_identification:_identify(src/isaac_ros_benchmark/benchmarks/isaac_ros_unet_benchmark) by extension 'ros'
[0.307s] DEBUG:colcon.colcon_core.package_identification:Package 'src/isaac_ros_benchmark/benchmarks/isaac_ros_unet_benchmark' with type 'ros.ament_cmake' and name 'isaac_ros_unet_benchmark'
[0.308s] Level 1:colcon.colcon_core.package_identification:_identify(src/isaac_ros_benchmark/benchmarks/isaac_ros_visual_slam_benchmark) by extensions ['ignore', 'ignore_ament_install']
[0.308s] Level 1:colcon.colcon_core.package_identification:_identify(src/isaac_ros_benchmark/benchmarks/isaac_ros_visual_slam_benchmark) by extension 'ignore'
[0.308s] Level 1:colcon.colcon_core.package_identification:_identify(src/isaac_ros_benchmark/benchmarks/isaac_ros_visual_slam_benchmark) by extension 'ignore_ament_install'
[0.308s] Level 1:colcon.colcon_core.package_identification:_identify(src/isaac_ros_benchmark/benchmarks/isaac_ros_visual_slam_benchmark) by extensions ['colcon_pkg']
[0.308s] Level 1:colcon.colcon_core.package_identification:_identify(src/isaac_ros_benchmark/benchmarks/isaac_ros_visual_slam_benchmark) by extension 'colcon_pkg'
[0.308s] Level 1:colcon.colcon_core.package_identification:_identify(src/isaac_ros_benchmark/benchmarks/isaac_ros_visual_slam_benchmark) by extensions ['colcon_meta']
[0.308s] Level 1:colcon.colcon_core.package_identification:_identify(src/isaac_ros_benchmark/benchmarks/isaac_ros_visual_slam_benchmark) by extension 'colcon_meta'
[0.308s] Level 1:colcon.colcon_core.package_identification:_identify(src/isaac_ros_benchmark/benchmarks/isaac_ros_visual_slam_benchmark) by extensions ['ros']
[0.308s] Level 1:colcon.colcon_core.package_identification:_identify(src/isaac_ros_benchmark/benchmarks/isaac_ros_visual_slam_benchmark) by extension 'ros'
[0.308s] DEBUG:colcon.colcon_core.package_identification:Package 'src/isaac_ros_benchmark/benchmarks/isaac_ros_visual_slam_benchmark' with type 'ros.ament_cmake' and name 'isaac_ros_visual_slam_benchmark'
[0.308s] Level 1:colcon.colcon_core.package_identification:_identify(src/isaac_ros_benchmark/isaac_ros_benchmark) by extensions ['ignore', 'ignore_ament_install']
[0.308s] Level 1:colcon.colcon_core.package_identification:_identify(src/isaac_ros_benchmark/isaac_ros_benchmark) by extension 'ignore'
[0.308s] Level 1:colcon.colcon_core.package_identification:_identify(src/isaac_ros_benchmark/isaac_ros_benchmark) by extension 'ignore_ament_install'
[0.308s] Level 1:colcon.colcon_core.package_identification:_identify(src/isaac_ros_benchmark/isaac_ros_benchmark) by extensions ['colcon_pkg']
[0.308s] Level 1:colcon.colcon_core.package_identification:_identify(src/isaac_ros_benchmark/isaac_ros_benchmark) by extension 'colcon_pkg'
[0.308s] Level 1:colcon.colcon_core.package_identification:_identify(src/isaac_ros_benchmark/isaac_ros_benchmark) by extensions ['colcon_meta']
[0.308s] Level 1:colcon.colcon_core.package_identification:_identify(src/isaac_ros_benchmark/isaac_ros_benchmark) by extension 'colcon_meta'
[0.308s] Level 1:colcon.colcon_core.package_identification:_identify(src/isaac_ros_benchmark/isaac_ros_benchmark) by extensions ['ros']
[0.308s] Level 1:colcon.colcon_core.package_identification:_identify(src/isaac_ros_benchmark/isaac_ros_benchmark) by extension 'ros'
[0.310s] DEBUG:colcon.colcon_core.package_identification:Package 'src/isaac_ros_benchmark/isaac_ros_benchmark' with type 'ros.ament_cmake' and name 'isaac_ros_benchmark'
[0.310s] Level 1:colcon.colcon_core.package_identification:_identify(src/isaac_ros_benchmark/results) by extensions ['ignore', 'ignore_ament_install']
[0.310s] Level 1:colcon.colcon_core.package_identification:_identify(src/isaac_ros_benchmark/results) by extension 'ignore'
[0.310s] Level 1:colcon.colcon_core.package_identification:_identify(src/isaac_ros_benchmark/results) by extension 'ignore_ament_install'
[0.310s] Level 1:colcon.colcon_core.package_identification:_identify(src/isaac_ros_benchmark/results) by extensions ['colcon_pkg']
[0.310s] Level 1:colcon.colcon_core.package_identification:_identify(src/isaac_ros_benchmark/results) by extension 'colcon_pkg'
[0.310s] Level 1:colcon.colcon_core.package_identification:_identify(src/isaac_ros_benchmark/results) by extensions ['colcon_meta']
[0.310s] Level 1:colcon.colcon_core.package_identification:_identify(src/isaac_ros_benchmark/results) by extension 'colcon_meta'
[0.310s] Level 1:colcon.colcon_core.package_identification:_identify(src/isaac_ros_benchmark/results) by extensions ['ros']
[0.310s] Level 1:colcon.colcon_core.package_identification:_identify(src/isaac_ros_benchmark/results) by extension 'ros'
[0.310s] Level 1:colcon.colcon_core.package_identification:_identify(src/isaac_ros_benchmark/results) by extensions ['cmake', 'python']
[0.310s] Level 1:colcon.colcon_core.package_identification:_identify(src/isaac_ros_benchmark/results) by extension 'cmake'
[0.310s] Level 1:colcon.colcon_core.package_identification:_identify(src/isaac_ros_benchmark/results) by extension 'python'
[0.310s] Level 1:colcon.colcon_core.package_identification:_identify(src/isaac_ros_benchmark/results) by extensions ['python_setup_py']
[0.310s] Level 1:colcon.colcon_core.package_identification:_identify(src/isaac_ros_benchmark/results) by extension 'python_setup_py'
[0.310s] Level 1:colcon.colcon_core.package_identification:_identify(src/isaac_ros_common) by extensions ['ignore', 'ignore_ament_install']
[0.310s] Level 1:colcon.colcon_core.package_identification:_identify(src/isaac_ros_common) by extension 'ignore'
[0.310s] Level 1:colcon.colcon_core.package_identification:_identify(src/isaac_ros_common) by extension 'ignore_ament_install'
[0.310s] Level 1:colcon.colcon_core.package_identification:_identify(src/isaac_ros_common) by extensions ['colcon_pkg']
[0.310s] Level 1:colcon.colcon_core.package_identification:_identify(src/isaac_ros_common) by extension 'colcon_pkg'
[0.310s] Level 1:colcon.colcon_core.package_identification:_identify(src/isaac_ros_common) by extensions ['colcon_meta']
[0.310s] Level 1:colcon.colcon_core.package_identification:_identify(src/isaac_ros_common) by extension 'colcon_meta'
[0.310s] Level 1:colcon.colcon_core.package_identification:_identify(src/isaac_ros_common) by extensions ['ros']
[0.310s] Level 1:colcon.colcon_core.package_identification:_identify(src/isaac_ros_common) by extension 'ros'
[0.310s] Level 1:colcon.colcon_core.package_identification:_identify(src/isaac_ros_common) by extensions ['cmake', 'python']
[0.310s] Level 1:colcon.colcon_core.package_identification:_identify(src/isaac_ros_common) by extension 'cmake'
[0.310s] Level 1:colcon.colcon_core.package_identification:_identify(src/isaac_ros_common) by extension 'python'
[0.310s] Level 1:colcon.colcon_core.package_identification:_identify(src/isaac_ros_common) by extensions ['python_setup_py']
[0.310s] Level 1:colcon.colcon_core.package_identification:_identify(src/isaac_ros_common) by extension 'python_setup_py'
[0.310s] Level 1:colcon.colcon_core.package_identification:_identify(src/isaac_ros_common/docker) by extensions ['ignore', 'ignore_ament_install']
[0.310s] Level 1:colcon.colcon_core.package_identification:_identify(src/isaac_ros_common/docker) by extension 'ignore'
[0.310s] Level 1:colcon.colcon_core.package_identification:_identify(src/isaac_ros_common/docker) by extension 'ignore_ament_install'
[0.311s] Level 1:colcon.colcon_core.package_identification:_identify(src/isaac_ros_common/docker) by extensions ['colcon_pkg']
[0.311s] Level 1:colcon.colcon_core.package_identification:_identify(src/isaac_ros_common/docker) by extension 'colcon_pkg'
[0.311s] Level 1:colcon.colcon_core.package_identification:_identify(src/isaac_ros_common/docker) by extensions ['colcon_meta']
[0.311s] Level 1:colcon.colcon_core.package_identification:_identify(src/isaac_ros_common/docker) by extension 'colcon_meta'
[0.311s] Level 1:colcon.colcon_core.package_identification:_identify(src/isaac_ros_common/docker) by extensions ['ros']
[0.311s] Level 1:colcon.colcon_core.package_identification:_identify(src/isaac_ros_common/docker) by extension 'ros'
[0.311s] Level 1:colcon.colcon_core.package_identification:_identify(src/isaac_ros_common/docker) by extensions ['cmake', 'python']
[0.311s] Level 1:colcon.colcon_core.package_identification:_identify(src/isaac_ros_common/docker) by extension 'cmake'
[0.311s] Level 1:colcon.colcon_core.package_identification:_identify(src/isaac_ros_common/docker) by extension 'python'
[0.311s] Level 1:colcon.colcon_core.package_identification:_identify(src/isaac_ros_common/docker) by extensions ['python_setup_py']
[0.311s] Level 1:colcon.colcon_core.package_identification:_identify(src/isaac_ros_common/docker) by extension 'python_setup_py'
[0.311s] Level 1:colcon.colcon_core.package_identification:_identify(src/isaac_ros_common/docker/middleware_profiles) by extensions ['ignore', 'ignore_ament_install']
[0.311s] Level 1:colcon.colcon_core.package_identification:_identify(src/isaac_ros_common/docker/middleware_profiles) by extension 'ignore'
[0.311s] Level 1:colcon.colcon_core.package_identification:_identify(src/isaac_ros_common/docker/middleware_profiles) by extension 'ignore_ament_install'
[0.311s] Level 1:colcon.colcon_core.package_identification:_identify(src/isaac_ros_common/docker/middleware_profiles) by extensions ['colcon_pkg']
[0.311s] Level 1:colcon.colcon_core.package_identification:_identify(src/isaac_ros_common/docker/middleware_profiles) by extension 'colcon_pkg'
[0.311s] Level 1:colcon.colcon_core.package_identification:_identify(src/isaac_ros_common/docker/middleware_profiles) by extensions ['colcon_meta']
[0.311s] Level 1:colcon.colcon_core.package_identification:_identify(src/isaac_ros_common/docker/middleware_profiles) by extension 'colcon_meta'
[0.311s] Level 1:colcon.colcon_core.package_identification:_identify(src/isaac_ros_common/docker/middleware_profiles) by extensions ['ros']
[0.311s] Level 1:colcon.colcon_core.package_identification:_identify(src/isaac_ros_common/docker/middleware_profiles) by extension 'ros'
[0.311s] Level 1:colcon.colcon_core.package_identification:_identify(src/isaac_ros_common/docker/middleware_profiles) by extensions ['cmake', 'python']
[0.311s] Level 1:colcon.colcon_core.package_identification:_identify(src/isaac_ros_common/docker/middleware_profiles) by extension 'cmake'
[0.311s] Level 1:colcon.colcon_core.package_identification:_identify(src/isaac_ros_common/docker/middleware_profiles) by extension 'python'
[0.311s] Level 1:colcon.colcon_core.package_identification:_identify(src/isaac_ros_common/docker/middleware_profiles) by extensions ['python_setup_py']
[0.311s] Level 1:colcon.colcon_core.package_identification:_identify(src/isaac_ros_common/docker/middleware_profiles) by extension 'python_setup_py'
[0.311s] Level 1:colcon.colcon_core.package_identification:_identify(src/isaac_ros_common/docker/patches) by extensions ['ignore', 'ignore_ament_install']
[0.311s] Level 1:colcon.colcon_core.package_identification:_identify(src/isaac_ros_common/docker/patches) by extension 'ignore'
[0.311s] Level 1:colcon.colcon_core.package_identification:_identify(src/isaac_ros_common/docker/patches) by extension 'ignore_ament_install'
[0.311s] Level 1:colcon.colcon_core.package_identification:_identify(src/isaac_ros_common/docker/patches) by extensions ['colcon_pkg']
[0.311s] Level 1:colcon.colcon_core.package_identification:_identify(src/isaac_ros_common/docker/patches) by extension 'colcon_pkg'
[0.311s] Level 1:colcon.colcon_core.package_identification:_identify(src/isaac_ros_common/docker/patches) by extensions ['colcon_meta']
[0.311s] Level 1:colcon.colcon_core.package_identification:_identify(src/isaac_ros_common/docker/patches) by extension 'colcon_meta'
[0.311s] Level 1:colcon.colcon_core.package_identification:_identify(src/isaac_ros_common/docker/patches) by extensions ['ros']
[0.311s] Level 1:colcon.colcon_core.package_identification:_identify(src/isaac_ros_common/docker/patches) by extension 'ros'
[0.311s] Level 1:colcon.colcon_core.package_identification:_identify(src/isaac_ros_common/docker/patches) by extensions ['cmake', 'python']
[0.311s] Level 1:colcon.colcon_core.package_identification:_identify(src/isaac_ros_common/docker/patches) by extension 'cmake'
[0.311s] Level 1:colcon.colcon_core.package_identification:_identify(src/isaac_ros_common/docker/patches) by extension 'python'
[0.311s] Level 1:colcon.colcon_core.package_identification:_identify(src/isaac_ros_common/docker/patches) by extensions ['python_setup_py']
[0.311s] Level 1:colcon.colcon_core.package_identification:_identify(src/isaac_ros_common/docker/patches) by extension 'python_setup_py'
[0.311s] Level 1:colcon.colcon_core.package_identification:_identify(src/isaac_ros_common/docker/rosdep) by extensions ['ignore', 'ignore_ament_install']
[0.311s] Level 1:colcon.colcon_core.package_identification:_identify(src/isaac_ros_common/docker/rosdep) by extension 'ignore'
[0.311s] Level 1:colcon.colcon_core.package_identification:_identify(src/isaac_ros_common/docker/rosdep) by extension 'ignore_ament_install'
[0.311s] Level 1:colcon.colcon_core.package_identification:_identify(src/isaac_ros_common/docker/rosdep) by extensions ['colcon_pkg']
[0.311s] Level 1:colcon.colcon_core.package_identification:_identify(src/isaac_ros_common/docker/rosdep) by extension 'colcon_pkg'
[0.311s] Level 1:colcon.colcon_core.package_identification:_identify(src/isaac_ros_common/docker/rosdep) by extensions ['colcon_meta']
[0.311s] Level 1:colcon.colcon_core.package_identification:_identify(src/isaac_ros_common/docker/rosdep) by extension 'colcon_meta'
[0.312s] Level 1:colcon.colcon_core.package_identification:_identify(src/isaac_ros_common/docker/rosdep) by extensions ['ros']
[0.312s] Level 1:colcon.colcon_core.package_identification:_identify(src/isaac_ros_common/docker/rosdep) by extension 'ros'
[0.312s] Level 1:colcon.colcon_core.package_identification:_identify(src/isaac_ros_common/docker/rosdep) by extensions ['cmake', 'python']
[0.312s] Level 1:colcon.colcon_core.package_identification:_identify(src/isaac_ros_common/docker/rosdep) by extension 'cmake'
[0.312s] Level 1:colcon.colcon_core.package_identification:_identify(src/isaac_ros_common/docker/rosdep) by extension 'python'
[0.312s] Level 1:colcon.colcon_core.package_identification:_identify(src/isaac_ros_common/docker/rosdep) by extensions ['python_setup_py']
[0.312s] Level 1:colcon.colcon_core.package_identification:_identify(src/isaac_ros_common/docker/rosdep) by extension 'python_setup_py'
[0.312s] Level 1:colcon.colcon_core.package_identification:_identify(src/isaac_ros_common/docker/rosdep/ros-humble-cuda-python-placeholder) by extensions ['ignore', 'ignore_ament_install']
[0.312s] Level 1:colcon.colcon_core.package_identification:_identify(src/isaac_ros_common/docker/rosdep/ros-humble-cuda-python-placeholder) by extension 'ignore'
[0.312s] Level 1:colcon.colcon_core.package_identification:_identify(src/isaac_ros_common/docker/rosdep/ros-humble-cuda-python-placeholder) by extension 'ignore_ament_install'
[0.312s] Level 1:colcon.colcon_core.package_identification:_identify(src/isaac_ros_common/docker/rosdep/ros-humble-cuda-python-placeholder) by extensions ['colcon_pkg']
[0.312s] Level 1:colcon.colcon_core.package_identification:_identify(src/isaac_ros_common/docker/rosdep/ros-humble-cuda-python-placeholder) by extension 'colcon_pkg'
[0.312s] Level 1:colcon.colcon_core.package_identification:_identify(src/isaac_ros_common/docker/rosdep/ros-humble-cuda-python-placeholder) by extensions ['colcon_meta']
[0.312s] Level 1:colcon.colcon_core.package_identification:_identify(src/isaac_ros_common/docker/rosdep/ros-humble-cuda-python-placeholder) by extension 'colcon_meta'
[0.312s] Level 1:colcon.colcon_core.package_identification:_identify(src/isaac_ros_common/docker/rosdep/ros-humble-cuda-python-placeholder) by extensions ['ros']
[0.312s] Level 1:colcon.colcon_core.package_identification:_identify(src/isaac_ros_common/docker/rosdep/ros-humble-cuda-python-placeholder) by extension 'ros'
[0.312s] Level 1:colcon.colcon_core.package_identification:_identify(src/isaac_ros_common/docker/rosdep/ros-humble-cuda-python-placeholder) by extensions ['cmake', 'python']
[0.312s] Level 1:colcon.colcon_core.package_identification:_identify(src/isaac_ros_common/docker/rosdep/ros-humble-cuda-python-placeholder) by extension 'cmake'
[0.312s] Level 1:colcon.colcon_core.package_identification:_identify(src/isaac_ros_common/docker/rosdep/ros-humble-cuda-python-placeholder) by extension 'python'
[0.312s] Level 1:colcon.colcon_core.package_identification:_identify(src/isaac_ros_common/docker/rosdep/ros-humble-cuda-python-placeholder) by extensions ['python_setup_py']
[0.312s] Level 1:colcon.colcon_core.package_identification:_identify(src/isaac_ros_common/docker/rosdep/ros-humble-cuda-python-placeholder) by extension 'python_setup_py'
[0.312s] Level 1:colcon.colcon_core.package_identification:_identify(src/isaac_ros_common/docker/rosdep/ros-humble-cuda-python-placeholder/DEBIAN) by extensions ['ignore', 'ignore_ament_install']
[0.312s] Level 1:colcon.colcon_core.package_identification:_identify(src/isaac_ros_common/docker/rosdep/ros-humble-cuda-python-placeholder/DEBIAN) by extension 'ignore'
[0.312s] Level 1:colcon.colcon_core.package_identification:_identify(src/isaac_ros_common/docker/rosdep/ros-humble-cuda-python-placeholder/DEBIAN) by extension 'ignore_ament_install'
[0.312s] Level 1:colcon.colcon_core.package_identification:_identify(src/isaac_ros_common/docker/rosdep/ros-humble-cuda-python-placeholder/DEBIAN) by extensions ['colcon_pkg']
[0.312s] Level 1:colcon.colcon_core.package_identification:_identify(src/isaac_ros_common/docker/rosdep/ros-humble-cuda-python-placeholder/DEBIAN) by extension 'colcon_pkg'
[0.312s] Level 1:colcon.colcon_core.package_identification:_identify(src/isaac_ros_common/docker/rosdep/ros-humble-cuda-python-placeholder/DEBIAN) by extensions ['colcon_meta']
[0.312s] Level 1:colcon.colcon_core.package_identification:_identify(src/isaac_ros_common/docker/rosdep/ros-humble-cuda-python-placeholder/DEBIAN) by extension 'colcon_meta'
[0.312s] Level 1:colcon.colcon_core.package_identification:_identify(src/isaac_ros_common/docker/rosdep/ros-humble-cuda-python-placeholder/DEBIAN) by extensions ['ros']
[0.312s] Level 1:colcon.colcon_core.package_identification:_identify(src/isaac_ros_common/docker/rosdep/ros-humble-cuda-python-placeholder/DEBIAN) by extension 'ros'
[0.312s] Level 1:colcon.colcon_core.package_identification:_identify(src/isaac_ros_common/docker/rosdep/ros-humble-cuda-python-placeholder/DEBIAN) by extensions ['cmake', 'python']
[0.312s] Level 1:colcon.colcon_core.package_identification:_identify(src/isaac_ros_common/docker/rosdep/ros-humble-cuda-python-placeholder/DEBIAN) by extension 'cmake'
[0.312s] Level 1:colcon.colcon_core.package_identification:_identify(src/isaac_ros_common/docker/rosdep/ros-humble-cuda-python-placeholder/DEBIAN) by extension 'python'
[0.312s] Level 1:colcon.colcon_core.package_identification:_identify(src/isaac_ros_common/docker/rosdep/ros-humble-cuda-python-placeholder/DEBIAN) by extensions ['python_setup_py']
[0.312s] Level 1:colcon.colcon_core.package_identification:_identify(src/isaac_ros_common/docker/rosdep/ros-humble-cuda-python-placeholder/DEBIAN) by extension 'python_setup_py'
[0.312s] Level 1:colcon.colcon_core.package_identification:_identify(src/isaac_ros_common/docker/scripts) by extensions ['ignore', 'ignore_ament_install']
[0.312s] Level 1:colcon.colcon_core.package_identification:_identify(src/isaac_ros_common/docker/scripts) by extension 'ignore'
[0.312s] Level 1:colcon.colcon_core.package_identification:_identify(src/isaac_ros_common/docker/scripts) by extension 'ignore_ament_install'
[0.312s] Level 1:colcon.colcon_core.package_identification:_identify(src/isaac_ros_common/docker/scripts) by extensions ['colcon_pkg']
[0.312s] Level 1:colcon.colcon_core.package_identification:_identify(src/isaac_ros_common/docker/scripts) by extension 'colcon_pkg'
[0.312s] Level 1:colcon.colcon_core.package_identification:_identify(src/isaac_ros_common/docker/scripts) by extensions ['colcon_meta']
[0.312s] Level 1:colcon.colcon_core.package_identification:_identify(src/isaac_ros_common/docker/scripts) by extension 'colcon_meta'
[0.312s] Level 1:colcon.colcon_core.package_identification:_identify(src/isaac_ros_common/docker/scripts) by extensions ['ros']
[0.312s] Level 1:colcon.colcon_core.package_identification:_identify(src/isaac_ros_common/docker/scripts) by extension 'ros'
[0.312s] Level 1:colcon.colcon_core.package_identification:_identify(src/isaac_ros_common/docker/scripts) by extensions ['cmake', 'python']
[0.313s] Level 1:colcon.colcon_core.package_identification:_identify(src/isaac_ros_common/docker/scripts) by extension 'cmake'
[0.313s] Level 1:colcon.colcon_core.package_identification:_identify(src/isaac_ros_common/docker/scripts) by extension 'python'
[0.313s] Level 1:colcon.colcon_core.package_identification:_identify(src/isaac_ros_common/docker/scripts) by extensions ['python_setup_py']
[0.313s] Level 1:colcon.colcon_core.package_identification:_identify(src/isaac_ros_common/docker/scripts) by extension 'python_setup_py'
[0.313s] Level 1:colcon.colcon_core.package_identification:_identify(src/isaac_ros_common/docker/udev_rules) by extensions ['ignore', 'ignore_ament_install']
[0.313s] Level 1:colcon.colcon_core.package_identification:_identify(src/isaac_ros_common/docker/udev_rules) by extension 'ignore'
[0.313s] Level 1:colcon.colcon_core.package_identification:_identify(src/isaac_ros_common/docker/udev_rules) by extension 'ignore_ament_install'
[0.313s] Level 1:colcon.colcon_core.package_identification:_identify(src/isaac_ros_common/docker/udev_rules) by extensions ['colcon_pkg']
[0.313s] Level 1:colcon.colcon_core.package_identification:_identify(src/isaac_ros_common/docker/udev_rules) by extension 'colcon_pkg'
[0.313s] Level 1:colcon.colcon_core.package_identification:_identify(src/isaac_ros_common/docker/udev_rules) by extensions ['colcon_meta']
[0.313s] Level 1:colcon.colcon_core.package_identification:_identify(src/isaac_ros_common/docker/udev_rules) by extension 'colcon_meta'
[0.313s] Level 1:colcon.colcon_core.package_identification:_identify(src/isaac_ros_common/docker/udev_rules) by extensions ['ros']
[0.313s] Level 1:colcon.colcon_core.package_identification:_identify(src/isaac_ros_common/docker/udev_rules) by extension 'ros'
[0.313s] Level 1:colcon.colcon_core.package_identification:_identify(src/isaac_ros_common/docker/udev_rules) by extensions ['cmake', 'python']
[0.313s] Level 1:colcon.colcon_core.package_identification:_identify(src/isaac_ros_common/docker/udev_rules) by extension 'cmake'
[0.313s] Level 1:colcon.colcon_core.package_identification:_identify(src/isaac_ros_common/docker/udev_rules) by extension 'python'
[0.313s] Level 1:colcon.colcon_core.package_identification:_identify(src/isaac_ros_common/docker/udev_rules) by extensions ['python_setup_py']
[0.313s] Level 1:colcon.colcon_core.package_identification:_identify(src/isaac_ros_common/docker/udev_rules) by extension 'python_setup_py'
[0.313s] Level 1:colcon.colcon_core.package_identification:_identify(src/isaac_ros_common/isaac_common) by extensions ['ignore', 'ignore_ament_install']
[0.313s] Level 1:colcon.colcon_core.package_identification:_identify(src/isaac_ros_common/isaac_common) by extension 'ignore'
[0.313s] Level 1:colcon.colcon_core.package_identification:_identify(src/isaac_ros_common/isaac_common) by extension 'ignore_ament_install'
[0.313s] Level 1:colcon.colcon_core.package_identification:_identify(src/isaac_ros_common/isaac_common) by extensions ['colcon_pkg']
[0.313s] Level 1:colcon.colcon_core.package_identification:_identify(src/isaac_ros_common/isaac_common) by extension 'colcon_pkg'
[0.313s] Level 1:colcon.colcon_core.package_identification:_identify(src/isaac_ros_common/isaac_common) by extensions ['colcon_meta']
[0.313s] Level 1:colcon.colcon_core.package_identification:_identify(src/isaac_ros_common/isaac_common) by extension 'colcon_meta'
[0.313s] Level 1:colcon.colcon_core.package_identification:_identify(src/isaac_ros_common/isaac_common) by extensions ['ros']
[0.313s] Level 1:colcon.colcon_core.package_identification:_identify(src/isaac_ros_common/isaac_common) by extension 'ros'
[0.314s] DEBUG:colcon.colcon_core.package_identification:Package 'src/isaac_ros_common/isaac_common' with type 'ros.ament_cmake' and name 'isaac_common'
[0.314s] Level 1:colcon.colcon_core.package_identification:_identify(src/isaac_ros_common/isaac_common_py) by extensions ['ignore', 'ignore_ament_install']
[0.314s] Level 1:colcon.colcon_core.package_identification:_identify(src/isaac_ros_common/isaac_common_py) by extension 'ignore'
[0.314s] Level 1:colcon.colcon_core.package_identification:_identify(src/isaac_ros_common/isaac_common_py) by extension 'ignore_ament_install'
[0.314s] Level 1:colcon.colcon_core.package_identification:_identify(src/isaac_ros_common/isaac_common_py) by extensions ['colcon_pkg']
[0.314s] Level 1:colcon.colcon_core.package_identification:_identify(src/isaac_ros_common/isaac_common_py) by extension 'colcon_pkg'
[0.314s] Level 1:colcon.colcon_core.package_identification:_identify(src/isaac_ros_common/isaac_common_py) by extensions ['colcon_meta']
[0.314s] Level 1:colcon.colcon_core.package_identification:_identify(src/isaac_ros_common/isaac_common_py) by extension 'colcon_meta'
[0.314s] Level 1:colcon.colcon_core.package_identification:_identify(src/isaac_ros_common/isaac_common_py) by extensions ['ros']
[0.314s] Level 1:colcon.colcon_core.package_identification:_identify(src/isaac_ros_common/isaac_common_py) by extension 'ros'
[0.315s] DEBUG:colcon.colcon_core.package_identification:Package 'src/isaac_ros_common/isaac_common_py' with type 'ros.ament_python' and name 'isaac_common_py'
[0.315s] Level 1:colcon.colcon_core.package_identification:_identify(src/isaac_ros_common/isaac_ros_apriltag_interfaces) by extensions ['ignore', 'ignore_ament_install']
[0.315s] Level 1:colcon.colcon_core.package_identification:_identify(src/isaac_ros_common/isaac_ros_apriltag_interfaces) by extension 'ignore'
[0.315s] Level 1:colcon.colcon_core.package_identification:_identify(src/isaac_ros_common/isaac_ros_apriltag_interfaces) by extension 'ignore_ament_install'
[0.315s] Level 1:colcon.colcon_core.package_identification:_identify(src/isaac_ros_common/isaac_ros_apriltag_interfaces) by extensions ['colcon_pkg']
[0.315s] Level 1:colcon.colcon_core.package_identification:_identify(src/isaac_ros_common/isaac_ros_apriltag_interfaces) by extension 'colcon_pkg'
[0.315s] Level 1:colcon.colcon_core.package_identification:_identify(src/isaac_ros_common/isaac_ros_apriltag_interfaces) by extensions ['colcon_meta']
[0.315s] Level 1:colcon.colcon_core.package_identification:_identify(src/isaac_ros_common/isaac_ros_apriltag_interfaces) by extension 'colcon_meta'
[0.315s] Level 1:colcon.colcon_core.package_identification:_identify(src/isaac_ros_common/isaac_ros_apriltag_interfaces) by extensions ['ros']
[0.315s] Level 1:colcon.colcon_core.package_identification:_identify(src/isaac_ros_common/isaac_ros_apriltag_interfaces) by extension 'ros'
[0.315s] DEBUG:colcon.colcon_core.package_identification:Package 'src/isaac_ros_common/isaac_ros_apriltag_interfaces' with type 'ros.ament_cmake' and name 'isaac_ros_apriltag_interfaces'
[0.315s] Level 1:colcon.colcon_core.package_identification:_identify(src/isaac_ros_common/isaac_ros_bi3d_interfaces) by extensions ['ignore', 'ignore_ament_install']
[0.315s] Level 1:colcon.colcon_core.package_identification:_identify(src/isaac_ros_common/isaac_ros_bi3d_interfaces) by extension 'ignore'
[0.315s] Level 1:colcon.colcon_core.package_identification:_identify(src/isaac_ros_common/isaac_ros_bi3d_interfaces) by extension 'ignore_ament_install'
[0.315s] Level 1:colcon.colcon_core.package_identification:_identify(src/isaac_ros_common/isaac_ros_bi3d_interfaces) by extensions ['colcon_pkg']
[0.315s] Level 1:colcon.colcon_core.package_identification:_identify(src/isaac_ros_common/isaac_ros_bi3d_interfaces) by extension 'colcon_pkg'
[0.315s] Level 1:colcon.colcon_core.package_identification:_identify(src/isaac_ros_common/isaac_ros_bi3d_interfaces) by extensions ['colcon_meta']
[0.315s] Level 1:colcon.colcon_core.package_identification:_identify(src/isaac_ros_common/isaac_ros_bi3d_interfaces) by extension 'colcon_meta'
[0.315s] Level 1:colcon.colcon_core.package_identification:_identify(src/isaac_ros_common/isaac_ros_bi3d_interfaces) by extensions ['ros']
[0.315s] Level 1:colcon.colcon_core.package_identification:_identify(src/isaac_ros_common/isaac_ros_bi3d_interfaces) by extension 'ros'
[0.316s] DEBUG:colcon.colcon_core.package_identification:Package 'src/isaac_ros_common/isaac_ros_bi3d_interfaces' with type 'ros.ament_cmake' and name 'isaac_ros_bi3d_interfaces'
[0.316s] Level 1:colcon.colcon_core.package_identification:_identify(src/isaac_ros_common/isaac_ros_common) by extensions ['ignore', 'ignore_ament_install']
[0.316s] Level 1:colcon.colcon_core.package_identification:_identify(src/isaac_ros_common/isaac_ros_common) by extension 'ignore'
[0.316s] Level 1:colcon.colcon_core.package_identification:_identify(src/isaac_ros_common/isaac_ros_common) by extension 'ignore_ament_install'
[0.316s] Level 1:colcon.colcon_core.package_identification:_identify(src/isaac_ros_common/isaac_ros_common) by extensions ['colcon_pkg']
[0.316s] Level 1:colcon.colcon_core.package_identification:_identify(src/isaac_ros_common/isaac_ros_common) by extension 'colcon_pkg'
[0.316s] Level 1:colcon.colcon_core.package_identification:_identify(src/isaac_ros_common/isaac_ros_common) by extensions ['colcon_meta']
[0.316s] Level 1:colcon.colcon_core.package_identification:_identify(src/isaac_ros_common/isaac_ros_common) by extension 'colcon_meta'
[0.316s] Level 1:colcon.colcon_core.package_identification:_identify(src/isaac_ros_common/isaac_ros_common) by extensions ['ros']
[0.316s] Level 1:colcon.colcon_core.package_identification:_identify(src/isaac_ros_common/isaac_ros_common) by extension 'ros'
[0.317s] DEBUG:colcon.colcon_core.package_identification:Package 'src/isaac_ros_common/isaac_ros_common' with type 'ros.ament_cmake' and name 'isaac_ros_common'
[0.317s] Level 1:colcon.colcon_core.package_identification:_identify(src/isaac_ros_common/isaac_ros_launch_utils) by extensions ['ignore', 'ignore_ament_install']
[0.317s] Level 1:colcon.colcon_core.package_identification:_identify(src/isaac_ros_common/isaac_ros_launch_utils) by extension 'ignore'
[0.317s] Level 1:colcon.colcon_core.package_identification:_identify(src/isaac_ros_common/isaac_ros_launch_utils) by extension 'ignore_ament_install'
[0.317s] Level 1:colcon.colcon_core.package_identification:_identify(src/isaac_ros_common/isaac_ros_launch_utils) by extensions ['colcon_pkg']
[0.317s] Level 1:colcon.colcon_core.package_identification:_identify(src/isaac_ros_common/isaac_ros_launch_utils) by extension 'colcon_pkg'
[0.317s] Level 1:colcon.colcon_core.package_identification:_identify(src/isaac_ros_common/isaac_ros_launch_utils) by extensions ['colcon_meta']
[0.317s] Level 1:colcon.colcon_core.package_identification:_identify(src/isaac_ros_common/isaac_ros_launch_utils) by extension 'colcon_meta'
[0.317s] Level 1:colcon.colcon_core.package_identification:_identify(src/isaac_ros_common/isaac_ros_launch_utils) by extensions ['ros']
[0.317s] Level 1:colcon.colcon_core.package_identification:_identify(src/isaac_ros_common/isaac_ros_launch_utils) by extension 'ros'
[0.317s] DEBUG:colcon.colcon_core.package_identification:Package 'src/isaac_ros_common/isaac_ros_launch_utils' with type 'ros.ament_python' and name 'isaac_ros_launch_utils'
[0.317s] Level 1:colcon.colcon_core.package_identification:_identify(src/isaac_ros_common/isaac_ros_nitros_bridge_interfaces) by extensions ['ignore', 'ignore_ament_install']
[0.317s] Level 1:colcon.colcon_core.package_identification:_identify(src/isaac_ros_common/isaac_ros_nitros_bridge_interfaces) by extension 'ignore'
[0.317s] Level 1:colcon.colcon_core.package_identification:_identify(src/isaac_ros_common/isaac_ros_nitros_bridge_interfaces) by extension 'ignore_ament_install'
[0.317s] Level 1:colcon.colcon_core.package_identification:_identify(src/isaac_ros_common/isaac_ros_nitros_bridge_interfaces) by extensions ['colcon_pkg']
[0.317s] Level 1:colcon.colcon_core.package_identification:_identify(src/isaac_ros_common/isaac_ros_nitros_bridge_interfaces) by extension 'colcon_pkg'
[0.317s] Level 1:colcon.colcon_core.package_identification:_identify(src/isaac_ros_common/isaac_ros_nitros_bridge_interfaces) by extensions ['colcon_meta']
[0.317s] Level 1:colcon.colcon_core.package_identification:_identify(src/isaac_ros_common/isaac_ros_nitros_bridge_interfaces) by extension 'colcon_meta'
[0.317s] Level 1:colcon.colcon_core.package_identification:_identify(src/isaac_ros_common/isaac_ros_nitros_bridge_interfaces) by extensions ['ros']
[0.317s] Level 1:colcon.colcon_core.package_identification:_identify(src/isaac_ros_common/isaac_ros_nitros_bridge_interfaces) by extension 'ros'
[0.318s] DEBUG:colcon.colcon_core.package_identification:Package 'src/isaac_ros_common/isaac_ros_nitros_bridge_interfaces' with type 'ros.ament_cmake' and name 'isaac_ros_nitros_bridge_interfaces'
[0.318s] Level 1:colcon.colcon_core.package_identification:_identify(src/isaac_ros_common/isaac_ros_nova_interfaces) by extensions ['ignore', 'ignore_ament_install']
[0.323s] Level 1:colcon.colcon_core.package_identification:_identify(src/isaac_ros_common/isaac_ros_nova_interfaces) by extension 'ignore'
[0.323s] Level 1:colcon.colcon_core.package_identification:_identify(src/isaac_ros_common/isaac_ros_nova_interfaces) by extension 'ignore_ament_install'
[0.323s] Level 1:colcon.colcon_core.package_identification:_identify(src/isaac_ros_common/isaac_ros_nova_interfaces) by extensions ['colcon_pkg']
[0.323s] Level 1:colcon.colcon_core.package_identification:_identify(src/isaac_ros_common/isaac_ros_nova_interfaces) by extension 'colcon_pkg'
[0.323s] Level 1:colcon.colcon_core.package_identification:_identify(src/isaac_ros_common/isaac_ros_nova_interfaces) by extensions ['colcon_meta']
[0.323s] Level 1:colcon.colcon_core.package_identification:_identify(src/isaac_ros_common/isaac_ros_nova_interfaces) by extension 'colcon_meta'
[0.323s] Level 1:colcon.colcon_core.package_identification:_identify(src/isaac_ros_common/isaac_ros_nova_interfaces) by extensions ['ros']
[0.323s] Level 1:colcon.colcon_core.package_identification:_identify(src/isaac_ros_common/isaac_ros_nova_interfaces) by extension 'ros'
[0.324s] DEBUG:colcon.colcon_core.package_identification:Package 'src/isaac_ros_common/isaac_ros_nova_interfaces' with type 'ros.ament_cmake' and name 'isaac_ros_nova_interfaces'
[0.324s] Level 1:colcon.colcon_core.package_identification:_identify(src/isaac_ros_common/isaac_ros_pointcloud_interfaces) by extensions ['ignore', 'ignore_ament_install']
[0.324s] Level 1:colcon.colcon_core.package_identification:_identify(src/isaac_ros_common/isaac_ros_pointcloud_interfaces) by extension 'ignore'
[0.324s] Level 1:colcon.colcon_core.package_identification:_identify(src/isaac_ros_common/isaac_ros_pointcloud_interfaces) by extension 'ignore_ament_install'
[0.324s] Level 1:colcon.colcon_core.package_identification:_identify(src/isaac_ros_common/isaac_ros_pointcloud_interfaces) by extensions ['colcon_pkg']
[0.324s] Level 1:colcon.colcon_core.package_identification:_identify(src/isaac_ros_common/isaac_ros_pointcloud_interfaces) by extension 'colcon_pkg'
[0.324s] Level 1:colcon.colcon_core.package_identification:_identify(src/isaac_ros_common/isaac_ros_pointcloud_interfaces) by extensions ['colcon_meta']
[0.324s] Level 1:colcon.colcon_core.package_identification:_identify(src/isaac_ros_common/isaac_ros_pointcloud_interfaces) by extension 'colcon_meta'
[0.324s] Level 1:colcon.colcon_core.package_identification:_identify(src/isaac_ros_common/isaac_ros_pointcloud_interfaces) by extensions ['ros']
[0.324s] Level 1:colcon.colcon_core.package_identification:_identify(src/isaac_ros_common/isaac_ros_pointcloud_interfaces) by extension 'ros'
[0.324s] DEBUG:colcon.colcon_core.package_identification:Package 'src/isaac_ros_common/isaac_ros_pointcloud_interfaces' with type 'ros.ament_cmake' and name 'isaac_ros_pointcloud_interfaces'
[0.325s] Level 1:colcon.colcon_core.package_identification:_identify(src/isaac_ros_common/isaac_ros_r2b_galileo) by extensions ['ignore', 'ignore_ament_install']
[0.325s] Level 1:colcon.colcon_core.package_identification:_identify(src/isaac_ros_common/isaac_ros_r2b_galileo) by extension 'ignore'
[0.325s] Level 1:colcon.colcon_core.package_identification:_identify(src/isaac_ros_common/isaac_ros_r2b_galileo) by extension 'ignore_ament_install'
[0.325s] Level 1:colcon.colcon_core.package_identification:_identify(src/isaac_ros_common/isaac_ros_r2b_galileo) by extensions ['colcon_pkg']
[0.325s] Level 1:colcon.colcon_core.package_identification:_identify(src/isaac_ros_common/isaac_ros_r2b_galileo) by extension 'colcon_pkg'
[0.325s] Level 1:colcon.colcon_core.package_identification:_identify(src/isaac_ros_common/isaac_ros_r2b_galileo) by extensions ['colcon_meta']
[0.325s] Level 1:colcon.colcon_core.package_identification:_identify(src/isaac_ros_common/isaac_ros_r2b_galileo) by extension 'colcon_meta'
[0.325s] Level 1:colcon.colcon_core.package_identification:_identify(src/isaac_ros_common/isaac_ros_r2b_galileo) by extensions ['ros']
[0.325s] Level 1:colcon.colcon_core.package_identification:_identify(src/isaac_ros_common/isaac_ros_r2b_galileo) by extension 'ros'
[0.325s] DEBUG:colcon.colcon_core.package_identification:Package 'src/isaac_ros_common/isaac_ros_r2b_galileo' with type 'ros.ament_cmake' and name 'isaac_ros_r2b_galileo'
[0.325s] Level 1:colcon.colcon_core.package_identification:_identify(src/isaac_ros_common/isaac_ros_rosbag_utils) by extensions ['ignore', 'ignore_ament_install']
[0.325s] Level 1:colcon.colcon_core.package_identification:_identify(src/isaac_ros_common/isaac_ros_rosbag_utils) by extension 'ignore'
[0.325s] Level 1:colcon.colcon_core.package_identification:_identify(src/isaac_ros_common/isaac_ros_rosbag_utils) by extension 'ignore_ament_install'
[0.325s] Level 1:colcon.colcon_core.package_identification:_identify(src/isaac_ros_common/isaac_ros_rosbag_utils) by extensions ['colcon_pkg']
[0.325s] Level 1:colcon.colcon_core.package_identification:_identify(src/isaac_ros_common/isaac_ros_rosbag_utils) by extension 'colcon_pkg'
[0.325s] Level 1:colcon.colcon_core.package_identification:_identify(src/isaac_ros_common/isaac_ros_rosbag_utils) by extensions ['colcon_meta']
[0.325s] Level 1:colcon.colcon_core.package_identification:_identify(src/isaac_ros_common/isaac_ros_rosbag_utils) by extension 'colcon_meta'
[0.325s] Level 1:colcon.colcon_core.package_identification:_identify(src/isaac_ros_common/isaac_ros_rosbag_utils) by extensions ['ros']
[0.325s] Level 1:colcon.colcon_core.package_identification:_identify(src/isaac_ros_common/isaac_ros_rosbag_utils) by extension 'ros'
[0.326s] DEBUG:colcon.colcon_core.package_identification:Package 'src/isaac_ros_common/isaac_ros_rosbag_utils' with type 'ros.ament_python' and name 'isaac_ros_rosbag_utils'
[0.326s] Level 1:colcon.colcon_core.package_identification:_identify(src/isaac_ros_common/isaac_ros_tensor_list_interfaces) by extensions ['ignore', 'ignore_ament_install']
[0.326s] Level 1:colcon.colcon_core.package_identification:_identify(src/isaac_ros_common/isaac_ros_tensor_list_interfaces) by extension 'ignore'
[0.326s] Level 1:colcon.colcon_core.package_identification:_identify(src/isaac_ros_common/isaac_ros_tensor_list_interfaces) by extension 'ignore_ament_install'
[0.326s] Level 1:colcon.colcon_core.package_identification:_identify(src/isaac_ros_common/isaac_ros_tensor_list_interfaces) by extensions ['colcon_pkg']
[0.326s] Level 1:colcon.colcon_core.package_identification:_identify(src/isaac_ros_common/isaac_ros_tensor_list_interfaces) by extension 'colcon_pkg'
[0.326s] Level 1:colcon.colcon_core.package_identification:_identify(src/isaac_ros_common/isaac_ros_tensor_list_interfaces) by extensions ['colcon_meta']
[0.326s] Level 1:colcon.colcon_core.package_identification:_identify(src/isaac_ros_common/isaac_ros_tensor_list_interfaces) by extension 'colcon_meta'
[0.326s] Level 1:colcon.colcon_core.package_identification:_identify(src/isaac_ros_common/isaac_ros_tensor_list_interfaces) by extensions ['ros']
[0.326s] Level 1:colcon.colcon_core.package_identification:_identify(src/isaac_ros_common/isaac_ros_tensor_list_interfaces) by extension 'ros'
[0.326s] DEBUG:colcon.colcon_core.package_identification:Package 'src/isaac_ros_common/isaac_ros_tensor_list_interfaces' with type 'ros.ament_cmake' and name 'isaac_ros_tensor_list_interfaces'
[0.327s] Level 1:colcon.colcon_core.package_identification:_identify(src/isaac_ros_common/isaac_ros_test) by extensions ['ignore', 'ignore_ament_install']
[0.327s] Level 1:colcon.colcon_core.package_identification:_identify(src/isaac_ros_common/isaac_ros_test) by extension 'ignore'
[0.327s] Level 1:colcon.colcon_core.package_identification:_identify(src/isaac_ros_common/isaac_ros_test) by extension 'ignore_ament_install'
[0.327s] Level 1:colcon.colcon_core.package_identification:_identify(src/isaac_ros_common/isaac_ros_test) by extensions ['colcon_pkg']
[0.327s] Level 1:colcon.colcon_core.package_identification:_identify(src/isaac_ros_common/isaac_ros_test) by extension 'colcon_pkg'
[0.327s] Level 1:colcon.colcon_core.package_identification:_identify(src/isaac_ros_common/isaac_ros_test) by extensions ['colcon_meta']
[0.327s] Level 1:colcon.colcon_core.package_identification:_identify(src/isaac_ros_common/isaac_ros_test) by extension 'colcon_meta'
[0.327s] Level 1:colcon.colcon_core.package_identification:_identify(src/isaac_ros_common/isaac_ros_test) by extensions ['ros']
[0.327s] Level 1:colcon.colcon_core.package_identification:_identify(src/isaac_ros_common/isaac_ros_test) by extension 'ros'
[0.327s] DEBUG:colcon.colcon_core.package_identification:Package 'src/isaac_ros_common/isaac_ros_test' with type 'ros.ament_python' and name 'isaac_ros_test'
[0.327s] Level 1:colcon.colcon_core.package_identification:_identify(src/isaac_ros_common/isaac_ros_test_cmake) by extensions ['ignore', 'ignore_ament_install']
[0.327s] Level 1:colcon.colcon_core.package_identification:_identify(src/isaac_ros_common/isaac_ros_test_cmake) by extension 'ignore'
[0.327s] Level 1:colcon.colcon_core.package_identification:_identify(src/isaac_ros_common/isaac_ros_test_cmake) by extension 'ignore_ament_install'
[0.327s] Level 1:colcon.colcon_core.package_identification:_identify(src/isaac_ros_common/isaac_ros_test_cmake) by extensions ['colcon_pkg']
[0.327s] Level 1:colcon.colcon_core.package_identification:_identify(src/isaac_ros_common/isaac_ros_test_cmake) by extension 'colcon_pkg'
[0.327s] Level 1:colcon.colcon_core.package_identification:_identify(src/isaac_ros_common/isaac_ros_test_cmake) by extensions ['colcon_meta']
[0.327s] Level 1:colcon.colcon_core.package_identification:_identify(src/isaac_ros_common/isaac_ros_test_cmake) by extension 'colcon_meta'
[0.327s] Level 1:colcon.colcon_core.package_identification:_identify(src/isaac_ros_common/isaac_ros_test_cmake) by extensions ['ros']
[0.327s] Level 1:colcon.colcon_core.package_identification:_identify(src/isaac_ros_common/isaac_ros_test_cmake) by extension 'ros'
[0.328s] DEBUG:colcon.colcon_core.package_identification:Package 'src/isaac_ros_common/isaac_ros_test_cmake' with type 'ros.ament_cmake' and name 'isaac_ros_test_cmake'
[0.328s] Level 1:colcon.colcon_core.package_identification:_identify(src/isaac_ros_common/scripts) by extensions ['ignore', 'ignore_ament_install']
[0.328s] Level 1:colcon.colcon_core.package_identification:_identify(src/isaac_ros_common/scripts) by extension 'ignore'
[0.328s] Level 1:colcon.colcon_core.package_identification:_identify(src/isaac_ros_common/scripts) by extension 'ignore_ament_install'
[0.328s] Level 1:colcon.colcon_core.package_identification:_identify(src/isaac_ros_common/scripts) by extensions ['colcon_pkg']
[0.328s] Level 1:colcon.colcon_core.package_identification:_identify(src/isaac_ros_common/scripts) by extension 'colcon_pkg'
[0.328s] Level 1:colcon.colcon_core.package_identification:_identify(src/isaac_ros_common/scripts) by extensions ['colcon_meta']
[0.328s] Level 1:colcon.colcon_core.package_identification:_identify(src/isaac_ros_common/scripts) by extension 'colcon_meta'
[0.328s] Level 1:colcon.colcon_core.package_identification:_identify(src/isaac_ros_common/scripts) by extensions ['ros']
[0.328s] Level 1:colcon.colcon_core.package_identification:_identify(src/isaac_ros_common/scripts) by extension 'ros'
[0.328s] Level 1:colcon.colcon_core.package_identification:_identify(src/isaac_ros_common/scripts) by extensions ['cmake', 'python']
[0.328s] Level 1:colcon.colcon_core.package_identification:_identify(src/isaac_ros_common/scripts) by extension 'cmake'
[0.328s] Level 1:colcon.colcon_core.package_identification:_identify(src/isaac_ros_common/scripts) by extension 'python'
[0.328s] Level 1:colcon.colcon_core.package_identification:_identify(src/isaac_ros_common/scripts) by extensions ['python_setup_py']
[0.328s] Level 1:colcon.colcon_core.package_identification:_identify(src/isaac_ros_common/scripts) by extension 'python_setup_py'
[0.328s] Level 1:colcon.colcon_core.package_identification:_identify(src/isaac_ros_common/scripts/deploy) by extensions ['ignore', 'ignore_ament_install']
[0.328s] Level 1:colcon.colcon_core.package_identification:_identify(src/isaac_ros_common/scripts/deploy) by extension 'ignore'
[0.328s] Level 1:colcon.colcon_core.package_identification:_identify(src/isaac_ros_common/scripts/deploy) by extension 'ignore_ament_install'
[0.328s] Level 1:colcon.colcon_core.package_identification:_identify(src/isaac_ros_common/scripts/deploy) by extensions ['colcon_pkg']
[0.328s] Level 1:colcon.colcon_core.package_identification:_identify(src/isaac_ros_common/scripts/deploy) by extension 'colcon_pkg'
[0.328s] Level 1:colcon.colcon_core.package_identification:_identify(src/isaac_ros_common/scripts/deploy) by extensions ['colcon_meta']
[0.328s] Level 1:colcon.colcon_core.package_identification:_identify(src/isaac_ros_common/scripts/deploy) by extension 'colcon_meta'
[0.328s] Level 1:colcon.colcon_core.package_identification:_identify(src/isaac_ros_common/scripts/deploy) by extensions ['ros']
[0.328s] Level 1:colcon.colcon_core.package_identification:_identify(src/isaac_ros_common/scripts/deploy) by extension 'ros'
[0.328s] Level 1:colcon.colcon_core.package_identification:_identify(src/isaac_ros_common/scripts/deploy) by extensions ['cmake', 'python']
[0.328s] Level 1:colcon.colcon_core.package_identification:_identify(src/isaac_ros_common/scripts/deploy) by extension 'cmake'
[0.328s] Level 1:colcon.colcon_core.package_identification:_identify(src/isaac_ros_common/scripts/deploy) by extension 'python'
[0.328s] Level 1:colcon.colcon_core.package_identification:_identify(src/isaac_ros_common/scripts/deploy) by extensions ['python_setup_py']
[0.328s] Level 1:colcon.colcon_core.package_identification:_identify(src/isaac_ros_common/scripts/deploy) by extension 'python_setup_py'
[0.329s] Level 1:colcon.colcon_core.package_identification:_identify(src/isaac_ros_common/scripts/utils) by extensions ['ignore', 'ignore_ament_install']
[0.329s] Level 1:colcon.colcon_core.package_identification:_identify(src/isaac_ros_common/scripts/utils) by extension 'ignore'
[0.329s] Level 1:colcon.colcon_core.package_identification:_identify(src/isaac_ros_common/scripts/utils) by extension 'ignore_ament_install'
[0.329s] Level 1:colcon.colcon_core.package_identification:_identify(src/isaac_ros_common/scripts/utils) by extensions ['colcon_pkg']
[0.329s] Level 1:colcon.colcon_core.package_identification:_identify(src/isaac_ros_common/scripts/utils) by extension 'colcon_pkg'
[0.329s] Level 1:colcon.colcon_core.package_identification:_identify(src/isaac_ros_common/scripts/utils) by extensions ['colcon_meta']
[0.329s] Level 1:colcon.colcon_core.package_identification:_identify(src/isaac_ros_common/scripts/utils) by extension 'colcon_meta'
[0.329s] Level 1:colcon.colcon_core.package_identification:_identify(src/isaac_ros_common/scripts/utils) by extensions ['ros']
[0.329s] Level 1:colcon.colcon_core.package_identification:_identify(src/isaac_ros_common/scripts/utils) by extension 'ros'
[0.329s] Level 1:colcon.colcon_core.package_identification:_identify(src/isaac_ros_common/scripts/utils) by extensions ['cmake', 'python']
[0.329s] Level 1:colcon.colcon_core.package_identification:_identify(src/isaac_ros_common/scripts/utils) by extension 'cmake'
[0.329s] Level 1:colcon.colcon_core.package_identification:_identify(src/isaac_ros_common/scripts/utils) by extension 'python'
[0.329s] Level 1:colcon.colcon_core.package_identification:_identify(src/isaac_ros_common/scripts/utils) by extensions ['python_setup_py']
[0.329s] Level 1:colcon.colcon_core.package_identification:_identify(src/isaac_ros_common/scripts/utils) by extension 'python_setup_py'
[0.329s] Level 1:colcon.colcon_core.package_identification:_identify(src/isaac_ros_dnn_inference) by extensions ['ignore', 'ignore_ament_install']
[0.329s] Level 1:colcon.colcon_core.package_identification:_identify(src/isaac_ros_dnn_inference) by extension 'ignore'
[0.329s] Level 1:colcon.colcon_core.package_identification:_identify(src/isaac_ros_dnn_inference) by extension 'ignore_ament_install'
[0.329s] Level 1:colcon.colcon_core.package_identification:_identify(src/isaac_ros_dnn_inference) by extensions ['colcon_pkg']
[0.329s] Level 1:colcon.colcon_core.package_identification:_identify(src/isaac_ros_dnn_inference) by extension 'colcon_pkg'
[0.329s] Level 1:colcon.colcon_core.package_identification:_identify(src/isaac_ros_dnn_inference) by extensions ['colcon_meta']
[0.329s] Level 1:colcon.colcon_core.package_identification:_identify(src/isaac_ros_dnn_inference) by extension 'colcon_meta'
[0.329s] Level 1:colcon.colcon_core.package_identification:_identify(src/isaac_ros_dnn_inference) by extensions ['ros']
[0.329s] Level 1:colcon.colcon_core.package_identification:_identify(src/isaac_ros_dnn_inference) by extension 'ros'
[0.329s] Level 1:colcon.colcon_core.package_identification:_identify(src/isaac_ros_dnn_inference) by extensions ['cmake', 'python']
[0.329s] Level 1:colcon.colcon_core.package_identification:_identify(src/isaac_ros_dnn_inference) by extension 'cmake'
[0.329s] Level 1:colcon.colcon_core.package_identification:_identify(src/isaac_ros_dnn_inference) by extension 'python'
[0.329s] Level 1:colcon.colcon_core.package_identification:_identify(src/isaac_ros_dnn_inference) by extensions ['python_setup_py']
[0.329s] Level 1:colcon.colcon_core.package_identification:_identify(src/isaac_ros_dnn_inference) by extension 'python_setup_py'
[0.329s] Level 1:colcon.colcon_core.package_identification:_identify(src/isaac_ros_dnn_inference/isaac_ros_dnn_image_encoder) by extensions ['ignore', 'ignore_ament_install']
[0.329s] Level 1:colcon.colcon_core.package_identification:_identify(src/isaac_ros_dnn_inference/isaac_ros_dnn_image_encoder) by extension 'ignore'
[0.329s] Level 1:colcon.colcon_core.package_identification:_identify(src/isaac_ros_dnn_inference/isaac_ros_dnn_image_encoder) by extension 'ignore_ament_install'
[0.329s] Level 1:colcon.colcon_core.package_identification:_identify(src/isaac_ros_dnn_inference/isaac_ros_dnn_image_encoder) by extensions ['colcon_pkg']
[0.329s] Level 1:colcon.colcon_core.package_identification:_identify(src/isaac_ros_dnn_inference/isaac_ros_dnn_image_encoder) by extension 'colcon_pkg'
[0.329s] Level 1:colcon.colcon_core.package_identification:_identify(src/isaac_ros_dnn_inference/isaac_ros_dnn_image_encoder) by extensions ['colcon_meta']
[0.329s] Level 1:colcon.colcon_core.package_identification:_identify(src/isaac_ros_dnn_inference/isaac_ros_dnn_image_encoder) by extension 'colcon_meta'
[0.329s] Level 1:colcon.colcon_core.package_identification:_identify(src/isaac_ros_dnn_inference/isaac_ros_dnn_image_encoder) by extensions ['ros']
[0.329s] Level 1:colcon.colcon_core.package_identification:_identify(src/isaac_ros_dnn_inference/isaac_ros_dnn_image_encoder) by extension 'ros'
[0.330s] DEBUG:colcon.colcon_core.package_identification:Package 'src/isaac_ros_dnn_inference/isaac_ros_dnn_image_encoder' with type 'ros.ament_cmake' and name 'isaac_ros_dnn_image_encoder'
[0.330s] Level 1:colcon.colcon_core.package_identification:_identify(src/isaac_ros_dnn_inference/isaac_ros_gxf_extensions) by extensions ['ignore', 'ignore_ament_install']
[0.330s] Level 1:colcon.colcon_core.package_identification:_identify(src/isaac_ros_dnn_inference/isaac_ros_gxf_extensions) by extension 'ignore'
[0.330s] Level 1:colcon.colcon_core.package_identification:_identify(src/isaac_ros_dnn_inference/isaac_ros_gxf_extensions) by extension 'ignore_ament_install'
[0.330s] Level 1:colcon.colcon_core.package_identification:_identify(src/isaac_ros_dnn_inference/isaac_ros_gxf_extensions) by extensions ['colcon_pkg']
[0.330s] Level 1:colcon.colcon_core.package_identification:_identify(src/isaac_ros_dnn_inference/isaac_ros_gxf_extensions) by extension 'colcon_pkg'
[0.330s] Level 1:colcon.colcon_core.package_identification:_identify(src/isaac_ros_dnn_inference/isaac_ros_gxf_extensions) by extensions ['colcon_meta']
[0.330s] Level 1:colcon.colcon_core.package_identification:_identify(src/isaac_ros_dnn_inference/isaac_ros_gxf_extensions) by extension 'colcon_meta'
[0.330s] Level 1:colcon.colcon_core.package_identification:_identify(src/isaac_ros_dnn_inference/isaac_ros_gxf_extensions) by extensions ['ros']
[0.330s] Level 1:colcon.colcon_core.package_identification:_identify(src/isaac_ros_dnn_inference/isaac_ros_gxf_extensions) by extension 'ros'
[0.330s] Level 1:colcon.colcon_core.package_identification:_identify(src/isaac_ros_dnn_inference/isaac_ros_gxf_extensions) by extensions ['cmake', 'python']
[0.330s] Level 1:colcon.colcon_core.package_identification:_identify(src/isaac_ros_dnn_inference/isaac_ros_gxf_extensions) by extension 'cmake'
[0.330s] Level 1:colcon.colcon_core.package_identification:_identify(src/isaac_ros_dnn_inference/isaac_ros_gxf_extensions) by extension 'python'
[0.330s] Level 1:colcon.colcon_core.package_identification:_identify(src/isaac_ros_dnn_inference/isaac_ros_gxf_extensions) by extensions ['python_setup_py']
[0.330s] Level 1:colcon.colcon_core.package_identification:_identify(src/isaac_ros_dnn_inference/isaac_ros_gxf_extensions) by extension 'python_setup_py'
[0.331s] Level 1:colcon.colcon_core.package_identification:_identify(src/isaac_ros_dnn_inference/isaac_ros_gxf_extensions/gxf_isaac_tensor_rt) by extensions ['ignore', 'ignore_ament_install']
[0.331s] Level 1:colcon.colcon_core.package_identification:_identify(src/isaac_ros_dnn_inference/isaac_ros_gxf_extensions/gxf_isaac_tensor_rt) by extension 'ignore'
[0.331s] Level 1:colcon.colcon_core.package_identification:_identify(src/isaac_ros_dnn_inference/isaac_ros_gxf_extensions/gxf_isaac_tensor_rt) by extension 'ignore_ament_install'
[0.331s] Level 1:colcon.colcon_core.package_identification:_identify(src/isaac_ros_dnn_inference/isaac_ros_gxf_extensions/gxf_isaac_tensor_rt) by extensions ['colcon_pkg']
[0.331s] Level 1:colcon.colcon_core.package_identification:_identify(src/isaac_ros_dnn_inference/isaac_ros_gxf_extensions/gxf_isaac_tensor_rt) by extension 'colcon_pkg'
[0.331s] Level 1:colcon.colcon_core.package_identification:_identify(src/isaac_ros_dnn_inference/isaac_ros_gxf_extensions/gxf_isaac_tensor_rt) by extensions ['colcon_meta']
[0.331s] Level 1:colcon.colcon_core.package_identification:_identify(src/isaac_ros_dnn_inference/isaac_ros_gxf_extensions/gxf_isaac_tensor_rt) by extension 'colcon_meta'
[0.331s] Level 1:colcon.colcon_core.package_identification:_identify(src/isaac_ros_dnn_inference/isaac_ros_gxf_extensions/gxf_isaac_tensor_rt) by extensions ['ros']
[0.331s] Level 1:colcon.colcon_core.package_identification:_identify(src/isaac_ros_dnn_inference/isaac_ros_gxf_extensions/gxf_isaac_tensor_rt) by extension 'ros'
[0.331s] DEBUG:colcon.colcon_core.package_identification:Package 'src/isaac_ros_dnn_inference/isaac_ros_gxf_extensions/gxf_isaac_tensor_rt' with type 'ros.ament_cmake' and name 'gxf_isaac_tensor_rt'
[0.331s] Level 1:colcon.colcon_core.package_identification:_identify(src/isaac_ros_dnn_inference/isaac_ros_gxf_extensions/gxf_isaac_triton) by extensions ['ignore', 'ignore_ament_install']
[0.331s] Level 1:colcon.colcon_core.package_identification:_identify(src/isaac_ros_dnn_inference/isaac_ros_gxf_extensions/gxf_isaac_triton) by extension 'ignore'
[0.331s] Level 1:colcon.colcon_core.package_identification:_identify(src/isaac_ros_dnn_inference/isaac_ros_gxf_extensions/gxf_isaac_triton) by extension 'ignore_ament_install'
[0.331s] Level 1:colcon.colcon_core.package_identification:_identify(src/isaac_ros_dnn_inference/isaac_ros_gxf_extensions/gxf_isaac_triton) by extensions ['colcon_pkg']
[0.331s] Level 1:colcon.colcon_core.package_identification:_identify(src/isaac_ros_dnn_inference/isaac_ros_gxf_extensions/gxf_isaac_triton) by extension 'colcon_pkg'
[0.331s] Level 1:colcon.colcon_core.package_identification:_identify(src/isaac_ros_dnn_inference/isaac_ros_gxf_extensions/gxf_isaac_triton) by extensions ['colcon_meta']
[0.331s] Level 1:colcon.colcon_core.package_identification:_identify(src/isaac_ros_dnn_inference/isaac_ros_gxf_extensions/gxf_isaac_triton) by extension 'colcon_meta'
[0.331s] Level 1:colcon.colcon_core.package_identification:_identify(src/isaac_ros_dnn_inference/isaac_ros_gxf_extensions/gxf_isaac_triton) by extensions ['ros']
[0.331s] Level 1:colcon.colcon_core.package_identification:_identify(src/isaac_ros_dnn_inference/isaac_ros_gxf_extensions/gxf_isaac_triton) by extension 'ros'
[0.332s] DEBUG:colcon.colcon_core.package_identification:Package 'src/isaac_ros_dnn_inference/isaac_ros_gxf_extensions/gxf_isaac_triton' with type 'ros.ament_cmake' and name 'gxf_isaac_triton'
[0.332s] Level 1:colcon.colcon_core.package_identification:_identify(src/isaac_ros_dnn_inference/isaac_ros_tensor_proc) by extensions ['ignore', 'ignore_ament_install']
[0.332s] Level 1:colcon.colcon_core.package_identification:_identify(src/isaac_ros_dnn_inference/isaac_ros_tensor_proc) by extension 'ignore'
[0.332s] Level 1:colcon.colcon_core.package_identification:_identify(src/isaac_ros_dnn_inference/isaac_ros_tensor_proc) by extension 'ignore_ament_install'
[0.332s] Level 1:colcon.colcon_core.package_identification:_identify(src/isaac_ros_dnn_inference/isaac_ros_tensor_proc) by extensions ['colcon_pkg']
[0.332s] Level 1:colcon.colcon_core.package_identification:_identify(src/isaac_ros_dnn_inference/isaac_ros_tensor_proc) by extension 'colcon_pkg'
[0.332s] Level 1:colcon.colcon_core.package_identification:_identify(src/isaac_ros_dnn_inference/isaac_ros_tensor_proc) by extensions ['colcon_meta']
[0.332s] Level 1:colcon.colcon_core.package_identification:_identify(src/isaac_ros_dnn_inference/isaac_ros_tensor_proc) by extension 'colcon_meta'
[0.332s] Level 1:colcon.colcon_core.package_identification:_identify(src/isaac_ros_dnn_inference/isaac_ros_tensor_proc) by extensions ['ros']
[0.332s] Level 1:colcon.colcon_core.package_identification:_identify(src/isaac_ros_dnn_inference/isaac_ros_tensor_proc) by extension 'ros'
[0.333s] DEBUG:colcon.colcon_core.package_identification:Package 'src/isaac_ros_dnn_inference/isaac_ros_tensor_proc' with type 'ros.ament_cmake' and name 'isaac_ros_tensor_proc'
[0.333s] Level 1:colcon.colcon_core.package_identification:_identify(src/isaac_ros_dnn_inference/isaac_ros_tensor_rt) by extensions ['ignore', 'ignore_ament_install']
[0.333s] Level 1:colcon.colcon_core.package_identification:_identify(src/isaac_ros_dnn_inference/isaac_ros_tensor_rt) by extension 'ignore'
[0.333s] Level 1:colcon.colcon_core.package_identification:_identify(src/isaac_ros_dnn_inference/isaac_ros_tensor_rt) by extension 'ignore_ament_install'
[0.333s] Level 1:colcon.colcon_core.package_identification:_identify(src/isaac_ros_dnn_inference/isaac_ros_tensor_rt) by extensions ['colcon_pkg']
[0.333s] Level 1:colcon.colcon_core.package_identification:_identify(src/isaac_ros_dnn_inference/isaac_ros_tensor_rt) by extension 'colcon_pkg'
[0.333s] Level 1:colcon.colcon_core.package_identification:_identify(src/isaac_ros_dnn_inference/isaac_ros_tensor_rt) by extensions ['colcon_meta']
[0.333s] Level 1:colcon.colcon_core.package_identification:_identify(src/isaac_ros_dnn_inference/isaac_ros_tensor_rt) by extension 'colcon_meta'
[0.333s] Level 1:colcon.colcon_core.package_identification:_identify(src/isaac_ros_dnn_inference/isaac_ros_tensor_rt) by extensions ['ros']
[0.333s] Level 1:colcon.colcon_core.package_identification:_identify(src/isaac_ros_dnn_inference/isaac_ros_tensor_rt) by extension 'ros'
[0.334s] DEBUG:colcon.colcon_core.package_identification:Package 'src/isaac_ros_dnn_inference/isaac_ros_tensor_rt' with type 'ros.ament_cmake' and name 'isaac_ros_tensor_rt'
[0.334s] Level 1:colcon.colcon_core.package_identification:_identify(src/isaac_ros_dnn_inference/isaac_ros_triton) by extensions ['ignore', 'ignore_ament_install']
[0.334s] Level 1:colcon.colcon_core.package_identification:_identify(src/isaac_ros_dnn_inference/isaac_ros_triton) by extension 'ignore'
[0.334s] Level 1:colcon.colcon_core.package_identification:_identify(src/isaac_ros_dnn_inference/isaac_ros_triton) by extension 'ignore_ament_install'
[0.334s] Level 1:colcon.colcon_core.package_identification:_identify(src/isaac_ros_dnn_inference/isaac_ros_triton) by extensions ['colcon_pkg']
[0.334s] Level 1:colcon.colcon_core.package_identification:_identify(src/isaac_ros_dnn_inference/isaac_ros_triton) by extension 'colcon_pkg'
[0.334s] Level 1:colcon.colcon_core.package_identification:_identify(src/isaac_ros_dnn_inference/isaac_ros_triton) by extensions ['colcon_meta']
[0.334s] Level 1:colcon.colcon_core.package_identification:_identify(src/isaac_ros_dnn_inference/isaac_ros_triton) by extension 'colcon_meta'
[0.334s] Level 1:colcon.colcon_core.package_identification:_identify(src/isaac_ros_dnn_inference/isaac_ros_triton) by extensions ['ros']
[0.334s] Level 1:colcon.colcon_core.package_identification:_identify(src/isaac_ros_dnn_inference/isaac_ros_triton) by extension 'ros'
[0.335s] DEBUG:colcon.colcon_core.package_identification:Package 'src/isaac_ros_dnn_inference/isaac_ros_triton' with type 'ros.ament_cmake' and name 'isaac_ros_triton'
[0.335s] Level 1:colcon.colcon_core.package_identification:_identify(src/isaac_ros_dnn_inference/resources) by extensions ['ignore', 'ignore_ament_install']
[0.335s] Level 1:colcon.colcon_core.package_identification:_identify(src/isaac_ros_dnn_inference/resources) by extension 'ignore'
[0.335s] Level 1:colcon.colcon_core.package_identification:_identify(src/isaac_ros_dnn_inference/resources) by extension 'ignore_ament_install'
[0.335s] Level 1:colcon.colcon_core.package_identification:_identify(src/isaac_ros_dnn_inference/resources) by extensions ['colcon_pkg']
[0.335s] Level 1:colcon.colcon_core.package_identification:_identify(src/isaac_ros_dnn_inference/resources) by extension 'colcon_pkg'
[0.335s] Level 1:colcon.colcon_core.package_identification:_identify(src/isaac_ros_dnn_inference/resources) by extensions ['colcon_meta']
[0.335s] Level 1:colcon.colcon_core.package_identification:_identify(src/isaac_ros_dnn_inference/resources) by extension 'colcon_meta'
[0.335s] Level 1:colcon.colcon_core.package_identification:_identify(src/isaac_ros_dnn_inference/resources) by extensions ['ros']
[0.335s] Level 1:colcon.colcon_core.package_identification:_identify(src/isaac_ros_dnn_inference/resources) by extension 'ros'
[0.335s] Level 1:colcon.colcon_core.package_identification:_identify(src/isaac_ros_dnn_inference/resources) by extensions ['cmake', 'python']
[0.335s] Level 1:colcon.colcon_core.package_identification:_identify(src/isaac_ros_dnn_inference/resources) by extension 'cmake'
[0.335s] Level 1:colcon.colcon_core.package_identification:_identify(src/isaac_ros_dnn_inference/resources) by extension 'python'
[0.335s] Level 1:colcon.colcon_core.package_identification:_identify(src/isaac_ros_dnn_inference/resources) by extensions ['python_setup_py']
[0.335s] Level 1:colcon.colcon_core.package_identification:_identify(src/isaac_ros_dnn_inference/resources) by extension 'python_setup_py'
[0.335s] Level 1:colcon.colcon_core.package_identification:_identify(src/isaac_ros_dnn_inference/test) by extensions ['ignore', 'ignore_ament_install']
[0.335s] Level 1:colcon.colcon_core.package_identification:_identify(src/isaac_ros_dnn_inference/test) by extension 'ignore'
[0.335s] Level 1:colcon.colcon_core.package_identification:_identify(src/isaac_ros_dnn_inference/test) by extension 'ignore_ament_install'
[0.335s] Level 1:colcon.colcon_core.package_identification:_identify(src/isaac_ros_dnn_inference/test) by extensions ['colcon_pkg']
[0.335s] Level 1:colcon.colcon_core.package_identification:_identify(src/isaac_ros_dnn_inference/test) by extension 'colcon_pkg'
[0.335s] Level 1:colcon.colcon_core.package_identification:_identify(src/isaac_ros_dnn_inference/test) by extensions ['colcon_meta']
[0.335s] Level 1:colcon.colcon_core.package_identification:_identify(src/isaac_ros_dnn_inference/test) by extension 'colcon_meta'
[0.335s] Level 1:colcon.colcon_core.package_identification:_identify(src/isaac_ros_dnn_inference/test) by extensions ['ros']
[0.335s] Level 1:colcon.colcon_core.package_identification:_identify(src/isaac_ros_dnn_inference/test) by extension 'ros'
[0.335s] Level 1:colcon.colcon_core.package_identification:_identify(src/isaac_ros_dnn_inference/test) by extensions ['cmake', 'python']
[0.335s] Level 1:colcon.colcon_core.package_identification:_identify(src/isaac_ros_dnn_inference/test) by extension 'cmake'
[0.335s] Level 1:colcon.colcon_core.package_identification:_identify(src/isaac_ros_dnn_inference/test) by extension 'python'
[0.335s] Level 1:colcon.colcon_core.package_identification:_identify(src/isaac_ros_dnn_inference/test) by extensions ['python_setup_py']
[0.335s] Level 1:colcon.colcon_core.package_identification:_identify(src/isaac_ros_dnn_inference/test) by extension 'python_setup_py'
[0.335s] Level 1:colcon.colcon_core.package_identification:_identify(src/isaac_ros_dnn_inference/test/models) by extensions ['ignore', 'ignore_ament_install']
[0.335s] Level 1:colcon.colcon_core.package_identification:_identify(src/isaac_ros_dnn_inference/test/models) by extension 'ignore'
[0.335s] Level 1:colcon.colcon_core.package_identification:_identify(src/isaac_ros_dnn_inference/test/models) by extension 'ignore_ament_install'
[0.335s] Level 1:colcon.colcon_core.package_identification:_identify(src/isaac_ros_dnn_inference/test/models) by extensions ['colcon_pkg']
[0.335s] Level 1:colcon.colcon_core.package_identification:_identify(src/isaac_ros_dnn_inference/test/models) by extension 'colcon_pkg'
[0.335s] Level 1:colcon.colcon_core.package_identification:_identify(src/isaac_ros_dnn_inference/test/models) by extensions ['colcon_meta']
[0.335s] Level 1:colcon.colcon_core.package_identification:_identify(src/isaac_ros_dnn_inference/test/models) by extension 'colcon_meta'
[0.335s] Level 1:colcon.colcon_core.package_identification:_identify(src/isaac_ros_dnn_inference/test/models) by extensions ['ros']
[0.335s] Level 1:colcon.colcon_core.package_identification:_identify(src/isaac_ros_dnn_inference/test/models) by extension 'ros'
[0.335s] Level 1:colcon.colcon_core.package_identification:_identify(src/isaac_ros_dnn_inference/test/models) by extensions ['cmake', 'python']
[0.335s] Level 1:colcon.colcon_core.package_identification:_identify(src/isaac_ros_dnn_inference/test/models) by extension 'cmake'
[0.335s] Level 1:colcon.colcon_core.package_identification:_identify(src/isaac_ros_dnn_inference/test/models) by extension 'python'
[0.335s] Level 1:colcon.colcon_core.package_identification:_identify(src/isaac_ros_dnn_inference/test/models) by extensions ['python_setup_py']
[0.335s] Level 1:colcon.colcon_core.package_identification:_identify(src/isaac_ros_dnn_inference/test/models) by extension 'python_setup_py'
[0.336s] Level 1:colcon.colcon_core.package_identification:_identify(src/isaac_ros_dnn_inference/test/models/dope_ketchup_pol) by extensions ['ignore', 'ignore_ament_install']
[0.336s] Level 1:colcon.colcon_core.package_identification:_identify(src/isaac_ros_dnn_inference/test/models/dope_ketchup_pol) by extension 'ignore'
[0.336s] Level 1:colcon.colcon_core.package_identification:_identify(src/isaac_ros_dnn_inference/test/models/dope_ketchup_pol) by extension 'ignore_ament_install'
[0.336s] Level 1:colcon.colcon_core.package_identification:_identify(src/isaac_ros_dnn_inference/test/models/dope_ketchup_pol) by extensions ['colcon_pkg']
[0.336s] Level 1:colcon.colcon_core.package_identification:_identify(src/isaac_ros_dnn_inference/test/models/dope_ketchup_pol) by extension 'colcon_pkg'
[0.336s] Level 1:colcon.colcon_core.package_identification:_identify(src/isaac_ros_dnn_inference/test/models/dope_ketchup_pol) by extensions ['colcon_meta']
[0.336s] Level 1:colcon.colcon_core.package_identification:_identify(src/isaac_ros_dnn_inference/test/models/dope_ketchup_pol) by extension 'colcon_meta'
[0.336s] Level 1:colcon.colcon_core.package_identification:_identify(src/isaac_ros_dnn_inference/test/models/dope_ketchup_pol) by extensions ['ros']
[0.336s] Level 1:colcon.colcon_core.package_identification:_identify(src/isaac_ros_dnn_inference/test/models/dope_ketchup_pol) by extension 'ros'
[0.336s] Level 1:colcon.colcon_core.package_identification:_identify(src/isaac_ros_dnn_inference/test/models/dope_ketchup_pol) by extensions ['cmake', 'python']
[0.336s] Level 1:colcon.colcon_core.package_identification:_identify(src/isaac_ros_dnn_inference/test/models/dope_ketchup_pol) by extension 'cmake'
[0.336s] Level 1:colcon.colcon_core.package_identification:_identify(src/isaac_ros_dnn_inference/test/models/dope_ketchup_pol) by extension 'python'
[0.336s] Level 1:colcon.colcon_core.package_identification:_identify(src/isaac_ros_dnn_inference/test/models/dope_ketchup_pol) by extensions ['python_setup_py']
[0.336s] Level 1:colcon.colcon_core.package_identification:_identify(src/isaac_ros_dnn_inference/test/models/dope_ketchup_pol) by extension 'python_setup_py'
[0.336s] Level 1:colcon.colcon_core.package_identification:_identify(src/isaac_ros_dnn_inference/test/models/dope_ketchup_pol/1) by extensions ['ignore', 'ignore_ament_install']
[0.336s] Level 1:colcon.colcon_core.package_identification:_identify(src/isaac_ros_dnn_inference/test/models/dope_ketchup_pol/1) by extension 'ignore'
[0.336s] Level 1:colcon.colcon_core.package_identification:_identify(src/isaac_ros_dnn_inference/test/models/dope_ketchup_pol/1) by extension 'ignore_ament_install'
[0.336s] Level 1:colcon.colcon_core.package_identification:_identify(src/isaac_ros_dnn_inference/test/models/dope_ketchup_pol/1) by extensions ['colcon_pkg']
[0.336s] Level 1:colcon.colcon_core.package_identification:_identify(src/isaac_ros_dnn_inference/test/models/dope_ketchup_pol/1) by extension 'colcon_pkg'
[0.336s] Level 1:colcon.colcon_core.package_identification:_identify(src/isaac_ros_dnn_inference/test/models/dope_ketchup_pol/1) by extensions ['colcon_meta']
[0.336s] Level 1:colcon.colcon_core.package_identification:_identify(src/isaac_ros_dnn_inference/test/models/dope_ketchup_pol/1) by extension 'colcon_meta'
[0.336s] Level 1:colcon.colcon_core.package_identification:_identify(src/isaac_ros_dnn_inference/test/models/dope_ketchup_pol/1) by extensions ['ros']
[0.336s] Level 1:colcon.colcon_core.package_identification:_identify(src/isaac_ros_dnn_inference/test/models/dope_ketchup_pol/1) by extension 'ros'
[0.336s] Level 1:colcon.colcon_core.package_identification:_identify(src/isaac_ros_dnn_inference/test/models/dope_ketchup_pol/1) by extensions ['cmake', 'python']
[0.336s] Level 1:colcon.colcon_core.package_identification:_identify(src/isaac_ros_dnn_inference/test/models/dope_ketchup_pol/1) by extension 'cmake'
[0.336s] Level 1:colcon.colcon_core.package_identification:_identify(src/isaac_ros_dnn_inference/test/models/dope_ketchup_pol/1) by extension 'python'
[0.336s] Level 1:colcon.colcon_core.package_identification:_identify(src/isaac_ros_dnn_inference/test/models/dope_ketchup_pol/1) by extensions ['python_setup_py']
[0.336s] Level 1:colcon.colcon_core.package_identification:_identify(src/isaac_ros_dnn_inference/test/models/dope_ketchup_pol/1) by extension 'python_setup_py'
[0.336s] Level 1:colcon.colcon_core.package_identification:_identify(src/isaac_ros_dnn_inference/test/models/mobilenetv2-1.0_triton_onnx) by extensions ['ignore', 'ignore_ament_install']
[0.336s] Level 1:colcon.colcon_core.package_identification:_identify(src/isaac_ros_dnn_inference/test/models/mobilenetv2-1.0_triton_onnx) by extension 'ignore'
[0.336s] Level 1:colcon.colcon_core.package_identification:_identify(src/isaac_ros_dnn_inference/test/models/mobilenetv2-1.0_triton_onnx) by extension 'ignore_ament_install'
[0.336s] Level 1:colcon.colcon_core.package_identification:_identify(src/isaac_ros_dnn_inference/test/models/mobilenetv2-1.0_triton_onnx) by extensions ['colcon_pkg']
[0.336s] Level 1:colcon.colcon_core.package_identification:_identify(src/isaac_ros_dnn_inference/test/models/mobilenetv2-1.0_triton_onnx) by extension 'colcon_pkg'
[0.336s] Level 1:colcon.colcon_core.package_identification:_identify(src/isaac_ros_dnn_inference/test/models/mobilenetv2-1.0_triton_onnx) by extensions ['colcon_meta']
[0.336s] Level 1:colcon.colcon_core.package_identification:_identify(src/isaac_ros_dnn_inference/test/models/mobilenetv2-1.0_triton_onnx) by extension 'colcon_meta'
[0.336s] Level 1:colcon.colcon_core.package_identification:_identify(src/isaac_ros_dnn_inference/test/models/mobilenetv2-1.0_triton_onnx) by extensions ['ros']
[0.336s] Level 1:colcon.colcon_core.package_identification:_identify(src/isaac_ros_dnn_inference/test/models/mobilenetv2-1.0_triton_onnx) by extension 'ros'
[0.336s] Level 1:colcon.colcon_core.package_identification:_identify(src/isaac_ros_dnn_inference/test/models/mobilenetv2-1.0_triton_onnx) by extensions ['cmake', 'python']
[0.336s] Level 1:colcon.colcon_core.package_identification:_identify(src/isaac_ros_dnn_inference/test/models/mobilenetv2-1.0_triton_onnx) by extension 'cmake'
[0.336s] Level 1:colcon.colcon_core.package_identification:_identify(src/isaac_ros_dnn_inference/test/models/mobilenetv2-1.0_triton_onnx) by extension 'python'
[0.336s] Level 1:colcon.colcon_core.package_identification:_identify(src/isaac_ros_dnn_inference/test/models/mobilenetv2-1.0_triton_onnx) by extensions ['python_setup_py']
[0.336s] Level 1:colcon.colcon_core.package_identification:_identify(src/isaac_ros_dnn_inference/test/models/mobilenetv2-1.0_triton_onnx) by extension 'python_setup_py'
[0.336s] Level 1:colcon.colcon_core.package_identification:_identify(src/isaac_ros_dnn_inference/test/models/mobilenetv2-1.0_triton_onnx/1) by extensions ['ignore', 'ignore_ament_install']
[0.337s] Level 1:colcon.colcon_core.package_identification:_identify(src/isaac_ros_dnn_inference/test/models/mobilenetv2-1.0_triton_onnx/1) by extension 'ignore'
[0.337s] Level 1:colcon.colcon_core.package_identification:_identify(src/isaac_ros_dnn_inference/test/models/mobilenetv2-1.0_triton_onnx/1) by extension 'ignore_ament_install'
[0.337s] Level 1:colcon.colcon_core.package_identification:_identify(src/isaac_ros_dnn_inference/test/models/mobilenetv2-1.0_triton_onnx/1) by extensions ['colcon_pkg']
[0.337s] Level 1:colcon.colcon_core.package_identification:_identify(src/isaac_ros_dnn_inference/test/models/mobilenetv2-1.0_triton_onnx/1) by extension 'colcon_pkg'
[0.337s] Level 1:colcon.colcon_core.package_identification:_identify(src/isaac_ros_dnn_inference/test/models/mobilenetv2-1.0_triton_onnx/1) by extensions ['colcon_meta']
[0.337s] Level 1:colcon.colcon_core.package_identification:_identify(src/isaac_ros_dnn_inference/test/models/mobilenetv2-1.0_triton_onnx/1) by extension 'colcon_meta'
[0.337s] Level 1:colcon.colcon_core.package_identification:_identify(src/isaac_ros_dnn_inference/test/models/mobilenetv2-1.0_triton_onnx/1) by extensions ['ros']
[0.337s] Level 1:colcon.colcon_core.package_identification:_identify(src/isaac_ros_dnn_inference/test/models/mobilenetv2-1.0_triton_onnx/1) by extension 'ros'
[0.337s] Level 1:colcon.colcon_core.package_identification:_identify(src/isaac_ros_dnn_inference/test/models/mobilenetv2-1.0_triton_onnx/1) by extensions ['cmake', 'python']
[0.337s] Level 1:colcon.colcon_core.package_identification:_identify(src/isaac_ros_dnn_inference/test/models/mobilenetv2-1.0_triton_onnx/1) by extension 'cmake'
[0.337s] Level 1:colcon.colcon_core.package_identification:_identify(src/isaac_ros_dnn_inference/test/models/mobilenetv2-1.0_triton_onnx/1) by extension 'python'
[0.337s] Level 1:colcon.colcon_core.package_identification:_identify(src/isaac_ros_dnn_inference/test/models/mobilenetv2-1.0_triton_onnx/1) by extensions ['python_setup_py']
[0.337s] Level 1:colcon.colcon_core.package_identification:_identify(src/isaac_ros_dnn_inference/test/models/mobilenetv2-1.0_triton_onnx/1) by extension 'python_setup_py'
[0.337s] Level 1:colcon.colcon_core.package_identification:_identify(src/isaac_ros_dnn_inference/test/models/simple_triton_tf) by extensions ['ignore', 'ignore_ament_install']
[0.337s] Level 1:colcon.colcon_core.package_identification:_identify(src/isaac_ros_dnn_inference/test/models/simple_triton_tf) by extension 'ignore'
[0.337s] Level 1:colcon.colcon_core.package_identification:_identify(src/isaac_ros_dnn_inference/test/models/simple_triton_tf) by extension 'ignore_ament_install'
[0.337s] Level 1:colcon.colcon_core.package_identification:_identify(src/isaac_ros_dnn_inference/test/models/simple_triton_tf) by extensions ['colcon_pkg']
[0.337s] Level 1:colcon.colcon_core.package_identification:_identify(src/isaac_ros_dnn_inference/test/models/simple_triton_tf) by extension 'colcon_pkg'
[0.337s] Level 1:colcon.colcon_core.package_identification:_identify(src/isaac_ros_dnn_inference/test/models/simple_triton_tf) by extensions ['colcon_meta']
[0.337s] Level 1:colcon.colcon_core.package_identification:_identify(src/isaac_ros_dnn_inference/test/models/simple_triton_tf) by extension 'colcon_meta'
[0.337s] Level 1:colcon.colcon_core.package_identification:_identify(src/isaac_ros_dnn_inference/test/models/simple_triton_tf) by extensions ['ros']
[0.337s] Level 1:colcon.colcon_core.package_identification:_identify(src/isaac_ros_dnn_inference/test/models/simple_triton_tf) by extension 'ros'
[0.337s] Level 1:colcon.colcon_core.package_identification:_identify(src/isaac_ros_dnn_inference/test/models/simple_triton_tf) by extensions ['cmake', 'python']
[0.337s] Level 1:colcon.colcon_core.package_identification:_identify(src/isaac_ros_dnn_inference/test/models/simple_triton_tf) by extension 'cmake'
[0.337s] Level 1:colcon.colcon_core.package_identification:_identify(src/isaac_ros_dnn_inference/test/models/simple_triton_tf) by extension 'python'
[0.337s] Level 1:colcon.colcon_core.package_identification:_identify(src/isaac_ros_dnn_inference/test/models/simple_triton_tf) by extensions ['python_setup_py']
[0.337s] Level 1:colcon.colcon_core.package_identification:_identify(src/isaac_ros_dnn_inference/test/models/simple_triton_tf) by extension 'python_setup_py'
[0.337s] Level 1:colcon.colcon_core.package_identification:_identify(src/isaac_ros_dnn_inference/test/models/simple_triton_tf/1) by extensions ['ignore', 'ignore_ament_install']
[0.337s] Level 1:colcon.colcon_core.package_identification:_identify(src/isaac_ros_dnn_inference/test/models/simple_triton_tf/1) by extension 'ignore'
[0.337s] Level 1:colcon.colcon_core.package_identification:_identify(src/isaac_ros_dnn_inference/test/models/simple_triton_tf/1) by extension 'ignore_ament_install'
[0.337s] Level 1:colcon.colcon_core.package_identification:_identify(src/isaac_ros_dnn_inference/test/models/simple_triton_tf/1) by extensions ['colcon_pkg']
[0.337s] Level 1:colcon.colcon_core.package_identification:_identify(src/isaac_ros_dnn_inference/test/models/simple_triton_tf/1) by extension 'colcon_pkg'
[0.337s] Level 1:colcon.colcon_core.package_identification:_identify(src/isaac_ros_dnn_inference/test/models/simple_triton_tf/1) by extensions ['colcon_meta']
[0.337s] Level 1:colcon.colcon_core.package_identification:_identify(src/isaac_ros_dnn_inference/test/models/simple_triton_tf/1) by extension 'colcon_meta'
[0.337s] Level 1:colcon.colcon_core.package_identification:_identify(src/isaac_ros_dnn_inference/test/models/simple_triton_tf/1) by extensions ['ros']
[0.337s] Level 1:colcon.colcon_core.package_identification:_identify(src/isaac_ros_dnn_inference/test/models/simple_triton_tf/1) by extension 'ros'
[0.337s] Level 1:colcon.colcon_core.package_identification:_identify(src/isaac_ros_dnn_inference/test/models/simple_triton_tf/1) by extensions ['cmake', 'python']
[0.337s] Level 1:colcon.colcon_core.package_identification:_identify(src/isaac_ros_dnn_inference/test/models/simple_triton_tf/1) by extension 'cmake'
[0.337s] Level 1:colcon.colcon_core.package_identification:_identify(src/isaac_ros_dnn_inference/test/models/simple_triton_tf/1) by extension 'python'
[0.337s] Level 1:colcon.colcon_core.package_identification:_identify(src/isaac_ros_dnn_inference/test/models/simple_triton_tf/1) by extensions ['python_setup_py']
[0.337s] Level 1:colcon.colcon_core.package_identification:_identify(src/isaac_ros_dnn_inference/test/models/simple_triton_tf/1) by extension 'python_setup_py'
[0.337s] Level 1:colcon.colcon_core.package_identification:_identify(src/isaac_ros_image_pipeline) by extensions ['ignore', 'ignore_ament_install']
[0.337s] Level 1:colcon.colcon_core.package_identification:_identify(src/isaac_ros_image_pipeline) by extension 'ignore'
[0.337s] Level 1:colcon.colcon_core.package_identification:_identify(src/isaac_ros_image_pipeline) by extension 'ignore_ament_install'
[0.337s] Level 1:colcon.colcon_core.package_identification:_identify(src/isaac_ros_image_pipeline) by extensions ['colcon_pkg']
[0.337s] Level 1:colcon.colcon_core.package_identification:_identify(src/isaac_ros_image_pipeline) by extension 'colcon_pkg'
[0.337s] Level 1:colcon.colcon_core.package_identification:_identify(src/isaac_ros_image_pipeline) by extensions ['colcon_meta']
[0.338s] Level 1:colcon.colcon_core.package_identification:_identify(src/isaac_ros_image_pipeline) by extension 'colcon_meta'
[0.338s] Level 1:colcon.colcon_core.package_identification:_identify(src/isaac_ros_image_pipeline) by extensions ['ros']
[0.338s] Level 1:colcon.colcon_core.package_identification:_identify(src/isaac_ros_image_pipeline) by extension 'ros'
[0.338s] Level 1:colcon.colcon_core.package_identification:_identify(src/isaac_ros_image_pipeline) by extensions ['cmake', 'python']
[0.338s] Level 1:colcon.colcon_core.package_identification:_identify(src/isaac_ros_image_pipeline) by extension 'cmake'
[0.338s] Level 1:colcon.colcon_core.package_identification:_identify(src/isaac_ros_image_pipeline) by extension 'python'
[0.338s] Level 1:colcon.colcon_core.package_identification:_identify(src/isaac_ros_image_pipeline) by extensions ['python_setup_py']
[0.338s] Level 1:colcon.colcon_core.package_identification:_identify(src/isaac_ros_image_pipeline) by extension 'python_setup_py'
[0.338s] Level 1:colcon.colcon_core.package_identification:_identify(src/isaac_ros_image_pipeline/isaac_ros_depth_image_proc) by extensions ['ignore', 'ignore_ament_install']
[0.338s] Level 1:colcon.colcon_core.package_identification:_identify(src/isaac_ros_image_pipeline/isaac_ros_depth_image_proc) by extension 'ignore'
[0.338s] Level 1:colcon.colcon_core.package_identification:_identify(src/isaac_ros_image_pipeline/isaac_ros_depth_image_proc) by extension 'ignore_ament_install'
[0.338s] Level 1:colcon.colcon_core.package_identification:_identify(src/isaac_ros_image_pipeline/isaac_ros_depth_image_proc) by extensions ['colcon_pkg']
[0.338s] Level 1:colcon.colcon_core.package_identification:_identify(src/isaac_ros_image_pipeline/isaac_ros_depth_image_proc) by extension 'colcon_pkg'
[0.338s] Level 1:colcon.colcon_core.package_identification:_identify(src/isaac_ros_image_pipeline/isaac_ros_depth_image_proc) by extensions ['colcon_meta']
[0.338s] Level 1:colcon.colcon_core.package_identification:_identify(src/isaac_ros_image_pipeline/isaac_ros_depth_image_proc) by extension 'colcon_meta'
[0.338s] Level 1:colcon.colcon_core.package_identification:_identify(src/isaac_ros_image_pipeline/isaac_ros_depth_image_proc) by extensions ['ros']
[0.338s] Level 1:colcon.colcon_core.package_identification:_identify(src/isaac_ros_image_pipeline/isaac_ros_depth_image_proc) by extension 'ros'
[0.339s] DEBUG:colcon.colcon_core.package_identification:Package 'src/isaac_ros_image_pipeline/isaac_ros_depth_image_proc' with type 'ros.ament_cmake' and name 'isaac_ros_depth_image_proc'
[0.339s] Level 1:colcon.colcon_core.package_identification:_identify(src/isaac_ros_image_pipeline/isaac_ros_gxf_extensions) by extensions ['ignore', 'ignore_ament_install']
[0.339s] Level 1:colcon.colcon_core.package_identification:_identify(src/isaac_ros_image_pipeline/isaac_ros_gxf_extensions) by extension 'ignore'
[0.339s] Level 1:colcon.colcon_core.package_identification:_identify(src/isaac_ros_image_pipeline/isaac_ros_gxf_extensions) by extension 'ignore_ament_install'
[0.339s] Level 1:colcon.colcon_core.package_identification:_identify(src/isaac_ros_image_pipeline/isaac_ros_gxf_extensions) by extensions ['colcon_pkg']
[0.339s] Level 1:colcon.colcon_core.package_identification:_identify(src/isaac_ros_image_pipeline/isaac_ros_gxf_extensions) by extension 'colcon_pkg'
[0.339s] Level 1:colcon.colcon_core.package_identification:_identify(src/isaac_ros_image_pipeline/isaac_ros_gxf_extensions) by extensions ['colcon_meta']
[0.339s] Level 1:colcon.colcon_core.package_identification:_identify(src/isaac_ros_image_pipeline/isaac_ros_gxf_extensions) by extension 'colcon_meta'
[0.339s] Level 1:colcon.colcon_core.package_identification:_identify(src/isaac_ros_image_pipeline/isaac_ros_gxf_extensions) by extensions ['ros']
[0.339s] Level 1:colcon.colcon_core.package_identification:_identify(src/isaac_ros_image_pipeline/isaac_ros_gxf_extensions) by extension 'ros'
[0.339s] Level 1:colcon.colcon_core.package_identification:_identify(src/isaac_ros_image_pipeline/isaac_ros_gxf_extensions) by extensions ['cmake', 'python']
[0.339s] Level 1:colcon.colcon_core.package_identification:_identify(src/isaac_ros_image_pipeline/isaac_ros_gxf_extensions) by extension 'cmake'
[0.339s] Level 1:colcon.colcon_core.package_identification:_identify(src/isaac_ros_image_pipeline/isaac_ros_gxf_extensions) by extension 'python'
[0.339s] Level 1:colcon.colcon_core.package_identification:_identify(src/isaac_ros_image_pipeline/isaac_ros_gxf_extensions) by extensions ['python_setup_py']
[0.339s] Level 1:colcon.colcon_core.package_identification:_identify(src/isaac_ros_image_pipeline/isaac_ros_gxf_extensions) by extension 'python_setup_py'
[0.339s] Level 1:colcon.colcon_core.package_identification:_identify(src/isaac_ros_image_pipeline/isaac_ros_gxf_extensions/gxf_isaac_depth_image_proc) by extensions ['ignore', 'ignore_ament_install']
[0.339s] Level 1:colcon.colcon_core.package_identification:_identify(src/isaac_ros_image_pipeline/isaac_ros_gxf_extensions/gxf_isaac_depth_image_proc) by extension 'ignore'
[0.339s] Level 1:colcon.colcon_core.package_identification:_identify(src/isaac_ros_image_pipeline/isaac_ros_gxf_extensions/gxf_isaac_depth_image_proc) by extension 'ignore_ament_install'
[0.339s] Level 1:colcon.colcon_core.package_identification:_identify(src/isaac_ros_image_pipeline/isaac_ros_gxf_extensions/gxf_isaac_depth_image_proc) by extensions ['colcon_pkg']
[0.339s] Level 1:colcon.colcon_core.package_identification:_identify(src/isaac_ros_image_pipeline/isaac_ros_gxf_extensions/gxf_isaac_depth_image_proc) by extension 'colcon_pkg'
[0.339s] Level 1:colcon.colcon_core.package_identification:_identify(src/isaac_ros_image_pipeline/isaac_ros_gxf_extensions/gxf_isaac_depth_image_proc) by extensions ['colcon_meta']
[0.339s] Level 1:colcon.colcon_core.package_identification:_identify(src/isaac_ros_image_pipeline/isaac_ros_gxf_extensions/gxf_isaac_depth_image_proc) by extension 'colcon_meta'
[0.339s] Level 1:colcon.colcon_core.package_identification:_identify(src/isaac_ros_image_pipeline/isaac_ros_gxf_extensions/gxf_isaac_depth_image_proc) by extensions ['ros']
[0.339s] Level 1:colcon.colcon_core.package_identification:_identify(src/isaac_ros_image_pipeline/isaac_ros_gxf_extensions/gxf_isaac_depth_image_proc) by extension 'ros'
[0.340s] DEBUG:colcon.colcon_core.package_identification:Package 'src/isaac_ros_image_pipeline/isaac_ros_gxf_extensions/gxf_isaac_depth_image_proc' with type 'ros.ament_cmake' and name 'gxf_isaac_depth_image_proc'
[0.340s] Level 1:colcon.colcon_core.package_identification:_identify(src/isaac_ros_image_pipeline/isaac_ros_gxf_extensions/gxf_isaac_image_flip) by extensions ['ignore', 'ignore_ament_install']
[0.340s] Level 1:colcon.colcon_core.package_identification:_identify(src/isaac_ros_image_pipeline/isaac_ros_gxf_extensions/gxf_isaac_image_flip) by extension 'ignore'
[0.340s] Level 1:colcon.colcon_core.package_identification:_identify(src/isaac_ros_image_pipeline/isaac_ros_gxf_extensions/gxf_isaac_image_flip) by extension 'ignore_ament_install'
[0.340s] Level 1:colcon.colcon_core.package_identification:_identify(src/isaac_ros_image_pipeline/isaac_ros_gxf_extensions/gxf_isaac_image_flip) by extensions ['colcon_pkg']
[0.340s] Level 1:colcon.colcon_core.package_identification:_identify(src/isaac_ros_image_pipeline/isaac_ros_gxf_extensions/gxf_isaac_image_flip) by extension 'colcon_pkg'
[0.340s] Level 1:colcon.colcon_core.package_identification:_identify(src/isaac_ros_image_pipeline/isaac_ros_gxf_extensions/gxf_isaac_image_flip) by extensions ['colcon_meta']
[0.340s] Level 1:colcon.colcon_core.package_identification:_identify(src/isaac_ros_image_pipeline/isaac_ros_gxf_extensions/gxf_isaac_image_flip) by extension 'colcon_meta'
[0.340s] Level 1:colcon.colcon_core.package_identification:_identify(src/isaac_ros_image_pipeline/isaac_ros_gxf_extensions/gxf_isaac_image_flip) by extensions ['ros']
[0.340s] Level 1:colcon.colcon_core.package_identification:_identify(src/isaac_ros_image_pipeline/isaac_ros_gxf_extensions/gxf_isaac_image_flip) by extension 'ros'
[0.341s] DEBUG:colcon.colcon_core.package_identification:Package 'src/isaac_ros_image_pipeline/isaac_ros_gxf_extensions/gxf_isaac_image_flip' with type 'ros.ament_cmake' and name 'gxf_isaac_image_flip'
[0.341s] Level 1:colcon.colcon_core.package_identification:_identify(src/isaac_ros_image_pipeline/isaac_ros_gxf_extensions/gxf_isaac_rectify) by extensions ['ignore', 'ignore_ament_install']
[0.341s] Level 1:colcon.colcon_core.package_identification:_identify(src/isaac_ros_image_pipeline/isaac_ros_gxf_extensions/gxf_isaac_rectify) by extension 'ignore'
[0.341s] Level 1:colcon.colcon_core.package_identification:_identify(src/isaac_ros_image_pipeline/isaac_ros_gxf_extensions/gxf_isaac_rectify) by extension 'ignore_ament_install'
[0.341s] Level 1:colcon.colcon_core.package_identification:_identify(src/isaac_ros_image_pipeline/isaac_ros_gxf_extensions/gxf_isaac_rectify) by extensions ['colcon_pkg']
[0.341s] Level 1:colcon.colcon_core.package_identification:_identify(src/isaac_ros_image_pipeline/isaac_ros_gxf_extensions/gxf_isaac_rectify) by extension 'colcon_pkg'
[0.341s] Level 1:colcon.colcon_core.package_identification:_identify(src/isaac_ros_image_pipeline/isaac_ros_gxf_extensions/gxf_isaac_rectify) by extensions ['colcon_meta']
[0.341s] Level 1:colcon.colcon_core.package_identification:_identify(src/isaac_ros_image_pipeline/isaac_ros_gxf_extensions/gxf_isaac_rectify) by extension 'colcon_meta'
[0.341s] Level 1:colcon.colcon_core.package_identification:_identify(src/isaac_ros_image_pipeline/isaac_ros_gxf_extensions/gxf_isaac_rectify) by extensions ['ros']
[0.341s] Level 1:colcon.colcon_core.package_identification:_identify(src/isaac_ros_image_pipeline/isaac_ros_gxf_extensions/gxf_isaac_rectify) by extension 'ros'
[0.341s] DEBUG:colcon.colcon_core.package_identification:Package 'src/isaac_ros_image_pipeline/isaac_ros_gxf_extensions/gxf_isaac_rectify' with type 'ros.ament_cmake' and name 'gxf_isaac_rectify'
[0.341s] Level 1:colcon.colcon_core.package_identification:_identify(src/isaac_ros_image_pipeline/isaac_ros_gxf_extensions/gxf_isaac_sgm) by extensions ['ignore', 'ignore_ament_install']
[0.341s] Level 1:colcon.colcon_core.package_identification:_identify(src/isaac_ros_image_pipeline/isaac_ros_gxf_extensions/gxf_isaac_sgm) by extension 'ignore'
[0.341s] Level 1:colcon.colcon_core.package_identification:_identify(src/isaac_ros_image_pipeline/isaac_ros_gxf_extensions/gxf_isaac_sgm) by extension 'ignore_ament_install'
[0.341s] Level 1:colcon.colcon_core.package_identification:_identify(src/isaac_ros_image_pipeline/isaac_ros_gxf_extensions/gxf_isaac_sgm) by extensions ['colcon_pkg']
[0.341s] Level 1:colcon.colcon_core.package_identification:_identify(src/isaac_ros_image_pipeline/isaac_ros_gxf_extensions/gxf_isaac_sgm) by extension 'colcon_pkg'
[0.341s] Level 1:colcon.colcon_core.package_identification:_identify(src/isaac_ros_image_pipeline/isaac_ros_gxf_extensions/gxf_isaac_sgm) by extensions ['colcon_meta']
[0.341s] Level 1:colcon.colcon_core.package_identification:_identify(src/isaac_ros_image_pipeline/isaac_ros_gxf_extensions/gxf_isaac_sgm) by extension 'colcon_meta'
[0.342s] Level 1:colcon.colcon_core.package_identification:_identify(src/isaac_ros_image_pipeline/isaac_ros_gxf_extensions/gxf_isaac_sgm) by extensions ['ros']
[0.342s] Level 1:colcon.colcon_core.package_identification:_identify(src/isaac_ros_image_pipeline/isaac_ros_gxf_extensions/gxf_isaac_sgm) by extension 'ros'
[0.342s] DEBUG:colcon.colcon_core.package_identification:Package 'src/isaac_ros_image_pipeline/isaac_ros_gxf_extensions/gxf_isaac_sgm' with type 'ros.ament_cmake' and name 'gxf_isaac_sgm'
[0.342s] Level 1:colcon.colcon_core.package_identification:_identify(src/isaac_ros_image_pipeline/isaac_ros_gxf_extensions/gxf_isaac_tensorops) by extensions ['ignore', 'ignore_ament_install']
[0.342s] Level 1:colcon.colcon_core.package_identification:_identify(src/isaac_ros_image_pipeline/isaac_ros_gxf_extensions/gxf_isaac_tensorops) by extension 'ignore'
[0.342s] Level 1:colcon.colcon_core.package_identification:_identify(src/isaac_ros_image_pipeline/isaac_ros_gxf_extensions/gxf_isaac_tensorops) by extension 'ignore_ament_install'
[0.342s] Level 1:colcon.colcon_core.package_identification:_identify(src/isaac_ros_image_pipeline/isaac_ros_gxf_extensions/gxf_isaac_tensorops) by extensions ['colcon_pkg']
[0.342s] Level 1:colcon.colcon_core.package_identification:_identify(src/isaac_ros_image_pipeline/isaac_ros_gxf_extensions/gxf_isaac_tensorops) by extension 'colcon_pkg'
[0.342s] Level 1:colcon.colcon_core.package_identification:_identify(src/isaac_ros_image_pipeline/isaac_ros_gxf_extensions/gxf_isaac_tensorops) by extensions ['colcon_meta']
[0.342s] Level 1:colcon.colcon_core.package_identification:_identify(src/isaac_ros_image_pipeline/isaac_ros_gxf_extensions/gxf_isaac_tensorops) by extension 'colcon_meta'
[0.342s] Level 1:colcon.colcon_core.package_identification:_identify(src/isaac_ros_image_pipeline/isaac_ros_gxf_extensions/gxf_isaac_tensorops) by extensions ['ros']
[0.342s] Level 1:colcon.colcon_core.package_identification:_identify(src/isaac_ros_image_pipeline/isaac_ros_gxf_extensions/gxf_isaac_tensorops) by extension 'ros'
[0.343s] DEBUG:colcon.colcon_core.package_identification:Package 'src/isaac_ros_image_pipeline/isaac_ros_gxf_extensions/gxf_isaac_tensorops' with type 'ros.ament_cmake' and name 'gxf_isaac_tensorops'
[0.343s] Level 1:colcon.colcon_core.package_identification:_identify(src/isaac_ros_image_pipeline/isaac_ros_image_pipeline) by extensions ['ignore', 'ignore_ament_install']
[0.343s] Level 1:colcon.colcon_core.package_identification:_identify(src/isaac_ros_image_pipeline/isaac_ros_image_pipeline) by extension 'ignore'
[0.343s] Level 1:colcon.colcon_core.package_identification:_identify(src/isaac_ros_image_pipeline/isaac_ros_image_pipeline) by extension 'ignore_ament_install'
[0.343s] Level 1:colcon.colcon_core.package_identification:_identify(src/isaac_ros_image_pipeline/isaac_ros_image_pipeline) by extensions ['colcon_pkg']
[0.343s] Level 1:colcon.colcon_core.package_identification:_identify(src/isaac_ros_image_pipeline/isaac_ros_image_pipeline) by extension 'colcon_pkg'
[0.343s] Level 1:colcon.colcon_core.package_identification:_identify(src/isaac_ros_image_pipeline/isaac_ros_image_pipeline) by extensions ['colcon_meta']
[0.343s] Level 1:colcon.colcon_core.package_identification:_identify(src/isaac_ros_image_pipeline/isaac_ros_image_pipeline) by extension 'colcon_meta'
[0.343s] Level 1:colcon.colcon_core.package_identification:_identify(src/isaac_ros_image_pipeline/isaac_ros_image_pipeline) by extensions ['ros']
[0.343s] Level 1:colcon.colcon_core.package_identification:_identify(src/isaac_ros_image_pipeline/isaac_ros_image_pipeline) by extension 'ros'
[0.344s] DEBUG:colcon.colcon_core.package_identification:Package 'src/isaac_ros_image_pipeline/isaac_ros_image_pipeline' with type 'ros.ament_cmake' and name 'isaac_ros_image_pipeline'
[0.344s] Level 1:colcon.colcon_core.package_identification:_identify(src/isaac_ros_image_pipeline/isaac_ros_image_proc) by extensions ['ignore', 'ignore_ament_install']
[0.344s] Level 1:colcon.colcon_core.package_identification:_identify(src/isaac_ros_image_pipeline/isaac_ros_image_proc) by extension 'ignore'
[0.344s] Level 1:colcon.colcon_core.package_identification:_identify(src/isaac_ros_image_pipeline/isaac_ros_image_proc) by extension 'ignore_ament_install'
[0.344s] Level 1:colcon.colcon_core.package_identification:_identify(src/isaac_ros_image_pipeline/isaac_ros_image_proc) by extensions ['colcon_pkg']
[0.344s] Level 1:colcon.colcon_core.package_identification:_identify(src/isaac_ros_image_pipeline/isaac_ros_image_proc) by extension 'colcon_pkg'
[0.344s] Level 1:colcon.colcon_core.package_identification:_identify(src/isaac_ros_image_pipeline/isaac_ros_image_proc) by extensions ['colcon_meta']
[0.344s] Level 1:colcon.colcon_core.package_identification:_identify(src/isaac_ros_image_pipeline/isaac_ros_image_proc) by extension 'colcon_meta'
[0.344s] Level 1:colcon.colcon_core.package_identification:_identify(src/isaac_ros_image_pipeline/isaac_ros_image_proc) by extensions ['ros']
[0.344s] Level 1:colcon.colcon_core.package_identification:_identify(src/isaac_ros_image_pipeline/isaac_ros_image_proc) by extension 'ros'
[0.345s] DEBUG:colcon.colcon_core.package_identification:Package 'src/isaac_ros_image_pipeline/isaac_ros_image_proc' with type 'ros.ament_cmake' and name 'isaac_ros_image_proc'
[0.345s] Level 1:colcon.colcon_core.package_identification:_identify(src/isaac_ros_image_pipeline/isaac_ros_stereo_image_proc) by extensions ['ignore', 'ignore_ament_install']
[0.345s] Level 1:colcon.colcon_core.package_identification:_identify(src/isaac_ros_image_pipeline/isaac_ros_stereo_image_proc) by extension 'ignore'
[0.345s] Level 1:colcon.colcon_core.package_identification:_identify(src/isaac_ros_image_pipeline/isaac_ros_stereo_image_proc) by extension 'ignore_ament_install'
[0.345s] Level 1:colcon.colcon_core.package_identification:_identify(src/isaac_ros_image_pipeline/isaac_ros_stereo_image_proc) by extensions ['colcon_pkg']
[0.345s] Level 1:colcon.colcon_core.package_identification:_identify(src/isaac_ros_image_pipeline/isaac_ros_stereo_image_proc) by extension 'colcon_pkg'
[0.345s] Level 1:colcon.colcon_core.package_identification:_identify(src/isaac_ros_image_pipeline/isaac_ros_stereo_image_proc) by extensions ['colcon_meta']
[0.345s] Level 1:colcon.colcon_core.package_identification:_identify(src/isaac_ros_image_pipeline/isaac_ros_stereo_image_proc) by extension 'colcon_meta'
[0.345s] Level 1:colcon.colcon_core.package_identification:_identify(src/isaac_ros_image_pipeline/isaac_ros_stereo_image_proc) by extensions ['ros']
[0.345s] Level 1:colcon.colcon_core.package_identification:_identify(src/isaac_ros_image_pipeline/isaac_ros_stereo_image_proc) by extension 'ros'
[0.346s] DEBUG:colcon.colcon_core.package_identification:Package 'src/isaac_ros_image_pipeline/isaac_ros_stereo_image_proc' with type 'ros.ament_cmake' and name 'isaac_ros_stereo_image_proc'
[0.346s] Level 1:colcon.colcon_core.package_identification:_identify(src/isaac_ros_nitros) by extensions ['ignore', 'ignore_ament_install']
[0.346s] Level 1:colcon.colcon_core.package_identification:_identify(src/isaac_ros_nitros) by extension 'ignore'
[0.346s] Level 1:colcon.colcon_core.package_identification:_identify(src/isaac_ros_nitros) by extension 'ignore_ament_install'
[0.346s] Level 1:colcon.colcon_core.package_identification:_identify(src/isaac_ros_nitros) by extensions ['colcon_pkg']
[0.346s] Level 1:colcon.colcon_core.package_identification:_identify(src/isaac_ros_nitros) by extension 'colcon_pkg'
[0.346s] Level 1:colcon.colcon_core.package_identification:_identify(src/isaac_ros_nitros) by extensions ['colcon_meta']
[0.346s] Level 1:colcon.colcon_core.package_identification:_identify(src/isaac_ros_nitros) by extension 'colcon_meta'
[0.346s] Level 1:colcon.colcon_core.package_identification:_identify(src/isaac_ros_nitros) by extensions ['ros']
[0.346s] Level 1:colcon.colcon_core.package_identification:_identify(src/isaac_ros_nitros) by extension 'ros'
[0.346s] Level 1:colcon.colcon_core.package_identification:_identify(src/isaac_ros_nitros) by extensions ['cmake', 'python']
[0.346s] Level 1:colcon.colcon_core.package_identification:_identify(src/isaac_ros_nitros) by extension 'cmake'
[0.346s] Level 1:colcon.colcon_core.package_identification:_identify(src/isaac_ros_nitros) by extension 'python'
[0.346s] Level 1:colcon.colcon_core.package_identification:_identify(src/isaac_ros_nitros) by extensions ['python_setup_py']
[0.346s] Level 1:colcon.colcon_core.package_identification:_identify(src/isaac_ros_nitros) by extension 'python_setup_py'
[0.346s] Level 1:colcon.colcon_core.package_identification:_identify(src/isaac_ros_nitros/isaac_ros_gxf) by extensions ['ignore', 'ignore_ament_install']
[0.346s] Level 1:colcon.colcon_core.package_identification:_identify(src/isaac_ros_nitros/isaac_ros_gxf) by extension 'ignore'
[0.346s] Level 1:colcon.colcon_core.package_identification:_identify(src/isaac_ros_nitros/isaac_ros_gxf) by extension 'ignore_ament_install'
[0.346s] Level 1:colcon.colcon_core.package_identification:_identify(src/isaac_ros_nitros/isaac_ros_gxf) by extensions ['colcon_pkg']
[0.346s] Level 1:colcon.colcon_core.package_identification:_identify(src/isaac_ros_nitros/isaac_ros_gxf) by extension 'colcon_pkg'
[0.346s] Level 1:colcon.colcon_core.package_identification:_identify(src/isaac_ros_nitros/isaac_ros_gxf) by extensions ['colcon_meta']
[0.346s] Level 1:colcon.colcon_core.package_identification:_identify(src/isaac_ros_nitros/isaac_ros_gxf) by extension 'colcon_meta'
[0.347s] Level 1:colcon.colcon_core.package_identification:_identify(src/isaac_ros_nitros/isaac_ros_gxf) by extensions ['ros']
[0.347s] Level 1:colcon.colcon_core.package_identification:_identify(src/isaac_ros_nitros/isaac_ros_gxf) by extension 'ros'
[0.347s] DEBUG:colcon.colcon_core.package_identification:Package 'src/isaac_ros_nitros/isaac_ros_gxf' with type 'ros.ament_cmake' and name 'isaac_ros_gxf'
[0.347s] Level 1:colcon.colcon_core.package_identification:_identify(src/isaac_ros_nitros/isaac_ros_gxf_extensions) by extensions ['ignore', 'ignore_ament_install']
[0.347s] Level 1:colcon.colcon_core.package_identification:_identify(src/isaac_ros_nitros/isaac_ros_gxf_extensions) by extension 'ignore'
[0.347s] Level 1:colcon.colcon_core.package_identification:_identify(src/isaac_ros_nitros/isaac_ros_gxf_extensions) by extension 'ignore_ament_install'
[0.347s] Level 1:colcon.colcon_core.package_identification:_identify(src/isaac_ros_nitros/isaac_ros_gxf_extensions) by extensions ['colcon_pkg']
[0.347s] Level 1:colcon.colcon_core.package_identification:_identify(src/isaac_ros_nitros/isaac_ros_gxf_extensions) by extension 'colcon_pkg'
[0.347s] Level 1:colcon.colcon_core.package_identification:_identify(src/isaac_ros_nitros/isaac_ros_gxf_extensions) by extensions ['colcon_meta']
[0.347s] Level 1:colcon.colcon_core.package_identification:_identify(src/isaac_ros_nitros/isaac_ros_gxf_extensions) by extension 'colcon_meta'
[0.347s] Level 1:colcon.colcon_core.package_identification:_identify(src/isaac_ros_nitros/isaac_ros_gxf_extensions) by extensions ['ros']
[0.347s] Level 1:colcon.colcon_core.package_identification:_identify(src/isaac_ros_nitros/isaac_ros_gxf_extensions) by extension 'ros'
[0.347s] Level 1:colcon.colcon_core.package_identification:_identify(src/isaac_ros_nitros/isaac_ros_gxf_extensions) by extensions ['cmake', 'python']
[0.347s] Level 1:colcon.colcon_core.package_identification:_identify(src/isaac_ros_nitros/isaac_ros_gxf_extensions) by extension 'cmake'
[0.347s] Level 1:colcon.colcon_core.package_identification:_identify(src/isaac_ros_nitros/isaac_ros_gxf_extensions) by extension 'python'
[0.347s] Level 1:colcon.colcon_core.package_identification:_identify(src/isaac_ros_nitros/isaac_ros_gxf_extensions) by extensions ['python_setup_py']
[0.347s] Level 1:colcon.colcon_core.package_identification:_identify(src/isaac_ros_nitros/isaac_ros_gxf_extensions) by extension 'python_setup_py'
[0.347s] Level 1:colcon.colcon_core.package_identification:_identify(src/isaac_ros_nitros/isaac_ros_gxf_extensions/gxf_isaac_argus) by extensions ['ignore', 'ignore_ament_install']
[0.347s] Level 1:colcon.colcon_core.package_identification:_identify(src/isaac_ros_nitros/isaac_ros_gxf_extensions/gxf_isaac_argus) by extension 'ignore'
[0.347s] Level 1:colcon.colcon_core.package_identification:_identify(src/isaac_ros_nitros/isaac_ros_gxf_extensions/gxf_isaac_argus) by extension 'ignore_ament_install'
[0.347s] Level 1:colcon.colcon_core.package_identification:_identify(src/isaac_ros_nitros/isaac_ros_gxf_extensions/gxf_isaac_argus) by extensions ['colcon_pkg']
[0.347s] Level 1:colcon.colcon_core.package_identification:_identify(src/isaac_ros_nitros/isaac_ros_gxf_extensions/gxf_isaac_argus) by extension 'colcon_pkg'
[0.347s] Level 1:colcon.colcon_core.package_identification:_identify(src/isaac_ros_nitros/isaac_ros_gxf_extensions/gxf_isaac_argus) by extensions ['colcon_meta']
[0.347s] Level 1:colcon.colcon_core.package_identification:_identify(src/isaac_ros_nitros/isaac_ros_gxf_extensions/gxf_isaac_argus) by extension 'colcon_meta'
[0.348s] Level 1:colcon.colcon_core.package_identification:_identify(src/isaac_ros_nitros/isaac_ros_gxf_extensions/gxf_isaac_argus) by extensions ['ros']
[0.348s] Level 1:colcon.colcon_core.package_identification:_identify(src/isaac_ros_nitros/isaac_ros_gxf_extensions/gxf_isaac_argus) by extension 'ros'
[0.348s] DEBUG:colcon.colcon_core.package_identification:Package 'src/isaac_ros_nitros/isaac_ros_gxf_extensions/gxf_isaac_argus' with type 'ros.ament_cmake' and name 'gxf_isaac_argus'
[0.348s] Level 1:colcon.colcon_core.package_identification:_identify(src/isaac_ros_nitros/isaac_ros_gxf_extensions/gxf_isaac_atlas) by extensions ['ignore', 'ignore_ament_install']
[0.348s] Level 1:colcon.colcon_core.package_identification:_identify(src/isaac_ros_nitros/isaac_ros_gxf_extensions/gxf_isaac_atlas) by extension 'ignore'
[0.348s] Level 1:colcon.colcon_core.package_identification:_identify(src/isaac_ros_nitros/isaac_ros_gxf_extensions/gxf_isaac_atlas) by extension 'ignore_ament_install'
[0.348s] Level 1:colcon.colcon_core.package_identification:_identify(src/isaac_ros_nitros/isaac_ros_gxf_extensions/gxf_isaac_atlas) by extensions ['colcon_pkg']
[0.348s] Level 1:colcon.colcon_core.package_identification:_identify(src/isaac_ros_nitros/isaac_ros_gxf_extensions/gxf_isaac_atlas) by extension 'colcon_pkg'
[0.348s] Level 1:colcon.colcon_core.package_identification:_identify(src/isaac_ros_nitros/isaac_ros_gxf_extensions/gxf_isaac_atlas) by extensions ['colcon_meta']
[0.348s] Level 1:colcon.colcon_core.package_identification:_identify(src/isaac_ros_nitros/isaac_ros_gxf_extensions/gxf_isaac_atlas) by extension 'colcon_meta'
[0.348s] Level 1:colcon.colcon_core.package_identification:_identify(src/isaac_ros_nitros/isaac_ros_gxf_extensions/gxf_isaac_atlas) by extensions ['ros']
[0.348s] Level 1:colcon.colcon_core.package_identification:_identify(src/isaac_ros_nitros/isaac_ros_gxf_extensions/gxf_isaac_atlas) by extension 'ros'
[0.349s] DEBUG:colcon.colcon_core.package_identification:Package 'src/isaac_ros_nitros/isaac_ros_gxf_extensions/gxf_isaac_atlas' with type 'ros.ament_cmake' and name 'gxf_isaac_atlas'
[0.349s] Level 1:colcon.colcon_core.package_identification:_identify(src/isaac_ros_nitros/isaac_ros_gxf_extensions/gxf_isaac_cuda) by extensions ['ignore', 'ignore_ament_install']
[0.349s] Level 1:colcon.colcon_core.package_identification:_identify(src/isaac_ros_nitros/isaac_ros_gxf_extensions/gxf_isaac_cuda) by extension 'ignore'
[0.349s] Level 1:colcon.colcon_core.package_identification:_identify(src/isaac_ros_nitros/isaac_ros_gxf_extensions/gxf_isaac_cuda) by extension 'ignore_ament_install'
[0.349s] Level 1:colcon.colcon_core.package_identification:_identify(src/isaac_ros_nitros/isaac_ros_gxf_extensions/gxf_isaac_cuda) by extensions ['colcon_pkg']
[0.349s] Level 1:colcon.colcon_core.package_identification:_identify(src/isaac_ros_nitros/isaac_ros_gxf_extensions/gxf_isaac_cuda) by extension 'colcon_pkg'
[0.349s] Level 1:colcon.colcon_core.package_identification:_identify(src/isaac_ros_nitros/isaac_ros_gxf_extensions/gxf_isaac_cuda) by extensions ['colcon_meta']
[0.349s] Level 1:colcon.colcon_core.package_identification:_identify(src/isaac_ros_nitros/isaac_ros_gxf_extensions/gxf_isaac_cuda) by extension 'colcon_meta'
[0.349s] Level 1:colcon.colcon_core.package_identification:_identify(src/isaac_ros_nitros/isaac_ros_gxf_extensions/gxf_isaac_cuda) by extensions ['ros']
[0.349s] Level 1:colcon.colcon_core.package_identification:_identify(src/isaac_ros_nitros/isaac_ros_gxf_extensions/gxf_isaac_cuda) by extension 'ros'
[0.349s] DEBUG:colcon.colcon_core.package_identification:Package 'src/isaac_ros_nitros/isaac_ros_gxf_extensions/gxf_isaac_cuda' with type 'ros.ament_cmake' and name 'gxf_isaac_cuda'
[0.349s] Level 1:colcon.colcon_core.package_identification:_identify(src/isaac_ros_nitros/isaac_ros_gxf_extensions/gxf_isaac_flatscan_localization) by extensions ['ignore', 'ignore_ament_install']
[0.350s] Level 1:colcon.colcon_core.package_identification:_identify(src/isaac_ros_nitros/isaac_ros_gxf_extensions/gxf_isaac_flatscan_localization) by extension 'ignore'
[0.350s] Level 1:colcon.colcon_core.package_identification:_identify(src/isaac_ros_nitros/isaac_ros_gxf_extensions/gxf_isaac_flatscan_localization) by extension 'ignore_ament_install'
[0.350s] Level 1:colcon.colcon_core.package_identification:_identify(src/isaac_ros_nitros/isaac_ros_gxf_extensions/gxf_isaac_flatscan_localization) by extensions ['colcon_pkg']
[0.350s] Level 1:colcon.colcon_core.package_identification:_identify(src/isaac_ros_nitros/isaac_ros_gxf_extensions/gxf_isaac_flatscan_localization) by extension 'colcon_pkg'
[0.350s] Level 1:colcon.colcon_core.package_identification:_identify(src/isaac_ros_nitros/isaac_ros_gxf_extensions/gxf_isaac_flatscan_localization) by extensions ['colcon_meta']
[0.350s] Level 1:colcon.colcon_core.package_identification:_identify(src/isaac_ros_nitros/isaac_ros_gxf_extensions/gxf_isaac_flatscan_localization) by extension 'colcon_meta'
[0.350s] Level 1:colcon.colcon_core.package_identification:_identify(src/isaac_ros_nitros/isaac_ros_gxf_extensions/gxf_isaac_flatscan_localization) by extensions ['ros']
[0.350s] Level 1:colcon.colcon_core.package_identification:_identify(src/isaac_ros_nitros/isaac_ros_gxf_extensions/gxf_isaac_flatscan_localization) by extension 'ros'
[0.350s] DEBUG:colcon.colcon_core.package_identification:Package 'src/isaac_ros_nitros/isaac_ros_gxf_extensions/gxf_isaac_flatscan_localization' with type 'ros.ament_cmake' and name 'gxf_isaac_flatscan_localization'
[0.350s] Level 1:colcon.colcon_core.package_identification:_identify(src/isaac_ros_nitros/isaac_ros_gxf_extensions/gxf_isaac_gems) by extensions ['ignore', 'ignore_ament_install']
[0.350s] Level 1:colcon.colcon_core.package_identification:_identify(src/isaac_ros_nitros/isaac_ros_gxf_extensions/gxf_isaac_gems) by extension 'ignore'
[0.350s] Level 1:colcon.colcon_core.package_identification:_identify(src/isaac_ros_nitros/isaac_ros_gxf_extensions/gxf_isaac_gems) by extension 'ignore_ament_install'
[0.350s] Level 1:colcon.colcon_core.package_identification:_identify(src/isaac_ros_nitros/isaac_ros_gxf_extensions/gxf_isaac_gems) by extensions ['colcon_pkg']
[0.350s] Level 1:colcon.colcon_core.package_identification:_identify(src/isaac_ros_nitros/isaac_ros_gxf_extensions/gxf_isaac_gems) by extension 'colcon_pkg'
[0.350s] Level 1:colcon.colcon_core.package_identification:_identify(src/isaac_ros_nitros/isaac_ros_gxf_extensions/gxf_isaac_gems) by extensions ['colcon_meta']
[0.350s] Level 1:colcon.colcon_core.package_identification:_identify(src/isaac_ros_nitros/isaac_ros_gxf_extensions/gxf_isaac_gems) by extension 'colcon_meta'
[0.350s] Level 1:colcon.colcon_core.package_identification:_identify(src/isaac_ros_nitros/isaac_ros_gxf_extensions/gxf_isaac_gems) by extensions ['ros']
[0.350s] Level 1:colcon.colcon_core.package_identification:_identify(src/isaac_ros_nitros/isaac_ros_gxf_extensions/gxf_isaac_gems) by extension 'ros'
[0.351s] DEBUG:colcon.colcon_core.package_identification:Package 'src/isaac_ros_nitros/isaac_ros_gxf_extensions/gxf_isaac_gems' with type 'ros.ament_cmake' and name 'gxf_isaac_gems'
[0.351s] Level 1:colcon.colcon_core.package_identification:_identify(src/isaac_ros_nitros/isaac_ros_gxf_extensions/gxf_isaac_gxf_helpers) by extensions ['ignore', 'ignore_ament_install']
[0.351s] Level 1:colcon.colcon_core.package_identification:_identify(src/isaac_ros_nitros/isaac_ros_gxf_extensions/gxf_isaac_gxf_helpers) by extension 'ignore'
[0.351s] Level 1:colcon.colcon_core.package_identification:_identify(src/isaac_ros_nitros/isaac_ros_gxf_extensions/gxf_isaac_gxf_helpers) by extension 'ignore_ament_install'
[0.351s] Level 1:colcon.colcon_core.package_identification:_identify(src/isaac_ros_nitros/isaac_ros_gxf_extensions/gxf_isaac_gxf_helpers) by extensions ['colcon_pkg']
[0.351s] Level 1:colcon.colcon_core.package_identification:_identify(src/isaac_ros_nitros/isaac_ros_gxf_extensions/gxf_isaac_gxf_helpers) by extension 'colcon_pkg'
[0.351s] Level 1:colcon.colcon_core.package_identification:_identify(src/isaac_ros_nitros/isaac_ros_gxf_extensions/gxf_isaac_gxf_helpers) by extensions ['colcon_meta']
[0.351s] Level 1:colcon.colcon_core.package_identification:_identify(src/isaac_ros_nitros/isaac_ros_gxf_extensions/gxf_isaac_gxf_helpers) by extension 'colcon_meta'
[0.351s] Level 1:colcon.colcon_core.package_identification:_identify(src/isaac_ros_nitros/isaac_ros_gxf_extensions/gxf_isaac_gxf_helpers) by extensions ['ros']
[0.351s] Level 1:colcon.colcon_core.package_identification:_identify(src/isaac_ros_nitros/isaac_ros_gxf_extensions/gxf_isaac_gxf_helpers) by extension 'ros'
[0.352s] DEBUG:colcon.colcon_core.package_identification:Package 'src/isaac_ros_nitros/isaac_ros_gxf_extensions/gxf_isaac_gxf_helpers' with type 'ros.ament_cmake' and name 'gxf_isaac_gxf_helpers'
[0.352s] Level 1:colcon.colcon_core.package_identification:_identify(src/isaac_ros_nitros/isaac_ros_gxf_extensions/gxf_isaac_hesai) by extensions ['ignore', 'ignore_ament_install']
[0.352s] Level 1:colcon.colcon_core.package_identification:_identify(src/isaac_ros_nitros/isaac_ros_gxf_extensions/gxf_isaac_hesai) by extension 'ignore'
[0.352s] Level 1:colcon.colcon_core.package_identification:_identify(src/isaac_ros_nitros/isaac_ros_gxf_extensions/gxf_isaac_hesai) by extension 'ignore_ament_install'
[0.352s] Level 1:colcon.colcon_core.package_identification:_identify(src/isaac_ros_nitros/isaac_ros_gxf_extensions/gxf_isaac_hesai) by extensions ['colcon_pkg']
[0.352s] Level 1:colcon.colcon_core.package_identification:_identify(src/isaac_ros_nitros/isaac_ros_gxf_extensions/gxf_isaac_hesai) by extension 'colcon_pkg'
[0.352s] Level 1:colcon.colcon_core.package_identification:_identify(src/isaac_ros_nitros/isaac_ros_gxf_extensions/gxf_isaac_hesai) by extensions ['colcon_meta']
[0.352s] Level 1:colcon.colcon_core.package_identification:_identify(src/isaac_ros_nitros/isaac_ros_gxf_extensions/gxf_isaac_hesai) by extension 'colcon_meta'
[0.352s] Level 1:colcon.colcon_core.package_identification:_identify(src/isaac_ros_nitros/isaac_ros_gxf_extensions/gxf_isaac_hesai) by extensions ['ros']
[0.352s] Level 1:colcon.colcon_core.package_identification:_identify(src/isaac_ros_nitros/isaac_ros_gxf_extensions/gxf_isaac_hesai) by extension 'ros'
[0.352s] DEBUG:colcon.colcon_core.package_identification:Package 'src/isaac_ros_nitros/isaac_ros_gxf_extensions/gxf_isaac_hesai' with type 'ros.ament_cmake' and name 'gxf_isaac_hesai'
[0.352s] Level 1:colcon.colcon_core.package_identification:_identify(src/isaac_ros_nitros/isaac_ros_gxf_extensions/gxf_isaac_localization) by extensions ['ignore', 'ignore_ament_install']
[0.352s] Level 1:colcon.colcon_core.package_identification:_identify(src/isaac_ros_nitros/isaac_ros_gxf_extensions/gxf_isaac_localization) by extension 'ignore'
[0.352s] Level 1:colcon.colcon_core.package_identification:_identify(src/isaac_ros_nitros/isaac_ros_gxf_extensions/gxf_isaac_localization) by extension 'ignore_ament_install'
[0.352s] Level 1:colcon.colcon_core.package_identification:_identify(src/isaac_ros_nitros/isaac_ros_gxf_extensions/gxf_isaac_localization) by extensions ['colcon_pkg']
[0.352s] Level 1:colcon.colcon_core.package_identification:_identify(src/isaac_ros_nitros/isaac_ros_gxf_extensions/gxf_isaac_localization) by extension 'colcon_pkg'
[0.352s] Level 1:colcon.colcon_core.package_identification:_identify(src/isaac_ros_nitros/isaac_ros_gxf_extensions/gxf_isaac_localization) by extensions ['colcon_meta']
[0.352s] Level 1:colcon.colcon_core.package_identification:_identify(src/isaac_ros_nitros/isaac_ros_gxf_extensions/gxf_isaac_localization) by extension 'colcon_meta'
[0.352s] Level 1:colcon.colcon_core.package_identification:_identify(src/isaac_ros_nitros/isaac_ros_gxf_extensions/gxf_isaac_localization) by extensions ['ros']
[0.353s] Level 1:colcon.colcon_core.package_identification:_identify(src/isaac_ros_nitros/isaac_ros_gxf_extensions/gxf_isaac_localization) by extension 'ros'
[0.353s] DEBUG:colcon.colcon_core.package_identification:Package 'src/isaac_ros_nitros/isaac_ros_gxf_extensions/gxf_isaac_localization' with type 'ros.ament_cmake' and name 'gxf_isaac_localization'
[0.353s] Level 1:colcon.colcon_core.package_identification:_identify(src/isaac_ros_nitros/isaac_ros_gxf_extensions/gxf_isaac_message_compositor) by extensions ['ignore', 'ignore_ament_install']
[0.353s] Level 1:colcon.colcon_core.package_identification:_identify(src/isaac_ros_nitros/isaac_ros_gxf_extensions/gxf_isaac_message_compositor) by extension 'ignore'
[0.353s] Level 1:colcon.colcon_core.package_identification:_identify(src/isaac_ros_nitros/isaac_ros_gxf_extensions/gxf_isaac_message_compositor) by extension 'ignore_ament_install'
[0.353s] Level 1:colcon.colcon_core.package_identification:_identify(src/isaac_ros_nitros/isaac_ros_gxf_extensions/gxf_isaac_message_compositor) by extensions ['colcon_pkg']
[0.353s] Level 1:colcon.colcon_core.package_identification:_identify(src/isaac_ros_nitros/isaac_ros_gxf_extensions/gxf_isaac_message_compositor) by extension 'colcon_pkg'
[0.353s] Level 1:colcon.colcon_core.package_identification:_identify(src/isaac_ros_nitros/isaac_ros_gxf_extensions/gxf_isaac_message_compositor) by extensions ['colcon_meta']
[0.353s] Level 1:colcon.colcon_core.package_identification:_identify(src/isaac_ros_nitros/isaac_ros_gxf_extensions/gxf_isaac_message_compositor) by extension 'colcon_meta'
[0.353s] Level 1:colcon.colcon_core.package_identification:_identify(src/isaac_ros_nitros/isaac_ros_gxf_extensions/gxf_isaac_message_compositor) by extensions ['ros']
[0.353s] Level 1:colcon.colcon_core.package_identification:_identify(src/isaac_ros_nitros/isaac_ros_gxf_extensions/gxf_isaac_message_compositor) by extension 'ros'
[0.354s] DEBUG:colcon.colcon_core.package_identification:Package 'src/isaac_ros_nitros/isaac_ros_gxf_extensions/gxf_isaac_message_compositor' with type 'ros.ament_cmake' and name 'gxf_isaac_message_compositor'
[0.354s] Level 1:colcon.colcon_core.package_identification:_identify(src/isaac_ros_nitros/isaac_ros_gxf_extensions/gxf_isaac_messages) by extensions ['ignore', 'ignore_ament_install']
[0.354s] Level 1:colcon.colcon_core.package_identification:_identify(src/isaac_ros_nitros/isaac_ros_gxf_extensions/gxf_isaac_messages) by extension 'ignore'
[0.354s] Level 1:colcon.colcon_core.package_identification:_identify(src/isaac_ros_nitros/isaac_ros_gxf_extensions/gxf_isaac_messages) by extension 'ignore_ament_install'
[0.354s] Level 1:colcon.colcon_core.package_identification:_identify(src/isaac_ros_nitros/isaac_ros_gxf_extensions/gxf_isaac_messages) by extensions ['colcon_pkg']
[0.354s] Level 1:colcon.colcon_core.package_identification:_identify(src/isaac_ros_nitros/isaac_ros_gxf_extensions/gxf_isaac_messages) by extension 'colcon_pkg'
[0.354s] Level 1:colcon.colcon_core.package_identification:_identify(src/isaac_ros_nitros/isaac_ros_gxf_extensions/gxf_isaac_messages) by extensions ['colcon_meta']
[0.354s] Level 1:colcon.colcon_core.package_identification:_identify(src/isaac_ros_nitros/isaac_ros_gxf_extensions/gxf_isaac_messages) by extension 'colcon_meta'
[0.354s] Level 1:colcon.colcon_core.package_identification:_identify(src/isaac_ros_nitros/isaac_ros_gxf_extensions/gxf_isaac_messages) by extensions ['ros']
[0.354s] Level 1:colcon.colcon_core.package_identification:_identify(src/isaac_ros_nitros/isaac_ros_gxf_extensions/gxf_isaac_messages) by extension 'ros'
[0.354s] DEBUG:colcon.colcon_core.package_identification:Package 'src/isaac_ros_nitros/isaac_ros_gxf_extensions/gxf_isaac_messages' with type 'ros.ament_cmake' and name 'gxf_isaac_messages'
[0.354s] Level 1:colcon.colcon_core.package_identification:_identify(src/isaac_ros_nitros/isaac_ros_gxf_extensions/gxf_isaac_messages_throttler) by extensions ['ignore', 'ignore_ament_install']
[0.355s] Level 1:colcon.colcon_core.package_identification:_identify(src/isaac_ros_nitros/isaac_ros_gxf_extensions/gxf_isaac_messages_throttler) by extension 'ignore'
[0.355s] Level 1:colcon.colcon_core.package_identification:_identify(src/isaac_ros_nitros/isaac_ros_gxf_extensions/gxf_isaac_messages_throttler) by extension 'ignore_ament_install'
[0.355s] Level 1:colcon.colcon_core.package_identification:_identify(src/isaac_ros_nitros/isaac_ros_gxf_extensions/gxf_isaac_messages_throttler) by extensions ['colcon_pkg']
[0.355s] Level 1:colcon.colcon_core.package_identification:_identify(src/isaac_ros_nitros/isaac_ros_gxf_extensions/gxf_isaac_messages_throttler) by extension 'colcon_pkg'
[0.355s] Level 1:colcon.colcon_core.package_identification:_identify(src/isaac_ros_nitros/isaac_ros_gxf_extensions/gxf_isaac_messages_throttler) by extensions ['colcon_meta']
[0.355s] Level 1:colcon.colcon_core.package_identification:_identify(src/isaac_ros_nitros/isaac_ros_gxf_extensions/gxf_isaac_messages_throttler) by extension 'colcon_meta'
[0.355s] Level 1:colcon.colcon_core.package_identification:_identify(src/isaac_ros_nitros/isaac_ros_gxf_extensions/gxf_isaac_messages_throttler) by extensions ['ros']
[0.355s] Level 1:colcon.colcon_core.package_identification:_identify(src/isaac_ros_nitros/isaac_ros_gxf_extensions/gxf_isaac_messages_throttler) by extension 'ros'
[0.355s] DEBUG:colcon.colcon_core.package_identification:Package 'src/isaac_ros_nitros/isaac_ros_gxf_extensions/gxf_isaac_messages_throttler' with type 'ros.ament_cmake' and name 'gxf_isaac_messages_throttler'
[0.355s] Level 1:colcon.colcon_core.package_identification:_identify(src/isaac_ros_nitros/isaac_ros_gxf_extensions/gxf_isaac_optimizer) by extensions ['ignore', 'ignore_ament_install']
[0.355s] Level 1:colcon.colcon_core.package_identification:_identify(src/isaac_ros_nitros/isaac_ros_gxf_extensions/gxf_isaac_optimizer) by extension 'ignore'
[0.355s] Level 1:colcon.colcon_core.package_identification:_identify(src/isaac_ros_nitros/isaac_ros_gxf_extensions/gxf_isaac_optimizer) by extension 'ignore_ament_install'
[0.355s] Level 1:colcon.colcon_core.package_identification:_identify(src/isaac_ros_nitros/isaac_ros_gxf_extensions/gxf_isaac_optimizer) by extensions ['colcon_pkg']
[0.355s] Level 1:colcon.colcon_core.package_identification:_identify(src/isaac_ros_nitros/isaac_ros_gxf_extensions/gxf_isaac_optimizer) by extension 'colcon_pkg'
[0.355s] Level 1:colcon.colcon_core.package_identification:_identify(src/isaac_ros_nitros/isaac_ros_gxf_extensions/gxf_isaac_optimizer) by extensions ['colcon_meta']
[0.355s] Level 1:colcon.colcon_core.package_identification:_identify(src/isaac_ros_nitros/isaac_ros_gxf_extensions/gxf_isaac_optimizer) by extension 'colcon_meta'
[0.355s] Level 1:colcon.colcon_core.package_identification:_identify(src/isaac_ros_nitros/isaac_ros_gxf_extensions/gxf_isaac_optimizer) by extensions ['ros']
[0.355s] Level 1:colcon.colcon_core.package_identification:_identify(src/isaac_ros_nitros/isaac_ros_gxf_extensions/gxf_isaac_optimizer) by extension 'ros'
[0.356s] DEBUG:colcon.colcon_core.package_identification:Package 'src/isaac_ros_nitros/isaac_ros_gxf_extensions/gxf_isaac_optimizer' with type 'ros.ament_cmake' and name 'gxf_isaac_optimizer'
[0.356s] Level 1:colcon.colcon_core.package_identification:_identify(src/isaac_ros_nitros/isaac_ros_gxf_extensions/gxf_isaac_point_cloud) by extensions ['ignore', 'ignore_ament_install']
[0.356s] Level 1:colcon.colcon_core.package_identification:_identify(src/isaac_ros_nitros/isaac_ros_gxf_extensions/gxf_isaac_point_cloud) by extension 'ignore'
[0.356s] Level 1:colcon.colcon_core.package_identification:_identify(src/isaac_ros_nitros/isaac_ros_gxf_extensions/gxf_isaac_point_cloud) by extension 'ignore_ament_install'
[0.356s] Level 1:colcon.colcon_core.package_identification:_identify(src/isaac_ros_nitros/isaac_ros_gxf_extensions/gxf_isaac_point_cloud) by extensions ['colcon_pkg']
[0.356s] Level 1:colcon.colcon_core.package_identification:_identify(src/isaac_ros_nitros/isaac_ros_gxf_extensions/gxf_isaac_point_cloud) by extension 'colcon_pkg'
[0.356s] Level 1:colcon.colcon_core.package_identification:_identify(src/isaac_ros_nitros/isaac_ros_gxf_extensions/gxf_isaac_point_cloud) by extensions ['colcon_meta']
[0.356s] Level 1:colcon.colcon_core.package_identification:_identify(src/isaac_ros_nitros/isaac_ros_gxf_extensions/gxf_isaac_point_cloud) by extension 'colcon_meta'
[0.356s] Level 1:colcon.colcon_core.package_identification:_identify(src/isaac_ros_nitros/isaac_ros_gxf_extensions/gxf_isaac_point_cloud) by extensions ['ros']
[0.356s] Level 1:colcon.colcon_core.package_identification:_identify(src/isaac_ros_nitros/isaac_ros_gxf_extensions/gxf_isaac_point_cloud) by extension 'ros'
[0.356s] DEBUG:colcon.colcon_core.package_identification:Package 'src/isaac_ros_nitros/isaac_ros_gxf_extensions/gxf_isaac_point_cloud' with type 'ros.ament_cmake' and name 'gxf_isaac_point_cloud'
[0.357s] Level 1:colcon.colcon_core.package_identification:_identify(src/isaac_ros_nitros/isaac_ros_gxf_extensions/gxf_isaac_range_scan_processing) by extensions ['ignore', 'ignore_ament_install']
[0.357s] Level 1:colcon.colcon_core.package_identification:_identify(src/isaac_ros_nitros/isaac_ros_gxf_extensions/gxf_isaac_range_scan_processing) by extension 'ignore'
[0.357s] Level 1:colcon.colcon_core.package_identification:_identify(src/isaac_ros_nitros/isaac_ros_gxf_extensions/gxf_isaac_range_scan_processing) by extension 'ignore_ament_install'
[0.357s] Level 1:colcon.colcon_core.package_identification:_identify(src/isaac_ros_nitros/isaac_ros_gxf_extensions/gxf_isaac_range_scan_processing) by extensions ['colcon_pkg']
[0.357s] Level 1:colcon.colcon_core.package_identification:_identify(src/isaac_ros_nitros/isaac_ros_gxf_extensions/gxf_isaac_range_scan_processing) by extension 'colcon_pkg'
[0.357s] Level 1:colcon.colcon_core.package_identification:_identify(src/isaac_ros_nitros/isaac_ros_gxf_extensions/gxf_isaac_range_scan_processing) by extensions ['colcon_meta']
[0.357s] Level 1:colcon.colcon_core.package_identification:_identify(src/isaac_ros_nitros/isaac_ros_gxf_extensions/gxf_isaac_range_scan_processing) by extension 'colcon_meta'
[0.357s] Level 1:colcon.colcon_core.package_identification:_identify(src/isaac_ros_nitros/isaac_ros_gxf_extensions/gxf_isaac_range_scan_processing) by extensions ['ros']
[0.357s] Level 1:colcon.colcon_core.package_identification:_identify(src/isaac_ros_nitros/isaac_ros_gxf_extensions/gxf_isaac_range_scan_processing) by extension 'ros'
[0.357s] DEBUG:colcon.colcon_core.package_identification:Package 'src/isaac_ros_nitros/isaac_ros_gxf_extensions/gxf_isaac_range_scan_processing' with type 'ros.ament_cmake' and name 'gxf_isaac_range_scan_processing'
[0.357s] Level 1:colcon.colcon_core.package_identification:_identify(src/isaac_ros_nitros/isaac_ros_gxf_extensions/gxf_isaac_ros_cuda) by extensions ['ignore', 'ignore_ament_install']
[0.357s] Level 1:colcon.colcon_core.package_identification:_identify(src/isaac_ros_nitros/isaac_ros_gxf_extensions/gxf_isaac_ros_cuda) by extension 'ignore'
[0.357s] Level 1:colcon.colcon_core.package_identification:_identify(src/isaac_ros_nitros/isaac_ros_gxf_extensions/gxf_isaac_ros_cuda) by extension 'ignore_ament_install'
[0.357s] Level 1:colcon.colcon_core.package_identification:_identify(src/isaac_ros_nitros/isaac_ros_gxf_extensions/gxf_isaac_ros_cuda) by extensions ['colcon_pkg']
[0.357s] Level 1:colcon.colcon_core.package_identification:_identify(src/isaac_ros_nitros/isaac_ros_gxf_extensions/gxf_isaac_ros_cuda) by extension 'colcon_pkg'
[0.357s] Level 1:colcon.colcon_core.package_identification:_identify(src/isaac_ros_nitros/isaac_ros_gxf_extensions/gxf_isaac_ros_cuda) by extensions ['colcon_meta']
[0.357s] Level 1:colcon.colcon_core.package_identification:_identify(src/isaac_ros_nitros/isaac_ros_gxf_extensions/gxf_isaac_ros_cuda) by extension 'colcon_meta'
[0.357s] Level 1:colcon.colcon_core.package_identification:_identify(src/isaac_ros_nitros/isaac_ros_gxf_extensions/gxf_isaac_ros_cuda) by extensions ['ros']
[0.357s] Level 1:colcon.colcon_core.package_identification:_identify(src/isaac_ros_nitros/isaac_ros_gxf_extensions/gxf_isaac_ros_cuda) by extension 'ros'
[0.358s] DEBUG:colcon.colcon_core.package_identification:Package 'src/isaac_ros_nitros/isaac_ros_gxf_extensions/gxf_isaac_ros_cuda' with type 'ros.ament_cmake' and name 'gxf_isaac_ros_cuda'
[0.358s] Level 1:colcon.colcon_core.package_identification:_identify(src/isaac_ros_nitros/isaac_ros_gxf_extensions/gxf_isaac_ros_messages) by extensions ['ignore', 'ignore_ament_install']
[0.358s] Level 1:colcon.colcon_core.package_identification:_identify(src/isaac_ros_nitros/isaac_ros_gxf_extensions/gxf_isaac_ros_messages) by extension 'ignore'
[0.358s] Level 1:colcon.colcon_core.package_identification:_identify(src/isaac_ros_nitros/isaac_ros_gxf_extensions/gxf_isaac_ros_messages) by extension 'ignore_ament_install'
[0.358s] Level 1:colcon.colcon_core.package_identification:_identify(src/isaac_ros_nitros/isaac_ros_gxf_extensions/gxf_isaac_ros_messages) by extensions ['colcon_pkg']
[0.358s] Level 1:colcon.colcon_core.package_identification:_identify(src/isaac_ros_nitros/isaac_ros_gxf_extensions/gxf_isaac_ros_messages) by extension 'colcon_pkg'
[0.358s] Level 1:colcon.colcon_core.package_identification:_identify(src/isaac_ros_nitros/isaac_ros_gxf_extensions/gxf_isaac_ros_messages) by extensions ['colcon_meta']
[0.358s] Level 1:colcon.colcon_core.package_identification:_identify(src/isaac_ros_nitros/isaac_ros_gxf_extensions/gxf_isaac_ros_messages) by extension 'colcon_meta'
[0.358s] Level 1:colcon.colcon_core.package_identification:_identify(src/isaac_ros_nitros/isaac_ros_gxf_extensions/gxf_isaac_ros_messages) by extensions ['ros']
[0.358s] Level 1:colcon.colcon_core.package_identification:_identify(src/isaac_ros_nitros/isaac_ros_gxf_extensions/gxf_isaac_ros_messages) by extension 'ros'
[0.359s] DEBUG:colcon.colcon_core.package_identification:Package 'src/isaac_ros_nitros/isaac_ros_gxf_extensions/gxf_isaac_ros_messages' with type 'ros.ament_cmake' and name 'gxf_isaac_ros_messages'
[0.359s] Level 1:colcon.colcon_core.package_identification:_identify(src/isaac_ros_nitros/isaac_ros_gxf_extensions/gxf_isaac_segway) by extensions ['ignore', 'ignore_ament_install']
[0.359s] Level 1:colcon.colcon_core.package_identification:_identify(src/isaac_ros_nitros/isaac_ros_gxf_extensions/gxf_isaac_segway) by extension 'ignore'
[0.359s] Level 1:colcon.colcon_core.package_identification:_identify(src/isaac_ros_nitros/isaac_ros_gxf_extensions/gxf_isaac_segway) by extension 'ignore_ament_install'
[0.359s] Level 1:colcon.colcon_core.package_identification:_identify(src/isaac_ros_nitros/isaac_ros_gxf_extensions/gxf_isaac_segway) by extensions ['colcon_pkg']
[0.359s] Level 1:colcon.colcon_core.package_identification:_identify(src/isaac_ros_nitros/isaac_ros_gxf_extensions/gxf_isaac_segway) by extension 'colcon_pkg'
[0.359s] Level 1:colcon.colcon_core.package_identification:_identify(src/isaac_ros_nitros/isaac_ros_gxf_extensions/gxf_isaac_segway) by extensions ['colcon_meta']
[0.359s] Level 1:colcon.colcon_core.package_identification:_identify(src/isaac_ros_nitros/isaac_ros_gxf_extensions/gxf_isaac_segway) by extension 'colcon_meta'
[0.359s] Level 1:colcon.colcon_core.package_identification:_identify(src/isaac_ros_nitros/isaac_ros_gxf_extensions/gxf_isaac_segway) by extensions ['ros']
[0.359s] Level 1:colcon.colcon_core.package_identification:_identify(src/isaac_ros_nitros/isaac_ros_gxf_extensions/gxf_isaac_segway) by extension 'ros'
[0.359s] DEBUG:colcon.colcon_core.package_identification:Package 'src/isaac_ros_nitros/isaac_ros_gxf_extensions/gxf_isaac_segway' with type 'ros.ament_cmake' and name 'gxf_isaac_segway'
[0.359s] Level 1:colcon.colcon_core.package_identification:_identify(src/isaac_ros_nitros/isaac_ros_gxf_extensions/gxf_isaac_sight) by extensions ['ignore', 'ignore_ament_install']
[0.359s] Level 1:colcon.colcon_core.package_identification:_identify(src/isaac_ros_nitros/isaac_ros_gxf_extensions/gxf_isaac_sight) by extension 'ignore'
[0.359s] Level 1:colcon.colcon_core.package_identification:_identify(src/isaac_ros_nitros/isaac_ros_gxf_extensions/gxf_isaac_sight) by extension 'ignore_ament_install'
[0.359s] Level 1:colcon.colcon_core.package_identification:_identify(src/isaac_ros_nitros/isaac_ros_gxf_extensions/gxf_isaac_sight) by extensions ['colcon_pkg']
[0.359s] Level 1:colcon.colcon_core.package_identification:_identify(src/isaac_ros_nitros/isaac_ros_gxf_extensions/gxf_isaac_sight) by extension 'colcon_pkg'
[0.359s] Level 1:colcon.colcon_core.package_identification:_identify(src/isaac_ros_nitros/isaac_ros_gxf_extensions/gxf_isaac_sight) by extensions ['colcon_meta']
[0.359s] Level 1:colcon.colcon_core.package_identification:_identify(src/isaac_ros_nitros/isaac_ros_gxf_extensions/gxf_isaac_sight) by extension 'colcon_meta'
[0.359s] Level 1:colcon.colcon_core.package_identification:_identify(src/isaac_ros_nitros/isaac_ros_gxf_extensions/gxf_isaac_sight) by extensions ['ros']
[0.359s] Level 1:colcon.colcon_core.package_identification:_identify(src/isaac_ros_nitros/isaac_ros_gxf_extensions/gxf_isaac_sight) by extension 'ros'
[0.360s] DEBUG:colcon.colcon_core.package_identification:Package 'src/isaac_ros_nitros/isaac_ros_gxf_extensions/gxf_isaac_sight' with type 'ros.ament_cmake' and name 'gxf_isaac_sight'
[0.360s] Level 1:colcon.colcon_core.package_identification:_identify(src/isaac_ros_nitros/isaac_ros_gxf_extensions/gxf_isaac_timestamp_correlator) by extensions ['ignore', 'ignore_ament_install']
[0.360s] Level 1:colcon.colcon_core.package_identification:_identify(src/isaac_ros_nitros/isaac_ros_gxf_extensions/gxf_isaac_timestamp_correlator) by extension 'ignore'
[0.360s] Level 1:colcon.colcon_core.package_identification:_identify(src/isaac_ros_nitros/isaac_ros_gxf_extensions/gxf_isaac_timestamp_correlator) by extension 'ignore_ament_install'
[0.360s] Level 1:colcon.colcon_core.package_identification:_identify(src/isaac_ros_nitros/isaac_ros_gxf_extensions/gxf_isaac_timestamp_correlator) by extensions ['colcon_pkg']
[0.360s] Level 1:colcon.colcon_core.package_identification:_identify(src/isaac_ros_nitros/isaac_ros_gxf_extensions/gxf_isaac_timestamp_correlator) by extension 'colcon_pkg'
[0.360s] Level 1:colcon.colcon_core.package_identification:_identify(src/isaac_ros_nitros/isaac_ros_gxf_extensions/gxf_isaac_timestamp_correlator) by extensions ['colcon_meta']
[0.360s] Level 1:colcon.colcon_core.package_identification:_identify(src/isaac_ros_nitros/isaac_ros_gxf_extensions/gxf_isaac_timestamp_correlator) by extension 'colcon_meta'
[0.360s] Level 1:colcon.colcon_core.package_identification:_identify(src/isaac_ros_nitros/isaac_ros_gxf_extensions/gxf_isaac_timestamp_correlator) by extensions ['ros']
[0.360s] Level 1:colcon.colcon_core.package_identification:_identify(src/isaac_ros_nitros/isaac_ros_gxf_extensions/gxf_isaac_timestamp_correlator) by extension 'ros'
[0.361s] DEBUG:colcon.colcon_core.package_identification:Package 'src/isaac_ros_nitros/isaac_ros_gxf_extensions/gxf_isaac_timestamp_correlator' with type 'ros.ament_cmake' and name 'gxf_isaac_timestamp_correlator'
[0.361s] Level 1:colcon.colcon_core.package_identification:_identify(src/isaac_ros_nitros/isaac_ros_gxf_extensions/gxf_isaac_utils) by extensions ['ignore', 'ignore_ament_install']
[0.361s] Level 1:colcon.colcon_core.package_identification:_identify(src/isaac_ros_nitros/isaac_ros_gxf_extensions/gxf_isaac_utils) by extension 'ignore'
[0.361s] Level 1:colcon.colcon_core.package_identification:_identify(src/isaac_ros_nitros/isaac_ros_gxf_extensions/gxf_isaac_utils) by extension 'ignore_ament_install'
[0.361s] Level 1:colcon.colcon_core.package_identification:_identify(src/isaac_ros_nitros/isaac_ros_gxf_extensions/gxf_isaac_utils) by extensions ['colcon_pkg']
[0.361s] Level 1:colcon.colcon_core.package_identification:_identify(src/isaac_ros_nitros/isaac_ros_gxf_extensions/gxf_isaac_utils) by extension 'colcon_pkg'
[0.361s] Level 1:colcon.colcon_core.package_identification:_identify(src/isaac_ros_nitros/isaac_ros_gxf_extensions/gxf_isaac_utils) by extensions ['colcon_meta']
[0.361s] Level 1:colcon.colcon_core.package_identification:_identify(src/isaac_ros_nitros/isaac_ros_gxf_extensions/gxf_isaac_utils) by extension 'colcon_meta'
[0.361s] Level 1:colcon.colcon_core.package_identification:_identify(src/isaac_ros_nitros/isaac_ros_gxf_extensions/gxf_isaac_utils) by extensions ['ros']
[0.361s] Level 1:colcon.colcon_core.package_identification:_identify(src/isaac_ros_nitros/isaac_ros_gxf_extensions/gxf_isaac_utils) by extension 'ros'
[0.361s] DEBUG:colcon.colcon_core.package_identification:Package 'src/isaac_ros_nitros/isaac_ros_gxf_extensions/gxf_isaac_utils' with type 'ros.ament_cmake' and name 'gxf_isaac_utils'
[0.361s] Level 1:colcon.colcon_core.package_identification:_identify(src/isaac_ros_nitros/isaac_ros_managed_nitros) by extensions ['ignore', 'ignore_ament_install']
[0.361s] Level 1:colcon.colcon_core.package_identification:_identify(src/isaac_ros_nitros/isaac_ros_managed_nitros) by extension 'ignore'
[0.362s] Level 1:colcon.colcon_core.package_identification:_identify(src/isaac_ros_nitros/isaac_ros_managed_nitros) by extension 'ignore_ament_install'
[0.362s] Level 1:colcon.colcon_core.package_identification:_identify(src/isaac_ros_nitros/isaac_ros_managed_nitros) by extensions ['colcon_pkg']
[0.362s] Level 1:colcon.colcon_core.package_identification:_identify(src/isaac_ros_nitros/isaac_ros_managed_nitros) by extension 'colcon_pkg'
[0.362s] Level 1:colcon.colcon_core.package_identification:_identify(src/isaac_ros_nitros/isaac_ros_managed_nitros) by extensions ['colcon_meta']
[0.362s] Level 1:colcon.colcon_core.package_identification:_identify(src/isaac_ros_nitros/isaac_ros_managed_nitros) by extension 'colcon_meta'
[0.362s] Level 1:colcon.colcon_core.package_identification:_identify(src/isaac_ros_nitros/isaac_ros_managed_nitros) by extensions ['ros']
[0.362s] Level 1:colcon.colcon_core.package_identification:_identify(src/isaac_ros_nitros/isaac_ros_managed_nitros) by extension 'ros'
[0.362s] DEBUG:colcon.colcon_core.package_identification:Package 'src/isaac_ros_nitros/isaac_ros_managed_nitros' with type 'ros.ament_cmake' and name 'isaac_ros_managed_nitros'
[0.362s] Level 1:colcon.colcon_core.package_identification:_identify(src/isaac_ros_nitros/isaac_ros_managed_nitros_examples) by extensions ['ignore', 'ignore_ament_install']
[0.362s] Level 1:colcon.colcon_core.package_identification:_identify(src/isaac_ros_nitros/isaac_ros_managed_nitros_examples) by extension 'ignore'
[0.362s] Level 1:colcon.colcon_core.package_identification:_identify(src/isaac_ros_nitros/isaac_ros_managed_nitros_examples) by extension 'ignore_ament_install'
[0.362s] Level 1:colcon.colcon_core.package_identification:_identify(src/isaac_ros_nitros/isaac_ros_managed_nitros_examples) by extensions ['colcon_pkg']
[0.362s] Level 1:colcon.colcon_core.package_identification:_identify(src/isaac_ros_nitros/isaac_ros_managed_nitros_examples) by extension 'colcon_pkg'
[0.362s] Level 1:colcon.colcon_core.package_identification:_identify(src/isaac_ros_nitros/isaac_ros_managed_nitros_examples) by extensions ['colcon_meta']
[0.362s] Level 1:colcon.colcon_core.package_identification:_identify(src/isaac_ros_nitros/isaac_ros_managed_nitros_examples) by extension 'colcon_meta'
[0.362s] Level 1:colcon.colcon_core.package_identification:_identify(src/isaac_ros_nitros/isaac_ros_managed_nitros_examples) by extensions ['ros']
[0.363s] Level 1:colcon.colcon_core.package_identification:_identify(src/isaac_ros_nitros/isaac_ros_managed_nitros_examples) by extension 'ros'
[0.363s] Level 1:colcon.colcon_core.package_identification:_identify(src/isaac_ros_nitros/isaac_ros_managed_nitros_examples) by extensions ['cmake', 'python']
[0.363s] Level 1:colcon.colcon_core.package_identification:_identify(src/isaac_ros_nitros/isaac_ros_managed_nitros_examples) by extension 'cmake'
[0.363s] Level 1:colcon.colcon_core.package_identification:_identify(src/isaac_ros_nitros/isaac_ros_managed_nitros_examples) by extension 'python'
[0.363s] Level 1:colcon.colcon_core.package_identification:_identify(src/isaac_ros_nitros/isaac_ros_managed_nitros_examples) by extensions ['python_setup_py']
[0.363s] Level 1:colcon.colcon_core.package_identification:_identify(src/isaac_ros_nitros/isaac_ros_managed_nitros_examples) by extension 'python_setup_py'
[0.363s] Level 1:colcon.colcon_core.package_identification:_identify(src/isaac_ros_nitros/isaac_ros_managed_nitros_examples/custom_nitros_dnn_image_encoder) by extensions ['ignore', 'ignore_ament_install']
[0.363s] Level 1:colcon.colcon_core.package_identification:_identify(src/isaac_ros_nitros/isaac_ros_managed_nitros_examples/custom_nitros_dnn_image_encoder) by extension 'ignore'
[0.363s] Level 1:colcon.colcon_core.package_identification:_identify(src/isaac_ros_nitros/isaac_ros_managed_nitros_examples/custom_nitros_dnn_image_encoder) by extension 'ignore_ament_install'
[0.363s] Level 1:colcon.colcon_core.package_identification:_identify(src/isaac_ros_nitros/isaac_ros_managed_nitros_examples/custom_nitros_dnn_image_encoder) by extensions ['colcon_pkg']
[0.363s] Level 1:colcon.colcon_core.package_identification:_identify(src/isaac_ros_nitros/isaac_ros_managed_nitros_examples/custom_nitros_dnn_image_encoder) by extension 'colcon_pkg'
[0.363s] Level 1:colcon.colcon_core.package_identification:_identify(src/isaac_ros_nitros/isaac_ros_managed_nitros_examples/custom_nitros_dnn_image_encoder) by extensions ['colcon_meta']
[0.363s] Level 1:colcon.colcon_core.package_identification:_identify(src/isaac_ros_nitros/isaac_ros_managed_nitros_examples/custom_nitros_dnn_image_encoder) by extension 'colcon_meta'
[0.363s] Level 1:colcon.colcon_core.package_identification:_identify(src/isaac_ros_nitros/isaac_ros_managed_nitros_examples/custom_nitros_dnn_image_encoder) by extensions ['ros']
[0.363s] Level 1:colcon.colcon_core.package_identification:_identify(src/isaac_ros_nitros/isaac_ros_managed_nitros_examples/custom_nitros_dnn_image_encoder) by extension 'ros'
[0.363s] DEBUG:colcon.colcon_core.package_identification:Package 'src/isaac_ros_nitros/isaac_ros_managed_nitros_examples/custom_nitros_dnn_image_encoder' with type 'ros.ament_cmake' and name 'custom_nitros_dnn_image_encoder'
[0.364s] Level 1:colcon.colcon_core.package_identification:_identify(src/isaac_ros_nitros/isaac_ros_managed_nitros_examples/custom_nitros_image) by extensions ['ignore', 'ignore_ament_install']
[0.364s] Level 1:colcon.colcon_core.package_identification:_identify(src/isaac_ros_nitros/isaac_ros_managed_nitros_examples/custom_nitros_image) by extension 'ignore'
[0.364s] Level 1:colcon.colcon_core.package_identification:_identify(src/isaac_ros_nitros/isaac_ros_managed_nitros_examples/custom_nitros_image) by extension 'ignore_ament_install'
[0.364s] Level 1:colcon.colcon_core.package_identification:_identify(src/isaac_ros_nitros/isaac_ros_managed_nitros_examples/custom_nitros_image) by extensions ['colcon_pkg']
[0.364s] Level 1:colcon.colcon_core.package_identification:_identify(src/isaac_ros_nitros/isaac_ros_managed_nitros_examples/custom_nitros_image) by extension 'colcon_pkg'
[0.364s] Level 1:colcon.colcon_core.package_identification:_identify(src/isaac_ros_nitros/isaac_ros_managed_nitros_examples/custom_nitros_image) by extensions ['colcon_meta']
[0.364s] Level 1:colcon.colcon_core.package_identification:_identify(src/isaac_ros_nitros/isaac_ros_managed_nitros_examples/custom_nitros_image) by extension 'colcon_meta'
[0.364s] Level 1:colcon.colcon_core.package_identification:_identify(src/isaac_ros_nitros/isaac_ros_managed_nitros_examples/custom_nitros_image) by extensions ['ros']
[0.364s] Level 1:colcon.colcon_core.package_identification:_identify(src/isaac_ros_nitros/isaac_ros_managed_nitros_examples/custom_nitros_image) by extension 'ros'
[0.364s] DEBUG:colcon.colcon_core.package_identification:Package 'src/isaac_ros_nitros/isaac_ros_managed_nitros_examples/custom_nitros_image' with type 'ros.ament_cmake' and name 'custom_nitros_image'
[0.364s] Level 1:colcon.colcon_core.package_identification:_identify(src/isaac_ros_nitros/isaac_ros_managed_nitros_examples/custom_nitros_message_filter) by extensions ['ignore', 'ignore_ament_install']
[0.365s] Level 1:colcon.colcon_core.package_identification:_identify(src/isaac_ros_nitros/isaac_ros_managed_nitros_examples/custom_nitros_message_filter) by extension 'ignore'
[0.365s] Level 1:colcon.colcon_core.package_identification:_identify(src/isaac_ros_nitros/isaac_ros_managed_nitros_examples/custom_nitros_message_filter) by extension 'ignore_ament_install'
[0.365s] Level 1:colcon.colcon_core.package_identification:_identify(src/isaac_ros_nitros/isaac_ros_managed_nitros_examples/custom_nitros_message_filter) by extensions ['colcon_pkg']
[0.365s] Level 1:colcon.colcon_core.package_identification:_identify(src/isaac_ros_nitros/isaac_ros_managed_nitros_examples/custom_nitros_message_filter) by extension 'colcon_pkg'
[0.365s] Level 1:colcon.colcon_core.package_identification:_identify(src/isaac_ros_nitros/isaac_ros_managed_nitros_examples/custom_nitros_message_filter) by extensions ['colcon_meta']
[0.365s] Level 1:colcon.colcon_core.package_identification:_identify(src/isaac_ros_nitros/isaac_ros_managed_nitros_examples/custom_nitros_message_filter) by extension 'colcon_meta'
[0.365s] Level 1:colcon.colcon_core.package_identification:_identify(src/isaac_ros_nitros/isaac_ros_managed_nitros_examples/custom_nitros_message_filter) by extensions ['ros']
[0.365s] Level 1:colcon.colcon_core.package_identification:_identify(src/isaac_ros_nitros/isaac_ros_managed_nitros_examples/custom_nitros_message_filter) by extension 'ros'
[0.365s] DEBUG:colcon.colcon_core.package_identification:Package 'src/isaac_ros_nitros/isaac_ros_managed_nitros_examples/custom_nitros_message_filter' with type 'ros.ament_cmake' and name 'custom_nitros_message_filter'
[0.365s] Level 1:colcon.colcon_core.package_identification:_identify(src/isaac_ros_nitros/isaac_ros_managed_nitros_examples/custom_nitros_message_filter_interfaces) by extensions ['ignore', 'ignore_ament_install']
[0.365s] Level 1:colcon.colcon_core.package_identification:_identify(src/isaac_ros_nitros/isaac_ros_managed_nitros_examples/custom_nitros_message_filter_interfaces) by extension 'ignore'
[0.365s] Level 1:colcon.colcon_core.package_identification:_identify(src/isaac_ros_nitros/isaac_ros_managed_nitros_examples/custom_nitros_message_filter_interfaces) by extension 'ignore_ament_install'
[0.366s] Level 1:colcon.colcon_core.package_identification:_identify(src/isaac_ros_nitros/isaac_ros_managed_nitros_examples/custom_nitros_message_filter_interfaces) by extensions ['colcon_pkg']
[0.366s] Level 1:colcon.colcon_core.package_identification:_identify(src/isaac_ros_nitros/isaac_ros_managed_nitros_examples/custom_nitros_message_filter_interfaces) by extension 'colcon_pkg'
[0.366s] Level 1:colcon.colcon_core.package_identification:_identify(src/isaac_ros_nitros/isaac_ros_managed_nitros_examples/custom_nitros_message_filter_interfaces) by extensions ['colcon_meta']
[0.366s] Level 1:colcon.colcon_core.package_identification:_identify(src/isaac_ros_nitros/isaac_ros_managed_nitros_examples/custom_nitros_message_filter_interfaces) by extension 'colcon_meta'
[0.366s] Level 1:colcon.colcon_core.package_identification:_identify(src/isaac_ros_nitros/isaac_ros_managed_nitros_examples/custom_nitros_message_filter_interfaces) by extensions ['ros']
[0.366s] Level 1:colcon.colcon_core.package_identification:_identify(src/isaac_ros_nitros/isaac_ros_managed_nitros_examples/custom_nitros_message_filter_interfaces) by extension 'ros'
[0.366s] DEBUG:colcon.colcon_core.package_identification:Package 'src/isaac_ros_nitros/isaac_ros_managed_nitros_examples/custom_nitros_message_filter_interfaces' with type 'ros.ament_cmake' and name 'custom_nitros_message_filter_interfaces'
[0.366s] Level 1:colcon.colcon_core.package_identification:_identify(src/isaac_ros_nitros/isaac_ros_managed_nitros_examples/custom_nitros_string) by extensions ['ignore', 'ignore_ament_install']
[0.366s] Level 1:colcon.colcon_core.package_identification:_identify(src/isaac_ros_nitros/isaac_ros_managed_nitros_examples/custom_nitros_string) by extension 'ignore'
[0.366s] Level 1:colcon.colcon_core.package_identification:_identify(src/isaac_ros_nitros/isaac_ros_managed_nitros_examples/custom_nitros_string) by extension 'ignore_ament_install'
[0.366s] Level 1:colcon.colcon_core.package_identification:_identify(src/isaac_ros_nitros/isaac_ros_managed_nitros_examples/custom_nitros_string) by extensions ['colcon_pkg']
[0.366s] Level 1:colcon.colcon_core.package_identification:_identify(src/isaac_ros_nitros/isaac_ros_managed_nitros_examples/custom_nitros_string) by extension 'colcon_pkg'
[0.366s] Level 1:colcon.colcon_core.package_identification:_identify(src/isaac_ros_nitros/isaac_ros_managed_nitros_examples/custom_nitros_string) by extensions ['colcon_meta']
[0.366s] Level 1:colcon.colcon_core.package_identification:_identify(src/isaac_ros_nitros/isaac_ros_managed_nitros_examples/custom_nitros_string) by extension 'colcon_meta'
[0.366s] Level 1:colcon.colcon_core.package_identification:_identify(src/isaac_ros_nitros/isaac_ros_managed_nitros_examples/custom_nitros_string) by extensions ['ros']
[0.366s] Level 1:colcon.colcon_core.package_identification:_identify(src/isaac_ros_nitros/isaac_ros_managed_nitros_examples/custom_nitros_string) by extension 'ros'
[0.367s] DEBUG:colcon.colcon_core.package_identification:Package 'src/isaac_ros_nitros/isaac_ros_managed_nitros_examples/custom_nitros_string' with type 'ros.ament_cmake' and name 'custom_nitros_string'
[0.367s] Level 1:colcon.colcon_core.package_identification:_identify(src/isaac_ros_nitros/isaac_ros_nitros) by extensions ['ignore', 'ignore_ament_install']
[0.367s] Level 1:colcon.colcon_core.package_identification:_identify(src/isaac_ros_nitros/isaac_ros_nitros) by extension 'ignore'
[0.367s] Level 1:colcon.colcon_core.package_identification:_identify(src/isaac_ros_nitros/isaac_ros_nitros) by extension 'ignore_ament_install'
[0.367s] Level 1:colcon.colcon_core.package_identification:_identify(src/isaac_ros_nitros/isaac_ros_nitros) by extensions ['colcon_pkg']
[0.367s] Level 1:colcon.colcon_core.package_identification:_identify(src/isaac_ros_nitros/isaac_ros_nitros) by extension 'colcon_pkg'
[0.367s] Level 1:colcon.colcon_core.package_identification:_identify(src/isaac_ros_nitros/isaac_ros_nitros) by extensions ['colcon_meta']
[0.367s] Level 1:colcon.colcon_core.package_identification:_identify(src/isaac_ros_nitros/isaac_ros_nitros) by extension 'colcon_meta'
[0.367s] Level 1:colcon.colcon_core.package_identification:_identify(src/isaac_ros_nitros/isaac_ros_nitros) by extensions ['ros']
[0.367s] Level 1:colcon.colcon_core.package_identification:_identify(src/isaac_ros_nitros/isaac_ros_nitros) by extension 'ros'
[0.368s] DEBUG:colcon.colcon_core.package_identification:Package 'src/isaac_ros_nitros/isaac_ros_nitros' with type 'ros.ament_cmake' and name 'isaac_ros_nitros'
[0.368s] Level 1:colcon.colcon_core.package_identification:_identify(src/isaac_ros_nitros/isaac_ros_nitros_bridge) by extensions ['ignore', 'ignore_ament_install']
[0.368s] Level 1:colcon.colcon_core.package_identification:_identify(src/isaac_ros_nitros/isaac_ros_nitros_bridge) by extension 'ignore'
[0.368s] Level 1:colcon.colcon_core.package_identification:_identify(src/isaac_ros_nitros/isaac_ros_nitros_bridge) by extension 'ignore_ament_install'
[0.368s] Level 1:colcon.colcon_core.package_identification:_identify(src/isaac_ros_nitros/isaac_ros_nitros_bridge) by extensions ['colcon_pkg']
[0.368s] Level 1:colcon.colcon_core.package_identification:_identify(src/isaac_ros_nitros/isaac_ros_nitros_bridge) by extension 'colcon_pkg'
[0.368s] Level 1:colcon.colcon_core.package_identification:_identify(src/isaac_ros_nitros/isaac_ros_nitros_bridge) by extensions ['colcon_meta']
[0.368s] Level 1:colcon.colcon_core.package_identification:_identify(src/isaac_ros_nitros/isaac_ros_nitros_bridge) by extension 'colcon_meta'
[0.368s] Level 1:colcon.colcon_core.package_identification:_identify(src/isaac_ros_nitros/isaac_ros_nitros_bridge) by extensions ['ros']
[0.368s] Level 1:colcon.colcon_core.package_identification:_identify(src/isaac_ros_nitros/isaac_ros_nitros_bridge) by extension 'ros'
[0.368s] Level 1:colcon.colcon_core.package_identification:_identify(src/isaac_ros_nitros/isaac_ros_nitros_bridge) by extensions ['cmake', 'python']
[0.368s] Level 1:colcon.colcon_core.package_identification:_identify(src/isaac_ros_nitros/isaac_ros_nitros_bridge) by extension 'cmake'
[0.368s] Level 1:colcon.colcon_core.package_identification:_identify(src/isaac_ros_nitros/isaac_ros_nitros_bridge) by extension 'python'
[0.368s] Level 1:colcon.colcon_core.package_identification:_identify(src/isaac_ros_nitros/isaac_ros_nitros_bridge) by extensions ['python_setup_py']
[0.368s] Level 1:colcon.colcon_core.package_identification:_identify(src/isaac_ros_nitros/isaac_ros_nitros_bridge) by extension 'python_setup_py'
[0.368s] Level 1:colcon.colcon_core.package_identification:_identify(src/isaac_ros_nitros/isaac_ros_nitros_bridge/config) by extensions ['ignore', 'ignore_ament_install']
[0.368s] Level 1:colcon.colcon_core.package_identification:_identify(src/isaac_ros_nitros/isaac_ros_nitros_bridge/config) by extension 'ignore'
[0.368s] Level 1:colcon.colcon_core.package_identification:_identify(src/isaac_ros_nitros/isaac_ros_nitros_bridge/config) by extension 'ignore_ament_install'
[0.368s] Level 1:colcon.colcon_core.package_identification:_identify(src/isaac_ros_nitros/isaac_ros_nitros_bridge/config) by extensions ['colcon_pkg']
[0.368s] Level 1:colcon.colcon_core.package_identification:_identify(src/isaac_ros_nitros/isaac_ros_nitros_bridge/config) by extension 'colcon_pkg'
[0.368s] Level 1:colcon.colcon_core.package_identification:_identify(src/isaac_ros_nitros/isaac_ros_nitros_bridge/config) by extensions ['colcon_meta']
[0.368s] Level 1:colcon.colcon_core.package_identification:_identify(src/isaac_ros_nitros/isaac_ros_nitros_bridge/config) by extension 'colcon_meta'
[0.368s] Level 1:colcon.colcon_core.package_identification:_identify(src/isaac_ros_nitros/isaac_ros_nitros_bridge/config) by extensions ['ros']
[0.368s] Level 1:colcon.colcon_core.package_identification:_identify(src/isaac_ros_nitros/isaac_ros_nitros_bridge/config) by extension 'ros'
[0.368s] Level 1:colcon.colcon_core.package_identification:_identify(src/isaac_ros_nitros/isaac_ros_nitros_bridge/config) by extensions ['cmake', 'python']
[0.368s] Level 1:colcon.colcon_core.package_identification:_identify(src/isaac_ros_nitros/isaac_ros_nitros_bridge/config) by extension 'cmake'
[0.368s] Level 1:colcon.colcon_core.package_identification:_identify(src/isaac_ros_nitros/isaac_ros_nitros_bridge/config) by extension 'python'
[0.368s] Level 1:colcon.colcon_core.package_identification:_identify(src/isaac_ros_nitros/isaac_ros_nitros_bridge/config) by extensions ['python_setup_py']
[0.368s] Level 1:colcon.colcon_core.package_identification:_identify(src/isaac_ros_nitros/isaac_ros_nitros_bridge/config) by extension 'python_setup_py'
[0.369s] Level 1:colcon.colcon_core.package_identification:_identify(src/isaac_ros_nitros/isaac_ros_nitros_bridge/docker) by extensions ['ignore', 'ignore_ament_install']
[0.369s] Level 1:colcon.colcon_core.package_identification:_identify(src/isaac_ros_nitros/isaac_ros_nitros_bridge/docker) by extension 'ignore'
[0.369s] Level 1:colcon.colcon_core.package_identification:_identify(src/isaac_ros_nitros/isaac_ros_nitros_bridge/docker) by extension 'ignore_ament_install'
[0.369s] Level 1:colcon.colcon_core.package_identification:_identify(src/isaac_ros_nitros/isaac_ros_nitros_bridge/docker) by extensions ['colcon_pkg']
[0.369s] Level 1:colcon.colcon_core.package_identification:_identify(src/isaac_ros_nitros/isaac_ros_nitros_bridge/docker) by extension 'colcon_pkg'
[0.369s] Level 1:colcon.colcon_core.package_identification:_identify(src/isaac_ros_nitros/isaac_ros_nitros_bridge/docker) by extensions ['colcon_meta']
[0.369s] Level 1:colcon.colcon_core.package_identification:_identify(src/isaac_ros_nitros/isaac_ros_nitros_bridge/docker) by extension 'colcon_meta'
[0.369s] Level 1:colcon.colcon_core.package_identification:_identify(src/isaac_ros_nitros/isaac_ros_nitros_bridge/docker) by extensions ['ros']
[0.369s] Level 1:colcon.colcon_core.package_identification:_identify(src/isaac_ros_nitros/isaac_ros_nitros_bridge/docker) by extension 'ros'
[0.369s] Level 1:colcon.colcon_core.package_identification:_identify(src/isaac_ros_nitros/isaac_ros_nitros_bridge/docker) by extensions ['cmake', 'python']
[0.369s] Level 1:colcon.colcon_core.package_identification:_identify(src/isaac_ros_nitros/isaac_ros_nitros_bridge/docker) by extension 'cmake'
[0.369s] Level 1:colcon.colcon_core.package_identification:_identify(src/isaac_ros_nitros/isaac_ros_nitros_bridge/docker) by extension 'python'
[0.369s] Level 1:colcon.colcon_core.package_identification:_identify(src/isaac_ros_nitros/isaac_ros_nitros_bridge/docker) by extensions ['python_setup_py']
[0.369s] Level 1:colcon.colcon_core.package_identification:_identify(src/isaac_ros_nitros/isaac_ros_nitros_bridge/docker) by extension 'python_setup_py'
[0.369s] Level 1:colcon.colcon_core.package_identification:_identify(src/isaac_ros_nitros/isaac_ros_nitros_bridge/isaac_ros_nitros_bridge_ros2) by extensions ['ignore', 'ignore_ament_install']
[0.369s] Level 1:colcon.colcon_core.package_identification:_identify(src/isaac_ros_nitros/isaac_ros_nitros_bridge/isaac_ros_nitros_bridge_ros2) by extension 'ignore'
[0.369s] Level 1:colcon.colcon_core.package_identification:_identify(src/isaac_ros_nitros/isaac_ros_nitros_bridge/isaac_ros_nitros_bridge_ros2) by extension 'ignore_ament_install'
[0.369s] Level 1:colcon.colcon_core.package_identification:_identify(src/isaac_ros_nitros/isaac_ros_nitros_bridge/isaac_ros_nitros_bridge_ros2) by extensions ['colcon_pkg']
[0.369s] Level 1:colcon.colcon_core.package_identification:_identify(src/isaac_ros_nitros/isaac_ros_nitros_bridge/isaac_ros_nitros_bridge_ros2) by extension 'colcon_pkg'
[0.369s] Level 1:colcon.colcon_core.package_identification:_identify(src/isaac_ros_nitros/isaac_ros_nitros_bridge/isaac_ros_nitros_bridge_ros2) by extensions ['colcon_meta']
[0.369s] Level 1:colcon.colcon_core.package_identification:_identify(src/isaac_ros_nitros/isaac_ros_nitros_bridge/isaac_ros_nitros_bridge_ros2) by extension 'colcon_meta'
[0.369s] Level 1:colcon.colcon_core.package_identification:_identify(src/isaac_ros_nitros/isaac_ros_nitros_bridge/isaac_ros_nitros_bridge_ros2) by extensions ['ros']
[0.369s] Level 1:colcon.colcon_core.package_identification:_identify(src/isaac_ros_nitros/isaac_ros_nitros_bridge/isaac_ros_nitros_bridge_ros2) by extension 'ros'
[0.370s] DEBUG:colcon.colcon_core.package_identification:Package 'src/isaac_ros_nitros/isaac_ros_nitros_bridge/isaac_ros_nitros_bridge_ros2' with type 'ros.ament_cmake' and name 'isaac_ros_nitros_bridge_ros2'
[0.370s] Level 1:colcon.colcon_core.package_identification:_identify(src/isaac_ros_nitros/isaac_ros_nitros_bridge/resources) by extensions ['ignore', 'ignore_ament_install']
[0.370s] Level 1:colcon.colcon_core.package_identification:_identify(src/isaac_ros_nitros/isaac_ros_nitros_bridge/resources) by extension 'ignore'
[0.370s] Level 1:colcon.colcon_core.package_identification:_identify(src/isaac_ros_nitros/isaac_ros_nitros_bridge/resources) by extension 'ignore_ament_install'
[0.370s] Level 1:colcon.colcon_core.package_identification:_identify(src/isaac_ros_nitros/isaac_ros_nitros_bridge/resources) by extensions ['colcon_pkg']
[0.370s] Level 1:colcon.colcon_core.package_identification:_identify(src/isaac_ros_nitros/isaac_ros_nitros_bridge/resources) by extension 'colcon_pkg'
[0.370s] Level 1:colcon.colcon_core.package_identification:_identify(src/isaac_ros_nitros/isaac_ros_nitros_bridge/resources) by extensions ['colcon_meta']
[0.370s] Level 1:colcon.colcon_core.package_identification:_identify(src/isaac_ros_nitros/isaac_ros_nitros_bridge/resources) by extension 'colcon_meta'
[0.370s] Level 1:colcon.colcon_core.package_identification:_identify(src/isaac_ros_nitros/isaac_ros_nitros_bridge/resources) by extensions ['ros']
[0.370s] Level 1:colcon.colcon_core.package_identification:_identify(src/isaac_ros_nitros/isaac_ros_nitros_bridge/resources) by extension 'ros'
[0.370s] Level 1:colcon.colcon_core.package_identification:_identify(src/isaac_ros_nitros/isaac_ros_nitros_bridge/resources) by extensions ['cmake', 'python']
[0.370s] Level 1:colcon.colcon_core.package_identification:_identify(src/isaac_ros_nitros/isaac_ros_nitros_bridge/resources) by extension 'cmake'
[0.370s] Level 1:colcon.colcon_core.package_identification:_identify(src/isaac_ros_nitros/isaac_ros_nitros_bridge/resources) by extension 'python'
[0.370s] Level 1:colcon.colcon_core.package_identification:_identify(src/isaac_ros_nitros/isaac_ros_nitros_bridge/resources) by extensions ['python_setup_py']
[0.370s] Level 1:colcon.colcon_core.package_identification:_identify(src/isaac_ros_nitros/isaac_ros_nitros_bridge/resources) by extension 'python_setup_py'
[0.370s] Level 1:colcon.colcon_core.package_identification:_identify(src/isaac_ros_nitros/isaac_ros_nitros_bridge/resources/quickstart.bag) by extensions ['ignore', 'ignore_ament_install']
[0.370s] Level 1:colcon.colcon_core.package_identification:_identify(src/isaac_ros_nitros/isaac_ros_nitros_bridge/resources/quickstart.bag) by extension 'ignore'
[0.370s] Level 1:colcon.colcon_core.package_identification:_identify(src/isaac_ros_nitros/isaac_ros_nitros_bridge/resources/quickstart.bag) by extension 'ignore_ament_install'
[0.370s] Level 1:colcon.colcon_core.package_identification:_identify(src/isaac_ros_nitros/isaac_ros_nitros_bridge/resources/quickstart.bag) by extensions ['colcon_pkg']
[0.370s] Level 1:colcon.colcon_core.package_identification:_identify(src/isaac_ros_nitros/isaac_ros_nitros_bridge/resources/quickstart.bag) by extension 'colcon_pkg'
[0.370s] Level 1:colcon.colcon_core.package_identification:_identify(src/isaac_ros_nitros/isaac_ros_nitros_bridge/resources/quickstart.bag) by extensions ['colcon_meta']
[0.370s] Level 1:colcon.colcon_core.package_identification:_identify(src/isaac_ros_nitros/isaac_ros_nitros_bridge/resources/quickstart.bag) by extension 'colcon_meta'
[0.370s] Level 1:colcon.colcon_core.package_identification:_identify(src/isaac_ros_nitros/isaac_ros_nitros_bridge/resources/quickstart.bag) by extensions ['ros']
[0.370s] Level 1:colcon.colcon_core.package_identification:_identify(src/isaac_ros_nitros/isaac_ros_nitros_bridge/resources/quickstart.bag) by extension 'ros'
[0.370s] Level 1:colcon.colcon_core.package_identification:_identify(src/isaac_ros_nitros/isaac_ros_nitros_bridge/resources/quickstart.bag) by extensions ['cmake', 'python']
[0.370s] Level 1:colcon.colcon_core.package_identification:_identify(src/isaac_ros_nitros/isaac_ros_nitros_bridge/resources/quickstart.bag) by extension 'cmake'
[0.370s] Level 1:colcon.colcon_core.package_identification:_identify(src/isaac_ros_nitros/isaac_ros_nitros_bridge/resources/quickstart.bag) by extension 'python'
[0.370s] Level 1:colcon.colcon_core.package_identification:_identify(src/isaac_ros_nitros/isaac_ros_nitros_bridge/resources/quickstart.bag) by extensions ['python_setup_py']
[0.370s] Level 1:colcon.colcon_core.package_identification:_identify(src/isaac_ros_nitros/isaac_ros_nitros_bridge/resources/quickstart.bag) by extension 'python_setup_py'
[0.370s] Level 1:colcon.colcon_core.package_identification:_identify(src/isaac_ros_nitros/isaac_ros_nitros_bridge/ros1) by extensions ['ignore', 'ignore_ament_install']
[0.370s] Level 1:colcon.colcon_core.package_identification:_identify(src/isaac_ros_nitros/isaac_ros_nitros_bridge/ros1) by extension 'ignore'
[0.370s] Level 1:colcon.colcon_core.package_identification:_identify(src/isaac_ros_nitros/isaac_ros_nitros_bridge/ros1) ignored
[0.371s] Level 1:colcon.colcon_core.package_identification:_identify(src/isaac_ros_nitros/isaac_ros_nitros_bridge/scripts) by extensions ['ignore', 'ignore_ament_install']
[0.371s] Level 1:colcon.colcon_core.package_identification:_identify(src/isaac_ros_nitros/isaac_ros_nitros_bridge/scripts) by extension 'ignore'
[0.371s] Level 1:colcon.colcon_core.package_identification:_identify(src/isaac_ros_nitros/isaac_ros_nitros_bridge/scripts) by extension 'ignore_ament_install'
[0.371s] Level 1:colcon.colcon_core.package_identification:_identify(src/isaac_ros_nitros/isaac_ros_nitros_bridge/scripts) by extensions ['colcon_pkg']
[0.371s] Level 1:colcon.colcon_core.package_identification:_identify(src/isaac_ros_nitros/isaac_ros_nitros_bridge/scripts) by extension 'colcon_pkg'
[0.371s] Level 1:colcon.colcon_core.package_identification:_identify(src/isaac_ros_nitros/isaac_ros_nitros_bridge/scripts) by extensions ['colcon_meta']
[0.371s] Level 1:colcon.colcon_core.package_identification:_identify(src/isaac_ros_nitros/isaac_ros_nitros_bridge/scripts) by extension 'colcon_meta'
[0.371s] Level 1:colcon.colcon_core.package_identification:_identify(src/isaac_ros_nitros/isaac_ros_nitros_bridge/scripts) by extensions ['ros']
[0.371s] Level 1:colcon.colcon_core.package_identification:_identify(src/isaac_ros_nitros/isaac_ros_nitros_bridge/scripts) by extension 'ros'
[0.371s] Level 1:colcon.colcon_core.package_identification:_identify(src/isaac_ros_nitros/isaac_ros_nitros_bridge/scripts) by extensions ['cmake', 'python']
[0.371s] Level 1:colcon.colcon_core.package_identification:_identify(src/isaac_ros_nitros/isaac_ros_nitros_bridge/scripts) by extension 'cmake'
[0.371s] Level 1:colcon.colcon_core.package_identification:_identify(src/isaac_ros_nitros/isaac_ros_nitros_bridge/scripts) by extension 'python'
[0.371s] Level 1:colcon.colcon_core.package_identification:_identify(src/isaac_ros_nitros/isaac_ros_nitros_bridge/scripts) by extensions ['python_setup_py']
[0.371s] Level 1:colcon.colcon_core.package_identification:_identify(src/isaac_ros_nitros/isaac_ros_nitros_bridge/scripts) by extension 'python_setup_py'
[0.371s] Level 1:colcon.colcon_core.package_identification:_identify(src/isaac_ros_nitros/isaac_ros_nitros_topic_tools) by extensions ['ignore', 'ignore_ament_install']
[0.371s] Level 1:colcon.colcon_core.package_identification:_identify(src/isaac_ros_nitros/isaac_ros_nitros_topic_tools) by extension 'ignore'
[0.371s] Level 1:colcon.colcon_core.package_identification:_identify(src/isaac_ros_nitros/isaac_ros_nitros_topic_tools) by extension 'ignore_ament_install'
[0.371s] Level 1:colcon.colcon_core.package_identification:_identify(src/isaac_ros_nitros/isaac_ros_nitros_topic_tools) by extensions ['colcon_pkg']
[0.371s] Level 1:colcon.colcon_core.package_identification:_identify(src/isaac_ros_nitros/isaac_ros_nitros_topic_tools) by extension 'colcon_pkg'
[0.371s] Level 1:colcon.colcon_core.package_identification:_identify(src/isaac_ros_nitros/isaac_ros_nitros_topic_tools) by extensions ['colcon_meta']
[0.371s] Level 1:colcon.colcon_core.package_identification:_identify(src/isaac_ros_nitros/isaac_ros_nitros_topic_tools) by extension 'colcon_meta'
[0.371s] Level 1:colcon.colcon_core.package_identification:_identify(src/isaac_ros_nitros/isaac_ros_nitros_topic_tools) by extensions ['ros']
[0.371s] Level 1:colcon.colcon_core.package_identification:_identify(src/isaac_ros_nitros/isaac_ros_nitros_topic_tools) by extension 'ros'
[0.372s] DEBUG:colcon.colcon_core.package_identification:Package 'src/isaac_ros_nitros/isaac_ros_nitros_topic_tools' with type 'ros.ament_cmake' and name 'isaac_ros_nitros_topic_tools'
[0.372s] Level 1:colcon.colcon_core.package_identification:_identify(src/isaac_ros_nitros/isaac_ros_nitros_type) by extensions ['ignore', 'ignore_ament_install']
[0.372s] Level 1:colcon.colcon_core.package_identification:_identify(src/isaac_ros_nitros/isaac_ros_nitros_type) by extension 'ignore'
[0.372s] Level 1:colcon.colcon_core.package_identification:_identify(src/isaac_ros_nitros/isaac_ros_nitros_type) by extension 'ignore_ament_install'
[0.372s] Level 1:colcon.colcon_core.package_identification:_identify(src/isaac_ros_nitros/isaac_ros_nitros_type) by extensions ['colcon_pkg']
[0.372s] Level 1:colcon.colcon_core.package_identification:_identify(src/isaac_ros_nitros/isaac_ros_nitros_type) by extension 'colcon_pkg'
[0.372s] Level 1:colcon.colcon_core.package_identification:_identify(src/isaac_ros_nitros/isaac_ros_nitros_type) by extensions ['colcon_meta']
[0.372s] Level 1:colcon.colcon_core.package_identification:_identify(src/isaac_ros_nitros/isaac_ros_nitros_type) by extension 'colcon_meta'
[0.372s] Level 1:colcon.colcon_core.package_identification:_identify(src/isaac_ros_nitros/isaac_ros_nitros_type) by extensions ['ros']
[0.372s] Level 1:colcon.colcon_core.package_identification:_identify(src/isaac_ros_nitros/isaac_ros_nitros_type) by extension 'ros'
[0.372s] Level 1:colcon.colcon_core.package_identification:_identify(src/isaac_ros_nitros/isaac_ros_nitros_type) by extensions ['cmake', 'python']
[0.372s] Level 1:colcon.colcon_core.package_identification:_identify(src/isaac_ros_nitros/isaac_ros_nitros_type) by extension 'cmake'
[0.372s] Level 1:colcon.colcon_core.package_identification:_identify(src/isaac_ros_nitros/isaac_ros_nitros_type) by extension 'python'
[0.372s] Level 1:colcon.colcon_core.package_identification:_identify(src/isaac_ros_nitros/isaac_ros_nitros_type) by extensions ['python_setup_py']
[0.372s] Level 1:colcon.colcon_core.package_identification:_identify(src/isaac_ros_nitros/isaac_ros_nitros_type) by extension 'python_setup_py'
[0.372s] Level 1:colcon.colcon_core.package_identification:_identify(src/isaac_ros_nitros/isaac_ros_nitros_type/isaac_ros_nitros_battery_state_type) by extensions ['ignore', 'ignore_ament_install']
[0.372s] Level 1:colcon.colcon_core.package_identification:_identify(src/isaac_ros_nitros/isaac_ros_nitros_type/isaac_ros_nitros_battery_state_type) by extension 'ignore'
[0.372s] Level 1:colcon.colcon_core.package_identification:_identify(src/isaac_ros_nitros/isaac_ros_nitros_type/isaac_ros_nitros_battery_state_type) by extension 'ignore_ament_install'
[0.372s] Level 1:colcon.colcon_core.package_identification:_identify(src/isaac_ros_nitros/isaac_ros_nitros_type/isaac_ros_nitros_battery_state_type) by extensions ['colcon_pkg']
[0.372s] Level 1:colcon.colcon_core.package_identification:_identify(src/isaac_ros_nitros/isaac_ros_nitros_type/isaac_ros_nitros_battery_state_type) by extension 'colcon_pkg'
[0.372s] Level 1:colcon.colcon_core.package_identification:_identify(src/isaac_ros_nitros/isaac_ros_nitros_type/isaac_ros_nitros_battery_state_type) by extensions ['colcon_meta']
[0.372s] Level 1:colcon.colcon_core.package_identification:_identify(src/isaac_ros_nitros/isaac_ros_nitros_type/isaac_ros_nitros_battery_state_type) by extension 'colcon_meta'
[0.372s] Level 1:colcon.colcon_core.package_identification:_identify(src/isaac_ros_nitros/isaac_ros_nitros_type/isaac_ros_nitros_battery_state_type) by extensions ['ros']
[0.372s] Level 1:colcon.colcon_core.package_identification:_identify(src/isaac_ros_nitros/isaac_ros_nitros_type/isaac_ros_nitros_battery_state_type) by extension 'ros'
[0.373s] DEBUG:colcon.colcon_core.package_identification:Package 'src/isaac_ros_nitros/isaac_ros_nitros_type/isaac_ros_nitros_battery_state_type' with type 'ros.ament_cmake' and name 'isaac_ros_nitros_battery_state_type'
[0.373s] Level 1:colcon.colcon_core.package_identification:_identify(src/isaac_ros_nitros/isaac_ros_nitros_type/isaac_ros_nitros_camera_info_type) by extensions ['ignore', 'ignore_ament_install']
[0.373s] Level 1:colcon.colcon_core.package_identification:_identify(src/isaac_ros_nitros/isaac_ros_nitros_type/isaac_ros_nitros_camera_info_type) by extension 'ignore'
[0.373s] Level 1:colcon.colcon_core.package_identification:_identify(src/isaac_ros_nitros/isaac_ros_nitros_type/isaac_ros_nitros_camera_info_type) by extension 'ignore_ament_install'
[0.373s] Level 1:colcon.colcon_core.package_identification:_identify(src/isaac_ros_nitros/isaac_ros_nitros_type/isaac_ros_nitros_camera_info_type) by extensions ['colcon_pkg']
[0.373s] Level 1:colcon.colcon_core.package_identification:_identify(src/isaac_ros_nitros/isaac_ros_nitros_type/isaac_ros_nitros_camera_info_type) by extension 'colcon_pkg'
[0.373s] Level 1:colcon.colcon_core.package_identification:_identify(src/isaac_ros_nitros/isaac_ros_nitros_type/isaac_ros_nitros_camera_info_type) by extensions ['colcon_meta']
[0.373s] Level 1:colcon.colcon_core.package_identification:_identify(src/isaac_ros_nitros/isaac_ros_nitros_type/isaac_ros_nitros_camera_info_type) by extension 'colcon_meta'
[0.373s] Level 1:colcon.colcon_core.package_identification:_identify(src/isaac_ros_nitros/isaac_ros_nitros_type/isaac_ros_nitros_camera_info_type) by extensions ['ros']
[0.373s] Level 1:colcon.colcon_core.package_identification:_identify(src/isaac_ros_nitros/isaac_ros_nitros_type/isaac_ros_nitros_camera_info_type) by extension 'ros'
[0.374s] DEBUG:colcon.colcon_core.package_identification:Package 'src/isaac_ros_nitros/isaac_ros_nitros_type/isaac_ros_nitros_camera_info_type' with type 'ros.ament_cmake' and name 'isaac_ros_nitros_camera_info_type'
[0.374s] Level 1:colcon.colcon_core.package_identification:_identify(src/isaac_ros_nitros/isaac_ros_nitros_type/isaac_ros_nitros_compressed_image_type) by extensions ['ignore', 'ignore_ament_install']
[0.374s] Level 1:colcon.colcon_core.package_identification:_identify(src/isaac_ros_nitros/isaac_ros_nitros_type/isaac_ros_nitros_compressed_image_type) by extension 'ignore'
[0.374s] Level 1:colcon.colcon_core.package_identification:_identify(src/isaac_ros_nitros/isaac_ros_nitros_type/isaac_ros_nitros_compressed_image_type) by extension 'ignore_ament_install'
[0.374s] Level 1:colcon.colcon_core.package_identification:_identify(src/isaac_ros_nitros/isaac_ros_nitros_type/isaac_ros_nitros_compressed_image_type) by extensions ['colcon_pkg']
[0.374s] Level 1:colcon.colcon_core.package_identification:_identify(src/isaac_ros_nitros/isaac_ros_nitros_type/isaac_ros_nitros_compressed_image_type) by extension 'colcon_pkg'
[0.374s] Level 1:colcon.colcon_core.package_identification:_identify(src/isaac_ros_nitros/isaac_ros_nitros_type/isaac_ros_nitros_compressed_image_type) by extensions ['colcon_meta']
[0.374s] Level 1:colcon.colcon_core.package_identification:_identify(src/isaac_ros_nitros/isaac_ros_nitros_type/isaac_ros_nitros_compressed_image_type) by extension 'colcon_meta'
[0.374s] Level 1:colcon.colcon_core.package_identification:_identify(src/isaac_ros_nitros/isaac_ros_nitros_type/isaac_ros_nitros_compressed_image_type) by extensions ['ros']
[0.374s] Level 1:colcon.colcon_core.package_identification:_identify(src/isaac_ros_nitros/isaac_ros_nitros_type/isaac_ros_nitros_compressed_image_type) by extension 'ros'
[0.375s] DEBUG:colcon.colcon_core.package_identification:Package 'src/isaac_ros_nitros/isaac_ros_nitros_type/isaac_ros_nitros_compressed_image_type' with type 'ros.ament_cmake' and name 'isaac_ros_nitros_compressed_image_type'
[0.375s] Level 1:colcon.colcon_core.package_identification:_identify(src/isaac_ros_nitros/isaac_ros_nitros_type/isaac_ros_nitros_compressed_video_type) by extensions ['ignore', 'ignore_ament_install']
[0.375s] Level 1:colcon.colcon_core.package_identification:_identify(src/isaac_ros_nitros/isaac_ros_nitros_type/isaac_ros_nitros_compressed_video_type) by extension 'ignore'
[0.375s] Level 1:colcon.colcon_core.package_identification:_identify(src/isaac_ros_nitros/isaac_ros_nitros_type/isaac_ros_nitros_compressed_video_type) by extension 'ignore_ament_install'
[0.375s] Level 1:colcon.colcon_core.package_identification:_identify(src/isaac_ros_nitros/isaac_ros_nitros_type/isaac_ros_nitros_compressed_video_type) by extensions ['colcon_pkg']
[0.375s] Level 1:colcon.colcon_core.package_identification:_identify(src/isaac_ros_nitros/isaac_ros_nitros_type/isaac_ros_nitros_compressed_video_type) by extension 'colcon_pkg'
[0.375s] Level 1:colcon.colcon_core.package_identification:_identify(src/isaac_ros_nitros/isaac_ros_nitros_type/isaac_ros_nitros_compressed_video_type) by extensions ['colcon_meta']
[0.375s] Level 1:colcon.colcon_core.package_identification:_identify(src/isaac_ros_nitros/isaac_ros_nitros_type/isaac_ros_nitros_compressed_video_type) by extension 'colcon_meta'
[0.375s] Level 1:colcon.colcon_core.package_identification:_identify(src/isaac_ros_nitros/isaac_ros_nitros_type/isaac_ros_nitros_compressed_video_type) by extensions ['ros']
[0.375s] Level 1:colcon.colcon_core.package_identification:_identify(src/isaac_ros_nitros/isaac_ros_nitros_type/isaac_ros_nitros_compressed_video_type) by extension 'ros'
[0.376s] DEBUG:colcon.colcon_core.package_identification:Package 'src/isaac_ros_nitros/isaac_ros_nitros_type/isaac_ros_nitros_compressed_video_type' with type 'ros.ament_cmake' and name 'isaac_ros_nitros_compressed_video_type'
[0.376s] Level 1:colcon.colcon_core.package_identification:_identify(src/isaac_ros_nitros/isaac_ros_nitros_type/isaac_ros_nitros_correlated_timestamp_type) by extensions ['ignore', 'ignore_ament_install']
[0.376s] Level 1:colcon.colcon_core.package_identification:_identify(src/isaac_ros_nitros/isaac_ros_nitros_type/isaac_ros_nitros_correlated_timestamp_type) by extension 'ignore'
[0.376s] Level 1:colcon.colcon_core.package_identification:_identify(src/isaac_ros_nitros/isaac_ros_nitros_type/isaac_ros_nitros_correlated_timestamp_type) by extension 'ignore_ament_install'
[0.376s] Level 1:colcon.colcon_core.package_identification:_identify(src/isaac_ros_nitros/isaac_ros_nitros_type/isaac_ros_nitros_correlated_timestamp_type) by extensions ['colcon_pkg']
[0.376s] Level 1:colcon.colcon_core.package_identification:_identify(src/isaac_ros_nitros/isaac_ros_nitros_type/isaac_ros_nitros_correlated_timestamp_type) by extension 'colcon_pkg'
[0.376s] Level 1:colcon.colcon_core.package_identification:_identify(src/isaac_ros_nitros/isaac_ros_nitros_type/isaac_ros_nitros_correlated_timestamp_type) by extensions ['colcon_meta']
[0.376s] Level 1:colcon.colcon_core.package_identification:_identify(src/isaac_ros_nitros/isaac_ros_nitros_type/isaac_ros_nitros_correlated_timestamp_type) by extension 'colcon_meta'
[0.376s] Level 1:colcon.colcon_core.package_identification:_identify(src/isaac_ros_nitros/isaac_ros_nitros_type/isaac_ros_nitros_correlated_timestamp_type) by extensions ['ros']
[0.376s] Level 1:colcon.colcon_core.package_identification:_identify(src/isaac_ros_nitros/isaac_ros_nitros_type/isaac_ros_nitros_correlated_timestamp_type) by extension 'ros'
[0.376s] DEBUG:colcon.colcon_core.package_identification:Package 'src/isaac_ros_nitros/isaac_ros_nitros_type/isaac_ros_nitros_correlated_timestamp_type' with type 'ros.ament_cmake' and name 'isaac_ros_nitros_correlated_timestamp_type'
[0.376s] Level 1:colcon.colcon_core.package_identification:_identify(src/isaac_ros_nitros/isaac_ros_nitros_type/isaac_ros_nitros_detection2_d_array_type) by extensions ['ignore', 'ignore_ament_install']
[0.376s] Level 1:colcon.colcon_core.package_identification:_identify(src/isaac_ros_nitros/isaac_ros_nitros_type/isaac_ros_nitros_detection2_d_array_type) by extension 'ignore'
[0.377s] Level 1:colcon.colcon_core.package_identification:_identify(src/isaac_ros_nitros/isaac_ros_nitros_type/isaac_ros_nitros_detection2_d_array_type) by extension 'ignore_ament_install'
[0.377s] Level 1:colcon.colcon_core.package_identification:_identify(src/isaac_ros_nitros/isaac_ros_nitros_type/isaac_ros_nitros_detection2_d_array_type) by extensions ['colcon_pkg']
[0.377s] Level 1:colcon.colcon_core.package_identification:_identify(src/isaac_ros_nitros/isaac_ros_nitros_type/isaac_ros_nitros_detection2_d_array_type) by extension 'colcon_pkg'
[0.377s] Level 1:colcon.colcon_core.package_identification:_identify(src/isaac_ros_nitros/isaac_ros_nitros_type/isaac_ros_nitros_detection2_d_array_type) by extensions ['colcon_meta']
[0.377s] Level 1:colcon.colcon_core.package_identification:_identify(src/isaac_ros_nitros/isaac_ros_nitros_type/isaac_ros_nitros_detection2_d_array_type) by extension 'colcon_meta'
[0.377s] Level 1:colcon.colcon_core.package_identification:_identify(src/isaac_ros_nitros/isaac_ros_nitros_type/isaac_ros_nitros_detection2_d_array_type) by extensions ['ros']
[0.377s] Level 1:colcon.colcon_core.package_identification:_identify(src/isaac_ros_nitros/isaac_ros_nitros_type/isaac_ros_nitros_detection2_d_array_type) by extension 'ros'
[0.377s] DEBUG:colcon.colcon_core.package_identification:Package 'src/isaac_ros_nitros/isaac_ros_nitros_type/isaac_ros_nitros_detection2_d_array_type' with type 'ros.ament_cmake' and name 'isaac_ros_nitros_detection2_d_array_type'
[0.377s] Level 1:colcon.colcon_core.package_identification:_identify(src/isaac_ros_nitros/isaac_ros_nitros_type/isaac_ros_nitros_detection3_d_array_type) by extensions ['ignore', 'ignore_ament_install']
[0.377s] Level 1:colcon.colcon_core.package_identification:_identify(src/isaac_ros_nitros/isaac_ros_nitros_type/isaac_ros_nitros_detection3_d_array_type) by extension 'ignore'
[0.377s] Level 1:colcon.colcon_core.package_identification:_identify(src/isaac_ros_nitros/isaac_ros_nitros_type/isaac_ros_nitros_detection3_d_array_type) by extension 'ignore_ament_install'
[0.377s] Level 1:colcon.colcon_core.package_identification:_identify(src/isaac_ros_nitros/isaac_ros_nitros_type/isaac_ros_nitros_detection3_d_array_type) by extensions ['colcon_pkg']
[0.377s] Level 1:colcon.colcon_core.package_identification:_identify(src/isaac_ros_nitros/isaac_ros_nitros_type/isaac_ros_nitros_detection3_d_array_type) by extension 'colcon_pkg'
[0.377s] Level 1:colcon.colcon_core.package_identification:_identify(src/isaac_ros_nitros/isaac_ros_nitros_type/isaac_ros_nitros_detection3_d_array_type) by extensions ['colcon_meta']
[0.377s] Level 1:colcon.colcon_core.package_identification:_identify(src/isaac_ros_nitros/isaac_ros_nitros_type/isaac_ros_nitros_detection3_d_array_type) by extension 'colcon_meta'
[0.377s] Level 1:colcon.colcon_core.package_identification:_identify(src/isaac_ros_nitros/isaac_ros_nitros_type/isaac_ros_nitros_detection3_d_array_type) by extensions ['ros']
[0.377s] Level 1:colcon.colcon_core.package_identification:_identify(src/isaac_ros_nitros/isaac_ros_nitros_type/isaac_ros_nitros_detection3_d_array_type) by extension 'ros'
[0.378s] DEBUG:colcon.colcon_core.package_identification:Package 'src/isaac_ros_nitros/isaac_ros_nitros_type/isaac_ros_nitros_detection3_d_array_type' with type 'ros.ament_cmake' and name 'isaac_ros_nitros_detection3_d_array_type'
[0.378s] Level 1:colcon.colcon_core.package_identification:_identify(src/isaac_ros_nitros/isaac_ros_nitros_type/isaac_ros_nitros_disparity_image_type) by extensions ['ignore', 'ignore_ament_install']
[0.378s] Level 1:colcon.colcon_core.package_identification:_identify(src/isaac_ros_nitros/isaac_ros_nitros_type/isaac_ros_nitros_disparity_image_type) by extension 'ignore'
[0.378s] Level 1:colcon.colcon_core.package_identification:_identify(src/isaac_ros_nitros/isaac_ros_nitros_type/isaac_ros_nitros_disparity_image_type) by extension 'ignore_ament_install'
[0.378s] Level 1:colcon.colcon_core.package_identification:_identify(src/isaac_ros_nitros/isaac_ros_nitros_type/isaac_ros_nitros_disparity_image_type) by extensions ['colcon_pkg']
[0.378s] Level 1:colcon.colcon_core.package_identification:_identify(src/isaac_ros_nitros/isaac_ros_nitros_type/isaac_ros_nitros_disparity_image_type) by extension 'colcon_pkg'
[0.378s] Level 1:colcon.colcon_core.package_identification:_identify(src/isaac_ros_nitros/isaac_ros_nitros_type/isaac_ros_nitros_disparity_image_type) by extensions ['colcon_meta']
[0.378s] Level 1:colcon.colcon_core.package_identification:_identify(src/isaac_ros_nitros/isaac_ros_nitros_type/isaac_ros_nitros_disparity_image_type) by extension 'colcon_meta'
[0.378s] Level 1:colcon.colcon_core.package_identification:_identify(src/isaac_ros_nitros/isaac_ros_nitros_type/isaac_ros_nitros_disparity_image_type) by extensions ['ros']
[0.378s] Level 1:colcon.colcon_core.package_identification:_identify(src/isaac_ros_nitros/isaac_ros_nitros_type/isaac_ros_nitros_disparity_image_type) by extension 'ros'
[0.379s] DEBUG:colcon.colcon_core.package_identification:Package 'src/isaac_ros_nitros/isaac_ros_nitros_type/isaac_ros_nitros_disparity_image_type' with type 'ros.ament_cmake' and name 'isaac_ros_nitros_disparity_image_type'
[0.379s] Level 1:colcon.colcon_core.package_identification:_identify(src/isaac_ros_nitros/isaac_ros_nitros_type/isaac_ros_nitros_encoder_ticks_type) by extensions ['ignore', 'ignore_ament_install']
[0.379s] Level 1:colcon.colcon_core.package_identification:_identify(src/isaac_ros_nitros/isaac_ros_nitros_type/isaac_ros_nitros_encoder_ticks_type) by extension 'ignore'
[0.379s] Level 1:colcon.colcon_core.package_identification:_identify(src/isaac_ros_nitros/isaac_ros_nitros_type/isaac_ros_nitros_encoder_ticks_type) by extension 'ignore_ament_install'
[0.379s] Level 1:colcon.colcon_core.package_identification:_identify(src/isaac_ros_nitros/isaac_ros_nitros_type/isaac_ros_nitros_encoder_ticks_type) by extensions ['colcon_pkg']
[0.379s] Level 1:colcon.colcon_core.package_identification:_identify(src/isaac_ros_nitros/isaac_ros_nitros_type/isaac_ros_nitros_encoder_ticks_type) by extension 'colcon_pkg'
[0.379s] Level 1:colcon.colcon_core.package_identification:_identify(src/isaac_ros_nitros/isaac_ros_nitros_type/isaac_ros_nitros_encoder_ticks_type) by extensions ['colcon_meta']
[0.379s] Level 1:colcon.colcon_core.package_identification:_identify(src/isaac_ros_nitros/isaac_ros_nitros_type/isaac_ros_nitros_encoder_ticks_type) by extension 'colcon_meta'
[0.379s] Level 1:colcon.colcon_core.package_identification:_identify(src/isaac_ros_nitros/isaac_ros_nitros_type/isaac_ros_nitros_encoder_ticks_type) by extensions ['ros']
[0.379s] Level 1:colcon.colcon_core.package_identification:_identify(src/isaac_ros_nitros/isaac_ros_nitros_type/isaac_ros_nitros_encoder_ticks_type) by extension 'ros'
[0.380s] DEBUG:colcon.colcon_core.package_identification:Package 'src/isaac_ros_nitros/isaac_ros_nitros_type/isaac_ros_nitros_encoder_ticks_type' with type 'ros.ament_cmake' and name 'isaac_ros_nitros_encoder_ticks_type'
[0.380s] Level 1:colcon.colcon_core.package_identification:_identify(src/isaac_ros_nitros/isaac_ros_nitros_type/isaac_ros_nitros_flat_scan_type) by extensions ['ignore', 'ignore_ament_install']
[0.380s] Level 1:colcon.colcon_core.package_identification:_identify(src/isaac_ros_nitros/isaac_ros_nitros_type/isaac_ros_nitros_flat_scan_type) by extension 'ignore'
[0.380s] Level 1:colcon.colcon_core.package_identification:_identify(src/isaac_ros_nitros/isaac_ros_nitros_type/isaac_ros_nitros_flat_scan_type) by extension 'ignore_ament_install'
[0.380s] Level 1:colcon.colcon_core.package_identification:_identify(src/isaac_ros_nitros/isaac_ros_nitros_type/isaac_ros_nitros_flat_scan_type) by extensions ['colcon_pkg']
[0.380s] Level 1:colcon.colcon_core.package_identification:_identify(src/isaac_ros_nitros/isaac_ros_nitros_type/isaac_ros_nitros_flat_scan_type) by extension 'colcon_pkg'
[0.380s] Level 1:colcon.colcon_core.package_identification:_identify(src/isaac_ros_nitros/isaac_ros_nitros_type/isaac_ros_nitros_flat_scan_type) by extensions ['colcon_meta']
[0.380s] Level 1:colcon.colcon_core.package_identification:_identify(src/isaac_ros_nitros/isaac_ros_nitros_type/isaac_ros_nitros_flat_scan_type) by extension 'colcon_meta'
[0.380s] Level 1:colcon.colcon_core.package_identification:_identify(src/isaac_ros_nitros/isaac_ros_nitros_type/isaac_ros_nitros_flat_scan_type) by extensions ['ros']
[0.380s] Level 1:colcon.colcon_core.package_identification:_identify(src/isaac_ros_nitros/isaac_ros_nitros_type/isaac_ros_nitros_flat_scan_type) by extension 'ros'
[0.381s] DEBUG:colcon.colcon_core.package_identification:Package 'src/isaac_ros_nitros/isaac_ros_nitros_type/isaac_ros_nitros_flat_scan_type' with type 'ros.ament_cmake' and name 'isaac_ros_nitros_flat_scan_type'
[0.381s] Level 1:colcon.colcon_core.package_identification:_identify(src/isaac_ros_nitros/isaac_ros_nitros_type/isaac_ros_nitros_image_type) by extensions ['ignore', 'ignore_ament_install']
[0.381s] Level 1:colcon.colcon_core.package_identification:_identify(src/isaac_ros_nitros/isaac_ros_nitros_type/isaac_ros_nitros_image_type) by extension 'ignore'
[0.381s] Level 1:colcon.colcon_core.package_identification:_identify(src/isaac_ros_nitros/isaac_ros_nitros_type/isaac_ros_nitros_image_type) by extension 'ignore_ament_install'
[0.381s] Level 1:colcon.colcon_core.package_identification:_identify(src/isaac_ros_nitros/isaac_ros_nitros_type/isaac_ros_nitros_image_type) by extensions ['colcon_pkg']
[0.381s] Level 1:colcon.colcon_core.package_identification:_identify(src/isaac_ros_nitros/isaac_ros_nitros_type/isaac_ros_nitros_image_type) by extension 'colcon_pkg'
[0.381s] Level 1:colcon.colcon_core.package_identification:_identify(src/isaac_ros_nitros/isaac_ros_nitros_type/isaac_ros_nitros_image_type) by extensions ['colcon_meta']
[0.381s] Level 1:colcon.colcon_core.package_identification:_identify(src/isaac_ros_nitros/isaac_ros_nitros_type/isaac_ros_nitros_image_type) by extension 'colcon_meta'
[0.381s] Level 1:colcon.colcon_core.package_identification:_identify(src/isaac_ros_nitros/isaac_ros_nitros_type/isaac_ros_nitros_image_type) by extensions ['ros']
[0.381s] Level 1:colcon.colcon_core.package_identification:_identify(src/isaac_ros_nitros/isaac_ros_nitros_type/isaac_ros_nitros_image_type) by extension 'ros'
[0.382s] DEBUG:colcon.colcon_core.package_identification:Package 'src/isaac_ros_nitros/isaac_ros_nitros_type/isaac_ros_nitros_image_type' with type 'ros.ament_cmake' and name 'isaac_ros_nitros_image_type'
[0.382s] Level 1:colcon.colcon_core.package_identification:_identify(src/isaac_ros_nitros/isaac_ros_nitros_type/isaac_ros_nitros_imu_type) by extensions ['ignore', 'ignore_ament_install']
[0.382s] Level 1:colcon.colcon_core.package_identification:_identify(src/isaac_ros_nitros/isaac_ros_nitros_type/isaac_ros_nitros_imu_type) by extension 'ignore'
[0.382s] Level 1:colcon.colcon_core.package_identification:_identify(src/isaac_ros_nitros/isaac_ros_nitros_type/isaac_ros_nitros_imu_type) by extension 'ignore_ament_install'
[0.382s] Level 1:colcon.colcon_core.package_identification:_identify(src/isaac_ros_nitros/isaac_ros_nitros_type/isaac_ros_nitros_imu_type) by extensions ['colcon_pkg']
[0.382s] Level 1:colcon.colcon_core.package_identification:_identify(src/isaac_ros_nitros/isaac_ros_nitros_type/isaac_ros_nitros_imu_type) by extension 'colcon_pkg'
[0.382s] Level 1:colcon.colcon_core.package_identification:_identify(src/isaac_ros_nitros/isaac_ros_nitros_type/isaac_ros_nitros_imu_type) by extensions ['colcon_meta']
[0.382s] Level 1:colcon.colcon_core.package_identification:_identify(src/isaac_ros_nitros/isaac_ros_nitros_type/isaac_ros_nitros_imu_type) by extension 'colcon_meta'
[0.382s] Level 1:colcon.colcon_core.package_identification:_identify(src/isaac_ros_nitros/isaac_ros_nitros_type/isaac_ros_nitros_imu_type) by extensions ['ros']
[0.382s] Level 1:colcon.colcon_core.package_identification:_identify(src/isaac_ros_nitros/isaac_ros_nitros_type/isaac_ros_nitros_imu_type) by extension 'ros'
[0.383s] DEBUG:colcon.colcon_core.package_identification:Package 'src/isaac_ros_nitros/isaac_ros_nitros_type/isaac_ros_nitros_imu_type' with type 'ros.ament_cmake' and name 'isaac_ros_nitros_imu_type'
[0.383s] Level 1:colcon.colcon_core.package_identification:_identify(src/isaac_ros_nitros/isaac_ros_nitros_type/isaac_ros_nitros_occupancy_grid_type) by extensions ['ignore', 'ignore_ament_install']
[0.383s] Level 1:colcon.colcon_core.package_identification:_identify(src/isaac_ros_nitros/isaac_ros_nitros_type/isaac_ros_nitros_occupancy_grid_type) by extension 'ignore'
[0.383s] Level 1:colcon.colcon_core.package_identification:_identify(src/isaac_ros_nitros/isaac_ros_nitros_type/isaac_ros_nitros_occupancy_grid_type) by extension 'ignore_ament_install'
[0.383s] Level 1:colcon.colcon_core.package_identification:_identify(src/isaac_ros_nitros/isaac_ros_nitros_type/isaac_ros_nitros_occupancy_grid_type) by extensions ['colcon_pkg']
[0.383s] Level 1:colcon.colcon_core.package_identification:_identify(src/isaac_ros_nitros/isaac_ros_nitros_type/isaac_ros_nitros_occupancy_grid_type) by extension 'colcon_pkg'
[0.383s] Level 1:colcon.colcon_core.package_identification:_identify(src/isaac_ros_nitros/isaac_ros_nitros_type/isaac_ros_nitros_occupancy_grid_type) by extensions ['colcon_meta']
[0.383s] Level 1:colcon.colcon_core.package_identification:_identify(src/isaac_ros_nitros/isaac_ros_nitros_type/isaac_ros_nitros_occupancy_grid_type) by extension 'colcon_meta'
[0.383s] Level 1:colcon.colcon_core.package_identification:_identify(src/isaac_ros_nitros/isaac_ros_nitros_type/isaac_ros_nitros_occupancy_grid_type) by extensions ['ros']
[0.383s] Level 1:colcon.colcon_core.package_identification:_identify(src/isaac_ros_nitros/isaac_ros_nitros_type/isaac_ros_nitros_occupancy_grid_type) by extension 'ros'
[0.383s] DEBUG:colcon.colcon_core.package_identification:Package 'src/isaac_ros_nitros/isaac_ros_nitros_type/isaac_ros_nitros_occupancy_grid_type' with type 'ros.ament_cmake' and name 'isaac_ros_nitros_occupancy_grid_type'
[0.383s] Level 1:colcon.colcon_core.package_identification:_identify(src/isaac_ros_nitros/isaac_ros_nitros_type/isaac_ros_nitros_odometry_type) by extensions ['ignore', 'ignore_ament_install']
[0.383s] Level 1:colcon.colcon_core.package_identification:_identify(src/isaac_ros_nitros/isaac_ros_nitros_type/isaac_ros_nitros_odometry_type) by extension 'ignore'
[0.383s] Level 1:colcon.colcon_core.package_identification:_identify(src/isaac_ros_nitros/isaac_ros_nitros_type/isaac_ros_nitros_odometry_type) by extension 'ignore_ament_install'
[0.383s] Level 1:colcon.colcon_core.package_identification:_identify(src/isaac_ros_nitros/isaac_ros_nitros_type/isaac_ros_nitros_odometry_type) by extensions ['colcon_pkg']
[0.383s] Level 1:colcon.colcon_core.package_identification:_identify(src/isaac_ros_nitros/isaac_ros_nitros_type/isaac_ros_nitros_odometry_type) by extension 'colcon_pkg'
[0.383s] Level 1:colcon.colcon_core.package_identification:_identify(src/isaac_ros_nitros/isaac_ros_nitros_type/isaac_ros_nitros_odometry_type) by extensions ['colcon_meta']
[0.383s] Level 1:colcon.colcon_core.package_identification:_identify(src/isaac_ros_nitros/isaac_ros_nitros_type/isaac_ros_nitros_odometry_type) by extension 'colcon_meta'
[0.383s] Level 1:colcon.colcon_core.package_identification:_identify(src/isaac_ros_nitros/isaac_ros_nitros_type/isaac_ros_nitros_odometry_type) by extensions ['ros']
[0.384s] Level 1:colcon.colcon_core.package_identification:_identify(src/isaac_ros_nitros/isaac_ros_nitros_type/isaac_ros_nitros_odometry_type) by extension 'ros'
[0.384s] DEBUG:colcon.colcon_core.package_identification:Package 'src/isaac_ros_nitros/isaac_ros_nitros_type/isaac_ros_nitros_odometry_type' with type 'ros.ament_cmake' and name 'isaac_ros_nitros_odometry_type'
[0.384s] Level 1:colcon.colcon_core.package_identification:_identify(src/isaac_ros_nitros/isaac_ros_nitros_type/isaac_ros_nitros_point_cloud_type) by extensions ['ignore', 'ignore_ament_install']
[0.384s] Level 1:colcon.colcon_core.package_identification:_identify(src/isaac_ros_nitros/isaac_ros_nitros_type/isaac_ros_nitros_point_cloud_type) by extension 'ignore'
[0.384s] Level 1:colcon.colcon_core.package_identification:_identify(src/isaac_ros_nitros/isaac_ros_nitros_type/isaac_ros_nitros_point_cloud_type) by extension 'ignore_ament_install'
[0.384s] Level 1:colcon.colcon_core.package_identification:_identify(src/isaac_ros_nitros/isaac_ros_nitros_type/isaac_ros_nitros_point_cloud_type) by extensions ['colcon_pkg']
[0.384s] Level 1:colcon.colcon_core.package_identification:_identify(src/isaac_ros_nitros/isaac_ros_nitros_type/isaac_ros_nitros_point_cloud_type) by extension 'colcon_pkg'
[0.384s] Level 1:colcon.colcon_core.package_identification:_identify(src/isaac_ros_nitros/isaac_ros_nitros_type/isaac_ros_nitros_point_cloud_type) by extensions ['colcon_meta']
[0.384s] Level 1:colcon.colcon_core.package_identification:_identify(src/isaac_ros_nitros/isaac_ros_nitros_type/isaac_ros_nitros_point_cloud_type) by extension 'colcon_meta'
[0.384s] Level 1:colcon.colcon_core.package_identification:_identify(src/isaac_ros_nitros/isaac_ros_nitros_type/isaac_ros_nitros_point_cloud_type) by extensions ['ros']
[0.384s] Level 1:colcon.colcon_core.package_identification:_identify(src/isaac_ros_nitros/isaac_ros_nitros_type/isaac_ros_nitros_point_cloud_type) by extension 'ros'
[0.385s] DEBUG:colcon.colcon_core.package_identification:Package 'src/isaac_ros_nitros/isaac_ros_nitros_type/isaac_ros_nitros_point_cloud_type' with type 'ros.ament_cmake' and name 'isaac_ros_nitros_point_cloud_type'
[0.385s] Level 1:colcon.colcon_core.package_identification:_identify(src/isaac_ros_nitros/isaac_ros_nitros_type/isaac_ros_nitros_pose_array_type) by extensions ['ignore', 'ignore_ament_install']
[0.385s] Level 1:colcon.colcon_core.package_identification:_identify(src/isaac_ros_nitros/isaac_ros_nitros_type/isaac_ros_nitros_pose_array_type) by extension 'ignore'
[0.385s] Level 1:colcon.colcon_core.package_identification:_identify(src/isaac_ros_nitros/isaac_ros_nitros_type/isaac_ros_nitros_pose_array_type) by extension 'ignore_ament_install'
[0.385s] Level 1:colcon.colcon_core.package_identification:_identify(src/isaac_ros_nitros/isaac_ros_nitros_type/isaac_ros_nitros_pose_array_type) by extensions ['colcon_pkg']
[0.385s] Level 1:colcon.colcon_core.package_identification:_identify(src/isaac_ros_nitros/isaac_ros_nitros_type/isaac_ros_nitros_pose_array_type) by extension 'colcon_pkg'
[0.385s] Level 1:colcon.colcon_core.package_identification:_identify(src/isaac_ros_nitros/isaac_ros_nitros_type/isaac_ros_nitros_pose_array_type) by extensions ['colcon_meta']
[0.385s] Level 1:colcon.colcon_core.package_identification:_identify(src/isaac_ros_nitros/isaac_ros_nitros_type/isaac_ros_nitros_pose_array_type) by extension 'colcon_meta'
[0.385s] Level 1:colcon.colcon_core.package_identification:_identify(src/isaac_ros_nitros/isaac_ros_nitros_type/isaac_ros_nitros_pose_array_type) by extensions ['ros']
[0.385s] Level 1:colcon.colcon_core.package_identification:_identify(src/isaac_ros_nitros/isaac_ros_nitros_type/isaac_ros_nitros_pose_array_type) by extension 'ros'
[0.386s] DEBUG:colcon.colcon_core.package_identification:Package 'src/isaac_ros_nitros/isaac_ros_nitros_type/isaac_ros_nitros_pose_array_type' with type 'ros.ament_cmake' and name 'isaac_ros_nitros_pose_array_type'
[0.386s] Level 1:colcon.colcon_core.package_identification:_identify(src/isaac_ros_nitros/isaac_ros_nitros_type/isaac_ros_nitros_pose_cov_stamped_type) by extensions ['ignore', 'ignore_ament_install']
[0.386s] Level 1:colcon.colcon_core.package_identification:_identify(src/isaac_ros_nitros/isaac_ros_nitros_type/isaac_ros_nitros_pose_cov_stamped_type) by extension 'ignore'
[0.386s] Level 1:colcon.colcon_core.package_identification:_identify(src/isaac_ros_nitros/isaac_ros_nitros_type/isaac_ros_nitros_pose_cov_stamped_type) by extension 'ignore_ament_install'
[0.386s] Level 1:colcon.colcon_core.package_identification:_identify(src/isaac_ros_nitros/isaac_ros_nitros_type/isaac_ros_nitros_pose_cov_stamped_type) by extensions ['colcon_pkg']
[0.386s] Level 1:colcon.colcon_core.package_identification:_identify(src/isaac_ros_nitros/isaac_ros_nitros_type/isaac_ros_nitros_pose_cov_stamped_type) by extension 'colcon_pkg'
[0.386s] Level 1:colcon.colcon_core.package_identification:_identify(src/isaac_ros_nitros/isaac_ros_nitros_type/isaac_ros_nitros_pose_cov_stamped_type) by extensions ['colcon_meta']
[0.386s] Level 1:colcon.colcon_core.package_identification:_identify(src/isaac_ros_nitros/isaac_ros_nitros_type/isaac_ros_nitros_pose_cov_stamped_type) by extension 'colcon_meta'
[0.386s] Level 1:colcon.colcon_core.package_identification:_identify(src/isaac_ros_nitros/isaac_ros_nitros_type/isaac_ros_nitros_pose_cov_stamped_type) by extensions ['ros']
[0.386s] Level 1:colcon.colcon_core.package_identification:_identify(src/isaac_ros_nitros/isaac_ros_nitros_type/isaac_ros_nitros_pose_cov_stamped_type) by extension 'ros'
[0.387s] DEBUG:colcon.colcon_core.package_identification:Package 'src/isaac_ros_nitros/isaac_ros_nitros_type/isaac_ros_nitros_pose_cov_stamped_type' with type 'ros.ament_cmake' and name 'isaac_ros_nitros_pose_cov_stamped_type'
[0.387s] Level 1:colcon.colcon_core.package_identification:_identify(src/isaac_ros_nitros/isaac_ros_nitros_type/isaac_ros_nitros_std_msg_type) by extensions ['ignore', 'ignore_ament_install']
[0.387s] Level 1:colcon.colcon_core.package_identification:_identify(src/isaac_ros_nitros/isaac_ros_nitros_type/isaac_ros_nitros_std_msg_type) by extension 'ignore'
[0.387s] Level 1:colcon.colcon_core.package_identification:_identify(src/isaac_ros_nitros/isaac_ros_nitros_type/isaac_ros_nitros_std_msg_type) by extension 'ignore_ament_install'
[0.387s] Level 1:colcon.colcon_core.package_identification:_identify(src/isaac_ros_nitros/isaac_ros_nitros_type/isaac_ros_nitros_std_msg_type) by extensions ['colcon_pkg']
[0.387s] Level 1:colcon.colcon_core.package_identification:_identify(src/isaac_ros_nitros/isaac_ros_nitros_type/isaac_ros_nitros_std_msg_type) by extension 'colcon_pkg'
[0.387s] Level 1:colcon.colcon_core.package_identification:_identify(src/isaac_ros_nitros/isaac_ros_nitros_type/isaac_ros_nitros_std_msg_type) by extensions ['colcon_meta']
[0.387s] Level 1:colcon.colcon_core.package_identification:_identify(src/isaac_ros_nitros/isaac_ros_nitros_type/isaac_ros_nitros_std_msg_type) by extension 'colcon_meta'
[0.387s] Level 1:colcon.colcon_core.package_identification:_identify(src/isaac_ros_nitros/isaac_ros_nitros_type/isaac_ros_nitros_std_msg_type) by extensions ['ros']
[0.387s] Level 1:colcon.colcon_core.package_identification:_identify(src/isaac_ros_nitros/isaac_ros_nitros_type/isaac_ros_nitros_std_msg_type) by extension 'ros'
[0.388s] DEBUG:colcon.colcon_core.package_identification:Package 'src/isaac_ros_nitros/isaac_ros_nitros_type/isaac_ros_nitros_std_msg_type' with type 'ros.ament_cmake' and name 'isaac_ros_nitros_std_msg_type'
[0.388s] Level 1:colcon.colcon_core.package_identification:_identify(src/isaac_ros_nitros/isaac_ros_nitros_type/isaac_ros_nitros_tensor_list_type) by extensions ['ignore', 'ignore_ament_install']
[0.388s] Level 1:colcon.colcon_core.package_identification:_identify(src/isaac_ros_nitros/isaac_ros_nitros_type/isaac_ros_nitros_tensor_list_type) by extension 'ignore'
[0.388s] Level 1:colcon.colcon_core.package_identification:_identify(src/isaac_ros_nitros/isaac_ros_nitros_type/isaac_ros_nitros_tensor_list_type) by extension 'ignore_ament_install'
[0.388s] Level 1:colcon.colcon_core.package_identification:_identify(src/isaac_ros_nitros/isaac_ros_nitros_type/isaac_ros_nitros_tensor_list_type) by extensions ['colcon_pkg']
[0.388s] Level 1:colcon.colcon_core.package_identification:_identify(src/isaac_ros_nitros/isaac_ros_nitros_type/isaac_ros_nitros_tensor_list_type) by extension 'colcon_pkg'
[0.388s] Level 1:colcon.colcon_core.package_identification:_identify(src/isaac_ros_nitros/isaac_ros_nitros_type/isaac_ros_nitros_tensor_list_type) by extensions ['colcon_meta']
[0.388s] Level 1:colcon.colcon_core.package_identification:_identify(src/isaac_ros_nitros/isaac_ros_nitros_type/isaac_ros_nitros_tensor_list_type) by extension 'colcon_meta'
[0.388s] Level 1:colcon.colcon_core.package_identification:_identify(src/isaac_ros_nitros/isaac_ros_nitros_type/isaac_ros_nitros_tensor_list_type) by extensions ['ros']
[0.388s] Level 1:colcon.colcon_core.package_identification:_identify(src/isaac_ros_nitros/isaac_ros_nitros_type/isaac_ros_nitros_tensor_list_type) by extension 'ros'
[0.388s] DEBUG:colcon.colcon_core.package_identification:Package 'src/isaac_ros_nitros/isaac_ros_nitros_type/isaac_ros_nitros_tensor_list_type' with type 'ros.ament_cmake' and name 'isaac_ros_nitros_tensor_list_type'
[0.388s] Level 1:colcon.colcon_core.package_identification:_identify(src/isaac_ros_nitros/isaac_ros_nitros_type/isaac_ros_nitros_twist_type) by extensions ['ignore', 'ignore_ament_install']
[0.388s] Level 1:colcon.colcon_core.package_identification:_identify(src/isaac_ros_nitros/isaac_ros_nitros_type/isaac_ros_nitros_twist_type) by extension 'ignore'
[0.389s] Level 1:colcon.colcon_core.package_identification:_identify(src/isaac_ros_nitros/isaac_ros_nitros_type/isaac_ros_nitros_twist_type) by extension 'ignore_ament_install'
[0.389s] Level 1:colcon.colcon_core.package_identification:_identify(src/isaac_ros_nitros/isaac_ros_nitros_type/isaac_ros_nitros_twist_type) by extensions ['colcon_pkg']
[0.389s] Level 1:colcon.colcon_core.package_identification:_identify(src/isaac_ros_nitros/isaac_ros_nitros_type/isaac_ros_nitros_twist_type) by extension 'colcon_pkg'
[0.389s] Level 1:colcon.colcon_core.package_identification:_identify(src/isaac_ros_nitros/isaac_ros_nitros_type/isaac_ros_nitros_twist_type) by extensions ['colcon_meta']
[0.389s] Level 1:colcon.colcon_core.package_identification:_identify(src/isaac_ros_nitros/isaac_ros_nitros_type/isaac_ros_nitros_twist_type) by extension 'colcon_meta'
[0.389s] Level 1:colcon.colcon_core.package_identification:_identify(src/isaac_ros_nitros/isaac_ros_nitros_type/isaac_ros_nitros_twist_type) by extensions ['ros']
[0.389s] Level 1:colcon.colcon_core.package_identification:_identify(src/isaac_ros_nitros/isaac_ros_nitros_type/isaac_ros_nitros_twist_type) by extension 'ros'
[0.389s] DEBUG:colcon.colcon_core.package_identification:Package 'src/isaac_ros_nitros/isaac_ros_nitros_type/isaac_ros_nitros_twist_type' with type 'ros.ament_cmake' and name 'isaac_ros_nitros_twist_type'
[0.389s] Level 1:colcon.colcon_core.package_identification:_identify(src/isaac_ros_nitros/isaac_ros_pynitros) by extensions ['ignore', 'ignore_ament_install']
[0.389s] Level 1:colcon.colcon_core.package_identification:_identify(src/isaac_ros_nitros/isaac_ros_pynitros) by extension 'ignore'
[0.389s] Level 1:colcon.colcon_core.package_identification:_identify(src/isaac_ros_nitros/isaac_ros_pynitros) by extension 'ignore_ament_install'
[0.389s] Level 1:colcon.colcon_core.package_identification:_identify(src/isaac_ros_nitros/isaac_ros_pynitros) by extensions ['colcon_pkg']
[0.389s] Level 1:colcon.colcon_core.package_identification:_identify(src/isaac_ros_nitros/isaac_ros_pynitros) by extension 'colcon_pkg'
[0.389s] Level 1:colcon.colcon_core.package_identification:_identify(src/isaac_ros_nitros/isaac_ros_pynitros) by extensions ['colcon_meta']
[0.389s] Level 1:colcon.colcon_core.package_identification:_identify(src/isaac_ros_nitros/isaac_ros_pynitros) by extension 'colcon_meta'
[0.390s] Level 1:colcon.colcon_core.package_identification:_identify(src/isaac_ros_nitros/isaac_ros_pynitros) by extensions ['ros']
[0.390s] Level 1:colcon.colcon_core.package_identification:_identify(src/isaac_ros_nitros/isaac_ros_pynitros) by extension 'ros'
[0.390s] DEBUG:colcon.colcon_core.package_identification:Package 'src/isaac_ros_nitros/isaac_ros_pynitros' with type 'ros.ament_python' and name 'isaac_ros_pynitros'
[0.390s] Level 1:colcon.colcon_core.package_identification:_identify(src/isaac_ros_visual_odometry) by extensions ['ignore', 'ignore_ament_install']
[0.390s] Level 1:colcon.colcon_core.package_identification:_identify(src/isaac_ros_visual_odometry) by extension 'ignore'
[0.390s] Level 1:colcon.colcon_core.package_identification:_identify(src/isaac_ros_visual_odometry) by extension 'ignore_ament_install'
[0.390s] Level 1:colcon.colcon_core.package_identification:_identify(src/isaac_ros_visual_odometry) by extensions ['colcon_pkg']
[0.390s] Level 1:colcon.colcon_core.package_identification:_identify(src/isaac_ros_visual_odometry) by extension 'colcon_pkg'
[0.390s] Level 1:colcon.colcon_core.package_identification:_identify(src/isaac_ros_visual_odometry) by extensions ['colcon_meta']
[0.390s] Level 1:colcon.colcon_core.package_identification:_identify(src/isaac_ros_visual_odometry) by extension 'colcon_meta'
[0.390s] Level 1:colcon.colcon_core.package_identification:_identify(src/isaac_ros_visual_odometry) by extensions ['ros']
[0.390s] Level 1:colcon.colcon_core.package_identification:_identify(src/isaac_ros_visual_odometry) by extension 'ros'
[0.390s] Level 1:colcon.colcon_core.package_identification:_identify(src/isaac_ros_visual_odometry) by extensions ['cmake', 'python']
[0.390s] Level 1:colcon.colcon_core.package_identification:_identify(src/isaac_ros_visual_odometry) by extension 'cmake'
[0.390s] Level 1:colcon.colcon_core.package_identification:_identify(src/isaac_ros_visual_odometry) by extension 'python'
[0.390s] Level 1:colcon.colcon_core.package_identification:_identify(src/isaac_ros_visual_odometry) by extensions ['python_setup_py']
[0.390s] Level 1:colcon.colcon_core.package_identification:_identify(src/isaac_ros_visual_odometry) by extension 'python_setup_py'
[0.390s] Level 1:colcon.colcon_core.package_identification:_identify(src/isaac_ros_visual_odometry/isaac_ros_visual_slam) by extensions ['ignore', 'ignore_ament_install']
[0.390s] Level 1:colcon.colcon_core.package_identification:_identify(src/isaac_ros_visual_odometry/isaac_ros_visual_slam) by extension 'ignore'
[0.390s] Level 1:colcon.colcon_core.package_identification:_identify(src/isaac_ros_visual_odometry/isaac_ros_visual_slam) by extension 'ignore_ament_install'
[0.390s] Level 1:colcon.colcon_core.package_identification:_identify(src/isaac_ros_visual_odometry/isaac_ros_visual_slam) by extensions ['colcon_pkg']
[0.390s] Level 1:colcon.colcon_core.package_identification:_identify(src/isaac_ros_visual_odometry/isaac_ros_visual_slam) by extension 'colcon_pkg'
[0.390s] Level 1:colcon.colcon_core.package_identification:_identify(src/isaac_ros_visual_odometry/isaac_ros_visual_slam) by extensions ['colcon_meta']
[0.391s] Level 1:colcon.colcon_core.package_identification:_identify(src/isaac_ros_visual_odometry/isaac_ros_visual_slam) by extension 'colcon_meta'
[0.391s] Level 1:colcon.colcon_core.package_identification:_identify(src/isaac_ros_visual_odometry/isaac_ros_visual_slam) by extensions ['ros']
[0.391s] Level 1:colcon.colcon_core.package_identification:_identify(src/isaac_ros_visual_odometry/isaac_ros_visual_slam) by extension 'ros'
[0.392s] DEBUG:colcon.colcon_core.package_identification:Package 'src/isaac_ros_visual_odometry/isaac_ros_visual_slam' with type 'ros.ament_cmake' and name 'isaac_ros_visual_slam'
[0.392s] Level 1:colcon.colcon_core.package_identification:_identify(src/isaac_ros_visual_odometry/isaac_ros_visual_slam_interfaces) by extensions ['ignore', 'ignore_ament_install']
[0.392s] Level 1:colcon.colcon_core.package_identification:_identify(src/isaac_ros_visual_odometry/isaac_ros_visual_slam_interfaces) by extension 'ignore'
[0.392s] Level 1:colcon.colcon_core.package_identification:_identify(src/isaac_ros_visual_odometry/isaac_ros_visual_slam_interfaces) by extension 'ignore_ament_install'
[0.392s] Level 1:colcon.colcon_core.package_identification:_identify(src/isaac_ros_visual_odometry/isaac_ros_visual_slam_interfaces) by extensions ['colcon_pkg']
[0.392s] Level 1:colcon.colcon_core.package_identification:_identify(src/isaac_ros_visual_odometry/isaac_ros_visual_slam_interfaces) by extension 'colcon_pkg'
[0.392s] Level 1:colcon.colcon_core.package_identification:_identify(src/isaac_ros_visual_odometry/isaac_ros_visual_slam_interfaces) by extensions ['colcon_meta']
[0.392s] Level 1:colcon.colcon_core.package_identification:_identify(src/isaac_ros_visual_odometry/isaac_ros_visual_slam_interfaces) by extension 'colcon_meta'
[0.392s] Level 1:colcon.colcon_core.package_identification:_identify(src/isaac_ros_visual_odometry/isaac_ros_visual_slam_interfaces) by extensions ['ros']
[0.392s] Level 1:colcon.colcon_core.package_identification:_identify(src/isaac_ros_visual_odometry/isaac_ros_visual_slam_interfaces) by extension 'ros'
[0.392s] DEBUG:colcon.colcon_core.package_identification:Package 'src/isaac_ros_visual_odometry/isaac_ros_visual_slam_interfaces' with type 'ros.ament_cmake' and name 'isaac_ros_visual_slam_interfaces'
[0.392s] Level 1:colcon.colcon_core.package_identification:_identify(src/ros2_benchmark) by extensions ['ignore', 'ignore_ament_install']
[0.393s] Level 1:colcon.colcon_core.package_identification:_identify(src/ros2_benchmark) by extension 'ignore'
[0.393s] Level 1:colcon.colcon_core.package_identification:_identify(src/ros2_benchmark) by extension 'ignore_ament_install'
[0.393s] Level 1:colcon.colcon_core.package_identification:_identify(src/ros2_benchmark) by extensions ['colcon_pkg']
[0.393s] Level 1:colcon.colcon_core.package_identification:_identify(src/ros2_benchmark) by extension 'colcon_pkg'
[0.393s] Level 1:colcon.colcon_core.package_identification:_identify(src/ros2_benchmark) by extensions ['colcon_meta']
[0.393s] Level 1:colcon.colcon_core.package_identification:_identify(src/ros2_benchmark) by extension 'colcon_meta'
[0.393s] Level 1:colcon.colcon_core.package_identification:_identify(src/ros2_benchmark) by extensions ['ros']
[0.393s] Level 1:colcon.colcon_core.package_identification:_identify(src/ros2_benchmark) by extension 'ros'
[0.393s] Level 1:colcon.colcon_core.package_identification:_identify(src/ros2_benchmark) by extensions ['cmake', 'python']
[0.393s] Level 1:colcon.colcon_core.package_identification:_identify(src/ros2_benchmark) by extension 'cmake'
[0.393s] Level 1:colcon.colcon_core.package_identification:_identify(src/ros2_benchmark) by extension 'python'
[0.393s] Level 1:colcon.colcon_core.package_identification:_identify(src/ros2_benchmark) by extensions ['python_setup_py']
[0.393s] Level 1:colcon.colcon_core.package_identification:_identify(src/ros2_benchmark) by extension 'python_setup_py'
[0.393s] Level 1:colcon.colcon_core.package_identification:_identify(src/ros2_benchmark/assets) by extensions ['ignore', 'ignore_ament_install']
[0.393s] Level 1:colcon.colcon_core.package_identification:_identify(src/ros2_benchmark/assets) by extension 'ignore'
[0.393s] Level 1:colcon.colcon_core.package_identification:_identify(src/ros2_benchmark/assets) by extension 'ignore_ament_install'
[0.393s] Level 1:colcon.colcon_core.package_identification:_identify(src/ros2_benchmark/assets) by extensions ['colcon_pkg']
[0.393s] Level 1:colcon.colcon_core.package_identification:_identify(src/ros2_benchmark/assets) by extension 'colcon_pkg'
[0.393s] Level 1:colcon.colcon_core.package_identification:_identify(src/ros2_benchmark/assets) by extensions ['colcon_meta']
[0.393s] Level 1:colcon.colcon_core.package_identification:_identify(src/ros2_benchmark/assets) by extension 'colcon_meta'
[0.393s] Level 1:colcon.colcon_core.package_identification:_identify(src/ros2_benchmark/assets) by extensions ['ros']
[0.393s] Level 1:colcon.colcon_core.package_identification:_identify(src/ros2_benchmark/assets) by extension 'ros'
[0.393s] Level 1:colcon.colcon_core.package_identification:_identify(src/ros2_benchmark/assets) by extensions ['cmake', 'python']
[0.393s] Level 1:colcon.colcon_core.package_identification:_identify(src/ros2_benchmark/assets) by extension 'cmake'
[0.393s] Level 1:colcon.colcon_core.package_identification:_identify(src/ros2_benchmark/assets) by extension 'python'
[0.393s] Level 1:colcon.colcon_core.package_identification:_identify(src/ros2_benchmark/assets) by extensions ['python_setup_py']
[0.393s] Level 1:colcon.colcon_core.package_identification:_identify(src/ros2_benchmark/assets) by extension 'python_setup_py'
[0.393s] Level 1:colcon.colcon_core.package_identification:_identify(src/ros2_benchmark/assets/configs) by extensions ['ignore', 'ignore_ament_install']
[0.393s] Level 1:colcon.colcon_core.package_identification:_identify(src/ros2_benchmark/assets/configs) by extension 'ignore'
[0.393s] Level 1:colcon.colcon_core.package_identification:_identify(src/ros2_benchmark/assets/configs) by extension 'ignore_ament_install'
[0.393s] Level 1:colcon.colcon_core.package_identification:_identify(src/ros2_benchmark/assets/configs) by extensions ['colcon_pkg']
[0.393s] Level 1:colcon.colcon_core.package_identification:_identify(src/ros2_benchmark/assets/configs) by extension 'colcon_pkg'
[0.393s] Level 1:colcon.colcon_core.package_identification:_identify(src/ros2_benchmark/assets/configs) by extensions ['colcon_meta']
[0.393s] Level 1:colcon.colcon_core.package_identification:_identify(src/ros2_benchmark/assets/configs) by extension 'colcon_meta'
[0.393s] Level 1:colcon.colcon_core.package_identification:_identify(src/ros2_benchmark/assets/configs) by extensions ['ros']
[0.393s] Level 1:colcon.colcon_core.package_identification:_identify(src/ros2_benchmark/assets/configs) by extension 'ros'
[0.393s] Level 1:colcon.colcon_core.package_identification:_identify(src/ros2_benchmark/assets/configs) by extensions ['cmake', 'python']
[0.393s] Level 1:colcon.colcon_core.package_identification:_identify(src/ros2_benchmark/assets/configs) by extension 'cmake'
[0.393s] Level 1:colcon.colcon_core.package_identification:_identify(src/ros2_benchmark/assets/configs) by extension 'python'
[0.393s] Level 1:colcon.colcon_core.package_identification:_identify(src/ros2_benchmark/assets/configs) by extensions ['python_setup_py']
[0.393s] Level 1:colcon.colcon_core.package_identification:_identify(src/ros2_benchmark/assets/configs) by extension 'python_setup_py'
[0.393s] Level 1:colcon.colcon_core.package_identification:_identify(src/ros2_benchmark/assets/datasets) by extensions ['ignore', 'ignore_ament_install']
[0.393s] Level 1:colcon.colcon_core.package_identification:_identify(src/ros2_benchmark/assets/datasets) by extension 'ignore'
[0.393s] Level 1:colcon.colcon_core.package_identification:_identify(src/ros2_benchmark/assets/datasets) by extension 'ignore_ament_install'
[0.394s] Level 1:colcon.colcon_core.package_identification:_identify(src/ros2_benchmark/assets/datasets) by extensions ['colcon_pkg']
[0.394s] Level 1:colcon.colcon_core.package_identification:_identify(src/ros2_benchmark/assets/datasets) by extension 'colcon_pkg'
[0.394s] Level 1:colcon.colcon_core.package_identification:_identify(src/ros2_benchmark/assets/datasets) by extensions ['colcon_meta']
[0.394s] Level 1:colcon.colcon_core.package_identification:_identify(src/ros2_benchmark/assets/datasets) by extension 'colcon_meta'
[0.394s] Level 1:colcon.colcon_core.package_identification:_identify(src/ros2_benchmark/assets/datasets) by extensions ['ros']
[0.394s] Level 1:colcon.colcon_core.package_identification:_identify(src/ros2_benchmark/assets/datasets) by extension 'ros'
[0.394s] Level 1:colcon.colcon_core.package_identification:_identify(src/ros2_benchmark/assets/datasets) by extensions ['cmake', 'python']
[0.394s] Level 1:colcon.colcon_core.package_identification:_identify(src/ros2_benchmark/assets/datasets) by extension 'cmake'
[0.394s] Level 1:colcon.colcon_core.package_identification:_identify(src/ros2_benchmark/assets/datasets) by extension 'python'
[0.394s] Level 1:colcon.colcon_core.package_identification:_identify(src/ros2_benchmark/assets/datasets) by extensions ['python_setup_py']
[0.394s] Level 1:colcon.colcon_core.package_identification:_identify(src/ros2_benchmark/assets/datasets) by extension 'python_setup_py'
[0.394s] Level 1:colcon.colcon_core.package_identification:_identify(src/ros2_benchmark/assets/models) by extensions ['ignore', 'ignore_ament_install']
[0.394s] Level 1:colcon.colcon_core.package_identification:_identify(src/ros2_benchmark/assets/models) by extension 'ignore'
[0.394s] Level 1:colcon.colcon_core.package_identification:_identify(src/ros2_benchmark/assets/models) by extension 'ignore_ament_install'
[0.394s] Level 1:colcon.colcon_core.package_identification:_identify(src/ros2_benchmark/assets/models) by extensions ['colcon_pkg']
[0.394s] Level 1:colcon.colcon_core.package_identification:_identify(src/ros2_benchmark/assets/models) by extension 'colcon_pkg'
[0.394s] Level 1:colcon.colcon_core.package_identification:_identify(src/ros2_benchmark/assets/models) by extensions ['colcon_meta']
[0.394s] Level 1:colcon.colcon_core.package_identification:_identify(src/ros2_benchmark/assets/models) by extension 'colcon_meta'
[0.394s] Level 1:colcon.colcon_core.package_identification:_identify(src/ros2_benchmark/assets/models) by extensions ['ros']
[0.394s] Level 1:colcon.colcon_core.package_identification:_identify(src/ros2_benchmark/assets/models) by extension 'ros'
[0.394s] Level 1:colcon.colcon_core.package_identification:_identify(src/ros2_benchmark/assets/models) by extensions ['cmake', 'python']
[0.394s] Level 1:colcon.colcon_core.package_identification:_identify(src/ros2_benchmark/assets/models) by extension 'cmake'
[0.394s] Level 1:colcon.colcon_core.package_identification:_identify(src/ros2_benchmark/assets/models) by extension 'python'
[0.394s] Level 1:colcon.colcon_core.package_identification:_identify(src/ros2_benchmark/assets/models) by extensions ['python_setup_py']
[0.394s] Level 1:colcon.colcon_core.package_identification:_identify(src/ros2_benchmark/assets/models) by extension 'python_setup_py'
[0.394s] Level 1:colcon.colcon_core.package_identification:_identify(src/ros2_benchmark/resources) by extensions ['ignore', 'ignore_ament_install']
[0.394s] Level 1:colcon.colcon_core.package_identification:_identify(src/ros2_benchmark/resources) by extension 'ignore'
[0.394s] Level 1:colcon.colcon_core.package_identification:_identify(src/ros2_benchmark/resources) by extension 'ignore_ament_install'
[0.394s] Level 1:colcon.colcon_core.package_identification:_identify(src/ros2_benchmark/resources) by extensions ['colcon_pkg']
[0.394s] Level 1:colcon.colcon_core.package_identification:_identify(src/ros2_benchmark/resources) by extension 'colcon_pkg'
[0.394s] Level 1:colcon.colcon_core.package_identification:_identify(src/ros2_benchmark/resources) by extensions ['colcon_meta']
[0.394s] Level 1:colcon.colcon_core.package_identification:_identify(src/ros2_benchmark/resources) by extension 'colcon_meta'
[0.394s] Level 1:colcon.colcon_core.package_identification:_identify(src/ros2_benchmark/resources) by extensions ['ros']
[0.394s] Level 1:colcon.colcon_core.package_identification:_identify(src/ros2_benchmark/resources) by extension 'ros'
[0.394s] Level 1:colcon.colcon_core.package_identification:_identify(src/ros2_benchmark/resources) by extensions ['cmake', 'python']
[0.394s] Level 1:colcon.colcon_core.package_identification:_identify(src/ros2_benchmark/resources) by extension 'cmake'
[0.394s] Level 1:colcon.colcon_core.package_identification:_identify(src/ros2_benchmark/resources) by extension 'python'
[0.394s] Level 1:colcon.colcon_core.package_identification:_identify(src/ros2_benchmark/resources) by extensions ['python_setup_py']
[0.394s] Level 1:colcon.colcon_core.package_identification:_identify(src/ros2_benchmark/resources) by extension 'python_setup_py'
[0.394s] Level 1:colcon.colcon_core.package_identification:_identify(src/ros2_benchmark/resources/patch) by extensions ['ignore', 'ignore_ament_install']
[0.394s] Level 1:colcon.colcon_core.package_identification:_identify(src/ros2_benchmark/resources/patch) by extension 'ignore'
[0.394s] Level 1:colcon.colcon_core.package_identification:_identify(src/ros2_benchmark/resources/patch) by extension 'ignore_ament_install'
[0.394s] Level 1:colcon.colcon_core.package_identification:_identify(src/ros2_benchmark/resources/patch) by extensions ['colcon_pkg']
[0.394s] Level 1:colcon.colcon_core.package_identification:_identify(src/ros2_benchmark/resources/patch) by extension 'colcon_pkg'
[0.394s] Level 1:colcon.colcon_core.package_identification:_identify(src/ros2_benchmark/resources/patch) by extensions ['colcon_meta']
[0.394s] Level 1:colcon.colcon_core.package_identification:_identify(src/ros2_benchmark/resources/patch) by extension 'colcon_meta'
[0.394s] Level 1:colcon.colcon_core.package_identification:_identify(src/ros2_benchmark/resources/patch) by extensions ['ros']
[0.394s] Level 1:colcon.colcon_core.package_identification:_identify(src/ros2_benchmark/resources/patch) by extension 'ros'
[0.395s] Level 1:colcon.colcon_core.package_identification:_identify(src/ros2_benchmark/resources/patch) by extensions ['cmake', 'python']
[0.395s] Level 1:colcon.colcon_core.package_identification:_identify(src/ros2_benchmark/resources/patch) by extension 'cmake'
[0.395s] Level 1:colcon.colcon_core.package_identification:_identify(src/ros2_benchmark/resources/patch) by extension 'python'
[0.395s] Level 1:colcon.colcon_core.package_identification:_identify(src/ros2_benchmark/resources/patch) by extensions ['python_setup_py']
[0.395s] Level 1:colcon.colcon_core.package_identification:_identify(src/ros2_benchmark/resources/patch) by extension 'python_setup_py'
[0.395s] Level 1:colcon.colcon_core.package_identification:_identify(src/ros2_benchmark/results) by extensions ['ignore', 'ignore_ament_install']
[0.395s] Level 1:colcon.colcon_core.package_identification:_identify(src/ros2_benchmark/results) by extension 'ignore'
[0.395s] Level 1:colcon.colcon_core.package_identification:_identify(src/ros2_benchmark/results) by extension 'ignore_ament_install'
[0.395s] Level 1:colcon.colcon_core.package_identification:_identify(src/ros2_benchmark/results) by extensions ['colcon_pkg']
[0.395s] Level 1:colcon.colcon_core.package_identification:_identify(src/ros2_benchmark/results) by extension 'colcon_pkg'
[0.395s] Level 1:colcon.colcon_core.package_identification:_identify(src/ros2_benchmark/results) by extensions ['colcon_meta']
[0.395s] Level 1:colcon.colcon_core.package_identification:_identify(src/ros2_benchmark/results) by extension 'colcon_meta'
[0.395s] Level 1:colcon.colcon_core.package_identification:_identify(src/ros2_benchmark/results) by extensions ['ros']
[0.395s] Level 1:colcon.colcon_core.package_identification:_identify(src/ros2_benchmark/results) by extension 'ros'
[0.395s] Level 1:colcon.colcon_core.package_identification:_identify(src/ros2_benchmark/results) by extensions ['cmake', 'python']
[0.395s] Level 1:colcon.colcon_core.package_identification:_identify(src/ros2_benchmark/results) by extension 'cmake'
[0.395s] Level 1:colcon.colcon_core.package_identification:_identify(src/ros2_benchmark/results) by extension 'python'
[0.395s] Level 1:colcon.colcon_core.package_identification:_identify(src/ros2_benchmark/results) by extensions ['python_setup_py']
[0.395s] Level 1:colcon.colcon_core.package_identification:_identify(src/ros2_benchmark/results) by extension 'python_setup_py'
[0.395s] Level 1:colcon.colcon_core.package_identification:_identify(src/ros2_benchmark/ros2_benchmark) by extensions ['ignore', 'ignore_ament_install']
[0.395s] Level 1:colcon.colcon_core.package_identification:_identify(src/ros2_benchmark/ros2_benchmark) by extension 'ignore'
[0.395s] Level 1:colcon.colcon_core.package_identification:_identify(src/ros2_benchmark/ros2_benchmark) by extension 'ignore_ament_install'
[0.395s] Level 1:colcon.colcon_core.package_identification:_identify(src/ros2_benchmark/ros2_benchmark) by extensions ['colcon_pkg']
[0.395s] Level 1:colcon.colcon_core.package_identification:_identify(src/ros2_benchmark/ros2_benchmark) by extension 'colcon_pkg'
[0.395s] Level 1:colcon.colcon_core.package_identification:_identify(src/ros2_benchmark/ros2_benchmark) by extensions ['colcon_meta']
[0.395s] Level 1:colcon.colcon_core.package_identification:_identify(src/ros2_benchmark/ros2_benchmark) by extension 'colcon_meta'
[0.395s] Level 1:colcon.colcon_core.package_identification:_identify(src/ros2_benchmark/ros2_benchmark) by extensions ['ros']
[0.395s] Level 1:colcon.colcon_core.package_identification:_identify(src/ros2_benchmark/ros2_benchmark) by extension 'ros'
[0.396s] DEBUG:colcon.colcon_core.package_identification:Package 'src/ros2_benchmark/ros2_benchmark' with type 'ros.ament_cmake' and name 'ros2_benchmark'
[0.396s] Level 1:colcon.colcon_core.package_identification:_identify(src/ros2_benchmark/ros2_benchmark_interfaces) by extensions ['ignore', 'ignore_ament_install']
[0.396s] Level 1:colcon.colcon_core.package_identification:_identify(src/ros2_benchmark/ros2_benchmark_interfaces) by extension 'ignore'
[0.396s] Level 1:colcon.colcon_core.package_identification:_identify(src/ros2_benchmark/ros2_benchmark_interfaces) by extension 'ignore_ament_install'
[0.396s] Level 1:colcon.colcon_core.package_identification:_identify(src/ros2_benchmark/ros2_benchmark_interfaces) by extensions ['colcon_pkg']
[0.396s] Level 1:colcon.colcon_core.package_identification:_identify(src/ros2_benchmark/ros2_benchmark_interfaces) by extension 'colcon_pkg'
[0.396s] Level 1:colcon.colcon_core.package_identification:_identify(src/ros2_benchmark/ros2_benchmark_interfaces) by extensions ['colcon_meta']
[0.396s] Level 1:colcon.colcon_core.package_identification:_identify(src/ros2_benchmark/ros2_benchmark_interfaces) by extension 'colcon_meta'
[0.396s] Level 1:colcon.colcon_core.package_identification:_identify(src/ros2_benchmark/ros2_benchmark_interfaces) by extensions ['ros']
[0.396s] Level 1:colcon.colcon_core.package_identification:_identify(src/ros2_benchmark/ros2_benchmark_interfaces) by extension 'ros'
[0.397s] DEBUG:colcon.colcon_core.package_identification:Package 'src/ros2_benchmark/ros2_benchmark_interfaces' with type 'ros.ament_cmake' and name 'ros2_benchmark_interfaces'
[0.397s] Level 1:colcon.colcon_core.package_identification:_identify(src/ros2_benchmark/scripts) by extensions ['ignore', 'ignore_ament_install']
[0.397s] Level 1:colcon.colcon_core.package_identification:_identify(src/ros2_benchmark/scripts) by extension 'ignore'
[0.397s] Level 1:colcon.colcon_core.package_identification:_identify(src/ros2_benchmark/scripts) by extension 'ignore_ament_install'
[0.397s] Level 1:colcon.colcon_core.package_identification:_identify(src/ros2_benchmark/scripts) by extensions ['colcon_pkg']
[0.397s] Level 1:colcon.colcon_core.package_identification:_identify(src/ros2_benchmark/scripts) by extension 'colcon_pkg'
[0.397s] Level 1:colcon.colcon_core.package_identification:_identify(src/ros2_benchmark/scripts) by extensions ['colcon_meta']
[0.397s] Level 1:colcon.colcon_core.package_identification:_identify(src/ros2_benchmark/scripts) by extension 'colcon_meta'
[0.397s] Level 1:colcon.colcon_core.package_identification:_identify(src/ros2_benchmark/scripts) by extensions ['ros']
[0.397s] Level 1:colcon.colcon_core.package_identification:_identify(src/ros2_benchmark/scripts) by extension 'ros'
[0.397s] Level 1:colcon.colcon_core.package_identification:_identify(src/ros2_benchmark/scripts) by extensions ['cmake', 'python']
[0.397s] Level 1:colcon.colcon_core.package_identification:_identify(src/ros2_benchmark/scripts) by extension 'cmake'
[0.397s] Level 1:colcon.colcon_core.package_identification:_identify(src/ros2_benchmark/scripts) by extension 'python'
[0.397s] Level 1:colcon.colcon_core.package_identification:_identify(src/ros2_benchmark/scripts) by extensions ['python_setup_py']
[0.397s] Level 1:colcon.colcon_core.package_identification:_identify(src/ros2_benchmark/scripts) by extension 'python_setup_py'
[0.397s] Level 1:colcon.colcon_core.package_identification:_identify(src/yolov8_bdd100k_detection) by extensions ['ignore', 'ignore_ament_install']
[0.397s] Level 1:colcon.colcon_core.package_identification:_identify(src/yolov8_bdd100k_detection) by extension 'ignore'
[0.397s] Level 1:colcon.colcon_core.package_identification:_identify(src/yolov8_bdd100k_detection) by extension 'ignore_ament_install'
[0.397s] Level 1:colcon.colcon_core.package_identification:_identify(src/yolov8_bdd100k_detection) by extensions ['colcon_pkg']
[0.397s] Level 1:colcon.colcon_core.package_identification:_identify(src/yolov8_bdd100k_detection) by extension 'colcon_pkg'
[0.397s] Level 1:colcon.colcon_core.package_identification:_identify(src/yolov8_bdd100k_detection) by extensions ['colcon_meta']
[0.397s] Level 1:colcon.colcon_core.package_identification:_identify(src/yolov8_bdd100k_detection) by extension 'colcon_meta'
[0.397s] Level 1:colcon.colcon_core.package_identification:_identify(src/yolov8_bdd100k_detection) by extensions ['ros']
[0.397s] Level 1:colcon.colcon_core.package_identification:_identify(src/yolov8_bdd100k_detection) by extension 'ros'
[0.398s] DEBUG:colcon.colcon_core.package_identification:Package 'src/yolov8_bdd100k_detection' with type 'ros.ament_python' and name 'yolov8_bdd100k_detection'
[0.398s] Level 1:colcon.colcon_core.package_discovery:discover_packages(recursive) using defaults
[0.398s] Level 1:colcon.colcon_core.package_discovery:discover_packages(ignore) discover
[0.398s] Level 1:colcon.colcon_core.package_discovery:discover_packages(ignore) using defaults
[0.398s] Level 1:colcon.colcon_core.package_discovery:discover_packages(path) discover
[0.398s] Level 1:colcon.colcon_core.package_discovery:discover_packages(path) using defaults
[0.465s] INFO:colcon.colcon_core.package_selection:Skipping not selected package 'isaac_ros_common' in 'src/isaac_ros_common/isaac_ros_common'
[0.465s] INFO:colcon.colcon_core.package_selection:Skipping not selected package 'ur5_gripper_moveit_config' in 'src/isaac_ros_benchmark/benchmarks/isaac_ros_moveit_benchmark/robot_configs/ur5_gripper_moveit_config'
[0.465s] INFO:colcon.colcon_core.package_selection:Skipping not selected package 'ur5_robotiq_85_description' in 'src/isaac_ros_benchmark/benchmarks/isaac_ros_moveit_benchmark/robot_descriptions/ur5_robotiq_85_description'
[0.465s] INFO:colcon.colcon_core.package_selection:Skipping not selected package 'custom_nitros_message_filter_interfaces' in 'src/isaac_ros_nitros/isaac_ros_managed_nitros_examples/custom_nitros_message_filter_interfaces'
[0.465s] INFO:colcon.colcon_core.package_selection:Skipping not selected package 'gxf_isaac_timestamp_correlator' in 'src/isaac_ros_nitros/isaac_ros_gxf_extensions/gxf_isaac_timestamp_correlator'
[0.465s] INFO:colcon.colcon_core.package_selection:Skipping not selected package 'isaac_common' in 'src/isaac_ros_common/isaac_common'
[0.465s] INFO:colcon.colcon_core.package_selection:Skipping not selected package 'isaac_common_py' in 'src/isaac_ros_common/isaac_common_py'
[0.465s] INFO:colcon.colcon_core.package_selection:Skipping not selected package 'isaac_ros_apriltag_interfaces' in 'src/isaac_ros_common/isaac_ros_apriltag_interfaces'
[0.465s] INFO:colcon.colcon_core.package_selection:Skipping not selected package 'isaac_ros_bi3d_interfaces' in 'src/isaac_ros_common/isaac_ros_bi3d_interfaces'
[0.465s] INFO:colcon.colcon_core.package_selection:Skipping not selected package 'isaac_ros_gxf' in 'src/isaac_ros_nitros/isaac_ros_gxf'
[0.465s] INFO:colcon.colcon_core.package_selection:Skipping not selected package 'isaac_ros_launch_utils' in 'src/isaac_ros_common/isaac_ros_launch_utils'
[0.465s] INFO:colcon.colcon_core.package_selection:Skipping not selected package 'isaac_ros_nova_interfaces' in 'src/isaac_ros_common/isaac_ros_nova_interfaces'
[0.465s] INFO:colcon.colcon_core.package_selection:Skipping not selected package 'isaac_ros_pointcloud_interfaces' in 'src/isaac_ros_common/isaac_ros_pointcloud_interfaces'
[0.465s] INFO:colcon.colcon_core.package_selection:Skipping not selected package 'isaac_ros_r2b_galileo' in 'src/isaac_ros_common/isaac_ros_r2b_galileo'
[0.465s] INFO:colcon.colcon_core.package_selection:Skipping not selected package 'isaac_ros_tensor_list_interfaces' in 'src/isaac_ros_common/isaac_ros_tensor_list_interfaces'
[0.465s] INFO:colcon.colcon_core.package_selection:Skipping not selected package 'isaac_ros_test' in 'src/isaac_ros_common/isaac_ros_test'
[0.465s] INFO:colcon.colcon_core.package_selection:Skipping not selected package 'isaac_ros_visual_slam_interfaces' in 'src/isaac_ros_visual_odometry/isaac_ros_visual_slam_interfaces'
[0.465s] INFO:colcon.colcon_core.package_selection:Skipping not selected package 'ros2_benchmark_interfaces' in 'src/ros2_benchmark/ros2_benchmark_interfaces'
[0.465s] INFO:colcon.colcon_core.package_selection:Skipping not selected package 'gxf_isaac_argus' in 'src/isaac_ros_nitros/isaac_ros_gxf_extensions/gxf_isaac_argus'
[0.465s] INFO:colcon.colcon_core.package_selection:Skipping not selected package 'gxf_isaac_cuda' in 'src/isaac_ros_nitros/isaac_ros_gxf_extensions/gxf_isaac_cuda'
[0.465s] INFO:colcon.colcon_core.package_selection:Skipping not selected package 'gxf_isaac_flatscan_localization' in 'src/isaac_ros_nitros/isaac_ros_gxf_extensions/gxf_isaac_flatscan_localization'
[0.465s] INFO:colcon.colcon_core.package_selection:Skipping not selected package 'gxf_isaac_gems' in 'src/isaac_ros_nitros/isaac_ros_gxf_extensions/gxf_isaac_gems'
[0.465s] INFO:colcon.colcon_core.package_selection:Skipping not selected package 'gxf_isaac_hesai' in 'src/isaac_ros_nitros/isaac_ros_gxf_extensions/gxf_isaac_hesai'
[0.465s] INFO:colcon.colcon_core.package_selection:Skipping not selected package 'gxf_isaac_image_flip' in 'src/isaac_ros_image_pipeline/isaac_ros_gxf_extensions/gxf_isaac_image_flip'
[0.465s] INFO:colcon.colcon_core.package_selection:Skipping not selected package 'gxf_isaac_localization' in 'src/isaac_ros_nitros/isaac_ros_gxf_extensions/gxf_isaac_localization'
[0.465s] INFO:colcon.colcon_core.package_selection:Skipping not selected package 'gxf_isaac_message_compositor' in 'src/isaac_ros_nitros/isaac_ros_gxf_extensions/gxf_isaac_message_compositor'
[0.465s] INFO:colcon.colcon_core.package_selection:Skipping not selected package 'gxf_isaac_messages_throttler' in 'src/isaac_ros_nitros/isaac_ros_gxf_extensions/gxf_isaac_messages_throttler'
[0.465s] INFO:colcon.colcon_core.package_selection:Skipping not selected package 'gxf_isaac_optimizer' in 'src/isaac_ros_nitros/isaac_ros_gxf_extensions/gxf_isaac_optimizer'
[0.465s] INFO:colcon.colcon_core.package_selection:Skipping not selected package 'gxf_isaac_point_cloud' in 'src/isaac_ros_nitros/isaac_ros_gxf_extensions/gxf_isaac_point_cloud'
[0.465s] INFO:colcon.colcon_core.package_selection:Skipping not selected package 'gxf_isaac_range_scan_processing' in 'src/isaac_ros_nitros/isaac_ros_gxf_extensions/gxf_isaac_range_scan_processing'
[0.465s] INFO:colcon.colcon_core.package_selection:Skipping not selected package 'gxf_isaac_ros_messages' in 'src/isaac_ros_nitros/isaac_ros_gxf_extensions/gxf_isaac_ros_messages'
[0.465s] INFO:colcon.colcon_core.package_selection:Skipping not selected package 'gxf_isaac_segway' in 'src/isaac_ros_nitros/isaac_ros_gxf_extensions/gxf_isaac_segway'
[0.465s] INFO:colcon.colcon_core.package_selection:Skipping not selected package 'gxf_isaac_sight' in 'src/isaac_ros_nitros/isaac_ros_gxf_extensions/gxf_isaac_sight'
[0.465s] INFO:colcon.colcon_core.package_selection:Skipping not selected package 'gxf_isaac_triton' in 'src/isaac_ros_dnn_inference/isaac_ros_gxf_extensions/gxf_isaac_triton'
[0.465s] INFO:colcon.colcon_core.package_selection:Skipping not selected package 'isaac_ros_nitros_bridge_interfaces' in 'src/isaac_ros_common/isaac_ros_nitros_bridge_interfaces'
[0.465s] INFO:colcon.colcon_core.package_selection:Skipping not selected package 'isaac_ros_rosbag_utils' in 'src/isaac_ros_common/isaac_ros_rosbag_utils'
[0.465s] INFO:colcon.colcon_core.package_selection:Skipping not selected package 'isaac_ros_test_cmake' in 'src/isaac_ros_common/isaac_ros_test_cmake'
[0.465s] INFO:colcon.colcon_core.package_selection:Skipping not selected package 'ros2_benchmark' in 'src/ros2_benchmark/ros2_benchmark'
[0.465s] INFO:colcon.colcon_core.package_selection:Skipping not selected package 'gxf_isaac_atlas' in 'src/isaac_ros_nitros/isaac_ros_gxf_extensions/gxf_isaac_atlas'
[0.465s] INFO:colcon.colcon_core.package_selection:Skipping not selected package 'gxf_isaac_gxf_helpers' in 'src/isaac_ros_nitros/isaac_ros_gxf_extensions/gxf_isaac_gxf_helpers'
[0.465s] INFO:colcon.colcon_core.package_selection:Skipping not selected package 'gxf_isaac_messages' in 'src/isaac_ros_nitros/isaac_ros_gxf_extensions/gxf_isaac_messages'
[0.465s] INFO:colcon.colcon_core.package_selection:Skipping not selected package 'gxf_isaac_ros_cuda' in 'src/isaac_ros_nitros/isaac_ros_gxf_extensions/gxf_isaac_ros_cuda'
[0.465s] INFO:colcon.colcon_core.package_selection:Skipping not selected package 'isaac_ros_moveit_benchmark' in 'src/isaac_ros_benchmark/benchmarks/isaac_ros_moveit_benchmark/isaac_ros_moveit_benchmark'
[0.465s] INFO:colcon.colcon_core.package_selection:Skipping not selected package 'isaac_ros_pynitros' in 'src/isaac_ros_nitros/isaac_ros_pynitros'
[0.465s] INFO:colcon.colcon_core.package_selection:Skipping not selected package 'gxf_isaac_depth_image_proc' in 'src/isaac_ros_image_pipeline/isaac_ros_gxf_extensions/gxf_isaac_depth_image_proc'
[0.465s] INFO:colcon.colcon_core.package_selection:Skipping not selected package 'gxf_isaac_rectify' in 'src/isaac_ros_image_pipeline/isaac_ros_gxf_extensions/gxf_isaac_rectify'
[0.465s] INFO:colcon.colcon_core.package_selection:Skipping not selected package 'gxf_isaac_sgm' in 'src/isaac_ros_image_pipeline/isaac_ros_gxf_extensions/gxf_isaac_sgm'
[0.465s] INFO:colcon.colcon_core.package_selection:Skipping not selected package 'gxf_isaac_tensorops' in 'src/isaac_ros_image_pipeline/isaac_ros_gxf_extensions/gxf_isaac_tensorops'
[0.465s] INFO:colcon.colcon_core.package_selection:Skipping not selected package 'gxf_isaac_utils' in 'src/isaac_ros_nitros/isaac_ros_gxf_extensions/gxf_isaac_utils'
[0.465s] INFO:colcon.colcon_core.package_selection:Skipping not selected package 'isaac_ros_franka_cumotion_benchmark' in 'src/isaac_ros_benchmark/benchmarks/isaac_ros_moveit_benchmark/isaac_ros_moveit_robot_benchmark/franka/isaac_ros_franka_cumotion_benchmark'
[0.465s] INFO:colcon.colcon_core.package_selection:Skipping not selected package 'isaac_ros_franka_ompl_benchmark' in 'src/isaac_ros_benchmark/benchmarks/isaac_ros_moveit_benchmark/isaac_ros_moveit_robot_benchmark/franka/isaac_ros_franka_ompl_benchmark'
[0.465s] INFO:colcon.colcon_core.package_selection:Skipping not selected package 'isaac_ros_nitros' in 'src/isaac_ros_nitros/isaac_ros_nitros'
[0.465s] INFO:colcon.colcon_core.package_selection:Skipping not selected package 'isaac_ros_ur5_cumotion_benchmark' in 'src/isaac_ros_benchmark/benchmarks/isaac_ros_moveit_benchmark/isaac_ros_moveit_robot_benchmark/ur5/isaac_ros_ur5_cumotion_benchmark'
[0.465s] INFO:colcon.colcon_core.package_selection:Skipping not selected package 'isaac_ros_ur5_ompl_benchmark' in 'src/isaac_ros_benchmark/benchmarks/isaac_ros_moveit_benchmark/isaac_ros_moveit_robot_benchmark/ur5/isaac_ros_ur5_ompl_benchmark'
[0.465s] INFO:colcon.colcon_core.package_selection:Skipping not selected package 'gxf_isaac_tensor_rt' in 'src/isaac_ros_dnn_inference/isaac_ros_gxf_extensions/gxf_isaac_tensor_rt'
[0.465s] INFO:colcon.colcon_core.package_selection:Skipping not selected package 'isaac_ros_nitros_battery_state_type' in 'src/isaac_ros_nitros/isaac_ros_nitros_type/isaac_ros_nitros_battery_state_type'
[0.465s] INFO:colcon.colcon_core.package_selection:Skipping not selected package 'isaac_ros_nitros_camera_info_type' in 'src/isaac_ros_nitros/isaac_ros_nitros_type/isaac_ros_nitros_camera_info_type'
[0.466s] INFO:colcon.colcon_core.package_selection:Skipping not selected package 'isaac_ros_nitros_compressed_image_type' in 'src/isaac_ros_nitros/isaac_ros_nitros_type/isaac_ros_nitros_compressed_image_type'
[0.466s] INFO:colcon.colcon_core.package_selection:Skipping not selected package 'isaac_ros_nitros_compressed_video_type' in 'src/isaac_ros_nitros/isaac_ros_nitros_type/isaac_ros_nitros_compressed_video_type'
[0.466s] INFO:colcon.colcon_core.package_selection:Skipping not selected package 'isaac_ros_nitros_correlated_timestamp_type' in 'src/isaac_ros_nitros/isaac_ros_nitros_type/isaac_ros_nitros_correlated_timestamp_type'
[0.466s] INFO:colcon.colcon_core.package_selection:Skipping not selected package 'isaac_ros_nitros_detection2_d_array_type' in 'src/isaac_ros_nitros/isaac_ros_nitros_type/isaac_ros_nitros_detection2_d_array_type'
[0.466s] INFO:colcon.colcon_core.package_selection:Skipping not selected package 'isaac_ros_nitros_detection3_d_array_type' in 'src/isaac_ros_nitros/isaac_ros_nitros_type/isaac_ros_nitros_detection3_d_array_type'
[0.466s] INFO:colcon.colcon_core.package_selection:Skipping not selected package 'isaac_ros_nitros_disparity_image_type' in 'src/isaac_ros_nitros/isaac_ros_nitros_type/isaac_ros_nitros_disparity_image_type'
[0.466s] INFO:colcon.colcon_core.package_selection:Skipping not selected package 'isaac_ros_nitros_encoder_ticks_type' in 'src/isaac_ros_nitros/isaac_ros_nitros_type/isaac_ros_nitros_encoder_ticks_type'
[0.466s] INFO:colcon.colcon_core.package_selection:Skipping not selected package 'isaac_ros_nitros_flat_scan_type' in 'src/isaac_ros_nitros/isaac_ros_nitros_type/isaac_ros_nitros_flat_scan_type'
[0.466s] INFO:colcon.colcon_core.package_selection:Skipping not selected package 'isaac_ros_nitros_image_type' in 'src/isaac_ros_nitros/isaac_ros_nitros_type/isaac_ros_nitros_image_type'
[0.466s] INFO:colcon.colcon_core.package_selection:Skipping not selected package 'isaac_ros_nitros_imu_type' in 'src/isaac_ros_nitros/isaac_ros_nitros_type/isaac_ros_nitros_imu_type'
[0.466s] INFO:colcon.colcon_core.package_selection:Skipping not selected package 'isaac_ros_nitros_occupancy_grid_type' in 'src/isaac_ros_nitros/isaac_ros_nitros_type/isaac_ros_nitros_occupancy_grid_type'
[0.466s] INFO:colcon.colcon_core.package_selection:Skipping not selected package 'isaac_ros_nitros_odometry_type' in 'src/isaac_ros_nitros/isaac_ros_nitros_type/isaac_ros_nitros_odometry_type'
[0.466s] INFO:colcon.colcon_core.package_selection:Skipping not selected package 'isaac_ros_nitros_point_cloud_type' in 'src/isaac_ros_nitros/isaac_ros_nitros_type/isaac_ros_nitros_point_cloud_type'
[0.466s] INFO:colcon.colcon_core.package_selection:Skipping not selected package 'isaac_ros_nitros_pose_array_type' in 'src/isaac_ros_nitros/isaac_ros_nitros_type/isaac_ros_nitros_pose_array_type'
[0.466s] INFO:colcon.colcon_core.package_selection:Skipping not selected package 'isaac_ros_nitros_pose_cov_stamped_type' in 'src/isaac_ros_nitros/isaac_ros_nitros_type/isaac_ros_nitros_pose_cov_stamped_type'
[0.466s] INFO:colcon.colcon_core.package_selection:Skipping not selected package 'isaac_ros_nitros_std_msg_type' in 'src/isaac_ros_nitros/isaac_ros_nitros_type/isaac_ros_nitros_std_msg_type'
[0.466s] INFO:colcon.colcon_core.package_selection:Skipping not selected package 'isaac_ros_nitros_tensor_list_type' in 'src/isaac_ros_nitros/isaac_ros_nitros_type/isaac_ros_nitros_tensor_list_type'
[0.466s] INFO:colcon.colcon_core.package_selection:Skipping not selected package 'isaac_ros_nitros_twist_type' in 'src/isaac_ros_nitros/isaac_ros_nitros_type/isaac_ros_nitros_twist_type'
[0.466s] INFO:colcon.colcon_core.package_selection:Skipping not selected package 'isaac_ros_benchmark' in 'src/isaac_ros_benchmark/isaac_ros_benchmark'
[0.466s] INFO:colcon.colcon_core.package_selection:Skipping not selected package 'isaac_ros_managed_nitros' in 'src/isaac_ros_nitros/isaac_ros_managed_nitros'
[0.466s] INFO:colcon.colcon_core.package_selection:Skipping not selected package 'isaac_ros_stereo_image_proc' in 'src/isaac_ros_image_pipeline/isaac_ros_stereo_image_proc'
[0.466s] INFO:colcon.colcon_core.package_selection:Skipping not selected package 'isaac_ros_tensor_rt' in 'src/isaac_ros_dnn_inference/isaac_ros_tensor_rt'
[0.466s] INFO:colcon.colcon_core.package_selection:Skipping not selected package 'isaac_ros_triton' in 'src/isaac_ros_dnn_inference/isaac_ros_triton'
[0.466s] INFO:colcon.colcon_core.package_selection:Skipping not selected package 'custom_nitros_dnn_image_encoder' in 'src/isaac_ros_nitros/isaac_ros_managed_nitros_examples/custom_nitros_dnn_image_encoder'
[0.466s] INFO:colcon.colcon_core.package_selection:Skipping not selected package 'custom_nitros_image' in 'src/isaac_ros_nitros/isaac_ros_managed_nitros_examples/custom_nitros_image'
[0.466s] INFO:colcon.colcon_core.package_selection:Skipping not selected package 'custom_nitros_message_filter' in 'src/isaac_ros_nitros/isaac_ros_managed_nitros_examples/custom_nitros_message_filter'
[0.466s] INFO:colcon.colcon_core.package_selection:Skipping not selected package 'custom_nitros_string' in 'src/isaac_ros_nitros/isaac_ros_managed_nitros_examples/custom_nitros_string'
[0.466s] INFO:colcon.colcon_core.package_selection:Skipping not selected package 'isaac_ros_argus_camera_benchmark' in 'src/isaac_ros_benchmark/benchmarks/isaac_ros_argus_camera_benchmark'
[0.466s] INFO:colcon.colcon_core.package_selection:Skipping not selected package 'isaac_ros_depth_image_proc' in 'src/isaac_ros_image_pipeline/isaac_ros_depth_image_proc'
[0.466s] INFO:colcon.colcon_core.package_selection:Skipping not selected package 'isaac_ros_h264_decoder_benchmark' in 'src/isaac_ros_benchmark/benchmarks/isaac_ros_h264_decoder_benchmark'
[0.466s] INFO:colcon.colcon_core.package_selection:Skipping not selected package 'isaac_ros_hawk_nova_benchmark' in 'src/isaac_ros_benchmark/benchmarks/isaac_ros_hawk_nova_benchmark'
[0.466s] INFO:colcon.colcon_core.package_selection:Skipping not selected package 'isaac_ros_image_proc' in 'src/isaac_ros_image_pipeline/isaac_ros_image_proc'
[0.466s] INFO:colcon.colcon_core.package_selection:Skipping not selected package 'isaac_ros_nitros_bridge_ros2' in 'src/isaac_ros_nitros/isaac_ros_nitros_bridge/isaac_ros_nitros_bridge_ros2'
[0.466s] INFO:colcon.colcon_core.package_selection:Skipping not selected package 'isaac_ros_nitros_topic_tools' in 'src/isaac_ros_nitros/isaac_ros_nitros_topic_tools'
[0.466s] INFO:colcon.colcon_core.package_selection:Skipping not selected package 'isaac_ros_occupancy_grid_localizer_benchmark' in 'src/isaac_ros_benchmark/benchmarks/isaac_ros_occupancy_grid_localizer_benchmark'
[0.466s] INFO:colcon.colcon_core.package_selection:Skipping not selected package 'isaac_ros_apriltag_benchmark' in 'src/isaac_ros_benchmark/benchmarks/isaac_ros_apriltag_benchmark'
[0.466s] INFO:colcon.colcon_core.package_selection:Skipping not selected package 'isaac_ros_bi3d_benchmark' in 'src/isaac_ros_benchmark/benchmarks/isaac_ros_bi3d_benchmark'
[0.466s] INFO:colcon.colcon_core.package_selection:Skipping not selected package 'isaac_ros_bi3d_freespace_benchmark' in 'src/isaac_ros_benchmark/benchmarks/isaac_ros_bi3d_freespace_benchmark'
[0.466s] INFO:colcon.colcon_core.package_selection:Skipping not selected package 'isaac_ros_data_recorder_nova_benchmark' in 'src/isaac_ros_benchmark/benchmarks/isaac_ros_data_recorder_nova_benchmark'
[0.466s] INFO:colcon.colcon_core.package_selection:Skipping not selected package 'isaac_ros_ess_benchmark' in 'src/isaac_ros_benchmark/benchmarks/isaac_ros_ess_benchmark'
[0.466s] INFO:colcon.colcon_core.package_selection:Skipping not selected package 'isaac_ros_h264_encoder_benchmark' in 'src/isaac_ros_benchmark/benchmarks/isaac_ros_h264_encoder_benchmark'
[0.466s] INFO:colcon.colcon_core.package_selection:Skipping not selected package 'isaac_ros_image_pipeline' in 'src/isaac_ros_image_pipeline/isaac_ros_image_pipeline'
[0.466s] INFO:colcon.colcon_core.package_selection:Skipping not selected package 'isaac_ros_image_proc_benchmark' in 'src/isaac_ros_benchmark/benchmarks/isaac_ros_image_proc_benchmark'
[0.466s] INFO:colcon.colcon_core.package_selection:Skipping not selected package 'isaac_ros_nitros_bridge_benchmark' in 'src/isaac_ros_benchmark/benchmarks/isaac_ros_nitros_bridge_benchmark'
[0.466s] INFO:colcon.colcon_core.package_selection:Skipping not selected package 'isaac_ros_pynitros_benchmark' in 'src/isaac_ros_benchmark/benchmarks/isaac_ros_pynitros_benchmark'
[0.466s] INFO:colcon.colcon_core.package_selection:Skipping not selected package 'isaac_ros_stereo_image_proc_benchmark' in 'src/isaac_ros_benchmark/benchmarks/isaac_ros_stereo_image_proc_benchmark'
[0.466s] INFO:colcon.colcon_core.package_selection:Skipping not selected package 'isaac_ros_tensor_proc' in 'src/isaac_ros_dnn_inference/isaac_ros_tensor_proc'
[0.466s] INFO:colcon.colcon_core.package_selection:Skipping not selected package 'isaac_ros_visual_slam' in 'src/isaac_ros_visual_odometry/isaac_ros_visual_slam'
[0.466s] INFO:colcon.colcon_core.package_selection:Skipping not selected package 'isaac_ros_dnn_image_encoder' in 'src/isaac_ros_dnn_inference/isaac_ros_dnn_image_encoder'
[0.466s] INFO:colcon.colcon_core.package_selection:Skipping not selected package 'isaac_ros_ess_nova_benchmark' in 'src/isaac_ros_benchmark/benchmarks/isaac_ros_ess_nova_benchmark'
[0.466s] INFO:colcon.colcon_core.package_selection:Skipping not selected package 'isaac_ros_foundationpose_benchmark' in 'src/isaac_ros_benchmark/benchmarks/isaac_ros_foundationpose_benchmark'
[0.466s] INFO:colcon.colcon_core.package_selection:Skipping not selected package 'isaac_ros_nvblox_benchmark' in 'src/isaac_ros_benchmark/benchmarks/isaac_ros_nvblox_benchmark'
[0.466s] INFO:colcon.colcon_core.package_selection:Skipping not selected package 'isaac_ros_perceptor_nova_benchmark' in 'src/isaac_ros_benchmark/benchmarks/isaac_ros_perceptor_nova_benchmark'
[0.466s] INFO:colcon.colcon_core.package_selection:Skipping not selected package 'isaac_ros_rtdetr_benchmark' in 'src/isaac_ros_benchmark/benchmarks/isaac_ros_rtdetr_benchmark'
[0.466s] INFO:colcon.colcon_core.package_selection:Skipping not selected package 'isaac_ros_segment_anything_benchmark' in 'src/isaac_ros_benchmark/benchmarks/isaac_ros_segment_anything_benchmark'
[0.466s] INFO:colcon.colcon_core.package_selection:Skipping not selected package 'isaac_ros_visual_slam_benchmark' in 'src/isaac_ros_benchmark/benchmarks/isaac_ros_visual_slam_benchmark'
[0.466s] INFO:colcon.colcon_core.package_selection:Skipping not selected package 'isaac_ros_centerpose_benchmark' in 'src/isaac_ros_benchmark/benchmarks/isaac_ros_centerpose_benchmark'
[0.466s] INFO:colcon.colcon_core.package_selection:Skipping not selected package 'isaac_ros_detectnet_benchmark' in 'src/isaac_ros_benchmark/benchmarks/isaac_ros_detectnet_benchmark'
[0.466s] INFO:colcon.colcon_core.package_selection:Skipping not selected package 'isaac_ros_dnn_image_encoder_benchmark' in 'src/isaac_ros_benchmark/benchmarks/isaac_ros_dnn_image_encoder_benchmark'
[0.466s] INFO:colcon.colcon_core.package_selection:Skipping not selected package 'isaac_ros_dope_benchmark' in 'src/isaac_ros_benchmark/benchmarks/isaac_ros_dope_benchmark'
[0.466s] INFO:colcon.colcon_core.package_selection:Skipping not selected package 'isaac_ros_segformer_benchmark' in 'src/isaac_ros_benchmark/benchmarks/isaac_ros_segformer_benchmark'
[0.466s] INFO:colcon.colcon_core.package_selection:Skipping not selected package 'isaac_ros_tensor_rt_benchmark' in 'src/isaac_ros_benchmark/benchmarks/isaac_ros_tensor_rt_benchmark'
[0.466s] INFO:colcon.colcon_core.package_selection:Skipping not selected package 'isaac_ros_triton_benchmark' in 'src/isaac_ros_benchmark/benchmarks/isaac_ros_triton_benchmark'
[0.466s] INFO:colcon.colcon_core.package_selection:Skipping not selected package 'isaac_ros_unet_benchmark' in 'src/isaac_ros_benchmark/benchmarks/isaac_ros_unet_benchmark'
