[0.000000] (-) TimerEvent: {}
[0.000259] (isaac_ros_visual_slam_interfaces) JobQueued: {'identifier': 'isaac_ros_visual_slam_interfaces', 'dependencies': OrderedDict()}
[0.000289] (isaac_ros_visual_slam) JobQueued: {'identifier': 'isaac_ros_visual_slam', 'dependencies': OrderedDict([('isaac_ros_visual_slam_interfaces', '/home/kanye/Documents/visionaid/isaac_ws/install/isaac_ros_visual_slam_interfaces')])}
[0.000314] (isaac_ros_visual_slam_interfaces) JobStarted: {'identifier': 'isaac_ros_visual_slam_interfaces'}
[0.004931] (isaac_ros_visual_slam_interfaces) JobProgress: {'identifier': 'isaac_ros_visual_slam_interfaces', 'progress': 'cmake'}
[0.005314] (isaac_ros_visual_slam_interfaces) Command: {'cmd': ['/usr/bin/cmake', '/home/kanye/Documents/visionaid/isaac_ws/src/isaac_ros_visual_slam/isaac_ros_visual_slam_interfaces', '-DAMENT_CMAKE_SYMLINK_INSTALL=1', '-DCMAKE_INSTALL_PREFIX=/home/kanye/Documents/visionaid/isaac_ws/install/isaac_ros_visual_slam_interfaces'], 'cwd': '/home/kanye/Documents/visionaid/isaac_ws/build/isaac_ros_visual_slam_interfaces', 'env': OrderedDict([('LESSOPEN', '| /usr/bin/lesspipe %s'), ('USER', 'kanye'), ('LC_TIME', 'lzh_TW'), ('XDG_SESSION_TYPE', 'wayland'), ('SHLVL', '1'), ('LD_LIBRARY_PATH', '/opt/ros/humble/opt/rviz_ogre_vendor/lib:/opt/ros/humble/lib/x86_64-linux-gnu:/opt/ros/humble/lib'), ('HOME', '/home/kanye'), ('OLDPWD', '/home/kanye/Documents/visionaid/isaac_ws/src'), ('DESKTOP_SESSION', 'ubuntu'), ('ROS_PYTHON_VERSION', '3'), ('GNOME_SHELL_SESSION_MODE', 'ubuntu'), ('GTK_MODULES', 'gail:atk-bridge'), ('LC_MONETARY', 'lzh_TW'), ('SYSTEMD_EXEC_PID', '2259'), ('DBUS_SESSION_BUS_ADDRESS', 'unix:path=/run/user/1000/bus'), ('COLORTERM', 'truecolor'), ('IM_CONFIG_PHASE', '1'), ('WAYLAND_DISPLAY', 'wayland-0'), ('ROS_DISTRO', 'humble'), ('LOGNAME', 'kanye'), ('_', '/usr/bin/colcon'), ('ROS_VERSION', '2'), ('XDG_SESSION_CLASS', 'user'), ('USERNAME', 'kanye'), ('TERM', 'xterm-256color'), ('GNOME_DESKTOP_SESSION_ID', 'this-is-deprecated'), ('ROS_LOCALHOST_ONLY', '0'), ('PATH', '/opt/ros/humble/bin:/usr/local/sbin:/usr/local/bin:/usr/sbin:/usr/bin:/sbin:/bin:/usr/games:/usr/local/games:/snap/bin:/snap/bin'), ('SESSION_MANAGER', 'local/kanye-Ubuntu16:@/tmp/.ICE-unix/2229,unix/kanye-Ubuntu16:/tmp/.ICE-unix/2229'), ('XDG_MENU_PREFIX', 'gnome-'), ('LC_ADDRESS', 'lzh_TW'), ('GNOME_TERMINAL_SCREEN', '/org/gnome/Terminal/screen/21c8016d_e2d1_416f_86e1_47d2e95f3297'), ('GNOME_SETUP_DISPLAY', ':1'), ('XDG_RUNTIME_DIR', '/run/user/1000'), ('DISPLAY', ':0'), ('LANG', 'en_US.UTF-8'), ('XDG_CURRENT_DESKTOP', 'ubuntu:GNOME'), ('LC_TELEPHONE', 'lzh_TW'), ('XMODIFIERS', '@im=ibus'), ('XDG_SESSION_DESKTOP', 'ubuntu'), ('XAUTHORITY', '/run/user/1000/.mutter-Xwaylandauth.Q1BL82'), ('LS_COLORS', 'rs=0:di=01;34:ln=01;36:mh=00:pi=40;33:so=01;35:do=01;35:bd=40;33;01:cd=40;33;01:or=40;31;01:mi=00:su=37;41:sg=30;43:ca=30;41:tw=30;42:ow=34;42:st=37;44:ex=01;32:*.tar=01;31:*.tgz=01;31:*.arc=01;31:*.arj=01;31:*.taz=01;31:*.lha=01;31:*.lz4=01;31:*.lzh=01;31:*.lzma=01;31:*.tlz=01;31:*.txz=01;31:*.tzo=01;31:*.t7z=01;31:*.zip=01;31:*.z=01;31:*.dz=01;31:*.gz=01;31:*.lrz=01;31:*.lz=01;31:*.lzo=01;31:*.xz=01;31:*.zst=01;31:*.tzst=01;31:*.bz2=01;31:*.bz=01;31:*.tbz=01;31:*.tbz2=01;31:*.tz=01;31:*.deb=01;31:*.rpm=01;31:*.jar=01;31:*.war=01;31:*.ear=01;31:*.sar=01;31:*.rar=01;31:*.alz=01;31:*.ace=01;31:*.zoo=01;31:*.cpio=01;31:*.7z=01;31:*.rz=01;31:*.cab=01;31:*.wim=01;31:*.swm=01;31:*.dwm=01;31:*.esd=01;31:*.jpg=01;35:*.jpeg=01;35:*.mjpg=01;35:*.mjpeg=01;35:*.gif=01;35:*.bmp=01;35:*.pbm=01;35:*.pgm=01;35:*.ppm=01;35:*.tga=01;35:*.xbm=01;35:*.xpm=01;35:*.tif=01;35:*.tiff=01;35:*.png=01;35:*.svg=01;35:*.svgz=01;35:*.mng=01;35:*.pcx=01;35:*.mov=01;35:*.mpg=01;35:*.mpeg=01;35:*.m2v=01;35:*.mkv=01;35:*.webm=01;35:*.webp=01;35:*.ogm=01;35:*.mp4=01;35:*.m4v=01;35:*.mp4v=01;35:*.vob=01;35:*.qt=01;35:*.nuv=01;35:*.wmv=01;35:*.asf=01;35:*.rm=01;35:*.rmvb=01;35:*.flc=01;35:*.avi=01;35:*.fli=01;35:*.flv=01;35:*.gl=01;35:*.dl=01;35:*.xcf=01;35:*.xwd=01;35:*.yuv=01;35:*.cgm=01;35:*.emf=01;35:*.ogv=01;35:*.ogx=01;35:*.aac=00;36:*.au=00;36:*.flac=00;36:*.m4a=00;36:*.mid=00;36:*.midi=00;36:*.mka=00;36:*.mp3=00;36:*.mpc=00;36:*.ogg=00;36:*.ra=00;36:*.wav=00;36:*.oga=00;36:*.opus=00;36:*.spx=00;36:*.xspf=00;36:'), ('GNOME_TERMINAL_SERVICE', ':1.113'), ('SSH_AGENT_LAUNCHER', 'gnome-keyring'), ('SSH_AUTH_SOCK', '/run/user/1000/keyring/ssh'), ('AMENT_PREFIX_PATH', '/opt/ros/humble'), ('SHELL', '/bin/bash'), ('LC_NAME', 'lzh_TW'), ('QT_ACCESSIBILITY', '1'), ('GDMSESSION', 'ubuntu'), ('LESSCLOSE', '/usr/bin/lesspipe %s %s'), ('LC_MEASUREMENT', 'lzh_TW'), ('LC_IDENTIFICATION', 'lzh_TW'), ('QT_IM_MODULE', 'ibus'), ('PWD', '/home/kanye/Documents/visionaid/isaac_ws/build/isaac_ros_visual_slam_interfaces'), ('XDG_CONFIG_DIRS', '/etc/xdg/xdg-ubuntu:/etc/xdg'), ('XDG_DATA_DIRS', '/usr/share/ubuntu:/usr/local/share/:/usr/share/:/var/lib/snapd/desktop'), ('PYTHONPATH', '/opt/ros/humble/lib/python3.10/site-packages:/opt/ros/humble/local/lib/python3.10/dist-packages'), ('LC_NUMERIC', 'lzh_TW'), ('LC_PAPER', 'lzh_TW'), ('COLCON', '1'), ('VTE_VERSION', '6800'), ('CMAKE_PREFIX_PATH', '/opt/ros/humble')]), 'shell': False}
[0.016563] (isaac_ros_visual_slam_interfaces) StdoutLine: {'line': b'-- Found ament_cmake_auto: 1.3.11 (/opt/ros/humble/share/ament_cmake_auto/cmake)\n'}
[0.099660] (-) TimerEvent: {}
[0.117636] (isaac_ros_visual_slam_interfaces) StdoutLine: {'line': b'-- Override CMake install command with custom implementation using symlinks instead of copying resources\n'}
[0.164918] (isaac_ros_visual_slam_interfaces) StdoutLine: {'line': b'-- Using all available rosidl_typesupport_c: rosidl_typesupport_fastrtps_c;rosidl_typesupport_introspection_c\n'}
[0.166475] (isaac_ros_visual_slam_interfaces) StdoutLine: {'line': b'-- Found rosidl_adapter: 3.1.6 (/opt/ros/humble/share/rosidl_adapter/cmake)\n'}
[0.185243] (isaac_ros_visual_slam_interfaces) StdoutLine: {'line': b'-- Using all available rosidl_typesupport_cpp: rosidl_typesupport_fastrtps_cpp;rosidl_typesupport_introspection_cpp\n'}
[0.199785] (-) TimerEvent: {}
[0.200785] (isaac_ros_visual_slam_interfaces) StdoutLine: {'line': b'-- Loading isaac_ros_common extras\n'}
[0.200866] (isaac_ros_visual_slam_interfaces) StdoutLine: {'line': b'-- CMAKE_BUILD_TYPE: Release\n'}
[0.215118] (isaac_ros_visual_slam_interfaces) StdoutLine: {'line': b'-- Looking for pthread.h\n'}
[0.299772] (isaac_ros_visual_slam_interfaces) StdoutLine: {'line': b'-- Looking for pthread.h - found\n'}
[0.299964] (-) TimerEvent: {}
[0.300230] (isaac_ros_visual_slam_interfaces) StdoutLine: {'line': b'-- Performing Test CMAKE_HAVE_LIBC_PTHREAD\n'}
[0.376823] (isaac_ros_visual_slam_interfaces) StdoutLine: {'line': b'-- Performing Test CMAKE_HAVE_LIBC_PTHREAD - Success\n'}
[0.378152] (isaac_ros_visual_slam_interfaces) StdoutLine: {'line': b'-- Found Threads: TRUE  \n'}
[0.389518] (isaac_ros_visual_slam_interfaces) StdoutLine: {'line': b'-- Found CUDA: /usr/local/cuda (found version "12.9") \n'}
[0.390472] (isaac_ros_visual_slam_interfaces) StdoutLine: {'line': b'-- CUDA architectures: 89;86;80;75;70\n'}
[0.390579] (isaac_ros_visual_slam_interfaces) StdoutLine: {'line': b'-- Loading isaac_ros_common extras (modules)\n'}
[0.400124] (-) TimerEvent: {}
[0.437522] (isaac_ros_visual_slam_interfaces) StdoutLine: {'line': b'-- Found rmw_implementation_cmake: 6.1.2 (/opt/ros/humble/share/rmw_implementation_cmake/cmake)\n'}
[0.439490] (isaac_ros_visual_slam_interfaces) StdoutLine: {'line': b'-- Found rmw_fastrtps_cpp: 6.2.7 (/opt/ros/humble/share/rmw_fastrtps_cpp/cmake)\n'}
[0.500248] (-) TimerEvent: {}
[0.519984] (isaac_ros_visual_slam_interfaces) StdoutLine: {'line': b'-- Found OpenSSL: /usr/lib/x86_64-linux-gnu/libcrypto.so (found version "3.0.2")  \n'}
[0.542919] (isaac_ros_visual_slam_interfaces) StdoutLine: {'line': b'-- Found FastRTPS: /opt/ros/humble/include  \n'}
[0.579962] (isaac_ros_visual_slam_interfaces) StdoutLine: {'line': b"-- Using RMW implementation 'rmw_fastrtps_cpp' as default\n"}
[0.600402] (-) TimerEvent: {}
[0.700599] (-) TimerEvent: {}
[0.800808] (-) TimerEvent: {}
[0.814526] (isaac_ros_visual_slam_interfaces) StdoutLine: {'line': b'-- Found ament_cmake_ros: 0.10.0 (/opt/ros/humble/share/ament_cmake_ros/cmake)\n'}
[0.900997] (-) TimerEvent: {}
[0.999094] (isaac_ros_visual_slam_interfaces) StdoutLine: {'line': b'-- Using all available rosidl_typesupport_c: rosidl_typesupport_fastrtps_c;rosidl_typesupport_introspection_c\n'}
[1.001119] (-) TimerEvent: {}
[1.101367] (-) TimerEvent: {}
[1.201661] (-) TimerEvent: {}
[1.226554] (isaac_ros_visual_slam_interfaces) StdoutLine: {'line': b'-- Using all available rosidl_typesupport_cpp: rosidl_typesupport_fastrtps_cpp;rosidl_typesupport_introspection_cpp\n'}
[1.249187] (isaac_ros_visual_slam_interfaces) StdoutLine: {'line': b'-- Found PythonInterp: /usr/bin/python3 (found suitable version "3.10.12", minimum required is "3.6") \n'}
[1.250387] (isaac_ros_visual_slam_interfaces) StdoutLine: {'line': b'-- Found python_cmake_module: 0.10.0 (/opt/ros/humble/share/python_cmake_module/cmake)\n'}
[1.273817] (isaac_ros_visual_slam_interfaces) StdoutLine: {'line': b'-- Found PythonLibs: /usr/lib/x86_64-linux-gnu/libpython3.10.so (found suitable version "3.10.12", minimum required is "3.5") \n'}
[1.273908] (isaac_ros_visual_slam_interfaces) StdoutLine: {'line': b'-- Using PYTHON_EXECUTABLE: /usr/bin/python3\n'}
[1.273945] (isaac_ros_visual_slam_interfaces) StdoutLine: {'line': b'-- Using PYTHON_INCLUDE_DIRS: /usr/include/python3.10\n'}
[1.273974] (isaac_ros_visual_slam_interfaces) StdoutLine: {'line': b'-- Using PYTHON_LIBRARIES: /usr/lib/x86_64-linux-gnu/libpython3.10.so\n'}
[1.290546] (isaac_ros_visual_slam_interfaces) StdoutLine: {'line': b'-- Found PythonExtra: .so  \n'}
[1.301826] (-) TimerEvent: {}
[1.333987] (isaac_ros_visual_slam_interfaces) StdoutLine: {'line': b'-- Found ament_lint_auto: 0.12.12 (/opt/ros/humble/share/ament_lint_auto/cmake)\n'}
[1.390351] (isaac_ros_visual_slam_interfaces) StdoutLine: {'line': b"-- Added test 'copyright' to check source files copyright and LICENSE\n"}
[1.391690] (isaac_ros_visual_slam_interfaces) StdoutLine: {'line': b"-- Added test 'lint_cmake' to check CMake code style\n"}
[1.392508] (isaac_ros_visual_slam_interfaces) StdoutLine: {'line': b"-- Added test 'xmllint' to check XML markup files\n"}
[1.394727] (isaac_ros_visual_slam_interfaces) StdoutLine: {'line': b'-- Configuring done\n'}
[1.401986] (-) TimerEvent: {}
[1.423138] (isaac_ros_visual_slam_interfaces) StdoutLine: {'line': b'-- Generating done\n'}
[1.431198] (isaac_ros_visual_slam_interfaces) StdoutLine: {'line': b'-- Build files have been written to: /home/kanye/Documents/visionaid/isaac_ws/build/isaac_ros_visual_slam_interfaces\n'}
[1.439212] (isaac_ros_visual_slam_interfaces) CommandEnded: {'returncode': 0}
[1.439435] (isaac_ros_visual_slam_interfaces) JobProgress: {'identifier': 'isaac_ros_visual_slam_interfaces', 'progress': 'build'}
[1.439453] (isaac_ros_visual_slam_interfaces) Command: {'cmd': ['/usr/bin/cmake', '--build', '/home/kanye/Documents/visionaid/isaac_ws/build/isaac_ros_visual_slam_interfaces', '--', '-j28', '-l28'], 'cwd': '/home/kanye/Documents/visionaid/isaac_ws/build/isaac_ros_visual_slam_interfaces', 'env': OrderedDict([('LESSOPEN', '| /usr/bin/lesspipe %s'), ('USER', 'kanye'), ('LC_TIME', 'lzh_TW'), ('XDG_SESSION_TYPE', 'wayland'), ('SHLVL', '1'), ('LD_LIBRARY_PATH', '/opt/ros/humble/opt/rviz_ogre_vendor/lib:/opt/ros/humble/lib/x86_64-linux-gnu:/opt/ros/humble/lib'), ('HOME', '/home/kanye'), ('OLDPWD', '/home/kanye/Documents/visionaid/isaac_ws/src'), ('DESKTOP_SESSION', 'ubuntu'), ('ROS_PYTHON_VERSION', '3'), ('GNOME_SHELL_SESSION_MODE', 'ubuntu'), ('GTK_MODULES', 'gail:atk-bridge'), ('LC_MONETARY', 'lzh_TW'), ('SYSTEMD_EXEC_PID', '2259'), ('DBUS_SESSION_BUS_ADDRESS', 'unix:path=/run/user/1000/bus'), ('COLORTERM', 'truecolor'), ('IM_CONFIG_PHASE', '1'), ('WAYLAND_DISPLAY', 'wayland-0'), ('ROS_DISTRO', 'humble'), ('LOGNAME', 'kanye'), ('_', '/usr/bin/colcon'), ('ROS_VERSION', '2'), ('XDG_SESSION_CLASS', 'user'), ('USERNAME', 'kanye'), ('TERM', 'xterm-256color'), ('GNOME_DESKTOP_SESSION_ID', 'this-is-deprecated'), ('ROS_LOCALHOST_ONLY', '0'), ('PATH', '/opt/ros/humble/bin:/usr/local/sbin:/usr/local/bin:/usr/sbin:/usr/bin:/sbin:/bin:/usr/games:/usr/local/games:/snap/bin:/snap/bin'), ('SESSION_MANAGER', 'local/kanye-Ubuntu16:@/tmp/.ICE-unix/2229,unix/kanye-Ubuntu16:/tmp/.ICE-unix/2229'), ('XDG_MENU_PREFIX', 'gnome-'), ('LC_ADDRESS', 'lzh_TW'), ('GNOME_TERMINAL_SCREEN', '/org/gnome/Terminal/screen/21c8016d_e2d1_416f_86e1_47d2e95f3297'), ('GNOME_SETUP_DISPLAY', ':1'), ('XDG_RUNTIME_DIR', '/run/user/1000'), ('DISPLAY', ':0'), ('LANG', 'en_US.UTF-8'), ('XDG_CURRENT_DESKTOP', 'ubuntu:GNOME'), ('LC_TELEPHONE', 'lzh_TW'), ('XMODIFIERS', '@im=ibus'), ('XDG_SESSION_DESKTOP', 'ubuntu'), ('XAUTHORITY', '/run/user/1000/.mutter-Xwaylandauth.Q1BL82'), ('LS_COLORS', 'rs=0:di=01;34:ln=01;36:mh=00:pi=40;33:so=01;35:do=01;35:bd=40;33;01:cd=40;33;01:or=40;31;01:mi=00:su=37;41:sg=30;43:ca=30;41:tw=30;42:ow=34;42:st=37;44:ex=01;32:*.tar=01;31:*.tgz=01;31:*.arc=01;31:*.arj=01;31:*.taz=01;31:*.lha=01;31:*.lz4=01;31:*.lzh=01;31:*.lzma=01;31:*.tlz=01;31:*.txz=01;31:*.tzo=01;31:*.t7z=01;31:*.zip=01;31:*.z=01;31:*.dz=01;31:*.gz=01;31:*.lrz=01;31:*.lz=01;31:*.lzo=01;31:*.xz=01;31:*.zst=01;31:*.tzst=01;31:*.bz2=01;31:*.bz=01;31:*.tbz=01;31:*.tbz2=01;31:*.tz=01;31:*.deb=01;31:*.rpm=01;31:*.jar=01;31:*.war=01;31:*.ear=01;31:*.sar=01;31:*.rar=01;31:*.alz=01;31:*.ace=01;31:*.zoo=01;31:*.cpio=01;31:*.7z=01;31:*.rz=01;31:*.cab=01;31:*.wim=01;31:*.swm=01;31:*.dwm=01;31:*.esd=01;31:*.jpg=01;35:*.jpeg=01;35:*.mjpg=01;35:*.mjpeg=01;35:*.gif=01;35:*.bmp=01;35:*.pbm=01;35:*.pgm=01;35:*.ppm=01;35:*.tga=01;35:*.xbm=01;35:*.xpm=01;35:*.tif=01;35:*.tiff=01;35:*.png=01;35:*.svg=01;35:*.svgz=01;35:*.mng=01;35:*.pcx=01;35:*.mov=01;35:*.mpg=01;35:*.mpeg=01;35:*.m2v=01;35:*.mkv=01;35:*.webm=01;35:*.webp=01;35:*.ogm=01;35:*.mp4=01;35:*.m4v=01;35:*.mp4v=01;35:*.vob=01;35:*.qt=01;35:*.nuv=01;35:*.wmv=01;35:*.asf=01;35:*.rm=01;35:*.rmvb=01;35:*.flc=01;35:*.avi=01;35:*.fli=01;35:*.flv=01;35:*.gl=01;35:*.dl=01;35:*.xcf=01;35:*.xwd=01;35:*.yuv=01;35:*.cgm=01;35:*.emf=01;35:*.ogv=01;35:*.ogx=01;35:*.aac=00;36:*.au=00;36:*.flac=00;36:*.m4a=00;36:*.mid=00;36:*.midi=00;36:*.mka=00;36:*.mp3=00;36:*.mpc=00;36:*.ogg=00;36:*.ra=00;36:*.wav=00;36:*.oga=00;36:*.opus=00;36:*.spx=00;36:*.xspf=00;36:'), ('GNOME_TERMINAL_SERVICE', ':1.113'), ('SSH_AGENT_LAUNCHER', 'gnome-keyring'), ('SSH_AUTH_SOCK', '/run/user/1000/keyring/ssh'), ('AMENT_PREFIX_PATH', '/opt/ros/humble'), ('SHELL', '/bin/bash'), ('LC_NAME', 'lzh_TW'), ('QT_ACCESSIBILITY', '1'), ('GDMSESSION', 'ubuntu'), ('LESSCLOSE', '/usr/bin/lesspipe %s %s'), ('LC_MEASUREMENT', 'lzh_TW'), ('LC_IDENTIFICATION', 'lzh_TW'), ('QT_IM_MODULE', 'ibus'), ('PWD', '/home/kanye/Documents/visionaid/isaac_ws/build/isaac_ros_visual_slam_interfaces'), ('XDG_CONFIG_DIRS', '/etc/xdg/xdg-ubuntu:/etc/xdg'), ('XDG_DATA_DIRS', '/usr/share/ubuntu:/usr/local/share/:/usr/share/:/var/lib/snapd/desktop'), ('PYTHONPATH', '/opt/ros/humble/lib/python3.10/site-packages:/opt/ros/humble/local/lib/python3.10/dist-packages'), ('LC_NUMERIC', 'lzh_TW'), ('LC_PAPER', 'lzh_TW'), ('COLCON', '1'), ('VTE_VERSION', '6800'), ('CMAKE_PREFIX_PATH', '/opt/ros/humble')]), 'shell': False}
[1.478118] (isaac_ros_visual_slam_interfaces) StdoutLine: {'line': b'[  1%] \x1b[34m\x1b[1mGenerating C code for ROS interfaces\x1b[0m\n'}
[1.485241] (isaac_ros_visual_slam_interfaces) StdoutLine: {'line': b'[  2%] \x1b[34m\x1b[1mGenerating version information as YAML\x1b[0m\n'}
[1.486956] (isaac_ros_visual_slam_interfaces) StdoutLine: {'line': b'[  4%] \x1b[34m\x1b[1mGenerating C++ code for ROS interfaces\x1b[0m\n'}
[1.490830] (isaac_ros_visual_slam_interfaces) StdoutLine: {'line': b'[  4%] Built target ament_cmake_python_symlink_isaac_ros_visual_slam_interfaces\n'}
[1.502063] (-) TimerEvent: {}
[1.540142] (isaac_ros_visual_slam_interfaces) StdoutLine: {'line': b'[  4%] Built target generate_version_info_target_isaac_ros_visual_slam_interfaces\n'}
[1.602247] (-) TimerEvent: {}
[1.631249] (isaac_ros_visual_slam_interfaces) StdoutLine: {'line': b'running egg_info\n'}
[1.631705] (isaac_ros_visual_slam_interfaces) StdoutLine: {'line': b'creating isaac_ros_visual_slam_interfaces.egg-info\n'}
[1.631994] (isaac_ros_visual_slam_interfaces) StdoutLine: {'line': b'writing isaac_ros_visual_slam_interfaces.egg-info/PKG-INFO\n'}
[1.632193] (isaac_ros_visual_slam_interfaces) StdoutLine: {'line': b'writing dependency_links to isaac_ros_visual_slam_interfaces.egg-info/dependency_links.txt\n'}
[1.632233] (isaac_ros_visual_slam_interfaces) StdoutLine: {'line': b'writing top-level names to isaac_ros_visual_slam_interfaces.egg-info/top_level.txt\n'}
[1.632263] (isaac_ros_visual_slam_interfaces) StdoutLine: {'line': b"writing manifest file 'isaac_ros_visual_slam_interfaces.egg-info/SOURCES.txt'\n"}
[1.633494] (isaac_ros_visual_slam_interfaces) StdoutLine: {'line': b"reading manifest file 'isaac_ros_visual_slam_interfaces.egg-info/SOURCES.txt'\n"}
[1.633767] (isaac_ros_visual_slam_interfaces) StdoutLine: {'line': b"writing manifest file 'isaac_ros_visual_slam_interfaces.egg-info/SOURCES.txt'\n"}
[1.650171] (isaac_ros_visual_slam_interfaces) StdoutLine: {'line': b'[  4%] Built target ament_cmake_python_build_isaac_ros_visual_slam_interfaces_egg\n'}
[1.702411] (-) TimerEvent: {}
[1.802671] (-) TimerEvent: {}
[1.902841] (-) TimerEvent: {}
[1.949025] (isaac_ros_visual_slam_interfaces) StdoutLine: {'line': b'[  4%] Built target isaac_ros_visual_slam_interfaces__cpp\n'}
[1.956793] (isaac_ros_visual_slam_interfaces) StdoutLine: {'line': b'[  5%] \x1b[34m\x1b[1mGenerating C++ type support dispatch for ROS interfaces\x1b[0m\n'}
[1.957590] (isaac_ros_visual_slam_interfaces) StdoutLine: {'line': b'[  6%] \x1b[34m\x1b[1mGenerating C++ type support for eProsima Fast-RTPS\x1b[0m\n'}
[1.957833] (isaac_ros_visual_slam_interfaces) StdoutLine: {'line': b'[  8%] \x1b[34m\x1b[1mGenerating C++ introspection for ROS interfaces\x1b[0m\n'}
[1.959589] (isaac_ros_visual_slam_interfaces) StdoutLine: {'line': b'[  9%] \x1b[32mBuilding C object CMakeFiles/isaac_ros_visual_slam_interfaces__rosidl_generator_c.dir/rosidl_generator_c/isaac_ros_visual_slam_interfaces/msg/detail/visual_slam_status__functions.c.o\x1b[0m\n'}
[1.959829] (isaac_ros_visual_slam_interfaces) StdoutLine: {'line': b'[ 11%] \x1b[32mBuilding C object CMakeFiles/isaac_ros_visual_slam_interfaces__rosidl_generator_c.dir/rosidl_generator_c/isaac_ros_visual_slam_interfaces/srv/detail/get_all_poses__functions.c.o\x1b[0m\n'}
[1.960375] (isaac_ros_visual_slam_interfaces) StdoutLine: {'line': b'[ 12%] \x1b[32mBuilding C object CMakeFiles/isaac_ros_visual_slam_interfaces__rosidl_generator_c.dir/rosidl_generator_c/isaac_ros_visual_slam_interfaces/srv/detail/reset__functions.c.o\x1b[0m\n'}
[1.960950] (isaac_ros_visual_slam_interfaces) StdoutLine: {'line': b'[ 13%] \x1b[32mBuilding C object CMakeFiles/isaac_ros_visual_slam_interfaces__rosidl_generator_c.dir/rosidl_generator_c/isaac_ros_visual_slam_interfaces/srv/detail/set_slam_pose__functions.c.o\x1b[0m\n'}
[1.961071] (isaac_ros_visual_slam_interfaces) StdoutLine: {'line': b'[ 15%] \x1b[32mBuilding C object CMakeFiles/isaac_ros_visual_slam_interfaces__rosidl_generator_c.dir/rosidl_generator_c/isaac_ros_visual_slam_interfaces/srv/detail/localize_in_map__functions.c.o\x1b[0m\n'}
[1.962609] (isaac_ros_visual_slam_interfaces) StdoutLine: {'line': b'[ 16%] \x1b[32mBuilding C object CMakeFiles/isaac_ros_visual_slam_interfaces__rosidl_generator_c.dir/rosidl_generator_c/isaac_ros_visual_slam_interfaces/srv/detail/file_path__functions.c.o\x1b[0m\n'}
[2.002938] (-) TimerEvent: {}
[2.067692] (isaac_ros_visual_slam_interfaces) StdoutLine: {'line': b'[ 18%] \x1b[32m\x1b[1mLinking C shared library libisaac_ros_visual_slam_interfaces__rosidl_generator_c.so\x1b[0m\n'}
[2.100407] (isaac_ros_visual_slam_interfaces) StdoutLine: {'line': b'[ 18%] Built target isaac_ros_visual_slam_interfaces__rosidl_generator_c\n'}
[2.103064] (-) TimerEvent: {}
[2.109486] (isaac_ros_visual_slam_interfaces) StdoutLine: {'line': b'[ 20%] \x1b[34m\x1b[1mGenerating C type support dispatch for ROS interfaces\x1b[0m\n'}
[2.109624] (isaac_ros_visual_slam_interfaces) StdoutLine: {'line': b'[ 20%] \x1b[34m\x1b[1mGenerating C introspection for ROS interfaces\x1b[0m\n'}
[2.109701] (isaac_ros_visual_slam_interfaces) StdoutLine: {'line': b'[ 22%] \x1b[34m\x1b[1mGenerating C type support for eProsima Fast-RTPS\x1b[0m\n'}
[2.203183] (-) TimerEvent: {}
[2.303473] (-) TimerEvent: {}
[2.315883] (isaac_ros_visual_slam_interfaces) StdoutLine: {'line': b'[ 23%] \x1b[32mBuilding CXX object CMakeFiles/isaac_ros_visual_slam_interfaces__rosidl_typesupport_cpp.dir/rosidl_typesupport_cpp/isaac_ros_visual_slam_interfaces/srv/file_path__type_support.cpp.o\x1b[0m\n'}
[2.316192] (isaac_ros_visual_slam_interfaces) StdoutLine: {'line': b'[ 29%] \x1b[32mBuilding CXX object CMakeFiles/isaac_ros_visual_slam_interfaces__rosidl_typesupport_cpp.dir/rosidl_typesupport_cpp/isaac_ros_visual_slam_interfaces/msg/visual_slam_status__type_support.cpp.o\x1b[0m\n'}
[2.316270] (isaac_ros_visual_slam_interfaces) StdoutLine: {'line': b'[ 29%] \x1b[32mBuilding CXX object CMakeFiles/isaac_ros_visual_slam_interfaces__rosidl_typesupport_cpp.dir/rosidl_typesupport_cpp/isaac_ros_visual_slam_interfaces/srv/set_slam_pose__type_support.cpp.o\x1b[0m\n'}
[2.316351] (isaac_ros_visual_slam_interfaces) StdoutLine: {'line': b'[ 29%] \x1b[32mBuilding CXX object CMakeFiles/isaac_ros_visual_slam_interfaces__rosidl_typesupport_cpp.dir/rosidl_typesupport_cpp/isaac_ros_visual_slam_interfaces/srv/get_all_poses__type_support.cpp.o\x1b[0m\n'}
[2.316475] (isaac_ros_visual_slam_interfaces) StdoutLine: {'line': b'[ 29%] \x1b[32mBuilding CXX object CMakeFiles/isaac_ros_visual_slam_interfaces__rosidl_typesupport_cpp.dir/rosidl_typesupport_cpp/isaac_ros_visual_slam_interfaces/srv/reset__type_support.cpp.o\x1b[0m\n'}
[2.316570] (isaac_ros_visual_slam_interfaces) StdoutLine: {'line': b'[ 30%] \x1b[32mBuilding CXX object CMakeFiles/isaac_ros_visual_slam_interfaces__rosidl_typesupport_cpp.dir/rosidl_typesupport_cpp/isaac_ros_visual_slam_interfaces/srv/localize_in_map__type_support.cpp.o\x1b[0m\n'}
[2.337558] (isaac_ros_visual_slam_interfaces) StdoutLine: {'line': b'[ 31%] \x1b[32mBuilding CXX object CMakeFiles/isaac_ros_visual_slam_interfaces__rosidl_typesupport_introspection_cpp.dir/rosidl_typesupport_introspection_cpp/isaac_ros_visual_slam_interfaces/srv/detail/file_path__type_support.cpp.o\x1b[0m\n'}
[2.338359] (isaac_ros_visual_slam_interfaces) StdoutLine: {'line': b'[ 33%] \x1b[32mBuilding CXX object CMakeFiles/isaac_ros_visual_slam_interfaces__rosidl_typesupport_introspection_cpp.dir/rosidl_typesupport_introspection_cpp/isaac_ros_visual_slam_interfaces/srv/detail/reset__type_support.cpp.o\x1b[0m\n'}
[2.338495] (isaac_ros_visual_slam_interfaces) StdoutLine: {'line': b'[ 36%] \x1b[32mBuilding CXX object CMakeFiles/isaac_ros_visual_slam_interfaces__rosidl_typesupport_introspection_cpp.dir/rosidl_typesupport_introspection_cpp/isaac_ros_visual_slam_interfaces/msg/detail/visual_slam_status__type_support.cpp.o\x1b[0m\n'}
[2.338567] (isaac_ros_visual_slam_interfaces) StdoutLine: {'line': b'[ 36%] \x1b[32mBuilding CXX object CMakeFiles/isaac_ros_visual_slam_interfaces__rosidl_typesupport_introspection_cpp.dir/rosidl_typesupport_introspection_cpp/isaac_ros_visual_slam_interfaces/srv/detail/get_all_poses__type_support.cpp.o\x1b[0m\n'}
[2.338669] (isaac_ros_visual_slam_interfaces) StdoutLine: {'line': b'[ 37%] \x1b[32mBuilding CXX object CMakeFiles/isaac_ros_visual_slam_interfaces__rosidl_typesupport_introspection_cpp.dir/rosidl_typesupport_introspection_cpp/isaac_ros_visual_slam_interfaces/srv/detail/set_slam_pose__type_support.cpp.o\x1b[0m\n'}
[2.339178] (isaac_ros_visual_slam_interfaces) StdoutLine: {'line': b'[ 38%] \x1b[32mBuilding CXX object CMakeFiles/isaac_ros_visual_slam_interfaces__rosidl_typesupport_introspection_cpp.dir/rosidl_typesupport_introspection_cpp/isaac_ros_visual_slam_interfaces/srv/detail/localize_in_map__type_support.cpp.o\x1b[0m\n'}
[2.381072] (isaac_ros_visual_slam_interfaces) StdoutLine: {'line': b'[ 40%] \x1b[32mBuilding CXX object CMakeFiles/isaac_ros_visual_slam_interfaces__rosidl_typesupport_fastrtps_cpp.dir/rosidl_typesupport_fastrtps_cpp/isaac_ros_visual_slam_interfaces/srv/detail/dds_fastrtps/reset__type_support.cpp.o\x1b[0m\n'}
[2.382189] (isaac_ros_visual_slam_interfaces) StdoutLine: {'line': b'[ 43%] \x1b[32mBuilding CXX object CMakeFiles/isaac_ros_visual_slam_interfaces__rosidl_typesupport_fastrtps_cpp.dir/rosidl_typesupport_fastrtps_cpp/isaac_ros_visual_slam_interfaces/srv/detail/dds_fastrtps/set_slam_pose__type_support.cpp.o\x1b[0m\n'}
[2.382659] (isaac_ros_visual_slam_interfaces) StdoutLine: {'line': b'[ 43%] \x1b[32mBuilding CXX object CMakeFiles/isaac_ros_visual_slam_interfaces__rosidl_typesupport_fastrtps_cpp.dir/rosidl_typesupport_fastrtps_cpp/isaac_ros_visual_slam_interfaces/msg/detail/dds_fastrtps/visual_slam_status__type_support.cpp.o\x1b[0m\n'}
[2.382789] (isaac_ros_visual_slam_interfaces) StdoutLine: {'line': b'[ 44%] \x1b[32mBuilding CXX object CMakeFiles/isaac_ros_visual_slam_interfaces__rosidl_typesupport_fastrtps_cpp.dir/rosidl_typesupport_fastrtps_cpp/isaac_ros_visual_slam_interfaces/srv/detail/dds_fastrtps/get_all_poses__type_support.cpp.o\x1b[0m\n'}
[2.382974] (isaac_ros_visual_slam_interfaces) StdoutLine: {'line': b'[ 47%] \x1b[32mBuilding CXX object CMakeFiles/isaac_ros_visual_slam_interfaces__rosidl_typesupport_fastrtps_cpp.dir/rosidl_typesupport_fastrtps_cpp/isaac_ros_visual_slam_interfaces/srv/detail/dds_fastrtps/file_path__type_support.cpp.o\x1b[0m\n'}
[2.383039] (isaac_ros_visual_slam_interfaces) StdoutLine: {'line': b'[ 47%] \x1b[32mBuilding CXX object CMakeFiles/isaac_ros_visual_slam_interfaces__rosidl_typesupport_fastrtps_cpp.dir/rosidl_typesupport_fastrtps_cpp/isaac_ros_visual_slam_interfaces/srv/detail/dds_fastrtps/localize_in_map__type_support.cpp.o\x1b[0m\n'}
[2.403557] (-) TimerEvent: {}
[2.467333] (isaac_ros_visual_slam_interfaces) StdoutLine: {'line': b'[ 52%] \x1b[32mBuilding CXX object CMakeFiles/isaac_ros_visual_slam_interfaces__rosidl_typesupport_c.dir/rosidl_typesupport_c/isaac_ros_visual_slam_interfaces/msg/visual_slam_status__type_support.cpp.o\x1b[0m\n'}
[2.467491] (isaac_ros_visual_slam_interfaces) StdoutLine: {'line': b'[ 52%] \x1b[32mBuilding CXX object CMakeFiles/isaac_ros_visual_slam_interfaces__rosidl_typesupport_c.dir/rosidl_typesupport_c/isaac_ros_visual_slam_interfaces/srv/set_slam_pose__type_support.cpp.o\x1b[0m\n'}
[2.467560] (isaac_ros_visual_slam_interfaces) StdoutLine: {'line': b'[ 52%] \x1b[32mBuilding CXX object CMakeFiles/isaac_ros_visual_slam_interfaces__rosidl_typesupport_c.dir/rosidl_typesupport_c/isaac_ros_visual_slam_interfaces/srv/get_all_poses__type_support.cpp.o\x1b[0m\n'}
[2.467617] (isaac_ros_visual_slam_interfaces) StdoutLine: {'line': b'[ 52%] \x1b[32mBuilding CXX object CMakeFiles/isaac_ros_visual_slam_interfaces__rosidl_typesupport_c.dir/rosidl_typesupport_c/isaac_ros_visual_slam_interfaces/srv/reset__type_support.cpp.o\x1b[0m\n'}
[2.467681] (isaac_ros_visual_slam_interfaces) StdoutLine: {'line': b'[ 54%] \x1b[32mBuilding CXX object CMakeFiles/isaac_ros_visual_slam_interfaces__rosidl_typesupport_c.dir/rosidl_typesupport_c/isaac_ros_visual_slam_interfaces/srv/file_path__type_support.cpp.o\x1b[0m\n'}
[2.467736] (isaac_ros_visual_slam_interfaces) StdoutLine: {'line': b'[ 55%] \x1b[32mBuilding CXX object CMakeFiles/isaac_ros_visual_slam_interfaces__rosidl_typesupport_c.dir/rosidl_typesupport_c/isaac_ros_visual_slam_interfaces/srv/localize_in_map__type_support.cpp.o\x1b[0m\n'}
[2.503655] (-) TimerEvent: {}
[2.512417] (isaac_ros_visual_slam_interfaces) StdoutLine: {'line': b'[ 56%] \x1b[32m\x1b[1mLinking CXX shared library libisaac_ros_visual_slam_interfaces__rosidl_typesupport_c.so\x1b[0m\n'}
[2.553203] (isaac_ros_visual_slam_interfaces) StdoutLine: {'line': b'[ 56%] Built target isaac_ros_visual_slam_interfaces__rosidl_typesupport_c\n'}
[2.569361] (isaac_ros_visual_slam_interfaces) StdoutLine: {'line': b'[ 61%] \x1b[32mBuilding CXX object CMakeFiles/isaac_ros_visual_slam_interfaces__rosidl_typesupport_fastrtps_c.dir/rosidl_typesupport_fastrtps_c/isaac_ros_visual_slam_interfaces/srv/detail/reset__type_support_c.cpp.o\x1b[0m\n'}
[2.569529] (isaac_ros_visual_slam_interfaces) StdoutLine: {'line': b'[ 61%] \x1b[32mBuilding CXX object CMakeFiles/isaac_ros_visual_slam_interfaces__rosidl_typesupport_fastrtps_c.dir/rosidl_typesupport_fastrtps_c/isaac_ros_visual_slam_interfaces/srv/detail/get_all_poses__type_support_c.cpp.o\x1b[0m\n'}
[2.569593] (isaac_ros_visual_slam_interfaces) StdoutLine: {'line': b'[ 61%] \x1b[32mBuilding CXX object CMakeFiles/isaac_ros_visual_slam_interfaces__rosidl_typesupport_fastrtps_c.dir/rosidl_typesupport_fastrtps_c/isaac_ros_visual_slam_interfaces/msg/detail/visual_slam_status__type_support_c.cpp.o\x1b[0m\n'}
[2.569643] (isaac_ros_visual_slam_interfaces) StdoutLine: {'line': b'[ 62%] \x1b[32mBuilding CXX object CMakeFiles/isaac_ros_visual_slam_interfaces__rosidl_typesupport_fastrtps_c.dir/rosidl_typesupport_fastrtps_c/isaac_ros_visual_slam_interfaces/srv/detail/set_slam_pose__type_support_c.cpp.o\x1b[0m\n'}
[2.569702] (isaac_ros_visual_slam_interfaces) StdoutLine: {'line': b'[ 63%] \x1b[32mBuilding CXX object CMakeFiles/isaac_ros_visual_slam_interfaces__rosidl_typesupport_fastrtps_c.dir/rosidl_typesupport_fastrtps_c/isaac_ros_visual_slam_interfaces/srv/detail/localize_in_map__type_support_c.cpp.o\x1b[0m\n'}
[2.569748] (isaac_ros_visual_slam_interfaces) StdoutLine: {'line': b'[ 65%] \x1b[32mBuilding CXX object CMakeFiles/isaac_ros_visual_slam_interfaces__rosidl_typesupport_fastrtps_c.dir/rosidl_typesupport_fastrtps_c/isaac_ros_visual_slam_interfaces/srv/detail/file_path__type_support_c.cpp.o\x1b[0m\n'}
[2.603719] (-) TimerEvent: {}
[2.604173] (isaac_ros_visual_slam_interfaces) StdoutLine: {'line': b'[ 68%] \x1b[32mBuilding C object CMakeFiles/isaac_ros_visual_slam_interfaces__rosidl_typesupport_introspection_c.dir/rosidl_typesupport_introspection_c/isaac_ros_visual_slam_interfaces/msg/detail/visual_slam_status__type_support.c.o\x1b[0m\n'}
[2.604314] (isaac_ros_visual_slam_interfaces) StdoutLine: {'line': b'[ 68%] \x1b[32mBuilding C object CMakeFiles/isaac_ros_visual_slam_interfaces__rosidl_typesupport_introspection_c.dir/rosidl_typesupport_introspection_c/isaac_ros_visual_slam_interfaces/srv/detail/reset__type_support.c.o\x1b[0m\n'}
[2.604380] (isaac_ros_visual_slam_interfaces) StdoutLine: {'line': b'[ 69%] \x1b[32mBuilding C object CMakeFiles/isaac_ros_visual_slam_interfaces__rosidl_typesupport_introspection_c.dir/rosidl_typesupport_introspection_c/isaac_ros_visual_slam_interfaces/srv/detail/set_slam_pose__type_support.c.o\x1b[0m\n'}
[2.604432] (isaac_ros_visual_slam_interfaces) StdoutLine: {'line': b'[ 70%] \x1b[32mBuilding C object CMakeFiles/isaac_ros_visual_slam_interfaces__rosidl_typesupport_introspection_c.dir/rosidl_typesupport_introspection_c/isaac_ros_visual_slam_interfaces/srv/detail/file_path__type_support.c.o\x1b[0m\n'}
[2.604479] (isaac_ros_visual_slam_interfaces) StdoutLine: {'line': b'[ 72%] \x1b[32mBuilding C object CMakeFiles/isaac_ros_visual_slam_interfaces__rosidl_typesupport_introspection_c.dir/rosidl_typesupport_introspection_c/isaac_ros_visual_slam_interfaces/srv/detail/localize_in_map__type_support.c.o\x1b[0m\n'}
[2.604691] (isaac_ros_visual_slam_interfaces) StdoutLine: {'line': b'[ 73%] \x1b[32mBuilding C object CMakeFiles/isaac_ros_visual_slam_interfaces__rosidl_typesupport_introspection_c.dir/rosidl_typesupport_introspection_c/isaac_ros_visual_slam_interfaces/srv/detail/get_all_poses__type_support.c.o\x1b[0m\n'}
[2.612844] (isaac_ros_visual_slam_interfaces) StdoutLine: {'line': b'[ 75%] \x1b[32m\x1b[1mLinking CXX shared library libisaac_ros_visual_slam_interfaces__rosidl_typesupport_cpp.so\x1b[0m\n'}
[2.654682] (isaac_ros_visual_slam_interfaces) StdoutLine: {'line': b'[ 75%] Built target isaac_ros_visual_slam_interfaces__rosidl_typesupport_cpp\n'}
[2.654915] (isaac_ros_visual_slam_interfaces) StdoutLine: {'line': b'[ 76%] \x1b[32m\x1b[1mLinking C shared library libisaac_ros_visual_slam_interfaces__rosidl_typesupport_introspection_c.so\x1b[0m\n'}
[2.678278] (isaac_ros_visual_slam_interfaces) StdoutLine: {'line': b'[ 76%] Built target isaac_ros_visual_slam_interfaces__rosidl_typesupport_introspection_c\n'}
[2.703819] (-) TimerEvent: {}
[2.804041] (-) TimerEvent: {}
[2.806218] (isaac_ros_visual_slam_interfaces) StdoutLine: {'line': b'[ 77%] \x1b[32m\x1b[1mLinking CXX shared library libisaac_ros_visual_slam_interfaces__rosidl_typesupport_introspection_cpp.so\x1b[0m\n'}
[2.832285] (isaac_ros_visual_slam_interfaces) StdoutLine: {'line': b'[ 79%] \x1b[32m\x1b[1mLinking CXX shared library libisaac_ros_visual_slam_interfaces__rosidl_typesupport_fastrtps_cpp.so\x1b[0m\n'}
[2.855369] (isaac_ros_visual_slam_interfaces) StdoutLine: {'line': b'[ 79%] Built target isaac_ros_visual_slam_interfaces__rosidl_typesupport_introspection_cpp\n'}
[2.891963] (isaac_ros_visual_slam_interfaces) StdoutLine: {'line': b'[ 80%] \x1b[32m\x1b[1mLinking CXX shared library libisaac_ros_visual_slam_interfaces__rosidl_typesupport_fastrtps_c.so\x1b[0m\n'}
[2.892248] (isaac_ros_visual_slam_interfaces) StdoutLine: {'line': b'[ 80%] Built target isaac_ros_visual_slam_interfaces__rosidl_typesupport_fastrtps_cpp\n'}
[2.904222] (-) TimerEvent: {}
[2.944235] (isaac_ros_visual_slam_interfaces) StdoutLine: {'line': b'[ 80%] Built target isaac_ros_visual_slam_interfaces__rosidl_typesupport_fastrtps_c\n'}
[2.959762] (isaac_ros_visual_slam_interfaces) StdoutLine: {'line': b'[ 80%] Built target isaac_ros_visual_slam_interfaces\n'}
[2.977060] (isaac_ros_visual_slam_interfaces) StdoutLine: {'line': b'[ 81%] \x1b[34m\x1b[1mGenerating Python code for ROS interfaces\x1b[0m\n'}
[3.004382] (-) TimerEvent: {}
[3.104541] (-) TimerEvent: {}
[3.204815] (-) TimerEvent: {}
[3.305128] (-) TimerEvent: {}
[3.405327] (-) TimerEvent: {}
[3.505481] (-) TimerEvent: {}
[3.605629] (-) TimerEvent: {}
[3.705907] (-) TimerEvent: {}
[3.751061] (isaac_ros_visual_slam_interfaces) StdoutLine: {'line': b'[ 81%] Built target isaac_ros_visual_slam_interfaces__py\n'}
[3.766347] (isaac_ros_visual_slam_interfaces) StdoutLine: {'line': b'[ 83%] \x1b[32mBuilding C object CMakeFiles/isaac_ros_visual_slam_interfaces__rosidl_generator_py.dir/rosidl_generator_py/isaac_ros_visual_slam_interfaces/msg/_visual_slam_status_s.c.o\x1b[0m\n'}
[3.767772] (isaac_ros_visual_slam_interfaces) StdoutLine: {'line': b'[ 84%] \x1b[32mBuilding C object CMakeFiles/isaac_ros_visual_slam_interfaces__rosidl_generator_py.dir/rosidl_generator_py/isaac_ros_visual_slam_interfaces/srv/_set_slam_pose_s.c.o\x1b[0m\n'}
[3.767858] (isaac_ros_visual_slam_interfaces) StdoutLine: {'line': b'[ 86%] \x1b[32mBuilding C object CMakeFiles/isaac_ros_visual_slam_interfaces__rosidl_generator_py.dir/rosidl_generator_py/isaac_ros_visual_slam_interfaces/srv/_localize_in_map_s.c.o\x1b[0m\n'}
[3.768984] (isaac_ros_visual_slam_interfaces) StdoutLine: {'line': b'[ 87%] \x1b[32mBuilding C object CMakeFiles/isaac_ros_visual_slam_interfaces__rosidl_generator_py.dir/rosidl_generator_py/isaac_ros_visual_slam_interfaces/srv/_get_all_poses_s.c.o\x1b[0m\n'}
[3.769197] (isaac_ros_visual_slam_interfaces) StdoutLine: {'line': b'[ 88%] \x1b[32mBuilding C object CMakeFiles/isaac_ros_visual_slam_interfaces__rosidl_generator_py.dir/rosidl_generator_py/isaac_ros_visual_slam_interfaces/srv/_reset_s.c.o\x1b[0m\n'}
[3.769307] (isaac_ros_visual_slam_interfaces) StdoutLine: {'line': b'[ 90%] \x1b[32mBuilding C object CMakeFiles/isaac_ros_visual_slam_interfaces__rosidl_generator_py.dir/rosidl_generator_py/isaac_ros_visual_slam_interfaces/srv/_file_path_s.c.o\x1b[0m\n'}
[3.806006] (-) TimerEvent: {}
[3.876364] (isaac_ros_visual_slam_interfaces) StdoutLine: {'line': b'[ 91%] \x1b[32m\x1b[1mLinking C shared library rosidl_generator_py/isaac_ros_visual_slam_interfaces/libisaac_ros_visual_slam_interfaces__rosidl_generator_py.so\x1b[0m\n'}
[3.906186] (-) TimerEvent: {}
[3.910139] (isaac_ros_visual_slam_interfaces) StdoutLine: {'line': b'[ 91%] Built target isaac_ros_visual_slam_interfaces__rosidl_generator_py\n'}
[3.925458] (isaac_ros_visual_slam_interfaces) StdoutLine: {'line': b'[ 95%] \x1b[32mBuilding C object CMakeFiles/isaac_ros_visual_slam_interfaces__rosidl_typesupport_fastrtps_c__pyext.dir/rosidl_generator_py/isaac_ros_visual_slam_interfaces/_isaac_ros_visual_slam_interfaces_s.ep.rosidl_typesupport_fastrtps_c.c.o\x1b[0m\n'}
[3.925565] (isaac_ros_visual_slam_interfaces) StdoutLine: {'line': b'[ 95%] \x1b[32mBuilding C object CMakeFiles/isaac_ros_visual_slam_interfaces__rosidl_typesupport_introspection_c__pyext.dir/rosidl_generator_py/isaac_ros_visual_slam_interfaces/_isaac_ros_visual_slam_interfaces_s.ep.rosidl_typesupport_introspection_c.c.o\x1b[0m\n'}
[3.925612] (isaac_ros_visual_slam_interfaces) StdoutLine: {'line': b'[ 95%] \x1b[32mBuilding C object CMakeFiles/isaac_ros_visual_slam_interfaces__rosidl_typesupport_c__pyext.dir/rosidl_generator_py/isaac_ros_visual_slam_interfaces/_isaac_ros_visual_slam_interfaces_s.ep.rosidl_typesupport_c.c.o\x1b[0m\n'}
[4.006275] (-) TimerEvent: {}
[4.080147] (isaac_ros_visual_slam_interfaces) StdoutLine: {'line': b'[ 97%] \x1b[32m\x1b[1mLinking C shared library rosidl_generator_py/isaac_ros_visual_slam_interfaces/isaac_ros_visual_slam_interfaces_s__rosidl_typesupport_fastrtps_c.cpython-310-x86_64-linux-gnu.so\x1b[0m\n'}
[4.081442] (isaac_ros_visual_slam_interfaces) StdoutLine: {'line': b'[ 98%] \x1b[32m\x1b[1mLinking C shared library rosidl_generator_py/isaac_ros_visual_slam_interfaces/isaac_ros_visual_slam_interfaces_s__rosidl_typesupport_introspection_c.cpython-310-x86_64-linux-gnu.so\x1b[0m\n'}
[4.081582] (isaac_ros_visual_slam_interfaces) StdoutLine: {'line': b'[100%] \x1b[32m\x1b[1mLinking C shared library rosidl_generator_py/isaac_ros_visual_slam_interfaces/isaac_ros_visual_slam_interfaces_s__rosidl_typesupport_c.cpython-310-x86_64-linux-gnu.so\x1b[0m\n'}
[4.106350] (-) TimerEvent: {}
[4.111840] (isaac_ros_visual_slam_interfaces) StdoutLine: {'line': b'[100%] Built target isaac_ros_visual_slam_interfaces__rosidl_typesupport_fastrtps_c__pyext\n'}
[4.111991] (isaac_ros_visual_slam_interfaces) StdoutLine: {'line': b'[100%] Built target isaac_ros_visual_slam_interfaces__rosidl_typesupport_introspection_c__pyext\n'}
[4.117032] (isaac_ros_visual_slam_interfaces) StdoutLine: {'line': b'[100%] Built target isaac_ros_visual_slam_interfaces__rosidl_typesupport_c__pyext\n'}
[4.126437] (isaac_ros_visual_slam_interfaces) CommandEnded: {'returncode': 0}
[4.126799] (isaac_ros_visual_slam_interfaces) JobProgress: {'identifier': 'isaac_ros_visual_slam_interfaces', 'progress': 'install'}
[4.134585] (isaac_ros_visual_slam_interfaces) Command: {'cmd': ['/usr/bin/cmake', '--install', '/home/kanye/Documents/visionaid/isaac_ws/build/isaac_ros_visual_slam_interfaces'], 'cwd': '/home/kanye/Documents/visionaid/isaac_ws/build/isaac_ros_visual_slam_interfaces', 'env': OrderedDict([('LESSOPEN', '| /usr/bin/lesspipe %s'), ('USER', 'kanye'), ('LC_TIME', 'lzh_TW'), ('XDG_SESSION_TYPE', 'wayland'), ('SHLVL', '1'), ('LD_LIBRARY_PATH', '/opt/ros/humble/opt/rviz_ogre_vendor/lib:/opt/ros/humble/lib/x86_64-linux-gnu:/opt/ros/humble/lib'), ('HOME', '/home/kanye'), ('OLDPWD', '/home/kanye/Documents/visionaid/isaac_ws/src'), ('DESKTOP_SESSION', 'ubuntu'), ('ROS_PYTHON_VERSION', '3'), ('GNOME_SHELL_SESSION_MODE', 'ubuntu'), ('GTK_MODULES', 'gail:atk-bridge'), ('LC_MONETARY', 'lzh_TW'), ('SYSTEMD_EXEC_PID', '2259'), ('DBUS_SESSION_BUS_ADDRESS', 'unix:path=/run/user/1000/bus'), ('COLORTERM', 'truecolor'), ('IM_CONFIG_PHASE', '1'), ('WAYLAND_DISPLAY', 'wayland-0'), ('ROS_DISTRO', 'humble'), ('LOGNAME', 'kanye'), ('_', '/usr/bin/colcon'), ('ROS_VERSION', '2'), ('XDG_SESSION_CLASS', 'user'), ('USERNAME', 'kanye'), ('TERM', 'xterm-256color'), ('GNOME_DESKTOP_SESSION_ID', 'this-is-deprecated'), ('ROS_LOCALHOST_ONLY', '0'), ('PATH', '/opt/ros/humble/bin:/usr/local/sbin:/usr/local/bin:/usr/sbin:/usr/bin:/sbin:/bin:/usr/games:/usr/local/games:/snap/bin:/snap/bin'), ('SESSION_MANAGER', 'local/kanye-Ubuntu16:@/tmp/.ICE-unix/2229,unix/kanye-Ubuntu16:/tmp/.ICE-unix/2229'), ('XDG_MENU_PREFIX', 'gnome-'), ('LC_ADDRESS', 'lzh_TW'), ('GNOME_TERMINAL_SCREEN', '/org/gnome/Terminal/screen/21c8016d_e2d1_416f_86e1_47d2e95f3297'), ('GNOME_SETUP_DISPLAY', ':1'), ('XDG_RUNTIME_DIR', '/run/user/1000'), ('DISPLAY', ':0'), ('LANG', 'en_US.UTF-8'), ('XDG_CURRENT_DESKTOP', 'ubuntu:GNOME'), ('LC_TELEPHONE', 'lzh_TW'), ('XMODIFIERS', '@im=ibus'), ('XDG_SESSION_DESKTOP', 'ubuntu'), ('XAUTHORITY', '/run/user/1000/.mutter-Xwaylandauth.Q1BL82'), ('LS_COLORS', 'rs=0:di=01;34:ln=01;36:mh=00:pi=40;33:so=01;35:do=01;35:bd=40;33;01:cd=40;33;01:or=40;31;01:mi=00:su=37;41:sg=30;43:ca=30;41:tw=30;42:ow=34;42:st=37;44:ex=01;32:*.tar=01;31:*.tgz=01;31:*.arc=01;31:*.arj=01;31:*.taz=01;31:*.lha=01;31:*.lz4=01;31:*.lzh=01;31:*.lzma=01;31:*.tlz=01;31:*.txz=01;31:*.tzo=01;31:*.t7z=01;31:*.zip=01;31:*.z=01;31:*.dz=01;31:*.gz=01;31:*.lrz=01;31:*.lz=01;31:*.lzo=01;31:*.xz=01;31:*.zst=01;31:*.tzst=01;31:*.bz2=01;31:*.bz=01;31:*.tbz=01;31:*.tbz2=01;31:*.tz=01;31:*.deb=01;31:*.rpm=01;31:*.jar=01;31:*.war=01;31:*.ear=01;31:*.sar=01;31:*.rar=01;31:*.alz=01;31:*.ace=01;31:*.zoo=01;31:*.cpio=01;31:*.7z=01;31:*.rz=01;31:*.cab=01;31:*.wim=01;31:*.swm=01;31:*.dwm=01;31:*.esd=01;31:*.jpg=01;35:*.jpeg=01;35:*.mjpg=01;35:*.mjpeg=01;35:*.gif=01;35:*.bmp=01;35:*.pbm=01;35:*.pgm=01;35:*.ppm=01;35:*.tga=01;35:*.xbm=01;35:*.xpm=01;35:*.tif=01;35:*.tiff=01;35:*.png=01;35:*.svg=01;35:*.svgz=01;35:*.mng=01;35:*.pcx=01;35:*.mov=01;35:*.mpg=01;35:*.mpeg=01;35:*.m2v=01;35:*.mkv=01;35:*.webm=01;35:*.webp=01;35:*.ogm=01;35:*.mp4=01;35:*.m4v=01;35:*.mp4v=01;35:*.vob=01;35:*.qt=01;35:*.nuv=01;35:*.wmv=01;35:*.asf=01;35:*.rm=01;35:*.rmvb=01;35:*.flc=01;35:*.avi=01;35:*.fli=01;35:*.flv=01;35:*.gl=01;35:*.dl=01;35:*.xcf=01;35:*.xwd=01;35:*.yuv=01;35:*.cgm=01;35:*.emf=01;35:*.ogv=01;35:*.ogx=01;35:*.aac=00;36:*.au=00;36:*.flac=00;36:*.m4a=00;36:*.mid=00;36:*.midi=00;36:*.mka=00;36:*.mp3=00;36:*.mpc=00;36:*.ogg=00;36:*.ra=00;36:*.wav=00;36:*.oga=00;36:*.opus=00;36:*.spx=00;36:*.xspf=00;36:'), ('GNOME_TERMINAL_SERVICE', ':1.113'), ('SSH_AGENT_LAUNCHER', 'gnome-keyring'), ('SSH_AUTH_SOCK', '/run/user/1000/keyring/ssh'), ('AMENT_PREFIX_PATH', '/opt/ros/humble'), ('SHELL', '/bin/bash'), ('LC_NAME', 'lzh_TW'), ('QT_ACCESSIBILITY', '1'), ('GDMSESSION', 'ubuntu'), ('LESSCLOSE', '/usr/bin/lesspipe %s %s'), ('LC_MEASUREMENT', 'lzh_TW'), ('LC_IDENTIFICATION', 'lzh_TW'), ('QT_IM_MODULE', 'ibus'), ('PWD', '/home/kanye/Documents/visionaid/isaac_ws/build/isaac_ros_visual_slam_interfaces'), ('XDG_CONFIG_DIRS', '/etc/xdg/xdg-ubuntu:/etc/xdg'), ('XDG_DATA_DIRS', '/usr/share/ubuntu:/usr/local/share/:/usr/share/:/var/lib/snapd/desktop'), ('PYTHONPATH', '/opt/ros/humble/lib/python3.10/site-packages:/opt/ros/humble/local/lib/python3.10/dist-packages'), ('LC_NUMERIC', 'lzh_TW'), ('LC_PAPER', 'lzh_TW'), ('COLCON', '1'), ('VTE_VERSION', '6800'), ('CMAKE_PREFIX_PATH', '/opt/ros/humble')]), 'shell': False}
[4.139071] (isaac_ros_visual_slam_interfaces) StdoutLine: {'line': b'-- Install configuration: "Release"\n'}
[4.139608] (isaac_ros_visual_slam_interfaces) StdoutLine: {'line': b'-- Execute custom install script\n'}
[4.139820] (isaac_ros_visual_slam_interfaces) StdoutLine: {'line': b'-- Symlinking: /home/kanye/Documents/visionaid/isaac_ws/install/isaac_ros_visual_slam_interfaces/share/ament_index/resource_index/rosidl_interfaces/isaac_ros_visual_slam_interfaces\n'}
[4.148936] (isaac_ros_visual_slam_interfaces) StdoutLine: {'line': b'-- Symlinking: /home/kanye/Documents/visionaid/isaac_ws/install/isaac_ros_visual_slam_interfaces/include/isaac_ros_visual_slam_interfaces/isaac_ros_visual_slam_interfaces/msg/detail/visual_slam_status__functions.h\n'}
[4.157157] (isaac_ros_visual_slam_interfaces) StdoutLine: {'line': b'-- Symlinking: /home/kanye/Documents/visionaid/isaac_ws/install/isaac_ros_visual_slam_interfaces/include/isaac_ros_visual_slam_interfaces/isaac_ros_visual_slam_interfaces/msg/detail/visual_slam_status__struct.h\n'}
[4.166777] (isaac_ros_visual_slam_interfaces) StdoutLine: {'line': b'-- Symlinking: /home/kanye/Documents/visionaid/isaac_ws/install/isaac_ros_visual_slam_interfaces/include/isaac_ros_visual_slam_interfaces/isaac_ros_visual_slam_interfaces/msg/detail/visual_slam_status__type_support.h\n'}
[4.174040] (isaac_ros_visual_slam_interfaces) StdoutLine: {'line': b'-- Symlinking: /home/kanye/Documents/visionaid/isaac_ws/install/isaac_ros_visual_slam_interfaces/include/isaac_ros_visual_slam_interfaces/isaac_ros_visual_slam_interfaces/msg/rosidl_generator_c__visibility_control.h\n'}
[4.180138] (isaac_ros_visual_slam_interfaces) StdoutLine: {'line': b'-- Symlinking: /home/kanye/Documents/visionaid/isaac_ws/install/isaac_ros_visual_slam_interfaces/include/isaac_ros_visual_slam_interfaces/isaac_ros_visual_slam_interfaces/msg/visual_slam_status.h\n'}
[4.185601] (isaac_ros_visual_slam_interfaces) StdoutLine: {'line': b'-- Symlinking: /home/kanye/Documents/visionaid/isaac_ws/install/isaac_ros_visual_slam_interfaces/include/isaac_ros_visual_slam_interfaces/isaac_ros_visual_slam_interfaces/srv/detail/file_path__functions.h\n'}
[4.191826] (isaac_ros_visual_slam_interfaces) StdoutLine: {'line': b'-- Symlinking: /home/kanye/Documents/visionaid/isaac_ws/install/isaac_ros_visual_slam_interfaces/include/isaac_ros_visual_slam_interfaces/isaac_ros_visual_slam_interfaces/srv/detail/file_path__struct.h\n'}
[4.197913] (isaac_ros_visual_slam_interfaces) StdoutLine: {'line': b'-- Symlinking: /home/kanye/Documents/visionaid/isaac_ws/install/isaac_ros_visual_slam_interfaces/include/isaac_ros_visual_slam_interfaces/isaac_ros_visual_slam_interfaces/srv/detail/file_path__type_support.h\n'}
[4.203916] (isaac_ros_visual_slam_interfaces) StdoutLine: {'line': b'-- Symlinking: /home/kanye/Documents/visionaid/isaac_ws/install/isaac_ros_visual_slam_interfaces/include/isaac_ros_visual_slam_interfaces/isaac_ros_visual_slam_interfaces/srv/detail/get_all_poses__functions.h\n'}
[4.206507] (-) TimerEvent: {}
[4.210103] (isaac_ros_visual_slam_interfaces) StdoutLine: {'line': b'-- Symlinking: /home/kanye/Documents/visionaid/isaac_ws/install/isaac_ros_visual_slam_interfaces/include/isaac_ros_visual_slam_interfaces/isaac_ros_visual_slam_interfaces/srv/detail/get_all_poses__struct.h\n'}
[4.215419] (isaac_ros_visual_slam_interfaces) StdoutLine: {'line': b'-- Symlinking: /home/kanye/Documents/visionaid/isaac_ws/install/isaac_ros_visual_slam_interfaces/include/isaac_ros_visual_slam_interfaces/isaac_ros_visual_slam_interfaces/srv/detail/get_all_poses__type_support.h\n'}
[4.220348] (isaac_ros_visual_slam_interfaces) StdoutLine: {'line': b'-- Symlinking: /home/kanye/Documents/visionaid/isaac_ws/install/isaac_ros_visual_slam_interfaces/include/isaac_ros_visual_slam_interfaces/isaac_ros_visual_slam_interfaces/srv/detail/localize_in_map__functions.h\n'}
[4.225905] (isaac_ros_visual_slam_interfaces) StdoutLine: {'line': b'-- Symlinking: /home/kanye/Documents/visionaid/isaac_ws/install/isaac_ros_visual_slam_interfaces/include/isaac_ros_visual_slam_interfaces/isaac_ros_visual_slam_interfaces/srv/detail/localize_in_map__struct.h\n'}
[4.233679] (isaac_ros_visual_slam_interfaces) StdoutLine: {'line': b'-- Symlinking: /home/kanye/Documents/visionaid/isaac_ws/install/isaac_ros_visual_slam_interfaces/include/isaac_ros_visual_slam_interfaces/isaac_ros_visual_slam_interfaces/srv/detail/localize_in_map__type_support.h\n'}
[4.239105] (isaac_ros_visual_slam_interfaces) StdoutLine: {'line': b'-- Symlinking: /home/kanye/Documents/visionaid/isaac_ws/install/isaac_ros_visual_slam_interfaces/include/isaac_ros_visual_slam_interfaces/isaac_ros_visual_slam_interfaces/srv/detail/reset__functions.h\n'}
[4.245713] (isaac_ros_visual_slam_interfaces) StdoutLine: {'line': b'-- Symlinking: /home/kanye/Documents/visionaid/isaac_ws/install/isaac_ros_visual_slam_interfaces/include/isaac_ros_visual_slam_interfaces/isaac_ros_visual_slam_interfaces/srv/detail/reset__struct.h\n'}
[4.255821] (isaac_ros_visual_slam_interfaces) StdoutLine: {'line': b'-- Symlinking: /home/kanye/Documents/visionaid/isaac_ws/install/isaac_ros_visual_slam_interfaces/include/isaac_ros_visual_slam_interfaces/isaac_ros_visual_slam_interfaces/srv/detail/reset__type_support.h\n'}
[4.261847] (isaac_ros_visual_slam_interfaces) StdoutLine: {'line': b'-- Symlinking: /home/kanye/Documents/visionaid/isaac_ws/install/isaac_ros_visual_slam_interfaces/include/isaac_ros_visual_slam_interfaces/isaac_ros_visual_slam_interfaces/srv/detail/set_slam_pose__functions.h\n'}
[4.268691] (isaac_ros_visual_slam_interfaces) StdoutLine: {'line': b'-- Symlinking: /home/kanye/Documents/visionaid/isaac_ws/install/isaac_ros_visual_slam_interfaces/include/isaac_ros_visual_slam_interfaces/isaac_ros_visual_slam_interfaces/srv/detail/set_slam_pose__struct.h\n'}
[4.277014] (isaac_ros_visual_slam_interfaces) StdoutLine: {'line': b'-- Symlinking: /home/kanye/Documents/visionaid/isaac_ws/install/isaac_ros_visual_slam_interfaces/include/isaac_ros_visual_slam_interfaces/isaac_ros_visual_slam_interfaces/srv/detail/set_slam_pose__type_support.h\n'}
[4.283034] (isaac_ros_visual_slam_interfaces) StdoutLine: {'line': b'-- Symlinking: /home/kanye/Documents/visionaid/isaac_ws/install/isaac_ros_visual_slam_interfaces/include/isaac_ros_visual_slam_interfaces/isaac_ros_visual_slam_interfaces/srv/file_path.h\n'}
[4.288662] (isaac_ros_visual_slam_interfaces) StdoutLine: {'line': b'-- Symlinking: /home/kanye/Documents/visionaid/isaac_ws/install/isaac_ros_visual_slam_interfaces/include/isaac_ros_visual_slam_interfaces/isaac_ros_visual_slam_interfaces/srv/get_all_poses.h\n'}
[4.293894] (isaac_ros_visual_slam_interfaces) StdoutLine: {'line': b'-- Symlinking: /home/kanye/Documents/visionaid/isaac_ws/install/isaac_ros_visual_slam_interfaces/include/isaac_ros_visual_slam_interfaces/isaac_ros_visual_slam_interfaces/srv/localize_in_map.h\n'}
[4.298857] (isaac_ros_visual_slam_interfaces) StdoutLine: {'line': b'-- Symlinking: /home/kanye/Documents/visionaid/isaac_ws/install/isaac_ros_visual_slam_interfaces/include/isaac_ros_visual_slam_interfaces/isaac_ros_visual_slam_interfaces/srv/reset.h\n'}
[4.305380] (isaac_ros_visual_slam_interfaces) StdoutLine: {'line': b'-- Symlinking: /home/kanye/Documents/visionaid/isaac_ws/install/isaac_ros_visual_slam_interfaces/include/isaac_ros_visual_slam_interfaces/isaac_ros_visual_slam_interfaces/srv/set_slam_pose.h\n'}
[4.306667] (-) TimerEvent: {}
[4.311303] (isaac_ros_visual_slam_interfaces) StdoutLine: {'line': b'-- Symlinking: /home/kanye/Documents/visionaid/isaac_ws/install/isaac_ros_visual_slam_interfaces/share/isaac_ros_visual_slam_interfaces/environment/library_path.sh\n'}
[4.316909] (isaac_ros_visual_slam_interfaces) StdoutLine: {'line': b'-- Symlinking: /home/kanye/Documents/visionaid/isaac_ws/install/isaac_ros_visual_slam_interfaces/share/isaac_ros_visual_slam_interfaces/environment/library_path.dsv\n'}
[4.322079] (isaac_ros_visual_slam_interfaces) StdoutLine: {'line': b'-- Symlinking: /home/kanye/Documents/visionaid/isaac_ws/install/isaac_ros_visual_slam_interfaces/include/isaac_ros_visual_slam_interfaces/isaac_ros_visual_slam_interfaces/msg/detail/visual_slam_status__rosidl_typesupport_fastrtps_c.h\n'}
[4.327311] (isaac_ros_visual_slam_interfaces) StdoutLine: {'line': b'-- Symlinking: /home/kanye/Documents/visionaid/isaac_ws/install/isaac_ros_visual_slam_interfaces/include/isaac_ros_visual_slam_interfaces/isaac_ros_visual_slam_interfaces/msg/rosidl_typesupport_fastrtps_c__visibility_control.h\n'}
[4.333097] (isaac_ros_visual_slam_interfaces) StdoutLine: {'line': b'-- Symlinking: /home/kanye/Documents/visionaid/isaac_ws/install/isaac_ros_visual_slam_interfaces/include/isaac_ros_visual_slam_interfaces/isaac_ros_visual_slam_interfaces/srv/detail/file_path__rosidl_typesupport_fastrtps_c.h\n'}
[4.338843] (isaac_ros_visual_slam_interfaces) StdoutLine: {'line': b'-- Symlinking: /home/kanye/Documents/visionaid/isaac_ws/install/isaac_ros_visual_slam_interfaces/include/isaac_ros_visual_slam_interfaces/isaac_ros_visual_slam_interfaces/srv/detail/get_all_poses__rosidl_typesupport_fastrtps_c.h\n'}
[4.343883] (isaac_ros_visual_slam_interfaces) StdoutLine: {'line': b'-- Symlinking: /home/kanye/Documents/visionaid/isaac_ws/install/isaac_ros_visual_slam_interfaces/include/isaac_ros_visual_slam_interfaces/isaac_ros_visual_slam_interfaces/srv/detail/localize_in_map__rosidl_typesupport_fastrtps_c.h\n'}
[4.350022] (isaac_ros_visual_slam_interfaces) StdoutLine: {'line': b'-- Symlinking: /home/kanye/Documents/visionaid/isaac_ws/install/isaac_ros_visual_slam_interfaces/include/isaac_ros_visual_slam_interfaces/isaac_ros_visual_slam_interfaces/srv/detail/reset__rosidl_typesupport_fastrtps_c.h\n'}
[4.356765] (isaac_ros_visual_slam_interfaces) StdoutLine: {'line': b'-- Symlinking: /home/kanye/Documents/visionaid/isaac_ws/install/isaac_ros_visual_slam_interfaces/include/isaac_ros_visual_slam_interfaces/isaac_ros_visual_slam_interfaces/srv/detail/set_slam_pose__rosidl_typesupport_fastrtps_c.h\n'}
[4.362928] (isaac_ros_visual_slam_interfaces) StdoutLine: {'line': b'-- Symlinking: /home/kanye/Documents/visionaid/isaac_ws/install/isaac_ros_visual_slam_interfaces/include/isaac_ros_visual_slam_interfaces/isaac_ros_visual_slam_interfaces/msg/detail/visual_slam_status__rosidl_typesupport_introspection_c.h\n'}
[4.368209] (isaac_ros_visual_slam_interfaces) StdoutLine: {'line': b'-- Symlinking: /home/kanye/Documents/visionaid/isaac_ws/install/isaac_ros_visual_slam_interfaces/include/isaac_ros_visual_slam_interfaces/isaac_ros_visual_slam_interfaces/msg/rosidl_typesupport_introspection_c__visibility_control.h\n'}
[4.373627] (isaac_ros_visual_slam_interfaces) StdoutLine: {'line': b'-- Symlinking: /home/kanye/Documents/visionaid/isaac_ws/install/isaac_ros_visual_slam_interfaces/include/isaac_ros_visual_slam_interfaces/isaac_ros_visual_slam_interfaces/srv/detail/file_path__rosidl_typesupport_introspection_c.h\n'}
[4.378730] (isaac_ros_visual_slam_interfaces) StdoutLine: {'line': b'-- Symlinking: /home/kanye/Documents/visionaid/isaac_ws/install/isaac_ros_visual_slam_interfaces/include/isaac_ros_visual_slam_interfaces/isaac_ros_visual_slam_interfaces/srv/detail/get_all_poses__rosidl_typesupport_introspection_c.h\n'}
[4.385759] (isaac_ros_visual_slam_interfaces) StdoutLine: {'line': b'-- Symlinking: /home/kanye/Documents/visionaid/isaac_ws/install/isaac_ros_visual_slam_interfaces/include/isaac_ros_visual_slam_interfaces/isaac_ros_visual_slam_interfaces/srv/detail/localize_in_map__rosidl_typesupport_introspection_c.h\n'}
[4.392192] (isaac_ros_visual_slam_interfaces) StdoutLine: {'line': b'-- Symlinking: /home/kanye/Documents/visionaid/isaac_ws/install/isaac_ros_visual_slam_interfaces/include/isaac_ros_visual_slam_interfaces/isaac_ros_visual_slam_interfaces/srv/detail/reset__rosidl_typesupport_introspection_c.h\n'}
[4.397766] (isaac_ros_visual_slam_interfaces) StdoutLine: {'line': b'-- Symlinking: /home/kanye/Documents/visionaid/isaac_ws/install/isaac_ros_visual_slam_interfaces/include/isaac_ros_visual_slam_interfaces/isaac_ros_visual_slam_interfaces/srv/detail/set_slam_pose__rosidl_typesupport_introspection_c.h\n'}
[4.404652] (isaac_ros_visual_slam_interfaces) StdoutLine: {'line': b'-- Symlinking: /home/kanye/Documents/visionaid/isaac_ws/install/isaac_ros_visual_slam_interfaces/include/isaac_ros_visual_slam_interfaces/isaac_ros_visual_slam_interfaces/msg/detail/visual_slam_status__builder.hpp\n'}
[4.406828] (-) TimerEvent: {}
[4.410052] (isaac_ros_visual_slam_interfaces) StdoutLine: {'line': b'-- Symlinking: /home/kanye/Documents/visionaid/isaac_ws/install/isaac_ros_visual_slam_interfaces/include/isaac_ros_visual_slam_interfaces/isaac_ros_visual_slam_interfaces/msg/detail/visual_slam_status__struct.hpp\n'}
[4.416661] (isaac_ros_visual_slam_interfaces) StdoutLine: {'line': b'-- Symlinking: /home/kanye/Documents/visionaid/isaac_ws/install/isaac_ros_visual_slam_interfaces/include/isaac_ros_visual_slam_interfaces/isaac_ros_visual_slam_interfaces/msg/detail/visual_slam_status__traits.hpp\n'}
[4.423472] (isaac_ros_visual_slam_interfaces) StdoutLine: {'line': b'-- Symlinking: /home/kanye/Documents/visionaid/isaac_ws/install/isaac_ros_visual_slam_interfaces/include/isaac_ros_visual_slam_interfaces/isaac_ros_visual_slam_interfaces/msg/detail/visual_slam_status__type_support.hpp\n'}
[4.429099] (isaac_ros_visual_slam_interfaces) StdoutLine: {'line': b'-- Symlinking: /home/kanye/Documents/visionaid/isaac_ws/install/isaac_ros_visual_slam_interfaces/include/isaac_ros_visual_slam_interfaces/isaac_ros_visual_slam_interfaces/msg/rosidl_generator_cpp__visibility_control.hpp\n'}
[4.434676] (isaac_ros_visual_slam_interfaces) StdoutLine: {'line': b'-- Symlinking: /home/kanye/Documents/visionaid/isaac_ws/install/isaac_ros_visual_slam_interfaces/include/isaac_ros_visual_slam_interfaces/isaac_ros_visual_slam_interfaces/msg/visual_slam_status.hpp\n'}
[4.441388] (isaac_ros_visual_slam_interfaces) StdoutLine: {'line': b'-- Symlinking: /home/kanye/Documents/visionaid/isaac_ws/install/isaac_ros_visual_slam_interfaces/include/isaac_ros_visual_slam_interfaces/isaac_ros_visual_slam_interfaces/srv/detail/file_path__builder.hpp\n'}
[4.447214] (isaac_ros_visual_slam_interfaces) StdoutLine: {'line': b'-- Symlinking: /home/kanye/Documents/visionaid/isaac_ws/install/isaac_ros_visual_slam_interfaces/include/isaac_ros_visual_slam_interfaces/isaac_ros_visual_slam_interfaces/srv/detail/file_path__struct.hpp\n'}
[4.452653] (isaac_ros_visual_slam_interfaces) StdoutLine: {'line': b'-- Symlinking: /home/kanye/Documents/visionaid/isaac_ws/install/isaac_ros_visual_slam_interfaces/include/isaac_ros_visual_slam_interfaces/isaac_ros_visual_slam_interfaces/srv/detail/file_path__traits.hpp\n'}
[4.459319] (isaac_ros_visual_slam_interfaces) StdoutLine: {'line': b'-- Symlinking: /home/kanye/Documents/visionaid/isaac_ws/install/isaac_ros_visual_slam_interfaces/include/isaac_ros_visual_slam_interfaces/isaac_ros_visual_slam_interfaces/srv/detail/file_path__type_support.hpp\n'}
[4.464566] (isaac_ros_visual_slam_interfaces) StdoutLine: {'line': b'-- Symlinking: /home/kanye/Documents/visionaid/isaac_ws/install/isaac_ros_visual_slam_interfaces/include/isaac_ros_visual_slam_interfaces/isaac_ros_visual_slam_interfaces/srv/detail/get_all_poses__builder.hpp\n'}
[4.470209] (isaac_ros_visual_slam_interfaces) StdoutLine: {'line': b'-- Symlinking: /home/kanye/Documents/visionaid/isaac_ws/install/isaac_ros_visual_slam_interfaces/include/isaac_ros_visual_slam_interfaces/isaac_ros_visual_slam_interfaces/srv/detail/get_all_poses__struct.hpp\n'}
[4.477629] (isaac_ros_visual_slam_interfaces) StdoutLine: {'line': b'-- Symlinking: /home/kanye/Documents/visionaid/isaac_ws/install/isaac_ros_visual_slam_interfaces/include/isaac_ros_visual_slam_interfaces/isaac_ros_visual_slam_interfaces/srv/detail/get_all_poses__traits.hpp\n'}
[4.483180] (isaac_ros_visual_slam_interfaces) StdoutLine: {'line': b'-- Symlinking: /home/kanye/Documents/visionaid/isaac_ws/install/isaac_ros_visual_slam_interfaces/include/isaac_ros_visual_slam_interfaces/isaac_ros_visual_slam_interfaces/srv/detail/get_all_poses__type_support.hpp\n'}
[4.489917] (isaac_ros_visual_slam_interfaces) StdoutLine: {'line': b'-- Symlinking: /home/kanye/Documents/visionaid/isaac_ws/install/isaac_ros_visual_slam_interfaces/include/isaac_ros_visual_slam_interfaces/isaac_ros_visual_slam_interfaces/srv/detail/localize_in_map__builder.hpp\n'}
[4.494889] (isaac_ros_visual_slam_interfaces) StdoutLine: {'line': b'-- Symlinking: /home/kanye/Documents/visionaid/isaac_ws/install/isaac_ros_visual_slam_interfaces/include/isaac_ros_visual_slam_interfaces/isaac_ros_visual_slam_interfaces/srv/detail/localize_in_map__struct.hpp\n'}
[4.500906] (isaac_ros_visual_slam_interfaces) StdoutLine: {'line': b'-- Symlinking: /home/kanye/Documents/visionaid/isaac_ws/install/isaac_ros_visual_slam_interfaces/include/isaac_ros_visual_slam_interfaces/isaac_ros_visual_slam_interfaces/srv/detail/localize_in_map__traits.hpp\n'}
[4.506347] (isaac_ros_visual_slam_interfaces) StdoutLine: {'line': b'-- Symlinking: /home/kanye/Documents/visionaid/isaac_ws/install/isaac_ros_visual_slam_interfaces/include/isaac_ros_visual_slam_interfaces/isaac_ros_visual_slam_interfaces/srv/detail/localize_in_map__type_support.hpp\n'}
[4.506868] (-) TimerEvent: {}
[4.512151] (isaac_ros_visual_slam_interfaces) StdoutLine: {'line': b'-- Symlinking: /home/kanye/Documents/visionaid/isaac_ws/install/isaac_ros_visual_slam_interfaces/include/isaac_ros_visual_slam_interfaces/isaac_ros_visual_slam_interfaces/srv/detail/reset__builder.hpp\n'}
[4.517296] (isaac_ros_visual_slam_interfaces) StdoutLine: {'line': b'-- Symlinking: /home/kanye/Documents/visionaid/isaac_ws/install/isaac_ros_visual_slam_interfaces/include/isaac_ros_visual_slam_interfaces/isaac_ros_visual_slam_interfaces/srv/detail/reset__struct.hpp\n'}
[4.522629] (isaac_ros_visual_slam_interfaces) StdoutLine: {'line': b'-- Symlinking: /home/kanye/Documents/visionaid/isaac_ws/install/isaac_ros_visual_slam_interfaces/include/isaac_ros_visual_slam_interfaces/isaac_ros_visual_slam_interfaces/srv/detail/reset__traits.hpp\n'}
[4.529638] (isaac_ros_visual_slam_interfaces) StdoutLine: {'line': b'-- Symlinking: /home/kanye/Documents/visionaid/isaac_ws/install/isaac_ros_visual_slam_interfaces/include/isaac_ros_visual_slam_interfaces/isaac_ros_visual_slam_interfaces/srv/detail/reset__type_support.hpp\n'}
[4.535665] (isaac_ros_visual_slam_interfaces) StdoutLine: {'line': b'-- Symlinking: /home/kanye/Documents/visionaid/isaac_ws/install/isaac_ros_visual_slam_interfaces/include/isaac_ros_visual_slam_interfaces/isaac_ros_visual_slam_interfaces/srv/detail/set_slam_pose__builder.hpp\n'}
[4.542055] (isaac_ros_visual_slam_interfaces) StdoutLine: {'line': b'-- Symlinking: /home/kanye/Documents/visionaid/isaac_ws/install/isaac_ros_visual_slam_interfaces/include/isaac_ros_visual_slam_interfaces/isaac_ros_visual_slam_interfaces/srv/detail/set_slam_pose__struct.hpp\n'}
[4.549108] (isaac_ros_visual_slam_interfaces) StdoutLine: {'line': b'-- Symlinking: /home/kanye/Documents/visionaid/isaac_ws/install/isaac_ros_visual_slam_interfaces/include/isaac_ros_visual_slam_interfaces/isaac_ros_visual_slam_interfaces/srv/detail/set_slam_pose__traits.hpp\n'}
[4.555954] (isaac_ros_visual_slam_interfaces) StdoutLine: {'line': b'-- Symlinking: /home/kanye/Documents/visionaid/isaac_ws/install/isaac_ros_visual_slam_interfaces/include/isaac_ros_visual_slam_interfaces/isaac_ros_visual_slam_interfaces/srv/detail/set_slam_pose__type_support.hpp\n'}
[4.561988] (isaac_ros_visual_slam_interfaces) StdoutLine: {'line': b'-- Symlinking: /home/kanye/Documents/visionaid/isaac_ws/install/isaac_ros_visual_slam_interfaces/include/isaac_ros_visual_slam_interfaces/isaac_ros_visual_slam_interfaces/srv/file_path.hpp\n'}
[4.566950] (isaac_ros_visual_slam_interfaces) StdoutLine: {'line': b'-- Symlinking: /home/kanye/Documents/visionaid/isaac_ws/install/isaac_ros_visual_slam_interfaces/include/isaac_ros_visual_slam_interfaces/isaac_ros_visual_slam_interfaces/srv/get_all_poses.hpp\n'}
[4.572186] (isaac_ros_visual_slam_interfaces) StdoutLine: {'line': b'-- Symlinking: /home/kanye/Documents/visionaid/isaac_ws/install/isaac_ros_visual_slam_interfaces/include/isaac_ros_visual_slam_interfaces/isaac_ros_visual_slam_interfaces/srv/localize_in_map.hpp\n'}
[4.578832] (isaac_ros_visual_slam_interfaces) StdoutLine: {'line': b'-- Symlinking: /home/kanye/Documents/visionaid/isaac_ws/install/isaac_ros_visual_slam_interfaces/include/isaac_ros_visual_slam_interfaces/isaac_ros_visual_slam_interfaces/srv/reset.hpp\n'}
[4.584052] (isaac_ros_visual_slam_interfaces) StdoutLine: {'line': b'-- Symlinking: /home/kanye/Documents/visionaid/isaac_ws/install/isaac_ros_visual_slam_interfaces/include/isaac_ros_visual_slam_interfaces/isaac_ros_visual_slam_interfaces/srv/set_slam_pose.hpp\n'}
[4.589744] (isaac_ros_visual_slam_interfaces) StdoutLine: {'line': b'-- Symlinking: /home/kanye/Documents/visionaid/isaac_ws/install/isaac_ros_visual_slam_interfaces/include/isaac_ros_visual_slam_interfaces/isaac_ros_visual_slam_interfaces/msg/detail/visual_slam_status__rosidl_typesupport_fastrtps_cpp.hpp\n'}
[4.595518] (isaac_ros_visual_slam_interfaces) StdoutLine: {'line': b'-- Symlinking: /home/kanye/Documents/visionaid/isaac_ws/install/isaac_ros_visual_slam_interfaces/include/isaac_ros_visual_slam_interfaces/isaac_ros_visual_slam_interfaces/msg/rosidl_typesupport_fastrtps_cpp__visibility_control.h\n'}
[4.601794] (isaac_ros_visual_slam_interfaces) StdoutLine: {'line': b'-- Symlinking: /home/kanye/Documents/visionaid/isaac_ws/install/isaac_ros_visual_slam_interfaces/include/isaac_ros_visual_slam_interfaces/isaac_ros_visual_slam_interfaces/srv/detail/file_path__rosidl_typesupport_fastrtps_cpp.hpp\n'}
[4.606945] (-) TimerEvent: {}
[4.607869] (isaac_ros_visual_slam_interfaces) StdoutLine: {'line': b'-- Symlinking: /home/kanye/Documents/visionaid/isaac_ws/install/isaac_ros_visual_slam_interfaces/include/isaac_ros_visual_slam_interfaces/isaac_ros_visual_slam_interfaces/srv/detail/get_all_poses__rosidl_typesupport_fastrtps_cpp.hpp\n'}
[4.614382] (isaac_ros_visual_slam_interfaces) StdoutLine: {'line': b'-- Symlinking: /home/kanye/Documents/visionaid/isaac_ws/install/isaac_ros_visual_slam_interfaces/include/isaac_ros_visual_slam_interfaces/isaac_ros_visual_slam_interfaces/srv/detail/localize_in_map__rosidl_typesupport_fastrtps_cpp.hpp\n'}
[4.620277] (isaac_ros_visual_slam_interfaces) StdoutLine: {'line': b'-- Symlinking: /home/kanye/Documents/visionaid/isaac_ws/install/isaac_ros_visual_slam_interfaces/include/isaac_ros_visual_slam_interfaces/isaac_ros_visual_slam_interfaces/srv/detail/reset__rosidl_typesupport_fastrtps_cpp.hpp\n'}
[4.626756] (isaac_ros_visual_slam_interfaces) StdoutLine: {'line': b'-- Symlinking: /home/kanye/Documents/visionaid/isaac_ws/install/isaac_ros_visual_slam_interfaces/include/isaac_ros_visual_slam_interfaces/isaac_ros_visual_slam_interfaces/srv/detail/set_slam_pose__rosidl_typesupport_fastrtps_cpp.hpp\n'}
[4.632516] (isaac_ros_visual_slam_interfaces) StdoutLine: {'line': b'-- Symlinking: /home/kanye/Documents/visionaid/isaac_ws/install/isaac_ros_visual_slam_interfaces/include/isaac_ros_visual_slam_interfaces/isaac_ros_visual_slam_interfaces/msg/detail/visual_slam_status__rosidl_typesupport_introspection_cpp.hpp\n'}
[4.637441] (isaac_ros_visual_slam_interfaces) StdoutLine: {'line': b'-- Symlinking: /home/kanye/Documents/visionaid/isaac_ws/install/isaac_ros_visual_slam_interfaces/include/isaac_ros_visual_slam_interfaces/isaac_ros_visual_slam_interfaces/srv/detail/file_path__rosidl_typesupport_introspection_cpp.hpp\n'}
[4.644453] (isaac_ros_visual_slam_interfaces) StdoutLine: {'line': b'-- Symlinking: /home/kanye/Documents/visionaid/isaac_ws/install/isaac_ros_visual_slam_interfaces/include/isaac_ros_visual_slam_interfaces/isaac_ros_visual_slam_interfaces/srv/detail/get_all_poses__rosidl_typesupport_introspection_cpp.hpp\n'}
[4.653210] (isaac_ros_visual_slam_interfaces) StdoutLine: {'line': b'-- Symlinking: /home/kanye/Documents/visionaid/isaac_ws/install/isaac_ros_visual_slam_interfaces/include/isaac_ros_visual_slam_interfaces/isaac_ros_visual_slam_interfaces/srv/detail/localize_in_map__rosidl_typesupport_introspection_cpp.hpp\n'}
[4.660693] (isaac_ros_visual_slam_interfaces) StdoutLine: {'line': b'-- Symlinking: /home/kanye/Documents/visionaid/isaac_ws/install/isaac_ros_visual_slam_interfaces/include/isaac_ros_visual_slam_interfaces/isaac_ros_visual_slam_interfaces/srv/detail/reset__rosidl_typesupport_introspection_cpp.hpp\n'}
[4.666958] (isaac_ros_visual_slam_interfaces) StdoutLine: {'line': b'-- Symlinking: /home/kanye/Documents/visionaid/isaac_ws/install/isaac_ros_visual_slam_interfaces/include/isaac_ros_visual_slam_interfaces/isaac_ros_visual_slam_interfaces/srv/detail/set_slam_pose__rosidl_typesupport_introspection_cpp.hpp\n'}
[4.674529] (isaac_ros_visual_slam_interfaces) StdoutLine: {'line': b'-- Symlinking: /home/kanye/Documents/visionaid/isaac_ws/install/isaac_ros_visual_slam_interfaces/share/isaac_ros_visual_slam_interfaces/environment/pythonpath.sh\n'}
[4.682612] (isaac_ros_visual_slam_interfaces) StdoutLine: {'line': b'-- Symlinking: /home/kanye/Documents/visionaid/isaac_ws/install/isaac_ros_visual_slam_interfaces/share/isaac_ros_visual_slam_interfaces/environment/pythonpath.dsv\n'}
[4.689352] (isaac_ros_visual_slam_interfaces) StdoutLine: {'line': b'-- Symlinking: /home/kanye/Documents/visionaid/isaac_ws/install/isaac_ros_visual_slam_interfaces/local/lib/python3.10/dist-packages/isaac_ros_visual_slam_interfaces-3.2.5-py3.10.egg-info/PKG-INFO\n'}
[4.694623] (isaac_ros_visual_slam_interfaces) StdoutLine: {'line': b'-- Symlinking: /home/kanye/Documents/visionaid/isaac_ws/install/isaac_ros_visual_slam_interfaces/local/lib/python3.10/dist-packages/isaac_ros_visual_slam_interfaces-3.2.5-py3.10.egg-info/SOURCES.txt\n'}
[4.700566] (isaac_ros_visual_slam_interfaces) StdoutLine: {'line': b'-- Symlinking: /home/kanye/Documents/visionaid/isaac_ws/install/isaac_ros_visual_slam_interfaces/local/lib/python3.10/dist-packages/isaac_ros_visual_slam_interfaces-3.2.5-py3.10.egg-info/dependency_links.txt\n'}
[4.706373] (isaac_ros_visual_slam_interfaces) StdoutLine: {'line': b'-- Symlinking: /home/kanye/Documents/visionaid/isaac_ws/install/isaac_ros_visual_slam_interfaces/local/lib/python3.10/dist-packages/isaac_ros_visual_slam_interfaces-3.2.5-py3.10.egg-info/top_level.txt\n'}
[4.707035] (-) TimerEvent: {}
[4.713062] (isaac_ros_visual_slam_interfaces) StdoutLine: {'line': b'-- Symlinking: /home/kanye/Documents/visionaid/isaac_ws/install/isaac_ros_visual_slam_interfaces/local/lib/python3.10/dist-packages/isaac_ros_visual_slam_interfaces/__init__.py\n'}
[4.718308] (isaac_ros_visual_slam_interfaces) StdoutLine: {'line': b'-- Symlinking: /home/kanye/Documents/visionaid/isaac_ws/install/isaac_ros_visual_slam_interfaces/local/lib/python3.10/dist-packages/isaac_ros_visual_slam_interfaces/_isaac_ros_visual_slam_interfaces_s.ep.rosidl_typesupport_c.c\n'}
[4.724349] (isaac_ros_visual_slam_interfaces) StdoutLine: {'line': b'-- Symlinking: /home/kanye/Documents/visionaid/isaac_ws/install/isaac_ros_visual_slam_interfaces/local/lib/python3.10/dist-packages/isaac_ros_visual_slam_interfaces/_isaac_ros_visual_slam_interfaces_s.ep.rosidl_typesupport_fastrtps_c.c\n'}
[4.730099] (isaac_ros_visual_slam_interfaces) StdoutLine: {'line': b'-- Symlinking: /home/kanye/Documents/visionaid/isaac_ws/install/isaac_ros_visual_slam_interfaces/local/lib/python3.10/dist-packages/isaac_ros_visual_slam_interfaces/_isaac_ros_visual_slam_interfaces_s.ep.rosidl_typesupport_introspection_c.c\n'}
[4.735271] (isaac_ros_visual_slam_interfaces) StdoutLine: {'line': b'-- Symlinking: /home/kanye/Documents/visionaid/isaac_ws/install/isaac_ros_visual_slam_interfaces/local/lib/python3.10/dist-packages/isaac_ros_visual_slam_interfaces/isaac_ros_visual_slam_interfaces_s__rosidl_typesupport_c.cpython-310-x86_64-linux-gnu.so\n'}
[4.740400] (isaac_ros_visual_slam_interfaces) StdoutLine: {'line': b'-- Symlinking: /home/kanye/Documents/visionaid/isaac_ws/install/isaac_ros_visual_slam_interfaces/local/lib/python3.10/dist-packages/isaac_ros_visual_slam_interfaces/isaac_ros_visual_slam_interfaces_s__rosidl_typesupport_fastrtps_c.cpython-310-x86_64-linux-gnu.so\n'}
[4.746134] (isaac_ros_visual_slam_interfaces) StdoutLine: {'line': b'-- Symlinking: /home/kanye/Documents/visionaid/isaac_ws/install/isaac_ros_visual_slam_interfaces/local/lib/python3.10/dist-packages/isaac_ros_visual_slam_interfaces/isaac_ros_visual_slam_interfaces_s__rosidl_typesupport_introspection_c.cpython-310-x86_64-linux-gnu.so\n'}
[4.751265] (isaac_ros_visual_slam_interfaces) StdoutLine: {'line': b'-- Symlinking: /home/kanye/Documents/visionaid/isaac_ws/install/isaac_ros_visual_slam_interfaces/local/lib/python3.10/dist-packages/isaac_ros_visual_slam_interfaces/libisaac_ros_visual_slam_interfaces__rosidl_generator_py.so\n'}
[4.756754] (isaac_ros_visual_slam_interfaces) StdoutLine: {'line': b'-- Symlinking: /home/kanye/Documents/visionaid/isaac_ws/install/isaac_ros_visual_slam_interfaces/local/lib/python3.10/dist-packages/isaac_ros_visual_slam_interfaces/msg/__init__.py\n'}
[4.763406] (isaac_ros_visual_slam_interfaces) StdoutLine: {'line': b'-- Symlinking: /home/kanye/Documents/visionaid/isaac_ws/install/isaac_ros_visual_slam_interfaces/local/lib/python3.10/dist-packages/isaac_ros_visual_slam_interfaces/msg/_visual_slam_status.py\n'}
[4.770307] (isaac_ros_visual_slam_interfaces) StdoutLine: {'line': b'-- Symlinking: /home/kanye/Documents/visionaid/isaac_ws/install/isaac_ros_visual_slam_interfaces/local/lib/python3.10/dist-packages/isaac_ros_visual_slam_interfaces/msg/_visual_slam_status_s.c\n'}
[4.776977] (isaac_ros_visual_slam_interfaces) StdoutLine: {'line': b'-- Symlinking: /home/kanye/Documents/visionaid/isaac_ws/install/isaac_ros_visual_slam_interfaces/local/lib/python3.10/dist-packages/isaac_ros_visual_slam_interfaces/srv/__init__.py\n'}
[4.782439] (isaac_ros_visual_slam_interfaces) StdoutLine: {'line': b'-- Symlinking: /home/kanye/Documents/visionaid/isaac_ws/install/isaac_ros_visual_slam_interfaces/local/lib/python3.10/dist-packages/isaac_ros_visual_slam_interfaces/srv/_file_path.py\n'}
[4.788468] (isaac_ros_visual_slam_interfaces) StdoutLine: {'line': b'-- Symlinking: /home/kanye/Documents/visionaid/isaac_ws/install/isaac_ros_visual_slam_interfaces/local/lib/python3.10/dist-packages/isaac_ros_visual_slam_interfaces/srv/_file_path_s.c\n'}
[4.793618] (isaac_ros_visual_slam_interfaces) StdoutLine: {'line': b'-- Symlinking: /home/kanye/Documents/visionaid/isaac_ws/install/isaac_ros_visual_slam_interfaces/local/lib/python3.10/dist-packages/isaac_ros_visual_slam_interfaces/srv/_get_all_poses.py\n'}
[4.799518] (isaac_ros_visual_slam_interfaces) StdoutLine: {'line': b'-- Symlinking: /home/kanye/Documents/visionaid/isaac_ws/install/isaac_ros_visual_slam_interfaces/local/lib/python3.10/dist-packages/isaac_ros_visual_slam_interfaces/srv/_get_all_poses_s.c\n'}
[4.805504] (isaac_ros_visual_slam_interfaces) StdoutLine: {'line': b'-- Symlinking: /home/kanye/Documents/visionaid/isaac_ws/install/isaac_ros_visual_slam_interfaces/local/lib/python3.10/dist-packages/isaac_ros_visual_slam_interfaces/srv/_localize_in_map.py\n'}
[4.807139] (-) TimerEvent: {}
[4.814561] (isaac_ros_visual_slam_interfaces) StdoutLine: {'line': b'-- Symlinking: /home/kanye/Documents/visionaid/isaac_ws/install/isaac_ros_visual_slam_interfaces/local/lib/python3.10/dist-packages/isaac_ros_visual_slam_interfaces/srv/_localize_in_map_s.c\n'}
[4.822045] (isaac_ros_visual_slam_interfaces) StdoutLine: {'line': b'-- Symlinking: /home/kanye/Documents/visionaid/isaac_ws/install/isaac_ros_visual_slam_interfaces/local/lib/python3.10/dist-packages/isaac_ros_visual_slam_interfaces/srv/_reset.py\n'}
[4.829147] (isaac_ros_visual_slam_interfaces) StdoutLine: {'line': b'-- Symlinking: /home/kanye/Documents/visionaid/isaac_ws/install/isaac_ros_visual_slam_interfaces/local/lib/python3.10/dist-packages/isaac_ros_visual_slam_interfaces/srv/_reset_s.c\n'}
[4.835278] (isaac_ros_visual_slam_interfaces) StdoutLine: {'line': b'-- Symlinking: /home/kanye/Documents/visionaid/isaac_ws/install/isaac_ros_visual_slam_interfaces/local/lib/python3.10/dist-packages/isaac_ros_visual_slam_interfaces/srv/_set_slam_pose.py\n'}
[4.842264] (isaac_ros_visual_slam_interfaces) StdoutLine: {'line': b'-- Symlinking: /home/kanye/Documents/visionaid/isaac_ws/install/isaac_ros_visual_slam_interfaces/local/lib/python3.10/dist-packages/isaac_ros_visual_slam_interfaces/srv/_set_slam_pose_s.c\n'}
[4.848446] (isaac_ros_visual_slam_interfaces) StdoutLine: {'line': b'-- Up-to-date symlink: /home/kanye/Documents/visionaid/isaac_ws/install/isaac_ros_visual_slam_interfaces/local/lib/python3.10/dist-packages/isaac_ros_visual_slam_interfaces/isaac_ros_visual_slam_interfaces_s__rosidl_typesupport_fastrtps_c.cpython-310-x86_64-linux-gnu.so\n'}
[4.848527] (isaac_ros_visual_slam_interfaces) StdoutLine: {'line': b'-- Up-to-date symlink: /home/kanye/Documents/visionaid/isaac_ws/install/isaac_ros_visual_slam_interfaces/local/lib/python3.10/dist-packages/isaac_ros_visual_slam_interfaces/isaac_ros_visual_slam_interfaces_s__rosidl_typesupport_introspection_c.cpython-310-x86_64-linux-gnu.so\n'}
[4.848630] (isaac_ros_visual_slam_interfaces) StdoutLine: {'line': b'-- Up-to-date symlink: /home/kanye/Documents/visionaid/isaac_ws/install/isaac_ros_visual_slam_interfaces/local/lib/python3.10/dist-packages/isaac_ros_visual_slam_interfaces/isaac_ros_visual_slam_interfaces_s__rosidl_typesupport_c.cpython-310-x86_64-linux-gnu.so\n'}
[4.848871] (isaac_ros_visual_slam_interfaces) StdoutLine: {'line': b'-- Symlinking: /home/kanye/Documents/visionaid/isaac_ws/install/isaac_ros_visual_slam_interfaces/share/isaac_ros_visual_slam_interfaces/msg/VisualSlamStatus.idl\n'}
[4.855714] (isaac_ros_visual_slam_interfaces) StdoutLine: {'line': b'-- Symlinking: /home/kanye/Documents/visionaid/isaac_ws/install/isaac_ros_visual_slam_interfaces/share/isaac_ros_visual_slam_interfaces/srv/GetAllPoses.idl\n'}
[4.862637] (isaac_ros_visual_slam_interfaces) StdoutLine: {'line': b'-- Symlinking: /home/kanye/Documents/visionaid/isaac_ws/install/isaac_ros_visual_slam_interfaces/share/isaac_ros_visual_slam_interfaces/srv/Reset.idl\n'}
[4.869812] (isaac_ros_visual_slam_interfaces) StdoutLine: {'line': b'-- Symlinking: /home/kanye/Documents/visionaid/isaac_ws/install/isaac_ros_visual_slam_interfaces/share/isaac_ros_visual_slam_interfaces/srv/SetSlamPose.idl\n'}
[4.875755] (isaac_ros_visual_slam_interfaces) StdoutLine: {'line': b'-- Symlinking: /home/kanye/Documents/visionaid/isaac_ws/install/isaac_ros_visual_slam_interfaces/share/isaac_ros_visual_slam_interfaces/srv/FilePath.idl\n'}
[4.881022] (isaac_ros_visual_slam_interfaces) StdoutLine: {'line': b'-- Symlinking: /home/kanye/Documents/visionaid/isaac_ws/install/isaac_ros_visual_slam_interfaces/share/isaac_ros_visual_slam_interfaces/srv/LocalizeInMap.idl\n'}
[4.886964] (isaac_ros_visual_slam_interfaces) StdoutLine: {'line': b'-- Symlinking: /home/kanye/Documents/visionaid/isaac_ws/install/isaac_ros_visual_slam_interfaces/share/isaac_ros_visual_slam_interfaces/msg/VisualSlamStatus.msg\n'}
[4.892027] (isaac_ros_visual_slam_interfaces) StdoutLine: {'line': b'-- Symlinking: /home/kanye/Documents/visionaid/isaac_ws/install/isaac_ros_visual_slam_interfaces/share/isaac_ros_visual_slam_interfaces/srv/GetAllPoses.srv\n'}
[4.897052] (isaac_ros_visual_slam_interfaces) StdoutLine: {'line': b'-- Symlinking: /home/kanye/Documents/visionaid/isaac_ws/install/isaac_ros_visual_slam_interfaces/share/isaac_ros_visual_slam_interfaces/srv/GetAllPoses_Request.msg\n'}
[4.902247] (isaac_ros_visual_slam_interfaces) StdoutLine: {'line': b'-- Symlinking: /home/kanye/Documents/visionaid/isaac_ws/install/isaac_ros_visual_slam_interfaces/share/isaac_ros_visual_slam_interfaces/srv/GetAllPoses_Response.msg\n'}
[4.907330] (-) TimerEvent: {}
[4.907544] (isaac_ros_visual_slam_interfaces) StdoutLine: {'line': b'-- Symlinking: /home/kanye/Documents/visionaid/isaac_ws/install/isaac_ros_visual_slam_interfaces/share/isaac_ros_visual_slam_interfaces/srv/Reset.srv\n'}
[4.914430] (isaac_ros_visual_slam_interfaces) StdoutLine: {'line': b'-- Symlinking: /home/kanye/Documents/visionaid/isaac_ws/install/isaac_ros_visual_slam_interfaces/share/isaac_ros_visual_slam_interfaces/srv/Reset_Request.msg\n'}
[4.919897] (isaac_ros_visual_slam_interfaces) StdoutLine: {'line': b'-- Symlinking: /home/kanye/Documents/visionaid/isaac_ws/install/isaac_ros_visual_slam_interfaces/share/isaac_ros_visual_slam_interfaces/srv/Reset_Response.msg\n'}
[4.926573] (isaac_ros_visual_slam_interfaces) StdoutLine: {'line': b'-- Symlinking: /home/kanye/Documents/visionaid/isaac_ws/install/isaac_ros_visual_slam_interfaces/share/isaac_ros_visual_slam_interfaces/srv/SetSlamPose.srv\n'}
[4.931776] (isaac_ros_visual_slam_interfaces) StdoutLine: {'line': b'-- Symlinking: /home/kanye/Documents/visionaid/isaac_ws/install/isaac_ros_visual_slam_interfaces/share/isaac_ros_visual_slam_interfaces/srv/SetSlamPose_Request.msg\n'}
[4.940025] (isaac_ros_visual_slam_interfaces) StdoutLine: {'line': b'-- Symlinking: /home/kanye/Documents/visionaid/isaac_ws/install/isaac_ros_visual_slam_interfaces/share/isaac_ros_visual_slam_interfaces/srv/SetSlamPose_Response.msg\n'}
[4.947551] (isaac_ros_visual_slam_interfaces) StdoutLine: {'line': b'-- Symlinking: /home/kanye/Documents/visionaid/isaac_ws/install/isaac_ros_visual_slam_interfaces/share/isaac_ros_visual_slam_interfaces/srv/FilePath.srv\n'}
[4.954717] (isaac_ros_visual_slam_interfaces) StdoutLine: {'line': b'-- Symlinking: /home/kanye/Documents/visionaid/isaac_ws/install/isaac_ros_visual_slam_interfaces/share/isaac_ros_visual_slam_interfaces/srv/FilePath_Request.msg\n'}
[4.960317] (isaac_ros_visual_slam_interfaces) StdoutLine: {'line': b'-- Symlinking: /home/kanye/Documents/visionaid/isaac_ws/install/isaac_ros_visual_slam_interfaces/share/isaac_ros_visual_slam_interfaces/srv/FilePath_Response.msg\n'}
[4.965744] (isaac_ros_visual_slam_interfaces) StdoutLine: {'line': b'-- Symlinking: /home/kanye/Documents/visionaid/isaac_ws/install/isaac_ros_visual_slam_interfaces/share/isaac_ros_visual_slam_interfaces/srv/LocalizeInMap.srv\n'}
[4.970925] (isaac_ros_visual_slam_interfaces) StdoutLine: {'line': b'-- Symlinking: /home/kanye/Documents/visionaid/isaac_ws/install/isaac_ros_visual_slam_interfaces/share/isaac_ros_visual_slam_interfaces/srv/LocalizeInMap_Request.msg\n'}
[4.975979] (isaac_ros_visual_slam_interfaces) StdoutLine: {'line': b'-- Symlinking: /home/kanye/Documents/visionaid/isaac_ws/install/isaac_ros_visual_slam_interfaces/share/isaac_ros_visual_slam_interfaces/srv/LocalizeInMap_Response.msg\n'}
[4.982342] (isaac_ros_visual_slam_interfaces) StdoutLine: {'line': b'-- Symlinking: /home/kanye/Documents/visionaid/isaac_ws/install/isaac_ros_visual_slam_interfaces/share/isaac_ros_visual_slam_interfaces/version_info.yaml\n'}
[4.988066] (isaac_ros_visual_slam_interfaces) StdoutLine: {'line': b'-- Symlinking: /home/kanye/Documents/visionaid/isaac_ws/install/isaac_ros_visual_slam_interfaces/share/ament_index/resource_index/package_run_dependencies/isaac_ros_visual_slam_interfaces\n'}
[4.993310] (isaac_ros_visual_slam_interfaces) StdoutLine: {'line': b'-- Symlinking: /home/kanye/Documents/visionaid/isaac_ws/install/isaac_ros_visual_slam_interfaces/share/ament_index/resource_index/parent_prefix_path/isaac_ros_visual_slam_interfaces\n'}
[4.998143] (isaac_ros_visual_slam_interfaces) StdoutLine: {'line': b'-- Symlinking: /home/kanye/Documents/visionaid/isaac_ws/install/isaac_ros_visual_slam_interfaces/share/isaac_ros_visual_slam_interfaces/environment/ament_prefix_path.sh\n'}
[5.003549] (isaac_ros_visual_slam_interfaces) StdoutLine: {'line': b'-- Symlinking: /home/kanye/Documents/visionaid/isaac_ws/install/isaac_ros_visual_slam_interfaces/share/isaac_ros_visual_slam_interfaces/environment/ament_prefix_path.dsv\n'}
[5.007402] (-) TimerEvent: {}
[5.010616] (isaac_ros_visual_slam_interfaces) StdoutLine: {'line': b'-- Symlinking: /home/kanye/Documents/visionaid/isaac_ws/install/isaac_ros_visual_slam_interfaces/share/isaac_ros_visual_slam_interfaces/environment/path.sh\n'}
[5.016432] (isaac_ros_visual_slam_interfaces) StdoutLine: {'line': b'-- Symlinking: /home/kanye/Documents/visionaid/isaac_ws/install/isaac_ros_visual_slam_interfaces/share/isaac_ros_visual_slam_interfaces/environment/path.dsv\n'}
[5.021634] (isaac_ros_visual_slam_interfaces) StdoutLine: {'line': b'-- Symlinking: /home/kanye/Documents/visionaid/isaac_ws/install/isaac_ros_visual_slam_interfaces/share/isaac_ros_visual_slam_interfaces/local_setup.bash\n'}
[5.028410] (isaac_ros_visual_slam_interfaces) StdoutLine: {'line': b'-- Symlinking: /home/kanye/Documents/visionaid/isaac_ws/install/isaac_ros_visual_slam_interfaces/share/isaac_ros_visual_slam_interfaces/local_setup.sh\n'}
[5.034319] (isaac_ros_visual_slam_interfaces) StdoutLine: {'line': b'-- Symlinking: /home/kanye/Documents/visionaid/isaac_ws/install/isaac_ros_visual_slam_interfaces/share/isaac_ros_visual_slam_interfaces/local_setup.zsh\n'}
[5.042251] (isaac_ros_visual_slam_interfaces) StdoutLine: {'line': b'-- Symlinking: /home/kanye/Documents/visionaid/isaac_ws/install/isaac_ros_visual_slam_interfaces/share/isaac_ros_visual_slam_interfaces/local_setup.dsv\n'}
[5.048561] (isaac_ros_visual_slam_interfaces) StdoutLine: {'line': b'-- Symlinking: /home/kanye/Documents/visionaid/isaac_ws/install/isaac_ros_visual_slam_interfaces/share/isaac_ros_visual_slam_interfaces/package.dsv\n'}
[5.054009] (isaac_ros_visual_slam_interfaces) StdoutLine: {'line': b'-- Symlinking: /home/kanye/Documents/visionaid/isaac_ws/install/isaac_ros_visual_slam_interfaces/share/ament_index/resource_index/packages/isaac_ros_visual_slam_interfaces\n'}
[5.059911] (isaac_ros_visual_slam_interfaces) StdoutLine: {'line': b'-- Symlinking: /home/kanye/Documents/visionaid/isaac_ws/install/isaac_ros_visual_slam_interfaces/share/isaac_ros_visual_slam_interfaces/cmake/rosidl_cmake-extras.cmake\n'}
[5.066112] (isaac_ros_visual_slam_interfaces) StdoutLine: {'line': b'-- Symlinking: /home/kanye/Documents/visionaid/isaac_ws/install/isaac_ros_visual_slam_interfaces/share/isaac_ros_visual_slam_interfaces/cmake/ament_cmake_export_dependencies-extras.cmake\n'}
[5.072070] (isaac_ros_visual_slam_interfaces) StdoutLine: {'line': b'-- Symlinking: /home/kanye/Documents/visionaid/isaac_ws/install/isaac_ros_visual_slam_interfaces/share/isaac_ros_visual_slam_interfaces/cmake/ament_cmake_export_include_directories-extras.cmake\n'}
[5.078734] (isaac_ros_visual_slam_interfaces) StdoutLine: {'line': b'-- Symlinking: /home/kanye/Documents/visionaid/isaac_ws/install/isaac_ros_visual_slam_interfaces/share/isaac_ros_visual_slam_interfaces/cmake/ament_cmake_export_libraries-extras.cmake\n'}
[5.085062] (isaac_ros_visual_slam_interfaces) StdoutLine: {'line': b'-- Symlinking: /home/kanye/Documents/visionaid/isaac_ws/install/isaac_ros_visual_slam_interfaces/share/isaac_ros_visual_slam_interfaces/cmake/ament_cmake_export_targets-extras.cmake\n'}
[5.092414] (isaac_ros_visual_slam_interfaces) StdoutLine: {'line': b'-- Symlinking: /home/kanye/Documents/visionaid/isaac_ws/install/isaac_ros_visual_slam_interfaces/share/isaac_ros_visual_slam_interfaces/cmake/rosidl_cmake_export_typesupport_targets-extras.cmake\n'}
[5.099011] (isaac_ros_visual_slam_interfaces) StdoutLine: {'line': b'-- Symlinking: /home/kanye/Documents/visionaid/isaac_ws/install/isaac_ros_visual_slam_interfaces/share/isaac_ros_visual_slam_interfaces/cmake/rosidl_cmake_export_typesupport_libraries-extras.cmake\n'}
[5.105196] (isaac_ros_visual_slam_interfaces) StdoutLine: {'line': b'-- Symlinking: /home/kanye/Documents/visionaid/isaac_ws/install/isaac_ros_visual_slam_interfaces/share/isaac_ros_visual_slam_interfaces/cmake/isaac_ros_visual_slam_interfacesConfig.cmake\n'}
[5.107557] (-) TimerEvent: {}
[5.110749] (isaac_ros_visual_slam_interfaces) StdoutLine: {'line': b'-- Symlinking: /home/kanye/Documents/visionaid/isaac_ws/install/isaac_ros_visual_slam_interfaces/share/isaac_ros_visual_slam_interfaces/cmake/isaac_ros_visual_slam_interfacesConfig-version.cmake\n'}
[5.115978] (isaac_ros_visual_slam_interfaces) StdoutLine: {'line': b'-- Symlinking: /home/kanye/Documents/visionaid/isaac_ws/install/isaac_ros_visual_slam_interfaces/share/isaac_ros_visual_slam_interfaces/package.xml\n'}
[5.122811] (isaac_ros_visual_slam_interfaces) StdoutLine: {'line': b'-- Installing: /home/kanye/Documents/visionaid/isaac_ws/install/isaac_ros_visual_slam_interfaces/lib/libisaac_ros_visual_slam_interfaces__rosidl_generator_c.so\n'}
[5.123014] (isaac_ros_visual_slam_interfaces) StdoutLine: {'line': b'-- Set runtime path of "/home/kanye/Documents/visionaid/isaac_ws/install/isaac_ros_visual_slam_interfaces/lib/libisaac_ros_visual_slam_interfaces__rosidl_generator_c.so" to ""\n'}
[5.123079] (isaac_ros_visual_slam_interfaces) StdoutLine: {'line': b'-- Installing: /home/kanye/Documents/visionaid/isaac_ws/install/isaac_ros_visual_slam_interfaces/lib/libisaac_ros_visual_slam_interfaces__rosidl_typesupport_fastrtps_c.so\n'}
[5.123175] (isaac_ros_visual_slam_interfaces) StdoutLine: {'line': b'-- Set runtime path of "/home/kanye/Documents/visionaid/isaac_ws/install/isaac_ros_visual_slam_interfaces/lib/libisaac_ros_visual_slam_interfaces__rosidl_typesupport_fastrtps_c.so" to ""\n'}
[5.123230] (isaac_ros_visual_slam_interfaces) StdoutLine: {'line': b'-- Installing: /home/kanye/Documents/visionaid/isaac_ws/install/isaac_ros_visual_slam_interfaces/lib/libisaac_ros_visual_slam_interfaces__rosidl_typesupport_introspection_c.so\n'}
[5.123431] (isaac_ros_visual_slam_interfaces) StdoutLine: {'line': b'-- Set runtime path of "/home/kanye/Documents/visionaid/isaac_ws/install/isaac_ros_visual_slam_interfaces/lib/libisaac_ros_visual_slam_interfaces__rosidl_typesupport_introspection_c.so" to ""\n'}
[5.123491] (isaac_ros_visual_slam_interfaces) StdoutLine: {'line': b'-- Installing: /home/kanye/Documents/visionaid/isaac_ws/install/isaac_ros_visual_slam_interfaces/lib/libisaac_ros_visual_slam_interfaces__rosidl_typesupport_c.so\n'}
[5.123640] (isaac_ros_visual_slam_interfaces) StdoutLine: {'line': b'-- Set runtime path of "/home/kanye/Documents/visionaid/isaac_ws/install/isaac_ros_visual_slam_interfaces/lib/libisaac_ros_visual_slam_interfaces__rosidl_typesupport_c.so" to ""\n'}
[5.123704] (isaac_ros_visual_slam_interfaces) StdoutLine: {'line': b'-- Installing: /home/kanye/Documents/visionaid/isaac_ws/install/isaac_ros_visual_slam_interfaces/lib/libisaac_ros_visual_slam_interfaces__rosidl_typesupport_fastrtps_cpp.so\n'}
[5.124011] (isaac_ros_visual_slam_interfaces) StdoutLine: {'line': b'-- Set runtime path of "/home/kanye/Documents/visionaid/isaac_ws/install/isaac_ros_visual_slam_interfaces/lib/libisaac_ros_visual_slam_interfaces__rosidl_typesupport_fastrtps_cpp.so" to ""\n'}
[5.124080] (isaac_ros_visual_slam_interfaces) StdoutLine: {'line': b'-- Installing: /home/kanye/Documents/visionaid/isaac_ws/install/isaac_ros_visual_slam_interfaces/lib/libisaac_ros_visual_slam_interfaces__rosidl_typesupport_introspection_cpp.so\n'}
[5.124206] (isaac_ros_visual_slam_interfaces) StdoutLine: {'line': b'-- Set runtime path of "/home/kanye/Documents/visionaid/isaac_ws/install/isaac_ros_visual_slam_interfaces/lib/libisaac_ros_visual_slam_interfaces__rosidl_typesupport_introspection_cpp.so" to ""\n'}
[5.124260] (isaac_ros_visual_slam_interfaces) StdoutLine: {'line': b'-- Installing: /home/kanye/Documents/visionaid/isaac_ws/install/isaac_ros_visual_slam_interfaces/lib/libisaac_ros_visual_slam_interfaces__rosidl_typesupport_cpp.so\n'}
[5.124326] (isaac_ros_visual_slam_interfaces) StdoutLine: {'line': b'-- Set runtime path of "/home/kanye/Documents/visionaid/isaac_ws/install/isaac_ros_visual_slam_interfaces/lib/libisaac_ros_visual_slam_interfaces__rosidl_typesupport_cpp.so" to ""\n'}
[5.152794] (isaac_ros_visual_slam_interfaces) StdoutLine: {'line': b"Listing '/home/kanye/Documents/visionaid/isaac_ws/install/isaac_ros_visual_slam_interfaces/local/lib/python3.10/dist-packages/isaac_ros_visual_slam_interfaces'...\n"}
[5.152900] (isaac_ros_visual_slam_interfaces) StdoutLine: {'line': b"Compiling '/home/kanye/Documents/visionaid/isaac_ws/install/isaac_ros_visual_slam_interfaces/local/lib/python3.10/dist-packages/isaac_ros_visual_slam_interfaces/__init__.py'...\n"}
[5.152937] (isaac_ros_visual_slam_interfaces) StdoutLine: {'line': b"Listing '/home/kanye/Documents/visionaid/isaac_ws/install/isaac_ros_visual_slam_interfaces/local/lib/python3.10/dist-packages/isaac_ros_visual_slam_interfaces/msg'...\n"}
[5.152966] (isaac_ros_visual_slam_interfaces) StdoutLine: {'line': b"Compiling '/home/kanye/Documents/visionaid/isaac_ws/install/isaac_ros_visual_slam_interfaces/local/lib/python3.10/dist-packages/isaac_ros_visual_slam_interfaces/msg/__init__.py'...\n"}
[5.152995] (isaac_ros_visual_slam_interfaces) StdoutLine: {'line': b"Compiling '/home/kanye/Documents/visionaid/isaac_ws/install/isaac_ros_visual_slam_interfaces/local/lib/python3.10/dist-packages/isaac_ros_visual_slam_interfaces/msg/_visual_slam_status.py'...\n"}
[5.153032] (isaac_ros_visual_slam_interfaces) StdoutLine: {'line': b"Listing '/home/kanye/Documents/visionaid/isaac_ws/install/isaac_ros_visual_slam_interfaces/local/lib/python3.10/dist-packages/isaac_ros_visual_slam_interfaces/srv'...\n"}
[5.153058] (isaac_ros_visual_slam_interfaces) StdoutLine: {'line': b"Compiling '/home/kanye/Documents/visionaid/isaac_ws/install/isaac_ros_visual_slam_interfaces/local/lib/python3.10/dist-packages/isaac_ros_visual_slam_interfaces/srv/__init__.py'...\n"}
[5.153087] (isaac_ros_visual_slam_interfaces) StdoutLine: {'line': b"Compiling '/home/kanye/Documents/visionaid/isaac_ws/install/isaac_ros_visual_slam_interfaces/local/lib/python3.10/dist-packages/isaac_ros_visual_slam_interfaces/srv/_file_path.py'...\n"}
[5.153113] (isaac_ros_visual_slam_interfaces) StdoutLine: {'line': b"Compiling '/home/kanye/Documents/visionaid/isaac_ws/install/isaac_ros_visual_slam_interfaces/local/lib/python3.10/dist-packages/isaac_ros_visual_slam_interfaces/srv/_get_all_poses.py'...\n"}
[5.153140] (isaac_ros_visual_slam_interfaces) StdoutLine: {'line': b"Compiling '/home/kanye/Documents/visionaid/isaac_ws/install/isaac_ros_visual_slam_interfaces/local/lib/python3.10/dist-packages/isaac_ros_visual_slam_interfaces/srv/_localize_in_map.py'...\n"}
[5.153168] (isaac_ros_visual_slam_interfaces) StdoutLine: {'line': b"Compiling '/home/kanye/Documents/visionaid/isaac_ws/install/isaac_ros_visual_slam_interfaces/local/lib/python3.10/dist-packages/isaac_ros_visual_slam_interfaces/srv/_reset.py'...\n"}
[5.153194] (isaac_ros_visual_slam_interfaces) StdoutLine: {'line': b"Compiling '/home/kanye/Documents/visionaid/isaac_ws/install/isaac_ros_visual_slam_interfaces/local/lib/python3.10/dist-packages/isaac_ros_visual_slam_interfaces/srv/_set_slam_pose.py'...\n"}
[5.155733] (isaac_ros_visual_slam_interfaces) StdoutLine: {'line': b'-- Installing: /home/kanye/Documents/visionaid/isaac_ws/install/isaac_ros_visual_slam_interfaces/lib/libisaac_ros_visual_slam_interfaces__rosidl_generator_py.so\n'}
[5.155950] (isaac_ros_visual_slam_interfaces) StdoutLine: {'line': b'-- Set runtime path of "/home/kanye/Documents/visionaid/isaac_ws/install/isaac_ros_visual_slam_interfaces/lib/libisaac_ros_visual_slam_interfaces__rosidl_generator_py.so" to ""\n'}
[5.156017] (isaac_ros_visual_slam_interfaces) StdoutLine: {'line': b'-- Installing: /home/kanye/Documents/visionaid/isaac_ws/install/isaac_ros_visual_slam_interfaces/share/isaac_ros_visual_slam_interfaces/cmake/export_isaac_ros_visual_slam_interfaces__rosidl_generator_cExport.cmake\n'}
[5.156120] (isaac_ros_visual_slam_interfaces) StdoutLine: {'line': b'-- Installing: /home/kanye/Documents/visionaid/isaac_ws/install/isaac_ros_visual_slam_interfaces/share/isaac_ros_visual_slam_interfaces/cmake/export_isaac_ros_visual_slam_interfaces__rosidl_generator_cExport-release.cmake\n'}
[5.156294] (isaac_ros_visual_slam_interfaces) StdoutLine: {'line': b'-- Installing: /home/kanye/Documents/visionaid/isaac_ws/install/isaac_ros_visual_slam_interfaces/share/isaac_ros_visual_slam_interfaces/cmake/export_isaac_ros_visual_slam_interfaces__rosidl_typesupport_fastrtps_cExport.cmake\n'}
[5.156329] (isaac_ros_visual_slam_interfaces) StdoutLine: {'line': b'-- Installing: /home/kanye/Documents/visionaid/isaac_ws/install/isaac_ros_visual_slam_interfaces/share/isaac_ros_visual_slam_interfaces/cmake/export_isaac_ros_visual_slam_interfaces__rosidl_typesupport_fastrtps_cExport-release.cmake\n'}
[5.156360] (isaac_ros_visual_slam_interfaces) StdoutLine: {'line': b'-- Installing: /home/kanye/Documents/visionaid/isaac_ws/install/isaac_ros_visual_slam_interfaces/share/isaac_ros_visual_slam_interfaces/cmake/isaac_ros_visual_slam_interfaces__rosidl_typesupport_introspection_cExport.cmake\n'}
[5.156427] (isaac_ros_visual_slam_interfaces) StdoutLine: {'line': b'-- Installing: /home/kanye/Documents/visionaid/isaac_ws/install/isaac_ros_visual_slam_interfaces/share/isaac_ros_visual_slam_interfaces/cmake/isaac_ros_visual_slam_interfaces__rosidl_typesupport_introspection_cExport-release.cmake\n'}
[5.156490] (isaac_ros_visual_slam_interfaces) StdoutLine: {'line': b'-- Installing: /home/kanye/Documents/visionaid/isaac_ws/install/isaac_ros_visual_slam_interfaces/share/isaac_ros_visual_slam_interfaces/cmake/isaac_ros_visual_slam_interfaces__rosidl_typesupport_cExport.cmake\n'}
[5.156535] (isaac_ros_visual_slam_interfaces) StdoutLine: {'line': b'-- Installing: /home/kanye/Documents/visionaid/isaac_ws/install/isaac_ros_visual_slam_interfaces/share/isaac_ros_visual_slam_interfaces/cmake/isaac_ros_visual_slam_interfaces__rosidl_typesupport_cExport-release.cmake\n'}
[5.156577] (isaac_ros_visual_slam_interfaces) StdoutLine: {'line': b'-- Installing: /home/kanye/Documents/visionaid/isaac_ws/install/isaac_ros_visual_slam_interfaces/share/isaac_ros_visual_slam_interfaces/cmake/export_isaac_ros_visual_slam_interfaces__rosidl_generator_cppExport.cmake\n'}
[5.156618] (isaac_ros_visual_slam_interfaces) StdoutLine: {'line': b'-- Installing: /home/kanye/Documents/visionaid/isaac_ws/install/isaac_ros_visual_slam_interfaces/share/isaac_ros_visual_slam_interfaces/cmake/export_isaac_ros_visual_slam_interfaces__rosidl_typesupport_fastrtps_cppExport.cmake\n'}
[5.156667] (isaac_ros_visual_slam_interfaces) StdoutLine: {'line': b'-- Installing: /home/kanye/Documents/visionaid/isaac_ws/install/isaac_ros_visual_slam_interfaces/share/isaac_ros_visual_slam_interfaces/cmake/export_isaac_ros_visual_slam_interfaces__rosidl_typesupport_fastrtps_cppExport-release.cmake\n'}
[5.156730] (isaac_ros_visual_slam_interfaces) StdoutLine: {'line': b'-- Installing: /home/kanye/Documents/visionaid/isaac_ws/install/isaac_ros_visual_slam_interfaces/share/isaac_ros_visual_slam_interfaces/cmake/isaac_ros_visual_slam_interfaces__rosidl_typesupport_introspection_cppExport.cmake\n'}
[5.156788] (isaac_ros_visual_slam_interfaces) StdoutLine: {'line': b'-- Installing: /home/kanye/Documents/visionaid/isaac_ws/install/isaac_ros_visual_slam_interfaces/share/isaac_ros_visual_slam_interfaces/cmake/isaac_ros_visual_slam_interfaces__rosidl_typesupport_introspection_cppExport-release.cmake\n'}
[5.156843] (isaac_ros_visual_slam_interfaces) StdoutLine: {'line': b'-- Installing: /home/kanye/Documents/visionaid/isaac_ws/install/isaac_ros_visual_slam_interfaces/share/isaac_ros_visual_slam_interfaces/cmake/isaac_ros_visual_slam_interfaces__rosidl_typesupport_cppExport.cmake\n'}
[5.156901] (isaac_ros_visual_slam_interfaces) StdoutLine: {'line': b'-- Installing: /home/kanye/Documents/visionaid/isaac_ws/install/isaac_ros_visual_slam_interfaces/share/isaac_ros_visual_slam_interfaces/cmake/isaac_ros_visual_slam_interfaces__rosidl_typesupport_cppExport-release.cmake\n'}
[5.156958] (isaac_ros_visual_slam_interfaces) StdoutLine: {'line': b'-- Installing: /home/kanye/Documents/visionaid/isaac_ws/install/isaac_ros_visual_slam_interfaces/share/isaac_ros_visual_slam_interfaces/cmake/export_isaac_ros_visual_slam_interfaces__rosidl_generator_pyExport.cmake\n'}
[5.157010] (isaac_ros_visual_slam_interfaces) StdoutLine: {'line': b'-- Installing: /home/kanye/Documents/visionaid/isaac_ws/install/isaac_ros_visual_slam_interfaces/share/isaac_ros_visual_slam_interfaces/cmake/export_isaac_ros_visual_slam_interfaces__rosidl_generator_pyExport-release.cmake\n'}
[5.158480] (isaac_ros_visual_slam_interfaces) CommandEnded: {'returncode': 0}
[5.169149] (isaac_ros_visual_slam_interfaces) JobEnded: {'identifier': 'isaac_ros_visual_slam_interfaces', 'rc': 0}
[5.169546] (isaac_ros_visual_slam) JobStarted: {'identifier': 'isaac_ros_visual_slam'}
[5.175540] (isaac_ros_visual_slam) JobProgress: {'identifier': 'isaac_ros_visual_slam', 'progress': 'cmake'}
[5.176038] (isaac_ros_visual_slam) Command: {'cmd': ['/usr/bin/cmake', '/home/kanye/Documents/visionaid/isaac_ws/src/isaac_ros_visual_slam/isaac_ros_visual_slam', '-DAMENT_CMAKE_SYMLINK_INSTALL=1', '-DCMAKE_INSTALL_PREFIX=/home/kanye/Documents/visionaid/isaac_ws/install/isaac_ros_visual_slam'], 'cwd': '/home/kanye/Documents/visionaid/isaac_ws/build/isaac_ros_visual_slam', 'env': OrderedDict([('LESSOPEN', '| /usr/bin/lesspipe %s'), ('USER', 'kanye'), ('LC_TIME', 'lzh_TW'), ('XDG_SESSION_TYPE', 'wayland'), ('SHLVL', '1'), ('LD_LIBRARY_PATH', '/home/kanye/Documents/visionaid/isaac_ws/install/isaac_ros_visual_slam_interfaces/lib:/opt/ros/humble/opt/rviz_ogre_vendor/lib:/opt/ros/humble/lib/x86_64-linux-gnu:/opt/ros/humble/lib'), ('HOME', '/home/kanye'), ('OLDPWD', '/home/kanye/Documents/visionaid/isaac_ws/src'), ('DESKTOP_SESSION', 'ubuntu'), ('ROS_PYTHON_VERSION', '3'), ('GNOME_SHELL_SESSION_MODE', 'ubuntu'), ('GTK_MODULES', 'gail:atk-bridge'), ('LC_MONETARY', 'lzh_TW'), ('SYSTEMD_EXEC_PID', '2259'), ('DBUS_SESSION_BUS_ADDRESS', 'unix:path=/run/user/1000/bus'), ('COLORTERM', 'truecolor'), ('IM_CONFIG_PHASE', '1'), ('WAYLAND_DISPLAY', 'wayland-0'), ('ROS_DISTRO', 'humble'), ('LOGNAME', 'kanye'), ('_', '/usr/bin/colcon'), ('ROS_VERSION', '2'), ('XDG_SESSION_CLASS', 'user'), ('USERNAME', 'kanye'), ('TERM', 'xterm-256color'), ('GNOME_DESKTOP_SESSION_ID', 'this-is-deprecated'), ('ROS_LOCALHOST_ONLY', '0'), ('PATH', '/opt/ros/humble/bin:/usr/local/sbin:/usr/local/bin:/usr/sbin:/usr/bin:/sbin:/bin:/usr/games:/usr/local/games:/snap/bin:/snap/bin'), ('SESSION_MANAGER', 'local/kanye-Ubuntu16:@/tmp/.ICE-unix/2229,unix/kanye-Ubuntu16:/tmp/.ICE-unix/2229'), ('XDG_MENU_PREFIX', 'gnome-'), ('LC_ADDRESS', 'lzh_TW'), ('GNOME_TERMINAL_SCREEN', '/org/gnome/Terminal/screen/21c8016d_e2d1_416f_86e1_47d2e95f3297'), ('GNOME_SETUP_DISPLAY', ':1'), ('XDG_RUNTIME_DIR', '/run/user/1000'), ('DISPLAY', ':0'), ('LANG', 'en_US.UTF-8'), ('XDG_CURRENT_DESKTOP', 'ubuntu:GNOME'), ('LC_TELEPHONE', 'lzh_TW'), ('XMODIFIERS', '@im=ibus'), ('XDG_SESSION_DESKTOP', 'ubuntu'), ('XAUTHORITY', '/run/user/1000/.mutter-Xwaylandauth.Q1BL82'), ('LS_COLORS', 'rs=0:di=01;34:ln=01;36:mh=00:pi=40;33:so=01;35:do=01;35:bd=40;33;01:cd=40;33;01:or=40;31;01:mi=00:su=37;41:sg=30;43:ca=30;41:tw=30;42:ow=34;42:st=37;44:ex=01;32:*.tar=01;31:*.tgz=01;31:*.arc=01;31:*.arj=01;31:*.taz=01;31:*.lha=01;31:*.lz4=01;31:*.lzh=01;31:*.lzma=01;31:*.tlz=01;31:*.txz=01;31:*.tzo=01;31:*.t7z=01;31:*.zip=01;31:*.z=01;31:*.dz=01;31:*.gz=01;31:*.lrz=01;31:*.lz=01;31:*.lzo=01;31:*.xz=01;31:*.zst=01;31:*.tzst=01;31:*.bz2=01;31:*.bz=01;31:*.tbz=01;31:*.tbz2=01;31:*.tz=01;31:*.deb=01;31:*.rpm=01;31:*.jar=01;31:*.war=01;31:*.ear=01;31:*.sar=01;31:*.rar=01;31:*.alz=01;31:*.ace=01;31:*.zoo=01;31:*.cpio=01;31:*.7z=01;31:*.rz=01;31:*.cab=01;31:*.wim=01;31:*.swm=01;31:*.dwm=01;31:*.esd=01;31:*.jpg=01;35:*.jpeg=01;35:*.mjpg=01;35:*.mjpeg=01;35:*.gif=01;35:*.bmp=01;35:*.pbm=01;35:*.pgm=01;35:*.ppm=01;35:*.tga=01;35:*.xbm=01;35:*.xpm=01;35:*.tif=01;35:*.tiff=01;35:*.png=01;35:*.svg=01;35:*.svgz=01;35:*.mng=01;35:*.pcx=01;35:*.mov=01;35:*.mpg=01;35:*.mpeg=01;35:*.m2v=01;35:*.mkv=01;35:*.webm=01;35:*.webp=01;35:*.ogm=01;35:*.mp4=01;35:*.m4v=01;35:*.mp4v=01;35:*.vob=01;35:*.qt=01;35:*.nuv=01;35:*.wmv=01;35:*.asf=01;35:*.rm=01;35:*.rmvb=01;35:*.flc=01;35:*.avi=01;35:*.fli=01;35:*.flv=01;35:*.gl=01;35:*.dl=01;35:*.xcf=01;35:*.xwd=01;35:*.yuv=01;35:*.cgm=01;35:*.emf=01;35:*.ogv=01;35:*.ogx=01;35:*.aac=00;36:*.au=00;36:*.flac=00;36:*.m4a=00;36:*.mid=00;36:*.midi=00;36:*.mka=00;36:*.mp3=00;36:*.mpc=00;36:*.ogg=00;36:*.ra=00;36:*.wav=00;36:*.oga=00;36:*.opus=00;36:*.spx=00;36:*.xspf=00;36:'), ('GNOME_TERMINAL_SERVICE', ':1.113'), ('SSH_AGENT_LAUNCHER', 'gnome-keyring'), ('SSH_AUTH_SOCK', '/run/user/1000/keyring/ssh'), ('AMENT_PREFIX_PATH', '/home/kanye/Documents/visionaid/isaac_ws/install/isaac_ros_visual_slam_interfaces:/opt/ros/humble'), ('SHELL', '/bin/bash'), ('LC_NAME', 'lzh_TW'), ('QT_ACCESSIBILITY', '1'), ('GDMSESSION', 'ubuntu'), ('LESSCLOSE', '/usr/bin/lesspipe %s %s'), ('LC_MEASUREMENT', 'lzh_TW'), ('LC_IDENTIFICATION', 'lzh_TW'), ('QT_IM_MODULE', 'ibus'), ('PWD', '/home/kanye/Documents/visionaid/isaac_ws/build/isaac_ros_visual_slam'), ('XDG_CONFIG_DIRS', '/etc/xdg/xdg-ubuntu:/etc/xdg'), ('XDG_DATA_DIRS', '/usr/share/ubuntu:/usr/local/share/:/usr/share/:/var/lib/snapd/desktop'), ('PYTHONPATH', '/home/kanye/Documents/visionaid/isaac_ws/install/isaac_ros_visual_slam_interfaces/local/lib/python3.10/dist-packages:/opt/ros/humble/lib/python3.10/site-packages:/opt/ros/humble/local/lib/python3.10/dist-packages'), ('LC_NUMERIC', 'lzh_TW'), ('LC_PAPER', 'lzh_TW'), ('COLCON', '1'), ('VTE_VERSION', '6800'), ('CMAKE_PREFIX_PATH', '/home/kanye/Documents/visionaid/isaac_ws/install/isaac_ros_visual_slam_interfaces:/opt/ros/humble')]), 'shell': False}
[5.207730] (-) TimerEvent: {}
[5.221541] (isaac_ros_visual_slam) StdoutLine: {'line': b'-- The C compiler identification is GNU 11.4.0\n'}
[5.265310] (isaac_ros_visual_slam) StdoutLine: {'line': b'-- The CXX compiler identification is GNU 11.4.0\n'}
[5.270387] (isaac_ros_visual_slam) StdoutLine: {'line': b'-- Detecting C compiler ABI info\n'}
[5.307914] (-) TimerEvent: {}
[5.319900] (isaac_ros_visual_slam) StdoutLine: {'line': b'-- Detecting C compiler ABI info - done\n'}
[5.325980] (isaac_ros_visual_slam) StdoutLine: {'line': b'-- Check for working C compiler: /usr/bin/cc - skipped\n'}
[5.326063] (isaac_ros_visual_slam) StdoutLine: {'line': b'-- Detecting C compile features\n'}
[5.326363] (isaac_ros_visual_slam) StdoutLine: {'line': b'-- Detecting C compile features - done\n'}
[5.328330] (isaac_ros_visual_slam) StdoutLine: {'line': b'-- Detecting CXX compiler ABI info\n'}
[5.387225] (isaac_ros_visual_slam) StdoutLine: {'line': b'-- Detecting CXX compiler ABI info - done\n'}
[5.392214] (isaac_ros_visual_slam) StdoutLine: {'line': b'-- Check for working CXX compiler: /usr/bin/c++ - skipped\n'}
[5.392304] (isaac_ros_visual_slam) StdoutLine: {'line': b'-- Detecting CXX compile features\n'}
[5.392578] (isaac_ros_visual_slam) StdoutLine: {'line': b'-- Detecting CXX compile features - done\n'}
[5.394970] (isaac_ros_visual_slam) StdoutLine: {'line': b'-- Architecture: x86_64\n'}
[5.408030] (-) TimerEvent: {}
[5.508246] (-) TimerEvent: {}
[5.515884] (isaac_ros_visual_slam) StdoutLine: {'line': b'-- Found Boost: /usr/lib/x86_64-linux-gnu/cmake/Boost-1.74.0/BoostConfig.cmake (found version "1.74.0") found components: thread \n'}
[5.518108] (isaac_ros_visual_slam) StdoutLine: {'line': b'-- Found ament_cmake_auto: 1.3.11 (/opt/ros/humble/share/ament_cmake_auto/cmake)\n'}
[5.608363] (-) TimerEvent: {}
[5.622679] (isaac_ros_visual_slam) StdoutLine: {'line': b'-- Found Python3: /usr/bin/python3 (found version "3.10.12") found components: Interpreter \n'}
[5.665915] (isaac_ros_visual_slam) StdoutLine: {'line': b'-- Override CMake install command with custom implementation using symlinks instead of copying resources\n'}
[5.708518] (-) TimerEvent: {}
[5.724010] (isaac_ros_visual_slam) StdoutLine: {'line': b'-- Loading isaac_ros_common extras\n'}
[5.724109] (isaac_ros_visual_slam) StdoutLine: {'line': b'-- CMAKE_BUILD_TYPE: Release\n'}
[5.737724] (isaac_ros_visual_slam) StdoutLine: {'line': b'-- Found Threads: TRUE  \n'}
[5.751298] (isaac_ros_visual_slam) StdoutLine: {'line': b'-- Found CUDA: /usr/local/cuda (found version "12.9") \n'}
[5.751699] (isaac_ros_visual_slam) StdoutLine: {'line': b'-- CUDA architectures: 89;86;80;75;70\n'}
[5.751774] (isaac_ros_visual_slam) StdoutLine: {'line': b'-- Loading isaac_ros_common extras (modules)\n'}
[5.773183] (isaac_ros_visual_slam) StdoutLine: {'line': b'-- Found rosidl_generator_c: 3.1.6 (/opt/ros/humble/share/rosidl_generator_c/cmake)\n'}
[5.775928] (isaac_ros_visual_slam) StdoutLine: {'line': b'-- Found rosidl_adapter: 3.1.6 (/opt/ros/humble/share/rosidl_adapter/cmake)\n'}
[5.780926] (isaac_ros_visual_slam) StdoutLine: {'line': b'-- Found rosidl_generator_cpp: 3.1.6 (/opt/ros/humble/share/rosidl_generator_cpp/cmake)\n'}
[5.788277] (isaac_ros_visual_slam) StdoutLine: {'line': b'-- Using all available rosidl_typesupport_c: rosidl_typesupport_fastrtps_c;rosidl_typesupport_introspection_c\n'}
[5.798000] (isaac_ros_visual_slam) StdoutLine: {'line': b'-- Using all available rosidl_typesupport_cpp: rosidl_typesupport_fastrtps_cpp;rosidl_typesupport_introspection_cpp\n'}
[5.808678] (-) TimerEvent: {}
[5.824384] (isaac_ros_visual_slam) StdoutLine: {'line': b'-- Found rmw_implementation_cmake: 6.1.2 (/opt/ros/humble/share/rmw_implementation_cmake/cmake)\n'}
[5.825924] (isaac_ros_visual_slam) StdoutLine: {'line': b'-- Found rmw_fastrtps_cpp: 6.2.7 (/opt/ros/humble/share/rmw_fastrtps_cpp/cmake)\n'}
[5.889027] (isaac_ros_visual_slam) StdoutLine: {'line': b'-- Found OpenSSL: /usr/lib/x86_64-linux-gnu/libcrypto.so (found version "3.0.2")  \n'}
[5.906523] (isaac_ros_visual_slam) StdoutLine: {'line': b'-- Found FastRTPS: /opt/ros/humble/include  \n'}
[5.908803] (-) TimerEvent: {}
[5.934920] (isaac_ros_visual_slam) StdoutLine: {'line': b"-- Using RMW implementation 'rmw_fastrtps_cpp' as default\n"}
[6.008855] (-) TimerEvent: {}
[6.016037] (isaac_ros_visual_slam) StdoutLine: {'line': b'-- Loading isaac_ros_gxf extras\n'}
[6.108895] (-) TimerEvent: {}
[6.125840] (isaac_ros_visual_slam) StdoutLine: {'line': b'-- Found eigen3_cmake_module: 0.1.1 (/opt/ros/humble/share/eigen3_cmake_module/cmake)\n'}
[6.127068] (isaac_ros_visual_slam) StdoutLine: {'line': b'-- Found Eigen3: TRUE (found version "3.4.0") \n'}
[6.127186] (isaac_ros_visual_slam) StdoutLine: {'line': b'-- Ensuring Eigen3 include directory is part of orocos-kdl CMake target\n'}
[6.208985] (-) TimerEvent: {}
[6.232545] (isaac_ros_visual_slam) StdoutLine: {'line': b'-- Found ament_lint_auto: 0.12.12 (/opt/ros/humble/share/ament_lint_auto/cmake)\n'}
[6.259542] (isaac_ros_visual_slam) StdoutLine: {'line': b'-- Found launch_testing_ament_cmake: 1.0.9 (/opt/ros/humble/share/launch_testing_ament_cmake/cmake)\n'}
[6.260725] (isaac_ros_visual_slam) StdoutLine: {'line': b'-- Found python_cmake_module: 0.10.0 (/opt/ros/humble/share/python_cmake_module/cmake)\n'}
[6.278267] (isaac_ros_visual_slam) StdoutLine: {'line': b'-- Found PythonInterp: /usr/bin/python3 (found suitable version "3.10.12", minimum required is "3.6") \n'}
[6.281526] (isaac_ros_visual_slam) StdoutLine: {'line': b'-- Found PythonLibs: /usr/lib/x86_64-linux-gnu/libpython3.10.so (found suitable version "3.10.12", minimum required is "3.5") \n'}
[6.281612] (isaac_ros_visual_slam) StdoutLine: {'line': b'-- Using PYTHON_EXECUTABLE: /usr/bin/python3\n'}
[6.281654] (isaac_ros_visual_slam) StdoutLine: {'line': b'-- Using PYTHON_INCLUDE_DIRS: /usr/include/python3.10\n'}
[6.281685] (isaac_ros_visual_slam) StdoutLine: {'line': b'-- Using PYTHON_LIBRARIES: /usr/lib/x86_64-linux-gnu/libpython3.10.so\n'}
[6.298437] (isaac_ros_visual_slam) StdoutLine: {'line': b'-- Found PythonExtra: .so  \n'}
[6.301790] (isaac_ros_visual_slam) StdoutLine: {'line': b"-- Found gtest sources under '/opt/ros/humble/src/gtest_vendor': C++ tests using 'Google Test' will be built\n"}
[6.309150] (-) TimerEvent: {}
[6.347494] (isaac_ros_visual_slam) StdoutLine: {'line': b"-- Added test 'copyright' to check source files copyright and LICENSE\n"}
[6.349125] (isaac_ros_visual_slam) StdoutLine: {'line': b"-- Added test 'cppcheck' to perform static code analysis on C / C++ code\n"}
[6.349626] (isaac_ros_visual_slam) StdoutLine: {'line': b'-- Configured cppcheck include dirs: /home/kanye/Documents/visionaid/isaac_ws/src/isaac_ros_visual_slam/isaac_ros_visual_slam/include;$<BUILD_INTERFACE:/home/kanye/Documents/visionaid/isaac_ws/src/isaac_ros_visual_slam/isaac_ros_visual_slam/include>\n'}
[6.349716] (isaac_ros_visual_slam) StdoutLine: {'line': b'-- Configured cppcheck exclude dirs and/or files: \n'}
[6.351047] (isaac_ros_visual_slam) StdoutLine: {'line': b"-- Added test 'cpplint' to check C / C++ code against the Google style\n"}
[6.351127] (isaac_ros_visual_slam) StdoutLine: {'line': b'-- Configured cpplint exclude dirs and/or files: \n'}
[6.351440] (isaac_ros_visual_slam) StdoutLine: {'line': b"-- Added test 'flake8' to check Python code syntax and style conventions\n"}
[6.352012] (isaac_ros_visual_slam) StdoutLine: {'line': b"-- Added test 'lint_cmake' to check CMake code style\n"}
[6.352317] (isaac_ros_visual_slam) StdoutLine: {'line': b"-- Added test 'pep257' to check Python code against some of the docstring style conventions in PEP 257\n"}
[6.353789] (isaac_ros_visual_slam) StdoutLine: {'line': b"-- Added test 'uncrustify' to check C / C++ code style\n"}
[6.353867] (isaac_ros_visual_slam) StdoutLine: {'line': b'-- Configured uncrustify additional arguments: \n'}
[6.354179] (isaac_ros_visual_slam) StdoutLine: {'line': b"-- Added test 'xmllint' to check XML markup files\n"}
[6.355853] (isaac_ros_visual_slam) StdoutLine: {'line': b'-- Configuring done\n'}
[6.409329] (-) TimerEvent: {}
[6.409550] (isaac_ros_visual_slam) StdoutLine: {'line': b'-- Generating done\n'}
[6.416655] (isaac_ros_visual_slam) StdoutLine: {'line': b'-- Build files have been written to: /home/kanye/Documents/visionaid/isaac_ws/build/isaac_ros_visual_slam\n'}
[6.425640] (isaac_ros_visual_slam) CommandEnded: {'returncode': 0}
[6.426247] (isaac_ros_visual_slam) JobProgress: {'identifier': 'isaac_ros_visual_slam', 'progress': 'build'}
[6.426822] (isaac_ros_visual_slam) Command: {'cmd': ['/usr/bin/cmake', '--build', '/home/kanye/Documents/visionaid/isaac_ws/build/isaac_ros_visual_slam', '--', '-j28', '-l28'], 'cwd': '/home/kanye/Documents/visionaid/isaac_ws/build/isaac_ros_visual_slam', 'env': OrderedDict([('LESSOPEN', '| /usr/bin/lesspipe %s'), ('USER', 'kanye'), ('LC_TIME', 'lzh_TW'), ('XDG_SESSION_TYPE', 'wayland'), ('SHLVL', '1'), ('LD_LIBRARY_PATH', '/home/kanye/Documents/visionaid/isaac_ws/install/isaac_ros_visual_slam_interfaces/lib:/opt/ros/humble/opt/rviz_ogre_vendor/lib:/opt/ros/humble/lib/x86_64-linux-gnu:/opt/ros/humble/lib'), ('HOME', '/home/kanye'), ('OLDPWD', '/home/kanye/Documents/visionaid/isaac_ws/src'), ('DESKTOP_SESSION', 'ubuntu'), ('ROS_PYTHON_VERSION', '3'), ('GNOME_SHELL_SESSION_MODE', 'ubuntu'), ('GTK_MODULES', 'gail:atk-bridge'), ('LC_MONETARY', 'lzh_TW'), ('SYSTEMD_EXEC_PID', '2259'), ('DBUS_SESSION_BUS_ADDRESS', 'unix:path=/run/user/1000/bus'), ('COLORTERM', 'truecolor'), ('IM_CONFIG_PHASE', '1'), ('WAYLAND_DISPLAY', 'wayland-0'), ('ROS_DISTRO', 'humble'), ('LOGNAME', 'kanye'), ('_', '/usr/bin/colcon'), ('ROS_VERSION', '2'), ('XDG_SESSION_CLASS', 'user'), ('USERNAME', 'kanye'), ('TERM', 'xterm-256color'), ('GNOME_DESKTOP_SESSION_ID', 'this-is-deprecated'), ('ROS_LOCALHOST_ONLY', '0'), ('PATH', '/opt/ros/humble/bin:/usr/local/sbin:/usr/local/bin:/usr/sbin:/usr/bin:/sbin:/bin:/usr/games:/usr/local/games:/snap/bin:/snap/bin'), ('SESSION_MANAGER', 'local/kanye-Ubuntu16:@/tmp/.ICE-unix/2229,unix/kanye-Ubuntu16:/tmp/.ICE-unix/2229'), ('XDG_MENU_PREFIX', 'gnome-'), ('LC_ADDRESS', 'lzh_TW'), ('GNOME_TERMINAL_SCREEN', '/org/gnome/Terminal/screen/21c8016d_e2d1_416f_86e1_47d2e95f3297'), ('GNOME_SETUP_DISPLAY', ':1'), ('XDG_RUNTIME_DIR', '/run/user/1000'), ('DISPLAY', ':0'), ('LANG', 'en_US.UTF-8'), ('XDG_CURRENT_DESKTOP', 'ubuntu:GNOME'), ('LC_TELEPHONE', 'lzh_TW'), ('XMODIFIERS', '@im=ibus'), ('XDG_SESSION_DESKTOP', 'ubuntu'), ('XAUTHORITY', '/run/user/1000/.mutter-Xwaylandauth.Q1BL82'), ('LS_COLORS', 'rs=0:di=01;34:ln=01;36:mh=00:pi=40;33:so=01;35:do=01;35:bd=40;33;01:cd=40;33;01:or=40;31;01:mi=00:su=37;41:sg=30;43:ca=30;41:tw=30;42:ow=34;42:st=37;44:ex=01;32:*.tar=01;31:*.tgz=01;31:*.arc=01;31:*.arj=01;31:*.taz=01;31:*.lha=01;31:*.lz4=01;31:*.lzh=01;31:*.lzma=01;31:*.tlz=01;31:*.txz=01;31:*.tzo=01;31:*.t7z=01;31:*.zip=01;31:*.z=01;31:*.dz=01;31:*.gz=01;31:*.lrz=01;31:*.lz=01;31:*.lzo=01;31:*.xz=01;31:*.zst=01;31:*.tzst=01;31:*.bz2=01;31:*.bz=01;31:*.tbz=01;31:*.tbz2=01;31:*.tz=01;31:*.deb=01;31:*.rpm=01;31:*.jar=01;31:*.war=01;31:*.ear=01;31:*.sar=01;31:*.rar=01;31:*.alz=01;31:*.ace=01;31:*.zoo=01;31:*.cpio=01;31:*.7z=01;31:*.rz=01;31:*.cab=01;31:*.wim=01;31:*.swm=01;31:*.dwm=01;31:*.esd=01;31:*.jpg=01;35:*.jpeg=01;35:*.mjpg=01;35:*.mjpeg=01;35:*.gif=01;35:*.bmp=01;35:*.pbm=01;35:*.pgm=01;35:*.ppm=01;35:*.tga=01;35:*.xbm=01;35:*.xpm=01;35:*.tif=01;35:*.tiff=01;35:*.png=01;35:*.svg=01;35:*.svgz=01;35:*.mng=01;35:*.pcx=01;35:*.mov=01;35:*.mpg=01;35:*.mpeg=01;35:*.m2v=01;35:*.mkv=01;35:*.webm=01;35:*.webp=01;35:*.ogm=01;35:*.mp4=01;35:*.m4v=01;35:*.mp4v=01;35:*.vob=01;35:*.qt=01;35:*.nuv=01;35:*.wmv=01;35:*.asf=01;35:*.rm=01;35:*.rmvb=01;35:*.flc=01;35:*.avi=01;35:*.fli=01;35:*.flv=01;35:*.gl=01;35:*.dl=01;35:*.xcf=01;35:*.xwd=01;35:*.yuv=01;35:*.cgm=01;35:*.emf=01;35:*.ogv=01;35:*.ogx=01;35:*.aac=00;36:*.au=00;36:*.flac=00;36:*.m4a=00;36:*.mid=00;36:*.midi=00;36:*.mka=00;36:*.mp3=00;36:*.mpc=00;36:*.ogg=00;36:*.ra=00;36:*.wav=00;36:*.oga=00;36:*.opus=00;36:*.spx=00;36:*.xspf=00;36:'), ('GNOME_TERMINAL_SERVICE', ':1.113'), ('SSH_AGENT_LAUNCHER', 'gnome-keyring'), ('SSH_AUTH_SOCK', '/run/user/1000/keyring/ssh'), ('AMENT_PREFIX_PATH', '/home/kanye/Documents/visionaid/isaac_ws/install/isaac_ros_visual_slam_interfaces:/opt/ros/humble'), ('SHELL', '/bin/bash'), ('LC_NAME', 'lzh_TW'), ('QT_ACCESSIBILITY', '1'), ('GDMSESSION', 'ubuntu'), ('LESSCLOSE', '/usr/bin/lesspipe %s %s'), ('LC_MEASUREMENT', 'lzh_TW'), ('LC_IDENTIFICATION', 'lzh_TW'), ('QT_IM_MODULE', 'ibus'), ('PWD', '/home/kanye/Documents/visionaid/isaac_ws/build/isaac_ros_visual_slam'), ('XDG_CONFIG_DIRS', '/etc/xdg/xdg-ubuntu:/etc/xdg'), ('XDG_DATA_DIRS', '/usr/share/ubuntu:/usr/local/share/:/usr/share/:/var/lib/snapd/desktop'), ('PYTHONPATH', '/home/kanye/Documents/visionaid/isaac_ws/install/isaac_ros_visual_slam_interfaces/local/lib/python3.10/dist-packages:/opt/ros/humble/lib/python3.10/site-packages:/opt/ros/humble/local/lib/python3.10/dist-packages'), ('LC_NUMERIC', 'lzh_TW'), ('LC_PAPER', 'lzh_TW'), ('COLCON', '1'), ('VTE_VERSION', '6800'), ('CMAKE_PREFIX_PATH', '/home/kanye/Documents/visionaid/isaac_ws/install/isaac_ros_visual_slam_interfaces:/opt/ros/humble')]), 'shell': False}
[6.466783] (isaac_ros_visual_slam) StdoutLine: {'line': b'[  5%] \x1b[32mBuilding CXX object CMakeFiles/visual_slam_node.dir/src/visual_slam_node.cpp.o\x1b[0m\n'}
[6.466931] (isaac_ros_visual_slam) StdoutLine: {'line': b'[ 11%] \x1b[32mBuilding CXX object CMakeFiles/visual_slam_node.dir/src/impl/landmarks_vis_helper.cpp.o\x1b[0m\n'}
[6.467662] (isaac_ros_visual_slam) StdoutLine: {'line': b'[ 16%] \x1b[34m\x1b[1mGenerating version information as YAML\x1b[0m\n'}
[6.467743] (isaac_ros_visual_slam) StdoutLine: {'line': b'[ 22%] \x1b[32mBuilding CXX object CMakeFiles/visual_slam_node.dir/src/impl/posegraph_vis_helper.cpp.o\x1b[0m\n'}
[6.467785] (isaac_ros_visual_slam) StdoutLine: {'line': b'[ 33%] \x1b[32mBuilding CXX object CMakeFiles/visual_slam_node.dir/src/impl/visual_slam_impl.cpp.o\x1b[0m\n'}
[6.467816] (isaac_ros_visual_slam) StdoutLine: {'line': b'[ 33%] \x1b[32mBuilding CXX object gtest/CMakeFiles/gtest_main.dir/src/gtest_main.cc.o\x1b[0m\n'}
[6.468093] (isaac_ros_visual_slam) StdoutLine: {'line': b'[ 38%] \x1b[32mBuilding CXX object gtest/CMakeFiles/gtest.dir/src/gtest-all.cc.o\x1b[0m\n'}
[6.468165] (isaac_ros_visual_slam) StdoutLine: {'line': b'[ 44%] \x1b[32mBuilding CXX object CMakeFiles/visual_slam_node.dir/src/impl/viz_helper.cpp.o\x1b[0m\n'}
[6.468368] (isaac_ros_visual_slam) StdoutLine: {'line': b'[ 50%] \x1b[32mBuilding CXX object CMakeFiles/visual_slam_node.dir/src/impl/cuvslam_ros_conversion.cpp.o\x1b[0m\n'}
[6.468966] (isaac_ros_visual_slam) StdoutLine: {'line': b'[ 55%] \x1b[32mBuilding CXX object CMakeFiles/visual_slam_node.dir/src/impl/localizer_vis_helper.cpp.o\x1b[0m\n'}
[6.469214] (isaac_ros_visual_slam) StdoutLine: {'line': b'[ 61%] \x1b[32mBuilding CXX object CMakeFiles/visual_slam_node.dir/src/impl/pose_cache.cpp.o\x1b[0m\n'}
[6.509404] (-) TimerEvent: {}
[6.533867] (isaac_ros_visual_slam) StdoutLine: {'line': b'[ 61%] Built target generate_version_info_target_isaac_ros_visual_slam\n'}
[6.609478] (-) TimerEvent: {}
[6.709706] (-) TimerEvent: {}
[6.784345] (isaac_ros_visual_slam) StderrLine: {'line': b'In file included from \x1b[01m\x1b[K/opt/ros/humble/include/isaac_ros_nitros_image_type/nitros_image.hpp:28\x1b[m\x1b[K,\n'}
[6.784515] (isaac_ros_visual_slam) StderrLine: {'line': b'                 from \x1b[01m\x1b[K/opt/ros/humble/include/isaac_ros_nitros_image_type/nitros_image_view.hpp:31\x1b[m\x1b[K,\n'}
[6.784573] (isaac_ros_visual_slam) StderrLine: {'line': b'                 from \x1b[01m\x1b[K/home/kanye/Documents/visionaid/isaac_ws/src/isaac_ros_visual_slam/isaac_ros_visual_slam/include/isaac_ros_visual_slam/impl/types.hpp:28\x1b[m\x1b[K,\n'}
[6.784623] (isaac_ros_visual_slam) StderrLine: {'line': b'                 from \x1b[01m\x1b[K/home/kanye/Documents/visionaid/isaac_ws/src/isaac_ros_visual_slam/isaac_ros_visual_slam/include/isaac_ros_visual_slam/impl/viz_helper.hpp:27\x1b[m\x1b[K,\n'}
[6.784675] (isaac_ros_visual_slam) StderrLine: {'line': b'                 from \x1b[01m\x1b[K/home/kanye/Documents/visionaid/isaac_ws/src/isaac_ros_visual_slam/isaac_ros_visual_slam/include/isaac_ros_visual_slam/impl/landmarks_vis_helper.hpp:24\x1b[m\x1b[K,\n'}
[6.784722] (isaac_ros_visual_slam) StderrLine: {'line': b'                 from \x1b[01m\x1b[K/home/kanye/Documents/visionaid/isaac_ws/src/isaac_ros_visual_slam/isaac_ros_visual_slam/src/impl/landmarks_vis_helper.cpp:24\x1b[m\x1b[K:\n'}
[6.784767] (isaac_ros_visual_slam) StderrLine: {'line': b'\x1b[01m\x1b[K/opt/ros/humble/include/isaac_ros_nitros_image_type/nitros_image_details.hpp:32:10:\x1b[m\x1b[K \x1b[01;31m\x1b[Kfatal error: \x1b[m\x1b[Kvpi/Image.h: No such file or directory\n'}
[6.784810] (isaac_ros_visual_slam) StderrLine: {'line': b'   32 | #include \x1b[01;31m\x1b[K"vpi/Image.h"\x1b[m\x1b[K\n'}
[6.784855] (isaac_ros_visual_slam) StderrLine: {'line': b'      |          \x1b[01;31m\x1b[K^~~~~~~~~~~~~\x1b[m\x1b[K\n'}
[6.784899] (isaac_ros_visual_slam) StderrLine: {'line': b'compilation terminated.\n'}
[6.786974] (isaac_ros_visual_slam) StderrLine: {'line': b'gmake[2]: *** [CMakeFiles/visual_slam_node.dir/build.make:104: CMakeFiles/visual_slam_node.dir/src/impl/landmarks_vis_helper.cpp.o] Error 1\n'}
[6.787095] (isaac_ros_visual_slam) StderrLine: {'line': b'gmake[2]: *** Waiting for unfinished jobs....\n'}
[6.790459] (isaac_ros_visual_slam) StderrLine: {'line': b'In file included from \x1b[01m\x1b[K/opt/ros/humble/include/isaac_ros_nitros_image_type/nitros_image.hpp:28\x1b[m\x1b[K,\n'}
[6.790595] (isaac_ros_visual_slam) StderrLine: {'line': b'                 from \x1b[01m\x1b[K/opt/ros/humble/include/isaac_ros_nitros_image_type/nitros_image_view.hpp:31\x1b[m\x1b[K,\n'}
[6.790661] (isaac_ros_visual_slam) StderrLine: {'line': b'                 from \x1b[01m\x1b[K/home/kanye/Documents/visionaid/isaac_ws/src/isaac_ros_visual_slam/isaac_ros_visual_slam/include/isaac_ros_visual_slam/impl/types.hpp:28\x1b[m\x1b[K,\n'}
[6.790713] (isaac_ros_visual_slam) StderrLine: {'line': b'                 from \x1b[01m\x1b[K/home/kanye/Documents/visionaid/isaac_ws/src/isaac_ros_visual_slam/isaac_ros_visual_slam/include/isaac_ros_visual_slam/impl/viz_helper.hpp:27\x1b[m\x1b[K,\n'}
[6.790759] (isaac_ros_visual_slam) StderrLine: {'line': b'                 from \x1b[01m\x1b[K/home/kanye/Documents/visionaid/isaac_ws/src/isaac_ros_visual_slam/isaac_ros_visual_slam/src/impl/viz_helper.cpp:20\x1b[m\x1b[K:\n'}
[6.790804] (isaac_ros_visual_slam) StderrLine: {'line': b'\x1b[01m\x1b[K/opt/ros/humble/include/isaac_ros_nitros_image_type/nitros_image_details.hpp:32:10:\x1b[m\x1b[K \x1b[01;31m\x1b[Kfatal error: \x1b[m\x1b[Kvpi/Image.h: No such file or directory\n'}
[6.790848] (isaac_ros_visual_slam) StderrLine: {'line': b'   32 | #include \x1b[01;31m\x1b[K"vpi/Image.h"\x1b[m\x1b[K\n'}
[6.790893] (isaac_ros_visual_slam) StderrLine: {'line': b'      |          \x1b[01;31m\x1b[K^~~~~~~~~~~~~\x1b[m\x1b[K\n'}
[6.790939] (isaac_ros_visual_slam) StderrLine: {'line': b'compilation terminated.\n'}
[6.792379] (isaac_ros_visual_slam) StderrLine: {'line': b'gmake[2]: *** [CMakeFiles/visual_slam_node.dir/build.make:174: CMakeFiles/visual_slam_node.dir/src/impl/viz_helper.cpp.o] Error 1\n'}
[6.809801] (-) TimerEvent: {}
[6.819979] (isaac_ros_visual_slam) StderrLine: {'line': b'In file included from \x1b[01m\x1b[K/opt/ros/humble/include/isaac_ros_nitros_image_type/nitros_image.hpp:28\x1b[m\x1b[K,\n'}
[6.820135] (isaac_ros_visual_slam) StderrLine: {'line': b'                 from \x1b[01m\x1b[K/opt/ros/humble/include/isaac_ros_nitros_image_type/nitros_image_view.hpp:31\x1b[m\x1b[K,\n'}
[6.820193] (isaac_ros_visual_slam) StderrLine: {'line': b'                 from \x1b[01m\x1b[K/home/kanye/Documents/visionaid/isaac_ws/src/isaac_ros_visual_slam/isaac_ros_visual_slam/include/isaac_ros_visual_slam/impl/types.hpp:28\x1b[m\x1b[K,\n'}
[6.820244] (isaac_ros_visual_slam) StderrLine: {'line': b'                 from \x1b[01m\x1b[K/home/kanye/Documents/visionaid/isaac_ws/src/isaac_ros_visual_slam/isaac_ros_visual_slam/include/isaac_ros_visual_slam/impl/cuvslam_ros_conversion.hpp:25\x1b[m\x1b[K,\n'}
[6.820302] (isaac_ros_visual_slam) StderrLine: {'line': b'                 from \x1b[01m\x1b[K/home/kanye/Documents/visionaid/isaac_ws/src/isaac_ros_visual_slam/isaac_ros_visual_slam/src/impl/posegraph_vis_helper.cpp:23\x1b[m\x1b[K:\n'}
[6.820348] (isaac_ros_visual_slam) StderrLine: {'line': b'\x1b[01m\x1b[K/opt/ros/humble/include/isaac_ros_nitros_image_type/nitros_image_details.hpp:32:10:\x1b[m\x1b[K \x1b[01;31m\x1b[Kfatal error: \x1b[m\x1b[Kvpi/Image.h: No such file or directory\n'}
[6.820396] (isaac_ros_visual_slam) StderrLine: {'line': b'   32 | #include \x1b[01;31m\x1b[K"vpi/Image.h"\x1b[m\x1b[K\n'}
[6.820442] (isaac_ros_visual_slam) StderrLine: {'line': b'      |          \x1b[01;31m\x1b[K^~~~~~~~~~~~~\x1b[m\x1b[K\n'}
[6.820486] (isaac_ros_visual_slam) StderrLine: {'line': b'compilation terminated.\n'}
[6.823181] (isaac_ros_visual_slam) StderrLine: {'line': b'gmake[2]: *** [CMakeFiles/visual_slam_node.dir/build.make:146: CMakeFiles/visual_slam_node.dir/src/impl/posegraph_vis_helper.cpp.o] Error 1\n'}
[6.840937] (isaac_ros_visual_slam) StderrLine: {'line': b'In file included from \x1b[01m\x1b[K/opt/ros/humble/include/isaac_ros_nitros_image_type/nitros_image.hpp:28\x1b[m\x1b[K,\n'}
[6.841113] (isaac_ros_visual_slam) StderrLine: {'line': b'                 from \x1b[01m\x1b[K/opt/ros/humble/include/isaac_ros_nitros_image_type/nitros_image_view.hpp:31\x1b[m\x1b[K,\n'}
[6.841173] (isaac_ros_visual_slam) StderrLine: {'line': b'                 from \x1b[01m\x1b[K/home/kanye/Documents/visionaid/isaac_ws/src/isaac_ros_visual_slam/isaac_ros_visual_slam/include/isaac_ros_visual_slam/impl/types.hpp:28\x1b[m\x1b[K,\n'}
[6.841233] (isaac_ros_visual_slam) StderrLine: {'line': b'                 from \x1b[01m\x1b[K/home/kanye/Documents/visionaid/isaac_ws/src/isaac_ros_visual_slam/isaac_ros_visual_slam/include/isaac_ros_visual_slam/visual_slam_node.hpp:26\x1b[m\x1b[K,\n'}
[6.841279] (isaac_ros_visual_slam) StderrLine: {'line': b'                 from \x1b[01m\x1b[K/home/kanye/Documents/visionaid/isaac_ws/src/isaac_ros_visual_slam/isaac_ros_visual_slam/src/visual_slam_node.cpp:27\x1b[m\x1b[K:\n'}
[6.841326] (isaac_ros_visual_slam) StderrLine: {'line': b'\x1b[01m\x1b[K/opt/ros/humble/include/isaac_ros_nitros_image_type/nitros_image_details.hpp:32:10:\x1b[m\x1b[K \x1b[01;31m\x1b[Kfatal error: \x1b[m\x1b[Kvpi/Image.h: No such file or directory\n'}
[6.841373] (isaac_ros_visual_slam) StderrLine: {'line': b'   32 | #include \x1b[01;31m\x1b[K"vpi/Image.h"\x1b[m\x1b[K\n'}
[6.841418] (isaac_ros_visual_slam) StderrLine: {'line': b'      |          \x1b[01;31m\x1b[K^~~~~~~~~~~~~\x1b[m\x1b[K\n'}
[6.841463] (isaac_ros_visual_slam) StderrLine: {'line': b'compilation terminated.\n'}
[6.843382] (isaac_ros_visual_slam) StderrLine: {'line': b'gmake[2]: *** [CMakeFiles/visual_slam_node.dir/build.make:76: CMakeFiles/visual_slam_node.dir/src/visual_slam_node.cpp.o] Error 1\n'}
[6.869206] (isaac_ros_visual_slam) StderrLine: {'line': b'In file included from \x1b[01m\x1b[K/opt/ros/humble/include/isaac_ros_nitros_image_type/nitros_image.hpp:28\x1b[m\x1b[K,\n'}
[6.869354] (isaac_ros_visual_slam) StderrLine: {'line': b'                 from \x1b[01m\x1b[K/opt/ros/humble/include/isaac_ros_nitros_image_type/nitros_image_view.hpp:31\x1b[m\x1b[K,\n'}
[6.869408] (isaac_ros_visual_slam) StderrLine: {'line': b'                 from \x1b[01m\x1b[K/home/kanye/Documents/visionaid/isaac_ws/src/isaac_ros_visual_slam/isaac_ros_visual_slam/include/isaac_ros_visual_slam/impl/types.hpp:28\x1b[m\x1b[K,\n'}
[6.869458] (isaac_ros_visual_slam) StderrLine: {'line': b'                 from \x1b[01m\x1b[K/home/kanye/Documents/visionaid/isaac_ws/src/isaac_ros_visual_slam/isaac_ros_visual_slam/include/isaac_ros_visual_slam/impl/cuvslam_ros_conversion.hpp:25\x1b[m\x1b[K,\n'}
[6.869506] (isaac_ros_visual_slam) StderrLine: {'line': b'                 from \x1b[01m\x1b[K/home/kanye/Documents/visionaid/isaac_ws/src/isaac_ros_visual_slam/isaac_ros_visual_slam/src/impl/localizer_vis_helper.cpp:22\x1b[m\x1b[K:\n'}
[6.869552] (isaac_ros_visual_slam) StderrLine: {'line': b'\x1b[01m\x1b[K/opt/ros/humble/include/isaac_ros_nitros_image_type/nitros_image_details.hpp:32:10:\x1b[m\x1b[K \x1b[01;31m\x1b[Kfatal error: \x1b[m\x1b[Kvpi/Image.h: No such file or directory\n'}
[6.869597] (isaac_ros_visual_slam) StderrLine: {'line': b'   32 | #include \x1b[01;31m\x1b[K"vpi/Image.h"\x1b[m\x1b[K\n'}
[6.869643] (isaac_ros_visual_slam) StderrLine: {'line': b'      |          \x1b[01;31m\x1b[K^~~~~~~~~~~~~\x1b[m\x1b[K\n'}
[6.869700] (isaac_ros_visual_slam) StderrLine: {'line': b'compilation terminated.\n'}
[6.871935] (isaac_ros_visual_slam) StderrLine: {'line': b'gmake[2]: *** [CMakeFiles/visual_slam_node.dir/build.make:118: CMakeFiles/visual_slam_node.dir/src/impl/localizer_vis_helper.cpp.o] Error 1\n'}
[6.880930] (isaac_ros_visual_slam) StderrLine: {'line': b'In file included from \x1b[01m\x1b[K/opt/ros/humble/include/isaac_ros_nitros_image_type/nitros_image.hpp:28\x1b[m\x1b[K,\n'}
[6.881054] (isaac_ros_visual_slam) StderrLine: {'line': b'                 from \x1b[01m\x1b[K/opt/ros/humble/include/isaac_ros_nitros_image_type/nitros_image_view.hpp:31\x1b[m\x1b[K,\n'}
[6.881105] (isaac_ros_visual_slam) StderrLine: {'line': b'                 from \x1b[01m\x1b[K/home/kanye/Documents/visionaid/isaac_ws/src/isaac_ros_visual_slam/isaac_ros_visual_slam/include/isaac_ros_visual_slam/impl/types.hpp:28\x1b[m\x1b[K,\n'}
[6.881152] (isaac_ros_visual_slam) StderrLine: {'line': b'                 from \x1b[01m\x1b[K/home/kanye/Documents/visionaid/isaac_ws/src/isaac_ros_visual_slam/isaac_ros_visual_slam/include/isaac_ros_visual_slam/impl/cuvslam_ros_conversion.hpp:25\x1b[m\x1b[K,\n'}
[6.881197] (isaac_ros_visual_slam) StderrLine: {'line': b'                 from \x1b[01m\x1b[K/home/kanye/Documents/visionaid/isaac_ws/src/isaac_ros_visual_slam/isaac_ros_visual_slam/src/impl/visual_slam_impl.cpp:27\x1b[m\x1b[K:\n'}
[6.881249] (isaac_ros_visual_slam) StderrLine: {'line': b'\x1b[01m\x1b[K/opt/ros/humble/include/isaac_ros_nitros_image_type/nitros_image_details.hpp:32:10:\x1b[m\x1b[K \x1b[01;31m\x1b[Kfatal error: \x1b[m\x1b[Kvpi/Image.h: No such file or directory\n'}
[6.881293] (isaac_ros_visual_slam) StderrLine: {'line': b'   32 | #include \x1b[01;31m\x1b[K"vpi/Image.h"\x1b[m\x1b[K\n'}
[6.881337] (isaac_ros_visual_slam) StderrLine: {'line': b'      |          \x1b[01;31m\x1b[K^~~~~~~~~~~~~\x1b[m\x1b[K\n'}
[6.881383] (isaac_ros_visual_slam) StderrLine: {'line': b'compilation terminated.\n'}
[6.882492] (isaac_ros_visual_slam) StderrLine: {'line': b'In file included from \x1b[01m\x1b[K/opt/ros/humble/include/isaac_ros_nitros_image_type/nitros_image.hpp:28\x1b[m\x1b[K,\n'}
[6.882602] (isaac_ros_visual_slam) StderrLine: {'line': b'                 from \x1b[01m\x1b[K/opt/ros/humble/include/isaac_ros_nitros_image_type/nitros_image_view.hpp:31\x1b[m\x1b[K,\n'}
[6.882654] (isaac_ros_visual_slam) StderrLine: {'line': b'                 from \x1b[01m\x1b[K/home/kanye/Documents/visionaid/isaac_ws/src/isaac_ros_visual_slam/isaac_ros_visual_slam/include/isaac_ros_visual_slam/impl/types.hpp:28\x1b[m\x1b[K,\n'}
[6.882700] (isaac_ros_visual_slam) StderrLine: {'line': b'                 from \x1b[01m\x1b[K/home/kanye/Documents/visionaid/isaac_ws/src/isaac_ros_visual_slam/isaac_ros_visual_slam/include/isaac_ros_visual_slam/impl/cuvslam_ros_conversion.hpp:25\x1b[m\x1b[K,\n'}
[6.882747] (isaac_ros_visual_slam) StderrLine: {'line': b'                 from \x1b[01m\x1b[K/home/kanye/Documents/visionaid/isaac_ws/src/isaac_ros_visual_slam/isaac_ros_visual_slam/src/impl/cuvslam_ros_conversion.cpp:19\x1b[m\x1b[K:\n'}
[6.882788] (isaac_ros_visual_slam) StderrLine: {'line': b'\x1b[01m\x1b[K/opt/ros/humble/include/isaac_ros_nitros_image_type/nitros_image_details.hpp:32:10:\x1b[m\x1b[K \x1b[01;31m\x1b[Kfatal error: \x1b[m\x1b[Kvpi/Image.h: No such file or directory\n'}
[6.882827] (isaac_ros_visual_slam) StderrLine: {'line': b'   32 | #include \x1b[01;31m\x1b[K"vpi/Image.h"\x1b[m\x1b[K\n'}
[6.882864] (isaac_ros_visual_slam) StderrLine: {'line': b'      |          \x1b[01;31m\x1b[K^~~~~~~~~~~~~\x1b[m\x1b[K\n'}
[6.882901] (isaac_ros_visual_slam) StderrLine: {'line': b'compilation terminated.\n'}
[6.883830] (isaac_ros_visual_slam) StderrLine: {'line': b'gmake[2]: *** [CMakeFiles/visual_slam_node.dir/build.make:160: CMakeFiles/visual_slam_node.dir/src/impl/visual_slam_impl.cpp.o] Error 1\n'}
[6.885621] (isaac_ros_visual_slam) StderrLine: {'line': b'gmake[2]: *** [CMakeFiles/visual_slam_node.dir/build.make:90: CMakeFiles/visual_slam_node.dir/src/impl/cuvslam_ros_conversion.cpp.o] Error 1\n'}
[6.885935] (isaac_ros_visual_slam) StderrLine: {'line': b'gmake[1]: *** [CMakeFiles/Makefile2:161: CMakeFiles/visual_slam_node.dir/all] Error 2\n'}
[6.886008] (isaac_ros_visual_slam) StderrLine: {'line': b'gmake[1]: *** Waiting for unfinished jobs....\n'}
[6.909973] (-) TimerEvent: {}
[7.010207] (-) TimerEvent: {}
[7.036822] (isaac_ros_visual_slam) StdoutLine: {'line': b'[ 66%] \x1b[32m\x1b[1mLinking CXX static library libgtest_main.a\x1b[0m\n'}
[7.062807] (isaac_ros_visual_slam) StdoutLine: {'line': b'[ 66%] Built target gtest_main\n'}
[7.110282] (-) TimerEvent: {}
[7.210564] (-) TimerEvent: {}
[7.310868] (-) TimerEvent: {}
[7.411134] (-) TimerEvent: {}
[7.511391] (-) TimerEvent: {}
[7.611662] (-) TimerEvent: {}
[7.711929] (-) TimerEvent: {}
[7.812207] (-) TimerEvent: {}
[7.912483] (-) TimerEvent: {}
[8.012731] (-) TimerEvent: {}
[8.112992] (-) TimerEvent: {}
[8.213245] (-) TimerEvent: {}
[8.313535] (-) TimerEvent: {}
[8.413803] (-) TimerEvent: {}
[8.514050] (-) TimerEvent: {}
[8.614217] (-) TimerEvent: {}
[8.714458] (-) TimerEvent: {}
[8.814623] (-) TimerEvent: {}
[8.914901] (-) TimerEvent: {}
[9.015144] (-) TimerEvent: {}
[9.115395] (-) TimerEvent: {}
[9.215682] (-) TimerEvent: {}
[9.315960] (-) TimerEvent: {}
[9.416227] (-) TimerEvent: {}
[9.516519] (-) TimerEvent: {}
[9.616776] (-) TimerEvent: {}
[9.716983] (-) TimerEvent: {}
[9.817233] (-) TimerEvent: {}
[9.917486] (-) TimerEvent: {}
[10.017739] (-) TimerEvent: {}
[10.118004] (-) TimerEvent: {}
[10.218300] (-) TimerEvent: {}
[10.318607] (-) TimerEvent: {}
[10.418813] (-) TimerEvent: {}
[10.519038] (-) TimerEvent: {}
[10.619297] (-) TimerEvent: {}
[10.719557] (-) TimerEvent: {}
[10.819894] (-) TimerEvent: {}
[10.920137] (-) TimerEvent: {}
[11.020421] (-) TimerEvent: {}
[11.120691] (-) TimerEvent: {}
[11.220937] (-) TimerEvent: {}
[11.293135] (isaac_ros_visual_slam) StdoutLine: {'line': b'[ 72%] \x1b[32m\x1b[1mLinking CXX static library libgtest.a\x1b[0m\n'}
[11.321088] (-) TimerEvent: {}
[11.329465] (isaac_ros_visual_slam) StdoutLine: {'line': b'[ 72%] Built target gtest\n'}
[11.330926] (isaac_ros_visual_slam) StderrLine: {'line': b'gmake: *** [Makefile:146: all] Error 2\n'}
[11.334027] (isaac_ros_visual_slam) CommandEnded: {'returncode': 2}
[11.339308] (isaac_ros_visual_slam) JobEnded: {'identifier': 'isaac_ros_visual_slam', 'rc': 2}
[11.350047] (-) EventReactorShutdown: {}
