[0.077s] DEBUG:colcon:Command line arguments: ['/usr/bin/colcon', 'build']
[0.077s] DEBUG:colcon:Parsed command line arguments: Namespace(log_base=None, log_level=None, verb_name='build', build_base='build', install_base='install', merge_install=False, symlink_install=False, test_result_base=None, continue_on_error=False, executor='parallel', parallel_workers=28, event_handlers=None, ignore_user_meta=False, metas=['./colcon.meta'], base_paths=['.'], packages_ignore=None, packages_ignore_regex=None, paths=None, packages_up_to=None, packages_up_to_regex=None, packages_above=None, packages_above_and_dependencies=None, packages_above_depth=None, packages_select_by_dep=None, packages_skip_by_dep=None, packages_skip_up_to=None, packages_select_build_failed=False, packages_skip_build_finished=False, packages_select_test_failures=False, packages_skip_test_passed=False, packages_select=None, packages_skip=None, packages_select_regex=None, packages_skip_regex=None, packages_start=None, packages_end=None, allow_overriding=[], cmake_args=None, cmake_target=None, cmake_target_skip_unavailable=False, cmake_clean_cache=False, cmake_clean_first=False, cmake_force_configure=False, ament_cmake_args=None, catkin_cmake_args=None, catkin_skip_building_tests=False, verb_parser=<colcon_defaults.argument_parser.defaults.DefaultArgumentsDecorator object at 0x7677571614e0>, verb_extension=<colcon_core.verb.build.BuildVerb object at 0x76775727ef50>, main=<bound method BuildVerb.main of <colcon_core.verb.build.BuildVerb object at 0x76775727ef50>>)
[0.258s] Level 1:colcon.colcon_core.package_discovery:discover_packages(colcon_meta) check parameters
[0.258s] Level 1:colcon.colcon_core.package_discovery:discover_packages(recursive) check parameters
[0.258s] Level 1:colcon.colcon_core.package_discovery:discover_packages(ignore) check parameters
[0.258s] Level 1:colcon.colcon_core.package_discovery:discover_packages(path) check parameters
[0.258s] Level 1:colcon.colcon_core.package_discovery:discover_packages(colcon_meta) discover
[0.258s] Level 1:colcon.colcon_core.package_discovery:discover_packages(recursive) discover
[0.258s] INFO:colcon.colcon_core.package_discovery:Crawling recursively for packages in '/home/kanye/Documents/visionaid'
[0.258s] Level 1:colcon.colcon_core.package_identification:_identify(.) by extensions ['ignore', 'ignore_ament_install']
[0.258s] Level 1:colcon.colcon_core.package_identification:_identify(.) by extension 'ignore'
[0.258s] Level 1:colcon.colcon_core.package_identification:_identify(.) by extension 'ignore_ament_install'
[0.258s] Level 1:colcon.colcon_core.package_identification:_identify(.) by extensions ['colcon_pkg']
[0.258s] Level 1:colcon.colcon_core.package_identification:_identify(.) by extension 'colcon_pkg'
[0.258s] Level 1:colcon.colcon_core.package_identification:_identify(.) by extensions ['colcon_meta']
[0.258s] Level 1:colcon.colcon_core.package_identification:_identify(.) by extension 'colcon_meta'
[0.258s] Level 1:colcon.colcon_core.package_identification:_identify(.) by extensions ['ros']
[0.258s] Level 1:colcon.colcon_core.package_identification:_identify(.) by extension 'ros'
[0.276s] Level 1:colcon.colcon_core.package_identification:_identify(.) by extensions ['cmake', 'python']
[0.276s] Level 1:colcon.colcon_core.package_identification:_identify(.) by extension 'cmake'
[0.276s] Level 1:colcon.colcon_core.package_identification:_identify(.) by extension 'python'
[0.276s] Level 1:colcon.colcon_core.package_identification:_identify(.) by extensions ['python_setup_py']
[0.276s] Level 1:colcon.colcon_core.package_identification:_identify(.) by extension 'python_setup_py'
[0.276s] Level 1:colcon.colcon_core.package_identification:_identify(build) by extensions ['ignore', 'ignore_ament_install']
[0.276s] Level 1:colcon.colcon_core.package_identification:_identify(build) by extension 'ignore'
[0.276s] Level 1:colcon.colcon_core.package_identification:_identify(build) ignored
[0.276s] Level 1:colcon.colcon_core.package_identification:_identify(calibration) by extensions ['ignore', 'ignore_ament_install']
[0.276s] Level 1:colcon.colcon_core.package_identification:_identify(calibration) by extension 'ignore'
[0.276s] Level 1:colcon.colcon_core.package_identification:_identify(calibration) by extension 'ignore_ament_install'
[0.276s] Level 1:colcon.colcon_core.package_identification:_identify(calibration) by extensions ['colcon_pkg']
[0.276s] Level 1:colcon.colcon_core.package_identification:_identify(calibration) by extension 'colcon_pkg'
[0.276s] Level 1:colcon.colcon_core.package_identification:_identify(calibration) by extensions ['colcon_meta']
[0.276s] Level 1:colcon.colcon_core.package_identification:_identify(calibration) by extension 'colcon_meta'
[0.276s] Level 1:colcon.colcon_core.package_identification:_identify(calibration) by extensions ['ros']
[0.276s] Level 1:colcon.colcon_core.package_identification:_identify(calibration) by extension 'ros'
[0.276s] Level 1:colcon.colcon_core.package_identification:_identify(calibration) by extensions ['cmake', 'python']
[0.276s] Level 1:colcon.colcon_core.package_identification:_identify(calibration) by extension 'cmake'
[0.276s] Level 1:colcon.colcon_core.package_identification:_identify(calibration) by extension 'python'
[0.276s] Level 1:colcon.colcon_core.package_identification:_identify(calibration) by extensions ['python_setup_py']
[0.276s] Level 1:colcon.colcon_core.package_identification:_identify(calibration) by extension 'python_setup_py'
[0.276s] Level 1:colcon.colcon_core.package_identification:_identify(calibration/camera) by extensions ['ignore', 'ignore_ament_install']
[0.276s] Level 1:colcon.colcon_core.package_identification:_identify(calibration/camera) by extension 'ignore'
[0.276s] Level 1:colcon.colcon_core.package_identification:_identify(calibration/camera) by extension 'ignore_ament_install'
[0.276s] Level 1:colcon.colcon_core.package_identification:_identify(calibration/camera) by extensions ['colcon_pkg']
[0.276s] Level 1:colcon.colcon_core.package_identification:_identify(calibration/camera) by extension 'colcon_pkg'
[0.276s] Level 1:colcon.colcon_core.package_identification:_identify(calibration/camera) by extensions ['colcon_meta']
[0.276s] Level 1:colcon.colcon_core.package_identification:_identify(calibration/camera) by extension 'colcon_meta'
[0.277s] Level 1:colcon.colcon_core.package_identification:_identify(calibration/camera) by extensions ['ros']
[0.277s] Level 1:colcon.colcon_core.package_identification:_identify(calibration/camera) by extension 'ros'
[0.277s] Level 1:colcon.colcon_core.package_identification:_identify(calibration/camera) by extensions ['cmake', 'python']
[0.277s] Level 1:colcon.colcon_core.package_identification:_identify(calibration/camera) by extension 'cmake'
[0.277s] Level 1:colcon.colcon_core.package_identification:_identify(calibration/camera) by extension 'python'
[0.277s] Level 1:colcon.colcon_core.package_identification:_identify(calibration/camera) by extensions ['python_setup_py']
[0.277s] Level 1:colcon.colcon_core.package_identification:_identify(calibration/camera) by extension 'python_setup_py'
[0.277s] Level 1:colcon.colcon_core.package_identification:_identify(calibration/camera/allan_variance_ros) by extensions ['ignore', 'ignore_ament_install']
[0.277s] Level 1:colcon.colcon_core.package_identification:_identify(calibration/camera/allan_variance_ros) by extension 'ignore'
[0.277s] Level 1:colcon.colcon_core.package_identification:_identify(calibration/camera/allan_variance_ros) by extension 'ignore_ament_install'
[0.277s] Level 1:colcon.colcon_core.package_identification:_identify(calibration/camera/allan_variance_ros) by extensions ['colcon_pkg']
[0.277s] Level 1:colcon.colcon_core.package_identification:_identify(calibration/camera/allan_variance_ros) by extension 'colcon_pkg'
[0.277s] Level 1:colcon.colcon_core.package_identification:_identify(calibration/camera/allan_variance_ros) by extensions ['colcon_meta']
[0.277s] Level 1:colcon.colcon_core.package_identification:_identify(calibration/camera/allan_variance_ros) by extension 'colcon_meta'
[0.277s] Level 1:colcon.colcon_core.package_identification:_identify(calibration/camera/allan_variance_ros) by extensions ['ros']
[0.277s] Level 1:colcon.colcon_core.package_identification:_identify(calibration/camera/allan_variance_ros) by extension 'ros'
[0.279s] DEBUG:colcon.colcon_core.package_identification:Package 'calibration/camera/allan_variance_ros' with type 'ros.catkin' and name 'allan_variance_ros'
[0.279s] Level 1:colcon.colcon_core.package_identification:_identify(calibration/camera/data) by extensions ['ignore', 'ignore_ament_install']
[0.279s] Level 1:colcon.colcon_core.package_identification:_identify(calibration/camera/data) by extension 'ignore'
[0.279s] Level 1:colcon.colcon_core.package_identification:_identify(calibration/camera/data) by extension 'ignore_ament_install'
[0.280s] Level 1:colcon.colcon_core.package_identification:_identify(calibration/camera/data) by extensions ['colcon_pkg']
[0.280s] Level 1:colcon.colcon_core.package_identification:_identify(calibration/camera/data) by extension 'colcon_pkg'
[0.280s] Level 1:colcon.colcon_core.package_identification:_identify(calibration/camera/data) by extensions ['colcon_meta']
[0.280s] Level 1:colcon.colcon_core.package_identification:_identify(calibration/camera/data) by extension 'colcon_meta'
[0.280s] Level 1:colcon.colcon_core.package_identification:_identify(calibration/camera/data) by extensions ['ros']
[0.280s] Level 1:colcon.colcon_core.package_identification:_identify(calibration/camera/data) by extension 'ros'
[0.280s] Level 1:colcon.colcon_core.package_identification:_identify(calibration/camera/data) by extensions ['cmake', 'python']
[0.280s] Level 1:colcon.colcon_core.package_identification:_identify(calibration/camera/data) by extension 'cmake'
[0.280s] Level 1:colcon.colcon_core.package_identification:_identify(calibration/camera/data) by extension 'python'
[0.280s] Level 1:colcon.colcon_core.package_identification:_identify(calibration/camera/data) by extensions ['python_setup_py']
[0.280s] Level 1:colcon.colcon_core.package_identification:_identify(calibration/camera/data) by extension 'python_setup_py'
[0.280s] Level 1:colcon.colcon_core.package_identification:_identify(calibration/camera/data/camera_intr_1) by extensions ['ignore', 'ignore_ament_install']
[0.280s] Level 1:colcon.colcon_core.package_identification:_identify(calibration/camera/data/camera_intr_1) by extension 'ignore'
[0.280s] Level 1:colcon.colcon_core.package_identification:_identify(calibration/camera/data/camera_intr_1) by extension 'ignore_ament_install'
[0.280s] Level 1:colcon.colcon_core.package_identification:_identify(calibration/camera/data/camera_intr_1) by extensions ['colcon_pkg']
[0.280s] Level 1:colcon.colcon_core.package_identification:_identify(calibration/camera/data/camera_intr_1) by extension 'colcon_pkg'
[0.280s] Level 1:colcon.colcon_core.package_identification:_identify(calibration/camera/data/camera_intr_1) by extensions ['colcon_meta']
[0.280s] Level 1:colcon.colcon_core.package_identification:_identify(calibration/camera/data/camera_intr_1) by extension 'colcon_meta'
[0.280s] Level 1:colcon.colcon_core.package_identification:_identify(calibration/camera/data/camera_intr_1) by extensions ['ros']
[0.280s] Level 1:colcon.colcon_core.package_identification:_identify(calibration/camera/data/camera_intr_1) by extension 'ros'
[0.280s] Level 1:colcon.colcon_core.package_identification:_identify(calibration/camera/data/camera_intr_1) by extensions ['cmake', 'python']
[0.280s] Level 1:colcon.colcon_core.package_identification:_identify(calibration/camera/data/camera_intr_1) by extension 'cmake'
[0.280s] Level 1:colcon.colcon_core.package_identification:_identify(calibration/camera/data/camera_intr_1) by extension 'python'
[0.280s] Level 1:colcon.colcon_core.package_identification:_identify(calibration/camera/data/camera_intr_1) by extensions ['python_setup_py']
[0.280s] Level 1:colcon.colcon_core.package_identification:_identify(calibration/camera/data/camera_intr_1) by extension 'python_setup_py'
[0.280s] Level 1:colcon.colcon_core.package_identification:_identify(calibration/camera/data/camera_intr_2) by extensions ['ignore', 'ignore_ament_install']
[0.280s] Level 1:colcon.colcon_core.package_identification:_identify(calibration/camera/data/camera_intr_2) by extension 'ignore'
[0.280s] Level 1:colcon.colcon_core.package_identification:_identify(calibration/camera/data/camera_intr_2) by extension 'ignore_ament_install'
[0.280s] Level 1:colcon.colcon_core.package_identification:_identify(calibration/camera/data/camera_intr_2) by extensions ['colcon_pkg']
[0.280s] Level 1:colcon.colcon_core.package_identification:_identify(calibration/camera/data/camera_intr_2) by extension 'colcon_pkg'
[0.280s] Level 1:colcon.colcon_core.package_identification:_identify(calibration/camera/data/camera_intr_2) by extensions ['colcon_meta']
[0.280s] Level 1:colcon.colcon_core.package_identification:_identify(calibration/camera/data/camera_intr_2) by extension 'colcon_meta'
[0.280s] Level 1:colcon.colcon_core.package_identification:_identify(calibration/camera/data/camera_intr_2) by extensions ['ros']
[0.280s] Level 1:colcon.colcon_core.package_identification:_identify(calibration/camera/data/camera_intr_2) by extension 'ros'
[0.280s] Level 1:colcon.colcon_core.package_identification:_identify(calibration/camera/data/camera_intr_2) by extensions ['cmake', 'python']
[0.280s] Level 1:colcon.colcon_core.package_identification:_identify(calibration/camera/data/camera_intr_2) by extension 'cmake'
[0.280s] Level 1:colcon.colcon_core.package_identification:_identify(calibration/camera/data/camera_intr_2) by extension 'python'
[0.280s] Level 1:colcon.colcon_core.package_identification:_identify(calibration/camera/data/camera_intr_2) by extensions ['python_setup_py']
[0.280s] Level 1:colcon.colcon_core.package_identification:_identify(calibration/camera/data/camera_intr_2) by extension 'python_setup_py'
[0.281s] Level 1:colcon.colcon_core.package_identification:_identify(calibration/camera/data/camera_intr_3) by extensions ['ignore', 'ignore_ament_install']
[0.281s] Level 1:colcon.colcon_core.package_identification:_identify(calibration/camera/data/camera_intr_3) by extension 'ignore'
[0.281s] Level 1:colcon.colcon_core.package_identification:_identify(calibration/camera/data/camera_intr_3) by extension 'ignore_ament_install'
[0.281s] Level 1:colcon.colcon_core.package_identification:_identify(calibration/camera/data/camera_intr_3) by extensions ['colcon_pkg']
[0.281s] Level 1:colcon.colcon_core.package_identification:_identify(calibration/camera/data/camera_intr_3) by extension 'colcon_pkg'
[0.281s] Level 1:colcon.colcon_core.package_identification:_identify(calibration/camera/data/camera_intr_3) by extensions ['colcon_meta']
[0.281s] Level 1:colcon.colcon_core.package_identification:_identify(calibration/camera/data/camera_intr_3) by extension 'colcon_meta'
[0.281s] Level 1:colcon.colcon_core.package_identification:_identify(calibration/camera/data/camera_intr_3) by extensions ['ros']
[0.281s] Level 1:colcon.colcon_core.package_identification:_identify(calibration/camera/data/camera_intr_3) by extension 'ros'
[0.281s] Level 1:colcon.colcon_core.package_identification:_identify(calibration/camera/data/camera_intr_3) by extensions ['cmake', 'python']
[0.281s] Level 1:colcon.colcon_core.package_identification:_identify(calibration/camera/data/camera_intr_3) by extension 'cmake'
[0.281s] Level 1:colcon.colcon_core.package_identification:_identify(calibration/camera/data/camera_intr_3) by extension 'python'
[0.281s] Level 1:colcon.colcon_core.package_identification:_identify(calibration/camera/data/camera_intr_3) by extensions ['python_setup_py']
[0.281s] Level 1:colcon.colcon_core.package_identification:_identify(calibration/camera/data/camera_intr_3) by extension 'python_setup_py'
[0.281s] Level 1:colcon.colcon_core.package_identification:_identify(calibration/camera/data/camera_intr_5) by extensions ['ignore', 'ignore_ament_install']
[0.281s] Level 1:colcon.colcon_core.package_identification:_identify(calibration/camera/data/camera_intr_5) by extension 'ignore'
[0.281s] Level 1:colcon.colcon_core.package_identification:_identify(calibration/camera/data/camera_intr_5) by extension 'ignore_ament_install'
[0.281s] Level 1:colcon.colcon_core.package_identification:_identify(calibration/camera/data/camera_intr_5) by extensions ['colcon_pkg']
[0.281s] Level 1:colcon.colcon_core.package_identification:_identify(calibration/camera/data/camera_intr_5) by extension 'colcon_pkg'
[0.281s] Level 1:colcon.colcon_core.package_identification:_identify(calibration/camera/data/camera_intr_5) by extensions ['colcon_meta']
[0.281s] Level 1:colcon.colcon_core.package_identification:_identify(calibration/camera/data/camera_intr_5) by extension 'colcon_meta'
[0.281s] Level 1:colcon.colcon_core.package_identification:_identify(calibration/camera/data/camera_intr_5) by extensions ['ros']
[0.281s] Level 1:colcon.colcon_core.package_identification:_identify(calibration/camera/data/camera_intr_5) by extension 'ros'
[0.281s] Level 1:colcon.colcon_core.package_identification:_identify(calibration/camera/data/camera_intr_5) by extensions ['cmake', 'python']
[0.281s] Level 1:colcon.colcon_core.package_identification:_identify(calibration/camera/data/camera_intr_5) by extension 'cmake'
[0.281s] Level 1:colcon.colcon_core.package_identification:_identify(calibration/camera/data/camera_intr_5) by extension 'python'
[0.281s] Level 1:colcon.colcon_core.package_identification:_identify(calibration/camera/data/camera_intr_5) by extensions ['python_setup_py']
[0.281s] Level 1:colcon.colcon_core.package_identification:_identify(calibration/camera/data/camera_intr_5) by extension 'python_setup_py'
[0.281s] Level 1:colcon.colcon_core.package_identification:_identify(calibration/camera/data/d435_calib_2) by extensions ['ignore', 'ignore_ament_install']
[0.281s] Level 1:colcon.colcon_core.package_identification:_identify(calibration/camera/data/d435_calib_2) by extension 'ignore'
[0.281s] Level 1:colcon.colcon_core.package_identification:_identify(calibration/camera/data/d435_calib_2) by extension 'ignore_ament_install'
[0.281s] Level 1:colcon.colcon_core.package_identification:_identify(calibration/camera/data/d435_calib_2) by extensions ['colcon_pkg']
[0.281s] Level 1:colcon.colcon_core.package_identification:_identify(calibration/camera/data/d435_calib_2) by extension 'colcon_pkg'
[0.281s] Level 1:colcon.colcon_core.package_identification:_identify(calibration/camera/data/d435_calib_2) by extensions ['colcon_meta']
[0.281s] Level 1:colcon.colcon_core.package_identification:_identify(calibration/camera/data/d435_calib_2) by extension 'colcon_meta'
[0.281s] Level 1:colcon.colcon_core.package_identification:_identify(calibration/camera/data/d435_calib_2) by extensions ['ros']
[0.281s] Level 1:colcon.colcon_core.package_identification:_identify(calibration/camera/data/d435_calib_2) by extension 'ros'
[0.281s] Level 1:colcon.colcon_core.package_identification:_identify(calibration/camera/data/d435_calib_2) by extensions ['cmake', 'python']
[0.282s] Level 1:colcon.colcon_core.package_identification:_identify(calibration/camera/data/d435_calib_2) by extension 'cmake'
[0.282s] Level 1:colcon.colcon_core.package_identification:_identify(calibration/camera/data/d435_calib_2) by extension 'python'
[0.282s] Level 1:colcon.colcon_core.package_identification:_identify(calibration/camera/data/d435_calib_2) by extensions ['python_setup_py']
[0.282s] Level 1:colcon.colcon_core.package_identification:_identify(calibration/camera/data/d435_calib_2) by extension 'python_setup_py'
[0.282s] Level 1:colcon.colcon_core.package_identification:_identify(calibration/camera/data/d435_calib_3) by extensions ['ignore', 'ignore_ament_install']
[0.282s] Level 1:colcon.colcon_core.package_identification:_identify(calibration/camera/data/d435_calib_3) by extension 'ignore'
[0.282s] Level 1:colcon.colcon_core.package_identification:_identify(calibration/camera/data/d435_calib_3) by extension 'ignore_ament_install'
[0.282s] Level 1:colcon.colcon_core.package_identification:_identify(calibration/camera/data/d435_calib_3) by extensions ['colcon_pkg']
[0.282s] Level 1:colcon.colcon_core.package_identification:_identify(calibration/camera/data/d435_calib_3) by extension 'colcon_pkg'
[0.282s] Level 1:colcon.colcon_core.package_identification:_identify(calibration/camera/data/d435_calib_3) by extensions ['colcon_meta']
[0.282s] Level 1:colcon.colcon_core.package_identification:_identify(calibration/camera/data/d435_calib_3) by extension 'colcon_meta'
[0.282s] Level 1:colcon.colcon_core.package_identification:_identify(calibration/camera/data/d435_calib_3) by extensions ['ros']
[0.282s] Level 1:colcon.colcon_core.package_identification:_identify(calibration/camera/data/d435_calib_3) by extension 'ros'
[0.282s] Level 1:colcon.colcon_core.package_identification:_identify(calibration/camera/data/d435_calib_3) by extensions ['cmake', 'python']
[0.282s] Level 1:colcon.colcon_core.package_identification:_identify(calibration/camera/data/d435_calib_3) by extension 'cmake'
[0.282s] Level 1:colcon.colcon_core.package_identification:_identify(calibration/camera/data/d435_calib_3) by extension 'python'
[0.282s] Level 1:colcon.colcon_core.package_identification:_identify(calibration/camera/data/d435_calib_3) by extensions ['python_setup_py']
[0.282s] Level 1:colcon.colcon_core.package_identification:_identify(calibration/camera/data/d435_calib_3) by extension 'python_setup_py'
[0.282s] Level 1:colcon.colcon_core.package_identification:_identify(calibration/camera/data/d435_calib_4) by extensions ['ignore', 'ignore_ament_install']
[0.282s] Level 1:colcon.colcon_core.package_identification:_identify(calibration/camera/data/d435_calib_4) by extension 'ignore'
[0.282s] Level 1:colcon.colcon_core.package_identification:_identify(calibration/camera/data/d435_calib_4) by extension 'ignore_ament_install'
[0.282s] Level 1:colcon.colcon_core.package_identification:_identify(calibration/camera/data/d435_calib_4) by extensions ['colcon_pkg']
[0.282s] Level 1:colcon.colcon_core.package_identification:_identify(calibration/camera/data/d435_calib_4) by extension 'colcon_pkg'
[0.282s] Level 1:colcon.colcon_core.package_identification:_identify(calibration/camera/data/d435_calib_4) by extensions ['colcon_meta']
[0.282s] Level 1:colcon.colcon_core.package_identification:_identify(calibration/camera/data/d435_calib_4) by extension 'colcon_meta'
[0.282s] Level 1:colcon.colcon_core.package_identification:_identify(calibration/camera/data/d435_calib_4) by extensions ['ros']
[0.282s] Level 1:colcon.colcon_core.package_identification:_identify(calibration/camera/data/d435_calib_4) by extension 'ros'
[0.282s] Level 1:colcon.colcon_core.package_identification:_identify(calibration/camera/data/d435_calib_4) by extensions ['cmake', 'python']
[0.282s] Level 1:colcon.colcon_core.package_identification:_identify(calibration/camera/data/d435_calib_4) by extension 'cmake'
[0.282s] Level 1:colcon.colcon_core.package_identification:_identify(calibration/camera/data/d435_calib_4) by extension 'python'
[0.282s] Level 1:colcon.colcon_core.package_identification:_identify(calibration/camera/data/d435_calib_4) by extensions ['python_setup_py']
[0.282s] Level 1:colcon.colcon_core.package_identification:_identify(calibration/camera/data/d435_calib_4) by extension 'python_setup_py'
[0.282s] Level 1:colcon.colcon_core.package_identification:_identify(calibration/camera/data/d435_calib_ir) by extensions ['ignore', 'ignore_ament_install']
[0.282s] Level 1:colcon.colcon_core.package_identification:_identify(calibration/camera/data/d435_calib_ir) by extension 'ignore'
[0.282s] Level 1:colcon.colcon_core.package_identification:_identify(calibration/camera/data/d435_calib_ir) by extension 'ignore_ament_install'
[0.282s] Level 1:colcon.colcon_core.package_identification:_identify(calibration/camera/data/d435_calib_ir) by extensions ['colcon_pkg']
[0.282s] Level 1:colcon.colcon_core.package_identification:_identify(calibration/camera/data/d435_calib_ir) by extension 'colcon_pkg'
[0.282s] Level 1:colcon.colcon_core.package_identification:_identify(calibration/camera/data/d435_calib_ir) by extensions ['colcon_meta']
[0.282s] Level 1:colcon.colcon_core.package_identification:_identify(calibration/camera/data/d435_calib_ir) by extension 'colcon_meta'
[0.282s] Level 1:colcon.colcon_core.package_identification:_identify(calibration/camera/data/d435_calib_ir) by extensions ['ros']
[0.283s] Level 1:colcon.colcon_core.package_identification:_identify(calibration/camera/data/d435_calib_ir) by extension 'ros'
[0.283s] Level 1:colcon.colcon_core.package_identification:_identify(calibration/camera/data/d435_calib_ir) by extensions ['cmake', 'python']
[0.283s] Level 1:colcon.colcon_core.package_identification:_identify(calibration/camera/data/d435_calib_ir) by extension 'cmake'
[0.283s] Level 1:colcon.colcon_core.package_identification:_identify(calibration/camera/data/d435_calib_ir) by extension 'python'
[0.283s] Level 1:colcon.colcon_core.package_identification:_identify(calibration/camera/data/d435_calib_ir) by extensions ['python_setup_py']
[0.283s] Level 1:colcon.colcon_core.package_identification:_identify(calibration/camera/data/d435_calib_ir) by extension 'python_setup_py'
[0.283s] Level 1:colcon.colcon_core.package_identification:_identify(calibration/camera/data/d435_calib_ir_2) by extensions ['ignore', 'ignore_ament_install']
[0.283s] Level 1:colcon.colcon_core.package_identification:_identify(calibration/camera/data/d435_calib_ir_2) by extension 'ignore'
[0.283s] Level 1:colcon.colcon_core.package_identification:_identify(calibration/camera/data/d435_calib_ir_2) by extension 'ignore_ament_install'
[0.283s] Level 1:colcon.colcon_core.package_identification:_identify(calibration/camera/data/d435_calib_ir_2) by extensions ['colcon_pkg']
[0.283s] Level 1:colcon.colcon_core.package_identification:_identify(calibration/camera/data/d435_calib_ir_2) by extension 'colcon_pkg'
[0.283s] Level 1:colcon.colcon_core.package_identification:_identify(calibration/camera/data/d435_calib_ir_2) by extensions ['colcon_meta']
[0.283s] Level 1:colcon.colcon_core.package_identification:_identify(calibration/camera/data/d435_calib_ir_2) by extension 'colcon_meta'
[0.283s] Level 1:colcon.colcon_core.package_identification:_identify(calibration/camera/data/d435_calib_ir_2) by extensions ['ros']
[0.283s] Level 1:colcon.colcon_core.package_identification:_identify(calibration/camera/data/d435_calib_ir_2) by extension 'ros'
[0.283s] Level 1:colcon.colcon_core.package_identification:_identify(calibration/camera/data/d435_calib_ir_2) by extensions ['cmake', 'python']
[0.283s] Level 1:colcon.colcon_core.package_identification:_identify(calibration/camera/data/d435_calib_ir_2) by extension 'cmake'
[0.283s] Level 1:colcon.colcon_core.package_identification:_identify(calibration/camera/data/d435_calib_ir_2) by extension 'python'
[0.283s] Level 1:colcon.colcon_core.package_identification:_identify(calibration/camera/data/d435_calib_ir_2) by extensions ['python_setup_py']
[0.283s] Level 1:colcon.colcon_core.package_identification:_identify(calibration/camera/data/d435_calib_ir_2) by extension 'python_setup_py'
[0.283s] Level 1:colcon.colcon_core.package_identification:_identify(calibration/camera/data/d435_calib_ir_imu) by extensions ['ignore', 'ignore_ament_install']
[0.283s] Level 1:colcon.colcon_core.package_identification:_identify(calibration/camera/data/d435_calib_ir_imu) by extension 'ignore'
[0.283s] Level 1:colcon.colcon_core.package_identification:_identify(calibration/camera/data/d435_calib_ir_imu) by extension 'ignore_ament_install'
[0.283s] Level 1:colcon.colcon_core.package_identification:_identify(calibration/camera/data/d435_calib_ir_imu) by extensions ['colcon_pkg']
[0.283s] Level 1:colcon.colcon_core.package_identification:_identify(calibration/camera/data/d435_calib_ir_imu) by extension 'colcon_pkg'
[0.283s] Level 1:colcon.colcon_core.package_identification:_identify(calibration/camera/data/d435_calib_ir_imu) by extensions ['colcon_meta']
[0.283s] Level 1:colcon.colcon_core.package_identification:_identify(calibration/camera/data/d435_calib_ir_imu) by extension 'colcon_meta'
[0.283s] Level 1:colcon.colcon_core.package_identification:_identify(calibration/camera/data/d435_calib_ir_imu) by extensions ['ros']
[0.283s] Level 1:colcon.colcon_core.package_identification:_identify(calibration/camera/data/d435_calib_ir_imu) by extension 'ros'
[0.283s] Level 1:colcon.colcon_core.package_identification:_identify(calibration/camera/data/d435_calib_ir_imu) by extensions ['cmake', 'python']
[0.283s] Level 1:colcon.colcon_core.package_identification:_identify(calibration/camera/data/d435_calib_ir_imu) by extension 'cmake'
[0.283s] Level 1:colcon.colcon_core.package_identification:_identify(calibration/camera/data/d435_calib_ir_imu) by extension 'python'
[0.283s] Level 1:colcon.colcon_core.package_identification:_identify(calibration/camera/data/d435_calib_ir_imu) by extensions ['python_setup_py']
[0.283s] Level 1:colcon.colcon_core.package_identification:_identify(calibration/camera/data/d435_calib_ir_imu) by extension 'python_setup_py'
[0.283s] Level 1:colcon.colcon_core.package_identification:_identify(calibration/camera/data/d435_imu_calib) by extensions ['ignore', 'ignore_ament_install']
[0.283s] Level 1:colcon.colcon_core.package_identification:_identify(calibration/camera/data/d435_imu_calib) by extension 'ignore'
[0.283s] Level 1:colcon.colcon_core.package_identification:_identify(calibration/camera/data/d435_imu_calib) by extension 'ignore_ament_install'
[0.283s] Level 1:colcon.colcon_core.package_identification:_identify(calibration/camera/data/d435_imu_calib) by extensions ['colcon_pkg']
[0.284s] Level 1:colcon.colcon_core.package_identification:_identify(calibration/camera/data/d435_imu_calib) by extension 'colcon_pkg'
[0.284s] Level 1:colcon.colcon_core.package_identification:_identify(calibration/camera/data/d435_imu_calib) by extensions ['colcon_meta']
[0.284s] Level 1:colcon.colcon_core.package_identification:_identify(calibration/camera/data/d435_imu_calib) by extension 'colcon_meta'
[0.284s] Level 1:colcon.colcon_core.package_identification:_identify(calibration/camera/data/d435_imu_calib) by extensions ['ros']
[0.284s] Level 1:colcon.colcon_core.package_identification:_identify(calibration/camera/data/d435_imu_calib) by extension 'ros'
[0.284s] Level 1:colcon.colcon_core.package_identification:_identify(calibration/camera/data/d435_imu_calib) by extensions ['cmake', 'python']
[0.284s] Level 1:colcon.colcon_core.package_identification:_identify(calibration/camera/data/d435_imu_calib) by extension 'cmake'
[0.284s] Level 1:colcon.colcon_core.package_identification:_identify(calibration/camera/data/d435_imu_calib) by extension 'python'
[0.284s] Level 1:colcon.colcon_core.package_identification:_identify(calibration/camera/data/d435_imu_calib) by extensions ['python_setup_py']
[0.284s] Level 1:colcon.colcon_core.package_identification:_identify(calibration/camera/data/d435_imu_calib) by extension 'python_setup_py'
[0.284s] Level 1:colcon.colcon_core.package_identification:_identify(calibration/camera/kalibr) by extensions ['ignore', 'ignore_ament_install']
[0.284s] Level 1:colcon.colcon_core.package_identification:_identify(calibration/camera/kalibr) by extension 'ignore'
[0.284s] Level 1:colcon.colcon_core.package_identification:_identify(calibration/camera/kalibr) by extension 'ignore_ament_install'
[0.284s] Level 1:colcon.colcon_core.package_identification:_identify(calibration/camera/kalibr) by extensions ['colcon_pkg']
[0.284s] Level 1:colcon.colcon_core.package_identification:_identify(calibration/camera/kalibr) by extension 'colcon_pkg'
[0.284s] Level 1:colcon.colcon_core.package_identification:_identify(calibration/camera/kalibr) by extensions ['colcon_meta']
[0.284s] Level 1:colcon.colcon_core.package_identification:_identify(calibration/camera/kalibr) by extension 'colcon_meta'
[0.284s] Level 1:colcon.colcon_core.package_identification:_identify(calibration/camera/kalibr) by extensions ['ros']
[0.284s] Level 1:colcon.colcon_core.package_identification:_identify(calibration/camera/kalibr) by extension 'ros'
[0.284s] Level 1:colcon.colcon_core.package_identification:_identify(calibration/camera/kalibr) by extensions ['cmake', 'python']
[0.284s] Level 1:colcon.colcon_core.package_identification:_identify(calibration/camera/kalibr) by extension 'cmake'
[0.284s] Level 1:colcon.colcon_core.package_identification:_identify(calibration/camera/kalibr) by extension 'python'
[0.284s] Level 1:colcon.colcon_core.package_identification:_identify(calibration/camera/kalibr) by extensions ['python_setup_py']
[0.284s] Level 1:colcon.colcon_core.package_identification:_identify(calibration/camera/kalibr) by extension 'python_setup_py'
[0.284s] Level 1:colcon.colcon_core.package_identification:_identify(calibration/camera/kalibr/Schweizer-Messer) by extensions ['ignore', 'ignore_ament_install']
[0.284s] Level 1:colcon.colcon_core.package_identification:_identify(calibration/camera/kalibr/Schweizer-Messer) by extension 'ignore'
[0.284s] Level 1:colcon.colcon_core.package_identification:_identify(calibration/camera/kalibr/Schweizer-Messer) by extension 'ignore_ament_install'
[0.284s] Level 1:colcon.colcon_core.package_identification:_identify(calibration/camera/kalibr/Schweizer-Messer) by extensions ['colcon_pkg']
[0.284s] Level 1:colcon.colcon_core.package_identification:_identify(calibration/camera/kalibr/Schweizer-Messer) by extension 'colcon_pkg'
[0.284s] Level 1:colcon.colcon_core.package_identification:_identify(calibration/camera/kalibr/Schweizer-Messer) by extensions ['colcon_meta']
[0.284s] Level 1:colcon.colcon_core.package_identification:_identify(calibration/camera/kalibr/Schweizer-Messer) by extension 'colcon_meta'
[0.284s] Level 1:colcon.colcon_core.package_identification:_identify(calibration/camera/kalibr/Schweizer-Messer) by extensions ['ros']
[0.284s] Level 1:colcon.colcon_core.package_identification:_identify(calibration/camera/kalibr/Schweizer-Messer) by extension 'ros'
[0.284s] Level 1:colcon.colcon_core.package_identification:_identify(calibration/camera/kalibr/Schweizer-Messer) by extensions ['cmake', 'python']
[0.284s] Level 1:colcon.colcon_core.package_identification:_identify(calibration/camera/kalibr/Schweizer-Messer) by extension 'cmake'
[0.284s] Level 1:colcon.colcon_core.package_identification:_identify(calibration/camera/kalibr/Schweizer-Messer) by extension 'python'
[0.284s] Level 1:colcon.colcon_core.package_identification:_identify(calibration/camera/kalibr/Schweizer-Messer) by extensions ['python_setup_py']
[0.284s] Level 1:colcon.colcon_core.package_identification:_identify(calibration/camera/kalibr/Schweizer-Messer) by extension 'python_setup_py'
[0.284s] Level 1:colcon.colcon_core.package_identification:_identify(calibration/camera/kalibr/Schweizer-Messer/numpy_eigen) by extensions ['ignore', 'ignore_ament_install']
[0.285s] Level 1:colcon.colcon_core.package_identification:_identify(calibration/camera/kalibr/Schweizer-Messer/numpy_eigen) by extension 'ignore'
[0.285s] Level 1:colcon.colcon_core.package_identification:_identify(calibration/camera/kalibr/Schweizer-Messer/numpy_eigen) by extension 'ignore_ament_install'
[0.285s] Level 1:colcon.colcon_core.package_identification:_identify(calibration/camera/kalibr/Schweizer-Messer/numpy_eigen) by extensions ['colcon_pkg']
[0.285s] Level 1:colcon.colcon_core.package_identification:_identify(calibration/camera/kalibr/Schweizer-Messer/numpy_eigen) by extension 'colcon_pkg'
[0.285s] Level 1:colcon.colcon_core.package_identification:_identify(calibration/camera/kalibr/Schweizer-Messer/numpy_eigen) by extensions ['colcon_meta']
[0.285s] Level 1:colcon.colcon_core.package_identification:_identify(calibration/camera/kalibr/Schweizer-Messer/numpy_eigen) by extension 'colcon_meta'
[0.285s] Level 1:colcon.colcon_core.package_identification:_identify(calibration/camera/kalibr/Schweizer-Messer/numpy_eigen) by extensions ['ros']
[0.285s] Level 1:colcon.colcon_core.package_identification:_identify(calibration/camera/kalibr/Schweizer-Messer/numpy_eigen) by extension 'ros'
[0.285s] DEBUG:colcon.colcon_core.package_identification:Package 'calibration/camera/kalibr/Schweizer-Messer/numpy_eigen' with type 'ros.catkin' and name 'numpy_eigen'
[0.285s] Level 1:colcon.colcon_core.package_identification:_identify(calibration/camera/kalibr/Schweizer-Messer/python_module) by extensions ['ignore', 'ignore_ament_install']
[0.285s] Level 1:colcon.colcon_core.package_identification:_identify(calibration/camera/kalibr/Schweizer-Messer/python_module) by extension 'ignore'
[0.285s] Level 1:colcon.colcon_core.package_identification:_identify(calibration/camera/kalibr/Schweizer-Messer/python_module) by extension 'ignore_ament_install'
[0.285s] Level 1:colcon.colcon_core.package_identification:_identify(calibration/camera/kalibr/Schweizer-Messer/python_module) by extensions ['colcon_pkg']
[0.285s] Level 1:colcon.colcon_core.package_identification:_identify(calibration/camera/kalibr/Schweizer-Messer/python_module) by extension 'colcon_pkg'
[0.285s] Level 1:colcon.colcon_core.package_identification:_identify(calibration/camera/kalibr/Schweizer-Messer/python_module) by extensions ['colcon_meta']
[0.285s] Level 1:colcon.colcon_core.package_identification:_identify(calibration/camera/kalibr/Schweizer-Messer/python_module) by extension 'colcon_meta'
[0.285s] Level 1:colcon.colcon_core.package_identification:_identify(calibration/camera/kalibr/Schweizer-Messer/python_module) by extensions ['ros']
[0.286s] Level 1:colcon.colcon_core.package_identification:_identify(calibration/camera/kalibr/Schweizer-Messer/python_module) by extension 'ros'
[0.288s] DEBUG:colcon.colcon_core.package_identification:Package 'calibration/camera/kalibr/Schweizer-Messer/python_module' with type 'ros.catkin' and name 'python_module'
[0.289s] Level 1:colcon.colcon_core.package_identification:_identify(calibration/camera/kalibr/Schweizer-Messer/sm_boost) by extensions ['ignore', 'ignore_ament_install']
[0.289s] Level 1:colcon.colcon_core.package_identification:_identify(calibration/camera/kalibr/Schweizer-Messer/sm_boost) by extension 'ignore'
[0.289s] Level 1:colcon.colcon_core.package_identification:_identify(calibration/camera/kalibr/Schweizer-Messer/sm_boost) by extension 'ignore_ament_install'
[0.289s] Level 1:colcon.colcon_core.package_identification:_identify(calibration/camera/kalibr/Schweizer-Messer/sm_boost) by extensions ['colcon_pkg']
[0.289s] Level 1:colcon.colcon_core.package_identification:_identify(calibration/camera/kalibr/Schweizer-Messer/sm_boost) by extension 'colcon_pkg'
[0.289s] Level 1:colcon.colcon_core.package_identification:_identify(calibration/camera/kalibr/Schweizer-Messer/sm_boost) by extensions ['colcon_meta']
[0.289s] Level 1:colcon.colcon_core.package_identification:_identify(calibration/camera/kalibr/Schweizer-Messer/sm_boost) by extension 'colcon_meta'
[0.289s] Level 1:colcon.colcon_core.package_identification:_identify(calibration/camera/kalibr/Schweizer-Messer/sm_boost) by extensions ['ros']
[0.289s] Level 1:colcon.colcon_core.package_identification:_identify(calibration/camera/kalibr/Schweizer-Messer/sm_boost) by extension 'ros'
[0.289s] DEBUG:colcon.colcon_core.package_identification:Package 'calibration/camera/kalibr/Schweizer-Messer/sm_boost' with type 'ros.catkin' and name 'sm_boost'
[0.289s] Level 1:colcon.colcon_core.package_identification:_identify(calibration/camera/kalibr/Schweizer-Messer/sm_common) by extensions ['ignore', 'ignore_ament_install']
[0.290s] Level 1:colcon.colcon_core.package_identification:_identify(calibration/camera/kalibr/Schweizer-Messer/sm_common) by extension 'ignore'
[0.290s] Level 1:colcon.colcon_core.package_identification:_identify(calibration/camera/kalibr/Schweizer-Messer/sm_common) by extension 'ignore_ament_install'
[0.290s] Level 1:colcon.colcon_core.package_identification:_identify(calibration/camera/kalibr/Schweizer-Messer/sm_common) by extensions ['colcon_pkg']
[0.290s] Level 1:colcon.colcon_core.package_identification:_identify(calibration/camera/kalibr/Schweizer-Messer/sm_common) by extension 'colcon_pkg'
[0.290s] Level 1:colcon.colcon_core.package_identification:_identify(calibration/camera/kalibr/Schweizer-Messer/sm_common) by extensions ['colcon_meta']
[0.290s] Level 1:colcon.colcon_core.package_identification:_identify(calibration/camera/kalibr/Schweizer-Messer/sm_common) by extension 'colcon_meta'
[0.290s] Level 1:colcon.colcon_core.package_identification:_identify(calibration/camera/kalibr/Schweizer-Messer/sm_common) by extensions ['ros']
[0.290s] Level 1:colcon.colcon_core.package_identification:_identify(calibration/camera/kalibr/Schweizer-Messer/sm_common) by extension 'ros'
[0.290s] DEBUG:colcon.colcon_core.package_identification:Package 'calibration/camera/kalibr/Schweizer-Messer/sm_common' with type 'ros.catkin' and name 'sm_common'
[0.290s] Level 1:colcon.colcon_core.package_identification:_identify(calibration/camera/kalibr/Schweizer-Messer/sm_eigen) by extensions ['ignore', 'ignore_ament_install']
[0.290s] Level 1:colcon.colcon_core.package_identification:_identify(calibration/camera/kalibr/Schweizer-Messer/sm_eigen) by extension 'ignore'
[0.290s] Level 1:colcon.colcon_core.package_identification:_identify(calibration/camera/kalibr/Schweizer-Messer/sm_eigen) by extension 'ignore_ament_install'
[0.290s] Level 1:colcon.colcon_core.package_identification:_identify(calibration/camera/kalibr/Schweizer-Messer/sm_eigen) by extensions ['colcon_pkg']
[0.290s] Level 1:colcon.colcon_core.package_identification:_identify(calibration/camera/kalibr/Schweizer-Messer/sm_eigen) by extension 'colcon_pkg'
[0.290s] Level 1:colcon.colcon_core.package_identification:_identify(calibration/camera/kalibr/Schweizer-Messer/sm_eigen) by extensions ['colcon_meta']
[0.290s] Level 1:colcon.colcon_core.package_identification:_identify(calibration/camera/kalibr/Schweizer-Messer/sm_eigen) by extension 'colcon_meta'
[0.290s] Level 1:colcon.colcon_core.package_identification:_identify(calibration/camera/kalibr/Schweizer-Messer/sm_eigen) by extensions ['ros']
[0.290s] Level 1:colcon.colcon_core.package_identification:_identify(calibration/camera/kalibr/Schweizer-Messer/sm_eigen) by extension 'ros'
[0.291s] DEBUG:colcon.colcon_core.package_identification:Package 'calibration/camera/kalibr/Schweizer-Messer/sm_eigen' with type 'ros.catkin' and name 'sm_eigen'
[0.291s] Level 1:colcon.colcon_core.package_identification:_identify(calibration/camera/kalibr/Schweizer-Messer/sm_kinematics) by extensions ['ignore', 'ignore_ament_install']
[0.291s] Level 1:colcon.colcon_core.package_identification:_identify(calibration/camera/kalibr/Schweizer-Messer/sm_kinematics) by extension 'ignore'
[0.291s] Level 1:colcon.colcon_core.package_identification:_identify(calibration/camera/kalibr/Schweizer-Messer/sm_kinematics) by extension 'ignore_ament_install'
[0.291s] Level 1:colcon.colcon_core.package_identification:_identify(calibration/camera/kalibr/Schweizer-Messer/sm_kinematics) by extensions ['colcon_pkg']
[0.291s] Level 1:colcon.colcon_core.package_identification:_identify(calibration/camera/kalibr/Schweizer-Messer/sm_kinematics) by extension 'colcon_pkg'
[0.291s] Level 1:colcon.colcon_core.package_identification:_identify(calibration/camera/kalibr/Schweizer-Messer/sm_kinematics) by extensions ['colcon_meta']
[0.291s] Level 1:colcon.colcon_core.package_identification:_identify(calibration/camera/kalibr/Schweizer-Messer/sm_kinematics) by extension 'colcon_meta'
[0.291s] Level 1:colcon.colcon_core.package_identification:_identify(calibration/camera/kalibr/Schweizer-Messer/sm_kinematics) by extensions ['ros']
[0.291s] Level 1:colcon.colcon_core.package_identification:_identify(calibration/camera/kalibr/Schweizer-Messer/sm_kinematics) by extension 'ros'
[0.292s] DEBUG:colcon.colcon_core.package_identification:Package 'calibration/camera/kalibr/Schweizer-Messer/sm_kinematics' with type 'ros.catkin' and name 'sm_kinematics'
[0.292s] Level 1:colcon.colcon_core.package_identification:_identify(calibration/camera/kalibr/Schweizer-Messer/sm_logging) by extensions ['ignore', 'ignore_ament_install']
[0.292s] Level 1:colcon.colcon_core.package_identification:_identify(calibration/camera/kalibr/Schweizer-Messer/sm_logging) by extension 'ignore'
[0.292s] Level 1:colcon.colcon_core.package_identification:_identify(calibration/camera/kalibr/Schweizer-Messer/sm_logging) by extension 'ignore_ament_install'
[0.292s] Level 1:colcon.colcon_core.package_identification:_identify(calibration/camera/kalibr/Schweizer-Messer/sm_logging) by extensions ['colcon_pkg']
[0.292s] Level 1:colcon.colcon_core.package_identification:_identify(calibration/camera/kalibr/Schweizer-Messer/sm_logging) by extension 'colcon_pkg'
[0.292s] Level 1:colcon.colcon_core.package_identification:_identify(calibration/camera/kalibr/Schweizer-Messer/sm_logging) by extensions ['colcon_meta']
[0.292s] Level 1:colcon.colcon_core.package_identification:_identify(calibration/camera/kalibr/Schweizer-Messer/sm_logging) by extension 'colcon_meta'
[0.292s] Level 1:colcon.colcon_core.package_identification:_identify(calibration/camera/kalibr/Schweizer-Messer/sm_logging) by extensions ['ros']
[0.292s] Level 1:colcon.colcon_core.package_identification:_identify(calibration/camera/kalibr/Schweizer-Messer/sm_logging) by extension 'ros'
[0.292s] DEBUG:colcon.colcon_core.package_identification:Package 'calibration/camera/kalibr/Schweizer-Messer/sm_logging' with type 'ros.catkin' and name 'sm_logging'
[0.292s] Level 1:colcon.colcon_core.package_identification:_identify(calibration/camera/kalibr/Schweizer-Messer/sm_matrix_archive) by extensions ['ignore', 'ignore_ament_install']
[0.292s] Level 1:colcon.colcon_core.package_identification:_identify(calibration/camera/kalibr/Schweizer-Messer/sm_matrix_archive) by extension 'ignore'
[0.292s] Level 1:colcon.colcon_core.package_identification:_identify(calibration/camera/kalibr/Schweizer-Messer/sm_matrix_archive) by extension 'ignore_ament_install'
[0.292s] Level 1:colcon.colcon_core.package_identification:_identify(calibration/camera/kalibr/Schweizer-Messer/sm_matrix_archive) by extensions ['colcon_pkg']
[0.293s] Level 1:colcon.colcon_core.package_identification:_identify(calibration/camera/kalibr/Schweizer-Messer/sm_matrix_archive) by extension 'colcon_pkg'
[0.293s] Level 1:colcon.colcon_core.package_identification:_identify(calibration/camera/kalibr/Schweizer-Messer/sm_matrix_archive) by extensions ['colcon_meta']
[0.293s] Level 1:colcon.colcon_core.package_identification:_identify(calibration/camera/kalibr/Schweizer-Messer/sm_matrix_archive) by extension 'colcon_meta'
[0.293s] Level 1:colcon.colcon_core.package_identification:_identify(calibration/camera/kalibr/Schweizer-Messer/sm_matrix_archive) by extensions ['ros']
[0.293s] Level 1:colcon.colcon_core.package_identification:_identify(calibration/camera/kalibr/Schweizer-Messer/sm_matrix_archive) by extension 'ros'
[0.293s] DEBUG:colcon.colcon_core.package_identification:Package 'calibration/camera/kalibr/Schweizer-Messer/sm_matrix_archive' with type 'ros.catkin' and name 'sm_matrix_archive'
[0.293s] Level 1:colcon.colcon_core.package_identification:_identify(calibration/camera/kalibr/Schweizer-Messer/sm_opencv) by extensions ['ignore', 'ignore_ament_install']
[0.293s] Level 1:colcon.colcon_core.package_identification:_identify(calibration/camera/kalibr/Schweizer-Messer/sm_opencv) by extension 'ignore'
[0.293s] Level 1:colcon.colcon_core.package_identification:_identify(calibration/camera/kalibr/Schweizer-Messer/sm_opencv) by extension 'ignore_ament_install'
[0.293s] Level 1:colcon.colcon_core.package_identification:_identify(calibration/camera/kalibr/Schweizer-Messer/sm_opencv) by extensions ['colcon_pkg']
[0.293s] Level 1:colcon.colcon_core.package_identification:_identify(calibration/camera/kalibr/Schweizer-Messer/sm_opencv) by extension 'colcon_pkg'
[0.293s] Level 1:colcon.colcon_core.package_identification:_identify(calibration/camera/kalibr/Schweizer-Messer/sm_opencv) by extensions ['colcon_meta']
[0.293s] Level 1:colcon.colcon_core.package_identification:_identify(calibration/camera/kalibr/Schweizer-Messer/sm_opencv) by extension 'colcon_meta'
[0.293s] Level 1:colcon.colcon_core.package_identification:_identify(calibration/camera/kalibr/Schweizer-Messer/sm_opencv) by extensions ['ros']
[0.293s] Level 1:colcon.colcon_core.package_identification:_identify(calibration/camera/kalibr/Schweizer-Messer/sm_opencv) by extension 'ros'
[0.294s] DEBUG:colcon.colcon_core.package_identification:Package 'calibration/camera/kalibr/Schweizer-Messer/sm_opencv' with type 'ros.catkin' and name 'sm_opencv'
[0.294s] Level 1:colcon.colcon_core.package_identification:_identify(calibration/camera/kalibr/Schweizer-Messer/sm_property_tree) by extensions ['ignore', 'ignore_ament_install']
[0.294s] Level 1:colcon.colcon_core.package_identification:_identify(calibration/camera/kalibr/Schweizer-Messer/sm_property_tree) by extension 'ignore'
[0.294s] Level 1:colcon.colcon_core.package_identification:_identify(calibration/camera/kalibr/Schweizer-Messer/sm_property_tree) by extension 'ignore_ament_install'
[0.294s] Level 1:colcon.colcon_core.package_identification:_identify(calibration/camera/kalibr/Schweizer-Messer/sm_property_tree) by extensions ['colcon_pkg']
[0.294s] Level 1:colcon.colcon_core.package_identification:_identify(calibration/camera/kalibr/Schweizer-Messer/sm_property_tree) by extension 'colcon_pkg'
[0.294s] Level 1:colcon.colcon_core.package_identification:_identify(calibration/camera/kalibr/Schweizer-Messer/sm_property_tree) by extensions ['colcon_meta']
[0.294s] Level 1:colcon.colcon_core.package_identification:_identify(calibration/camera/kalibr/Schweizer-Messer/sm_property_tree) by extension 'colcon_meta'
[0.294s] Level 1:colcon.colcon_core.package_identification:_identify(calibration/camera/kalibr/Schweizer-Messer/sm_property_tree) by extensions ['ros']
[0.294s] Level 1:colcon.colcon_core.package_identification:_identify(calibration/camera/kalibr/Schweizer-Messer/sm_property_tree) by extension 'ros'
[0.294s] DEBUG:colcon.colcon_core.package_identification:Package 'calibration/camera/kalibr/Schweizer-Messer/sm_property_tree' with type 'ros.catkin' and name 'sm_property_tree'
[0.294s] Level 1:colcon.colcon_core.package_identification:_identify(calibration/camera/kalibr/Schweizer-Messer/sm_python) by extensions ['ignore', 'ignore_ament_install']
[0.294s] Level 1:colcon.colcon_core.package_identification:_identify(calibration/camera/kalibr/Schweizer-Messer/sm_python) by extension 'ignore'
[0.294s] Level 1:colcon.colcon_core.package_identification:_identify(calibration/camera/kalibr/Schweizer-Messer/sm_python) by extension 'ignore_ament_install'
[0.294s] Level 1:colcon.colcon_core.package_identification:_identify(calibration/camera/kalibr/Schweizer-Messer/sm_python) by extensions ['colcon_pkg']
[0.294s] Level 1:colcon.colcon_core.package_identification:_identify(calibration/camera/kalibr/Schweizer-Messer/sm_python) by extension 'colcon_pkg'
[0.294s] Level 1:colcon.colcon_core.package_identification:_identify(calibration/camera/kalibr/Schweizer-Messer/sm_python) by extensions ['colcon_meta']
[0.294s] Level 1:colcon.colcon_core.package_identification:_identify(calibration/camera/kalibr/Schweizer-Messer/sm_python) by extension 'colcon_meta'
[0.294s] Level 1:colcon.colcon_core.package_identification:_identify(calibration/camera/kalibr/Schweizer-Messer/sm_python) by extensions ['ros']
[0.295s] Level 1:colcon.colcon_core.package_identification:_identify(calibration/camera/kalibr/Schweizer-Messer/sm_python) by extension 'ros'
[0.295s] DEBUG:colcon.colcon_core.package_identification:Package 'calibration/camera/kalibr/Schweizer-Messer/sm_python' with type 'ros.catkin' and name 'sm_python'
[0.295s] Level 1:colcon.colcon_core.package_identification:_identify(calibration/camera/kalibr/Schweizer-Messer/sm_random) by extensions ['ignore', 'ignore_ament_install']
[0.295s] Level 1:colcon.colcon_core.package_identification:_identify(calibration/camera/kalibr/Schweizer-Messer/sm_random) by extension 'ignore'
[0.295s] Level 1:colcon.colcon_core.package_identification:_identify(calibration/camera/kalibr/Schweizer-Messer/sm_random) by extension 'ignore_ament_install'
[0.295s] Level 1:colcon.colcon_core.package_identification:_identify(calibration/camera/kalibr/Schweizer-Messer/sm_random) by extensions ['colcon_pkg']
[0.295s] Level 1:colcon.colcon_core.package_identification:_identify(calibration/camera/kalibr/Schweizer-Messer/sm_random) by extension 'colcon_pkg'
[0.295s] Level 1:colcon.colcon_core.package_identification:_identify(calibration/camera/kalibr/Schweizer-Messer/sm_random) by extensions ['colcon_meta']
[0.295s] Level 1:colcon.colcon_core.package_identification:_identify(calibration/camera/kalibr/Schweizer-Messer/sm_random) by extension 'colcon_meta'
[0.295s] Level 1:colcon.colcon_core.package_identification:_identify(calibration/camera/kalibr/Schweizer-Messer/sm_random) by extensions ['ros']
[0.296s] Level 1:colcon.colcon_core.package_identification:_identify(calibration/camera/kalibr/Schweizer-Messer/sm_random) by extension 'ros'
[0.296s] DEBUG:colcon.colcon_core.package_identification:Package 'calibration/camera/kalibr/Schweizer-Messer/sm_random' with type 'ros.catkin' and name 'sm_random'
[0.296s] Level 1:colcon.colcon_core.package_identification:_identify(calibration/camera/kalibr/Schweizer-Messer/sm_timing) by extensions ['ignore', 'ignore_ament_install']
[0.296s] Level 1:colcon.colcon_core.package_identification:_identify(calibration/camera/kalibr/Schweizer-Messer/sm_timing) by extension 'ignore'
[0.296s] Level 1:colcon.colcon_core.package_identification:_identify(calibration/camera/kalibr/Schweizer-Messer/sm_timing) by extension 'ignore_ament_install'
[0.296s] Level 1:colcon.colcon_core.package_identification:_identify(calibration/camera/kalibr/Schweizer-Messer/sm_timing) by extensions ['colcon_pkg']
[0.296s] Level 1:colcon.colcon_core.package_identification:_identify(calibration/camera/kalibr/Schweizer-Messer/sm_timing) by extension 'colcon_pkg'
[0.296s] Level 1:colcon.colcon_core.package_identification:_identify(calibration/camera/kalibr/Schweizer-Messer/sm_timing) by extensions ['colcon_meta']
[0.296s] Level 1:colcon.colcon_core.package_identification:_identify(calibration/camera/kalibr/Schweizer-Messer/sm_timing) by extension 'colcon_meta'
[0.296s] Level 1:colcon.colcon_core.package_identification:_identify(calibration/camera/kalibr/Schweizer-Messer/sm_timing) by extensions ['ros']
[0.296s] Level 1:colcon.colcon_core.package_identification:_identify(calibration/camera/kalibr/Schweizer-Messer/sm_timing) by extension 'ros'
[0.297s] DEBUG:colcon.colcon_core.package_identification:Package 'calibration/camera/kalibr/Schweizer-Messer/sm_timing' with type 'ros.catkin' and name 'sm_timing'
[0.297s] Level 1:colcon.colcon_core.package_identification:_identify(calibration/camera/kalibr/aslam_cv) by extensions ['ignore', 'ignore_ament_install']
[0.297s] Level 1:colcon.colcon_core.package_identification:_identify(calibration/camera/kalibr/aslam_cv) by extension 'ignore'
[0.297s] Level 1:colcon.colcon_core.package_identification:_identify(calibration/camera/kalibr/aslam_cv) by extension 'ignore_ament_install'
[0.297s] Level 1:colcon.colcon_core.package_identification:_identify(calibration/camera/kalibr/aslam_cv) by extensions ['colcon_pkg']
[0.297s] Level 1:colcon.colcon_core.package_identification:_identify(calibration/camera/kalibr/aslam_cv) by extension 'colcon_pkg'
[0.297s] Level 1:colcon.colcon_core.package_identification:_identify(calibration/camera/kalibr/aslam_cv) by extensions ['colcon_meta']
[0.297s] Level 1:colcon.colcon_core.package_identification:_identify(calibration/camera/kalibr/aslam_cv) by extension 'colcon_meta'
[0.297s] Level 1:colcon.colcon_core.package_identification:_identify(calibration/camera/kalibr/aslam_cv) by extensions ['ros']
[0.297s] Level 1:colcon.colcon_core.package_identification:_identify(calibration/camera/kalibr/aslam_cv) by extension 'ros'
[0.297s] Level 1:colcon.colcon_core.package_identification:_identify(calibration/camera/kalibr/aslam_cv) by extensions ['cmake', 'python']
[0.297s] Level 1:colcon.colcon_core.package_identification:_identify(calibration/camera/kalibr/aslam_cv) by extension 'cmake'
[0.297s] Level 1:colcon.colcon_core.package_identification:_identify(calibration/camera/kalibr/aslam_cv) by extension 'python'
[0.297s] Level 1:colcon.colcon_core.package_identification:_identify(calibration/camera/kalibr/aslam_cv) by extensions ['python_setup_py']
[0.297s] Level 1:colcon.colcon_core.package_identification:_identify(calibration/camera/kalibr/aslam_cv) by extension 'python_setup_py'
[0.297s] Level 1:colcon.colcon_core.package_identification:_identify(calibration/camera/kalibr/aslam_cv/aslam_cameras) by extensions ['ignore', 'ignore_ament_install']
[0.297s] Level 1:colcon.colcon_core.package_identification:_identify(calibration/camera/kalibr/aslam_cv/aslam_cameras) by extension 'ignore'
[0.297s] Level 1:colcon.colcon_core.package_identification:_identify(calibration/camera/kalibr/aslam_cv/aslam_cameras) by extension 'ignore_ament_install'
[0.297s] Level 1:colcon.colcon_core.package_identification:_identify(calibration/camera/kalibr/aslam_cv/aslam_cameras) by extensions ['colcon_pkg']
[0.297s] Level 1:colcon.colcon_core.package_identification:_identify(calibration/camera/kalibr/aslam_cv/aslam_cameras) by extension 'colcon_pkg'
[0.297s] Level 1:colcon.colcon_core.package_identification:_identify(calibration/camera/kalibr/aslam_cv/aslam_cameras) by extensions ['colcon_meta']
[0.297s] Level 1:colcon.colcon_core.package_identification:_identify(calibration/camera/kalibr/aslam_cv/aslam_cameras) by extension 'colcon_meta'
[0.297s] Level 1:colcon.colcon_core.package_identification:_identify(calibration/camera/kalibr/aslam_cv/aslam_cameras) by extensions ['ros']
[0.297s] Level 1:colcon.colcon_core.package_identification:_identify(calibration/camera/kalibr/aslam_cv/aslam_cameras) by extension 'ros'
[0.298s] DEBUG:colcon.colcon_core.package_identification:Package 'calibration/camera/kalibr/aslam_cv/aslam_cameras' with type 'ros.catkin' and name 'aslam_cameras'
[0.298s] Level 1:colcon.colcon_core.package_identification:_identify(calibration/camera/kalibr/aslam_cv/aslam_cameras_april) by extensions ['ignore', 'ignore_ament_install']
[0.298s] Level 1:colcon.colcon_core.package_identification:_identify(calibration/camera/kalibr/aslam_cv/aslam_cameras_april) by extension 'ignore'
[0.298s] Level 1:colcon.colcon_core.package_identification:_identify(calibration/camera/kalibr/aslam_cv/aslam_cameras_april) by extension 'ignore_ament_install'
[0.298s] Level 1:colcon.colcon_core.package_identification:_identify(calibration/camera/kalibr/aslam_cv/aslam_cameras_april) by extensions ['colcon_pkg']
[0.298s] Level 1:colcon.colcon_core.package_identification:_identify(calibration/camera/kalibr/aslam_cv/aslam_cameras_april) by extension 'colcon_pkg'
[0.298s] Level 1:colcon.colcon_core.package_identification:_identify(calibration/camera/kalibr/aslam_cv/aslam_cameras_april) by extensions ['colcon_meta']
[0.298s] Level 1:colcon.colcon_core.package_identification:_identify(calibration/camera/kalibr/aslam_cv/aslam_cameras_april) by extension 'colcon_meta'
[0.298s] Level 1:colcon.colcon_core.package_identification:_identify(calibration/camera/kalibr/aslam_cv/aslam_cameras_april) by extensions ['ros']
[0.298s] Level 1:colcon.colcon_core.package_identification:_identify(calibration/camera/kalibr/aslam_cv/aslam_cameras_april) by extension 'ros'
[0.298s] DEBUG:colcon.colcon_core.package_identification:Package 'calibration/camera/kalibr/aslam_cv/aslam_cameras_april' with type 'ros.catkin' and name 'aslam_cameras_april'
[0.298s] Level 1:colcon.colcon_core.package_identification:_identify(calibration/camera/kalibr/aslam_cv/aslam_cv_backend) by extensions ['ignore', 'ignore_ament_install']
[0.298s] Level 1:colcon.colcon_core.package_identification:_identify(calibration/camera/kalibr/aslam_cv/aslam_cv_backend) by extension 'ignore'
[0.298s] Level 1:colcon.colcon_core.package_identification:_identify(calibration/camera/kalibr/aslam_cv/aslam_cv_backend) by extension 'ignore_ament_install'
[0.298s] Level 1:colcon.colcon_core.package_identification:_identify(calibration/camera/kalibr/aslam_cv/aslam_cv_backend) by extensions ['colcon_pkg']
[0.298s] Level 1:colcon.colcon_core.package_identification:_identify(calibration/camera/kalibr/aslam_cv/aslam_cv_backend) by extension 'colcon_pkg'
[0.298s] Level 1:colcon.colcon_core.package_identification:_identify(calibration/camera/kalibr/aslam_cv/aslam_cv_backend) by extensions ['colcon_meta']
[0.298s] Level 1:colcon.colcon_core.package_identification:_identify(calibration/camera/kalibr/aslam_cv/aslam_cv_backend) by extension 'colcon_meta'
[0.299s] Level 1:colcon.colcon_core.package_identification:_identify(calibration/camera/kalibr/aslam_cv/aslam_cv_backend) by extensions ['ros']
[0.299s] Level 1:colcon.colcon_core.package_identification:_identify(calibration/camera/kalibr/aslam_cv/aslam_cv_backend) by extension 'ros'
[0.299s] DEBUG:colcon.colcon_core.package_identification:Package 'calibration/camera/kalibr/aslam_cv/aslam_cv_backend' with type 'ros.catkin' and name 'aslam_cv_backend'
[0.299s] Level 1:colcon.colcon_core.package_identification:_identify(calibration/camera/kalibr/aslam_cv/aslam_cv_backend_python) by extensions ['ignore', 'ignore_ament_install']
[0.299s] Level 1:colcon.colcon_core.package_identification:_identify(calibration/camera/kalibr/aslam_cv/aslam_cv_backend_python) by extension 'ignore'
[0.299s] Level 1:colcon.colcon_core.package_identification:_identify(calibration/camera/kalibr/aslam_cv/aslam_cv_backend_python) by extension 'ignore_ament_install'
[0.299s] Level 1:colcon.colcon_core.package_identification:_identify(calibration/camera/kalibr/aslam_cv/aslam_cv_backend_python) by extensions ['colcon_pkg']
[0.299s] Level 1:colcon.colcon_core.package_identification:_identify(calibration/camera/kalibr/aslam_cv/aslam_cv_backend_python) by extension 'colcon_pkg'
[0.299s] Level 1:colcon.colcon_core.package_identification:_identify(calibration/camera/kalibr/aslam_cv/aslam_cv_backend_python) by extensions ['colcon_meta']
[0.299s] Level 1:colcon.colcon_core.package_identification:_identify(calibration/camera/kalibr/aslam_cv/aslam_cv_backend_python) by extension 'colcon_meta'
[0.299s] Level 1:colcon.colcon_core.package_identification:_identify(calibration/camera/kalibr/aslam_cv/aslam_cv_backend_python) by extensions ['ros']
[0.299s] Level 1:colcon.colcon_core.package_identification:_identify(calibration/camera/kalibr/aslam_cv/aslam_cv_backend_python) by extension 'ros'
[0.300s] DEBUG:colcon.colcon_core.package_identification:Package 'calibration/camera/kalibr/aslam_cv/aslam_cv_backend_python' with type 'ros.catkin' and name 'aslam_cv_backend_python'
[0.300s] Level 1:colcon.colcon_core.package_identification:_identify(calibration/camera/kalibr/aslam_cv/aslam_cv_error_terms) by extensions ['ignore', 'ignore_ament_install']
[0.300s] Level 1:colcon.colcon_core.package_identification:_identify(calibration/camera/kalibr/aslam_cv/aslam_cv_error_terms) by extension 'ignore'
[0.300s] Level 1:colcon.colcon_core.package_identification:_identify(calibration/camera/kalibr/aslam_cv/aslam_cv_error_terms) by extension 'ignore_ament_install'
[0.300s] Level 1:colcon.colcon_core.package_identification:_identify(calibration/camera/kalibr/aslam_cv/aslam_cv_error_terms) by extensions ['colcon_pkg']
[0.300s] Level 1:colcon.colcon_core.package_identification:_identify(calibration/camera/kalibr/aslam_cv/aslam_cv_error_terms) by extension 'colcon_pkg'
[0.300s] Level 1:colcon.colcon_core.package_identification:_identify(calibration/camera/kalibr/aslam_cv/aslam_cv_error_terms) by extensions ['colcon_meta']
[0.300s] Level 1:colcon.colcon_core.package_identification:_identify(calibration/camera/kalibr/aslam_cv/aslam_cv_error_terms) by extension 'colcon_meta'
[0.300s] Level 1:colcon.colcon_core.package_identification:_identify(calibration/camera/kalibr/aslam_cv/aslam_cv_error_terms) by extensions ['ros']
[0.300s] Level 1:colcon.colcon_core.package_identification:_identify(calibration/camera/kalibr/aslam_cv/aslam_cv_error_terms) by extension 'ros'
[0.301s] DEBUG:colcon.colcon_core.package_identification:Package 'calibration/camera/kalibr/aslam_cv/aslam_cv_error_terms' with type 'ros.catkin' and name 'aslam_cv_error_terms'
[0.301s] Level 1:colcon.colcon_core.package_identification:_identify(calibration/camera/kalibr/aslam_cv/aslam_cv_python) by extensions ['ignore', 'ignore_ament_install']
[0.301s] Level 1:colcon.colcon_core.package_identification:_identify(calibration/camera/kalibr/aslam_cv/aslam_cv_python) by extension 'ignore'
[0.301s] Level 1:colcon.colcon_core.package_identification:_identify(calibration/camera/kalibr/aslam_cv/aslam_cv_python) by extension 'ignore_ament_install'
[0.301s] Level 1:colcon.colcon_core.package_identification:_identify(calibration/camera/kalibr/aslam_cv/aslam_cv_python) by extensions ['colcon_pkg']
[0.301s] Level 1:colcon.colcon_core.package_identification:_identify(calibration/camera/kalibr/aslam_cv/aslam_cv_python) by extension 'colcon_pkg'
[0.301s] Level 1:colcon.colcon_core.package_identification:_identify(calibration/camera/kalibr/aslam_cv/aslam_cv_python) by extensions ['colcon_meta']
[0.301s] Level 1:colcon.colcon_core.package_identification:_identify(calibration/camera/kalibr/aslam_cv/aslam_cv_python) by extension 'colcon_meta'
[0.301s] Level 1:colcon.colcon_core.package_identification:_identify(calibration/camera/kalibr/aslam_cv/aslam_cv_python) by extensions ['ros']
[0.301s] Level 1:colcon.colcon_core.package_identification:_identify(calibration/camera/kalibr/aslam_cv/aslam_cv_python) by extension 'ros'
[0.301s] DEBUG:colcon.colcon_core.package_identification:Package 'calibration/camera/kalibr/aslam_cv/aslam_cv_python' with type 'ros.catkin' and name 'aslam_cv_python'
[0.301s] Level 1:colcon.colcon_core.package_identification:_identify(calibration/camera/kalibr/aslam_cv/aslam_cv_serialization) by extensions ['ignore', 'ignore_ament_install']
[0.301s] Level 1:colcon.colcon_core.package_identification:_identify(calibration/camera/kalibr/aslam_cv/aslam_cv_serialization) by extension 'ignore'
[0.301s] Level 1:colcon.colcon_core.package_identification:_identify(calibration/camera/kalibr/aslam_cv/aslam_cv_serialization) by extension 'ignore_ament_install'
[0.301s] Level 1:colcon.colcon_core.package_identification:_identify(calibration/camera/kalibr/aslam_cv/aslam_cv_serialization) by extensions ['colcon_pkg']
[0.301s] Level 1:colcon.colcon_core.package_identification:_identify(calibration/camera/kalibr/aslam_cv/aslam_cv_serialization) by extension 'colcon_pkg'
[0.301s] Level 1:colcon.colcon_core.package_identification:_identify(calibration/camera/kalibr/aslam_cv/aslam_cv_serialization) by extensions ['colcon_meta']
[0.301s] Level 1:colcon.colcon_core.package_identification:_identify(calibration/camera/kalibr/aslam_cv/aslam_cv_serialization) by extension 'colcon_meta'
[0.301s] Level 1:colcon.colcon_core.package_identification:_identify(calibration/camera/kalibr/aslam_cv/aslam_cv_serialization) by extensions ['ros']
[0.301s] Level 1:colcon.colcon_core.package_identification:_identify(calibration/camera/kalibr/aslam_cv/aslam_cv_serialization) by extension 'ros'
[0.302s] DEBUG:colcon.colcon_core.package_identification:Package 'calibration/camera/kalibr/aslam_cv/aslam_cv_serialization' with type 'ros.catkin' and name 'aslam_cv_serialization'
[0.302s] Level 1:colcon.colcon_core.package_identification:_identify(calibration/camera/kalibr/aslam_cv/aslam_imgproc) by extensions ['ignore', 'ignore_ament_install']
[0.302s] Level 1:colcon.colcon_core.package_identification:_identify(calibration/camera/kalibr/aslam_cv/aslam_imgproc) by extension 'ignore'
[0.302s] Level 1:colcon.colcon_core.package_identification:_identify(calibration/camera/kalibr/aslam_cv/aslam_imgproc) by extension 'ignore_ament_install'
[0.302s] Level 1:colcon.colcon_core.package_identification:_identify(calibration/camera/kalibr/aslam_cv/aslam_imgproc) by extensions ['colcon_pkg']
[0.302s] Level 1:colcon.colcon_core.package_identification:_identify(calibration/camera/kalibr/aslam_cv/aslam_imgproc) by extension 'colcon_pkg'
[0.302s] Level 1:colcon.colcon_core.package_identification:_identify(calibration/camera/kalibr/aslam_cv/aslam_imgproc) by extensions ['colcon_meta']
[0.302s] Level 1:colcon.colcon_core.package_identification:_identify(calibration/camera/kalibr/aslam_cv/aslam_imgproc) by extension 'colcon_meta'
[0.302s] Level 1:colcon.colcon_core.package_identification:_identify(calibration/camera/kalibr/aslam_cv/aslam_imgproc) by extensions ['ros']
[0.302s] Level 1:colcon.colcon_core.package_identification:_identify(calibration/camera/kalibr/aslam_cv/aslam_imgproc) by extension 'ros'
[0.303s] DEBUG:colcon.colcon_core.package_identification:Package 'calibration/camera/kalibr/aslam_cv/aslam_imgproc' with type 'ros.catkin' and name 'aslam_imgproc'
[0.303s] Level 1:colcon.colcon_core.package_identification:_identify(calibration/camera/kalibr/aslam_cv/aslam_time) by extensions ['ignore', 'ignore_ament_install']
[0.303s] Level 1:colcon.colcon_core.package_identification:_identify(calibration/camera/kalibr/aslam_cv/aslam_time) by extension 'ignore'
[0.303s] Level 1:colcon.colcon_core.package_identification:_identify(calibration/camera/kalibr/aslam_cv/aslam_time) by extension 'ignore_ament_install'
[0.303s] Level 1:colcon.colcon_core.package_identification:_identify(calibration/camera/kalibr/aslam_cv/aslam_time) by extensions ['colcon_pkg']
[0.303s] Level 1:colcon.colcon_core.package_identification:_identify(calibration/camera/kalibr/aslam_cv/aslam_time) by extension 'colcon_pkg'
[0.303s] Level 1:colcon.colcon_core.package_identification:_identify(calibration/camera/kalibr/aslam_cv/aslam_time) by extensions ['colcon_meta']
[0.303s] Level 1:colcon.colcon_core.package_identification:_identify(calibration/camera/kalibr/aslam_cv/aslam_time) by extension 'colcon_meta'
[0.303s] Level 1:colcon.colcon_core.package_identification:_identify(calibration/camera/kalibr/aslam_cv/aslam_time) by extensions ['ros']
[0.303s] Level 1:colcon.colcon_core.package_identification:_identify(calibration/camera/kalibr/aslam_cv/aslam_time) by extension 'ros'
[0.303s] DEBUG:colcon.colcon_core.package_identification:Package 'calibration/camera/kalibr/aslam_cv/aslam_time' with type 'ros.catkin' and name 'aslam_time'
[0.303s] Level 1:colcon.colcon_core.package_identification:_identify(calibration/camera/kalibr/aslam_incremental_calibration) by extensions ['ignore', 'ignore_ament_install']
[0.303s] Level 1:colcon.colcon_core.package_identification:_identify(calibration/camera/kalibr/aslam_incremental_calibration) by extension 'ignore'
[0.303s] Level 1:colcon.colcon_core.package_identification:_identify(calibration/camera/kalibr/aslam_incremental_calibration) by extension 'ignore_ament_install'
[0.304s] Level 1:colcon.colcon_core.package_identification:_identify(calibration/camera/kalibr/aslam_incremental_calibration) by extensions ['colcon_pkg']
[0.304s] Level 1:colcon.colcon_core.package_identification:_identify(calibration/camera/kalibr/aslam_incremental_calibration) by extension 'colcon_pkg'
[0.304s] Level 1:colcon.colcon_core.package_identification:_identify(calibration/camera/kalibr/aslam_incremental_calibration) by extensions ['colcon_meta']
[0.304s] Level 1:colcon.colcon_core.package_identification:_identify(calibration/camera/kalibr/aslam_incremental_calibration) by extension 'colcon_meta'
[0.304s] Level 1:colcon.colcon_core.package_identification:_identify(calibration/camera/kalibr/aslam_incremental_calibration) by extensions ['ros']
[0.304s] Level 1:colcon.colcon_core.package_identification:_identify(calibration/camera/kalibr/aslam_incremental_calibration) by extension 'ros'
[0.304s] Level 1:colcon.colcon_core.package_identification:_identify(calibration/camera/kalibr/aslam_incremental_calibration) by extensions ['cmake', 'python']
[0.304s] Level 1:colcon.colcon_core.package_identification:_identify(calibration/camera/kalibr/aslam_incremental_calibration) by extension 'cmake'
[0.304s] Level 1:colcon.colcon_core.package_identification:_identify(calibration/camera/kalibr/aslam_incremental_calibration) by extension 'python'
[0.304s] Level 1:colcon.colcon_core.package_identification:_identify(calibration/camera/kalibr/aslam_incremental_calibration) by extensions ['python_setup_py']
[0.304s] Level 1:colcon.colcon_core.package_identification:_identify(calibration/camera/kalibr/aslam_incremental_calibration) by extension 'python_setup_py'
[0.304s] Level 1:colcon.colcon_core.package_identification:_identify(calibration/camera/kalibr/aslam_incremental_calibration/incremental_calibration) by extensions ['ignore', 'ignore_ament_install']
[0.304s] Level 1:colcon.colcon_core.package_identification:_identify(calibration/camera/kalibr/aslam_incremental_calibration/incremental_calibration) by extension 'ignore'
[0.304s] Level 1:colcon.colcon_core.package_identification:_identify(calibration/camera/kalibr/aslam_incremental_calibration/incremental_calibration) by extension 'ignore_ament_install'
[0.304s] Level 1:colcon.colcon_core.package_identification:_identify(calibration/camera/kalibr/aslam_incremental_calibration/incremental_calibration) by extensions ['colcon_pkg']
[0.304s] Level 1:colcon.colcon_core.package_identification:_identify(calibration/camera/kalibr/aslam_incremental_calibration/incremental_calibration) by extension 'colcon_pkg'
[0.304s] Level 1:colcon.colcon_core.package_identification:_identify(calibration/camera/kalibr/aslam_incremental_calibration/incremental_calibration) by extensions ['colcon_meta']
[0.304s] Level 1:colcon.colcon_core.package_identification:_identify(calibration/camera/kalibr/aslam_incremental_calibration/incremental_calibration) by extension 'colcon_meta'
[0.304s] Level 1:colcon.colcon_core.package_identification:_identify(calibration/camera/kalibr/aslam_incremental_calibration/incremental_calibration) by extensions ['ros']
[0.304s] Level 1:colcon.colcon_core.package_identification:_identify(calibration/camera/kalibr/aslam_incremental_calibration/incremental_calibration) by extension 'ros'
[0.304s] DEBUG:colcon.colcon_core.package_identification:Package 'calibration/camera/kalibr/aslam_incremental_calibration/incremental_calibration' with type 'ros.catkin' and name 'incremental_calibration'
[0.305s] Level 1:colcon.colcon_core.package_identification:_identify(calibration/camera/kalibr/aslam_incremental_calibration/incremental_calibration_python) by extensions ['ignore', 'ignore_ament_install']
[0.305s] Level 1:colcon.colcon_core.package_identification:_identify(calibration/camera/kalibr/aslam_incremental_calibration/incremental_calibration_python) by extension 'ignore'
[0.305s] Level 1:colcon.colcon_core.package_identification:_identify(calibration/camera/kalibr/aslam_incremental_calibration/incremental_calibration_python) by extension 'ignore_ament_install'
[0.305s] Level 1:colcon.colcon_core.package_identification:_identify(calibration/camera/kalibr/aslam_incremental_calibration/incremental_calibration_python) by extensions ['colcon_pkg']
[0.305s] Level 1:colcon.colcon_core.package_identification:_identify(calibration/camera/kalibr/aslam_incremental_calibration/incremental_calibration_python) by extension 'colcon_pkg'
[0.305s] Level 1:colcon.colcon_core.package_identification:_identify(calibration/camera/kalibr/aslam_incremental_calibration/incremental_calibration_python) by extensions ['colcon_meta']
[0.305s] Level 1:colcon.colcon_core.package_identification:_identify(calibration/camera/kalibr/aslam_incremental_calibration/incremental_calibration_python) by extension 'colcon_meta'
[0.305s] Level 1:colcon.colcon_core.package_identification:_identify(calibration/camera/kalibr/aslam_incremental_calibration/incremental_calibration_python) by extensions ['ros']
[0.305s] Level 1:colcon.colcon_core.package_identification:_identify(calibration/camera/kalibr/aslam_incremental_calibration/incremental_calibration_python) by extension 'ros'
[0.305s] DEBUG:colcon.colcon_core.package_identification:Package 'calibration/camera/kalibr/aslam_incremental_calibration/incremental_calibration_python' with type 'ros.catkin' and name 'incremental_calibration_python'
[0.305s] Level 1:colcon.colcon_core.package_identification:_identify(calibration/camera/kalibr/aslam_nonparametric_estimation) by extensions ['ignore', 'ignore_ament_install']
[0.305s] Level 1:colcon.colcon_core.package_identification:_identify(calibration/camera/kalibr/aslam_nonparametric_estimation) by extension 'ignore'
[0.305s] Level 1:colcon.colcon_core.package_identification:_identify(calibration/camera/kalibr/aslam_nonparametric_estimation) by extension 'ignore_ament_install'
[0.305s] Level 1:colcon.colcon_core.package_identification:_identify(calibration/camera/kalibr/aslam_nonparametric_estimation) by extensions ['colcon_pkg']
[0.305s] Level 1:colcon.colcon_core.package_identification:_identify(calibration/camera/kalibr/aslam_nonparametric_estimation) by extension 'colcon_pkg'
[0.305s] Level 1:colcon.colcon_core.package_identification:_identify(calibration/camera/kalibr/aslam_nonparametric_estimation) by extensions ['colcon_meta']
[0.305s] Level 1:colcon.colcon_core.package_identification:_identify(calibration/camera/kalibr/aslam_nonparametric_estimation) by extension 'colcon_meta'
[0.305s] Level 1:colcon.colcon_core.package_identification:_identify(calibration/camera/kalibr/aslam_nonparametric_estimation) by extensions ['ros']
[0.305s] Level 1:colcon.colcon_core.package_identification:_identify(calibration/camera/kalibr/aslam_nonparametric_estimation) by extension 'ros'
[0.305s] Level 1:colcon.colcon_core.package_identification:_identify(calibration/camera/kalibr/aslam_nonparametric_estimation) by extensions ['cmake', 'python']
[0.305s] Level 1:colcon.colcon_core.package_identification:_identify(calibration/camera/kalibr/aslam_nonparametric_estimation) by extension 'cmake'
[0.306s] Level 1:colcon.colcon_core.package_identification:_identify(calibration/camera/kalibr/aslam_nonparametric_estimation) by extension 'python'
[0.306s] Level 1:colcon.colcon_core.package_identification:_identify(calibration/camera/kalibr/aslam_nonparametric_estimation) by extensions ['python_setup_py']
[0.306s] Level 1:colcon.colcon_core.package_identification:_identify(calibration/camera/kalibr/aslam_nonparametric_estimation) by extension 'python_setup_py'
[0.306s] Level 1:colcon.colcon_core.package_identification:_identify(calibration/camera/kalibr/aslam_nonparametric_estimation/aslam_splines) by extensions ['ignore', 'ignore_ament_install']
[0.306s] Level 1:colcon.colcon_core.package_identification:_identify(calibration/camera/kalibr/aslam_nonparametric_estimation/aslam_splines) by extension 'ignore'
[0.306s] Level 1:colcon.colcon_core.package_identification:_identify(calibration/camera/kalibr/aslam_nonparametric_estimation/aslam_splines) by extension 'ignore_ament_install'
[0.306s] Level 1:colcon.colcon_core.package_identification:_identify(calibration/camera/kalibr/aslam_nonparametric_estimation/aslam_splines) by extensions ['colcon_pkg']
[0.306s] Level 1:colcon.colcon_core.package_identification:_identify(calibration/camera/kalibr/aslam_nonparametric_estimation/aslam_splines) by extension 'colcon_pkg'
[0.306s] Level 1:colcon.colcon_core.package_identification:_identify(calibration/camera/kalibr/aslam_nonparametric_estimation/aslam_splines) by extensions ['colcon_meta']
[0.306s] Level 1:colcon.colcon_core.package_identification:_identify(calibration/camera/kalibr/aslam_nonparametric_estimation/aslam_splines) by extension 'colcon_meta'
[0.306s] Level 1:colcon.colcon_core.package_identification:_identify(calibration/camera/kalibr/aslam_nonparametric_estimation/aslam_splines) by extensions ['ros']
[0.306s] Level 1:colcon.colcon_core.package_identification:_identify(calibration/camera/kalibr/aslam_nonparametric_estimation/aslam_splines) by extension 'ros'
[0.307s] DEBUG:colcon.colcon_core.package_identification:Package 'calibration/camera/kalibr/aslam_nonparametric_estimation/aslam_splines' with type 'ros.catkin' and name 'aslam_splines'
[0.307s] Level 1:colcon.colcon_core.package_identification:_identify(calibration/camera/kalibr/aslam_nonparametric_estimation/aslam_splines_python) by extensions ['ignore', 'ignore_ament_install']
[0.307s] Level 1:colcon.colcon_core.package_identification:_identify(calibration/camera/kalibr/aslam_nonparametric_estimation/aslam_splines_python) by extension 'ignore'
[0.307s] Level 1:colcon.colcon_core.package_identification:_identify(calibration/camera/kalibr/aslam_nonparametric_estimation/aslam_splines_python) by extension 'ignore_ament_install'
[0.307s] Level 1:colcon.colcon_core.package_identification:_identify(calibration/camera/kalibr/aslam_nonparametric_estimation/aslam_splines_python) by extensions ['colcon_pkg']
[0.307s] Level 1:colcon.colcon_core.package_identification:_identify(calibration/camera/kalibr/aslam_nonparametric_estimation/aslam_splines_python) by extension 'colcon_pkg'
[0.307s] Level 1:colcon.colcon_core.package_identification:_identify(calibration/camera/kalibr/aslam_nonparametric_estimation/aslam_splines_python) by extensions ['colcon_meta']
[0.307s] Level 1:colcon.colcon_core.package_identification:_identify(calibration/camera/kalibr/aslam_nonparametric_estimation/aslam_splines_python) by extension 'colcon_meta'
[0.307s] Level 1:colcon.colcon_core.package_identification:_identify(calibration/camera/kalibr/aslam_nonparametric_estimation/aslam_splines_python) by extensions ['ros']
[0.307s] Level 1:colcon.colcon_core.package_identification:_identify(calibration/camera/kalibr/aslam_nonparametric_estimation/aslam_splines_python) by extension 'ros'
[0.307s] DEBUG:colcon.colcon_core.package_identification:Package 'calibration/camera/kalibr/aslam_nonparametric_estimation/aslam_splines_python' with type 'ros.catkin' and name 'aslam_splines_python'
[0.308s] Level 1:colcon.colcon_core.package_identification:_identify(calibration/camera/kalibr/aslam_nonparametric_estimation/bsplines) by extensions ['ignore', 'ignore_ament_install']
[0.308s] Level 1:colcon.colcon_core.package_identification:_identify(calibration/camera/kalibr/aslam_nonparametric_estimation/bsplines) by extension 'ignore'
[0.308s] Level 1:colcon.colcon_core.package_identification:_identify(calibration/camera/kalibr/aslam_nonparametric_estimation/bsplines) by extension 'ignore_ament_install'
[0.308s] Level 1:colcon.colcon_core.package_identification:_identify(calibration/camera/kalibr/aslam_nonparametric_estimation/bsplines) by extensions ['colcon_pkg']
[0.308s] Level 1:colcon.colcon_core.package_identification:_identify(calibration/camera/kalibr/aslam_nonparametric_estimation/bsplines) by extension 'colcon_pkg'
[0.308s] Level 1:colcon.colcon_core.package_identification:_identify(calibration/camera/kalibr/aslam_nonparametric_estimation/bsplines) by extensions ['colcon_meta']
[0.308s] Level 1:colcon.colcon_core.package_identification:_identify(calibration/camera/kalibr/aslam_nonparametric_estimation/bsplines) by extension 'colcon_meta'
[0.308s] Level 1:colcon.colcon_core.package_identification:_identify(calibration/camera/kalibr/aslam_nonparametric_estimation/bsplines) by extensions ['ros']
[0.308s] Level 1:colcon.colcon_core.package_identification:_identify(calibration/camera/kalibr/aslam_nonparametric_estimation/bsplines) by extension 'ros'
[0.308s] DEBUG:colcon.colcon_core.package_identification:Package 'calibration/camera/kalibr/aslam_nonparametric_estimation/bsplines' with type 'ros.catkin' and name 'bsplines'
[0.308s] Level 1:colcon.colcon_core.package_identification:_identify(calibration/camera/kalibr/aslam_nonparametric_estimation/bsplines_python) by extensions ['ignore', 'ignore_ament_install']
[0.308s] Level 1:colcon.colcon_core.package_identification:_identify(calibration/camera/kalibr/aslam_nonparametric_estimation/bsplines_python) by extension 'ignore'
[0.308s] Level 1:colcon.colcon_core.package_identification:_identify(calibration/camera/kalibr/aslam_nonparametric_estimation/bsplines_python) by extension 'ignore_ament_install'
[0.308s] Level 1:colcon.colcon_core.package_identification:_identify(calibration/camera/kalibr/aslam_nonparametric_estimation/bsplines_python) by extensions ['colcon_pkg']
[0.308s] Level 1:colcon.colcon_core.package_identification:_identify(calibration/camera/kalibr/aslam_nonparametric_estimation/bsplines_python) by extension 'colcon_pkg'
[0.308s] Level 1:colcon.colcon_core.package_identification:_identify(calibration/camera/kalibr/aslam_nonparametric_estimation/bsplines_python) by extensions ['colcon_meta']
[0.308s] Level 1:colcon.colcon_core.package_identification:_identify(calibration/camera/kalibr/aslam_nonparametric_estimation/bsplines_python) by extension 'colcon_meta'
[0.308s] Level 1:colcon.colcon_core.package_identification:_identify(calibration/camera/kalibr/aslam_nonparametric_estimation/bsplines_python) by extensions ['ros']
[0.309s] Level 1:colcon.colcon_core.package_identification:_identify(calibration/camera/kalibr/aslam_nonparametric_estimation/bsplines_python) by extension 'ros'
[0.309s] DEBUG:colcon.colcon_core.package_identification:Package 'calibration/camera/kalibr/aslam_nonparametric_estimation/bsplines_python' with type 'ros.catkin' and name 'bsplines_python'
[0.309s] Level 1:colcon.colcon_core.package_identification:_identify(calibration/camera/kalibr/aslam_offline_calibration) by extensions ['ignore', 'ignore_ament_install']
[0.309s] Level 1:colcon.colcon_core.package_identification:_identify(calibration/camera/kalibr/aslam_offline_calibration) by extension 'ignore'
[0.309s] Level 1:colcon.colcon_core.package_identification:_identify(calibration/camera/kalibr/aslam_offline_calibration) by extension 'ignore_ament_install'
[0.309s] Level 1:colcon.colcon_core.package_identification:_identify(calibration/camera/kalibr/aslam_offline_calibration) by extensions ['colcon_pkg']
[0.309s] Level 1:colcon.colcon_core.package_identification:_identify(calibration/camera/kalibr/aslam_offline_calibration) by extension 'colcon_pkg'
[0.309s] Level 1:colcon.colcon_core.package_identification:_identify(calibration/camera/kalibr/aslam_offline_calibration) by extensions ['colcon_meta']
[0.309s] Level 1:colcon.colcon_core.package_identification:_identify(calibration/camera/kalibr/aslam_offline_calibration) by extension 'colcon_meta'
[0.309s] Level 1:colcon.colcon_core.package_identification:_identify(calibration/camera/kalibr/aslam_offline_calibration) by extensions ['ros']
[0.309s] Level 1:colcon.colcon_core.package_identification:_identify(calibration/camera/kalibr/aslam_offline_calibration) by extension 'ros'
[0.309s] Level 1:colcon.colcon_core.package_identification:_identify(calibration/camera/kalibr/aslam_offline_calibration) by extensions ['cmake', 'python']
[0.309s] Level 1:colcon.colcon_core.package_identification:_identify(calibration/camera/kalibr/aslam_offline_calibration) by extension 'cmake'
[0.309s] Level 1:colcon.colcon_core.package_identification:_identify(calibration/camera/kalibr/aslam_offline_calibration) by extension 'python'
[0.309s] Level 1:colcon.colcon_core.package_identification:_identify(calibration/camera/kalibr/aslam_offline_calibration) by extensions ['python_setup_py']
[0.309s] Level 1:colcon.colcon_core.package_identification:_identify(calibration/camera/kalibr/aslam_offline_calibration) by extension 'python_setup_py'
[0.309s] Level 1:colcon.colcon_core.package_identification:_identify(calibration/camera/kalibr/aslam_offline_calibration/ethz_apriltag2) by extensions ['ignore', 'ignore_ament_install']
[0.309s] Level 1:colcon.colcon_core.package_identification:_identify(calibration/camera/kalibr/aslam_offline_calibration/ethz_apriltag2) by extension 'ignore'
[0.309s] Level 1:colcon.colcon_core.package_identification:_identify(calibration/camera/kalibr/aslam_offline_calibration/ethz_apriltag2) by extension 'ignore_ament_install'
[0.309s] Level 1:colcon.colcon_core.package_identification:_identify(calibration/camera/kalibr/aslam_offline_calibration/ethz_apriltag2) by extensions ['colcon_pkg']
[0.310s] Level 1:colcon.colcon_core.package_identification:_identify(calibration/camera/kalibr/aslam_offline_calibration/ethz_apriltag2) by extension 'colcon_pkg'
[0.310s] Level 1:colcon.colcon_core.package_identification:_identify(calibration/camera/kalibr/aslam_offline_calibration/ethz_apriltag2) by extensions ['colcon_meta']
[0.310s] Level 1:colcon.colcon_core.package_identification:_identify(calibration/camera/kalibr/aslam_offline_calibration/ethz_apriltag2) by extension 'colcon_meta'
[0.310s] Level 1:colcon.colcon_core.package_identification:_identify(calibration/camera/kalibr/aslam_offline_calibration/ethz_apriltag2) by extensions ['ros']
[0.310s] Level 1:colcon.colcon_core.package_identification:_identify(calibration/camera/kalibr/aslam_offline_calibration/ethz_apriltag2) by extension 'ros'
[0.310s] DEBUG:colcon.colcon_core.package_identification:Package 'calibration/camera/kalibr/aslam_offline_calibration/ethz_apriltag2' with type 'ros.catkin' and name 'ethz_apriltag2'
[0.310s] Level 1:colcon.colcon_core.package_identification:_identify(calibration/camera/kalibr/aslam_offline_calibration/kalibr) by extensions ['ignore', 'ignore_ament_install']
[0.310s] Level 1:colcon.colcon_core.package_identification:_identify(calibration/camera/kalibr/aslam_offline_calibration/kalibr) by extension 'ignore'
[0.310s] Level 1:colcon.colcon_core.package_identification:_identify(calibration/camera/kalibr/aslam_offline_calibration/kalibr) by extension 'ignore_ament_install'
[0.310s] Level 1:colcon.colcon_core.package_identification:_identify(calibration/camera/kalibr/aslam_offline_calibration/kalibr) by extensions ['colcon_pkg']
[0.310s] Level 1:colcon.colcon_core.package_identification:_identify(calibration/camera/kalibr/aslam_offline_calibration/kalibr) by extension 'colcon_pkg'
[0.310s] Level 1:colcon.colcon_core.package_identification:_identify(calibration/camera/kalibr/aslam_offline_calibration/kalibr) by extensions ['colcon_meta']
[0.310s] Level 1:colcon.colcon_core.package_identification:_identify(calibration/camera/kalibr/aslam_offline_calibration/kalibr) by extension 'colcon_meta'
[0.310s] Level 1:colcon.colcon_core.package_identification:_identify(calibration/camera/kalibr/aslam_offline_calibration/kalibr) by extensions ['ros']
[0.310s] Level 1:colcon.colcon_core.package_identification:_identify(calibration/camera/kalibr/aslam_offline_calibration/kalibr) by extension 'ros'
[0.311s] DEBUG:colcon.colcon_core.package_identification:Package 'calibration/camera/kalibr/aslam_offline_calibration/kalibr' with type 'ros.catkin' and name 'kalibr'
[0.311s] Level 1:colcon.colcon_core.package_identification:_identify(calibration/camera/kalibr/aslam_optimizer) by extensions ['ignore', 'ignore_ament_install']
[0.311s] Level 1:colcon.colcon_core.package_identification:_identify(calibration/camera/kalibr/aslam_optimizer) by extension 'ignore'
[0.311s] Level 1:colcon.colcon_core.package_identification:_identify(calibration/camera/kalibr/aslam_optimizer) by extension 'ignore_ament_install'
[0.311s] Level 1:colcon.colcon_core.package_identification:_identify(calibration/camera/kalibr/aslam_optimizer) by extensions ['colcon_pkg']
[0.311s] Level 1:colcon.colcon_core.package_identification:_identify(calibration/camera/kalibr/aslam_optimizer) by extension 'colcon_pkg'
[0.311s] Level 1:colcon.colcon_core.package_identification:_identify(calibration/camera/kalibr/aslam_optimizer) by extensions ['colcon_meta']
[0.311s] Level 1:colcon.colcon_core.package_identification:_identify(calibration/camera/kalibr/aslam_optimizer) by extension 'colcon_meta'
[0.311s] Level 1:colcon.colcon_core.package_identification:_identify(calibration/camera/kalibr/aslam_optimizer) by extensions ['ros']
[0.311s] Level 1:colcon.colcon_core.package_identification:_identify(calibration/camera/kalibr/aslam_optimizer) by extension 'ros'
[0.311s] Level 1:colcon.colcon_core.package_identification:_identify(calibration/camera/kalibr/aslam_optimizer) by extensions ['cmake', 'python']
[0.311s] Level 1:colcon.colcon_core.package_identification:_identify(calibration/camera/kalibr/aslam_optimizer) by extension 'cmake'
[0.311s] Level 1:colcon.colcon_core.package_identification:_identify(calibration/camera/kalibr/aslam_optimizer) by extension 'python'
[0.311s] Level 1:colcon.colcon_core.package_identification:_identify(calibration/camera/kalibr/aslam_optimizer) by extensions ['python_setup_py']
[0.311s] Level 1:colcon.colcon_core.package_identification:_identify(calibration/camera/kalibr/aslam_optimizer) by extension 'python_setup_py'
[0.311s] Level 1:colcon.colcon_core.package_identification:_identify(calibration/camera/kalibr/aslam_optimizer/aslam_backend) by extensions ['ignore', 'ignore_ament_install']
[0.311s] Level 1:colcon.colcon_core.package_identification:_identify(calibration/camera/kalibr/aslam_optimizer/aslam_backend) by extension 'ignore'
[0.311s] Level 1:colcon.colcon_core.package_identification:_identify(calibration/camera/kalibr/aslam_optimizer/aslam_backend) by extension 'ignore_ament_install'
[0.311s] Level 1:colcon.colcon_core.package_identification:_identify(calibration/camera/kalibr/aslam_optimizer/aslam_backend) by extensions ['colcon_pkg']
[0.311s] Level 1:colcon.colcon_core.package_identification:_identify(calibration/camera/kalibr/aslam_optimizer/aslam_backend) by extension 'colcon_pkg'
[0.311s] Level 1:colcon.colcon_core.package_identification:_identify(calibration/camera/kalibr/aslam_optimizer/aslam_backend) by extensions ['colcon_meta']
[0.311s] Level 1:colcon.colcon_core.package_identification:_identify(calibration/camera/kalibr/aslam_optimizer/aslam_backend) by extension 'colcon_meta'
[0.311s] Level 1:colcon.colcon_core.package_identification:_identify(calibration/camera/kalibr/aslam_optimizer/aslam_backend) by extensions ['ros']
[0.312s] Level 1:colcon.colcon_core.package_identification:_identify(calibration/camera/kalibr/aslam_optimizer/aslam_backend) by extension 'ros'
[0.312s] DEBUG:colcon.colcon_core.package_identification:Package 'calibration/camera/kalibr/aslam_optimizer/aslam_backend' with type 'ros.catkin' and name 'aslam_backend'
[0.312s] Level 1:colcon.colcon_core.package_identification:_identify(calibration/camera/kalibr/aslam_optimizer/aslam_backend_expressions) by extensions ['ignore', 'ignore_ament_install']
[0.312s] Level 1:colcon.colcon_core.package_identification:_identify(calibration/camera/kalibr/aslam_optimizer/aslam_backend_expressions) by extension 'ignore'
[0.312s] Level 1:colcon.colcon_core.package_identification:_identify(calibration/camera/kalibr/aslam_optimizer/aslam_backend_expressions) by extension 'ignore_ament_install'
[0.312s] Level 1:colcon.colcon_core.package_identification:_identify(calibration/camera/kalibr/aslam_optimizer/aslam_backend_expressions) by extensions ['colcon_pkg']
[0.312s] Level 1:colcon.colcon_core.package_identification:_identify(calibration/camera/kalibr/aslam_optimizer/aslam_backend_expressions) by extension 'colcon_pkg'
[0.312s] Level 1:colcon.colcon_core.package_identification:_identify(calibration/camera/kalibr/aslam_optimizer/aslam_backend_expressions) by extensions ['colcon_meta']
[0.312s] Level 1:colcon.colcon_core.package_identification:_identify(calibration/camera/kalibr/aslam_optimizer/aslam_backend_expressions) by extension 'colcon_meta'
[0.312s] Level 1:colcon.colcon_core.package_identification:_identify(calibration/camera/kalibr/aslam_optimizer/aslam_backend_expressions) by extensions ['ros']
[0.312s] Level 1:colcon.colcon_core.package_identification:_identify(calibration/camera/kalibr/aslam_optimizer/aslam_backend_expressions) by extension 'ros'
[0.313s] DEBUG:colcon.colcon_core.package_identification:Package 'calibration/camera/kalibr/aslam_optimizer/aslam_backend_expressions' with type 'ros.catkin' and name 'aslam_backend_expressions'
[0.313s] Level 1:colcon.colcon_core.package_identification:_identify(calibration/camera/kalibr/aslam_optimizer/aslam_backend_python) by extensions ['ignore', 'ignore_ament_install']
[0.313s] Level 1:colcon.colcon_core.package_identification:_identify(calibration/camera/kalibr/aslam_optimizer/aslam_backend_python) by extension 'ignore'
[0.313s] Level 1:colcon.colcon_core.package_identification:_identify(calibration/camera/kalibr/aslam_optimizer/aslam_backend_python) by extension 'ignore_ament_install'
[0.313s] Level 1:colcon.colcon_core.package_identification:_identify(calibration/camera/kalibr/aslam_optimizer/aslam_backend_python) by extensions ['colcon_pkg']
[0.313s] Level 1:colcon.colcon_core.package_identification:_identify(calibration/camera/kalibr/aslam_optimizer/aslam_backend_python) by extension 'colcon_pkg'
[0.313s] Level 1:colcon.colcon_core.package_identification:_identify(calibration/camera/kalibr/aslam_optimizer/aslam_backend_python) by extensions ['colcon_meta']
[0.313s] Level 1:colcon.colcon_core.package_identification:_identify(calibration/camera/kalibr/aslam_optimizer/aslam_backend_python) by extension 'colcon_meta'
[0.313s] Level 1:colcon.colcon_core.package_identification:_identify(calibration/camera/kalibr/aslam_optimizer/aslam_backend_python) by extensions ['ros']
[0.313s] Level 1:colcon.colcon_core.package_identification:_identify(calibration/camera/kalibr/aslam_optimizer/aslam_backend_python) by extension 'ros'
[0.314s] DEBUG:colcon.colcon_core.package_identification:Package 'calibration/camera/kalibr/aslam_optimizer/aslam_backend_python' with type 'ros.catkin' and name 'aslam_backend_python'
[0.314s] Level 1:colcon.colcon_core.package_identification:_identify(calibration/camera/kalibr/aslam_optimizer/sparse_block_matrix) by extensions ['ignore', 'ignore_ament_install']
[0.314s] Level 1:colcon.colcon_core.package_identification:_identify(calibration/camera/kalibr/aslam_optimizer/sparse_block_matrix) by extension 'ignore'
[0.314s] Level 1:colcon.colcon_core.package_identification:_identify(calibration/camera/kalibr/aslam_optimizer/sparse_block_matrix) by extension 'ignore_ament_install'
[0.314s] Level 1:colcon.colcon_core.package_identification:_identify(calibration/camera/kalibr/aslam_optimizer/sparse_block_matrix) by extensions ['colcon_pkg']
[0.314s] Level 1:colcon.colcon_core.package_identification:_identify(calibration/camera/kalibr/aslam_optimizer/sparse_block_matrix) by extension 'colcon_pkg'
[0.314s] Level 1:colcon.colcon_core.package_identification:_identify(calibration/camera/kalibr/aslam_optimizer/sparse_block_matrix) by extensions ['colcon_meta']
[0.314s] Level 1:colcon.colcon_core.package_identification:_identify(calibration/camera/kalibr/aslam_optimizer/sparse_block_matrix) by extension 'colcon_meta'
[0.314s] Level 1:colcon.colcon_core.package_identification:_identify(calibration/camera/kalibr/aslam_optimizer/sparse_block_matrix) by extensions ['ros']
[0.314s] Level 1:colcon.colcon_core.package_identification:_identify(calibration/camera/kalibr/aslam_optimizer/sparse_block_matrix) by extension 'ros'
[0.314s] DEBUG:colcon.colcon_core.package_identification:Package 'calibration/camera/kalibr/aslam_optimizer/sparse_block_matrix' with type 'ros.catkin' and name 'sparse_block_matrix'
[0.314s] Level 1:colcon.colcon_core.package_identification:_identify(calibration/camera/kalibr/catkin_simple) by extensions ['ignore', 'ignore_ament_install']
[0.314s] Level 1:colcon.colcon_core.package_identification:_identify(calibration/camera/kalibr/catkin_simple) by extension 'ignore'
[0.314s] Level 1:colcon.colcon_core.package_identification:_identify(calibration/camera/kalibr/catkin_simple) by extension 'ignore_ament_install'
[0.315s] Level 1:colcon.colcon_core.package_identification:_identify(calibration/camera/kalibr/catkin_simple) by extensions ['colcon_pkg']
[0.315s] Level 1:colcon.colcon_core.package_identification:_identify(calibration/camera/kalibr/catkin_simple) by extension 'colcon_pkg'
[0.315s] Level 1:colcon.colcon_core.package_identification:_identify(calibration/camera/kalibr/catkin_simple) by extensions ['colcon_meta']
[0.315s] Level 1:colcon.colcon_core.package_identification:_identify(calibration/camera/kalibr/catkin_simple) by extension 'colcon_meta'
[0.315s] Level 1:colcon.colcon_core.package_identification:_identify(calibration/camera/kalibr/catkin_simple) by extensions ['ros']
[0.315s] Level 1:colcon.colcon_core.package_identification:_identify(calibration/camera/kalibr/catkin_simple) by extension 'ros'
[0.315s] DEBUG:colcon.colcon_core.package_identification:Package 'calibration/camera/kalibr/catkin_simple' with type 'ros.catkin' and name 'catkin_simple'
[0.315s] Level 1:colcon.colcon_core.package_identification:_identify(calibration/camera/kalibr/opencv2_catkin) by extensions ['ignore', 'ignore_ament_install']
[0.315s] Level 1:colcon.colcon_core.package_identification:_identify(calibration/camera/kalibr/opencv2_catkin) by extension 'ignore'
[0.315s] Level 1:colcon.colcon_core.package_identification:_identify(calibration/camera/kalibr/opencv2_catkin) by extension 'ignore_ament_install'
[0.315s] Level 1:colcon.colcon_core.package_identification:_identify(calibration/camera/kalibr/opencv2_catkin) by extensions ['colcon_pkg']
[0.315s] Level 1:colcon.colcon_core.package_identification:_identify(calibration/camera/kalibr/opencv2_catkin) by extension 'colcon_pkg'
[0.315s] Level 1:colcon.colcon_core.package_identification:_identify(calibration/camera/kalibr/opencv2_catkin) by extensions ['colcon_meta']
[0.315s] Level 1:colcon.colcon_core.package_identification:_identify(calibration/camera/kalibr/opencv2_catkin) by extension 'colcon_meta'
[0.315s] Level 1:colcon.colcon_core.package_identification:_identify(calibration/camera/kalibr/opencv2_catkin) by extensions ['ros']
[0.315s] Level 1:colcon.colcon_core.package_identification:_identify(calibration/camera/kalibr/opencv2_catkin) by extension 'ros'
[0.316s] DEBUG:colcon.colcon_core.package_identification:Package 'calibration/camera/kalibr/opencv2_catkin' with type 'ros.catkin' and name 'opencv2_catkin'
[0.316s] Level 1:colcon.colcon_core.package_identification:_identify(calibration/imu) by extensions ['ignore', 'ignore_ament_install']
[0.316s] Level 1:colcon.colcon_core.package_identification:_identify(calibration/imu) by extension 'ignore'
[0.316s] Level 1:colcon.colcon_core.package_identification:_identify(calibration/imu) by extension 'ignore_ament_install'
[0.316s] Level 1:colcon.colcon_core.package_identification:_identify(calibration/imu) by extensions ['colcon_pkg']
[0.316s] Level 1:colcon.colcon_core.package_identification:_identify(calibration/imu) by extension 'colcon_pkg'
[0.316s] Level 1:colcon.colcon_core.package_identification:_identify(calibration/imu) by extensions ['colcon_meta']
[0.316s] Level 1:colcon.colcon_core.package_identification:_identify(calibration/imu) by extension 'colcon_meta'
[0.316s] Level 1:colcon.colcon_core.package_identification:_identify(calibration/imu) by extensions ['ros']
[0.316s] Level 1:colcon.colcon_core.package_identification:_identify(calibration/imu) by extension 'ros'
[0.316s] Level 1:colcon.colcon_core.package_identification:_identify(calibration/imu) by extensions ['cmake', 'python']
[0.316s] Level 1:colcon.colcon_core.package_identification:_identify(calibration/imu) by extension 'cmake'
[0.316s] Level 1:colcon.colcon_core.package_identification:_identify(calibration/imu) by extension 'python'
[0.316s] Level 1:colcon.colcon_core.package_identification:_identify(calibration/imu) by extensions ['python_setup_py']
[0.316s] Level 1:colcon.colcon_core.package_identification:_identify(calibration/imu) by extension 'python_setup_py'
[0.316s] Level 1:colcon.colcon_core.package_identification:_identify(calibration/imu/imu_bias) by extensions ['ignore', 'ignore_ament_install']
[0.316s] Level 1:colcon.colcon_core.package_identification:_identify(calibration/imu/imu_bias) by extension 'ignore'
[0.316s] Level 1:colcon.colcon_core.package_identification:_identify(calibration/imu/imu_bias) by extension 'ignore_ament_install'
[0.316s] Level 1:colcon.colcon_core.package_identification:_identify(calibration/imu/imu_bias) by extensions ['colcon_pkg']
[0.316s] Level 1:colcon.colcon_core.package_identification:_identify(calibration/imu/imu_bias) by extension 'colcon_pkg'
[0.316s] Level 1:colcon.colcon_core.package_identification:_identify(calibration/imu/imu_bias) by extensions ['colcon_meta']
[0.316s] Level 1:colcon.colcon_core.package_identification:_identify(calibration/imu/imu_bias) by extension 'colcon_meta'
[0.316s] Level 1:colcon.colcon_core.package_identification:_identify(calibration/imu/imu_bias) by extensions ['ros']
[0.316s] Level 1:colcon.colcon_core.package_identification:_identify(calibration/imu/imu_bias) by extension 'ros'
[0.316s] Level 1:colcon.colcon_core.package_identification:_identify(calibration/imu/imu_bias) by extensions ['cmake', 'python']
[0.316s] Level 1:colcon.colcon_core.package_identification:_identify(calibration/imu/imu_bias) by extension 'cmake'
[0.316s] Level 1:colcon.colcon_core.package_identification:_identify(calibration/imu/imu_bias) by extension 'python'
[0.316s] Level 1:colcon.colcon_core.package_identification:_identify(calibration/imu/imu_bias) by extensions ['python_setup_py']
[0.316s] Level 1:colcon.colcon_core.package_identification:_identify(calibration/imu/imu_bias) by extension 'python_setup_py'
[0.316s] Level 1:colcon.colcon_core.package_identification:_identify(calibration/imu/mic_wro_calib) by extensions ['ignore', 'ignore_ament_install']
[0.317s] Level 1:colcon.colcon_core.package_identification:_identify(calibration/imu/mic_wro_calib) by extension 'ignore'
[0.317s] Level 1:colcon.colcon_core.package_identification:_identify(calibration/imu/mic_wro_calib) by extension 'ignore_ament_install'
[0.317s] Level 1:colcon.colcon_core.package_identification:_identify(calibration/imu/mic_wro_calib) by extensions ['colcon_pkg']
[0.317s] Level 1:colcon.colcon_core.package_identification:_identify(calibration/imu/mic_wro_calib) by extension 'colcon_pkg'
[0.317s] Level 1:colcon.colcon_core.package_identification:_identify(calibration/imu/mic_wro_calib) by extensions ['colcon_meta']
[0.317s] Level 1:colcon.colcon_core.package_identification:_identify(calibration/imu/mic_wro_calib) by extension 'colcon_meta'
[0.317s] Level 1:colcon.colcon_core.package_identification:_identify(calibration/imu/mic_wro_calib) by extensions ['ros']
[0.317s] Level 1:colcon.colcon_core.package_identification:_identify(calibration/imu/mic_wro_calib) by extension 'ros'
[0.317s] Level 1:colcon.colcon_core.package_identification:_identify(calibration/imu/mic_wro_calib) by extensions ['cmake', 'python']
[0.317s] Level 1:colcon.colcon_core.package_identification:_identify(calibration/imu/mic_wro_calib) by extension 'cmake'
[0.317s] Level 1:colcon.colcon_core.package_identification:_identify(calibration/imu/mic_wro_calib) by extension 'python'
[0.317s] Level 1:colcon.colcon_core.package_identification:_identify(calibration/imu/mic_wro_calib) by extensions ['python_setup_py']
[0.317s] Level 1:colcon.colcon_core.package_identification:_identify(calibration/imu/mic_wro_calib) by extension 'python_setup_py'
[0.317s] Level 1:colcon.colcon_core.package_identification:_identify(calibration/imu/time) by extensions ['ignore', 'ignore_ament_install']
[0.317s] Level 1:colcon.colcon_core.package_identification:_identify(calibration/imu/time) by extension 'ignore'
[0.317s] Level 1:colcon.colcon_core.package_identification:_identify(calibration/imu/time) by extension 'ignore_ament_install'
[0.317s] Level 1:colcon.colcon_core.package_identification:_identify(calibration/imu/time) by extensions ['colcon_pkg']
[0.317s] Level 1:colcon.colcon_core.package_identification:_identify(calibration/imu/time) by extension 'colcon_pkg'
[0.317s] Level 1:colcon.colcon_core.package_identification:_identify(calibration/imu/time) by extensions ['colcon_meta']
[0.317s] Level 1:colcon.colcon_core.package_identification:_identify(calibration/imu/time) by extension 'colcon_meta'
[0.317s] Level 1:colcon.colcon_core.package_identification:_identify(calibration/imu/time) by extensions ['ros']
[0.317s] Level 1:colcon.colcon_core.package_identification:_identify(calibration/imu/time) by extension 'ros'
[0.317s] Level 1:colcon.colcon_core.package_identification:_identify(calibration/imu/time) by extensions ['cmake', 'python']
[0.317s] Level 1:colcon.colcon_core.package_identification:_identify(calibration/imu/time) by extension 'cmake'
[0.317s] Level 1:colcon.colcon_core.package_identification:_identify(calibration/imu/time) by extension 'python'
[0.317s] Level 1:colcon.colcon_core.package_identification:_identify(calibration/imu/time) by extensions ['python_setup_py']
[0.317s] Level 1:colcon.colcon_core.package_identification:_identify(calibration/imu/time) by extension 'python_setup_py'
[0.317s] Level 1:colcon.colcon_core.package_identification:_identify(calibration/mag) by extensions ['ignore', 'ignore_ament_install']
[0.317s] Level 1:colcon.colcon_core.package_identification:_identify(calibration/mag) by extension 'ignore'
[0.317s] Level 1:colcon.colcon_core.package_identification:_identify(calibration/mag) by extension 'ignore_ament_install'
[0.317s] Level 1:colcon.colcon_core.package_identification:_identify(calibration/mag) by extensions ['colcon_pkg']
[0.317s] Level 1:colcon.colcon_core.package_identification:_identify(calibration/mag) by extension 'colcon_pkg'
[0.317s] Level 1:colcon.colcon_core.package_identification:_identify(calibration/mag) by extensions ['colcon_meta']
[0.317s] Level 1:colcon.colcon_core.package_identification:_identify(calibration/mag) by extension 'colcon_meta'
[0.317s] Level 1:colcon.colcon_core.package_identification:_identify(calibration/mag) by extensions ['ros']
[0.317s] Level 1:colcon.colcon_core.package_identification:_identify(calibration/mag) by extension 'ros'
[0.317s] Level 1:colcon.colcon_core.package_identification:_identify(calibration/mag) by extensions ['cmake', 'python']
[0.317s] Level 1:colcon.colcon_core.package_identification:_identify(calibration/mag) by extension 'cmake'
[0.317s] Level 1:colcon.colcon_core.package_identification:_identify(calibration/mag) by extension 'python'
[0.318s] Level 1:colcon.colcon_core.package_identification:_identify(calibration/mag) by extensions ['python_setup_py']
[0.318s] Level 1:colcon.colcon_core.package_identification:_identify(calibration/mag) by extension 'python_setup_py'
[0.318s] Level 1:colcon.colcon_core.package_identification:_identify(calibration/mag/mag_cal) by extensions ['ignore', 'ignore_ament_install']
[0.318s] Level 1:colcon.colcon_core.package_identification:_identify(calibration/mag/mag_cal) by extension 'ignore'
[0.318s] Level 1:colcon.colcon_core.package_identification:_identify(calibration/mag/mag_cal) by extension 'ignore_ament_install'
[0.318s] Level 1:colcon.colcon_core.package_identification:_identify(calibration/mag/mag_cal) by extensions ['colcon_pkg']
[0.318s] Level 1:colcon.colcon_core.package_identification:_identify(calibration/mag/mag_cal) by extension 'colcon_pkg'
[0.318s] Level 1:colcon.colcon_core.package_identification:_identify(calibration/mag/mag_cal) by extensions ['colcon_meta']
[0.318s] Level 1:colcon.colcon_core.package_identification:_identify(calibration/mag/mag_cal) by extension 'colcon_meta'
[0.318s] Level 1:colcon.colcon_core.package_identification:_identify(calibration/mag/mag_cal) by extensions ['ros']
[0.318s] Level 1:colcon.colcon_core.package_identification:_identify(calibration/mag/mag_cal) by extension 'ros'
[0.318s] Level 1:colcon.colcon_core.package_identification:_identify(calibration/mag/mag_cal) by extensions ['cmake', 'python']
[0.318s] Level 1:colcon.colcon_core.package_identification:_identify(calibration/mag/mag_cal) by extension 'cmake'
[0.318s] Level 1:colcon.colcon_core.package_identification:_identify(calibration/mag/mag_cal) by extension 'python'
[0.318s] Level 1:colcon.colcon_core.package_identification:_identify(calibration/mag/mag_cal) by extensions ['python_setup_py']
[0.318s] Level 1:colcon.colcon_core.package_identification:_identify(calibration/mag/mag_cal) by extension 'python_setup_py'
[0.318s] Level 1:colcon.colcon_core.package_identification:_identify(esp32_scripts) by extensions ['ignore', 'ignore_ament_install']
[0.318s] Level 1:colcon.colcon_core.package_identification:_identify(esp32_scripts) by extension 'ignore'
[0.318s] Level 1:colcon.colcon_core.package_identification:_identify(esp32_scripts) by extension 'ignore_ament_install'
[0.318s] Level 1:colcon.colcon_core.package_identification:_identify(esp32_scripts) by extensions ['colcon_pkg']
[0.318s] Level 1:colcon.colcon_core.package_identification:_identify(esp32_scripts) by extension 'colcon_pkg'
[0.318s] Level 1:colcon.colcon_core.package_identification:_identify(esp32_scripts) by extensions ['colcon_meta']
[0.318s] Level 1:colcon.colcon_core.package_identification:_identify(esp32_scripts) by extension 'colcon_meta'
[0.318s] Level 1:colcon.colcon_core.package_identification:_identify(esp32_scripts) by extensions ['ros']
[0.318s] Level 1:colcon.colcon_core.package_identification:_identify(esp32_scripts) by extension 'ros'
[0.318s] Level 1:colcon.colcon_core.package_identification:_identify(esp32_scripts) by extensions ['cmake', 'python']
[0.318s] Level 1:colcon.colcon_core.package_identification:_identify(esp32_scripts) by extension 'cmake'
[0.318s] Level 1:colcon.colcon_core.package_identification:_identify(esp32_scripts) by extension 'python'
[0.318s] Level 1:colcon.colcon_core.package_identification:_identify(esp32_scripts) by extensions ['python_setup_py']
[0.318s] Level 1:colcon.colcon_core.package_identification:_identify(esp32_scripts) by extension 'python_setup_py'
[0.318s] Level 1:colcon.colcon_core.package_identification:_identify(esp32_scripts/acc_test) by extensions ['ignore', 'ignore_ament_install']
[0.318s] Level 1:colcon.colcon_core.package_identification:_identify(esp32_scripts/acc_test) by extension 'ignore'
[0.318s] Level 1:colcon.colcon_core.package_identification:_identify(esp32_scripts/acc_test) by extension 'ignore_ament_install'
[0.318s] Level 1:colcon.colcon_core.package_identification:_identify(esp32_scripts/acc_test) by extensions ['colcon_pkg']
[0.318s] Level 1:colcon.colcon_core.package_identification:_identify(esp32_scripts/acc_test) by extension 'colcon_pkg'
[0.318s] Level 1:colcon.colcon_core.package_identification:_identify(esp32_scripts/acc_test) by extensions ['colcon_meta']
[0.318s] Level 1:colcon.colcon_core.package_identification:_identify(esp32_scripts/acc_test) by extension 'colcon_meta'
[0.318s] Level 1:colcon.colcon_core.package_identification:_identify(esp32_scripts/acc_test) by extensions ['ros']
[0.318s] Level 1:colcon.colcon_core.package_identification:_identify(esp32_scripts/acc_test) by extension 'ros'
[0.319s] Level 1:colcon.colcon_core.package_identification:_identify(esp32_scripts/acc_test) by extensions ['cmake', 'python']
[0.319s] Level 1:colcon.colcon_core.package_identification:_identify(esp32_scripts/acc_test) by extension 'cmake'
[0.319s] Level 1:colcon.colcon_core.package_identification:_identify(esp32_scripts/acc_test) by extension 'python'
[0.319s] Level 1:colcon.colcon_core.package_identification:_identify(esp32_scripts/acc_test) by extensions ['python_setup_py']
[0.319s] Level 1:colcon.colcon_core.package_identification:_identify(esp32_scripts/acc_test) by extension 'python_setup_py'
[0.319s] Level 1:colcon.colcon_core.package_identification:_identify(esp32_scripts/gps_data) by extensions ['ignore', 'ignore_ament_install']
[0.319s] Level 1:colcon.colcon_core.package_identification:_identify(esp32_scripts/gps_data) by extension 'ignore'
[0.319s] Level 1:colcon.colcon_core.package_identification:_identify(esp32_scripts/gps_data) by extension 'ignore_ament_install'
[0.319s] Level 1:colcon.colcon_core.package_identification:_identify(esp32_scripts/gps_data) by extensions ['colcon_pkg']
[0.319s] Level 1:colcon.colcon_core.package_identification:_identify(esp32_scripts/gps_data) by extension 'colcon_pkg'
[0.319s] Level 1:colcon.colcon_core.package_identification:_identify(esp32_scripts/gps_data) by extensions ['colcon_meta']
[0.319s] Level 1:colcon.colcon_core.package_identification:_identify(esp32_scripts/gps_data) by extension 'colcon_meta'
[0.319s] Level 1:colcon.colcon_core.package_identification:_identify(esp32_scripts/gps_data) by extensions ['ros']
[0.319s] Level 1:colcon.colcon_core.package_identification:_identify(esp32_scripts/gps_data) by extension 'ros'
[0.319s] Level 1:colcon.colcon_core.package_identification:_identify(esp32_scripts/gps_data) by extensions ['cmake', 'python']
[0.319s] Level 1:colcon.colcon_core.package_identification:_identify(esp32_scripts/gps_data) by extension 'cmake'
[0.319s] Level 1:colcon.colcon_core.package_identification:_identify(esp32_scripts/gps_data) by extension 'python'
[0.319s] Level 1:colcon.colcon_core.package_identification:_identify(esp32_scripts/gps_data) by extensions ['python_setup_py']
[0.319s] Level 1:colcon.colcon_core.package_identification:_identify(esp32_scripts/gps_data) by extension 'python_setup_py'
[0.319s] Level 1:colcon.colcon_core.package_identification:_identify(esp32_scripts/i2c_scan) by extensions ['ignore', 'ignore_ament_install']
[0.319s] Level 1:colcon.colcon_core.package_identification:_identify(esp32_scripts/i2c_scan) by extension 'ignore'
[0.319s] Level 1:colcon.colcon_core.package_identification:_identify(esp32_scripts/i2c_scan) by extension 'ignore_ament_install'
[0.319s] Level 1:colcon.colcon_core.package_identification:_identify(esp32_scripts/i2c_scan) by extensions ['colcon_pkg']
[0.319s] Level 1:colcon.colcon_core.package_identification:_identify(esp32_scripts/i2c_scan) by extension 'colcon_pkg'
[0.319s] Level 1:colcon.colcon_core.package_identification:_identify(esp32_scripts/i2c_scan) by extensions ['colcon_meta']
[0.319s] Level 1:colcon.colcon_core.package_identification:_identify(esp32_scripts/i2c_scan) by extension 'colcon_meta'
[0.319s] Level 1:colcon.colcon_core.package_identification:_identify(esp32_scripts/i2c_scan) by extensions ['ros']
[0.319s] Level 1:colcon.colcon_core.package_identification:_identify(esp32_scripts/i2c_scan) by extension 'ros'
[0.319s] Level 1:colcon.colcon_core.package_identification:_identify(esp32_scripts/i2c_scan) by extensions ['cmake', 'python']
[0.319s] Level 1:colcon.colcon_core.package_identification:_identify(esp32_scripts/i2c_scan) by extension 'cmake'
[0.319s] Level 1:colcon.colcon_core.package_identification:_identify(esp32_scripts/i2c_scan) by extension 'python'
[0.319s] Level 1:colcon.colcon_core.package_identification:_identify(esp32_scripts/i2c_scan) by extensions ['python_setup_py']
[0.319s] Level 1:colcon.colcon_core.package_identification:_identify(esp32_scripts/i2c_scan) by extension 'python_setup_py'
[0.319s] Level 1:colcon.colcon_core.package_identification:_identify(esp32_scripts/imu_data) by extensions ['ignore', 'ignore_ament_install']
[0.319s] Level 1:colcon.colcon_core.package_identification:_identify(esp32_scripts/imu_data) by extension 'ignore'
[0.319s] Level 1:colcon.colcon_core.package_identification:_identify(esp32_scripts/imu_data) by extension 'ignore_ament_install'
[0.319s] Level 1:colcon.colcon_core.package_identification:_identify(esp32_scripts/imu_data) by extensions ['colcon_pkg']
[0.319s] Level 1:colcon.colcon_core.package_identification:_identify(esp32_scripts/imu_data) by extension 'colcon_pkg'
[0.319s] Level 1:colcon.colcon_core.package_identification:_identify(esp32_scripts/imu_data) by extensions ['colcon_meta']
[0.319s] Level 1:colcon.colcon_core.package_identification:_identify(esp32_scripts/imu_data) by extension 'colcon_meta'
[0.319s] Level 1:colcon.colcon_core.package_identification:_identify(esp32_scripts/imu_data) by extensions ['ros']
[0.320s] Level 1:colcon.colcon_core.package_identification:_identify(esp32_scripts/imu_data) by extension 'ros'
[0.320s] Level 1:colcon.colcon_core.package_identification:_identify(esp32_scripts/imu_data) by extensions ['cmake', 'python']
[0.320s] Level 1:colcon.colcon_core.package_identification:_identify(esp32_scripts/imu_data) by extension 'cmake'
[0.320s] Level 1:colcon.colcon_core.package_identification:_identify(esp32_scripts/imu_data) by extension 'python'
[0.320s] Level 1:colcon.colcon_core.package_identification:_identify(esp32_scripts/imu_data) by extensions ['python_setup_py']
[0.320s] Level 1:colcon.colcon_core.package_identification:_identify(esp32_scripts/imu_data) by extension 'python_setup_py'
[0.320s] Level 1:colcon.colcon_core.package_identification:_identify(esp32_scripts/imu_pub) by extensions ['ignore', 'ignore_ament_install']
[0.320s] Level 1:colcon.colcon_core.package_identification:_identify(esp32_scripts/imu_pub) by extension 'ignore'
[0.320s] Level 1:colcon.colcon_core.package_identification:_identify(esp32_scripts/imu_pub) by extension 'ignore_ament_install'
[0.320s] Level 1:colcon.colcon_core.package_identification:_identify(esp32_scripts/imu_pub) by extensions ['colcon_pkg']
[0.320s] Level 1:colcon.colcon_core.package_identification:_identify(esp32_scripts/imu_pub) by extension 'colcon_pkg'
[0.320s] Level 1:colcon.colcon_core.package_identification:_identify(esp32_scripts/imu_pub) by extensions ['colcon_meta']
[0.320s] Level 1:colcon.colcon_core.package_identification:_identify(esp32_scripts/imu_pub) by extension 'colcon_meta'
[0.320s] Level 1:colcon.colcon_core.package_identification:_identify(esp32_scripts/imu_pub) by extensions ['ros']
[0.320s] Level 1:colcon.colcon_core.package_identification:_identify(esp32_scripts/imu_pub) by extension 'ros'
[0.320s] Level 1:colcon.colcon_core.package_identification:_identify(esp32_scripts/imu_pub) by extensions ['cmake', 'python']
[0.320s] Level 1:colcon.colcon_core.package_identification:_identify(esp32_scripts/imu_pub) by extension 'cmake'
[0.320s] Level 1:colcon.colcon_core.package_identification:_identify(esp32_scripts/imu_pub) by extension 'python'
[0.320s] Level 1:colcon.colcon_core.package_identification:_identify(esp32_scripts/imu_pub) by extensions ['python_setup_py']
[0.320s] Level 1:colcon.colcon_core.package_identification:_identify(esp32_scripts/imu_pub) by extension 'python_setup_py'
[0.320s] Level 1:colcon.colcon_core.package_identification:_identify(esp32_scripts/io_pub) by extensions ['ignore', 'ignore_ament_install']
[0.320s] Level 1:colcon.colcon_core.package_identification:_identify(esp32_scripts/io_pub) by extension 'ignore'
[0.320s] Level 1:colcon.colcon_core.package_identification:_identify(esp32_scripts/io_pub) by extension 'ignore_ament_install'
[0.320s] Level 1:colcon.colcon_core.package_identification:_identify(esp32_scripts/io_pub) by extensions ['colcon_pkg']
[0.320s] Level 1:colcon.colcon_core.package_identification:_identify(esp32_scripts/io_pub) by extension 'colcon_pkg'
[0.320s] Level 1:colcon.colcon_core.package_identification:_identify(esp32_scripts/io_pub) by extensions ['colcon_meta']
[0.320s] Level 1:colcon.colcon_core.package_identification:_identify(esp32_scripts/io_pub) by extension 'colcon_meta'
[0.320s] Level 1:colcon.colcon_core.package_identification:_identify(esp32_scripts/io_pub) by extensions ['ros']
[0.320s] Level 1:colcon.colcon_core.package_identification:_identify(esp32_scripts/io_pub) by extension 'ros'
[0.320s] Level 1:colcon.colcon_core.package_identification:_identify(esp32_scripts/io_pub) by extensions ['cmake', 'python']
[0.320s] Level 1:colcon.colcon_core.package_identification:_identify(esp32_scripts/io_pub) by extension 'cmake'
[0.320s] Level 1:colcon.colcon_core.package_identification:_identify(esp32_scripts/io_pub) by extension 'python'
[0.320s] Level 1:colcon.colcon_core.package_identification:_identify(esp32_scripts/io_pub) by extensions ['python_setup_py']
[0.320s] Level 1:colcon.colcon_core.package_identification:_identify(esp32_scripts/io_pub) by extension 'python_setup_py'
[0.320s] Level 1:colcon.colcon_core.package_identification:_identify(esp32_scripts/lib) by extensions ['ignore', 'ignore_ament_install']
[0.320s] Level 1:colcon.colcon_core.package_identification:_identify(esp32_scripts/lib) by extension 'ignore'
[0.320s] Level 1:colcon.colcon_core.package_identification:_identify(esp32_scripts/lib) by extension 'ignore_ament_install'
[0.320s] Level 1:colcon.colcon_core.package_identification:_identify(esp32_scripts/lib) by extensions ['colcon_pkg']
[0.320s] Level 1:colcon.colcon_core.package_identification:_identify(esp32_scripts/lib) by extension 'colcon_pkg'
[0.320s] Level 1:colcon.colcon_core.package_identification:_identify(esp32_scripts/lib) by extensions ['colcon_meta']
[0.320s] Level 1:colcon.colcon_core.package_identification:_identify(esp32_scripts/lib) by extension 'colcon_meta'
[0.321s] Level 1:colcon.colcon_core.package_identification:_identify(esp32_scripts/lib) by extensions ['ros']
[0.321s] Level 1:colcon.colcon_core.package_identification:_identify(esp32_scripts/lib) by extension 'ros'
[0.321s] Level 1:colcon.colcon_core.package_identification:_identify(esp32_scripts/lib) by extensions ['cmake', 'python']
[0.321s] Level 1:colcon.colcon_core.package_identification:_identify(esp32_scripts/lib) by extension 'cmake'
[0.321s] Level 1:colcon.colcon_core.package_identification:_identify(esp32_scripts/lib) by extension 'python'
[0.321s] Level 1:colcon.colcon_core.package_identification:_identify(esp32_scripts/lib) by extensions ['python_setup_py']
[0.321s] Level 1:colcon.colcon_core.package_identification:_identify(esp32_scripts/lib) by extension 'python_setup_py'
[0.321s] Level 1:colcon.colcon_core.package_identification:_identify(esp32_scripts/lib/LIS2MDL) by extensions ['ignore', 'ignore_ament_install']
[0.321s] Level 1:colcon.colcon_core.package_identification:_identify(esp32_scripts/lib/LIS2MDL) by extension 'ignore'
[0.321s] Level 1:colcon.colcon_core.package_identification:_identify(esp32_scripts/lib/LIS2MDL) by extension 'ignore_ament_install'
[0.321s] Level 1:colcon.colcon_core.package_identification:_identify(esp32_scripts/lib/LIS2MDL) by extensions ['colcon_pkg']
[0.321s] Level 1:colcon.colcon_core.package_identification:_identify(esp32_scripts/lib/LIS2MDL) by extension 'colcon_pkg'
[0.321s] Level 1:colcon.colcon_core.package_identification:_identify(esp32_scripts/lib/LIS2MDL) by extensions ['colcon_meta']
[0.321s] Level 1:colcon.colcon_core.package_identification:_identify(esp32_scripts/lib/LIS2MDL) by extension 'colcon_meta'
[0.321s] Level 1:colcon.colcon_core.package_identification:_identify(esp32_scripts/lib/LIS2MDL) by extensions ['ros']
[0.321s] Level 1:colcon.colcon_core.package_identification:_identify(esp32_scripts/lib/LIS2MDL) by extension 'ros'
[0.321s] Level 1:colcon.colcon_core.package_identification:_identify(esp32_scripts/lib/LIS2MDL) by extensions ['cmake', 'python']
[0.321s] Level 1:colcon.colcon_core.package_identification:_identify(esp32_scripts/lib/LIS2MDL) by extension 'cmake'
[0.321s] Level 1:colcon.colcon_core.package_identification:_identify(esp32_scripts/lib/LIS2MDL) by extension 'python'
[0.321s] Level 1:colcon.colcon_core.package_identification:_identify(esp32_scripts/lib/LIS2MDL) by extensions ['python_setup_py']
[0.321s] Level 1:colcon.colcon_core.package_identification:_identify(esp32_scripts/lib/LIS2MDL) by extension 'python_setup_py'
[0.321s] Level 1:colcon.colcon_core.package_identification:_identify(esp32_scripts/lib/LSM6DSL) by extensions ['ignore', 'ignore_ament_install']
[0.321s] Level 1:colcon.colcon_core.package_identification:_identify(esp32_scripts/lib/LSM6DSL) by extension 'ignore'
[0.321s] Level 1:colcon.colcon_core.package_identification:_identify(esp32_scripts/lib/LSM6DSL) by extension 'ignore_ament_install'
[0.321s] Level 1:colcon.colcon_core.package_identification:_identify(esp32_scripts/lib/LSM6DSL) by extensions ['colcon_pkg']
[0.321s] Level 1:colcon.colcon_core.package_identification:_identify(esp32_scripts/lib/LSM6DSL) by extension 'colcon_pkg'
[0.321s] Level 1:colcon.colcon_core.package_identification:_identify(esp32_scripts/lib/LSM6DSL) by extensions ['colcon_meta']
[0.321s] Level 1:colcon.colcon_core.package_identification:_identify(esp32_scripts/lib/LSM6DSL) by extension 'colcon_meta'
[0.321s] Level 1:colcon.colcon_core.package_identification:_identify(esp32_scripts/lib/LSM6DSL) by extensions ['ros']
[0.321s] Level 1:colcon.colcon_core.package_identification:_identify(esp32_scripts/lib/LSM6DSL) by extension 'ros'
[0.321s] Level 1:colcon.colcon_core.package_identification:_identify(esp32_scripts/lib/LSM6DSL) by extensions ['cmake', 'python']
[0.321s] Level 1:colcon.colcon_core.package_identification:_identify(esp32_scripts/lib/LSM6DSL) by extension 'cmake'
[0.321s] Level 1:colcon.colcon_core.package_identification:_identify(esp32_scripts/lib/LSM6DSL) by extension 'python'
[0.321s] Level 1:colcon.colcon_core.package_identification:_identify(esp32_scripts/lib/LSM6DSL) by extensions ['python_setup_py']
[0.321s] Level 1:colcon.colcon_core.package_identification:_identify(esp32_scripts/lib/LSM6DSL) by extension 'python_setup_py'
[0.321s] Level 1:colcon.colcon_core.package_identification:_identify(esp32_scripts/platfomio_proj) by extensions ['ignore', 'ignore_ament_install']
[0.321s] Level 1:colcon.colcon_core.package_identification:_identify(esp32_scripts/platfomio_proj) by extension 'ignore'
[0.321s] Level 1:colcon.colcon_core.package_identification:_identify(esp32_scripts/platfomio_proj) by extension 'ignore_ament_install'
[0.321s] Level 1:colcon.colcon_core.package_identification:_identify(esp32_scripts/platfomio_proj) by extensions ['colcon_pkg']
[0.322s] Level 1:colcon.colcon_core.package_identification:_identify(esp32_scripts/platfomio_proj) by extension 'colcon_pkg'
[0.322s] Level 1:colcon.colcon_core.package_identification:_identify(esp32_scripts/platfomio_proj) by extensions ['colcon_meta']
[0.322s] Level 1:colcon.colcon_core.package_identification:_identify(esp32_scripts/platfomio_proj) by extension 'colcon_meta'
[0.322s] Level 1:colcon.colcon_core.package_identification:_identify(esp32_scripts/platfomio_proj) by extensions ['ros']
[0.322s] Level 1:colcon.colcon_core.package_identification:_identify(esp32_scripts/platfomio_proj) by extension 'ros'
[0.322s] Level 1:colcon.colcon_core.package_identification:_identify(esp32_scripts/platfomio_proj) by extensions ['cmake', 'python']
[0.322s] Level 1:colcon.colcon_core.package_identification:_identify(esp32_scripts/platfomio_proj) by extension 'cmake'
[0.322s] Level 1:colcon.colcon_core.package_identification:_identify(esp32_scripts/platfomio_proj) by extension 'python'
[0.322s] Level 1:colcon.colcon_core.package_identification:_identify(esp32_scripts/platfomio_proj) by extensions ['python_setup_py']
[0.322s] Level 1:colcon.colcon_core.package_identification:_identify(esp32_scripts/platfomio_proj) by extension 'python_setup_py'
[0.322s] Level 1:colcon.colcon_core.package_identification:_identify(esp32_scripts/platfomio_proj/imu-pub) by extensions ['ignore', 'ignore_ament_install']
[0.322s] Level 1:colcon.colcon_core.package_identification:_identify(esp32_scripts/platfomio_proj/imu-pub) by extension 'ignore'
[0.322s] Level 1:colcon.colcon_core.package_identification:_identify(esp32_scripts/platfomio_proj/imu-pub) by extension 'ignore_ament_install'
[0.322s] Level 1:colcon.colcon_core.package_identification:_identify(esp32_scripts/platfomio_proj/imu-pub) by extensions ['colcon_pkg']
[0.322s] Level 1:colcon.colcon_core.package_identification:_identify(esp32_scripts/platfomio_proj/imu-pub) by extension 'colcon_pkg'
[0.322s] Level 1:colcon.colcon_core.package_identification:_identify(esp32_scripts/platfomio_proj/imu-pub) by extensions ['colcon_meta']
[0.322s] Level 1:colcon.colcon_core.package_identification:_identify(esp32_scripts/platfomio_proj/imu-pub) by extension 'colcon_meta'
[0.322s] Level 1:colcon.colcon_core.package_identification:_identify(esp32_scripts/platfomio_proj/imu-pub) by extensions ['ros']
[0.322s] Level 1:colcon.colcon_core.package_identification:_identify(esp32_scripts/platfomio_proj/imu-pub) by extension 'ros'
[0.322s] Level 1:colcon.colcon_core.package_identification:_identify(esp32_scripts/platfomio_proj/imu-pub) by extensions ['cmake', 'python']
[0.322s] Level 1:colcon.colcon_core.package_identification:_identify(esp32_scripts/platfomio_proj/imu-pub) by extension 'cmake'
[0.322s] Level 1:colcon.colcon_core.package_identification:_identify(esp32_scripts/platfomio_proj/imu-pub) by extension 'python'
[0.322s] Level 1:colcon.colcon_core.package_identification:_identify(esp32_scripts/platfomio_proj/imu-pub) by extensions ['python_setup_py']
[0.322s] Level 1:colcon.colcon_core.package_identification:_identify(esp32_scripts/platfomio_proj/imu-pub) by extension 'python_setup_py'
[0.322s] Level 1:colcon.colcon_core.package_identification:_identify(esp32_scripts/platfomio_proj/imu-pub/build) by extensions ['ignore', 'ignore_ament_install']
[0.322s] Level 1:colcon.colcon_core.package_identification:_identify(esp32_scripts/platfomio_proj/imu-pub/build) by extension 'ignore'
[0.322s] Level 1:colcon.colcon_core.package_identification:_identify(esp32_scripts/platfomio_proj/imu-pub/build) by extension 'ignore_ament_install'
[0.322s] Level 1:colcon.colcon_core.package_identification:_identify(esp32_scripts/platfomio_proj/imu-pub/build) by extensions ['colcon_pkg']
[0.322s] Level 1:colcon.colcon_core.package_identification:_identify(esp32_scripts/platfomio_proj/imu-pub/build) by extension 'colcon_pkg'
[0.322s] Level 1:colcon.colcon_core.package_identification:_identify(esp32_scripts/platfomio_proj/imu-pub/build) by extensions ['colcon_meta']
[0.322s] Level 1:colcon.colcon_core.package_identification:_identify(esp32_scripts/platfomio_proj/imu-pub/build) by extension 'colcon_meta'
[0.322s] Level 1:colcon.colcon_core.package_identification:_identify(esp32_scripts/platfomio_proj/imu-pub/build) by extensions ['ros']
[0.322s] Level 1:colcon.colcon_core.package_identification:_identify(esp32_scripts/platfomio_proj/imu-pub/build) by extension 'ros'
[0.322s] Level 1:colcon.colcon_core.package_identification:_identify(esp32_scripts/platfomio_proj/imu-pub/build) by extensions ['cmake', 'python']
[0.322s] Level 1:colcon.colcon_core.package_identification:_identify(esp32_scripts/platfomio_proj/imu-pub/build) by extension 'cmake'
[0.322s] Level 1:colcon.colcon_core.package_identification:_identify(esp32_scripts/platfomio_proj/imu-pub/build) by extension 'python'
[0.322s] Level 1:colcon.colcon_core.package_identification:_identify(esp32_scripts/platfomio_proj/imu-pub/build) by extensions ['python_setup_py']
[0.322s] Level 1:colcon.colcon_core.package_identification:_identify(esp32_scripts/platfomio_proj/imu-pub/build) by extension 'python_setup_py'
[0.322s] Level 1:colcon.colcon_core.package_identification:_identify(esp32_scripts/platfomio_proj/imu-pub/build/esp32-c3-devkitm-1) by extensions ['ignore', 'ignore_ament_install']
[0.322s] Level 1:colcon.colcon_core.package_identification:_identify(esp32_scripts/platfomio_proj/imu-pub/build/esp32-c3-devkitm-1) by extension 'ignore'
[0.323s] Level 1:colcon.colcon_core.package_identification:_identify(esp32_scripts/platfomio_proj/imu-pub/build/esp32-c3-devkitm-1) by extension 'ignore_ament_install'
[0.323s] Level 1:colcon.colcon_core.package_identification:_identify(esp32_scripts/platfomio_proj/imu-pub/build/esp32-c3-devkitm-1) by extensions ['colcon_pkg']
[0.323s] Level 1:colcon.colcon_core.package_identification:_identify(esp32_scripts/platfomio_proj/imu-pub/build/esp32-c3-devkitm-1) by extension 'colcon_pkg'
[0.323s] Level 1:colcon.colcon_core.package_identification:_identify(esp32_scripts/platfomio_proj/imu-pub/build/esp32-c3-devkitm-1) by extensions ['colcon_meta']
[0.323s] Level 1:colcon.colcon_core.package_identification:_identify(esp32_scripts/platfomio_proj/imu-pub/build/esp32-c3-devkitm-1) by extension 'colcon_meta'
[0.323s] Level 1:colcon.colcon_core.package_identification:_identify(esp32_scripts/platfomio_proj/imu-pub/build/esp32-c3-devkitm-1) by extensions ['ros']
[0.323s] Level 1:colcon.colcon_core.package_identification:_identify(esp32_scripts/platfomio_proj/imu-pub/build/esp32-c3-devkitm-1) by extension 'ros'
[0.323s] Level 1:colcon.colcon_core.package_identification:_identify(esp32_scripts/platfomio_proj/imu-pub/build/esp32-c3-devkitm-1) by extensions ['cmake', 'python']
[0.323s] Level 1:colcon.colcon_core.package_identification:_identify(esp32_scripts/platfomio_proj/imu-pub/build/esp32-c3-devkitm-1) by extension 'cmake'
[0.323s] Level 1:colcon.colcon_core.package_identification:_identify(esp32_scripts/platfomio_proj/imu-pub/build/esp32-c3-devkitm-1) by extension 'python'
[0.323s] Level 1:colcon.colcon_core.package_identification:_identify(esp32_scripts/platfomio_proj/imu-pub/build/esp32-c3-devkitm-1) by extensions ['python_setup_py']
[0.323s] Level 1:colcon.colcon_core.package_identification:_identify(esp32_scripts/platfomio_proj/imu-pub/build/esp32-c3-devkitm-1) by extension 'python_setup_py'
[0.323s] Level 1:colcon.colcon_core.package_identification:_identify(esp32_scripts/platfomio_proj/imu-pub/include) by extensions ['ignore', 'ignore_ament_install']
[0.323s] Level 1:colcon.colcon_core.package_identification:_identify(esp32_scripts/platfomio_proj/imu-pub/include) by extension 'ignore'
[0.323s] Level 1:colcon.colcon_core.package_identification:_identify(esp32_scripts/platfomio_proj/imu-pub/include) by extension 'ignore_ament_install'
[0.323s] Level 1:colcon.colcon_core.package_identification:_identify(esp32_scripts/platfomio_proj/imu-pub/include) by extensions ['colcon_pkg']
[0.323s] Level 1:colcon.colcon_core.package_identification:_identify(esp32_scripts/platfomio_proj/imu-pub/include) by extension 'colcon_pkg'
[0.323s] Level 1:colcon.colcon_core.package_identification:_identify(esp32_scripts/platfomio_proj/imu-pub/include) by extensions ['colcon_meta']
[0.323s] Level 1:colcon.colcon_core.package_identification:_identify(esp32_scripts/platfomio_proj/imu-pub/include) by extension 'colcon_meta'
[0.323s] Level 1:colcon.colcon_core.package_identification:_identify(esp32_scripts/platfomio_proj/imu-pub/include) by extensions ['ros']
[0.323s] Level 1:colcon.colcon_core.package_identification:_identify(esp32_scripts/platfomio_proj/imu-pub/include) by extension 'ros'
[0.323s] Level 1:colcon.colcon_core.package_identification:_identify(esp32_scripts/platfomio_proj/imu-pub/include) by extensions ['cmake', 'python']
[0.323s] Level 1:colcon.colcon_core.package_identification:_identify(esp32_scripts/platfomio_proj/imu-pub/include) by extension 'cmake'
[0.323s] Level 1:colcon.colcon_core.package_identification:_identify(esp32_scripts/platfomio_proj/imu-pub/include) by extension 'python'
[0.323s] Level 1:colcon.colcon_core.package_identification:_identify(esp32_scripts/platfomio_proj/imu-pub/include) by extensions ['python_setup_py']
[0.323s] Level 1:colcon.colcon_core.package_identification:_identify(esp32_scripts/platfomio_proj/imu-pub/include) by extension 'python_setup_py'
[0.323s] Level 1:colcon.colcon_core.package_identification:_identify(esp32_scripts/platfomio_proj/imu-pub/lib) by extensions ['ignore', 'ignore_ament_install']
[0.323s] Level 1:colcon.colcon_core.package_identification:_identify(esp32_scripts/platfomio_proj/imu-pub/lib) by extension 'ignore'
[0.323s] Level 1:colcon.colcon_core.package_identification:_identify(esp32_scripts/platfomio_proj/imu-pub/lib) by extension 'ignore_ament_install'
[0.323s] Level 1:colcon.colcon_core.package_identification:_identify(esp32_scripts/platfomio_proj/imu-pub/lib) by extensions ['colcon_pkg']
[0.323s] Level 1:colcon.colcon_core.package_identification:_identify(esp32_scripts/platfomio_proj/imu-pub/lib) by extension 'colcon_pkg'
[0.323s] Level 1:colcon.colcon_core.package_identification:_identify(esp32_scripts/platfomio_proj/imu-pub/lib) by extensions ['colcon_meta']
[0.323s] Level 1:colcon.colcon_core.package_identification:_identify(esp32_scripts/platfomio_proj/imu-pub/lib) by extension 'colcon_meta'
[0.323s] Level 1:colcon.colcon_core.package_identification:_identify(esp32_scripts/platfomio_proj/imu-pub/lib) by extensions ['ros']
[0.323s] Level 1:colcon.colcon_core.package_identification:_identify(esp32_scripts/platfomio_proj/imu-pub/lib) by extension 'ros'
[0.323s] Level 1:colcon.colcon_core.package_identification:_identify(esp32_scripts/platfomio_proj/imu-pub/lib) by extensions ['cmake', 'python']
[0.323s] Level 1:colcon.colcon_core.package_identification:_identify(esp32_scripts/platfomio_proj/imu-pub/lib) by extension 'cmake'
[0.323s] Level 1:colcon.colcon_core.package_identification:_identify(esp32_scripts/platfomio_proj/imu-pub/lib) by extension 'python'
[0.323s] Level 1:colcon.colcon_core.package_identification:_identify(esp32_scripts/platfomio_proj/imu-pub/lib) by extensions ['python_setup_py']
[0.323s] Level 1:colcon.colcon_core.package_identification:_identify(esp32_scripts/platfomio_proj/imu-pub/lib) by extension 'python_setup_py'
[0.324s] Level 1:colcon.colcon_core.package_identification:_identify(esp32_scripts/platfomio_proj/imu-pub/lib/LIS2MDL) by extensions ['ignore', 'ignore_ament_install']
[0.324s] Level 1:colcon.colcon_core.package_identification:_identify(esp32_scripts/platfomio_proj/imu-pub/lib/LIS2MDL) by extension 'ignore'
[0.324s] Level 1:colcon.colcon_core.package_identification:_identify(esp32_scripts/platfomio_proj/imu-pub/lib/LIS2MDL) by extension 'ignore_ament_install'
[0.324s] Level 1:colcon.colcon_core.package_identification:_identify(esp32_scripts/platfomio_proj/imu-pub/lib/LIS2MDL) by extensions ['colcon_pkg']
[0.324s] Level 1:colcon.colcon_core.package_identification:_identify(esp32_scripts/platfomio_proj/imu-pub/lib/LIS2MDL) by extension 'colcon_pkg'
[0.324s] Level 1:colcon.colcon_core.package_identification:_identify(esp32_scripts/platfomio_proj/imu-pub/lib/LIS2MDL) by extensions ['colcon_meta']
[0.324s] Level 1:colcon.colcon_core.package_identification:_identify(esp32_scripts/platfomio_proj/imu-pub/lib/LIS2MDL) by extension 'colcon_meta'
[0.324s] Level 1:colcon.colcon_core.package_identification:_identify(esp32_scripts/platfomio_proj/imu-pub/lib/LIS2MDL) by extensions ['ros']
[0.324s] Level 1:colcon.colcon_core.package_identification:_identify(esp32_scripts/platfomio_proj/imu-pub/lib/LIS2MDL) by extension 'ros'
[0.324s] Level 1:colcon.colcon_core.package_identification:_identify(esp32_scripts/platfomio_proj/imu-pub/lib/LIS2MDL) by extensions ['cmake', 'python']
[0.324s] Level 1:colcon.colcon_core.package_identification:_identify(esp32_scripts/platfomio_proj/imu-pub/lib/LIS2MDL) by extension 'cmake'
[0.324s] Level 1:colcon.colcon_core.package_identification:_identify(esp32_scripts/platfomio_proj/imu-pub/lib/LIS2MDL) by extension 'python'
[0.324s] Level 1:colcon.colcon_core.package_identification:_identify(esp32_scripts/platfomio_proj/imu-pub/lib/LIS2MDL) by extensions ['python_setup_py']
[0.324s] Level 1:colcon.colcon_core.package_identification:_identify(esp32_scripts/platfomio_proj/imu-pub/lib/LIS2MDL) by extension 'python_setup_py'
[0.324s] Level 1:colcon.colcon_core.package_identification:_identify(esp32_scripts/platfomio_proj/imu-pub/lib/LSM6DSL) by extensions ['ignore', 'ignore_ament_install']
[0.324s] Level 1:colcon.colcon_core.package_identification:_identify(esp32_scripts/platfomio_proj/imu-pub/lib/LSM6DSL) by extension 'ignore'
[0.324s] Level 1:colcon.colcon_core.package_identification:_identify(esp32_scripts/platfomio_proj/imu-pub/lib/LSM6DSL) by extension 'ignore_ament_install'
[0.324s] Level 1:colcon.colcon_core.package_identification:_identify(esp32_scripts/platfomio_proj/imu-pub/lib/LSM6DSL) by extensions ['colcon_pkg']
[0.324s] Level 1:colcon.colcon_core.package_identification:_identify(esp32_scripts/platfomio_proj/imu-pub/lib/LSM6DSL) by extension 'colcon_pkg'
[0.324s] Level 1:colcon.colcon_core.package_identification:_identify(esp32_scripts/platfomio_proj/imu-pub/lib/LSM6DSL) by extensions ['colcon_meta']
[0.324s] Level 1:colcon.colcon_core.package_identification:_identify(esp32_scripts/platfomio_proj/imu-pub/lib/LSM6DSL) by extension 'colcon_meta'
[0.324s] Level 1:colcon.colcon_core.package_identification:_identify(esp32_scripts/platfomio_proj/imu-pub/lib/LSM6DSL) by extensions ['ros']
[0.324s] Level 1:colcon.colcon_core.package_identification:_identify(esp32_scripts/platfomio_proj/imu-pub/lib/LSM6DSL) by extension 'ros'
[0.324s] Level 1:colcon.colcon_core.package_identification:_identify(esp32_scripts/platfomio_proj/imu-pub/lib/LSM6DSL) by extensions ['cmake', 'python']
[0.324s] Level 1:colcon.colcon_core.package_identification:_identify(esp32_scripts/platfomio_proj/imu-pub/lib/LSM6DSL) by extension 'cmake'
[0.324s] Level 1:colcon.colcon_core.package_identification:_identify(esp32_scripts/platfomio_proj/imu-pub/lib/LSM6DSL) by extension 'python'
[0.324s] Level 1:colcon.colcon_core.package_identification:_identify(esp32_scripts/platfomio_proj/imu-pub/lib/LSM6DSL) by extensions ['python_setup_py']
[0.324s] Level 1:colcon.colcon_core.package_identification:_identify(esp32_scripts/platfomio_proj/imu-pub/lib/LSM6DSL) by extension 'python_setup_py'
[0.324s] Level 1:colcon.colcon_core.package_identification:_identify(esp32_scripts/platfomio_proj/imu-pub/src) by extensions ['ignore', 'ignore_ament_install']
[0.324s] Level 1:colcon.colcon_core.package_identification:_identify(esp32_scripts/platfomio_proj/imu-pub/src) by extension 'ignore'
[0.324s] Level 1:colcon.colcon_core.package_identification:_identify(esp32_scripts/platfomio_proj/imu-pub/src) by extension 'ignore_ament_install'
[0.324s] Level 1:colcon.colcon_core.package_identification:_identify(esp32_scripts/platfomio_proj/imu-pub/src) by extensions ['colcon_pkg']
[0.324s] Level 1:colcon.colcon_core.package_identification:_identify(esp32_scripts/platfomio_proj/imu-pub/src) by extension 'colcon_pkg'
[0.324s] Level 1:colcon.colcon_core.package_identification:_identify(esp32_scripts/platfomio_proj/imu-pub/src) by extensions ['colcon_meta']
[0.324s] Level 1:colcon.colcon_core.package_identification:_identify(esp32_scripts/platfomio_proj/imu-pub/src) by extension 'colcon_meta'
[0.324s] Level 1:colcon.colcon_core.package_identification:_identify(esp32_scripts/platfomio_proj/imu-pub/src) by extensions ['ros']
[0.324s] Level 1:colcon.colcon_core.package_identification:_identify(esp32_scripts/platfomio_proj/imu-pub/src) by extension 'ros'
[0.324s] Level 1:colcon.colcon_core.package_identification:_identify(esp32_scripts/platfomio_proj/imu-pub/src) by extensions ['cmake', 'python']
[0.324s] Level 1:colcon.colcon_core.package_identification:_identify(esp32_scripts/platfomio_proj/imu-pub/src) by extension 'cmake'
[0.325s] Level 1:colcon.colcon_core.package_identification:_identify(esp32_scripts/platfomio_proj/imu-pub/src) by extension 'python'
[0.325s] Level 1:colcon.colcon_core.package_identification:_identify(esp32_scripts/platfomio_proj/imu-pub/src) by extensions ['python_setup_py']
[0.325s] Level 1:colcon.colcon_core.package_identification:_identify(esp32_scripts/platfomio_proj/imu-pub/src) by extension 'python_setup_py'
[0.325s] Level 1:colcon.colcon_core.package_identification:_identify(esp32_scripts/platfomio_proj/imu-pub/test) by extensions ['ignore', 'ignore_ament_install']
[0.325s] Level 1:colcon.colcon_core.package_identification:_identify(esp32_scripts/platfomio_proj/imu-pub/test) by extension 'ignore'
[0.325s] Level 1:colcon.colcon_core.package_identification:_identify(esp32_scripts/platfomio_proj/imu-pub/test) by extension 'ignore_ament_install'
[0.325s] Level 1:colcon.colcon_core.package_identification:_identify(esp32_scripts/platfomio_proj/imu-pub/test) by extensions ['colcon_pkg']
[0.325s] Level 1:colcon.colcon_core.package_identification:_identify(esp32_scripts/platfomio_proj/imu-pub/test) by extension 'colcon_pkg'
[0.325s] Level 1:colcon.colcon_core.package_identification:_identify(esp32_scripts/platfomio_proj/imu-pub/test) by extensions ['colcon_meta']
[0.325s] Level 1:colcon.colcon_core.package_identification:_identify(esp32_scripts/platfomio_proj/imu-pub/test) by extension 'colcon_meta'
[0.325s] Level 1:colcon.colcon_core.package_identification:_identify(esp32_scripts/platfomio_proj/imu-pub/test) by extensions ['ros']
[0.325s] Level 1:colcon.colcon_core.package_identification:_identify(esp32_scripts/platfomio_proj/imu-pub/test) by extension 'ros'
[0.325s] Level 1:colcon.colcon_core.package_identification:_identify(esp32_scripts/platfomio_proj/imu-pub/test) by extensions ['cmake', 'python']
[0.325s] Level 1:colcon.colcon_core.package_identification:_identify(esp32_scripts/platfomio_proj/imu-pub/test) by extension 'cmake'
[0.325s] Level 1:colcon.colcon_core.package_identification:_identify(esp32_scripts/platfomio_proj/imu-pub/test) by extension 'python'
[0.325s] Level 1:colcon.colcon_core.package_identification:_identify(esp32_scripts/platfomio_proj/imu-pub/test) by extensions ['python_setup_py']
[0.325s] Level 1:colcon.colcon_core.package_identification:_identify(esp32_scripts/platfomio_proj/imu-pub/test) by extension 'python_setup_py'
[0.325s] Level 1:colcon.colcon_core.package_identification:_identify(install) by extensions ['ignore', 'ignore_ament_install']
[0.325s] Level 1:colcon.colcon_core.package_identification:_identify(install) by extension 'ignore'
[0.325s] Level 1:colcon.colcon_core.package_identification:_identify(install) ignored
[0.325s] Level 1:colcon.colcon_core.package_identification:_identify(isaac_ros_ws) by extensions ['ignore', 'ignore_ament_install']
[0.325s] Level 1:colcon.colcon_core.package_identification:_identify(isaac_ros_ws) by extension 'ignore'
[0.325s] Level 1:colcon.colcon_core.package_identification:_identify(isaac_ros_ws) by extension 'ignore_ament_install'
[0.325s] Level 1:colcon.colcon_core.package_identification:_identify(isaac_ros_ws) by extensions ['colcon_pkg']
[0.325s] Level 1:colcon.colcon_core.package_identification:_identify(isaac_ros_ws) by extension 'colcon_pkg'
[0.325s] Level 1:colcon.colcon_core.package_identification:_identify(isaac_ros_ws) by extensions ['colcon_meta']
[0.325s] Level 1:colcon.colcon_core.package_identification:_identify(isaac_ros_ws) by extension 'colcon_meta'
[0.325s] Level 1:colcon.colcon_core.package_identification:_identify(isaac_ros_ws) by extensions ['ros']
[0.325s] Level 1:colcon.colcon_core.package_identification:_identify(isaac_ros_ws) by extension 'ros'
[0.325s] Level 1:colcon.colcon_core.package_identification:_identify(isaac_ros_ws) by extensions ['cmake', 'python']
[0.325s] Level 1:colcon.colcon_core.package_identification:_identify(isaac_ros_ws) by extension 'cmake'
[0.325s] Level 1:colcon.colcon_core.package_identification:_identify(isaac_ros_ws) by extension 'python'
[0.325s] Level 1:colcon.colcon_core.package_identification:_identify(isaac_ros_ws) by extensions ['python_setup_py']
[0.325s] Level 1:colcon.colcon_core.package_identification:_identify(isaac_ros_ws) by extension 'python_setup_py'
[0.325s] Level 1:colcon.colcon_core.package_identification:_identify(isaac_ros_ws/build) by extensions ['ignore', 'ignore_ament_install']
[0.326s] Level 1:colcon.colcon_core.package_identification:_identify(isaac_ros_ws/build) by extension 'ignore'
[0.326s] Level 1:colcon.colcon_core.package_identification:_identify(isaac_ros_ws/build) ignored
[0.326s] Level 1:colcon.colcon_core.package_identification:_identify(isaac_ros_ws/install) by extensions ['ignore', 'ignore_ament_install']
[0.326s] Level 1:colcon.colcon_core.package_identification:_identify(isaac_ros_ws/install) by extension 'ignore'
[0.326s] Level 1:colcon.colcon_core.package_identification:_identify(isaac_ros_ws/install) ignored
[0.326s] Level 1:colcon.colcon_core.package_identification:_identify(isaac_ros_ws/log) by extensions ['ignore', 'ignore_ament_install']
[0.326s] Level 1:colcon.colcon_core.package_identification:_identify(isaac_ros_ws/log) by extension 'ignore'
[0.326s] Level 1:colcon.colcon_core.package_identification:_identify(isaac_ros_ws/log) ignored
[0.326s] Level 1:colcon.colcon_core.package_identification:_identify(isaac_ros_ws/src) by extensions ['ignore', 'ignore_ament_install']
[0.326s] Level 1:colcon.colcon_core.package_identification:_identify(isaac_ros_ws/src) by extension 'ignore'
[0.326s] Level 1:colcon.colcon_core.package_identification:_identify(isaac_ros_ws/src) by extension 'ignore_ament_install'
[0.326s] Level 1:colcon.colcon_core.package_identification:_identify(isaac_ros_ws/src) by extensions ['colcon_pkg']
[0.326s] Level 1:colcon.colcon_core.package_identification:_identify(isaac_ros_ws/src) by extension 'colcon_pkg'
[0.326s] Level 1:colcon.colcon_core.package_identification:_identify(isaac_ros_ws/src) by extensions ['colcon_meta']
[0.326s] Level 1:colcon.colcon_core.package_identification:_identify(isaac_ros_ws/src) by extension 'colcon_meta'
[0.326s] Level 1:colcon.colcon_core.package_identification:_identify(isaac_ros_ws/src) by extensions ['ros']
[0.326s] Level 1:colcon.colcon_core.package_identification:_identify(isaac_ros_ws/src) by extension 'ros'
[0.326s] Level 1:colcon.colcon_core.package_identification:_identify(isaac_ros_ws/src) by extensions ['cmake', 'python']
[0.326s] Level 1:colcon.colcon_core.package_identification:_identify(isaac_ros_ws/src) by extension 'cmake'
[0.326s] Level 1:colcon.colcon_core.package_identification:_identify(isaac_ros_ws/src) by extension 'python'
[0.326s] Level 1:colcon.colcon_core.package_identification:_identify(isaac_ros_ws/src) by extensions ['python_setup_py']
[0.326s] Level 1:colcon.colcon_core.package_identification:_identify(isaac_ros_ws/src) by extension 'python_setup_py'
[0.326s] Level 1:colcon.colcon_core.package_identification:_identify(isaac_ros_ws/src/assistive_navigation_core) by extensions ['ignore', 'ignore_ament_install']
[0.326s] Level 1:colcon.colcon_core.package_identification:_identify(isaac_ros_ws/src/assistive_navigation_core) by extension 'ignore'
[0.326s] Level 1:colcon.colcon_core.package_identification:_identify(isaac_ros_ws/src/assistive_navigation_core) by extension 'ignore_ament_install'
[0.326s] Level 1:colcon.colcon_core.package_identification:_identify(isaac_ros_ws/src/assistive_navigation_core) by extensions ['colcon_pkg']
[0.326s] Level 1:colcon.colcon_core.package_identification:_identify(isaac_ros_ws/src/assistive_navigation_core) by extension 'colcon_pkg'
[0.326s] Level 1:colcon.colcon_core.package_identification:_identify(isaac_ros_ws/src/assistive_navigation_core) by extensions ['colcon_meta']
[0.326s] Level 1:colcon.colcon_core.package_identification:_identify(isaac_ros_ws/src/assistive_navigation_core) by extension 'colcon_meta'
[0.326s] Level 1:colcon.colcon_core.package_identification:_identify(isaac_ros_ws/src/assistive_navigation_core) by extensions ['ros']
[0.326s] Level 1:colcon.colcon_core.package_identification:_identify(isaac_ros_ws/src/assistive_navigation_core) by extension 'ros'
[0.327s] DEBUG:colcon.colcon_core.package_identification:Package 'isaac_ros_ws/src/assistive_navigation_core' with type 'ros.ament_python' and name 'assistive_navigation_core'
[0.327s] Level 1:colcon.colcon_core.package_identification:_identify(isaac_ros_ws/src/gps_navigation_system) by extensions ['ignore', 'ignore_ament_install']
[0.327s] Level 1:colcon.colcon_core.package_identification:_identify(isaac_ros_ws/src/gps_navigation_system) by extension 'ignore'
[0.327s] Level 1:colcon.colcon_core.package_identification:_identify(isaac_ros_ws/src/gps_navigation_system) by extension 'ignore_ament_install'
[0.327s] Level 1:colcon.colcon_core.package_identification:_identify(isaac_ros_ws/src/gps_navigation_system) by extensions ['colcon_pkg']
[0.327s] Level 1:colcon.colcon_core.package_identification:_identify(isaac_ros_ws/src/gps_navigation_system) by extension 'colcon_pkg'
[0.327s] Level 1:colcon.colcon_core.package_identification:_identify(isaac_ros_ws/src/gps_navigation_system) by extensions ['colcon_meta']
[0.327s] Level 1:colcon.colcon_core.package_identification:_identify(isaac_ros_ws/src/gps_navigation_system) by extension 'colcon_meta'
[0.327s] Level 1:colcon.colcon_core.package_identification:_identify(isaac_ros_ws/src/gps_navigation_system) by extensions ['ros']
[0.327s] Level 1:colcon.colcon_core.package_identification:_identify(isaac_ros_ws/src/gps_navigation_system) by extension 'ros'
[0.328s] DEBUG:colcon.colcon_core.package_identification:Package 'isaac_ros_ws/src/gps_navigation_system' with type 'ros.ament_python' and name 'gps_navigation_system'
[0.328s] Level 1:colcon.colcon_core.package_identification:_identify(isaac_ros_ws/src/isaac_ros_benchmark) by extensions ['ignore', 'ignore_ament_install']
[0.328s] Level 1:colcon.colcon_core.package_identification:_identify(isaac_ros_ws/src/isaac_ros_benchmark) by extension 'ignore'
[0.328s] Level 1:colcon.colcon_core.package_identification:_identify(isaac_ros_ws/src/isaac_ros_benchmark) by extension 'ignore_ament_install'
[0.328s] Level 1:colcon.colcon_core.package_identification:_identify(isaac_ros_ws/src/isaac_ros_benchmark) by extensions ['colcon_pkg']
[0.328s] Level 1:colcon.colcon_core.package_identification:_identify(isaac_ros_ws/src/isaac_ros_benchmark) by extension 'colcon_pkg'
[0.328s] Level 1:colcon.colcon_core.package_identification:_identify(isaac_ros_ws/src/isaac_ros_benchmark) by extensions ['colcon_meta']
[0.328s] Level 1:colcon.colcon_core.package_identification:_identify(isaac_ros_ws/src/isaac_ros_benchmark) by extension 'colcon_meta'
[0.328s] Level 1:colcon.colcon_core.package_identification:_identify(isaac_ros_ws/src/isaac_ros_benchmark) by extensions ['ros']
[0.328s] Level 1:colcon.colcon_core.package_identification:_identify(isaac_ros_ws/src/isaac_ros_benchmark) by extension 'ros'
[0.328s] Level 1:colcon.colcon_core.package_identification:_identify(isaac_ros_ws/src/isaac_ros_benchmark) by extensions ['cmake', 'python']
[0.328s] Level 1:colcon.colcon_core.package_identification:_identify(isaac_ros_ws/src/isaac_ros_benchmark) by extension 'cmake'
[0.328s] Level 1:colcon.colcon_core.package_identification:_identify(isaac_ros_ws/src/isaac_ros_benchmark) by extension 'python'
[0.328s] Level 1:colcon.colcon_core.package_identification:_identify(isaac_ros_ws/src/isaac_ros_benchmark) by extensions ['python_setup_py']
[0.328s] Level 1:colcon.colcon_core.package_identification:_identify(isaac_ros_ws/src/isaac_ros_benchmark) by extension 'python_setup_py'
[0.328s] Level 1:colcon.colcon_core.package_identification:_identify(isaac_ros_ws/src/isaac_ros_benchmark/benchmarks) by extensions ['ignore', 'ignore_ament_install']
[0.328s] Level 1:colcon.colcon_core.package_identification:_identify(isaac_ros_ws/src/isaac_ros_benchmark/benchmarks) by extension 'ignore'
[0.328s] Level 1:colcon.colcon_core.package_identification:_identify(isaac_ros_ws/src/isaac_ros_benchmark/benchmarks) by extension 'ignore_ament_install'
[0.328s] Level 1:colcon.colcon_core.package_identification:_identify(isaac_ros_ws/src/isaac_ros_benchmark/benchmarks) by extensions ['colcon_pkg']
[0.328s] Level 1:colcon.colcon_core.package_identification:_identify(isaac_ros_ws/src/isaac_ros_benchmark/benchmarks) by extension 'colcon_pkg'
[0.328s] Level 1:colcon.colcon_core.package_identification:_identify(isaac_ros_ws/src/isaac_ros_benchmark/benchmarks) by extensions ['colcon_meta']
[0.328s] Level 1:colcon.colcon_core.package_identification:_identify(isaac_ros_ws/src/isaac_ros_benchmark/benchmarks) by extension 'colcon_meta'
[0.328s] Level 1:colcon.colcon_core.package_identification:_identify(isaac_ros_ws/src/isaac_ros_benchmark/benchmarks) by extensions ['ros']
[0.328s] Level 1:colcon.colcon_core.package_identification:_identify(isaac_ros_ws/src/isaac_ros_benchmark/benchmarks) by extension 'ros'
[0.328s] Level 1:colcon.colcon_core.package_identification:_identify(isaac_ros_ws/src/isaac_ros_benchmark/benchmarks) by extensions ['cmake', 'python']
[0.328s] Level 1:colcon.colcon_core.package_identification:_identify(isaac_ros_ws/src/isaac_ros_benchmark/benchmarks) by extension 'cmake'
[0.328s] Level 1:colcon.colcon_core.package_identification:_identify(isaac_ros_ws/src/isaac_ros_benchmark/benchmarks) by extension 'python'
[0.328s] Level 1:colcon.colcon_core.package_identification:_identify(isaac_ros_ws/src/isaac_ros_benchmark/benchmarks) by extensions ['python_setup_py']
[0.328s] Level 1:colcon.colcon_core.package_identification:_identify(isaac_ros_ws/src/isaac_ros_benchmark/benchmarks) by extension 'python_setup_py'
[0.328s] Level 1:colcon.colcon_core.package_identification:_identify(isaac_ros_ws/src/isaac_ros_benchmark/benchmarks/isaac_ros_apriltag_benchmark) by extensions ['ignore', 'ignore_ament_install']
[0.328s] Level 1:colcon.colcon_core.package_identification:_identify(isaac_ros_ws/src/isaac_ros_benchmark/benchmarks/isaac_ros_apriltag_benchmark) by extension 'ignore'
[0.329s] Level 1:colcon.colcon_core.package_identification:_identify(isaac_ros_ws/src/isaac_ros_benchmark/benchmarks/isaac_ros_apriltag_benchmark) by extension 'ignore_ament_install'
[0.329s] Level 1:colcon.colcon_core.package_identification:_identify(isaac_ros_ws/src/isaac_ros_benchmark/benchmarks/isaac_ros_apriltag_benchmark) by extensions ['colcon_pkg']
[0.329s] Level 1:colcon.colcon_core.package_identification:_identify(isaac_ros_ws/src/isaac_ros_benchmark/benchmarks/isaac_ros_apriltag_benchmark) by extension 'colcon_pkg'
[0.329s] Level 1:colcon.colcon_core.package_identification:_identify(isaac_ros_ws/src/isaac_ros_benchmark/benchmarks/isaac_ros_apriltag_benchmark) by extensions ['colcon_meta']
[0.329s] Level 1:colcon.colcon_core.package_identification:_identify(isaac_ros_ws/src/isaac_ros_benchmark/benchmarks/isaac_ros_apriltag_benchmark) by extension 'colcon_meta'
[0.329s] Level 1:colcon.colcon_core.package_identification:_identify(isaac_ros_ws/src/isaac_ros_benchmark/benchmarks/isaac_ros_apriltag_benchmark) by extensions ['ros']
[0.329s] Level 1:colcon.colcon_core.package_identification:_identify(isaac_ros_ws/src/isaac_ros_benchmark/benchmarks/isaac_ros_apriltag_benchmark) by extension 'ros'
[0.329s] DEBUG:colcon.colcon_core.package_identification:Package 'isaac_ros_ws/src/isaac_ros_benchmark/benchmarks/isaac_ros_apriltag_benchmark' with type 'ros.ament_cmake' and name 'isaac_ros_apriltag_benchmark'
[0.329s] Level 1:colcon.colcon_core.package_identification:_identify(isaac_ros_ws/src/isaac_ros_benchmark/benchmarks/isaac_ros_argus_camera_benchmark) by extensions ['ignore', 'ignore_ament_install']
[0.329s] Level 1:colcon.colcon_core.package_identification:_identify(isaac_ros_ws/src/isaac_ros_benchmark/benchmarks/isaac_ros_argus_camera_benchmark) by extension 'ignore'
[0.329s] Level 1:colcon.colcon_core.package_identification:_identify(isaac_ros_ws/src/isaac_ros_benchmark/benchmarks/isaac_ros_argus_camera_benchmark) by extension 'ignore_ament_install'
[0.330s] Level 1:colcon.colcon_core.package_identification:_identify(isaac_ros_ws/src/isaac_ros_benchmark/benchmarks/isaac_ros_argus_camera_benchmark) by extensions ['colcon_pkg']
[0.330s] Level 1:colcon.colcon_core.package_identification:_identify(isaac_ros_ws/src/isaac_ros_benchmark/benchmarks/isaac_ros_argus_camera_benchmark) by extension 'colcon_pkg'
[0.330s] Level 1:colcon.colcon_core.package_identification:_identify(isaac_ros_ws/src/isaac_ros_benchmark/benchmarks/isaac_ros_argus_camera_benchmark) by extensions ['colcon_meta']
[0.330s] Level 1:colcon.colcon_core.package_identification:_identify(isaac_ros_ws/src/isaac_ros_benchmark/benchmarks/isaac_ros_argus_camera_benchmark) by extension 'colcon_meta'
[0.330s] Level 1:colcon.colcon_core.package_identification:_identify(isaac_ros_ws/src/isaac_ros_benchmark/benchmarks/isaac_ros_argus_camera_benchmark) by extensions ['ros']
[0.330s] Level 1:colcon.colcon_core.package_identification:_identify(isaac_ros_ws/src/isaac_ros_benchmark/benchmarks/isaac_ros_argus_camera_benchmark) by extension 'ros'
[0.330s] DEBUG:colcon.colcon_core.package_identification:Package 'isaac_ros_ws/src/isaac_ros_benchmark/benchmarks/isaac_ros_argus_camera_benchmark' with type 'ros.ament_cmake' and name 'isaac_ros_argus_camera_benchmark'
[0.330s] Level 1:colcon.colcon_core.package_identification:_identify(isaac_ros_ws/src/isaac_ros_benchmark/benchmarks/isaac_ros_bi3d_benchmark) by extensions ['ignore', 'ignore_ament_install']
[0.330s] Level 1:colcon.colcon_core.package_identification:_identify(isaac_ros_ws/src/isaac_ros_benchmark/benchmarks/isaac_ros_bi3d_benchmark) by extension 'ignore'
[0.330s] Level 1:colcon.colcon_core.package_identification:_identify(isaac_ros_ws/src/isaac_ros_benchmark/benchmarks/isaac_ros_bi3d_benchmark) by extension 'ignore_ament_install'
[0.330s] Level 1:colcon.colcon_core.package_identification:_identify(isaac_ros_ws/src/isaac_ros_benchmark/benchmarks/isaac_ros_bi3d_benchmark) by extensions ['colcon_pkg']
[0.330s] Level 1:colcon.colcon_core.package_identification:_identify(isaac_ros_ws/src/isaac_ros_benchmark/benchmarks/isaac_ros_bi3d_benchmark) by extension 'colcon_pkg'
[0.330s] Level 1:colcon.colcon_core.package_identification:_identify(isaac_ros_ws/src/isaac_ros_benchmark/benchmarks/isaac_ros_bi3d_benchmark) by extensions ['colcon_meta']
[0.330s] Level 1:colcon.colcon_core.package_identification:_identify(isaac_ros_ws/src/isaac_ros_benchmark/benchmarks/isaac_ros_bi3d_benchmark) by extension 'colcon_meta'
[0.330s] Level 1:colcon.colcon_core.package_identification:_identify(isaac_ros_ws/src/isaac_ros_benchmark/benchmarks/isaac_ros_bi3d_benchmark) by extensions ['ros']
[0.330s] Level 1:colcon.colcon_core.package_identification:_identify(isaac_ros_ws/src/isaac_ros_benchmark/benchmarks/isaac_ros_bi3d_benchmark) by extension 'ros'
[0.331s] DEBUG:colcon.colcon_core.package_identification:Package 'isaac_ros_ws/src/isaac_ros_benchmark/benchmarks/isaac_ros_bi3d_benchmark' with type 'ros.ament_cmake' and name 'isaac_ros_bi3d_benchmark'
[0.331s] Level 1:colcon.colcon_core.package_identification:_identify(isaac_ros_ws/src/isaac_ros_benchmark/benchmarks/isaac_ros_bi3d_freespace_benchmark) by extensions ['ignore', 'ignore_ament_install']
[0.331s] Level 1:colcon.colcon_core.package_identification:_identify(isaac_ros_ws/src/isaac_ros_benchmark/benchmarks/isaac_ros_bi3d_freespace_benchmark) by extension 'ignore'
[0.331s] Level 1:colcon.colcon_core.package_identification:_identify(isaac_ros_ws/src/isaac_ros_benchmark/benchmarks/isaac_ros_bi3d_freespace_benchmark) by extension 'ignore_ament_install'
[0.331s] Level 1:colcon.colcon_core.package_identification:_identify(isaac_ros_ws/src/isaac_ros_benchmark/benchmarks/isaac_ros_bi3d_freespace_benchmark) by extensions ['colcon_pkg']
[0.331s] Level 1:colcon.colcon_core.package_identification:_identify(isaac_ros_ws/src/isaac_ros_benchmark/benchmarks/isaac_ros_bi3d_freespace_benchmark) by extension 'colcon_pkg'
[0.331s] Level 1:colcon.colcon_core.package_identification:_identify(isaac_ros_ws/src/isaac_ros_benchmark/benchmarks/isaac_ros_bi3d_freespace_benchmark) by extensions ['colcon_meta']
[0.331s] Level 1:colcon.colcon_core.package_identification:_identify(isaac_ros_ws/src/isaac_ros_benchmark/benchmarks/isaac_ros_bi3d_freespace_benchmark) by extension 'colcon_meta'
[0.332s] Level 1:colcon.colcon_core.package_identification:_identify(isaac_ros_ws/src/isaac_ros_benchmark/benchmarks/isaac_ros_bi3d_freespace_benchmark) by extensions ['ros']
[0.332s] Level 1:colcon.colcon_core.package_identification:_identify(isaac_ros_ws/src/isaac_ros_benchmark/benchmarks/isaac_ros_bi3d_freespace_benchmark) by extension 'ros'
[0.332s] DEBUG:colcon.colcon_core.package_identification:Package 'isaac_ros_ws/src/isaac_ros_benchmark/benchmarks/isaac_ros_bi3d_freespace_benchmark' with type 'ros.ament_cmake' and name 'isaac_ros_bi3d_freespace_benchmark'
[0.332s] Level 1:colcon.colcon_core.package_identification:_identify(isaac_ros_ws/src/isaac_ros_benchmark/benchmarks/isaac_ros_centerpose_benchmark) by extensions ['ignore', 'ignore_ament_install']
[0.332s] Level 1:colcon.colcon_core.package_identification:_identify(isaac_ros_ws/src/isaac_ros_benchmark/benchmarks/isaac_ros_centerpose_benchmark) by extension 'ignore'
[0.332s] Level 1:colcon.colcon_core.package_identification:_identify(isaac_ros_ws/src/isaac_ros_benchmark/benchmarks/isaac_ros_centerpose_benchmark) by extension 'ignore_ament_install'
[0.332s] Level 1:colcon.colcon_core.package_identification:_identify(isaac_ros_ws/src/isaac_ros_benchmark/benchmarks/isaac_ros_centerpose_benchmark) by extensions ['colcon_pkg']
[0.332s] Level 1:colcon.colcon_core.package_identification:_identify(isaac_ros_ws/src/isaac_ros_benchmark/benchmarks/isaac_ros_centerpose_benchmark) by extension 'colcon_pkg'
[0.332s] Level 1:colcon.colcon_core.package_identification:_identify(isaac_ros_ws/src/isaac_ros_benchmark/benchmarks/isaac_ros_centerpose_benchmark) by extensions ['colcon_meta']
[0.332s] Level 1:colcon.colcon_core.package_identification:_identify(isaac_ros_ws/src/isaac_ros_benchmark/benchmarks/isaac_ros_centerpose_benchmark) by extension 'colcon_meta'
[0.332s] Level 1:colcon.colcon_core.package_identification:_identify(isaac_ros_ws/src/isaac_ros_benchmark/benchmarks/isaac_ros_centerpose_benchmark) by extensions ['ros']
[0.332s] Level 1:colcon.colcon_core.package_identification:_identify(isaac_ros_ws/src/isaac_ros_benchmark/benchmarks/isaac_ros_centerpose_benchmark) by extension 'ros'
[0.333s] DEBUG:colcon.colcon_core.package_identification:Package 'isaac_ros_ws/src/isaac_ros_benchmark/benchmarks/isaac_ros_centerpose_benchmark' with type 'ros.ament_cmake' and name 'isaac_ros_centerpose_benchmark'
[0.333s] Level 1:colcon.colcon_core.package_identification:_identify(isaac_ros_ws/src/isaac_ros_benchmark/benchmarks/isaac_ros_data_recorder_nova_benchmark) by extensions ['ignore', 'ignore_ament_install']
[0.333s] Level 1:colcon.colcon_core.package_identification:_identify(isaac_ros_ws/src/isaac_ros_benchmark/benchmarks/isaac_ros_data_recorder_nova_benchmark) by extension 'ignore'
[0.333s] Level 1:colcon.colcon_core.package_identification:_identify(isaac_ros_ws/src/isaac_ros_benchmark/benchmarks/isaac_ros_data_recorder_nova_benchmark) by extension 'ignore_ament_install'
[0.333s] Level 1:colcon.colcon_core.package_identification:_identify(isaac_ros_ws/src/isaac_ros_benchmark/benchmarks/isaac_ros_data_recorder_nova_benchmark) by extensions ['colcon_pkg']
[0.333s] Level 1:colcon.colcon_core.package_identification:_identify(isaac_ros_ws/src/isaac_ros_benchmark/benchmarks/isaac_ros_data_recorder_nova_benchmark) by extension 'colcon_pkg'
[0.333s] Level 1:colcon.colcon_core.package_identification:_identify(isaac_ros_ws/src/isaac_ros_benchmark/benchmarks/isaac_ros_data_recorder_nova_benchmark) by extensions ['colcon_meta']
[0.333s] Level 1:colcon.colcon_core.package_identification:_identify(isaac_ros_ws/src/isaac_ros_benchmark/benchmarks/isaac_ros_data_recorder_nova_benchmark) by extension 'colcon_meta'
[0.333s] Level 1:colcon.colcon_core.package_identification:_identify(isaac_ros_ws/src/isaac_ros_benchmark/benchmarks/isaac_ros_data_recorder_nova_benchmark) by extensions ['ros']
[0.333s] Level 1:colcon.colcon_core.package_identification:_identify(isaac_ros_ws/src/isaac_ros_benchmark/benchmarks/isaac_ros_data_recorder_nova_benchmark) by extension 'ros'
[0.334s] DEBUG:colcon.colcon_core.package_identification:Package 'isaac_ros_ws/src/isaac_ros_benchmark/benchmarks/isaac_ros_data_recorder_nova_benchmark' with type 'ros.ament_cmake' and name 'isaac_ros_data_recorder_nova_benchmark'
[0.334s] Level 1:colcon.colcon_core.package_identification:_identify(isaac_ros_ws/src/isaac_ros_benchmark/benchmarks/isaac_ros_detectnet_benchmark) by extensions ['ignore', 'ignore_ament_install']
[0.334s] Level 1:colcon.colcon_core.package_identification:_identify(isaac_ros_ws/src/isaac_ros_benchmark/benchmarks/isaac_ros_detectnet_benchmark) by extension 'ignore'
[0.334s] Level 1:colcon.colcon_core.package_identification:_identify(isaac_ros_ws/src/isaac_ros_benchmark/benchmarks/isaac_ros_detectnet_benchmark) by extension 'ignore_ament_install'
[0.334s] Level 1:colcon.colcon_core.package_identification:_identify(isaac_ros_ws/src/isaac_ros_benchmark/benchmarks/isaac_ros_detectnet_benchmark) by extensions ['colcon_pkg']
[0.334s] Level 1:colcon.colcon_core.package_identification:_identify(isaac_ros_ws/src/isaac_ros_benchmark/benchmarks/isaac_ros_detectnet_benchmark) by extension 'colcon_pkg'
[0.334s] Level 1:colcon.colcon_core.package_identification:_identify(isaac_ros_ws/src/isaac_ros_benchmark/benchmarks/isaac_ros_detectnet_benchmark) by extensions ['colcon_meta']
[0.334s] Level 1:colcon.colcon_core.package_identification:_identify(isaac_ros_ws/src/isaac_ros_benchmark/benchmarks/isaac_ros_detectnet_benchmark) by extension 'colcon_meta'
[0.334s] Level 1:colcon.colcon_core.package_identification:_identify(isaac_ros_ws/src/isaac_ros_benchmark/benchmarks/isaac_ros_detectnet_benchmark) by extensions ['ros']
[0.334s] Level 1:colcon.colcon_core.package_identification:_identify(isaac_ros_ws/src/isaac_ros_benchmark/benchmarks/isaac_ros_detectnet_benchmark) by extension 'ros'
[0.335s] DEBUG:colcon.colcon_core.package_identification:Package 'isaac_ros_ws/src/isaac_ros_benchmark/benchmarks/isaac_ros_detectnet_benchmark' with type 'ros.ament_cmake' and name 'isaac_ros_detectnet_benchmark'
[0.335s] Level 1:colcon.colcon_core.package_identification:_identify(isaac_ros_ws/src/isaac_ros_benchmark/benchmarks/isaac_ros_dnn_image_encoder_benchmark) by extensions ['ignore', 'ignore_ament_install']
[0.335s] Level 1:colcon.colcon_core.package_identification:_identify(isaac_ros_ws/src/isaac_ros_benchmark/benchmarks/isaac_ros_dnn_image_encoder_benchmark) by extension 'ignore'
[0.335s] Level 1:colcon.colcon_core.package_identification:_identify(isaac_ros_ws/src/isaac_ros_benchmark/benchmarks/isaac_ros_dnn_image_encoder_benchmark) by extension 'ignore_ament_install'
[0.335s] Level 1:colcon.colcon_core.package_identification:_identify(isaac_ros_ws/src/isaac_ros_benchmark/benchmarks/isaac_ros_dnn_image_encoder_benchmark) by extensions ['colcon_pkg']
[0.335s] Level 1:colcon.colcon_core.package_identification:_identify(isaac_ros_ws/src/isaac_ros_benchmark/benchmarks/isaac_ros_dnn_image_encoder_benchmark) by extension 'colcon_pkg'
[0.335s] Level 1:colcon.colcon_core.package_identification:_identify(isaac_ros_ws/src/isaac_ros_benchmark/benchmarks/isaac_ros_dnn_image_encoder_benchmark) by extensions ['colcon_meta']
[0.335s] Level 1:colcon.colcon_core.package_identification:_identify(isaac_ros_ws/src/isaac_ros_benchmark/benchmarks/isaac_ros_dnn_image_encoder_benchmark) by extension 'colcon_meta'
[0.335s] Level 1:colcon.colcon_core.package_identification:_identify(isaac_ros_ws/src/isaac_ros_benchmark/benchmarks/isaac_ros_dnn_image_encoder_benchmark) by extensions ['ros']
[0.335s] Level 1:colcon.colcon_core.package_identification:_identify(isaac_ros_ws/src/isaac_ros_benchmark/benchmarks/isaac_ros_dnn_image_encoder_benchmark) by extension 'ros'
[0.336s] DEBUG:colcon.colcon_core.package_identification:Package 'isaac_ros_ws/src/isaac_ros_benchmark/benchmarks/isaac_ros_dnn_image_encoder_benchmark' with type 'ros.ament_cmake' and name 'isaac_ros_dnn_image_encoder_benchmark'
[0.336s] Level 1:colcon.colcon_core.package_identification:_identify(isaac_ros_ws/src/isaac_ros_benchmark/benchmarks/isaac_ros_dope_benchmark) by extensions ['ignore', 'ignore_ament_install']
[0.336s] Level 1:colcon.colcon_core.package_identification:_identify(isaac_ros_ws/src/isaac_ros_benchmark/benchmarks/isaac_ros_dope_benchmark) by extension 'ignore'
[0.336s] Level 1:colcon.colcon_core.package_identification:_identify(isaac_ros_ws/src/isaac_ros_benchmark/benchmarks/isaac_ros_dope_benchmark) by extension 'ignore_ament_install'
[0.336s] Level 1:colcon.colcon_core.package_identification:_identify(isaac_ros_ws/src/isaac_ros_benchmark/benchmarks/isaac_ros_dope_benchmark) by extensions ['colcon_pkg']
[0.336s] Level 1:colcon.colcon_core.package_identification:_identify(isaac_ros_ws/src/isaac_ros_benchmark/benchmarks/isaac_ros_dope_benchmark) by extension 'colcon_pkg'
[0.336s] Level 1:colcon.colcon_core.package_identification:_identify(isaac_ros_ws/src/isaac_ros_benchmark/benchmarks/isaac_ros_dope_benchmark) by extensions ['colcon_meta']
[0.336s] Level 1:colcon.colcon_core.package_identification:_identify(isaac_ros_ws/src/isaac_ros_benchmark/benchmarks/isaac_ros_dope_benchmark) by extension 'colcon_meta'
[0.336s] Level 1:colcon.colcon_core.package_identification:_identify(isaac_ros_ws/src/isaac_ros_benchmark/benchmarks/isaac_ros_dope_benchmark) by extensions ['ros']
[0.336s] Level 1:colcon.colcon_core.package_identification:_identify(isaac_ros_ws/src/isaac_ros_benchmark/benchmarks/isaac_ros_dope_benchmark) by extension 'ros'
[0.337s] DEBUG:colcon.colcon_core.package_identification:Package 'isaac_ros_ws/src/isaac_ros_benchmark/benchmarks/isaac_ros_dope_benchmark' with type 'ros.ament_cmake' and name 'isaac_ros_dope_benchmark'
[0.337s] Level 1:colcon.colcon_core.package_identification:_identify(isaac_ros_ws/src/isaac_ros_benchmark/benchmarks/isaac_ros_ess_benchmark) by extensions ['ignore', 'ignore_ament_install']
[0.337s] Level 1:colcon.colcon_core.package_identification:_identify(isaac_ros_ws/src/isaac_ros_benchmark/benchmarks/isaac_ros_ess_benchmark) by extension 'ignore'
[0.337s] Level 1:colcon.colcon_core.package_identification:_identify(isaac_ros_ws/src/isaac_ros_benchmark/benchmarks/isaac_ros_ess_benchmark) by extension 'ignore_ament_install'
[0.337s] Level 1:colcon.colcon_core.package_identification:_identify(isaac_ros_ws/src/isaac_ros_benchmark/benchmarks/isaac_ros_ess_benchmark) by extensions ['colcon_pkg']
[0.337s] Level 1:colcon.colcon_core.package_identification:_identify(isaac_ros_ws/src/isaac_ros_benchmark/benchmarks/isaac_ros_ess_benchmark) by extension 'colcon_pkg'
[0.337s] Level 1:colcon.colcon_core.package_identification:_identify(isaac_ros_ws/src/isaac_ros_benchmark/benchmarks/isaac_ros_ess_benchmark) by extensions ['colcon_meta']
[0.337s] Level 1:colcon.colcon_core.package_identification:_identify(isaac_ros_ws/src/isaac_ros_benchmark/benchmarks/isaac_ros_ess_benchmark) by extension 'colcon_meta'
[0.337s] Level 1:colcon.colcon_core.package_identification:_identify(isaac_ros_ws/src/isaac_ros_benchmark/benchmarks/isaac_ros_ess_benchmark) by extensions ['ros']
[0.337s] Level 1:colcon.colcon_core.package_identification:_identify(isaac_ros_ws/src/isaac_ros_benchmark/benchmarks/isaac_ros_ess_benchmark) by extension 'ros'
[0.338s] DEBUG:colcon.colcon_core.package_identification:Package 'isaac_ros_ws/src/isaac_ros_benchmark/benchmarks/isaac_ros_ess_benchmark' with type 'ros.ament_cmake' and name 'isaac_ros_ess_benchmark'
[0.338s] Level 1:colcon.colcon_core.package_identification:_identify(isaac_ros_ws/src/isaac_ros_benchmark/benchmarks/isaac_ros_ess_nova_benchmark) by extensions ['ignore', 'ignore_ament_install']
[0.338s] Level 1:colcon.colcon_core.package_identification:_identify(isaac_ros_ws/src/isaac_ros_benchmark/benchmarks/isaac_ros_ess_nova_benchmark) by extension 'ignore'
[0.338s] Level 1:colcon.colcon_core.package_identification:_identify(isaac_ros_ws/src/isaac_ros_benchmark/benchmarks/isaac_ros_ess_nova_benchmark) by extension 'ignore_ament_install'
[0.338s] Level 1:colcon.colcon_core.package_identification:_identify(isaac_ros_ws/src/isaac_ros_benchmark/benchmarks/isaac_ros_ess_nova_benchmark) by extensions ['colcon_pkg']
[0.338s] Level 1:colcon.colcon_core.package_identification:_identify(isaac_ros_ws/src/isaac_ros_benchmark/benchmarks/isaac_ros_ess_nova_benchmark) by extension 'colcon_pkg'
[0.338s] Level 1:colcon.colcon_core.package_identification:_identify(isaac_ros_ws/src/isaac_ros_benchmark/benchmarks/isaac_ros_ess_nova_benchmark) by extensions ['colcon_meta']
[0.338s] Level 1:colcon.colcon_core.package_identification:_identify(isaac_ros_ws/src/isaac_ros_benchmark/benchmarks/isaac_ros_ess_nova_benchmark) by extension 'colcon_meta'
[0.338s] Level 1:colcon.colcon_core.package_identification:_identify(isaac_ros_ws/src/isaac_ros_benchmark/benchmarks/isaac_ros_ess_nova_benchmark) by extensions ['ros']
[0.338s] Level 1:colcon.colcon_core.package_identification:_identify(isaac_ros_ws/src/isaac_ros_benchmark/benchmarks/isaac_ros_ess_nova_benchmark) by extension 'ros'
[0.339s] DEBUG:colcon.colcon_core.package_identification:Package 'isaac_ros_ws/src/isaac_ros_benchmark/benchmarks/isaac_ros_ess_nova_benchmark' with type 'ros.ament_cmake' and name 'isaac_ros_ess_nova_benchmark'
[0.339s] Level 1:colcon.colcon_core.package_identification:_identify(isaac_ros_ws/src/isaac_ros_benchmark/benchmarks/isaac_ros_foundationpose_benchmark) by extensions ['ignore', 'ignore_ament_install']
[0.339s] Level 1:colcon.colcon_core.package_identification:_identify(isaac_ros_ws/src/isaac_ros_benchmark/benchmarks/isaac_ros_foundationpose_benchmark) by extension 'ignore'
[0.339s] Level 1:colcon.colcon_core.package_identification:_identify(isaac_ros_ws/src/isaac_ros_benchmark/benchmarks/isaac_ros_foundationpose_benchmark) by extension 'ignore_ament_install'
[0.339s] Level 1:colcon.colcon_core.package_identification:_identify(isaac_ros_ws/src/isaac_ros_benchmark/benchmarks/isaac_ros_foundationpose_benchmark) by extensions ['colcon_pkg']
[0.339s] Level 1:colcon.colcon_core.package_identification:_identify(isaac_ros_ws/src/isaac_ros_benchmark/benchmarks/isaac_ros_foundationpose_benchmark) by extension 'colcon_pkg'
[0.339s] Level 1:colcon.colcon_core.package_identification:_identify(isaac_ros_ws/src/isaac_ros_benchmark/benchmarks/isaac_ros_foundationpose_benchmark) by extensions ['colcon_meta']
[0.339s] Level 1:colcon.colcon_core.package_identification:_identify(isaac_ros_ws/src/isaac_ros_benchmark/benchmarks/isaac_ros_foundationpose_benchmark) by extension 'colcon_meta'
[0.339s] Level 1:colcon.colcon_core.package_identification:_identify(isaac_ros_ws/src/isaac_ros_benchmark/benchmarks/isaac_ros_foundationpose_benchmark) by extensions ['ros']
[0.339s] Level 1:colcon.colcon_core.package_identification:_identify(isaac_ros_ws/src/isaac_ros_benchmark/benchmarks/isaac_ros_foundationpose_benchmark) by extension 'ros'
[0.340s] DEBUG:colcon.colcon_core.package_identification:Package 'isaac_ros_ws/src/isaac_ros_benchmark/benchmarks/isaac_ros_foundationpose_benchmark' with type 'ros.ament_cmake' and name 'isaac_ros_foundationpose_benchmark'
[0.340s] Level 1:colcon.colcon_core.package_identification:_identify(isaac_ros_ws/src/isaac_ros_benchmark/benchmarks/isaac_ros_h264_decoder_benchmark) by extensions ['ignore', 'ignore_ament_install']
[0.340s] Level 1:colcon.colcon_core.package_identification:_identify(isaac_ros_ws/src/isaac_ros_benchmark/benchmarks/isaac_ros_h264_decoder_benchmark) by extension 'ignore'
[0.340s] Level 1:colcon.colcon_core.package_identification:_identify(isaac_ros_ws/src/isaac_ros_benchmark/benchmarks/isaac_ros_h264_decoder_benchmark) by extension 'ignore_ament_install'
[0.340s] Level 1:colcon.colcon_core.package_identification:_identify(isaac_ros_ws/src/isaac_ros_benchmark/benchmarks/isaac_ros_h264_decoder_benchmark) by extensions ['colcon_pkg']
[0.340s] Level 1:colcon.colcon_core.package_identification:_identify(isaac_ros_ws/src/isaac_ros_benchmark/benchmarks/isaac_ros_h264_decoder_benchmark) by extension 'colcon_pkg'
[0.340s] Level 1:colcon.colcon_core.package_identification:_identify(isaac_ros_ws/src/isaac_ros_benchmark/benchmarks/isaac_ros_h264_decoder_benchmark) by extensions ['colcon_meta']
[0.340s] Level 1:colcon.colcon_core.package_identification:_identify(isaac_ros_ws/src/isaac_ros_benchmark/benchmarks/isaac_ros_h264_decoder_benchmark) by extension 'colcon_meta'
[0.340s] Level 1:colcon.colcon_core.package_identification:_identify(isaac_ros_ws/src/isaac_ros_benchmark/benchmarks/isaac_ros_h264_decoder_benchmark) by extensions ['ros']
[0.340s] Level 1:colcon.colcon_core.package_identification:_identify(isaac_ros_ws/src/isaac_ros_benchmark/benchmarks/isaac_ros_h264_decoder_benchmark) by extension 'ros'
[0.341s] DEBUG:colcon.colcon_core.package_identification:Package 'isaac_ros_ws/src/isaac_ros_benchmark/benchmarks/isaac_ros_h264_decoder_benchmark' with type 'ros.ament_cmake' and name 'isaac_ros_h264_decoder_benchmark'
[0.341s] Level 1:colcon.colcon_core.package_identification:_identify(isaac_ros_ws/src/isaac_ros_benchmark/benchmarks/isaac_ros_h264_encoder_benchmark) by extensions ['ignore', 'ignore_ament_install']
[0.341s] Level 1:colcon.colcon_core.package_identification:_identify(isaac_ros_ws/src/isaac_ros_benchmark/benchmarks/isaac_ros_h264_encoder_benchmark) by extension 'ignore'
[0.341s] Level 1:colcon.colcon_core.package_identification:_identify(isaac_ros_ws/src/isaac_ros_benchmark/benchmarks/isaac_ros_h264_encoder_benchmark) by extension 'ignore_ament_install'
[0.341s] Level 1:colcon.colcon_core.package_identification:_identify(isaac_ros_ws/src/isaac_ros_benchmark/benchmarks/isaac_ros_h264_encoder_benchmark) by extensions ['colcon_pkg']
[0.341s] Level 1:colcon.colcon_core.package_identification:_identify(isaac_ros_ws/src/isaac_ros_benchmark/benchmarks/isaac_ros_h264_encoder_benchmark) by extension 'colcon_pkg'
[0.341s] Level 1:colcon.colcon_core.package_identification:_identify(isaac_ros_ws/src/isaac_ros_benchmark/benchmarks/isaac_ros_h264_encoder_benchmark) by extensions ['colcon_meta']
[0.341s] Level 1:colcon.colcon_core.package_identification:_identify(isaac_ros_ws/src/isaac_ros_benchmark/benchmarks/isaac_ros_h264_encoder_benchmark) by extension 'colcon_meta'
[0.341s] Level 1:colcon.colcon_core.package_identification:_identify(isaac_ros_ws/src/isaac_ros_benchmark/benchmarks/isaac_ros_h264_encoder_benchmark) by extensions ['ros']
[0.341s] Level 1:colcon.colcon_core.package_identification:_identify(isaac_ros_ws/src/isaac_ros_benchmark/benchmarks/isaac_ros_h264_encoder_benchmark) by extension 'ros'
[0.342s] DEBUG:colcon.colcon_core.package_identification:Package 'isaac_ros_ws/src/isaac_ros_benchmark/benchmarks/isaac_ros_h264_encoder_benchmark' with type 'ros.ament_cmake' and name 'isaac_ros_h264_encoder_benchmark'
[0.342s] Level 1:colcon.colcon_core.package_identification:_identify(isaac_ros_ws/src/isaac_ros_benchmark/benchmarks/isaac_ros_hawk_nova_benchmark) by extensions ['ignore', 'ignore_ament_install']
[0.342s] Level 1:colcon.colcon_core.package_identification:_identify(isaac_ros_ws/src/isaac_ros_benchmark/benchmarks/isaac_ros_hawk_nova_benchmark) by extension 'ignore'
[0.342s] Level 1:colcon.colcon_core.package_identification:_identify(isaac_ros_ws/src/isaac_ros_benchmark/benchmarks/isaac_ros_hawk_nova_benchmark) by extension 'ignore_ament_install'
[0.342s] Level 1:colcon.colcon_core.package_identification:_identify(isaac_ros_ws/src/isaac_ros_benchmark/benchmarks/isaac_ros_hawk_nova_benchmark) by extensions ['colcon_pkg']
[0.342s] Level 1:colcon.colcon_core.package_identification:_identify(isaac_ros_ws/src/isaac_ros_benchmark/benchmarks/isaac_ros_hawk_nova_benchmark) by extension 'colcon_pkg'
[0.342s] Level 1:colcon.colcon_core.package_identification:_identify(isaac_ros_ws/src/isaac_ros_benchmark/benchmarks/isaac_ros_hawk_nova_benchmark) by extensions ['colcon_meta']
[0.342s] Level 1:colcon.colcon_core.package_identification:_identify(isaac_ros_ws/src/isaac_ros_benchmark/benchmarks/isaac_ros_hawk_nova_benchmark) by extension 'colcon_meta'
[0.342s] Level 1:colcon.colcon_core.package_identification:_identify(isaac_ros_ws/src/isaac_ros_benchmark/benchmarks/isaac_ros_hawk_nova_benchmark) by extensions ['ros']
[0.342s] Level 1:colcon.colcon_core.package_identification:_identify(isaac_ros_ws/src/isaac_ros_benchmark/benchmarks/isaac_ros_hawk_nova_benchmark) by extension 'ros'
[0.342s] DEBUG:colcon.colcon_core.package_identification:Package 'isaac_ros_ws/src/isaac_ros_benchmark/benchmarks/isaac_ros_hawk_nova_benchmark' with type 'ros.ament_cmake' and name 'isaac_ros_hawk_nova_benchmark'
[0.343s] Level 1:colcon.colcon_core.package_identification:_identify(isaac_ros_ws/src/isaac_ros_benchmark/benchmarks/isaac_ros_image_proc_benchmark) by extensions ['ignore', 'ignore_ament_install']
[0.343s] Level 1:colcon.colcon_core.package_identification:_identify(isaac_ros_ws/src/isaac_ros_benchmark/benchmarks/isaac_ros_image_proc_benchmark) by extension 'ignore'
[0.343s] Level 1:colcon.colcon_core.package_identification:_identify(isaac_ros_ws/src/isaac_ros_benchmark/benchmarks/isaac_ros_image_proc_benchmark) by extension 'ignore_ament_install'
[0.343s] Level 1:colcon.colcon_core.package_identification:_identify(isaac_ros_ws/src/isaac_ros_benchmark/benchmarks/isaac_ros_image_proc_benchmark) by extensions ['colcon_pkg']
[0.343s] Level 1:colcon.colcon_core.package_identification:_identify(isaac_ros_ws/src/isaac_ros_benchmark/benchmarks/isaac_ros_image_proc_benchmark) by extension 'colcon_pkg'
[0.343s] Level 1:colcon.colcon_core.package_identification:_identify(isaac_ros_ws/src/isaac_ros_benchmark/benchmarks/isaac_ros_image_proc_benchmark) by extensions ['colcon_meta']
[0.343s] Level 1:colcon.colcon_core.package_identification:_identify(isaac_ros_ws/src/isaac_ros_benchmark/benchmarks/isaac_ros_image_proc_benchmark) by extension 'colcon_meta'
[0.343s] Level 1:colcon.colcon_core.package_identification:_identify(isaac_ros_ws/src/isaac_ros_benchmark/benchmarks/isaac_ros_image_proc_benchmark) by extensions ['ros']
[0.343s] Level 1:colcon.colcon_core.package_identification:_identify(isaac_ros_ws/src/isaac_ros_benchmark/benchmarks/isaac_ros_image_proc_benchmark) by extension 'ros'
[0.343s] DEBUG:colcon.colcon_core.package_identification:Package 'isaac_ros_ws/src/isaac_ros_benchmark/benchmarks/isaac_ros_image_proc_benchmark' with type 'ros.ament_cmake' and name 'isaac_ros_image_proc_benchmark'
[0.343s] Level 1:colcon.colcon_core.package_identification:_identify(isaac_ros_ws/src/isaac_ros_benchmark/benchmarks/isaac_ros_moveit_benchmark) by extensions ['ignore', 'ignore_ament_install']
[0.344s] Level 1:colcon.colcon_core.package_identification:_identify(isaac_ros_ws/src/isaac_ros_benchmark/benchmarks/isaac_ros_moveit_benchmark) by extension 'ignore'
[0.344s] Level 1:colcon.colcon_core.package_identification:_identify(isaac_ros_ws/src/isaac_ros_benchmark/benchmarks/isaac_ros_moveit_benchmark) by extension 'ignore_ament_install'
[0.344s] Level 1:colcon.colcon_core.package_identification:_identify(isaac_ros_ws/src/isaac_ros_benchmark/benchmarks/isaac_ros_moveit_benchmark) by extensions ['colcon_pkg']
[0.344s] Level 1:colcon.colcon_core.package_identification:_identify(isaac_ros_ws/src/isaac_ros_benchmark/benchmarks/isaac_ros_moveit_benchmark) by extension 'colcon_pkg'
[0.344s] Level 1:colcon.colcon_core.package_identification:_identify(isaac_ros_ws/src/isaac_ros_benchmark/benchmarks/isaac_ros_moveit_benchmark) by extensions ['colcon_meta']
[0.344s] Level 1:colcon.colcon_core.package_identification:_identify(isaac_ros_ws/src/isaac_ros_benchmark/benchmarks/isaac_ros_moveit_benchmark) by extension 'colcon_meta'
[0.344s] Level 1:colcon.colcon_core.package_identification:_identify(isaac_ros_ws/src/isaac_ros_benchmark/benchmarks/isaac_ros_moveit_benchmark) by extensions ['ros']
[0.344s] Level 1:colcon.colcon_core.package_identification:_identify(isaac_ros_ws/src/isaac_ros_benchmark/benchmarks/isaac_ros_moveit_benchmark) by extension 'ros'
[0.344s] Level 1:colcon.colcon_core.package_identification:_identify(isaac_ros_ws/src/isaac_ros_benchmark/benchmarks/isaac_ros_moveit_benchmark) by extensions ['cmake', 'python']
[0.344s] Level 1:colcon.colcon_core.package_identification:_identify(isaac_ros_ws/src/isaac_ros_benchmark/benchmarks/isaac_ros_moveit_benchmark) by extension 'cmake'
[0.344s] Level 1:colcon.colcon_core.package_identification:_identify(isaac_ros_ws/src/isaac_ros_benchmark/benchmarks/isaac_ros_moveit_benchmark) by extension 'python'
[0.344s] Level 1:colcon.colcon_core.package_identification:_identify(isaac_ros_ws/src/isaac_ros_benchmark/benchmarks/isaac_ros_moveit_benchmark) by extensions ['python_setup_py']
[0.344s] Level 1:colcon.colcon_core.package_identification:_identify(isaac_ros_ws/src/isaac_ros_benchmark/benchmarks/isaac_ros_moveit_benchmark) by extension 'python_setup_py'
[0.344s] Level 1:colcon.colcon_core.package_identification:_identify(isaac_ros_ws/src/isaac_ros_benchmark/benchmarks/isaac_ros_moveit_benchmark/isaac_ros_moveit_benchmark) by extensions ['ignore', 'ignore_ament_install']
[0.344s] Level 1:colcon.colcon_core.package_identification:_identify(isaac_ros_ws/src/isaac_ros_benchmark/benchmarks/isaac_ros_moveit_benchmark/isaac_ros_moveit_benchmark) by extension 'ignore'
[0.344s] Level 1:colcon.colcon_core.package_identification:_identify(isaac_ros_ws/src/isaac_ros_benchmark/benchmarks/isaac_ros_moveit_benchmark/isaac_ros_moveit_benchmark) by extension 'ignore_ament_install'
[0.344s] Level 1:colcon.colcon_core.package_identification:_identify(isaac_ros_ws/src/isaac_ros_benchmark/benchmarks/isaac_ros_moveit_benchmark/isaac_ros_moveit_benchmark) by extensions ['colcon_pkg']
[0.344s] Level 1:colcon.colcon_core.package_identification:_identify(isaac_ros_ws/src/isaac_ros_benchmark/benchmarks/isaac_ros_moveit_benchmark/isaac_ros_moveit_benchmark) by extension 'colcon_pkg'
[0.344s] Level 1:colcon.colcon_core.package_identification:_identify(isaac_ros_ws/src/isaac_ros_benchmark/benchmarks/isaac_ros_moveit_benchmark/isaac_ros_moveit_benchmark) by extensions ['colcon_meta']
[0.344s] Level 1:colcon.colcon_core.package_identification:_identify(isaac_ros_ws/src/isaac_ros_benchmark/benchmarks/isaac_ros_moveit_benchmark/isaac_ros_moveit_benchmark) by extension 'colcon_meta'
[0.344s] Level 1:colcon.colcon_core.package_identification:_identify(isaac_ros_ws/src/isaac_ros_benchmark/benchmarks/isaac_ros_moveit_benchmark/isaac_ros_moveit_benchmark) by extensions ['ros']
[0.344s] Level 1:colcon.colcon_core.package_identification:_identify(isaac_ros_ws/src/isaac_ros_benchmark/benchmarks/isaac_ros_moveit_benchmark/isaac_ros_moveit_benchmark) by extension 'ros'
[0.345s] DEBUG:colcon.colcon_core.package_identification:Package 'isaac_ros_ws/src/isaac_ros_benchmark/benchmarks/isaac_ros_moveit_benchmark/isaac_ros_moveit_benchmark' with type 'ros.ament_cmake' and name 'isaac_ros_moveit_benchmark'
[0.345s] Level 1:colcon.colcon_core.package_identification:_identify(isaac_ros_ws/src/isaac_ros_benchmark/benchmarks/isaac_ros_moveit_benchmark/isaac_ros_moveit_robot_benchmark) by extensions ['ignore', 'ignore_ament_install']
[0.345s] Level 1:colcon.colcon_core.package_identification:_identify(isaac_ros_ws/src/isaac_ros_benchmark/benchmarks/isaac_ros_moveit_benchmark/isaac_ros_moveit_robot_benchmark) by extension 'ignore'
[0.345s] Level 1:colcon.colcon_core.package_identification:_identify(isaac_ros_ws/src/isaac_ros_benchmark/benchmarks/isaac_ros_moveit_benchmark/isaac_ros_moveit_robot_benchmark) by extension 'ignore_ament_install'
[0.345s] Level 1:colcon.colcon_core.package_identification:_identify(isaac_ros_ws/src/isaac_ros_benchmark/benchmarks/isaac_ros_moveit_benchmark/isaac_ros_moveit_robot_benchmark) by extensions ['colcon_pkg']
[0.345s] Level 1:colcon.colcon_core.package_identification:_identify(isaac_ros_ws/src/isaac_ros_benchmark/benchmarks/isaac_ros_moveit_benchmark/isaac_ros_moveit_robot_benchmark) by extension 'colcon_pkg'
[0.345s] Level 1:colcon.colcon_core.package_identification:_identify(isaac_ros_ws/src/isaac_ros_benchmark/benchmarks/isaac_ros_moveit_benchmark/isaac_ros_moveit_robot_benchmark) by extensions ['colcon_meta']
[0.345s] Level 1:colcon.colcon_core.package_identification:_identify(isaac_ros_ws/src/isaac_ros_benchmark/benchmarks/isaac_ros_moveit_benchmark/isaac_ros_moveit_robot_benchmark) by extension 'colcon_meta'
[0.345s] Level 1:colcon.colcon_core.package_identification:_identify(isaac_ros_ws/src/isaac_ros_benchmark/benchmarks/isaac_ros_moveit_benchmark/isaac_ros_moveit_robot_benchmark) by extensions ['ros']
[0.345s] Level 1:colcon.colcon_core.package_identification:_identify(isaac_ros_ws/src/isaac_ros_benchmark/benchmarks/isaac_ros_moveit_benchmark/isaac_ros_moveit_robot_benchmark) by extension 'ros'
[0.345s] Level 1:colcon.colcon_core.package_identification:_identify(isaac_ros_ws/src/isaac_ros_benchmark/benchmarks/isaac_ros_moveit_benchmark/isaac_ros_moveit_robot_benchmark) by extensions ['cmake', 'python']
[0.345s] Level 1:colcon.colcon_core.package_identification:_identify(isaac_ros_ws/src/isaac_ros_benchmark/benchmarks/isaac_ros_moveit_benchmark/isaac_ros_moveit_robot_benchmark) by extension 'cmake'
[0.345s] Level 1:colcon.colcon_core.package_identification:_identify(isaac_ros_ws/src/isaac_ros_benchmark/benchmarks/isaac_ros_moveit_benchmark/isaac_ros_moveit_robot_benchmark) by extension 'python'
[0.345s] Level 1:colcon.colcon_core.package_identification:_identify(isaac_ros_ws/src/isaac_ros_benchmark/benchmarks/isaac_ros_moveit_benchmark/isaac_ros_moveit_robot_benchmark) by extensions ['python_setup_py']
[0.345s] Level 1:colcon.colcon_core.package_identification:_identify(isaac_ros_ws/src/isaac_ros_benchmark/benchmarks/isaac_ros_moveit_benchmark/isaac_ros_moveit_robot_benchmark) by extension 'python_setup_py'
[0.345s] Level 1:colcon.colcon_core.package_identification:_identify(isaac_ros_ws/src/isaac_ros_benchmark/benchmarks/isaac_ros_moveit_benchmark/isaac_ros_moveit_robot_benchmark/franka) by extensions ['ignore', 'ignore_ament_install']
[0.345s] Level 1:colcon.colcon_core.package_identification:_identify(isaac_ros_ws/src/isaac_ros_benchmark/benchmarks/isaac_ros_moveit_benchmark/isaac_ros_moveit_robot_benchmark/franka) by extension 'ignore'
[0.345s] Level 1:colcon.colcon_core.package_identification:_identify(isaac_ros_ws/src/isaac_ros_benchmark/benchmarks/isaac_ros_moveit_benchmark/isaac_ros_moveit_robot_benchmark/franka) by extension 'ignore_ament_install'
[0.345s] Level 1:colcon.colcon_core.package_identification:_identify(isaac_ros_ws/src/isaac_ros_benchmark/benchmarks/isaac_ros_moveit_benchmark/isaac_ros_moveit_robot_benchmark/franka) by extensions ['colcon_pkg']
[0.345s] Level 1:colcon.colcon_core.package_identification:_identify(isaac_ros_ws/src/isaac_ros_benchmark/benchmarks/isaac_ros_moveit_benchmark/isaac_ros_moveit_robot_benchmark/franka) by extension 'colcon_pkg'
[0.345s] Level 1:colcon.colcon_core.package_identification:_identify(isaac_ros_ws/src/isaac_ros_benchmark/benchmarks/isaac_ros_moveit_benchmark/isaac_ros_moveit_robot_benchmark/franka) by extensions ['colcon_meta']
[0.345s] Level 1:colcon.colcon_core.package_identification:_identify(isaac_ros_ws/src/isaac_ros_benchmark/benchmarks/isaac_ros_moveit_benchmark/isaac_ros_moveit_robot_benchmark/franka) by extension 'colcon_meta'
[0.345s] Level 1:colcon.colcon_core.package_identification:_identify(isaac_ros_ws/src/isaac_ros_benchmark/benchmarks/isaac_ros_moveit_benchmark/isaac_ros_moveit_robot_benchmark/franka) by extensions ['ros']
[0.345s] Level 1:colcon.colcon_core.package_identification:_identify(isaac_ros_ws/src/isaac_ros_benchmark/benchmarks/isaac_ros_moveit_benchmark/isaac_ros_moveit_robot_benchmark/franka) by extension 'ros'
[0.345s] Level 1:colcon.colcon_core.package_identification:_identify(isaac_ros_ws/src/isaac_ros_benchmark/benchmarks/isaac_ros_moveit_benchmark/isaac_ros_moveit_robot_benchmark/franka) by extensions ['cmake', 'python']
[0.345s] Level 1:colcon.colcon_core.package_identification:_identify(isaac_ros_ws/src/isaac_ros_benchmark/benchmarks/isaac_ros_moveit_benchmark/isaac_ros_moveit_robot_benchmark/franka) by extension 'cmake'
[0.345s] Level 1:colcon.colcon_core.package_identification:_identify(isaac_ros_ws/src/isaac_ros_benchmark/benchmarks/isaac_ros_moveit_benchmark/isaac_ros_moveit_robot_benchmark/franka) by extension 'python'
[0.345s] Level 1:colcon.colcon_core.package_identification:_identify(isaac_ros_ws/src/isaac_ros_benchmark/benchmarks/isaac_ros_moveit_benchmark/isaac_ros_moveit_robot_benchmark/franka) by extensions ['python_setup_py']
[0.345s] Level 1:colcon.colcon_core.package_identification:_identify(isaac_ros_ws/src/isaac_ros_benchmark/benchmarks/isaac_ros_moveit_benchmark/isaac_ros_moveit_robot_benchmark/franka) by extension 'python_setup_py'
[0.345s] Level 1:colcon.colcon_core.package_identification:_identify(isaac_ros_ws/src/isaac_ros_benchmark/benchmarks/isaac_ros_moveit_benchmark/isaac_ros_moveit_robot_benchmark/franka/isaac_ros_franka_cumotion_benchmark) by extensions ['ignore', 'ignore_ament_install']
[0.345s] Level 1:colcon.colcon_core.package_identification:_identify(isaac_ros_ws/src/isaac_ros_benchmark/benchmarks/isaac_ros_moveit_benchmark/isaac_ros_moveit_robot_benchmark/franka/isaac_ros_franka_cumotion_benchmark) by extension 'ignore'
[0.346s] Level 1:colcon.colcon_core.package_identification:_identify(isaac_ros_ws/src/isaac_ros_benchmark/benchmarks/isaac_ros_moveit_benchmark/isaac_ros_moveit_robot_benchmark/franka/isaac_ros_franka_cumotion_benchmark) by extension 'ignore_ament_install'
[0.346s] Level 1:colcon.colcon_core.package_identification:_identify(isaac_ros_ws/src/isaac_ros_benchmark/benchmarks/isaac_ros_moveit_benchmark/isaac_ros_moveit_robot_benchmark/franka/isaac_ros_franka_cumotion_benchmark) by extensions ['colcon_pkg']
[0.346s] Level 1:colcon.colcon_core.package_identification:_identify(isaac_ros_ws/src/isaac_ros_benchmark/benchmarks/isaac_ros_moveit_benchmark/isaac_ros_moveit_robot_benchmark/franka/isaac_ros_franka_cumotion_benchmark) by extension 'colcon_pkg'
[0.346s] Level 1:colcon.colcon_core.package_identification:_identify(isaac_ros_ws/src/isaac_ros_benchmark/benchmarks/isaac_ros_moveit_benchmark/isaac_ros_moveit_robot_benchmark/franka/isaac_ros_franka_cumotion_benchmark) by extensions ['colcon_meta']
[0.346s] Level 1:colcon.colcon_core.package_identification:_identify(isaac_ros_ws/src/isaac_ros_benchmark/benchmarks/isaac_ros_moveit_benchmark/isaac_ros_moveit_robot_benchmark/franka/isaac_ros_franka_cumotion_benchmark) by extension 'colcon_meta'
[0.346s] Level 1:colcon.colcon_core.package_identification:_identify(isaac_ros_ws/src/isaac_ros_benchmark/benchmarks/isaac_ros_moveit_benchmark/isaac_ros_moveit_robot_benchmark/franka/isaac_ros_franka_cumotion_benchmark) by extensions ['ros']
[0.346s] Level 1:colcon.colcon_core.package_identification:_identify(isaac_ros_ws/src/isaac_ros_benchmark/benchmarks/isaac_ros_moveit_benchmark/isaac_ros_moveit_robot_benchmark/franka/isaac_ros_franka_cumotion_benchmark) by extension 'ros'
[0.346s] DEBUG:colcon.colcon_core.package_identification:Package 'isaac_ros_ws/src/isaac_ros_benchmark/benchmarks/isaac_ros_moveit_benchmark/isaac_ros_moveit_robot_benchmark/franka/isaac_ros_franka_cumotion_benchmark' with type 'ros.ament_cmake' and name 'isaac_ros_franka_cumotion_benchmark'
[0.346s] Level 1:colcon.colcon_core.package_identification:_identify(isaac_ros_ws/src/isaac_ros_benchmark/benchmarks/isaac_ros_moveit_benchmark/isaac_ros_moveit_robot_benchmark/franka/isaac_ros_franka_ompl_benchmark) by extensions ['ignore', 'ignore_ament_install']
[0.346s] Level 1:colcon.colcon_core.package_identification:_identify(isaac_ros_ws/src/isaac_ros_benchmark/benchmarks/isaac_ros_moveit_benchmark/isaac_ros_moveit_robot_benchmark/franka/isaac_ros_franka_ompl_benchmark) by extension 'ignore'
[0.346s] Level 1:colcon.colcon_core.package_identification:_identify(isaac_ros_ws/src/isaac_ros_benchmark/benchmarks/isaac_ros_moveit_benchmark/isaac_ros_moveit_robot_benchmark/franka/isaac_ros_franka_ompl_benchmark) by extension 'ignore_ament_install'
[0.346s] Level 1:colcon.colcon_core.package_identification:_identify(isaac_ros_ws/src/isaac_ros_benchmark/benchmarks/isaac_ros_moveit_benchmark/isaac_ros_moveit_robot_benchmark/franka/isaac_ros_franka_ompl_benchmark) by extensions ['colcon_pkg']
[0.346s] Level 1:colcon.colcon_core.package_identification:_identify(isaac_ros_ws/src/isaac_ros_benchmark/benchmarks/isaac_ros_moveit_benchmark/isaac_ros_moveit_robot_benchmark/franka/isaac_ros_franka_ompl_benchmark) by extension 'colcon_pkg'
[0.347s] Level 1:colcon.colcon_core.package_identification:_identify(isaac_ros_ws/src/isaac_ros_benchmark/benchmarks/isaac_ros_moveit_benchmark/isaac_ros_moveit_robot_benchmark/franka/isaac_ros_franka_ompl_benchmark) by extensions ['colcon_meta']
[0.347s] Level 1:colcon.colcon_core.package_identification:_identify(isaac_ros_ws/src/isaac_ros_benchmark/benchmarks/isaac_ros_moveit_benchmark/isaac_ros_moveit_robot_benchmark/franka/isaac_ros_franka_ompl_benchmark) by extension 'colcon_meta'
[0.347s] Level 1:colcon.colcon_core.package_identification:_identify(isaac_ros_ws/src/isaac_ros_benchmark/benchmarks/isaac_ros_moveit_benchmark/isaac_ros_moveit_robot_benchmark/franka/isaac_ros_franka_ompl_benchmark) by extensions ['ros']
[0.347s] Level 1:colcon.colcon_core.package_identification:_identify(isaac_ros_ws/src/isaac_ros_benchmark/benchmarks/isaac_ros_moveit_benchmark/isaac_ros_moveit_robot_benchmark/franka/isaac_ros_franka_ompl_benchmark) by extension 'ros'
[0.347s] DEBUG:colcon.colcon_core.package_identification:Package 'isaac_ros_ws/src/isaac_ros_benchmark/benchmarks/isaac_ros_moveit_benchmark/isaac_ros_moveit_robot_benchmark/franka/isaac_ros_franka_ompl_benchmark' with type 'ros.ament_cmake' and name 'isaac_ros_franka_ompl_benchmark'
[0.347s] Level 1:colcon.colcon_core.package_identification:_identify(isaac_ros_ws/src/isaac_ros_benchmark/benchmarks/isaac_ros_moveit_benchmark/isaac_ros_moveit_robot_benchmark/ur5) by extensions ['ignore', 'ignore_ament_install']
[0.347s] Level 1:colcon.colcon_core.package_identification:_identify(isaac_ros_ws/src/isaac_ros_benchmark/benchmarks/isaac_ros_moveit_benchmark/isaac_ros_moveit_robot_benchmark/ur5) by extension 'ignore'
[0.347s] Level 1:colcon.colcon_core.package_identification:_identify(isaac_ros_ws/src/isaac_ros_benchmark/benchmarks/isaac_ros_moveit_benchmark/isaac_ros_moveit_robot_benchmark/ur5) by extension 'ignore_ament_install'
[0.347s] Level 1:colcon.colcon_core.package_identification:_identify(isaac_ros_ws/src/isaac_ros_benchmark/benchmarks/isaac_ros_moveit_benchmark/isaac_ros_moveit_robot_benchmark/ur5) by extensions ['colcon_pkg']
[0.348s] Level 1:colcon.colcon_core.package_identification:_identify(isaac_ros_ws/src/isaac_ros_benchmark/benchmarks/isaac_ros_moveit_benchmark/isaac_ros_moveit_robot_benchmark/ur5) by extension 'colcon_pkg'
[0.348s] Level 1:colcon.colcon_core.package_identification:_identify(isaac_ros_ws/src/isaac_ros_benchmark/benchmarks/isaac_ros_moveit_benchmark/isaac_ros_moveit_robot_benchmark/ur5) by extensions ['colcon_meta']
[0.348s] Level 1:colcon.colcon_core.package_identification:_identify(isaac_ros_ws/src/isaac_ros_benchmark/benchmarks/isaac_ros_moveit_benchmark/isaac_ros_moveit_robot_benchmark/ur5) by extension 'colcon_meta'
[0.348s] Level 1:colcon.colcon_core.package_identification:_identify(isaac_ros_ws/src/isaac_ros_benchmark/benchmarks/isaac_ros_moveit_benchmark/isaac_ros_moveit_robot_benchmark/ur5) by extensions ['ros']
[0.348s] Level 1:colcon.colcon_core.package_identification:_identify(isaac_ros_ws/src/isaac_ros_benchmark/benchmarks/isaac_ros_moveit_benchmark/isaac_ros_moveit_robot_benchmark/ur5) by extension 'ros'
[0.348s] Level 1:colcon.colcon_core.package_identification:_identify(isaac_ros_ws/src/isaac_ros_benchmark/benchmarks/isaac_ros_moveit_benchmark/isaac_ros_moveit_robot_benchmark/ur5) by extensions ['cmake', 'python']
[0.348s] Level 1:colcon.colcon_core.package_identification:_identify(isaac_ros_ws/src/isaac_ros_benchmark/benchmarks/isaac_ros_moveit_benchmark/isaac_ros_moveit_robot_benchmark/ur5) by extension 'cmake'
[0.348s] Level 1:colcon.colcon_core.package_identification:_identify(isaac_ros_ws/src/isaac_ros_benchmark/benchmarks/isaac_ros_moveit_benchmark/isaac_ros_moveit_robot_benchmark/ur5) by extension 'python'
[0.348s] Level 1:colcon.colcon_core.package_identification:_identify(isaac_ros_ws/src/isaac_ros_benchmark/benchmarks/isaac_ros_moveit_benchmark/isaac_ros_moveit_robot_benchmark/ur5) by extensions ['python_setup_py']
[0.348s] Level 1:colcon.colcon_core.package_identification:_identify(isaac_ros_ws/src/isaac_ros_benchmark/benchmarks/isaac_ros_moveit_benchmark/isaac_ros_moveit_robot_benchmark/ur5) by extension 'python_setup_py'
[0.348s] Level 1:colcon.colcon_core.package_identification:_identify(isaac_ros_ws/src/isaac_ros_benchmark/benchmarks/isaac_ros_moveit_benchmark/isaac_ros_moveit_robot_benchmark/ur5/isaac_ros_ur5_cumotion_benchmark) by extensions ['ignore', 'ignore_ament_install']
[0.348s] Level 1:colcon.colcon_core.package_identification:_identify(isaac_ros_ws/src/isaac_ros_benchmark/benchmarks/isaac_ros_moveit_benchmark/isaac_ros_moveit_robot_benchmark/ur5/isaac_ros_ur5_cumotion_benchmark) by extension 'ignore'
[0.348s] Level 1:colcon.colcon_core.package_identification:_identify(isaac_ros_ws/src/isaac_ros_benchmark/benchmarks/isaac_ros_moveit_benchmark/isaac_ros_moveit_robot_benchmark/ur5/isaac_ros_ur5_cumotion_benchmark) by extension 'ignore_ament_install'
[0.348s] Level 1:colcon.colcon_core.package_identification:_identify(isaac_ros_ws/src/isaac_ros_benchmark/benchmarks/isaac_ros_moveit_benchmark/isaac_ros_moveit_robot_benchmark/ur5/isaac_ros_ur5_cumotion_benchmark) by extensions ['colcon_pkg']
[0.348s] Level 1:colcon.colcon_core.package_identification:_identify(isaac_ros_ws/src/isaac_ros_benchmark/benchmarks/isaac_ros_moveit_benchmark/isaac_ros_moveit_robot_benchmark/ur5/isaac_ros_ur5_cumotion_benchmark) by extension 'colcon_pkg'
[0.348s] Level 1:colcon.colcon_core.package_identification:_identify(isaac_ros_ws/src/isaac_ros_benchmark/benchmarks/isaac_ros_moveit_benchmark/isaac_ros_moveit_robot_benchmark/ur5/isaac_ros_ur5_cumotion_benchmark) by extensions ['colcon_meta']
[0.348s] Level 1:colcon.colcon_core.package_identification:_identify(isaac_ros_ws/src/isaac_ros_benchmark/benchmarks/isaac_ros_moveit_benchmark/isaac_ros_moveit_robot_benchmark/ur5/isaac_ros_ur5_cumotion_benchmark) by extension 'colcon_meta'
[0.348s] Level 1:colcon.colcon_core.package_identification:_identify(isaac_ros_ws/src/isaac_ros_benchmark/benchmarks/isaac_ros_moveit_benchmark/isaac_ros_moveit_robot_benchmark/ur5/isaac_ros_ur5_cumotion_benchmark) by extensions ['ros']
[0.348s] Level 1:colcon.colcon_core.package_identification:_identify(isaac_ros_ws/src/isaac_ros_benchmark/benchmarks/isaac_ros_moveit_benchmark/isaac_ros_moveit_robot_benchmark/ur5/isaac_ros_ur5_cumotion_benchmark) by extension 'ros'
[0.349s] DEBUG:colcon.colcon_core.package_identification:Package 'isaac_ros_ws/src/isaac_ros_benchmark/benchmarks/isaac_ros_moveit_benchmark/isaac_ros_moveit_robot_benchmark/ur5/isaac_ros_ur5_cumotion_benchmark' with type 'ros.ament_cmake' and name 'isaac_ros_ur5_cumotion_benchmark'
[0.349s] Level 1:colcon.colcon_core.package_identification:_identify(isaac_ros_ws/src/isaac_ros_benchmark/benchmarks/isaac_ros_moveit_benchmark/isaac_ros_moveit_robot_benchmark/ur5/isaac_ros_ur5_ompl_benchmark) by extensions ['ignore', 'ignore_ament_install']
[0.349s] Level 1:colcon.colcon_core.package_identification:_identify(isaac_ros_ws/src/isaac_ros_benchmark/benchmarks/isaac_ros_moveit_benchmark/isaac_ros_moveit_robot_benchmark/ur5/isaac_ros_ur5_ompl_benchmark) by extension 'ignore'
[0.349s] Level 1:colcon.colcon_core.package_identification:_identify(isaac_ros_ws/src/isaac_ros_benchmark/benchmarks/isaac_ros_moveit_benchmark/isaac_ros_moveit_robot_benchmark/ur5/isaac_ros_ur5_ompl_benchmark) by extension 'ignore_ament_install'
[0.349s] Level 1:colcon.colcon_core.package_identification:_identify(isaac_ros_ws/src/isaac_ros_benchmark/benchmarks/isaac_ros_moveit_benchmark/isaac_ros_moveit_robot_benchmark/ur5/isaac_ros_ur5_ompl_benchmark) by extensions ['colcon_pkg']
[0.349s] Level 1:colcon.colcon_core.package_identification:_identify(isaac_ros_ws/src/isaac_ros_benchmark/benchmarks/isaac_ros_moveit_benchmark/isaac_ros_moveit_robot_benchmark/ur5/isaac_ros_ur5_ompl_benchmark) by extension 'colcon_pkg'
[0.349s] Level 1:colcon.colcon_core.package_identification:_identify(isaac_ros_ws/src/isaac_ros_benchmark/benchmarks/isaac_ros_moveit_benchmark/isaac_ros_moveit_robot_benchmark/ur5/isaac_ros_ur5_ompl_benchmark) by extensions ['colcon_meta']
[0.349s] Level 1:colcon.colcon_core.package_identification:_identify(isaac_ros_ws/src/isaac_ros_benchmark/benchmarks/isaac_ros_moveit_benchmark/isaac_ros_moveit_robot_benchmark/ur5/isaac_ros_ur5_ompl_benchmark) by extension 'colcon_meta'
[0.349s] Level 1:colcon.colcon_core.package_identification:_identify(isaac_ros_ws/src/isaac_ros_benchmark/benchmarks/isaac_ros_moveit_benchmark/isaac_ros_moveit_robot_benchmark/ur5/isaac_ros_ur5_ompl_benchmark) by extensions ['ros']
[0.349s] Level 1:colcon.colcon_core.package_identification:_identify(isaac_ros_ws/src/isaac_ros_benchmark/benchmarks/isaac_ros_moveit_benchmark/isaac_ros_moveit_robot_benchmark/ur5/isaac_ros_ur5_ompl_benchmark) by extension 'ros'
[0.350s] DEBUG:colcon.colcon_core.package_identification:Package 'isaac_ros_ws/src/isaac_ros_benchmark/benchmarks/isaac_ros_moveit_benchmark/isaac_ros_moveit_robot_benchmark/ur5/isaac_ros_ur5_ompl_benchmark' with type 'ros.ament_cmake' and name 'isaac_ros_ur5_ompl_benchmark'
[0.350s] Level 1:colcon.colcon_core.package_identification:_identify(isaac_ros_ws/src/isaac_ros_benchmark/benchmarks/isaac_ros_moveit_benchmark/robot_configs) by extensions ['ignore', 'ignore_ament_install']
[0.350s] Level 1:colcon.colcon_core.package_identification:_identify(isaac_ros_ws/src/isaac_ros_benchmark/benchmarks/isaac_ros_moveit_benchmark/robot_configs) by extension 'ignore'
[0.350s] Level 1:colcon.colcon_core.package_identification:_identify(isaac_ros_ws/src/isaac_ros_benchmark/benchmarks/isaac_ros_moveit_benchmark/robot_configs) by extension 'ignore_ament_install'
[0.350s] Level 1:colcon.colcon_core.package_identification:_identify(isaac_ros_ws/src/isaac_ros_benchmark/benchmarks/isaac_ros_moveit_benchmark/robot_configs) by extensions ['colcon_pkg']
[0.350s] Level 1:colcon.colcon_core.package_identification:_identify(isaac_ros_ws/src/isaac_ros_benchmark/benchmarks/isaac_ros_moveit_benchmark/robot_configs) by extension 'colcon_pkg'
[0.350s] Level 1:colcon.colcon_core.package_identification:_identify(isaac_ros_ws/src/isaac_ros_benchmark/benchmarks/isaac_ros_moveit_benchmark/robot_configs) by extensions ['colcon_meta']
[0.350s] Level 1:colcon.colcon_core.package_identification:_identify(isaac_ros_ws/src/isaac_ros_benchmark/benchmarks/isaac_ros_moveit_benchmark/robot_configs) by extension 'colcon_meta'
[0.350s] Level 1:colcon.colcon_core.package_identification:_identify(isaac_ros_ws/src/isaac_ros_benchmark/benchmarks/isaac_ros_moveit_benchmark/robot_configs) by extensions ['ros']
[0.350s] Level 1:colcon.colcon_core.package_identification:_identify(isaac_ros_ws/src/isaac_ros_benchmark/benchmarks/isaac_ros_moveit_benchmark/robot_configs) by extension 'ros'
[0.350s] Level 1:colcon.colcon_core.package_identification:_identify(isaac_ros_ws/src/isaac_ros_benchmark/benchmarks/isaac_ros_moveit_benchmark/robot_configs) by extensions ['cmake', 'python']
[0.350s] Level 1:colcon.colcon_core.package_identification:_identify(isaac_ros_ws/src/isaac_ros_benchmark/benchmarks/isaac_ros_moveit_benchmark/robot_configs) by extension 'cmake'
[0.350s] Level 1:colcon.colcon_core.package_identification:_identify(isaac_ros_ws/src/isaac_ros_benchmark/benchmarks/isaac_ros_moveit_benchmark/robot_configs) by extension 'python'
[0.350s] Level 1:colcon.colcon_core.package_identification:_identify(isaac_ros_ws/src/isaac_ros_benchmark/benchmarks/isaac_ros_moveit_benchmark/robot_configs) by extensions ['python_setup_py']
[0.350s] Level 1:colcon.colcon_core.package_identification:_identify(isaac_ros_ws/src/isaac_ros_benchmark/benchmarks/isaac_ros_moveit_benchmark/robot_configs) by extension 'python_setup_py'
[0.350s] Level 1:colcon.colcon_core.package_identification:_identify(isaac_ros_ws/src/isaac_ros_benchmark/benchmarks/isaac_ros_moveit_benchmark/robot_configs/ur5_gripper_moveit_config) by extensions ['ignore', 'ignore_ament_install']
[0.350s] Level 1:colcon.colcon_core.package_identification:_identify(isaac_ros_ws/src/isaac_ros_benchmark/benchmarks/isaac_ros_moveit_benchmark/robot_configs/ur5_gripper_moveit_config) by extension 'ignore'
[0.350s] Level 1:colcon.colcon_core.package_identification:_identify(isaac_ros_ws/src/isaac_ros_benchmark/benchmarks/isaac_ros_moveit_benchmark/robot_configs/ur5_gripper_moveit_config) by extension 'ignore_ament_install'
[0.350s] Level 1:colcon.colcon_core.package_identification:_identify(isaac_ros_ws/src/isaac_ros_benchmark/benchmarks/isaac_ros_moveit_benchmark/robot_configs/ur5_gripper_moveit_config) by extensions ['colcon_pkg']
[0.350s] Level 1:colcon.colcon_core.package_identification:_identify(isaac_ros_ws/src/isaac_ros_benchmark/benchmarks/isaac_ros_moveit_benchmark/robot_configs/ur5_gripper_moveit_config) by extension 'colcon_pkg'
[0.350s] Level 1:colcon.colcon_core.package_identification:_identify(isaac_ros_ws/src/isaac_ros_benchmark/benchmarks/isaac_ros_moveit_benchmark/robot_configs/ur5_gripper_moveit_config) by extensions ['colcon_meta']
[0.350s] Level 1:colcon.colcon_core.package_identification:_identify(isaac_ros_ws/src/isaac_ros_benchmark/benchmarks/isaac_ros_moveit_benchmark/robot_configs/ur5_gripper_moveit_config) by extension 'colcon_meta'
[0.351s] Level 1:colcon.colcon_core.package_identification:_identify(isaac_ros_ws/src/isaac_ros_benchmark/benchmarks/isaac_ros_moveit_benchmark/robot_configs/ur5_gripper_moveit_config) by extensions ['ros']
[0.351s] Level 1:colcon.colcon_core.package_identification:_identify(isaac_ros_ws/src/isaac_ros_benchmark/benchmarks/isaac_ros_moveit_benchmark/robot_configs/ur5_gripper_moveit_config) by extension 'ros'
[0.351s] DEBUG:colcon.colcon_core.package_identification:Package 'isaac_ros_ws/src/isaac_ros_benchmark/benchmarks/isaac_ros_moveit_benchmark/robot_configs/ur5_gripper_moveit_config' with type 'ros.ament_cmake' and name 'ur5_gripper_moveit_config'
[0.351s] Level 1:colcon.colcon_core.package_identification:_identify(isaac_ros_ws/src/isaac_ros_benchmark/benchmarks/isaac_ros_moveit_benchmark/robot_descriptions) by extensions ['ignore', 'ignore_ament_install']
[0.351s] Level 1:colcon.colcon_core.package_identification:_identify(isaac_ros_ws/src/isaac_ros_benchmark/benchmarks/isaac_ros_moveit_benchmark/robot_descriptions) by extension 'ignore'
[0.351s] Level 1:colcon.colcon_core.package_identification:_identify(isaac_ros_ws/src/isaac_ros_benchmark/benchmarks/isaac_ros_moveit_benchmark/robot_descriptions) by extension 'ignore_ament_install'
[0.351s] Level 1:colcon.colcon_core.package_identification:_identify(isaac_ros_ws/src/isaac_ros_benchmark/benchmarks/isaac_ros_moveit_benchmark/robot_descriptions) by extensions ['colcon_pkg']
[0.351s] Level 1:colcon.colcon_core.package_identification:_identify(isaac_ros_ws/src/isaac_ros_benchmark/benchmarks/isaac_ros_moveit_benchmark/robot_descriptions) by extension 'colcon_pkg'
[0.351s] Level 1:colcon.colcon_core.package_identification:_identify(isaac_ros_ws/src/isaac_ros_benchmark/benchmarks/isaac_ros_moveit_benchmark/robot_descriptions) by extensions ['colcon_meta']
[0.351s] Level 1:colcon.colcon_core.package_identification:_identify(isaac_ros_ws/src/isaac_ros_benchmark/benchmarks/isaac_ros_moveit_benchmark/robot_descriptions) by extension 'colcon_meta'
[0.351s] Level 1:colcon.colcon_core.package_identification:_identify(isaac_ros_ws/src/isaac_ros_benchmark/benchmarks/isaac_ros_moveit_benchmark/robot_descriptions) by extensions ['ros']
[0.351s] Level 1:colcon.colcon_core.package_identification:_identify(isaac_ros_ws/src/isaac_ros_benchmark/benchmarks/isaac_ros_moveit_benchmark/robot_descriptions) by extension 'ros'
[0.351s] Level 1:colcon.colcon_core.package_identification:_identify(isaac_ros_ws/src/isaac_ros_benchmark/benchmarks/isaac_ros_moveit_benchmark/robot_descriptions) by extensions ['cmake', 'python']
[0.351s] Level 1:colcon.colcon_core.package_identification:_identify(isaac_ros_ws/src/isaac_ros_benchmark/benchmarks/isaac_ros_moveit_benchmark/robot_descriptions) by extension 'cmake'
[0.351s] Level 1:colcon.colcon_core.package_identification:_identify(isaac_ros_ws/src/isaac_ros_benchmark/benchmarks/isaac_ros_moveit_benchmark/robot_descriptions) by extension 'python'
[0.351s] Level 1:colcon.colcon_core.package_identification:_identify(isaac_ros_ws/src/isaac_ros_benchmark/benchmarks/isaac_ros_moveit_benchmark/robot_descriptions) by extensions ['python_setup_py']
[0.351s] Level 1:colcon.colcon_core.package_identification:_identify(isaac_ros_ws/src/isaac_ros_benchmark/benchmarks/isaac_ros_moveit_benchmark/robot_descriptions) by extension 'python_setup_py'
[0.351s] Level 1:colcon.colcon_core.package_identification:_identify(isaac_ros_ws/src/isaac_ros_benchmark/benchmarks/isaac_ros_moveit_benchmark/robot_descriptions/ur5_robotiq_85_description) by extensions ['ignore', 'ignore_ament_install']
[0.351s] Level 1:colcon.colcon_core.package_identification:_identify(isaac_ros_ws/src/isaac_ros_benchmark/benchmarks/isaac_ros_moveit_benchmark/robot_descriptions/ur5_robotiq_85_description) by extension 'ignore'
[0.352s] Level 1:colcon.colcon_core.package_identification:_identify(isaac_ros_ws/src/isaac_ros_benchmark/benchmarks/isaac_ros_moveit_benchmark/robot_descriptions/ur5_robotiq_85_description) by extension 'ignore_ament_install'
[0.352s] Level 1:colcon.colcon_core.package_identification:_identify(isaac_ros_ws/src/isaac_ros_benchmark/benchmarks/isaac_ros_moveit_benchmark/robot_descriptions/ur5_robotiq_85_description) by extensions ['colcon_pkg']
[0.352s] Level 1:colcon.colcon_core.package_identification:_identify(isaac_ros_ws/src/isaac_ros_benchmark/benchmarks/isaac_ros_moveit_benchmark/robot_descriptions/ur5_robotiq_85_description) by extension 'colcon_pkg'
[0.352s] Level 1:colcon.colcon_core.package_identification:_identify(isaac_ros_ws/src/isaac_ros_benchmark/benchmarks/isaac_ros_moveit_benchmark/robot_descriptions/ur5_robotiq_85_description) by extensions ['colcon_meta']
[0.352s] Level 1:colcon.colcon_core.package_identification:_identify(isaac_ros_ws/src/isaac_ros_benchmark/benchmarks/isaac_ros_moveit_benchmark/robot_descriptions/ur5_robotiq_85_description) by extension 'colcon_meta'
[0.352s] Level 1:colcon.colcon_core.package_identification:_identify(isaac_ros_ws/src/isaac_ros_benchmark/benchmarks/isaac_ros_moveit_benchmark/robot_descriptions/ur5_robotiq_85_description) by extensions ['ros']
[0.352s] Level 1:colcon.colcon_core.package_identification:_identify(isaac_ros_ws/src/isaac_ros_benchmark/benchmarks/isaac_ros_moveit_benchmark/robot_descriptions/ur5_robotiq_85_description) by extension 'ros'
[0.352s] DEBUG:colcon.colcon_core.package_identification:Package 'isaac_ros_ws/src/isaac_ros_benchmark/benchmarks/isaac_ros_moveit_benchmark/robot_descriptions/ur5_robotiq_85_description' with type 'ros.ament_cmake' and name 'ur5_robotiq_85_description'
[0.352s] Level 1:colcon.colcon_core.package_identification:_identify(isaac_ros_ws/src/isaac_ros_benchmark/benchmarks/isaac_ros_nitros_bridge_benchmark) by extensions ['ignore', 'ignore_ament_install']
[0.352s] Level 1:colcon.colcon_core.package_identification:_identify(isaac_ros_ws/src/isaac_ros_benchmark/benchmarks/isaac_ros_nitros_bridge_benchmark) by extension 'ignore'
[0.352s] Level 1:colcon.colcon_core.package_identification:_identify(isaac_ros_ws/src/isaac_ros_benchmark/benchmarks/isaac_ros_nitros_bridge_benchmark) by extension 'ignore_ament_install'
[0.352s] Level 1:colcon.colcon_core.package_identification:_identify(isaac_ros_ws/src/isaac_ros_benchmark/benchmarks/isaac_ros_nitros_bridge_benchmark) by extensions ['colcon_pkg']
[0.352s] Level 1:colcon.colcon_core.package_identification:_identify(isaac_ros_ws/src/isaac_ros_benchmark/benchmarks/isaac_ros_nitros_bridge_benchmark) by extension 'colcon_pkg'
[0.352s] Level 1:colcon.colcon_core.package_identification:_identify(isaac_ros_ws/src/isaac_ros_benchmark/benchmarks/isaac_ros_nitros_bridge_benchmark) by extensions ['colcon_meta']
[0.352s] Level 1:colcon.colcon_core.package_identification:_identify(isaac_ros_ws/src/isaac_ros_benchmark/benchmarks/isaac_ros_nitros_bridge_benchmark) by extension 'colcon_meta'
[0.352s] Level 1:colcon.colcon_core.package_identification:_identify(isaac_ros_ws/src/isaac_ros_benchmark/benchmarks/isaac_ros_nitros_bridge_benchmark) by extensions ['ros']
[0.352s] Level 1:colcon.colcon_core.package_identification:_identify(isaac_ros_ws/src/isaac_ros_benchmark/benchmarks/isaac_ros_nitros_bridge_benchmark) by extension 'ros'
[0.353s] DEBUG:colcon.colcon_core.package_identification:Package 'isaac_ros_ws/src/isaac_ros_benchmark/benchmarks/isaac_ros_nitros_bridge_benchmark' with type 'ros.ament_cmake' and name 'isaac_ros_nitros_bridge_benchmark'
[0.353s] Level 1:colcon.colcon_core.package_identification:_identify(isaac_ros_ws/src/isaac_ros_benchmark/benchmarks/isaac_ros_nvblox_benchmark) by extensions ['ignore', 'ignore_ament_install']
[0.354s] Level 1:colcon.colcon_core.package_identification:_identify(isaac_ros_ws/src/isaac_ros_benchmark/benchmarks/isaac_ros_nvblox_benchmark) by extension 'ignore'
[0.354s] Level 1:colcon.colcon_core.package_identification:_identify(isaac_ros_ws/src/isaac_ros_benchmark/benchmarks/isaac_ros_nvblox_benchmark) by extension 'ignore_ament_install'
[0.354s] Level 1:colcon.colcon_core.package_identification:_identify(isaac_ros_ws/src/isaac_ros_benchmark/benchmarks/isaac_ros_nvblox_benchmark) by extensions ['colcon_pkg']
[0.354s] Level 1:colcon.colcon_core.package_identification:_identify(isaac_ros_ws/src/isaac_ros_benchmark/benchmarks/isaac_ros_nvblox_benchmark) by extension 'colcon_pkg'
[0.354s] Level 1:colcon.colcon_core.package_identification:_identify(isaac_ros_ws/src/isaac_ros_benchmark/benchmarks/isaac_ros_nvblox_benchmark) by extensions ['colcon_meta']
[0.354s] Level 1:colcon.colcon_core.package_identification:_identify(isaac_ros_ws/src/isaac_ros_benchmark/benchmarks/isaac_ros_nvblox_benchmark) by extension 'colcon_meta'
[0.354s] Level 1:colcon.colcon_core.package_identification:_identify(isaac_ros_ws/src/isaac_ros_benchmark/benchmarks/isaac_ros_nvblox_benchmark) by extensions ['ros']
[0.354s] Level 1:colcon.colcon_core.package_identification:_identify(isaac_ros_ws/src/isaac_ros_benchmark/benchmarks/isaac_ros_nvblox_benchmark) by extension 'ros'
[0.354s] DEBUG:colcon.colcon_core.package_identification:Package 'isaac_ros_ws/src/isaac_ros_benchmark/benchmarks/isaac_ros_nvblox_benchmark' with type 'ros.ament_cmake' and name 'isaac_ros_nvblox_benchmark'
[0.354s] Level 1:colcon.colcon_core.package_identification:_identify(isaac_ros_ws/src/isaac_ros_benchmark/benchmarks/isaac_ros_occupancy_grid_localizer_benchmark) by extensions ['ignore', 'ignore_ament_install']
[0.354s] Level 1:colcon.colcon_core.package_identification:_identify(isaac_ros_ws/src/isaac_ros_benchmark/benchmarks/isaac_ros_occupancy_grid_localizer_benchmark) by extension 'ignore'
[0.354s] Level 1:colcon.colcon_core.package_identification:_identify(isaac_ros_ws/src/isaac_ros_benchmark/benchmarks/isaac_ros_occupancy_grid_localizer_benchmark) by extension 'ignore_ament_install'
[0.354s] Level 1:colcon.colcon_core.package_identification:_identify(isaac_ros_ws/src/isaac_ros_benchmark/benchmarks/isaac_ros_occupancy_grid_localizer_benchmark) by extensions ['colcon_pkg']
[0.354s] Level 1:colcon.colcon_core.package_identification:_identify(isaac_ros_ws/src/isaac_ros_benchmark/benchmarks/isaac_ros_occupancy_grid_localizer_benchmark) by extension 'colcon_pkg'
[0.355s] Level 1:colcon.colcon_core.package_identification:_identify(isaac_ros_ws/src/isaac_ros_benchmark/benchmarks/isaac_ros_occupancy_grid_localizer_benchmark) by extensions ['colcon_meta']
[0.355s] Level 1:colcon.colcon_core.package_identification:_identify(isaac_ros_ws/src/isaac_ros_benchmark/benchmarks/isaac_ros_occupancy_grid_localizer_benchmark) by extension 'colcon_meta'
[0.355s] Level 1:colcon.colcon_core.package_identification:_identify(isaac_ros_ws/src/isaac_ros_benchmark/benchmarks/isaac_ros_occupancy_grid_localizer_benchmark) by extensions ['ros']
[0.355s] Level 1:colcon.colcon_core.package_identification:_identify(isaac_ros_ws/src/isaac_ros_benchmark/benchmarks/isaac_ros_occupancy_grid_localizer_benchmark) by extension 'ros'
[0.355s] DEBUG:colcon.colcon_core.package_identification:Package 'isaac_ros_ws/src/isaac_ros_benchmark/benchmarks/isaac_ros_occupancy_grid_localizer_benchmark' with type 'ros.ament_cmake' and name 'isaac_ros_occupancy_grid_localizer_benchmark'
[0.355s] Level 1:colcon.colcon_core.package_identification:_identify(isaac_ros_ws/src/isaac_ros_benchmark/benchmarks/isaac_ros_perceptor_nova_benchmark) by extensions ['ignore', 'ignore_ament_install']
[0.355s] Level 1:colcon.colcon_core.package_identification:_identify(isaac_ros_ws/src/isaac_ros_benchmark/benchmarks/isaac_ros_perceptor_nova_benchmark) by extension 'ignore'
[0.355s] Level 1:colcon.colcon_core.package_identification:_identify(isaac_ros_ws/src/isaac_ros_benchmark/benchmarks/isaac_ros_perceptor_nova_benchmark) by extension 'ignore_ament_install'
[0.355s] Level 1:colcon.colcon_core.package_identification:_identify(isaac_ros_ws/src/isaac_ros_benchmark/benchmarks/isaac_ros_perceptor_nova_benchmark) by extensions ['colcon_pkg']
[0.355s] Level 1:colcon.colcon_core.package_identification:_identify(isaac_ros_ws/src/isaac_ros_benchmark/benchmarks/isaac_ros_perceptor_nova_benchmark) by extension 'colcon_pkg'
[0.355s] Level 1:colcon.colcon_core.package_identification:_identify(isaac_ros_ws/src/isaac_ros_benchmark/benchmarks/isaac_ros_perceptor_nova_benchmark) by extensions ['colcon_meta']
[0.355s] Level 1:colcon.colcon_core.package_identification:_identify(isaac_ros_ws/src/isaac_ros_benchmark/benchmarks/isaac_ros_perceptor_nova_benchmark) by extension 'colcon_meta'
[0.355s] Level 1:colcon.colcon_core.package_identification:_identify(isaac_ros_ws/src/isaac_ros_benchmark/benchmarks/isaac_ros_perceptor_nova_benchmark) by extensions ['ros']
[0.355s] Level 1:colcon.colcon_core.package_identification:_identify(isaac_ros_ws/src/isaac_ros_benchmark/benchmarks/isaac_ros_perceptor_nova_benchmark) by extension 'ros'
[0.356s] DEBUG:colcon.colcon_core.package_identification:Package 'isaac_ros_ws/src/isaac_ros_benchmark/benchmarks/isaac_ros_perceptor_nova_benchmark' with type 'ros.ament_cmake' and name 'isaac_ros_perceptor_nova_benchmark'
[0.356s] Level 1:colcon.colcon_core.package_identification:_identify(isaac_ros_ws/src/isaac_ros_benchmark/benchmarks/isaac_ros_pynitros_benchmark) by extensions ['ignore', 'ignore_ament_install']
[0.356s] Level 1:colcon.colcon_core.package_identification:_identify(isaac_ros_ws/src/isaac_ros_benchmark/benchmarks/isaac_ros_pynitros_benchmark) by extension 'ignore'
[0.356s] Level 1:colcon.colcon_core.package_identification:_identify(isaac_ros_ws/src/isaac_ros_benchmark/benchmarks/isaac_ros_pynitros_benchmark) by extension 'ignore_ament_install'
[0.356s] Level 1:colcon.colcon_core.package_identification:_identify(isaac_ros_ws/src/isaac_ros_benchmark/benchmarks/isaac_ros_pynitros_benchmark) by extensions ['colcon_pkg']
[0.356s] Level 1:colcon.colcon_core.package_identification:_identify(isaac_ros_ws/src/isaac_ros_benchmark/benchmarks/isaac_ros_pynitros_benchmark) by extension 'colcon_pkg'
[0.356s] Level 1:colcon.colcon_core.package_identification:_identify(isaac_ros_ws/src/isaac_ros_benchmark/benchmarks/isaac_ros_pynitros_benchmark) by extensions ['colcon_meta']
[0.356s] Level 1:colcon.colcon_core.package_identification:_identify(isaac_ros_ws/src/isaac_ros_benchmark/benchmarks/isaac_ros_pynitros_benchmark) by extension 'colcon_meta'
[0.356s] Level 1:colcon.colcon_core.package_identification:_identify(isaac_ros_ws/src/isaac_ros_benchmark/benchmarks/isaac_ros_pynitros_benchmark) by extensions ['ros']
[0.356s] Level 1:colcon.colcon_core.package_identification:_identify(isaac_ros_ws/src/isaac_ros_benchmark/benchmarks/isaac_ros_pynitros_benchmark) by extension 'ros'
[0.357s] DEBUG:colcon.colcon_core.package_identification:Package 'isaac_ros_ws/src/isaac_ros_benchmark/benchmarks/isaac_ros_pynitros_benchmark' with type 'ros.ament_cmake' and name 'isaac_ros_pynitros_benchmark'
[0.357s] Level 1:colcon.colcon_core.package_identification:_identify(isaac_ros_ws/src/isaac_ros_benchmark/benchmarks/isaac_ros_rtdetr_benchmark) by extensions ['ignore', 'ignore_ament_install']
[0.357s] Level 1:colcon.colcon_core.package_identification:_identify(isaac_ros_ws/src/isaac_ros_benchmark/benchmarks/isaac_ros_rtdetr_benchmark) by extension 'ignore'
[0.357s] Level 1:colcon.colcon_core.package_identification:_identify(isaac_ros_ws/src/isaac_ros_benchmark/benchmarks/isaac_ros_rtdetr_benchmark) by extension 'ignore_ament_install'
[0.357s] Level 1:colcon.colcon_core.package_identification:_identify(isaac_ros_ws/src/isaac_ros_benchmark/benchmarks/isaac_ros_rtdetr_benchmark) by extensions ['colcon_pkg']
[0.357s] Level 1:colcon.colcon_core.package_identification:_identify(isaac_ros_ws/src/isaac_ros_benchmark/benchmarks/isaac_ros_rtdetr_benchmark) by extension 'colcon_pkg'
[0.357s] Level 1:colcon.colcon_core.package_identification:_identify(isaac_ros_ws/src/isaac_ros_benchmark/benchmarks/isaac_ros_rtdetr_benchmark) by extensions ['colcon_meta']
[0.357s] Level 1:colcon.colcon_core.package_identification:_identify(isaac_ros_ws/src/isaac_ros_benchmark/benchmarks/isaac_ros_rtdetr_benchmark) by extension 'colcon_meta'
[0.357s] Level 1:colcon.colcon_core.package_identification:_identify(isaac_ros_ws/src/isaac_ros_benchmark/benchmarks/isaac_ros_rtdetr_benchmark) by extensions ['ros']
[0.357s] Level 1:colcon.colcon_core.package_identification:_identify(isaac_ros_ws/src/isaac_ros_benchmark/benchmarks/isaac_ros_rtdetr_benchmark) by extension 'ros'
[0.358s] DEBUG:colcon.colcon_core.package_identification:Package 'isaac_ros_ws/src/isaac_ros_benchmark/benchmarks/isaac_ros_rtdetr_benchmark' with type 'ros.ament_cmake' and name 'isaac_ros_rtdetr_benchmark'
[0.358s] Level 1:colcon.colcon_core.package_identification:_identify(isaac_ros_ws/src/isaac_ros_benchmark/benchmarks/isaac_ros_segformer_benchmark) by extensions ['ignore', 'ignore_ament_install']
[0.358s] Level 1:colcon.colcon_core.package_identification:_identify(isaac_ros_ws/src/isaac_ros_benchmark/benchmarks/isaac_ros_segformer_benchmark) by extension 'ignore'
[0.358s] Level 1:colcon.colcon_core.package_identification:_identify(isaac_ros_ws/src/isaac_ros_benchmark/benchmarks/isaac_ros_segformer_benchmark) by extension 'ignore_ament_install'
[0.358s] Level 1:colcon.colcon_core.package_identification:_identify(isaac_ros_ws/src/isaac_ros_benchmark/benchmarks/isaac_ros_segformer_benchmark) by extensions ['colcon_pkg']
[0.358s] Level 1:colcon.colcon_core.package_identification:_identify(isaac_ros_ws/src/isaac_ros_benchmark/benchmarks/isaac_ros_segformer_benchmark) by extension 'colcon_pkg'
[0.358s] Level 1:colcon.colcon_core.package_identification:_identify(isaac_ros_ws/src/isaac_ros_benchmark/benchmarks/isaac_ros_segformer_benchmark) by extensions ['colcon_meta']
[0.358s] Level 1:colcon.colcon_core.package_identification:_identify(isaac_ros_ws/src/isaac_ros_benchmark/benchmarks/isaac_ros_segformer_benchmark) by extension 'colcon_meta'
[0.358s] Level 1:colcon.colcon_core.package_identification:_identify(isaac_ros_ws/src/isaac_ros_benchmark/benchmarks/isaac_ros_segformer_benchmark) by extensions ['ros']
[0.358s] Level 1:colcon.colcon_core.package_identification:_identify(isaac_ros_ws/src/isaac_ros_benchmark/benchmarks/isaac_ros_segformer_benchmark) by extension 'ros'
[0.359s] DEBUG:colcon.colcon_core.package_identification:Package 'isaac_ros_ws/src/isaac_ros_benchmark/benchmarks/isaac_ros_segformer_benchmark' with type 'ros.ament_cmake' and name 'isaac_ros_segformer_benchmark'
[0.359s] Level 1:colcon.colcon_core.package_identification:_identify(isaac_ros_ws/src/isaac_ros_benchmark/benchmarks/isaac_ros_segment_anything_benchmark) by extensions ['ignore', 'ignore_ament_install']
[0.359s] Level 1:colcon.colcon_core.package_identification:_identify(isaac_ros_ws/src/isaac_ros_benchmark/benchmarks/isaac_ros_segment_anything_benchmark) by extension 'ignore'
[0.359s] Level 1:colcon.colcon_core.package_identification:_identify(isaac_ros_ws/src/isaac_ros_benchmark/benchmarks/isaac_ros_segment_anything_benchmark) by extension 'ignore_ament_install'
[0.359s] Level 1:colcon.colcon_core.package_identification:_identify(isaac_ros_ws/src/isaac_ros_benchmark/benchmarks/isaac_ros_segment_anything_benchmark) by extensions ['colcon_pkg']
[0.359s] Level 1:colcon.colcon_core.package_identification:_identify(isaac_ros_ws/src/isaac_ros_benchmark/benchmarks/isaac_ros_segment_anything_benchmark) by extension 'colcon_pkg'
[0.359s] Level 1:colcon.colcon_core.package_identification:_identify(isaac_ros_ws/src/isaac_ros_benchmark/benchmarks/isaac_ros_segment_anything_benchmark) by extensions ['colcon_meta']
[0.359s] Level 1:colcon.colcon_core.package_identification:_identify(isaac_ros_ws/src/isaac_ros_benchmark/benchmarks/isaac_ros_segment_anything_benchmark) by extension 'colcon_meta'
[0.359s] Level 1:colcon.colcon_core.package_identification:_identify(isaac_ros_ws/src/isaac_ros_benchmark/benchmarks/isaac_ros_segment_anything_benchmark) by extensions ['ros']
[0.359s] Level 1:colcon.colcon_core.package_identification:_identify(isaac_ros_ws/src/isaac_ros_benchmark/benchmarks/isaac_ros_segment_anything_benchmark) by extension 'ros'
[0.360s] DEBUG:colcon.colcon_core.package_identification:Package 'isaac_ros_ws/src/isaac_ros_benchmark/benchmarks/isaac_ros_segment_anything_benchmark' with type 'ros.ament_cmake' and name 'isaac_ros_segment_anything_benchmark'
[0.360s] Level 1:colcon.colcon_core.package_identification:_identify(isaac_ros_ws/src/isaac_ros_benchmark/benchmarks/isaac_ros_stereo_image_proc_benchmark) by extensions ['ignore', 'ignore_ament_install']
[0.360s] Level 1:colcon.colcon_core.package_identification:_identify(isaac_ros_ws/src/isaac_ros_benchmark/benchmarks/isaac_ros_stereo_image_proc_benchmark) by extension 'ignore'
[0.360s] Level 1:colcon.colcon_core.package_identification:_identify(isaac_ros_ws/src/isaac_ros_benchmark/benchmarks/isaac_ros_stereo_image_proc_benchmark) by extension 'ignore_ament_install'
[0.360s] Level 1:colcon.colcon_core.package_identification:_identify(isaac_ros_ws/src/isaac_ros_benchmark/benchmarks/isaac_ros_stereo_image_proc_benchmark) by extensions ['colcon_pkg']
[0.360s] Level 1:colcon.colcon_core.package_identification:_identify(isaac_ros_ws/src/isaac_ros_benchmark/benchmarks/isaac_ros_stereo_image_proc_benchmark) by extension 'colcon_pkg'
[0.360s] Level 1:colcon.colcon_core.package_identification:_identify(isaac_ros_ws/src/isaac_ros_benchmark/benchmarks/isaac_ros_stereo_image_proc_benchmark) by extensions ['colcon_meta']
[0.360s] Level 1:colcon.colcon_core.package_identification:_identify(isaac_ros_ws/src/isaac_ros_benchmark/benchmarks/isaac_ros_stereo_image_proc_benchmark) by extension 'colcon_meta'
[0.360s] Level 1:colcon.colcon_core.package_identification:_identify(isaac_ros_ws/src/isaac_ros_benchmark/benchmarks/isaac_ros_stereo_image_proc_benchmark) by extensions ['ros']
[0.360s] Level 1:colcon.colcon_core.package_identification:_identify(isaac_ros_ws/src/isaac_ros_benchmark/benchmarks/isaac_ros_stereo_image_proc_benchmark) by extension 'ros'
[0.361s] DEBUG:colcon.colcon_core.package_identification:Package 'isaac_ros_ws/src/isaac_ros_benchmark/benchmarks/isaac_ros_stereo_image_proc_benchmark' with type 'ros.ament_cmake' and name 'isaac_ros_stereo_image_proc_benchmark'
[0.361s] Level 1:colcon.colcon_core.package_identification:_identify(isaac_ros_ws/src/isaac_ros_benchmark/benchmarks/isaac_ros_tensor_rt_benchmark) by extensions ['ignore', 'ignore_ament_install']
[0.361s] Level 1:colcon.colcon_core.package_identification:_identify(isaac_ros_ws/src/isaac_ros_benchmark/benchmarks/isaac_ros_tensor_rt_benchmark) by extension 'ignore'
[0.361s] Level 1:colcon.colcon_core.package_identification:_identify(isaac_ros_ws/src/isaac_ros_benchmark/benchmarks/isaac_ros_tensor_rt_benchmark) by extension 'ignore_ament_install'
[0.361s] Level 1:colcon.colcon_core.package_identification:_identify(isaac_ros_ws/src/isaac_ros_benchmark/benchmarks/isaac_ros_tensor_rt_benchmark) by extensions ['colcon_pkg']
[0.361s] Level 1:colcon.colcon_core.package_identification:_identify(isaac_ros_ws/src/isaac_ros_benchmark/benchmarks/isaac_ros_tensor_rt_benchmark) by extension 'colcon_pkg'
[0.361s] Level 1:colcon.colcon_core.package_identification:_identify(isaac_ros_ws/src/isaac_ros_benchmark/benchmarks/isaac_ros_tensor_rt_benchmark) by extensions ['colcon_meta']
[0.361s] Level 1:colcon.colcon_core.package_identification:_identify(isaac_ros_ws/src/isaac_ros_benchmark/benchmarks/isaac_ros_tensor_rt_benchmark) by extension 'colcon_meta'
[0.361s] Level 1:colcon.colcon_core.package_identification:_identify(isaac_ros_ws/src/isaac_ros_benchmark/benchmarks/isaac_ros_tensor_rt_benchmark) by extensions ['ros']
[0.361s] Level 1:colcon.colcon_core.package_identification:_identify(isaac_ros_ws/src/isaac_ros_benchmark/benchmarks/isaac_ros_tensor_rt_benchmark) by extension 'ros'
[0.362s] DEBUG:colcon.colcon_core.package_identification:Package 'isaac_ros_ws/src/isaac_ros_benchmark/benchmarks/isaac_ros_tensor_rt_benchmark' with type 'ros.ament_cmake' and name 'isaac_ros_tensor_rt_benchmark'
[0.362s] Level 1:colcon.colcon_core.package_identification:_identify(isaac_ros_ws/src/isaac_ros_benchmark/benchmarks/isaac_ros_triton_benchmark) by extensions ['ignore', 'ignore_ament_install']
[0.362s] Level 1:colcon.colcon_core.package_identification:_identify(isaac_ros_ws/src/isaac_ros_benchmark/benchmarks/isaac_ros_triton_benchmark) by extension 'ignore'
[0.362s] Level 1:colcon.colcon_core.package_identification:_identify(isaac_ros_ws/src/isaac_ros_benchmark/benchmarks/isaac_ros_triton_benchmark) by extension 'ignore_ament_install'
[0.362s] Level 1:colcon.colcon_core.package_identification:_identify(isaac_ros_ws/src/isaac_ros_benchmark/benchmarks/isaac_ros_triton_benchmark) by extensions ['colcon_pkg']
[0.362s] Level 1:colcon.colcon_core.package_identification:_identify(isaac_ros_ws/src/isaac_ros_benchmark/benchmarks/isaac_ros_triton_benchmark) by extension 'colcon_pkg'
[0.362s] Level 1:colcon.colcon_core.package_identification:_identify(isaac_ros_ws/src/isaac_ros_benchmark/benchmarks/isaac_ros_triton_benchmark) by extensions ['colcon_meta']
[0.362s] Level 1:colcon.colcon_core.package_identification:_identify(isaac_ros_ws/src/isaac_ros_benchmark/benchmarks/isaac_ros_triton_benchmark) by extension 'colcon_meta'
[0.362s] Level 1:colcon.colcon_core.package_identification:_identify(isaac_ros_ws/src/isaac_ros_benchmark/benchmarks/isaac_ros_triton_benchmark) by extensions ['ros']
[0.362s] Level 1:colcon.colcon_core.package_identification:_identify(isaac_ros_ws/src/isaac_ros_benchmark/benchmarks/isaac_ros_triton_benchmark) by extension 'ros'
[0.363s] DEBUG:colcon.colcon_core.package_identification:Package 'isaac_ros_ws/src/isaac_ros_benchmark/benchmarks/isaac_ros_triton_benchmark' with type 'ros.ament_cmake' and name 'isaac_ros_triton_benchmark'
[0.363s] Level 1:colcon.colcon_core.package_identification:_identify(isaac_ros_ws/src/isaac_ros_benchmark/benchmarks/isaac_ros_unet_benchmark) by extensions ['ignore', 'ignore_ament_install']
[0.363s] Level 1:colcon.colcon_core.package_identification:_identify(isaac_ros_ws/src/isaac_ros_benchmark/benchmarks/isaac_ros_unet_benchmark) by extension 'ignore'
[0.363s] Level 1:colcon.colcon_core.package_identification:_identify(isaac_ros_ws/src/isaac_ros_benchmark/benchmarks/isaac_ros_unet_benchmark) by extension 'ignore_ament_install'
[0.363s] Level 1:colcon.colcon_core.package_identification:_identify(isaac_ros_ws/src/isaac_ros_benchmark/benchmarks/isaac_ros_unet_benchmark) by extensions ['colcon_pkg']
[0.363s] Level 1:colcon.colcon_core.package_identification:_identify(isaac_ros_ws/src/isaac_ros_benchmark/benchmarks/isaac_ros_unet_benchmark) by extension 'colcon_pkg'
[0.363s] Level 1:colcon.colcon_core.package_identification:_identify(isaac_ros_ws/src/isaac_ros_benchmark/benchmarks/isaac_ros_unet_benchmark) by extensions ['colcon_meta']
[0.363s] Level 1:colcon.colcon_core.package_identification:_identify(isaac_ros_ws/src/isaac_ros_benchmark/benchmarks/isaac_ros_unet_benchmark) by extension 'colcon_meta'
[0.363s] Level 1:colcon.colcon_core.package_identification:_identify(isaac_ros_ws/src/isaac_ros_benchmark/benchmarks/isaac_ros_unet_benchmark) by extensions ['ros']
[0.363s] Level 1:colcon.colcon_core.package_identification:_identify(isaac_ros_ws/src/isaac_ros_benchmark/benchmarks/isaac_ros_unet_benchmark) by extension 'ros'
[0.364s] DEBUG:colcon.colcon_core.package_identification:Package 'isaac_ros_ws/src/isaac_ros_benchmark/benchmarks/isaac_ros_unet_benchmark' with type 'ros.ament_cmake' and name 'isaac_ros_unet_benchmark'
[0.364s] Level 1:colcon.colcon_core.package_identification:_identify(isaac_ros_ws/src/isaac_ros_benchmark/benchmarks/isaac_ros_visual_slam_benchmark) by extensions ['ignore', 'ignore_ament_install']
[0.364s] Level 1:colcon.colcon_core.package_identification:_identify(isaac_ros_ws/src/isaac_ros_benchmark/benchmarks/isaac_ros_visual_slam_benchmark) by extension 'ignore'
[0.364s] Level 1:colcon.colcon_core.package_identification:_identify(isaac_ros_ws/src/isaac_ros_benchmark/benchmarks/isaac_ros_visual_slam_benchmark) by extension 'ignore_ament_install'
[0.364s] Level 1:colcon.colcon_core.package_identification:_identify(isaac_ros_ws/src/isaac_ros_benchmark/benchmarks/isaac_ros_visual_slam_benchmark) by extensions ['colcon_pkg']
[0.364s] Level 1:colcon.colcon_core.package_identification:_identify(isaac_ros_ws/src/isaac_ros_benchmark/benchmarks/isaac_ros_visual_slam_benchmark) by extension 'colcon_pkg'
[0.364s] Level 1:colcon.colcon_core.package_identification:_identify(isaac_ros_ws/src/isaac_ros_benchmark/benchmarks/isaac_ros_visual_slam_benchmark) by extensions ['colcon_meta']
[0.364s] Level 1:colcon.colcon_core.package_identification:_identify(isaac_ros_ws/src/isaac_ros_benchmark/benchmarks/isaac_ros_visual_slam_benchmark) by extension 'colcon_meta'
[0.364s] Level 1:colcon.colcon_core.package_identification:_identify(isaac_ros_ws/src/isaac_ros_benchmark/benchmarks/isaac_ros_visual_slam_benchmark) by extensions ['ros']
[0.364s] Level 1:colcon.colcon_core.package_identification:_identify(isaac_ros_ws/src/isaac_ros_benchmark/benchmarks/isaac_ros_visual_slam_benchmark) by extension 'ros'
[0.364s] DEBUG:colcon.colcon_core.package_identification:Package 'isaac_ros_ws/src/isaac_ros_benchmark/benchmarks/isaac_ros_visual_slam_benchmark' with type 'ros.ament_cmake' and name 'isaac_ros_visual_slam_benchmark'
[0.365s] Level 1:colcon.colcon_core.package_identification:_identify(isaac_ros_ws/src/isaac_ros_benchmark/isaac_ros_benchmark) by extensions ['ignore', 'ignore_ament_install']
[0.365s] Level 1:colcon.colcon_core.package_identification:_identify(isaac_ros_ws/src/isaac_ros_benchmark/isaac_ros_benchmark) by extension 'ignore'
[0.365s] Level 1:colcon.colcon_core.package_identification:_identify(isaac_ros_ws/src/isaac_ros_benchmark/isaac_ros_benchmark) by extension 'ignore_ament_install'
[0.365s] Level 1:colcon.colcon_core.package_identification:_identify(isaac_ros_ws/src/isaac_ros_benchmark/isaac_ros_benchmark) by extensions ['colcon_pkg']
[0.365s] Level 1:colcon.colcon_core.package_identification:_identify(isaac_ros_ws/src/isaac_ros_benchmark/isaac_ros_benchmark) by extension 'colcon_pkg'
[0.365s] Level 1:colcon.colcon_core.package_identification:_identify(isaac_ros_ws/src/isaac_ros_benchmark/isaac_ros_benchmark) by extensions ['colcon_meta']
[0.365s] Level 1:colcon.colcon_core.package_identification:_identify(isaac_ros_ws/src/isaac_ros_benchmark/isaac_ros_benchmark) by extension 'colcon_meta'
[0.365s] Level 1:colcon.colcon_core.package_identification:_identify(isaac_ros_ws/src/isaac_ros_benchmark/isaac_ros_benchmark) by extensions ['ros']
[0.365s] Level 1:colcon.colcon_core.package_identification:_identify(isaac_ros_ws/src/isaac_ros_benchmark/isaac_ros_benchmark) by extension 'ros'
[0.366s] DEBUG:colcon.colcon_core.package_identification:Package 'isaac_ros_ws/src/isaac_ros_benchmark/isaac_ros_benchmark' with type 'ros.ament_cmake' and name 'isaac_ros_benchmark'
[0.366s] Level 1:colcon.colcon_core.package_identification:_identify(isaac_ros_ws/src/isaac_ros_benchmark/results) by extensions ['ignore', 'ignore_ament_install']
[0.366s] Level 1:colcon.colcon_core.package_identification:_identify(isaac_ros_ws/src/isaac_ros_benchmark/results) by extension 'ignore'
[0.366s] Level 1:colcon.colcon_core.package_identification:_identify(isaac_ros_ws/src/isaac_ros_benchmark/results) by extension 'ignore_ament_install'
[0.366s] Level 1:colcon.colcon_core.package_identification:_identify(isaac_ros_ws/src/isaac_ros_benchmark/results) by extensions ['colcon_pkg']
[0.366s] Level 1:colcon.colcon_core.package_identification:_identify(isaac_ros_ws/src/isaac_ros_benchmark/results) by extension 'colcon_pkg'
[0.366s] Level 1:colcon.colcon_core.package_identification:_identify(isaac_ros_ws/src/isaac_ros_benchmark/results) by extensions ['colcon_meta']
[0.366s] Level 1:colcon.colcon_core.package_identification:_identify(isaac_ros_ws/src/isaac_ros_benchmark/results) by extension 'colcon_meta'
[0.366s] Level 1:colcon.colcon_core.package_identification:_identify(isaac_ros_ws/src/isaac_ros_benchmark/results) by extensions ['ros']
[0.367s] Level 1:colcon.colcon_core.package_identification:_identify(isaac_ros_ws/src/isaac_ros_benchmark/results) by extension 'ros'
[0.367s] Level 1:colcon.colcon_core.package_identification:_identify(isaac_ros_ws/src/isaac_ros_benchmark/results) by extensions ['cmake', 'python']
[0.367s] Level 1:colcon.colcon_core.package_identification:_identify(isaac_ros_ws/src/isaac_ros_benchmark/results) by extension 'cmake'
[0.367s] Level 1:colcon.colcon_core.package_identification:_identify(isaac_ros_ws/src/isaac_ros_benchmark/results) by extension 'python'
[0.367s] Level 1:colcon.colcon_core.package_identification:_identify(isaac_ros_ws/src/isaac_ros_benchmark/results) by extensions ['python_setup_py']
[0.367s] Level 1:colcon.colcon_core.package_identification:_identify(isaac_ros_ws/src/isaac_ros_benchmark/results) by extension 'python_setup_py'
[0.367s] Level 1:colcon.colcon_core.package_identification:_identify(isaac_ros_ws/src/isaac_ros_common) by extensions ['ignore', 'ignore_ament_install']
[0.367s] Level 1:colcon.colcon_core.package_identification:_identify(isaac_ros_ws/src/isaac_ros_common) by extension 'ignore'
[0.367s] Level 1:colcon.colcon_core.package_identification:_identify(isaac_ros_ws/src/isaac_ros_common) by extension 'ignore_ament_install'
[0.367s] Level 1:colcon.colcon_core.package_identification:_identify(isaac_ros_ws/src/isaac_ros_common) by extensions ['colcon_pkg']
[0.367s] Level 1:colcon.colcon_core.package_identification:_identify(isaac_ros_ws/src/isaac_ros_common) by extension 'colcon_pkg'
[0.367s] Level 1:colcon.colcon_core.package_identification:_identify(isaac_ros_ws/src/isaac_ros_common) by extensions ['colcon_meta']
[0.367s] Level 1:colcon.colcon_core.package_identification:_identify(isaac_ros_ws/src/isaac_ros_common) by extension 'colcon_meta'
[0.367s] Level 1:colcon.colcon_core.package_identification:_identify(isaac_ros_ws/src/isaac_ros_common) by extensions ['ros']
[0.367s] Level 1:colcon.colcon_core.package_identification:_identify(isaac_ros_ws/src/isaac_ros_common) by extension 'ros'
[0.367s] Level 1:colcon.colcon_core.package_identification:_identify(isaac_ros_ws/src/isaac_ros_common) by extensions ['cmake', 'python']
[0.367s] Level 1:colcon.colcon_core.package_identification:_identify(isaac_ros_ws/src/isaac_ros_common) by extension 'cmake'
[0.367s] Level 1:colcon.colcon_core.package_identification:_identify(isaac_ros_ws/src/isaac_ros_common) by extension 'python'
[0.367s] Level 1:colcon.colcon_core.package_identification:_identify(isaac_ros_ws/src/isaac_ros_common) by extensions ['python_setup_py']
[0.367s] Level 1:colcon.colcon_core.package_identification:_identify(isaac_ros_ws/src/isaac_ros_common) by extension 'python_setup_py'
[0.367s] Level 1:colcon.colcon_core.package_identification:_identify(isaac_ros_ws/src/isaac_ros_common/docker) by extensions ['ignore', 'ignore_ament_install']
[0.367s] Level 1:colcon.colcon_core.package_identification:_identify(isaac_ros_ws/src/isaac_ros_common/docker) by extension 'ignore'
[0.367s] Level 1:colcon.colcon_core.package_identification:_identify(isaac_ros_ws/src/isaac_ros_common/docker) by extension 'ignore_ament_install'
[0.367s] Level 1:colcon.colcon_core.package_identification:_identify(isaac_ros_ws/src/isaac_ros_common/docker) by extensions ['colcon_pkg']
[0.367s] Level 1:colcon.colcon_core.package_identification:_identify(isaac_ros_ws/src/isaac_ros_common/docker) by extension 'colcon_pkg'
[0.367s] Level 1:colcon.colcon_core.package_identification:_identify(isaac_ros_ws/src/isaac_ros_common/docker) by extensions ['colcon_meta']
[0.367s] Level 1:colcon.colcon_core.package_identification:_identify(isaac_ros_ws/src/isaac_ros_common/docker) by extension 'colcon_meta'
[0.367s] Level 1:colcon.colcon_core.package_identification:_identify(isaac_ros_ws/src/isaac_ros_common/docker) by extensions ['ros']
[0.367s] Level 1:colcon.colcon_core.package_identification:_identify(isaac_ros_ws/src/isaac_ros_common/docker) by extension 'ros'
[0.367s] Level 1:colcon.colcon_core.package_identification:_identify(isaac_ros_ws/src/isaac_ros_common/docker) by extensions ['cmake', 'python']
[0.367s] Level 1:colcon.colcon_core.package_identification:_identify(isaac_ros_ws/src/isaac_ros_common/docker) by extension 'cmake'
[0.367s] Level 1:colcon.colcon_core.package_identification:_identify(isaac_ros_ws/src/isaac_ros_common/docker) by extension 'python'
[0.367s] Level 1:colcon.colcon_core.package_identification:_identify(isaac_ros_ws/src/isaac_ros_common/docker) by extensions ['python_setup_py']
[0.367s] Level 1:colcon.colcon_core.package_identification:_identify(isaac_ros_ws/src/isaac_ros_common/docker) by extension 'python_setup_py'
[0.367s] Level 1:colcon.colcon_core.package_identification:_identify(isaac_ros_ws/src/isaac_ros_common/docker/middleware_profiles) by extensions ['ignore', 'ignore_ament_install']
[0.368s] Level 1:colcon.colcon_core.package_identification:_identify(isaac_ros_ws/src/isaac_ros_common/docker/middleware_profiles) by extension 'ignore'
[0.368s] Level 1:colcon.colcon_core.package_identification:_identify(isaac_ros_ws/src/isaac_ros_common/docker/middleware_profiles) by extension 'ignore_ament_install'
[0.368s] Level 1:colcon.colcon_core.package_identification:_identify(isaac_ros_ws/src/isaac_ros_common/docker/middleware_profiles) by extensions ['colcon_pkg']
[0.368s] Level 1:colcon.colcon_core.package_identification:_identify(isaac_ros_ws/src/isaac_ros_common/docker/middleware_profiles) by extension 'colcon_pkg'
[0.368s] Level 1:colcon.colcon_core.package_identification:_identify(isaac_ros_ws/src/isaac_ros_common/docker/middleware_profiles) by extensions ['colcon_meta']
[0.368s] Level 1:colcon.colcon_core.package_identification:_identify(isaac_ros_ws/src/isaac_ros_common/docker/middleware_profiles) by extension 'colcon_meta'
[0.368s] Level 1:colcon.colcon_core.package_identification:_identify(isaac_ros_ws/src/isaac_ros_common/docker/middleware_profiles) by extensions ['ros']
[0.368s] Level 1:colcon.colcon_core.package_identification:_identify(isaac_ros_ws/src/isaac_ros_common/docker/middleware_profiles) by extension 'ros'
[0.368s] Level 1:colcon.colcon_core.package_identification:_identify(isaac_ros_ws/src/isaac_ros_common/docker/middleware_profiles) by extensions ['cmake', 'python']
[0.368s] Level 1:colcon.colcon_core.package_identification:_identify(isaac_ros_ws/src/isaac_ros_common/docker/middleware_profiles) by extension 'cmake'
[0.368s] Level 1:colcon.colcon_core.package_identification:_identify(isaac_ros_ws/src/isaac_ros_common/docker/middleware_profiles) by extension 'python'
[0.368s] Level 1:colcon.colcon_core.package_identification:_identify(isaac_ros_ws/src/isaac_ros_common/docker/middleware_profiles) by extensions ['python_setup_py']
[0.368s] Level 1:colcon.colcon_core.package_identification:_identify(isaac_ros_ws/src/isaac_ros_common/docker/middleware_profiles) by extension 'python_setup_py'
[0.368s] Level 1:colcon.colcon_core.package_identification:_identify(isaac_ros_ws/src/isaac_ros_common/docker/patches) by extensions ['ignore', 'ignore_ament_install']
[0.368s] Level 1:colcon.colcon_core.package_identification:_identify(isaac_ros_ws/src/isaac_ros_common/docker/patches) by extension 'ignore'
[0.368s] Level 1:colcon.colcon_core.package_identification:_identify(isaac_ros_ws/src/isaac_ros_common/docker/patches) by extension 'ignore_ament_install'
[0.368s] Level 1:colcon.colcon_core.package_identification:_identify(isaac_ros_ws/src/isaac_ros_common/docker/patches) by extensions ['colcon_pkg']
[0.368s] Level 1:colcon.colcon_core.package_identification:_identify(isaac_ros_ws/src/isaac_ros_common/docker/patches) by extension 'colcon_pkg'
[0.368s] Level 1:colcon.colcon_core.package_identification:_identify(isaac_ros_ws/src/isaac_ros_common/docker/patches) by extensions ['colcon_meta']
[0.368s] Level 1:colcon.colcon_core.package_identification:_identify(isaac_ros_ws/src/isaac_ros_common/docker/patches) by extension 'colcon_meta'
[0.368s] Level 1:colcon.colcon_core.package_identification:_identify(isaac_ros_ws/src/isaac_ros_common/docker/patches) by extensions ['ros']
[0.368s] Level 1:colcon.colcon_core.package_identification:_identify(isaac_ros_ws/src/isaac_ros_common/docker/patches) by extension 'ros'
[0.368s] Level 1:colcon.colcon_core.package_identification:_identify(isaac_ros_ws/src/isaac_ros_common/docker/patches) by extensions ['cmake', 'python']
[0.368s] Level 1:colcon.colcon_core.package_identification:_identify(isaac_ros_ws/src/isaac_ros_common/docker/patches) by extension 'cmake'
[0.368s] Level 1:colcon.colcon_core.package_identification:_identify(isaac_ros_ws/src/isaac_ros_common/docker/patches) by extension 'python'
[0.368s] Level 1:colcon.colcon_core.package_identification:_identify(isaac_ros_ws/src/isaac_ros_common/docker/patches) by extensions ['python_setup_py']
[0.368s] Level 1:colcon.colcon_core.package_identification:_identify(isaac_ros_ws/src/isaac_ros_common/docker/patches) by extension 'python_setup_py'
[0.368s] Level 1:colcon.colcon_core.package_identification:_identify(isaac_ros_ws/src/isaac_ros_common/docker/rosdep) by extensions ['ignore', 'ignore_ament_install']
[0.368s] Level 1:colcon.colcon_core.package_identification:_identify(isaac_ros_ws/src/isaac_ros_common/docker/rosdep) by extension 'ignore'
[0.368s] Level 1:colcon.colcon_core.package_identification:_identify(isaac_ros_ws/src/isaac_ros_common/docker/rosdep) by extension 'ignore_ament_install'
[0.368s] Level 1:colcon.colcon_core.package_identification:_identify(isaac_ros_ws/src/isaac_ros_common/docker/rosdep) by extensions ['colcon_pkg']
[0.368s] Level 1:colcon.colcon_core.package_identification:_identify(isaac_ros_ws/src/isaac_ros_common/docker/rosdep) by extension 'colcon_pkg'
[0.368s] Level 1:colcon.colcon_core.package_identification:_identify(isaac_ros_ws/src/isaac_ros_common/docker/rosdep) by extensions ['colcon_meta']
[0.368s] Level 1:colcon.colcon_core.package_identification:_identify(isaac_ros_ws/src/isaac_ros_common/docker/rosdep) by extension 'colcon_meta'
[0.368s] Level 1:colcon.colcon_core.package_identification:_identify(isaac_ros_ws/src/isaac_ros_common/docker/rosdep) by extensions ['ros']
[0.368s] Level 1:colcon.colcon_core.package_identification:_identify(isaac_ros_ws/src/isaac_ros_common/docker/rosdep) by extension 'ros'
[0.368s] Level 1:colcon.colcon_core.package_identification:_identify(isaac_ros_ws/src/isaac_ros_common/docker/rosdep) by extensions ['cmake', 'python']
[0.368s] Level 1:colcon.colcon_core.package_identification:_identify(isaac_ros_ws/src/isaac_ros_common/docker/rosdep) by extension 'cmake'
[0.368s] Level 1:colcon.colcon_core.package_identification:_identify(isaac_ros_ws/src/isaac_ros_common/docker/rosdep) by extension 'python'
[0.368s] Level 1:colcon.colcon_core.package_identification:_identify(isaac_ros_ws/src/isaac_ros_common/docker/rosdep) by extensions ['python_setup_py']
[0.368s] Level 1:colcon.colcon_core.package_identification:_identify(isaac_ros_ws/src/isaac_ros_common/docker/rosdep) by extension 'python_setup_py'
[0.369s] Level 1:colcon.colcon_core.package_identification:_identify(isaac_ros_ws/src/isaac_ros_common/docker/rosdep/ros-humble-cuda-python-placeholder) by extensions ['ignore', 'ignore_ament_install']
[0.369s] Level 1:colcon.colcon_core.package_identification:_identify(isaac_ros_ws/src/isaac_ros_common/docker/rosdep/ros-humble-cuda-python-placeholder) by extension 'ignore'
[0.369s] Level 1:colcon.colcon_core.package_identification:_identify(isaac_ros_ws/src/isaac_ros_common/docker/rosdep/ros-humble-cuda-python-placeholder) by extension 'ignore_ament_install'
[0.369s] Level 1:colcon.colcon_core.package_identification:_identify(isaac_ros_ws/src/isaac_ros_common/docker/rosdep/ros-humble-cuda-python-placeholder) by extensions ['colcon_pkg']
[0.369s] Level 1:colcon.colcon_core.package_identification:_identify(isaac_ros_ws/src/isaac_ros_common/docker/rosdep/ros-humble-cuda-python-placeholder) by extension 'colcon_pkg'
[0.369s] Level 1:colcon.colcon_core.package_identification:_identify(isaac_ros_ws/src/isaac_ros_common/docker/rosdep/ros-humble-cuda-python-placeholder) by extensions ['colcon_meta']
[0.369s] Level 1:colcon.colcon_core.package_identification:_identify(isaac_ros_ws/src/isaac_ros_common/docker/rosdep/ros-humble-cuda-python-placeholder) by extension 'colcon_meta'
[0.369s] Level 1:colcon.colcon_core.package_identification:_identify(isaac_ros_ws/src/isaac_ros_common/docker/rosdep/ros-humble-cuda-python-placeholder) by extensions ['ros']
[0.369s] Level 1:colcon.colcon_core.package_identification:_identify(isaac_ros_ws/src/isaac_ros_common/docker/rosdep/ros-humble-cuda-python-placeholder) by extension 'ros'
[0.369s] Level 1:colcon.colcon_core.package_identification:_identify(isaac_ros_ws/src/isaac_ros_common/docker/rosdep/ros-humble-cuda-python-placeholder) by extensions ['cmake', 'python']
[0.369s] Level 1:colcon.colcon_core.package_identification:_identify(isaac_ros_ws/src/isaac_ros_common/docker/rosdep/ros-humble-cuda-python-placeholder) by extension 'cmake'
[0.369s] Level 1:colcon.colcon_core.package_identification:_identify(isaac_ros_ws/src/isaac_ros_common/docker/rosdep/ros-humble-cuda-python-placeholder) by extension 'python'
[0.369s] Level 1:colcon.colcon_core.package_identification:_identify(isaac_ros_ws/src/isaac_ros_common/docker/rosdep/ros-humble-cuda-python-placeholder) by extensions ['python_setup_py']
[0.369s] Level 1:colcon.colcon_core.package_identification:_identify(isaac_ros_ws/src/isaac_ros_common/docker/rosdep/ros-humble-cuda-python-placeholder) by extension 'python_setup_py'
[0.369s] Level 1:colcon.colcon_core.package_identification:_identify(isaac_ros_ws/src/isaac_ros_common/docker/rosdep/ros-humble-cuda-python-placeholder/DEBIAN) by extensions ['ignore', 'ignore_ament_install']
[0.369s] Level 1:colcon.colcon_core.package_identification:_identify(isaac_ros_ws/src/isaac_ros_common/docker/rosdep/ros-humble-cuda-python-placeholder/DEBIAN) by extension 'ignore'
[0.369s] Level 1:colcon.colcon_core.package_identification:_identify(isaac_ros_ws/src/isaac_ros_common/docker/rosdep/ros-humble-cuda-python-placeholder/DEBIAN) by extension 'ignore_ament_install'
[0.369s] Level 1:colcon.colcon_core.package_identification:_identify(isaac_ros_ws/src/isaac_ros_common/docker/rosdep/ros-humble-cuda-python-placeholder/DEBIAN) by extensions ['colcon_pkg']
[0.369s] Level 1:colcon.colcon_core.package_identification:_identify(isaac_ros_ws/src/isaac_ros_common/docker/rosdep/ros-humble-cuda-python-placeholder/DEBIAN) by extension 'colcon_pkg'
[0.369s] Level 1:colcon.colcon_core.package_identification:_identify(isaac_ros_ws/src/isaac_ros_common/docker/rosdep/ros-humble-cuda-python-placeholder/DEBIAN) by extensions ['colcon_meta']
[0.369s] Level 1:colcon.colcon_core.package_identification:_identify(isaac_ros_ws/src/isaac_ros_common/docker/rosdep/ros-humble-cuda-python-placeholder/DEBIAN) by extension 'colcon_meta'
[0.369s] Level 1:colcon.colcon_core.package_identification:_identify(isaac_ros_ws/src/isaac_ros_common/docker/rosdep/ros-humble-cuda-python-placeholder/DEBIAN) by extensions ['ros']
[0.369s] Level 1:colcon.colcon_core.package_identification:_identify(isaac_ros_ws/src/isaac_ros_common/docker/rosdep/ros-humble-cuda-python-placeholder/DEBIAN) by extension 'ros'
[0.369s] Level 1:colcon.colcon_core.package_identification:_identify(isaac_ros_ws/src/isaac_ros_common/docker/rosdep/ros-humble-cuda-python-placeholder/DEBIAN) by extensions ['cmake', 'python']
[0.369s] Level 1:colcon.colcon_core.package_identification:_identify(isaac_ros_ws/src/isaac_ros_common/docker/rosdep/ros-humble-cuda-python-placeholder/DEBIAN) by extension 'cmake'
[0.369s] Level 1:colcon.colcon_core.package_identification:_identify(isaac_ros_ws/src/isaac_ros_common/docker/rosdep/ros-humble-cuda-python-placeholder/DEBIAN) by extension 'python'
[0.369s] Level 1:colcon.colcon_core.package_identification:_identify(isaac_ros_ws/src/isaac_ros_common/docker/rosdep/ros-humble-cuda-python-placeholder/DEBIAN) by extensions ['python_setup_py']
[0.369s] Level 1:colcon.colcon_core.package_identification:_identify(isaac_ros_ws/src/isaac_ros_common/docker/rosdep/ros-humble-cuda-python-placeholder/DEBIAN) by extension 'python_setup_py'
[0.369s] Level 1:colcon.colcon_core.package_identification:_identify(isaac_ros_ws/src/isaac_ros_common/docker/scripts) by extensions ['ignore', 'ignore_ament_install']
[0.369s] Level 1:colcon.colcon_core.package_identification:_identify(isaac_ros_ws/src/isaac_ros_common/docker/scripts) by extension 'ignore'
[0.369s] Level 1:colcon.colcon_core.package_identification:_identify(isaac_ros_ws/src/isaac_ros_common/docker/scripts) by extension 'ignore_ament_install'
[0.369s] Level 1:colcon.colcon_core.package_identification:_identify(isaac_ros_ws/src/isaac_ros_common/docker/scripts) by extensions ['colcon_pkg']
[0.369s] Level 1:colcon.colcon_core.package_identification:_identify(isaac_ros_ws/src/isaac_ros_common/docker/scripts) by extension 'colcon_pkg'
[0.369s] Level 1:colcon.colcon_core.package_identification:_identify(isaac_ros_ws/src/isaac_ros_common/docker/scripts) by extensions ['colcon_meta']
[0.369s] Level 1:colcon.colcon_core.package_identification:_identify(isaac_ros_ws/src/isaac_ros_common/docker/scripts) by extension 'colcon_meta'
[0.369s] Level 1:colcon.colcon_core.package_identification:_identify(isaac_ros_ws/src/isaac_ros_common/docker/scripts) by extensions ['ros']
[0.370s] Level 1:colcon.colcon_core.package_identification:_identify(isaac_ros_ws/src/isaac_ros_common/docker/scripts) by extension 'ros'
[0.370s] Level 1:colcon.colcon_core.package_identification:_identify(isaac_ros_ws/src/isaac_ros_common/docker/scripts) by extensions ['cmake', 'python']
[0.370s] Level 1:colcon.colcon_core.package_identification:_identify(isaac_ros_ws/src/isaac_ros_common/docker/scripts) by extension 'cmake'
[0.370s] Level 1:colcon.colcon_core.package_identification:_identify(isaac_ros_ws/src/isaac_ros_common/docker/scripts) by extension 'python'
[0.370s] Level 1:colcon.colcon_core.package_identification:_identify(isaac_ros_ws/src/isaac_ros_common/docker/scripts) by extensions ['python_setup_py']
[0.370s] Level 1:colcon.colcon_core.package_identification:_identify(isaac_ros_ws/src/isaac_ros_common/docker/scripts) by extension 'python_setup_py'
[0.370s] Level 1:colcon.colcon_core.package_identification:_identify(isaac_ros_ws/src/isaac_ros_common/docker/udev_rules) by extensions ['ignore', 'ignore_ament_install']
[0.370s] Level 1:colcon.colcon_core.package_identification:_identify(isaac_ros_ws/src/isaac_ros_common/docker/udev_rules) by extension 'ignore'
[0.370s] Level 1:colcon.colcon_core.package_identification:_identify(isaac_ros_ws/src/isaac_ros_common/docker/udev_rules) by extension 'ignore_ament_install'
[0.370s] Level 1:colcon.colcon_core.package_identification:_identify(isaac_ros_ws/src/isaac_ros_common/docker/udev_rules) by extensions ['colcon_pkg']
[0.370s] Level 1:colcon.colcon_core.package_identification:_identify(isaac_ros_ws/src/isaac_ros_common/docker/udev_rules) by extension 'colcon_pkg'
[0.370s] Level 1:colcon.colcon_core.package_identification:_identify(isaac_ros_ws/src/isaac_ros_common/docker/udev_rules) by extensions ['colcon_meta']
[0.370s] Level 1:colcon.colcon_core.package_identification:_identify(isaac_ros_ws/src/isaac_ros_common/docker/udev_rules) by extension 'colcon_meta'
[0.370s] Level 1:colcon.colcon_core.package_identification:_identify(isaac_ros_ws/src/isaac_ros_common/docker/udev_rules) by extensions ['ros']
[0.370s] Level 1:colcon.colcon_core.package_identification:_identify(isaac_ros_ws/src/isaac_ros_common/docker/udev_rules) by extension 'ros'
[0.370s] Level 1:colcon.colcon_core.package_identification:_identify(isaac_ros_ws/src/isaac_ros_common/docker/udev_rules) by extensions ['cmake', 'python']
[0.370s] Level 1:colcon.colcon_core.package_identification:_identify(isaac_ros_ws/src/isaac_ros_common/docker/udev_rules) by extension 'cmake'
[0.370s] Level 1:colcon.colcon_core.package_identification:_identify(isaac_ros_ws/src/isaac_ros_common/docker/udev_rules) by extension 'python'
[0.370s] Level 1:colcon.colcon_core.package_identification:_identify(isaac_ros_ws/src/isaac_ros_common/docker/udev_rules) by extensions ['python_setup_py']
[0.370s] Level 1:colcon.colcon_core.package_identification:_identify(isaac_ros_ws/src/isaac_ros_common/docker/udev_rules) by extension 'python_setup_py'
[0.370s] Level 1:colcon.colcon_core.package_identification:_identify(isaac_ros_ws/src/isaac_ros_common/isaac_common) by extensions ['ignore', 'ignore_ament_install']
[0.370s] Level 1:colcon.colcon_core.package_identification:_identify(isaac_ros_ws/src/isaac_ros_common/isaac_common) by extension 'ignore'
[0.370s] Level 1:colcon.colcon_core.package_identification:_identify(isaac_ros_ws/src/isaac_ros_common/isaac_common) by extension 'ignore_ament_install'
[0.370s] Level 1:colcon.colcon_core.package_identification:_identify(isaac_ros_ws/src/isaac_ros_common/isaac_common) by extensions ['colcon_pkg']
[0.370s] Level 1:colcon.colcon_core.package_identification:_identify(isaac_ros_ws/src/isaac_ros_common/isaac_common) by extension 'colcon_pkg'
[0.370s] Level 1:colcon.colcon_core.package_identification:_identify(isaac_ros_ws/src/isaac_ros_common/isaac_common) by extensions ['colcon_meta']
[0.370s] Level 1:colcon.colcon_core.package_identification:_identify(isaac_ros_ws/src/isaac_ros_common/isaac_common) by extension 'colcon_meta'
[0.370s] Level 1:colcon.colcon_core.package_identification:_identify(isaac_ros_ws/src/isaac_ros_common/isaac_common) by extensions ['ros']
[0.370s] Level 1:colcon.colcon_core.package_identification:_identify(isaac_ros_ws/src/isaac_ros_common/isaac_common) by extension 'ros'
[0.371s] DEBUG:colcon.colcon_core.package_identification:Package 'isaac_ros_ws/src/isaac_ros_common/isaac_common' with type 'ros.ament_cmake' and name 'isaac_common'
[0.371s] Level 1:colcon.colcon_core.package_identification:_identify(isaac_ros_ws/src/isaac_ros_common/isaac_common_py) by extensions ['ignore', 'ignore_ament_install']
[0.371s] Level 1:colcon.colcon_core.package_identification:_identify(isaac_ros_ws/src/isaac_ros_common/isaac_common_py) by extension 'ignore'
[0.371s] Level 1:colcon.colcon_core.package_identification:_identify(isaac_ros_ws/src/isaac_ros_common/isaac_common_py) by extension 'ignore_ament_install'
[0.371s] Level 1:colcon.colcon_core.package_identification:_identify(isaac_ros_ws/src/isaac_ros_common/isaac_common_py) by extensions ['colcon_pkg']
[0.371s] Level 1:colcon.colcon_core.package_identification:_identify(isaac_ros_ws/src/isaac_ros_common/isaac_common_py) by extension 'colcon_pkg'
[0.371s] Level 1:colcon.colcon_core.package_identification:_identify(isaac_ros_ws/src/isaac_ros_common/isaac_common_py) by extensions ['colcon_meta']
[0.371s] Level 1:colcon.colcon_core.package_identification:_identify(isaac_ros_ws/src/isaac_ros_common/isaac_common_py) by extension 'colcon_meta'
[0.371s] Level 1:colcon.colcon_core.package_identification:_identify(isaac_ros_ws/src/isaac_ros_common/isaac_common_py) by extensions ['ros']
[0.371s] Level 1:colcon.colcon_core.package_identification:_identify(isaac_ros_ws/src/isaac_ros_common/isaac_common_py) by extension 'ros'
[0.372s] DEBUG:colcon.colcon_core.package_identification:Package 'isaac_ros_ws/src/isaac_ros_common/isaac_common_py' with type 'ros.ament_python' and name 'isaac_common_py'
[0.372s] Level 1:colcon.colcon_core.package_identification:_identify(isaac_ros_ws/src/isaac_ros_common/isaac_ros_apriltag_interfaces) by extensions ['ignore', 'ignore_ament_install']
[0.372s] Level 1:colcon.colcon_core.package_identification:_identify(isaac_ros_ws/src/isaac_ros_common/isaac_ros_apriltag_interfaces) by extension 'ignore'
[0.372s] Level 1:colcon.colcon_core.package_identification:_identify(isaac_ros_ws/src/isaac_ros_common/isaac_ros_apriltag_interfaces) by extension 'ignore_ament_install'
[0.372s] Level 1:colcon.colcon_core.package_identification:_identify(isaac_ros_ws/src/isaac_ros_common/isaac_ros_apriltag_interfaces) by extensions ['colcon_pkg']
[0.372s] Level 1:colcon.colcon_core.package_identification:_identify(isaac_ros_ws/src/isaac_ros_common/isaac_ros_apriltag_interfaces) by extension 'colcon_pkg'
[0.372s] Level 1:colcon.colcon_core.package_identification:_identify(isaac_ros_ws/src/isaac_ros_common/isaac_ros_apriltag_interfaces) by extensions ['colcon_meta']
[0.372s] Level 1:colcon.colcon_core.package_identification:_identify(isaac_ros_ws/src/isaac_ros_common/isaac_ros_apriltag_interfaces) by extension 'colcon_meta'
[0.372s] Level 1:colcon.colcon_core.package_identification:_identify(isaac_ros_ws/src/isaac_ros_common/isaac_ros_apriltag_interfaces) by extensions ['ros']
[0.372s] Level 1:colcon.colcon_core.package_identification:_identify(isaac_ros_ws/src/isaac_ros_common/isaac_ros_apriltag_interfaces) by extension 'ros'
[0.373s] DEBUG:colcon.colcon_core.package_identification:Package 'isaac_ros_ws/src/isaac_ros_common/isaac_ros_apriltag_interfaces' with type 'ros.ament_cmake' and name 'isaac_ros_apriltag_interfaces'
[0.373s] Level 1:colcon.colcon_core.package_identification:_identify(isaac_ros_ws/src/isaac_ros_common/isaac_ros_bi3d_interfaces) by extensions ['ignore', 'ignore_ament_install']
[0.373s] Level 1:colcon.colcon_core.package_identification:_identify(isaac_ros_ws/src/isaac_ros_common/isaac_ros_bi3d_interfaces) by extension 'ignore'
[0.373s] Level 1:colcon.colcon_core.package_identification:_identify(isaac_ros_ws/src/isaac_ros_common/isaac_ros_bi3d_interfaces) by extension 'ignore_ament_install'
[0.373s] Level 1:colcon.colcon_core.package_identification:_identify(isaac_ros_ws/src/isaac_ros_common/isaac_ros_bi3d_interfaces) by extensions ['colcon_pkg']
[0.373s] Level 1:colcon.colcon_core.package_identification:_identify(isaac_ros_ws/src/isaac_ros_common/isaac_ros_bi3d_interfaces) by extension 'colcon_pkg'
[0.373s] Level 1:colcon.colcon_core.package_identification:_identify(isaac_ros_ws/src/isaac_ros_common/isaac_ros_bi3d_interfaces) by extensions ['colcon_meta']
[0.373s] Level 1:colcon.colcon_core.package_identification:_identify(isaac_ros_ws/src/isaac_ros_common/isaac_ros_bi3d_interfaces) by extension 'colcon_meta'
[0.373s] Level 1:colcon.colcon_core.package_identification:_identify(isaac_ros_ws/src/isaac_ros_common/isaac_ros_bi3d_interfaces) by extensions ['ros']
[0.373s] Level 1:colcon.colcon_core.package_identification:_identify(isaac_ros_ws/src/isaac_ros_common/isaac_ros_bi3d_interfaces) by extension 'ros'
[0.373s] DEBUG:colcon.colcon_core.package_identification:Package 'isaac_ros_ws/src/isaac_ros_common/isaac_ros_bi3d_interfaces' with type 'ros.ament_cmake' and name 'isaac_ros_bi3d_interfaces'
[0.374s] Level 1:colcon.colcon_core.package_identification:_identify(isaac_ros_ws/src/isaac_ros_common/isaac_ros_common) by extensions ['ignore', 'ignore_ament_install']
[0.374s] Level 1:colcon.colcon_core.package_identification:_identify(isaac_ros_ws/src/isaac_ros_common/isaac_ros_common) by extension 'ignore'
[0.374s] Level 1:colcon.colcon_core.package_identification:_identify(isaac_ros_ws/src/isaac_ros_common/isaac_ros_common) by extension 'ignore_ament_install'
[0.374s] Level 1:colcon.colcon_core.package_identification:_identify(isaac_ros_ws/src/isaac_ros_common/isaac_ros_common) by extensions ['colcon_pkg']
[0.374s] Level 1:colcon.colcon_core.package_identification:_identify(isaac_ros_ws/src/isaac_ros_common/isaac_ros_common) by extension 'colcon_pkg'
[0.374s] Level 1:colcon.colcon_core.package_identification:_identify(isaac_ros_ws/src/isaac_ros_common/isaac_ros_common) by extensions ['colcon_meta']
[0.374s] Level 1:colcon.colcon_core.package_identification:_identify(isaac_ros_ws/src/isaac_ros_common/isaac_ros_common) by extension 'colcon_meta'
[0.374s] Level 1:colcon.colcon_core.package_identification:_identify(isaac_ros_ws/src/isaac_ros_common/isaac_ros_common) by extensions ['ros']
[0.374s] Level 1:colcon.colcon_core.package_identification:_identify(isaac_ros_ws/src/isaac_ros_common/isaac_ros_common) by extension 'ros'
[0.374s] DEBUG:colcon.colcon_core.package_identification:Package 'isaac_ros_ws/src/isaac_ros_common/isaac_ros_common' with type 'ros.ament_cmake' and name 'isaac_ros_common'
[0.374s] Level 1:colcon.colcon_core.package_identification:_identify(isaac_ros_ws/src/isaac_ros_common/isaac_ros_launch_utils) by extensions ['ignore', 'ignore_ament_install']
[0.374s] Level 1:colcon.colcon_core.package_identification:_identify(isaac_ros_ws/src/isaac_ros_common/isaac_ros_launch_utils) by extension 'ignore'
[0.374s] Level 1:colcon.colcon_core.package_identification:_identify(isaac_ros_ws/src/isaac_ros_common/isaac_ros_launch_utils) by extension 'ignore_ament_install'
[0.375s] Level 1:colcon.colcon_core.package_identification:_identify(isaac_ros_ws/src/isaac_ros_common/isaac_ros_launch_utils) by extensions ['colcon_pkg']
[0.375s] Level 1:colcon.colcon_core.package_identification:_identify(isaac_ros_ws/src/isaac_ros_common/isaac_ros_launch_utils) by extension 'colcon_pkg'
[0.375s] Level 1:colcon.colcon_core.package_identification:_identify(isaac_ros_ws/src/isaac_ros_common/isaac_ros_launch_utils) by extensions ['colcon_meta']
[0.375s] Level 1:colcon.colcon_core.package_identification:_identify(isaac_ros_ws/src/isaac_ros_common/isaac_ros_launch_utils) by extension 'colcon_meta'
[0.375s] Level 1:colcon.colcon_core.package_identification:_identify(isaac_ros_ws/src/isaac_ros_common/isaac_ros_launch_utils) by extensions ['ros']
[0.375s] Level 1:colcon.colcon_core.package_identification:_identify(isaac_ros_ws/src/isaac_ros_common/isaac_ros_launch_utils) by extension 'ros'
[0.375s] DEBUG:colcon.colcon_core.package_identification:Package 'isaac_ros_ws/src/isaac_ros_common/isaac_ros_launch_utils' with type 'ros.ament_python' and name 'isaac_ros_launch_utils'
[0.375s] Level 1:colcon.colcon_core.package_identification:_identify(isaac_ros_ws/src/isaac_ros_common/isaac_ros_nitros_bridge_interfaces) by extensions ['ignore', 'ignore_ament_install']
[0.375s] Level 1:colcon.colcon_core.package_identification:_identify(isaac_ros_ws/src/isaac_ros_common/isaac_ros_nitros_bridge_interfaces) by extension 'ignore'
[0.375s] Level 1:colcon.colcon_core.package_identification:_identify(isaac_ros_ws/src/isaac_ros_common/isaac_ros_nitros_bridge_interfaces) by extension 'ignore_ament_install'
[0.375s] Level 1:colcon.colcon_core.package_identification:_identify(isaac_ros_ws/src/isaac_ros_common/isaac_ros_nitros_bridge_interfaces) by extensions ['colcon_pkg']
[0.375s] Level 1:colcon.colcon_core.package_identification:_identify(isaac_ros_ws/src/isaac_ros_common/isaac_ros_nitros_bridge_interfaces) by extension 'colcon_pkg'
[0.375s] Level 1:colcon.colcon_core.package_identification:_identify(isaac_ros_ws/src/isaac_ros_common/isaac_ros_nitros_bridge_interfaces) by extensions ['colcon_meta']
[0.375s] Level 1:colcon.colcon_core.package_identification:_identify(isaac_ros_ws/src/isaac_ros_common/isaac_ros_nitros_bridge_interfaces) by extension 'colcon_meta'
[0.375s] Level 1:colcon.colcon_core.package_identification:_identify(isaac_ros_ws/src/isaac_ros_common/isaac_ros_nitros_bridge_interfaces) by extensions ['ros']
[0.375s] Level 1:colcon.colcon_core.package_identification:_identify(isaac_ros_ws/src/isaac_ros_common/isaac_ros_nitros_bridge_interfaces) by extension 'ros'
[0.376s] DEBUG:colcon.colcon_core.package_identification:Package 'isaac_ros_ws/src/isaac_ros_common/isaac_ros_nitros_bridge_interfaces' with type 'ros.ament_cmake' and name 'isaac_ros_nitros_bridge_interfaces'
[0.376s] Level 1:colcon.colcon_core.package_identification:_identify(isaac_ros_ws/src/isaac_ros_common/isaac_ros_nova_interfaces) by extensions ['ignore', 'ignore_ament_install']
[0.376s] Level 1:colcon.colcon_core.package_identification:_identify(isaac_ros_ws/src/isaac_ros_common/isaac_ros_nova_interfaces) by extension 'ignore'
[0.376s] Level 1:colcon.colcon_core.package_identification:_identify(isaac_ros_ws/src/isaac_ros_common/isaac_ros_nova_interfaces) by extension 'ignore_ament_install'
[0.376s] Level 1:colcon.colcon_core.package_identification:_identify(isaac_ros_ws/src/isaac_ros_common/isaac_ros_nova_interfaces) by extensions ['colcon_pkg']
[0.376s] Level 1:colcon.colcon_core.package_identification:_identify(isaac_ros_ws/src/isaac_ros_common/isaac_ros_nova_interfaces) by extension 'colcon_pkg'
[0.376s] Level 1:colcon.colcon_core.package_identification:_identify(isaac_ros_ws/src/isaac_ros_common/isaac_ros_nova_interfaces) by extensions ['colcon_meta']
[0.376s] Level 1:colcon.colcon_core.package_identification:_identify(isaac_ros_ws/src/isaac_ros_common/isaac_ros_nova_interfaces) by extension 'colcon_meta'
[0.376s] Level 1:colcon.colcon_core.package_identification:_identify(isaac_ros_ws/src/isaac_ros_common/isaac_ros_nova_interfaces) by extensions ['ros']
[0.376s] Level 1:colcon.colcon_core.package_identification:_identify(isaac_ros_ws/src/isaac_ros_common/isaac_ros_nova_interfaces) by extension 'ros'
[0.377s] DEBUG:colcon.colcon_core.package_identification:Package 'isaac_ros_ws/src/isaac_ros_common/isaac_ros_nova_interfaces' with type 'ros.ament_cmake' and name 'isaac_ros_nova_interfaces'
[0.377s] Level 1:colcon.colcon_core.package_identification:_identify(isaac_ros_ws/src/isaac_ros_common/isaac_ros_pointcloud_interfaces) by extensions ['ignore', 'ignore_ament_install']
[0.377s] Level 1:colcon.colcon_core.package_identification:_identify(isaac_ros_ws/src/isaac_ros_common/isaac_ros_pointcloud_interfaces) by extension 'ignore'
[0.377s] Level 1:colcon.colcon_core.package_identification:_identify(isaac_ros_ws/src/isaac_ros_common/isaac_ros_pointcloud_interfaces) by extension 'ignore_ament_install'
[0.377s] Level 1:colcon.colcon_core.package_identification:_identify(isaac_ros_ws/src/isaac_ros_common/isaac_ros_pointcloud_interfaces) by extensions ['colcon_pkg']
[0.377s] Level 1:colcon.colcon_core.package_identification:_identify(isaac_ros_ws/src/isaac_ros_common/isaac_ros_pointcloud_interfaces) by extension 'colcon_pkg'
[0.377s] Level 1:colcon.colcon_core.package_identification:_identify(isaac_ros_ws/src/isaac_ros_common/isaac_ros_pointcloud_interfaces) by extensions ['colcon_meta']
[0.377s] Level 1:colcon.colcon_core.package_identification:_identify(isaac_ros_ws/src/isaac_ros_common/isaac_ros_pointcloud_interfaces) by extension 'colcon_meta'
[0.377s] Level 1:colcon.colcon_core.package_identification:_identify(isaac_ros_ws/src/isaac_ros_common/isaac_ros_pointcloud_interfaces) by extensions ['ros']
[0.377s] Level 1:colcon.colcon_core.package_identification:_identify(isaac_ros_ws/src/isaac_ros_common/isaac_ros_pointcloud_interfaces) by extension 'ros'
[0.377s] DEBUG:colcon.colcon_core.package_identification:Package 'isaac_ros_ws/src/isaac_ros_common/isaac_ros_pointcloud_interfaces' with type 'ros.ament_cmake' and name 'isaac_ros_pointcloud_interfaces'
[0.377s] Level 1:colcon.colcon_core.package_identification:_identify(isaac_ros_ws/src/isaac_ros_common/isaac_ros_r2b_galileo) by extensions ['ignore', 'ignore_ament_install']
[0.377s] Level 1:colcon.colcon_core.package_identification:_identify(isaac_ros_ws/src/isaac_ros_common/isaac_ros_r2b_galileo) by extension 'ignore'
[0.377s] Level 1:colcon.colcon_core.package_identification:_identify(isaac_ros_ws/src/isaac_ros_common/isaac_ros_r2b_galileo) by extension 'ignore_ament_install'
[0.378s] Level 1:colcon.colcon_core.package_identification:_identify(isaac_ros_ws/src/isaac_ros_common/isaac_ros_r2b_galileo) by extensions ['colcon_pkg']
[0.378s] Level 1:colcon.colcon_core.package_identification:_identify(isaac_ros_ws/src/isaac_ros_common/isaac_ros_r2b_galileo) by extension 'colcon_pkg'
[0.378s] Level 1:colcon.colcon_core.package_identification:_identify(isaac_ros_ws/src/isaac_ros_common/isaac_ros_r2b_galileo) by extensions ['colcon_meta']
[0.378s] Level 1:colcon.colcon_core.package_identification:_identify(isaac_ros_ws/src/isaac_ros_common/isaac_ros_r2b_galileo) by extension 'colcon_meta'
[0.378s] Level 1:colcon.colcon_core.package_identification:_identify(isaac_ros_ws/src/isaac_ros_common/isaac_ros_r2b_galileo) by extensions ['ros']
[0.378s] Level 1:colcon.colcon_core.package_identification:_identify(isaac_ros_ws/src/isaac_ros_common/isaac_ros_r2b_galileo) by extension 'ros'
[0.378s] DEBUG:colcon.colcon_core.package_identification:Package 'isaac_ros_ws/src/isaac_ros_common/isaac_ros_r2b_galileo' with type 'ros.ament_cmake' and name 'isaac_ros_r2b_galileo'
[0.378s] Level 1:colcon.colcon_core.package_identification:_identify(isaac_ros_ws/src/isaac_ros_common/isaac_ros_rosbag_utils) by extensions ['ignore', 'ignore_ament_install']
[0.378s] Level 1:colcon.colcon_core.package_identification:_identify(isaac_ros_ws/src/isaac_ros_common/isaac_ros_rosbag_utils) by extension 'ignore'
[0.378s] Level 1:colcon.colcon_core.package_identification:_identify(isaac_ros_ws/src/isaac_ros_common/isaac_ros_rosbag_utils) by extension 'ignore_ament_install'
[0.378s] Level 1:colcon.colcon_core.package_identification:_identify(isaac_ros_ws/src/isaac_ros_common/isaac_ros_rosbag_utils) by extensions ['colcon_pkg']
[0.378s] Level 1:colcon.colcon_core.package_identification:_identify(isaac_ros_ws/src/isaac_ros_common/isaac_ros_rosbag_utils) by extension 'colcon_pkg'
[0.378s] Level 1:colcon.colcon_core.package_identification:_identify(isaac_ros_ws/src/isaac_ros_common/isaac_ros_rosbag_utils) by extensions ['colcon_meta']
[0.378s] Level 1:colcon.colcon_core.package_identification:_identify(isaac_ros_ws/src/isaac_ros_common/isaac_ros_rosbag_utils) by extension 'colcon_meta'
[0.378s] Level 1:colcon.colcon_core.package_identification:_identify(isaac_ros_ws/src/isaac_ros_common/isaac_ros_rosbag_utils) by extensions ['ros']
[0.378s] Level 1:colcon.colcon_core.package_identification:_identify(isaac_ros_ws/src/isaac_ros_common/isaac_ros_rosbag_utils) by extension 'ros'
[0.379s] DEBUG:colcon.colcon_core.package_identification:Package 'isaac_ros_ws/src/isaac_ros_common/isaac_ros_rosbag_utils' with type 'ros.ament_python' and name 'isaac_ros_rosbag_utils'
[0.379s] Level 1:colcon.colcon_core.package_identification:_identify(isaac_ros_ws/src/isaac_ros_common/isaac_ros_tensor_list_interfaces) by extensions ['ignore', 'ignore_ament_install']
[0.379s] Level 1:colcon.colcon_core.package_identification:_identify(isaac_ros_ws/src/isaac_ros_common/isaac_ros_tensor_list_interfaces) by extension 'ignore'
[0.379s] Level 1:colcon.colcon_core.package_identification:_identify(isaac_ros_ws/src/isaac_ros_common/isaac_ros_tensor_list_interfaces) by extension 'ignore_ament_install'
[0.379s] Level 1:colcon.colcon_core.package_identification:_identify(isaac_ros_ws/src/isaac_ros_common/isaac_ros_tensor_list_interfaces) by extensions ['colcon_pkg']
[0.379s] Level 1:colcon.colcon_core.package_identification:_identify(isaac_ros_ws/src/isaac_ros_common/isaac_ros_tensor_list_interfaces) by extension 'colcon_pkg'
[0.379s] Level 1:colcon.colcon_core.package_identification:_identify(isaac_ros_ws/src/isaac_ros_common/isaac_ros_tensor_list_interfaces) by extensions ['colcon_meta']
[0.379s] Level 1:colcon.colcon_core.package_identification:_identify(isaac_ros_ws/src/isaac_ros_common/isaac_ros_tensor_list_interfaces) by extension 'colcon_meta'
[0.379s] Level 1:colcon.colcon_core.package_identification:_identify(isaac_ros_ws/src/isaac_ros_common/isaac_ros_tensor_list_interfaces) by extensions ['ros']
[0.379s] Level 1:colcon.colcon_core.package_identification:_identify(isaac_ros_ws/src/isaac_ros_common/isaac_ros_tensor_list_interfaces) by extension 'ros'
[0.380s] DEBUG:colcon.colcon_core.package_identification:Package 'isaac_ros_ws/src/isaac_ros_common/isaac_ros_tensor_list_interfaces' with type 'ros.ament_cmake' and name 'isaac_ros_tensor_list_interfaces'
[0.380s] Level 1:colcon.colcon_core.package_identification:_identify(isaac_ros_ws/src/isaac_ros_common/isaac_ros_test) by extensions ['ignore', 'ignore_ament_install']
[0.380s] Level 1:colcon.colcon_core.package_identification:_identify(isaac_ros_ws/src/isaac_ros_common/isaac_ros_test) by extension 'ignore'
[0.380s] Level 1:colcon.colcon_core.package_identification:_identify(isaac_ros_ws/src/isaac_ros_common/isaac_ros_test) by extension 'ignore_ament_install'
[0.380s] Level 1:colcon.colcon_core.package_identification:_identify(isaac_ros_ws/src/isaac_ros_common/isaac_ros_test) by extensions ['colcon_pkg']
[0.380s] Level 1:colcon.colcon_core.package_identification:_identify(isaac_ros_ws/src/isaac_ros_common/isaac_ros_test) by extension 'colcon_pkg'
[0.380s] Level 1:colcon.colcon_core.package_identification:_identify(isaac_ros_ws/src/isaac_ros_common/isaac_ros_test) by extensions ['colcon_meta']
[0.380s] Level 1:colcon.colcon_core.package_identification:_identify(isaac_ros_ws/src/isaac_ros_common/isaac_ros_test) by extension 'colcon_meta'
[0.380s] Level 1:colcon.colcon_core.package_identification:_identify(isaac_ros_ws/src/isaac_ros_common/isaac_ros_test) by extensions ['ros']
[0.380s] Level 1:colcon.colcon_core.package_identification:_identify(isaac_ros_ws/src/isaac_ros_common/isaac_ros_test) by extension 'ros'
[0.380s] DEBUG:colcon.colcon_core.package_identification:Package 'isaac_ros_ws/src/isaac_ros_common/isaac_ros_test' with type 'ros.ament_python' and name 'isaac_ros_test'
[0.380s] Level 1:colcon.colcon_core.package_identification:_identify(isaac_ros_ws/src/isaac_ros_common/isaac_ros_test_cmake) by extensions ['ignore', 'ignore_ament_install']
[0.380s] Level 1:colcon.colcon_core.package_identification:_identify(isaac_ros_ws/src/isaac_ros_common/isaac_ros_test_cmake) by extension 'ignore'
[0.381s] Level 1:colcon.colcon_core.package_identification:_identify(isaac_ros_ws/src/isaac_ros_common/isaac_ros_test_cmake) by extension 'ignore_ament_install'
[0.381s] Level 1:colcon.colcon_core.package_identification:_identify(isaac_ros_ws/src/isaac_ros_common/isaac_ros_test_cmake) by extensions ['colcon_pkg']
[0.381s] Level 1:colcon.colcon_core.package_identification:_identify(isaac_ros_ws/src/isaac_ros_common/isaac_ros_test_cmake) by extension 'colcon_pkg'
[0.381s] Level 1:colcon.colcon_core.package_identification:_identify(isaac_ros_ws/src/isaac_ros_common/isaac_ros_test_cmake) by extensions ['colcon_meta']
[0.381s] Level 1:colcon.colcon_core.package_identification:_identify(isaac_ros_ws/src/isaac_ros_common/isaac_ros_test_cmake) by extension 'colcon_meta'
[0.381s] Level 1:colcon.colcon_core.package_identification:_identify(isaac_ros_ws/src/isaac_ros_common/isaac_ros_test_cmake) by extensions ['ros']
[0.381s] Level 1:colcon.colcon_core.package_identification:_identify(isaac_ros_ws/src/isaac_ros_common/isaac_ros_test_cmake) by extension 'ros'
[0.381s] DEBUG:colcon.colcon_core.package_identification:Package 'isaac_ros_ws/src/isaac_ros_common/isaac_ros_test_cmake' with type 'ros.ament_cmake' and name 'isaac_ros_test_cmake'
[0.381s] Level 1:colcon.colcon_core.package_identification:_identify(isaac_ros_ws/src/isaac_ros_common/scripts) by extensions ['ignore', 'ignore_ament_install']
[0.381s] Level 1:colcon.colcon_core.package_identification:_identify(isaac_ros_ws/src/isaac_ros_common/scripts) by extension 'ignore'
[0.381s] Level 1:colcon.colcon_core.package_identification:_identify(isaac_ros_ws/src/isaac_ros_common/scripts) by extension 'ignore_ament_install'
[0.381s] Level 1:colcon.colcon_core.package_identification:_identify(isaac_ros_ws/src/isaac_ros_common/scripts) by extensions ['colcon_pkg']
[0.381s] Level 1:colcon.colcon_core.package_identification:_identify(isaac_ros_ws/src/isaac_ros_common/scripts) by extension 'colcon_pkg'
[0.381s] Level 1:colcon.colcon_core.package_identification:_identify(isaac_ros_ws/src/isaac_ros_common/scripts) by extensions ['colcon_meta']
[0.381s] Level 1:colcon.colcon_core.package_identification:_identify(isaac_ros_ws/src/isaac_ros_common/scripts) by extension 'colcon_meta'
[0.381s] Level 1:colcon.colcon_core.package_identification:_identify(isaac_ros_ws/src/isaac_ros_common/scripts) by extensions ['ros']
[0.381s] Level 1:colcon.colcon_core.package_identification:_identify(isaac_ros_ws/src/isaac_ros_common/scripts) by extension 'ros'
[0.381s] Level 1:colcon.colcon_core.package_identification:_identify(isaac_ros_ws/src/isaac_ros_common/scripts) by extensions ['cmake', 'python']
[0.381s] Level 1:colcon.colcon_core.package_identification:_identify(isaac_ros_ws/src/isaac_ros_common/scripts) by extension 'cmake'
[0.381s] Level 1:colcon.colcon_core.package_identification:_identify(isaac_ros_ws/src/isaac_ros_common/scripts) by extension 'python'
[0.381s] Level 1:colcon.colcon_core.package_identification:_identify(isaac_ros_ws/src/isaac_ros_common/scripts) by extensions ['python_setup_py']
[0.381s] Level 1:colcon.colcon_core.package_identification:_identify(isaac_ros_ws/src/isaac_ros_common/scripts) by extension 'python_setup_py'
[0.382s] Level 1:colcon.colcon_core.package_identification:_identify(isaac_ros_ws/src/isaac_ros_common/scripts/deploy) by extensions ['ignore', 'ignore_ament_install']
[0.382s] Level 1:colcon.colcon_core.package_identification:_identify(isaac_ros_ws/src/isaac_ros_common/scripts/deploy) by extension 'ignore'
[0.382s] Level 1:colcon.colcon_core.package_identification:_identify(isaac_ros_ws/src/isaac_ros_common/scripts/deploy) by extension 'ignore_ament_install'
[0.382s] Level 1:colcon.colcon_core.package_identification:_identify(isaac_ros_ws/src/isaac_ros_common/scripts/deploy) by extensions ['colcon_pkg']
[0.382s] Level 1:colcon.colcon_core.package_identification:_identify(isaac_ros_ws/src/isaac_ros_common/scripts/deploy) by extension 'colcon_pkg'
[0.382s] Level 1:colcon.colcon_core.package_identification:_identify(isaac_ros_ws/src/isaac_ros_common/scripts/deploy) by extensions ['colcon_meta']
[0.382s] Level 1:colcon.colcon_core.package_identification:_identify(isaac_ros_ws/src/isaac_ros_common/scripts/deploy) by extension 'colcon_meta'
[0.382s] Level 1:colcon.colcon_core.package_identification:_identify(isaac_ros_ws/src/isaac_ros_common/scripts/deploy) by extensions ['ros']
[0.382s] Level 1:colcon.colcon_core.package_identification:_identify(isaac_ros_ws/src/isaac_ros_common/scripts/deploy) by extension 'ros'
[0.382s] Level 1:colcon.colcon_core.package_identification:_identify(isaac_ros_ws/src/isaac_ros_common/scripts/deploy) by extensions ['cmake', 'python']
[0.382s] Level 1:colcon.colcon_core.package_identification:_identify(isaac_ros_ws/src/isaac_ros_common/scripts/deploy) by extension 'cmake'
[0.382s] Level 1:colcon.colcon_core.package_identification:_identify(isaac_ros_ws/src/isaac_ros_common/scripts/deploy) by extension 'python'
[0.382s] Level 1:colcon.colcon_core.package_identification:_identify(isaac_ros_ws/src/isaac_ros_common/scripts/deploy) by extensions ['python_setup_py']
[0.382s] Level 1:colcon.colcon_core.package_identification:_identify(isaac_ros_ws/src/isaac_ros_common/scripts/deploy) by extension 'python_setup_py'
[0.382s] Level 1:colcon.colcon_core.package_identification:_identify(isaac_ros_ws/src/isaac_ros_common/scripts/utils) by extensions ['ignore', 'ignore_ament_install']
[0.382s] Level 1:colcon.colcon_core.package_identification:_identify(isaac_ros_ws/src/isaac_ros_common/scripts/utils) by extension 'ignore'
[0.382s] Level 1:colcon.colcon_core.package_identification:_identify(isaac_ros_ws/src/isaac_ros_common/scripts/utils) by extension 'ignore_ament_install'
[0.382s] Level 1:colcon.colcon_core.package_identification:_identify(isaac_ros_ws/src/isaac_ros_common/scripts/utils) by extensions ['colcon_pkg']
[0.382s] Level 1:colcon.colcon_core.package_identification:_identify(isaac_ros_ws/src/isaac_ros_common/scripts/utils) by extension 'colcon_pkg'
[0.382s] Level 1:colcon.colcon_core.package_identification:_identify(isaac_ros_ws/src/isaac_ros_common/scripts/utils) by extensions ['colcon_meta']
[0.382s] Level 1:colcon.colcon_core.package_identification:_identify(isaac_ros_ws/src/isaac_ros_common/scripts/utils) by extension 'colcon_meta'
[0.382s] Level 1:colcon.colcon_core.package_identification:_identify(isaac_ros_ws/src/isaac_ros_common/scripts/utils) by extensions ['ros']
[0.382s] Level 1:colcon.colcon_core.package_identification:_identify(isaac_ros_ws/src/isaac_ros_common/scripts/utils) by extension 'ros'
[0.382s] Level 1:colcon.colcon_core.package_identification:_identify(isaac_ros_ws/src/isaac_ros_common/scripts/utils) by extensions ['cmake', 'python']
[0.382s] Level 1:colcon.colcon_core.package_identification:_identify(isaac_ros_ws/src/isaac_ros_common/scripts/utils) by extension 'cmake'
[0.382s] Level 1:colcon.colcon_core.package_identification:_identify(isaac_ros_ws/src/isaac_ros_common/scripts/utils) by extension 'python'
[0.382s] Level 1:colcon.colcon_core.package_identification:_identify(isaac_ros_ws/src/isaac_ros_common/scripts/utils) by extensions ['python_setup_py']
[0.382s] Level 1:colcon.colcon_core.package_identification:_identify(isaac_ros_ws/src/isaac_ros_common/scripts/utils) by extension 'python_setup_py'
[0.382s] Level 1:colcon.colcon_core.package_identification:_identify(isaac_ros_ws/src/isaac_ros_dnn_inference) by extensions ['ignore', 'ignore_ament_install']
[0.382s] Level 1:colcon.colcon_core.package_identification:_identify(isaac_ros_ws/src/isaac_ros_dnn_inference) by extension 'ignore'
[0.382s] Level 1:colcon.colcon_core.package_identification:_identify(isaac_ros_ws/src/isaac_ros_dnn_inference) by extension 'ignore_ament_install'
[0.382s] Level 1:colcon.colcon_core.package_identification:_identify(isaac_ros_ws/src/isaac_ros_dnn_inference) by extensions ['colcon_pkg']
[0.382s] Level 1:colcon.colcon_core.package_identification:_identify(isaac_ros_ws/src/isaac_ros_dnn_inference) by extension 'colcon_pkg'
[0.382s] Level 1:colcon.colcon_core.package_identification:_identify(isaac_ros_ws/src/isaac_ros_dnn_inference) by extensions ['colcon_meta']
[0.382s] Level 1:colcon.colcon_core.package_identification:_identify(isaac_ros_ws/src/isaac_ros_dnn_inference) by extension 'colcon_meta'
[0.382s] Level 1:colcon.colcon_core.package_identification:_identify(isaac_ros_ws/src/isaac_ros_dnn_inference) by extensions ['ros']
[0.382s] Level 1:colcon.colcon_core.package_identification:_identify(isaac_ros_ws/src/isaac_ros_dnn_inference) by extension 'ros'
[0.383s] Level 1:colcon.colcon_core.package_identification:_identify(isaac_ros_ws/src/isaac_ros_dnn_inference) by extensions ['cmake', 'python']
[0.383s] Level 1:colcon.colcon_core.package_identification:_identify(isaac_ros_ws/src/isaac_ros_dnn_inference) by extension 'cmake'
[0.383s] Level 1:colcon.colcon_core.package_identification:_identify(isaac_ros_ws/src/isaac_ros_dnn_inference) by extension 'python'
[0.383s] Level 1:colcon.colcon_core.package_identification:_identify(isaac_ros_ws/src/isaac_ros_dnn_inference) by extensions ['python_setup_py']
[0.383s] Level 1:colcon.colcon_core.package_identification:_identify(isaac_ros_ws/src/isaac_ros_dnn_inference) by extension 'python_setup_py'
[0.383s] Level 1:colcon.colcon_core.package_identification:_identify(isaac_ros_ws/src/isaac_ros_dnn_inference/isaac_ros_dnn_image_encoder) by extensions ['ignore', 'ignore_ament_install']
[0.383s] Level 1:colcon.colcon_core.package_identification:_identify(isaac_ros_ws/src/isaac_ros_dnn_inference/isaac_ros_dnn_image_encoder) by extension 'ignore'
[0.383s] Level 1:colcon.colcon_core.package_identification:_identify(isaac_ros_ws/src/isaac_ros_dnn_inference/isaac_ros_dnn_image_encoder) by extension 'ignore_ament_install'
[0.383s] Level 1:colcon.colcon_core.package_identification:_identify(isaac_ros_ws/src/isaac_ros_dnn_inference/isaac_ros_dnn_image_encoder) by extensions ['colcon_pkg']
[0.383s] Level 1:colcon.colcon_core.package_identification:_identify(isaac_ros_ws/src/isaac_ros_dnn_inference/isaac_ros_dnn_image_encoder) by extension 'colcon_pkg'
[0.383s] Level 1:colcon.colcon_core.package_identification:_identify(isaac_ros_ws/src/isaac_ros_dnn_inference/isaac_ros_dnn_image_encoder) by extensions ['colcon_meta']
[0.383s] Level 1:colcon.colcon_core.package_identification:_identify(isaac_ros_ws/src/isaac_ros_dnn_inference/isaac_ros_dnn_image_encoder) by extension 'colcon_meta'
[0.383s] Level 1:colcon.colcon_core.package_identification:_identify(isaac_ros_ws/src/isaac_ros_dnn_inference/isaac_ros_dnn_image_encoder) by extensions ['ros']
[0.383s] Level 1:colcon.colcon_core.package_identification:_identify(isaac_ros_ws/src/isaac_ros_dnn_inference/isaac_ros_dnn_image_encoder) by extension 'ros'
[0.384s] DEBUG:colcon.colcon_core.package_identification:Package 'isaac_ros_ws/src/isaac_ros_dnn_inference/isaac_ros_dnn_image_encoder' with type 'ros.ament_cmake' and name 'isaac_ros_dnn_image_encoder'
[0.384s] Level 1:colcon.colcon_core.package_identification:_identify(isaac_ros_ws/src/isaac_ros_dnn_inference/isaac_ros_gxf_extensions) by extensions ['ignore', 'ignore_ament_install']
[0.384s] Level 1:colcon.colcon_core.package_identification:_identify(isaac_ros_ws/src/isaac_ros_dnn_inference/isaac_ros_gxf_extensions) by extension 'ignore'
[0.384s] Level 1:colcon.colcon_core.package_identification:_identify(isaac_ros_ws/src/isaac_ros_dnn_inference/isaac_ros_gxf_extensions) by extension 'ignore_ament_install'
[0.384s] Level 1:colcon.colcon_core.package_identification:_identify(isaac_ros_ws/src/isaac_ros_dnn_inference/isaac_ros_gxf_extensions) by extensions ['colcon_pkg']
[0.384s] Level 1:colcon.colcon_core.package_identification:_identify(isaac_ros_ws/src/isaac_ros_dnn_inference/isaac_ros_gxf_extensions) by extension 'colcon_pkg'
[0.384s] Level 1:colcon.colcon_core.package_identification:_identify(isaac_ros_ws/src/isaac_ros_dnn_inference/isaac_ros_gxf_extensions) by extensions ['colcon_meta']
[0.384s] Level 1:colcon.colcon_core.package_identification:_identify(isaac_ros_ws/src/isaac_ros_dnn_inference/isaac_ros_gxf_extensions) by extension 'colcon_meta'
[0.384s] Level 1:colcon.colcon_core.package_identification:_identify(isaac_ros_ws/src/isaac_ros_dnn_inference/isaac_ros_gxf_extensions) by extensions ['ros']
[0.384s] Level 1:colcon.colcon_core.package_identification:_identify(isaac_ros_ws/src/isaac_ros_dnn_inference/isaac_ros_gxf_extensions) by extension 'ros'
[0.384s] Level 1:colcon.colcon_core.package_identification:_identify(isaac_ros_ws/src/isaac_ros_dnn_inference/isaac_ros_gxf_extensions) by extensions ['cmake', 'python']
[0.384s] Level 1:colcon.colcon_core.package_identification:_identify(isaac_ros_ws/src/isaac_ros_dnn_inference/isaac_ros_gxf_extensions) by extension 'cmake'
[0.384s] Level 1:colcon.colcon_core.package_identification:_identify(isaac_ros_ws/src/isaac_ros_dnn_inference/isaac_ros_gxf_extensions) by extension 'python'
[0.384s] Level 1:colcon.colcon_core.package_identification:_identify(isaac_ros_ws/src/isaac_ros_dnn_inference/isaac_ros_gxf_extensions) by extensions ['python_setup_py']
[0.384s] Level 1:colcon.colcon_core.package_identification:_identify(isaac_ros_ws/src/isaac_ros_dnn_inference/isaac_ros_gxf_extensions) by extension 'python_setup_py'
[0.384s] Level 1:colcon.colcon_core.package_identification:_identify(isaac_ros_ws/src/isaac_ros_dnn_inference/isaac_ros_gxf_extensions/gxf_isaac_tensor_rt) by extensions ['ignore', 'ignore_ament_install']
[0.384s] Level 1:colcon.colcon_core.package_identification:_identify(isaac_ros_ws/src/isaac_ros_dnn_inference/isaac_ros_gxf_extensions/gxf_isaac_tensor_rt) by extension 'ignore'
[0.384s] Level 1:colcon.colcon_core.package_identification:_identify(isaac_ros_ws/src/isaac_ros_dnn_inference/isaac_ros_gxf_extensions/gxf_isaac_tensor_rt) by extension 'ignore_ament_install'
[0.384s] Level 1:colcon.colcon_core.package_identification:_identify(isaac_ros_ws/src/isaac_ros_dnn_inference/isaac_ros_gxf_extensions/gxf_isaac_tensor_rt) by extensions ['colcon_pkg']
[0.384s] Level 1:colcon.colcon_core.package_identification:_identify(isaac_ros_ws/src/isaac_ros_dnn_inference/isaac_ros_gxf_extensions/gxf_isaac_tensor_rt) by extension 'colcon_pkg'
[0.384s] Level 1:colcon.colcon_core.package_identification:_identify(isaac_ros_ws/src/isaac_ros_dnn_inference/isaac_ros_gxf_extensions/gxf_isaac_tensor_rt) by extensions ['colcon_meta']
[0.384s] Level 1:colcon.colcon_core.package_identification:_identify(isaac_ros_ws/src/isaac_ros_dnn_inference/isaac_ros_gxf_extensions/gxf_isaac_tensor_rt) by extension 'colcon_meta'
[0.384s] Level 1:colcon.colcon_core.package_identification:_identify(isaac_ros_ws/src/isaac_ros_dnn_inference/isaac_ros_gxf_extensions/gxf_isaac_tensor_rt) by extensions ['ros']
[0.384s] Level 1:colcon.colcon_core.package_identification:_identify(isaac_ros_ws/src/isaac_ros_dnn_inference/isaac_ros_gxf_extensions/gxf_isaac_tensor_rt) by extension 'ros'
[0.385s] DEBUG:colcon.colcon_core.package_identification:Package 'isaac_ros_ws/src/isaac_ros_dnn_inference/isaac_ros_gxf_extensions/gxf_isaac_tensor_rt' with type 'ros.ament_cmake' and name 'gxf_isaac_tensor_rt'
[0.385s] Level 1:colcon.colcon_core.package_identification:_identify(isaac_ros_ws/src/isaac_ros_dnn_inference/isaac_ros_gxf_extensions/gxf_isaac_triton) by extensions ['ignore', 'ignore_ament_install']
[0.385s] Level 1:colcon.colcon_core.package_identification:_identify(isaac_ros_ws/src/isaac_ros_dnn_inference/isaac_ros_gxf_extensions/gxf_isaac_triton) by extension 'ignore'
[0.385s] Level 1:colcon.colcon_core.package_identification:_identify(isaac_ros_ws/src/isaac_ros_dnn_inference/isaac_ros_gxf_extensions/gxf_isaac_triton) by extension 'ignore_ament_install'
[0.385s] Level 1:colcon.colcon_core.package_identification:_identify(isaac_ros_ws/src/isaac_ros_dnn_inference/isaac_ros_gxf_extensions/gxf_isaac_triton) by extensions ['colcon_pkg']
[0.385s] Level 1:colcon.colcon_core.package_identification:_identify(isaac_ros_ws/src/isaac_ros_dnn_inference/isaac_ros_gxf_extensions/gxf_isaac_triton) by extension 'colcon_pkg'
[0.385s] Level 1:colcon.colcon_core.package_identification:_identify(isaac_ros_ws/src/isaac_ros_dnn_inference/isaac_ros_gxf_extensions/gxf_isaac_triton) by extensions ['colcon_meta']
[0.385s] Level 1:colcon.colcon_core.package_identification:_identify(isaac_ros_ws/src/isaac_ros_dnn_inference/isaac_ros_gxf_extensions/gxf_isaac_triton) by extension 'colcon_meta'
[0.385s] Level 1:colcon.colcon_core.package_identification:_identify(isaac_ros_ws/src/isaac_ros_dnn_inference/isaac_ros_gxf_extensions/gxf_isaac_triton) by extensions ['ros']
[0.385s] Level 1:colcon.colcon_core.package_identification:_identify(isaac_ros_ws/src/isaac_ros_dnn_inference/isaac_ros_gxf_extensions/gxf_isaac_triton) by extension 'ros'
[0.386s] DEBUG:colcon.colcon_core.package_identification:Package 'isaac_ros_ws/src/isaac_ros_dnn_inference/isaac_ros_gxf_extensions/gxf_isaac_triton' with type 'ros.ament_cmake' and name 'gxf_isaac_triton'
[0.386s] Level 1:colcon.colcon_core.package_identification:_identify(isaac_ros_ws/src/isaac_ros_dnn_inference/isaac_ros_tensor_proc) by extensions ['ignore', 'ignore_ament_install']
[0.386s] Level 1:colcon.colcon_core.package_identification:_identify(isaac_ros_ws/src/isaac_ros_dnn_inference/isaac_ros_tensor_proc) by extension 'ignore'
[0.386s] Level 1:colcon.colcon_core.package_identification:_identify(isaac_ros_ws/src/isaac_ros_dnn_inference/isaac_ros_tensor_proc) by extension 'ignore_ament_install'
[0.386s] Level 1:colcon.colcon_core.package_identification:_identify(isaac_ros_ws/src/isaac_ros_dnn_inference/isaac_ros_tensor_proc) by extensions ['colcon_pkg']
[0.386s] Level 1:colcon.colcon_core.package_identification:_identify(isaac_ros_ws/src/isaac_ros_dnn_inference/isaac_ros_tensor_proc) by extension 'colcon_pkg'
[0.386s] Level 1:colcon.colcon_core.package_identification:_identify(isaac_ros_ws/src/isaac_ros_dnn_inference/isaac_ros_tensor_proc) by extensions ['colcon_meta']
[0.386s] Level 1:colcon.colcon_core.package_identification:_identify(isaac_ros_ws/src/isaac_ros_dnn_inference/isaac_ros_tensor_proc) by extension 'colcon_meta'
[0.386s] Level 1:colcon.colcon_core.package_identification:_identify(isaac_ros_ws/src/isaac_ros_dnn_inference/isaac_ros_tensor_proc) by extensions ['ros']
[0.386s] Level 1:colcon.colcon_core.package_identification:_identify(isaac_ros_ws/src/isaac_ros_dnn_inference/isaac_ros_tensor_proc) by extension 'ros'
[0.387s] DEBUG:colcon.colcon_core.package_identification:Package 'isaac_ros_ws/src/isaac_ros_dnn_inference/isaac_ros_tensor_proc' with type 'ros.ament_cmake' and name 'isaac_ros_tensor_proc'
[0.387s] Level 1:colcon.colcon_core.package_identification:_identify(isaac_ros_ws/src/isaac_ros_dnn_inference/isaac_ros_tensor_rt) by extensions ['ignore', 'ignore_ament_install']
[0.387s] Level 1:colcon.colcon_core.package_identification:_identify(isaac_ros_ws/src/isaac_ros_dnn_inference/isaac_ros_tensor_rt) by extension 'ignore'
[0.387s] Level 1:colcon.colcon_core.package_identification:_identify(isaac_ros_ws/src/isaac_ros_dnn_inference/isaac_ros_tensor_rt) by extension 'ignore_ament_install'
[0.387s] Level 1:colcon.colcon_core.package_identification:_identify(isaac_ros_ws/src/isaac_ros_dnn_inference/isaac_ros_tensor_rt) by extensions ['colcon_pkg']
[0.387s] Level 1:colcon.colcon_core.package_identification:_identify(isaac_ros_ws/src/isaac_ros_dnn_inference/isaac_ros_tensor_rt) by extension 'colcon_pkg'
[0.387s] Level 1:colcon.colcon_core.package_identification:_identify(isaac_ros_ws/src/isaac_ros_dnn_inference/isaac_ros_tensor_rt) by extensions ['colcon_meta']
[0.387s] Level 1:colcon.colcon_core.package_identification:_identify(isaac_ros_ws/src/isaac_ros_dnn_inference/isaac_ros_tensor_rt) by extension 'colcon_meta'
[0.387s] Level 1:colcon.colcon_core.package_identification:_identify(isaac_ros_ws/src/isaac_ros_dnn_inference/isaac_ros_tensor_rt) by extensions ['ros']
[0.387s] Level 1:colcon.colcon_core.package_identification:_identify(isaac_ros_ws/src/isaac_ros_dnn_inference/isaac_ros_tensor_rt) by extension 'ros'
[0.388s] DEBUG:colcon.colcon_core.package_identification:Package 'isaac_ros_ws/src/isaac_ros_dnn_inference/isaac_ros_tensor_rt' with type 'ros.ament_cmake' and name 'isaac_ros_tensor_rt'
[0.388s] Level 1:colcon.colcon_core.package_identification:_identify(isaac_ros_ws/src/isaac_ros_dnn_inference/isaac_ros_triton) by extensions ['ignore', 'ignore_ament_install']
[0.388s] Level 1:colcon.colcon_core.package_identification:_identify(isaac_ros_ws/src/isaac_ros_dnn_inference/isaac_ros_triton) by extension 'ignore'
[0.388s] Level 1:colcon.colcon_core.package_identification:_identify(isaac_ros_ws/src/isaac_ros_dnn_inference/isaac_ros_triton) by extension 'ignore_ament_install'
[0.388s] Level 1:colcon.colcon_core.package_identification:_identify(isaac_ros_ws/src/isaac_ros_dnn_inference/isaac_ros_triton) by extensions ['colcon_pkg']
[0.388s] Level 1:colcon.colcon_core.package_identification:_identify(isaac_ros_ws/src/isaac_ros_dnn_inference/isaac_ros_triton) by extension 'colcon_pkg'
[0.388s] Level 1:colcon.colcon_core.package_identification:_identify(isaac_ros_ws/src/isaac_ros_dnn_inference/isaac_ros_triton) by extensions ['colcon_meta']
[0.388s] Level 1:colcon.colcon_core.package_identification:_identify(isaac_ros_ws/src/isaac_ros_dnn_inference/isaac_ros_triton) by extension 'colcon_meta'
[0.388s] Level 1:colcon.colcon_core.package_identification:_identify(isaac_ros_ws/src/isaac_ros_dnn_inference/isaac_ros_triton) by extensions ['ros']
[0.388s] Level 1:colcon.colcon_core.package_identification:_identify(isaac_ros_ws/src/isaac_ros_dnn_inference/isaac_ros_triton) by extension 'ros'
[0.389s] DEBUG:colcon.colcon_core.package_identification:Package 'isaac_ros_ws/src/isaac_ros_dnn_inference/isaac_ros_triton' with type 'ros.ament_cmake' and name 'isaac_ros_triton'
[0.389s] Level 1:colcon.colcon_core.package_identification:_identify(isaac_ros_ws/src/isaac_ros_dnn_inference/resources) by extensions ['ignore', 'ignore_ament_install']
[0.389s] Level 1:colcon.colcon_core.package_identification:_identify(isaac_ros_ws/src/isaac_ros_dnn_inference/resources) by extension 'ignore'
[0.389s] Level 1:colcon.colcon_core.package_identification:_identify(isaac_ros_ws/src/isaac_ros_dnn_inference/resources) by extension 'ignore_ament_install'
[0.389s] Level 1:colcon.colcon_core.package_identification:_identify(isaac_ros_ws/src/isaac_ros_dnn_inference/resources) by extensions ['colcon_pkg']
[0.389s] Level 1:colcon.colcon_core.package_identification:_identify(isaac_ros_ws/src/isaac_ros_dnn_inference/resources) by extension 'colcon_pkg'
[0.389s] Level 1:colcon.colcon_core.package_identification:_identify(isaac_ros_ws/src/isaac_ros_dnn_inference/resources) by extensions ['colcon_meta']
[0.389s] Level 1:colcon.colcon_core.package_identification:_identify(isaac_ros_ws/src/isaac_ros_dnn_inference/resources) by extension 'colcon_meta'
[0.389s] Level 1:colcon.colcon_core.package_identification:_identify(isaac_ros_ws/src/isaac_ros_dnn_inference/resources) by extensions ['ros']
[0.389s] Level 1:colcon.colcon_core.package_identification:_identify(isaac_ros_ws/src/isaac_ros_dnn_inference/resources) by extension 'ros'
[0.389s] Level 1:colcon.colcon_core.package_identification:_identify(isaac_ros_ws/src/isaac_ros_dnn_inference/resources) by extensions ['cmake', 'python']
[0.389s] Level 1:colcon.colcon_core.package_identification:_identify(isaac_ros_ws/src/isaac_ros_dnn_inference/resources) by extension 'cmake'
[0.389s] Level 1:colcon.colcon_core.package_identification:_identify(isaac_ros_ws/src/isaac_ros_dnn_inference/resources) by extension 'python'
[0.389s] Level 1:colcon.colcon_core.package_identification:_identify(isaac_ros_ws/src/isaac_ros_dnn_inference/resources) by extensions ['python_setup_py']
[0.389s] Level 1:colcon.colcon_core.package_identification:_identify(isaac_ros_ws/src/isaac_ros_dnn_inference/resources) by extension 'python_setup_py'
[0.389s] Level 1:colcon.colcon_core.package_identification:_identify(isaac_ros_ws/src/isaac_ros_dnn_inference/test) by extensions ['ignore', 'ignore_ament_install']
[0.389s] Level 1:colcon.colcon_core.package_identification:_identify(isaac_ros_ws/src/isaac_ros_dnn_inference/test) by extension 'ignore'
[0.389s] Level 1:colcon.colcon_core.package_identification:_identify(isaac_ros_ws/src/isaac_ros_dnn_inference/test) by extension 'ignore_ament_install'
[0.389s] Level 1:colcon.colcon_core.package_identification:_identify(isaac_ros_ws/src/isaac_ros_dnn_inference/test) by extensions ['colcon_pkg']
[0.389s] Level 1:colcon.colcon_core.package_identification:_identify(isaac_ros_ws/src/isaac_ros_dnn_inference/test) by extension 'colcon_pkg'
[0.389s] Level 1:colcon.colcon_core.package_identification:_identify(isaac_ros_ws/src/isaac_ros_dnn_inference/test) by extensions ['colcon_meta']
[0.389s] Level 1:colcon.colcon_core.package_identification:_identify(isaac_ros_ws/src/isaac_ros_dnn_inference/test) by extension 'colcon_meta'
[0.389s] Level 1:colcon.colcon_core.package_identification:_identify(isaac_ros_ws/src/isaac_ros_dnn_inference/test) by extensions ['ros']
[0.389s] Level 1:colcon.colcon_core.package_identification:_identify(isaac_ros_ws/src/isaac_ros_dnn_inference/test) by extension 'ros'
[0.389s] Level 1:colcon.colcon_core.package_identification:_identify(isaac_ros_ws/src/isaac_ros_dnn_inference/test) by extensions ['cmake', 'python']
[0.389s] Level 1:colcon.colcon_core.package_identification:_identify(isaac_ros_ws/src/isaac_ros_dnn_inference/test) by extension 'cmake'
[0.389s] Level 1:colcon.colcon_core.package_identification:_identify(isaac_ros_ws/src/isaac_ros_dnn_inference/test) by extension 'python'
[0.389s] Level 1:colcon.colcon_core.package_identification:_identify(isaac_ros_ws/src/isaac_ros_dnn_inference/test) by extensions ['python_setup_py']
[0.389s] Level 1:colcon.colcon_core.package_identification:_identify(isaac_ros_ws/src/isaac_ros_dnn_inference/test) by extension 'python_setup_py'
[0.390s] Level 1:colcon.colcon_core.package_identification:_identify(isaac_ros_ws/src/isaac_ros_dnn_inference/test/models) by extensions ['ignore', 'ignore_ament_install']
[0.390s] Level 1:colcon.colcon_core.package_identification:_identify(isaac_ros_ws/src/isaac_ros_dnn_inference/test/models) by extension 'ignore'
[0.390s] Level 1:colcon.colcon_core.package_identification:_identify(isaac_ros_ws/src/isaac_ros_dnn_inference/test/models) by extension 'ignore_ament_install'
[0.390s] Level 1:colcon.colcon_core.package_identification:_identify(isaac_ros_ws/src/isaac_ros_dnn_inference/test/models) by extensions ['colcon_pkg']
[0.390s] Level 1:colcon.colcon_core.package_identification:_identify(isaac_ros_ws/src/isaac_ros_dnn_inference/test/models) by extension 'colcon_pkg'
[0.390s] Level 1:colcon.colcon_core.package_identification:_identify(isaac_ros_ws/src/isaac_ros_dnn_inference/test/models) by extensions ['colcon_meta']
[0.390s] Level 1:colcon.colcon_core.package_identification:_identify(isaac_ros_ws/src/isaac_ros_dnn_inference/test/models) by extension 'colcon_meta'
[0.390s] Level 1:colcon.colcon_core.package_identification:_identify(isaac_ros_ws/src/isaac_ros_dnn_inference/test/models) by extensions ['ros']
[0.390s] Level 1:colcon.colcon_core.package_identification:_identify(isaac_ros_ws/src/isaac_ros_dnn_inference/test/models) by extension 'ros'
[0.390s] Level 1:colcon.colcon_core.package_identification:_identify(isaac_ros_ws/src/isaac_ros_dnn_inference/test/models) by extensions ['cmake', 'python']
[0.390s] Level 1:colcon.colcon_core.package_identification:_identify(isaac_ros_ws/src/isaac_ros_dnn_inference/test/models) by extension 'cmake'
[0.390s] Level 1:colcon.colcon_core.package_identification:_identify(isaac_ros_ws/src/isaac_ros_dnn_inference/test/models) by extension 'python'
[0.390s] Level 1:colcon.colcon_core.package_identification:_identify(isaac_ros_ws/src/isaac_ros_dnn_inference/test/models) by extensions ['python_setup_py']
[0.390s] Level 1:colcon.colcon_core.package_identification:_identify(isaac_ros_ws/src/isaac_ros_dnn_inference/test/models) by extension 'python_setup_py'
[0.390s] Level 1:colcon.colcon_core.package_identification:_identify(isaac_ros_ws/src/isaac_ros_dnn_inference/test/models/dope_ketchup_pol) by extensions ['ignore', 'ignore_ament_install']
[0.390s] Level 1:colcon.colcon_core.package_identification:_identify(isaac_ros_ws/src/isaac_ros_dnn_inference/test/models/dope_ketchup_pol) by extension 'ignore'
[0.390s] Level 1:colcon.colcon_core.package_identification:_identify(isaac_ros_ws/src/isaac_ros_dnn_inference/test/models/dope_ketchup_pol) by extension 'ignore_ament_install'
[0.390s] Level 1:colcon.colcon_core.package_identification:_identify(isaac_ros_ws/src/isaac_ros_dnn_inference/test/models/dope_ketchup_pol) by extensions ['colcon_pkg']
[0.390s] Level 1:colcon.colcon_core.package_identification:_identify(isaac_ros_ws/src/isaac_ros_dnn_inference/test/models/dope_ketchup_pol) by extension 'colcon_pkg'
[0.390s] Level 1:colcon.colcon_core.package_identification:_identify(isaac_ros_ws/src/isaac_ros_dnn_inference/test/models/dope_ketchup_pol) by extensions ['colcon_meta']
[0.390s] Level 1:colcon.colcon_core.package_identification:_identify(isaac_ros_ws/src/isaac_ros_dnn_inference/test/models/dope_ketchup_pol) by extension 'colcon_meta'
[0.390s] Level 1:colcon.colcon_core.package_identification:_identify(isaac_ros_ws/src/isaac_ros_dnn_inference/test/models/dope_ketchup_pol) by extensions ['ros']
[0.390s] Level 1:colcon.colcon_core.package_identification:_identify(isaac_ros_ws/src/isaac_ros_dnn_inference/test/models/dope_ketchup_pol) by extension 'ros'
[0.390s] Level 1:colcon.colcon_core.package_identification:_identify(isaac_ros_ws/src/isaac_ros_dnn_inference/test/models/dope_ketchup_pol) by extensions ['cmake', 'python']
[0.390s] Level 1:colcon.colcon_core.package_identification:_identify(isaac_ros_ws/src/isaac_ros_dnn_inference/test/models/dope_ketchup_pol) by extension 'cmake'
[0.390s] Level 1:colcon.colcon_core.package_identification:_identify(isaac_ros_ws/src/isaac_ros_dnn_inference/test/models/dope_ketchup_pol) by extension 'python'
[0.390s] Level 1:colcon.colcon_core.package_identification:_identify(isaac_ros_ws/src/isaac_ros_dnn_inference/test/models/dope_ketchup_pol) by extensions ['python_setup_py']
[0.390s] Level 1:colcon.colcon_core.package_identification:_identify(isaac_ros_ws/src/isaac_ros_dnn_inference/test/models/dope_ketchup_pol) by extension 'python_setup_py'
[0.390s] Level 1:colcon.colcon_core.package_identification:_identify(isaac_ros_ws/src/isaac_ros_dnn_inference/test/models/dope_ketchup_pol/1) by extensions ['ignore', 'ignore_ament_install']
[0.390s] Level 1:colcon.colcon_core.package_identification:_identify(isaac_ros_ws/src/isaac_ros_dnn_inference/test/models/dope_ketchup_pol/1) by extension 'ignore'
[0.390s] Level 1:colcon.colcon_core.package_identification:_identify(isaac_ros_ws/src/isaac_ros_dnn_inference/test/models/dope_ketchup_pol/1) by extension 'ignore_ament_install'
[0.390s] Level 1:colcon.colcon_core.package_identification:_identify(isaac_ros_ws/src/isaac_ros_dnn_inference/test/models/dope_ketchup_pol/1) by extensions ['colcon_pkg']
[0.390s] Level 1:colcon.colcon_core.package_identification:_identify(isaac_ros_ws/src/isaac_ros_dnn_inference/test/models/dope_ketchup_pol/1) by extension 'colcon_pkg'
[0.390s] Level 1:colcon.colcon_core.package_identification:_identify(isaac_ros_ws/src/isaac_ros_dnn_inference/test/models/dope_ketchup_pol/1) by extensions ['colcon_meta']
[0.390s] Level 1:colcon.colcon_core.package_identification:_identify(isaac_ros_ws/src/isaac_ros_dnn_inference/test/models/dope_ketchup_pol/1) by extension 'colcon_meta'
[0.390s] Level 1:colcon.colcon_core.package_identification:_identify(isaac_ros_ws/src/isaac_ros_dnn_inference/test/models/dope_ketchup_pol/1) by extensions ['ros']
[0.391s] Level 1:colcon.colcon_core.package_identification:_identify(isaac_ros_ws/src/isaac_ros_dnn_inference/test/models/dope_ketchup_pol/1) by extension 'ros'
[0.391s] Level 1:colcon.colcon_core.package_identification:_identify(isaac_ros_ws/src/isaac_ros_dnn_inference/test/models/dope_ketchup_pol/1) by extensions ['cmake', 'python']
[0.391s] Level 1:colcon.colcon_core.package_identification:_identify(isaac_ros_ws/src/isaac_ros_dnn_inference/test/models/dope_ketchup_pol/1) by extension 'cmake'
[0.391s] Level 1:colcon.colcon_core.package_identification:_identify(isaac_ros_ws/src/isaac_ros_dnn_inference/test/models/dope_ketchup_pol/1) by extension 'python'
[0.391s] Level 1:colcon.colcon_core.package_identification:_identify(isaac_ros_ws/src/isaac_ros_dnn_inference/test/models/dope_ketchup_pol/1) by extensions ['python_setup_py']
[0.391s] Level 1:colcon.colcon_core.package_identification:_identify(isaac_ros_ws/src/isaac_ros_dnn_inference/test/models/dope_ketchup_pol/1) by extension 'python_setup_py'
[0.391s] Level 1:colcon.colcon_core.package_identification:_identify(isaac_ros_ws/src/isaac_ros_dnn_inference/test/models/mobilenetv2-1.0_triton_onnx) by extensions ['ignore', 'ignore_ament_install']
[0.391s] Level 1:colcon.colcon_core.package_identification:_identify(isaac_ros_ws/src/isaac_ros_dnn_inference/test/models/mobilenetv2-1.0_triton_onnx) by extension 'ignore'
[0.391s] Level 1:colcon.colcon_core.package_identification:_identify(isaac_ros_ws/src/isaac_ros_dnn_inference/test/models/mobilenetv2-1.0_triton_onnx) by extension 'ignore_ament_install'
[0.391s] Level 1:colcon.colcon_core.package_identification:_identify(isaac_ros_ws/src/isaac_ros_dnn_inference/test/models/mobilenetv2-1.0_triton_onnx) by extensions ['colcon_pkg']
[0.391s] Level 1:colcon.colcon_core.package_identification:_identify(isaac_ros_ws/src/isaac_ros_dnn_inference/test/models/mobilenetv2-1.0_triton_onnx) by extension 'colcon_pkg'
[0.391s] Level 1:colcon.colcon_core.package_identification:_identify(isaac_ros_ws/src/isaac_ros_dnn_inference/test/models/mobilenetv2-1.0_triton_onnx) by extensions ['colcon_meta']
[0.391s] Level 1:colcon.colcon_core.package_identification:_identify(isaac_ros_ws/src/isaac_ros_dnn_inference/test/models/mobilenetv2-1.0_triton_onnx) by extension 'colcon_meta'
[0.391s] Level 1:colcon.colcon_core.package_identification:_identify(isaac_ros_ws/src/isaac_ros_dnn_inference/test/models/mobilenetv2-1.0_triton_onnx) by extensions ['ros']
[0.391s] Level 1:colcon.colcon_core.package_identification:_identify(isaac_ros_ws/src/isaac_ros_dnn_inference/test/models/mobilenetv2-1.0_triton_onnx) by extension 'ros'
[0.391s] Level 1:colcon.colcon_core.package_identification:_identify(isaac_ros_ws/src/isaac_ros_dnn_inference/test/models/mobilenetv2-1.0_triton_onnx) by extensions ['cmake', 'python']
[0.391s] Level 1:colcon.colcon_core.package_identification:_identify(isaac_ros_ws/src/isaac_ros_dnn_inference/test/models/mobilenetv2-1.0_triton_onnx) by extension 'cmake'
[0.391s] Level 1:colcon.colcon_core.package_identification:_identify(isaac_ros_ws/src/isaac_ros_dnn_inference/test/models/mobilenetv2-1.0_triton_onnx) by extension 'python'
[0.391s] Level 1:colcon.colcon_core.package_identification:_identify(isaac_ros_ws/src/isaac_ros_dnn_inference/test/models/mobilenetv2-1.0_triton_onnx) by extensions ['python_setup_py']
[0.391s] Level 1:colcon.colcon_core.package_identification:_identify(isaac_ros_ws/src/isaac_ros_dnn_inference/test/models/mobilenetv2-1.0_triton_onnx) by extension 'python_setup_py'
[0.391s] Level 1:colcon.colcon_core.package_identification:_identify(isaac_ros_ws/src/isaac_ros_dnn_inference/test/models/mobilenetv2-1.0_triton_onnx/1) by extensions ['ignore', 'ignore_ament_install']
[0.391s] Level 1:colcon.colcon_core.package_identification:_identify(isaac_ros_ws/src/isaac_ros_dnn_inference/test/models/mobilenetv2-1.0_triton_onnx/1) by extension 'ignore'
[0.391s] Level 1:colcon.colcon_core.package_identification:_identify(isaac_ros_ws/src/isaac_ros_dnn_inference/test/models/mobilenetv2-1.0_triton_onnx/1) by extension 'ignore_ament_install'
[0.391s] Level 1:colcon.colcon_core.package_identification:_identify(isaac_ros_ws/src/isaac_ros_dnn_inference/test/models/mobilenetv2-1.0_triton_onnx/1) by extensions ['colcon_pkg']
[0.391s] Level 1:colcon.colcon_core.package_identification:_identify(isaac_ros_ws/src/isaac_ros_dnn_inference/test/models/mobilenetv2-1.0_triton_onnx/1) by extension 'colcon_pkg'
[0.391s] Level 1:colcon.colcon_core.package_identification:_identify(isaac_ros_ws/src/isaac_ros_dnn_inference/test/models/mobilenetv2-1.0_triton_onnx/1) by extensions ['colcon_meta']
[0.391s] Level 1:colcon.colcon_core.package_identification:_identify(isaac_ros_ws/src/isaac_ros_dnn_inference/test/models/mobilenetv2-1.0_triton_onnx/1) by extension 'colcon_meta'
[0.391s] Level 1:colcon.colcon_core.package_identification:_identify(isaac_ros_ws/src/isaac_ros_dnn_inference/test/models/mobilenetv2-1.0_triton_onnx/1) by extensions ['ros']
[0.391s] Level 1:colcon.colcon_core.package_identification:_identify(isaac_ros_ws/src/isaac_ros_dnn_inference/test/models/mobilenetv2-1.0_triton_onnx/1) by extension 'ros'
[0.391s] Level 1:colcon.colcon_core.package_identification:_identify(isaac_ros_ws/src/isaac_ros_dnn_inference/test/models/mobilenetv2-1.0_triton_onnx/1) by extensions ['cmake', 'python']
[0.391s] Level 1:colcon.colcon_core.package_identification:_identify(isaac_ros_ws/src/isaac_ros_dnn_inference/test/models/mobilenetv2-1.0_triton_onnx/1) by extension 'cmake'
[0.391s] Level 1:colcon.colcon_core.package_identification:_identify(isaac_ros_ws/src/isaac_ros_dnn_inference/test/models/mobilenetv2-1.0_triton_onnx/1) by extension 'python'
[0.391s] Level 1:colcon.colcon_core.package_identification:_identify(isaac_ros_ws/src/isaac_ros_dnn_inference/test/models/mobilenetv2-1.0_triton_onnx/1) by extensions ['python_setup_py']
[0.391s] Level 1:colcon.colcon_core.package_identification:_identify(isaac_ros_ws/src/isaac_ros_dnn_inference/test/models/mobilenetv2-1.0_triton_onnx/1) by extension 'python_setup_py'
[0.391s] Level 1:colcon.colcon_core.package_identification:_identify(isaac_ros_ws/src/isaac_ros_dnn_inference/test/models/simple_triton_tf) by extensions ['ignore', 'ignore_ament_install']
[0.391s] Level 1:colcon.colcon_core.package_identification:_identify(isaac_ros_ws/src/isaac_ros_dnn_inference/test/models/simple_triton_tf) by extension 'ignore'
[0.391s] Level 1:colcon.colcon_core.package_identification:_identify(isaac_ros_ws/src/isaac_ros_dnn_inference/test/models/simple_triton_tf) by extension 'ignore_ament_install'
[0.392s] Level 1:colcon.colcon_core.package_identification:_identify(isaac_ros_ws/src/isaac_ros_dnn_inference/test/models/simple_triton_tf) by extensions ['colcon_pkg']
[0.392s] Level 1:colcon.colcon_core.package_identification:_identify(isaac_ros_ws/src/isaac_ros_dnn_inference/test/models/simple_triton_tf) by extension 'colcon_pkg'
[0.392s] Level 1:colcon.colcon_core.package_identification:_identify(isaac_ros_ws/src/isaac_ros_dnn_inference/test/models/simple_triton_tf) by extensions ['colcon_meta']
[0.392s] Level 1:colcon.colcon_core.package_identification:_identify(isaac_ros_ws/src/isaac_ros_dnn_inference/test/models/simple_triton_tf) by extension 'colcon_meta'
[0.392s] Level 1:colcon.colcon_core.package_identification:_identify(isaac_ros_ws/src/isaac_ros_dnn_inference/test/models/simple_triton_tf) by extensions ['ros']
[0.392s] Level 1:colcon.colcon_core.package_identification:_identify(isaac_ros_ws/src/isaac_ros_dnn_inference/test/models/simple_triton_tf) by extension 'ros'
[0.392s] Level 1:colcon.colcon_core.package_identification:_identify(isaac_ros_ws/src/isaac_ros_dnn_inference/test/models/simple_triton_tf) by extensions ['cmake', 'python']
[0.392s] Level 1:colcon.colcon_core.package_identification:_identify(isaac_ros_ws/src/isaac_ros_dnn_inference/test/models/simple_triton_tf) by extension 'cmake'
[0.392s] Level 1:colcon.colcon_core.package_identification:_identify(isaac_ros_ws/src/isaac_ros_dnn_inference/test/models/simple_triton_tf) by extension 'python'
[0.392s] Level 1:colcon.colcon_core.package_identification:_identify(isaac_ros_ws/src/isaac_ros_dnn_inference/test/models/simple_triton_tf) by extensions ['python_setup_py']
[0.392s] Level 1:colcon.colcon_core.package_identification:_identify(isaac_ros_ws/src/isaac_ros_dnn_inference/test/models/simple_triton_tf) by extension 'python_setup_py'
[0.392s] Level 1:colcon.colcon_core.package_identification:_identify(isaac_ros_ws/src/isaac_ros_dnn_inference/test/models/simple_triton_tf/1) by extensions ['ignore', 'ignore_ament_install']
[0.392s] Level 1:colcon.colcon_core.package_identification:_identify(isaac_ros_ws/src/isaac_ros_dnn_inference/test/models/simple_triton_tf/1) by extension 'ignore'
[0.392s] Level 1:colcon.colcon_core.package_identification:_identify(isaac_ros_ws/src/isaac_ros_dnn_inference/test/models/simple_triton_tf/1) by extension 'ignore_ament_install'
[0.392s] Level 1:colcon.colcon_core.package_identification:_identify(isaac_ros_ws/src/isaac_ros_dnn_inference/test/models/simple_triton_tf/1) by extensions ['colcon_pkg']
[0.392s] Level 1:colcon.colcon_core.package_identification:_identify(isaac_ros_ws/src/isaac_ros_dnn_inference/test/models/simple_triton_tf/1) by extension 'colcon_pkg'
[0.392s] Level 1:colcon.colcon_core.package_identification:_identify(isaac_ros_ws/src/isaac_ros_dnn_inference/test/models/simple_triton_tf/1) by extensions ['colcon_meta']
[0.392s] Level 1:colcon.colcon_core.package_identification:_identify(isaac_ros_ws/src/isaac_ros_dnn_inference/test/models/simple_triton_tf/1) by extension 'colcon_meta'
[0.392s] Level 1:colcon.colcon_core.package_identification:_identify(isaac_ros_ws/src/isaac_ros_dnn_inference/test/models/simple_triton_tf/1) by extensions ['ros']
[0.392s] Level 1:colcon.colcon_core.package_identification:_identify(isaac_ros_ws/src/isaac_ros_dnn_inference/test/models/simple_triton_tf/1) by extension 'ros'
[0.392s] Level 1:colcon.colcon_core.package_identification:_identify(isaac_ros_ws/src/isaac_ros_dnn_inference/test/models/simple_triton_tf/1) by extensions ['cmake', 'python']
[0.392s] Level 1:colcon.colcon_core.package_identification:_identify(isaac_ros_ws/src/isaac_ros_dnn_inference/test/models/simple_triton_tf/1) by extension 'cmake'
[0.392s] Level 1:colcon.colcon_core.package_identification:_identify(isaac_ros_ws/src/isaac_ros_dnn_inference/test/models/simple_triton_tf/1) by extension 'python'
[0.392s] Level 1:colcon.colcon_core.package_identification:_identify(isaac_ros_ws/src/isaac_ros_dnn_inference/test/models/simple_triton_tf/1) by extensions ['python_setup_py']
[0.392s] Level 1:colcon.colcon_core.package_identification:_identify(isaac_ros_ws/src/isaac_ros_dnn_inference/test/models/simple_triton_tf/1) by extension 'python_setup_py'
[0.392s] Level 1:colcon.colcon_core.package_identification:_identify(isaac_ros_ws/src/isaac_ros_image_pipeline) by extensions ['ignore', 'ignore_ament_install']
[0.392s] Level 1:colcon.colcon_core.package_identification:_identify(isaac_ros_ws/src/isaac_ros_image_pipeline) by extension 'ignore'
[0.392s] Level 1:colcon.colcon_core.package_identification:_identify(isaac_ros_ws/src/isaac_ros_image_pipeline) by extension 'ignore_ament_install'
[0.392s] Level 1:colcon.colcon_core.package_identification:_identify(isaac_ros_ws/src/isaac_ros_image_pipeline) by extensions ['colcon_pkg']
[0.392s] Level 1:colcon.colcon_core.package_identification:_identify(isaac_ros_ws/src/isaac_ros_image_pipeline) by extension 'colcon_pkg'
[0.392s] Level 1:colcon.colcon_core.package_identification:_identify(isaac_ros_ws/src/isaac_ros_image_pipeline) by extensions ['colcon_meta']
[0.392s] Level 1:colcon.colcon_core.package_identification:_identify(isaac_ros_ws/src/isaac_ros_image_pipeline) by extension 'colcon_meta'
[0.392s] Level 1:colcon.colcon_core.package_identification:_identify(isaac_ros_ws/src/isaac_ros_image_pipeline) by extensions ['ros']
[0.392s] Level 1:colcon.colcon_core.package_identification:_identify(isaac_ros_ws/src/isaac_ros_image_pipeline) by extension 'ros'
[0.392s] Level 1:colcon.colcon_core.package_identification:_identify(isaac_ros_ws/src/isaac_ros_image_pipeline) by extensions ['cmake', 'python']
[0.392s] Level 1:colcon.colcon_core.package_identification:_identify(isaac_ros_ws/src/isaac_ros_image_pipeline) by extension 'cmake'
[0.392s] Level 1:colcon.colcon_core.package_identification:_identify(isaac_ros_ws/src/isaac_ros_image_pipeline) by extension 'python'
[0.392s] Level 1:colcon.colcon_core.package_identification:_identify(isaac_ros_ws/src/isaac_ros_image_pipeline) by extensions ['python_setup_py']
[0.392s] Level 1:colcon.colcon_core.package_identification:_identify(isaac_ros_ws/src/isaac_ros_image_pipeline) by extension 'python_setup_py'
[0.392s] Level 1:colcon.colcon_core.package_identification:_identify(isaac_ros_ws/src/isaac_ros_image_pipeline/isaac_ros_depth_image_proc) by extensions ['ignore', 'ignore_ament_install']
[0.393s] Level 1:colcon.colcon_core.package_identification:_identify(isaac_ros_ws/src/isaac_ros_image_pipeline/isaac_ros_depth_image_proc) by extension 'ignore'
[0.393s] Level 1:colcon.colcon_core.package_identification:_identify(isaac_ros_ws/src/isaac_ros_image_pipeline/isaac_ros_depth_image_proc) by extension 'ignore_ament_install'
[0.393s] Level 1:colcon.colcon_core.package_identification:_identify(isaac_ros_ws/src/isaac_ros_image_pipeline/isaac_ros_depth_image_proc) by extensions ['colcon_pkg']
[0.393s] Level 1:colcon.colcon_core.package_identification:_identify(isaac_ros_ws/src/isaac_ros_image_pipeline/isaac_ros_depth_image_proc) by extension 'colcon_pkg'
[0.393s] Level 1:colcon.colcon_core.package_identification:_identify(isaac_ros_ws/src/isaac_ros_image_pipeline/isaac_ros_depth_image_proc) by extensions ['colcon_meta']
[0.393s] Level 1:colcon.colcon_core.package_identification:_identify(isaac_ros_ws/src/isaac_ros_image_pipeline/isaac_ros_depth_image_proc) by extension 'colcon_meta'
[0.393s] Level 1:colcon.colcon_core.package_identification:_identify(isaac_ros_ws/src/isaac_ros_image_pipeline/isaac_ros_depth_image_proc) by extensions ['ros']
[0.393s] Level 1:colcon.colcon_core.package_identification:_identify(isaac_ros_ws/src/isaac_ros_image_pipeline/isaac_ros_depth_image_proc) by extension 'ros'
[0.394s] DEBUG:colcon.colcon_core.package_identification:Package 'isaac_ros_ws/src/isaac_ros_image_pipeline/isaac_ros_depth_image_proc' with type 'ros.ament_cmake' and name 'isaac_ros_depth_image_proc'
[0.394s] Level 1:colcon.colcon_core.package_identification:_identify(isaac_ros_ws/src/isaac_ros_image_pipeline/isaac_ros_gxf_extensions) by extensions ['ignore', 'ignore_ament_install']
[0.394s] Level 1:colcon.colcon_core.package_identification:_identify(isaac_ros_ws/src/isaac_ros_image_pipeline/isaac_ros_gxf_extensions) by extension 'ignore'
[0.394s] Level 1:colcon.colcon_core.package_identification:_identify(isaac_ros_ws/src/isaac_ros_image_pipeline/isaac_ros_gxf_extensions) by extension 'ignore_ament_install'
[0.394s] Level 1:colcon.colcon_core.package_identification:_identify(isaac_ros_ws/src/isaac_ros_image_pipeline/isaac_ros_gxf_extensions) by extensions ['colcon_pkg']
[0.394s] Level 1:colcon.colcon_core.package_identification:_identify(isaac_ros_ws/src/isaac_ros_image_pipeline/isaac_ros_gxf_extensions) by extension 'colcon_pkg'
[0.394s] Level 1:colcon.colcon_core.package_identification:_identify(isaac_ros_ws/src/isaac_ros_image_pipeline/isaac_ros_gxf_extensions) by extensions ['colcon_meta']
[0.394s] Level 1:colcon.colcon_core.package_identification:_identify(isaac_ros_ws/src/isaac_ros_image_pipeline/isaac_ros_gxf_extensions) by extension 'colcon_meta'
[0.394s] Level 1:colcon.colcon_core.package_identification:_identify(isaac_ros_ws/src/isaac_ros_image_pipeline/isaac_ros_gxf_extensions) by extensions ['ros']
[0.394s] Level 1:colcon.colcon_core.package_identification:_identify(isaac_ros_ws/src/isaac_ros_image_pipeline/isaac_ros_gxf_extensions) by extension 'ros'
[0.394s] Level 1:colcon.colcon_core.package_identification:_identify(isaac_ros_ws/src/isaac_ros_image_pipeline/isaac_ros_gxf_extensions) by extensions ['cmake', 'python']
[0.394s] Level 1:colcon.colcon_core.package_identification:_identify(isaac_ros_ws/src/isaac_ros_image_pipeline/isaac_ros_gxf_extensions) by extension 'cmake'
[0.394s] Level 1:colcon.colcon_core.package_identification:_identify(isaac_ros_ws/src/isaac_ros_image_pipeline/isaac_ros_gxf_extensions) by extension 'python'
[0.394s] Level 1:colcon.colcon_core.package_identification:_identify(isaac_ros_ws/src/isaac_ros_image_pipeline/isaac_ros_gxf_extensions) by extensions ['python_setup_py']
[0.394s] Level 1:colcon.colcon_core.package_identification:_identify(isaac_ros_ws/src/isaac_ros_image_pipeline/isaac_ros_gxf_extensions) by extension 'python_setup_py'
[0.394s] Level 1:colcon.colcon_core.package_identification:_identify(isaac_ros_ws/src/isaac_ros_image_pipeline/isaac_ros_gxf_extensions/gxf_isaac_depth_image_proc) by extensions ['ignore', 'ignore_ament_install']
[0.394s] Level 1:colcon.colcon_core.package_identification:_identify(isaac_ros_ws/src/isaac_ros_image_pipeline/isaac_ros_gxf_extensions/gxf_isaac_depth_image_proc) by extension 'ignore'
[0.394s] Level 1:colcon.colcon_core.package_identification:_identify(isaac_ros_ws/src/isaac_ros_image_pipeline/isaac_ros_gxf_extensions/gxf_isaac_depth_image_proc) by extension 'ignore_ament_install'
[0.394s] Level 1:colcon.colcon_core.package_identification:_identify(isaac_ros_ws/src/isaac_ros_image_pipeline/isaac_ros_gxf_extensions/gxf_isaac_depth_image_proc) by extensions ['colcon_pkg']
[0.394s] Level 1:colcon.colcon_core.package_identification:_identify(isaac_ros_ws/src/isaac_ros_image_pipeline/isaac_ros_gxf_extensions/gxf_isaac_depth_image_proc) by extension 'colcon_pkg'
[0.394s] Level 1:colcon.colcon_core.package_identification:_identify(isaac_ros_ws/src/isaac_ros_image_pipeline/isaac_ros_gxf_extensions/gxf_isaac_depth_image_proc) by extensions ['colcon_meta']
[0.394s] Level 1:colcon.colcon_core.package_identification:_identify(isaac_ros_ws/src/isaac_ros_image_pipeline/isaac_ros_gxf_extensions/gxf_isaac_depth_image_proc) by extension 'colcon_meta'
[0.394s] Level 1:colcon.colcon_core.package_identification:_identify(isaac_ros_ws/src/isaac_ros_image_pipeline/isaac_ros_gxf_extensions/gxf_isaac_depth_image_proc) by extensions ['ros']
[0.394s] Level 1:colcon.colcon_core.package_identification:_identify(isaac_ros_ws/src/isaac_ros_image_pipeline/isaac_ros_gxf_extensions/gxf_isaac_depth_image_proc) by extension 'ros'
[0.395s] DEBUG:colcon.colcon_core.package_identification:Package 'isaac_ros_ws/src/isaac_ros_image_pipeline/isaac_ros_gxf_extensions/gxf_isaac_depth_image_proc' with type 'ros.ament_cmake' and name 'gxf_isaac_depth_image_proc'
[0.395s] Level 1:colcon.colcon_core.package_identification:_identify(isaac_ros_ws/src/isaac_ros_image_pipeline/isaac_ros_gxf_extensions/gxf_isaac_image_flip) by extensions ['ignore', 'ignore_ament_install']
[0.395s] Level 1:colcon.colcon_core.package_identification:_identify(isaac_ros_ws/src/isaac_ros_image_pipeline/isaac_ros_gxf_extensions/gxf_isaac_image_flip) by extension 'ignore'
[0.395s] Level 1:colcon.colcon_core.package_identification:_identify(isaac_ros_ws/src/isaac_ros_image_pipeline/isaac_ros_gxf_extensions/gxf_isaac_image_flip) by extension 'ignore_ament_install'
[0.395s] Level 1:colcon.colcon_core.package_identification:_identify(isaac_ros_ws/src/isaac_ros_image_pipeline/isaac_ros_gxf_extensions/gxf_isaac_image_flip) by extensions ['colcon_pkg']
[0.395s] Level 1:colcon.colcon_core.package_identification:_identify(isaac_ros_ws/src/isaac_ros_image_pipeline/isaac_ros_gxf_extensions/gxf_isaac_image_flip) by extension 'colcon_pkg'
[0.395s] Level 1:colcon.colcon_core.package_identification:_identify(isaac_ros_ws/src/isaac_ros_image_pipeline/isaac_ros_gxf_extensions/gxf_isaac_image_flip) by extensions ['colcon_meta']
[0.395s] Level 1:colcon.colcon_core.package_identification:_identify(isaac_ros_ws/src/isaac_ros_image_pipeline/isaac_ros_gxf_extensions/gxf_isaac_image_flip) by extension 'colcon_meta'
[0.395s] Level 1:colcon.colcon_core.package_identification:_identify(isaac_ros_ws/src/isaac_ros_image_pipeline/isaac_ros_gxf_extensions/gxf_isaac_image_flip) by extensions ['ros']
[0.395s] Level 1:colcon.colcon_core.package_identification:_identify(isaac_ros_ws/src/isaac_ros_image_pipeline/isaac_ros_gxf_extensions/gxf_isaac_image_flip) by extension 'ros'
[0.396s] DEBUG:colcon.colcon_core.package_identification:Package 'isaac_ros_ws/src/isaac_ros_image_pipeline/isaac_ros_gxf_extensions/gxf_isaac_image_flip' with type 'ros.ament_cmake' and name 'gxf_isaac_image_flip'
[0.396s] Level 1:colcon.colcon_core.package_identification:_identify(isaac_ros_ws/src/isaac_ros_image_pipeline/isaac_ros_gxf_extensions/gxf_isaac_rectify) by extensions ['ignore', 'ignore_ament_install']
[0.396s] Level 1:colcon.colcon_core.package_identification:_identify(isaac_ros_ws/src/isaac_ros_image_pipeline/isaac_ros_gxf_extensions/gxf_isaac_rectify) by extension 'ignore'
[0.396s] Level 1:colcon.colcon_core.package_identification:_identify(isaac_ros_ws/src/isaac_ros_image_pipeline/isaac_ros_gxf_extensions/gxf_isaac_rectify) by extension 'ignore_ament_install'
[0.396s] Level 1:colcon.colcon_core.package_identification:_identify(isaac_ros_ws/src/isaac_ros_image_pipeline/isaac_ros_gxf_extensions/gxf_isaac_rectify) by extensions ['colcon_pkg']
[0.396s] Level 1:colcon.colcon_core.package_identification:_identify(isaac_ros_ws/src/isaac_ros_image_pipeline/isaac_ros_gxf_extensions/gxf_isaac_rectify) by extension 'colcon_pkg'
[0.396s] Level 1:colcon.colcon_core.package_identification:_identify(isaac_ros_ws/src/isaac_ros_image_pipeline/isaac_ros_gxf_extensions/gxf_isaac_rectify) by extensions ['colcon_meta']
[0.396s] Level 1:colcon.colcon_core.package_identification:_identify(isaac_ros_ws/src/isaac_ros_image_pipeline/isaac_ros_gxf_extensions/gxf_isaac_rectify) by extension 'colcon_meta'
[0.396s] Level 1:colcon.colcon_core.package_identification:_identify(isaac_ros_ws/src/isaac_ros_image_pipeline/isaac_ros_gxf_extensions/gxf_isaac_rectify) by extensions ['ros']
[0.396s] Level 1:colcon.colcon_core.package_identification:_identify(isaac_ros_ws/src/isaac_ros_image_pipeline/isaac_ros_gxf_extensions/gxf_isaac_rectify) by extension 'ros'
[0.396s] DEBUG:colcon.colcon_core.package_identification:Package 'isaac_ros_ws/src/isaac_ros_image_pipeline/isaac_ros_gxf_extensions/gxf_isaac_rectify' with type 'ros.ament_cmake' and name 'gxf_isaac_rectify'
[0.397s] Level 1:colcon.colcon_core.package_identification:_identify(isaac_ros_ws/src/isaac_ros_image_pipeline/isaac_ros_gxf_extensions/gxf_isaac_sgm) by extensions ['ignore', 'ignore_ament_install']
[0.397s] Level 1:colcon.colcon_core.package_identification:_identify(isaac_ros_ws/src/isaac_ros_image_pipeline/isaac_ros_gxf_extensions/gxf_isaac_sgm) by extension 'ignore'
[0.397s] Level 1:colcon.colcon_core.package_identification:_identify(isaac_ros_ws/src/isaac_ros_image_pipeline/isaac_ros_gxf_extensions/gxf_isaac_sgm) by extension 'ignore_ament_install'
[0.397s] Level 1:colcon.colcon_core.package_identification:_identify(isaac_ros_ws/src/isaac_ros_image_pipeline/isaac_ros_gxf_extensions/gxf_isaac_sgm) by extensions ['colcon_pkg']
[0.397s] Level 1:colcon.colcon_core.package_identification:_identify(isaac_ros_ws/src/isaac_ros_image_pipeline/isaac_ros_gxf_extensions/gxf_isaac_sgm) by extension 'colcon_pkg'
[0.397s] Level 1:colcon.colcon_core.package_identification:_identify(isaac_ros_ws/src/isaac_ros_image_pipeline/isaac_ros_gxf_extensions/gxf_isaac_sgm) by extensions ['colcon_meta']
[0.397s] Level 1:colcon.colcon_core.package_identification:_identify(isaac_ros_ws/src/isaac_ros_image_pipeline/isaac_ros_gxf_extensions/gxf_isaac_sgm) by extension 'colcon_meta'
[0.397s] Level 1:colcon.colcon_core.package_identification:_identify(isaac_ros_ws/src/isaac_ros_image_pipeline/isaac_ros_gxf_extensions/gxf_isaac_sgm) by extensions ['ros']
[0.397s] Level 1:colcon.colcon_core.package_identification:_identify(isaac_ros_ws/src/isaac_ros_image_pipeline/isaac_ros_gxf_extensions/gxf_isaac_sgm) by extension 'ros'
[0.397s] DEBUG:colcon.colcon_core.package_identification:Package 'isaac_ros_ws/src/isaac_ros_image_pipeline/isaac_ros_gxf_extensions/gxf_isaac_sgm' with type 'ros.ament_cmake' and name 'gxf_isaac_sgm'
[0.397s] Level 1:colcon.colcon_core.package_identification:_identify(isaac_ros_ws/src/isaac_ros_image_pipeline/isaac_ros_gxf_extensions/gxf_isaac_tensorops) by extensions ['ignore', 'ignore_ament_install']
[0.397s] Level 1:colcon.colcon_core.package_identification:_identify(isaac_ros_ws/src/isaac_ros_image_pipeline/isaac_ros_gxf_extensions/gxf_isaac_tensorops) by extension 'ignore'
[0.397s] Level 1:colcon.colcon_core.package_identification:_identify(isaac_ros_ws/src/isaac_ros_image_pipeline/isaac_ros_gxf_extensions/gxf_isaac_tensorops) by extension 'ignore_ament_install'
[0.397s] Level 1:colcon.colcon_core.package_identification:_identify(isaac_ros_ws/src/isaac_ros_image_pipeline/isaac_ros_gxf_extensions/gxf_isaac_tensorops) by extensions ['colcon_pkg']
[0.397s] Level 1:colcon.colcon_core.package_identification:_identify(isaac_ros_ws/src/isaac_ros_image_pipeline/isaac_ros_gxf_extensions/gxf_isaac_tensorops) by extension 'colcon_pkg'
[0.397s] Level 1:colcon.colcon_core.package_identification:_identify(isaac_ros_ws/src/isaac_ros_image_pipeline/isaac_ros_gxf_extensions/gxf_isaac_tensorops) by extensions ['colcon_meta']
[0.398s] Level 1:colcon.colcon_core.package_identification:_identify(isaac_ros_ws/src/isaac_ros_image_pipeline/isaac_ros_gxf_extensions/gxf_isaac_tensorops) by extension 'colcon_meta'
[0.398s] Level 1:colcon.colcon_core.package_identification:_identify(isaac_ros_ws/src/isaac_ros_image_pipeline/isaac_ros_gxf_extensions/gxf_isaac_tensorops) by extensions ['ros']
[0.398s] Level 1:colcon.colcon_core.package_identification:_identify(isaac_ros_ws/src/isaac_ros_image_pipeline/isaac_ros_gxf_extensions/gxf_isaac_tensorops) by extension 'ros'
[0.398s] DEBUG:colcon.colcon_core.package_identification:Package 'isaac_ros_ws/src/isaac_ros_image_pipeline/isaac_ros_gxf_extensions/gxf_isaac_tensorops' with type 'ros.ament_cmake' and name 'gxf_isaac_tensorops'
[0.398s] Level 1:colcon.colcon_core.package_identification:_identify(isaac_ros_ws/src/isaac_ros_image_pipeline/isaac_ros_image_pipeline) by extensions ['ignore', 'ignore_ament_install']
[0.398s] Level 1:colcon.colcon_core.package_identification:_identify(isaac_ros_ws/src/isaac_ros_image_pipeline/isaac_ros_image_pipeline) by extension 'ignore'
[0.398s] Level 1:colcon.colcon_core.package_identification:_identify(isaac_ros_ws/src/isaac_ros_image_pipeline/isaac_ros_image_pipeline) by extension 'ignore_ament_install'
[0.398s] Level 1:colcon.colcon_core.package_identification:_identify(isaac_ros_ws/src/isaac_ros_image_pipeline/isaac_ros_image_pipeline) by extensions ['colcon_pkg']
[0.398s] Level 1:colcon.colcon_core.package_identification:_identify(isaac_ros_ws/src/isaac_ros_image_pipeline/isaac_ros_image_pipeline) by extension 'colcon_pkg'
[0.398s] Level 1:colcon.colcon_core.package_identification:_identify(isaac_ros_ws/src/isaac_ros_image_pipeline/isaac_ros_image_pipeline) by extensions ['colcon_meta']
[0.398s] Level 1:colcon.colcon_core.package_identification:_identify(isaac_ros_ws/src/isaac_ros_image_pipeline/isaac_ros_image_pipeline) by extension 'colcon_meta'
[0.398s] Level 1:colcon.colcon_core.package_identification:_identify(isaac_ros_ws/src/isaac_ros_image_pipeline/isaac_ros_image_pipeline) by extensions ['ros']
[0.398s] Level 1:colcon.colcon_core.package_identification:_identify(isaac_ros_ws/src/isaac_ros_image_pipeline/isaac_ros_image_pipeline) by extension 'ros'
[0.399s] DEBUG:colcon.colcon_core.package_identification:Package 'isaac_ros_ws/src/isaac_ros_image_pipeline/isaac_ros_image_pipeline' with type 'ros.ament_cmake' and name 'isaac_ros_image_pipeline'
[0.399s] Level 1:colcon.colcon_core.package_identification:_identify(isaac_ros_ws/src/isaac_ros_image_pipeline/isaac_ros_image_proc) by extensions ['ignore', 'ignore_ament_install']
[0.399s] Level 1:colcon.colcon_core.package_identification:_identify(isaac_ros_ws/src/isaac_ros_image_pipeline/isaac_ros_image_proc) by extension 'ignore'
[0.399s] Level 1:colcon.colcon_core.package_identification:_identify(isaac_ros_ws/src/isaac_ros_image_pipeline/isaac_ros_image_proc) by extension 'ignore_ament_install'
[0.399s] Level 1:colcon.colcon_core.package_identification:_identify(isaac_ros_ws/src/isaac_ros_image_pipeline/isaac_ros_image_proc) by extensions ['colcon_pkg']
[0.399s] Level 1:colcon.colcon_core.package_identification:_identify(isaac_ros_ws/src/isaac_ros_image_pipeline/isaac_ros_image_proc) by extension 'colcon_pkg'
[0.399s] Level 1:colcon.colcon_core.package_identification:_identify(isaac_ros_ws/src/isaac_ros_image_pipeline/isaac_ros_image_proc) by extensions ['colcon_meta']
[0.399s] Level 1:colcon.colcon_core.package_identification:_identify(isaac_ros_ws/src/isaac_ros_image_pipeline/isaac_ros_image_proc) by extension 'colcon_meta'
[0.399s] Level 1:colcon.colcon_core.package_identification:_identify(isaac_ros_ws/src/isaac_ros_image_pipeline/isaac_ros_image_proc) by extensions ['ros']
[0.399s] Level 1:colcon.colcon_core.package_identification:_identify(isaac_ros_ws/src/isaac_ros_image_pipeline/isaac_ros_image_proc) by extension 'ros'
[0.400s] DEBUG:colcon.colcon_core.package_identification:Package 'isaac_ros_ws/src/isaac_ros_image_pipeline/isaac_ros_image_proc' with type 'ros.ament_cmake' and name 'isaac_ros_image_proc'
[0.400s] Level 1:colcon.colcon_core.package_identification:_identify(isaac_ros_ws/src/isaac_ros_image_pipeline/isaac_ros_stereo_image_proc) by extensions ['ignore', 'ignore_ament_install']
[0.400s] Level 1:colcon.colcon_core.package_identification:_identify(isaac_ros_ws/src/isaac_ros_image_pipeline/isaac_ros_stereo_image_proc) by extension 'ignore'
[0.400s] Level 1:colcon.colcon_core.package_identification:_identify(isaac_ros_ws/src/isaac_ros_image_pipeline/isaac_ros_stereo_image_proc) by extension 'ignore_ament_install'
[0.400s] Level 1:colcon.colcon_core.package_identification:_identify(isaac_ros_ws/src/isaac_ros_image_pipeline/isaac_ros_stereo_image_proc) by extensions ['colcon_pkg']
[0.400s] Level 1:colcon.colcon_core.package_identification:_identify(isaac_ros_ws/src/isaac_ros_image_pipeline/isaac_ros_stereo_image_proc) by extension 'colcon_pkg'
[0.400s] Level 1:colcon.colcon_core.package_identification:_identify(isaac_ros_ws/src/isaac_ros_image_pipeline/isaac_ros_stereo_image_proc) by extensions ['colcon_meta']
[0.400s] Level 1:colcon.colcon_core.package_identification:_identify(isaac_ros_ws/src/isaac_ros_image_pipeline/isaac_ros_stereo_image_proc) by extension 'colcon_meta'
[0.400s] Level 1:colcon.colcon_core.package_identification:_identify(isaac_ros_ws/src/isaac_ros_image_pipeline/isaac_ros_stereo_image_proc) by extensions ['ros']
[0.400s] Level 1:colcon.colcon_core.package_identification:_identify(isaac_ros_ws/src/isaac_ros_image_pipeline/isaac_ros_stereo_image_proc) by extension 'ros'
[0.402s] DEBUG:colcon.colcon_core.package_identification:Package 'isaac_ros_ws/src/isaac_ros_image_pipeline/isaac_ros_stereo_image_proc' with type 'ros.ament_cmake' and name 'isaac_ros_stereo_image_proc'
[0.402s] Level 1:colcon.colcon_core.package_identification:_identify(isaac_ros_ws/src/isaac_ros_nitros) by extensions ['ignore', 'ignore_ament_install']
[0.402s] Level 1:colcon.colcon_core.package_identification:_identify(isaac_ros_ws/src/isaac_ros_nitros) by extension 'ignore'
[0.402s] Level 1:colcon.colcon_core.package_identification:_identify(isaac_ros_ws/src/isaac_ros_nitros) by extension 'ignore_ament_install'
[0.402s] Level 1:colcon.colcon_core.package_identification:_identify(isaac_ros_ws/src/isaac_ros_nitros) by extensions ['colcon_pkg']
[0.402s] Level 1:colcon.colcon_core.package_identification:_identify(isaac_ros_ws/src/isaac_ros_nitros) by extension 'colcon_pkg'
[0.402s] Level 1:colcon.colcon_core.package_identification:_identify(isaac_ros_ws/src/isaac_ros_nitros) by extensions ['colcon_meta']
[0.402s] Level 1:colcon.colcon_core.package_identification:_identify(isaac_ros_ws/src/isaac_ros_nitros) by extension 'colcon_meta'
[0.402s] Level 1:colcon.colcon_core.package_identification:_identify(isaac_ros_ws/src/isaac_ros_nitros) by extensions ['ros']
[0.402s] Level 1:colcon.colcon_core.package_identification:_identify(isaac_ros_ws/src/isaac_ros_nitros) by extension 'ros'
[0.402s] Level 1:colcon.colcon_core.package_identification:_identify(isaac_ros_ws/src/isaac_ros_nitros) by extensions ['cmake', 'python']
[0.402s] Level 1:colcon.colcon_core.package_identification:_identify(isaac_ros_ws/src/isaac_ros_nitros) by extension 'cmake'
[0.402s] Level 1:colcon.colcon_core.package_identification:_identify(isaac_ros_ws/src/isaac_ros_nitros) by extension 'python'
[0.402s] Level 1:colcon.colcon_core.package_identification:_identify(isaac_ros_ws/src/isaac_ros_nitros) by extensions ['python_setup_py']
[0.402s] Level 1:colcon.colcon_core.package_identification:_identify(isaac_ros_ws/src/isaac_ros_nitros) by extension 'python_setup_py'
[0.402s] Level 1:colcon.colcon_core.package_identification:_identify(isaac_ros_ws/src/isaac_ros_nitros/isaac_ros_gxf) by extensions ['ignore', 'ignore_ament_install']
[0.402s] Level 1:colcon.colcon_core.package_identification:_identify(isaac_ros_ws/src/isaac_ros_nitros/isaac_ros_gxf) by extension 'ignore'
[0.402s] Level 1:colcon.colcon_core.package_identification:_identify(isaac_ros_ws/src/isaac_ros_nitros/isaac_ros_gxf) by extension 'ignore_ament_install'
[0.402s] Level 1:colcon.colcon_core.package_identification:_identify(isaac_ros_ws/src/isaac_ros_nitros/isaac_ros_gxf) by extensions ['colcon_pkg']
[0.402s] Level 1:colcon.colcon_core.package_identification:_identify(isaac_ros_ws/src/isaac_ros_nitros/isaac_ros_gxf) by extension 'colcon_pkg'
[0.402s] Level 1:colcon.colcon_core.package_identification:_identify(isaac_ros_ws/src/isaac_ros_nitros/isaac_ros_gxf) by extensions ['colcon_meta']
[0.402s] Level 1:colcon.colcon_core.package_identification:_identify(isaac_ros_ws/src/isaac_ros_nitros/isaac_ros_gxf) by extension 'colcon_meta'
[0.402s] Level 1:colcon.colcon_core.package_identification:_identify(isaac_ros_ws/src/isaac_ros_nitros/isaac_ros_gxf) by extensions ['ros']
[0.402s] Level 1:colcon.colcon_core.package_identification:_identify(isaac_ros_ws/src/isaac_ros_nitros/isaac_ros_gxf) by extension 'ros'
[0.403s] DEBUG:colcon.colcon_core.package_identification:Package 'isaac_ros_ws/src/isaac_ros_nitros/isaac_ros_gxf' with type 'ros.ament_cmake' and name 'isaac_ros_gxf'
[0.403s] Level 1:colcon.colcon_core.package_identification:_identify(isaac_ros_ws/src/isaac_ros_nitros/isaac_ros_gxf_extensions) by extensions ['ignore', 'ignore_ament_install']
[0.403s] Level 1:colcon.colcon_core.package_identification:_identify(isaac_ros_ws/src/isaac_ros_nitros/isaac_ros_gxf_extensions) by extension 'ignore'
[0.403s] Level 1:colcon.colcon_core.package_identification:_identify(isaac_ros_ws/src/isaac_ros_nitros/isaac_ros_gxf_extensions) by extension 'ignore_ament_install'
[0.403s] Level 1:colcon.colcon_core.package_identification:_identify(isaac_ros_ws/src/isaac_ros_nitros/isaac_ros_gxf_extensions) by extensions ['colcon_pkg']
[0.403s] Level 1:colcon.colcon_core.package_identification:_identify(isaac_ros_ws/src/isaac_ros_nitros/isaac_ros_gxf_extensions) by extension 'colcon_pkg'
[0.403s] Level 1:colcon.colcon_core.package_identification:_identify(isaac_ros_ws/src/isaac_ros_nitros/isaac_ros_gxf_extensions) by extensions ['colcon_meta']
[0.403s] Level 1:colcon.colcon_core.package_identification:_identify(isaac_ros_ws/src/isaac_ros_nitros/isaac_ros_gxf_extensions) by extension 'colcon_meta'
[0.403s] Level 1:colcon.colcon_core.package_identification:_identify(isaac_ros_ws/src/isaac_ros_nitros/isaac_ros_gxf_extensions) by extensions ['ros']
[0.403s] Level 1:colcon.colcon_core.package_identification:_identify(isaac_ros_ws/src/isaac_ros_nitros/isaac_ros_gxf_extensions) by extension 'ros'
[0.403s] Level 1:colcon.colcon_core.package_identification:_identify(isaac_ros_ws/src/isaac_ros_nitros/isaac_ros_gxf_extensions) by extensions ['cmake', 'python']
[0.403s] Level 1:colcon.colcon_core.package_identification:_identify(isaac_ros_ws/src/isaac_ros_nitros/isaac_ros_gxf_extensions) by extension 'cmake'
[0.403s] Level 1:colcon.colcon_core.package_identification:_identify(isaac_ros_ws/src/isaac_ros_nitros/isaac_ros_gxf_extensions) by extension 'python'
[0.403s] Level 1:colcon.colcon_core.package_identification:_identify(isaac_ros_ws/src/isaac_ros_nitros/isaac_ros_gxf_extensions) by extensions ['python_setup_py']
[0.403s] Level 1:colcon.colcon_core.package_identification:_identify(isaac_ros_ws/src/isaac_ros_nitros/isaac_ros_gxf_extensions) by extension 'python_setup_py'
[0.403s] Level 1:colcon.colcon_core.package_identification:_identify(isaac_ros_ws/src/isaac_ros_nitros/isaac_ros_gxf_extensions/gxf_isaac_argus) by extensions ['ignore', 'ignore_ament_install']
[0.403s] Level 1:colcon.colcon_core.package_identification:_identify(isaac_ros_ws/src/isaac_ros_nitros/isaac_ros_gxf_extensions/gxf_isaac_argus) by extension 'ignore'
[0.403s] Level 1:colcon.colcon_core.package_identification:_identify(isaac_ros_ws/src/isaac_ros_nitros/isaac_ros_gxf_extensions/gxf_isaac_argus) by extension 'ignore_ament_install'
[0.403s] Level 1:colcon.colcon_core.package_identification:_identify(isaac_ros_ws/src/isaac_ros_nitros/isaac_ros_gxf_extensions/gxf_isaac_argus) by extensions ['colcon_pkg']
[0.403s] Level 1:colcon.colcon_core.package_identification:_identify(isaac_ros_ws/src/isaac_ros_nitros/isaac_ros_gxf_extensions/gxf_isaac_argus) by extension 'colcon_pkg'
[0.403s] Level 1:colcon.colcon_core.package_identification:_identify(isaac_ros_ws/src/isaac_ros_nitros/isaac_ros_gxf_extensions/gxf_isaac_argus) by extensions ['colcon_meta']
[0.403s] Level 1:colcon.colcon_core.package_identification:_identify(isaac_ros_ws/src/isaac_ros_nitros/isaac_ros_gxf_extensions/gxf_isaac_argus) by extension 'colcon_meta'
[0.403s] Level 1:colcon.colcon_core.package_identification:_identify(isaac_ros_ws/src/isaac_ros_nitros/isaac_ros_gxf_extensions/gxf_isaac_argus) by extensions ['ros']
[0.403s] Level 1:colcon.colcon_core.package_identification:_identify(isaac_ros_ws/src/isaac_ros_nitros/isaac_ros_gxf_extensions/gxf_isaac_argus) by extension 'ros'
[0.404s] DEBUG:colcon.colcon_core.package_identification:Package 'isaac_ros_ws/src/isaac_ros_nitros/isaac_ros_gxf_extensions/gxf_isaac_argus' with type 'ros.ament_cmake' and name 'gxf_isaac_argus'
[0.404s] Level 1:colcon.colcon_core.package_identification:_identify(isaac_ros_ws/src/isaac_ros_nitros/isaac_ros_gxf_extensions/gxf_isaac_atlas) by extensions ['ignore', 'ignore_ament_install']
[0.404s] Level 1:colcon.colcon_core.package_identification:_identify(isaac_ros_ws/src/isaac_ros_nitros/isaac_ros_gxf_extensions/gxf_isaac_atlas) by extension 'ignore'
[0.404s] Level 1:colcon.colcon_core.package_identification:_identify(isaac_ros_ws/src/isaac_ros_nitros/isaac_ros_gxf_extensions/gxf_isaac_atlas) by extension 'ignore_ament_install'
[0.404s] Level 1:colcon.colcon_core.package_identification:_identify(isaac_ros_ws/src/isaac_ros_nitros/isaac_ros_gxf_extensions/gxf_isaac_atlas) by extensions ['colcon_pkg']
[0.404s] Level 1:colcon.colcon_core.package_identification:_identify(isaac_ros_ws/src/isaac_ros_nitros/isaac_ros_gxf_extensions/gxf_isaac_atlas) by extension 'colcon_pkg'
[0.404s] Level 1:colcon.colcon_core.package_identification:_identify(isaac_ros_ws/src/isaac_ros_nitros/isaac_ros_gxf_extensions/gxf_isaac_atlas) by extensions ['colcon_meta']
[0.404s] Level 1:colcon.colcon_core.package_identification:_identify(isaac_ros_ws/src/isaac_ros_nitros/isaac_ros_gxf_extensions/gxf_isaac_atlas) by extension 'colcon_meta'
[0.404s] Level 1:colcon.colcon_core.package_identification:_identify(isaac_ros_ws/src/isaac_ros_nitros/isaac_ros_gxf_extensions/gxf_isaac_atlas) by extensions ['ros']
[0.404s] Level 1:colcon.colcon_core.package_identification:_identify(isaac_ros_ws/src/isaac_ros_nitros/isaac_ros_gxf_extensions/gxf_isaac_atlas) by extension 'ros'
[0.405s] DEBUG:colcon.colcon_core.package_identification:Package 'isaac_ros_ws/src/isaac_ros_nitros/isaac_ros_gxf_extensions/gxf_isaac_atlas' with type 'ros.ament_cmake' and name 'gxf_isaac_atlas'
[0.405s] Level 1:colcon.colcon_core.package_identification:_identify(isaac_ros_ws/src/isaac_ros_nitros/isaac_ros_gxf_extensions/gxf_isaac_cuda) by extensions ['ignore', 'ignore_ament_install']
[0.405s] Level 1:colcon.colcon_core.package_identification:_identify(isaac_ros_ws/src/isaac_ros_nitros/isaac_ros_gxf_extensions/gxf_isaac_cuda) by extension 'ignore'
[0.405s] Level 1:colcon.colcon_core.package_identification:_identify(isaac_ros_ws/src/isaac_ros_nitros/isaac_ros_gxf_extensions/gxf_isaac_cuda) by extension 'ignore_ament_install'
[0.405s] Level 1:colcon.colcon_core.package_identification:_identify(isaac_ros_ws/src/isaac_ros_nitros/isaac_ros_gxf_extensions/gxf_isaac_cuda) by extensions ['colcon_pkg']
[0.405s] Level 1:colcon.colcon_core.package_identification:_identify(isaac_ros_ws/src/isaac_ros_nitros/isaac_ros_gxf_extensions/gxf_isaac_cuda) by extension 'colcon_pkg'
[0.405s] Level 1:colcon.colcon_core.package_identification:_identify(isaac_ros_ws/src/isaac_ros_nitros/isaac_ros_gxf_extensions/gxf_isaac_cuda) by extensions ['colcon_meta']
[0.405s] Level 1:colcon.colcon_core.package_identification:_identify(isaac_ros_ws/src/isaac_ros_nitros/isaac_ros_gxf_extensions/gxf_isaac_cuda) by extension 'colcon_meta'
[0.405s] Level 1:colcon.colcon_core.package_identification:_identify(isaac_ros_ws/src/isaac_ros_nitros/isaac_ros_gxf_extensions/gxf_isaac_cuda) by extensions ['ros']
[0.405s] Level 1:colcon.colcon_core.package_identification:_identify(isaac_ros_ws/src/isaac_ros_nitros/isaac_ros_gxf_extensions/gxf_isaac_cuda) by extension 'ros'
[0.406s] DEBUG:colcon.colcon_core.package_identification:Package 'isaac_ros_ws/src/isaac_ros_nitros/isaac_ros_gxf_extensions/gxf_isaac_cuda' with type 'ros.ament_cmake' and name 'gxf_isaac_cuda'
[0.406s] Level 1:colcon.colcon_core.package_identification:_identify(isaac_ros_ws/src/isaac_ros_nitros/isaac_ros_gxf_extensions/gxf_isaac_flatscan_localization) by extensions ['ignore', 'ignore_ament_install']
[0.406s] Level 1:colcon.colcon_core.package_identification:_identify(isaac_ros_ws/src/isaac_ros_nitros/isaac_ros_gxf_extensions/gxf_isaac_flatscan_localization) by extension 'ignore'
[0.406s] Level 1:colcon.colcon_core.package_identification:_identify(isaac_ros_ws/src/isaac_ros_nitros/isaac_ros_gxf_extensions/gxf_isaac_flatscan_localization) by extension 'ignore_ament_install'
[0.406s] Level 1:colcon.colcon_core.package_identification:_identify(isaac_ros_ws/src/isaac_ros_nitros/isaac_ros_gxf_extensions/gxf_isaac_flatscan_localization) by extensions ['colcon_pkg']
[0.406s] Level 1:colcon.colcon_core.package_identification:_identify(isaac_ros_ws/src/isaac_ros_nitros/isaac_ros_gxf_extensions/gxf_isaac_flatscan_localization) by extension 'colcon_pkg'
[0.406s] Level 1:colcon.colcon_core.package_identification:_identify(isaac_ros_ws/src/isaac_ros_nitros/isaac_ros_gxf_extensions/gxf_isaac_flatscan_localization) by extensions ['colcon_meta']
[0.406s] Level 1:colcon.colcon_core.package_identification:_identify(isaac_ros_ws/src/isaac_ros_nitros/isaac_ros_gxf_extensions/gxf_isaac_flatscan_localization) by extension 'colcon_meta'
[0.406s] Level 1:colcon.colcon_core.package_identification:_identify(isaac_ros_ws/src/isaac_ros_nitros/isaac_ros_gxf_extensions/gxf_isaac_flatscan_localization) by extensions ['ros']
[0.406s] Level 1:colcon.colcon_core.package_identification:_identify(isaac_ros_ws/src/isaac_ros_nitros/isaac_ros_gxf_extensions/gxf_isaac_flatscan_localization) by extension 'ros'
[0.406s] DEBUG:colcon.colcon_core.package_identification:Package 'isaac_ros_ws/src/isaac_ros_nitros/isaac_ros_gxf_extensions/gxf_isaac_flatscan_localization' with type 'ros.ament_cmake' and name 'gxf_isaac_flatscan_localization'
[0.406s] Level 1:colcon.colcon_core.package_identification:_identify(isaac_ros_ws/src/isaac_ros_nitros/isaac_ros_gxf_extensions/gxf_isaac_gems) by extensions ['ignore', 'ignore_ament_install']
[0.406s] Level 1:colcon.colcon_core.package_identification:_identify(isaac_ros_ws/src/isaac_ros_nitros/isaac_ros_gxf_extensions/gxf_isaac_gems) by extension 'ignore'
[0.407s] Level 1:colcon.colcon_core.package_identification:_identify(isaac_ros_ws/src/isaac_ros_nitros/isaac_ros_gxf_extensions/gxf_isaac_gems) by extension 'ignore_ament_install'
[0.407s] Level 1:colcon.colcon_core.package_identification:_identify(isaac_ros_ws/src/isaac_ros_nitros/isaac_ros_gxf_extensions/gxf_isaac_gems) by extensions ['colcon_pkg']
[0.407s] Level 1:colcon.colcon_core.package_identification:_identify(isaac_ros_ws/src/isaac_ros_nitros/isaac_ros_gxf_extensions/gxf_isaac_gems) by extension 'colcon_pkg'
[0.407s] Level 1:colcon.colcon_core.package_identification:_identify(isaac_ros_ws/src/isaac_ros_nitros/isaac_ros_gxf_extensions/gxf_isaac_gems) by extensions ['colcon_meta']
[0.407s] Level 1:colcon.colcon_core.package_identification:_identify(isaac_ros_ws/src/isaac_ros_nitros/isaac_ros_gxf_extensions/gxf_isaac_gems) by extension 'colcon_meta'
[0.407s] Level 1:colcon.colcon_core.package_identification:_identify(isaac_ros_ws/src/isaac_ros_nitros/isaac_ros_gxf_extensions/gxf_isaac_gems) by extensions ['ros']
[0.407s] Level 1:colcon.colcon_core.package_identification:_identify(isaac_ros_ws/src/isaac_ros_nitros/isaac_ros_gxf_extensions/gxf_isaac_gems) by extension 'ros'
[0.407s] DEBUG:colcon.colcon_core.package_identification:Package 'isaac_ros_ws/src/isaac_ros_nitros/isaac_ros_gxf_extensions/gxf_isaac_gems' with type 'ros.ament_cmake' and name 'gxf_isaac_gems'
[0.407s] Level 1:colcon.colcon_core.package_identification:_identify(isaac_ros_ws/src/isaac_ros_nitros/isaac_ros_gxf_extensions/gxf_isaac_gxf_helpers) by extensions ['ignore', 'ignore_ament_install']
[0.407s] Level 1:colcon.colcon_core.package_identification:_identify(isaac_ros_ws/src/isaac_ros_nitros/isaac_ros_gxf_extensions/gxf_isaac_gxf_helpers) by extension 'ignore'
[0.407s] Level 1:colcon.colcon_core.package_identification:_identify(isaac_ros_ws/src/isaac_ros_nitros/isaac_ros_gxf_extensions/gxf_isaac_gxf_helpers) by extension 'ignore_ament_install'
[0.407s] Level 1:colcon.colcon_core.package_identification:_identify(isaac_ros_ws/src/isaac_ros_nitros/isaac_ros_gxf_extensions/gxf_isaac_gxf_helpers) by extensions ['colcon_pkg']
[0.407s] Level 1:colcon.colcon_core.package_identification:_identify(isaac_ros_ws/src/isaac_ros_nitros/isaac_ros_gxf_extensions/gxf_isaac_gxf_helpers) by extension 'colcon_pkg'
[0.407s] Level 1:colcon.colcon_core.package_identification:_identify(isaac_ros_ws/src/isaac_ros_nitros/isaac_ros_gxf_extensions/gxf_isaac_gxf_helpers) by extensions ['colcon_meta']
[0.407s] Level 1:colcon.colcon_core.package_identification:_identify(isaac_ros_ws/src/isaac_ros_nitros/isaac_ros_gxf_extensions/gxf_isaac_gxf_helpers) by extension 'colcon_meta'
[0.407s] Level 1:colcon.colcon_core.package_identification:_identify(isaac_ros_ws/src/isaac_ros_nitros/isaac_ros_gxf_extensions/gxf_isaac_gxf_helpers) by extensions ['ros']
[0.407s] Level 1:colcon.colcon_core.package_identification:_identify(isaac_ros_ws/src/isaac_ros_nitros/isaac_ros_gxf_extensions/gxf_isaac_gxf_helpers) by extension 'ros'
[0.408s] DEBUG:colcon.colcon_core.package_identification:Package 'isaac_ros_ws/src/isaac_ros_nitros/isaac_ros_gxf_extensions/gxf_isaac_gxf_helpers' with type 'ros.ament_cmake' and name 'gxf_isaac_gxf_helpers'
[0.408s] Level 1:colcon.colcon_core.package_identification:_identify(isaac_ros_ws/src/isaac_ros_nitros/isaac_ros_gxf_extensions/gxf_isaac_hesai) by extensions ['ignore', 'ignore_ament_install']
[0.408s] Level 1:colcon.colcon_core.package_identification:_identify(isaac_ros_ws/src/isaac_ros_nitros/isaac_ros_gxf_extensions/gxf_isaac_hesai) by extension 'ignore'
[0.408s] Level 1:colcon.colcon_core.package_identification:_identify(isaac_ros_ws/src/isaac_ros_nitros/isaac_ros_gxf_extensions/gxf_isaac_hesai) by extension 'ignore_ament_install'
[0.408s] Level 1:colcon.colcon_core.package_identification:_identify(isaac_ros_ws/src/isaac_ros_nitros/isaac_ros_gxf_extensions/gxf_isaac_hesai) by extensions ['colcon_pkg']
[0.408s] Level 1:colcon.colcon_core.package_identification:_identify(isaac_ros_ws/src/isaac_ros_nitros/isaac_ros_gxf_extensions/gxf_isaac_hesai) by extension 'colcon_pkg'
[0.408s] Level 1:colcon.colcon_core.package_identification:_identify(isaac_ros_ws/src/isaac_ros_nitros/isaac_ros_gxf_extensions/gxf_isaac_hesai) by extensions ['colcon_meta']
[0.408s] Level 1:colcon.colcon_core.package_identification:_identify(isaac_ros_ws/src/isaac_ros_nitros/isaac_ros_gxf_extensions/gxf_isaac_hesai) by extension 'colcon_meta'
[0.408s] Level 1:colcon.colcon_core.package_identification:_identify(isaac_ros_ws/src/isaac_ros_nitros/isaac_ros_gxf_extensions/gxf_isaac_hesai) by extensions ['ros']
[0.408s] Level 1:colcon.colcon_core.package_identification:_identify(isaac_ros_ws/src/isaac_ros_nitros/isaac_ros_gxf_extensions/gxf_isaac_hesai) by extension 'ros'
[0.409s] DEBUG:colcon.colcon_core.package_identification:Package 'isaac_ros_ws/src/isaac_ros_nitros/isaac_ros_gxf_extensions/gxf_isaac_hesai' with type 'ros.ament_cmake' and name 'gxf_isaac_hesai'
[0.409s] Level 1:colcon.colcon_core.package_identification:_identify(isaac_ros_ws/src/isaac_ros_nitros/isaac_ros_gxf_extensions/gxf_isaac_localization) by extensions ['ignore', 'ignore_ament_install']
[0.409s] Level 1:colcon.colcon_core.package_identification:_identify(isaac_ros_ws/src/isaac_ros_nitros/isaac_ros_gxf_extensions/gxf_isaac_localization) by extension 'ignore'
[0.409s] Level 1:colcon.colcon_core.package_identification:_identify(isaac_ros_ws/src/isaac_ros_nitros/isaac_ros_gxf_extensions/gxf_isaac_localization) by extension 'ignore_ament_install'
[0.409s] Level 1:colcon.colcon_core.package_identification:_identify(isaac_ros_ws/src/isaac_ros_nitros/isaac_ros_gxf_extensions/gxf_isaac_localization) by extensions ['colcon_pkg']
[0.409s] Level 1:colcon.colcon_core.package_identification:_identify(isaac_ros_ws/src/isaac_ros_nitros/isaac_ros_gxf_extensions/gxf_isaac_localization) by extension 'colcon_pkg'
[0.409s] Level 1:colcon.colcon_core.package_identification:_identify(isaac_ros_ws/src/isaac_ros_nitros/isaac_ros_gxf_extensions/gxf_isaac_localization) by extensions ['colcon_meta']
[0.409s] Level 1:colcon.colcon_core.package_identification:_identify(isaac_ros_ws/src/isaac_ros_nitros/isaac_ros_gxf_extensions/gxf_isaac_localization) by extension 'colcon_meta'
[0.409s] Level 1:colcon.colcon_core.package_identification:_identify(isaac_ros_ws/src/isaac_ros_nitros/isaac_ros_gxf_extensions/gxf_isaac_localization) by extensions ['ros']
[0.409s] Level 1:colcon.colcon_core.package_identification:_identify(isaac_ros_ws/src/isaac_ros_nitros/isaac_ros_gxf_extensions/gxf_isaac_localization) by extension 'ros'
[0.410s] DEBUG:colcon.colcon_core.package_identification:Package 'isaac_ros_ws/src/isaac_ros_nitros/isaac_ros_gxf_extensions/gxf_isaac_localization' with type 'ros.ament_cmake' and name 'gxf_isaac_localization'
[0.410s] Level 1:colcon.colcon_core.package_identification:_identify(isaac_ros_ws/src/isaac_ros_nitros/isaac_ros_gxf_extensions/gxf_isaac_message_compositor) by extensions ['ignore', 'ignore_ament_install']
[0.410s] Level 1:colcon.colcon_core.package_identification:_identify(isaac_ros_ws/src/isaac_ros_nitros/isaac_ros_gxf_extensions/gxf_isaac_message_compositor) by extension 'ignore'
[0.410s] Level 1:colcon.colcon_core.package_identification:_identify(isaac_ros_ws/src/isaac_ros_nitros/isaac_ros_gxf_extensions/gxf_isaac_message_compositor) by extension 'ignore_ament_install'
[0.410s] Level 1:colcon.colcon_core.package_identification:_identify(isaac_ros_ws/src/isaac_ros_nitros/isaac_ros_gxf_extensions/gxf_isaac_message_compositor) by extensions ['colcon_pkg']
[0.410s] Level 1:colcon.colcon_core.package_identification:_identify(isaac_ros_ws/src/isaac_ros_nitros/isaac_ros_gxf_extensions/gxf_isaac_message_compositor) by extension 'colcon_pkg'
[0.410s] Level 1:colcon.colcon_core.package_identification:_identify(isaac_ros_ws/src/isaac_ros_nitros/isaac_ros_gxf_extensions/gxf_isaac_message_compositor) by extensions ['colcon_meta']
[0.410s] Level 1:colcon.colcon_core.package_identification:_identify(isaac_ros_ws/src/isaac_ros_nitros/isaac_ros_gxf_extensions/gxf_isaac_message_compositor) by extension 'colcon_meta'
[0.410s] Level 1:colcon.colcon_core.package_identification:_identify(isaac_ros_ws/src/isaac_ros_nitros/isaac_ros_gxf_extensions/gxf_isaac_message_compositor) by extensions ['ros']
[0.410s] Level 1:colcon.colcon_core.package_identification:_identify(isaac_ros_ws/src/isaac_ros_nitros/isaac_ros_gxf_extensions/gxf_isaac_message_compositor) by extension 'ros'
[0.410s] DEBUG:colcon.colcon_core.package_identification:Package 'isaac_ros_ws/src/isaac_ros_nitros/isaac_ros_gxf_extensions/gxf_isaac_message_compositor' with type 'ros.ament_cmake' and name 'gxf_isaac_message_compositor'
[0.410s] Level 1:colcon.colcon_core.package_identification:_identify(isaac_ros_ws/src/isaac_ros_nitros/isaac_ros_gxf_extensions/gxf_isaac_messages) by extensions ['ignore', 'ignore_ament_install']
[0.410s] Level 1:colcon.colcon_core.package_identification:_identify(isaac_ros_ws/src/isaac_ros_nitros/isaac_ros_gxf_extensions/gxf_isaac_messages) by extension 'ignore'
[0.410s] Level 1:colcon.colcon_core.package_identification:_identify(isaac_ros_ws/src/isaac_ros_nitros/isaac_ros_gxf_extensions/gxf_isaac_messages) by extension 'ignore_ament_install'
[0.411s] Level 1:colcon.colcon_core.package_identification:_identify(isaac_ros_ws/src/isaac_ros_nitros/isaac_ros_gxf_extensions/gxf_isaac_messages) by extensions ['colcon_pkg']
[0.411s] Level 1:colcon.colcon_core.package_identification:_identify(isaac_ros_ws/src/isaac_ros_nitros/isaac_ros_gxf_extensions/gxf_isaac_messages) by extension 'colcon_pkg'
[0.411s] Level 1:colcon.colcon_core.package_identification:_identify(isaac_ros_ws/src/isaac_ros_nitros/isaac_ros_gxf_extensions/gxf_isaac_messages) by extensions ['colcon_meta']
[0.411s] Level 1:colcon.colcon_core.package_identification:_identify(isaac_ros_ws/src/isaac_ros_nitros/isaac_ros_gxf_extensions/gxf_isaac_messages) by extension 'colcon_meta'
[0.411s] Level 1:colcon.colcon_core.package_identification:_identify(isaac_ros_ws/src/isaac_ros_nitros/isaac_ros_gxf_extensions/gxf_isaac_messages) by extensions ['ros']
[0.411s] Level 1:colcon.colcon_core.package_identification:_identify(isaac_ros_ws/src/isaac_ros_nitros/isaac_ros_gxf_extensions/gxf_isaac_messages) by extension 'ros'
[0.411s] DEBUG:colcon.colcon_core.package_identification:Package 'isaac_ros_ws/src/isaac_ros_nitros/isaac_ros_gxf_extensions/gxf_isaac_messages' with type 'ros.ament_cmake' and name 'gxf_isaac_messages'
[0.411s] Level 1:colcon.colcon_core.package_identification:_identify(isaac_ros_ws/src/isaac_ros_nitros/isaac_ros_gxf_extensions/gxf_isaac_messages_throttler) by extensions ['ignore', 'ignore_ament_install']
[0.411s] Level 1:colcon.colcon_core.package_identification:_identify(isaac_ros_ws/src/isaac_ros_nitros/isaac_ros_gxf_extensions/gxf_isaac_messages_throttler) by extension 'ignore'
[0.411s] Level 1:colcon.colcon_core.package_identification:_identify(isaac_ros_ws/src/isaac_ros_nitros/isaac_ros_gxf_extensions/gxf_isaac_messages_throttler) by extension 'ignore_ament_install'
[0.411s] Level 1:colcon.colcon_core.package_identification:_identify(isaac_ros_ws/src/isaac_ros_nitros/isaac_ros_gxf_extensions/gxf_isaac_messages_throttler) by extensions ['colcon_pkg']
[0.411s] Level 1:colcon.colcon_core.package_identification:_identify(isaac_ros_ws/src/isaac_ros_nitros/isaac_ros_gxf_extensions/gxf_isaac_messages_throttler) by extension 'colcon_pkg'
[0.411s] Level 1:colcon.colcon_core.package_identification:_identify(isaac_ros_ws/src/isaac_ros_nitros/isaac_ros_gxf_extensions/gxf_isaac_messages_throttler) by extensions ['colcon_meta']
[0.411s] Level 1:colcon.colcon_core.package_identification:_identify(isaac_ros_ws/src/isaac_ros_nitros/isaac_ros_gxf_extensions/gxf_isaac_messages_throttler) by extension 'colcon_meta'
[0.411s] Level 1:colcon.colcon_core.package_identification:_identify(isaac_ros_ws/src/isaac_ros_nitros/isaac_ros_gxf_extensions/gxf_isaac_messages_throttler) by extensions ['ros']
[0.411s] Level 1:colcon.colcon_core.package_identification:_identify(isaac_ros_ws/src/isaac_ros_nitros/isaac_ros_gxf_extensions/gxf_isaac_messages_throttler) by extension 'ros'
[0.412s] DEBUG:colcon.colcon_core.package_identification:Package 'isaac_ros_ws/src/isaac_ros_nitros/isaac_ros_gxf_extensions/gxf_isaac_messages_throttler' with type 'ros.ament_cmake' and name 'gxf_isaac_messages_throttler'
[0.412s] Level 1:colcon.colcon_core.package_identification:_identify(isaac_ros_ws/src/isaac_ros_nitros/isaac_ros_gxf_extensions/gxf_isaac_optimizer) by extensions ['ignore', 'ignore_ament_install']
[0.412s] Level 1:colcon.colcon_core.package_identification:_identify(isaac_ros_ws/src/isaac_ros_nitros/isaac_ros_gxf_extensions/gxf_isaac_optimizer) by extension 'ignore'
[0.412s] Level 1:colcon.colcon_core.package_identification:_identify(isaac_ros_ws/src/isaac_ros_nitros/isaac_ros_gxf_extensions/gxf_isaac_optimizer) by extension 'ignore_ament_install'
[0.412s] Level 1:colcon.colcon_core.package_identification:_identify(isaac_ros_ws/src/isaac_ros_nitros/isaac_ros_gxf_extensions/gxf_isaac_optimizer) by extensions ['colcon_pkg']
[0.412s] Level 1:colcon.colcon_core.package_identification:_identify(isaac_ros_ws/src/isaac_ros_nitros/isaac_ros_gxf_extensions/gxf_isaac_optimizer) by extension 'colcon_pkg'
[0.412s] Level 1:colcon.colcon_core.package_identification:_identify(isaac_ros_ws/src/isaac_ros_nitros/isaac_ros_gxf_extensions/gxf_isaac_optimizer) by extensions ['colcon_meta']
[0.412s] Level 1:colcon.colcon_core.package_identification:_identify(isaac_ros_ws/src/isaac_ros_nitros/isaac_ros_gxf_extensions/gxf_isaac_optimizer) by extension 'colcon_meta'
[0.412s] Level 1:colcon.colcon_core.package_identification:_identify(isaac_ros_ws/src/isaac_ros_nitros/isaac_ros_gxf_extensions/gxf_isaac_optimizer) by extensions ['ros']
[0.412s] Level 1:colcon.colcon_core.package_identification:_identify(isaac_ros_ws/src/isaac_ros_nitros/isaac_ros_gxf_extensions/gxf_isaac_optimizer) by extension 'ros'
[0.413s] DEBUG:colcon.colcon_core.package_identification:Package 'isaac_ros_ws/src/isaac_ros_nitros/isaac_ros_gxf_extensions/gxf_isaac_optimizer' with type 'ros.ament_cmake' and name 'gxf_isaac_optimizer'
[0.413s] Level 1:colcon.colcon_core.package_identification:_identify(isaac_ros_ws/src/isaac_ros_nitros/isaac_ros_gxf_extensions/gxf_isaac_point_cloud) by extensions ['ignore', 'ignore_ament_install']
[0.413s] Level 1:colcon.colcon_core.package_identification:_identify(isaac_ros_ws/src/isaac_ros_nitros/isaac_ros_gxf_extensions/gxf_isaac_point_cloud) by extension 'ignore'
[0.413s] Level 1:colcon.colcon_core.package_identification:_identify(isaac_ros_ws/src/isaac_ros_nitros/isaac_ros_gxf_extensions/gxf_isaac_point_cloud) by extension 'ignore_ament_install'
[0.413s] Level 1:colcon.colcon_core.package_identification:_identify(isaac_ros_ws/src/isaac_ros_nitros/isaac_ros_gxf_extensions/gxf_isaac_point_cloud) by extensions ['colcon_pkg']
[0.413s] Level 1:colcon.colcon_core.package_identification:_identify(isaac_ros_ws/src/isaac_ros_nitros/isaac_ros_gxf_extensions/gxf_isaac_point_cloud) by extension 'colcon_pkg'
[0.413s] Level 1:colcon.colcon_core.package_identification:_identify(isaac_ros_ws/src/isaac_ros_nitros/isaac_ros_gxf_extensions/gxf_isaac_point_cloud) by extensions ['colcon_meta']
[0.413s] Level 1:colcon.colcon_core.package_identification:_identify(isaac_ros_ws/src/isaac_ros_nitros/isaac_ros_gxf_extensions/gxf_isaac_point_cloud) by extension 'colcon_meta'
[0.413s] Level 1:colcon.colcon_core.package_identification:_identify(isaac_ros_ws/src/isaac_ros_nitros/isaac_ros_gxf_extensions/gxf_isaac_point_cloud) by extensions ['ros']
[0.413s] Level 1:colcon.colcon_core.package_identification:_identify(isaac_ros_ws/src/isaac_ros_nitros/isaac_ros_gxf_extensions/gxf_isaac_point_cloud) by extension 'ros'
[0.414s] DEBUG:colcon.colcon_core.package_identification:Package 'isaac_ros_ws/src/isaac_ros_nitros/isaac_ros_gxf_extensions/gxf_isaac_point_cloud' with type 'ros.ament_cmake' and name 'gxf_isaac_point_cloud'
[0.414s] Level 1:colcon.colcon_core.package_identification:_identify(isaac_ros_ws/src/isaac_ros_nitros/isaac_ros_gxf_extensions/gxf_isaac_range_scan_processing) by extensions ['ignore', 'ignore_ament_install']
[0.414s] Level 1:colcon.colcon_core.package_identification:_identify(isaac_ros_ws/src/isaac_ros_nitros/isaac_ros_gxf_extensions/gxf_isaac_range_scan_processing) by extension 'ignore'
[0.414s] Level 1:colcon.colcon_core.package_identification:_identify(isaac_ros_ws/src/isaac_ros_nitros/isaac_ros_gxf_extensions/gxf_isaac_range_scan_processing) by extension 'ignore_ament_install'
[0.414s] Level 1:colcon.colcon_core.package_identification:_identify(isaac_ros_ws/src/isaac_ros_nitros/isaac_ros_gxf_extensions/gxf_isaac_range_scan_processing) by extensions ['colcon_pkg']
[0.414s] Level 1:colcon.colcon_core.package_identification:_identify(isaac_ros_ws/src/isaac_ros_nitros/isaac_ros_gxf_extensions/gxf_isaac_range_scan_processing) by extension 'colcon_pkg'
[0.414s] Level 1:colcon.colcon_core.package_identification:_identify(isaac_ros_ws/src/isaac_ros_nitros/isaac_ros_gxf_extensions/gxf_isaac_range_scan_processing) by extensions ['colcon_meta']
[0.414s] Level 1:colcon.colcon_core.package_identification:_identify(isaac_ros_ws/src/isaac_ros_nitros/isaac_ros_gxf_extensions/gxf_isaac_range_scan_processing) by extension 'colcon_meta'
[0.414s] Level 1:colcon.colcon_core.package_identification:_identify(isaac_ros_ws/src/isaac_ros_nitros/isaac_ros_gxf_extensions/gxf_isaac_range_scan_processing) by extensions ['ros']
[0.414s] Level 1:colcon.colcon_core.package_identification:_identify(isaac_ros_ws/src/isaac_ros_nitros/isaac_ros_gxf_extensions/gxf_isaac_range_scan_processing) by extension 'ros'
[0.415s] DEBUG:colcon.colcon_core.package_identification:Package 'isaac_ros_ws/src/isaac_ros_nitros/isaac_ros_gxf_extensions/gxf_isaac_range_scan_processing' with type 'ros.ament_cmake' and name 'gxf_isaac_range_scan_processing'
[0.415s] Level 1:colcon.colcon_core.package_identification:_identify(isaac_ros_ws/src/isaac_ros_nitros/isaac_ros_gxf_extensions/gxf_isaac_ros_cuda) by extensions ['ignore', 'ignore_ament_install']
[0.415s] Level 1:colcon.colcon_core.package_identification:_identify(isaac_ros_ws/src/isaac_ros_nitros/isaac_ros_gxf_extensions/gxf_isaac_ros_cuda) by extension 'ignore'
[0.415s] Level 1:colcon.colcon_core.package_identification:_identify(isaac_ros_ws/src/isaac_ros_nitros/isaac_ros_gxf_extensions/gxf_isaac_ros_cuda) by extension 'ignore_ament_install'
[0.415s] Level 1:colcon.colcon_core.package_identification:_identify(isaac_ros_ws/src/isaac_ros_nitros/isaac_ros_gxf_extensions/gxf_isaac_ros_cuda) by extensions ['colcon_pkg']
[0.415s] Level 1:colcon.colcon_core.package_identification:_identify(isaac_ros_ws/src/isaac_ros_nitros/isaac_ros_gxf_extensions/gxf_isaac_ros_cuda) by extension 'colcon_pkg'
[0.415s] Level 1:colcon.colcon_core.package_identification:_identify(isaac_ros_ws/src/isaac_ros_nitros/isaac_ros_gxf_extensions/gxf_isaac_ros_cuda) by extensions ['colcon_meta']
[0.415s] Level 1:colcon.colcon_core.package_identification:_identify(isaac_ros_ws/src/isaac_ros_nitros/isaac_ros_gxf_extensions/gxf_isaac_ros_cuda) by extension 'colcon_meta'
[0.415s] Level 1:colcon.colcon_core.package_identification:_identify(isaac_ros_ws/src/isaac_ros_nitros/isaac_ros_gxf_extensions/gxf_isaac_ros_cuda) by extensions ['ros']
[0.415s] Level 1:colcon.colcon_core.package_identification:_identify(isaac_ros_ws/src/isaac_ros_nitros/isaac_ros_gxf_extensions/gxf_isaac_ros_cuda) by extension 'ros'
[0.415s] DEBUG:colcon.colcon_core.package_identification:Package 'isaac_ros_ws/src/isaac_ros_nitros/isaac_ros_gxf_extensions/gxf_isaac_ros_cuda' with type 'ros.ament_cmake' and name 'gxf_isaac_ros_cuda'
[0.415s] Level 1:colcon.colcon_core.package_identification:_identify(isaac_ros_ws/src/isaac_ros_nitros/isaac_ros_gxf_extensions/gxf_isaac_ros_messages) by extensions ['ignore', 'ignore_ament_install']
[0.416s] Level 1:colcon.colcon_core.package_identification:_identify(isaac_ros_ws/src/isaac_ros_nitros/isaac_ros_gxf_extensions/gxf_isaac_ros_messages) by extension 'ignore'
[0.416s] Level 1:colcon.colcon_core.package_identification:_identify(isaac_ros_ws/src/isaac_ros_nitros/isaac_ros_gxf_extensions/gxf_isaac_ros_messages) by extension 'ignore_ament_install'
[0.416s] Level 1:colcon.colcon_core.package_identification:_identify(isaac_ros_ws/src/isaac_ros_nitros/isaac_ros_gxf_extensions/gxf_isaac_ros_messages) by extensions ['colcon_pkg']
[0.416s] Level 1:colcon.colcon_core.package_identification:_identify(isaac_ros_ws/src/isaac_ros_nitros/isaac_ros_gxf_extensions/gxf_isaac_ros_messages) by extension 'colcon_pkg'
[0.416s] Level 1:colcon.colcon_core.package_identification:_identify(isaac_ros_ws/src/isaac_ros_nitros/isaac_ros_gxf_extensions/gxf_isaac_ros_messages) by extensions ['colcon_meta']
[0.416s] Level 1:colcon.colcon_core.package_identification:_identify(isaac_ros_ws/src/isaac_ros_nitros/isaac_ros_gxf_extensions/gxf_isaac_ros_messages) by extension 'colcon_meta'
[0.416s] Level 1:colcon.colcon_core.package_identification:_identify(isaac_ros_ws/src/isaac_ros_nitros/isaac_ros_gxf_extensions/gxf_isaac_ros_messages) by extensions ['ros']
[0.416s] Level 1:colcon.colcon_core.package_identification:_identify(isaac_ros_ws/src/isaac_ros_nitros/isaac_ros_gxf_extensions/gxf_isaac_ros_messages) by extension 'ros'
[0.416s] DEBUG:colcon.colcon_core.package_identification:Package 'isaac_ros_ws/src/isaac_ros_nitros/isaac_ros_gxf_extensions/gxf_isaac_ros_messages' with type 'ros.ament_cmake' and name 'gxf_isaac_ros_messages'
[0.416s] Level 1:colcon.colcon_core.package_identification:_identify(isaac_ros_ws/src/isaac_ros_nitros/isaac_ros_gxf_extensions/gxf_isaac_segway) by extensions ['ignore', 'ignore_ament_install']
[0.416s] Level 1:colcon.colcon_core.package_identification:_identify(isaac_ros_ws/src/isaac_ros_nitros/isaac_ros_gxf_extensions/gxf_isaac_segway) by extension 'ignore'
[0.416s] Level 1:colcon.colcon_core.package_identification:_identify(isaac_ros_ws/src/isaac_ros_nitros/isaac_ros_gxf_extensions/gxf_isaac_segway) by extension 'ignore_ament_install'
[0.416s] Level 1:colcon.colcon_core.package_identification:_identify(isaac_ros_ws/src/isaac_ros_nitros/isaac_ros_gxf_extensions/gxf_isaac_segway) by extensions ['colcon_pkg']
[0.416s] Level 1:colcon.colcon_core.package_identification:_identify(isaac_ros_ws/src/isaac_ros_nitros/isaac_ros_gxf_extensions/gxf_isaac_segway) by extension 'colcon_pkg'
[0.416s] Level 1:colcon.colcon_core.package_identification:_identify(isaac_ros_ws/src/isaac_ros_nitros/isaac_ros_gxf_extensions/gxf_isaac_segway) by extensions ['colcon_meta']
[0.416s] Level 1:colcon.colcon_core.package_identification:_identify(isaac_ros_ws/src/isaac_ros_nitros/isaac_ros_gxf_extensions/gxf_isaac_segway) by extension 'colcon_meta'
[0.416s] Level 1:colcon.colcon_core.package_identification:_identify(isaac_ros_ws/src/isaac_ros_nitros/isaac_ros_gxf_extensions/gxf_isaac_segway) by extensions ['ros']
[0.416s] Level 1:colcon.colcon_core.package_identification:_identify(isaac_ros_ws/src/isaac_ros_nitros/isaac_ros_gxf_extensions/gxf_isaac_segway) by extension 'ros'
[0.417s] DEBUG:colcon.colcon_core.package_identification:Package 'isaac_ros_ws/src/isaac_ros_nitros/isaac_ros_gxf_extensions/gxf_isaac_segway' with type 'ros.ament_cmake' and name 'gxf_isaac_segway'
[0.417s] Level 1:colcon.colcon_core.package_identification:_identify(isaac_ros_ws/src/isaac_ros_nitros/isaac_ros_gxf_extensions/gxf_isaac_sight) by extensions ['ignore', 'ignore_ament_install']
[0.417s] Level 1:colcon.colcon_core.package_identification:_identify(isaac_ros_ws/src/isaac_ros_nitros/isaac_ros_gxf_extensions/gxf_isaac_sight) by extension 'ignore'
[0.417s] Level 1:colcon.colcon_core.package_identification:_identify(isaac_ros_ws/src/isaac_ros_nitros/isaac_ros_gxf_extensions/gxf_isaac_sight) by extension 'ignore_ament_install'
[0.417s] Level 1:colcon.colcon_core.package_identification:_identify(isaac_ros_ws/src/isaac_ros_nitros/isaac_ros_gxf_extensions/gxf_isaac_sight) by extensions ['colcon_pkg']
[0.417s] Level 1:colcon.colcon_core.package_identification:_identify(isaac_ros_ws/src/isaac_ros_nitros/isaac_ros_gxf_extensions/gxf_isaac_sight) by extension 'colcon_pkg'
[0.417s] Level 1:colcon.colcon_core.package_identification:_identify(isaac_ros_ws/src/isaac_ros_nitros/isaac_ros_gxf_extensions/gxf_isaac_sight) by extensions ['colcon_meta']
[0.417s] Level 1:colcon.colcon_core.package_identification:_identify(isaac_ros_ws/src/isaac_ros_nitros/isaac_ros_gxf_extensions/gxf_isaac_sight) by extension 'colcon_meta'
[0.417s] Level 1:colcon.colcon_core.package_identification:_identify(isaac_ros_ws/src/isaac_ros_nitros/isaac_ros_gxf_extensions/gxf_isaac_sight) by extensions ['ros']
[0.417s] Level 1:colcon.colcon_core.package_identification:_identify(isaac_ros_ws/src/isaac_ros_nitros/isaac_ros_gxf_extensions/gxf_isaac_sight) by extension 'ros'
[0.418s] DEBUG:colcon.colcon_core.package_identification:Package 'isaac_ros_ws/src/isaac_ros_nitros/isaac_ros_gxf_extensions/gxf_isaac_sight' with type 'ros.ament_cmake' and name 'gxf_isaac_sight'
[0.418s] Level 1:colcon.colcon_core.package_identification:_identify(isaac_ros_ws/src/isaac_ros_nitros/isaac_ros_gxf_extensions/gxf_isaac_timestamp_correlator) by extensions ['ignore', 'ignore_ament_install']
[0.418s] Level 1:colcon.colcon_core.package_identification:_identify(isaac_ros_ws/src/isaac_ros_nitros/isaac_ros_gxf_extensions/gxf_isaac_timestamp_correlator) by extension 'ignore'
[0.418s] Level 1:colcon.colcon_core.package_identification:_identify(isaac_ros_ws/src/isaac_ros_nitros/isaac_ros_gxf_extensions/gxf_isaac_timestamp_correlator) by extension 'ignore_ament_install'
[0.418s] Level 1:colcon.colcon_core.package_identification:_identify(isaac_ros_ws/src/isaac_ros_nitros/isaac_ros_gxf_extensions/gxf_isaac_timestamp_correlator) by extensions ['colcon_pkg']
[0.418s] Level 1:colcon.colcon_core.package_identification:_identify(isaac_ros_ws/src/isaac_ros_nitros/isaac_ros_gxf_extensions/gxf_isaac_timestamp_correlator) by extension 'colcon_pkg'
[0.418s] Level 1:colcon.colcon_core.package_identification:_identify(isaac_ros_ws/src/isaac_ros_nitros/isaac_ros_gxf_extensions/gxf_isaac_timestamp_correlator) by extensions ['colcon_meta']
[0.418s] Level 1:colcon.colcon_core.package_identification:_identify(isaac_ros_ws/src/isaac_ros_nitros/isaac_ros_gxf_extensions/gxf_isaac_timestamp_correlator) by extension 'colcon_meta'
[0.418s] Level 1:colcon.colcon_core.package_identification:_identify(isaac_ros_ws/src/isaac_ros_nitros/isaac_ros_gxf_extensions/gxf_isaac_timestamp_correlator) by extensions ['ros']
[0.418s] Level 1:colcon.colcon_core.package_identification:_identify(isaac_ros_ws/src/isaac_ros_nitros/isaac_ros_gxf_extensions/gxf_isaac_timestamp_correlator) by extension 'ros'
[0.419s] DEBUG:colcon.colcon_core.package_identification:Package 'isaac_ros_ws/src/isaac_ros_nitros/isaac_ros_gxf_extensions/gxf_isaac_timestamp_correlator' with type 'ros.ament_cmake' and name 'gxf_isaac_timestamp_correlator'
[0.419s] Level 1:colcon.colcon_core.package_identification:_identify(isaac_ros_ws/src/isaac_ros_nitros/isaac_ros_gxf_extensions/gxf_isaac_utils) by extensions ['ignore', 'ignore_ament_install']
[0.419s] Level 1:colcon.colcon_core.package_identification:_identify(isaac_ros_ws/src/isaac_ros_nitros/isaac_ros_gxf_extensions/gxf_isaac_utils) by extension 'ignore'
[0.419s] Level 1:colcon.colcon_core.package_identification:_identify(isaac_ros_ws/src/isaac_ros_nitros/isaac_ros_gxf_extensions/gxf_isaac_utils) by extension 'ignore_ament_install'
[0.419s] Level 1:colcon.colcon_core.package_identification:_identify(isaac_ros_ws/src/isaac_ros_nitros/isaac_ros_gxf_extensions/gxf_isaac_utils) by extensions ['colcon_pkg']
[0.419s] Level 1:colcon.colcon_core.package_identification:_identify(isaac_ros_ws/src/isaac_ros_nitros/isaac_ros_gxf_extensions/gxf_isaac_utils) by extension 'colcon_pkg'
[0.419s] Level 1:colcon.colcon_core.package_identification:_identify(isaac_ros_ws/src/isaac_ros_nitros/isaac_ros_gxf_extensions/gxf_isaac_utils) by extensions ['colcon_meta']
[0.419s] Level 1:colcon.colcon_core.package_identification:_identify(isaac_ros_ws/src/isaac_ros_nitros/isaac_ros_gxf_extensions/gxf_isaac_utils) by extension 'colcon_meta'
[0.419s] Level 1:colcon.colcon_core.package_identification:_identify(isaac_ros_ws/src/isaac_ros_nitros/isaac_ros_gxf_extensions/gxf_isaac_utils) by extensions ['ros']
[0.419s] Level 1:colcon.colcon_core.package_identification:_identify(isaac_ros_ws/src/isaac_ros_nitros/isaac_ros_gxf_extensions/gxf_isaac_utils) by extension 'ros'
[0.419s] DEBUG:colcon.colcon_core.package_identification:Package 'isaac_ros_ws/src/isaac_ros_nitros/isaac_ros_gxf_extensions/gxf_isaac_utils' with type 'ros.ament_cmake' and name 'gxf_isaac_utils'
[0.419s] Level 1:colcon.colcon_core.package_identification:_identify(isaac_ros_ws/src/isaac_ros_nitros/isaac_ros_managed_nitros) by extensions ['ignore', 'ignore_ament_install']
[0.419s] Level 1:colcon.colcon_core.package_identification:_identify(isaac_ros_ws/src/isaac_ros_nitros/isaac_ros_managed_nitros) by extension 'ignore'
[0.420s] Level 1:colcon.colcon_core.package_identification:_identify(isaac_ros_ws/src/isaac_ros_nitros/isaac_ros_managed_nitros) by extension 'ignore_ament_install'
[0.420s] Level 1:colcon.colcon_core.package_identification:_identify(isaac_ros_ws/src/isaac_ros_nitros/isaac_ros_managed_nitros) by extensions ['colcon_pkg']
[0.420s] Level 1:colcon.colcon_core.package_identification:_identify(isaac_ros_ws/src/isaac_ros_nitros/isaac_ros_managed_nitros) by extension 'colcon_pkg'
[0.420s] Level 1:colcon.colcon_core.package_identification:_identify(isaac_ros_ws/src/isaac_ros_nitros/isaac_ros_managed_nitros) by extensions ['colcon_meta']
[0.420s] Level 1:colcon.colcon_core.package_identification:_identify(isaac_ros_ws/src/isaac_ros_nitros/isaac_ros_managed_nitros) by extension 'colcon_meta'
[0.420s] Level 1:colcon.colcon_core.package_identification:_identify(isaac_ros_ws/src/isaac_ros_nitros/isaac_ros_managed_nitros) by extensions ['ros']
[0.420s] Level 1:colcon.colcon_core.package_identification:_identify(isaac_ros_ws/src/isaac_ros_nitros/isaac_ros_managed_nitros) by extension 'ros'
[0.420s] DEBUG:colcon.colcon_core.package_identification:Package 'isaac_ros_ws/src/isaac_ros_nitros/isaac_ros_managed_nitros' with type 'ros.ament_cmake' and name 'isaac_ros_managed_nitros'
[0.420s] Level 1:colcon.colcon_core.package_identification:_identify(isaac_ros_ws/src/isaac_ros_nitros/isaac_ros_managed_nitros_examples) by extensions ['ignore', 'ignore_ament_install']
[0.420s] Level 1:colcon.colcon_core.package_identification:_identify(isaac_ros_ws/src/isaac_ros_nitros/isaac_ros_managed_nitros_examples) by extension 'ignore'
[0.420s] Level 1:colcon.colcon_core.package_identification:_identify(isaac_ros_ws/src/isaac_ros_nitros/isaac_ros_managed_nitros_examples) by extension 'ignore_ament_install'
[0.421s] Level 1:colcon.colcon_core.package_identification:_identify(isaac_ros_ws/src/isaac_ros_nitros/isaac_ros_managed_nitros_examples) by extensions ['colcon_pkg']
[0.421s] Level 1:colcon.colcon_core.package_identification:_identify(isaac_ros_ws/src/isaac_ros_nitros/isaac_ros_managed_nitros_examples) by extension 'colcon_pkg'
[0.421s] Level 1:colcon.colcon_core.package_identification:_identify(isaac_ros_ws/src/isaac_ros_nitros/isaac_ros_managed_nitros_examples) by extensions ['colcon_meta']
[0.421s] Level 1:colcon.colcon_core.package_identification:_identify(isaac_ros_ws/src/isaac_ros_nitros/isaac_ros_managed_nitros_examples) by extension 'colcon_meta'
[0.421s] Level 1:colcon.colcon_core.package_identification:_identify(isaac_ros_ws/src/isaac_ros_nitros/isaac_ros_managed_nitros_examples) by extensions ['ros']
[0.421s] Level 1:colcon.colcon_core.package_identification:_identify(isaac_ros_ws/src/isaac_ros_nitros/isaac_ros_managed_nitros_examples) by extension 'ros'
[0.421s] Level 1:colcon.colcon_core.package_identification:_identify(isaac_ros_ws/src/isaac_ros_nitros/isaac_ros_managed_nitros_examples) by extensions ['cmake', 'python']
[0.421s] Level 1:colcon.colcon_core.package_identification:_identify(isaac_ros_ws/src/isaac_ros_nitros/isaac_ros_managed_nitros_examples) by extension 'cmake'
[0.421s] Level 1:colcon.colcon_core.package_identification:_identify(isaac_ros_ws/src/isaac_ros_nitros/isaac_ros_managed_nitros_examples) by extension 'python'
[0.421s] Level 1:colcon.colcon_core.package_identification:_identify(isaac_ros_ws/src/isaac_ros_nitros/isaac_ros_managed_nitros_examples) by extensions ['python_setup_py']
[0.421s] Level 1:colcon.colcon_core.package_identification:_identify(isaac_ros_ws/src/isaac_ros_nitros/isaac_ros_managed_nitros_examples) by extension 'python_setup_py'
[0.421s] Level 1:colcon.colcon_core.package_identification:_identify(isaac_ros_ws/src/isaac_ros_nitros/isaac_ros_managed_nitros_examples/custom_nitros_dnn_image_encoder) by extensions ['ignore', 'ignore_ament_install']
[0.421s] Level 1:colcon.colcon_core.package_identification:_identify(isaac_ros_ws/src/isaac_ros_nitros/isaac_ros_managed_nitros_examples/custom_nitros_dnn_image_encoder) by extension 'ignore'
[0.421s] Level 1:colcon.colcon_core.package_identification:_identify(isaac_ros_ws/src/isaac_ros_nitros/isaac_ros_managed_nitros_examples/custom_nitros_dnn_image_encoder) by extension 'ignore_ament_install'
[0.421s] Level 1:colcon.colcon_core.package_identification:_identify(isaac_ros_ws/src/isaac_ros_nitros/isaac_ros_managed_nitros_examples/custom_nitros_dnn_image_encoder) by extensions ['colcon_pkg']
[0.421s] Level 1:colcon.colcon_core.package_identification:_identify(isaac_ros_ws/src/isaac_ros_nitros/isaac_ros_managed_nitros_examples/custom_nitros_dnn_image_encoder) by extension 'colcon_pkg'
[0.421s] Level 1:colcon.colcon_core.package_identification:_identify(isaac_ros_ws/src/isaac_ros_nitros/isaac_ros_managed_nitros_examples/custom_nitros_dnn_image_encoder) by extensions ['colcon_meta']
[0.421s] Level 1:colcon.colcon_core.package_identification:_identify(isaac_ros_ws/src/isaac_ros_nitros/isaac_ros_managed_nitros_examples/custom_nitros_dnn_image_encoder) by extension 'colcon_meta'
[0.421s] Level 1:colcon.colcon_core.package_identification:_identify(isaac_ros_ws/src/isaac_ros_nitros/isaac_ros_managed_nitros_examples/custom_nitros_dnn_image_encoder) by extensions ['ros']
[0.421s] Level 1:colcon.colcon_core.package_identification:_identify(isaac_ros_ws/src/isaac_ros_nitros/isaac_ros_managed_nitros_examples/custom_nitros_dnn_image_encoder) by extension 'ros'
[0.422s] DEBUG:colcon.colcon_core.package_identification:Package 'isaac_ros_ws/src/isaac_ros_nitros/isaac_ros_managed_nitros_examples/custom_nitros_dnn_image_encoder' with type 'ros.ament_cmake' and name 'custom_nitros_dnn_image_encoder'
[0.422s] Level 1:colcon.colcon_core.package_identification:_identify(isaac_ros_ws/src/isaac_ros_nitros/isaac_ros_managed_nitros_examples/custom_nitros_image) by extensions ['ignore', 'ignore_ament_install']
[0.422s] Level 1:colcon.colcon_core.package_identification:_identify(isaac_ros_ws/src/isaac_ros_nitros/isaac_ros_managed_nitros_examples/custom_nitros_image) by extension 'ignore'
[0.422s] Level 1:colcon.colcon_core.package_identification:_identify(isaac_ros_ws/src/isaac_ros_nitros/isaac_ros_managed_nitros_examples/custom_nitros_image) by extension 'ignore_ament_install'
[0.422s] Level 1:colcon.colcon_core.package_identification:_identify(isaac_ros_ws/src/isaac_ros_nitros/isaac_ros_managed_nitros_examples/custom_nitros_image) by extensions ['colcon_pkg']
[0.422s] Level 1:colcon.colcon_core.package_identification:_identify(isaac_ros_ws/src/isaac_ros_nitros/isaac_ros_managed_nitros_examples/custom_nitros_image) by extension 'colcon_pkg'
[0.422s] Level 1:colcon.colcon_core.package_identification:_identify(isaac_ros_ws/src/isaac_ros_nitros/isaac_ros_managed_nitros_examples/custom_nitros_image) by extensions ['colcon_meta']
[0.422s] Level 1:colcon.colcon_core.package_identification:_identify(isaac_ros_ws/src/isaac_ros_nitros/isaac_ros_managed_nitros_examples/custom_nitros_image) by extension 'colcon_meta'
[0.422s] Level 1:colcon.colcon_core.package_identification:_identify(isaac_ros_ws/src/isaac_ros_nitros/isaac_ros_managed_nitros_examples/custom_nitros_image) by extensions ['ros']
[0.422s] Level 1:colcon.colcon_core.package_identification:_identify(isaac_ros_ws/src/isaac_ros_nitros/isaac_ros_managed_nitros_examples/custom_nitros_image) by extension 'ros'
[0.423s] DEBUG:colcon.colcon_core.package_identification:Package 'isaac_ros_ws/src/isaac_ros_nitros/isaac_ros_managed_nitros_examples/custom_nitros_image' with type 'ros.ament_cmake' and name 'custom_nitros_image'
[0.423s] Level 1:colcon.colcon_core.package_identification:_identify(isaac_ros_ws/src/isaac_ros_nitros/isaac_ros_managed_nitros_examples/custom_nitros_message_filter) by extensions ['ignore', 'ignore_ament_install']
[0.423s] Level 1:colcon.colcon_core.package_identification:_identify(isaac_ros_ws/src/isaac_ros_nitros/isaac_ros_managed_nitros_examples/custom_nitros_message_filter) by extension 'ignore'
[0.423s] Level 1:colcon.colcon_core.package_identification:_identify(isaac_ros_ws/src/isaac_ros_nitros/isaac_ros_managed_nitros_examples/custom_nitros_message_filter) by extension 'ignore_ament_install'
[0.423s] Level 1:colcon.colcon_core.package_identification:_identify(isaac_ros_ws/src/isaac_ros_nitros/isaac_ros_managed_nitros_examples/custom_nitros_message_filter) by extensions ['colcon_pkg']
[0.423s] Level 1:colcon.colcon_core.package_identification:_identify(isaac_ros_ws/src/isaac_ros_nitros/isaac_ros_managed_nitros_examples/custom_nitros_message_filter) by extension 'colcon_pkg'
[0.423s] Level 1:colcon.colcon_core.package_identification:_identify(isaac_ros_ws/src/isaac_ros_nitros/isaac_ros_managed_nitros_examples/custom_nitros_message_filter) by extensions ['colcon_meta']
[0.423s] Level 1:colcon.colcon_core.package_identification:_identify(isaac_ros_ws/src/isaac_ros_nitros/isaac_ros_managed_nitros_examples/custom_nitros_message_filter) by extension 'colcon_meta'
[0.423s] Level 1:colcon.colcon_core.package_identification:_identify(isaac_ros_ws/src/isaac_ros_nitros/isaac_ros_managed_nitros_examples/custom_nitros_message_filter) by extensions ['ros']
[0.423s] Level 1:colcon.colcon_core.package_identification:_identify(isaac_ros_ws/src/isaac_ros_nitros/isaac_ros_managed_nitros_examples/custom_nitros_message_filter) by extension 'ros'
[0.424s] DEBUG:colcon.colcon_core.package_identification:Package 'isaac_ros_ws/src/isaac_ros_nitros/isaac_ros_managed_nitros_examples/custom_nitros_message_filter' with type 'ros.ament_cmake' and name 'custom_nitros_message_filter'
[0.424s] Level 1:colcon.colcon_core.package_identification:_identify(isaac_ros_ws/src/isaac_ros_nitros/isaac_ros_managed_nitros_examples/custom_nitros_message_filter_interfaces) by extensions ['ignore', 'ignore_ament_install']
[0.424s] Level 1:colcon.colcon_core.package_identification:_identify(isaac_ros_ws/src/isaac_ros_nitros/isaac_ros_managed_nitros_examples/custom_nitros_message_filter_interfaces) by extension 'ignore'
[0.424s] Level 1:colcon.colcon_core.package_identification:_identify(isaac_ros_ws/src/isaac_ros_nitros/isaac_ros_managed_nitros_examples/custom_nitros_message_filter_interfaces) by extension 'ignore_ament_install'
[0.424s] Level 1:colcon.colcon_core.package_identification:_identify(isaac_ros_ws/src/isaac_ros_nitros/isaac_ros_managed_nitros_examples/custom_nitros_message_filter_interfaces) by extensions ['colcon_pkg']
[0.424s] Level 1:colcon.colcon_core.package_identification:_identify(isaac_ros_ws/src/isaac_ros_nitros/isaac_ros_managed_nitros_examples/custom_nitros_message_filter_interfaces) by extension 'colcon_pkg'
[0.424s] Level 1:colcon.colcon_core.package_identification:_identify(isaac_ros_ws/src/isaac_ros_nitros/isaac_ros_managed_nitros_examples/custom_nitros_message_filter_interfaces) by extensions ['colcon_meta']
[0.424s] Level 1:colcon.colcon_core.package_identification:_identify(isaac_ros_ws/src/isaac_ros_nitros/isaac_ros_managed_nitros_examples/custom_nitros_message_filter_interfaces) by extension 'colcon_meta'
[0.424s] Level 1:colcon.colcon_core.package_identification:_identify(isaac_ros_ws/src/isaac_ros_nitros/isaac_ros_managed_nitros_examples/custom_nitros_message_filter_interfaces) by extensions ['ros']
[0.424s] Level 1:colcon.colcon_core.package_identification:_identify(isaac_ros_ws/src/isaac_ros_nitros/isaac_ros_managed_nitros_examples/custom_nitros_message_filter_interfaces) by extension 'ros'
[0.425s] DEBUG:colcon.colcon_core.package_identification:Package 'isaac_ros_ws/src/isaac_ros_nitros/isaac_ros_managed_nitros_examples/custom_nitros_message_filter_interfaces' with type 'ros.ament_cmake' and name 'custom_nitros_message_filter_interfaces'
[0.425s] Level 1:colcon.colcon_core.package_identification:_identify(isaac_ros_ws/src/isaac_ros_nitros/isaac_ros_managed_nitros_examples/custom_nitros_string) by extensions ['ignore', 'ignore_ament_install']
[0.425s] Level 1:colcon.colcon_core.package_identification:_identify(isaac_ros_ws/src/isaac_ros_nitros/isaac_ros_managed_nitros_examples/custom_nitros_string) by extension 'ignore'
[0.425s] Level 1:colcon.colcon_core.package_identification:_identify(isaac_ros_ws/src/isaac_ros_nitros/isaac_ros_managed_nitros_examples/custom_nitros_string) by extension 'ignore_ament_install'
[0.425s] Level 1:colcon.colcon_core.package_identification:_identify(isaac_ros_ws/src/isaac_ros_nitros/isaac_ros_managed_nitros_examples/custom_nitros_string) by extensions ['colcon_pkg']
[0.425s] Level 1:colcon.colcon_core.package_identification:_identify(isaac_ros_ws/src/isaac_ros_nitros/isaac_ros_managed_nitros_examples/custom_nitros_string) by extension 'colcon_pkg'
[0.425s] Level 1:colcon.colcon_core.package_identification:_identify(isaac_ros_ws/src/isaac_ros_nitros/isaac_ros_managed_nitros_examples/custom_nitros_string) by extensions ['colcon_meta']
[0.425s] Level 1:colcon.colcon_core.package_identification:_identify(isaac_ros_ws/src/isaac_ros_nitros/isaac_ros_managed_nitros_examples/custom_nitros_string) by extension 'colcon_meta'
[0.425s] Level 1:colcon.colcon_core.package_identification:_identify(isaac_ros_ws/src/isaac_ros_nitros/isaac_ros_managed_nitros_examples/custom_nitros_string) by extensions ['ros']
[0.425s] Level 1:colcon.colcon_core.package_identification:_identify(isaac_ros_ws/src/isaac_ros_nitros/isaac_ros_managed_nitros_examples/custom_nitros_string) by extension 'ros'
[0.426s] DEBUG:colcon.colcon_core.package_identification:Package 'isaac_ros_ws/src/isaac_ros_nitros/isaac_ros_managed_nitros_examples/custom_nitros_string' with type 'ros.ament_cmake' and name 'custom_nitros_string'
[0.426s] Level 1:colcon.colcon_core.package_identification:_identify(isaac_ros_ws/src/isaac_ros_nitros/isaac_ros_nitros) by extensions ['ignore', 'ignore_ament_install']
[0.426s] Level 1:colcon.colcon_core.package_identification:_identify(isaac_ros_ws/src/isaac_ros_nitros/isaac_ros_nitros) by extension 'ignore'
[0.426s] Level 1:colcon.colcon_core.package_identification:_identify(isaac_ros_ws/src/isaac_ros_nitros/isaac_ros_nitros) by extension 'ignore_ament_install'
[0.426s] Level 1:colcon.colcon_core.package_identification:_identify(isaac_ros_ws/src/isaac_ros_nitros/isaac_ros_nitros) by extensions ['colcon_pkg']
[0.426s] Level 1:colcon.colcon_core.package_identification:_identify(isaac_ros_ws/src/isaac_ros_nitros/isaac_ros_nitros) by extension 'colcon_pkg'
[0.426s] Level 1:colcon.colcon_core.package_identification:_identify(isaac_ros_ws/src/isaac_ros_nitros/isaac_ros_nitros) by extensions ['colcon_meta']
[0.426s] Level 1:colcon.colcon_core.package_identification:_identify(isaac_ros_ws/src/isaac_ros_nitros/isaac_ros_nitros) by extension 'colcon_meta'
[0.426s] Level 1:colcon.colcon_core.package_identification:_identify(isaac_ros_ws/src/isaac_ros_nitros/isaac_ros_nitros) by extensions ['ros']
[0.426s] Level 1:colcon.colcon_core.package_identification:_identify(isaac_ros_ws/src/isaac_ros_nitros/isaac_ros_nitros) by extension 'ros'
[0.427s] DEBUG:colcon.colcon_core.package_identification:Package 'isaac_ros_ws/src/isaac_ros_nitros/isaac_ros_nitros' with type 'ros.ament_cmake' and name 'isaac_ros_nitros'
[0.427s] Level 1:colcon.colcon_core.package_identification:_identify(isaac_ros_ws/src/isaac_ros_nitros/isaac_ros_nitros_bridge) by extensions ['ignore', 'ignore_ament_install']
[0.427s] Level 1:colcon.colcon_core.package_identification:_identify(isaac_ros_ws/src/isaac_ros_nitros/isaac_ros_nitros_bridge) by extension 'ignore'
[0.427s] Level 1:colcon.colcon_core.package_identification:_identify(isaac_ros_ws/src/isaac_ros_nitros/isaac_ros_nitros_bridge) by extension 'ignore_ament_install'
[0.427s] Level 1:colcon.colcon_core.package_identification:_identify(isaac_ros_ws/src/isaac_ros_nitros/isaac_ros_nitros_bridge) by extensions ['colcon_pkg']
[0.427s] Level 1:colcon.colcon_core.package_identification:_identify(isaac_ros_ws/src/isaac_ros_nitros/isaac_ros_nitros_bridge) by extension 'colcon_pkg'
[0.427s] Level 1:colcon.colcon_core.package_identification:_identify(isaac_ros_ws/src/isaac_ros_nitros/isaac_ros_nitros_bridge) by extensions ['colcon_meta']
[0.427s] Level 1:colcon.colcon_core.package_identification:_identify(isaac_ros_ws/src/isaac_ros_nitros/isaac_ros_nitros_bridge) by extension 'colcon_meta'
[0.427s] Level 1:colcon.colcon_core.package_identification:_identify(isaac_ros_ws/src/isaac_ros_nitros/isaac_ros_nitros_bridge) by extensions ['ros']
[0.427s] Level 1:colcon.colcon_core.package_identification:_identify(isaac_ros_ws/src/isaac_ros_nitros/isaac_ros_nitros_bridge) by extension 'ros'
[0.427s] Level 1:colcon.colcon_core.package_identification:_identify(isaac_ros_ws/src/isaac_ros_nitros/isaac_ros_nitros_bridge) by extensions ['cmake', 'python']
[0.427s] Level 1:colcon.colcon_core.package_identification:_identify(isaac_ros_ws/src/isaac_ros_nitros/isaac_ros_nitros_bridge) by extension 'cmake'
[0.427s] Level 1:colcon.colcon_core.package_identification:_identify(isaac_ros_ws/src/isaac_ros_nitros/isaac_ros_nitros_bridge) by extension 'python'
[0.427s] Level 1:colcon.colcon_core.package_identification:_identify(isaac_ros_ws/src/isaac_ros_nitros/isaac_ros_nitros_bridge) by extensions ['python_setup_py']
[0.427s] Level 1:colcon.colcon_core.package_identification:_identify(isaac_ros_ws/src/isaac_ros_nitros/isaac_ros_nitros_bridge) by extension 'python_setup_py'
[0.427s] Level 1:colcon.colcon_core.package_identification:_identify(isaac_ros_ws/src/isaac_ros_nitros/isaac_ros_nitros_bridge/config) by extensions ['ignore', 'ignore_ament_install']
[0.427s] Level 1:colcon.colcon_core.package_identification:_identify(isaac_ros_ws/src/isaac_ros_nitros/isaac_ros_nitros_bridge/config) by extension 'ignore'
[0.427s] Level 1:colcon.colcon_core.package_identification:_identify(isaac_ros_ws/src/isaac_ros_nitros/isaac_ros_nitros_bridge/config) by extension 'ignore_ament_install'
[0.427s] Level 1:colcon.colcon_core.package_identification:_identify(isaac_ros_ws/src/isaac_ros_nitros/isaac_ros_nitros_bridge/config) by extensions ['colcon_pkg']
[0.427s] Level 1:colcon.colcon_core.package_identification:_identify(isaac_ros_ws/src/isaac_ros_nitros/isaac_ros_nitros_bridge/config) by extension 'colcon_pkg'
[0.427s] Level 1:colcon.colcon_core.package_identification:_identify(isaac_ros_ws/src/isaac_ros_nitros/isaac_ros_nitros_bridge/config) by extensions ['colcon_meta']
[0.427s] Level 1:colcon.colcon_core.package_identification:_identify(isaac_ros_ws/src/isaac_ros_nitros/isaac_ros_nitros_bridge/config) by extension 'colcon_meta'
[0.427s] Level 1:colcon.colcon_core.package_identification:_identify(isaac_ros_ws/src/isaac_ros_nitros/isaac_ros_nitros_bridge/config) by extensions ['ros']
[0.427s] Level 1:colcon.colcon_core.package_identification:_identify(isaac_ros_ws/src/isaac_ros_nitros/isaac_ros_nitros_bridge/config) by extension 'ros'
[0.427s] Level 1:colcon.colcon_core.package_identification:_identify(isaac_ros_ws/src/isaac_ros_nitros/isaac_ros_nitros_bridge/config) by extensions ['cmake', 'python']
[0.427s] Level 1:colcon.colcon_core.package_identification:_identify(isaac_ros_ws/src/isaac_ros_nitros/isaac_ros_nitros_bridge/config) by extension 'cmake'
[0.427s] Level 1:colcon.colcon_core.package_identification:_identify(isaac_ros_ws/src/isaac_ros_nitros/isaac_ros_nitros_bridge/config) by extension 'python'
[0.427s] Level 1:colcon.colcon_core.package_identification:_identify(isaac_ros_ws/src/isaac_ros_nitros/isaac_ros_nitros_bridge/config) by extensions ['python_setup_py']
[0.427s] Level 1:colcon.colcon_core.package_identification:_identify(isaac_ros_ws/src/isaac_ros_nitros/isaac_ros_nitros_bridge/config) by extension 'python_setup_py'
[0.427s] Level 1:colcon.colcon_core.package_identification:_identify(isaac_ros_ws/src/isaac_ros_nitros/isaac_ros_nitros_bridge/docker) by extensions ['ignore', 'ignore_ament_install']
[0.428s] Level 1:colcon.colcon_core.package_identification:_identify(isaac_ros_ws/src/isaac_ros_nitros/isaac_ros_nitros_bridge/docker) by extension 'ignore'
[0.428s] Level 1:colcon.colcon_core.package_identification:_identify(isaac_ros_ws/src/isaac_ros_nitros/isaac_ros_nitros_bridge/docker) by extension 'ignore_ament_install'
[0.428s] Level 1:colcon.colcon_core.package_identification:_identify(isaac_ros_ws/src/isaac_ros_nitros/isaac_ros_nitros_bridge/docker) by extensions ['colcon_pkg']
[0.428s] Level 1:colcon.colcon_core.package_identification:_identify(isaac_ros_ws/src/isaac_ros_nitros/isaac_ros_nitros_bridge/docker) by extension 'colcon_pkg'
[0.428s] Level 1:colcon.colcon_core.package_identification:_identify(isaac_ros_ws/src/isaac_ros_nitros/isaac_ros_nitros_bridge/docker) by extensions ['colcon_meta']
[0.428s] Level 1:colcon.colcon_core.package_identification:_identify(isaac_ros_ws/src/isaac_ros_nitros/isaac_ros_nitros_bridge/docker) by extension 'colcon_meta'
[0.428s] Level 1:colcon.colcon_core.package_identification:_identify(isaac_ros_ws/src/isaac_ros_nitros/isaac_ros_nitros_bridge/docker) by extensions ['ros']
[0.428s] Level 1:colcon.colcon_core.package_identification:_identify(isaac_ros_ws/src/isaac_ros_nitros/isaac_ros_nitros_bridge/docker) by extension 'ros'
[0.428s] Level 1:colcon.colcon_core.package_identification:_identify(isaac_ros_ws/src/isaac_ros_nitros/isaac_ros_nitros_bridge/docker) by extensions ['cmake', 'python']
[0.428s] Level 1:colcon.colcon_core.package_identification:_identify(isaac_ros_ws/src/isaac_ros_nitros/isaac_ros_nitros_bridge/docker) by extension 'cmake'
[0.428s] Level 1:colcon.colcon_core.package_identification:_identify(isaac_ros_ws/src/isaac_ros_nitros/isaac_ros_nitros_bridge/docker) by extension 'python'
[0.428s] Level 1:colcon.colcon_core.package_identification:_identify(isaac_ros_ws/src/isaac_ros_nitros/isaac_ros_nitros_bridge/docker) by extensions ['python_setup_py']
[0.428s] Level 1:colcon.colcon_core.package_identification:_identify(isaac_ros_ws/src/isaac_ros_nitros/isaac_ros_nitros_bridge/docker) by extension 'python_setup_py'
[0.428s] Level 1:colcon.colcon_core.package_identification:_identify(isaac_ros_ws/src/isaac_ros_nitros/isaac_ros_nitros_bridge/isaac_ros_nitros_bridge_ros2) by extensions ['ignore', 'ignore_ament_install']
[0.428s] Level 1:colcon.colcon_core.package_identification:_identify(isaac_ros_ws/src/isaac_ros_nitros/isaac_ros_nitros_bridge/isaac_ros_nitros_bridge_ros2) by extension 'ignore'
[0.428s] Level 1:colcon.colcon_core.package_identification:_identify(isaac_ros_ws/src/isaac_ros_nitros/isaac_ros_nitros_bridge/isaac_ros_nitros_bridge_ros2) by extension 'ignore_ament_install'
[0.428s] Level 1:colcon.colcon_core.package_identification:_identify(isaac_ros_ws/src/isaac_ros_nitros/isaac_ros_nitros_bridge/isaac_ros_nitros_bridge_ros2) by extensions ['colcon_pkg']
[0.428s] Level 1:colcon.colcon_core.package_identification:_identify(isaac_ros_ws/src/isaac_ros_nitros/isaac_ros_nitros_bridge/isaac_ros_nitros_bridge_ros2) by extension 'colcon_pkg'
[0.428s] Level 1:colcon.colcon_core.package_identification:_identify(isaac_ros_ws/src/isaac_ros_nitros/isaac_ros_nitros_bridge/isaac_ros_nitros_bridge_ros2) by extensions ['colcon_meta']
[0.428s] Level 1:colcon.colcon_core.package_identification:_identify(isaac_ros_ws/src/isaac_ros_nitros/isaac_ros_nitros_bridge/isaac_ros_nitros_bridge_ros2) by extension 'colcon_meta'
[0.428s] Level 1:colcon.colcon_core.package_identification:_identify(isaac_ros_ws/src/isaac_ros_nitros/isaac_ros_nitros_bridge/isaac_ros_nitros_bridge_ros2) by extensions ['ros']
[0.428s] Level 1:colcon.colcon_core.package_identification:_identify(isaac_ros_ws/src/isaac_ros_nitros/isaac_ros_nitros_bridge/isaac_ros_nitros_bridge_ros2) by extension 'ros'
[0.429s] DEBUG:colcon.colcon_core.package_identification:Package 'isaac_ros_ws/src/isaac_ros_nitros/isaac_ros_nitros_bridge/isaac_ros_nitros_bridge_ros2' with type 'ros.ament_cmake' and name 'isaac_ros_nitros_bridge_ros2'
[0.429s] Level 1:colcon.colcon_core.package_identification:_identify(isaac_ros_ws/src/isaac_ros_nitros/isaac_ros_nitros_bridge/resources) by extensions ['ignore', 'ignore_ament_install']
[0.429s] Level 1:colcon.colcon_core.package_identification:_identify(isaac_ros_ws/src/isaac_ros_nitros/isaac_ros_nitros_bridge/resources) by extension 'ignore'
[0.429s] Level 1:colcon.colcon_core.package_identification:_identify(isaac_ros_ws/src/isaac_ros_nitros/isaac_ros_nitros_bridge/resources) by extension 'ignore_ament_install'
[0.429s] Level 1:colcon.colcon_core.package_identification:_identify(isaac_ros_ws/src/isaac_ros_nitros/isaac_ros_nitros_bridge/resources) by extensions ['colcon_pkg']
[0.429s] Level 1:colcon.colcon_core.package_identification:_identify(isaac_ros_ws/src/isaac_ros_nitros/isaac_ros_nitros_bridge/resources) by extension 'colcon_pkg'
[0.429s] Level 1:colcon.colcon_core.package_identification:_identify(isaac_ros_ws/src/isaac_ros_nitros/isaac_ros_nitros_bridge/resources) by extensions ['colcon_meta']
[0.429s] Level 1:colcon.colcon_core.package_identification:_identify(isaac_ros_ws/src/isaac_ros_nitros/isaac_ros_nitros_bridge/resources) by extension 'colcon_meta'
[0.429s] Level 1:colcon.colcon_core.package_identification:_identify(isaac_ros_ws/src/isaac_ros_nitros/isaac_ros_nitros_bridge/resources) by extensions ['ros']
[0.429s] Level 1:colcon.colcon_core.package_identification:_identify(isaac_ros_ws/src/isaac_ros_nitros/isaac_ros_nitros_bridge/resources) by extension 'ros'
[0.429s] Level 1:colcon.colcon_core.package_identification:_identify(isaac_ros_ws/src/isaac_ros_nitros/isaac_ros_nitros_bridge/resources) by extensions ['cmake', 'python']
[0.429s] Level 1:colcon.colcon_core.package_identification:_identify(isaac_ros_ws/src/isaac_ros_nitros/isaac_ros_nitros_bridge/resources) by extension 'cmake'
[0.429s] Level 1:colcon.colcon_core.package_identification:_identify(isaac_ros_ws/src/isaac_ros_nitros/isaac_ros_nitros_bridge/resources) by extension 'python'
[0.429s] Level 1:colcon.colcon_core.package_identification:_identify(isaac_ros_ws/src/isaac_ros_nitros/isaac_ros_nitros_bridge/resources) by extensions ['python_setup_py']
[0.429s] Level 1:colcon.colcon_core.package_identification:_identify(isaac_ros_ws/src/isaac_ros_nitros/isaac_ros_nitros_bridge/resources) by extension 'python_setup_py'
[0.429s] Level 1:colcon.colcon_core.package_identification:_identify(isaac_ros_ws/src/isaac_ros_nitros/isaac_ros_nitros_bridge/resources/quickstart.bag) by extensions ['ignore', 'ignore_ament_install']
[0.429s] Level 1:colcon.colcon_core.package_identification:_identify(isaac_ros_ws/src/isaac_ros_nitros/isaac_ros_nitros_bridge/resources/quickstart.bag) by extension 'ignore'
[0.429s] Level 1:colcon.colcon_core.package_identification:_identify(isaac_ros_ws/src/isaac_ros_nitros/isaac_ros_nitros_bridge/resources/quickstart.bag) by extension 'ignore_ament_install'
[0.429s] Level 1:colcon.colcon_core.package_identification:_identify(isaac_ros_ws/src/isaac_ros_nitros/isaac_ros_nitros_bridge/resources/quickstart.bag) by extensions ['colcon_pkg']
[0.429s] Level 1:colcon.colcon_core.package_identification:_identify(isaac_ros_ws/src/isaac_ros_nitros/isaac_ros_nitros_bridge/resources/quickstart.bag) by extension 'colcon_pkg'
[0.429s] Level 1:colcon.colcon_core.package_identification:_identify(isaac_ros_ws/src/isaac_ros_nitros/isaac_ros_nitros_bridge/resources/quickstart.bag) by extensions ['colcon_meta']
[0.429s] Level 1:colcon.colcon_core.package_identification:_identify(isaac_ros_ws/src/isaac_ros_nitros/isaac_ros_nitros_bridge/resources/quickstart.bag) by extension 'colcon_meta'
[0.429s] Level 1:colcon.colcon_core.package_identification:_identify(isaac_ros_ws/src/isaac_ros_nitros/isaac_ros_nitros_bridge/resources/quickstart.bag) by extensions ['ros']
[0.429s] Level 1:colcon.colcon_core.package_identification:_identify(isaac_ros_ws/src/isaac_ros_nitros/isaac_ros_nitros_bridge/resources/quickstart.bag) by extension 'ros'
[0.429s] Level 1:colcon.colcon_core.package_identification:_identify(isaac_ros_ws/src/isaac_ros_nitros/isaac_ros_nitros_bridge/resources/quickstart.bag) by extensions ['cmake', 'python']
[0.430s] Level 1:colcon.colcon_core.package_identification:_identify(isaac_ros_ws/src/isaac_ros_nitros/isaac_ros_nitros_bridge/resources/quickstart.bag) by extension 'cmake'
[0.430s] Level 1:colcon.colcon_core.package_identification:_identify(isaac_ros_ws/src/isaac_ros_nitros/isaac_ros_nitros_bridge/resources/quickstart.bag) by extension 'python'
[0.430s] Level 1:colcon.colcon_core.package_identification:_identify(isaac_ros_ws/src/isaac_ros_nitros/isaac_ros_nitros_bridge/resources/quickstart.bag) by extensions ['python_setup_py']
[0.430s] Level 1:colcon.colcon_core.package_identification:_identify(isaac_ros_ws/src/isaac_ros_nitros/isaac_ros_nitros_bridge/resources/quickstart.bag) by extension 'python_setup_py'
[0.430s] Level 1:colcon.colcon_core.package_identification:_identify(isaac_ros_ws/src/isaac_ros_nitros/isaac_ros_nitros_bridge/ros1) by extensions ['ignore', 'ignore_ament_install']
[0.430s] Level 1:colcon.colcon_core.package_identification:_identify(isaac_ros_ws/src/isaac_ros_nitros/isaac_ros_nitros_bridge/ros1) by extension 'ignore'
[0.430s] Level 1:colcon.colcon_core.package_identification:_identify(isaac_ros_ws/src/isaac_ros_nitros/isaac_ros_nitros_bridge/ros1) ignored
[0.430s] Level 1:colcon.colcon_core.package_identification:_identify(isaac_ros_ws/src/isaac_ros_nitros/isaac_ros_nitros_bridge/scripts) by extensions ['ignore', 'ignore_ament_install']
[0.430s] Level 1:colcon.colcon_core.package_identification:_identify(isaac_ros_ws/src/isaac_ros_nitros/isaac_ros_nitros_bridge/scripts) by extension 'ignore'
[0.430s] Level 1:colcon.colcon_core.package_identification:_identify(isaac_ros_ws/src/isaac_ros_nitros/isaac_ros_nitros_bridge/scripts) by extension 'ignore_ament_install'
[0.430s] Level 1:colcon.colcon_core.package_identification:_identify(isaac_ros_ws/src/isaac_ros_nitros/isaac_ros_nitros_bridge/scripts) by extensions ['colcon_pkg']
[0.430s] Level 1:colcon.colcon_core.package_identification:_identify(isaac_ros_ws/src/isaac_ros_nitros/isaac_ros_nitros_bridge/scripts) by extension 'colcon_pkg'
[0.430s] Level 1:colcon.colcon_core.package_identification:_identify(isaac_ros_ws/src/isaac_ros_nitros/isaac_ros_nitros_bridge/scripts) by extensions ['colcon_meta']
[0.430s] Level 1:colcon.colcon_core.package_identification:_identify(isaac_ros_ws/src/isaac_ros_nitros/isaac_ros_nitros_bridge/scripts) by extension 'colcon_meta'
[0.430s] Level 1:colcon.colcon_core.package_identification:_identify(isaac_ros_ws/src/isaac_ros_nitros/isaac_ros_nitros_bridge/scripts) by extensions ['ros']
[0.430s] Level 1:colcon.colcon_core.package_identification:_identify(isaac_ros_ws/src/isaac_ros_nitros/isaac_ros_nitros_bridge/scripts) by extension 'ros'
[0.430s] Level 1:colcon.colcon_core.package_identification:_identify(isaac_ros_ws/src/isaac_ros_nitros/isaac_ros_nitros_bridge/scripts) by extensions ['cmake', 'python']
[0.430s] Level 1:colcon.colcon_core.package_identification:_identify(isaac_ros_ws/src/isaac_ros_nitros/isaac_ros_nitros_bridge/scripts) by extension 'cmake'
[0.430s] Level 1:colcon.colcon_core.package_identification:_identify(isaac_ros_ws/src/isaac_ros_nitros/isaac_ros_nitros_bridge/scripts) by extension 'python'
[0.430s] Level 1:colcon.colcon_core.package_identification:_identify(isaac_ros_ws/src/isaac_ros_nitros/isaac_ros_nitros_bridge/scripts) by extensions ['python_setup_py']
[0.430s] Level 1:colcon.colcon_core.package_identification:_identify(isaac_ros_ws/src/isaac_ros_nitros/isaac_ros_nitros_bridge/scripts) by extension 'python_setup_py'
[0.430s] Level 1:colcon.colcon_core.package_identification:_identify(isaac_ros_ws/src/isaac_ros_nitros/isaac_ros_nitros_topic_tools) by extensions ['ignore', 'ignore_ament_install']
[0.430s] Level 1:colcon.colcon_core.package_identification:_identify(isaac_ros_ws/src/isaac_ros_nitros/isaac_ros_nitros_topic_tools) by extension 'ignore'
[0.430s] Level 1:colcon.colcon_core.package_identification:_identify(isaac_ros_ws/src/isaac_ros_nitros/isaac_ros_nitros_topic_tools) by extension 'ignore_ament_install'
[0.430s] Level 1:colcon.colcon_core.package_identification:_identify(isaac_ros_ws/src/isaac_ros_nitros/isaac_ros_nitros_topic_tools) by extensions ['colcon_pkg']
[0.430s] Level 1:colcon.colcon_core.package_identification:_identify(isaac_ros_ws/src/isaac_ros_nitros/isaac_ros_nitros_topic_tools) by extension 'colcon_pkg'
[0.430s] Level 1:colcon.colcon_core.package_identification:_identify(isaac_ros_ws/src/isaac_ros_nitros/isaac_ros_nitros_topic_tools) by extensions ['colcon_meta']
[0.430s] Level 1:colcon.colcon_core.package_identification:_identify(isaac_ros_ws/src/isaac_ros_nitros/isaac_ros_nitros_topic_tools) by extension 'colcon_meta'
[0.430s] Level 1:colcon.colcon_core.package_identification:_identify(isaac_ros_ws/src/isaac_ros_nitros/isaac_ros_nitros_topic_tools) by extensions ['ros']
[0.430s] Level 1:colcon.colcon_core.package_identification:_identify(isaac_ros_ws/src/isaac_ros_nitros/isaac_ros_nitros_topic_tools) by extension 'ros'
[0.431s] DEBUG:colcon.colcon_core.package_identification:Package 'isaac_ros_ws/src/isaac_ros_nitros/isaac_ros_nitros_topic_tools' with type 'ros.ament_cmake' and name 'isaac_ros_nitros_topic_tools'
[0.431s] Level 1:colcon.colcon_core.package_identification:_identify(isaac_ros_ws/src/isaac_ros_nitros/isaac_ros_nitros_type) by extensions ['ignore', 'ignore_ament_install']
[0.431s] Level 1:colcon.colcon_core.package_identification:_identify(isaac_ros_ws/src/isaac_ros_nitros/isaac_ros_nitros_type) by extension 'ignore'
[0.431s] Level 1:colcon.colcon_core.package_identification:_identify(isaac_ros_ws/src/isaac_ros_nitros/isaac_ros_nitros_type) by extension 'ignore_ament_install'
[0.431s] Level 1:colcon.colcon_core.package_identification:_identify(isaac_ros_ws/src/isaac_ros_nitros/isaac_ros_nitros_type) by extensions ['colcon_pkg']
[0.431s] Level 1:colcon.colcon_core.package_identification:_identify(isaac_ros_ws/src/isaac_ros_nitros/isaac_ros_nitros_type) by extension 'colcon_pkg'
[0.431s] Level 1:colcon.colcon_core.package_identification:_identify(isaac_ros_ws/src/isaac_ros_nitros/isaac_ros_nitros_type) by extensions ['colcon_meta']
[0.431s] Level 1:colcon.colcon_core.package_identification:_identify(isaac_ros_ws/src/isaac_ros_nitros/isaac_ros_nitros_type) by extension 'colcon_meta'
[0.431s] Level 1:colcon.colcon_core.package_identification:_identify(isaac_ros_ws/src/isaac_ros_nitros/isaac_ros_nitros_type) by extensions ['ros']
[0.431s] Level 1:colcon.colcon_core.package_identification:_identify(isaac_ros_ws/src/isaac_ros_nitros/isaac_ros_nitros_type) by extension 'ros'
[0.431s] Level 1:colcon.colcon_core.package_identification:_identify(isaac_ros_ws/src/isaac_ros_nitros/isaac_ros_nitros_type) by extensions ['cmake', 'python']
[0.431s] Level 1:colcon.colcon_core.package_identification:_identify(isaac_ros_ws/src/isaac_ros_nitros/isaac_ros_nitros_type) by extension 'cmake'
[0.432s] Level 1:colcon.colcon_core.package_identification:_identify(isaac_ros_ws/src/isaac_ros_nitros/isaac_ros_nitros_type) by extension 'python'
[0.432s] Level 1:colcon.colcon_core.package_identification:_identify(isaac_ros_ws/src/isaac_ros_nitros/isaac_ros_nitros_type) by extensions ['python_setup_py']
[0.432s] Level 1:colcon.colcon_core.package_identification:_identify(isaac_ros_ws/src/isaac_ros_nitros/isaac_ros_nitros_type) by extension 'python_setup_py'
[0.432s] Level 1:colcon.colcon_core.package_identification:_identify(isaac_ros_ws/src/isaac_ros_nitros/isaac_ros_nitros_type/isaac_ros_nitros_battery_state_type) by extensions ['ignore', 'ignore_ament_install']
[0.432s] Level 1:colcon.colcon_core.package_identification:_identify(isaac_ros_ws/src/isaac_ros_nitros/isaac_ros_nitros_type/isaac_ros_nitros_battery_state_type) by extension 'ignore'
[0.432s] Level 1:colcon.colcon_core.package_identification:_identify(isaac_ros_ws/src/isaac_ros_nitros/isaac_ros_nitros_type/isaac_ros_nitros_battery_state_type) by extension 'ignore_ament_install'
[0.432s] Level 1:colcon.colcon_core.package_identification:_identify(isaac_ros_ws/src/isaac_ros_nitros/isaac_ros_nitros_type/isaac_ros_nitros_battery_state_type) by extensions ['colcon_pkg']
[0.432s] Level 1:colcon.colcon_core.package_identification:_identify(isaac_ros_ws/src/isaac_ros_nitros/isaac_ros_nitros_type/isaac_ros_nitros_battery_state_type) by extension 'colcon_pkg'
[0.432s] Level 1:colcon.colcon_core.package_identification:_identify(isaac_ros_ws/src/isaac_ros_nitros/isaac_ros_nitros_type/isaac_ros_nitros_battery_state_type) by extensions ['colcon_meta']
[0.432s] Level 1:colcon.colcon_core.package_identification:_identify(isaac_ros_ws/src/isaac_ros_nitros/isaac_ros_nitros_type/isaac_ros_nitros_battery_state_type) by extension 'colcon_meta'
[0.432s] Level 1:colcon.colcon_core.package_identification:_identify(isaac_ros_ws/src/isaac_ros_nitros/isaac_ros_nitros_type/isaac_ros_nitros_battery_state_type) by extensions ['ros']
[0.432s] Level 1:colcon.colcon_core.package_identification:_identify(isaac_ros_ws/src/isaac_ros_nitros/isaac_ros_nitros_type/isaac_ros_nitros_battery_state_type) by extension 'ros'
[0.433s] DEBUG:colcon.colcon_core.package_identification:Package 'isaac_ros_ws/src/isaac_ros_nitros/isaac_ros_nitros_type/isaac_ros_nitros_battery_state_type' with type 'ros.ament_cmake' and name 'isaac_ros_nitros_battery_state_type'
[0.433s] Level 1:colcon.colcon_core.package_identification:_identify(isaac_ros_ws/src/isaac_ros_nitros/isaac_ros_nitros_type/isaac_ros_nitros_camera_info_type) by extensions ['ignore', 'ignore_ament_install']
[0.433s] Level 1:colcon.colcon_core.package_identification:_identify(isaac_ros_ws/src/isaac_ros_nitros/isaac_ros_nitros_type/isaac_ros_nitros_camera_info_type) by extension 'ignore'
[0.433s] Level 1:colcon.colcon_core.package_identification:_identify(isaac_ros_ws/src/isaac_ros_nitros/isaac_ros_nitros_type/isaac_ros_nitros_camera_info_type) by extension 'ignore_ament_install'
[0.433s] Level 1:colcon.colcon_core.package_identification:_identify(isaac_ros_ws/src/isaac_ros_nitros/isaac_ros_nitros_type/isaac_ros_nitros_camera_info_type) by extensions ['colcon_pkg']
[0.433s] Level 1:colcon.colcon_core.package_identification:_identify(isaac_ros_ws/src/isaac_ros_nitros/isaac_ros_nitros_type/isaac_ros_nitros_camera_info_type) by extension 'colcon_pkg'
[0.433s] Level 1:colcon.colcon_core.package_identification:_identify(isaac_ros_ws/src/isaac_ros_nitros/isaac_ros_nitros_type/isaac_ros_nitros_camera_info_type) by extensions ['colcon_meta']
[0.433s] Level 1:colcon.colcon_core.package_identification:_identify(isaac_ros_ws/src/isaac_ros_nitros/isaac_ros_nitros_type/isaac_ros_nitros_camera_info_type) by extension 'colcon_meta'
[0.433s] Level 1:colcon.colcon_core.package_identification:_identify(isaac_ros_ws/src/isaac_ros_nitros/isaac_ros_nitros_type/isaac_ros_nitros_camera_info_type) by extensions ['ros']
[0.433s] Level 1:colcon.colcon_core.package_identification:_identify(isaac_ros_ws/src/isaac_ros_nitros/isaac_ros_nitros_type/isaac_ros_nitros_camera_info_type) by extension 'ros'
[0.434s] DEBUG:colcon.colcon_core.package_identification:Package 'isaac_ros_ws/src/isaac_ros_nitros/isaac_ros_nitros_type/isaac_ros_nitros_camera_info_type' with type 'ros.ament_cmake' and name 'isaac_ros_nitros_camera_info_type'
[0.434s] Level 1:colcon.colcon_core.package_identification:_identify(isaac_ros_ws/src/isaac_ros_nitros/isaac_ros_nitros_type/isaac_ros_nitros_compressed_image_type) by extensions ['ignore', 'ignore_ament_install']
[0.434s] Level 1:colcon.colcon_core.package_identification:_identify(isaac_ros_ws/src/isaac_ros_nitros/isaac_ros_nitros_type/isaac_ros_nitros_compressed_image_type) by extension 'ignore'
[0.434s] Level 1:colcon.colcon_core.package_identification:_identify(isaac_ros_ws/src/isaac_ros_nitros/isaac_ros_nitros_type/isaac_ros_nitros_compressed_image_type) by extension 'ignore_ament_install'
[0.434s] Level 1:colcon.colcon_core.package_identification:_identify(isaac_ros_ws/src/isaac_ros_nitros/isaac_ros_nitros_type/isaac_ros_nitros_compressed_image_type) by extensions ['colcon_pkg']
[0.434s] Level 1:colcon.colcon_core.package_identification:_identify(isaac_ros_ws/src/isaac_ros_nitros/isaac_ros_nitros_type/isaac_ros_nitros_compressed_image_type) by extension 'colcon_pkg'
[0.434s] Level 1:colcon.colcon_core.package_identification:_identify(isaac_ros_ws/src/isaac_ros_nitros/isaac_ros_nitros_type/isaac_ros_nitros_compressed_image_type) by extensions ['colcon_meta']
[0.434s] Level 1:colcon.colcon_core.package_identification:_identify(isaac_ros_ws/src/isaac_ros_nitros/isaac_ros_nitros_type/isaac_ros_nitros_compressed_image_type) by extension 'colcon_meta'
[0.434s] Level 1:colcon.colcon_core.package_identification:_identify(isaac_ros_ws/src/isaac_ros_nitros/isaac_ros_nitros_type/isaac_ros_nitros_compressed_image_type) by extensions ['ros']
[0.434s] Level 1:colcon.colcon_core.package_identification:_identify(isaac_ros_ws/src/isaac_ros_nitros/isaac_ros_nitros_type/isaac_ros_nitros_compressed_image_type) by extension 'ros'
[0.435s] DEBUG:colcon.colcon_core.package_identification:Package 'isaac_ros_ws/src/isaac_ros_nitros/isaac_ros_nitros_type/isaac_ros_nitros_compressed_image_type' with type 'ros.ament_cmake' and name 'isaac_ros_nitros_compressed_image_type'
[0.435s] Level 1:colcon.colcon_core.package_identification:_identify(isaac_ros_ws/src/isaac_ros_nitros/isaac_ros_nitros_type/isaac_ros_nitros_compressed_video_type) by extensions ['ignore', 'ignore_ament_install']
[0.435s] Level 1:colcon.colcon_core.package_identification:_identify(isaac_ros_ws/src/isaac_ros_nitros/isaac_ros_nitros_type/isaac_ros_nitros_compressed_video_type) by extension 'ignore'
[0.435s] Level 1:colcon.colcon_core.package_identification:_identify(isaac_ros_ws/src/isaac_ros_nitros/isaac_ros_nitros_type/isaac_ros_nitros_compressed_video_type) by extension 'ignore_ament_install'
[0.435s] Level 1:colcon.colcon_core.package_identification:_identify(isaac_ros_ws/src/isaac_ros_nitros/isaac_ros_nitros_type/isaac_ros_nitros_compressed_video_type) by extensions ['colcon_pkg']
[0.435s] Level 1:colcon.colcon_core.package_identification:_identify(isaac_ros_ws/src/isaac_ros_nitros/isaac_ros_nitros_type/isaac_ros_nitros_compressed_video_type) by extension 'colcon_pkg'
[0.435s] Level 1:colcon.colcon_core.package_identification:_identify(isaac_ros_ws/src/isaac_ros_nitros/isaac_ros_nitros_type/isaac_ros_nitros_compressed_video_type) by extensions ['colcon_meta']
[0.435s] Level 1:colcon.colcon_core.package_identification:_identify(isaac_ros_ws/src/isaac_ros_nitros/isaac_ros_nitros_type/isaac_ros_nitros_compressed_video_type) by extension 'colcon_meta'
[0.435s] Level 1:colcon.colcon_core.package_identification:_identify(isaac_ros_ws/src/isaac_ros_nitros/isaac_ros_nitros_type/isaac_ros_nitros_compressed_video_type) by extensions ['ros']
[0.435s] Level 1:colcon.colcon_core.package_identification:_identify(isaac_ros_ws/src/isaac_ros_nitros/isaac_ros_nitros_type/isaac_ros_nitros_compressed_video_type) by extension 'ros'
[0.436s] DEBUG:colcon.colcon_core.package_identification:Package 'isaac_ros_ws/src/isaac_ros_nitros/isaac_ros_nitros_type/isaac_ros_nitros_compressed_video_type' with type 'ros.ament_cmake' and name 'isaac_ros_nitros_compressed_video_type'
[0.436s] Level 1:colcon.colcon_core.package_identification:_identify(isaac_ros_ws/src/isaac_ros_nitros/isaac_ros_nitros_type/isaac_ros_nitros_correlated_timestamp_type) by extensions ['ignore', 'ignore_ament_install']
[0.436s] Level 1:colcon.colcon_core.package_identification:_identify(isaac_ros_ws/src/isaac_ros_nitros/isaac_ros_nitros_type/isaac_ros_nitros_correlated_timestamp_type) by extension 'ignore'
[0.436s] Level 1:colcon.colcon_core.package_identification:_identify(isaac_ros_ws/src/isaac_ros_nitros/isaac_ros_nitros_type/isaac_ros_nitros_correlated_timestamp_type) by extension 'ignore_ament_install'
[0.436s] Level 1:colcon.colcon_core.package_identification:_identify(isaac_ros_ws/src/isaac_ros_nitros/isaac_ros_nitros_type/isaac_ros_nitros_correlated_timestamp_type) by extensions ['colcon_pkg']
[0.436s] Level 1:colcon.colcon_core.package_identification:_identify(isaac_ros_ws/src/isaac_ros_nitros/isaac_ros_nitros_type/isaac_ros_nitros_correlated_timestamp_type) by extension 'colcon_pkg'
[0.436s] Level 1:colcon.colcon_core.package_identification:_identify(isaac_ros_ws/src/isaac_ros_nitros/isaac_ros_nitros_type/isaac_ros_nitros_correlated_timestamp_type) by extensions ['colcon_meta']
[0.436s] Level 1:colcon.colcon_core.package_identification:_identify(isaac_ros_ws/src/isaac_ros_nitros/isaac_ros_nitros_type/isaac_ros_nitros_correlated_timestamp_type) by extension 'colcon_meta'
[0.436s] Level 1:colcon.colcon_core.package_identification:_identify(isaac_ros_ws/src/isaac_ros_nitros/isaac_ros_nitros_type/isaac_ros_nitros_correlated_timestamp_type) by extensions ['ros']
[0.436s] Level 1:colcon.colcon_core.package_identification:_identify(isaac_ros_ws/src/isaac_ros_nitros/isaac_ros_nitros_type/isaac_ros_nitros_correlated_timestamp_type) by extension 'ros'
[0.437s] DEBUG:colcon.colcon_core.package_identification:Package 'isaac_ros_ws/src/isaac_ros_nitros/isaac_ros_nitros_type/isaac_ros_nitros_correlated_timestamp_type' with type 'ros.ament_cmake' and name 'isaac_ros_nitros_correlated_timestamp_type'
[0.437s] Level 1:colcon.colcon_core.package_identification:_identify(isaac_ros_ws/src/isaac_ros_nitros/isaac_ros_nitros_type/isaac_ros_nitros_detection2_d_array_type) by extensions ['ignore', 'ignore_ament_install']
[0.437s] Level 1:colcon.colcon_core.package_identification:_identify(isaac_ros_ws/src/isaac_ros_nitros/isaac_ros_nitros_type/isaac_ros_nitros_detection2_d_array_type) by extension 'ignore'
[0.437s] Level 1:colcon.colcon_core.package_identification:_identify(isaac_ros_ws/src/isaac_ros_nitros/isaac_ros_nitros_type/isaac_ros_nitros_detection2_d_array_type) by extension 'ignore_ament_install'
[0.437s] Level 1:colcon.colcon_core.package_identification:_identify(isaac_ros_ws/src/isaac_ros_nitros/isaac_ros_nitros_type/isaac_ros_nitros_detection2_d_array_type) by extensions ['colcon_pkg']
[0.437s] Level 1:colcon.colcon_core.package_identification:_identify(isaac_ros_ws/src/isaac_ros_nitros/isaac_ros_nitros_type/isaac_ros_nitros_detection2_d_array_type) by extension 'colcon_pkg'
[0.437s] Level 1:colcon.colcon_core.package_identification:_identify(isaac_ros_ws/src/isaac_ros_nitros/isaac_ros_nitros_type/isaac_ros_nitros_detection2_d_array_type) by extensions ['colcon_meta']
[0.437s] Level 1:colcon.colcon_core.package_identification:_identify(isaac_ros_ws/src/isaac_ros_nitros/isaac_ros_nitros_type/isaac_ros_nitros_detection2_d_array_type) by extension 'colcon_meta'
[0.437s] Level 1:colcon.colcon_core.package_identification:_identify(isaac_ros_ws/src/isaac_ros_nitros/isaac_ros_nitros_type/isaac_ros_nitros_detection2_d_array_type) by extensions ['ros']
[0.437s] Level 1:colcon.colcon_core.package_identification:_identify(isaac_ros_ws/src/isaac_ros_nitros/isaac_ros_nitros_type/isaac_ros_nitros_detection2_d_array_type) by extension 'ros'
[0.438s] DEBUG:colcon.colcon_core.package_identification:Package 'isaac_ros_ws/src/isaac_ros_nitros/isaac_ros_nitros_type/isaac_ros_nitros_detection2_d_array_type' with type 'ros.ament_cmake' and name 'isaac_ros_nitros_detection2_d_array_type'
[0.438s] Level 1:colcon.colcon_core.package_identification:_identify(isaac_ros_ws/src/isaac_ros_nitros/isaac_ros_nitros_type/isaac_ros_nitros_detection3_d_array_type) by extensions ['ignore', 'ignore_ament_install']
[0.438s] Level 1:colcon.colcon_core.package_identification:_identify(isaac_ros_ws/src/isaac_ros_nitros/isaac_ros_nitros_type/isaac_ros_nitros_detection3_d_array_type) by extension 'ignore'
[0.438s] Level 1:colcon.colcon_core.package_identification:_identify(isaac_ros_ws/src/isaac_ros_nitros/isaac_ros_nitros_type/isaac_ros_nitros_detection3_d_array_type) by extension 'ignore_ament_install'
[0.438s] Level 1:colcon.colcon_core.package_identification:_identify(isaac_ros_ws/src/isaac_ros_nitros/isaac_ros_nitros_type/isaac_ros_nitros_detection3_d_array_type) by extensions ['colcon_pkg']
[0.438s] Level 1:colcon.colcon_core.package_identification:_identify(isaac_ros_ws/src/isaac_ros_nitros/isaac_ros_nitros_type/isaac_ros_nitros_detection3_d_array_type) by extension 'colcon_pkg'
[0.438s] Level 1:colcon.colcon_core.package_identification:_identify(isaac_ros_ws/src/isaac_ros_nitros/isaac_ros_nitros_type/isaac_ros_nitros_detection3_d_array_type) by extensions ['colcon_meta']
[0.438s] Level 1:colcon.colcon_core.package_identification:_identify(isaac_ros_ws/src/isaac_ros_nitros/isaac_ros_nitros_type/isaac_ros_nitros_detection3_d_array_type) by extension 'colcon_meta'
[0.438s] Level 1:colcon.colcon_core.package_identification:_identify(isaac_ros_ws/src/isaac_ros_nitros/isaac_ros_nitros_type/isaac_ros_nitros_detection3_d_array_type) by extensions ['ros']
[0.438s] Level 1:colcon.colcon_core.package_identification:_identify(isaac_ros_ws/src/isaac_ros_nitros/isaac_ros_nitros_type/isaac_ros_nitros_detection3_d_array_type) by extension 'ros'
[0.439s] DEBUG:colcon.colcon_core.package_identification:Package 'isaac_ros_ws/src/isaac_ros_nitros/isaac_ros_nitros_type/isaac_ros_nitros_detection3_d_array_type' with type 'ros.ament_cmake' and name 'isaac_ros_nitros_detection3_d_array_type'
[0.439s] Level 1:colcon.colcon_core.package_identification:_identify(isaac_ros_ws/src/isaac_ros_nitros/isaac_ros_nitros_type/isaac_ros_nitros_disparity_image_type) by extensions ['ignore', 'ignore_ament_install']
[0.439s] Level 1:colcon.colcon_core.package_identification:_identify(isaac_ros_ws/src/isaac_ros_nitros/isaac_ros_nitros_type/isaac_ros_nitros_disparity_image_type) by extension 'ignore'
[0.439s] Level 1:colcon.colcon_core.package_identification:_identify(isaac_ros_ws/src/isaac_ros_nitros/isaac_ros_nitros_type/isaac_ros_nitros_disparity_image_type) by extension 'ignore_ament_install'
[0.439s] Level 1:colcon.colcon_core.package_identification:_identify(isaac_ros_ws/src/isaac_ros_nitros/isaac_ros_nitros_type/isaac_ros_nitros_disparity_image_type) by extensions ['colcon_pkg']
[0.439s] Level 1:colcon.colcon_core.package_identification:_identify(isaac_ros_ws/src/isaac_ros_nitros/isaac_ros_nitros_type/isaac_ros_nitros_disparity_image_type) by extension 'colcon_pkg'
[0.439s] Level 1:colcon.colcon_core.package_identification:_identify(isaac_ros_ws/src/isaac_ros_nitros/isaac_ros_nitros_type/isaac_ros_nitros_disparity_image_type) by extensions ['colcon_meta']
[0.439s] Level 1:colcon.colcon_core.package_identification:_identify(isaac_ros_ws/src/isaac_ros_nitros/isaac_ros_nitros_type/isaac_ros_nitros_disparity_image_type) by extension 'colcon_meta'
[0.439s] Level 1:colcon.colcon_core.package_identification:_identify(isaac_ros_ws/src/isaac_ros_nitros/isaac_ros_nitros_type/isaac_ros_nitros_disparity_image_type) by extensions ['ros']
[0.439s] Level 1:colcon.colcon_core.package_identification:_identify(isaac_ros_ws/src/isaac_ros_nitros/isaac_ros_nitros_type/isaac_ros_nitros_disparity_image_type) by extension 'ros'
[0.440s] DEBUG:colcon.colcon_core.package_identification:Package 'isaac_ros_ws/src/isaac_ros_nitros/isaac_ros_nitros_type/isaac_ros_nitros_disparity_image_type' with type 'ros.ament_cmake' and name 'isaac_ros_nitros_disparity_image_type'
[0.440s] Level 1:colcon.colcon_core.package_identification:_identify(isaac_ros_ws/src/isaac_ros_nitros/isaac_ros_nitros_type/isaac_ros_nitros_encoder_ticks_type) by extensions ['ignore', 'ignore_ament_install']
[0.440s] Level 1:colcon.colcon_core.package_identification:_identify(isaac_ros_ws/src/isaac_ros_nitros/isaac_ros_nitros_type/isaac_ros_nitros_encoder_ticks_type) by extension 'ignore'
[0.440s] Level 1:colcon.colcon_core.package_identification:_identify(isaac_ros_ws/src/isaac_ros_nitros/isaac_ros_nitros_type/isaac_ros_nitros_encoder_ticks_type) by extension 'ignore_ament_install'
[0.440s] Level 1:colcon.colcon_core.package_identification:_identify(isaac_ros_ws/src/isaac_ros_nitros/isaac_ros_nitros_type/isaac_ros_nitros_encoder_ticks_type) by extensions ['colcon_pkg']
[0.440s] Level 1:colcon.colcon_core.package_identification:_identify(isaac_ros_ws/src/isaac_ros_nitros/isaac_ros_nitros_type/isaac_ros_nitros_encoder_ticks_type) by extension 'colcon_pkg'
[0.440s] Level 1:colcon.colcon_core.package_identification:_identify(isaac_ros_ws/src/isaac_ros_nitros/isaac_ros_nitros_type/isaac_ros_nitros_encoder_ticks_type) by extensions ['colcon_meta']
[0.440s] Level 1:colcon.colcon_core.package_identification:_identify(isaac_ros_ws/src/isaac_ros_nitros/isaac_ros_nitros_type/isaac_ros_nitros_encoder_ticks_type) by extension 'colcon_meta'
[0.440s] Level 1:colcon.colcon_core.package_identification:_identify(isaac_ros_ws/src/isaac_ros_nitros/isaac_ros_nitros_type/isaac_ros_nitros_encoder_ticks_type) by extensions ['ros']
[0.440s] Level 1:colcon.colcon_core.package_identification:_identify(isaac_ros_ws/src/isaac_ros_nitros/isaac_ros_nitros_type/isaac_ros_nitros_encoder_ticks_type) by extension 'ros'
[0.441s] DEBUG:colcon.colcon_core.package_identification:Package 'isaac_ros_ws/src/isaac_ros_nitros/isaac_ros_nitros_type/isaac_ros_nitros_encoder_ticks_type' with type 'ros.ament_cmake' and name 'isaac_ros_nitros_encoder_ticks_type'
[0.441s] Level 1:colcon.colcon_core.package_identification:_identify(isaac_ros_ws/src/isaac_ros_nitros/isaac_ros_nitros_type/isaac_ros_nitros_flat_scan_type) by extensions ['ignore', 'ignore_ament_install']
[0.441s] Level 1:colcon.colcon_core.package_identification:_identify(isaac_ros_ws/src/isaac_ros_nitros/isaac_ros_nitros_type/isaac_ros_nitros_flat_scan_type) by extension 'ignore'
[0.441s] Level 1:colcon.colcon_core.package_identification:_identify(isaac_ros_ws/src/isaac_ros_nitros/isaac_ros_nitros_type/isaac_ros_nitros_flat_scan_type) by extension 'ignore_ament_install'
[0.441s] Level 1:colcon.colcon_core.package_identification:_identify(isaac_ros_ws/src/isaac_ros_nitros/isaac_ros_nitros_type/isaac_ros_nitros_flat_scan_type) by extensions ['colcon_pkg']
[0.441s] Level 1:colcon.colcon_core.package_identification:_identify(isaac_ros_ws/src/isaac_ros_nitros/isaac_ros_nitros_type/isaac_ros_nitros_flat_scan_type) by extension 'colcon_pkg'
[0.441s] Level 1:colcon.colcon_core.package_identification:_identify(isaac_ros_ws/src/isaac_ros_nitros/isaac_ros_nitros_type/isaac_ros_nitros_flat_scan_type) by extensions ['colcon_meta']
[0.441s] Level 1:colcon.colcon_core.package_identification:_identify(isaac_ros_ws/src/isaac_ros_nitros/isaac_ros_nitros_type/isaac_ros_nitros_flat_scan_type) by extension 'colcon_meta'
[0.441s] Level 1:colcon.colcon_core.package_identification:_identify(isaac_ros_ws/src/isaac_ros_nitros/isaac_ros_nitros_type/isaac_ros_nitros_flat_scan_type) by extensions ['ros']
[0.441s] Level 1:colcon.colcon_core.package_identification:_identify(isaac_ros_ws/src/isaac_ros_nitros/isaac_ros_nitros_type/isaac_ros_nitros_flat_scan_type) by extension 'ros'
[0.442s] DEBUG:colcon.colcon_core.package_identification:Package 'isaac_ros_ws/src/isaac_ros_nitros/isaac_ros_nitros_type/isaac_ros_nitros_flat_scan_type' with type 'ros.ament_cmake' and name 'isaac_ros_nitros_flat_scan_type'
[0.442s] Level 1:colcon.colcon_core.package_identification:_identify(isaac_ros_ws/src/isaac_ros_nitros/isaac_ros_nitros_type/isaac_ros_nitros_image_type) by extensions ['ignore', 'ignore_ament_install']
[0.442s] Level 1:colcon.colcon_core.package_identification:_identify(isaac_ros_ws/src/isaac_ros_nitros/isaac_ros_nitros_type/isaac_ros_nitros_image_type) by extension 'ignore'
[0.442s] Level 1:colcon.colcon_core.package_identification:_identify(isaac_ros_ws/src/isaac_ros_nitros/isaac_ros_nitros_type/isaac_ros_nitros_image_type) by extension 'ignore_ament_install'
[0.442s] Level 1:colcon.colcon_core.package_identification:_identify(isaac_ros_ws/src/isaac_ros_nitros/isaac_ros_nitros_type/isaac_ros_nitros_image_type) by extensions ['colcon_pkg']
[0.442s] Level 1:colcon.colcon_core.package_identification:_identify(isaac_ros_ws/src/isaac_ros_nitros/isaac_ros_nitros_type/isaac_ros_nitros_image_type) by extension 'colcon_pkg'
[0.442s] Level 1:colcon.colcon_core.package_identification:_identify(isaac_ros_ws/src/isaac_ros_nitros/isaac_ros_nitros_type/isaac_ros_nitros_image_type) by extensions ['colcon_meta']
[0.442s] Level 1:colcon.colcon_core.package_identification:_identify(isaac_ros_ws/src/isaac_ros_nitros/isaac_ros_nitros_type/isaac_ros_nitros_image_type) by extension 'colcon_meta'
[0.442s] Level 1:colcon.colcon_core.package_identification:_identify(isaac_ros_ws/src/isaac_ros_nitros/isaac_ros_nitros_type/isaac_ros_nitros_image_type) by extensions ['ros']
[0.442s] Level 1:colcon.colcon_core.package_identification:_identify(isaac_ros_ws/src/isaac_ros_nitros/isaac_ros_nitros_type/isaac_ros_nitros_image_type) by extension 'ros'
[0.443s] DEBUG:colcon.colcon_core.package_identification:Package 'isaac_ros_ws/src/isaac_ros_nitros/isaac_ros_nitros_type/isaac_ros_nitros_image_type' with type 'ros.ament_cmake' and name 'isaac_ros_nitros_image_type'
[0.443s] Level 1:colcon.colcon_core.package_identification:_identify(isaac_ros_ws/src/isaac_ros_nitros/isaac_ros_nitros_type/isaac_ros_nitros_imu_type) by extensions ['ignore', 'ignore_ament_install']
[0.443s] Level 1:colcon.colcon_core.package_identification:_identify(isaac_ros_ws/src/isaac_ros_nitros/isaac_ros_nitros_type/isaac_ros_nitros_imu_type) by extension 'ignore'
[0.443s] Level 1:colcon.colcon_core.package_identification:_identify(isaac_ros_ws/src/isaac_ros_nitros/isaac_ros_nitros_type/isaac_ros_nitros_imu_type) by extension 'ignore_ament_install'
[0.443s] Level 1:colcon.colcon_core.package_identification:_identify(isaac_ros_ws/src/isaac_ros_nitros/isaac_ros_nitros_type/isaac_ros_nitros_imu_type) by extensions ['colcon_pkg']
[0.443s] Level 1:colcon.colcon_core.package_identification:_identify(isaac_ros_ws/src/isaac_ros_nitros/isaac_ros_nitros_type/isaac_ros_nitros_imu_type) by extension 'colcon_pkg'
[0.443s] Level 1:colcon.colcon_core.package_identification:_identify(isaac_ros_ws/src/isaac_ros_nitros/isaac_ros_nitros_type/isaac_ros_nitros_imu_type) by extensions ['colcon_meta']
[0.443s] Level 1:colcon.colcon_core.package_identification:_identify(isaac_ros_ws/src/isaac_ros_nitros/isaac_ros_nitros_type/isaac_ros_nitros_imu_type) by extension 'colcon_meta'
[0.443s] Level 1:colcon.colcon_core.package_identification:_identify(isaac_ros_ws/src/isaac_ros_nitros/isaac_ros_nitros_type/isaac_ros_nitros_imu_type) by extensions ['ros']
[0.443s] Level 1:colcon.colcon_core.package_identification:_identify(isaac_ros_ws/src/isaac_ros_nitros/isaac_ros_nitros_type/isaac_ros_nitros_imu_type) by extension 'ros'
[0.444s] DEBUG:colcon.colcon_core.package_identification:Package 'isaac_ros_ws/src/isaac_ros_nitros/isaac_ros_nitros_type/isaac_ros_nitros_imu_type' with type 'ros.ament_cmake' and name 'isaac_ros_nitros_imu_type'
[0.444s] Level 1:colcon.colcon_core.package_identification:_identify(isaac_ros_ws/src/isaac_ros_nitros/isaac_ros_nitros_type/isaac_ros_nitros_occupancy_grid_type) by extensions ['ignore', 'ignore_ament_install']
[0.444s] Level 1:colcon.colcon_core.package_identification:_identify(isaac_ros_ws/src/isaac_ros_nitros/isaac_ros_nitros_type/isaac_ros_nitros_occupancy_grid_type) by extension 'ignore'
[0.444s] Level 1:colcon.colcon_core.package_identification:_identify(isaac_ros_ws/src/isaac_ros_nitros/isaac_ros_nitros_type/isaac_ros_nitros_occupancy_grid_type) by extension 'ignore_ament_install'
[0.444s] Level 1:colcon.colcon_core.package_identification:_identify(isaac_ros_ws/src/isaac_ros_nitros/isaac_ros_nitros_type/isaac_ros_nitros_occupancy_grid_type) by extensions ['colcon_pkg']
[0.444s] Level 1:colcon.colcon_core.package_identification:_identify(isaac_ros_ws/src/isaac_ros_nitros/isaac_ros_nitros_type/isaac_ros_nitros_occupancy_grid_type) by extension 'colcon_pkg'
[0.444s] Level 1:colcon.colcon_core.package_identification:_identify(isaac_ros_ws/src/isaac_ros_nitros/isaac_ros_nitros_type/isaac_ros_nitros_occupancy_grid_type) by extensions ['colcon_meta']
[0.444s] Level 1:colcon.colcon_core.package_identification:_identify(isaac_ros_ws/src/isaac_ros_nitros/isaac_ros_nitros_type/isaac_ros_nitros_occupancy_grid_type) by extension 'colcon_meta'
[0.444s] Level 1:colcon.colcon_core.package_identification:_identify(isaac_ros_ws/src/isaac_ros_nitros/isaac_ros_nitros_type/isaac_ros_nitros_occupancy_grid_type) by extensions ['ros']
[0.444s] Level 1:colcon.colcon_core.package_identification:_identify(isaac_ros_ws/src/isaac_ros_nitros/isaac_ros_nitros_type/isaac_ros_nitros_occupancy_grid_type) by extension 'ros'
[0.445s] DEBUG:colcon.colcon_core.package_identification:Package 'isaac_ros_ws/src/isaac_ros_nitros/isaac_ros_nitros_type/isaac_ros_nitros_occupancy_grid_type' with type 'ros.ament_cmake' and name 'isaac_ros_nitros_occupancy_grid_type'
[0.445s] Level 1:colcon.colcon_core.package_identification:_identify(isaac_ros_ws/src/isaac_ros_nitros/isaac_ros_nitros_type/isaac_ros_nitros_odometry_type) by extensions ['ignore', 'ignore_ament_install']
[0.445s] Level 1:colcon.colcon_core.package_identification:_identify(isaac_ros_ws/src/isaac_ros_nitros/isaac_ros_nitros_type/isaac_ros_nitros_odometry_type) by extension 'ignore'
[0.445s] Level 1:colcon.colcon_core.package_identification:_identify(isaac_ros_ws/src/isaac_ros_nitros/isaac_ros_nitros_type/isaac_ros_nitros_odometry_type) by extension 'ignore_ament_install'
[0.445s] Level 1:colcon.colcon_core.package_identification:_identify(isaac_ros_ws/src/isaac_ros_nitros/isaac_ros_nitros_type/isaac_ros_nitros_odometry_type) by extensions ['colcon_pkg']
[0.445s] Level 1:colcon.colcon_core.package_identification:_identify(isaac_ros_ws/src/isaac_ros_nitros/isaac_ros_nitros_type/isaac_ros_nitros_odometry_type) by extension 'colcon_pkg'
[0.445s] Level 1:colcon.colcon_core.package_identification:_identify(isaac_ros_ws/src/isaac_ros_nitros/isaac_ros_nitros_type/isaac_ros_nitros_odometry_type) by extensions ['colcon_meta']
[0.445s] Level 1:colcon.colcon_core.package_identification:_identify(isaac_ros_ws/src/isaac_ros_nitros/isaac_ros_nitros_type/isaac_ros_nitros_odometry_type) by extension 'colcon_meta'
[0.445s] Level 1:colcon.colcon_core.package_identification:_identify(isaac_ros_ws/src/isaac_ros_nitros/isaac_ros_nitros_type/isaac_ros_nitros_odometry_type) by extensions ['ros']
[0.445s] Level 1:colcon.colcon_core.package_identification:_identify(isaac_ros_ws/src/isaac_ros_nitros/isaac_ros_nitros_type/isaac_ros_nitros_odometry_type) by extension 'ros'
[0.446s] DEBUG:colcon.colcon_core.package_identification:Package 'isaac_ros_ws/src/isaac_ros_nitros/isaac_ros_nitros_type/isaac_ros_nitros_odometry_type' with type 'ros.ament_cmake' and name 'isaac_ros_nitros_odometry_type'
[0.446s] Level 1:colcon.colcon_core.package_identification:_identify(isaac_ros_ws/src/isaac_ros_nitros/isaac_ros_nitros_type/isaac_ros_nitros_point_cloud_type) by extensions ['ignore', 'ignore_ament_install']
[0.446s] Level 1:colcon.colcon_core.package_identification:_identify(isaac_ros_ws/src/isaac_ros_nitros/isaac_ros_nitros_type/isaac_ros_nitros_point_cloud_type) by extension 'ignore'
[0.446s] Level 1:colcon.colcon_core.package_identification:_identify(isaac_ros_ws/src/isaac_ros_nitros/isaac_ros_nitros_type/isaac_ros_nitros_point_cloud_type) by extension 'ignore_ament_install'
[0.446s] Level 1:colcon.colcon_core.package_identification:_identify(isaac_ros_ws/src/isaac_ros_nitros/isaac_ros_nitros_type/isaac_ros_nitros_point_cloud_type) by extensions ['colcon_pkg']
[0.446s] Level 1:colcon.colcon_core.package_identification:_identify(isaac_ros_ws/src/isaac_ros_nitros/isaac_ros_nitros_type/isaac_ros_nitros_point_cloud_type) by extension 'colcon_pkg'
[0.446s] Level 1:colcon.colcon_core.package_identification:_identify(isaac_ros_ws/src/isaac_ros_nitros/isaac_ros_nitros_type/isaac_ros_nitros_point_cloud_type) by extensions ['colcon_meta']
[0.446s] Level 1:colcon.colcon_core.package_identification:_identify(isaac_ros_ws/src/isaac_ros_nitros/isaac_ros_nitros_type/isaac_ros_nitros_point_cloud_type) by extension 'colcon_meta'
[0.446s] Level 1:colcon.colcon_core.package_identification:_identify(isaac_ros_ws/src/isaac_ros_nitros/isaac_ros_nitros_type/isaac_ros_nitros_point_cloud_type) by extensions ['ros']
[0.446s] Level 1:colcon.colcon_core.package_identification:_identify(isaac_ros_ws/src/isaac_ros_nitros/isaac_ros_nitros_type/isaac_ros_nitros_point_cloud_type) by extension 'ros'
[0.447s] DEBUG:colcon.colcon_core.package_identification:Package 'isaac_ros_ws/src/isaac_ros_nitros/isaac_ros_nitros_type/isaac_ros_nitros_point_cloud_type' with type 'ros.ament_cmake' and name 'isaac_ros_nitros_point_cloud_type'
[0.447s] Level 1:colcon.colcon_core.package_identification:_identify(isaac_ros_ws/src/isaac_ros_nitros/isaac_ros_nitros_type/isaac_ros_nitros_pose_array_type) by extensions ['ignore', 'ignore_ament_install']
[0.447s] Level 1:colcon.colcon_core.package_identification:_identify(isaac_ros_ws/src/isaac_ros_nitros/isaac_ros_nitros_type/isaac_ros_nitros_pose_array_type) by extension 'ignore'
[0.447s] Level 1:colcon.colcon_core.package_identification:_identify(isaac_ros_ws/src/isaac_ros_nitros/isaac_ros_nitros_type/isaac_ros_nitros_pose_array_type) by extension 'ignore_ament_install'
[0.447s] Level 1:colcon.colcon_core.package_identification:_identify(isaac_ros_ws/src/isaac_ros_nitros/isaac_ros_nitros_type/isaac_ros_nitros_pose_array_type) by extensions ['colcon_pkg']
[0.447s] Level 1:colcon.colcon_core.package_identification:_identify(isaac_ros_ws/src/isaac_ros_nitros/isaac_ros_nitros_type/isaac_ros_nitros_pose_array_type) by extension 'colcon_pkg'
[0.447s] Level 1:colcon.colcon_core.package_identification:_identify(isaac_ros_ws/src/isaac_ros_nitros/isaac_ros_nitros_type/isaac_ros_nitros_pose_array_type) by extensions ['colcon_meta']
[0.447s] Level 1:colcon.colcon_core.package_identification:_identify(isaac_ros_ws/src/isaac_ros_nitros/isaac_ros_nitros_type/isaac_ros_nitros_pose_array_type) by extension 'colcon_meta'
[0.447s] Level 1:colcon.colcon_core.package_identification:_identify(isaac_ros_ws/src/isaac_ros_nitros/isaac_ros_nitros_type/isaac_ros_nitros_pose_array_type) by extensions ['ros']
[0.447s] Level 1:colcon.colcon_core.package_identification:_identify(isaac_ros_ws/src/isaac_ros_nitros/isaac_ros_nitros_type/isaac_ros_nitros_pose_array_type) by extension 'ros'
[0.447s] DEBUG:colcon.colcon_core.package_identification:Package 'isaac_ros_ws/src/isaac_ros_nitros/isaac_ros_nitros_type/isaac_ros_nitros_pose_array_type' with type 'ros.ament_cmake' and name 'isaac_ros_nitros_pose_array_type'
[0.448s] Level 1:colcon.colcon_core.package_identification:_identify(isaac_ros_ws/src/isaac_ros_nitros/isaac_ros_nitros_type/isaac_ros_nitros_pose_cov_stamped_type) by extensions ['ignore', 'ignore_ament_install']
[0.448s] Level 1:colcon.colcon_core.package_identification:_identify(isaac_ros_ws/src/isaac_ros_nitros/isaac_ros_nitros_type/isaac_ros_nitros_pose_cov_stamped_type) by extension 'ignore'
[0.448s] Level 1:colcon.colcon_core.package_identification:_identify(isaac_ros_ws/src/isaac_ros_nitros/isaac_ros_nitros_type/isaac_ros_nitros_pose_cov_stamped_type) by extension 'ignore_ament_install'
[0.448s] Level 1:colcon.colcon_core.package_identification:_identify(isaac_ros_ws/src/isaac_ros_nitros/isaac_ros_nitros_type/isaac_ros_nitros_pose_cov_stamped_type) by extensions ['colcon_pkg']
[0.448s] Level 1:colcon.colcon_core.package_identification:_identify(isaac_ros_ws/src/isaac_ros_nitros/isaac_ros_nitros_type/isaac_ros_nitros_pose_cov_stamped_type) by extension 'colcon_pkg'
[0.448s] Level 1:colcon.colcon_core.package_identification:_identify(isaac_ros_ws/src/isaac_ros_nitros/isaac_ros_nitros_type/isaac_ros_nitros_pose_cov_stamped_type) by extensions ['colcon_meta']
[0.448s] Level 1:colcon.colcon_core.package_identification:_identify(isaac_ros_ws/src/isaac_ros_nitros/isaac_ros_nitros_type/isaac_ros_nitros_pose_cov_stamped_type) by extension 'colcon_meta'
[0.448s] Level 1:colcon.colcon_core.package_identification:_identify(isaac_ros_ws/src/isaac_ros_nitros/isaac_ros_nitros_type/isaac_ros_nitros_pose_cov_stamped_type) by extensions ['ros']
[0.448s] Level 1:colcon.colcon_core.package_identification:_identify(isaac_ros_ws/src/isaac_ros_nitros/isaac_ros_nitros_type/isaac_ros_nitros_pose_cov_stamped_type) by extension 'ros'
[0.449s] DEBUG:colcon.colcon_core.package_identification:Package 'isaac_ros_ws/src/isaac_ros_nitros/isaac_ros_nitros_type/isaac_ros_nitros_pose_cov_stamped_type' with type 'ros.ament_cmake' and name 'isaac_ros_nitros_pose_cov_stamped_type'
[0.449s] Level 1:colcon.colcon_core.package_identification:_identify(isaac_ros_ws/src/isaac_ros_nitros/isaac_ros_nitros_type/isaac_ros_nitros_std_msg_type) by extensions ['ignore', 'ignore_ament_install']
[0.449s] Level 1:colcon.colcon_core.package_identification:_identify(isaac_ros_ws/src/isaac_ros_nitros/isaac_ros_nitros_type/isaac_ros_nitros_std_msg_type) by extension 'ignore'
[0.449s] Level 1:colcon.colcon_core.package_identification:_identify(isaac_ros_ws/src/isaac_ros_nitros/isaac_ros_nitros_type/isaac_ros_nitros_std_msg_type) by extension 'ignore_ament_install'
[0.449s] Level 1:colcon.colcon_core.package_identification:_identify(isaac_ros_ws/src/isaac_ros_nitros/isaac_ros_nitros_type/isaac_ros_nitros_std_msg_type) by extensions ['colcon_pkg']
[0.449s] Level 1:colcon.colcon_core.package_identification:_identify(isaac_ros_ws/src/isaac_ros_nitros/isaac_ros_nitros_type/isaac_ros_nitros_std_msg_type) by extension 'colcon_pkg'
[0.449s] Level 1:colcon.colcon_core.package_identification:_identify(isaac_ros_ws/src/isaac_ros_nitros/isaac_ros_nitros_type/isaac_ros_nitros_std_msg_type) by extensions ['colcon_meta']
[0.449s] Level 1:colcon.colcon_core.package_identification:_identify(isaac_ros_ws/src/isaac_ros_nitros/isaac_ros_nitros_type/isaac_ros_nitros_std_msg_type) by extension 'colcon_meta'
[0.449s] Level 1:colcon.colcon_core.package_identification:_identify(isaac_ros_ws/src/isaac_ros_nitros/isaac_ros_nitros_type/isaac_ros_nitros_std_msg_type) by extensions ['ros']
[0.449s] Level 1:colcon.colcon_core.package_identification:_identify(isaac_ros_ws/src/isaac_ros_nitros/isaac_ros_nitros_type/isaac_ros_nitros_std_msg_type) by extension 'ros'
[0.450s] DEBUG:colcon.colcon_core.package_identification:Package 'isaac_ros_ws/src/isaac_ros_nitros/isaac_ros_nitros_type/isaac_ros_nitros_std_msg_type' with type 'ros.ament_cmake' and name 'isaac_ros_nitros_std_msg_type'
[0.450s] Level 1:colcon.colcon_core.package_identification:_identify(isaac_ros_ws/src/isaac_ros_nitros/isaac_ros_nitros_type/isaac_ros_nitros_tensor_list_type) by extensions ['ignore', 'ignore_ament_install']
[0.450s] Level 1:colcon.colcon_core.package_identification:_identify(isaac_ros_ws/src/isaac_ros_nitros/isaac_ros_nitros_type/isaac_ros_nitros_tensor_list_type) by extension 'ignore'
[0.450s] Level 1:colcon.colcon_core.package_identification:_identify(isaac_ros_ws/src/isaac_ros_nitros/isaac_ros_nitros_type/isaac_ros_nitros_tensor_list_type) by extension 'ignore_ament_install'
[0.450s] Level 1:colcon.colcon_core.package_identification:_identify(isaac_ros_ws/src/isaac_ros_nitros/isaac_ros_nitros_type/isaac_ros_nitros_tensor_list_type) by extensions ['colcon_pkg']
[0.450s] Level 1:colcon.colcon_core.package_identification:_identify(isaac_ros_ws/src/isaac_ros_nitros/isaac_ros_nitros_type/isaac_ros_nitros_tensor_list_type) by extension 'colcon_pkg'
[0.450s] Level 1:colcon.colcon_core.package_identification:_identify(isaac_ros_ws/src/isaac_ros_nitros/isaac_ros_nitros_type/isaac_ros_nitros_tensor_list_type) by extensions ['colcon_meta']
[0.450s] Level 1:colcon.colcon_core.package_identification:_identify(isaac_ros_ws/src/isaac_ros_nitros/isaac_ros_nitros_type/isaac_ros_nitros_tensor_list_type) by extension 'colcon_meta'
[0.450s] Level 1:colcon.colcon_core.package_identification:_identify(isaac_ros_ws/src/isaac_ros_nitros/isaac_ros_nitros_type/isaac_ros_nitros_tensor_list_type) by extensions ['ros']
[0.450s] Level 1:colcon.colcon_core.package_identification:_identify(isaac_ros_ws/src/isaac_ros_nitros/isaac_ros_nitros_type/isaac_ros_nitros_tensor_list_type) by extension 'ros'
[0.450s] DEBUG:colcon.colcon_core.package_identification:Package 'isaac_ros_ws/src/isaac_ros_nitros/isaac_ros_nitros_type/isaac_ros_nitros_tensor_list_type' with type 'ros.ament_cmake' and name 'isaac_ros_nitros_tensor_list_type'
[0.450s] Level 1:colcon.colcon_core.package_identification:_identify(isaac_ros_ws/src/isaac_ros_nitros/isaac_ros_nitros_type/isaac_ros_nitros_twist_type) by extensions ['ignore', 'ignore_ament_install']
[0.451s] Level 1:colcon.colcon_core.package_identification:_identify(isaac_ros_ws/src/isaac_ros_nitros/isaac_ros_nitros_type/isaac_ros_nitros_twist_type) by extension 'ignore'
[0.451s] Level 1:colcon.colcon_core.package_identification:_identify(isaac_ros_ws/src/isaac_ros_nitros/isaac_ros_nitros_type/isaac_ros_nitros_twist_type) by extension 'ignore_ament_install'
[0.451s] Level 1:colcon.colcon_core.package_identification:_identify(isaac_ros_ws/src/isaac_ros_nitros/isaac_ros_nitros_type/isaac_ros_nitros_twist_type) by extensions ['colcon_pkg']
[0.451s] Level 1:colcon.colcon_core.package_identification:_identify(isaac_ros_ws/src/isaac_ros_nitros/isaac_ros_nitros_type/isaac_ros_nitros_twist_type) by extension 'colcon_pkg'
[0.451s] Level 1:colcon.colcon_core.package_identification:_identify(isaac_ros_ws/src/isaac_ros_nitros/isaac_ros_nitros_type/isaac_ros_nitros_twist_type) by extensions ['colcon_meta']
[0.451s] Level 1:colcon.colcon_core.package_identification:_identify(isaac_ros_ws/src/isaac_ros_nitros/isaac_ros_nitros_type/isaac_ros_nitros_twist_type) by extension 'colcon_meta'
[0.451s] Level 1:colcon.colcon_core.package_identification:_identify(isaac_ros_ws/src/isaac_ros_nitros/isaac_ros_nitros_type/isaac_ros_nitros_twist_type) by extensions ['ros']
[0.451s] Level 1:colcon.colcon_core.package_identification:_identify(isaac_ros_ws/src/isaac_ros_nitros/isaac_ros_nitros_type/isaac_ros_nitros_twist_type) by extension 'ros'
[0.451s] DEBUG:colcon.colcon_core.package_identification:Package 'isaac_ros_ws/src/isaac_ros_nitros/isaac_ros_nitros_type/isaac_ros_nitros_twist_type' with type 'ros.ament_cmake' and name 'isaac_ros_nitros_twist_type'
[0.451s] Level 1:colcon.colcon_core.package_identification:_identify(isaac_ros_ws/src/isaac_ros_nitros/isaac_ros_pynitros) by extensions ['ignore', 'ignore_ament_install']
[0.452s] Level 1:colcon.colcon_core.package_identification:_identify(isaac_ros_ws/src/isaac_ros_nitros/isaac_ros_pynitros) by extension 'ignore'
[0.452s] Level 1:colcon.colcon_core.package_identification:_identify(isaac_ros_ws/src/isaac_ros_nitros/isaac_ros_pynitros) by extension 'ignore_ament_install'
[0.452s] Level 1:colcon.colcon_core.package_identification:_identify(isaac_ros_ws/src/isaac_ros_nitros/isaac_ros_pynitros) by extensions ['colcon_pkg']
[0.452s] Level 1:colcon.colcon_core.package_identification:_identify(isaac_ros_ws/src/isaac_ros_nitros/isaac_ros_pynitros) by extension 'colcon_pkg'
[0.452s] Level 1:colcon.colcon_core.package_identification:_identify(isaac_ros_ws/src/isaac_ros_nitros/isaac_ros_pynitros) by extensions ['colcon_meta']
[0.452s] Level 1:colcon.colcon_core.package_identification:_identify(isaac_ros_ws/src/isaac_ros_nitros/isaac_ros_pynitros) by extension 'colcon_meta'
[0.452s] Level 1:colcon.colcon_core.package_identification:_identify(isaac_ros_ws/src/isaac_ros_nitros/isaac_ros_pynitros) by extensions ['ros']
[0.452s] Level 1:colcon.colcon_core.package_identification:_identify(isaac_ros_ws/src/isaac_ros_nitros/isaac_ros_pynitros) by extension 'ros'
[0.452s] DEBUG:colcon.colcon_core.package_identification:Package 'isaac_ros_ws/src/isaac_ros_nitros/isaac_ros_pynitros' with type 'ros.ament_python' and name 'isaac_ros_pynitros'
[0.452s] Level 1:colcon.colcon_core.package_identification:_identify(isaac_ros_ws/src/isaac_ros_visual_odometry) by extensions ['ignore', 'ignore_ament_install']
[0.452s] Level 1:colcon.colcon_core.package_identification:_identify(isaac_ros_ws/src/isaac_ros_visual_odometry) by extension 'ignore'
[0.452s] Level 1:colcon.colcon_core.package_identification:_identify(isaac_ros_ws/src/isaac_ros_visual_odometry) by extension 'ignore_ament_install'
[0.452s] Level 1:colcon.colcon_core.package_identification:_identify(isaac_ros_ws/src/isaac_ros_visual_odometry) by extensions ['colcon_pkg']
[0.452s] Level 1:colcon.colcon_core.package_identification:_identify(isaac_ros_ws/src/isaac_ros_visual_odometry) by extension 'colcon_pkg'
[0.452s] Level 1:colcon.colcon_core.package_identification:_identify(isaac_ros_ws/src/isaac_ros_visual_odometry) by extensions ['colcon_meta']
[0.452s] Level 1:colcon.colcon_core.package_identification:_identify(isaac_ros_ws/src/isaac_ros_visual_odometry) by extension 'colcon_meta'
[0.452s] Level 1:colcon.colcon_core.package_identification:_identify(isaac_ros_ws/src/isaac_ros_visual_odometry) by extensions ['ros']
[0.452s] Level 1:colcon.colcon_core.package_identification:_identify(isaac_ros_ws/src/isaac_ros_visual_odometry) by extension 'ros'
[0.453s] Level 1:colcon.colcon_core.package_identification:_identify(isaac_ros_ws/src/isaac_ros_visual_odometry) by extensions ['cmake', 'python']
[0.453s] Level 1:colcon.colcon_core.package_identification:_identify(isaac_ros_ws/src/isaac_ros_visual_odometry) by extension 'cmake'
[0.453s] Level 1:colcon.colcon_core.package_identification:_identify(isaac_ros_ws/src/isaac_ros_visual_odometry) by extension 'python'
[0.453s] Level 1:colcon.colcon_core.package_identification:_identify(isaac_ros_ws/src/isaac_ros_visual_odometry) by extensions ['python_setup_py']
[0.453s] Level 1:colcon.colcon_core.package_identification:_identify(isaac_ros_ws/src/isaac_ros_visual_odometry) by extension 'python_setup_py'
[0.453s] Level 1:colcon.colcon_core.package_identification:_identify(isaac_ros_ws/src/ros2_benchmark) by extensions ['ignore', 'ignore_ament_install']
[0.453s] Level 1:colcon.colcon_core.package_identification:_identify(isaac_ros_ws/src/ros2_benchmark) by extension 'ignore'
[0.453s] Level 1:colcon.colcon_core.package_identification:_identify(isaac_ros_ws/src/ros2_benchmark) by extension 'ignore_ament_install'
[0.453s] Level 1:colcon.colcon_core.package_identification:_identify(isaac_ros_ws/src/ros2_benchmark) by extensions ['colcon_pkg']
[0.453s] Level 1:colcon.colcon_core.package_identification:_identify(isaac_ros_ws/src/ros2_benchmark) by extension 'colcon_pkg'
[0.453s] Level 1:colcon.colcon_core.package_identification:_identify(isaac_ros_ws/src/ros2_benchmark) by extensions ['colcon_meta']
[0.453s] Level 1:colcon.colcon_core.package_identification:_identify(isaac_ros_ws/src/ros2_benchmark) by extension 'colcon_meta'
[0.453s] Level 1:colcon.colcon_core.package_identification:_identify(isaac_ros_ws/src/ros2_benchmark) by extensions ['ros']
[0.453s] Level 1:colcon.colcon_core.package_identification:_identify(isaac_ros_ws/src/ros2_benchmark) by extension 'ros'
[0.453s] Level 1:colcon.colcon_core.package_identification:_identify(isaac_ros_ws/src/ros2_benchmark) by extensions ['cmake', 'python']
[0.453s] Level 1:colcon.colcon_core.package_identification:_identify(isaac_ros_ws/src/ros2_benchmark) by extension 'cmake'
[0.453s] Level 1:colcon.colcon_core.package_identification:_identify(isaac_ros_ws/src/ros2_benchmark) by extension 'python'
[0.453s] Level 1:colcon.colcon_core.package_identification:_identify(isaac_ros_ws/src/ros2_benchmark) by extensions ['python_setup_py']
[0.453s] Level 1:colcon.colcon_core.package_identification:_identify(isaac_ros_ws/src/ros2_benchmark) by extension 'python_setup_py'
[0.453s] Level 1:colcon.colcon_core.package_identification:_identify(isaac_ros_ws/src/ros2_benchmark/assets) by extensions ['ignore', 'ignore_ament_install']
[0.453s] Level 1:colcon.colcon_core.package_identification:_identify(isaac_ros_ws/src/ros2_benchmark/assets) by extension 'ignore'
[0.453s] Level 1:colcon.colcon_core.package_identification:_identify(isaac_ros_ws/src/ros2_benchmark/assets) by extension 'ignore_ament_install'
[0.453s] Level 1:colcon.colcon_core.package_identification:_identify(isaac_ros_ws/src/ros2_benchmark/assets) by extensions ['colcon_pkg']
[0.453s] Level 1:colcon.colcon_core.package_identification:_identify(isaac_ros_ws/src/ros2_benchmark/assets) by extension 'colcon_pkg'
[0.453s] Level 1:colcon.colcon_core.package_identification:_identify(isaac_ros_ws/src/ros2_benchmark/assets) by extensions ['colcon_meta']
[0.453s] Level 1:colcon.colcon_core.package_identification:_identify(isaac_ros_ws/src/ros2_benchmark/assets) by extension 'colcon_meta'
[0.453s] Level 1:colcon.colcon_core.package_identification:_identify(isaac_ros_ws/src/ros2_benchmark/assets) by extensions ['ros']
[0.453s] Level 1:colcon.colcon_core.package_identification:_identify(isaac_ros_ws/src/ros2_benchmark/assets) by extension 'ros'
[0.453s] Level 1:colcon.colcon_core.package_identification:_identify(isaac_ros_ws/src/ros2_benchmark/assets) by extensions ['cmake', 'python']
[0.453s] Level 1:colcon.colcon_core.package_identification:_identify(isaac_ros_ws/src/ros2_benchmark/assets) by extension 'cmake'
[0.453s] Level 1:colcon.colcon_core.package_identification:_identify(isaac_ros_ws/src/ros2_benchmark/assets) by extension 'python'
[0.453s] Level 1:colcon.colcon_core.package_identification:_identify(isaac_ros_ws/src/ros2_benchmark/assets) by extensions ['python_setup_py']
[0.453s] Level 1:colcon.colcon_core.package_identification:_identify(isaac_ros_ws/src/ros2_benchmark/assets) by extension 'python_setup_py'
[0.453s] Level 1:colcon.colcon_core.package_identification:_identify(isaac_ros_ws/src/ros2_benchmark/assets/configs) by extensions ['ignore', 'ignore_ament_install']
[0.453s] Level 1:colcon.colcon_core.package_identification:_identify(isaac_ros_ws/src/ros2_benchmark/assets/configs) by extension 'ignore'
[0.453s] Level 1:colcon.colcon_core.package_identification:_identify(isaac_ros_ws/src/ros2_benchmark/assets/configs) by extension 'ignore_ament_install'
[0.453s] Level 1:colcon.colcon_core.package_identification:_identify(isaac_ros_ws/src/ros2_benchmark/assets/configs) by extensions ['colcon_pkg']
[0.453s] Level 1:colcon.colcon_core.package_identification:_identify(isaac_ros_ws/src/ros2_benchmark/assets/configs) by extension 'colcon_pkg'
[0.454s] Level 1:colcon.colcon_core.package_identification:_identify(isaac_ros_ws/src/ros2_benchmark/assets/configs) by extensions ['colcon_meta']
[0.454s] Level 1:colcon.colcon_core.package_identification:_identify(isaac_ros_ws/src/ros2_benchmark/assets/configs) by extension 'colcon_meta'
[0.454s] Level 1:colcon.colcon_core.package_identification:_identify(isaac_ros_ws/src/ros2_benchmark/assets/configs) by extensions ['ros']
[0.454s] Level 1:colcon.colcon_core.package_identification:_identify(isaac_ros_ws/src/ros2_benchmark/assets/configs) by extension 'ros'
[0.454s] Level 1:colcon.colcon_core.package_identification:_identify(isaac_ros_ws/src/ros2_benchmark/assets/configs) by extensions ['cmake', 'python']
[0.454s] Level 1:colcon.colcon_core.package_identification:_identify(isaac_ros_ws/src/ros2_benchmark/assets/configs) by extension 'cmake'
[0.454s] Level 1:colcon.colcon_core.package_identification:_identify(isaac_ros_ws/src/ros2_benchmark/assets/configs) by extension 'python'
[0.454s] Level 1:colcon.colcon_core.package_identification:_identify(isaac_ros_ws/src/ros2_benchmark/assets/configs) by extensions ['python_setup_py']
[0.454s] Level 1:colcon.colcon_core.package_identification:_identify(isaac_ros_ws/src/ros2_benchmark/assets/configs) by extension 'python_setup_py'
[0.454s] Level 1:colcon.colcon_core.package_identification:_identify(isaac_ros_ws/src/ros2_benchmark/assets/datasets) by extensions ['ignore', 'ignore_ament_install']
[0.454s] Level 1:colcon.colcon_core.package_identification:_identify(isaac_ros_ws/src/ros2_benchmark/assets/datasets) by extension 'ignore'
[0.454s] Level 1:colcon.colcon_core.package_identification:_identify(isaac_ros_ws/src/ros2_benchmark/assets/datasets) by extension 'ignore_ament_install'
[0.454s] Level 1:colcon.colcon_core.package_identification:_identify(isaac_ros_ws/src/ros2_benchmark/assets/datasets) by extensions ['colcon_pkg']
[0.454s] Level 1:colcon.colcon_core.package_identification:_identify(isaac_ros_ws/src/ros2_benchmark/assets/datasets) by extension 'colcon_pkg'
[0.454s] Level 1:colcon.colcon_core.package_identification:_identify(isaac_ros_ws/src/ros2_benchmark/assets/datasets) by extensions ['colcon_meta']
[0.454s] Level 1:colcon.colcon_core.package_identification:_identify(isaac_ros_ws/src/ros2_benchmark/assets/datasets) by extension 'colcon_meta'
[0.454s] Level 1:colcon.colcon_core.package_identification:_identify(isaac_ros_ws/src/ros2_benchmark/assets/datasets) by extensions ['ros']
[0.454s] Level 1:colcon.colcon_core.package_identification:_identify(isaac_ros_ws/src/ros2_benchmark/assets/datasets) by extension 'ros'
[0.454s] Level 1:colcon.colcon_core.package_identification:_identify(isaac_ros_ws/src/ros2_benchmark/assets/datasets) by extensions ['cmake', 'python']
[0.454s] Level 1:colcon.colcon_core.package_identification:_identify(isaac_ros_ws/src/ros2_benchmark/assets/datasets) by extension 'cmake'
[0.454s] Level 1:colcon.colcon_core.package_identification:_identify(isaac_ros_ws/src/ros2_benchmark/assets/datasets) by extension 'python'
[0.454s] Level 1:colcon.colcon_core.package_identification:_identify(isaac_ros_ws/src/ros2_benchmark/assets/datasets) by extensions ['python_setup_py']
[0.454s] Level 1:colcon.colcon_core.package_identification:_identify(isaac_ros_ws/src/ros2_benchmark/assets/datasets) by extension 'python_setup_py'
[0.454s] Level 1:colcon.colcon_core.package_identification:_identify(isaac_ros_ws/src/ros2_benchmark/assets/models) by extensions ['ignore', 'ignore_ament_install']
[0.454s] Level 1:colcon.colcon_core.package_identification:_identify(isaac_ros_ws/src/ros2_benchmark/assets/models) by extension 'ignore'
[0.454s] Level 1:colcon.colcon_core.package_identification:_identify(isaac_ros_ws/src/ros2_benchmark/assets/models) by extension 'ignore_ament_install'
[0.454s] Level 1:colcon.colcon_core.package_identification:_identify(isaac_ros_ws/src/ros2_benchmark/assets/models) by extensions ['colcon_pkg']
[0.454s] Level 1:colcon.colcon_core.package_identification:_identify(isaac_ros_ws/src/ros2_benchmark/assets/models) by extension 'colcon_pkg'
[0.454s] Level 1:colcon.colcon_core.package_identification:_identify(isaac_ros_ws/src/ros2_benchmark/assets/models) by extensions ['colcon_meta']
[0.454s] Level 1:colcon.colcon_core.package_identification:_identify(isaac_ros_ws/src/ros2_benchmark/assets/models) by extension 'colcon_meta'
[0.454s] Level 1:colcon.colcon_core.package_identification:_identify(isaac_ros_ws/src/ros2_benchmark/assets/models) by extensions ['ros']
[0.454s] Level 1:colcon.colcon_core.package_identification:_identify(isaac_ros_ws/src/ros2_benchmark/assets/models) by extension 'ros'
[0.454s] Level 1:colcon.colcon_core.package_identification:_identify(isaac_ros_ws/src/ros2_benchmark/assets/models) by extensions ['cmake', 'python']
[0.454s] Level 1:colcon.colcon_core.package_identification:_identify(isaac_ros_ws/src/ros2_benchmark/assets/models) by extension 'cmake'
[0.454s] Level 1:colcon.colcon_core.package_identification:_identify(isaac_ros_ws/src/ros2_benchmark/assets/models) by extension 'python'
[0.454s] Level 1:colcon.colcon_core.package_identification:_identify(isaac_ros_ws/src/ros2_benchmark/assets/models) by extensions ['python_setup_py']
[0.454s] Level 1:colcon.colcon_core.package_identification:_identify(isaac_ros_ws/src/ros2_benchmark/assets/models) by extension 'python_setup_py'
[0.454s] Level 1:colcon.colcon_core.package_identification:_identify(isaac_ros_ws/src/ros2_benchmark/resources) by extensions ['ignore', 'ignore_ament_install']
[0.455s] Level 1:colcon.colcon_core.package_identification:_identify(isaac_ros_ws/src/ros2_benchmark/resources) by extension 'ignore'
[0.455s] Level 1:colcon.colcon_core.package_identification:_identify(isaac_ros_ws/src/ros2_benchmark/resources) by extension 'ignore_ament_install'
[0.455s] Level 1:colcon.colcon_core.package_identification:_identify(isaac_ros_ws/src/ros2_benchmark/resources) by extensions ['colcon_pkg']
[0.455s] Level 1:colcon.colcon_core.package_identification:_identify(isaac_ros_ws/src/ros2_benchmark/resources) by extension 'colcon_pkg'
[0.455s] Level 1:colcon.colcon_core.package_identification:_identify(isaac_ros_ws/src/ros2_benchmark/resources) by extensions ['colcon_meta']
[0.455s] Level 1:colcon.colcon_core.package_identification:_identify(isaac_ros_ws/src/ros2_benchmark/resources) by extension 'colcon_meta'
[0.455s] Level 1:colcon.colcon_core.package_identification:_identify(isaac_ros_ws/src/ros2_benchmark/resources) by extensions ['ros']
[0.455s] Level 1:colcon.colcon_core.package_identification:_identify(isaac_ros_ws/src/ros2_benchmark/resources) by extension 'ros'
[0.455s] Level 1:colcon.colcon_core.package_identification:_identify(isaac_ros_ws/src/ros2_benchmark/resources) by extensions ['cmake', 'python']
[0.455s] Level 1:colcon.colcon_core.package_identification:_identify(isaac_ros_ws/src/ros2_benchmark/resources) by extension 'cmake'
[0.455s] Level 1:colcon.colcon_core.package_identification:_identify(isaac_ros_ws/src/ros2_benchmark/resources) by extension 'python'
[0.455s] Level 1:colcon.colcon_core.package_identification:_identify(isaac_ros_ws/src/ros2_benchmark/resources) by extensions ['python_setup_py']
[0.455s] Level 1:colcon.colcon_core.package_identification:_identify(isaac_ros_ws/src/ros2_benchmark/resources) by extension 'python_setup_py'
[0.455s] Level 1:colcon.colcon_core.package_identification:_identify(isaac_ros_ws/src/ros2_benchmark/resources/patch) by extensions ['ignore', 'ignore_ament_install']
[0.455s] Level 1:colcon.colcon_core.package_identification:_identify(isaac_ros_ws/src/ros2_benchmark/resources/patch) by extension 'ignore'
[0.455s] Level 1:colcon.colcon_core.package_identification:_identify(isaac_ros_ws/src/ros2_benchmark/resources/patch) by extension 'ignore_ament_install'
[0.455s] Level 1:colcon.colcon_core.package_identification:_identify(isaac_ros_ws/src/ros2_benchmark/resources/patch) by extensions ['colcon_pkg']
[0.455s] Level 1:colcon.colcon_core.package_identification:_identify(isaac_ros_ws/src/ros2_benchmark/resources/patch) by extension 'colcon_pkg'
[0.455s] Level 1:colcon.colcon_core.package_identification:_identify(isaac_ros_ws/src/ros2_benchmark/resources/patch) by extensions ['colcon_meta']
[0.455s] Level 1:colcon.colcon_core.package_identification:_identify(isaac_ros_ws/src/ros2_benchmark/resources/patch) by extension 'colcon_meta'
[0.455s] Level 1:colcon.colcon_core.package_identification:_identify(isaac_ros_ws/src/ros2_benchmark/resources/patch) by extensions ['ros']
[0.455s] Level 1:colcon.colcon_core.package_identification:_identify(isaac_ros_ws/src/ros2_benchmark/resources/patch) by extension 'ros'
[0.455s] Level 1:colcon.colcon_core.package_identification:_identify(isaac_ros_ws/src/ros2_benchmark/resources/patch) by extensions ['cmake', 'python']
[0.455s] Level 1:colcon.colcon_core.package_identification:_identify(isaac_ros_ws/src/ros2_benchmark/resources/patch) by extension 'cmake'
[0.455s] Level 1:colcon.colcon_core.package_identification:_identify(isaac_ros_ws/src/ros2_benchmark/resources/patch) by extension 'python'
[0.455s] Level 1:colcon.colcon_core.package_identification:_identify(isaac_ros_ws/src/ros2_benchmark/resources/patch) by extensions ['python_setup_py']
[0.455s] Level 1:colcon.colcon_core.package_identification:_identify(isaac_ros_ws/src/ros2_benchmark/resources/patch) by extension 'python_setup_py'
[0.455s] Level 1:colcon.colcon_core.package_identification:_identify(isaac_ros_ws/src/ros2_benchmark/results) by extensions ['ignore', 'ignore_ament_install']
[0.455s] Level 1:colcon.colcon_core.package_identification:_identify(isaac_ros_ws/src/ros2_benchmark/results) by extension 'ignore'
[0.455s] Level 1:colcon.colcon_core.package_identification:_identify(isaac_ros_ws/src/ros2_benchmark/results) by extension 'ignore_ament_install'
[0.455s] Level 1:colcon.colcon_core.package_identification:_identify(isaac_ros_ws/src/ros2_benchmark/results) by extensions ['colcon_pkg']
[0.455s] Level 1:colcon.colcon_core.package_identification:_identify(isaac_ros_ws/src/ros2_benchmark/results) by extension 'colcon_pkg'
[0.455s] Level 1:colcon.colcon_core.package_identification:_identify(isaac_ros_ws/src/ros2_benchmark/results) by extensions ['colcon_meta']
[0.455s] Level 1:colcon.colcon_core.package_identification:_identify(isaac_ros_ws/src/ros2_benchmark/results) by extension 'colcon_meta'
[0.455s] Level 1:colcon.colcon_core.package_identification:_identify(isaac_ros_ws/src/ros2_benchmark/results) by extensions ['ros']
[0.455s] Level 1:colcon.colcon_core.package_identification:_identify(isaac_ros_ws/src/ros2_benchmark/results) by extension 'ros'
[0.455s] Level 1:colcon.colcon_core.package_identification:_identify(isaac_ros_ws/src/ros2_benchmark/results) by extensions ['cmake', 'python']
[0.455s] Level 1:colcon.colcon_core.package_identification:_identify(isaac_ros_ws/src/ros2_benchmark/results) by extension 'cmake'
[0.455s] Level 1:colcon.colcon_core.package_identification:_identify(isaac_ros_ws/src/ros2_benchmark/results) by extension 'python'
[0.456s] Level 1:colcon.colcon_core.package_identification:_identify(isaac_ros_ws/src/ros2_benchmark/results) by extensions ['python_setup_py']
[0.456s] Level 1:colcon.colcon_core.package_identification:_identify(isaac_ros_ws/src/ros2_benchmark/results) by extension 'python_setup_py'
[0.456s] Level 1:colcon.colcon_core.package_identification:_identify(isaac_ros_ws/src/ros2_benchmark/ros2_benchmark) by extensions ['ignore', 'ignore_ament_install']
[0.456s] Level 1:colcon.colcon_core.package_identification:_identify(isaac_ros_ws/src/ros2_benchmark/ros2_benchmark) by extension 'ignore'
[0.456s] Level 1:colcon.colcon_core.package_identification:_identify(isaac_ros_ws/src/ros2_benchmark/ros2_benchmark) by extension 'ignore_ament_install'
[0.456s] Level 1:colcon.colcon_core.package_identification:_identify(isaac_ros_ws/src/ros2_benchmark/ros2_benchmark) by extensions ['colcon_pkg']
[0.456s] Level 1:colcon.colcon_core.package_identification:_identify(isaac_ros_ws/src/ros2_benchmark/ros2_benchmark) by extension 'colcon_pkg'
[0.456s] Level 1:colcon.colcon_core.package_identification:_identify(isaac_ros_ws/src/ros2_benchmark/ros2_benchmark) by extensions ['colcon_meta']
[0.456s] Level 1:colcon.colcon_core.package_identification:_identify(isaac_ros_ws/src/ros2_benchmark/ros2_benchmark) by extension 'colcon_meta'
[0.456s] Level 1:colcon.colcon_core.package_identification:_identify(isaac_ros_ws/src/ros2_benchmark/ros2_benchmark) by extensions ['ros']
[0.456s] Level 1:colcon.colcon_core.package_identification:_identify(isaac_ros_ws/src/ros2_benchmark/ros2_benchmark) by extension 'ros'
[0.457s] DEBUG:colcon.colcon_core.package_identification:Package 'isaac_ros_ws/src/ros2_benchmark/ros2_benchmark' with type 'ros.ament_cmake' and name 'ros2_benchmark'
[0.457s] Level 1:colcon.colcon_core.package_identification:_identify(isaac_ros_ws/src/ros2_benchmark/ros2_benchmark_interfaces) by extensions ['ignore', 'ignore_ament_install']
[0.457s] Level 1:colcon.colcon_core.package_identification:_identify(isaac_ros_ws/src/ros2_benchmark/ros2_benchmark_interfaces) by extension 'ignore'
[0.457s] Level 1:colcon.colcon_core.package_identification:_identify(isaac_ros_ws/src/ros2_benchmark/ros2_benchmark_interfaces) by extension 'ignore_ament_install'
[0.457s] Level 1:colcon.colcon_core.package_identification:_identify(isaac_ros_ws/src/ros2_benchmark/ros2_benchmark_interfaces) by extensions ['colcon_pkg']
[0.457s] Level 1:colcon.colcon_core.package_identification:_identify(isaac_ros_ws/src/ros2_benchmark/ros2_benchmark_interfaces) by extension 'colcon_pkg'
[0.457s] Level 1:colcon.colcon_core.package_identification:_identify(isaac_ros_ws/src/ros2_benchmark/ros2_benchmark_interfaces) by extensions ['colcon_meta']
[0.457s] Level 1:colcon.colcon_core.package_identification:_identify(isaac_ros_ws/src/ros2_benchmark/ros2_benchmark_interfaces) by extension 'colcon_meta'
[0.457s] Level 1:colcon.colcon_core.package_identification:_identify(isaac_ros_ws/src/ros2_benchmark/ros2_benchmark_interfaces) by extensions ['ros']
[0.457s] Level 1:colcon.colcon_core.package_identification:_identify(isaac_ros_ws/src/ros2_benchmark/ros2_benchmark_interfaces) by extension 'ros'
[0.457s] DEBUG:colcon.colcon_core.package_identification:Package 'isaac_ros_ws/src/ros2_benchmark/ros2_benchmark_interfaces' with type 'ros.ament_cmake' and name 'ros2_benchmark_interfaces'
[0.458s] Level 1:colcon.colcon_core.package_identification:_identify(isaac_ros_ws/src/ros2_benchmark/scripts) by extensions ['ignore', 'ignore_ament_install']
[0.458s] Level 1:colcon.colcon_core.package_identification:_identify(isaac_ros_ws/src/ros2_benchmark/scripts) by extension 'ignore'
[0.458s] Level 1:colcon.colcon_core.package_identification:_identify(isaac_ros_ws/src/ros2_benchmark/scripts) by extension 'ignore_ament_install'
[0.458s] Level 1:colcon.colcon_core.package_identification:_identify(isaac_ros_ws/src/ros2_benchmark/scripts) by extensions ['colcon_pkg']
[0.458s] Level 1:colcon.colcon_core.package_identification:_identify(isaac_ros_ws/src/ros2_benchmark/scripts) by extension 'colcon_pkg'
[0.458s] Level 1:colcon.colcon_core.package_identification:_identify(isaac_ros_ws/src/ros2_benchmark/scripts) by extensions ['colcon_meta']
[0.458s] Level 1:colcon.colcon_core.package_identification:_identify(isaac_ros_ws/src/ros2_benchmark/scripts) by extension 'colcon_meta'
[0.458s] Level 1:colcon.colcon_core.package_identification:_identify(isaac_ros_ws/src/ros2_benchmark/scripts) by extensions ['ros']
[0.458s] Level 1:colcon.colcon_core.package_identification:_identify(isaac_ros_ws/src/ros2_benchmark/scripts) by extension 'ros'
[0.458s] Level 1:colcon.colcon_core.package_identification:_identify(isaac_ros_ws/src/ros2_benchmark/scripts) by extensions ['cmake', 'python']
[0.458s] Level 1:colcon.colcon_core.package_identification:_identify(isaac_ros_ws/src/ros2_benchmark/scripts) by extension 'cmake'
[0.458s] Level 1:colcon.colcon_core.package_identification:_identify(isaac_ros_ws/src/ros2_benchmark/scripts) by extension 'python'
[0.458s] Level 1:colcon.colcon_core.package_identification:_identify(isaac_ros_ws/src/ros2_benchmark/scripts) by extensions ['python_setup_py']
[0.458s] Level 1:colcon.colcon_core.package_identification:_identify(isaac_ros_ws/src/ros2_benchmark/scripts) by extension 'python_setup_py'
[0.458s] Level 1:colcon.colcon_core.package_identification:_identify(isaac_ros_ws/src/scene_description_system) by extensions ['ignore', 'ignore_ament_install']
[0.458s] Level 1:colcon.colcon_core.package_identification:_identify(isaac_ros_ws/src/scene_description_system) by extension 'ignore'
[0.458s] Level 1:colcon.colcon_core.package_identification:_identify(isaac_ros_ws/src/scene_description_system) by extension 'ignore_ament_install'
[0.458s] Level 1:colcon.colcon_core.package_identification:_identify(isaac_ros_ws/src/scene_description_system) by extensions ['colcon_pkg']
[0.458s] Level 1:colcon.colcon_core.package_identification:_identify(isaac_ros_ws/src/scene_description_system) by extension 'colcon_pkg'
[0.458s] Level 1:colcon.colcon_core.package_identification:_identify(isaac_ros_ws/src/scene_description_system) by extensions ['colcon_meta']
[0.458s] Level 1:colcon.colcon_core.package_identification:_identify(isaac_ros_ws/src/scene_description_system) by extension 'colcon_meta'
[0.458s] Level 1:colcon.colcon_core.package_identification:_identify(isaac_ros_ws/src/scene_description_system) by extensions ['ros']
[0.458s] Level 1:colcon.colcon_core.package_identification:_identify(isaac_ros_ws/src/scene_description_system) by extension 'ros'
[0.459s] DEBUG:colcon.colcon_core.package_identification:Package 'isaac_ros_ws/src/scene_description_system' with type 'ros.ament_python' and name 'scene_description_system'
[0.459s] Level 1:colcon.colcon_core.package_identification:_identify(isaac_ros_ws/src/shared_interfaces) by extensions ['ignore', 'ignore_ament_install']
[0.459s] Level 1:colcon.colcon_core.package_identification:_identify(isaac_ros_ws/src/shared_interfaces) by extension 'ignore'
[0.459s] Level 1:colcon.colcon_core.package_identification:_identify(isaac_ros_ws/src/shared_interfaces) by extension 'ignore_ament_install'
[0.459s] Level 1:colcon.colcon_core.package_identification:_identify(isaac_ros_ws/src/shared_interfaces) by extensions ['colcon_pkg']
[0.459s] Level 1:colcon.colcon_core.package_identification:_identify(isaac_ros_ws/src/shared_interfaces) by extension 'colcon_pkg'
[0.459s] Level 1:colcon.colcon_core.package_identification:_identify(isaac_ros_ws/src/shared_interfaces) by extensions ['colcon_meta']
[0.459s] Level 1:colcon.colcon_core.package_identification:_identify(isaac_ros_ws/src/shared_interfaces) by extension 'colcon_meta'
[0.459s] Level 1:colcon.colcon_core.package_identification:_identify(isaac_ros_ws/src/shared_interfaces) by extensions ['ros']
[0.459s] Level 1:colcon.colcon_core.package_identification:_identify(isaac_ros_ws/src/shared_interfaces) by extension 'ros'
[0.459s] DEBUG:colcon.colcon_core.package_identification:Package 'isaac_ros_ws/src/shared_interfaces' with type 'ros.ament_cmake' and name 'shared_interfaces'
[0.460s] Level 1:colcon.colcon_core.package_identification:_identify(isaac_ros_ws/src/traffic_crossing_assistant) by extensions ['ignore', 'ignore_ament_install']
[0.460s] Level 1:colcon.colcon_core.package_identification:_identify(isaac_ros_ws/src/traffic_crossing_assistant) by extension 'ignore'
[0.460s] Level 1:colcon.colcon_core.package_identification:_identify(isaac_ros_ws/src/traffic_crossing_assistant) by extension 'ignore_ament_install'
[0.460s] Level 1:colcon.colcon_core.package_identification:_identify(isaac_ros_ws/src/traffic_crossing_assistant) by extensions ['colcon_pkg']
[0.460s] Level 1:colcon.colcon_core.package_identification:_identify(isaac_ros_ws/src/traffic_crossing_assistant) by extension 'colcon_pkg'
[0.460s] Level 1:colcon.colcon_core.package_identification:_identify(isaac_ros_ws/src/traffic_crossing_assistant) by extensions ['colcon_meta']
[0.460s] Level 1:colcon.colcon_core.package_identification:_identify(isaac_ros_ws/src/traffic_crossing_assistant) by extension 'colcon_meta'
[0.460s] Level 1:colcon.colcon_core.package_identification:_identify(isaac_ros_ws/src/traffic_crossing_assistant) by extensions ['ros']
[0.460s] Level 1:colcon.colcon_core.package_identification:_identify(isaac_ros_ws/src/traffic_crossing_assistant) by extension 'ros'
[0.460s] DEBUG:colcon.colcon_core.package_identification:Package 'isaac_ros_ws/src/traffic_crossing_assistant' with type 'ros.ament_python' and name 'traffic_crossing_assistant'
[0.460s] Level 1:colcon.colcon_core.package_identification:_identify(isaac_ros_ws/src/vlm_scene_understanding) by extensions ['ignore', 'ignore_ament_install']
[0.460s] Level 1:colcon.colcon_core.package_identification:_identify(isaac_ros_ws/src/vlm_scene_understanding) by extension 'ignore'
[0.460s] Level 1:colcon.colcon_core.package_identification:_identify(isaac_ros_ws/src/vlm_scene_understanding) by extension 'ignore_ament_install'
[0.460s] Level 1:colcon.colcon_core.package_identification:_identify(isaac_ros_ws/src/vlm_scene_understanding) by extensions ['colcon_pkg']
[0.460s] Level 1:colcon.colcon_core.package_identification:_identify(isaac_ros_ws/src/vlm_scene_understanding) by extension 'colcon_pkg'
[0.460s] Level 1:colcon.colcon_core.package_identification:_identify(isaac_ros_ws/src/vlm_scene_understanding) by extensions ['colcon_meta']
[0.460s] Level 1:colcon.colcon_core.package_identification:_identify(isaac_ros_ws/src/vlm_scene_understanding) by extension 'colcon_meta'
[0.460s] Level 1:colcon.colcon_core.package_identification:_identify(isaac_ros_ws/src/vlm_scene_understanding) by extensions ['ros']
[0.460s] Level 1:colcon.colcon_core.package_identification:_identify(isaac_ros_ws/src/vlm_scene_understanding) by extension 'ros'
[0.461s] DEBUG:colcon.colcon_core.package_identification:Package 'isaac_ros_ws/src/vlm_scene_understanding' with type 'ros.ament_python' and name 'vlm_scene_understanding'
[0.461s] Level 1:colcon.colcon_core.package_identification:_identify(isaac_ros_ws/src/yolov8_bdd100k_detection) by extensions ['ignore', 'ignore_ament_install']
[0.461s] Level 1:colcon.colcon_core.package_identification:_identify(isaac_ros_ws/src/yolov8_bdd100k_detection) by extension 'ignore'
[0.461s] Level 1:colcon.colcon_core.package_identification:_identify(isaac_ros_ws/src/yolov8_bdd100k_detection) by extension 'ignore_ament_install'
[0.461s] Level 1:colcon.colcon_core.package_identification:_identify(isaac_ros_ws/src/yolov8_bdd100k_detection) by extensions ['colcon_pkg']
[0.461s] Level 1:colcon.colcon_core.package_identification:_identify(isaac_ros_ws/src/yolov8_bdd100k_detection) by extension 'colcon_pkg'
[0.461s] Level 1:colcon.colcon_core.package_identification:_identify(isaac_ros_ws/src/yolov8_bdd100k_detection) by extensions ['colcon_meta']
[0.461s] Level 1:colcon.colcon_core.package_identification:_identify(isaac_ros_ws/src/yolov8_bdd100k_detection) by extension 'colcon_meta'
[0.461s] Level 1:colcon.colcon_core.package_identification:_identify(isaac_ros_ws/src/yolov8_bdd100k_detection) by extensions ['ros']
[0.461s] Level 1:colcon.colcon_core.package_identification:_identify(isaac_ros_ws/src/yolov8_bdd100k_detection) by extension 'ros'
[0.462s] DEBUG:colcon.colcon_core.package_identification:Package 'isaac_ros_ws/src/yolov8_bdd100k_detection' with type 'ros.ament_python' and name 'yolov8_bdd100k_detection'
[0.462s] Level 1:colcon.colcon_core.package_identification:_identify(log) by extensions ['ignore', 'ignore_ament_install']
[0.462s] Level 1:colcon.colcon_core.package_identification:_identify(log) by extension 'ignore'
[0.462s] Level 1:colcon.colcon_core.package_identification:_identify(log) ignored
[0.463s] Level 1:colcon.colcon_core.package_identification:_identify(microros_ws) by extensions ['ignore', 'ignore_ament_install']
[0.463s] Level 1:colcon.colcon_core.package_identification:_identify(microros_ws) by extension 'ignore'
[0.463s] Level 1:colcon.colcon_core.package_identification:_identify(microros_ws) by extension 'ignore_ament_install'
[0.463s] Level 1:colcon.colcon_core.package_identification:_identify(microros_ws) by extensions ['colcon_pkg']
[0.463s] Level 1:colcon.colcon_core.package_identification:_identify(microros_ws) by extension 'colcon_pkg'
[0.463s] Level 1:colcon.colcon_core.package_identification:_identify(microros_ws) by extensions ['colcon_meta']
[0.463s] Level 1:colcon.colcon_core.package_identification:_identify(microros_ws) by extension 'colcon_meta'
[0.463s] Level 1:colcon.colcon_core.package_identification:_identify(microros_ws) by extensions ['ros']
[0.463s] Level 1:colcon.colcon_core.package_identification:_identify(microros_ws) by extension 'ros'
[0.463s] Level 1:colcon.colcon_core.package_identification:_identify(microros_ws) by extensions ['cmake', 'python']
[0.463s] Level 1:colcon.colcon_core.package_identification:_identify(microros_ws) by extension 'cmake'
[0.463s] Level 1:colcon.colcon_core.package_identification:_identify(microros_ws) by extension 'python'
[0.463s] Level 1:colcon.colcon_core.package_identification:_identify(microros_ws) by extensions ['python_setup_py']
[0.463s] Level 1:colcon.colcon_core.package_identification:_identify(microros_ws) by extension 'python_setup_py'
[0.463s] Level 1:colcon.colcon_core.package_identification:_identify(microros_ws/build) by extensions ['ignore', 'ignore_ament_install']
[0.463s] Level 1:colcon.colcon_core.package_identification:_identify(microros_ws/build) by extension 'ignore'
[0.463s] Level 1:colcon.colcon_core.package_identification:_identify(microros_ws/build) ignored
[0.463s] Level 1:colcon.colcon_core.package_identification:_identify(microros_ws/install) by extensions ['ignore', 'ignore_ament_install']
[0.463s] Level 1:colcon.colcon_core.package_identification:_identify(microros_ws/install) by extension 'ignore'
[0.463s] Level 1:colcon.colcon_core.package_identification:_identify(microros_ws/install) ignored
[0.463s] Level 1:colcon.colcon_core.package_identification:_identify(microros_ws/log) by extensions ['ignore', 'ignore_ament_install']
[0.463s] Level 1:colcon.colcon_core.package_identification:_identify(microros_ws/log) by extension 'ignore'
[0.463s] Level 1:colcon.colcon_core.package_identification:_identify(microros_ws/log) ignored
[0.463s] Level 1:colcon.colcon_core.package_identification:_identify(microros_ws/src) by extensions ['ignore', 'ignore_ament_install']
[0.463s] Level 1:colcon.colcon_core.package_identification:_identify(microros_ws/src) by extension 'ignore'
[0.463s] Level 1:colcon.colcon_core.package_identification:_identify(microros_ws/src) by extension 'ignore_ament_install'
[0.463s] Level 1:colcon.colcon_core.package_identification:_identify(microros_ws/src) by extensions ['colcon_pkg']
[0.463s] Level 1:colcon.colcon_core.package_identification:_identify(microros_ws/src) by extension 'colcon_pkg'
[0.463s] Level 1:colcon.colcon_core.package_identification:_identify(microros_ws/src) by extensions ['colcon_meta']
[0.463s] Level 1:colcon.colcon_core.package_identification:_identify(microros_ws/src) by extension 'colcon_meta'
[0.463s] Level 1:colcon.colcon_core.package_identification:_identify(microros_ws/src) by extensions ['ros']
[0.463s] Level 1:colcon.colcon_core.package_identification:_identify(microros_ws/src) by extension 'ros'
[0.463s] Level 1:colcon.colcon_core.package_identification:_identify(microros_ws/src) by extensions ['cmake', 'python']
[0.464s] Level 1:colcon.colcon_core.package_identification:_identify(microros_ws/src) by extension 'cmake'
[0.464s] Level 1:colcon.colcon_core.package_identification:_identify(microros_ws/src) by extension 'python'
[0.464s] Level 1:colcon.colcon_core.package_identification:_identify(microros_ws/src) by extensions ['python_setup_py']
[0.464s] Level 1:colcon.colcon_core.package_identification:_identify(microros_ws/src) by extension 'python_setup_py'
[0.464s] Level 1:colcon.colcon_core.package_identification:_identify(microros_ws/src/micro-ROS-Agent) by extensions ['ignore', 'ignore_ament_install']
[0.464s] Level 1:colcon.colcon_core.package_identification:_identify(microros_ws/src/micro-ROS-Agent) by extension 'ignore'
[0.464s] Level 1:colcon.colcon_core.package_identification:_identify(microros_ws/src/micro-ROS-Agent) by extension 'ignore_ament_install'
[0.464s] Level 1:colcon.colcon_core.package_identification:_identify(microros_ws/src/micro-ROS-Agent) by extensions ['colcon_pkg']
[0.464s] Level 1:colcon.colcon_core.package_identification:_identify(microros_ws/src/micro-ROS-Agent) by extension 'colcon_pkg'
[0.464s] Level 1:colcon.colcon_core.package_identification:_identify(microros_ws/src/micro-ROS-Agent) by extensions ['colcon_meta']
[0.464s] Level 1:colcon.colcon_core.package_identification:_identify(microros_ws/src/micro-ROS-Agent) by extension 'colcon_meta'
[0.464s] Level 1:colcon.colcon_core.package_identification:_identify(microros_ws/src/micro-ROS-Agent) by extensions ['ros']
[0.464s] Level 1:colcon.colcon_core.package_identification:_identify(microros_ws/src/micro-ROS-Agent) by extension 'ros'
[0.464s] Level 1:colcon.colcon_core.package_identification:_identify(microros_ws/src/micro-ROS-Agent) by extensions ['cmake', 'python']
[0.464s] Level 1:colcon.colcon_core.package_identification:_identify(microros_ws/src/micro-ROS-Agent) by extension 'cmake'
[0.464s] Level 1:colcon.colcon_core.package_identification:_identify(microros_ws/src/micro-ROS-Agent) by extension 'python'
[0.464s] Level 1:colcon.colcon_core.package_identification:_identify(microros_ws/src/micro-ROS-Agent) by extensions ['python_setup_py']
[0.464s] Level 1:colcon.colcon_core.package_identification:_identify(microros_ws/src/micro-ROS-Agent) by extension 'python_setup_py'
[0.464s] Level 1:colcon.colcon_core.package_identification:_identify(microros_ws/src/micro-ROS-Agent/micro_ros_agent) by extensions ['ignore', 'ignore_ament_install']
[0.464s] Level 1:colcon.colcon_core.package_identification:_identify(microros_ws/src/micro-ROS-Agent/micro_ros_agent) by extension 'ignore'
[0.464s] Level 1:colcon.colcon_core.package_identification:_identify(microros_ws/src/micro-ROS-Agent/micro_ros_agent) by extension 'ignore_ament_install'
[0.464s] Level 1:colcon.colcon_core.package_identification:_identify(microros_ws/src/micro-ROS-Agent/micro_ros_agent) by extensions ['colcon_pkg']
[0.464s] Level 1:colcon.colcon_core.package_identification:_identify(microros_ws/src/micro-ROS-Agent/micro_ros_agent) by extension 'colcon_pkg'
[0.464s] Level 1:colcon.colcon_core.package_identification:_identify(microros_ws/src/micro-ROS-Agent/micro_ros_agent) by extensions ['colcon_meta']
[0.464s] Level 1:colcon.colcon_core.package_identification:_identify(microros_ws/src/micro-ROS-Agent/micro_ros_agent) by extension 'colcon_meta'
[0.464s] Level 1:colcon.colcon_core.package_identification:_identify(microros_ws/src/micro-ROS-Agent/micro_ros_agent) by extensions ['ros']
[0.464s] Level 1:colcon.colcon_core.package_identification:_identify(microros_ws/src/micro-ROS-Agent/micro_ros_agent) by extension 'ros'
[0.465s] DEBUG:colcon.colcon_core.package_identification:Package 'microros_ws/src/micro-ROS-Agent/micro_ros_agent' with type 'ros.ament_cmake' and name 'micro_ros_agent'
[0.465s] Level 1:colcon.colcon_core.package_identification:_identify(microros_ws/src/micro-ROS-Agent/snap) by extensions ['ignore', 'ignore_ament_install']
[0.465s] Level 1:colcon.colcon_core.package_identification:_identify(microros_ws/src/micro-ROS-Agent/snap) by extension 'ignore'
[0.465s] Level 1:colcon.colcon_core.package_identification:_identify(microros_ws/src/micro-ROS-Agent/snap) by extension 'ignore_ament_install'
[0.465s] Level 1:colcon.colcon_core.package_identification:_identify(microros_ws/src/micro-ROS-Agent/snap) by extensions ['colcon_pkg']
[0.465s] Level 1:colcon.colcon_core.package_identification:_identify(microros_ws/src/micro-ROS-Agent/snap) by extension 'colcon_pkg'
[0.465s] Level 1:colcon.colcon_core.package_identification:_identify(microros_ws/src/micro-ROS-Agent/snap) by extensions ['colcon_meta']
[0.465s] Level 1:colcon.colcon_core.package_identification:_identify(microros_ws/src/micro-ROS-Agent/snap) by extension 'colcon_meta'
[0.465s] Level 1:colcon.colcon_core.package_identification:_identify(microros_ws/src/micro-ROS-Agent/snap) by extensions ['ros']
[0.465s] Level 1:colcon.colcon_core.package_identification:_identify(microros_ws/src/micro-ROS-Agent/snap) by extension 'ros'
[0.465s] Level 1:colcon.colcon_core.package_identification:_identify(microros_ws/src/micro-ROS-Agent/snap) by extensions ['cmake', 'python']
[0.465s] Level 1:colcon.colcon_core.package_identification:_identify(microros_ws/src/micro-ROS-Agent/snap) by extension 'cmake'
[0.465s] Level 1:colcon.colcon_core.package_identification:_identify(microros_ws/src/micro-ROS-Agent/snap) by extension 'python'
[0.465s] Level 1:colcon.colcon_core.package_identification:_identify(microros_ws/src/micro-ROS-Agent/snap) by extensions ['python_setup_py']
[0.465s] Level 1:colcon.colcon_core.package_identification:_identify(microros_ws/src/micro-ROS-Agent/snap) by extension 'python_setup_py'
[0.465s] Level 1:colcon.colcon_core.package_identification:_identify(microros_ws/src/micro-ROS-Agent/snap/hooks) by extensions ['ignore', 'ignore_ament_install']
[0.465s] Level 1:colcon.colcon_core.package_identification:_identify(microros_ws/src/micro-ROS-Agent/snap/hooks) by extension 'ignore'
[0.465s] Level 1:colcon.colcon_core.package_identification:_identify(microros_ws/src/micro-ROS-Agent/snap/hooks) by extension 'ignore_ament_install'
[0.465s] Level 1:colcon.colcon_core.package_identification:_identify(microros_ws/src/micro-ROS-Agent/snap/hooks) by extensions ['colcon_pkg']
[0.465s] Level 1:colcon.colcon_core.package_identification:_identify(microros_ws/src/micro-ROS-Agent/snap/hooks) by extension 'colcon_pkg'
[0.465s] Level 1:colcon.colcon_core.package_identification:_identify(microros_ws/src/micro-ROS-Agent/snap/hooks) by extensions ['colcon_meta']
[0.465s] Level 1:colcon.colcon_core.package_identification:_identify(microros_ws/src/micro-ROS-Agent/snap/hooks) by extension 'colcon_meta'
[0.466s] Level 1:colcon.colcon_core.package_identification:_identify(microros_ws/src/micro-ROS-Agent/snap/hooks) by extensions ['ros']
[0.466s] Level 1:colcon.colcon_core.package_identification:_identify(microros_ws/src/micro-ROS-Agent/snap/hooks) by extension 'ros'
[0.466s] Level 1:colcon.colcon_core.package_identification:_identify(microros_ws/src/micro-ROS-Agent/snap/hooks) by extensions ['cmake', 'python']
[0.466s] Level 1:colcon.colcon_core.package_identification:_identify(microros_ws/src/micro-ROS-Agent/snap/hooks) by extension 'cmake'
[0.466s] Level 1:colcon.colcon_core.package_identification:_identify(microros_ws/src/micro-ROS-Agent/snap/hooks) by extension 'python'
[0.466s] Level 1:colcon.colcon_core.package_identification:_identify(microros_ws/src/micro-ROS-Agent/snap/hooks) by extensions ['python_setup_py']
[0.466s] Level 1:colcon.colcon_core.package_identification:_identify(microros_ws/src/micro-ROS-Agent/snap/hooks) by extension 'python_setup_py'
[0.466s] Level 1:colcon.colcon_core.package_identification:_identify(microros_ws/src/micro-ROS-Agent/snap/local) by extensions ['ignore', 'ignore_ament_install']
[0.466s] Level 1:colcon.colcon_core.package_identification:_identify(microros_ws/src/micro-ROS-Agent/snap/local) by extension 'ignore'
[0.466s] Level 1:colcon.colcon_core.package_identification:_identify(microros_ws/src/micro-ROS-Agent/snap/local) by extension 'ignore_ament_install'
[0.466s] Level 1:colcon.colcon_core.package_identification:_identify(microros_ws/src/micro-ROS-Agent/snap/local) by extensions ['colcon_pkg']
[0.466s] Level 1:colcon.colcon_core.package_identification:_identify(microros_ws/src/micro-ROS-Agent/snap/local) by extension 'colcon_pkg'
[0.466s] Level 1:colcon.colcon_core.package_identification:_identify(microros_ws/src/micro-ROS-Agent/snap/local) by extensions ['colcon_meta']
[0.466s] Level 1:colcon.colcon_core.package_identification:_identify(microros_ws/src/micro-ROS-Agent/snap/local) by extension 'colcon_meta'
[0.466s] Level 1:colcon.colcon_core.package_identification:_identify(microros_ws/src/micro-ROS-Agent/snap/local) by extensions ['ros']
[0.466s] Level 1:colcon.colcon_core.package_identification:_identify(microros_ws/src/micro-ROS-Agent/snap/local) by extension 'ros'
[0.466s] Level 1:colcon.colcon_core.package_identification:_identify(microros_ws/src/micro-ROS-Agent/snap/local) by extensions ['cmake', 'python']
[0.466s] Level 1:colcon.colcon_core.package_identification:_identify(microros_ws/src/micro-ROS-Agent/snap/local) by extension 'cmake'
[0.466s] Level 1:colcon.colcon_core.package_identification:_identify(microros_ws/src/micro-ROS-Agent/snap/local) by extension 'python'
[0.466s] Level 1:colcon.colcon_core.package_identification:_identify(microros_ws/src/micro-ROS-Agent/snap/local) by extensions ['python_setup_py']
[0.466s] Level 1:colcon.colcon_core.package_identification:_identify(microros_ws/src/micro-ROS-Agent/snap/local) by extension 'python_setup_py'
[0.466s] Level 1:colcon.colcon_core.package_identification:_identify(models) by extensions ['ignore', 'ignore_ament_install']
[0.466s] Level 1:colcon.colcon_core.package_identification:_identify(models) by extension 'ignore'
[0.466s] Level 1:colcon.colcon_core.package_identification:_identify(models) by extension 'ignore_ament_install'
[0.466s] Level 1:colcon.colcon_core.package_identification:_identify(models) by extensions ['colcon_pkg']
[0.466s] Level 1:colcon.colcon_core.package_identification:_identify(models) by extension 'colcon_pkg'
[0.466s] Level 1:colcon.colcon_core.package_identification:_identify(models) by extensions ['colcon_meta']
[0.466s] Level 1:colcon.colcon_core.package_identification:_identify(models) by extension 'colcon_meta'
[0.466s] Level 1:colcon.colcon_core.package_identification:_identify(models) by extensions ['ros']
[0.466s] Level 1:colcon.colcon_core.package_identification:_identify(models) by extension 'ros'
[0.466s] Level 1:colcon.colcon_core.package_identification:_identify(models) by extensions ['cmake', 'python']
[0.466s] Level 1:colcon.colcon_core.package_identification:_identify(models) by extension 'cmake'
[0.466s] Level 1:colcon.colcon_core.package_identification:_identify(models) by extension 'python'
[0.466s] Level 1:colcon.colcon_core.package_identification:_identify(models) by extensions ['python_setup_py']
[0.466s] Level 1:colcon.colcon_core.package_identification:_identify(models) by extension 'python_setup_py'
[0.466s] Level 1:colcon.colcon_core.package_identification:_identify(models/yolov8) by extensions ['ignore', 'ignore_ament_install']
[0.466s] Level 1:colcon.colcon_core.package_identification:_identify(models/yolov8) by extension 'ignore'
[0.466s] Level 1:colcon.colcon_core.package_identification:_identify(models/yolov8) by extension 'ignore_ament_install'
[0.466s] Level 1:colcon.colcon_core.package_identification:_identify(models/yolov8) by extensions ['colcon_pkg']
[0.466s] Level 1:colcon.colcon_core.package_identification:_identify(models/yolov8) by extension 'colcon_pkg'
[0.467s] Level 1:colcon.colcon_core.package_identification:_identify(models/yolov8) by extensions ['colcon_meta']
[0.467s] Level 1:colcon.colcon_core.package_identification:_identify(models/yolov8) by extension 'colcon_meta'
[0.467s] Level 1:colcon.colcon_core.package_identification:_identify(models/yolov8) by extensions ['ros']
[0.467s] Level 1:colcon.colcon_core.package_identification:_identify(models/yolov8) by extension 'ros'
[0.467s] Level 1:colcon.colcon_core.package_identification:_identify(models/yolov8) by extensions ['cmake', 'python']
[0.467s] Level 1:colcon.colcon_core.package_identification:_identify(models/yolov8) by extension 'cmake'
[0.467s] Level 1:colcon.colcon_core.package_identification:_identify(models/yolov8) by extension 'python'
[0.467s] Level 1:colcon.colcon_core.package_identification:_identify(models/yolov8) by extensions ['python_setup_py']
[0.467s] Level 1:colcon.colcon_core.package_identification:_identify(models/yolov8) by extension 'python_setup_py'
[0.467s] Level 1:colcon.colcon_core.package_identification:_identify(obj_detect) by extensions ['ignore', 'ignore_ament_install']
[0.467s] Level 1:colcon.colcon_core.package_identification:_identify(obj_detect) by extension 'ignore'
[0.467s] Level 1:colcon.colcon_core.package_identification:_identify(obj_detect) by extension 'ignore_ament_install'
[0.467s] Level 1:colcon.colcon_core.package_identification:_identify(obj_detect) by extensions ['colcon_pkg']
[0.467s] Level 1:colcon.colcon_core.package_identification:_identify(obj_detect) by extension 'colcon_pkg'
[0.467s] Level 1:colcon.colcon_core.package_identification:_identify(obj_detect) by extensions ['colcon_meta']
[0.467s] Level 1:colcon.colcon_core.package_identification:_identify(obj_detect) by extension 'colcon_meta'
[0.467s] Level 1:colcon.colcon_core.package_identification:_identify(obj_detect) by extensions ['ros']
[0.467s] Level 1:colcon.colcon_core.package_identification:_identify(obj_detect) by extension 'ros'
[0.467s] Level 1:colcon.colcon_core.package_identification:_identify(obj_detect) by extensions ['cmake', 'python']
[0.467s] Level 1:colcon.colcon_core.package_identification:_identify(obj_detect) by extension 'cmake'
[0.467s] Level 1:colcon.colcon_core.package_identification:_identify(obj_detect) by extension 'python'
[0.467s] Level 1:colcon.colcon_core.package_identification:_identify(obj_detect) by extensions ['python_setup_py']
[0.467s] Level 1:colcon.colcon_core.package_identification:_identify(obj_detect) by extension 'python_setup_py'
[0.467s] Level 1:colcon.colcon_core.package_identification:_identify(obj_detect/src) by extensions ['ignore', 'ignore_ament_install']
[0.467s] Level 1:colcon.colcon_core.package_identification:_identify(obj_detect/src) by extension 'ignore'
[0.467s] Level 1:colcon.colcon_core.package_identification:_identify(obj_detect/src) by extension 'ignore_ament_install'
[0.467s] Level 1:colcon.colcon_core.package_identification:_identify(obj_detect/src) by extensions ['colcon_pkg']
[0.467s] Level 1:colcon.colcon_core.package_identification:_identify(obj_detect/src) by extension 'colcon_pkg'
[0.467s] Level 1:colcon.colcon_core.package_identification:_identify(obj_detect/src) by extensions ['colcon_meta']
[0.467s] Level 1:colcon.colcon_core.package_identification:_identify(obj_detect/src) by extension 'colcon_meta'
[0.467s] Level 1:colcon.colcon_core.package_identification:_identify(obj_detect/src) by extensions ['ros']
[0.467s] Level 1:colcon.colcon_core.package_identification:_identify(obj_detect/src) by extension 'ros'
[0.467s] Level 1:colcon.colcon_core.package_identification:_identify(obj_detect/src) by extensions ['cmake', 'python']
[0.467s] Level 1:colcon.colcon_core.package_identification:_identify(obj_detect/src) by extension 'cmake'
[0.467s] Level 1:colcon.colcon_core.package_identification:_identify(obj_detect/src) by extension 'python'
[0.467s] Level 1:colcon.colcon_core.package_identification:_identify(obj_detect/src) by extensions ['python_setup_py']
[0.467s] Level 1:colcon.colcon_core.package_identification:_identify(obj_detect/src) by extension 'python_setup_py'
[0.467s] Level 1:colcon.colcon_core.package_identification:_identify(ros2_ws) by extensions ['ignore', 'ignore_ament_install']
[0.467s] Level 1:colcon.colcon_core.package_identification:_identify(ros2_ws) by extension 'ignore'
[0.467s] Level 1:colcon.colcon_core.package_identification:_identify(ros2_ws) by extension 'ignore_ament_install'
[0.467s] Level 1:colcon.colcon_core.package_identification:_identify(ros2_ws) by extensions ['colcon_pkg']
[0.468s] Level 1:colcon.colcon_core.package_identification:_identify(ros2_ws) by extension 'colcon_pkg'
[0.468s] Level 1:colcon.colcon_core.package_identification:_identify(ros2_ws) by extensions ['colcon_meta']
[0.468s] Level 1:colcon.colcon_core.package_identification:_identify(ros2_ws) by extension 'colcon_meta'
[0.468s] Level 1:colcon.colcon_core.package_identification:_identify(ros2_ws) by extensions ['ros']
[0.468s] Level 1:colcon.colcon_core.package_identification:_identify(ros2_ws) by extension 'ros'
[0.468s] Level 1:colcon.colcon_core.package_identification:_identify(ros2_ws) by extensions ['cmake', 'python']
[0.468s] Level 1:colcon.colcon_core.package_identification:_identify(ros2_ws) by extension 'cmake'
[0.468s] Level 1:colcon.colcon_core.package_identification:_identify(ros2_ws) by extension 'python'
[0.468s] Level 1:colcon.colcon_core.package_identification:_identify(ros2_ws) by extensions ['python_setup_py']
[0.468s] Level 1:colcon.colcon_core.package_identification:_identify(ros2_ws) by extension 'python_setup_py'
[0.468s] Level 1:colcon.colcon_core.package_identification:_identify(ros2_ws/build) by extensions ['ignore', 'ignore_ament_install']
[0.468s] Level 1:colcon.colcon_core.package_identification:_identify(ros2_ws/build) by extension 'ignore'
[0.468s] Level 1:colcon.colcon_core.package_identification:_identify(ros2_ws/build) ignored
[0.468s] Level 1:colcon.colcon_core.package_identification:_identify(ros2_ws/install) by extensions ['ignore', 'ignore_ament_install']
[0.468s] Level 1:colcon.colcon_core.package_identification:_identify(ros2_ws/install) by extension 'ignore'
[0.468s] Level 1:colcon.colcon_core.package_identification:_identify(ros2_ws/install) ignored
[0.468s] Level 1:colcon.colcon_core.package_identification:_identify(ros2_ws/log) by extensions ['ignore', 'ignore_ament_install']
[0.468s] Level 1:colcon.colcon_core.package_identification:_identify(ros2_ws/log) by extension 'ignore'
[0.468s] Level 1:colcon.colcon_core.package_identification:_identify(ros2_ws/log) ignored
[0.468s] Level 1:colcon.colcon_core.package_identification:_identify(ros2_ws/src) by extensions ['ignore', 'ignore_ament_install']
[0.468s] Level 1:colcon.colcon_core.package_identification:_identify(ros2_ws/src) by extension 'ignore'
[0.468s] Level 1:colcon.colcon_core.package_identification:_identify(ros2_ws/src) by extension 'ignore_ament_install'
[0.468s] Level 1:colcon.colcon_core.package_identification:_identify(ros2_ws/src) by extensions ['colcon_pkg']
[0.468s] Level 1:colcon.colcon_core.package_identification:_identify(ros2_ws/src) by extension 'colcon_pkg'
[0.468s] Level 1:colcon.colcon_core.package_identification:_identify(ros2_ws/src) by extensions ['colcon_meta']
[0.468s] Level 1:colcon.colcon_core.package_identification:_identify(ros2_ws/src) by extension 'colcon_meta'
[0.468s] Level 1:colcon.colcon_core.package_identification:_identify(ros2_ws/src) by extensions ['ros']
[0.468s] Level 1:colcon.colcon_core.package_identification:_identify(ros2_ws/src) by extension 'ros'
[0.468s] Level 1:colcon.colcon_core.package_identification:_identify(ros2_ws/src) by extensions ['cmake', 'python']
[0.468s] Level 1:colcon.colcon_core.package_identification:_identify(ros2_ws/src) by extension 'cmake'
[0.468s] Level 1:colcon.colcon_core.package_identification:_identify(ros2_ws/src) by extension 'python'
[0.468s] Level 1:colcon.colcon_core.package_identification:_identify(ros2_ws/src) by extensions ['python_setup_py']
[0.468s] Level 1:colcon.colcon_core.package_identification:_identify(ros2_ws/src) by extension 'python_setup_py'
[0.468s] Level 1:colcon.colcon_core.package_identification:_identify(ros2_ws/src/my_robot_localization) by extensions ['ignore', 'ignore_ament_install']
[0.469s] Level 1:colcon.colcon_core.package_identification:_identify(ros2_ws/src/my_robot_localization) by extension 'ignore'
[0.469s] Level 1:colcon.colcon_core.package_identification:_identify(ros2_ws/src/my_robot_localization) by extension 'ignore_ament_install'
[0.469s] Level 1:colcon.colcon_core.package_identification:_identify(ros2_ws/src/my_robot_localization) by extensions ['colcon_pkg']
[0.469s] Level 1:colcon.colcon_core.package_identification:_identify(ros2_ws/src/my_robot_localization) by extension 'colcon_pkg'
[0.469s] Level 1:colcon.colcon_core.package_identification:_identify(ros2_ws/src/my_robot_localization) by extensions ['colcon_meta']
[0.469s] Level 1:colcon.colcon_core.package_identification:_identify(ros2_ws/src/my_robot_localization) by extension 'colcon_meta'
[0.469s] Level 1:colcon.colcon_core.package_identification:_identify(ros2_ws/src/my_robot_localization) by extensions ['ros']
[0.469s] Level 1:colcon.colcon_core.package_identification:_identify(ros2_ws/src/my_robot_localization) by extension 'ros'
[0.469s] DEBUG:colcon.colcon_core.package_identification:Package 'ros2_ws/src/my_robot_localization' with type 'ros.ament_cmake' and name 'my_robot_localization'
[0.469s] Level 1:colcon.colcon_core.package_identification:_identify(runs) by extensions ['ignore', 'ignore_ament_install']
[0.469s] Level 1:colcon.colcon_core.package_identification:_identify(runs) by extension 'ignore'
[0.469s] Level 1:colcon.colcon_core.package_identification:_identify(runs) by extension 'ignore_ament_install'
[0.469s] Level 1:colcon.colcon_core.package_identification:_identify(runs) by extensions ['colcon_pkg']
[0.469s] Level 1:colcon.colcon_core.package_identification:_identify(runs) by extension 'colcon_pkg'
[0.469s] Level 1:colcon.colcon_core.package_identification:_identify(runs) by extensions ['colcon_meta']
[0.469s] Level 1:colcon.colcon_core.package_identification:_identify(runs) by extension 'colcon_meta'
[0.469s] Level 1:colcon.colcon_core.package_identification:_identify(runs) by extensions ['ros']
[0.469s] Level 1:colcon.colcon_core.package_identification:_identify(runs) by extension 'ros'
[0.469s] Level 1:colcon.colcon_core.package_identification:_identify(runs) by extensions ['cmake', 'python']
[0.469s] Level 1:colcon.colcon_core.package_identification:_identify(runs) by extension 'cmake'
[0.469s] Level 1:colcon.colcon_core.package_identification:_identify(runs) by extension 'python'
[0.470s] Level 1:colcon.colcon_core.package_identification:_identify(runs) by extensions ['python_setup_py']
[0.470s] Level 1:colcon.colcon_core.package_identification:_identify(runs) by extension 'python_setup_py'
[0.470s] Level 1:colcon.colcon_core.package_identification:_identify(runs/detect) by extensions ['ignore', 'ignore_ament_install']
[0.470s] Level 1:colcon.colcon_core.package_identification:_identify(runs/detect) by extension 'ignore'
[0.470s] Level 1:colcon.colcon_core.package_identification:_identify(runs/detect) by extension 'ignore_ament_install'
[0.470s] Level 1:colcon.colcon_core.package_identification:_identify(runs/detect) by extensions ['colcon_pkg']
[0.470s] Level 1:colcon.colcon_core.package_identification:_identify(runs/detect) by extension 'colcon_pkg'
[0.470s] Level 1:colcon.colcon_core.package_identification:_identify(runs/detect) by extensions ['colcon_meta']
[0.470s] Level 1:colcon.colcon_core.package_identification:_identify(runs/detect) by extension 'colcon_meta'
[0.470s] Level 1:colcon.colcon_core.package_identification:_identify(runs/detect) by extensions ['ros']
[0.470s] Level 1:colcon.colcon_core.package_identification:_identify(runs/detect) by extension 'ros'
[0.470s] Level 1:colcon.colcon_core.package_identification:_identify(runs/detect) by extensions ['cmake', 'python']
[0.470s] Level 1:colcon.colcon_core.package_identification:_identify(runs/detect) by extension 'cmake'
[0.470s] Level 1:colcon.colcon_core.package_identification:_identify(runs/detect) by extension 'python'
[0.470s] Level 1:colcon.colcon_core.package_identification:_identify(runs/detect) by extensions ['python_setup_py']
[0.470s] Level 1:colcon.colcon_core.package_identification:_identify(runs/detect) by extension 'python_setup_py'
[0.470s] Level 1:colcon.colcon_core.package_identification:_identify(runs/detect/predict) by extensions ['ignore', 'ignore_ament_install']
[0.470s] Level 1:colcon.colcon_core.package_identification:_identify(runs/detect/predict) by extension 'ignore'
[0.470s] Level 1:colcon.colcon_core.package_identification:_identify(runs/detect/predict) by extension 'ignore_ament_install'
[0.470s] Level 1:colcon.colcon_core.package_identification:_identify(runs/detect/predict) by extensions ['colcon_pkg']
[0.470s] Level 1:colcon.colcon_core.package_identification:_identify(runs/detect/predict) by extension 'colcon_pkg'
[0.470s] Level 1:colcon.colcon_core.package_identification:_identify(runs/detect/predict) by extensions ['colcon_meta']
[0.470s] Level 1:colcon.colcon_core.package_identification:_identify(runs/detect/predict) by extension 'colcon_meta'
[0.470s] Level 1:colcon.colcon_core.package_identification:_identify(runs/detect/predict) by extensions ['ros']
[0.470s] Level 1:colcon.colcon_core.package_identification:_identify(runs/detect/predict) by extension 'ros'
[0.470s] Level 1:colcon.colcon_core.package_identification:_identify(runs/detect/predict) by extensions ['cmake', 'python']
[0.470s] Level 1:colcon.colcon_core.package_identification:_identify(runs/detect/predict) by extension 'cmake'
[0.470s] Level 1:colcon.colcon_core.package_identification:_identify(runs/detect/predict) by extension 'python'
[0.470s] Level 1:colcon.colcon_core.package_identification:_identify(runs/detect/predict) by extensions ['python_setup_py']
[0.470s] Level 1:colcon.colcon_core.package_identification:_identify(runs/detect/predict) by extension 'python_setup_py'
[0.470s] Level 1:colcon.colcon_core.package_identification:_identify(yolo_training) by extensions ['ignore', 'ignore_ament_install']
[0.470s] Level 1:colcon.colcon_core.package_identification:_identify(yolo_training) by extension 'ignore'
[0.470s] Level 1:colcon.colcon_core.package_identification:_identify(yolo_training) by extension 'ignore_ament_install'
[0.470s] Level 1:colcon.colcon_core.package_identification:_identify(yolo_training) by extensions ['colcon_pkg']
[0.470s] Level 1:colcon.colcon_core.package_identification:_identify(yolo_training) by extension 'colcon_pkg'
[0.470s] Level 1:colcon.colcon_core.package_identification:_identify(yolo_training) by extensions ['colcon_meta']
[0.470s] Level 1:colcon.colcon_core.package_identification:_identify(yolo_training) by extension 'colcon_meta'
[0.470s] Level 1:colcon.colcon_core.package_identification:_identify(yolo_training) by extensions ['ros']
[0.470s] Level 1:colcon.colcon_core.package_identification:_identify(yolo_training) by extension 'ros'
[0.471s] Level 1:colcon.colcon_core.package_identification:_identify(yolo_training) by extensions ['cmake', 'python']
[0.471s] Level 1:colcon.colcon_core.package_identification:_identify(yolo_training) by extension 'cmake'
[0.471s] Level 1:colcon.colcon_core.package_identification:_identify(yolo_training) by extension 'python'
[0.471s] Level 1:colcon.colcon_core.package_identification:_identify(yolo_training) by extensions ['python_setup_py']
[0.471s] Level 1:colcon.colcon_core.package_identification:_identify(yolo_training) by extension 'python_setup_py'
[0.471s] Level 1:colcon.colcon_core.package_identification:_identify(yolo_training/bdd100k_yolov8) by extensions ['ignore', 'ignore_ament_install']
[0.471s] Level 1:colcon.colcon_core.package_identification:_identify(yolo_training/bdd100k_yolov8) by extension 'ignore'
[0.471s] Level 1:colcon.colcon_core.package_identification:_identify(yolo_training/bdd100k_yolov8) by extension 'ignore_ament_install'
[0.471s] Level 1:colcon.colcon_core.package_identification:_identify(yolo_training/bdd100k_yolov8) by extensions ['colcon_pkg']
[0.471s] Level 1:colcon.colcon_core.package_identification:_identify(yolo_training/bdd100k_yolov8) by extension 'colcon_pkg'
[0.471s] Level 1:colcon.colcon_core.package_identification:_identify(yolo_training/bdd100k_yolov8) by extensions ['colcon_meta']
[0.471s] Level 1:colcon.colcon_core.package_identification:_identify(yolo_training/bdd100k_yolov8) by extension 'colcon_meta'
[0.471s] Level 1:colcon.colcon_core.package_identification:_identify(yolo_training/bdd100k_yolov8) by extensions ['ros']
[0.471s] Level 1:colcon.colcon_core.package_identification:_identify(yolo_training/bdd100k_yolov8) by extension 'ros'
[0.471s] Level 1:colcon.colcon_core.package_identification:_identify(yolo_training/bdd100k_yolov8) by extensions ['cmake', 'python']
[0.471s] Level 1:colcon.colcon_core.package_identification:_identify(yolo_training/bdd100k_yolov8) by extension 'cmake'
[0.471s] Level 1:colcon.colcon_core.package_identification:_identify(yolo_training/bdd100k_yolov8) by extension 'python'
[0.471s] Level 1:colcon.colcon_core.package_identification:_identify(yolo_training/bdd100k_yolov8) by extensions ['python_setup_py']
[0.471s] Level 1:colcon.colcon_core.package_identification:_identify(yolo_training/bdd100k_yolov8) by extension 'python_setup_py'
[0.471s] Level 1:colcon.colcon_core.package_identification:_identify(yolo_training/bdd100k_yolov8/weights) by extensions ['ignore', 'ignore_ament_install']
[0.471s] Level 1:colcon.colcon_core.package_identification:_identify(yolo_training/bdd100k_yolov8/weights) by extension 'ignore'
[0.471s] Level 1:colcon.colcon_core.package_identification:_identify(yolo_training/bdd100k_yolov8/weights) by extension 'ignore_ament_install'
[0.471s] Level 1:colcon.colcon_core.package_identification:_identify(yolo_training/bdd100k_yolov8/weights) by extensions ['colcon_pkg']
[0.471s] Level 1:colcon.colcon_core.package_identification:_identify(yolo_training/bdd100k_yolov8/weights) by extension 'colcon_pkg'
[0.471s] Level 1:colcon.colcon_core.package_identification:_identify(yolo_training/bdd100k_yolov8/weights) by extensions ['colcon_meta']
[0.471s] Level 1:colcon.colcon_core.package_identification:_identify(yolo_training/bdd100k_yolov8/weights) by extension 'colcon_meta'
[0.471s] Level 1:colcon.colcon_core.package_identification:_identify(yolo_training/bdd100k_yolov8/weights) by extensions ['ros']
[0.471s] Level 1:colcon.colcon_core.package_identification:_identify(yolo_training/bdd100k_yolov8/weights) by extension 'ros'
[0.471s] Level 1:colcon.colcon_core.package_identification:_identify(yolo_training/bdd100k_yolov8/weights) by extensions ['cmake', 'python']
[0.471s] Level 1:colcon.colcon_core.package_identification:_identify(yolo_training/bdd100k_yolov8/weights) by extension 'cmake'
[0.471s] Level 1:colcon.colcon_core.package_identification:_identify(yolo_training/bdd100k_yolov8/weights) by extension 'python'
[0.471s] Level 1:colcon.colcon_core.package_identification:_identify(yolo_training/bdd100k_yolov8/weights) by extensions ['python_setup_py']
[0.471s] Level 1:colcon.colcon_core.package_identification:_identify(yolo_training/bdd100k_yolov8/weights) by extension 'python_setup_py'
[0.471s] Level 1:colcon.colcon_core.package_discovery:discover_packages(recursive) using defaults
[0.471s] Level 1:colcon.colcon_core.package_discovery:discover_packages(ignore) discover
[0.471s] Level 1:colcon.colcon_core.package_discovery:discover_packages(ignore) using defaults
[0.471s] Level 1:colcon.colcon_core.package_discovery:discover_packages(path) discover
[0.471s] Level 1:colcon.colcon_core.package_discovery:discover_packages(path) using defaults
[0.554s] Level 1:colcon.colcon_core.package_discovery:discover_packages(prefix_path) check parameters
[0.554s] Level 1:colcon.colcon_core.package_discovery:discover_packages(prefix_path) discover
[0.556s] DEBUG:colcon.colcon_installed_package_information.package_discovery:Found 1 installed packages in /home/kanye/Documents/visionaid/ros2_ws/install
[0.557s] DEBUG:colcon.colcon_installed_package_information.package_discovery:Found 1 installed packages in /home/kanye/Documents/visionaid/microros_ws/install
[0.558s] DEBUG:colcon.colcon_installed_package_information.package_discovery:Found 393 installed packages in /opt/ros/humble
[0.559s] Level 1:colcon.colcon_core.package_discovery:discover_packages(prefix_path) using defaults
[0.586s] WARNING:colcon.colcon_core.package_selection:Some selected packages are already built in one or more underlay workspaces:
	'isaac_ros_nitros' is in: /opt/ros/humble
	'isaac_ros_managed_nitros' is in: /opt/ros/humble
	'isaac_ros_image_proc' is in: /opt/ros/humble
	'isaac_common' is in: /opt/ros/humble
	'isaac_ros_nitros_image_type' is in: /opt/ros/humble
	'isaac_ros_gxf' is in: /opt/ros/humble
If a package in a merged underlay workspace is overridden and it installs headers, then all packages in the overlay must sort their include directories by workspace order. Failure to do so may result in build failures or undefined behavior at run time.
If the overridden package is used by another package in any underlay, then the overriding package in the overlay must be API and ABI compatible or undefined behavior at run time may occur.

If you understand the risks and want to override a package anyways, add the following to the command line:
	--allow-overriding isaac_common isaac_ros_gxf isaac_ros_image_proc isaac_ros_managed_nitros isaac_ros_nitros isaac_ros_nitros_image_type

This may be promoted to an error in a future release of colcon-override-check.
[0.586s] Level 5:colcon.colcon_core.verb:set package 'allan_variance_ros' build argument 'cmake_args' from command line to 'None'
[0.586s] Level 5:colcon.colcon_core.verb:set package 'allan_variance_ros' build argument 'cmake_target' from command line to 'None'
[0.586s] Level 5:colcon.colcon_core.verb:set package 'allan_variance_ros' build argument 'cmake_target_skip_unavailable' from command line to 'False'
[0.586s] Level 5:colcon.colcon_core.verb:set package 'allan_variance_ros' build argument 'cmake_clean_cache' from command line to 'False'
[0.586s] Level 5:colcon.colcon_core.verb:set package 'allan_variance_ros' build argument 'cmake_clean_first' from command line to 'False'
[0.586s] Level 5:colcon.colcon_core.verb:set package 'allan_variance_ros' build argument 'cmake_force_configure' from command line to 'False'
[0.586s] Level 5:colcon.colcon_core.verb:set package 'allan_variance_ros' build argument 'ament_cmake_args' from command line to 'None'
[0.586s] Level 5:colcon.colcon_core.verb:set package 'allan_variance_ros' build argument 'catkin_cmake_args' from command line to 'None'
[0.586s] Level 5:colcon.colcon_core.verb:set package 'allan_variance_ros' build argument 'catkin_skip_building_tests' from command line to 'False'
[0.586s] DEBUG:colcon.colcon_core.verb:Building package 'allan_variance_ros' with the following arguments: {'ament_cmake_args': None, 'build_base': '/home/kanye/Documents/visionaid/build/allan_variance_ros', 'catkin_cmake_args': None, 'catkin_skip_building_tests': False, 'cmake_args': None, 'cmake_clean_cache': False, 'cmake_clean_first': False, 'cmake_force_configure': False, 'cmake_target': None, 'cmake_target_skip_unavailable': False, 'install_base': '/home/kanye/Documents/visionaid/install/allan_variance_ros', 'merge_install': False, 'path': '/home/kanye/Documents/visionaid/calibration/camera/allan_variance_ros', 'symlink_install': False, 'test_result_base': None}
[0.587s] Level 5:colcon.colcon_core.verb:set package 'aslam_time' build argument 'cmake_args' from command line to 'None'
[0.587s] Level 5:colcon.colcon_core.verb:set package 'aslam_time' build argument 'cmake_target' from command line to 'None'
[0.587s] Level 5:colcon.colcon_core.verb:set package 'aslam_time' build argument 'cmake_target_skip_unavailable' from command line to 'False'
[0.587s] Level 5:colcon.colcon_core.verb:set package 'aslam_time' build argument 'cmake_clean_cache' from command line to 'False'
[0.587s] Level 5:colcon.colcon_core.verb:set package 'aslam_time' build argument 'cmake_clean_first' from command line to 'False'
[0.587s] Level 5:colcon.colcon_core.verb:set package 'aslam_time' build argument 'cmake_force_configure' from command line to 'False'
[0.587s] Level 5:colcon.colcon_core.verb:set package 'aslam_time' build argument 'ament_cmake_args' from command line to 'None'
[0.587s] Level 5:colcon.colcon_core.verb:set package 'aslam_time' build argument 'catkin_cmake_args' from command line to 'None'
[0.587s] Level 5:colcon.colcon_core.verb:set package 'aslam_time' build argument 'catkin_skip_building_tests' from command line to 'False'
[0.587s] DEBUG:colcon.colcon_core.verb:Building package 'aslam_time' with the following arguments: {'ament_cmake_args': None, 'build_base': '/home/kanye/Documents/visionaid/build/aslam_time', 'catkin_cmake_args': None, 'catkin_skip_building_tests': False, 'cmake_args': None, 'cmake_clean_cache': False, 'cmake_clean_first': False, 'cmake_force_configure': False, 'cmake_target': None, 'cmake_target_skip_unavailable': False, 'install_base': '/home/kanye/Documents/visionaid/install/aslam_time', 'merge_install': False, 'path': '/home/kanye/Documents/visionaid/calibration/camera/kalibr/aslam_cv/aslam_time', 'symlink_install': False, 'test_result_base': None}
[0.587s] Level 5:colcon.colcon_core.verb:set package 'assistive_navigation_core' build argument 'cmake_args' from command line to 'None'
[0.587s] Level 5:colcon.colcon_core.verb:set package 'assistive_navigation_core' build argument 'cmake_target' from command line to 'None'
[0.587s] Level 5:colcon.colcon_core.verb:set package 'assistive_navigation_core' build argument 'cmake_target_skip_unavailable' from command line to 'False'
[0.587s] Level 5:colcon.colcon_core.verb:set package 'assistive_navigation_core' build argument 'cmake_clean_cache' from command line to 'False'
[0.587s] Level 5:colcon.colcon_core.verb:set package 'assistive_navigation_core' build argument 'cmake_clean_first' from command line to 'False'
[0.587s] Level 5:colcon.colcon_core.verb:set package 'assistive_navigation_core' build argument 'cmake_force_configure' from command line to 'False'
[0.587s] Level 5:colcon.colcon_core.verb:set package 'assistive_navigation_core' build argument 'ament_cmake_args' from command line to 'None'
[0.587s] Level 5:colcon.colcon_core.verb:set package 'assistive_navigation_core' build argument 'catkin_cmake_args' from command line to 'None'
[0.587s] Level 5:colcon.colcon_core.verb:set package 'assistive_navigation_core' build argument 'catkin_skip_building_tests' from command line to 'False'
[0.587s] DEBUG:colcon.colcon_core.verb:Building package 'assistive_navigation_core' with the following arguments: {'ament_cmake_args': None, 'build_base': '/home/kanye/Documents/visionaid/build/assistive_navigation_core', 'catkin_cmake_args': None, 'catkin_skip_building_tests': False, 'cmake_args': None, 'cmake_clean_cache': False, 'cmake_clean_first': False, 'cmake_force_configure': False, 'cmake_target': None, 'cmake_target_skip_unavailable': False, 'install_base': '/home/kanye/Documents/visionaid/install/assistive_navigation_core', 'merge_install': False, 'path': '/home/kanye/Documents/visionaid/isaac_ros_ws/src/assistive_navigation_core', 'symlink_install': False, 'test_result_base': None}
[0.587s] Level 5:colcon.colcon_core.verb:set package 'catkin_simple' build argument 'cmake_args' from command line to 'None'
[0.587s] Level 5:colcon.colcon_core.verb:set package 'catkin_simple' build argument 'cmake_target' from command line to 'None'
[0.587s] Level 5:colcon.colcon_core.verb:set package 'catkin_simple' build argument 'cmake_target_skip_unavailable' from command line to 'False'
[0.587s] Level 5:colcon.colcon_core.verb:set package 'catkin_simple' build argument 'cmake_clean_cache' from command line to 'False'
[0.587s] Level 5:colcon.colcon_core.verb:set package 'catkin_simple' build argument 'cmake_clean_first' from command line to 'False'
[0.587s] Level 5:colcon.colcon_core.verb:set package 'catkin_simple' build argument 'cmake_force_configure' from command line to 'False'
[0.587s] Level 5:colcon.colcon_core.verb:set package 'catkin_simple' build argument 'ament_cmake_args' from command line to 'None'
[0.587s] Level 5:colcon.colcon_core.verb:set package 'catkin_simple' build argument 'catkin_cmake_args' from command line to 'None'
[0.587s] Level 5:colcon.colcon_core.verb:set package 'catkin_simple' build argument 'catkin_skip_building_tests' from command line to 'False'
[0.587s] DEBUG:colcon.colcon_core.verb:Building package 'catkin_simple' with the following arguments: {'ament_cmake_args': None, 'build_base': '/home/kanye/Documents/visionaid/build/catkin_simple', 'catkin_cmake_args': None, 'catkin_skip_building_tests': False, 'cmake_args': None, 'cmake_clean_cache': False, 'cmake_clean_first': False, 'cmake_force_configure': False, 'cmake_target': None, 'cmake_target_skip_unavailable': False, 'install_base': '/home/kanye/Documents/visionaid/install/catkin_simple', 'merge_install': False, 'path': '/home/kanye/Documents/visionaid/calibration/camera/kalibr/catkin_simple', 'symlink_install': False, 'test_result_base': None}
[0.587s] Level 5:colcon.colcon_core.verb:set package 'ethz_apriltag2' build argument 'cmake_args' from command line to 'None'
[0.588s] Level 5:colcon.colcon_core.verb:set package 'ethz_apriltag2' build argument 'cmake_target' from command line to 'None'
[0.588s] Level 5:colcon.colcon_core.verb:set package 'ethz_apriltag2' build argument 'cmake_target_skip_unavailable' from command line to 'False'
[0.588s] Level 5:colcon.colcon_core.verb:set package 'ethz_apriltag2' build argument 'cmake_clean_cache' from command line to 'False'
[0.588s] Level 5:colcon.colcon_core.verb:set package 'ethz_apriltag2' build argument 'cmake_clean_first' from command line to 'False'
[0.588s] Level 5:colcon.colcon_core.verb:set package 'ethz_apriltag2' build argument 'cmake_force_configure' from command line to 'False'
[0.588s] Level 5:colcon.colcon_core.verb:set package 'ethz_apriltag2' build argument 'ament_cmake_args' from command line to 'None'
[0.588s] Level 5:colcon.colcon_core.verb:set package 'ethz_apriltag2' build argument 'catkin_cmake_args' from command line to 'None'
[0.588s] Level 5:colcon.colcon_core.verb:set package 'ethz_apriltag2' build argument 'catkin_skip_building_tests' from command line to 'False'
[0.588s] DEBUG:colcon.colcon_core.verb:Building package 'ethz_apriltag2' with the following arguments: {'ament_cmake_args': None, 'build_base': '/home/kanye/Documents/visionaid/build/ethz_apriltag2', 'catkin_cmake_args': None, 'catkin_skip_building_tests': False, 'cmake_args': None, 'cmake_clean_cache': False, 'cmake_clean_first': False, 'cmake_force_configure': False, 'cmake_target': None, 'cmake_target_skip_unavailable': False, 'install_base': '/home/kanye/Documents/visionaid/install/ethz_apriltag2', 'merge_install': False, 'path': '/home/kanye/Documents/visionaid/calibration/camera/kalibr/aslam_offline_calibration/ethz_apriltag2', 'symlink_install': False, 'test_result_base': None}
[0.588s] Level 5:colcon.colcon_core.verb:set package 'gps_navigation_system' build argument 'cmake_args' from command line to 'None'
[0.588s] Level 5:colcon.colcon_core.verb:set package 'gps_navigation_system' build argument 'cmake_target' from command line to 'None'
[0.588s] Level 5:colcon.colcon_core.verb:set package 'gps_navigation_system' build argument 'cmake_target_skip_unavailable' from command line to 'False'
[0.588s] Level 5:colcon.colcon_core.verb:set package 'gps_navigation_system' build argument 'cmake_clean_cache' from command line to 'False'
[0.588s] Level 5:colcon.colcon_core.verb:set package 'gps_navigation_system' build argument 'cmake_clean_first' from command line to 'False'
[0.588s] Level 5:colcon.colcon_core.verb:set package 'gps_navigation_system' build argument 'cmake_force_configure' from command line to 'False'
[0.588s] Level 5:colcon.colcon_core.verb:set package 'gps_navigation_system' build argument 'ament_cmake_args' from command line to 'None'
[0.588s] Level 5:colcon.colcon_core.verb:set package 'gps_navigation_system' build argument 'catkin_cmake_args' from command line to 'None'
[0.588s] Level 5:colcon.colcon_core.verb:set package 'gps_navigation_system' build argument 'catkin_skip_building_tests' from command line to 'False'
[0.588s] DEBUG:colcon.colcon_core.verb:Building package 'gps_navigation_system' with the following arguments: {'ament_cmake_args': None, 'build_base': '/home/kanye/Documents/visionaid/build/gps_navigation_system', 'catkin_cmake_args': None, 'catkin_skip_building_tests': False, 'cmake_args': None, 'cmake_clean_cache': False, 'cmake_clean_first': False, 'cmake_force_configure': False, 'cmake_target': None, 'cmake_target_skip_unavailable': False, 'install_base': '/home/kanye/Documents/visionaid/install/gps_navigation_system', 'merge_install': False, 'path': '/home/kanye/Documents/visionaid/isaac_ros_ws/src/gps_navigation_system', 'symlink_install': False, 'test_result_base': None}
[0.588s] Level 5:colcon.colcon_core.verb:set package 'isaac_ros_common' build argument 'cmake_args' from command line to 'None'
[0.588s] Level 5:colcon.colcon_core.verb:set package 'isaac_ros_common' build argument 'cmake_target' from command line to 'None'
[0.588s] Level 5:colcon.colcon_core.verb:set package 'isaac_ros_common' build argument 'cmake_target_skip_unavailable' from command line to 'False'
[0.588s] Level 5:colcon.colcon_core.verb:set package 'isaac_ros_common' build argument 'cmake_clean_cache' from command line to 'False'
[0.588s] Level 5:colcon.colcon_core.verb:set package 'isaac_ros_common' build argument 'cmake_clean_first' from command line to 'False'
[0.588s] Level 5:colcon.colcon_core.verb:set package 'isaac_ros_common' build argument 'cmake_force_configure' from command line to 'False'
[0.588s] Level 5:colcon.colcon_core.verb:set package 'isaac_ros_common' build argument 'ament_cmake_args' from command line to 'None'
[0.588s] Level 5:colcon.colcon_core.verb:set package 'isaac_ros_common' build argument 'catkin_cmake_args' from command line to 'None'
[0.588s] Level 5:colcon.colcon_core.verb:set package 'isaac_ros_common' build argument 'catkin_skip_building_tests' from command line to 'False'
[0.588s] DEBUG:colcon.colcon_core.verb:Building package 'isaac_ros_common' with the following arguments: {'ament_cmake_args': None, 'build_base': '/home/kanye/Documents/visionaid/build/isaac_ros_common', 'catkin_cmake_args': None, 'catkin_skip_building_tests': False, 'cmake_args': None, 'cmake_clean_cache': False, 'cmake_clean_first': False, 'cmake_force_configure': False, 'cmake_target': None, 'cmake_target_skip_unavailable': False, 'install_base': '/home/kanye/Documents/visionaid/install/isaac_ros_common', 'merge_install': False, 'path': '/home/kanye/Documents/visionaid/isaac_ros_ws/src/isaac_ros_common/isaac_ros_common', 'symlink_install': False, 'test_result_base': None}
[0.588s] Level 5:colcon.colcon_core.verb:set package 'micro_ros_agent' build argument 'cmake_args' from command line to 'None'
[0.588s] Level 5:colcon.colcon_core.verb:set package 'micro_ros_agent' build argument 'cmake_target' from command line to 'None'
[0.588s] Level 5:colcon.colcon_core.verb:set package 'micro_ros_agent' build argument 'cmake_target_skip_unavailable' from command line to 'False'
[0.588s] Level 5:colcon.colcon_core.verb:set package 'micro_ros_agent' build argument 'cmake_clean_cache' from command line to 'False'
[0.588s] Level 5:colcon.colcon_core.verb:set package 'micro_ros_agent' build argument 'cmake_clean_first' from command line to 'False'
[0.588s] Level 5:colcon.colcon_core.verb:set package 'micro_ros_agent' build argument 'cmake_force_configure' from command line to 'False'
[0.588s] Level 5:colcon.colcon_core.verb:set package 'micro_ros_agent' build argument 'ament_cmake_args' from command line to 'None'
[0.588s] Level 5:colcon.colcon_core.verb:set package 'micro_ros_agent' build argument 'catkin_cmake_args' from command line to 'None'
[0.588s] Level 5:colcon.colcon_core.verb:set package 'micro_ros_agent' build argument 'catkin_skip_building_tests' from command line to 'False'
[0.588s] DEBUG:colcon.colcon_core.verb:Building package 'micro_ros_agent' with the following arguments: {'ament_cmake_args': None, 'build_base': '/home/kanye/Documents/visionaid/build/micro_ros_agent', 'catkin_cmake_args': None, 'catkin_skip_building_tests': False, 'cmake_args': None, 'cmake_clean_cache': False, 'cmake_clean_first': False, 'cmake_force_configure': False, 'cmake_target': None, 'cmake_target_skip_unavailable': False, 'install_base': '/home/kanye/Documents/visionaid/install/micro_ros_agent', 'merge_install': False, 'path': '/home/kanye/Documents/visionaid/microros_ws/src/micro-ROS-Agent/micro_ros_agent', 'symlink_install': False, 'test_result_base': None}
[0.589s] Level 5:colcon.colcon_core.verb:set package 'my_robot_localization' build argument 'cmake_args' from command line to 'None'
[0.589s] Level 5:colcon.colcon_core.verb:set package 'my_robot_localization' build argument 'cmake_target' from command line to 'None'
[0.589s] Level 5:colcon.colcon_core.verb:set package 'my_robot_localization' build argument 'cmake_target_skip_unavailable' from command line to 'False'
[0.589s] Level 5:colcon.colcon_core.verb:set package 'my_robot_localization' build argument 'cmake_clean_cache' from command line to 'False'
[0.589s] Level 5:colcon.colcon_core.verb:set package 'my_robot_localization' build argument 'cmake_clean_first' from command line to 'False'
[0.589s] Level 5:colcon.colcon_core.verb:set package 'my_robot_localization' build argument 'cmake_force_configure' from command line to 'False'
[0.589s] Level 5:colcon.colcon_core.verb:set package 'my_robot_localization' build argument 'ament_cmake_args' from command line to 'None'
[0.589s] Level 5:colcon.colcon_core.verb:set package 'my_robot_localization' build argument 'catkin_cmake_args' from command line to 'None'
[0.589s] Level 5:colcon.colcon_core.verb:set package 'my_robot_localization' build argument 'catkin_skip_building_tests' from command line to 'False'
[0.589s] DEBUG:colcon.colcon_core.verb:Building package 'my_robot_localization' with the following arguments: {'ament_cmake_args': None, 'build_base': '/home/kanye/Documents/visionaid/build/my_robot_localization', 'catkin_cmake_args': None, 'catkin_skip_building_tests': False, 'cmake_args': None, 'cmake_clean_cache': False, 'cmake_clean_first': False, 'cmake_force_configure': False, 'cmake_target': None, 'cmake_target_skip_unavailable': False, 'install_base': '/home/kanye/Documents/visionaid/install/my_robot_localization', 'merge_install': False, 'path': '/home/kanye/Documents/visionaid/ros2_ws/src/my_robot_localization', 'symlink_install': False, 'test_result_base': None}
[0.589s] Level 5:colcon.colcon_core.verb:set package 'python_module' build argument 'cmake_args' from command line to 'None'
[0.589s] Level 5:colcon.colcon_core.verb:set package 'python_module' build argument 'cmake_target' from command line to 'None'
[0.589s] Level 5:colcon.colcon_core.verb:set package 'python_module' build argument 'cmake_target_skip_unavailable' from command line to 'False'
[0.589s] Level 5:colcon.colcon_core.verb:set package 'python_module' build argument 'cmake_clean_cache' from command line to 'False'
[0.589s] Level 5:colcon.colcon_core.verb:set package 'python_module' build argument 'cmake_clean_first' from command line to 'False'
[0.589s] Level 5:colcon.colcon_core.verb:set package 'python_module' build argument 'cmake_force_configure' from command line to 'False'
[0.589s] Level 5:colcon.colcon_core.verb:set package 'python_module' build argument 'ament_cmake_args' from command line to 'None'
[0.589s] Level 5:colcon.colcon_core.verb:set package 'python_module' build argument 'catkin_cmake_args' from command line to 'None'
[0.589s] Level 5:colcon.colcon_core.verb:set package 'python_module' build argument 'catkin_skip_building_tests' from command line to 'False'
[0.589s] DEBUG:colcon.colcon_core.verb:Building package 'python_module' with the following arguments: {'ament_cmake_args': None, 'build_base': '/home/kanye/Documents/visionaid/build/python_module', 'catkin_cmake_args': None, 'catkin_skip_building_tests': False, 'cmake_args': None, 'cmake_clean_cache': False, 'cmake_clean_first': False, 'cmake_force_configure': False, 'cmake_target': None, 'cmake_target_skip_unavailable': False, 'install_base': '/home/kanye/Documents/visionaid/install/python_module', 'merge_install': False, 'path': '/home/kanye/Documents/visionaid/calibration/camera/kalibr/Schweizer-Messer/python_module', 'symlink_install': False, 'test_result_base': None}
[0.589s] Level 5:colcon.colcon_core.verb:set package 'scene_description_system' build argument 'cmake_args' from command line to 'None'
[0.589s] Level 5:colcon.colcon_core.verb:set package 'scene_description_system' build argument 'cmake_target' from command line to 'None'
[0.589s] Level 5:colcon.colcon_core.verb:set package 'scene_description_system' build argument 'cmake_target_skip_unavailable' from command line to 'False'
[0.589s] Level 5:colcon.colcon_core.verb:set package 'scene_description_system' build argument 'cmake_clean_cache' from command line to 'False'
[0.589s] Level 5:colcon.colcon_core.verb:set package 'scene_description_system' build argument 'cmake_clean_first' from command line to 'False'
[0.589s] Level 5:colcon.colcon_core.verb:set package 'scene_description_system' build argument 'cmake_force_configure' from command line to 'False'
[0.589s] Level 5:colcon.colcon_core.verb:set package 'scene_description_system' build argument 'ament_cmake_args' from command line to 'None'
[0.589s] Level 5:colcon.colcon_core.verb:set package 'scene_description_system' build argument 'catkin_cmake_args' from command line to 'None'
[0.589s] Level 5:colcon.colcon_core.verb:set package 'scene_description_system' build argument 'catkin_skip_building_tests' from command line to 'False'
[0.589s] DEBUG:colcon.colcon_core.verb:Building package 'scene_description_system' with the following arguments: {'ament_cmake_args': None, 'build_base': '/home/kanye/Documents/visionaid/build/scene_description_system', 'catkin_cmake_args': None, 'catkin_skip_building_tests': False, 'cmake_args': None, 'cmake_clean_cache': False, 'cmake_clean_first': False, 'cmake_force_configure': False, 'cmake_target': None, 'cmake_target_skip_unavailable': False, 'install_base': '/home/kanye/Documents/visionaid/install/scene_description_system', 'merge_install': False, 'path': '/home/kanye/Documents/visionaid/isaac_ros_ws/src/scene_description_system', 'symlink_install': False, 'test_result_base': None}
[0.590s] Level 5:colcon.colcon_core.verb:set package 'shared_interfaces' build argument 'cmake_args' from command line to 'None'
[0.590s] Level 5:colcon.colcon_core.verb:set package 'shared_interfaces' build argument 'cmake_target' from command line to 'None'
[0.590s] Level 5:colcon.colcon_core.verb:set package 'shared_interfaces' build argument 'cmake_target_skip_unavailable' from command line to 'False'
[0.590s] Level 5:colcon.colcon_core.verb:set package 'shared_interfaces' build argument 'cmake_clean_cache' from command line to 'False'
[0.590s] Level 5:colcon.colcon_core.verb:set package 'shared_interfaces' build argument 'cmake_clean_first' from command line to 'False'
[0.590s] Level 5:colcon.colcon_core.verb:set package 'shared_interfaces' build argument 'cmake_force_configure' from command line to 'False'
[0.590s] Level 5:colcon.colcon_core.verb:set package 'shared_interfaces' build argument 'ament_cmake_args' from command line to 'None'
[0.590s] Level 5:colcon.colcon_core.verb:set package 'shared_interfaces' build argument 'catkin_cmake_args' from command line to 'None'
[0.590s] Level 5:colcon.colcon_core.verb:set package 'shared_interfaces' build argument 'catkin_skip_building_tests' from command line to 'False'
[0.590s] DEBUG:colcon.colcon_core.verb:Building package 'shared_interfaces' with the following arguments: {'ament_cmake_args': None, 'build_base': '/home/kanye/Documents/visionaid/build/shared_interfaces', 'catkin_cmake_args': None, 'catkin_skip_building_tests': False, 'cmake_args': None, 'cmake_clean_cache': False, 'cmake_clean_first': False, 'cmake_force_configure': False, 'cmake_target': None, 'cmake_target_skip_unavailable': False, 'install_base': '/home/kanye/Documents/visionaid/install/shared_interfaces', 'merge_install': False, 'path': '/home/kanye/Documents/visionaid/isaac_ros_ws/src/shared_interfaces', 'symlink_install': False, 'test_result_base': None}
[0.590s] Level 5:colcon.colcon_core.verb:set package 'sm_common' build argument 'cmake_args' from command line to 'None'
[0.590s] Level 5:colcon.colcon_core.verb:set package 'sm_common' build argument 'cmake_target' from command line to 'None'
[0.590s] Level 5:colcon.colcon_core.verb:set package 'sm_common' build argument 'cmake_target_skip_unavailable' from command line to 'False'
[0.590s] Level 5:colcon.colcon_core.verb:set package 'sm_common' build argument 'cmake_clean_cache' from command line to 'False'
[0.590s] Level 5:colcon.colcon_core.verb:set package 'sm_common' build argument 'cmake_clean_first' from command line to 'False'
[0.590s] Level 5:colcon.colcon_core.verb:set package 'sm_common' build argument 'cmake_force_configure' from command line to 'False'
[0.590s] Level 5:colcon.colcon_core.verb:set package 'sm_common' build argument 'ament_cmake_args' from command line to 'None'
[0.590s] Level 5:colcon.colcon_core.verb:set package 'sm_common' build argument 'catkin_cmake_args' from command line to 'None'
[0.590s] Level 5:colcon.colcon_core.verb:set package 'sm_common' build argument 'catkin_skip_building_tests' from command line to 'False'
[0.590s] DEBUG:colcon.colcon_core.verb:Building package 'sm_common' with the following arguments: {'ament_cmake_args': None, 'build_base': '/home/kanye/Documents/visionaid/build/sm_common', 'catkin_cmake_args': None, 'catkin_skip_building_tests': False, 'cmake_args': None, 'cmake_clean_cache': False, 'cmake_clean_first': False, 'cmake_force_configure': False, 'cmake_target': None, 'cmake_target_skip_unavailable': False, 'install_base': '/home/kanye/Documents/visionaid/install/sm_common', 'merge_install': False, 'path': '/home/kanye/Documents/visionaid/calibration/camera/kalibr/Schweizer-Messer/sm_common', 'symlink_install': False, 'test_result_base': None}
[0.590s] Level 5:colcon.colcon_core.verb:set package 'sm_logging' build argument 'cmake_args' from command line to 'None'
[0.590s] Level 5:colcon.colcon_core.verb:set package 'sm_logging' build argument 'cmake_target' from command line to 'None'
[0.590s] Level 5:colcon.colcon_core.verb:set package 'sm_logging' build argument 'cmake_target_skip_unavailable' from command line to 'False'
[0.590s] Level 5:colcon.colcon_core.verb:set package 'sm_logging' build argument 'cmake_clean_cache' from command line to 'False'
[0.590s] Level 5:colcon.colcon_core.verb:set package 'sm_logging' build argument 'cmake_clean_first' from command line to 'False'
[0.590s] Level 5:colcon.colcon_core.verb:set package 'sm_logging' build argument 'cmake_force_configure' from command line to 'False'
[0.590s] Level 5:colcon.colcon_core.verb:set package 'sm_logging' build argument 'ament_cmake_args' from command line to 'None'
[0.590s] Level 5:colcon.colcon_core.verb:set package 'sm_logging' build argument 'catkin_cmake_args' from command line to 'None'
[0.590s] Level 5:colcon.colcon_core.verb:set package 'sm_logging' build argument 'catkin_skip_building_tests' from command line to 'False'
[0.590s] DEBUG:colcon.colcon_core.verb:Building package 'sm_logging' with the following arguments: {'ament_cmake_args': None, 'build_base': '/home/kanye/Documents/visionaid/build/sm_logging', 'catkin_cmake_args': None, 'catkin_skip_building_tests': False, 'cmake_args': None, 'cmake_clean_cache': False, 'cmake_clean_first': False, 'cmake_force_configure': False, 'cmake_target': None, 'cmake_target_skip_unavailable': False, 'install_base': '/home/kanye/Documents/visionaid/install/sm_logging', 'merge_install': False, 'path': '/home/kanye/Documents/visionaid/calibration/camera/kalibr/Schweizer-Messer/sm_logging', 'symlink_install': False, 'test_result_base': None}
[0.590s] Level 5:colcon.colcon_core.verb:set package 'sm_random' build argument 'cmake_args' from command line to 'None'
[0.590s] Level 5:colcon.colcon_core.verb:set package 'sm_random' build argument 'cmake_target' from command line to 'None'
[0.590s] Level 5:colcon.colcon_core.verb:set package 'sm_random' build argument 'cmake_target_skip_unavailable' from command line to 'False'
[0.590s] Level 5:colcon.colcon_core.verb:set package 'sm_random' build argument 'cmake_clean_cache' from command line to 'False'
[0.590s] Level 5:colcon.colcon_core.verb:set package 'sm_random' build argument 'cmake_clean_first' from command line to 'False'
[0.590s] Level 5:colcon.colcon_core.verb:set package 'sm_random' build argument 'cmake_force_configure' from command line to 'False'
[0.590s] Level 5:colcon.colcon_core.verb:set package 'sm_random' build argument 'ament_cmake_args' from command line to 'None'
[0.590s] Level 5:colcon.colcon_core.verb:set package 'sm_random' build argument 'catkin_cmake_args' from command line to 'None'
[0.591s] Level 5:colcon.colcon_core.verb:set package 'sm_random' build argument 'catkin_skip_building_tests' from command line to 'False'
[0.591s] DEBUG:colcon.colcon_core.verb:Building package 'sm_random' with the following arguments: {'ament_cmake_args': None, 'build_base': '/home/kanye/Documents/visionaid/build/sm_random', 'catkin_cmake_args': None, 'catkin_skip_building_tests': False, 'cmake_args': None, 'cmake_clean_cache': False, 'cmake_clean_first': False, 'cmake_force_configure': False, 'cmake_target': None, 'cmake_target_skip_unavailable': False, 'install_base': '/home/kanye/Documents/visionaid/install/sm_random', 'merge_install': False, 'path': '/home/kanye/Documents/visionaid/calibration/camera/kalibr/Schweizer-Messer/sm_random', 'symlink_install': False, 'test_result_base': None}
[0.591s] Level 5:colcon.colcon_core.verb:set package 'traffic_crossing_assistant' build argument 'cmake_args' from command line to 'None'
[0.591s] Level 5:colcon.colcon_core.verb:set package 'traffic_crossing_assistant' build argument 'cmake_target' from command line to 'None'
[0.591s] Level 5:colcon.colcon_core.verb:set package 'traffic_crossing_assistant' build argument 'cmake_target_skip_unavailable' from command line to 'False'
[0.591s] Level 5:colcon.colcon_core.verb:set package 'traffic_crossing_assistant' build argument 'cmake_clean_cache' from command line to 'False'
[0.591s] Level 5:colcon.colcon_core.verb:set package 'traffic_crossing_assistant' build argument 'cmake_clean_first' from command line to 'False'
[0.591s] Level 5:colcon.colcon_core.verb:set package 'traffic_crossing_assistant' build argument 'cmake_force_configure' from command line to 'False'
[0.591s] Level 5:colcon.colcon_core.verb:set package 'traffic_crossing_assistant' build argument 'ament_cmake_args' from command line to 'None'
[0.591s] Level 5:colcon.colcon_core.verb:set package 'traffic_crossing_assistant' build argument 'catkin_cmake_args' from command line to 'None'
[0.591s] Level 5:colcon.colcon_core.verb:set package 'traffic_crossing_assistant' build argument 'catkin_skip_building_tests' from command line to 'False'
[0.591s] DEBUG:colcon.colcon_core.verb:Building package 'traffic_crossing_assistant' with the following arguments: {'ament_cmake_args': None, 'build_base': '/home/kanye/Documents/visionaid/build/traffic_crossing_assistant', 'catkin_cmake_args': None, 'catkin_skip_building_tests': False, 'cmake_args': None, 'cmake_clean_cache': False, 'cmake_clean_first': False, 'cmake_force_configure': False, 'cmake_target': None, 'cmake_target_skip_unavailable': False, 'install_base': '/home/kanye/Documents/visionaid/install/traffic_crossing_assistant', 'merge_install': False, 'path': '/home/kanye/Documents/visionaid/isaac_ros_ws/src/traffic_crossing_assistant', 'symlink_install': False, 'test_result_base': None}
[0.591s] Level 5:colcon.colcon_core.verb:set package 'ur5_gripper_moveit_config' build argument 'cmake_args' from command line to 'None'
[0.591s] Level 5:colcon.colcon_core.verb:set package 'ur5_gripper_moveit_config' build argument 'cmake_target' from command line to 'None'
[0.591s] Level 5:colcon.colcon_core.verb:set package 'ur5_gripper_moveit_config' build argument 'cmake_target_skip_unavailable' from command line to 'False'
[0.591s] Level 5:colcon.colcon_core.verb:set package 'ur5_gripper_moveit_config' build argument 'cmake_clean_cache' from command line to 'False'
[0.591s] Level 5:colcon.colcon_core.verb:set package 'ur5_gripper_moveit_config' build argument 'cmake_clean_first' from command line to 'False'
[0.591s] Level 5:colcon.colcon_core.verb:set package 'ur5_gripper_moveit_config' build argument 'cmake_force_configure' from command line to 'False'
[0.591s] Level 5:colcon.colcon_core.verb:set package 'ur5_gripper_moveit_config' build argument 'ament_cmake_args' from command line to 'None'
[0.591s] Level 5:colcon.colcon_core.verb:set package 'ur5_gripper_moveit_config' build argument 'catkin_cmake_args' from command line to 'None'
[0.591s] Level 5:colcon.colcon_core.verb:set package 'ur5_gripper_moveit_config' build argument 'catkin_skip_building_tests' from command line to 'False'
[0.591s] DEBUG:colcon.colcon_core.verb:Building package 'ur5_gripper_moveit_config' with the following arguments: {'ament_cmake_args': None, 'build_base': '/home/kanye/Documents/visionaid/build/ur5_gripper_moveit_config', 'catkin_cmake_args': None, 'catkin_skip_building_tests': False, 'cmake_args': None, 'cmake_clean_cache': False, 'cmake_clean_first': False, 'cmake_force_configure': False, 'cmake_target': None, 'cmake_target_skip_unavailable': False, 'install_base': '/home/kanye/Documents/visionaid/install/ur5_gripper_moveit_config', 'merge_install': False, 'path': '/home/kanye/Documents/visionaid/isaac_ros_ws/src/isaac_ros_benchmark/benchmarks/isaac_ros_moveit_benchmark/robot_configs/ur5_gripper_moveit_config', 'symlink_install': False, 'test_result_base': None}
[0.591s] Level 5:colcon.colcon_core.verb:set package 'ur5_robotiq_85_description' build argument 'cmake_args' from command line to 'None'
[0.591s] Level 5:colcon.colcon_core.verb:set package 'ur5_robotiq_85_description' build argument 'cmake_target' from command line to 'None'
[0.591s] Level 5:colcon.colcon_core.verb:set package 'ur5_robotiq_85_description' build argument 'cmake_target_skip_unavailable' from command line to 'False'
[0.591s] Level 5:colcon.colcon_core.verb:set package 'ur5_robotiq_85_description' build argument 'cmake_clean_cache' from command line to 'False'
[0.591s] Level 5:colcon.colcon_core.verb:set package 'ur5_robotiq_85_description' build argument 'cmake_clean_first' from command line to 'False'
[0.591s] Level 5:colcon.colcon_core.verb:set package 'ur5_robotiq_85_description' build argument 'cmake_force_configure' from command line to 'False'
[0.591s] Level 5:colcon.colcon_core.verb:set package 'ur5_robotiq_85_description' build argument 'ament_cmake_args' from command line to 'None'
[0.591s] Level 5:colcon.colcon_core.verb:set package 'ur5_robotiq_85_description' build argument 'catkin_cmake_args' from command line to 'None'
[0.591s] Level 5:colcon.colcon_core.verb:set package 'ur5_robotiq_85_description' build argument 'catkin_skip_building_tests' from command line to 'False'
[0.591s] DEBUG:colcon.colcon_core.verb:Building package 'ur5_robotiq_85_description' with the following arguments: {'ament_cmake_args': None, 'build_base': '/home/kanye/Documents/visionaid/build/ur5_robotiq_85_description', 'catkin_cmake_args': None, 'catkin_skip_building_tests': False, 'cmake_args': None, 'cmake_clean_cache': False, 'cmake_clean_first': False, 'cmake_force_configure': False, 'cmake_target': None, 'cmake_target_skip_unavailable': False, 'install_base': '/home/kanye/Documents/visionaid/install/ur5_robotiq_85_description', 'merge_install': False, 'path': '/home/kanye/Documents/visionaid/isaac_ros_ws/src/isaac_ros_benchmark/benchmarks/isaac_ros_moveit_benchmark/robot_descriptions/ur5_robotiq_85_description', 'symlink_install': False, 'test_result_base': None}
[0.592s] Level 5:colcon.colcon_core.verb:set package 'vlm_scene_understanding' build argument 'cmake_args' from command line to 'None'
[0.592s] Level 5:colcon.colcon_core.verb:set package 'vlm_scene_understanding' build argument 'cmake_target' from command line to 'None'
[0.592s] Level 5:colcon.colcon_core.verb:set package 'vlm_scene_understanding' build argument 'cmake_target_skip_unavailable' from command line to 'False'
[0.592s] Level 5:colcon.colcon_core.verb:set package 'vlm_scene_understanding' build argument 'cmake_clean_cache' from command line to 'False'
[0.592s] Level 5:colcon.colcon_core.verb:set package 'vlm_scene_understanding' build argument 'cmake_clean_first' from command line to 'False'
[0.592s] Level 5:colcon.colcon_core.verb:set package 'vlm_scene_understanding' build argument 'cmake_force_configure' from command line to 'False'
[0.592s] Level 5:colcon.colcon_core.verb:set package 'vlm_scene_understanding' build argument 'ament_cmake_args' from command line to 'None'
[0.592s] Level 5:colcon.colcon_core.verb:set package 'vlm_scene_understanding' build argument 'catkin_cmake_args' from command line to 'None'
[0.592s] Level 5:colcon.colcon_core.verb:set package 'vlm_scene_understanding' build argument 'catkin_skip_building_tests' from command line to 'False'
[0.592s] DEBUG:colcon.colcon_core.verb:Building package 'vlm_scene_understanding' with the following arguments: {'ament_cmake_args': None, 'build_base': '/home/kanye/Documents/visionaid/build/vlm_scene_understanding', 'catkin_cmake_args': None, 'catkin_skip_building_tests': False, 'cmake_args': None, 'cmake_clean_cache': False, 'cmake_clean_first': False, 'cmake_force_configure': False, 'cmake_target': None, 'cmake_target_skip_unavailable': False, 'install_base': '/home/kanye/Documents/visionaid/install/vlm_scene_understanding', 'merge_install': False, 'path': '/home/kanye/Documents/visionaid/isaac_ros_ws/src/vlm_scene_understanding', 'symlink_install': False, 'test_result_base': None}
[0.592s] Level 5:colcon.colcon_core.verb:set package 'custom_nitros_message_filter_interfaces' build argument 'cmake_args' from command line to 'None'
[0.592s] Level 5:colcon.colcon_core.verb:set package 'custom_nitros_message_filter_interfaces' build argument 'cmake_target' from command line to 'None'
[0.592s] Level 5:colcon.colcon_core.verb:set package 'custom_nitros_message_filter_interfaces' build argument 'cmake_target_skip_unavailable' from command line to 'False'
[0.592s] Level 5:colcon.colcon_core.verb:set package 'custom_nitros_message_filter_interfaces' build argument 'cmake_clean_cache' from command line to 'False'
[0.592s] Level 5:colcon.colcon_core.verb:set package 'custom_nitros_message_filter_interfaces' build argument 'cmake_clean_first' from command line to 'False'
[0.592s] Level 5:colcon.colcon_core.verb:set package 'custom_nitros_message_filter_interfaces' build argument 'cmake_force_configure' from command line to 'False'
[0.592s] Level 5:colcon.colcon_core.verb:set package 'custom_nitros_message_filter_interfaces' build argument 'ament_cmake_args' from command line to 'None'
[0.592s] Level 5:colcon.colcon_core.verb:set package 'custom_nitros_message_filter_interfaces' build argument 'catkin_cmake_args' from command line to 'None'
[0.592s] Level 5:colcon.colcon_core.verb:set package 'custom_nitros_message_filter_interfaces' build argument 'catkin_skip_building_tests' from command line to 'False'
[0.592s] DEBUG:colcon.colcon_core.verb:Building package 'custom_nitros_message_filter_interfaces' with the following arguments: {'ament_cmake_args': None, 'build_base': '/home/kanye/Documents/visionaid/build/custom_nitros_message_filter_interfaces', 'catkin_cmake_args': None, 'catkin_skip_building_tests': False, 'cmake_args': None, 'cmake_clean_cache': False, 'cmake_clean_first': False, 'cmake_force_configure': False, 'cmake_target': None, 'cmake_target_skip_unavailable': False, 'install_base': '/home/kanye/Documents/visionaid/install/custom_nitros_message_filter_interfaces', 'merge_install': False, 'path': '/home/kanye/Documents/visionaid/isaac_ros_ws/src/isaac_ros_nitros/isaac_ros_managed_nitros_examples/custom_nitros_message_filter_interfaces', 'symlink_install': False, 'test_result_base': None}
[0.592s] Level 5:colcon.colcon_core.verb:set package 'gxf_isaac_timestamp_correlator' build argument 'cmake_args' from command line to 'None'
[0.592s] Level 5:colcon.colcon_core.verb:set package 'gxf_isaac_timestamp_correlator' build argument 'cmake_target' from command line to 'None'
[0.592s] Level 5:colcon.colcon_core.verb:set package 'gxf_isaac_timestamp_correlator' build argument 'cmake_target_skip_unavailable' from command line to 'False'
[0.592s] Level 5:colcon.colcon_core.verb:set package 'gxf_isaac_timestamp_correlator' build argument 'cmake_clean_cache' from command line to 'False'
[0.592s] Level 5:colcon.colcon_core.verb:set package 'gxf_isaac_timestamp_correlator' build argument 'cmake_clean_first' from command line to 'False'
[0.592s] Level 5:colcon.colcon_core.verb:set package 'gxf_isaac_timestamp_correlator' build argument 'cmake_force_configure' from command line to 'False'
[0.592s] Level 5:colcon.colcon_core.verb:set package 'gxf_isaac_timestamp_correlator' build argument 'ament_cmake_args' from command line to 'None'
[0.592s] Level 5:colcon.colcon_core.verb:set package 'gxf_isaac_timestamp_correlator' build argument 'catkin_cmake_args' from command line to 'None'
[0.592s] Level 5:colcon.colcon_core.verb:set package 'gxf_isaac_timestamp_correlator' build argument 'catkin_skip_building_tests' from command line to 'False'
[0.592s] DEBUG:colcon.colcon_core.verb:Building package 'gxf_isaac_timestamp_correlator' with the following arguments: {'ament_cmake_args': None, 'build_base': '/home/kanye/Documents/visionaid/build/gxf_isaac_timestamp_correlator', 'catkin_cmake_args': None, 'catkin_skip_building_tests': False, 'cmake_args': None, 'cmake_clean_cache': False, 'cmake_clean_first': False, 'cmake_force_configure': False, 'cmake_target': None, 'cmake_target_skip_unavailable': False, 'install_base': '/home/kanye/Documents/visionaid/install/gxf_isaac_timestamp_correlator', 'merge_install': False, 'path': '/home/kanye/Documents/visionaid/isaac_ros_ws/src/isaac_ros_nitros/isaac_ros_gxf_extensions/gxf_isaac_timestamp_correlator', 'symlink_install': False, 'test_result_base': None}
[0.592s] Level 5:colcon.colcon_core.verb:set package 'isaac_common' build argument 'cmake_args' from command line to 'None'
[0.592s] Level 5:colcon.colcon_core.verb:set package 'isaac_common' build argument 'cmake_target' from command line to 'None'
[0.592s] Level 5:colcon.colcon_core.verb:set package 'isaac_common' build argument 'cmake_target_skip_unavailable' from command line to 'False'
[0.592s] Level 5:colcon.colcon_core.verb:set package 'isaac_common' build argument 'cmake_clean_cache' from command line to 'False'
[0.592s] Level 5:colcon.colcon_core.verb:set package 'isaac_common' build argument 'cmake_clean_first' from command line to 'False'
[0.593s] Level 5:colcon.colcon_core.verb:set package 'isaac_common' build argument 'cmake_force_configure' from command line to 'False'
[0.593s] Level 5:colcon.colcon_core.verb:set package 'isaac_common' build argument 'ament_cmake_args' from command line to 'None'
[0.593s] Level 5:colcon.colcon_core.verb:set package 'isaac_common' build argument 'catkin_cmake_args' from command line to 'None'
[0.593s] Level 5:colcon.colcon_core.verb:set package 'isaac_common' build argument 'catkin_skip_building_tests' from command line to 'False'
[0.593s] DEBUG:colcon.colcon_core.verb:Building package 'isaac_common' with the following arguments: {'ament_cmake_args': None, 'build_base': '/home/kanye/Documents/visionaid/build/isaac_common', 'catkin_cmake_args': None, 'catkin_skip_building_tests': False, 'cmake_args': None, 'cmake_clean_cache': False, 'cmake_clean_first': False, 'cmake_force_configure': False, 'cmake_target': None, 'cmake_target_skip_unavailable': False, 'install_base': '/home/kanye/Documents/visionaid/install/isaac_common', 'merge_install': False, 'path': '/home/kanye/Documents/visionaid/isaac_ros_ws/src/isaac_ros_common/isaac_common', 'symlink_install': False, 'test_result_base': None}
[0.593s] Level 5:colcon.colcon_core.verb:set package 'isaac_common_py' build argument 'cmake_args' from command line to 'None'
[0.593s] Level 5:colcon.colcon_core.verb:set package 'isaac_common_py' build argument 'cmake_target' from command line to 'None'
[0.593s] Level 5:colcon.colcon_core.verb:set package 'isaac_common_py' build argument 'cmake_target_skip_unavailable' from command line to 'False'
[0.593s] Level 5:colcon.colcon_core.verb:set package 'isaac_common_py' build argument 'cmake_clean_cache' from command line to 'False'
[0.593s] Level 5:colcon.colcon_core.verb:set package 'isaac_common_py' build argument 'cmake_clean_first' from command line to 'False'
[0.593s] Level 5:colcon.colcon_core.verb:set package 'isaac_common_py' build argument 'cmake_force_configure' from command line to 'False'
[0.593s] Level 5:colcon.colcon_core.verb:set package 'isaac_common_py' build argument 'ament_cmake_args' from command line to 'None'
[0.593s] Level 5:colcon.colcon_core.verb:set package 'isaac_common_py' build argument 'catkin_cmake_args' from command line to 'None'
[0.593s] Level 5:colcon.colcon_core.verb:set package 'isaac_common_py' build argument 'catkin_skip_building_tests' from command line to 'False'
[0.593s] DEBUG:colcon.colcon_core.verb:Building package 'isaac_common_py' with the following arguments: {'ament_cmake_args': None, 'build_base': '/home/kanye/Documents/visionaid/build/isaac_common_py', 'catkin_cmake_args': None, 'catkin_skip_building_tests': False, 'cmake_args': None, 'cmake_clean_cache': False, 'cmake_clean_first': False, 'cmake_force_configure': False, 'cmake_target': None, 'cmake_target_skip_unavailable': False, 'install_base': '/home/kanye/Documents/visionaid/install/isaac_common_py', 'merge_install': False, 'path': '/home/kanye/Documents/visionaid/isaac_ros_ws/src/isaac_ros_common/isaac_common_py', 'symlink_install': False, 'test_result_base': None}
[0.593s] Level 5:colcon.colcon_core.verb:set package 'isaac_ros_apriltag_interfaces' build argument 'cmake_args' from command line to 'None'
[0.593s] Level 5:colcon.colcon_core.verb:set package 'isaac_ros_apriltag_interfaces' build argument 'cmake_target' from command line to 'None'
[0.593s] Level 5:colcon.colcon_core.verb:set package 'isaac_ros_apriltag_interfaces' build argument 'cmake_target_skip_unavailable' from command line to 'False'
[0.593s] Level 5:colcon.colcon_core.verb:set package 'isaac_ros_apriltag_interfaces' build argument 'cmake_clean_cache' from command line to 'False'
[0.593s] Level 5:colcon.colcon_core.verb:set package 'isaac_ros_apriltag_interfaces' build argument 'cmake_clean_first' from command line to 'False'
[0.593s] Level 5:colcon.colcon_core.verb:set package 'isaac_ros_apriltag_interfaces' build argument 'cmake_force_configure' from command line to 'False'
[0.593s] Level 5:colcon.colcon_core.verb:set package 'isaac_ros_apriltag_interfaces' build argument 'ament_cmake_args' from command line to 'None'
[0.593s] Level 5:colcon.colcon_core.verb:set package 'isaac_ros_apriltag_interfaces' build argument 'catkin_cmake_args' from command line to 'None'
[0.593s] Level 5:colcon.colcon_core.verb:set package 'isaac_ros_apriltag_interfaces' build argument 'catkin_skip_building_tests' from command line to 'False'
[0.593s] DEBUG:colcon.colcon_core.verb:Building package 'isaac_ros_apriltag_interfaces' with the following arguments: {'ament_cmake_args': None, 'build_base': '/home/kanye/Documents/visionaid/build/isaac_ros_apriltag_interfaces', 'catkin_cmake_args': None, 'catkin_skip_building_tests': False, 'cmake_args': None, 'cmake_clean_cache': False, 'cmake_clean_first': False, 'cmake_force_configure': False, 'cmake_target': None, 'cmake_target_skip_unavailable': False, 'install_base': '/home/kanye/Documents/visionaid/install/isaac_ros_apriltag_interfaces', 'merge_install': False, 'path': '/home/kanye/Documents/visionaid/isaac_ros_ws/src/isaac_ros_common/isaac_ros_apriltag_interfaces', 'symlink_install': False, 'test_result_base': None}
[0.593s] Level 5:colcon.colcon_core.verb:set package 'isaac_ros_bi3d_interfaces' build argument 'cmake_args' from command line to 'None'
[0.593s] Level 5:colcon.colcon_core.verb:set package 'isaac_ros_bi3d_interfaces' build argument 'cmake_target' from command line to 'None'
[0.593s] Level 5:colcon.colcon_core.verb:set package 'isaac_ros_bi3d_interfaces' build argument 'cmake_target_skip_unavailable' from command line to 'False'
[0.593s] Level 5:colcon.colcon_core.verb:set package 'isaac_ros_bi3d_interfaces' build argument 'cmake_clean_cache' from command line to 'False'
[0.593s] Level 5:colcon.colcon_core.verb:set package 'isaac_ros_bi3d_interfaces' build argument 'cmake_clean_first' from command line to 'False'
[0.593s] Level 5:colcon.colcon_core.verb:set package 'isaac_ros_bi3d_interfaces' build argument 'cmake_force_configure' from command line to 'False'
[0.593s] Level 5:colcon.colcon_core.verb:set package 'isaac_ros_bi3d_interfaces' build argument 'ament_cmake_args' from command line to 'None'
[0.593s] Level 5:colcon.colcon_core.verb:set package 'isaac_ros_bi3d_interfaces' build argument 'catkin_cmake_args' from command line to 'None'
[0.593s] Level 5:colcon.colcon_core.verb:set package 'isaac_ros_bi3d_interfaces' build argument 'catkin_skip_building_tests' from command line to 'False'
[0.593s] DEBUG:colcon.colcon_core.verb:Building package 'isaac_ros_bi3d_interfaces' with the following arguments: {'ament_cmake_args': None, 'build_base': '/home/kanye/Documents/visionaid/build/isaac_ros_bi3d_interfaces', 'catkin_cmake_args': None, 'catkin_skip_building_tests': False, 'cmake_args': None, 'cmake_clean_cache': False, 'cmake_clean_first': False, 'cmake_force_configure': False, 'cmake_target': None, 'cmake_target_skip_unavailable': False, 'install_base': '/home/kanye/Documents/visionaid/install/isaac_ros_bi3d_interfaces', 'merge_install': False, 'path': '/home/kanye/Documents/visionaid/isaac_ros_ws/src/isaac_ros_common/isaac_ros_bi3d_interfaces', 'symlink_install': False, 'test_result_base': None}
[0.594s] Level 5:colcon.colcon_core.verb:set package 'isaac_ros_gxf' build argument 'cmake_args' from command line to 'None'
[0.594s] Level 5:colcon.colcon_core.verb:set package 'isaac_ros_gxf' build argument 'cmake_target' from command line to 'None'
[0.594s] Level 5:colcon.colcon_core.verb:set package 'isaac_ros_gxf' build argument 'cmake_target_skip_unavailable' from command line to 'False'
[0.594s] Level 5:colcon.colcon_core.verb:set package 'isaac_ros_gxf' build argument 'cmake_clean_cache' from command line to 'False'
[0.594s] Level 5:colcon.colcon_core.verb:set package 'isaac_ros_gxf' build argument 'cmake_clean_first' from command line to 'False'
[0.594s] Level 5:colcon.colcon_core.verb:set package 'isaac_ros_gxf' build argument 'cmake_force_configure' from command line to 'False'
[0.594s] Level 5:colcon.colcon_core.verb:set package 'isaac_ros_gxf' build argument 'ament_cmake_args' from command line to 'None'
[0.594s] Level 5:colcon.colcon_core.verb:set package 'isaac_ros_gxf' build argument 'catkin_cmake_args' from command line to 'None'
[0.594s] Level 5:colcon.colcon_core.verb:set package 'isaac_ros_gxf' build argument 'catkin_skip_building_tests' from command line to 'False'
[0.594s] DEBUG:colcon.colcon_core.verb:Building package 'isaac_ros_gxf' with the following arguments: {'ament_cmake_args': None, 'build_base': '/home/kanye/Documents/visionaid/build/isaac_ros_gxf', 'catkin_cmake_args': None, 'catkin_skip_building_tests': False, 'cmake_args': None, 'cmake_clean_cache': False, 'cmake_clean_first': False, 'cmake_force_configure': False, 'cmake_target': None, 'cmake_target_skip_unavailable': False, 'install_base': '/home/kanye/Documents/visionaid/install/isaac_ros_gxf', 'merge_install': False, 'path': '/home/kanye/Documents/visionaid/isaac_ros_ws/src/isaac_ros_nitros/isaac_ros_gxf', 'symlink_install': False, 'test_result_base': None}
[0.594s] Level 5:colcon.colcon_core.verb:set package 'isaac_ros_launch_utils' build argument 'cmake_args' from command line to 'None'
[0.594s] Level 5:colcon.colcon_core.verb:set package 'isaac_ros_launch_utils' build argument 'cmake_target' from command line to 'None'
[0.594s] Level 5:colcon.colcon_core.verb:set package 'isaac_ros_launch_utils' build argument 'cmake_target_skip_unavailable' from command line to 'False'
[0.594s] Level 5:colcon.colcon_core.verb:set package 'isaac_ros_launch_utils' build argument 'cmake_clean_cache' from command line to 'False'
[0.594s] Level 5:colcon.colcon_core.verb:set package 'isaac_ros_launch_utils' build argument 'cmake_clean_first' from command line to 'False'
[0.594s] Level 5:colcon.colcon_core.verb:set package 'isaac_ros_launch_utils' build argument 'cmake_force_configure' from command line to 'False'
[0.594s] Level 5:colcon.colcon_core.verb:set package 'isaac_ros_launch_utils' build argument 'ament_cmake_args' from command line to 'None'
[0.594s] Level 5:colcon.colcon_core.verb:set package 'isaac_ros_launch_utils' build argument 'catkin_cmake_args' from command line to 'None'
[0.594s] Level 5:colcon.colcon_core.verb:set package 'isaac_ros_launch_utils' build argument 'catkin_skip_building_tests' from command line to 'False'
[0.594s] DEBUG:colcon.colcon_core.verb:Building package 'isaac_ros_launch_utils' with the following arguments: {'ament_cmake_args': None, 'build_base': '/home/kanye/Documents/visionaid/build/isaac_ros_launch_utils', 'catkin_cmake_args': None, 'catkin_skip_building_tests': False, 'cmake_args': None, 'cmake_clean_cache': False, 'cmake_clean_first': False, 'cmake_force_configure': False, 'cmake_target': None, 'cmake_target_skip_unavailable': False, 'install_base': '/home/kanye/Documents/visionaid/install/isaac_ros_launch_utils', 'merge_install': False, 'path': '/home/kanye/Documents/visionaid/isaac_ros_ws/src/isaac_ros_common/isaac_ros_launch_utils', 'symlink_install': False, 'test_result_base': None}
[0.594s] Level 5:colcon.colcon_core.verb:set package 'isaac_ros_nova_interfaces' build argument 'cmake_args' from command line to 'None'
[0.594s] Level 5:colcon.colcon_core.verb:set package 'isaac_ros_nova_interfaces' build argument 'cmake_target' from command line to 'None'
[0.594s] Level 5:colcon.colcon_core.verb:set package 'isaac_ros_nova_interfaces' build argument 'cmake_target_skip_unavailable' from command line to 'False'
[0.594s] Level 5:colcon.colcon_core.verb:set package 'isaac_ros_nova_interfaces' build argument 'cmake_clean_cache' from command line to 'False'
[0.594s] Level 5:colcon.colcon_core.verb:set package 'isaac_ros_nova_interfaces' build argument 'cmake_clean_first' from command line to 'False'
[0.594s] Level 5:colcon.colcon_core.verb:set package 'isaac_ros_nova_interfaces' build argument 'cmake_force_configure' from command line to 'False'
[0.594s] Level 5:colcon.colcon_core.verb:set package 'isaac_ros_nova_interfaces' build argument 'ament_cmake_args' from command line to 'None'
[0.594s] Level 5:colcon.colcon_core.verb:set package 'isaac_ros_nova_interfaces' build argument 'catkin_cmake_args' from command line to 'None'
[0.594s] Level 5:colcon.colcon_core.verb:set package 'isaac_ros_nova_interfaces' build argument 'catkin_skip_building_tests' from command line to 'False'
[0.594s] DEBUG:colcon.colcon_core.verb:Building package 'isaac_ros_nova_interfaces' with the following arguments: {'ament_cmake_args': None, 'build_base': '/home/kanye/Documents/visionaid/build/isaac_ros_nova_interfaces', 'catkin_cmake_args': None, 'catkin_skip_building_tests': False, 'cmake_args': None, 'cmake_clean_cache': False, 'cmake_clean_first': False, 'cmake_force_configure': False, 'cmake_target': None, 'cmake_target_skip_unavailable': False, 'install_base': '/home/kanye/Documents/visionaid/install/isaac_ros_nova_interfaces', 'merge_install': False, 'path': '/home/kanye/Documents/visionaid/isaac_ros_ws/src/isaac_ros_common/isaac_ros_nova_interfaces', 'symlink_install': False, 'test_result_base': None}
[0.594s] Level 5:colcon.colcon_core.verb:set package 'isaac_ros_pointcloud_interfaces' build argument 'cmake_args' from command line to 'None'
[0.594s] Level 5:colcon.colcon_core.verb:set package 'isaac_ros_pointcloud_interfaces' build argument 'cmake_target' from command line to 'None'
[0.594s] Level 5:colcon.colcon_core.verb:set package 'isaac_ros_pointcloud_interfaces' build argument 'cmake_target_skip_unavailable' from command line to 'False'
[0.595s] Level 5:colcon.colcon_core.verb:set package 'isaac_ros_pointcloud_interfaces' build argument 'cmake_clean_cache' from command line to 'False'
[0.595s] Level 5:colcon.colcon_core.verb:set package 'isaac_ros_pointcloud_interfaces' build argument 'cmake_clean_first' from command line to 'False'
[0.595s] Level 5:colcon.colcon_core.verb:set package 'isaac_ros_pointcloud_interfaces' build argument 'cmake_force_configure' from command line to 'False'
[0.595s] Level 5:colcon.colcon_core.verb:set package 'isaac_ros_pointcloud_interfaces' build argument 'ament_cmake_args' from command line to 'None'
[0.595s] Level 5:colcon.colcon_core.verb:set package 'isaac_ros_pointcloud_interfaces' build argument 'catkin_cmake_args' from command line to 'None'
[0.595s] Level 5:colcon.colcon_core.verb:set package 'isaac_ros_pointcloud_interfaces' build argument 'catkin_skip_building_tests' from command line to 'False'
[0.595s] DEBUG:colcon.colcon_core.verb:Building package 'isaac_ros_pointcloud_interfaces' with the following arguments: {'ament_cmake_args': None, 'build_base': '/home/kanye/Documents/visionaid/build/isaac_ros_pointcloud_interfaces', 'catkin_cmake_args': None, 'catkin_skip_building_tests': False, 'cmake_args': None, 'cmake_clean_cache': False, 'cmake_clean_first': False, 'cmake_force_configure': False, 'cmake_target': None, 'cmake_target_skip_unavailable': False, 'install_base': '/home/kanye/Documents/visionaid/install/isaac_ros_pointcloud_interfaces', 'merge_install': False, 'path': '/home/kanye/Documents/visionaid/isaac_ros_ws/src/isaac_ros_common/isaac_ros_pointcloud_interfaces', 'symlink_install': False, 'test_result_base': None}
[0.595s] Level 5:colcon.colcon_core.verb:set package 'isaac_ros_r2b_galileo' build argument 'cmake_args' from command line to 'None'
[0.595s] Level 5:colcon.colcon_core.verb:set package 'isaac_ros_r2b_galileo' build argument 'cmake_target' from command line to 'None'
[0.595s] Level 5:colcon.colcon_core.verb:set package 'isaac_ros_r2b_galileo' build argument 'cmake_target_skip_unavailable' from command line to 'False'
[0.595s] Level 5:colcon.colcon_core.verb:set package 'isaac_ros_r2b_galileo' build argument 'cmake_clean_cache' from command line to 'False'
[0.595s] Level 5:colcon.colcon_core.verb:set package 'isaac_ros_r2b_galileo' build argument 'cmake_clean_first' from command line to 'False'
[0.595s] Level 5:colcon.colcon_core.verb:set package 'isaac_ros_r2b_galileo' build argument 'cmake_force_configure' from command line to 'False'
[0.595s] Level 5:colcon.colcon_core.verb:set package 'isaac_ros_r2b_galileo' build argument 'ament_cmake_args' from command line to 'None'
[0.595s] Level 5:colcon.colcon_core.verb:set package 'isaac_ros_r2b_galileo' build argument 'catkin_cmake_args' from command line to 'None'
[0.595s] Level 5:colcon.colcon_core.verb:set package 'isaac_ros_r2b_galileo' build argument 'catkin_skip_building_tests' from command line to 'False'
[0.595s] DEBUG:colcon.colcon_core.verb:Building package 'isaac_ros_r2b_galileo' with the following arguments: {'ament_cmake_args': None, 'build_base': '/home/kanye/Documents/visionaid/build/isaac_ros_r2b_galileo', 'catkin_cmake_args': None, 'catkin_skip_building_tests': False, 'cmake_args': None, 'cmake_clean_cache': False, 'cmake_clean_first': False, 'cmake_force_configure': False, 'cmake_target': None, 'cmake_target_skip_unavailable': False, 'install_base': '/home/kanye/Documents/visionaid/install/isaac_ros_r2b_galileo', 'merge_install': False, 'path': '/home/kanye/Documents/visionaid/isaac_ros_ws/src/isaac_ros_common/isaac_ros_r2b_galileo', 'symlink_install': False, 'test_result_base': None}
[0.595s] Level 5:colcon.colcon_core.verb:set package 'isaac_ros_tensor_list_interfaces' build argument 'cmake_args' from command line to 'None'
[0.595s] Level 5:colcon.colcon_core.verb:set package 'isaac_ros_tensor_list_interfaces' build argument 'cmake_target' from command line to 'None'
[0.595s] Level 5:colcon.colcon_core.verb:set package 'isaac_ros_tensor_list_interfaces' build argument 'cmake_target_skip_unavailable' from command line to 'False'
[0.595s] Level 5:colcon.colcon_core.verb:set package 'isaac_ros_tensor_list_interfaces' build argument 'cmake_clean_cache' from command line to 'False'
[0.595s] Level 5:colcon.colcon_core.verb:set package 'isaac_ros_tensor_list_interfaces' build argument 'cmake_clean_first' from command line to 'False'
[0.595s] Level 5:colcon.colcon_core.verb:set package 'isaac_ros_tensor_list_interfaces' build argument 'cmake_force_configure' from command line to 'False'
[0.595s] Level 5:colcon.colcon_core.verb:set package 'isaac_ros_tensor_list_interfaces' build argument 'ament_cmake_args' from command line to 'None'
[0.595s] Level 5:colcon.colcon_core.verb:set package 'isaac_ros_tensor_list_interfaces' build argument 'catkin_cmake_args' from command line to 'None'
[0.595s] Level 5:colcon.colcon_core.verb:set package 'isaac_ros_tensor_list_interfaces' build argument 'catkin_skip_building_tests' from command line to 'False'
[0.595s] DEBUG:colcon.colcon_core.verb:Building package 'isaac_ros_tensor_list_interfaces' with the following arguments: {'ament_cmake_args': None, 'build_base': '/home/kanye/Documents/visionaid/build/isaac_ros_tensor_list_interfaces', 'catkin_cmake_args': None, 'catkin_skip_building_tests': False, 'cmake_args': None, 'cmake_clean_cache': False, 'cmake_clean_first': False, 'cmake_force_configure': False, 'cmake_target': None, 'cmake_target_skip_unavailable': False, 'install_base': '/home/kanye/Documents/visionaid/install/isaac_ros_tensor_list_interfaces', 'merge_install': False, 'path': '/home/kanye/Documents/visionaid/isaac_ros_ws/src/isaac_ros_common/isaac_ros_tensor_list_interfaces', 'symlink_install': False, 'test_result_base': None}
[0.595s] Level 5:colcon.colcon_core.verb:set package 'isaac_ros_test' build argument 'cmake_args' from command line to 'None'
[0.595s] Level 5:colcon.colcon_core.verb:set package 'isaac_ros_test' build argument 'cmake_target' from command line to 'None'
[0.595s] Level 5:colcon.colcon_core.verb:set package 'isaac_ros_test' build argument 'cmake_target_skip_unavailable' from command line to 'False'
[0.595s] Level 5:colcon.colcon_core.verb:set package 'isaac_ros_test' build argument 'cmake_clean_cache' from command line to 'False'
[0.595s] Level 5:colcon.colcon_core.verb:set package 'isaac_ros_test' build argument 'cmake_clean_first' from command line to 'False'
[0.595s] Level 5:colcon.colcon_core.verb:set package 'isaac_ros_test' build argument 'cmake_force_configure' from command line to 'False'
[0.595s] Level 5:colcon.colcon_core.verb:set package 'isaac_ros_test' build argument 'ament_cmake_args' from command line to 'None'
[0.595s] Level 5:colcon.colcon_core.verb:set package 'isaac_ros_test' build argument 'catkin_cmake_args' from command line to 'None'
[0.595s] Level 5:colcon.colcon_core.verb:set package 'isaac_ros_test' build argument 'catkin_skip_building_tests' from command line to 'False'
[0.595s] DEBUG:colcon.colcon_core.verb:Building package 'isaac_ros_test' with the following arguments: {'ament_cmake_args': None, 'build_base': '/home/kanye/Documents/visionaid/build/isaac_ros_test', 'catkin_cmake_args': None, 'catkin_skip_building_tests': False, 'cmake_args': None, 'cmake_clean_cache': False, 'cmake_clean_first': False, 'cmake_force_configure': False, 'cmake_target': None, 'cmake_target_skip_unavailable': False, 'install_base': '/home/kanye/Documents/visionaid/install/isaac_ros_test', 'merge_install': False, 'path': '/home/kanye/Documents/visionaid/isaac_ros_ws/src/isaac_ros_common/isaac_ros_test', 'symlink_install': False, 'test_result_base': None}
[0.596s] Level 5:colcon.colcon_core.verb:set package 'numpy_eigen' build argument 'cmake_args' from command line to 'None'
[0.596s] Level 5:colcon.colcon_core.verb:set package 'numpy_eigen' build argument 'cmake_target' from command line to 'None'
[0.596s] Level 5:colcon.colcon_core.verb:set package 'numpy_eigen' build argument 'cmake_target_skip_unavailable' from command line to 'False'
[0.596s] Level 5:colcon.colcon_core.verb:set package 'numpy_eigen' build argument 'cmake_clean_cache' from command line to 'False'
[0.596s] Level 5:colcon.colcon_core.verb:set package 'numpy_eigen' build argument 'cmake_clean_first' from command line to 'False'
[0.596s] Level 5:colcon.colcon_core.verb:set package 'numpy_eigen' build argument 'cmake_force_configure' from command line to 'False'
[0.596s] Level 5:colcon.colcon_core.verb:set package 'numpy_eigen' build argument 'ament_cmake_args' from command line to 'None'
[0.596s] Level 5:colcon.colcon_core.verb:set package 'numpy_eigen' build argument 'catkin_cmake_args' from command line to 'None'
[0.596s] Level 5:colcon.colcon_core.verb:set package 'numpy_eigen' build argument 'catkin_skip_building_tests' from command line to 'False'
[0.596s] DEBUG:colcon.colcon_core.verb:Building package 'numpy_eigen' with the following arguments: {'ament_cmake_args': None, 'build_base': '/home/kanye/Documents/visionaid/build/numpy_eigen', 'catkin_cmake_args': None, 'catkin_skip_building_tests': False, 'cmake_args': None, 'cmake_clean_cache': False, 'cmake_clean_first': False, 'cmake_force_configure': False, 'cmake_target': None, 'cmake_target_skip_unavailable': False, 'install_base': '/home/kanye/Documents/visionaid/install/numpy_eigen', 'merge_install': False, 'path': '/home/kanye/Documents/visionaid/calibration/camera/kalibr/Schweizer-Messer/numpy_eigen', 'symlink_install': False, 'test_result_base': None}
[0.596s] Level 5:colcon.colcon_core.verb:set package 'opencv2_catkin' build argument 'cmake_args' from command line to 'None'
[0.596s] Level 5:colcon.colcon_core.verb:set package 'opencv2_catkin' build argument 'cmake_target' from command line to 'None'
[0.596s] Level 5:colcon.colcon_core.verb:set package 'opencv2_catkin' build argument 'cmake_target_skip_unavailable' from command line to 'False'
[0.596s] Level 5:colcon.colcon_core.verb:set package 'opencv2_catkin' build argument 'cmake_clean_cache' from command line to 'False'
[0.596s] Level 5:colcon.colcon_core.verb:set package 'opencv2_catkin' build argument 'cmake_clean_first' from command line to 'False'
[0.596s] Level 5:colcon.colcon_core.verb:set package 'opencv2_catkin' build argument 'cmake_force_configure' from command line to 'False'
[0.596s] Level 5:colcon.colcon_core.verb:set package 'opencv2_catkin' build argument 'ament_cmake_args' from command line to 'None'
[0.596s] Level 5:colcon.colcon_core.verb:set package 'opencv2_catkin' build argument 'catkin_cmake_args' from command line to 'None'
[0.596s] Level 5:colcon.colcon_core.verb:set package 'opencv2_catkin' build argument 'catkin_skip_building_tests' from command line to 'False'
[0.596s] DEBUG:colcon.colcon_core.verb:Building package 'opencv2_catkin' with the following arguments: {'ament_cmake_args': None, 'build_base': '/home/kanye/Documents/visionaid/build/opencv2_catkin', 'catkin_cmake_args': None, 'catkin_skip_building_tests': False, 'cmake_args': None, 'cmake_clean_cache': False, 'cmake_clean_first': False, 'cmake_force_configure': False, 'cmake_target': None, 'cmake_target_skip_unavailable': False, 'install_base': '/home/kanye/Documents/visionaid/install/opencv2_catkin', 'merge_install': False, 'path': '/home/kanye/Documents/visionaid/calibration/camera/kalibr/opencv2_catkin', 'symlink_install': False, 'test_result_base': None}
[0.596s] Level 5:colcon.colcon_core.verb:set package 'ros2_benchmark_interfaces' build argument 'cmake_args' from command line to 'None'
[0.596s] Level 5:colcon.colcon_core.verb:set package 'ros2_benchmark_interfaces' build argument 'cmake_target' from command line to 'None'
[0.596s] Level 5:colcon.colcon_core.verb:set package 'ros2_benchmark_interfaces' build argument 'cmake_target_skip_unavailable' from command line to 'False'
[0.596s] Level 5:colcon.colcon_core.verb:set package 'ros2_benchmark_interfaces' build argument 'cmake_clean_cache' from command line to 'False'
[0.596s] Level 5:colcon.colcon_core.verb:set package 'ros2_benchmark_interfaces' build argument 'cmake_clean_first' from command line to 'False'
[0.596s] Level 5:colcon.colcon_core.verb:set package 'ros2_benchmark_interfaces' build argument 'cmake_force_configure' from command line to 'False'
[0.596s] Level 5:colcon.colcon_core.verb:set package 'ros2_benchmark_interfaces' build argument 'ament_cmake_args' from command line to 'None'
[0.596s] Level 5:colcon.colcon_core.verb:set package 'ros2_benchmark_interfaces' build argument 'catkin_cmake_args' from command line to 'None'
[0.596s] Level 5:colcon.colcon_core.verb:set package 'ros2_benchmark_interfaces' build argument 'catkin_skip_building_tests' from command line to 'False'
[0.596s] DEBUG:colcon.colcon_core.verb:Building package 'ros2_benchmark_interfaces' with the following arguments: {'ament_cmake_args': None, 'build_base': '/home/kanye/Documents/visionaid/build/ros2_benchmark_interfaces', 'catkin_cmake_args': None, 'catkin_skip_building_tests': False, 'cmake_args': None, 'cmake_clean_cache': False, 'cmake_clean_first': False, 'cmake_force_configure': False, 'cmake_target': None, 'cmake_target_skip_unavailable': False, 'install_base': '/home/kanye/Documents/visionaid/install/ros2_benchmark_interfaces', 'merge_install': False, 'path': '/home/kanye/Documents/visionaid/isaac_ros_ws/src/ros2_benchmark/ros2_benchmark_interfaces', 'symlink_install': False, 'test_result_base': None}
[0.597s] Level 5:colcon.colcon_core.verb:set package 'sm_boost' build argument 'cmake_args' from command line to 'None'
[0.597s] Level 5:colcon.colcon_core.verb:set package 'sm_boost' build argument 'cmake_target' from command line to 'None'
[0.597s] Level 5:colcon.colcon_core.verb:set package 'sm_boost' build argument 'cmake_target_skip_unavailable' from command line to 'False'
[0.597s] Level 5:colcon.colcon_core.verb:set package 'sm_boost' build argument 'cmake_clean_cache' from command line to 'False'
[0.597s] Level 5:colcon.colcon_core.verb:set package 'sm_boost' build argument 'cmake_clean_first' from command line to 'False'
[0.597s] Level 5:colcon.colcon_core.verb:set package 'sm_boost' build argument 'cmake_force_configure' from command line to 'False'
[0.597s] Level 5:colcon.colcon_core.verb:set package 'sm_boost' build argument 'ament_cmake_args' from command line to 'None'
[0.597s] Level 5:colcon.colcon_core.verb:set package 'sm_boost' build argument 'catkin_cmake_args' from command line to 'None'
[0.597s] Level 5:colcon.colcon_core.verb:set package 'sm_boost' build argument 'catkin_skip_building_tests' from command line to 'False'
[0.597s] DEBUG:colcon.colcon_core.verb:Building package 'sm_boost' with the following arguments: {'ament_cmake_args': None, 'build_base': '/home/kanye/Documents/visionaid/build/sm_boost', 'catkin_cmake_args': None, 'catkin_skip_building_tests': False, 'cmake_args': None, 'cmake_clean_cache': False, 'cmake_clean_first': False, 'cmake_force_configure': False, 'cmake_target': None, 'cmake_target_skip_unavailable': False, 'install_base': '/home/kanye/Documents/visionaid/install/sm_boost', 'merge_install': False, 'path': '/home/kanye/Documents/visionaid/calibration/camera/kalibr/Schweizer-Messer/sm_boost', 'symlink_install': False, 'test_result_base': None}
[0.597s] Level 5:colcon.colcon_core.verb:set package 'sm_eigen' build argument 'cmake_args' from command line to 'None'
[0.597s] Level 5:colcon.colcon_core.verb:set package 'sm_eigen' build argument 'cmake_target' from command line to 'None'
[0.597s] Level 5:colcon.colcon_core.verb:set package 'sm_eigen' build argument 'cmake_target_skip_unavailable' from command line to 'False'
[0.597s] Level 5:colcon.colcon_core.verb:set package 'sm_eigen' build argument 'cmake_clean_cache' from command line to 'False'
[0.597s] Level 5:colcon.colcon_core.verb:set package 'sm_eigen' build argument 'cmake_clean_first' from command line to 'False'
[0.597s] Level 5:colcon.colcon_core.verb:set package 'sm_eigen' build argument 'cmake_force_configure' from command line to 'False'
[0.597s] Level 5:colcon.colcon_core.verb:set package 'sm_eigen' build argument 'ament_cmake_args' from command line to 'None'
[0.597s] Level 5:colcon.colcon_core.verb:set package 'sm_eigen' build argument 'catkin_cmake_args' from command line to 'None'
[0.597s] Level 5:colcon.colcon_core.verb:set package 'sm_eigen' build argument 'catkin_skip_building_tests' from command line to 'False'
[0.597s] DEBUG:colcon.colcon_core.verb:Building package 'sm_eigen' with the following arguments: {'ament_cmake_args': None, 'build_base': '/home/kanye/Documents/visionaid/build/sm_eigen', 'catkin_cmake_args': None, 'catkin_skip_building_tests': False, 'cmake_args': None, 'cmake_clean_cache': False, 'cmake_clean_first': False, 'cmake_force_configure': False, 'cmake_target': None, 'cmake_target_skip_unavailable': False, 'install_base': '/home/kanye/Documents/visionaid/install/sm_eigen', 'merge_install': False, 'path': '/home/kanye/Documents/visionaid/calibration/camera/kalibr/Schweizer-Messer/sm_eigen', 'symlink_install': False, 'test_result_base': None}
[0.597s] Level 5:colcon.colcon_core.verb:set package 'sm_matrix_archive' build argument 'cmake_args' from command line to 'None'
[0.597s] Level 5:colcon.colcon_core.verb:set package 'sm_matrix_archive' build argument 'cmake_target' from command line to 'None'
[0.597s] Level 5:colcon.colcon_core.verb:set package 'sm_matrix_archive' build argument 'cmake_target_skip_unavailable' from command line to 'False'
[0.597s] Level 5:colcon.colcon_core.verb:set package 'sm_matrix_archive' build argument 'cmake_clean_cache' from command line to 'False'
[0.597s] Level 5:colcon.colcon_core.verb:set package 'sm_matrix_archive' build argument 'cmake_clean_first' from command line to 'False'
[0.597s] Level 5:colcon.colcon_core.verb:set package 'sm_matrix_archive' build argument 'cmake_force_configure' from command line to 'False'
[0.597s] Level 5:colcon.colcon_core.verb:set package 'sm_matrix_archive' build argument 'ament_cmake_args' from command line to 'None'
[0.597s] Level 5:colcon.colcon_core.verb:set package 'sm_matrix_archive' build argument 'catkin_cmake_args' from command line to 'None'
[0.597s] Level 5:colcon.colcon_core.verb:set package 'sm_matrix_archive' build argument 'catkin_skip_building_tests' from command line to 'False'
[0.597s] DEBUG:colcon.colcon_core.verb:Building package 'sm_matrix_archive' with the following arguments: {'ament_cmake_args': None, 'build_base': '/home/kanye/Documents/visionaid/build/sm_matrix_archive', 'catkin_cmake_args': None, 'catkin_skip_building_tests': False, 'cmake_args': None, 'cmake_clean_cache': False, 'cmake_clean_first': False, 'cmake_force_configure': False, 'cmake_target': None, 'cmake_target_skip_unavailable': False, 'install_base': '/home/kanye/Documents/visionaid/install/sm_matrix_archive', 'merge_install': False, 'path': '/home/kanye/Documents/visionaid/calibration/camera/kalibr/Schweizer-Messer/sm_matrix_archive', 'symlink_install': False, 'test_result_base': None}
[0.597s] Level 5:colcon.colcon_core.verb:set package 'sm_opencv' build argument 'cmake_args' from command line to 'None'
[0.597s] Level 5:colcon.colcon_core.verb:set package 'sm_opencv' build argument 'cmake_target' from command line to 'None'
[0.597s] Level 5:colcon.colcon_core.verb:set package 'sm_opencv' build argument 'cmake_target_skip_unavailable' from command line to 'False'
[0.597s] Level 5:colcon.colcon_core.verb:set package 'sm_opencv' build argument 'cmake_clean_cache' from command line to 'False'
[0.597s] Level 5:colcon.colcon_core.verb:set package 'sm_opencv' build argument 'cmake_clean_first' from command line to 'False'
[0.597s] Level 5:colcon.colcon_core.verb:set package 'sm_opencv' build argument 'cmake_force_configure' from command line to 'False'
[0.597s] Level 5:colcon.colcon_core.verb:set package 'sm_opencv' build argument 'ament_cmake_args' from command line to 'None'
[0.597s] Level 5:colcon.colcon_core.verb:set package 'sm_opencv' build argument 'catkin_cmake_args' from command line to 'None'
[0.597s] Level 5:colcon.colcon_core.verb:set package 'sm_opencv' build argument 'catkin_skip_building_tests' from command line to 'False'
[0.597s] DEBUG:colcon.colcon_core.verb:Building package 'sm_opencv' with the following arguments: {'ament_cmake_args': None, 'build_base': '/home/kanye/Documents/visionaid/build/sm_opencv', 'catkin_cmake_args': None, 'catkin_skip_building_tests': False, 'cmake_args': None, 'cmake_clean_cache': False, 'cmake_clean_first': False, 'cmake_force_configure': False, 'cmake_target': None, 'cmake_target_skip_unavailable': False, 'install_base': '/home/kanye/Documents/visionaid/install/sm_opencv', 'merge_install': False, 'path': '/home/kanye/Documents/visionaid/calibration/camera/kalibr/Schweizer-Messer/sm_opencv', 'symlink_install': False, 'test_result_base': None}
[0.598s] Level 5:colcon.colcon_core.verb:set package 'sm_property_tree' build argument 'cmake_args' from command line to 'None'
[0.598s] Level 5:colcon.colcon_core.verb:set package 'sm_property_tree' build argument 'cmake_target' from command line to 'None'
[0.598s] Level 5:colcon.colcon_core.verb:set package 'sm_property_tree' build argument 'cmake_target_skip_unavailable' from command line to 'False'
[0.598s] Level 5:colcon.colcon_core.verb:set package 'sm_property_tree' build argument 'cmake_clean_cache' from command line to 'False'
[0.598s] Level 5:colcon.colcon_core.verb:set package 'sm_property_tree' build argument 'cmake_clean_first' from command line to 'False'
[0.598s] Level 5:colcon.colcon_core.verb:set package 'sm_property_tree' build argument 'cmake_force_configure' from command line to 'False'
[0.598s] Level 5:colcon.colcon_core.verb:set package 'sm_property_tree' build argument 'ament_cmake_args' from command line to 'None'
[0.598s] Level 5:colcon.colcon_core.verb:set package 'sm_property_tree' build argument 'catkin_cmake_args' from command line to 'None'
[0.598s] Level 5:colcon.colcon_core.verb:set package 'sm_property_tree' build argument 'catkin_skip_building_tests' from command line to 'False'
[0.598s] DEBUG:colcon.colcon_core.verb:Building package 'sm_property_tree' with the following arguments: {'ament_cmake_args': None, 'build_base': '/home/kanye/Documents/visionaid/build/sm_property_tree', 'catkin_cmake_args': None, 'catkin_skip_building_tests': False, 'cmake_args': None, 'cmake_clean_cache': False, 'cmake_clean_first': False, 'cmake_force_configure': False, 'cmake_target': None, 'cmake_target_skip_unavailable': False, 'install_base': '/home/kanye/Documents/visionaid/install/sm_property_tree', 'merge_install': False, 'path': '/home/kanye/Documents/visionaid/calibration/camera/kalibr/Schweizer-Messer/sm_property_tree', 'symlink_install': False, 'test_result_base': None}
[0.598s] Level 5:colcon.colcon_core.verb:set package 'sm_timing' build argument 'cmake_args' from command line to 'None'
[0.598s] Level 5:colcon.colcon_core.verb:set package 'sm_timing' build argument 'cmake_target' from command line to 'None'
[0.598s] Level 5:colcon.colcon_core.verb:set package 'sm_timing' build argument 'cmake_target_skip_unavailable' from command line to 'False'
[0.598s] Level 5:colcon.colcon_core.verb:set package 'sm_timing' build argument 'cmake_clean_cache' from command line to 'False'
[0.598s] Level 5:colcon.colcon_core.verb:set package 'sm_timing' build argument 'cmake_clean_first' from command line to 'False'
[0.598s] Level 5:colcon.colcon_core.verb:set package 'sm_timing' build argument 'cmake_force_configure' from command line to 'False'
[0.598s] Level 5:colcon.colcon_core.verb:set package 'sm_timing' build argument 'ament_cmake_args' from command line to 'None'
[0.598s] Level 5:colcon.colcon_core.verb:set package 'sm_timing' build argument 'catkin_cmake_args' from command line to 'None'
[0.598s] Level 5:colcon.colcon_core.verb:set package 'sm_timing' build argument 'catkin_skip_building_tests' from command line to 'False'
[0.598s] DEBUG:colcon.colcon_core.verb:Building package 'sm_timing' with the following arguments: {'ament_cmake_args': None, 'build_base': '/home/kanye/Documents/visionaid/build/sm_timing', 'catkin_cmake_args': None, 'catkin_skip_building_tests': False, 'cmake_args': None, 'cmake_clean_cache': False, 'cmake_clean_first': False, 'cmake_force_configure': False, 'cmake_target': None, 'cmake_target_skip_unavailable': False, 'install_base': '/home/kanye/Documents/visionaid/install/sm_timing', 'merge_install': False, 'path': '/home/kanye/Documents/visionaid/calibration/camera/kalibr/Schweizer-Messer/sm_timing', 'symlink_install': False, 'test_result_base': None}
[0.598s] Level 5:colcon.colcon_core.verb:set package 'gxf_isaac_argus' build argument 'cmake_args' from command line to 'None'
[0.598s] Level 5:colcon.colcon_core.verb:set package 'gxf_isaac_argus' build argument 'cmake_target' from command line to 'None'
[0.598s] Level 5:colcon.colcon_core.verb:set package 'gxf_isaac_argus' build argument 'cmake_target_skip_unavailable' from command line to 'False'
[0.598s] Level 5:colcon.colcon_core.verb:set package 'gxf_isaac_argus' build argument 'cmake_clean_cache' from command line to 'False'
[0.598s] Level 5:colcon.colcon_core.verb:set package 'gxf_isaac_argus' build argument 'cmake_clean_first' from command line to 'False'
[0.598s] Level 5:colcon.colcon_core.verb:set package 'gxf_isaac_argus' build argument 'cmake_force_configure' from command line to 'False'
[0.598s] Level 5:colcon.colcon_core.verb:set package 'gxf_isaac_argus' build argument 'ament_cmake_args' from command line to 'None'
[0.598s] Level 5:colcon.colcon_core.verb:set package 'gxf_isaac_argus' build argument 'catkin_cmake_args' from command line to 'None'
[0.598s] Level 5:colcon.colcon_core.verb:set package 'gxf_isaac_argus' build argument 'catkin_skip_building_tests' from command line to 'False'
[0.598s] DEBUG:colcon.colcon_core.verb:Building package 'gxf_isaac_argus' with the following arguments: {'ament_cmake_args': None, 'build_base': '/home/kanye/Documents/visionaid/build/gxf_isaac_argus', 'catkin_cmake_args': None, 'catkin_skip_building_tests': False, 'cmake_args': None, 'cmake_clean_cache': False, 'cmake_clean_first': False, 'cmake_force_configure': False, 'cmake_target': None, 'cmake_target_skip_unavailable': False, 'install_base': '/home/kanye/Documents/visionaid/install/gxf_isaac_argus', 'merge_install': False, 'path': '/home/kanye/Documents/visionaid/isaac_ros_ws/src/isaac_ros_nitros/isaac_ros_gxf_extensions/gxf_isaac_argus', 'symlink_install': False, 'test_result_base': None}
[0.599s] Level 5:colcon.colcon_core.verb:set package 'gxf_isaac_cuda' build argument 'cmake_args' from command line to 'None'
[0.599s] Level 5:colcon.colcon_core.verb:set package 'gxf_isaac_cuda' build argument 'cmake_target' from command line to 'None'
[0.599s] Level 5:colcon.colcon_core.verb:set package 'gxf_isaac_cuda' build argument 'cmake_target_skip_unavailable' from command line to 'False'
[0.599s] Level 5:colcon.colcon_core.verb:set package 'gxf_isaac_cuda' build argument 'cmake_clean_cache' from command line to 'False'
[0.599s] Level 5:colcon.colcon_core.verb:set package 'gxf_isaac_cuda' build argument 'cmake_clean_first' from command line to 'False'
[0.599s] Level 5:colcon.colcon_core.verb:set package 'gxf_isaac_cuda' build argument 'cmake_force_configure' from command line to 'False'
[0.599s] Level 5:colcon.colcon_core.verb:set package 'gxf_isaac_cuda' build argument 'ament_cmake_args' from command line to 'None'
[0.599s] Level 5:colcon.colcon_core.verb:set package 'gxf_isaac_cuda' build argument 'catkin_cmake_args' from command line to 'None'
[0.599s] Level 5:colcon.colcon_core.verb:set package 'gxf_isaac_cuda' build argument 'catkin_skip_building_tests' from command line to 'False'
[0.599s] DEBUG:colcon.colcon_core.verb:Building package 'gxf_isaac_cuda' with the following arguments: {'ament_cmake_args': None, 'build_base': '/home/kanye/Documents/visionaid/build/gxf_isaac_cuda', 'catkin_cmake_args': None, 'catkin_skip_building_tests': False, 'cmake_args': None, 'cmake_clean_cache': False, 'cmake_clean_first': False, 'cmake_force_configure': False, 'cmake_target': None, 'cmake_target_skip_unavailable': False, 'install_base': '/home/kanye/Documents/visionaid/install/gxf_isaac_cuda', 'merge_install': False, 'path': '/home/kanye/Documents/visionaid/isaac_ros_ws/src/isaac_ros_nitros/isaac_ros_gxf_extensions/gxf_isaac_cuda', 'symlink_install': False, 'test_result_base': None}
[0.599s] Level 5:colcon.colcon_core.verb:set package 'gxf_isaac_flatscan_localization' build argument 'cmake_args' from command line to 'None'
[0.599s] Level 5:colcon.colcon_core.verb:set package 'gxf_isaac_flatscan_localization' build argument 'cmake_target' from command line to 'None'
[0.599s] Level 5:colcon.colcon_core.verb:set package 'gxf_isaac_flatscan_localization' build argument 'cmake_target_skip_unavailable' from command line to 'False'
[0.599s] Level 5:colcon.colcon_core.verb:set package 'gxf_isaac_flatscan_localization' build argument 'cmake_clean_cache' from command line to 'False'
[0.599s] Level 5:colcon.colcon_core.verb:set package 'gxf_isaac_flatscan_localization' build argument 'cmake_clean_first' from command line to 'False'
[0.599s] Level 5:colcon.colcon_core.verb:set package 'gxf_isaac_flatscan_localization' build argument 'cmake_force_configure' from command line to 'False'
[0.599s] Level 5:colcon.colcon_core.verb:set package 'gxf_isaac_flatscan_localization' build argument 'ament_cmake_args' from command line to 'None'
[0.599s] Level 5:colcon.colcon_core.verb:set package 'gxf_isaac_flatscan_localization' build argument 'catkin_cmake_args' from command line to 'None'
[0.599s] Level 5:colcon.colcon_core.verb:set package 'gxf_isaac_flatscan_localization' build argument 'catkin_skip_building_tests' from command line to 'False'
[0.599s] DEBUG:colcon.colcon_core.verb:Building package 'gxf_isaac_flatscan_localization' with the following arguments: {'ament_cmake_args': None, 'build_base': '/home/kanye/Documents/visionaid/build/gxf_isaac_flatscan_localization', 'catkin_cmake_args': None, 'catkin_skip_building_tests': False, 'cmake_args': None, 'cmake_clean_cache': False, 'cmake_clean_first': False, 'cmake_force_configure': False, 'cmake_target': None, 'cmake_target_skip_unavailable': False, 'install_base': '/home/kanye/Documents/visionaid/install/gxf_isaac_flatscan_localization', 'merge_install': False, 'path': '/home/kanye/Documents/visionaid/isaac_ros_ws/src/isaac_ros_nitros/isaac_ros_gxf_extensions/gxf_isaac_flatscan_localization', 'symlink_install': False, 'test_result_base': None}
[0.599s] Level 5:colcon.colcon_core.verb:set package 'gxf_isaac_gems' build argument 'cmake_args' from command line to 'None'
[0.599s] Level 5:colcon.colcon_core.verb:set package 'gxf_isaac_gems' build argument 'cmake_target' from command line to 'None'
[0.599s] Level 5:colcon.colcon_core.verb:set package 'gxf_isaac_gems' build argument 'cmake_target_skip_unavailable' from command line to 'False'
[0.599s] Level 5:colcon.colcon_core.verb:set package 'gxf_isaac_gems' build argument 'cmake_clean_cache' from command line to 'False'
[0.599s] Level 5:colcon.colcon_core.verb:set package 'gxf_isaac_gems' build argument 'cmake_clean_first' from command line to 'False'
[0.599s] Level 5:colcon.colcon_core.verb:set package 'gxf_isaac_gems' build argument 'cmake_force_configure' from command line to 'False'
[0.599s] Level 5:colcon.colcon_core.verb:set package 'gxf_isaac_gems' build argument 'ament_cmake_args' from command line to 'None'
[0.599s] Level 5:colcon.colcon_core.verb:set package 'gxf_isaac_gems' build argument 'catkin_cmake_args' from command line to 'None'
[0.599s] Level 5:colcon.colcon_core.verb:set package 'gxf_isaac_gems' build argument 'catkin_skip_building_tests' from command line to 'False'
[0.600s] DEBUG:colcon.colcon_core.verb:Building package 'gxf_isaac_gems' with the following arguments: {'ament_cmake_args': None, 'build_base': '/home/kanye/Documents/visionaid/build/gxf_isaac_gems', 'catkin_cmake_args': None, 'catkin_skip_building_tests': False, 'cmake_args': None, 'cmake_clean_cache': False, 'cmake_clean_first': False, 'cmake_force_configure': False, 'cmake_target': None, 'cmake_target_skip_unavailable': False, 'install_base': '/home/kanye/Documents/visionaid/install/gxf_isaac_gems', 'merge_install': False, 'path': '/home/kanye/Documents/visionaid/isaac_ros_ws/src/isaac_ros_nitros/isaac_ros_gxf_extensions/gxf_isaac_gems', 'symlink_install': False, 'test_result_base': None}
[0.600s] Level 5:colcon.colcon_core.verb:set package 'gxf_isaac_hesai' build argument 'cmake_args' from command line to 'None'
[0.600s] Level 5:colcon.colcon_core.verb:set package 'gxf_isaac_hesai' build argument 'cmake_target' from command line to 'None'
[0.600s] Level 5:colcon.colcon_core.verb:set package 'gxf_isaac_hesai' build argument 'cmake_target_skip_unavailable' from command line to 'False'
[0.600s] Level 5:colcon.colcon_core.verb:set package 'gxf_isaac_hesai' build argument 'cmake_clean_cache' from command line to 'False'
[0.600s] Level 5:colcon.colcon_core.verb:set package 'gxf_isaac_hesai' build argument 'cmake_clean_first' from command line to 'False'
[0.600s] Level 5:colcon.colcon_core.verb:set package 'gxf_isaac_hesai' build argument 'cmake_force_configure' from command line to 'False'
[0.600s] Level 5:colcon.colcon_core.verb:set package 'gxf_isaac_hesai' build argument 'ament_cmake_args' from command line to 'None'
[0.600s] Level 5:colcon.colcon_core.verb:set package 'gxf_isaac_hesai' build argument 'catkin_cmake_args' from command line to 'None'
[0.600s] Level 5:colcon.colcon_core.verb:set package 'gxf_isaac_hesai' build argument 'catkin_skip_building_tests' from command line to 'False'
[0.600s] DEBUG:colcon.colcon_core.verb:Building package 'gxf_isaac_hesai' with the following arguments: {'ament_cmake_args': None, 'build_base': '/home/kanye/Documents/visionaid/build/gxf_isaac_hesai', 'catkin_cmake_args': None, 'catkin_skip_building_tests': False, 'cmake_args': None, 'cmake_clean_cache': False, 'cmake_clean_first': False, 'cmake_force_configure': False, 'cmake_target': None, 'cmake_target_skip_unavailable': False, 'install_base': '/home/kanye/Documents/visionaid/install/gxf_isaac_hesai', 'merge_install': False, 'path': '/home/kanye/Documents/visionaid/isaac_ros_ws/src/isaac_ros_nitros/isaac_ros_gxf_extensions/gxf_isaac_hesai', 'symlink_install': False, 'test_result_base': None}
[0.601s] Level 5:colcon.colcon_core.verb:set package 'gxf_isaac_image_flip' build argument 'cmake_args' from command line to 'None'
[0.601s] Level 5:colcon.colcon_core.verb:set package 'gxf_isaac_image_flip' build argument 'cmake_target' from command line to 'None'
[0.601s] Level 5:colcon.colcon_core.verb:set package 'gxf_isaac_image_flip' build argument 'cmake_target_skip_unavailable' from command line to 'False'
[0.601s] Level 5:colcon.colcon_core.verb:set package 'gxf_isaac_image_flip' build argument 'cmake_clean_cache' from command line to 'False'
[0.601s] Level 5:colcon.colcon_core.verb:set package 'gxf_isaac_image_flip' build argument 'cmake_clean_first' from command line to 'False'
[0.601s] Level 5:colcon.colcon_core.verb:set package 'gxf_isaac_image_flip' build argument 'cmake_force_configure' from command line to 'False'
[0.601s] Level 5:colcon.colcon_core.verb:set package 'gxf_isaac_image_flip' build argument 'ament_cmake_args' from command line to 'None'
[0.601s] Level 5:colcon.colcon_core.verb:set package 'gxf_isaac_image_flip' build argument 'catkin_cmake_args' from command line to 'None'
[0.601s] Level 5:colcon.colcon_core.verb:set package 'gxf_isaac_image_flip' build argument 'catkin_skip_building_tests' from command line to 'False'
[0.601s] DEBUG:colcon.colcon_core.verb:Building package 'gxf_isaac_image_flip' with the following arguments: {'ament_cmake_args': None, 'build_base': '/home/kanye/Documents/visionaid/build/gxf_isaac_image_flip', 'catkin_cmake_args': None, 'catkin_skip_building_tests': False, 'cmake_args': None, 'cmake_clean_cache': False, 'cmake_clean_first': False, 'cmake_force_configure': False, 'cmake_target': None, 'cmake_target_skip_unavailable': False, 'install_base': '/home/kanye/Documents/visionaid/install/gxf_isaac_image_flip', 'merge_install': False, 'path': '/home/kanye/Documents/visionaid/isaac_ros_ws/src/isaac_ros_image_pipeline/isaac_ros_gxf_extensions/gxf_isaac_image_flip', 'symlink_install': False, 'test_result_base': None}
[0.601s] Level 5:colcon.colcon_core.verb:set package 'gxf_isaac_localization' build argument 'cmake_args' from command line to 'None'
[0.601s] Level 5:colcon.colcon_core.verb:set package 'gxf_isaac_localization' build argument 'cmake_target' from command line to 'None'
[0.601s] Level 5:colcon.colcon_core.verb:set package 'gxf_isaac_localization' build argument 'cmake_target_skip_unavailable' from command line to 'False'
[0.601s] Level 5:colcon.colcon_core.verb:set package 'gxf_isaac_localization' build argument 'cmake_clean_cache' from command line to 'False'
[0.601s] Level 5:colcon.colcon_core.verb:set package 'gxf_isaac_localization' build argument 'cmake_clean_first' from command line to 'False'
[0.601s] Level 5:colcon.colcon_core.verb:set package 'gxf_isaac_localization' build argument 'cmake_force_configure' from command line to 'False'
[0.601s] Level 5:colcon.colcon_core.verb:set package 'gxf_isaac_localization' build argument 'ament_cmake_args' from command line to 'None'
[0.601s] Level 5:colcon.colcon_core.verb:set package 'gxf_isaac_localization' build argument 'catkin_cmake_args' from command line to 'None'
[0.601s] Level 5:colcon.colcon_core.verb:set package 'gxf_isaac_localization' build argument 'catkin_skip_building_tests' from command line to 'False'
[0.601s] DEBUG:colcon.colcon_core.verb:Building package 'gxf_isaac_localization' with the following arguments: {'ament_cmake_args': None, 'build_base': '/home/kanye/Documents/visionaid/build/gxf_isaac_localization', 'catkin_cmake_args': None, 'catkin_skip_building_tests': False, 'cmake_args': None, 'cmake_clean_cache': False, 'cmake_clean_first': False, 'cmake_force_configure': False, 'cmake_target': None, 'cmake_target_skip_unavailable': False, 'install_base': '/home/kanye/Documents/visionaid/install/gxf_isaac_localization', 'merge_install': False, 'path': '/home/kanye/Documents/visionaid/isaac_ros_ws/src/isaac_ros_nitros/isaac_ros_gxf_extensions/gxf_isaac_localization', 'symlink_install': False, 'test_result_base': None}
[0.602s] Level 5:colcon.colcon_core.verb:set package 'gxf_isaac_message_compositor' build argument 'cmake_args' from command line to 'None'
[0.602s] Level 5:colcon.colcon_core.verb:set package 'gxf_isaac_message_compositor' build argument 'cmake_target' from command line to 'None'
[0.602s] Level 5:colcon.colcon_core.verb:set package 'gxf_isaac_message_compositor' build argument 'cmake_target_skip_unavailable' from command line to 'False'
[0.602s] Level 5:colcon.colcon_core.verb:set package 'gxf_isaac_message_compositor' build argument 'cmake_clean_cache' from command line to 'False'
[0.602s] Level 5:colcon.colcon_core.verb:set package 'gxf_isaac_message_compositor' build argument 'cmake_clean_first' from command line to 'False'
[0.602s] Level 5:colcon.colcon_core.verb:set package 'gxf_isaac_message_compositor' build argument 'cmake_force_configure' from command line to 'False'
[0.602s] Level 5:colcon.colcon_core.verb:set package 'gxf_isaac_message_compositor' build argument 'ament_cmake_args' from command line to 'None'
[0.602s] Level 5:colcon.colcon_core.verb:set package 'gxf_isaac_message_compositor' build argument 'catkin_cmake_args' from command line to 'None'
[0.602s] Level 5:colcon.colcon_core.verb:set package 'gxf_isaac_message_compositor' build argument 'catkin_skip_building_tests' from command line to 'False'
[0.602s] DEBUG:colcon.colcon_core.verb:Building package 'gxf_isaac_message_compositor' with the following arguments: {'ament_cmake_args': None, 'build_base': '/home/kanye/Documents/visionaid/build/gxf_isaac_message_compositor', 'catkin_cmake_args': None, 'catkin_skip_building_tests': False, 'cmake_args': None, 'cmake_clean_cache': False, 'cmake_clean_first': False, 'cmake_force_configure': False, 'cmake_target': None, 'cmake_target_skip_unavailable': False, 'install_base': '/home/kanye/Documents/visionaid/install/gxf_isaac_message_compositor', 'merge_install': False, 'path': '/home/kanye/Documents/visionaid/isaac_ros_ws/src/isaac_ros_nitros/isaac_ros_gxf_extensions/gxf_isaac_message_compositor', 'symlink_install': False, 'test_result_base': None}
[0.602s] Level 5:colcon.colcon_core.verb:set package 'gxf_isaac_messages_throttler' build argument 'cmake_args' from command line to 'None'
[0.602s] Level 5:colcon.colcon_core.verb:set package 'gxf_isaac_messages_throttler' build argument 'cmake_target' from command line to 'None'
[0.602s] Level 5:colcon.colcon_core.verb:set package 'gxf_isaac_messages_throttler' build argument 'cmake_target_skip_unavailable' from command line to 'False'
[0.602s] Level 5:colcon.colcon_core.verb:set package 'gxf_isaac_messages_throttler' build argument 'cmake_clean_cache' from command line to 'False'
[0.602s] Level 5:colcon.colcon_core.verb:set package 'gxf_isaac_messages_throttler' build argument 'cmake_clean_first' from command line to 'False'
[0.602s] Level 5:colcon.colcon_core.verb:set package 'gxf_isaac_messages_throttler' build argument 'cmake_force_configure' from command line to 'False'
[0.602s] Level 5:colcon.colcon_core.verb:set package 'gxf_isaac_messages_throttler' build argument 'ament_cmake_args' from command line to 'None'
[0.602s] Level 5:colcon.colcon_core.verb:set package 'gxf_isaac_messages_throttler' build argument 'catkin_cmake_args' from command line to 'None'
[0.603s] Level 5:colcon.colcon_core.verb:set package 'gxf_isaac_messages_throttler' build argument 'catkin_skip_building_tests' from command line to 'False'
[0.603s] DEBUG:colcon.colcon_core.verb:Building package 'gxf_isaac_messages_throttler' with the following arguments: {'ament_cmake_args': None, 'build_base': '/home/kanye/Documents/visionaid/build/gxf_isaac_messages_throttler', 'catkin_cmake_args': None, 'catkin_skip_building_tests': False, 'cmake_args': None, 'cmake_clean_cache': False, 'cmake_clean_first': False, 'cmake_force_configure': False, 'cmake_target': None, 'cmake_target_skip_unavailable': False, 'install_base': '/home/kanye/Documents/visionaid/install/gxf_isaac_messages_throttler', 'merge_install': False, 'path': '/home/kanye/Documents/visionaid/isaac_ros_ws/src/isaac_ros_nitros/isaac_ros_gxf_extensions/gxf_isaac_messages_throttler', 'symlink_install': False, 'test_result_base': None}
[0.603s] Level 5:colcon.colcon_core.verb:set package 'gxf_isaac_optimizer' build argument 'cmake_args' from command line to 'None'
[0.603s] Level 5:colcon.colcon_core.verb:set package 'gxf_isaac_optimizer' build argument 'cmake_target' from command line to 'None'
[0.603s] Level 5:colcon.colcon_core.verb:set package 'gxf_isaac_optimizer' build argument 'cmake_target_skip_unavailable' from command line to 'False'
[0.603s] Level 5:colcon.colcon_core.verb:set package 'gxf_isaac_optimizer' build argument 'cmake_clean_cache' from command line to 'False'
[0.603s] Level 5:colcon.colcon_core.verb:set package 'gxf_isaac_optimizer' build argument 'cmake_clean_first' from command line to 'False'
[0.603s] Level 5:colcon.colcon_core.verb:set package 'gxf_isaac_optimizer' build argument 'cmake_force_configure' from command line to 'False'
[0.603s] Level 5:colcon.colcon_core.verb:set package 'gxf_isaac_optimizer' build argument 'ament_cmake_args' from command line to 'None'
[0.603s] Level 5:colcon.colcon_core.verb:set package 'gxf_isaac_optimizer' build argument 'catkin_cmake_args' from command line to 'None'
[0.603s] Level 5:colcon.colcon_core.verb:set package 'gxf_isaac_optimizer' build argument 'catkin_skip_building_tests' from command line to 'False'
[0.603s] DEBUG:colcon.colcon_core.verb:Building package 'gxf_isaac_optimizer' with the following arguments: {'ament_cmake_args': None, 'build_base': '/home/kanye/Documents/visionaid/build/gxf_isaac_optimizer', 'catkin_cmake_args': None, 'catkin_skip_building_tests': False, 'cmake_args': None, 'cmake_clean_cache': False, 'cmake_clean_first': False, 'cmake_force_configure': False, 'cmake_target': None, 'cmake_target_skip_unavailable': False, 'install_base': '/home/kanye/Documents/visionaid/install/gxf_isaac_optimizer', 'merge_install': False, 'path': '/home/kanye/Documents/visionaid/isaac_ros_ws/src/isaac_ros_nitros/isaac_ros_gxf_extensions/gxf_isaac_optimizer', 'symlink_install': False, 'test_result_base': None}
[0.603s] Level 5:colcon.colcon_core.verb:set package 'gxf_isaac_point_cloud' build argument 'cmake_args' from command line to 'None'
[0.604s] Level 5:colcon.colcon_core.verb:set package 'gxf_isaac_point_cloud' build argument 'cmake_target' from command line to 'None'
[0.604s] Level 5:colcon.colcon_core.verb:set package 'gxf_isaac_point_cloud' build argument 'cmake_target_skip_unavailable' from command line to 'False'
[0.604s] Level 5:colcon.colcon_core.verb:set package 'gxf_isaac_point_cloud' build argument 'cmake_clean_cache' from command line to 'False'
[0.604s] Level 5:colcon.colcon_core.verb:set package 'gxf_isaac_point_cloud' build argument 'cmake_clean_first' from command line to 'False'
[0.604s] Level 5:colcon.colcon_core.verb:set package 'gxf_isaac_point_cloud' build argument 'cmake_force_configure' from command line to 'False'
[0.604s] Level 5:colcon.colcon_core.verb:set package 'gxf_isaac_point_cloud' build argument 'ament_cmake_args' from command line to 'None'
[0.604s] Level 5:colcon.colcon_core.verb:set package 'gxf_isaac_point_cloud' build argument 'catkin_cmake_args' from command line to 'None'
[0.604s] Level 5:colcon.colcon_core.verb:set package 'gxf_isaac_point_cloud' build argument 'catkin_skip_building_tests' from command line to 'False'
[0.604s] DEBUG:colcon.colcon_core.verb:Building package 'gxf_isaac_point_cloud' with the following arguments: {'ament_cmake_args': None, 'build_base': '/home/kanye/Documents/visionaid/build/gxf_isaac_point_cloud', 'catkin_cmake_args': None, 'catkin_skip_building_tests': False, 'cmake_args': None, 'cmake_clean_cache': False, 'cmake_clean_first': False, 'cmake_force_configure': False, 'cmake_target': None, 'cmake_target_skip_unavailable': False, 'install_base': '/home/kanye/Documents/visionaid/install/gxf_isaac_point_cloud', 'merge_install': False, 'path': '/home/kanye/Documents/visionaid/isaac_ros_ws/src/isaac_ros_nitros/isaac_ros_gxf_extensions/gxf_isaac_point_cloud', 'symlink_install': False, 'test_result_base': None}
[0.604s] Level 5:colcon.colcon_core.verb:set package 'gxf_isaac_range_scan_processing' build argument 'cmake_args' from command line to 'None'
[0.604s] Level 5:colcon.colcon_core.verb:set package 'gxf_isaac_range_scan_processing' build argument 'cmake_target' from command line to 'None'
[0.604s] Level 5:colcon.colcon_core.verb:set package 'gxf_isaac_range_scan_processing' build argument 'cmake_target_skip_unavailable' from command line to 'False'
[0.604s] Level 5:colcon.colcon_core.verb:set package 'gxf_isaac_range_scan_processing' build argument 'cmake_clean_cache' from command line to 'False'
[0.604s] Level 5:colcon.colcon_core.verb:set package 'gxf_isaac_range_scan_processing' build argument 'cmake_clean_first' from command line to 'False'
[0.604s] Level 5:colcon.colcon_core.verb:set package 'gxf_isaac_range_scan_processing' build argument 'cmake_force_configure' from command line to 'False'
[0.604s] Level 5:colcon.colcon_core.verb:set package 'gxf_isaac_range_scan_processing' build argument 'ament_cmake_args' from command line to 'None'
[0.604s] Level 5:colcon.colcon_core.verb:set package 'gxf_isaac_range_scan_processing' build argument 'catkin_cmake_args' from command line to 'None'
[0.604s] Level 5:colcon.colcon_core.verb:set package 'gxf_isaac_range_scan_processing' build argument 'catkin_skip_building_tests' from command line to 'False'
[0.604s] DEBUG:colcon.colcon_core.verb:Building package 'gxf_isaac_range_scan_processing' with the following arguments: {'ament_cmake_args': None, 'build_base': '/home/kanye/Documents/visionaid/build/gxf_isaac_range_scan_processing', 'catkin_cmake_args': None, 'catkin_skip_building_tests': False, 'cmake_args': None, 'cmake_clean_cache': False, 'cmake_clean_first': False, 'cmake_force_configure': False, 'cmake_target': None, 'cmake_target_skip_unavailable': False, 'install_base': '/home/kanye/Documents/visionaid/install/gxf_isaac_range_scan_processing', 'merge_install': False, 'path': '/home/kanye/Documents/visionaid/isaac_ros_ws/src/isaac_ros_nitros/isaac_ros_gxf_extensions/gxf_isaac_range_scan_processing', 'symlink_install': False, 'test_result_base': None}
[0.605s] Level 5:colcon.colcon_core.verb:set package 'gxf_isaac_ros_messages' build argument 'cmake_args' from command line to 'None'
[0.605s] Level 5:colcon.colcon_core.verb:set package 'gxf_isaac_ros_messages' build argument 'cmake_target' from command line to 'None'
[0.605s] Level 5:colcon.colcon_core.verb:set package 'gxf_isaac_ros_messages' build argument 'cmake_target_skip_unavailable' from command line to 'False'
[0.605s] Level 5:colcon.colcon_core.verb:set package 'gxf_isaac_ros_messages' build argument 'cmake_clean_cache' from command line to 'False'
[0.605s] Level 5:colcon.colcon_core.verb:set package 'gxf_isaac_ros_messages' build argument 'cmake_clean_first' from command line to 'False'
[0.605s] Level 5:colcon.colcon_core.verb:set package 'gxf_isaac_ros_messages' build argument 'cmake_force_configure' from command line to 'False'
[0.605s] Level 5:colcon.colcon_core.verb:set package 'gxf_isaac_ros_messages' build argument 'ament_cmake_args' from command line to 'None'
[0.605s] Level 5:colcon.colcon_core.verb:set package 'gxf_isaac_ros_messages' build argument 'catkin_cmake_args' from command line to 'None'
[0.605s] Level 5:colcon.colcon_core.verb:set package 'gxf_isaac_ros_messages' build argument 'catkin_skip_building_tests' from command line to 'False'
[0.605s] DEBUG:colcon.colcon_core.verb:Building package 'gxf_isaac_ros_messages' with the following arguments: {'ament_cmake_args': None, 'build_base': '/home/kanye/Documents/visionaid/build/gxf_isaac_ros_messages', 'catkin_cmake_args': None, 'catkin_skip_building_tests': False, 'cmake_args': None, 'cmake_clean_cache': False, 'cmake_clean_first': False, 'cmake_force_configure': False, 'cmake_target': None, 'cmake_target_skip_unavailable': False, 'install_base': '/home/kanye/Documents/visionaid/install/gxf_isaac_ros_messages', 'merge_install': False, 'path': '/home/kanye/Documents/visionaid/isaac_ros_ws/src/isaac_ros_nitros/isaac_ros_gxf_extensions/gxf_isaac_ros_messages', 'symlink_install': False, 'test_result_base': None}
[0.605s] Level 5:colcon.colcon_core.verb:set package 'gxf_isaac_segway' build argument 'cmake_args' from command line to 'None'
[0.605s] Level 5:colcon.colcon_core.verb:set package 'gxf_isaac_segway' build argument 'cmake_target' from command line to 'None'
[0.605s] Level 5:colcon.colcon_core.verb:set package 'gxf_isaac_segway' build argument 'cmake_target_skip_unavailable' from command line to 'False'
[0.605s] Level 5:colcon.colcon_core.verb:set package 'gxf_isaac_segway' build argument 'cmake_clean_cache' from command line to 'False'
[0.605s] Level 5:colcon.colcon_core.verb:set package 'gxf_isaac_segway' build argument 'cmake_clean_first' from command line to 'False'
[0.605s] Level 5:colcon.colcon_core.verb:set package 'gxf_isaac_segway' build argument 'cmake_force_configure' from command line to 'False'
[0.605s] Level 5:colcon.colcon_core.verb:set package 'gxf_isaac_segway' build argument 'ament_cmake_args' from command line to 'None'
[0.605s] Level 5:colcon.colcon_core.verb:set package 'gxf_isaac_segway' build argument 'catkin_cmake_args' from command line to 'None'
[0.605s] Level 5:colcon.colcon_core.verb:set package 'gxf_isaac_segway' build argument 'catkin_skip_building_tests' from command line to 'False'
[0.605s] DEBUG:colcon.colcon_core.verb:Building package 'gxf_isaac_segway' with the following arguments: {'ament_cmake_args': None, 'build_base': '/home/kanye/Documents/visionaid/build/gxf_isaac_segway', 'catkin_cmake_args': None, 'catkin_skip_building_tests': False, 'cmake_args': None, 'cmake_clean_cache': False, 'cmake_clean_first': False, 'cmake_force_configure': False, 'cmake_target': None, 'cmake_target_skip_unavailable': False, 'install_base': '/home/kanye/Documents/visionaid/install/gxf_isaac_segway', 'merge_install': False, 'path': '/home/kanye/Documents/visionaid/isaac_ros_ws/src/isaac_ros_nitros/isaac_ros_gxf_extensions/gxf_isaac_segway', 'symlink_install': False, 'test_result_base': None}
[0.606s] Level 5:colcon.colcon_core.verb:set package 'gxf_isaac_sight' build argument 'cmake_args' from command line to 'None'
[0.606s] Level 5:colcon.colcon_core.verb:set package 'gxf_isaac_sight' build argument 'cmake_target' from command line to 'None'
[0.606s] Level 5:colcon.colcon_core.verb:set package 'gxf_isaac_sight' build argument 'cmake_target_skip_unavailable' from command line to 'False'
[0.606s] Level 5:colcon.colcon_core.verb:set package 'gxf_isaac_sight' build argument 'cmake_clean_cache' from command line to 'False'
[0.606s] Level 5:colcon.colcon_core.verb:set package 'gxf_isaac_sight' build argument 'cmake_clean_first' from command line to 'False'
[0.606s] Level 5:colcon.colcon_core.verb:set package 'gxf_isaac_sight' build argument 'cmake_force_configure' from command line to 'False'
[0.606s] Level 5:colcon.colcon_core.verb:set package 'gxf_isaac_sight' build argument 'ament_cmake_args' from command line to 'None'
[0.606s] Level 5:colcon.colcon_core.verb:set package 'gxf_isaac_sight' build argument 'catkin_cmake_args' from command line to 'None'
[0.606s] Level 5:colcon.colcon_core.verb:set package 'gxf_isaac_sight' build argument 'catkin_skip_building_tests' from command line to 'False'
[0.606s] DEBUG:colcon.colcon_core.verb:Building package 'gxf_isaac_sight' with the following arguments: {'ament_cmake_args': None, 'build_base': '/home/kanye/Documents/visionaid/build/gxf_isaac_sight', 'catkin_cmake_args': None, 'catkin_skip_building_tests': False, 'cmake_args': None, 'cmake_clean_cache': False, 'cmake_clean_first': False, 'cmake_force_configure': False, 'cmake_target': None, 'cmake_target_skip_unavailable': False, 'install_base': '/home/kanye/Documents/visionaid/install/gxf_isaac_sight', 'merge_install': False, 'path': '/home/kanye/Documents/visionaid/isaac_ros_ws/src/isaac_ros_nitros/isaac_ros_gxf_extensions/gxf_isaac_sight', 'symlink_install': False, 'test_result_base': None}
[0.606s] Level 5:colcon.colcon_core.verb:set package 'gxf_isaac_triton' build argument 'cmake_args' from command line to 'None'
[0.606s] Level 5:colcon.colcon_core.verb:set package 'gxf_isaac_triton' build argument 'cmake_target' from command line to 'None'
[0.606s] Level 5:colcon.colcon_core.verb:set package 'gxf_isaac_triton' build argument 'cmake_target_skip_unavailable' from command line to 'False'
[0.606s] Level 5:colcon.colcon_core.verb:set package 'gxf_isaac_triton' build argument 'cmake_clean_cache' from command line to 'False'
[0.606s] Level 5:colcon.colcon_core.verb:set package 'gxf_isaac_triton' build argument 'cmake_clean_first' from command line to 'False'
[0.606s] Level 5:colcon.colcon_core.verb:set package 'gxf_isaac_triton' build argument 'cmake_force_configure' from command line to 'False'
[0.606s] Level 5:colcon.colcon_core.verb:set package 'gxf_isaac_triton' build argument 'ament_cmake_args' from command line to 'None'
[0.607s] Level 5:colcon.colcon_core.verb:set package 'gxf_isaac_triton' build argument 'catkin_cmake_args' from command line to 'None'
[0.607s] Level 5:colcon.colcon_core.verb:set package 'gxf_isaac_triton' build argument 'catkin_skip_building_tests' from command line to 'False'
[0.607s] DEBUG:colcon.colcon_core.verb:Building package 'gxf_isaac_triton' with the following arguments: {'ament_cmake_args': None, 'build_base': '/home/kanye/Documents/visionaid/build/gxf_isaac_triton', 'catkin_cmake_args': None, 'catkin_skip_building_tests': False, 'cmake_args': None, 'cmake_clean_cache': False, 'cmake_clean_first': False, 'cmake_force_configure': False, 'cmake_target': None, 'cmake_target_skip_unavailable': False, 'install_base': '/home/kanye/Documents/visionaid/install/gxf_isaac_triton', 'merge_install': False, 'path': '/home/kanye/Documents/visionaid/isaac_ros_ws/src/isaac_ros_dnn_inference/isaac_ros_gxf_extensions/gxf_isaac_triton', 'symlink_install': False, 'test_result_base': None}
[0.607s] Level 5:colcon.colcon_core.verb:set package 'isaac_ros_nitros_bridge_interfaces' build argument 'cmake_args' from command line to 'None'
[0.607s] Level 5:colcon.colcon_core.verb:set package 'isaac_ros_nitros_bridge_interfaces' build argument 'cmake_target' from command line to 'None'
[0.607s] Level 5:colcon.colcon_core.verb:set package 'isaac_ros_nitros_bridge_interfaces' build argument 'cmake_target_skip_unavailable' from command line to 'False'
[0.607s] Level 5:colcon.colcon_core.verb:set package 'isaac_ros_nitros_bridge_interfaces' build argument 'cmake_clean_cache' from command line to 'False'
[0.607s] Level 5:colcon.colcon_core.verb:set package 'isaac_ros_nitros_bridge_interfaces' build argument 'cmake_clean_first' from command line to 'False'
[0.607s] Level 5:colcon.colcon_core.verb:set package 'isaac_ros_nitros_bridge_interfaces' build argument 'cmake_force_configure' from command line to 'False'
[0.607s] Level 5:colcon.colcon_core.verb:set package 'isaac_ros_nitros_bridge_interfaces' build argument 'ament_cmake_args' from command line to 'None'
[0.607s] Level 5:colcon.colcon_core.verb:set package 'isaac_ros_nitros_bridge_interfaces' build argument 'catkin_cmake_args' from command line to 'None'
[0.607s] Level 5:colcon.colcon_core.verb:set package 'isaac_ros_nitros_bridge_interfaces' build argument 'catkin_skip_building_tests' from command line to 'False'
[0.607s] DEBUG:colcon.colcon_core.verb:Building package 'isaac_ros_nitros_bridge_interfaces' with the following arguments: {'ament_cmake_args': None, 'build_base': '/home/kanye/Documents/visionaid/build/isaac_ros_nitros_bridge_interfaces', 'catkin_cmake_args': None, 'catkin_skip_building_tests': False, 'cmake_args': None, 'cmake_clean_cache': False, 'cmake_clean_first': False, 'cmake_force_configure': False, 'cmake_target': None, 'cmake_target_skip_unavailable': False, 'install_base': '/home/kanye/Documents/visionaid/install/isaac_ros_nitros_bridge_interfaces', 'merge_install': False, 'path': '/home/kanye/Documents/visionaid/isaac_ros_ws/src/isaac_ros_common/isaac_ros_nitros_bridge_interfaces', 'symlink_install': False, 'test_result_base': None}
[0.607s] Level 5:colcon.colcon_core.verb:set package 'isaac_ros_rosbag_utils' build argument 'cmake_args' from command line to 'None'
[0.608s] Level 5:colcon.colcon_core.verb:set package 'isaac_ros_rosbag_utils' build argument 'cmake_target' from command line to 'None'
[0.608s] Level 5:colcon.colcon_core.verb:set package 'isaac_ros_rosbag_utils' build argument 'cmake_target_skip_unavailable' from command line to 'False'
[0.608s] Level 5:colcon.colcon_core.verb:set package 'isaac_ros_rosbag_utils' build argument 'cmake_clean_cache' from command line to 'False'
[0.608s] Level 5:colcon.colcon_core.verb:set package 'isaac_ros_rosbag_utils' build argument 'cmake_clean_first' from command line to 'False'
[0.608s] Level 5:colcon.colcon_core.verb:set package 'isaac_ros_rosbag_utils' build argument 'cmake_force_configure' from command line to 'False'
[0.608s] Level 5:colcon.colcon_core.verb:set package 'isaac_ros_rosbag_utils' build argument 'ament_cmake_args' from command line to 'None'
[0.608s] Level 5:colcon.colcon_core.verb:set package 'isaac_ros_rosbag_utils' build argument 'catkin_cmake_args' from command line to 'None'
[0.608s] Level 5:colcon.colcon_core.verb:set package 'isaac_ros_rosbag_utils' build argument 'catkin_skip_building_tests' from command line to 'False'
[0.608s] DEBUG:colcon.colcon_core.verb:Building package 'isaac_ros_rosbag_utils' with the following arguments: {'ament_cmake_args': None, 'build_base': '/home/kanye/Documents/visionaid/build/isaac_ros_rosbag_utils', 'catkin_cmake_args': None, 'catkin_skip_building_tests': False, 'cmake_args': None, 'cmake_clean_cache': False, 'cmake_clean_first': False, 'cmake_force_configure': False, 'cmake_target': None, 'cmake_target_skip_unavailable': False, 'install_base': '/home/kanye/Documents/visionaid/install/isaac_ros_rosbag_utils', 'merge_install': False, 'path': '/home/kanye/Documents/visionaid/isaac_ros_ws/src/isaac_ros_common/isaac_ros_rosbag_utils', 'symlink_install': False, 'test_result_base': None}
[0.608s] Level 5:colcon.colcon_core.verb:set package 'isaac_ros_test_cmake' build argument 'cmake_args' from command line to 'None'
[0.608s] Level 5:colcon.colcon_core.verb:set package 'isaac_ros_test_cmake' build argument 'cmake_target' from command line to 'None'
[0.608s] Level 5:colcon.colcon_core.verb:set package 'isaac_ros_test_cmake' build argument 'cmake_target_skip_unavailable' from command line to 'False'
[0.608s] Level 5:colcon.colcon_core.verb:set package 'isaac_ros_test_cmake' build argument 'cmake_clean_cache' from command line to 'False'
[0.608s] Level 5:colcon.colcon_core.verb:set package 'isaac_ros_test_cmake' build argument 'cmake_clean_first' from command line to 'False'
[0.608s] Level 5:colcon.colcon_core.verb:set package 'isaac_ros_test_cmake' build argument 'cmake_force_configure' from command line to 'False'
[0.608s] Level 5:colcon.colcon_core.verb:set package 'isaac_ros_test_cmake' build argument 'ament_cmake_args' from command line to 'None'
[0.608s] Level 5:colcon.colcon_core.verb:set package 'isaac_ros_test_cmake' build argument 'catkin_cmake_args' from command line to 'None'
[0.608s] Level 5:colcon.colcon_core.verb:set package 'isaac_ros_test_cmake' build argument 'catkin_skip_building_tests' from command line to 'False'
[0.608s] DEBUG:colcon.colcon_core.verb:Building package 'isaac_ros_test_cmake' with the following arguments: {'ament_cmake_args': None, 'build_base': '/home/kanye/Documents/visionaid/build/isaac_ros_test_cmake', 'catkin_cmake_args': None, 'catkin_skip_building_tests': False, 'cmake_args': None, 'cmake_clean_cache': False, 'cmake_clean_first': False, 'cmake_force_configure': False, 'cmake_target': None, 'cmake_target_skip_unavailable': False, 'install_base': '/home/kanye/Documents/visionaid/install/isaac_ros_test_cmake', 'merge_install': False, 'path': '/home/kanye/Documents/visionaid/isaac_ros_ws/src/isaac_ros_common/isaac_ros_test_cmake', 'symlink_install': False, 'test_result_base': None}
[0.609s] Level 5:colcon.colcon_core.verb:set package 'ros2_benchmark' build argument 'cmake_args' from command line to 'None'
[0.609s] Level 5:colcon.colcon_core.verb:set package 'ros2_benchmark' build argument 'cmake_target' from command line to 'None'
[0.609s] Level 5:colcon.colcon_core.verb:set package 'ros2_benchmark' build argument 'cmake_target_skip_unavailable' from command line to 'False'
[0.609s] Level 5:colcon.colcon_core.verb:set package 'ros2_benchmark' build argument 'cmake_clean_cache' from command line to 'False'
[0.609s] Level 5:colcon.colcon_core.verb:set package 'ros2_benchmark' build argument 'cmake_clean_first' from command line to 'False'
[0.609s] Level 5:colcon.colcon_core.verb:set package 'ros2_benchmark' build argument 'cmake_force_configure' from command line to 'False'
[0.609s] Level 5:colcon.colcon_core.verb:set package 'ros2_benchmark' build argument 'ament_cmake_args' from command line to 'None'
[0.609s] Level 5:colcon.colcon_core.verb:set package 'ros2_benchmark' build argument 'catkin_cmake_args' from command line to 'None'
[0.609s] Level 5:colcon.colcon_core.verb:set package 'ros2_benchmark' build argument 'catkin_skip_building_tests' from command line to 'False'
[0.609s] DEBUG:colcon.colcon_core.verb:Building package 'ros2_benchmark' with the following arguments: {'ament_cmake_args': None, 'build_base': '/home/kanye/Documents/visionaid/build/ros2_benchmark', 'catkin_cmake_args': None, 'catkin_skip_building_tests': False, 'cmake_args': None, 'cmake_clean_cache': False, 'cmake_clean_first': False, 'cmake_force_configure': False, 'cmake_target': None, 'cmake_target_skip_unavailable': False, 'install_base': '/home/kanye/Documents/visionaid/install/ros2_benchmark', 'merge_install': False, 'path': '/home/kanye/Documents/visionaid/isaac_ros_ws/src/ros2_benchmark/ros2_benchmark', 'symlink_install': False, 'test_result_base': None}
[0.609s] Level 5:colcon.colcon_core.verb:set package 'sm_kinematics' build argument 'cmake_args' from command line to 'None'
[0.609s] Level 5:colcon.colcon_core.verb:set package 'sm_kinematics' build argument 'cmake_target' from command line to 'None'
[0.609s] Level 5:colcon.colcon_core.verb:set package 'sm_kinematics' build argument 'cmake_target_skip_unavailable' from command line to 'False'
[0.609s] Level 5:colcon.colcon_core.verb:set package 'sm_kinematics' build argument 'cmake_clean_cache' from command line to 'False'
[0.609s] Level 5:colcon.colcon_core.verb:set package 'sm_kinematics' build argument 'cmake_clean_first' from command line to 'False'
[0.609s] Level 5:colcon.colcon_core.verb:set package 'sm_kinematics' build argument 'cmake_force_configure' from command line to 'False'
[0.609s] Level 5:colcon.colcon_core.verb:set package 'sm_kinematics' build argument 'ament_cmake_args' from command line to 'None'
[0.609s] Level 5:colcon.colcon_core.verb:set package 'sm_kinematics' build argument 'catkin_cmake_args' from command line to 'None'
[0.609s] Level 5:colcon.colcon_core.verb:set package 'sm_kinematics' build argument 'catkin_skip_building_tests' from command line to 'False'
[0.609s] DEBUG:colcon.colcon_core.verb:Building package 'sm_kinematics' with the following arguments: {'ament_cmake_args': None, 'build_base': '/home/kanye/Documents/visionaid/build/sm_kinematics', 'catkin_cmake_args': None, 'catkin_skip_building_tests': False, 'cmake_args': None, 'cmake_clean_cache': False, 'cmake_clean_first': False, 'cmake_force_configure': False, 'cmake_target': None, 'cmake_target_skip_unavailable': False, 'install_base': '/home/kanye/Documents/visionaid/install/sm_kinematics', 'merge_install': False, 'path': '/home/kanye/Documents/visionaid/calibration/camera/kalibr/Schweizer-Messer/sm_kinematics', 'symlink_install': False, 'test_result_base': None}
[0.610s] Level 5:colcon.colcon_core.verb:set package 'sparse_block_matrix' build argument 'cmake_args' from command line to 'None'
[0.610s] Level 5:colcon.colcon_core.verb:set package 'sparse_block_matrix' build argument 'cmake_target' from command line to 'None'
[0.610s] Level 5:colcon.colcon_core.verb:set package 'sparse_block_matrix' build argument 'cmake_target_skip_unavailable' from command line to 'False'
[0.610s] Level 5:colcon.colcon_core.verb:set package 'sparse_block_matrix' build argument 'cmake_clean_cache' from command line to 'False'
[0.610s] Level 5:colcon.colcon_core.verb:set package 'sparse_block_matrix' build argument 'cmake_clean_first' from command line to 'False'
[0.610s] Level 5:colcon.colcon_core.verb:set package 'sparse_block_matrix' build argument 'cmake_force_configure' from command line to 'False'
[0.610s] Level 5:colcon.colcon_core.verb:set package 'sparse_block_matrix' build argument 'ament_cmake_args' from command line to 'None'
[0.610s] Level 5:colcon.colcon_core.verb:set package 'sparse_block_matrix' build argument 'catkin_cmake_args' from command line to 'None'
[0.610s] Level 5:colcon.colcon_core.verb:set package 'sparse_block_matrix' build argument 'catkin_skip_building_tests' from command line to 'False'
[0.610s] DEBUG:colcon.colcon_core.verb:Building package 'sparse_block_matrix' with the following arguments: {'ament_cmake_args': None, 'build_base': '/home/kanye/Documents/visionaid/build/sparse_block_matrix', 'catkin_cmake_args': None, 'catkin_skip_building_tests': False, 'cmake_args': None, 'cmake_clean_cache': False, 'cmake_clean_first': False, 'cmake_force_configure': False, 'cmake_target': None, 'cmake_target_skip_unavailable': False, 'install_base': '/home/kanye/Documents/visionaid/install/sparse_block_matrix', 'merge_install': False, 'path': '/home/kanye/Documents/visionaid/calibration/camera/kalibr/aslam_optimizer/sparse_block_matrix', 'symlink_install': False, 'test_result_base': None}
[0.610s] Level 5:colcon.colcon_core.verb:set package 'aslam_backend' build argument 'cmake_args' from command line to 'None'
[0.610s] Level 5:colcon.colcon_core.verb:set package 'aslam_backend' build argument 'cmake_target' from command line to 'None'
[0.610s] Level 5:colcon.colcon_core.verb:set package 'aslam_backend' build argument 'cmake_target_skip_unavailable' from command line to 'False'
[0.610s] Level 5:colcon.colcon_core.verb:set package 'aslam_backend' build argument 'cmake_clean_cache' from command line to 'False'
[0.610s] Level 5:colcon.colcon_core.verb:set package 'aslam_backend' build argument 'cmake_clean_first' from command line to 'False'
[0.610s] Level 5:colcon.colcon_core.verb:set package 'aslam_backend' build argument 'cmake_force_configure' from command line to 'False'
[0.611s] Level 5:colcon.colcon_core.verb:set package 'aslam_backend' build argument 'ament_cmake_args' from command line to 'None'
[0.611s] Level 5:colcon.colcon_core.verb:set package 'aslam_backend' build argument 'catkin_cmake_args' from command line to 'None'
[0.611s] Level 5:colcon.colcon_core.verb:set package 'aslam_backend' build argument 'catkin_skip_building_tests' from command line to 'False'
[0.611s] DEBUG:colcon.colcon_core.verb:Building package 'aslam_backend' with the following arguments: {'ament_cmake_args': None, 'build_base': '/home/kanye/Documents/visionaid/build/aslam_backend', 'catkin_cmake_args': None, 'catkin_skip_building_tests': False, 'cmake_args': None, 'cmake_clean_cache': False, 'cmake_clean_first': False, 'cmake_force_configure': False, 'cmake_target': None, 'cmake_target_skip_unavailable': False, 'install_base': '/home/kanye/Documents/visionaid/install/aslam_backend', 'merge_install': False, 'path': '/home/kanye/Documents/visionaid/calibration/camera/kalibr/aslam_optimizer/aslam_backend', 'symlink_install': False, 'test_result_base': None}
[0.611s] Level 5:colcon.colcon_core.verb:set package 'aslam_cameras' build argument 'cmake_args' from command line to 'None'
[0.611s] Level 5:colcon.colcon_core.verb:set package 'aslam_cameras' build argument 'cmake_target' from command line to 'None'
[0.611s] Level 5:colcon.colcon_core.verb:set package 'aslam_cameras' build argument 'cmake_target_skip_unavailable' from command line to 'False'
[0.611s] Level 5:colcon.colcon_core.verb:set package 'aslam_cameras' build argument 'cmake_clean_cache' from command line to 'False'
[0.611s] Level 5:colcon.colcon_core.verb:set package 'aslam_cameras' build argument 'cmake_clean_first' from command line to 'False'
[0.611s] Level 5:colcon.colcon_core.verb:set package 'aslam_cameras' build argument 'cmake_force_configure' from command line to 'False'
[0.611s] Level 5:colcon.colcon_core.verb:set package 'aslam_cameras' build argument 'ament_cmake_args' from command line to 'None'
[0.611s] Level 5:colcon.colcon_core.verb:set package 'aslam_cameras' build argument 'catkin_cmake_args' from command line to 'None'
[0.611s] Level 5:colcon.colcon_core.verb:set package 'aslam_cameras' build argument 'catkin_skip_building_tests' from command line to 'False'
[0.611s] DEBUG:colcon.colcon_core.verb:Building package 'aslam_cameras' with the following arguments: {'ament_cmake_args': None, 'build_base': '/home/kanye/Documents/visionaid/build/aslam_cameras', 'catkin_cmake_args': None, 'catkin_skip_building_tests': False, 'cmake_args': None, 'cmake_clean_cache': False, 'cmake_clean_first': False, 'cmake_force_configure': False, 'cmake_target': None, 'cmake_target_skip_unavailable': False, 'install_base': '/home/kanye/Documents/visionaid/install/aslam_cameras', 'merge_install': False, 'path': '/home/kanye/Documents/visionaid/calibration/camera/kalibr/aslam_cv/aslam_cameras', 'symlink_install': False, 'test_result_base': None}
[0.612s] Level 5:colcon.colcon_core.verb:set package 'bsplines' build argument 'cmake_args' from command line to 'None'
[0.612s] Level 5:colcon.colcon_core.verb:set package 'bsplines' build argument 'cmake_target' from command line to 'None'
[0.612s] Level 5:colcon.colcon_core.verb:set package 'bsplines' build argument 'cmake_target_skip_unavailable' from command line to 'False'
[0.612s] Level 5:colcon.colcon_core.verb:set package 'bsplines' build argument 'cmake_clean_cache' from command line to 'False'
[0.612s] Level 5:colcon.colcon_core.verb:set package 'bsplines' build argument 'cmake_clean_first' from command line to 'False'
[0.612s] Level 5:colcon.colcon_core.verb:set package 'bsplines' build argument 'cmake_force_configure' from command line to 'False'
[0.612s] Level 5:colcon.colcon_core.verb:set package 'bsplines' build argument 'ament_cmake_args' from command line to 'None'
[0.612s] Level 5:colcon.colcon_core.verb:set package 'bsplines' build argument 'catkin_cmake_args' from command line to 'None'
[0.612s] Level 5:colcon.colcon_core.verb:set package 'bsplines' build argument 'catkin_skip_building_tests' from command line to 'False'
[0.612s] DEBUG:colcon.colcon_core.verb:Building package 'bsplines' with the following arguments: {'ament_cmake_args': None, 'build_base': '/home/kanye/Documents/visionaid/build/bsplines', 'catkin_cmake_args': None, 'catkin_skip_building_tests': False, 'cmake_args': None, 'cmake_clean_cache': False, 'cmake_clean_first': False, 'cmake_force_configure': False, 'cmake_target': None, 'cmake_target_skip_unavailable': False, 'install_base': '/home/kanye/Documents/visionaid/install/bsplines', 'merge_install': False, 'path': '/home/kanye/Documents/visionaid/calibration/camera/kalibr/aslam_nonparametric_estimation/bsplines', 'symlink_install': False, 'test_result_base': None}
[0.612s] Level 5:colcon.colcon_core.verb:set package 'gxf_isaac_atlas' build argument 'cmake_args' from command line to 'None'
[0.612s] Level 5:colcon.colcon_core.verb:set package 'gxf_isaac_atlas' build argument 'cmake_target' from command line to 'None'
[0.612s] Level 5:colcon.colcon_core.verb:set package 'gxf_isaac_atlas' build argument 'cmake_target_skip_unavailable' from command line to 'False'
[0.612s] Level 5:colcon.colcon_core.verb:set package 'gxf_isaac_atlas' build argument 'cmake_clean_cache' from command line to 'False'
[0.612s] Level 5:colcon.colcon_core.verb:set package 'gxf_isaac_atlas' build argument 'cmake_clean_first' from command line to 'False'
[0.612s] Level 5:colcon.colcon_core.verb:set package 'gxf_isaac_atlas' build argument 'cmake_force_configure' from command line to 'False'
[0.612s] Level 5:colcon.colcon_core.verb:set package 'gxf_isaac_atlas' build argument 'ament_cmake_args' from command line to 'None'
[0.612s] Level 5:colcon.colcon_core.verb:set package 'gxf_isaac_atlas' build argument 'catkin_cmake_args' from command line to 'None'
[0.612s] Level 5:colcon.colcon_core.verb:set package 'gxf_isaac_atlas' build argument 'catkin_skip_building_tests' from command line to 'False'
[0.612s] DEBUG:colcon.colcon_core.verb:Building package 'gxf_isaac_atlas' with the following arguments: {'ament_cmake_args': None, 'build_base': '/home/kanye/Documents/visionaid/build/gxf_isaac_atlas', 'catkin_cmake_args': None, 'catkin_skip_building_tests': False, 'cmake_args': None, 'cmake_clean_cache': False, 'cmake_clean_first': False, 'cmake_force_configure': False, 'cmake_target': None, 'cmake_target_skip_unavailable': False, 'install_base': '/home/kanye/Documents/visionaid/install/gxf_isaac_atlas', 'merge_install': False, 'path': '/home/kanye/Documents/visionaid/isaac_ros_ws/src/isaac_ros_nitros/isaac_ros_gxf_extensions/gxf_isaac_atlas', 'symlink_install': False, 'test_result_base': None}
[0.613s] Level 5:colcon.colcon_core.verb:set package 'gxf_isaac_gxf_helpers' build argument 'cmake_args' from command line to 'None'
[0.613s] Level 5:colcon.colcon_core.verb:set package 'gxf_isaac_gxf_helpers' build argument 'cmake_target' from command line to 'None'
[0.613s] Level 5:colcon.colcon_core.verb:set package 'gxf_isaac_gxf_helpers' build argument 'cmake_target_skip_unavailable' from command line to 'False'
[0.613s] Level 5:colcon.colcon_core.verb:set package 'gxf_isaac_gxf_helpers' build argument 'cmake_clean_cache' from command line to 'False'
[0.613s] Level 5:colcon.colcon_core.verb:set package 'gxf_isaac_gxf_helpers' build argument 'cmake_clean_first' from command line to 'False'
[0.613s] Level 5:colcon.colcon_core.verb:set package 'gxf_isaac_gxf_helpers' build argument 'cmake_force_configure' from command line to 'False'
[0.613s] Level 5:colcon.colcon_core.verb:set package 'gxf_isaac_gxf_helpers' build argument 'ament_cmake_args' from command line to 'None'
[0.613s] Level 5:colcon.colcon_core.verb:set package 'gxf_isaac_gxf_helpers' build argument 'catkin_cmake_args' from command line to 'None'
[0.613s] Level 5:colcon.colcon_core.verb:set package 'gxf_isaac_gxf_helpers' build argument 'catkin_skip_building_tests' from command line to 'False'
[0.613s] DEBUG:colcon.colcon_core.verb:Building package 'gxf_isaac_gxf_helpers' with the following arguments: {'ament_cmake_args': None, 'build_base': '/home/kanye/Documents/visionaid/build/gxf_isaac_gxf_helpers', 'catkin_cmake_args': None, 'catkin_skip_building_tests': False, 'cmake_args': None, 'cmake_clean_cache': False, 'cmake_clean_first': False, 'cmake_force_configure': False, 'cmake_target': None, 'cmake_target_skip_unavailable': False, 'install_base': '/home/kanye/Documents/visionaid/install/gxf_isaac_gxf_helpers', 'merge_install': False, 'path': '/home/kanye/Documents/visionaid/isaac_ros_ws/src/isaac_ros_nitros/isaac_ros_gxf_extensions/gxf_isaac_gxf_helpers', 'symlink_install': False, 'test_result_base': None}
[0.613s] Level 5:colcon.colcon_core.verb:set package 'gxf_isaac_messages' build argument 'cmake_args' from command line to 'None'
[0.613s] Level 5:colcon.colcon_core.verb:set package 'gxf_isaac_messages' build argument 'cmake_target' from command line to 'None'
[0.613s] Level 5:colcon.colcon_core.verb:set package 'gxf_isaac_messages' build argument 'cmake_target_skip_unavailable' from command line to 'False'
[0.613s] Level 5:colcon.colcon_core.verb:set package 'gxf_isaac_messages' build argument 'cmake_clean_cache' from command line to 'False'
[0.613s] Level 5:colcon.colcon_core.verb:set package 'gxf_isaac_messages' build argument 'cmake_clean_first' from command line to 'False'
[0.613s] Level 5:colcon.colcon_core.verb:set package 'gxf_isaac_messages' build argument 'cmake_force_configure' from command line to 'False'
[0.613s] Level 5:colcon.colcon_core.verb:set package 'gxf_isaac_messages' build argument 'ament_cmake_args' from command line to 'None'
[0.613s] Level 5:colcon.colcon_core.verb:set package 'gxf_isaac_messages' build argument 'catkin_cmake_args' from command line to 'None'
[0.613s] Level 5:colcon.colcon_core.verb:set package 'gxf_isaac_messages' build argument 'catkin_skip_building_tests' from command line to 'False'
[0.613s] DEBUG:colcon.colcon_core.verb:Building package 'gxf_isaac_messages' with the following arguments: {'ament_cmake_args': None, 'build_base': '/home/kanye/Documents/visionaid/build/gxf_isaac_messages', 'catkin_cmake_args': None, 'catkin_skip_building_tests': False, 'cmake_args': None, 'cmake_clean_cache': False, 'cmake_clean_first': False, 'cmake_force_configure': False, 'cmake_target': None, 'cmake_target_skip_unavailable': False, 'install_base': '/home/kanye/Documents/visionaid/install/gxf_isaac_messages', 'merge_install': False, 'path': '/home/kanye/Documents/visionaid/isaac_ros_ws/src/isaac_ros_nitros/isaac_ros_gxf_extensions/gxf_isaac_messages', 'symlink_install': False, 'test_result_base': None}
[0.614s] Level 5:colcon.colcon_core.verb:set package 'gxf_isaac_ros_cuda' build argument 'cmake_args' from command line to 'None'
[0.614s] Level 5:colcon.colcon_core.verb:set package 'gxf_isaac_ros_cuda' build argument 'cmake_target' from command line to 'None'
[0.614s] Level 5:colcon.colcon_core.verb:set package 'gxf_isaac_ros_cuda' build argument 'cmake_target_skip_unavailable' from command line to 'False'
[0.614s] Level 5:colcon.colcon_core.verb:set package 'gxf_isaac_ros_cuda' build argument 'cmake_clean_cache' from command line to 'False'
[0.614s] Level 5:colcon.colcon_core.verb:set package 'gxf_isaac_ros_cuda' build argument 'cmake_clean_first' from command line to 'False'
[0.614s] Level 5:colcon.colcon_core.verb:set package 'gxf_isaac_ros_cuda' build argument 'cmake_force_configure' from command line to 'False'
[0.614s] Level 5:colcon.colcon_core.verb:set package 'gxf_isaac_ros_cuda' build argument 'ament_cmake_args' from command line to 'None'
[0.614s] Level 5:colcon.colcon_core.verb:set package 'gxf_isaac_ros_cuda' build argument 'catkin_cmake_args' from command line to 'None'
[0.614s] Level 5:colcon.colcon_core.verb:set package 'gxf_isaac_ros_cuda' build argument 'catkin_skip_building_tests' from command line to 'False'
[0.614s] DEBUG:colcon.colcon_core.verb:Building package 'gxf_isaac_ros_cuda' with the following arguments: {'ament_cmake_args': None, 'build_base': '/home/kanye/Documents/visionaid/build/gxf_isaac_ros_cuda', 'catkin_cmake_args': None, 'catkin_skip_building_tests': False, 'cmake_args': None, 'cmake_clean_cache': False, 'cmake_clean_first': False, 'cmake_force_configure': False, 'cmake_target': None, 'cmake_target_skip_unavailable': False, 'install_base': '/home/kanye/Documents/visionaid/install/gxf_isaac_ros_cuda', 'merge_install': False, 'path': '/home/kanye/Documents/visionaid/isaac_ros_ws/src/isaac_ros_nitros/isaac_ros_gxf_extensions/gxf_isaac_ros_cuda', 'symlink_install': False, 'test_result_base': None}
[0.614s] Level 5:colcon.colcon_core.verb:set package 'isaac_ros_moveit_benchmark' build argument 'cmake_args' from command line to 'None'
[0.614s] Level 5:colcon.colcon_core.verb:set package 'isaac_ros_moveit_benchmark' build argument 'cmake_target' from command line to 'None'
[0.614s] Level 5:colcon.colcon_core.verb:set package 'isaac_ros_moveit_benchmark' build argument 'cmake_target_skip_unavailable' from command line to 'False'
[0.614s] Level 5:colcon.colcon_core.verb:set package 'isaac_ros_moveit_benchmark' build argument 'cmake_clean_cache' from command line to 'False'
[0.614s] Level 5:colcon.colcon_core.verb:set package 'isaac_ros_moveit_benchmark' build argument 'cmake_clean_first' from command line to 'False'
[0.615s] Level 5:colcon.colcon_core.verb:set package 'isaac_ros_moveit_benchmark' build argument 'cmake_force_configure' from command line to 'False'
[0.615s] Level 5:colcon.colcon_core.verb:set package 'isaac_ros_moveit_benchmark' build argument 'ament_cmake_args' from command line to 'None'
[0.615s] Level 5:colcon.colcon_core.verb:set package 'isaac_ros_moveit_benchmark' build argument 'catkin_cmake_args' from command line to 'None'
[0.615s] Level 5:colcon.colcon_core.verb:set package 'isaac_ros_moveit_benchmark' build argument 'catkin_skip_building_tests' from command line to 'False'
[0.615s] DEBUG:colcon.colcon_core.verb:Building package 'isaac_ros_moveit_benchmark' with the following arguments: {'ament_cmake_args': None, 'build_base': '/home/kanye/Documents/visionaid/build/isaac_ros_moveit_benchmark', 'catkin_cmake_args': None, 'catkin_skip_building_tests': False, 'cmake_args': None, 'cmake_clean_cache': False, 'cmake_clean_first': False, 'cmake_force_configure': False, 'cmake_target': None, 'cmake_target_skip_unavailable': False, 'install_base': '/home/kanye/Documents/visionaid/install/isaac_ros_moveit_benchmark', 'merge_install': False, 'path': '/home/kanye/Documents/visionaid/isaac_ros_ws/src/isaac_ros_benchmark/benchmarks/isaac_ros_moveit_benchmark/isaac_ros_moveit_benchmark', 'symlink_install': False, 'test_result_base': None}
[0.615s] Level 5:colcon.colcon_core.verb:set package 'isaac_ros_pynitros' build argument 'cmake_args' from command line to 'None'
[0.615s] Level 5:colcon.colcon_core.verb:set package 'isaac_ros_pynitros' build argument 'cmake_target' from command line to 'None'
[0.615s] Level 5:colcon.colcon_core.verb:set package 'isaac_ros_pynitros' build argument 'cmake_target_skip_unavailable' from command line to 'False'
[0.615s] Level 5:colcon.colcon_core.verb:set package 'isaac_ros_pynitros' build argument 'cmake_clean_cache' from command line to 'False'
[0.615s] Level 5:colcon.colcon_core.verb:set package 'isaac_ros_pynitros' build argument 'cmake_clean_first' from command line to 'False'
[0.615s] Level 5:colcon.colcon_core.verb:set package 'isaac_ros_pynitros' build argument 'cmake_force_configure' from command line to 'False'
[0.615s] Level 5:colcon.colcon_core.verb:set package 'isaac_ros_pynitros' build argument 'ament_cmake_args' from command line to 'None'
[0.615s] Level 5:colcon.colcon_core.verb:set package 'isaac_ros_pynitros' build argument 'catkin_cmake_args' from command line to 'None'
[0.615s] Level 5:colcon.colcon_core.verb:set package 'isaac_ros_pynitros' build argument 'catkin_skip_building_tests' from command line to 'False'
[0.615s] DEBUG:colcon.colcon_core.verb:Building package 'isaac_ros_pynitros' with the following arguments: {'ament_cmake_args': None, 'build_base': '/home/kanye/Documents/visionaid/build/isaac_ros_pynitros', 'catkin_cmake_args': None, 'catkin_skip_building_tests': False, 'cmake_args': None, 'cmake_clean_cache': False, 'cmake_clean_first': False, 'cmake_force_configure': False, 'cmake_target': None, 'cmake_target_skip_unavailable': False, 'install_base': '/home/kanye/Documents/visionaid/install/isaac_ros_pynitros', 'merge_install': False, 'path': '/home/kanye/Documents/visionaid/isaac_ros_ws/src/isaac_ros_nitros/isaac_ros_pynitros', 'symlink_install': False, 'test_result_base': None}
[0.616s] Level 5:colcon.colcon_core.verb:set package 'sm_python' build argument 'cmake_args' from command line to 'None'
[0.616s] Level 5:colcon.colcon_core.verb:set package 'sm_python' build argument 'cmake_target' from command line to 'None'
[0.616s] Level 5:colcon.colcon_core.verb:set package 'sm_python' build argument 'cmake_target_skip_unavailable' from command line to 'False'
[0.616s] Level 5:colcon.colcon_core.verb:set package 'sm_python' build argument 'cmake_clean_cache' from command line to 'False'
[0.616s] Level 5:colcon.colcon_core.verb:set package 'sm_python' build argument 'cmake_clean_first' from command line to 'False'
[0.616s] Level 5:colcon.colcon_core.verb:set package 'sm_python' build argument 'cmake_force_configure' from command line to 'False'
[0.616s] Level 5:colcon.colcon_core.verb:set package 'sm_python' build argument 'ament_cmake_args' from command line to 'None'
[0.616s] Level 5:colcon.colcon_core.verb:set package 'sm_python' build argument 'catkin_cmake_args' from command line to 'None'
[0.616s] Level 5:colcon.colcon_core.verb:set package 'sm_python' build argument 'catkin_skip_building_tests' from command line to 'False'
[0.616s] DEBUG:colcon.colcon_core.verb:Building package 'sm_python' with the following arguments: {'ament_cmake_args': None, 'build_base': '/home/kanye/Documents/visionaid/build/sm_python', 'catkin_cmake_args': None, 'catkin_skip_building_tests': False, 'cmake_args': None, 'cmake_clean_cache': False, 'cmake_clean_first': False, 'cmake_force_configure': False, 'cmake_target': None, 'cmake_target_skip_unavailable': False, 'install_base': '/home/kanye/Documents/visionaid/install/sm_python', 'merge_install': False, 'path': '/home/kanye/Documents/visionaid/calibration/camera/kalibr/Schweizer-Messer/sm_python', 'symlink_install': False, 'test_result_base': None}
[0.616s] Level 5:colcon.colcon_core.verb:set package 'aslam_backend_expressions' build argument 'cmake_args' from command line to 'None'
[0.616s] Level 5:colcon.colcon_core.verb:set package 'aslam_backend_expressions' build argument 'cmake_target' from command line to 'None'
[0.616s] Level 5:colcon.colcon_core.verb:set package 'aslam_backend_expressions' build argument 'cmake_target_skip_unavailable' from command line to 'False'
[0.616s] Level 5:colcon.colcon_core.verb:set package 'aslam_backend_expressions' build argument 'cmake_clean_cache' from command line to 'False'
[0.616s] Level 5:colcon.colcon_core.verb:set package 'aslam_backend_expressions' build argument 'cmake_clean_first' from command line to 'False'
[0.616s] Level 5:colcon.colcon_core.verb:set package 'aslam_backend_expressions' build argument 'cmake_force_configure' from command line to 'False'
[0.616s] Level 5:colcon.colcon_core.verb:set package 'aslam_backend_expressions' build argument 'ament_cmake_args' from command line to 'None'
[0.616s] Level 5:colcon.colcon_core.verb:set package 'aslam_backend_expressions' build argument 'catkin_cmake_args' from command line to 'None'
[0.616s] Level 5:colcon.colcon_core.verb:set package 'aslam_backend_expressions' build argument 'catkin_skip_building_tests' from command line to 'False'
[0.616s] DEBUG:colcon.colcon_core.verb:Building package 'aslam_backend_expressions' with the following arguments: {'ament_cmake_args': None, 'build_base': '/home/kanye/Documents/visionaid/build/aslam_backend_expressions', 'catkin_cmake_args': None, 'catkin_skip_building_tests': False, 'cmake_args': None, 'cmake_clean_cache': False, 'cmake_clean_first': False, 'cmake_force_configure': False, 'cmake_target': None, 'cmake_target_skip_unavailable': False, 'install_base': '/home/kanye/Documents/visionaid/install/aslam_backend_expressions', 'merge_install': False, 'path': '/home/kanye/Documents/visionaid/calibration/camera/kalibr/aslam_optimizer/aslam_backend_expressions', 'symlink_install': False, 'test_result_base': None}
[0.617s] Level 5:colcon.colcon_core.verb:set package 'aslam_cameras_april' build argument 'cmake_args' from command line to 'None'
[0.617s] Level 5:colcon.colcon_core.verb:set package 'aslam_cameras_april' build argument 'cmake_target' from command line to 'None'
[0.617s] Level 5:colcon.colcon_core.verb:set package 'aslam_cameras_april' build argument 'cmake_target_skip_unavailable' from command line to 'False'
[0.617s] Level 5:colcon.colcon_core.verb:set package 'aslam_cameras_april' build argument 'cmake_clean_cache' from command line to 'False'
[0.617s] Level 5:colcon.colcon_core.verb:set package 'aslam_cameras_april' build argument 'cmake_clean_first' from command line to 'False'
[0.617s] Level 5:colcon.colcon_core.verb:set package 'aslam_cameras_april' build argument 'cmake_force_configure' from command line to 'False'
[0.617s] Level 5:colcon.colcon_core.verb:set package 'aslam_cameras_april' build argument 'ament_cmake_args' from command line to 'None'
[0.617s] Level 5:colcon.colcon_core.verb:set package 'aslam_cameras_april' build argument 'catkin_cmake_args' from command line to 'None'
[0.617s] Level 5:colcon.colcon_core.verb:set package 'aslam_cameras_april' build argument 'catkin_skip_building_tests' from command line to 'False'
[0.617s] DEBUG:colcon.colcon_core.verb:Building package 'aslam_cameras_april' with the following arguments: {'ament_cmake_args': None, 'build_base': '/home/kanye/Documents/visionaid/build/aslam_cameras_april', 'catkin_cmake_args': None, 'catkin_skip_building_tests': False, 'cmake_args': None, 'cmake_clean_cache': False, 'cmake_clean_first': False, 'cmake_force_configure': False, 'cmake_target': None, 'cmake_target_skip_unavailable': False, 'install_base': '/home/kanye/Documents/visionaid/install/aslam_cameras_april', 'merge_install': False, 'path': '/home/kanye/Documents/visionaid/calibration/camera/kalibr/aslam_cv/aslam_cameras_april', 'symlink_install': False, 'test_result_base': None}
[0.617s] Level 5:colcon.colcon_core.verb:set package 'aslam_cv_serialization' build argument 'cmake_args' from command line to 'None'
[0.617s] Level 5:colcon.colcon_core.verb:set package 'aslam_cv_serialization' build argument 'cmake_target' from command line to 'None'
[0.617s] Level 5:colcon.colcon_core.verb:set package 'aslam_cv_serialization' build argument 'cmake_target_skip_unavailable' from command line to 'False'
[0.617s] Level 5:colcon.colcon_core.verb:set package 'aslam_cv_serialization' build argument 'cmake_clean_cache' from command line to 'False'
[0.617s] Level 5:colcon.colcon_core.verb:set package 'aslam_cv_serialization' build argument 'cmake_clean_first' from command line to 'False'
[0.617s] Level 5:colcon.colcon_core.verb:set package 'aslam_cv_serialization' build argument 'cmake_force_configure' from command line to 'False'
[0.617s] Level 5:colcon.colcon_core.verb:set package 'aslam_cv_serialization' build argument 'ament_cmake_args' from command line to 'None'
[0.617s] Level 5:colcon.colcon_core.verb:set package 'aslam_cv_serialization' build argument 'catkin_cmake_args' from command line to 'None'
[0.618s] Level 5:colcon.colcon_core.verb:set package 'aslam_cv_serialization' build argument 'catkin_skip_building_tests' from command line to 'False'
[0.618s] DEBUG:colcon.colcon_core.verb:Building package 'aslam_cv_serialization' with the following arguments: {'ament_cmake_args': None, 'build_base': '/home/kanye/Documents/visionaid/build/aslam_cv_serialization', 'catkin_cmake_args': None, 'catkin_skip_building_tests': False, 'cmake_args': None, 'cmake_clean_cache': False, 'cmake_clean_first': False, 'cmake_force_configure': False, 'cmake_target': None, 'cmake_target_skip_unavailable': False, 'install_base': '/home/kanye/Documents/visionaid/install/aslam_cv_serialization', 'merge_install': False, 'path': '/home/kanye/Documents/visionaid/calibration/camera/kalibr/aslam_cv/aslam_cv_serialization', 'symlink_install': False, 'test_result_base': None}
[0.618s] Level 5:colcon.colcon_core.verb:set package 'aslam_imgproc' build argument 'cmake_args' from command line to 'None'
[0.618s] Level 5:colcon.colcon_core.verb:set package 'aslam_imgproc' build argument 'cmake_target' from command line to 'None'
[0.618s] Level 5:colcon.colcon_core.verb:set package 'aslam_imgproc' build argument 'cmake_target_skip_unavailable' from command line to 'False'
[0.618s] Level 5:colcon.colcon_core.verb:set package 'aslam_imgproc' build argument 'cmake_clean_cache' from command line to 'False'
[0.618s] Level 5:colcon.colcon_core.verb:set package 'aslam_imgproc' build argument 'cmake_clean_first' from command line to 'False'
[0.618s] Level 5:colcon.colcon_core.verb:set package 'aslam_imgproc' build argument 'cmake_force_configure' from command line to 'False'
[0.618s] Level 5:colcon.colcon_core.verb:set package 'aslam_imgproc' build argument 'ament_cmake_args' from command line to 'None'
[0.618s] Level 5:colcon.colcon_core.verb:set package 'aslam_imgproc' build argument 'catkin_cmake_args' from command line to 'None'
[0.618s] Level 5:colcon.colcon_core.verb:set package 'aslam_imgproc' build argument 'catkin_skip_building_tests' from command line to 'False'
[0.618s] DEBUG:colcon.colcon_core.verb:Building package 'aslam_imgproc' with the following arguments: {'ament_cmake_args': None, 'build_base': '/home/kanye/Documents/visionaid/build/aslam_imgproc', 'catkin_cmake_args': None, 'catkin_skip_building_tests': False, 'cmake_args': None, 'cmake_clean_cache': False, 'cmake_clean_first': False, 'cmake_force_configure': False, 'cmake_target': None, 'cmake_target_skip_unavailable': False, 'install_base': '/home/kanye/Documents/visionaid/install/aslam_imgproc', 'merge_install': False, 'path': '/home/kanye/Documents/visionaid/calibration/camera/kalibr/aslam_cv/aslam_imgproc', 'symlink_install': False, 'test_result_base': None}
[0.619s] Level 5:colcon.colcon_core.verb:set package 'bsplines_python' build argument 'cmake_args' from command line to 'None'
[0.619s] Level 5:colcon.colcon_core.verb:set package 'bsplines_python' build argument 'cmake_target' from command line to 'None'
[0.619s] Level 5:colcon.colcon_core.verb:set package 'bsplines_python' build argument 'cmake_target_skip_unavailable' from command line to 'False'
[0.619s] Level 5:colcon.colcon_core.verb:set package 'bsplines_python' build argument 'cmake_clean_cache' from command line to 'False'
[0.619s] Level 5:colcon.colcon_core.verb:set package 'bsplines_python' build argument 'cmake_clean_first' from command line to 'False'
[0.619s] Level 5:colcon.colcon_core.verb:set package 'bsplines_python' build argument 'cmake_force_configure' from command line to 'False'
[0.619s] Level 5:colcon.colcon_core.verb:set package 'bsplines_python' build argument 'ament_cmake_args' from command line to 'None'
[0.619s] Level 5:colcon.colcon_core.verb:set package 'bsplines_python' build argument 'catkin_cmake_args' from command line to 'None'
[0.619s] Level 5:colcon.colcon_core.verb:set package 'bsplines_python' build argument 'catkin_skip_building_tests' from command line to 'False'
[0.619s] DEBUG:colcon.colcon_core.verb:Building package 'bsplines_python' with the following arguments: {'ament_cmake_args': None, 'build_base': '/home/kanye/Documents/visionaid/build/bsplines_python', 'catkin_cmake_args': None, 'catkin_skip_building_tests': False, 'cmake_args': None, 'cmake_clean_cache': False, 'cmake_clean_first': False, 'cmake_force_configure': False, 'cmake_target': None, 'cmake_target_skip_unavailable': False, 'install_base': '/home/kanye/Documents/visionaid/install/bsplines_python', 'merge_install': False, 'path': '/home/kanye/Documents/visionaid/calibration/camera/kalibr/aslam_nonparametric_estimation/bsplines_python', 'symlink_install': False, 'test_result_base': None}
[0.619s] Level 5:colcon.colcon_core.verb:set package 'gxf_isaac_depth_image_proc' build argument 'cmake_args' from command line to 'None'
[0.619s] Level 5:colcon.colcon_core.verb:set package 'gxf_isaac_depth_image_proc' build argument 'cmake_target' from command line to 'None'
[0.619s] Level 5:colcon.colcon_core.verb:set package 'gxf_isaac_depth_image_proc' build argument 'cmake_target_skip_unavailable' from command line to 'False'
[0.619s] Level 5:colcon.colcon_core.verb:set package 'gxf_isaac_depth_image_proc' build argument 'cmake_clean_cache' from command line to 'False'
[0.619s] Level 5:colcon.colcon_core.verb:set package 'gxf_isaac_depth_image_proc' build argument 'cmake_clean_first' from command line to 'False'
[0.619s] Level 5:colcon.colcon_core.verb:set package 'gxf_isaac_depth_image_proc' build argument 'cmake_force_configure' from command line to 'False'
[0.619s] Level 5:colcon.colcon_core.verb:set package 'gxf_isaac_depth_image_proc' build argument 'ament_cmake_args' from command line to 'None'
[0.619s] Level 5:colcon.colcon_core.verb:set package 'gxf_isaac_depth_image_proc' build argument 'catkin_cmake_args' from command line to 'None'
[0.619s] Level 5:colcon.colcon_core.verb:set package 'gxf_isaac_depth_image_proc' build argument 'catkin_skip_building_tests' from command line to 'False'
[0.619s] DEBUG:colcon.colcon_core.verb:Building package 'gxf_isaac_depth_image_proc' with the following arguments: {'ament_cmake_args': None, 'build_base': '/home/kanye/Documents/visionaid/build/gxf_isaac_depth_image_proc', 'catkin_cmake_args': None, 'catkin_skip_building_tests': False, 'cmake_args': None, 'cmake_clean_cache': False, 'cmake_clean_first': False, 'cmake_force_configure': False, 'cmake_target': None, 'cmake_target_skip_unavailable': False, 'install_base': '/home/kanye/Documents/visionaid/install/gxf_isaac_depth_image_proc', 'merge_install': False, 'path': '/home/kanye/Documents/visionaid/isaac_ros_ws/src/isaac_ros_image_pipeline/isaac_ros_gxf_extensions/gxf_isaac_depth_image_proc', 'symlink_install': False, 'test_result_base': None}
[0.620s] Level 5:colcon.colcon_core.verb:set package 'gxf_isaac_rectify' build argument 'cmake_args' from command line to 'None'
[0.620s] Level 5:colcon.colcon_core.verb:set package 'gxf_isaac_rectify' build argument 'cmake_target' from command line to 'None'
[0.620s] Level 5:colcon.colcon_core.verb:set package 'gxf_isaac_rectify' build argument 'cmake_target_skip_unavailable' from command line to 'False'
[0.620s] Level 5:colcon.colcon_core.verb:set package 'gxf_isaac_rectify' build argument 'cmake_clean_cache' from command line to 'False'
[0.620s] Level 5:colcon.colcon_core.verb:set package 'gxf_isaac_rectify' build argument 'cmake_clean_first' from command line to 'False'
[0.620s] Level 5:colcon.colcon_core.verb:set package 'gxf_isaac_rectify' build argument 'cmake_force_configure' from command line to 'False'
[0.620s] Level 5:colcon.colcon_core.verb:set package 'gxf_isaac_rectify' build argument 'ament_cmake_args' from command line to 'None'
[0.620s] Level 5:colcon.colcon_core.verb:set package 'gxf_isaac_rectify' build argument 'catkin_cmake_args' from command line to 'None'
[0.620s] Level 5:colcon.colcon_core.verb:set package 'gxf_isaac_rectify' build argument 'catkin_skip_building_tests' from command line to 'False'
[0.620s] DEBUG:colcon.colcon_core.verb:Building package 'gxf_isaac_rectify' with the following arguments: {'ament_cmake_args': None, 'build_base': '/home/kanye/Documents/visionaid/build/gxf_isaac_rectify', 'catkin_cmake_args': None, 'catkin_skip_building_tests': False, 'cmake_args': None, 'cmake_clean_cache': False, 'cmake_clean_first': False, 'cmake_force_configure': False, 'cmake_target': None, 'cmake_target_skip_unavailable': False, 'install_base': '/home/kanye/Documents/visionaid/install/gxf_isaac_rectify', 'merge_install': False, 'path': '/home/kanye/Documents/visionaid/isaac_ros_ws/src/isaac_ros_image_pipeline/isaac_ros_gxf_extensions/gxf_isaac_rectify', 'symlink_install': False, 'test_result_base': None}
[0.620s] Level 5:colcon.colcon_core.verb:set package 'gxf_isaac_sgm' build argument 'cmake_args' from command line to 'None'
[0.620s] Level 5:colcon.colcon_core.verb:set package 'gxf_isaac_sgm' build argument 'cmake_target' from command line to 'None'
[0.620s] Level 5:colcon.colcon_core.verb:set package 'gxf_isaac_sgm' build argument 'cmake_target_skip_unavailable' from command line to 'False'
[0.620s] Level 5:colcon.colcon_core.verb:set package 'gxf_isaac_sgm' build argument 'cmake_clean_cache' from command line to 'False'
[0.620s] Level 5:colcon.colcon_core.verb:set package 'gxf_isaac_sgm' build argument 'cmake_clean_first' from command line to 'False'
[0.620s] Level 5:colcon.colcon_core.verb:set package 'gxf_isaac_sgm' build argument 'cmake_force_configure' from command line to 'False'
[0.620s] Level 5:colcon.colcon_core.verb:set package 'gxf_isaac_sgm' build argument 'ament_cmake_args' from command line to 'None'
[0.620s] Level 5:colcon.colcon_core.verb:set package 'gxf_isaac_sgm' build argument 'catkin_cmake_args' from command line to 'None'
[0.620s] Level 5:colcon.colcon_core.verb:set package 'gxf_isaac_sgm' build argument 'catkin_skip_building_tests' from command line to 'False'
[0.620s] DEBUG:colcon.colcon_core.verb:Building package 'gxf_isaac_sgm' with the following arguments: {'ament_cmake_args': None, 'build_base': '/home/kanye/Documents/visionaid/build/gxf_isaac_sgm', 'catkin_cmake_args': None, 'catkin_skip_building_tests': False, 'cmake_args': None, 'cmake_clean_cache': False, 'cmake_clean_first': False, 'cmake_force_configure': False, 'cmake_target': None, 'cmake_target_skip_unavailable': False, 'install_base': '/home/kanye/Documents/visionaid/install/gxf_isaac_sgm', 'merge_install': False, 'path': '/home/kanye/Documents/visionaid/isaac_ros_ws/src/isaac_ros_image_pipeline/isaac_ros_gxf_extensions/gxf_isaac_sgm', 'symlink_install': False, 'test_result_base': None}
[0.620s] Level 5:colcon.colcon_core.verb:set package 'gxf_isaac_tensorops' build argument 'cmake_args' from command line to 'None'
[0.620s] Level 5:colcon.colcon_core.verb:set package 'gxf_isaac_tensorops' build argument 'cmake_target' from command line to 'None'
[0.620s] Level 5:colcon.colcon_core.verb:set package 'gxf_isaac_tensorops' build argument 'cmake_target_skip_unavailable' from command line to 'False'
[0.620s] Level 5:colcon.colcon_core.verb:set package 'gxf_isaac_tensorops' build argument 'cmake_clean_cache' from command line to 'False'
[0.620s] Level 5:colcon.colcon_core.verb:set package 'gxf_isaac_tensorops' build argument 'cmake_clean_first' from command line to 'False'
[0.620s] Level 5:colcon.colcon_core.verb:set package 'gxf_isaac_tensorops' build argument 'cmake_force_configure' from command line to 'False'
[0.620s] Level 5:colcon.colcon_core.verb:set package 'gxf_isaac_tensorops' build argument 'ament_cmake_args' from command line to 'None'
[0.620s] Level 5:colcon.colcon_core.verb:set package 'gxf_isaac_tensorops' build argument 'catkin_cmake_args' from command line to 'None'
[0.620s] Level 5:colcon.colcon_core.verb:set package 'gxf_isaac_tensorops' build argument 'catkin_skip_building_tests' from command line to 'False'
[0.620s] DEBUG:colcon.colcon_core.verb:Building package 'gxf_isaac_tensorops' with the following arguments: {'ament_cmake_args': None, 'build_base': '/home/kanye/Documents/visionaid/build/gxf_isaac_tensorops', 'catkin_cmake_args': None, 'catkin_skip_building_tests': False, 'cmake_args': None, 'cmake_clean_cache': False, 'cmake_clean_first': False, 'cmake_force_configure': False, 'cmake_target': None, 'cmake_target_skip_unavailable': False, 'install_base': '/home/kanye/Documents/visionaid/install/gxf_isaac_tensorops', 'merge_install': False, 'path': '/home/kanye/Documents/visionaid/isaac_ros_ws/src/isaac_ros_image_pipeline/isaac_ros_gxf_extensions/gxf_isaac_tensorops', 'symlink_install': False, 'test_result_base': None}
[0.621s] Level 5:colcon.colcon_core.verb:set package 'gxf_isaac_utils' build argument 'cmake_args' from command line to 'None'
[0.621s] Level 5:colcon.colcon_core.verb:set package 'gxf_isaac_utils' build argument 'cmake_target' from command line to 'None'
[0.621s] Level 5:colcon.colcon_core.verb:set package 'gxf_isaac_utils' build argument 'cmake_target_skip_unavailable' from command line to 'False'
[0.621s] Level 5:colcon.colcon_core.verb:set package 'gxf_isaac_utils' build argument 'cmake_clean_cache' from command line to 'False'
[0.621s] Level 5:colcon.colcon_core.verb:set package 'gxf_isaac_utils' build argument 'cmake_clean_first' from command line to 'False'
[0.621s] Level 5:colcon.colcon_core.verb:set package 'gxf_isaac_utils' build argument 'cmake_force_configure' from command line to 'False'
[0.621s] Level 5:colcon.colcon_core.verb:set package 'gxf_isaac_utils' build argument 'ament_cmake_args' from command line to 'None'
[0.621s] Level 5:colcon.colcon_core.verb:set package 'gxf_isaac_utils' build argument 'catkin_cmake_args' from command line to 'None'
[0.621s] Level 5:colcon.colcon_core.verb:set package 'gxf_isaac_utils' build argument 'catkin_skip_building_tests' from command line to 'False'
[0.621s] DEBUG:colcon.colcon_core.verb:Building package 'gxf_isaac_utils' with the following arguments: {'ament_cmake_args': None, 'build_base': '/home/kanye/Documents/visionaid/build/gxf_isaac_utils', 'catkin_cmake_args': None, 'catkin_skip_building_tests': False, 'cmake_args': None, 'cmake_clean_cache': False, 'cmake_clean_first': False, 'cmake_force_configure': False, 'cmake_target': None, 'cmake_target_skip_unavailable': False, 'install_base': '/home/kanye/Documents/visionaid/install/gxf_isaac_utils', 'merge_install': False, 'path': '/home/kanye/Documents/visionaid/isaac_ros_ws/src/isaac_ros_nitros/isaac_ros_gxf_extensions/gxf_isaac_utils', 'symlink_install': False, 'test_result_base': None}
[0.621s] Level 5:colcon.colcon_core.verb:set package 'incremental_calibration' build argument 'cmake_args' from command line to 'None'
[0.621s] Level 5:colcon.colcon_core.verb:set package 'incremental_calibration' build argument 'cmake_target' from command line to 'None'
[0.621s] Level 5:colcon.colcon_core.verb:set package 'incremental_calibration' build argument 'cmake_target_skip_unavailable' from command line to 'False'
[0.621s] Level 5:colcon.colcon_core.verb:set package 'incremental_calibration' build argument 'cmake_clean_cache' from command line to 'False'
[0.621s] Level 5:colcon.colcon_core.verb:set package 'incremental_calibration' build argument 'cmake_clean_first' from command line to 'False'
[0.621s] Level 5:colcon.colcon_core.verb:set package 'incremental_calibration' build argument 'cmake_force_configure' from command line to 'False'
[0.621s] Level 5:colcon.colcon_core.verb:set package 'incremental_calibration' build argument 'ament_cmake_args' from command line to 'None'
[0.621s] Level 5:colcon.colcon_core.verb:set package 'incremental_calibration' build argument 'catkin_cmake_args' from command line to 'None'
[0.621s] Level 5:colcon.colcon_core.verb:set package 'incremental_calibration' build argument 'catkin_skip_building_tests' from command line to 'False'
[0.621s] DEBUG:colcon.colcon_core.verb:Building package 'incremental_calibration' with the following arguments: {'ament_cmake_args': None, 'build_base': '/home/kanye/Documents/visionaid/build/incremental_calibration', 'catkin_cmake_args': None, 'catkin_skip_building_tests': False, 'cmake_args': None, 'cmake_clean_cache': False, 'cmake_clean_first': False, 'cmake_force_configure': False, 'cmake_target': None, 'cmake_target_skip_unavailable': False, 'install_base': '/home/kanye/Documents/visionaid/install/incremental_calibration', 'merge_install': False, 'path': '/home/kanye/Documents/visionaid/calibration/camera/kalibr/aslam_incremental_calibration/incremental_calibration', 'symlink_install': False, 'test_result_base': None}
[0.621s] Level 5:colcon.colcon_core.verb:set package 'isaac_ros_franka_cumotion_benchmark' build argument 'cmake_args' from command line to 'None'
[0.621s] Level 5:colcon.colcon_core.verb:set package 'isaac_ros_franka_cumotion_benchmark' build argument 'cmake_target' from command line to 'None'
[0.621s] Level 5:colcon.colcon_core.verb:set package 'isaac_ros_franka_cumotion_benchmark' build argument 'cmake_target_skip_unavailable' from command line to 'False'
[0.621s] Level 5:colcon.colcon_core.verb:set package 'isaac_ros_franka_cumotion_benchmark' build argument 'cmake_clean_cache' from command line to 'False'
[0.621s] Level 5:colcon.colcon_core.verb:set package 'isaac_ros_franka_cumotion_benchmark' build argument 'cmake_clean_first' from command line to 'False'
[0.621s] Level 5:colcon.colcon_core.verb:set package 'isaac_ros_franka_cumotion_benchmark' build argument 'cmake_force_configure' from command line to 'False'
[0.621s] Level 5:colcon.colcon_core.verb:set package 'isaac_ros_franka_cumotion_benchmark' build argument 'ament_cmake_args' from command line to 'None'
[0.621s] Level 5:colcon.colcon_core.verb:set package 'isaac_ros_franka_cumotion_benchmark' build argument 'catkin_cmake_args' from command line to 'None'
[0.621s] Level 5:colcon.colcon_core.verb:set package 'isaac_ros_franka_cumotion_benchmark' build argument 'catkin_skip_building_tests' from command line to 'False'
[0.621s] DEBUG:colcon.colcon_core.verb:Building package 'isaac_ros_franka_cumotion_benchmark' with the following arguments: {'ament_cmake_args': None, 'build_base': '/home/kanye/Documents/visionaid/build/isaac_ros_franka_cumotion_benchmark', 'catkin_cmake_args': None, 'catkin_skip_building_tests': False, 'cmake_args': None, 'cmake_clean_cache': False, 'cmake_clean_first': False, 'cmake_force_configure': False, 'cmake_target': None, 'cmake_target_skip_unavailable': False, 'install_base': '/home/kanye/Documents/visionaid/install/isaac_ros_franka_cumotion_benchmark', 'merge_install': False, 'path': '/home/kanye/Documents/visionaid/isaac_ros_ws/src/isaac_ros_benchmark/benchmarks/isaac_ros_moveit_benchmark/isaac_ros_moveit_robot_benchmark/franka/isaac_ros_franka_cumotion_benchmark', 'symlink_install': False, 'test_result_base': None}
[0.622s] Level 5:colcon.colcon_core.verb:set package 'isaac_ros_franka_ompl_benchmark' build argument 'cmake_args' from command line to 'None'
[0.622s] Level 5:colcon.colcon_core.verb:set package 'isaac_ros_franka_ompl_benchmark' build argument 'cmake_target' from command line to 'None'
[0.622s] Level 5:colcon.colcon_core.verb:set package 'isaac_ros_franka_ompl_benchmark' build argument 'cmake_target_skip_unavailable' from command line to 'False'
[0.622s] Level 5:colcon.colcon_core.verb:set package 'isaac_ros_franka_ompl_benchmark' build argument 'cmake_clean_cache' from command line to 'False'
[0.622s] Level 5:colcon.colcon_core.verb:set package 'isaac_ros_franka_ompl_benchmark' build argument 'cmake_clean_first' from command line to 'False'
[0.622s] Level 5:colcon.colcon_core.verb:set package 'isaac_ros_franka_ompl_benchmark' build argument 'cmake_force_configure' from command line to 'False'
[0.622s] Level 5:colcon.colcon_core.verb:set package 'isaac_ros_franka_ompl_benchmark' build argument 'ament_cmake_args' from command line to 'None'
[0.622s] Level 5:colcon.colcon_core.verb:set package 'isaac_ros_franka_ompl_benchmark' build argument 'catkin_cmake_args' from command line to 'None'
[0.622s] Level 5:colcon.colcon_core.verb:set package 'isaac_ros_franka_ompl_benchmark' build argument 'catkin_skip_building_tests' from command line to 'False'
[0.622s] DEBUG:colcon.colcon_core.verb:Building package 'isaac_ros_franka_ompl_benchmark' with the following arguments: {'ament_cmake_args': None, 'build_base': '/home/kanye/Documents/visionaid/build/isaac_ros_franka_ompl_benchmark', 'catkin_cmake_args': None, 'catkin_skip_building_tests': False, 'cmake_args': None, 'cmake_clean_cache': False, 'cmake_clean_first': False, 'cmake_force_configure': False, 'cmake_target': None, 'cmake_target_skip_unavailable': False, 'install_base': '/home/kanye/Documents/visionaid/install/isaac_ros_franka_ompl_benchmark', 'merge_install': False, 'path': '/home/kanye/Documents/visionaid/isaac_ros_ws/src/isaac_ros_benchmark/benchmarks/isaac_ros_moveit_benchmark/isaac_ros_moveit_robot_benchmark/franka/isaac_ros_franka_ompl_benchmark', 'symlink_install': False, 'test_result_base': None}
[0.622s] Level 5:colcon.colcon_core.verb:set package 'isaac_ros_nitros' build argument 'cmake_args' from command line to 'None'
[0.622s] Level 5:colcon.colcon_core.verb:set package 'isaac_ros_nitros' build argument 'cmake_target' from command line to 'None'
[0.622s] Level 5:colcon.colcon_core.verb:set package 'isaac_ros_nitros' build argument 'cmake_target_skip_unavailable' from command line to 'False'
[0.622s] Level 5:colcon.colcon_core.verb:set package 'isaac_ros_nitros' build argument 'cmake_clean_cache' from command line to 'False'
[0.622s] Level 5:colcon.colcon_core.verb:set package 'isaac_ros_nitros' build argument 'cmake_clean_first' from command line to 'False'
[0.622s] Level 5:colcon.colcon_core.verb:set package 'isaac_ros_nitros' build argument 'cmake_force_configure' from command line to 'False'
[0.622s] Level 5:colcon.colcon_core.verb:set package 'isaac_ros_nitros' build argument 'ament_cmake_args' from command line to 'None'
[0.622s] Level 5:colcon.colcon_core.verb:set package 'isaac_ros_nitros' build argument 'catkin_cmake_args' from command line to 'None'
[0.622s] Level 5:colcon.colcon_core.verb:set package 'isaac_ros_nitros' build argument 'catkin_skip_building_tests' from command line to 'False'
[0.622s] DEBUG:colcon.colcon_core.verb:Building package 'isaac_ros_nitros' with the following arguments: {'ament_cmake_args': None, 'build_base': '/home/kanye/Documents/visionaid/build/isaac_ros_nitros', 'catkin_cmake_args': None, 'catkin_skip_building_tests': False, 'cmake_args': None, 'cmake_clean_cache': False, 'cmake_clean_first': False, 'cmake_force_configure': False, 'cmake_target': None, 'cmake_target_skip_unavailable': False, 'install_base': '/home/kanye/Documents/visionaid/install/isaac_ros_nitros', 'merge_install': False, 'path': '/home/kanye/Documents/visionaid/isaac_ros_ws/src/isaac_ros_nitros/isaac_ros_nitros', 'symlink_install': False, 'test_result_base': None}
[0.622s] Level 5:colcon.colcon_core.verb:set package 'isaac_ros_ur5_cumotion_benchmark' build argument 'cmake_args' from command line to 'None'
[0.622s] Level 5:colcon.colcon_core.verb:set package 'isaac_ros_ur5_cumotion_benchmark' build argument 'cmake_target' from command line to 'None'
[0.622s] Level 5:colcon.colcon_core.verb:set package 'isaac_ros_ur5_cumotion_benchmark' build argument 'cmake_target_skip_unavailable' from command line to 'False'
[0.622s] Level 5:colcon.colcon_core.verb:set package 'isaac_ros_ur5_cumotion_benchmark' build argument 'cmake_clean_cache' from command line to 'False'
[0.622s] Level 5:colcon.colcon_core.verb:set package 'isaac_ros_ur5_cumotion_benchmark' build argument 'cmake_clean_first' from command line to 'False'
[0.622s] Level 5:colcon.colcon_core.verb:set package 'isaac_ros_ur5_cumotion_benchmark' build argument 'cmake_force_configure' from command line to 'False'
[0.622s] Level 5:colcon.colcon_core.verb:set package 'isaac_ros_ur5_cumotion_benchmark' build argument 'ament_cmake_args' from command line to 'None'
[0.623s] Level 5:colcon.colcon_core.verb:set package 'isaac_ros_ur5_cumotion_benchmark' build argument 'catkin_cmake_args' from command line to 'None'
[0.623s] Level 5:colcon.colcon_core.verb:set package 'isaac_ros_ur5_cumotion_benchmark' build argument 'catkin_skip_building_tests' from command line to 'False'
[0.623s] DEBUG:colcon.colcon_core.verb:Building package 'isaac_ros_ur5_cumotion_benchmark' with the following arguments: {'ament_cmake_args': None, 'build_base': '/home/kanye/Documents/visionaid/build/isaac_ros_ur5_cumotion_benchmark', 'catkin_cmake_args': None, 'catkin_skip_building_tests': False, 'cmake_args': None, 'cmake_clean_cache': False, 'cmake_clean_first': False, 'cmake_force_configure': False, 'cmake_target': None, 'cmake_target_skip_unavailable': False, 'install_base': '/home/kanye/Documents/visionaid/install/isaac_ros_ur5_cumotion_benchmark', 'merge_install': False, 'path': '/home/kanye/Documents/visionaid/isaac_ros_ws/src/isaac_ros_benchmark/benchmarks/isaac_ros_moveit_benchmark/isaac_ros_moveit_robot_benchmark/ur5/isaac_ros_ur5_cumotion_benchmark', 'symlink_install': False, 'test_result_base': None}
[0.623s] Level 5:colcon.colcon_core.verb:set package 'isaac_ros_ur5_ompl_benchmark' build argument 'cmake_args' from command line to 'None'
[0.623s] Level 5:colcon.colcon_core.verb:set package 'isaac_ros_ur5_ompl_benchmark' build argument 'cmake_target' from command line to 'None'
[0.623s] Level 5:colcon.colcon_core.verb:set package 'isaac_ros_ur5_ompl_benchmark' build argument 'cmake_target_skip_unavailable' from command line to 'False'
[0.623s] Level 5:colcon.colcon_core.verb:set package 'isaac_ros_ur5_ompl_benchmark' build argument 'cmake_clean_cache' from command line to 'False'
[0.623s] Level 5:colcon.colcon_core.verb:set package 'isaac_ros_ur5_ompl_benchmark' build argument 'cmake_clean_first' from command line to 'False'
[0.623s] Level 5:colcon.colcon_core.verb:set package 'isaac_ros_ur5_ompl_benchmark' build argument 'cmake_force_configure' from command line to 'False'
[0.623s] Level 5:colcon.colcon_core.verb:set package 'isaac_ros_ur5_ompl_benchmark' build argument 'ament_cmake_args' from command line to 'None'
[0.623s] Level 5:colcon.colcon_core.verb:set package 'isaac_ros_ur5_ompl_benchmark' build argument 'catkin_cmake_args' from command line to 'None'
[0.623s] Level 5:colcon.colcon_core.verb:set package 'isaac_ros_ur5_ompl_benchmark' build argument 'catkin_skip_building_tests' from command line to 'False'
[0.623s] DEBUG:colcon.colcon_core.verb:Building package 'isaac_ros_ur5_ompl_benchmark' with the following arguments: {'ament_cmake_args': None, 'build_base': '/home/kanye/Documents/visionaid/build/isaac_ros_ur5_ompl_benchmark', 'catkin_cmake_args': None, 'catkin_skip_building_tests': False, 'cmake_args': None, 'cmake_clean_cache': False, 'cmake_clean_first': False, 'cmake_force_configure': False, 'cmake_target': None, 'cmake_target_skip_unavailable': False, 'install_base': '/home/kanye/Documents/visionaid/install/isaac_ros_ur5_ompl_benchmark', 'merge_install': False, 'path': '/home/kanye/Documents/visionaid/isaac_ros_ws/src/isaac_ros_benchmark/benchmarks/isaac_ros_moveit_benchmark/isaac_ros_moveit_robot_benchmark/ur5/isaac_ros_ur5_ompl_benchmark', 'symlink_install': False, 'test_result_base': None}
[0.623s] Level 5:colcon.colcon_core.verb:set package 'aslam_backend_python' build argument 'cmake_args' from command line to 'None'
[0.623s] Level 5:colcon.colcon_core.verb:set package 'aslam_backend_python' build argument 'cmake_target' from command line to 'None'
[0.623s] Level 5:colcon.colcon_core.verb:set package 'aslam_backend_python' build argument 'cmake_target_skip_unavailable' from command line to 'False'
[0.623s] Level 5:colcon.colcon_core.verb:set package 'aslam_backend_python' build argument 'cmake_clean_cache' from command line to 'False'
[0.623s] Level 5:colcon.colcon_core.verb:set package 'aslam_backend_python' build argument 'cmake_clean_first' from command line to 'False'
[0.623s] Level 5:colcon.colcon_core.verb:set package 'aslam_backend_python' build argument 'cmake_force_configure' from command line to 'False'
[0.623s] Level 5:colcon.colcon_core.verb:set package 'aslam_backend_python' build argument 'ament_cmake_args' from command line to 'None'
[0.623s] Level 5:colcon.colcon_core.verb:set package 'aslam_backend_python' build argument 'catkin_cmake_args' from command line to 'None'
[0.623s] Level 5:colcon.colcon_core.verb:set package 'aslam_backend_python' build argument 'catkin_skip_building_tests' from command line to 'False'
[0.623s] DEBUG:colcon.colcon_core.verb:Building package 'aslam_backend_python' with the following arguments: {'ament_cmake_args': None, 'build_base': '/home/kanye/Documents/visionaid/build/aslam_backend_python', 'catkin_cmake_args': None, 'catkin_skip_building_tests': False, 'cmake_args': None, 'cmake_clean_cache': False, 'cmake_clean_first': False, 'cmake_force_configure': False, 'cmake_target': None, 'cmake_target_skip_unavailable': False, 'install_base': '/home/kanye/Documents/visionaid/install/aslam_backend_python', 'merge_install': False, 'path': '/home/kanye/Documents/visionaid/calibration/camera/kalibr/aslam_optimizer/aslam_backend_python', 'symlink_install': False, 'test_result_base': None}
[0.623s] Level 5:colcon.colcon_core.verb:set package 'aslam_cv_backend' build argument 'cmake_args' from command line to 'None'
[0.624s] Level 5:colcon.colcon_core.verb:set package 'aslam_cv_backend' build argument 'cmake_target' from command line to 'None'
[0.624s] Level 5:colcon.colcon_core.verb:set package 'aslam_cv_backend' build argument 'cmake_target_skip_unavailable' from command line to 'False'
[0.624s] Level 5:colcon.colcon_core.verb:set package 'aslam_cv_backend' build argument 'cmake_clean_cache' from command line to 'False'
[0.624s] Level 5:colcon.colcon_core.verb:set package 'aslam_cv_backend' build argument 'cmake_clean_first' from command line to 'False'
[0.624s] Level 5:colcon.colcon_core.verb:set package 'aslam_cv_backend' build argument 'cmake_force_configure' from command line to 'False'
[0.624s] Level 5:colcon.colcon_core.verb:set package 'aslam_cv_backend' build argument 'ament_cmake_args' from command line to 'None'
[0.624s] Level 5:colcon.colcon_core.verb:set package 'aslam_cv_backend' build argument 'catkin_cmake_args' from command line to 'None'
[0.624s] Level 5:colcon.colcon_core.verb:set package 'aslam_cv_backend' build argument 'catkin_skip_building_tests' from command line to 'False'
[0.624s] DEBUG:colcon.colcon_core.verb:Building package 'aslam_cv_backend' with the following arguments: {'ament_cmake_args': None, 'build_base': '/home/kanye/Documents/visionaid/build/aslam_cv_backend', 'catkin_cmake_args': None, 'catkin_skip_building_tests': False, 'cmake_args': None, 'cmake_clean_cache': False, 'cmake_clean_first': False, 'cmake_force_configure': False, 'cmake_target': None, 'cmake_target_skip_unavailable': False, 'install_base': '/home/kanye/Documents/visionaid/install/aslam_cv_backend', 'merge_install': False, 'path': '/home/kanye/Documents/visionaid/calibration/camera/kalibr/aslam_cv/aslam_cv_backend', 'symlink_install': False, 'test_result_base': None}
[0.624s] Level 5:colcon.colcon_core.verb:set package 'aslam_cv_python' build argument 'cmake_args' from command line to 'None'
[0.624s] Level 5:colcon.colcon_core.verb:set package 'aslam_cv_python' build argument 'cmake_target' from command line to 'None'
[0.624s] Level 5:colcon.colcon_core.verb:set package 'aslam_cv_python' build argument 'cmake_target_skip_unavailable' from command line to 'False'
[0.624s] Level 5:colcon.colcon_core.verb:set package 'aslam_cv_python' build argument 'cmake_clean_cache' from command line to 'False'
[0.624s] Level 5:colcon.colcon_core.verb:set package 'aslam_cv_python' build argument 'cmake_clean_first' from command line to 'False'
[0.624s] Level 5:colcon.colcon_core.verb:set package 'aslam_cv_python' build argument 'cmake_force_configure' from command line to 'False'
[0.624s] Level 5:colcon.colcon_core.verb:set package 'aslam_cv_python' build argument 'ament_cmake_args' from command line to 'None'
[0.624s] Level 5:colcon.colcon_core.verb:set package 'aslam_cv_python' build argument 'catkin_cmake_args' from command line to 'None'
[0.624s] Level 5:colcon.colcon_core.verb:set package 'aslam_cv_python' build argument 'catkin_skip_building_tests' from command line to 'False'
[0.624s] DEBUG:colcon.colcon_core.verb:Building package 'aslam_cv_python' with the following arguments: {'ament_cmake_args': None, 'build_base': '/home/kanye/Documents/visionaid/build/aslam_cv_python', 'catkin_cmake_args': None, 'catkin_skip_building_tests': False, 'cmake_args': None, 'cmake_clean_cache': False, 'cmake_clean_first': False, 'cmake_force_configure': False, 'cmake_target': None, 'cmake_target_skip_unavailable': False, 'install_base': '/home/kanye/Documents/visionaid/install/aslam_cv_python', 'merge_install': False, 'path': '/home/kanye/Documents/visionaid/calibration/camera/kalibr/aslam_cv/aslam_cv_python', 'symlink_install': False, 'test_result_base': None}
[0.624s] Level 5:colcon.colcon_core.verb:set package 'aslam_splines' build argument 'cmake_args' from command line to 'None'
[0.624s] Level 5:colcon.colcon_core.verb:set package 'aslam_splines' build argument 'cmake_target' from command line to 'None'
[0.624s] Level 5:colcon.colcon_core.verb:set package 'aslam_splines' build argument 'cmake_target_skip_unavailable' from command line to 'False'
[0.624s] Level 5:colcon.colcon_core.verb:set package 'aslam_splines' build argument 'cmake_clean_cache' from command line to 'False'
[0.624s] Level 5:colcon.colcon_core.verb:set package 'aslam_splines' build argument 'cmake_clean_first' from command line to 'False'
[0.624s] Level 5:colcon.colcon_core.verb:set package 'aslam_splines' build argument 'cmake_force_configure' from command line to 'False'
[0.624s] Level 5:colcon.colcon_core.verb:set package 'aslam_splines' build argument 'ament_cmake_args' from command line to 'None'
[0.624s] Level 5:colcon.colcon_core.verb:set package 'aslam_splines' build argument 'catkin_cmake_args' from command line to 'None'
[0.624s] Level 5:colcon.colcon_core.verb:set package 'aslam_splines' build argument 'catkin_skip_building_tests' from command line to 'False'
[0.624s] DEBUG:colcon.colcon_core.verb:Building package 'aslam_splines' with the following arguments: {'ament_cmake_args': None, 'build_base': '/home/kanye/Documents/visionaid/build/aslam_splines', 'catkin_cmake_args': None, 'catkin_skip_building_tests': False, 'cmake_args': None, 'cmake_clean_cache': False, 'cmake_clean_first': False, 'cmake_force_configure': False, 'cmake_target': None, 'cmake_target_skip_unavailable': False, 'install_base': '/home/kanye/Documents/visionaid/install/aslam_splines', 'merge_install': False, 'path': '/home/kanye/Documents/visionaid/calibration/camera/kalibr/aslam_nonparametric_estimation/aslam_splines', 'symlink_install': False, 'test_result_base': None}
[0.624s] Level 5:colcon.colcon_core.verb:set package 'gxf_isaac_tensor_rt' build argument 'cmake_args' from command line to 'None'
[0.625s] Level 5:colcon.colcon_core.verb:set package 'gxf_isaac_tensor_rt' build argument 'cmake_target' from command line to 'None'
[0.625s] Level 5:colcon.colcon_core.verb:set package 'gxf_isaac_tensor_rt' build argument 'cmake_target_skip_unavailable' from command line to 'False'
[0.625s] Level 5:colcon.colcon_core.verb:set package 'gxf_isaac_tensor_rt' build argument 'cmake_clean_cache' from command line to 'False'
[0.625s] Level 5:colcon.colcon_core.verb:set package 'gxf_isaac_tensor_rt' build argument 'cmake_clean_first' from command line to 'False'
[0.625s] Level 5:colcon.colcon_core.verb:set package 'gxf_isaac_tensor_rt' build argument 'cmake_force_configure' from command line to 'False'
[0.625s] Level 5:colcon.colcon_core.verb:set package 'gxf_isaac_tensor_rt' build argument 'ament_cmake_args' from command line to 'None'
[0.625s] Level 5:colcon.colcon_core.verb:set package 'gxf_isaac_tensor_rt' build argument 'catkin_cmake_args' from command line to 'None'
[0.625s] Level 5:colcon.colcon_core.verb:set package 'gxf_isaac_tensor_rt' build argument 'catkin_skip_building_tests' from command line to 'False'
[0.625s] DEBUG:colcon.colcon_core.verb:Building package 'gxf_isaac_tensor_rt' with the following arguments: {'ament_cmake_args': None, 'build_base': '/home/kanye/Documents/visionaid/build/gxf_isaac_tensor_rt', 'catkin_cmake_args': None, 'catkin_skip_building_tests': False, 'cmake_args': None, 'cmake_clean_cache': False, 'cmake_clean_first': False, 'cmake_force_configure': False, 'cmake_target': None, 'cmake_target_skip_unavailable': False, 'install_base': '/home/kanye/Documents/visionaid/install/gxf_isaac_tensor_rt', 'merge_install': False, 'path': '/home/kanye/Documents/visionaid/isaac_ros_ws/src/isaac_ros_dnn_inference/isaac_ros_gxf_extensions/gxf_isaac_tensor_rt', 'symlink_install': False, 'test_result_base': None}
[0.625s] Level 5:colcon.colcon_core.verb:set package 'incremental_calibration_python' build argument 'cmake_args' from command line to 'None'
[0.625s] Level 5:colcon.colcon_core.verb:set package 'incremental_calibration_python' build argument 'cmake_target' from command line to 'None'
[0.625s] Level 5:colcon.colcon_core.verb:set package 'incremental_calibration_python' build argument 'cmake_target_skip_unavailable' from command line to 'False'
[0.625s] Level 5:colcon.colcon_core.verb:set package 'incremental_calibration_python' build argument 'cmake_clean_cache' from command line to 'False'
[0.625s] Level 5:colcon.colcon_core.verb:set package 'incremental_calibration_python' build argument 'cmake_clean_first' from command line to 'False'
[0.625s] Level 5:colcon.colcon_core.verb:set package 'incremental_calibration_python' build argument 'cmake_force_configure' from command line to 'False'
[0.625s] Level 5:colcon.colcon_core.verb:set package 'incremental_calibration_python' build argument 'ament_cmake_args' from command line to 'None'
[0.625s] Level 5:colcon.colcon_core.verb:set package 'incremental_calibration_python' build argument 'catkin_cmake_args' from command line to 'None'
[0.625s] Level 5:colcon.colcon_core.verb:set package 'incremental_calibration_python' build argument 'catkin_skip_building_tests' from command line to 'False'
[0.625s] DEBUG:colcon.colcon_core.verb:Building package 'incremental_calibration_python' with the following arguments: {'ament_cmake_args': None, 'build_base': '/home/kanye/Documents/visionaid/build/incremental_calibration_python', 'catkin_cmake_args': None, 'catkin_skip_building_tests': False, 'cmake_args': None, 'cmake_clean_cache': False, 'cmake_clean_first': False, 'cmake_force_configure': False, 'cmake_target': None, 'cmake_target_skip_unavailable': False, 'install_base': '/home/kanye/Documents/visionaid/install/incremental_calibration_python', 'merge_install': False, 'path': '/home/kanye/Documents/visionaid/calibration/camera/kalibr/aslam_incremental_calibration/incremental_calibration_python', 'symlink_install': False, 'test_result_base': None}
[0.625s] Level 5:colcon.colcon_core.verb:set package 'isaac_ros_nitros_battery_state_type' build argument 'cmake_args' from command line to 'None'
[0.625s] Level 5:colcon.colcon_core.verb:set package 'isaac_ros_nitros_battery_state_type' build argument 'cmake_target' from command line to 'None'
[0.625s] Level 5:colcon.colcon_core.verb:set package 'isaac_ros_nitros_battery_state_type' build argument 'cmake_target_skip_unavailable' from command line to 'False'
[0.625s] Level 5:colcon.colcon_core.verb:set package 'isaac_ros_nitros_battery_state_type' build argument 'cmake_clean_cache' from command line to 'False'
[0.625s] Level 5:colcon.colcon_core.verb:set package 'isaac_ros_nitros_battery_state_type' build argument 'cmake_clean_first' from command line to 'False'
[0.625s] Level 5:colcon.colcon_core.verb:set package 'isaac_ros_nitros_battery_state_type' build argument 'cmake_force_configure' from command line to 'False'
[0.625s] Level 5:colcon.colcon_core.verb:set package 'isaac_ros_nitros_battery_state_type' build argument 'ament_cmake_args' from command line to 'None'
[0.625s] Level 5:colcon.colcon_core.verb:set package 'isaac_ros_nitros_battery_state_type' build argument 'catkin_cmake_args' from command line to 'None'
[0.625s] Level 5:colcon.colcon_core.verb:set package 'isaac_ros_nitros_battery_state_type' build argument 'catkin_skip_building_tests' from command line to 'False'
[0.625s] DEBUG:colcon.colcon_core.verb:Building package 'isaac_ros_nitros_battery_state_type' with the following arguments: {'ament_cmake_args': None, 'build_base': '/home/kanye/Documents/visionaid/build/isaac_ros_nitros_battery_state_type', 'catkin_cmake_args': None, 'catkin_skip_building_tests': False, 'cmake_args': None, 'cmake_clean_cache': False, 'cmake_clean_first': False, 'cmake_force_configure': False, 'cmake_target': None, 'cmake_target_skip_unavailable': False, 'install_base': '/home/kanye/Documents/visionaid/install/isaac_ros_nitros_battery_state_type', 'merge_install': False, 'path': '/home/kanye/Documents/visionaid/isaac_ros_ws/src/isaac_ros_nitros/isaac_ros_nitros_type/isaac_ros_nitros_battery_state_type', 'symlink_install': False, 'test_result_base': None}
[0.625s] Level 5:colcon.colcon_core.verb:set package 'isaac_ros_nitros_camera_info_type' build argument 'cmake_args' from command line to 'None'
[0.625s] Level 5:colcon.colcon_core.verb:set package 'isaac_ros_nitros_camera_info_type' build argument 'cmake_target' from command line to 'None'
[0.625s] Level 5:colcon.colcon_core.verb:set package 'isaac_ros_nitros_camera_info_type' build argument 'cmake_target_skip_unavailable' from command line to 'False'
[0.625s] Level 5:colcon.colcon_core.verb:set package 'isaac_ros_nitros_camera_info_type' build argument 'cmake_clean_cache' from command line to 'False'
[0.626s] Level 5:colcon.colcon_core.verb:set package 'isaac_ros_nitros_camera_info_type' build argument 'cmake_clean_first' from command line to 'False'
[0.626s] Level 5:colcon.colcon_core.verb:set package 'isaac_ros_nitros_camera_info_type' build argument 'cmake_force_configure' from command line to 'False'
[0.626s] Level 5:colcon.colcon_core.verb:set package 'isaac_ros_nitros_camera_info_type' build argument 'ament_cmake_args' from command line to 'None'
[0.626s] Level 5:colcon.colcon_core.verb:set package 'isaac_ros_nitros_camera_info_type' build argument 'catkin_cmake_args' from command line to 'None'
[0.626s] Level 5:colcon.colcon_core.verb:set package 'isaac_ros_nitros_camera_info_type' build argument 'catkin_skip_building_tests' from command line to 'False'
[0.626s] DEBUG:colcon.colcon_core.verb:Building package 'isaac_ros_nitros_camera_info_type' with the following arguments: {'ament_cmake_args': None, 'build_base': '/home/kanye/Documents/visionaid/build/isaac_ros_nitros_camera_info_type', 'catkin_cmake_args': None, 'catkin_skip_building_tests': False, 'cmake_args': None, 'cmake_clean_cache': False, 'cmake_clean_first': False, 'cmake_force_configure': False, 'cmake_target': None, 'cmake_target_skip_unavailable': False, 'install_base': '/home/kanye/Documents/visionaid/install/isaac_ros_nitros_camera_info_type', 'merge_install': False, 'path': '/home/kanye/Documents/visionaid/isaac_ros_ws/src/isaac_ros_nitros/isaac_ros_nitros_type/isaac_ros_nitros_camera_info_type', 'symlink_install': False, 'test_result_base': None}
[0.626s] Level 5:colcon.colcon_core.verb:set package 'isaac_ros_nitros_compressed_image_type' build argument 'cmake_args' from command line to 'None'
[0.626s] Level 5:colcon.colcon_core.verb:set package 'isaac_ros_nitros_compressed_image_type' build argument 'cmake_target' from command line to 'None'
[0.626s] Level 5:colcon.colcon_core.verb:set package 'isaac_ros_nitros_compressed_image_type' build argument 'cmake_target_skip_unavailable' from command line to 'False'
[0.626s] Level 5:colcon.colcon_core.verb:set package 'isaac_ros_nitros_compressed_image_type' build argument 'cmake_clean_cache' from command line to 'False'
[0.626s] Level 5:colcon.colcon_core.verb:set package 'isaac_ros_nitros_compressed_image_type' build argument 'cmake_clean_first' from command line to 'False'
[0.626s] Level 5:colcon.colcon_core.verb:set package 'isaac_ros_nitros_compressed_image_type' build argument 'cmake_force_configure' from command line to 'False'
[0.626s] Level 5:colcon.colcon_core.verb:set package 'isaac_ros_nitros_compressed_image_type' build argument 'ament_cmake_args' from command line to 'None'
[0.626s] Level 5:colcon.colcon_core.verb:set package 'isaac_ros_nitros_compressed_image_type' build argument 'catkin_cmake_args' from command line to 'None'
[0.626s] Level 5:colcon.colcon_core.verb:set package 'isaac_ros_nitros_compressed_image_type' build argument 'catkin_skip_building_tests' from command line to 'False'
[0.626s] DEBUG:colcon.colcon_core.verb:Building package 'isaac_ros_nitros_compressed_image_type' with the following arguments: {'ament_cmake_args': None, 'build_base': '/home/kanye/Documents/visionaid/build/isaac_ros_nitros_compressed_image_type', 'catkin_cmake_args': None, 'catkin_skip_building_tests': False, 'cmake_args': None, 'cmake_clean_cache': False, 'cmake_clean_first': False, 'cmake_force_configure': False, 'cmake_target': None, 'cmake_target_skip_unavailable': False, 'install_base': '/home/kanye/Documents/visionaid/install/isaac_ros_nitros_compressed_image_type', 'merge_install': False, 'path': '/home/kanye/Documents/visionaid/isaac_ros_ws/src/isaac_ros_nitros/isaac_ros_nitros_type/isaac_ros_nitros_compressed_image_type', 'symlink_install': False, 'test_result_base': None}
[0.626s] Level 5:colcon.colcon_core.verb:set package 'isaac_ros_nitros_compressed_video_type' build argument 'cmake_args' from command line to 'None'
[0.626s] Level 5:colcon.colcon_core.verb:set package 'isaac_ros_nitros_compressed_video_type' build argument 'cmake_target' from command line to 'None'
[0.626s] Level 5:colcon.colcon_core.verb:set package 'isaac_ros_nitros_compressed_video_type' build argument 'cmake_target_skip_unavailable' from command line to 'False'
[0.626s] Level 5:colcon.colcon_core.verb:set package 'isaac_ros_nitros_compressed_video_type' build argument 'cmake_clean_cache' from command line to 'False'
[0.626s] Level 5:colcon.colcon_core.verb:set package 'isaac_ros_nitros_compressed_video_type' build argument 'cmake_clean_first' from command line to 'False'
[0.626s] Level 5:colcon.colcon_core.verb:set package 'isaac_ros_nitros_compressed_video_type' build argument 'cmake_force_configure' from command line to 'False'
[0.626s] Level 5:colcon.colcon_core.verb:set package 'isaac_ros_nitros_compressed_video_type' build argument 'ament_cmake_args' from command line to 'None'
[0.626s] Level 5:colcon.colcon_core.verb:set package 'isaac_ros_nitros_compressed_video_type' build argument 'catkin_cmake_args' from command line to 'None'
[0.626s] Level 5:colcon.colcon_core.verb:set package 'isaac_ros_nitros_compressed_video_type' build argument 'catkin_skip_building_tests' from command line to 'False'
[0.626s] DEBUG:colcon.colcon_core.verb:Building package 'isaac_ros_nitros_compressed_video_type' with the following arguments: {'ament_cmake_args': None, 'build_base': '/home/kanye/Documents/visionaid/build/isaac_ros_nitros_compressed_video_type', 'catkin_cmake_args': None, 'catkin_skip_building_tests': False, 'cmake_args': None, 'cmake_clean_cache': False, 'cmake_clean_first': False, 'cmake_force_configure': False, 'cmake_target': None, 'cmake_target_skip_unavailable': False, 'install_base': '/home/kanye/Documents/visionaid/install/isaac_ros_nitros_compressed_video_type', 'merge_install': False, 'path': '/home/kanye/Documents/visionaid/isaac_ros_ws/src/isaac_ros_nitros/isaac_ros_nitros_type/isaac_ros_nitros_compressed_video_type', 'symlink_install': False, 'test_result_base': None}
[0.626s] Level 5:colcon.colcon_core.verb:set package 'isaac_ros_nitros_correlated_timestamp_type' build argument 'cmake_args' from command line to 'None'
[0.627s] Level 5:colcon.colcon_core.verb:set package 'isaac_ros_nitros_correlated_timestamp_type' build argument 'cmake_target' from command line to 'None'
[0.627s] Level 5:colcon.colcon_core.verb:set package 'isaac_ros_nitros_correlated_timestamp_type' build argument 'cmake_target_skip_unavailable' from command line to 'False'
[0.627s] Level 5:colcon.colcon_core.verb:set package 'isaac_ros_nitros_correlated_timestamp_type' build argument 'cmake_clean_cache' from command line to 'False'
[0.627s] Level 5:colcon.colcon_core.verb:set package 'isaac_ros_nitros_correlated_timestamp_type' build argument 'cmake_clean_first' from command line to 'False'
[0.627s] Level 5:colcon.colcon_core.verb:set package 'isaac_ros_nitros_correlated_timestamp_type' build argument 'cmake_force_configure' from command line to 'False'
[0.627s] Level 5:colcon.colcon_core.verb:set package 'isaac_ros_nitros_correlated_timestamp_type' build argument 'ament_cmake_args' from command line to 'None'
[0.627s] Level 5:colcon.colcon_core.verb:set package 'isaac_ros_nitros_correlated_timestamp_type' build argument 'catkin_cmake_args' from command line to 'None'
[0.627s] Level 5:colcon.colcon_core.verb:set package 'isaac_ros_nitros_correlated_timestamp_type' build argument 'catkin_skip_building_tests' from command line to 'False'
[0.627s] DEBUG:colcon.colcon_core.verb:Building package 'isaac_ros_nitros_correlated_timestamp_type' with the following arguments: {'ament_cmake_args': None, 'build_base': '/home/kanye/Documents/visionaid/build/isaac_ros_nitros_correlated_timestamp_type', 'catkin_cmake_args': None, 'catkin_skip_building_tests': False, 'cmake_args': None, 'cmake_clean_cache': False, 'cmake_clean_first': False, 'cmake_force_configure': False, 'cmake_target': None, 'cmake_target_skip_unavailable': False, 'install_base': '/home/kanye/Documents/visionaid/install/isaac_ros_nitros_correlated_timestamp_type', 'merge_install': False, 'path': '/home/kanye/Documents/visionaid/isaac_ros_ws/src/isaac_ros_nitros/isaac_ros_nitros_type/isaac_ros_nitros_correlated_timestamp_type', 'symlink_install': False, 'test_result_base': None}
[0.627s] Level 5:colcon.colcon_core.verb:set package 'isaac_ros_nitros_detection2_d_array_type' build argument 'cmake_args' from command line to 'None'
[0.627s] Level 5:colcon.colcon_core.verb:set package 'isaac_ros_nitros_detection2_d_array_type' build argument 'cmake_target' from command line to 'None'
[0.627s] Level 5:colcon.colcon_core.verb:set package 'isaac_ros_nitros_detection2_d_array_type' build argument 'cmake_target_skip_unavailable' from command line to 'False'
[0.627s] Level 5:colcon.colcon_core.verb:set package 'isaac_ros_nitros_detection2_d_array_type' build argument 'cmake_clean_cache' from command line to 'False'
[0.627s] Level 5:colcon.colcon_core.verb:set package 'isaac_ros_nitros_detection2_d_array_type' build argument 'cmake_clean_first' from command line to 'False'
[0.627s] Level 5:colcon.colcon_core.verb:set package 'isaac_ros_nitros_detection2_d_array_type' build argument 'cmake_force_configure' from command line to 'False'
[0.627s] Level 5:colcon.colcon_core.verb:set package 'isaac_ros_nitros_detection2_d_array_type' build argument 'ament_cmake_args' from command line to 'None'
[0.627s] Level 5:colcon.colcon_core.verb:set package 'isaac_ros_nitros_detection2_d_array_type' build argument 'catkin_cmake_args' from command line to 'None'
[0.627s] Level 5:colcon.colcon_core.verb:set package 'isaac_ros_nitros_detection2_d_array_type' build argument 'catkin_skip_building_tests' from command line to 'False'
[0.627s] DEBUG:colcon.colcon_core.verb:Building package 'isaac_ros_nitros_detection2_d_array_type' with the following arguments: {'ament_cmake_args': None, 'build_base': '/home/kanye/Documents/visionaid/build/isaac_ros_nitros_detection2_d_array_type', 'catkin_cmake_args': None, 'catkin_skip_building_tests': False, 'cmake_args': None, 'cmake_clean_cache': False, 'cmake_clean_first': False, 'cmake_force_configure': False, 'cmake_target': None, 'cmake_target_skip_unavailable': False, 'install_base': '/home/kanye/Documents/visionaid/install/isaac_ros_nitros_detection2_d_array_type', 'merge_install': False, 'path': '/home/kanye/Documents/visionaid/isaac_ros_ws/src/isaac_ros_nitros/isaac_ros_nitros_type/isaac_ros_nitros_detection2_d_array_type', 'symlink_install': False, 'test_result_base': None}
[0.627s] Level 5:colcon.colcon_core.verb:set package 'isaac_ros_nitros_detection3_d_array_type' build argument 'cmake_args' from command line to 'None'
[0.627s] Level 5:colcon.colcon_core.verb:set package 'isaac_ros_nitros_detection3_d_array_type' build argument 'cmake_target' from command line to 'None'
[0.627s] Level 5:colcon.colcon_core.verb:set package 'isaac_ros_nitros_detection3_d_array_type' build argument 'cmake_target_skip_unavailable' from command line to 'False'
[0.627s] Level 5:colcon.colcon_core.verb:set package 'isaac_ros_nitros_detection3_d_array_type' build argument 'cmake_clean_cache' from command line to 'False'
[0.627s] Level 5:colcon.colcon_core.verb:set package 'isaac_ros_nitros_detection3_d_array_type' build argument 'cmake_clean_first' from command line to 'False'
[0.627s] Level 5:colcon.colcon_core.verb:set package 'isaac_ros_nitros_detection3_d_array_type' build argument 'cmake_force_configure' from command line to 'False'
[0.628s] Level 5:colcon.colcon_core.verb:set package 'isaac_ros_nitros_detection3_d_array_type' build argument 'ament_cmake_args' from command line to 'None'
[0.628s] Level 5:colcon.colcon_core.verb:set package 'isaac_ros_nitros_detection3_d_array_type' build argument 'catkin_cmake_args' from command line to 'None'
[0.628s] Level 5:colcon.colcon_core.verb:set package 'isaac_ros_nitros_detection3_d_array_type' build argument 'catkin_skip_building_tests' from command line to 'False'
[0.628s] DEBUG:colcon.colcon_core.verb:Building package 'isaac_ros_nitros_detection3_d_array_type' with the following arguments: {'ament_cmake_args': None, 'build_base': '/home/kanye/Documents/visionaid/build/isaac_ros_nitros_detection3_d_array_type', 'catkin_cmake_args': None, 'catkin_skip_building_tests': False, 'cmake_args': None, 'cmake_clean_cache': False, 'cmake_clean_first': False, 'cmake_force_configure': False, 'cmake_target': None, 'cmake_target_skip_unavailable': False, 'install_base': '/home/kanye/Documents/visionaid/install/isaac_ros_nitros_detection3_d_array_type', 'merge_install': False, 'path': '/home/kanye/Documents/visionaid/isaac_ros_ws/src/isaac_ros_nitros/isaac_ros_nitros_type/isaac_ros_nitros_detection3_d_array_type', 'symlink_install': False, 'test_result_base': None}
[0.628s] Level 5:colcon.colcon_core.verb:set package 'isaac_ros_nitros_disparity_image_type' build argument 'cmake_args' from command line to 'None'
[0.628s] Level 5:colcon.colcon_core.verb:set package 'isaac_ros_nitros_disparity_image_type' build argument 'cmake_target' from command line to 'None'
[0.628s] Level 5:colcon.colcon_core.verb:set package 'isaac_ros_nitros_disparity_image_type' build argument 'cmake_target_skip_unavailable' from command line to 'False'
[0.628s] Level 5:colcon.colcon_core.verb:set package 'isaac_ros_nitros_disparity_image_type' build argument 'cmake_clean_cache' from command line to 'False'
[0.628s] Level 5:colcon.colcon_core.verb:set package 'isaac_ros_nitros_disparity_image_type' build argument 'cmake_clean_first' from command line to 'False'
[0.628s] Level 5:colcon.colcon_core.verb:set package 'isaac_ros_nitros_disparity_image_type' build argument 'cmake_force_configure' from command line to 'False'
[0.628s] Level 5:colcon.colcon_core.verb:set package 'isaac_ros_nitros_disparity_image_type' build argument 'ament_cmake_args' from command line to 'None'
[0.628s] Level 5:colcon.colcon_core.verb:set package 'isaac_ros_nitros_disparity_image_type' build argument 'catkin_cmake_args' from command line to 'None'
[0.628s] Level 5:colcon.colcon_core.verb:set package 'isaac_ros_nitros_disparity_image_type' build argument 'catkin_skip_building_tests' from command line to 'False'
[0.628s] DEBUG:colcon.colcon_core.verb:Building package 'isaac_ros_nitros_disparity_image_type' with the following arguments: {'ament_cmake_args': None, 'build_base': '/home/kanye/Documents/visionaid/build/isaac_ros_nitros_disparity_image_type', 'catkin_cmake_args': None, 'catkin_skip_building_tests': False, 'cmake_args': None, 'cmake_clean_cache': False, 'cmake_clean_first': False, 'cmake_force_configure': False, 'cmake_target': None, 'cmake_target_skip_unavailable': False, 'install_base': '/home/kanye/Documents/visionaid/install/isaac_ros_nitros_disparity_image_type', 'merge_install': False, 'path': '/home/kanye/Documents/visionaid/isaac_ros_ws/src/isaac_ros_nitros/isaac_ros_nitros_type/isaac_ros_nitros_disparity_image_type', 'symlink_install': False, 'test_result_base': None}
[0.628s] Level 5:colcon.colcon_core.verb:set package 'isaac_ros_nitros_encoder_ticks_type' build argument 'cmake_args' from command line to 'None'
[0.628s] Level 5:colcon.colcon_core.verb:set package 'isaac_ros_nitros_encoder_ticks_type' build argument 'cmake_target' from command line to 'None'
[0.628s] Level 5:colcon.colcon_core.verb:set package 'isaac_ros_nitros_encoder_ticks_type' build argument 'cmake_target_skip_unavailable' from command line to 'False'
[0.628s] Level 5:colcon.colcon_core.verb:set package 'isaac_ros_nitros_encoder_ticks_type' build argument 'cmake_clean_cache' from command line to 'False'
[0.628s] Level 5:colcon.colcon_core.verb:set package 'isaac_ros_nitros_encoder_ticks_type' build argument 'cmake_clean_first' from command line to 'False'
[0.628s] Level 5:colcon.colcon_core.verb:set package 'isaac_ros_nitros_encoder_ticks_type' build argument 'cmake_force_configure' from command line to 'False'
[0.628s] Level 5:colcon.colcon_core.verb:set package 'isaac_ros_nitros_encoder_ticks_type' build argument 'ament_cmake_args' from command line to 'None'
[0.628s] Level 5:colcon.colcon_core.verb:set package 'isaac_ros_nitros_encoder_ticks_type' build argument 'catkin_cmake_args' from command line to 'None'
[0.628s] Level 5:colcon.colcon_core.verb:set package 'isaac_ros_nitros_encoder_ticks_type' build argument 'catkin_skip_building_tests' from command line to 'False'
[0.628s] DEBUG:colcon.colcon_core.verb:Building package 'isaac_ros_nitros_encoder_ticks_type' with the following arguments: {'ament_cmake_args': None, 'build_base': '/home/kanye/Documents/visionaid/build/isaac_ros_nitros_encoder_ticks_type', 'catkin_cmake_args': None, 'catkin_skip_building_tests': False, 'cmake_args': None, 'cmake_clean_cache': False, 'cmake_clean_first': False, 'cmake_force_configure': False, 'cmake_target': None, 'cmake_target_skip_unavailable': False, 'install_base': '/home/kanye/Documents/visionaid/install/isaac_ros_nitros_encoder_ticks_type', 'merge_install': False, 'path': '/home/kanye/Documents/visionaid/isaac_ros_ws/src/isaac_ros_nitros/isaac_ros_nitros_type/isaac_ros_nitros_encoder_ticks_type', 'symlink_install': False, 'test_result_base': None}
[0.629s] Level 5:colcon.colcon_core.verb:set package 'isaac_ros_nitros_flat_scan_type' build argument 'cmake_args' from command line to 'None'
[0.629s] Level 5:colcon.colcon_core.verb:set package 'isaac_ros_nitros_flat_scan_type' build argument 'cmake_target' from command line to 'None'
[0.629s] Level 5:colcon.colcon_core.verb:set package 'isaac_ros_nitros_flat_scan_type' build argument 'cmake_target_skip_unavailable' from command line to 'False'
[0.629s] Level 5:colcon.colcon_core.verb:set package 'isaac_ros_nitros_flat_scan_type' build argument 'cmake_clean_cache' from command line to 'False'
[0.629s] Level 5:colcon.colcon_core.verb:set package 'isaac_ros_nitros_flat_scan_type' build argument 'cmake_clean_first' from command line to 'False'
[0.629s] Level 5:colcon.colcon_core.verb:set package 'isaac_ros_nitros_flat_scan_type' build argument 'cmake_force_configure' from command line to 'False'
[0.629s] Level 5:colcon.colcon_core.verb:set package 'isaac_ros_nitros_flat_scan_type' build argument 'ament_cmake_args' from command line to 'None'
[0.629s] Level 5:colcon.colcon_core.verb:set package 'isaac_ros_nitros_flat_scan_type' build argument 'catkin_cmake_args' from command line to 'None'
[0.629s] Level 5:colcon.colcon_core.verb:set package 'isaac_ros_nitros_flat_scan_type' build argument 'catkin_skip_building_tests' from command line to 'False'
[0.629s] DEBUG:colcon.colcon_core.verb:Building package 'isaac_ros_nitros_flat_scan_type' with the following arguments: {'ament_cmake_args': None, 'build_base': '/home/kanye/Documents/visionaid/build/isaac_ros_nitros_flat_scan_type', 'catkin_cmake_args': None, 'catkin_skip_building_tests': False, 'cmake_args': None, 'cmake_clean_cache': False, 'cmake_clean_first': False, 'cmake_force_configure': False, 'cmake_target': None, 'cmake_target_skip_unavailable': False, 'install_base': '/home/kanye/Documents/visionaid/install/isaac_ros_nitros_flat_scan_type', 'merge_install': False, 'path': '/home/kanye/Documents/visionaid/isaac_ros_ws/src/isaac_ros_nitros/isaac_ros_nitros_type/isaac_ros_nitros_flat_scan_type', 'symlink_install': False, 'test_result_base': None}
[0.629s] Level 5:colcon.colcon_core.verb:set package 'isaac_ros_nitros_image_type' build argument 'cmake_args' from command line to 'None'
[0.629s] Level 5:colcon.colcon_core.verb:set package 'isaac_ros_nitros_image_type' build argument 'cmake_target' from command line to 'None'
[0.629s] Level 5:colcon.colcon_core.verb:set package 'isaac_ros_nitros_image_type' build argument 'cmake_target_skip_unavailable' from command line to 'False'
[0.629s] Level 5:colcon.colcon_core.verb:set package 'isaac_ros_nitros_image_type' build argument 'cmake_clean_cache' from command line to 'False'
[0.629s] Level 5:colcon.colcon_core.verb:set package 'isaac_ros_nitros_image_type' build argument 'cmake_clean_first' from command line to 'False'
[0.629s] Level 5:colcon.colcon_core.verb:set package 'isaac_ros_nitros_image_type' build argument 'cmake_force_configure' from command line to 'False'
[0.629s] Level 5:colcon.colcon_core.verb:set package 'isaac_ros_nitros_image_type' build argument 'ament_cmake_args' from command line to 'None'
[0.629s] Level 5:colcon.colcon_core.verb:set package 'isaac_ros_nitros_image_type' build argument 'catkin_cmake_args' from command line to 'None'
[0.629s] Level 5:colcon.colcon_core.verb:set package 'isaac_ros_nitros_image_type' build argument 'catkin_skip_building_tests' from command line to 'False'
[0.629s] DEBUG:colcon.colcon_core.verb:Building package 'isaac_ros_nitros_image_type' with the following arguments: {'ament_cmake_args': None, 'build_base': '/home/kanye/Documents/visionaid/build/isaac_ros_nitros_image_type', 'catkin_cmake_args': None, 'catkin_skip_building_tests': False, 'cmake_args': None, 'cmake_clean_cache': False, 'cmake_clean_first': False, 'cmake_force_configure': False, 'cmake_target': None, 'cmake_target_skip_unavailable': False, 'install_base': '/home/kanye/Documents/visionaid/install/isaac_ros_nitros_image_type', 'merge_install': False, 'path': '/home/kanye/Documents/visionaid/isaac_ros_ws/src/isaac_ros_nitros/isaac_ros_nitros_type/isaac_ros_nitros_image_type', 'symlink_install': False, 'test_result_base': None}
[0.630s] Level 5:colcon.colcon_core.verb:set package 'isaac_ros_nitros_imu_type' build argument 'cmake_args' from command line to 'None'
[0.630s] Level 5:colcon.colcon_core.verb:set package 'isaac_ros_nitros_imu_type' build argument 'cmake_target' from command line to 'None'
[0.630s] Level 5:colcon.colcon_core.verb:set package 'isaac_ros_nitros_imu_type' build argument 'cmake_target_skip_unavailable' from command line to 'False'
[0.630s] Level 5:colcon.colcon_core.verb:set package 'isaac_ros_nitros_imu_type' build argument 'cmake_clean_cache' from command line to 'False'
[0.630s] Level 5:colcon.colcon_core.verb:set package 'isaac_ros_nitros_imu_type' build argument 'cmake_clean_first' from command line to 'False'
[0.630s] Level 5:colcon.colcon_core.verb:set package 'isaac_ros_nitros_imu_type' build argument 'cmake_force_configure' from command line to 'False'
[0.630s] Level 5:colcon.colcon_core.verb:set package 'isaac_ros_nitros_imu_type' build argument 'ament_cmake_args' from command line to 'None'
[0.630s] Level 5:colcon.colcon_core.verb:set package 'isaac_ros_nitros_imu_type' build argument 'catkin_cmake_args' from command line to 'None'
[0.630s] Level 5:colcon.colcon_core.verb:set package 'isaac_ros_nitros_imu_type' build argument 'catkin_skip_building_tests' from command line to 'False'
[0.630s] DEBUG:colcon.colcon_core.verb:Building package 'isaac_ros_nitros_imu_type' with the following arguments: {'ament_cmake_args': None, 'build_base': '/home/kanye/Documents/visionaid/build/isaac_ros_nitros_imu_type', 'catkin_cmake_args': None, 'catkin_skip_building_tests': False, 'cmake_args': None, 'cmake_clean_cache': False, 'cmake_clean_first': False, 'cmake_force_configure': False, 'cmake_target': None, 'cmake_target_skip_unavailable': False, 'install_base': '/home/kanye/Documents/visionaid/install/isaac_ros_nitros_imu_type', 'merge_install': False, 'path': '/home/kanye/Documents/visionaid/isaac_ros_ws/src/isaac_ros_nitros/isaac_ros_nitros_type/isaac_ros_nitros_imu_type', 'symlink_install': False, 'test_result_base': None}
[0.630s] Level 5:colcon.colcon_core.verb:set package 'isaac_ros_nitros_occupancy_grid_type' build argument 'cmake_args' from command line to 'None'
[0.630s] Level 5:colcon.colcon_core.verb:set package 'isaac_ros_nitros_occupancy_grid_type' build argument 'cmake_target' from command line to 'None'
[0.630s] Level 5:colcon.colcon_core.verb:set package 'isaac_ros_nitros_occupancy_grid_type' build argument 'cmake_target_skip_unavailable' from command line to 'False'
[0.630s] Level 5:colcon.colcon_core.verb:set package 'isaac_ros_nitros_occupancy_grid_type' build argument 'cmake_clean_cache' from command line to 'False'
[0.630s] Level 5:colcon.colcon_core.verb:set package 'isaac_ros_nitros_occupancy_grid_type' build argument 'cmake_clean_first' from command line to 'False'
[0.630s] Level 5:colcon.colcon_core.verb:set package 'isaac_ros_nitros_occupancy_grid_type' build argument 'cmake_force_configure' from command line to 'False'
[0.630s] Level 5:colcon.colcon_core.verb:set package 'isaac_ros_nitros_occupancy_grid_type' build argument 'ament_cmake_args' from command line to 'None'
[0.630s] Level 5:colcon.colcon_core.verb:set package 'isaac_ros_nitros_occupancy_grid_type' build argument 'catkin_cmake_args' from command line to 'None'
[0.630s] Level 5:colcon.colcon_core.verb:set package 'isaac_ros_nitros_occupancy_grid_type' build argument 'catkin_skip_building_tests' from command line to 'False'
[0.630s] DEBUG:colcon.colcon_core.verb:Building package 'isaac_ros_nitros_occupancy_grid_type' with the following arguments: {'ament_cmake_args': None, 'build_base': '/home/kanye/Documents/visionaid/build/isaac_ros_nitros_occupancy_grid_type', 'catkin_cmake_args': None, 'catkin_skip_building_tests': False, 'cmake_args': None, 'cmake_clean_cache': False, 'cmake_clean_first': False, 'cmake_force_configure': False, 'cmake_target': None, 'cmake_target_skip_unavailable': False, 'install_base': '/home/kanye/Documents/visionaid/install/isaac_ros_nitros_occupancy_grid_type', 'merge_install': False, 'path': '/home/kanye/Documents/visionaid/isaac_ros_ws/src/isaac_ros_nitros/isaac_ros_nitros_type/isaac_ros_nitros_occupancy_grid_type', 'symlink_install': False, 'test_result_base': None}
[0.631s] Level 5:colcon.colcon_core.verb:set package 'isaac_ros_nitros_odometry_type' build argument 'cmake_args' from command line to 'None'
[0.631s] Level 5:colcon.colcon_core.verb:set package 'isaac_ros_nitros_odometry_type' build argument 'cmake_target' from command line to 'None'
[0.631s] Level 5:colcon.colcon_core.verb:set package 'isaac_ros_nitros_odometry_type' build argument 'cmake_target_skip_unavailable' from command line to 'False'
[0.631s] Level 5:colcon.colcon_core.verb:set package 'isaac_ros_nitros_odometry_type' build argument 'cmake_clean_cache' from command line to 'False'
[0.631s] Level 5:colcon.colcon_core.verb:set package 'isaac_ros_nitros_odometry_type' build argument 'cmake_clean_first' from command line to 'False'
[0.631s] Level 5:colcon.colcon_core.verb:set package 'isaac_ros_nitros_odometry_type' build argument 'cmake_force_configure' from command line to 'False'
[0.631s] Level 5:colcon.colcon_core.verb:set package 'isaac_ros_nitros_odometry_type' build argument 'ament_cmake_args' from command line to 'None'
[0.631s] Level 5:colcon.colcon_core.verb:set package 'isaac_ros_nitros_odometry_type' build argument 'catkin_cmake_args' from command line to 'None'
[0.631s] Level 5:colcon.colcon_core.verb:set package 'isaac_ros_nitros_odometry_type' build argument 'catkin_skip_building_tests' from command line to 'False'
[0.631s] DEBUG:colcon.colcon_core.verb:Building package 'isaac_ros_nitros_odometry_type' with the following arguments: {'ament_cmake_args': None, 'build_base': '/home/kanye/Documents/visionaid/build/isaac_ros_nitros_odometry_type', 'catkin_cmake_args': None, 'catkin_skip_building_tests': False, 'cmake_args': None, 'cmake_clean_cache': False, 'cmake_clean_first': False, 'cmake_force_configure': False, 'cmake_target': None, 'cmake_target_skip_unavailable': False, 'install_base': '/home/kanye/Documents/visionaid/install/isaac_ros_nitros_odometry_type', 'merge_install': False, 'path': '/home/kanye/Documents/visionaid/isaac_ros_ws/src/isaac_ros_nitros/isaac_ros_nitros_type/isaac_ros_nitros_odometry_type', 'symlink_install': False, 'test_result_base': None}
[0.631s] Level 5:colcon.colcon_core.verb:set package 'isaac_ros_nitros_point_cloud_type' build argument 'cmake_args' from command line to 'None'
[0.631s] Level 5:colcon.colcon_core.verb:set package 'isaac_ros_nitros_point_cloud_type' build argument 'cmake_target' from command line to 'None'
[0.631s] Level 5:colcon.colcon_core.verb:set package 'isaac_ros_nitros_point_cloud_type' build argument 'cmake_target_skip_unavailable' from command line to 'False'
[0.631s] Level 5:colcon.colcon_core.verb:set package 'isaac_ros_nitros_point_cloud_type' build argument 'cmake_clean_cache' from command line to 'False'
[0.631s] Level 5:colcon.colcon_core.verb:set package 'isaac_ros_nitros_point_cloud_type' build argument 'cmake_clean_first' from command line to 'False'
[0.631s] Level 5:colcon.colcon_core.verb:set package 'isaac_ros_nitros_point_cloud_type' build argument 'cmake_force_configure' from command line to 'False'
[0.631s] Level 5:colcon.colcon_core.verb:set package 'isaac_ros_nitros_point_cloud_type' build argument 'ament_cmake_args' from command line to 'None'
[0.631s] Level 5:colcon.colcon_core.verb:set package 'isaac_ros_nitros_point_cloud_type' build argument 'catkin_cmake_args' from command line to 'None'
[0.631s] Level 5:colcon.colcon_core.verb:set package 'isaac_ros_nitros_point_cloud_type' build argument 'catkin_skip_building_tests' from command line to 'False'
[0.631s] DEBUG:colcon.colcon_core.verb:Building package 'isaac_ros_nitros_point_cloud_type' with the following arguments: {'ament_cmake_args': None, 'build_base': '/home/kanye/Documents/visionaid/build/isaac_ros_nitros_point_cloud_type', 'catkin_cmake_args': None, 'catkin_skip_building_tests': False, 'cmake_args': None, 'cmake_clean_cache': False, 'cmake_clean_first': False, 'cmake_force_configure': False, 'cmake_target': None, 'cmake_target_skip_unavailable': False, 'install_base': '/home/kanye/Documents/visionaid/install/isaac_ros_nitros_point_cloud_type', 'merge_install': False, 'path': '/home/kanye/Documents/visionaid/isaac_ros_ws/src/isaac_ros_nitros/isaac_ros_nitros_type/isaac_ros_nitros_point_cloud_type', 'symlink_install': False, 'test_result_base': None}
[0.632s] Level 5:colcon.colcon_core.verb:set package 'isaac_ros_nitros_pose_array_type' build argument 'cmake_args' from command line to 'None'
[0.632s] Level 5:colcon.colcon_core.verb:set package 'isaac_ros_nitros_pose_array_type' build argument 'cmake_target' from command line to 'None'
[0.632s] Level 5:colcon.colcon_core.verb:set package 'isaac_ros_nitros_pose_array_type' build argument 'cmake_target_skip_unavailable' from command line to 'False'
[0.632s] Level 5:colcon.colcon_core.verb:set package 'isaac_ros_nitros_pose_array_type' build argument 'cmake_clean_cache' from command line to 'False'
[0.632s] Level 5:colcon.colcon_core.verb:set package 'isaac_ros_nitros_pose_array_type' build argument 'cmake_clean_first' from command line to 'False'
[0.632s] Level 5:colcon.colcon_core.verb:set package 'isaac_ros_nitros_pose_array_type' build argument 'cmake_force_configure' from command line to 'False'
[0.632s] Level 5:colcon.colcon_core.verb:set package 'isaac_ros_nitros_pose_array_type' build argument 'ament_cmake_args' from command line to 'None'
[0.632s] Level 5:colcon.colcon_core.verb:set package 'isaac_ros_nitros_pose_array_type' build argument 'catkin_cmake_args' from command line to 'None'
[0.632s] Level 5:colcon.colcon_core.verb:set package 'isaac_ros_nitros_pose_array_type' build argument 'catkin_skip_building_tests' from command line to 'False'
[0.632s] DEBUG:colcon.colcon_core.verb:Building package 'isaac_ros_nitros_pose_array_type' with the following arguments: {'ament_cmake_args': None, 'build_base': '/home/kanye/Documents/visionaid/build/isaac_ros_nitros_pose_array_type', 'catkin_cmake_args': None, 'catkin_skip_building_tests': False, 'cmake_args': None, 'cmake_clean_cache': False, 'cmake_clean_first': False, 'cmake_force_configure': False, 'cmake_target': None, 'cmake_target_skip_unavailable': False, 'install_base': '/home/kanye/Documents/visionaid/install/isaac_ros_nitros_pose_array_type', 'merge_install': False, 'path': '/home/kanye/Documents/visionaid/isaac_ros_ws/src/isaac_ros_nitros/isaac_ros_nitros_type/isaac_ros_nitros_pose_array_type', 'symlink_install': False, 'test_result_base': None}
[0.633s] Level 5:colcon.colcon_core.verb:set package 'isaac_ros_nitros_pose_cov_stamped_type' build argument 'cmake_args' from command line to 'None'
[0.633s] Level 5:colcon.colcon_core.verb:set package 'isaac_ros_nitros_pose_cov_stamped_type' build argument 'cmake_target' from command line to 'None'
[0.633s] Level 5:colcon.colcon_core.verb:set package 'isaac_ros_nitros_pose_cov_stamped_type' build argument 'cmake_target_skip_unavailable' from command line to 'False'
[0.633s] Level 5:colcon.colcon_core.verb:set package 'isaac_ros_nitros_pose_cov_stamped_type' build argument 'cmake_clean_cache' from command line to 'False'
[0.633s] Level 5:colcon.colcon_core.verb:set package 'isaac_ros_nitros_pose_cov_stamped_type' build argument 'cmake_clean_first' from command line to 'False'
[0.633s] Level 5:colcon.colcon_core.verb:set package 'isaac_ros_nitros_pose_cov_stamped_type' build argument 'cmake_force_configure' from command line to 'False'
[0.633s] Level 5:colcon.colcon_core.verb:set package 'isaac_ros_nitros_pose_cov_stamped_type' build argument 'ament_cmake_args' from command line to 'None'
[0.633s] Level 5:colcon.colcon_core.verb:set package 'isaac_ros_nitros_pose_cov_stamped_type' build argument 'catkin_cmake_args' from command line to 'None'
[0.633s] Level 5:colcon.colcon_core.verb:set package 'isaac_ros_nitros_pose_cov_stamped_type' build argument 'catkin_skip_building_tests' from command line to 'False'
[0.633s] DEBUG:colcon.colcon_core.verb:Building package 'isaac_ros_nitros_pose_cov_stamped_type' with the following arguments: {'ament_cmake_args': None, 'build_base': '/home/kanye/Documents/visionaid/build/isaac_ros_nitros_pose_cov_stamped_type', 'catkin_cmake_args': None, 'catkin_skip_building_tests': False, 'cmake_args': None, 'cmake_clean_cache': False, 'cmake_clean_first': False, 'cmake_force_configure': False, 'cmake_target': None, 'cmake_target_skip_unavailable': False, 'install_base': '/home/kanye/Documents/visionaid/install/isaac_ros_nitros_pose_cov_stamped_type', 'merge_install': False, 'path': '/home/kanye/Documents/visionaid/isaac_ros_ws/src/isaac_ros_nitros/isaac_ros_nitros_type/isaac_ros_nitros_pose_cov_stamped_type', 'symlink_install': False, 'test_result_base': None}
[0.633s] Level 5:colcon.colcon_core.verb:set package 'isaac_ros_nitros_std_msg_type' build argument 'cmake_args' from command line to 'None'
[0.633s] Level 5:colcon.colcon_core.verb:set package 'isaac_ros_nitros_std_msg_type' build argument 'cmake_target' from command line to 'None'
[0.633s] Level 5:colcon.colcon_core.verb:set package 'isaac_ros_nitros_std_msg_type' build argument 'cmake_target_skip_unavailable' from command line to 'False'
[0.633s] Level 5:colcon.colcon_core.verb:set package 'isaac_ros_nitros_std_msg_type' build argument 'cmake_clean_cache' from command line to 'False'
[0.633s] Level 5:colcon.colcon_core.verb:set package 'isaac_ros_nitros_std_msg_type' build argument 'cmake_clean_first' from command line to 'False'
[0.633s] Level 5:colcon.colcon_core.verb:set package 'isaac_ros_nitros_std_msg_type' build argument 'cmake_force_configure' from command line to 'False'
[0.633s] Level 5:colcon.colcon_core.verb:set package 'isaac_ros_nitros_std_msg_type' build argument 'ament_cmake_args' from command line to 'None'
[0.633s] Level 5:colcon.colcon_core.verb:set package 'isaac_ros_nitros_std_msg_type' build argument 'catkin_cmake_args' from command line to 'None'
[0.633s] Level 5:colcon.colcon_core.verb:set package 'isaac_ros_nitros_std_msg_type' build argument 'catkin_skip_building_tests' from command line to 'False'
[0.634s] DEBUG:colcon.colcon_core.verb:Building package 'isaac_ros_nitros_std_msg_type' with the following arguments: {'ament_cmake_args': None, 'build_base': '/home/kanye/Documents/visionaid/build/isaac_ros_nitros_std_msg_type', 'catkin_cmake_args': None, 'catkin_skip_building_tests': False, 'cmake_args': None, 'cmake_clean_cache': False, 'cmake_clean_first': False, 'cmake_force_configure': False, 'cmake_target': None, 'cmake_target_skip_unavailable': False, 'install_base': '/home/kanye/Documents/visionaid/install/isaac_ros_nitros_std_msg_type', 'merge_install': False, 'path': '/home/kanye/Documents/visionaid/isaac_ros_ws/src/isaac_ros_nitros/isaac_ros_nitros_type/isaac_ros_nitros_std_msg_type', 'symlink_install': False, 'test_result_base': None}
[0.634s] Level 5:colcon.colcon_core.verb:set package 'isaac_ros_nitros_tensor_list_type' build argument 'cmake_args' from command line to 'None'
[0.634s] Level 5:colcon.colcon_core.verb:set package 'isaac_ros_nitros_tensor_list_type' build argument 'cmake_target' from command line to 'None'
[0.634s] Level 5:colcon.colcon_core.verb:set package 'isaac_ros_nitros_tensor_list_type' build argument 'cmake_target_skip_unavailable' from command line to 'False'
[0.634s] Level 5:colcon.colcon_core.verb:set package 'isaac_ros_nitros_tensor_list_type' build argument 'cmake_clean_cache' from command line to 'False'
[0.634s] Level 5:colcon.colcon_core.verb:set package 'isaac_ros_nitros_tensor_list_type' build argument 'cmake_clean_first' from command line to 'False'
[0.634s] Level 5:colcon.colcon_core.verb:set package 'isaac_ros_nitros_tensor_list_type' build argument 'cmake_force_configure' from command line to 'False'
[0.634s] Level 5:colcon.colcon_core.verb:set package 'isaac_ros_nitros_tensor_list_type' build argument 'ament_cmake_args' from command line to 'None'
[0.634s] Level 5:colcon.colcon_core.verb:set package 'isaac_ros_nitros_tensor_list_type' build argument 'catkin_cmake_args' from command line to 'None'
[0.634s] Level 5:colcon.colcon_core.verb:set package 'isaac_ros_nitros_tensor_list_type' build argument 'catkin_skip_building_tests' from command line to 'False'
[0.634s] DEBUG:colcon.colcon_core.verb:Building package 'isaac_ros_nitros_tensor_list_type' with the following arguments: {'ament_cmake_args': None, 'build_base': '/home/kanye/Documents/visionaid/build/isaac_ros_nitros_tensor_list_type', 'catkin_cmake_args': None, 'catkin_skip_building_tests': False, 'cmake_args': None, 'cmake_clean_cache': False, 'cmake_clean_first': False, 'cmake_force_configure': False, 'cmake_target': None, 'cmake_target_skip_unavailable': False, 'install_base': '/home/kanye/Documents/visionaid/install/isaac_ros_nitros_tensor_list_type', 'merge_install': False, 'path': '/home/kanye/Documents/visionaid/isaac_ros_ws/src/isaac_ros_nitros/isaac_ros_nitros_type/isaac_ros_nitros_tensor_list_type', 'symlink_install': False, 'test_result_base': None}
[0.635s] Level 5:colcon.colcon_core.verb:set package 'isaac_ros_nitros_twist_type' build argument 'cmake_args' from command line to 'None'
[0.635s] Level 5:colcon.colcon_core.verb:set package 'isaac_ros_nitros_twist_type' build argument 'cmake_target' from command line to 'None'
[0.635s] Level 5:colcon.colcon_core.verb:set package 'isaac_ros_nitros_twist_type' build argument 'cmake_target_skip_unavailable' from command line to 'False'
[0.635s] Level 5:colcon.colcon_core.verb:set package 'isaac_ros_nitros_twist_type' build argument 'cmake_clean_cache' from command line to 'False'
[0.635s] Level 5:colcon.colcon_core.verb:set package 'isaac_ros_nitros_twist_type' build argument 'cmake_clean_first' from command line to 'False'
[0.635s] Level 5:colcon.colcon_core.verb:set package 'isaac_ros_nitros_twist_type' build argument 'cmake_force_configure' from command line to 'False'
[0.635s] Level 5:colcon.colcon_core.verb:set package 'isaac_ros_nitros_twist_type' build argument 'ament_cmake_args' from command line to 'None'
[0.635s] Level 5:colcon.colcon_core.verb:set package 'isaac_ros_nitros_twist_type' build argument 'catkin_cmake_args' from command line to 'None'
[0.635s] Level 5:colcon.colcon_core.verb:set package 'isaac_ros_nitros_twist_type' build argument 'catkin_skip_building_tests' from command line to 'False'
[0.635s] DEBUG:colcon.colcon_core.verb:Building package 'isaac_ros_nitros_twist_type' with the following arguments: {'ament_cmake_args': None, 'build_base': '/home/kanye/Documents/visionaid/build/isaac_ros_nitros_twist_type', 'catkin_cmake_args': None, 'catkin_skip_building_tests': False, 'cmake_args': None, 'cmake_clean_cache': False, 'cmake_clean_first': False, 'cmake_force_configure': False, 'cmake_target': None, 'cmake_target_skip_unavailable': False, 'install_base': '/home/kanye/Documents/visionaid/install/isaac_ros_nitros_twist_type', 'merge_install': False, 'path': '/home/kanye/Documents/visionaid/isaac_ros_ws/src/isaac_ros_nitros/isaac_ros_nitros_type/isaac_ros_nitros_twist_type', 'symlink_install': False, 'test_result_base': None}
[0.635s] Level 5:colcon.colcon_core.verb:set package 'aslam_cv_error_terms' build argument 'cmake_args' from command line to 'None'
[0.635s] Level 5:colcon.colcon_core.verb:set package 'aslam_cv_error_terms' build argument 'cmake_target' from command line to 'None'
[0.635s] Level 5:colcon.colcon_core.verb:set package 'aslam_cv_error_terms' build argument 'cmake_target_skip_unavailable' from command line to 'False'
[0.635s] Level 5:colcon.colcon_core.verb:set package 'aslam_cv_error_terms' build argument 'cmake_clean_cache' from command line to 'False'
[0.635s] Level 5:colcon.colcon_core.verb:set package 'aslam_cv_error_terms' build argument 'cmake_clean_first' from command line to 'False'
[0.635s] Level 5:colcon.colcon_core.verb:set package 'aslam_cv_error_terms' build argument 'cmake_force_configure' from command line to 'False'
[0.635s] Level 5:colcon.colcon_core.verb:set package 'aslam_cv_error_terms' build argument 'ament_cmake_args' from command line to 'None'
[0.635s] Level 5:colcon.colcon_core.verb:set package 'aslam_cv_error_terms' build argument 'catkin_cmake_args' from command line to 'None'
[0.635s] Level 5:colcon.colcon_core.verb:set package 'aslam_cv_error_terms' build argument 'catkin_skip_building_tests' from command line to 'False'
[0.635s] DEBUG:colcon.colcon_core.verb:Building package 'aslam_cv_error_terms' with the following arguments: {'ament_cmake_args': None, 'build_base': '/home/kanye/Documents/visionaid/build/aslam_cv_error_terms', 'catkin_cmake_args': None, 'catkin_skip_building_tests': False, 'cmake_args': None, 'cmake_clean_cache': False, 'cmake_clean_first': False, 'cmake_force_configure': False, 'cmake_target': None, 'cmake_target_skip_unavailable': False, 'install_base': '/home/kanye/Documents/visionaid/install/aslam_cv_error_terms', 'merge_install': False, 'path': '/home/kanye/Documents/visionaid/calibration/camera/kalibr/aslam_cv/aslam_cv_error_terms', 'symlink_install': False, 'test_result_base': None}
[0.636s] Level 5:colcon.colcon_core.verb:set package 'aslam_splines_python' build argument 'cmake_args' from command line to 'None'
[0.636s] Level 5:colcon.colcon_core.verb:set package 'aslam_splines_python' build argument 'cmake_target' from command line to 'None'
[0.636s] Level 5:colcon.colcon_core.verb:set package 'aslam_splines_python' build argument 'cmake_target_skip_unavailable' from command line to 'False'
[0.636s] Level 5:colcon.colcon_core.verb:set package 'aslam_splines_python' build argument 'cmake_clean_cache' from command line to 'False'
[0.636s] Level 5:colcon.colcon_core.verb:set package 'aslam_splines_python' build argument 'cmake_clean_first' from command line to 'False'
[0.636s] Level 5:colcon.colcon_core.verb:set package 'aslam_splines_python' build argument 'cmake_force_configure' from command line to 'False'
[0.636s] Level 5:colcon.colcon_core.verb:set package 'aslam_splines_python' build argument 'ament_cmake_args' from command line to 'None'
[0.636s] Level 5:colcon.colcon_core.verb:set package 'aslam_splines_python' build argument 'catkin_cmake_args' from command line to 'None'
[0.636s] Level 5:colcon.colcon_core.verb:set package 'aslam_splines_python' build argument 'catkin_skip_building_tests' from command line to 'False'
[0.636s] DEBUG:colcon.colcon_core.verb:Building package 'aslam_splines_python' with the following arguments: {'ament_cmake_args': None, 'build_base': '/home/kanye/Documents/visionaid/build/aslam_splines_python', 'catkin_cmake_args': None, 'catkin_skip_building_tests': False, 'cmake_args': None, 'cmake_clean_cache': False, 'cmake_clean_first': False, 'cmake_force_configure': False, 'cmake_target': None, 'cmake_target_skip_unavailable': False, 'install_base': '/home/kanye/Documents/visionaid/install/aslam_splines_python', 'merge_install': False, 'path': '/home/kanye/Documents/visionaid/calibration/camera/kalibr/aslam_nonparametric_estimation/aslam_splines_python', 'symlink_install': False, 'test_result_base': None}
[0.636s] Level 5:colcon.colcon_core.verb:set package 'isaac_ros_benchmark' build argument 'cmake_args' from command line to 'None'
[0.636s] Level 5:colcon.colcon_core.verb:set package 'isaac_ros_benchmark' build argument 'cmake_target' from command line to 'None'
[0.636s] Level 5:colcon.colcon_core.verb:set package 'isaac_ros_benchmark' build argument 'cmake_target_skip_unavailable' from command line to 'False'
[0.636s] Level 5:colcon.colcon_core.verb:set package 'isaac_ros_benchmark' build argument 'cmake_clean_cache' from command line to 'False'
[0.636s] Level 5:colcon.colcon_core.verb:set package 'isaac_ros_benchmark' build argument 'cmake_clean_first' from command line to 'False'
[0.636s] Level 5:colcon.colcon_core.verb:set package 'isaac_ros_benchmark' build argument 'cmake_force_configure' from command line to 'False'
[0.636s] Level 5:colcon.colcon_core.verb:set package 'isaac_ros_benchmark' build argument 'ament_cmake_args' from command line to 'None'
[0.636s] Level 5:colcon.colcon_core.verb:set package 'isaac_ros_benchmark' build argument 'catkin_cmake_args' from command line to 'None'
[0.637s] Level 5:colcon.colcon_core.verb:set package 'isaac_ros_benchmark' build argument 'catkin_skip_building_tests' from command line to 'False'
[0.637s] DEBUG:colcon.colcon_core.verb:Building package 'isaac_ros_benchmark' with the following arguments: {'ament_cmake_args': None, 'build_base': '/home/kanye/Documents/visionaid/build/isaac_ros_benchmark', 'catkin_cmake_args': None, 'catkin_skip_building_tests': False, 'cmake_args': None, 'cmake_clean_cache': False, 'cmake_clean_first': False, 'cmake_force_configure': False, 'cmake_target': None, 'cmake_target_skip_unavailable': False, 'install_base': '/home/kanye/Documents/visionaid/install/isaac_ros_benchmark', 'merge_install': False, 'path': '/home/kanye/Documents/visionaid/isaac_ros_ws/src/isaac_ros_benchmark/isaac_ros_benchmark', 'symlink_install': False, 'test_result_base': None}
[0.637s] Level 5:colcon.colcon_core.verb:set package 'isaac_ros_managed_nitros' build argument 'cmake_args' from command line to 'None'
[0.637s] Level 5:colcon.colcon_core.verb:set package 'isaac_ros_managed_nitros' build argument 'cmake_target' from command line to 'None'
[0.637s] Level 5:colcon.colcon_core.verb:set package 'isaac_ros_managed_nitros' build argument 'cmake_target_skip_unavailable' from command line to 'False'
[0.637s] Level 5:colcon.colcon_core.verb:set package 'isaac_ros_managed_nitros' build argument 'cmake_clean_cache' from command line to 'False'
[0.637s] Level 5:colcon.colcon_core.verb:set package 'isaac_ros_managed_nitros' build argument 'cmake_clean_first' from command line to 'False'
[0.637s] Level 5:colcon.colcon_core.verb:set package 'isaac_ros_managed_nitros' build argument 'cmake_force_configure' from command line to 'False'
[0.637s] Level 5:colcon.colcon_core.verb:set package 'isaac_ros_managed_nitros' build argument 'ament_cmake_args' from command line to 'None'
[0.637s] Level 5:colcon.colcon_core.verb:set package 'isaac_ros_managed_nitros' build argument 'catkin_cmake_args' from command line to 'None'
[0.637s] Level 5:colcon.colcon_core.verb:set package 'isaac_ros_managed_nitros' build argument 'catkin_skip_building_tests' from command line to 'False'
[0.637s] DEBUG:colcon.colcon_core.verb:Building package 'isaac_ros_managed_nitros' with the following arguments: {'ament_cmake_args': None, 'build_base': '/home/kanye/Documents/visionaid/build/isaac_ros_managed_nitros', 'catkin_cmake_args': None, 'catkin_skip_building_tests': False, 'cmake_args': None, 'cmake_clean_cache': False, 'cmake_clean_first': False, 'cmake_force_configure': False, 'cmake_target': None, 'cmake_target_skip_unavailable': False, 'install_base': '/home/kanye/Documents/visionaid/install/isaac_ros_managed_nitros', 'merge_install': False, 'path': '/home/kanye/Documents/visionaid/isaac_ros_ws/src/isaac_ros_nitros/isaac_ros_managed_nitros', 'symlink_install': False, 'test_result_base': None}
[0.637s] Level 5:colcon.colcon_core.verb:set package 'isaac_ros_stereo_image_proc' build argument 'cmake_args' from command line to 'None'
[0.637s] Level 5:colcon.colcon_core.verb:set package 'isaac_ros_stereo_image_proc' build argument 'cmake_target' from command line to 'None'
[0.638s] Level 5:colcon.colcon_core.verb:set package 'isaac_ros_stereo_image_proc' build argument 'cmake_target_skip_unavailable' from command line to 'False'
[0.638s] Level 5:colcon.colcon_core.verb:set package 'isaac_ros_stereo_image_proc' build argument 'cmake_clean_cache' from command line to 'False'
[0.638s] Level 5:colcon.colcon_core.verb:set package 'isaac_ros_stereo_image_proc' build argument 'cmake_clean_first' from command line to 'False'
[0.638s] Level 5:colcon.colcon_core.verb:set package 'isaac_ros_stereo_image_proc' build argument 'cmake_force_configure' from command line to 'False'
[0.638s] Level 5:colcon.colcon_core.verb:set package 'isaac_ros_stereo_image_proc' build argument 'ament_cmake_args' from command line to 'None'
[0.638s] Level 5:colcon.colcon_core.verb:set package 'isaac_ros_stereo_image_proc' build argument 'catkin_cmake_args' from command line to 'None'
[0.638s] Level 5:colcon.colcon_core.verb:set package 'isaac_ros_stereo_image_proc' build argument 'catkin_skip_building_tests' from command line to 'False'
[0.638s] DEBUG:colcon.colcon_core.verb:Building package 'isaac_ros_stereo_image_proc' with the following arguments: {'ament_cmake_args': None, 'build_base': '/home/kanye/Documents/visionaid/build/isaac_ros_stereo_image_proc', 'catkin_cmake_args': None, 'catkin_skip_building_tests': False, 'cmake_args': None, 'cmake_clean_cache': False, 'cmake_clean_first': False, 'cmake_force_configure': False, 'cmake_target': None, 'cmake_target_skip_unavailable': False, 'install_base': '/home/kanye/Documents/visionaid/install/isaac_ros_stereo_image_proc', 'merge_install': False, 'path': '/home/kanye/Documents/visionaid/isaac_ros_ws/src/isaac_ros_image_pipeline/isaac_ros_stereo_image_proc', 'symlink_install': False, 'test_result_base': None}
[0.638s] Level 5:colcon.colcon_core.verb:set package 'isaac_ros_tensor_rt' build argument 'cmake_args' from command line to 'None'
[0.638s] Level 5:colcon.colcon_core.verb:set package 'isaac_ros_tensor_rt' build argument 'cmake_target' from command line to 'None'
[0.638s] Level 5:colcon.colcon_core.verb:set package 'isaac_ros_tensor_rt' build argument 'cmake_target_skip_unavailable' from command line to 'False'
[0.638s] Level 5:colcon.colcon_core.verb:set package 'isaac_ros_tensor_rt' build argument 'cmake_clean_cache' from command line to 'False'
[0.638s] Level 5:colcon.colcon_core.verb:set package 'isaac_ros_tensor_rt' build argument 'cmake_clean_first' from command line to 'False'
[0.638s] Level 5:colcon.colcon_core.verb:set package 'isaac_ros_tensor_rt' build argument 'cmake_force_configure' from command line to 'False'
[0.638s] Level 5:colcon.colcon_core.verb:set package 'isaac_ros_tensor_rt' build argument 'ament_cmake_args' from command line to 'None'
[0.638s] Level 5:colcon.colcon_core.verb:set package 'isaac_ros_tensor_rt' build argument 'catkin_cmake_args' from command line to 'None'
[0.638s] Level 5:colcon.colcon_core.verb:set package 'isaac_ros_tensor_rt' build argument 'catkin_skip_building_tests' from command line to 'False'
[0.638s] DEBUG:colcon.colcon_core.verb:Building package 'isaac_ros_tensor_rt' with the following arguments: {'ament_cmake_args': None, 'build_base': '/home/kanye/Documents/visionaid/build/isaac_ros_tensor_rt', 'catkin_cmake_args': None, 'catkin_skip_building_tests': False, 'cmake_args': None, 'cmake_clean_cache': False, 'cmake_clean_first': False, 'cmake_force_configure': False, 'cmake_target': None, 'cmake_target_skip_unavailable': False, 'install_base': '/home/kanye/Documents/visionaid/install/isaac_ros_tensor_rt', 'merge_install': False, 'path': '/home/kanye/Documents/visionaid/isaac_ros_ws/src/isaac_ros_dnn_inference/isaac_ros_tensor_rt', 'symlink_install': False, 'test_result_base': None}
[0.639s] Level 5:colcon.colcon_core.verb:set package 'isaac_ros_triton' build argument 'cmake_args' from command line to 'None'
[0.639s] Level 5:colcon.colcon_core.verb:set package 'isaac_ros_triton' build argument 'cmake_target' from command line to 'None'
[0.639s] Level 5:colcon.colcon_core.verb:set package 'isaac_ros_triton' build argument 'cmake_target_skip_unavailable' from command line to 'False'
[0.639s] Level 5:colcon.colcon_core.verb:set package 'isaac_ros_triton' build argument 'cmake_clean_cache' from command line to 'False'
[0.639s] Level 5:colcon.colcon_core.verb:set package 'isaac_ros_triton' build argument 'cmake_clean_first' from command line to 'False'
[0.639s] Level 5:colcon.colcon_core.verb:set package 'isaac_ros_triton' build argument 'cmake_force_configure' from command line to 'False'
[0.639s] Level 5:colcon.colcon_core.verb:set package 'isaac_ros_triton' build argument 'ament_cmake_args' from command line to 'None'
[0.639s] Level 5:colcon.colcon_core.verb:set package 'isaac_ros_triton' build argument 'catkin_cmake_args' from command line to 'None'
[0.639s] Level 5:colcon.colcon_core.verb:set package 'isaac_ros_triton' build argument 'catkin_skip_building_tests' from command line to 'False'
[0.639s] DEBUG:colcon.colcon_core.verb:Building package 'isaac_ros_triton' with the following arguments: {'ament_cmake_args': None, 'build_base': '/home/kanye/Documents/visionaid/build/isaac_ros_triton', 'catkin_cmake_args': None, 'catkin_skip_building_tests': False, 'cmake_args': None, 'cmake_clean_cache': False, 'cmake_clean_first': False, 'cmake_force_configure': False, 'cmake_target': None, 'cmake_target_skip_unavailable': False, 'install_base': '/home/kanye/Documents/visionaid/install/isaac_ros_triton', 'merge_install': False, 'path': '/home/kanye/Documents/visionaid/isaac_ros_ws/src/isaac_ros_dnn_inference/isaac_ros_triton', 'symlink_install': False, 'test_result_base': None}
[0.639s] Level 5:colcon.colcon_core.verb:set package 'aslam_cv_backend_python' build argument 'cmake_args' from command line to 'None'
[0.639s] Level 5:colcon.colcon_core.verb:set package 'aslam_cv_backend_python' build argument 'cmake_target' from command line to 'None'
[0.639s] Level 5:colcon.colcon_core.verb:set package 'aslam_cv_backend_python' build argument 'cmake_target_skip_unavailable' from command line to 'False'
[0.639s] Level 5:colcon.colcon_core.verb:set package 'aslam_cv_backend_python' build argument 'cmake_clean_cache' from command line to 'False'
[0.639s] Level 5:colcon.colcon_core.verb:set package 'aslam_cv_backend_python' build argument 'cmake_clean_first' from command line to 'False'
[0.639s] Level 5:colcon.colcon_core.verb:set package 'aslam_cv_backend_python' build argument 'cmake_force_configure' from command line to 'False'
[0.639s] Level 5:colcon.colcon_core.verb:set package 'aslam_cv_backend_python' build argument 'ament_cmake_args' from command line to 'None'
[0.639s] Level 5:colcon.colcon_core.verb:set package 'aslam_cv_backend_python' build argument 'catkin_cmake_args' from command line to 'None'
[0.639s] Level 5:colcon.colcon_core.verb:set package 'aslam_cv_backend_python' build argument 'catkin_skip_building_tests' from command line to 'False'
[0.639s] DEBUG:colcon.colcon_core.verb:Building package 'aslam_cv_backend_python' with the following arguments: {'ament_cmake_args': None, 'build_base': '/home/kanye/Documents/visionaid/build/aslam_cv_backend_python', 'catkin_cmake_args': None, 'catkin_skip_building_tests': False, 'cmake_args': None, 'cmake_clean_cache': False, 'cmake_clean_first': False, 'cmake_force_configure': False, 'cmake_target': None, 'cmake_target_skip_unavailable': False, 'install_base': '/home/kanye/Documents/visionaid/install/aslam_cv_backend_python', 'merge_install': False, 'path': '/home/kanye/Documents/visionaid/calibration/camera/kalibr/aslam_cv/aslam_cv_backend_python', 'symlink_install': False, 'test_result_base': None}
[0.640s] Level 5:colcon.colcon_core.verb:set package 'custom_nitros_dnn_image_encoder' build argument 'cmake_args' from command line to 'None'
[0.640s] Level 5:colcon.colcon_core.verb:set package 'custom_nitros_dnn_image_encoder' build argument 'cmake_target' from command line to 'None'
[0.640s] Level 5:colcon.colcon_core.verb:set package 'custom_nitros_dnn_image_encoder' build argument 'cmake_target_skip_unavailable' from command line to 'False'
[0.640s] Level 5:colcon.colcon_core.verb:set package 'custom_nitros_dnn_image_encoder' build argument 'cmake_clean_cache' from command line to 'False'
[0.640s] Level 5:colcon.colcon_core.verb:set package 'custom_nitros_dnn_image_encoder' build argument 'cmake_clean_first' from command line to 'False'
[0.640s] Level 5:colcon.colcon_core.verb:set package 'custom_nitros_dnn_image_encoder' build argument 'cmake_force_configure' from command line to 'False'
[0.640s] Level 5:colcon.colcon_core.verb:set package 'custom_nitros_dnn_image_encoder' build argument 'ament_cmake_args' from command line to 'None'
[0.640s] Level 5:colcon.colcon_core.verb:set package 'custom_nitros_dnn_image_encoder' build argument 'catkin_cmake_args' from command line to 'None'
[0.640s] Level 5:colcon.colcon_core.verb:set package 'custom_nitros_dnn_image_encoder' build argument 'catkin_skip_building_tests' from command line to 'False'
[0.640s] DEBUG:colcon.colcon_core.verb:Building package 'custom_nitros_dnn_image_encoder' with the following arguments: {'ament_cmake_args': None, 'build_base': '/home/kanye/Documents/visionaid/build/custom_nitros_dnn_image_encoder', 'catkin_cmake_args': None, 'catkin_skip_building_tests': False, 'cmake_args': None, 'cmake_clean_cache': False, 'cmake_clean_first': False, 'cmake_force_configure': False, 'cmake_target': None, 'cmake_target_skip_unavailable': False, 'install_base': '/home/kanye/Documents/visionaid/install/custom_nitros_dnn_image_encoder', 'merge_install': False, 'path': '/home/kanye/Documents/visionaid/isaac_ros_ws/src/isaac_ros_nitros/isaac_ros_managed_nitros_examples/custom_nitros_dnn_image_encoder', 'symlink_install': False, 'test_result_base': None}
[0.640s] Level 5:colcon.colcon_core.verb:set package 'custom_nitros_image' build argument 'cmake_args' from command line to 'None'
[0.640s] Level 5:colcon.colcon_core.verb:set package 'custom_nitros_image' build argument 'cmake_target' from command line to 'None'
[0.640s] Level 5:colcon.colcon_core.verb:set package 'custom_nitros_image' build argument 'cmake_target_skip_unavailable' from command line to 'False'
[0.640s] Level 5:colcon.colcon_core.verb:set package 'custom_nitros_image' build argument 'cmake_clean_cache' from command line to 'False'
[0.640s] Level 5:colcon.colcon_core.verb:set package 'custom_nitros_image' build argument 'cmake_clean_first' from command line to 'False'
[0.640s] Level 5:colcon.colcon_core.verb:set package 'custom_nitros_image' build argument 'cmake_force_configure' from command line to 'False'
[0.640s] Level 5:colcon.colcon_core.verb:set package 'custom_nitros_image' build argument 'ament_cmake_args' from command line to 'None'
[0.640s] Level 5:colcon.colcon_core.verb:set package 'custom_nitros_image' build argument 'catkin_cmake_args' from command line to 'None'
[0.640s] Level 5:colcon.colcon_core.verb:set package 'custom_nitros_image' build argument 'catkin_skip_building_tests' from command line to 'False'
[0.640s] DEBUG:colcon.colcon_core.verb:Building package 'custom_nitros_image' with the following arguments: {'ament_cmake_args': None, 'build_base': '/home/kanye/Documents/visionaid/build/custom_nitros_image', 'catkin_cmake_args': None, 'catkin_skip_building_tests': False, 'cmake_args': None, 'cmake_clean_cache': False, 'cmake_clean_first': False, 'cmake_force_configure': False, 'cmake_target': None, 'cmake_target_skip_unavailable': False, 'install_base': '/home/kanye/Documents/visionaid/install/custom_nitros_image', 'merge_install': False, 'path': '/home/kanye/Documents/visionaid/isaac_ros_ws/src/isaac_ros_nitros/isaac_ros_managed_nitros_examples/custom_nitros_image', 'symlink_install': False, 'test_result_base': None}
[0.641s] Level 5:colcon.colcon_core.verb:set package 'custom_nitros_message_filter' build argument 'cmake_args' from command line to 'None'
[0.641s] Level 5:colcon.colcon_core.verb:set package 'custom_nitros_message_filter' build argument 'cmake_target' from command line to 'None'
[0.641s] Level 5:colcon.colcon_core.verb:set package 'custom_nitros_message_filter' build argument 'cmake_target_skip_unavailable' from command line to 'False'
[0.641s] Level 5:colcon.colcon_core.verb:set package 'custom_nitros_message_filter' build argument 'cmake_clean_cache' from command line to 'False'
[0.641s] Level 5:colcon.colcon_core.verb:set package 'custom_nitros_message_filter' build argument 'cmake_clean_first' from command line to 'False'
[0.641s] Level 5:colcon.colcon_core.verb:set package 'custom_nitros_message_filter' build argument 'cmake_force_configure' from command line to 'False'
[0.641s] Level 5:colcon.colcon_core.verb:set package 'custom_nitros_message_filter' build argument 'ament_cmake_args' from command line to 'None'
[0.641s] Level 5:colcon.colcon_core.verb:set package 'custom_nitros_message_filter' build argument 'catkin_cmake_args' from command line to 'None'
[0.641s] Level 5:colcon.colcon_core.verb:set package 'custom_nitros_message_filter' build argument 'catkin_skip_building_tests' from command line to 'False'
[0.641s] DEBUG:colcon.colcon_core.verb:Building package 'custom_nitros_message_filter' with the following arguments: {'ament_cmake_args': None, 'build_base': '/home/kanye/Documents/visionaid/build/custom_nitros_message_filter', 'catkin_cmake_args': None, 'catkin_skip_building_tests': False, 'cmake_args': None, 'cmake_clean_cache': False, 'cmake_clean_first': False, 'cmake_force_configure': False, 'cmake_target': None, 'cmake_target_skip_unavailable': False, 'install_base': '/home/kanye/Documents/visionaid/install/custom_nitros_message_filter', 'merge_install': False, 'path': '/home/kanye/Documents/visionaid/isaac_ros_ws/src/isaac_ros_nitros/isaac_ros_managed_nitros_examples/custom_nitros_message_filter', 'symlink_install': False, 'test_result_base': None}
[0.641s] Level 5:colcon.colcon_core.verb:set package 'custom_nitros_string' build argument 'cmake_args' from command line to 'None'
[0.641s] Level 5:colcon.colcon_core.verb:set package 'custom_nitros_string' build argument 'cmake_target' from command line to 'None'
[0.641s] Level 5:colcon.colcon_core.verb:set package 'custom_nitros_string' build argument 'cmake_target_skip_unavailable' from command line to 'False'
[0.641s] Level 5:colcon.colcon_core.verb:set package 'custom_nitros_string' build argument 'cmake_clean_cache' from command line to 'False'
[0.641s] Level 5:colcon.colcon_core.verb:set package 'custom_nitros_string' build argument 'cmake_clean_first' from command line to 'False'
[0.641s] Level 5:colcon.colcon_core.verb:set package 'custom_nitros_string' build argument 'cmake_force_configure' from command line to 'False'
[0.641s] Level 5:colcon.colcon_core.verb:set package 'custom_nitros_string' build argument 'ament_cmake_args' from command line to 'None'
[0.641s] Level 5:colcon.colcon_core.verb:set package 'custom_nitros_string' build argument 'catkin_cmake_args' from command line to 'None'
[0.642s] Level 5:colcon.colcon_core.verb:set package 'custom_nitros_string' build argument 'catkin_skip_building_tests' from command line to 'False'
[0.642s] DEBUG:colcon.colcon_core.verb:Building package 'custom_nitros_string' with the following arguments: {'ament_cmake_args': None, 'build_base': '/home/kanye/Documents/visionaid/build/custom_nitros_string', 'catkin_cmake_args': None, 'catkin_skip_building_tests': False, 'cmake_args': None, 'cmake_clean_cache': False, 'cmake_clean_first': False, 'cmake_force_configure': False, 'cmake_target': None, 'cmake_target_skip_unavailable': False, 'install_base': '/home/kanye/Documents/visionaid/install/custom_nitros_string', 'merge_install': False, 'path': '/home/kanye/Documents/visionaid/isaac_ros_ws/src/isaac_ros_nitros/isaac_ros_managed_nitros_examples/custom_nitros_string', 'symlink_install': False, 'test_result_base': None}
[0.642s] Level 5:colcon.colcon_core.verb:set package 'isaac_ros_argus_camera_benchmark' build argument 'cmake_args' from command line to 'None'
[0.642s] Level 5:colcon.colcon_core.verb:set package 'isaac_ros_argus_camera_benchmark' build argument 'cmake_target' from command line to 'None'
[0.642s] Level 5:colcon.colcon_core.verb:set package 'isaac_ros_argus_camera_benchmark' build argument 'cmake_target_skip_unavailable' from command line to 'False'
[0.642s] Level 5:colcon.colcon_core.verb:set package 'isaac_ros_argus_camera_benchmark' build argument 'cmake_clean_cache' from command line to 'False'
[0.642s] Level 5:colcon.colcon_core.verb:set package 'isaac_ros_argus_camera_benchmark' build argument 'cmake_clean_first' from command line to 'False'
[0.642s] Level 5:colcon.colcon_core.verb:set package 'isaac_ros_argus_camera_benchmark' build argument 'cmake_force_configure' from command line to 'False'
[0.642s] Level 5:colcon.colcon_core.verb:set package 'isaac_ros_argus_camera_benchmark' build argument 'ament_cmake_args' from command line to 'None'
[0.642s] Level 5:colcon.colcon_core.verb:set package 'isaac_ros_argus_camera_benchmark' build argument 'catkin_cmake_args' from command line to 'None'
[0.642s] Level 5:colcon.colcon_core.verb:set package 'isaac_ros_argus_camera_benchmark' build argument 'catkin_skip_building_tests' from command line to 'False'
[0.642s] DEBUG:colcon.colcon_core.verb:Building package 'isaac_ros_argus_camera_benchmark' with the following arguments: {'ament_cmake_args': None, 'build_base': '/home/kanye/Documents/visionaid/build/isaac_ros_argus_camera_benchmark', 'catkin_cmake_args': None, 'catkin_skip_building_tests': False, 'cmake_args': None, 'cmake_clean_cache': False, 'cmake_clean_first': False, 'cmake_force_configure': False, 'cmake_target': None, 'cmake_target_skip_unavailable': False, 'install_base': '/home/kanye/Documents/visionaid/install/isaac_ros_argus_camera_benchmark', 'merge_install': False, 'path': '/home/kanye/Documents/visionaid/isaac_ros_ws/src/isaac_ros_benchmark/benchmarks/isaac_ros_argus_camera_benchmark', 'symlink_install': False, 'test_result_base': None}
[0.642s] Level 5:colcon.colcon_core.verb:set package 'isaac_ros_depth_image_proc' build argument 'cmake_args' from command line to 'None'
[0.642s] Level 5:colcon.colcon_core.verb:set package 'isaac_ros_depth_image_proc' build argument 'cmake_target' from command line to 'None'
[0.642s] Level 5:colcon.colcon_core.verb:set package 'isaac_ros_depth_image_proc' build argument 'cmake_target_skip_unavailable' from command line to 'False'
[0.642s] Level 5:colcon.colcon_core.verb:set package 'isaac_ros_depth_image_proc' build argument 'cmake_clean_cache' from command line to 'False'
[0.642s] Level 5:colcon.colcon_core.verb:set package 'isaac_ros_depth_image_proc' build argument 'cmake_clean_first' from command line to 'False'
[0.642s] Level 5:colcon.colcon_core.verb:set package 'isaac_ros_depth_image_proc' build argument 'cmake_force_configure' from command line to 'False'
[0.642s] Level 5:colcon.colcon_core.verb:set package 'isaac_ros_depth_image_proc' build argument 'ament_cmake_args' from command line to 'None'
[0.643s] Level 5:colcon.colcon_core.verb:set package 'isaac_ros_depth_image_proc' build argument 'catkin_cmake_args' from command line to 'None'
[0.643s] Level 5:colcon.colcon_core.verb:set package 'isaac_ros_depth_image_proc' build argument 'catkin_skip_building_tests' from command line to 'False'
[0.643s] DEBUG:colcon.colcon_core.verb:Building package 'isaac_ros_depth_image_proc' with the following arguments: {'ament_cmake_args': None, 'build_base': '/home/kanye/Documents/visionaid/build/isaac_ros_depth_image_proc', 'catkin_cmake_args': None, 'catkin_skip_building_tests': False, 'cmake_args': None, 'cmake_clean_cache': False, 'cmake_clean_first': False, 'cmake_force_configure': False, 'cmake_target': None, 'cmake_target_skip_unavailable': False, 'install_base': '/home/kanye/Documents/visionaid/install/isaac_ros_depth_image_proc', 'merge_install': False, 'path': '/home/kanye/Documents/visionaid/isaac_ros_ws/src/isaac_ros_image_pipeline/isaac_ros_depth_image_proc', 'symlink_install': False, 'test_result_base': None}
[0.643s] Level 5:colcon.colcon_core.verb:set package 'isaac_ros_h264_decoder_benchmark' build argument 'cmake_args' from command line to 'None'
[0.643s] Level 5:colcon.colcon_core.verb:set package 'isaac_ros_h264_decoder_benchmark' build argument 'cmake_target' from command line to 'None'
[0.643s] Level 5:colcon.colcon_core.verb:set package 'isaac_ros_h264_decoder_benchmark' build argument 'cmake_target_skip_unavailable' from command line to 'False'
[0.643s] Level 5:colcon.colcon_core.verb:set package 'isaac_ros_h264_decoder_benchmark' build argument 'cmake_clean_cache' from command line to 'False'
[0.643s] Level 5:colcon.colcon_core.verb:set package 'isaac_ros_h264_decoder_benchmark' build argument 'cmake_clean_first' from command line to 'False'
[0.643s] Level 5:colcon.colcon_core.verb:set package 'isaac_ros_h264_decoder_benchmark' build argument 'cmake_force_configure' from command line to 'False'
[0.643s] Level 5:colcon.colcon_core.verb:set package 'isaac_ros_h264_decoder_benchmark' build argument 'ament_cmake_args' from command line to 'None'
[0.643s] Level 5:colcon.colcon_core.verb:set package 'isaac_ros_h264_decoder_benchmark' build argument 'catkin_cmake_args' from command line to 'None'
[0.643s] Level 5:colcon.colcon_core.verb:set package 'isaac_ros_h264_decoder_benchmark' build argument 'catkin_skip_building_tests' from command line to 'False'
[0.643s] DEBUG:colcon.colcon_core.verb:Building package 'isaac_ros_h264_decoder_benchmark' with the following arguments: {'ament_cmake_args': None, 'build_base': '/home/kanye/Documents/visionaid/build/isaac_ros_h264_decoder_benchmark', 'catkin_cmake_args': None, 'catkin_skip_building_tests': False, 'cmake_args': None, 'cmake_clean_cache': False, 'cmake_clean_first': False, 'cmake_force_configure': False, 'cmake_target': None, 'cmake_target_skip_unavailable': False, 'install_base': '/home/kanye/Documents/visionaid/install/isaac_ros_h264_decoder_benchmark', 'merge_install': False, 'path': '/home/kanye/Documents/visionaid/isaac_ros_ws/src/isaac_ros_benchmark/benchmarks/isaac_ros_h264_decoder_benchmark', 'symlink_install': False, 'test_result_base': None}
[0.643s] Level 5:colcon.colcon_core.verb:set package 'isaac_ros_hawk_nova_benchmark' build argument 'cmake_args' from command line to 'None'
[0.643s] Level 5:colcon.colcon_core.verb:set package 'isaac_ros_hawk_nova_benchmark' build argument 'cmake_target' from command line to 'None'
[0.643s] Level 5:colcon.colcon_core.verb:set package 'isaac_ros_hawk_nova_benchmark' build argument 'cmake_target_skip_unavailable' from command line to 'False'
[0.643s] Level 5:colcon.colcon_core.verb:set package 'isaac_ros_hawk_nova_benchmark' build argument 'cmake_clean_cache' from command line to 'False'
[0.643s] Level 5:colcon.colcon_core.verb:set package 'isaac_ros_hawk_nova_benchmark' build argument 'cmake_clean_first' from command line to 'False'
[0.643s] Level 5:colcon.colcon_core.verb:set package 'isaac_ros_hawk_nova_benchmark' build argument 'cmake_force_configure' from command line to 'False'
[0.644s] Level 5:colcon.colcon_core.verb:set package 'isaac_ros_hawk_nova_benchmark' build argument 'ament_cmake_args' from command line to 'None'
[0.644s] Level 5:colcon.colcon_core.verb:set package 'isaac_ros_hawk_nova_benchmark' build argument 'catkin_cmake_args' from command line to 'None'
[0.644s] Level 5:colcon.colcon_core.verb:set package 'isaac_ros_hawk_nova_benchmark' build argument 'catkin_skip_building_tests' from command line to 'False'
[0.644s] DEBUG:colcon.colcon_core.verb:Building package 'isaac_ros_hawk_nova_benchmark' with the following arguments: {'ament_cmake_args': None, 'build_base': '/home/kanye/Documents/visionaid/build/isaac_ros_hawk_nova_benchmark', 'catkin_cmake_args': None, 'catkin_skip_building_tests': False, 'cmake_args': None, 'cmake_clean_cache': False, 'cmake_clean_first': False, 'cmake_force_configure': False, 'cmake_target': None, 'cmake_target_skip_unavailable': False, 'install_base': '/home/kanye/Documents/visionaid/install/isaac_ros_hawk_nova_benchmark', 'merge_install': False, 'path': '/home/kanye/Documents/visionaid/isaac_ros_ws/src/isaac_ros_benchmark/benchmarks/isaac_ros_hawk_nova_benchmark', 'symlink_install': False, 'test_result_base': None}
[0.644s] Level 5:colcon.colcon_core.verb:set package 'isaac_ros_image_proc' build argument 'cmake_args' from command line to 'None'
[0.644s] Level 5:colcon.colcon_core.verb:set package 'isaac_ros_image_proc' build argument 'cmake_target' from command line to 'None'
[0.644s] Level 5:colcon.colcon_core.verb:set package 'isaac_ros_image_proc' build argument 'cmake_target_skip_unavailable' from command line to 'False'
[0.644s] Level 5:colcon.colcon_core.verb:set package 'isaac_ros_image_proc' build argument 'cmake_clean_cache' from command line to 'False'
[0.644s] Level 5:colcon.colcon_core.verb:set package 'isaac_ros_image_proc' build argument 'cmake_clean_first' from command line to 'False'
[0.644s] Level 5:colcon.colcon_core.verb:set package 'isaac_ros_image_proc' build argument 'cmake_force_configure' from command line to 'False'
[0.644s] Level 5:colcon.colcon_core.verb:set package 'isaac_ros_image_proc' build argument 'ament_cmake_args' from command line to 'None'
[0.644s] Level 5:colcon.colcon_core.verb:set package 'isaac_ros_image_proc' build argument 'catkin_cmake_args' from command line to 'None'
[0.644s] Level 5:colcon.colcon_core.verb:set package 'isaac_ros_image_proc' build argument 'catkin_skip_building_tests' from command line to 'False'
[0.644s] DEBUG:colcon.colcon_core.verb:Building package 'isaac_ros_image_proc' with the following arguments: {'ament_cmake_args': None, 'build_base': '/home/kanye/Documents/visionaid/build/isaac_ros_image_proc', 'catkin_cmake_args': None, 'catkin_skip_building_tests': False, 'cmake_args': None, 'cmake_clean_cache': False, 'cmake_clean_first': False, 'cmake_force_configure': False, 'cmake_target': None, 'cmake_target_skip_unavailable': False, 'install_base': '/home/kanye/Documents/visionaid/install/isaac_ros_image_proc', 'merge_install': False, 'path': '/home/kanye/Documents/visionaid/isaac_ros_ws/src/isaac_ros_image_pipeline/isaac_ros_image_proc', 'symlink_install': False, 'test_result_base': None}
[0.644s] Level 5:colcon.colcon_core.verb:set package 'isaac_ros_nitros_bridge_ros2' build argument 'cmake_args' from command line to 'None'
[0.644s] Level 5:colcon.colcon_core.verb:set package 'isaac_ros_nitros_bridge_ros2' build argument 'cmake_target' from command line to 'None'
[0.644s] Level 5:colcon.colcon_core.verb:set package 'isaac_ros_nitros_bridge_ros2' build argument 'cmake_target_skip_unavailable' from command line to 'False'
[0.644s] Level 5:colcon.colcon_core.verb:set package 'isaac_ros_nitros_bridge_ros2' build argument 'cmake_clean_cache' from command line to 'False'
[0.644s] Level 5:colcon.colcon_core.verb:set package 'isaac_ros_nitros_bridge_ros2' build argument 'cmake_clean_first' from command line to 'False'
[0.644s] Level 5:colcon.colcon_core.verb:set package 'isaac_ros_nitros_bridge_ros2' build argument 'cmake_force_configure' from command line to 'False'
[0.644s] Level 5:colcon.colcon_core.verb:set package 'isaac_ros_nitros_bridge_ros2' build argument 'ament_cmake_args' from command line to 'None'
[0.644s] Level 5:colcon.colcon_core.verb:set package 'isaac_ros_nitros_bridge_ros2' build argument 'catkin_cmake_args' from command line to 'None'
[0.644s] Level 5:colcon.colcon_core.verb:set package 'isaac_ros_nitros_bridge_ros2' build argument 'catkin_skip_building_tests' from command line to 'False'
[0.645s] DEBUG:colcon.colcon_core.verb:Building package 'isaac_ros_nitros_bridge_ros2' with the following arguments: {'ament_cmake_args': None, 'build_base': '/home/kanye/Documents/visionaid/build/isaac_ros_nitros_bridge_ros2', 'catkin_cmake_args': None, 'catkin_skip_building_tests': False, 'cmake_args': None, 'cmake_clean_cache': False, 'cmake_clean_first': False, 'cmake_force_configure': False, 'cmake_target': None, 'cmake_target_skip_unavailable': False, 'install_base': '/home/kanye/Documents/visionaid/install/isaac_ros_nitros_bridge_ros2', 'merge_install': False, 'path': '/home/kanye/Documents/visionaid/isaac_ros_ws/src/isaac_ros_nitros/isaac_ros_nitros_bridge/isaac_ros_nitros_bridge_ros2', 'symlink_install': False, 'test_result_base': None}
[0.645s] Level 5:colcon.colcon_core.verb:set package 'isaac_ros_nitros_topic_tools' build argument 'cmake_args' from command line to 'None'
[0.645s] Level 5:colcon.colcon_core.verb:set package 'isaac_ros_nitros_topic_tools' build argument 'cmake_target' from command line to 'None'
[0.645s] Level 5:colcon.colcon_core.verb:set package 'isaac_ros_nitros_topic_tools' build argument 'cmake_target_skip_unavailable' from command line to 'False'
[0.645s] Level 5:colcon.colcon_core.verb:set package 'isaac_ros_nitros_topic_tools' build argument 'cmake_clean_cache' from command line to 'False'
[0.645s] Level 5:colcon.colcon_core.verb:set package 'isaac_ros_nitros_topic_tools' build argument 'cmake_clean_first' from command line to 'False'
[0.645s] Level 5:colcon.colcon_core.verb:set package 'isaac_ros_nitros_topic_tools' build argument 'cmake_force_configure' from command line to 'False'
[0.645s] Level 5:colcon.colcon_core.verb:set package 'isaac_ros_nitros_topic_tools' build argument 'ament_cmake_args' from command line to 'None'
[0.645s] Level 5:colcon.colcon_core.verb:set package 'isaac_ros_nitros_topic_tools' build argument 'catkin_cmake_args' from command line to 'None'
[0.645s] Level 5:colcon.colcon_core.verb:set package 'isaac_ros_nitros_topic_tools' build argument 'catkin_skip_building_tests' from command line to 'False'
[0.645s] DEBUG:colcon.colcon_core.verb:Building package 'isaac_ros_nitros_topic_tools' with the following arguments: {'ament_cmake_args': None, 'build_base': '/home/kanye/Documents/visionaid/build/isaac_ros_nitros_topic_tools', 'catkin_cmake_args': None, 'catkin_skip_building_tests': False, 'cmake_args': None, 'cmake_clean_cache': False, 'cmake_clean_first': False, 'cmake_force_configure': False, 'cmake_target': None, 'cmake_target_skip_unavailable': False, 'install_base': '/home/kanye/Documents/visionaid/install/isaac_ros_nitros_topic_tools', 'merge_install': False, 'path': '/home/kanye/Documents/visionaid/isaac_ros_ws/src/isaac_ros_nitros/isaac_ros_nitros_topic_tools', 'symlink_install': False, 'test_result_base': None}
[0.645s] Level 5:colcon.colcon_core.verb:set package 'isaac_ros_occupancy_grid_localizer_benchmark' build argument 'cmake_args' from command line to 'None'
[0.645s] Level 5:colcon.colcon_core.verb:set package 'isaac_ros_occupancy_grid_localizer_benchmark' build argument 'cmake_target' from command line to 'None'
[0.645s] Level 5:colcon.colcon_core.verb:set package 'isaac_ros_occupancy_grid_localizer_benchmark' build argument 'cmake_target_skip_unavailable' from command line to 'False'
[0.645s] Level 5:colcon.colcon_core.verb:set package 'isaac_ros_occupancy_grid_localizer_benchmark' build argument 'cmake_clean_cache' from command line to 'False'
[0.645s] Level 5:colcon.colcon_core.verb:set package 'isaac_ros_occupancy_grid_localizer_benchmark' build argument 'cmake_clean_first' from command line to 'False'
[0.645s] Level 5:colcon.colcon_core.verb:set package 'isaac_ros_occupancy_grid_localizer_benchmark' build argument 'cmake_force_configure' from command line to 'False'
[0.645s] Level 5:colcon.colcon_core.verb:set package 'isaac_ros_occupancy_grid_localizer_benchmark' build argument 'ament_cmake_args' from command line to 'None'
[0.645s] Level 5:colcon.colcon_core.verb:set package 'isaac_ros_occupancy_grid_localizer_benchmark' build argument 'catkin_cmake_args' from command line to 'None'
[0.645s] Level 5:colcon.colcon_core.verb:set package 'isaac_ros_occupancy_grid_localizer_benchmark' build argument 'catkin_skip_building_tests' from command line to 'False'
[0.645s] DEBUG:colcon.colcon_core.verb:Building package 'isaac_ros_occupancy_grid_localizer_benchmark' with the following arguments: {'ament_cmake_args': None, 'build_base': '/home/kanye/Documents/visionaid/build/isaac_ros_occupancy_grid_localizer_benchmark', 'catkin_cmake_args': None, 'catkin_skip_building_tests': False, 'cmake_args': None, 'cmake_clean_cache': False, 'cmake_clean_first': False, 'cmake_force_configure': False, 'cmake_target': None, 'cmake_target_skip_unavailable': False, 'install_base': '/home/kanye/Documents/visionaid/install/isaac_ros_occupancy_grid_localizer_benchmark', 'merge_install': False, 'path': '/home/kanye/Documents/visionaid/isaac_ros_ws/src/isaac_ros_benchmark/benchmarks/isaac_ros_occupancy_grid_localizer_benchmark', 'symlink_install': False, 'test_result_base': None}
[0.646s] Level 5:colcon.colcon_core.verb:set package 'isaac_ros_visual_slam_benchmark' build argument 'cmake_args' from command line to 'None'
[0.646s] Level 5:colcon.colcon_core.verb:set package 'isaac_ros_visual_slam_benchmark' build argument 'cmake_target' from command line to 'None'
[0.646s] Level 5:colcon.colcon_core.verb:set package 'isaac_ros_visual_slam_benchmark' build argument 'cmake_target_skip_unavailable' from command line to 'False'
[0.646s] Level 5:colcon.colcon_core.verb:set package 'isaac_ros_visual_slam_benchmark' build argument 'cmake_clean_cache' from command line to 'False'
[0.646s] Level 5:colcon.colcon_core.verb:set package 'isaac_ros_visual_slam_benchmark' build argument 'cmake_clean_first' from command line to 'False'
[0.646s] Level 5:colcon.colcon_core.verb:set package 'isaac_ros_visual_slam_benchmark' build argument 'cmake_force_configure' from command line to 'False'
[0.646s] Level 5:colcon.colcon_core.verb:set package 'isaac_ros_visual_slam_benchmark' build argument 'ament_cmake_args' from command line to 'None'
[0.646s] Level 5:colcon.colcon_core.verb:set package 'isaac_ros_visual_slam_benchmark' build argument 'catkin_cmake_args' from command line to 'None'
[0.646s] Level 5:colcon.colcon_core.verb:set package 'isaac_ros_visual_slam_benchmark' build argument 'catkin_skip_building_tests' from command line to 'False'
[0.646s] DEBUG:colcon.colcon_core.verb:Building package 'isaac_ros_visual_slam_benchmark' with the following arguments: {'ament_cmake_args': None, 'build_base': '/home/kanye/Documents/visionaid/build/isaac_ros_visual_slam_benchmark', 'catkin_cmake_args': None, 'catkin_skip_building_tests': False, 'cmake_args': None, 'cmake_clean_cache': False, 'cmake_clean_first': False, 'cmake_force_configure': False, 'cmake_target': None, 'cmake_target_skip_unavailable': False, 'install_base': '/home/kanye/Documents/visionaid/install/isaac_ros_visual_slam_benchmark', 'merge_install': False, 'path': '/home/kanye/Documents/visionaid/isaac_ros_ws/src/isaac_ros_benchmark/benchmarks/isaac_ros_visual_slam_benchmark', 'symlink_install': False, 'test_result_base': None}
[0.646s] Level 5:colcon.colcon_core.verb:set package 'yolov8_bdd100k_detection' build argument 'cmake_args' from command line to 'None'
[0.646s] Level 5:colcon.colcon_core.verb:set package 'yolov8_bdd100k_detection' build argument 'cmake_target' from command line to 'None'
[0.646s] Level 5:colcon.colcon_core.verb:set package 'yolov8_bdd100k_detection' build argument 'cmake_target_skip_unavailable' from command line to 'False'
[0.646s] Level 5:colcon.colcon_core.verb:set package 'yolov8_bdd100k_detection' build argument 'cmake_clean_cache' from command line to 'False'
[0.646s] Level 5:colcon.colcon_core.verb:set package 'yolov8_bdd100k_detection' build argument 'cmake_clean_first' from command line to 'False'
[0.646s] Level 5:colcon.colcon_core.verb:set package 'yolov8_bdd100k_detection' build argument 'cmake_force_configure' from command line to 'False'
[0.646s] Level 5:colcon.colcon_core.verb:set package 'yolov8_bdd100k_detection' build argument 'ament_cmake_args' from command line to 'None'
[0.646s] Level 5:colcon.colcon_core.verb:set package 'yolov8_bdd100k_detection' build argument 'catkin_cmake_args' from command line to 'None'
[0.646s] Level 5:colcon.colcon_core.verb:set package 'yolov8_bdd100k_detection' build argument 'catkin_skip_building_tests' from command line to 'False'
[0.646s] DEBUG:colcon.colcon_core.verb:Building package 'yolov8_bdd100k_detection' with the following arguments: {'ament_cmake_args': None, 'build_base': '/home/kanye/Documents/visionaid/build/yolov8_bdd100k_detection', 'catkin_cmake_args': None, 'catkin_skip_building_tests': False, 'cmake_args': None, 'cmake_clean_cache': False, 'cmake_clean_first': False, 'cmake_force_configure': False, 'cmake_target': None, 'cmake_target_skip_unavailable': False, 'install_base': '/home/kanye/Documents/visionaid/install/yolov8_bdd100k_detection', 'merge_install': False, 'path': '/home/kanye/Documents/visionaid/isaac_ros_ws/src/yolov8_bdd100k_detection', 'symlink_install': False, 'test_result_base': None}
[0.647s] Level 5:colcon.colcon_core.verb:set package 'isaac_ros_apriltag_benchmark' build argument 'cmake_args' from command line to 'None'
[0.647s] Level 5:colcon.colcon_core.verb:set package 'isaac_ros_apriltag_benchmark' build argument 'cmake_target' from command line to 'None'
[0.647s] Level 5:colcon.colcon_core.verb:set package 'isaac_ros_apriltag_benchmark' build argument 'cmake_target_skip_unavailable' from command line to 'False'
[0.647s] Level 5:colcon.colcon_core.verb:set package 'isaac_ros_apriltag_benchmark' build argument 'cmake_clean_cache' from command line to 'False'
[0.647s] Level 5:colcon.colcon_core.verb:set package 'isaac_ros_apriltag_benchmark' build argument 'cmake_clean_first' from command line to 'False'
[0.647s] Level 5:colcon.colcon_core.verb:set package 'isaac_ros_apriltag_benchmark' build argument 'cmake_force_configure' from command line to 'False'
[0.647s] Level 5:colcon.colcon_core.verb:set package 'isaac_ros_apriltag_benchmark' build argument 'ament_cmake_args' from command line to 'None'
[0.647s] Level 5:colcon.colcon_core.verb:set package 'isaac_ros_apriltag_benchmark' build argument 'catkin_cmake_args' from command line to 'None'
[0.647s] Level 5:colcon.colcon_core.verb:set package 'isaac_ros_apriltag_benchmark' build argument 'catkin_skip_building_tests' from command line to 'False'
[0.647s] DEBUG:colcon.colcon_core.verb:Building package 'isaac_ros_apriltag_benchmark' with the following arguments: {'ament_cmake_args': None, 'build_base': '/home/kanye/Documents/visionaid/build/isaac_ros_apriltag_benchmark', 'catkin_cmake_args': None, 'catkin_skip_building_tests': False, 'cmake_args': None, 'cmake_clean_cache': False, 'cmake_clean_first': False, 'cmake_force_configure': False, 'cmake_target': None, 'cmake_target_skip_unavailable': False, 'install_base': '/home/kanye/Documents/visionaid/install/isaac_ros_apriltag_benchmark', 'merge_install': False, 'path': '/home/kanye/Documents/visionaid/isaac_ros_ws/src/isaac_ros_benchmark/benchmarks/isaac_ros_apriltag_benchmark', 'symlink_install': False, 'test_result_base': None}
[0.647s] Level 5:colcon.colcon_core.verb:set package 'isaac_ros_bi3d_benchmark' build argument 'cmake_args' from command line to 'None'
[0.647s] Level 5:colcon.colcon_core.verb:set package 'isaac_ros_bi3d_benchmark' build argument 'cmake_target' from command line to 'None'
[0.647s] Level 5:colcon.colcon_core.verb:set package 'isaac_ros_bi3d_benchmark' build argument 'cmake_target_skip_unavailable' from command line to 'False'
[0.647s] Level 5:colcon.colcon_core.verb:set package 'isaac_ros_bi3d_benchmark' build argument 'cmake_clean_cache' from command line to 'False'
[0.647s] Level 5:colcon.colcon_core.verb:set package 'isaac_ros_bi3d_benchmark' build argument 'cmake_clean_first' from command line to 'False'
[0.647s] Level 5:colcon.colcon_core.verb:set package 'isaac_ros_bi3d_benchmark' build argument 'cmake_force_configure' from command line to 'False'
[0.647s] Level 5:colcon.colcon_core.verb:set package 'isaac_ros_bi3d_benchmark' build argument 'ament_cmake_args' from command line to 'None'
[0.647s] Level 5:colcon.colcon_core.verb:set package 'isaac_ros_bi3d_benchmark' build argument 'catkin_cmake_args' from command line to 'None'
[0.647s] Level 5:colcon.colcon_core.verb:set package 'isaac_ros_bi3d_benchmark' build argument 'catkin_skip_building_tests' from command line to 'False'
[0.647s] DEBUG:colcon.colcon_core.verb:Building package 'isaac_ros_bi3d_benchmark' with the following arguments: {'ament_cmake_args': None, 'build_base': '/home/kanye/Documents/visionaid/build/isaac_ros_bi3d_benchmark', 'catkin_cmake_args': None, 'catkin_skip_building_tests': False, 'cmake_args': None, 'cmake_clean_cache': False, 'cmake_clean_first': False, 'cmake_force_configure': False, 'cmake_target': None, 'cmake_target_skip_unavailable': False, 'install_base': '/home/kanye/Documents/visionaid/install/isaac_ros_bi3d_benchmark', 'merge_install': False, 'path': '/home/kanye/Documents/visionaid/isaac_ros_ws/src/isaac_ros_benchmark/benchmarks/isaac_ros_bi3d_benchmark', 'symlink_install': False, 'test_result_base': None}
[0.647s] Level 5:colcon.colcon_core.verb:set package 'isaac_ros_bi3d_freespace_benchmark' build argument 'cmake_args' from command line to 'None'
[0.647s] Level 5:colcon.colcon_core.verb:set package 'isaac_ros_bi3d_freespace_benchmark' build argument 'cmake_target' from command line to 'None'
[0.647s] Level 5:colcon.colcon_core.verb:set package 'isaac_ros_bi3d_freespace_benchmark' build argument 'cmake_target_skip_unavailable' from command line to 'False'
[0.647s] Level 5:colcon.colcon_core.verb:set package 'isaac_ros_bi3d_freespace_benchmark' build argument 'cmake_clean_cache' from command line to 'False'
[0.648s] Level 5:colcon.colcon_core.verb:set package 'isaac_ros_bi3d_freespace_benchmark' build argument 'cmake_clean_first' from command line to 'False'
[0.648s] Level 5:colcon.colcon_core.verb:set package 'isaac_ros_bi3d_freespace_benchmark' build argument 'cmake_force_configure' from command line to 'False'
[0.648s] Level 5:colcon.colcon_core.verb:set package 'isaac_ros_bi3d_freespace_benchmark' build argument 'ament_cmake_args' from command line to 'None'
[0.648s] Level 5:colcon.colcon_core.verb:set package 'isaac_ros_bi3d_freespace_benchmark' build argument 'catkin_cmake_args' from command line to 'None'
[0.648s] Level 5:colcon.colcon_core.verb:set package 'isaac_ros_bi3d_freespace_benchmark' build argument 'catkin_skip_building_tests' from command line to 'False'
[0.648s] DEBUG:colcon.colcon_core.verb:Building package 'isaac_ros_bi3d_freespace_benchmark' with the following arguments: {'ament_cmake_args': None, 'build_base': '/home/kanye/Documents/visionaid/build/isaac_ros_bi3d_freespace_benchmark', 'catkin_cmake_args': None, 'catkin_skip_building_tests': False, 'cmake_args': None, 'cmake_clean_cache': False, 'cmake_clean_first': False, 'cmake_force_configure': False, 'cmake_target': None, 'cmake_target_skip_unavailable': False, 'install_base': '/home/kanye/Documents/visionaid/install/isaac_ros_bi3d_freespace_benchmark', 'merge_install': False, 'path': '/home/kanye/Documents/visionaid/isaac_ros_ws/src/isaac_ros_benchmark/benchmarks/isaac_ros_bi3d_freespace_benchmark', 'symlink_install': False, 'test_result_base': None}
[0.648s] Level 5:colcon.colcon_core.verb:set package 'isaac_ros_data_recorder_nova_benchmark' build argument 'cmake_args' from command line to 'None'
[0.648s] Level 5:colcon.colcon_core.verb:set package 'isaac_ros_data_recorder_nova_benchmark' build argument 'cmake_target' from command line to 'None'
[0.648s] Level 5:colcon.colcon_core.verb:set package 'isaac_ros_data_recorder_nova_benchmark' build argument 'cmake_target_skip_unavailable' from command line to 'False'
[0.648s] Level 5:colcon.colcon_core.verb:set package 'isaac_ros_data_recorder_nova_benchmark' build argument 'cmake_clean_cache' from command line to 'False'
[0.648s] Level 5:colcon.colcon_core.verb:set package 'isaac_ros_data_recorder_nova_benchmark' build argument 'cmake_clean_first' from command line to 'False'
[0.648s] Level 5:colcon.colcon_core.verb:set package 'isaac_ros_data_recorder_nova_benchmark' build argument 'cmake_force_configure' from command line to 'False'
[0.648s] Level 5:colcon.colcon_core.verb:set package 'isaac_ros_data_recorder_nova_benchmark' build argument 'ament_cmake_args' from command line to 'None'
[0.648s] Level 5:colcon.colcon_core.verb:set package 'isaac_ros_data_recorder_nova_benchmark' build argument 'catkin_cmake_args' from command line to 'None'
[0.648s] Level 5:colcon.colcon_core.verb:set package 'isaac_ros_data_recorder_nova_benchmark' build argument 'catkin_skip_building_tests' from command line to 'False'
[0.648s] DEBUG:colcon.colcon_core.verb:Building package 'isaac_ros_data_recorder_nova_benchmark' with the following arguments: {'ament_cmake_args': None, 'build_base': '/home/kanye/Documents/visionaid/build/isaac_ros_data_recorder_nova_benchmark', 'catkin_cmake_args': None, 'catkin_skip_building_tests': False, 'cmake_args': None, 'cmake_clean_cache': False, 'cmake_clean_first': False, 'cmake_force_configure': False, 'cmake_target': None, 'cmake_target_skip_unavailable': False, 'install_base': '/home/kanye/Documents/visionaid/install/isaac_ros_data_recorder_nova_benchmark', 'merge_install': False, 'path': '/home/kanye/Documents/visionaid/isaac_ros_ws/src/isaac_ros_benchmark/benchmarks/isaac_ros_data_recorder_nova_benchmark', 'symlink_install': False, 'test_result_base': None}
[0.648s] Level 5:colcon.colcon_core.verb:set package 'isaac_ros_ess_benchmark' build argument 'cmake_args' from command line to 'None'
[0.648s] Level 5:colcon.colcon_core.verb:set package 'isaac_ros_ess_benchmark' build argument 'cmake_target' from command line to 'None'
[0.648s] Level 5:colcon.colcon_core.verb:set package 'isaac_ros_ess_benchmark' build argument 'cmake_target_skip_unavailable' from command line to 'False'
[0.648s] Level 5:colcon.colcon_core.verb:set package 'isaac_ros_ess_benchmark' build argument 'cmake_clean_cache' from command line to 'False'
[0.648s] Level 5:colcon.colcon_core.verb:set package 'isaac_ros_ess_benchmark' build argument 'cmake_clean_first' from command line to 'False'
[0.648s] Level 5:colcon.colcon_core.verb:set package 'isaac_ros_ess_benchmark' build argument 'cmake_force_configure' from command line to 'False'
[0.648s] Level 5:colcon.colcon_core.verb:set package 'isaac_ros_ess_benchmark' build argument 'ament_cmake_args' from command line to 'None'
[0.648s] Level 5:colcon.colcon_core.verb:set package 'isaac_ros_ess_benchmark' build argument 'catkin_cmake_args' from command line to 'None'
[0.648s] Level 5:colcon.colcon_core.verb:set package 'isaac_ros_ess_benchmark' build argument 'catkin_skip_building_tests' from command line to 'False'
[0.648s] DEBUG:colcon.colcon_core.verb:Building package 'isaac_ros_ess_benchmark' with the following arguments: {'ament_cmake_args': None, 'build_base': '/home/kanye/Documents/visionaid/build/isaac_ros_ess_benchmark', 'catkin_cmake_args': None, 'catkin_skip_building_tests': False, 'cmake_args': None, 'cmake_clean_cache': False, 'cmake_clean_first': False, 'cmake_force_configure': False, 'cmake_target': None, 'cmake_target_skip_unavailable': False, 'install_base': '/home/kanye/Documents/visionaid/install/isaac_ros_ess_benchmark', 'merge_install': False, 'path': '/home/kanye/Documents/visionaid/isaac_ros_ws/src/isaac_ros_benchmark/benchmarks/isaac_ros_ess_benchmark', 'symlink_install': False, 'test_result_base': None}
[0.649s] Level 5:colcon.colcon_core.verb:set package 'isaac_ros_h264_encoder_benchmark' build argument 'cmake_args' from command line to 'None'
[0.649s] Level 5:colcon.colcon_core.verb:set package 'isaac_ros_h264_encoder_benchmark' build argument 'cmake_target' from command line to 'None'
[0.649s] Level 5:colcon.colcon_core.verb:set package 'isaac_ros_h264_encoder_benchmark' build argument 'cmake_target_skip_unavailable' from command line to 'False'
[0.649s] Level 5:colcon.colcon_core.verb:set package 'isaac_ros_h264_encoder_benchmark' build argument 'cmake_clean_cache' from command line to 'False'
[0.649s] Level 5:colcon.colcon_core.verb:set package 'isaac_ros_h264_encoder_benchmark' build argument 'cmake_clean_first' from command line to 'False'
[0.649s] Level 5:colcon.colcon_core.verb:set package 'isaac_ros_h264_encoder_benchmark' build argument 'cmake_force_configure' from command line to 'False'
[0.649s] Level 5:colcon.colcon_core.verb:set package 'isaac_ros_h264_encoder_benchmark' build argument 'ament_cmake_args' from command line to 'None'
[0.649s] Level 5:colcon.colcon_core.verb:set package 'isaac_ros_h264_encoder_benchmark' build argument 'catkin_cmake_args' from command line to 'None'
[0.649s] Level 5:colcon.colcon_core.verb:set package 'isaac_ros_h264_encoder_benchmark' build argument 'catkin_skip_building_tests' from command line to 'False'
[0.649s] DEBUG:colcon.colcon_core.verb:Building package 'isaac_ros_h264_encoder_benchmark' with the following arguments: {'ament_cmake_args': None, 'build_base': '/home/kanye/Documents/visionaid/build/isaac_ros_h264_encoder_benchmark', 'catkin_cmake_args': None, 'catkin_skip_building_tests': False, 'cmake_args': None, 'cmake_clean_cache': False, 'cmake_clean_first': False, 'cmake_force_configure': False, 'cmake_target': None, 'cmake_target_skip_unavailable': False, 'install_base': '/home/kanye/Documents/visionaid/install/isaac_ros_h264_encoder_benchmark', 'merge_install': False, 'path': '/home/kanye/Documents/visionaid/isaac_ros_ws/src/isaac_ros_benchmark/benchmarks/isaac_ros_h264_encoder_benchmark', 'symlink_install': False, 'test_result_base': None}
[0.649s] Level 5:colcon.colcon_core.verb:set package 'isaac_ros_image_pipeline' build argument 'cmake_args' from command line to 'None'
[0.649s] Level 5:colcon.colcon_core.verb:set package 'isaac_ros_image_pipeline' build argument 'cmake_target' from command line to 'None'
[0.649s] Level 5:colcon.colcon_core.verb:set package 'isaac_ros_image_pipeline' build argument 'cmake_target_skip_unavailable' from command line to 'False'
[0.649s] Level 5:colcon.colcon_core.verb:set package 'isaac_ros_image_pipeline' build argument 'cmake_clean_cache' from command line to 'False'
[0.649s] Level 5:colcon.colcon_core.verb:set package 'isaac_ros_image_pipeline' build argument 'cmake_clean_first' from command line to 'False'
[0.649s] Level 5:colcon.colcon_core.verb:set package 'isaac_ros_image_pipeline' build argument 'cmake_force_configure' from command line to 'False'
[0.649s] Level 5:colcon.colcon_core.verb:set package 'isaac_ros_image_pipeline' build argument 'ament_cmake_args' from command line to 'None'
[0.649s] Level 5:colcon.colcon_core.verb:set package 'isaac_ros_image_pipeline' build argument 'catkin_cmake_args' from command line to 'None'
[0.649s] Level 5:colcon.colcon_core.verb:set package 'isaac_ros_image_pipeline' build argument 'catkin_skip_building_tests' from command line to 'False'
[0.649s] DEBUG:colcon.colcon_core.verb:Building package 'isaac_ros_image_pipeline' with the following arguments: {'ament_cmake_args': None, 'build_base': '/home/kanye/Documents/visionaid/build/isaac_ros_image_pipeline', 'catkin_cmake_args': None, 'catkin_skip_building_tests': False, 'cmake_args': None, 'cmake_clean_cache': False, 'cmake_clean_first': False, 'cmake_force_configure': False, 'cmake_target': None, 'cmake_target_skip_unavailable': False, 'install_base': '/home/kanye/Documents/visionaid/install/isaac_ros_image_pipeline', 'merge_install': False, 'path': '/home/kanye/Documents/visionaid/isaac_ros_ws/src/isaac_ros_image_pipeline/isaac_ros_image_pipeline', 'symlink_install': False, 'test_result_base': None}
[0.649s] Level 5:colcon.colcon_core.verb:set package 'isaac_ros_image_proc_benchmark' build argument 'cmake_args' from command line to 'None'
[0.649s] Level 5:colcon.colcon_core.verb:set package 'isaac_ros_image_proc_benchmark' build argument 'cmake_target' from command line to 'None'
[0.649s] Level 5:colcon.colcon_core.verb:set package 'isaac_ros_image_proc_benchmark' build argument 'cmake_target_skip_unavailable' from command line to 'False'
[0.649s] Level 5:colcon.colcon_core.verb:set package 'isaac_ros_image_proc_benchmark' build argument 'cmake_clean_cache' from command line to 'False'
[0.649s] Level 5:colcon.colcon_core.verb:set package 'isaac_ros_image_proc_benchmark' build argument 'cmake_clean_first' from command line to 'False'
[0.649s] Level 5:colcon.colcon_core.verb:set package 'isaac_ros_image_proc_benchmark' build argument 'cmake_force_configure' from command line to 'False'
[0.649s] Level 5:colcon.colcon_core.verb:set package 'isaac_ros_image_proc_benchmark' build argument 'ament_cmake_args' from command line to 'None'
[0.649s] Level 5:colcon.colcon_core.verb:set package 'isaac_ros_image_proc_benchmark' build argument 'catkin_cmake_args' from command line to 'None'
[0.649s] Level 5:colcon.colcon_core.verb:set package 'isaac_ros_image_proc_benchmark' build argument 'catkin_skip_building_tests' from command line to 'False'
[0.649s] DEBUG:colcon.colcon_core.verb:Building package 'isaac_ros_image_proc_benchmark' with the following arguments: {'ament_cmake_args': None, 'build_base': '/home/kanye/Documents/visionaid/build/isaac_ros_image_proc_benchmark', 'catkin_cmake_args': None, 'catkin_skip_building_tests': False, 'cmake_args': None, 'cmake_clean_cache': False, 'cmake_clean_first': False, 'cmake_force_configure': False, 'cmake_target': None, 'cmake_target_skip_unavailable': False, 'install_base': '/home/kanye/Documents/visionaid/install/isaac_ros_image_proc_benchmark', 'merge_install': False, 'path': '/home/kanye/Documents/visionaid/isaac_ros_ws/src/isaac_ros_benchmark/benchmarks/isaac_ros_image_proc_benchmark', 'symlink_install': False, 'test_result_base': None}
[0.650s] Level 5:colcon.colcon_core.verb:set package 'isaac_ros_nitros_bridge_benchmark' build argument 'cmake_args' from command line to 'None'
[0.650s] Level 5:colcon.colcon_core.verb:set package 'isaac_ros_nitros_bridge_benchmark' build argument 'cmake_target' from command line to 'None'
[0.650s] Level 5:colcon.colcon_core.verb:set package 'isaac_ros_nitros_bridge_benchmark' build argument 'cmake_target_skip_unavailable' from command line to 'False'
[0.650s] Level 5:colcon.colcon_core.verb:set package 'isaac_ros_nitros_bridge_benchmark' build argument 'cmake_clean_cache' from command line to 'False'
[0.650s] Level 5:colcon.colcon_core.verb:set package 'isaac_ros_nitros_bridge_benchmark' build argument 'cmake_clean_first' from command line to 'False'
[0.650s] Level 5:colcon.colcon_core.verb:set package 'isaac_ros_nitros_bridge_benchmark' build argument 'cmake_force_configure' from command line to 'False'
[0.650s] Level 5:colcon.colcon_core.verb:set package 'isaac_ros_nitros_bridge_benchmark' build argument 'ament_cmake_args' from command line to 'None'
[0.650s] Level 5:colcon.colcon_core.verb:set package 'isaac_ros_nitros_bridge_benchmark' build argument 'catkin_cmake_args' from command line to 'None'
[0.650s] Level 5:colcon.colcon_core.verb:set package 'isaac_ros_nitros_bridge_benchmark' build argument 'catkin_skip_building_tests' from command line to 'False'
[0.650s] DEBUG:colcon.colcon_core.verb:Building package 'isaac_ros_nitros_bridge_benchmark' with the following arguments: {'ament_cmake_args': None, 'build_base': '/home/kanye/Documents/visionaid/build/isaac_ros_nitros_bridge_benchmark', 'catkin_cmake_args': None, 'catkin_skip_building_tests': False, 'cmake_args': None, 'cmake_clean_cache': False, 'cmake_clean_first': False, 'cmake_force_configure': False, 'cmake_target': None, 'cmake_target_skip_unavailable': False, 'install_base': '/home/kanye/Documents/visionaid/install/isaac_ros_nitros_bridge_benchmark', 'merge_install': False, 'path': '/home/kanye/Documents/visionaid/isaac_ros_ws/src/isaac_ros_benchmark/benchmarks/isaac_ros_nitros_bridge_benchmark', 'symlink_install': False, 'test_result_base': None}
[0.650s] Level 5:colcon.colcon_core.verb:set package 'isaac_ros_nvblox_benchmark' build argument 'cmake_args' from command line to 'None'
[0.650s] Level 5:colcon.colcon_core.verb:set package 'isaac_ros_nvblox_benchmark' build argument 'cmake_target' from command line to 'None'
[0.650s] Level 5:colcon.colcon_core.verb:set package 'isaac_ros_nvblox_benchmark' build argument 'cmake_target_skip_unavailable' from command line to 'False'
[0.650s] Level 5:colcon.colcon_core.verb:set package 'isaac_ros_nvblox_benchmark' build argument 'cmake_clean_cache' from command line to 'False'
[0.650s] Level 5:colcon.colcon_core.verb:set package 'isaac_ros_nvblox_benchmark' build argument 'cmake_clean_first' from command line to 'False'
[0.650s] Level 5:colcon.colcon_core.verb:set package 'isaac_ros_nvblox_benchmark' build argument 'cmake_force_configure' from command line to 'False'
[0.650s] Level 5:colcon.colcon_core.verb:set package 'isaac_ros_nvblox_benchmark' build argument 'ament_cmake_args' from command line to 'None'
[0.650s] Level 5:colcon.colcon_core.verb:set package 'isaac_ros_nvblox_benchmark' build argument 'catkin_cmake_args' from command line to 'None'
[0.650s] Level 5:colcon.colcon_core.verb:set package 'isaac_ros_nvblox_benchmark' build argument 'catkin_skip_building_tests' from command line to 'False'
[0.650s] DEBUG:colcon.colcon_core.verb:Building package 'isaac_ros_nvblox_benchmark' with the following arguments: {'ament_cmake_args': None, 'build_base': '/home/kanye/Documents/visionaid/build/isaac_ros_nvblox_benchmark', 'catkin_cmake_args': None, 'catkin_skip_building_tests': False, 'cmake_args': None, 'cmake_clean_cache': False, 'cmake_clean_first': False, 'cmake_force_configure': False, 'cmake_target': None, 'cmake_target_skip_unavailable': False, 'install_base': '/home/kanye/Documents/visionaid/install/isaac_ros_nvblox_benchmark', 'merge_install': False, 'path': '/home/kanye/Documents/visionaid/isaac_ros_ws/src/isaac_ros_benchmark/benchmarks/isaac_ros_nvblox_benchmark', 'symlink_install': False, 'test_result_base': None}
[0.650s] Level 5:colcon.colcon_core.verb:set package 'isaac_ros_pynitros_benchmark' build argument 'cmake_args' from command line to 'None'
[0.650s] Level 5:colcon.colcon_core.verb:set package 'isaac_ros_pynitros_benchmark' build argument 'cmake_target' from command line to 'None'
[0.650s] Level 5:colcon.colcon_core.verb:set package 'isaac_ros_pynitros_benchmark' build argument 'cmake_target_skip_unavailable' from command line to 'False'
[0.650s] Level 5:colcon.colcon_core.verb:set package 'isaac_ros_pynitros_benchmark' build argument 'cmake_clean_cache' from command line to 'False'
[0.650s] Level 5:colcon.colcon_core.verb:set package 'isaac_ros_pynitros_benchmark' build argument 'cmake_clean_first' from command line to 'False'
[0.650s] Level 5:colcon.colcon_core.verb:set package 'isaac_ros_pynitros_benchmark' build argument 'cmake_force_configure' from command line to 'False'
[0.650s] Level 5:colcon.colcon_core.verb:set package 'isaac_ros_pynitros_benchmark' build argument 'ament_cmake_args' from command line to 'None'
[0.650s] Level 5:colcon.colcon_core.verb:set package 'isaac_ros_pynitros_benchmark' build argument 'catkin_cmake_args' from command line to 'None'
[0.650s] Level 5:colcon.colcon_core.verb:set package 'isaac_ros_pynitros_benchmark' build argument 'catkin_skip_building_tests' from command line to 'False'
[0.650s] DEBUG:colcon.colcon_core.verb:Building package 'isaac_ros_pynitros_benchmark' with the following arguments: {'ament_cmake_args': None, 'build_base': '/home/kanye/Documents/visionaid/build/isaac_ros_pynitros_benchmark', 'catkin_cmake_args': None, 'catkin_skip_building_tests': False, 'cmake_args': None, 'cmake_clean_cache': False, 'cmake_clean_first': False, 'cmake_force_configure': False, 'cmake_target': None, 'cmake_target_skip_unavailable': False, 'install_base': '/home/kanye/Documents/visionaid/install/isaac_ros_pynitros_benchmark', 'merge_install': False, 'path': '/home/kanye/Documents/visionaid/isaac_ros_ws/src/isaac_ros_benchmark/benchmarks/isaac_ros_pynitros_benchmark', 'symlink_install': False, 'test_result_base': None}
[0.651s] Level 5:colcon.colcon_core.verb:set package 'isaac_ros_stereo_image_proc_benchmark' build argument 'cmake_args' from command line to 'None'
[0.651s] Level 5:colcon.colcon_core.verb:set package 'isaac_ros_stereo_image_proc_benchmark' build argument 'cmake_target' from command line to 'None'
[0.651s] Level 5:colcon.colcon_core.verb:set package 'isaac_ros_stereo_image_proc_benchmark' build argument 'cmake_target_skip_unavailable' from command line to 'False'
[0.651s] Level 5:colcon.colcon_core.verb:set package 'isaac_ros_stereo_image_proc_benchmark' build argument 'cmake_clean_cache' from command line to 'False'
[0.651s] Level 5:colcon.colcon_core.verb:set package 'isaac_ros_stereo_image_proc_benchmark' build argument 'cmake_clean_first' from command line to 'False'
[0.651s] Level 5:colcon.colcon_core.verb:set package 'isaac_ros_stereo_image_proc_benchmark' build argument 'cmake_force_configure' from command line to 'False'
[0.651s] Level 5:colcon.colcon_core.verb:set package 'isaac_ros_stereo_image_proc_benchmark' build argument 'ament_cmake_args' from command line to 'None'
[0.651s] Level 5:colcon.colcon_core.verb:set package 'isaac_ros_stereo_image_proc_benchmark' build argument 'catkin_cmake_args' from command line to 'None'
[0.651s] Level 5:colcon.colcon_core.verb:set package 'isaac_ros_stereo_image_proc_benchmark' build argument 'catkin_skip_building_tests' from command line to 'False'
[0.651s] DEBUG:colcon.colcon_core.verb:Building package 'isaac_ros_stereo_image_proc_benchmark' with the following arguments: {'ament_cmake_args': None, 'build_base': '/home/kanye/Documents/visionaid/build/isaac_ros_stereo_image_proc_benchmark', 'catkin_cmake_args': None, 'catkin_skip_building_tests': False, 'cmake_args': None, 'cmake_clean_cache': False, 'cmake_clean_first': False, 'cmake_force_configure': False, 'cmake_target': None, 'cmake_target_skip_unavailable': False, 'install_base': '/home/kanye/Documents/visionaid/install/isaac_ros_stereo_image_proc_benchmark', 'merge_install': False, 'path': '/home/kanye/Documents/visionaid/isaac_ros_ws/src/isaac_ros_benchmark/benchmarks/isaac_ros_stereo_image_proc_benchmark', 'symlink_install': False, 'test_result_base': None}
[0.651s] Level 5:colcon.colcon_core.verb:set package 'isaac_ros_tensor_proc' build argument 'cmake_args' from command line to 'None'
[0.651s] Level 5:colcon.colcon_core.verb:set package 'isaac_ros_tensor_proc' build argument 'cmake_target' from command line to 'None'
[0.651s] Level 5:colcon.colcon_core.verb:set package 'isaac_ros_tensor_proc' build argument 'cmake_target_skip_unavailable' from command line to 'False'
[0.651s] Level 5:colcon.colcon_core.verb:set package 'isaac_ros_tensor_proc' build argument 'cmake_clean_cache' from command line to 'False'
[0.651s] Level 5:colcon.colcon_core.verb:set package 'isaac_ros_tensor_proc' build argument 'cmake_clean_first' from command line to 'False'
[0.651s] Level 5:colcon.colcon_core.verb:set package 'isaac_ros_tensor_proc' build argument 'cmake_force_configure' from command line to 'False'
[0.651s] Level 5:colcon.colcon_core.verb:set package 'isaac_ros_tensor_proc' build argument 'ament_cmake_args' from command line to 'None'
[0.651s] Level 5:colcon.colcon_core.verb:set package 'isaac_ros_tensor_proc' build argument 'catkin_cmake_args' from command line to 'None'
[0.651s] Level 5:colcon.colcon_core.verb:set package 'isaac_ros_tensor_proc' build argument 'catkin_skip_building_tests' from command line to 'False'
[0.651s] DEBUG:colcon.colcon_core.verb:Building package 'isaac_ros_tensor_proc' with the following arguments: {'ament_cmake_args': None, 'build_base': '/home/kanye/Documents/visionaid/build/isaac_ros_tensor_proc', 'catkin_cmake_args': None, 'catkin_skip_building_tests': False, 'cmake_args': None, 'cmake_clean_cache': False, 'cmake_clean_first': False, 'cmake_force_configure': False, 'cmake_target': None, 'cmake_target_skip_unavailable': False, 'install_base': '/home/kanye/Documents/visionaid/install/isaac_ros_tensor_proc', 'merge_install': False, 'path': '/home/kanye/Documents/visionaid/isaac_ros_ws/src/isaac_ros_dnn_inference/isaac_ros_tensor_proc', 'symlink_install': False, 'test_result_base': None}
[0.651s] Level 5:colcon.colcon_core.verb:set package 'kalibr' build argument 'cmake_args' from command line to 'None'
[0.651s] Level 5:colcon.colcon_core.verb:set package 'kalibr' build argument 'cmake_target' from command line to 'None'
[0.651s] Level 5:colcon.colcon_core.verb:set package 'kalibr' build argument 'cmake_target_skip_unavailable' from command line to 'False'
[0.651s] Level 5:colcon.colcon_core.verb:set package 'kalibr' build argument 'cmake_clean_cache' from command line to 'False'
[0.651s] Level 5:colcon.colcon_core.verb:set package 'kalibr' build argument 'cmake_clean_first' from command line to 'False'
[0.651s] Level 5:colcon.colcon_core.verb:set package 'kalibr' build argument 'cmake_force_configure' from command line to 'False'
[0.651s] Level 5:colcon.colcon_core.verb:set package 'kalibr' build argument 'ament_cmake_args' from command line to 'None'
[0.651s] Level 5:colcon.colcon_core.verb:set package 'kalibr' build argument 'catkin_cmake_args' from command line to 'None'
[0.651s] Level 5:colcon.colcon_core.verb:set package 'kalibr' build argument 'catkin_skip_building_tests' from command line to 'False'
[0.651s] DEBUG:colcon.colcon_core.verb:Building package 'kalibr' with the following arguments: {'ament_cmake_args': None, 'build_base': '/home/kanye/Documents/visionaid/build/kalibr', 'catkin_cmake_args': None, 'catkin_skip_building_tests': False, 'cmake_args': None, 'cmake_clean_cache': False, 'cmake_clean_first': False, 'cmake_force_configure': False, 'cmake_target': None, 'cmake_target_skip_unavailable': False, 'install_base': '/home/kanye/Documents/visionaid/install/kalibr', 'merge_install': False, 'path': '/home/kanye/Documents/visionaid/calibration/camera/kalibr/aslam_offline_calibration/kalibr', 'symlink_install': False, 'test_result_base': None}
[0.652s] Level 5:colcon.colcon_core.verb:set package 'isaac_ros_dnn_image_encoder' build argument 'cmake_args' from command line to 'None'
[0.652s] Level 5:colcon.colcon_core.verb:set package 'isaac_ros_dnn_image_encoder' build argument 'cmake_target' from command line to 'None'
[0.652s] Level 5:colcon.colcon_core.verb:set package 'isaac_ros_dnn_image_encoder' build argument 'cmake_target_skip_unavailable' from command line to 'False'
[0.652s] Level 5:colcon.colcon_core.verb:set package 'isaac_ros_dnn_image_encoder' build argument 'cmake_clean_cache' from command line to 'False'
[0.652s] Level 5:colcon.colcon_core.verb:set package 'isaac_ros_dnn_image_encoder' build argument 'cmake_clean_first' from command line to 'False'
[0.652s] Level 5:colcon.colcon_core.verb:set package 'isaac_ros_dnn_image_encoder' build argument 'cmake_force_configure' from command line to 'False'
[0.652s] Level 5:colcon.colcon_core.verb:set package 'isaac_ros_dnn_image_encoder' build argument 'ament_cmake_args' from command line to 'None'
[0.652s] Level 5:colcon.colcon_core.verb:set package 'isaac_ros_dnn_image_encoder' build argument 'catkin_cmake_args' from command line to 'None'
[0.652s] Level 5:colcon.colcon_core.verb:set package 'isaac_ros_dnn_image_encoder' build argument 'catkin_skip_building_tests' from command line to 'False'
[0.652s] DEBUG:colcon.colcon_core.verb:Building package 'isaac_ros_dnn_image_encoder' with the following arguments: {'ament_cmake_args': None, 'build_base': '/home/kanye/Documents/visionaid/build/isaac_ros_dnn_image_encoder', 'catkin_cmake_args': None, 'catkin_skip_building_tests': False, 'cmake_args': None, 'cmake_clean_cache': False, 'cmake_clean_first': False, 'cmake_force_configure': False, 'cmake_target': None, 'cmake_target_skip_unavailable': False, 'install_base': '/home/kanye/Documents/visionaid/install/isaac_ros_dnn_image_encoder', 'merge_install': False, 'path': '/home/kanye/Documents/visionaid/isaac_ros_ws/src/isaac_ros_dnn_inference/isaac_ros_dnn_image_encoder', 'symlink_install': False, 'test_result_base': None}
[0.652s] Level 5:colcon.colcon_core.verb:set package 'isaac_ros_ess_nova_benchmark' build argument 'cmake_args' from command line to 'None'
[0.652s] Level 5:colcon.colcon_core.verb:set package 'isaac_ros_ess_nova_benchmark' build argument 'cmake_target' from command line to 'None'
[0.652s] Level 5:colcon.colcon_core.verb:set package 'isaac_ros_ess_nova_benchmark' build argument 'cmake_target_skip_unavailable' from command line to 'False'
[0.652s] Level 5:colcon.colcon_core.verb:set package 'isaac_ros_ess_nova_benchmark' build argument 'cmake_clean_cache' from command line to 'False'
[0.652s] Level 5:colcon.colcon_core.verb:set package 'isaac_ros_ess_nova_benchmark' build argument 'cmake_clean_first' from command line to 'False'
[0.652s] Level 5:colcon.colcon_core.verb:set package 'isaac_ros_ess_nova_benchmark' build argument 'cmake_force_configure' from command line to 'False'
[0.652s] Level 5:colcon.colcon_core.verb:set package 'isaac_ros_ess_nova_benchmark' build argument 'ament_cmake_args' from command line to 'None'
[0.652s] Level 5:colcon.colcon_core.verb:set package 'isaac_ros_ess_nova_benchmark' build argument 'catkin_cmake_args' from command line to 'None'
[0.652s] Level 5:colcon.colcon_core.verb:set package 'isaac_ros_ess_nova_benchmark' build argument 'catkin_skip_building_tests' from command line to 'False'
[0.652s] DEBUG:colcon.colcon_core.verb:Building package 'isaac_ros_ess_nova_benchmark' with the following arguments: {'ament_cmake_args': None, 'build_base': '/home/kanye/Documents/visionaid/build/isaac_ros_ess_nova_benchmark', 'catkin_cmake_args': None, 'catkin_skip_building_tests': False, 'cmake_args': None, 'cmake_clean_cache': False, 'cmake_clean_first': False, 'cmake_force_configure': False, 'cmake_target': None, 'cmake_target_skip_unavailable': False, 'install_base': '/home/kanye/Documents/visionaid/install/isaac_ros_ess_nova_benchmark', 'merge_install': False, 'path': '/home/kanye/Documents/visionaid/isaac_ros_ws/src/isaac_ros_benchmark/benchmarks/isaac_ros_ess_nova_benchmark', 'symlink_install': False, 'test_result_base': None}
[0.652s] Level 5:colcon.colcon_core.verb:set package 'isaac_ros_foundationpose_benchmark' build argument 'cmake_args' from command line to 'None'
[0.652s] Level 5:colcon.colcon_core.verb:set package 'isaac_ros_foundationpose_benchmark' build argument 'cmake_target' from command line to 'None'
[0.652s] Level 5:colcon.colcon_core.verb:set package 'isaac_ros_foundationpose_benchmark' build argument 'cmake_target_skip_unavailable' from command line to 'False'
[0.652s] Level 5:colcon.colcon_core.verb:set package 'isaac_ros_foundationpose_benchmark' build argument 'cmake_clean_cache' from command line to 'False'
[0.652s] Level 5:colcon.colcon_core.verb:set package 'isaac_ros_foundationpose_benchmark' build argument 'cmake_clean_first' from command line to 'False'
[0.652s] Level 5:colcon.colcon_core.verb:set package 'isaac_ros_foundationpose_benchmark' build argument 'cmake_force_configure' from command line to 'False'
[0.652s] Level 5:colcon.colcon_core.verb:set package 'isaac_ros_foundationpose_benchmark' build argument 'ament_cmake_args' from command line to 'None'
[0.652s] Level 5:colcon.colcon_core.verb:set package 'isaac_ros_foundationpose_benchmark' build argument 'catkin_cmake_args' from command line to 'None'
[0.652s] Level 5:colcon.colcon_core.verb:set package 'isaac_ros_foundationpose_benchmark' build argument 'catkin_skip_building_tests' from command line to 'False'
[0.652s] DEBUG:colcon.colcon_core.verb:Building package 'isaac_ros_foundationpose_benchmark' with the following arguments: {'ament_cmake_args': None, 'build_base': '/home/kanye/Documents/visionaid/build/isaac_ros_foundationpose_benchmark', 'catkin_cmake_args': None, 'catkin_skip_building_tests': False, 'cmake_args': None, 'cmake_clean_cache': False, 'cmake_clean_first': False, 'cmake_force_configure': False, 'cmake_target': None, 'cmake_target_skip_unavailable': False, 'install_base': '/home/kanye/Documents/visionaid/install/isaac_ros_foundationpose_benchmark', 'merge_install': False, 'path': '/home/kanye/Documents/visionaid/isaac_ros_ws/src/isaac_ros_benchmark/benchmarks/isaac_ros_foundationpose_benchmark', 'symlink_install': False, 'test_result_base': None}
[0.653s] Level 5:colcon.colcon_core.verb:set package 'isaac_ros_perceptor_nova_benchmark' build argument 'cmake_args' from command line to 'None'
[0.653s] Level 5:colcon.colcon_core.verb:set package 'isaac_ros_perceptor_nova_benchmark' build argument 'cmake_target' from command line to 'None'
[0.653s] Level 5:colcon.colcon_core.verb:set package 'isaac_ros_perceptor_nova_benchmark' build argument 'cmake_target_skip_unavailable' from command line to 'False'
[0.653s] Level 5:colcon.colcon_core.verb:set package 'isaac_ros_perceptor_nova_benchmark' build argument 'cmake_clean_cache' from command line to 'False'
[0.653s] Level 5:colcon.colcon_core.verb:set package 'isaac_ros_perceptor_nova_benchmark' build argument 'cmake_clean_first' from command line to 'False'
[0.653s] Level 5:colcon.colcon_core.verb:set package 'isaac_ros_perceptor_nova_benchmark' build argument 'cmake_force_configure' from command line to 'False'
[0.653s] Level 5:colcon.colcon_core.verb:set package 'isaac_ros_perceptor_nova_benchmark' build argument 'ament_cmake_args' from command line to 'None'
[0.653s] Level 5:colcon.colcon_core.verb:set package 'isaac_ros_perceptor_nova_benchmark' build argument 'catkin_cmake_args' from command line to 'None'
[0.653s] Level 5:colcon.colcon_core.verb:set package 'isaac_ros_perceptor_nova_benchmark' build argument 'catkin_skip_building_tests' from command line to 'False'
[0.653s] DEBUG:colcon.colcon_core.verb:Building package 'isaac_ros_perceptor_nova_benchmark' with the following arguments: {'ament_cmake_args': None, 'build_base': '/home/kanye/Documents/visionaid/build/isaac_ros_perceptor_nova_benchmark', 'catkin_cmake_args': None, 'catkin_skip_building_tests': False, 'cmake_args': None, 'cmake_clean_cache': False, 'cmake_clean_first': False, 'cmake_force_configure': False, 'cmake_target': None, 'cmake_target_skip_unavailable': False, 'install_base': '/home/kanye/Documents/visionaid/install/isaac_ros_perceptor_nova_benchmark', 'merge_install': False, 'path': '/home/kanye/Documents/visionaid/isaac_ros_ws/src/isaac_ros_benchmark/benchmarks/isaac_ros_perceptor_nova_benchmark', 'symlink_install': False, 'test_result_base': None}
[0.653s] Level 5:colcon.colcon_core.verb:set package 'isaac_ros_rtdetr_benchmark' build argument 'cmake_args' from command line to 'None'
[0.653s] Level 5:colcon.colcon_core.verb:set package 'isaac_ros_rtdetr_benchmark' build argument 'cmake_target' from command line to 'None'
[0.653s] Level 5:colcon.colcon_core.verb:set package 'isaac_ros_rtdetr_benchmark' build argument 'cmake_target_skip_unavailable' from command line to 'False'
[0.653s] Level 5:colcon.colcon_core.verb:set package 'isaac_ros_rtdetr_benchmark' build argument 'cmake_clean_cache' from command line to 'False'
[0.653s] Level 5:colcon.colcon_core.verb:set package 'isaac_ros_rtdetr_benchmark' build argument 'cmake_clean_first' from command line to 'False'
[0.653s] Level 5:colcon.colcon_core.verb:set package 'isaac_ros_rtdetr_benchmark' build argument 'cmake_force_configure' from command line to 'False'
[0.653s] Level 5:colcon.colcon_core.verb:set package 'isaac_ros_rtdetr_benchmark' build argument 'ament_cmake_args' from command line to 'None'
[0.653s] Level 5:colcon.colcon_core.verb:set package 'isaac_ros_rtdetr_benchmark' build argument 'catkin_cmake_args' from command line to 'None'
[0.653s] Level 5:colcon.colcon_core.verb:set package 'isaac_ros_rtdetr_benchmark' build argument 'catkin_skip_building_tests' from command line to 'False'
[0.653s] DEBUG:colcon.colcon_core.verb:Building package 'isaac_ros_rtdetr_benchmark' with the following arguments: {'ament_cmake_args': None, 'build_base': '/home/kanye/Documents/visionaid/build/isaac_ros_rtdetr_benchmark', 'catkin_cmake_args': None, 'catkin_skip_building_tests': False, 'cmake_args': None, 'cmake_clean_cache': False, 'cmake_clean_first': False, 'cmake_force_configure': False, 'cmake_target': None, 'cmake_target_skip_unavailable': False, 'install_base': '/home/kanye/Documents/visionaid/install/isaac_ros_rtdetr_benchmark', 'merge_install': False, 'path': '/home/kanye/Documents/visionaid/isaac_ros_ws/src/isaac_ros_benchmark/benchmarks/isaac_ros_rtdetr_benchmark', 'symlink_install': False, 'test_result_base': None}
[0.653s] Level 5:colcon.colcon_core.verb:set package 'isaac_ros_segment_anything_benchmark' build argument 'cmake_args' from command line to 'None'
[0.653s] Level 5:colcon.colcon_core.verb:set package 'isaac_ros_segment_anything_benchmark' build argument 'cmake_target' from command line to 'None'
[0.653s] Level 5:colcon.colcon_core.verb:set package 'isaac_ros_segment_anything_benchmark' build argument 'cmake_target_skip_unavailable' from command line to 'False'
[0.653s] Level 5:colcon.colcon_core.verb:set package 'isaac_ros_segment_anything_benchmark' build argument 'cmake_clean_cache' from command line to 'False'
[0.653s] Level 5:colcon.colcon_core.verb:set package 'isaac_ros_segment_anything_benchmark' build argument 'cmake_clean_first' from command line to 'False'
[0.653s] Level 5:colcon.colcon_core.verb:set package 'isaac_ros_segment_anything_benchmark' build argument 'cmake_force_configure' from command line to 'False'
[0.653s] Level 5:colcon.colcon_core.verb:set package 'isaac_ros_segment_anything_benchmark' build argument 'ament_cmake_args' from command line to 'None'
[0.653s] Level 5:colcon.colcon_core.verb:set package 'isaac_ros_segment_anything_benchmark' build argument 'catkin_cmake_args' from command line to 'None'
[0.653s] Level 5:colcon.colcon_core.verb:set package 'isaac_ros_segment_anything_benchmark' build argument 'catkin_skip_building_tests' from command line to 'False'
[0.653s] DEBUG:colcon.colcon_core.verb:Building package 'isaac_ros_segment_anything_benchmark' with the following arguments: {'ament_cmake_args': None, 'build_base': '/home/kanye/Documents/visionaid/build/isaac_ros_segment_anything_benchmark', 'catkin_cmake_args': None, 'catkin_skip_building_tests': False, 'cmake_args': None, 'cmake_clean_cache': False, 'cmake_clean_first': False, 'cmake_force_configure': False, 'cmake_target': None, 'cmake_target_skip_unavailable': False, 'install_base': '/home/kanye/Documents/visionaid/install/isaac_ros_segment_anything_benchmark', 'merge_install': False, 'path': '/home/kanye/Documents/visionaid/isaac_ros_ws/src/isaac_ros_benchmark/benchmarks/isaac_ros_segment_anything_benchmark', 'symlink_install': False, 'test_result_base': None}
[0.654s] Level 5:colcon.colcon_core.verb:set package 'isaac_ros_centerpose_benchmark' build argument 'cmake_args' from command line to 'None'
[0.654s] Level 5:colcon.colcon_core.verb:set package 'isaac_ros_centerpose_benchmark' build argument 'cmake_target' from command line to 'None'
[0.654s] Level 5:colcon.colcon_core.verb:set package 'isaac_ros_centerpose_benchmark' build argument 'cmake_target_skip_unavailable' from command line to 'False'
[0.654s] Level 5:colcon.colcon_core.verb:set package 'isaac_ros_centerpose_benchmark' build argument 'cmake_clean_cache' from command line to 'False'
[0.654s] Level 5:colcon.colcon_core.verb:set package 'isaac_ros_centerpose_benchmark' build argument 'cmake_clean_first' from command line to 'False'
[0.654s] Level 5:colcon.colcon_core.verb:set package 'isaac_ros_centerpose_benchmark' build argument 'cmake_force_configure' from command line to 'False'
[0.654s] Level 5:colcon.colcon_core.verb:set package 'isaac_ros_centerpose_benchmark' build argument 'ament_cmake_args' from command line to 'None'
[0.654s] Level 5:colcon.colcon_core.verb:set package 'isaac_ros_centerpose_benchmark' build argument 'catkin_cmake_args' from command line to 'None'
[0.654s] Level 5:colcon.colcon_core.verb:set package 'isaac_ros_centerpose_benchmark' build argument 'catkin_skip_building_tests' from command line to 'False'
[0.654s] DEBUG:colcon.colcon_core.verb:Building package 'isaac_ros_centerpose_benchmark' with the following arguments: {'ament_cmake_args': None, 'build_base': '/home/kanye/Documents/visionaid/build/isaac_ros_centerpose_benchmark', 'catkin_cmake_args': None, 'catkin_skip_building_tests': False, 'cmake_args': None, 'cmake_clean_cache': False, 'cmake_clean_first': False, 'cmake_force_configure': False, 'cmake_target': None, 'cmake_target_skip_unavailable': False, 'install_base': '/home/kanye/Documents/visionaid/install/isaac_ros_centerpose_benchmark', 'merge_install': False, 'path': '/home/kanye/Documents/visionaid/isaac_ros_ws/src/isaac_ros_benchmark/benchmarks/isaac_ros_centerpose_benchmark', 'symlink_install': False, 'test_result_base': None}
[0.654s] Level 5:colcon.colcon_core.verb:set package 'isaac_ros_detectnet_benchmark' build argument 'cmake_args' from command line to 'None'
[0.654s] Level 5:colcon.colcon_core.verb:set package 'isaac_ros_detectnet_benchmark' build argument 'cmake_target' from command line to 'None'
[0.654s] Level 5:colcon.colcon_core.verb:set package 'isaac_ros_detectnet_benchmark' build argument 'cmake_target_skip_unavailable' from command line to 'False'
[0.654s] Level 5:colcon.colcon_core.verb:set package 'isaac_ros_detectnet_benchmark' build argument 'cmake_clean_cache' from command line to 'False'
[0.654s] Level 5:colcon.colcon_core.verb:set package 'isaac_ros_detectnet_benchmark' build argument 'cmake_clean_first' from command line to 'False'
[0.654s] Level 5:colcon.colcon_core.verb:set package 'isaac_ros_detectnet_benchmark' build argument 'cmake_force_configure' from command line to 'False'
[0.654s] Level 5:colcon.colcon_core.verb:set package 'isaac_ros_detectnet_benchmark' build argument 'ament_cmake_args' from command line to 'None'
[0.654s] Level 5:colcon.colcon_core.verb:set package 'isaac_ros_detectnet_benchmark' build argument 'catkin_cmake_args' from command line to 'None'
[0.654s] Level 5:colcon.colcon_core.verb:set package 'isaac_ros_detectnet_benchmark' build argument 'catkin_skip_building_tests' from command line to 'False'
[0.654s] DEBUG:colcon.colcon_core.verb:Building package 'isaac_ros_detectnet_benchmark' with the following arguments: {'ament_cmake_args': None, 'build_base': '/home/kanye/Documents/visionaid/build/isaac_ros_detectnet_benchmark', 'catkin_cmake_args': None, 'catkin_skip_building_tests': False, 'cmake_args': None, 'cmake_clean_cache': False, 'cmake_clean_first': False, 'cmake_force_configure': False, 'cmake_target': None, 'cmake_target_skip_unavailable': False, 'install_base': '/home/kanye/Documents/visionaid/install/isaac_ros_detectnet_benchmark', 'merge_install': False, 'path': '/home/kanye/Documents/visionaid/isaac_ros_ws/src/isaac_ros_benchmark/benchmarks/isaac_ros_detectnet_benchmark', 'symlink_install': False, 'test_result_base': None}
[0.654s] Level 5:colcon.colcon_core.verb:set package 'isaac_ros_dnn_image_encoder_benchmark' build argument 'cmake_args' from command line to 'None'
[0.654s] Level 5:colcon.colcon_core.verb:set package 'isaac_ros_dnn_image_encoder_benchmark' build argument 'cmake_target' from command line to 'None'
[0.654s] Level 5:colcon.colcon_core.verb:set package 'isaac_ros_dnn_image_encoder_benchmark' build argument 'cmake_target_skip_unavailable' from command line to 'False'
[0.654s] Level 5:colcon.colcon_core.verb:set package 'isaac_ros_dnn_image_encoder_benchmark' build argument 'cmake_clean_cache' from command line to 'False'
[0.654s] Level 5:colcon.colcon_core.verb:set package 'isaac_ros_dnn_image_encoder_benchmark' build argument 'cmake_clean_first' from command line to 'False'
[0.654s] Level 5:colcon.colcon_core.verb:set package 'isaac_ros_dnn_image_encoder_benchmark' build argument 'cmake_force_configure' from command line to 'False'
[0.654s] Level 5:colcon.colcon_core.verb:set package 'isaac_ros_dnn_image_encoder_benchmark' build argument 'ament_cmake_args' from command line to 'None'
[0.654s] Level 5:colcon.colcon_core.verb:set package 'isaac_ros_dnn_image_encoder_benchmark' build argument 'catkin_cmake_args' from command line to 'None'
[0.654s] Level 5:colcon.colcon_core.verb:set package 'isaac_ros_dnn_image_encoder_benchmark' build argument 'catkin_skip_building_tests' from command line to 'False'
[0.654s] DEBUG:colcon.colcon_core.verb:Building package 'isaac_ros_dnn_image_encoder_benchmark' with the following arguments: {'ament_cmake_args': None, 'build_base': '/home/kanye/Documents/visionaid/build/isaac_ros_dnn_image_encoder_benchmark', 'catkin_cmake_args': None, 'catkin_skip_building_tests': False, 'cmake_args': None, 'cmake_clean_cache': False, 'cmake_clean_first': False, 'cmake_force_configure': False, 'cmake_target': None, 'cmake_target_skip_unavailable': False, 'install_base': '/home/kanye/Documents/visionaid/install/isaac_ros_dnn_image_encoder_benchmark', 'merge_install': False, 'path': '/home/kanye/Documents/visionaid/isaac_ros_ws/src/isaac_ros_benchmark/benchmarks/isaac_ros_dnn_image_encoder_benchmark', 'symlink_install': False, 'test_result_base': None}
[0.655s] Level 5:colcon.colcon_core.verb:set package 'isaac_ros_dope_benchmark' build argument 'cmake_args' from command line to 'None'
[0.655s] Level 5:colcon.colcon_core.verb:set package 'isaac_ros_dope_benchmark' build argument 'cmake_target' from command line to 'None'
[0.655s] Level 5:colcon.colcon_core.verb:set package 'isaac_ros_dope_benchmark' build argument 'cmake_target_skip_unavailable' from command line to 'False'
[0.655s] Level 5:colcon.colcon_core.verb:set package 'isaac_ros_dope_benchmark' build argument 'cmake_clean_cache' from command line to 'False'
[0.655s] Level 5:colcon.colcon_core.verb:set package 'isaac_ros_dope_benchmark' build argument 'cmake_clean_first' from command line to 'False'
[0.655s] Level 5:colcon.colcon_core.verb:set package 'isaac_ros_dope_benchmark' build argument 'cmake_force_configure' from command line to 'False'
[0.655s] Level 5:colcon.colcon_core.verb:set package 'isaac_ros_dope_benchmark' build argument 'ament_cmake_args' from command line to 'None'
[0.655s] Level 5:colcon.colcon_core.verb:set package 'isaac_ros_dope_benchmark' build argument 'catkin_cmake_args' from command line to 'None'
[0.655s] Level 5:colcon.colcon_core.verb:set package 'isaac_ros_dope_benchmark' build argument 'catkin_skip_building_tests' from command line to 'False'
[0.655s] DEBUG:colcon.colcon_core.verb:Building package 'isaac_ros_dope_benchmark' with the following arguments: {'ament_cmake_args': None, 'build_base': '/home/kanye/Documents/visionaid/build/isaac_ros_dope_benchmark', 'catkin_cmake_args': None, 'catkin_skip_building_tests': False, 'cmake_args': None, 'cmake_clean_cache': False, 'cmake_clean_first': False, 'cmake_force_configure': False, 'cmake_target': None, 'cmake_target_skip_unavailable': False, 'install_base': '/home/kanye/Documents/visionaid/install/isaac_ros_dope_benchmark', 'merge_install': False, 'path': '/home/kanye/Documents/visionaid/isaac_ros_ws/src/isaac_ros_benchmark/benchmarks/isaac_ros_dope_benchmark', 'symlink_install': False, 'test_result_base': None}
[0.655s] Level 5:colcon.colcon_core.verb:set package 'isaac_ros_segformer_benchmark' build argument 'cmake_args' from command line to 'None'
[0.655s] Level 5:colcon.colcon_core.verb:set package 'isaac_ros_segformer_benchmark' build argument 'cmake_target' from command line to 'None'
[0.655s] Level 5:colcon.colcon_core.verb:set package 'isaac_ros_segformer_benchmark' build argument 'cmake_target_skip_unavailable' from command line to 'False'
[0.655s] Level 5:colcon.colcon_core.verb:set package 'isaac_ros_segformer_benchmark' build argument 'cmake_clean_cache' from command line to 'False'
[0.655s] Level 5:colcon.colcon_core.verb:set package 'isaac_ros_segformer_benchmark' build argument 'cmake_clean_first' from command line to 'False'
[0.655s] Level 5:colcon.colcon_core.verb:set package 'isaac_ros_segformer_benchmark' build argument 'cmake_force_configure' from command line to 'False'
[0.655s] Level 5:colcon.colcon_core.verb:set package 'isaac_ros_segformer_benchmark' build argument 'ament_cmake_args' from command line to 'None'
[0.655s] Level 5:colcon.colcon_core.verb:set package 'isaac_ros_segformer_benchmark' build argument 'catkin_cmake_args' from command line to 'None'
[0.655s] Level 5:colcon.colcon_core.verb:set package 'isaac_ros_segformer_benchmark' build argument 'catkin_skip_building_tests' from command line to 'False'
[0.655s] DEBUG:colcon.colcon_core.verb:Building package 'isaac_ros_segformer_benchmark' with the following arguments: {'ament_cmake_args': None, 'build_base': '/home/kanye/Documents/visionaid/build/isaac_ros_segformer_benchmark', 'catkin_cmake_args': None, 'catkin_skip_building_tests': False, 'cmake_args': None, 'cmake_clean_cache': False, 'cmake_clean_first': False, 'cmake_force_configure': False, 'cmake_target': None, 'cmake_target_skip_unavailable': False, 'install_base': '/home/kanye/Documents/visionaid/install/isaac_ros_segformer_benchmark', 'merge_install': False, 'path': '/home/kanye/Documents/visionaid/isaac_ros_ws/src/isaac_ros_benchmark/benchmarks/isaac_ros_segformer_benchmark', 'symlink_install': False, 'test_result_base': None}
[0.655s] Level 5:colcon.colcon_core.verb:set package 'isaac_ros_tensor_rt_benchmark' build argument 'cmake_args' from command line to 'None'
[0.655s] Level 5:colcon.colcon_core.verb:set package 'isaac_ros_tensor_rt_benchmark' build argument 'cmake_target' from command line to 'None'
[0.655s] Level 5:colcon.colcon_core.verb:set package 'isaac_ros_tensor_rt_benchmark' build argument 'cmake_target_skip_unavailable' from command line to 'False'
[0.655s] Level 5:colcon.colcon_core.verb:set package 'isaac_ros_tensor_rt_benchmark' build argument 'cmake_clean_cache' from command line to 'False'
[0.655s] Level 5:colcon.colcon_core.verb:set package 'isaac_ros_tensor_rt_benchmark' build argument 'cmake_clean_first' from command line to 'False'
[0.655s] Level 5:colcon.colcon_core.verb:set package 'isaac_ros_tensor_rt_benchmark' build argument 'cmake_force_configure' from command line to 'False'
[0.655s] Level 5:colcon.colcon_core.verb:set package 'isaac_ros_tensor_rt_benchmark' build argument 'ament_cmake_args' from command line to 'None'
[0.655s] Level 5:colcon.colcon_core.verb:set package 'isaac_ros_tensor_rt_benchmark' build argument 'catkin_cmake_args' from command line to 'None'
[0.655s] Level 5:colcon.colcon_core.verb:set package 'isaac_ros_tensor_rt_benchmark' build argument 'catkin_skip_building_tests' from command line to 'False'
[0.655s] DEBUG:colcon.colcon_core.verb:Building package 'isaac_ros_tensor_rt_benchmark' with the following arguments: {'ament_cmake_args': None, 'build_base': '/home/kanye/Documents/visionaid/build/isaac_ros_tensor_rt_benchmark', 'catkin_cmake_args': None, 'catkin_skip_building_tests': False, 'cmake_args': None, 'cmake_clean_cache': False, 'cmake_clean_first': False, 'cmake_force_configure': False, 'cmake_target': None, 'cmake_target_skip_unavailable': False, 'install_base': '/home/kanye/Documents/visionaid/install/isaac_ros_tensor_rt_benchmark', 'merge_install': False, 'path': '/home/kanye/Documents/visionaid/isaac_ros_ws/src/isaac_ros_benchmark/benchmarks/isaac_ros_tensor_rt_benchmark', 'symlink_install': False, 'test_result_base': None}
[0.656s] Level 5:colcon.colcon_core.verb:set package 'isaac_ros_triton_benchmark' build argument 'cmake_args' from command line to 'None'
[0.656s] Level 5:colcon.colcon_core.verb:set package 'isaac_ros_triton_benchmark' build argument 'cmake_target' from command line to 'None'
[0.656s] Level 5:colcon.colcon_core.verb:set package 'isaac_ros_triton_benchmark' build argument 'cmake_target_skip_unavailable' from command line to 'False'
[0.656s] Level 5:colcon.colcon_core.verb:set package 'isaac_ros_triton_benchmark' build argument 'cmake_clean_cache' from command line to 'False'
[0.656s] Level 5:colcon.colcon_core.verb:set package 'isaac_ros_triton_benchmark' build argument 'cmake_clean_first' from command line to 'False'
[0.656s] Level 5:colcon.colcon_core.verb:set package 'isaac_ros_triton_benchmark' build argument 'cmake_force_configure' from command line to 'False'
[0.656s] Level 5:colcon.colcon_core.verb:set package 'isaac_ros_triton_benchmark' build argument 'ament_cmake_args' from command line to 'None'
[0.656s] Level 5:colcon.colcon_core.verb:set package 'isaac_ros_triton_benchmark' build argument 'catkin_cmake_args' from command line to 'None'
[0.656s] Level 5:colcon.colcon_core.verb:set package 'isaac_ros_triton_benchmark' build argument 'catkin_skip_building_tests' from command line to 'False'
[0.656s] DEBUG:colcon.colcon_core.verb:Building package 'isaac_ros_triton_benchmark' with the following arguments: {'ament_cmake_args': None, 'build_base': '/home/kanye/Documents/visionaid/build/isaac_ros_triton_benchmark', 'catkin_cmake_args': None, 'catkin_skip_building_tests': False, 'cmake_args': None, 'cmake_clean_cache': False, 'cmake_clean_first': False, 'cmake_force_configure': False, 'cmake_target': None, 'cmake_target_skip_unavailable': False, 'install_base': '/home/kanye/Documents/visionaid/install/isaac_ros_triton_benchmark', 'merge_install': False, 'path': '/home/kanye/Documents/visionaid/isaac_ros_ws/src/isaac_ros_benchmark/benchmarks/isaac_ros_triton_benchmark', 'symlink_install': False, 'test_result_base': None}
[0.656s] Level 5:colcon.colcon_core.verb:set package 'isaac_ros_unet_benchmark' build argument 'cmake_args' from command line to 'None'
[0.656s] Level 5:colcon.colcon_core.verb:set package 'isaac_ros_unet_benchmark' build argument 'cmake_target' from command line to 'None'
[0.656s] Level 5:colcon.colcon_core.verb:set package 'isaac_ros_unet_benchmark' build argument 'cmake_target_skip_unavailable' from command line to 'False'
[0.656s] Level 5:colcon.colcon_core.verb:set package 'isaac_ros_unet_benchmark' build argument 'cmake_clean_cache' from command line to 'False'
[0.656s] Level 5:colcon.colcon_core.verb:set package 'isaac_ros_unet_benchmark' build argument 'cmake_clean_first' from command line to 'False'
[0.656s] Level 5:colcon.colcon_core.verb:set package 'isaac_ros_unet_benchmark' build argument 'cmake_force_configure' from command line to 'False'
[0.656s] Level 5:colcon.colcon_core.verb:set package 'isaac_ros_unet_benchmark' build argument 'ament_cmake_args' from command line to 'None'
[0.656s] Level 5:colcon.colcon_core.verb:set package 'isaac_ros_unet_benchmark' build argument 'catkin_cmake_args' from command line to 'None'
[0.656s] Level 5:colcon.colcon_core.verb:set package 'isaac_ros_unet_benchmark' build argument 'catkin_skip_building_tests' from command line to 'False'
[0.656s] DEBUG:colcon.colcon_core.verb:Building package 'isaac_ros_unet_benchmark' with the following arguments: {'ament_cmake_args': None, 'build_base': '/home/kanye/Documents/visionaid/build/isaac_ros_unet_benchmark', 'catkin_cmake_args': None, 'catkin_skip_building_tests': False, 'cmake_args': None, 'cmake_clean_cache': False, 'cmake_clean_first': False, 'cmake_force_configure': False, 'cmake_target': None, 'cmake_target_skip_unavailable': False, 'install_base': '/home/kanye/Documents/visionaid/install/isaac_ros_unet_benchmark', 'merge_install': False, 'path': '/home/kanye/Documents/visionaid/isaac_ros_ws/src/isaac_ros_benchmark/benchmarks/isaac_ros_unet_benchmark', 'symlink_install': False, 'test_result_base': None}
[0.656s] INFO:colcon.colcon_core.executor:Executing jobs using 'parallel' executor
[0.657s] DEBUG:colcon.colcon_parallel_executor.executor.parallel:run_until_complete
[0.660s] INFO:colcon.colcon_ros.task.ament_cmake.build:Building ROS package in '/home/kanye/Documents/visionaid/isaac_ros_ws/src/isaac_ros_common/isaac_ros_common' with build type 'ament_cmake'
[0.661s] INFO:colcon.colcon_cmake.task.cmake.build:Building CMake package in '/home/kanye/Documents/visionaid/isaac_ros_ws/src/isaac_ros_common/isaac_ros_common'
[0.668s] INFO:colcon.colcon_core.plugin_system:Skipping extension 'colcon_core.shell.bat': Not used on non-Windows systems
[0.668s] INFO:colcon.colcon_core.shell:Skip shell extension 'powershell' for command environment: Not usable outside of PowerShell
[0.668s] DEBUG:colcon.colcon_core.shell:Skip shell extension 'dsv' for command environment
[0.670s] INFO:colcon.colcon_ros.task.catkin.build:Building ROS package in '/home/kanye/Documents/visionaid/calibration/camera/kalibr/Schweizer-Messer/sm_common' with build type 'catkin'
[0.671s] INFO:colcon.colcon_cmake.task.cmake.build:Building CMake package in '/home/kanye/Documents/visionaid/calibration/camera/kalibr/Schweizer-Messer/sm_common'
[0.671s] INFO:colcon.colcon_core.shell:Skip shell extension 'powershell' for command environment: Not usable outside of PowerShell
[0.671s] DEBUG:colcon.colcon_core.shell:Skip shell extension 'dsv' for command environment
[0.673s] INFO:colcon.colcon_ros.task.catkin.build:Building ROS package in '/home/kanye/Documents/visionaid/calibration/camera/kalibr/Schweizer-Messer/sm_random' with build type 'catkin'
[0.673s] INFO:colcon.colcon_cmake.task.cmake.build:Building CMake package in '/home/kanye/Documents/visionaid/calibration/camera/kalibr/Schweizer-Messer/sm_random'
[0.673s] INFO:colcon.colcon_core.shell:Skip shell extension 'powershell' for command environment: Not usable outside of PowerShell
[0.673s] DEBUG:colcon.colcon_core.shell:Skip shell extension 'dsv' for command environment
[0.676s] INFO:colcon.colcon_ros.task.catkin.build:Building ROS package in '/home/kanye/Documents/visionaid/calibration/camera/kalibr/Schweizer-Messer/sm_logging' with build type 'catkin'
[0.676s] INFO:colcon.colcon_cmake.task.cmake.build:Building CMake package in '/home/kanye/Documents/visionaid/calibration/camera/kalibr/Schweizer-Messer/sm_logging'
[0.676s] INFO:colcon.colcon_core.shell:Skip shell extension 'powershell' for command environment: Not usable outside of PowerShell
[0.676s] DEBUG:colcon.colcon_core.shell:Skip shell extension 'dsv' for command environment
[0.678s] INFO:colcon.colcon_ros.task.catkin.build:Building ROS package in '/home/kanye/Documents/visionaid/calibration/camera/kalibr/catkin_simple' with build type 'catkin'
[0.678s] INFO:colcon.colcon_cmake.task.cmake.build:Building CMake package in '/home/kanye/Documents/visionaid/calibration/camera/kalibr/catkin_simple'
[0.678s] INFO:colcon.colcon_core.shell:Skip shell extension 'powershell' for command environment: Not usable outside of PowerShell
[0.678s] DEBUG:colcon.colcon_core.shell:Skip shell extension 'dsv' for command environment
[0.681s] INFO:colcon.colcon_ros.task.catkin.build:Building ROS package in '/home/kanye/Documents/visionaid/calibration/camera/kalibr/Schweizer-Messer/python_module' with build type 'catkin'
[0.681s] INFO:colcon.colcon_cmake.task.cmake.build:Building CMake package in '/home/kanye/Documents/visionaid/calibration/camera/kalibr/Schweizer-Messer/python_module'
[0.681s] INFO:colcon.colcon_core.shell:Skip shell extension 'powershell' for command environment: Not usable outside of PowerShell
[0.681s] DEBUG:colcon.colcon_core.shell:Skip shell extension 'dsv' for command environment
[0.683s] INFO:colcon.colcon_ros.task.catkin.build:Building ROS package in '/home/kanye/Documents/visionaid/calibration/camera/kalibr/aslam_cv/aslam_time' with build type 'catkin'
[0.683s] INFO:colcon.colcon_cmake.task.cmake.build:Building CMake package in '/home/kanye/Documents/visionaid/calibration/camera/kalibr/aslam_cv/aslam_time'
[0.684s] INFO:colcon.colcon_core.shell:Skip shell extension 'powershell' for command environment: Not usable outside of PowerShell
[0.684s] DEBUG:colcon.colcon_core.shell:Skip shell extension 'dsv' for command environment
[0.686s] INFO:colcon.colcon_ros.task.catkin.build:Building ROS package in '/home/kanye/Documents/visionaid/calibration/camera/kalibr/aslam_offline_calibration/ethz_apriltag2' with build type 'catkin'
[0.686s] INFO:colcon.colcon_cmake.task.cmake.build:Building CMake package in '/home/kanye/Documents/visionaid/calibration/camera/kalibr/aslam_offline_calibration/ethz_apriltag2'
[0.687s] INFO:colcon.colcon_core.shell:Skip shell extension 'powershell' for command environment: Not usable outside of PowerShell
[0.687s] DEBUG:colcon.colcon_core.shell:Skip shell extension 'dsv' for command environment
[0.689s] INFO:colcon.colcon_ros.task.ament_cmake.build:Building ROS package in '/home/kanye/Documents/visionaid/isaac_ros_ws/src/isaac_ros_benchmark/benchmarks/isaac_ros_moveit_benchmark/robot_configs/ur5_gripper_moveit_config' with build type 'ament_cmake'
[0.689s] INFO:colcon.colcon_cmake.task.cmake.build:Building CMake package in '/home/kanye/Documents/visionaid/isaac_ros_ws/src/isaac_ros_benchmark/benchmarks/isaac_ros_moveit_benchmark/robot_configs/ur5_gripper_moveit_config'
[0.689s] INFO:colcon.colcon_core.shell:Skip shell extension 'powershell' for command environment: Not usable outside of PowerShell
[0.689s] DEBUG:colcon.colcon_core.shell:Skip shell extension 'dsv' for command environment
[0.692s] INFO:colcon.colcon_ros.task.ament_cmake.build:Building ROS package in '/home/kanye/Documents/visionaid/isaac_ros_ws/src/isaac_ros_benchmark/benchmarks/isaac_ros_moveit_benchmark/robot_descriptions/ur5_robotiq_85_description' with build type 'ament_cmake'
[0.692s] INFO:colcon.colcon_cmake.task.cmake.build:Building CMake package in '/home/kanye/Documents/visionaid/isaac_ros_ws/src/isaac_ros_benchmark/benchmarks/isaac_ros_moveit_benchmark/robot_descriptions/ur5_robotiq_85_description'
[0.692s] INFO:colcon.colcon_core.shell:Skip shell extension 'powershell' for command environment: Not usable outside of PowerShell
[0.692s] DEBUG:colcon.colcon_core.shell:Skip shell extension 'dsv' for command environment
[0.696s] INFO:colcon.colcon_ros.task.catkin.build:Building ROS package in '/home/kanye/Documents/visionaid/calibration/camera/allan_variance_ros' with build type 'catkin'
[0.696s] INFO:colcon.colcon_cmake.task.cmake.build:Building CMake package in '/home/kanye/Documents/visionaid/calibration/camera/allan_variance_ros'
[0.696s] INFO:colcon.colcon_core.shell:Skip shell extension 'powershell' for command environment: Not usable outside of PowerShell
[0.696s] DEBUG:colcon.colcon_core.shell:Skip shell extension 'dsv' for command environment
[0.698s] INFO:colcon.colcon_ros.task.ament_python.build:Building ROS package in '/home/kanye/Documents/visionaid/isaac_ros_ws/src/assistive_navigation_core' with build type 'ament_python'
[0.698s] Level 1:colcon.colcon_core.shell:create_environment_hook('assistive_navigation_core', 'ament_prefix_path')
[0.699s] INFO:colcon.colcon_core.shell:Creating environment hook '/home/kanye/Documents/visionaid/install/assistive_navigation_core/share/assistive_navigation_core/hook/ament_prefix_path.ps1'
[0.699s] INFO:colcon.colcon_core.shell:Creating environment descriptor '/home/kanye/Documents/visionaid/install/assistive_navigation_core/share/assistive_navigation_core/hook/ament_prefix_path.dsv'
[0.700s] INFO:colcon.colcon_core.shell:Creating environment hook '/home/kanye/Documents/visionaid/install/assistive_navigation_core/share/assistive_navigation_core/hook/ament_prefix_path.sh'
[0.701s] INFO:colcon.colcon_core.shell:Skip shell extension 'powershell' for command environment: Not usable outside of PowerShell
[0.701s] DEBUG:colcon.colcon_core.shell:Skip shell extension 'dsv' for command environment
[0.705s] INFO:colcon.colcon_ros.task.ament_python.build:Building ROS package in '/home/kanye/Documents/visionaid/isaac_ros_ws/src/gps_navigation_system' with build type 'ament_python'
[0.705s] Level 1:colcon.colcon_core.shell:create_environment_hook('gps_navigation_system', 'ament_prefix_path')
[0.705s] INFO:colcon.colcon_core.shell:Creating environment hook '/home/kanye/Documents/visionaid/install/gps_navigation_system/share/gps_navigation_system/hook/ament_prefix_path.ps1'
[0.705s] INFO:colcon.colcon_core.shell:Creating environment descriptor '/home/kanye/Documents/visionaid/install/gps_navigation_system/share/gps_navigation_system/hook/ament_prefix_path.dsv'
[0.705s] INFO:colcon.colcon_core.shell:Creating environment hook '/home/kanye/Documents/visionaid/install/gps_navigation_system/share/gps_navigation_system/hook/ament_prefix_path.sh'
[0.706s] INFO:colcon.colcon_core.shell:Skip shell extension 'powershell' for command environment: Not usable outside of PowerShell
[0.706s] DEBUG:colcon.colcon_core.shell:Skip shell extension 'dsv' for command environment
[0.709s] INFO:colcon.colcon_ros.task.ament_cmake.build:Building ROS package in '/home/kanye/Documents/visionaid/microros_ws/src/micro-ROS-Agent/micro_ros_agent' with build type 'ament_cmake'
[0.709s] INFO:colcon.colcon_cmake.task.cmake.build:Building CMake package in '/home/kanye/Documents/visionaid/microros_ws/src/micro-ROS-Agent/micro_ros_agent'
[0.709s] INFO:colcon.colcon_core.shell:Skip shell extension 'powershell' for command environment: Not usable outside of PowerShell
[0.709s] DEBUG:colcon.colcon_core.shell:Skip shell extension 'dsv' for command environment
[0.712s] INFO:colcon.colcon_ros.task.ament_cmake.build:Building ROS package in '/home/kanye/Documents/visionaid/ros2_ws/src/my_robot_localization' with build type 'ament_cmake'
[0.712s] INFO:colcon.colcon_cmake.task.cmake.build:Building CMake package in '/home/kanye/Documents/visionaid/ros2_ws/src/my_robot_localization'
[0.713s] INFO:colcon.colcon_core.shell:Skip shell extension 'powershell' for command environment: Not usable outside of PowerShell
[0.713s] DEBUG:colcon.colcon_core.shell:Skip shell extension 'dsv' for command environment
[0.716s] INFO:colcon.colcon_ros.task.ament_python.build:Building ROS package in '/home/kanye/Documents/visionaid/isaac_ros_ws/src/scene_description_system' with build type 'ament_python'
[0.717s] Level 1:colcon.colcon_core.shell:create_environment_hook('scene_description_system', 'ament_prefix_path')
[0.717s] INFO:colcon.colcon_core.shell:Creating environment hook '/home/kanye/Documents/visionaid/install/scene_description_system/share/scene_description_system/hook/ament_prefix_path.ps1'
[0.717s] INFO:colcon.colcon_core.shell:Creating environment descriptor '/home/kanye/Documents/visionaid/install/scene_description_system/share/scene_description_system/hook/ament_prefix_path.dsv'
[0.718s] INFO:colcon.colcon_core.shell:Creating environment hook '/home/kanye/Documents/visionaid/install/scene_description_system/share/scene_description_system/hook/ament_prefix_path.sh'
[0.718s] INFO:colcon.colcon_core.shell:Skip shell extension 'powershell' for command environment: Not usable outside of PowerShell
[0.718s] DEBUG:colcon.colcon_core.shell:Skip shell extension 'dsv' for command environment
[0.722s] INFO:colcon.colcon_ros.task.ament_cmake.build:Building ROS package in '/home/kanye/Documents/visionaid/isaac_ros_ws/src/shared_interfaces' with build type 'ament_cmake'
[0.722s] INFO:colcon.colcon_cmake.task.cmake.build:Building CMake package in '/home/kanye/Documents/visionaid/isaac_ros_ws/src/shared_interfaces'
[0.722s] INFO:colcon.colcon_core.shell:Skip shell extension 'powershell' for command environment: Not usable outside of PowerShell
[0.722s] DEBUG:colcon.colcon_core.shell:Skip shell extension 'dsv' for command environment
[0.726s] INFO:colcon.colcon_ros.task.ament_python.build:Building ROS package in '/home/kanye/Documents/visionaid/isaac_ros_ws/src/traffic_crossing_assistant' with build type 'ament_python'
[0.726s] Level 1:colcon.colcon_core.shell:create_environment_hook('traffic_crossing_assistant', 'ament_prefix_path')
[0.726s] INFO:colcon.colcon_core.shell:Creating environment hook '/home/kanye/Documents/visionaid/install/traffic_crossing_assistant/share/traffic_crossing_assistant/hook/ament_prefix_path.ps1'
[0.726s] INFO:colcon.colcon_core.shell:Creating environment descriptor '/home/kanye/Documents/visionaid/install/traffic_crossing_assistant/share/traffic_crossing_assistant/hook/ament_prefix_path.dsv'
[0.727s] INFO:colcon.colcon_core.shell:Creating environment hook '/home/kanye/Documents/visionaid/install/traffic_crossing_assistant/share/traffic_crossing_assistant/hook/ament_prefix_path.sh'
[0.727s] INFO:colcon.colcon_core.shell:Skip shell extension 'powershell' for command environment: Not usable outside of PowerShell
[0.727s] DEBUG:colcon.colcon_core.shell:Skip shell extension 'dsv' for command environment
[0.729s] INFO:colcon.colcon_ros.task.ament_python.build:Building ROS package in '/home/kanye/Documents/visionaid/isaac_ros_ws/src/vlm_scene_understanding' with build type 'ament_python'
[0.729s] Level 1:colcon.colcon_core.shell:create_environment_hook('vlm_scene_understanding', 'ament_prefix_path')
[0.730s] INFO:colcon.colcon_core.shell:Creating environment hook '/home/kanye/Documents/visionaid/install/vlm_scene_understanding/share/vlm_scene_understanding/hook/ament_prefix_path.ps1'
[0.730s] INFO:colcon.colcon_core.shell:Creating environment descriptor '/home/kanye/Documents/visionaid/install/vlm_scene_understanding/share/vlm_scene_understanding/hook/ament_prefix_path.dsv'
[0.730s] INFO:colcon.colcon_core.shell:Creating environment hook '/home/kanye/Documents/visionaid/install/vlm_scene_understanding/share/vlm_scene_understanding/hook/ament_prefix_path.sh'
[0.731s] INFO:colcon.colcon_core.shell:Skip shell extension 'powershell' for command environment: Not usable outside of PowerShell
[0.731s] DEBUG:colcon.colcon_core.shell:Skip shell extension 'dsv' for command environment
[0.739s] DEBUG:colcon.colcon_core.event_handler.log_command:Invoking command in '/home/kanye/Documents/visionaid/build/isaac_ros_common': CMAKE_PREFIX_PATH=${CMAKE_PREFIX_PATH}:/opt/ros/humble /usr/bin/cmake --build /home/kanye/Documents/visionaid/build/isaac_ros_common -- -j28 -l28
[0.741s] DEBUG:colcon.colcon_core.event_handler.log_command:Invoking command in '/home/kanye/Documents/visionaid/build/sm_common': /usr/bin/cmake /home/kanye/Documents/visionaid/calibration/camera/kalibr/Schweizer-Messer/sm_common -DCATKIN_INSTALL_INTO_PREFIX_ROOT=0 -DCMAKE_INSTALL_PREFIX=/home/kanye/Documents/visionaid/install/sm_common
[0.742s] DEBUG:colcon.colcon_core.event_handler.log_command:Invoking command in '/home/kanye/Documents/visionaid/build/sm_random': /usr/bin/cmake /home/kanye/Documents/visionaid/calibration/camera/kalibr/Schweizer-Messer/sm_random -DCATKIN_INSTALL_INTO_PREFIX_ROOT=0 -DCMAKE_INSTALL_PREFIX=/home/kanye/Documents/visionaid/install/sm_random
[0.744s] DEBUG:colcon.colcon_core.event_handler.log_command:Invoking command in '/home/kanye/Documents/visionaid/build/sm_logging': /usr/bin/cmake /home/kanye/Documents/visionaid/calibration/camera/kalibr/Schweizer-Messer/sm_logging -DCATKIN_INSTALL_INTO_PREFIX_ROOT=0 -DCMAKE_INSTALL_PREFIX=/home/kanye/Documents/visionaid/install/sm_logging
[0.746s] DEBUG:colcon.colcon_core.event_handler.log_command:Invoking command in '/home/kanye/Documents/visionaid/build/catkin_simple': /usr/bin/cmake /home/kanye/Documents/visionaid/calibration/camera/kalibr/catkin_simple -DCATKIN_INSTALL_INTO_PREFIX_ROOT=0 -DCMAKE_INSTALL_PREFIX=/home/kanye/Documents/visionaid/install/catkin_simple
[0.747s] DEBUG:colcon.colcon_core.event_handler.log_command:Invoking command in '/home/kanye/Documents/visionaid/build/python_module': /usr/bin/cmake /home/kanye/Documents/visionaid/calibration/camera/kalibr/Schweizer-Messer/python_module -DCATKIN_INSTALL_INTO_PREFIX_ROOT=0 -DCMAKE_INSTALL_PREFIX=/home/kanye/Documents/visionaid/install/python_module
[0.749s] DEBUG:colcon.colcon_core.event_handler.log_command:Invoking command in '/home/kanye/Documents/visionaid/build/aslam_time': /usr/bin/cmake /home/kanye/Documents/visionaid/calibration/camera/kalibr/aslam_cv/aslam_time -DCATKIN_INSTALL_INTO_PREFIX_ROOT=0 -DCMAKE_INSTALL_PREFIX=/home/kanye/Documents/visionaid/install/aslam_time
[0.751s] DEBUG:colcon.colcon_core.event_handler.log_command:Invoking command in '/home/kanye/Documents/visionaid/build/ethz_apriltag2': /usr/bin/cmake /home/kanye/Documents/visionaid/calibration/camera/kalibr/aslam_offline_calibration/ethz_apriltag2 -DCATKIN_INSTALL_INTO_PREFIX_ROOT=0 -DCMAKE_INSTALL_PREFIX=/home/kanye/Documents/visionaid/install/ethz_apriltag2
[0.753s] DEBUG:colcon.colcon_core.event_handler.log_command:Invoking command in '/home/kanye/Documents/visionaid/build/ur5_gripper_moveit_config': CMAKE_PREFIX_PATH=${CMAKE_PREFIX_PATH}:/opt/ros/humble /usr/bin/cmake --build /home/kanye/Documents/visionaid/build/ur5_gripper_moveit_config -- -j28 -l28
[0.756s] DEBUG:colcon.colcon_core.event_handler.log_command:Invoking command in '/home/kanye/Documents/visionaid/build/ur5_robotiq_85_description': CMAKE_PREFIX_PATH=${CMAKE_PREFIX_PATH}:/opt/ros/humble /usr/bin/cmake --build /home/kanye/Documents/visionaid/build/ur5_robotiq_85_description -- -j28 -l28
[0.759s] DEBUG:colcon.colcon_core.event_handler.log_command:Invoking command in '/home/kanye/Documents/visionaid/build/allan_variance_ros': /usr/bin/cmake /home/kanye/Documents/visionaid/calibration/camera/allan_variance_ros -DCATKIN_INSTALL_INTO_PREFIX_ROOT=0 -DCMAKE_INSTALL_PREFIX=/home/kanye/Documents/visionaid/install/allan_variance_ros
[0.946s] INFO:colcon.colcon_core.task.python.build:Building Python package in '/home/kanye/Documents/visionaid/isaac_ros_ws/src/assistive_navigation_core'
[0.946s] INFO:colcon.colcon_core.shell:Skip shell extension 'powershell' for command environment: Not usable outside of PowerShell
[0.946s] DEBUG:colcon.colcon_core.shell:Skip shell extension 'dsv' for command environment
[1.151s] INFO:colcon.colcon_core.task.python.build:Building Python package in '/home/kanye/Documents/visionaid/isaac_ros_ws/src/gps_navigation_system'
[1.151s] INFO:colcon.colcon_core.shell:Skip shell extension 'powershell' for command environment: Not usable outside of PowerShell
[1.151s] DEBUG:colcon.colcon_core.shell:Skip shell extension 'dsv' for command environment
[1.158s] DEBUG:colcon.colcon_core.event_handler.log_command:Invoking command in '/home/kanye/Documents/visionaid/build/micro_ros_agent': CMAKE_PREFIX_PATH=${CMAKE_PREFIX_PATH}:/opt/ros/humble /usr/bin/cmake --build /home/kanye/Documents/visionaid/build/micro_ros_agent -- -j28 -l28
[1.159s] DEBUG:colcon.colcon_core.event_handler.log_command:Invoking command in '/home/kanye/Documents/visionaid/build/my_robot_localization': CMAKE_PREFIX_PATH=${CMAKE_PREFIX_PATH}:/opt/ros/humble /usr/bin/cmake --build /home/kanye/Documents/visionaid/build/my_robot_localization -- -j28 -l28
[1.376s] INFO:colcon.colcon_core.task.python.build:Building Python package in '/home/kanye/Documents/visionaid/isaac_ros_ws/src/scene_description_system'
[1.376s] INFO:colcon.colcon_core.shell:Skip shell extension 'powershell' for command environment: Not usable outside of PowerShell
[1.376s] DEBUG:colcon.colcon_core.shell:Skip shell extension 'dsv' for command environment
[1.387s] DEBUG:colcon.colcon_core.event_handler.log_command:Invoking command in '/home/kanye/Documents/visionaid/build/shared_interfaces': CMAKE_PREFIX_PATH=${CMAKE_PREFIX_PATH}:/opt/ros/humble /usr/bin/cmake --build /home/kanye/Documents/visionaid/build/shared_interfaces -- -j28 -l28
[1.743s] INFO:colcon.colcon_core.task.python.build:Building Python package in '/home/kanye/Documents/visionaid/isaac_ros_ws/src/traffic_crossing_assistant'
[1.744s] INFO:colcon.colcon_core.shell:Skip shell extension 'powershell' for command environment: Not usable outside of PowerShell
[1.744s] DEBUG:colcon.colcon_core.shell:Skip shell extension 'dsv' for command environment
[2.128s] INFO:colcon.colcon_core.task.python.build:Building Python package in '/home/kanye/Documents/visionaid/isaac_ros_ws/src/vlm_scene_understanding'
[2.129s] INFO:colcon.colcon_core.shell:Skip shell extension 'powershell' for command environment: Not usable outside of PowerShell
[2.129s] DEBUG:colcon.colcon_core.shell:Skip shell extension 'dsv' for command environment
[2.224s] DEBUG:colcon.colcon_core.event_handler.log_command:Invoked command in '/home/kanye/Documents/visionaid/build/sm_random' returned '1': /usr/bin/cmake /home/kanye/Documents/visionaid/calibration/camera/kalibr/Schweizer-Messer/sm_random -DCATKIN_INSTALL_INTO_PREFIX_ROOT=0 -DCMAKE_INSTALL_PREFIX=/home/kanye/Documents/visionaid/install/sm_random
[2.227s] DEBUG:colcon.colcon_core.event_handler.log_command:Invoked command in '/home/kanye/Documents/visionaid/build/python_module' returned '1': /usr/bin/cmake /home/kanye/Documents/visionaid/calibration/camera/kalibr/Schweizer-Messer/python_module -DCATKIN_INSTALL_INTO_PREFIX_ROOT=0 -DCMAKE_INSTALL_PREFIX=/home/kanye/Documents/visionaid/install/python_module
[2.233s] DEBUG:colcon.colcon_core.event_handler.log_command:Invoked command in '/home/kanye/Documents/visionaid/build/sm_logging' returned '1': /usr/bin/cmake /home/kanye/Documents/visionaid/calibration/camera/kalibr/Schweizer-Messer/sm_logging -DCATKIN_INSTALL_INTO_PREFIX_ROOT=0 -DCMAKE_INSTALL_PREFIX=/home/kanye/Documents/visionaid/install/sm_logging
[2.246s] DEBUG:colcon.colcon_core.event_handler.log_command:Invoked command in '/home/kanye/Documents/visionaid/build/aslam_time' returned '1': /usr/bin/cmake /home/kanye/Documents/visionaid/calibration/camera/kalibr/aslam_cv/aslam_time -DCATKIN_INSTALL_INTO_PREFIX_ROOT=0 -DCMAKE_INSTALL_PREFIX=/home/kanye/Documents/visionaid/install/aslam_time
[2.250s] DEBUG:colcon.colcon_core.event_handler.log_command:Invoked command in '/home/kanye/Documents/visionaid/build/catkin_simple' returned '1': /usr/bin/cmake /home/kanye/Documents/visionaid/calibration/camera/kalibr/catkin_simple -DCATKIN_INSTALL_INTO_PREFIX_ROOT=0 -DCMAKE_INSTALL_PREFIX=/home/kanye/Documents/visionaid/install/catkin_simple
[2.259s] DEBUG:colcon.colcon_core.event_handler.log_command:Invoked command in '/home/kanye/Documents/visionaid/build/sm_common' returned '1': /usr/bin/cmake /home/kanye/Documents/visionaid/calibration/camera/kalibr/Schweizer-Messer/sm_common -DCATKIN_INSTALL_INTO_PREFIX_ROOT=0 -DCMAKE_INSTALL_PREFIX=/home/kanye/Documents/visionaid/install/sm_common
[2.260s] DEBUG:colcon.colcon_core.event_handler.log_command:Invoked command in '/home/kanye/Documents/visionaid/build/ur5_gripper_moveit_config' returned '0': CMAKE_PREFIX_PATH=${CMAKE_PREFIX_PATH}:/opt/ros/humble /usr/bin/cmake --build /home/kanye/Documents/visionaid/build/ur5_gripper_moveit_config -- -j28 -l28
[2.285s] DEBUG:colcon.colcon_core.event_handler.log_command:Invoking command in '/home/kanye/Documents/visionaid/build/ur5_gripper_moveit_config': CMAKE_PREFIX_PATH=${CMAKE_PREFIX_PATH}:/opt/ros/humble /usr/bin/cmake --install /home/kanye/Documents/visionaid/build/ur5_gripper_moveit_config
[2.286s] DEBUG:colcon.colcon_core.event_handler.log_command:Invoked command in '/home/kanye/Documents/visionaid/build/my_robot_localization' returned '0': CMAKE_PREFIX_PATH=${CMAKE_PREFIX_PATH}:/opt/ros/humble /usr/bin/cmake --build /home/kanye/Documents/visionaid/build/my_robot_localization -- -j28 -l28
[2.288s] DEBUG:colcon.colcon_core.event_handler.log_command:Invoking command in '/home/kanye/Documents/visionaid/build/my_robot_localization': CMAKE_PREFIX_PATH=${CMAKE_PREFIX_PATH}:/opt/ros/humble /usr/bin/cmake --install /home/kanye/Documents/visionaid/build/my_robot_localization
[2.290s] DEBUG:colcon.colcon_core.event_handler.log_command:Invoked command in '/home/kanye/Documents/visionaid/build/ur5_robotiq_85_description' returned '0': CMAKE_PREFIX_PATH=${CMAKE_PREFIX_PATH}:/opt/ros/humble /usr/bin/cmake --build /home/kanye/Documents/visionaid/build/ur5_robotiq_85_description -- -j28 -l28
[2.298s] DEBUG:colcon.colcon_core.event_handler.log_command:Invoking command in '/home/kanye/Documents/visionaid/build/ur5_robotiq_85_description': CMAKE_PREFIX_PATH=${CMAKE_PREFIX_PATH}:/opt/ros/humble /usr/bin/cmake --install /home/kanye/Documents/visionaid/build/ur5_robotiq_85_description
[2.301s] DEBUG:colcon.colcon_core.event_handler.log_command:Invoked command in '/home/kanye/Documents/visionaid/build/allan_variance_ros' returned '1': /usr/bin/cmake /home/kanye/Documents/visionaid/calibration/camera/allan_variance_ros -DCATKIN_INSTALL_INTO_PREFIX_ROOT=0 -DCMAKE_INSTALL_PREFIX=/home/kanye/Documents/visionaid/install/allan_variance_ros
[2.308s] DEBUG:colcon.colcon_core.event_handler.log_command:Invoked command in '/home/kanye/Documents/visionaid/build/shared_interfaces' returned '0': CMAKE_PREFIX_PATH=${CMAKE_PREFIX_PATH}:/opt/ros/humble /usr/bin/cmake --build /home/kanye/Documents/visionaid/build/shared_interfaces -- -j28 -l28
[2.312s] DEBUG:colcon.colcon_core.event_handler.log_command:Invoking command in '/home/kanye/Documents/visionaid/build/shared_interfaces': CMAKE_PREFIX_PATH=${CMAKE_PREFIX_PATH}:/opt/ros/humble /usr/bin/cmake --install /home/kanye/Documents/visionaid/build/shared_interfaces
[2.338s] DEBUG:colcon.colcon_core.event_handler.log_command:Invoked command in '/home/kanye/Documents/visionaid/build/ethz_apriltag2' returned '1': /usr/bin/cmake /home/kanye/Documents/visionaid/calibration/camera/kalibr/aslam_offline_calibration/ethz_apriltag2 -DCATKIN_INSTALL_INTO_PREFIX_ROOT=0 -DCMAKE_INSTALL_PREFIX=/home/kanye/Documents/visionaid/install/ethz_apriltag2
[2.379s] Level 1:colcon.colcon_core.environment:create_environment_scripts_only(ur5_gripper_moveit_config)
[2.382s] DEBUG:colcon.colcon_core.event_handler.log_command:Invoked command in '/home/kanye/Documents/visionaid/build/ur5_gripper_moveit_config' returned '0': CMAKE_PREFIX_PATH=${CMAKE_PREFIX_PATH}:/opt/ros/humble /usr/bin/cmake --install /home/kanye/Documents/visionaid/build/ur5_gripper_moveit_config
[2.389s] Level 1:colcon.colcon_core.environment:checking '/home/kanye/Documents/visionaid/install/ur5_gripper_moveit_config' for CMake module files
[2.389s] Level 1:colcon.colcon_core.environment:checking '/home/kanye/Documents/visionaid/install/ur5_gripper_moveit_config' for CMake config files
[2.389s] Level 1:colcon.colcon_core.shell:create_environment_hook('ur5_gripper_moveit_config', 'cmake_prefix_path')
[2.390s] INFO:colcon.colcon_core.shell:Creating environment hook '/home/kanye/Documents/visionaid/install/ur5_gripper_moveit_config/share/ur5_gripper_moveit_config/hook/cmake_prefix_path.ps1'
[2.390s] INFO:colcon.colcon_core.shell:Creating environment descriptor '/home/kanye/Documents/visionaid/install/ur5_gripper_moveit_config/share/ur5_gripper_moveit_config/hook/cmake_prefix_path.dsv'
[2.390s] INFO:colcon.colcon_core.shell:Creating environment hook '/home/kanye/Documents/visionaid/install/ur5_gripper_moveit_config/share/ur5_gripper_moveit_config/hook/cmake_prefix_path.sh'
[2.391s] Level 1:colcon.colcon_core.environment:checking '/home/kanye/Documents/visionaid/install/ur5_gripper_moveit_config/bin'
[2.391s] Level 1:colcon.colcon_core.environment:checking '/home/kanye/Documents/visionaid/install/ur5_gripper_moveit_config/lib/pkgconfig/ur5_gripper_moveit_config.pc'
[2.391s] Level 1:colcon.colcon_core.environment:checking '/home/kanye/Documents/visionaid/install/ur5_gripper_moveit_config/lib/python3.10/site-packages'
[2.392s] Level 1:colcon.colcon_core.environment:checking '/home/kanye/Documents/visionaid/install/ur5_gripper_moveit_config/bin'
[2.395s] INFO:colcon.colcon_core.shell:Creating package script '/home/kanye/Documents/visionaid/install/ur5_gripper_moveit_config/share/ur5_gripper_moveit_config/package.ps1'
[2.396s] INFO:colcon.colcon_core.shell:Creating package descriptor '/home/kanye/Documents/visionaid/install/ur5_gripper_moveit_config/share/ur5_gripper_moveit_config/package.dsv'
[2.401s] INFO:colcon.colcon_core.shell:Creating package script '/home/kanye/Documents/visionaid/install/ur5_gripper_moveit_config/share/ur5_gripper_moveit_config/package.sh'
[2.402s] INFO:colcon.colcon_core.shell:Creating package script '/home/kanye/Documents/visionaid/install/ur5_gripper_moveit_config/share/ur5_gripper_moveit_config/package.bash'
[2.403s] INFO:colcon.colcon_core.shell:Creating package script '/home/kanye/Documents/visionaid/install/ur5_gripper_moveit_config/share/ur5_gripper_moveit_config/package.zsh'
[2.404s] Level 1:colcon.colcon_core.environment:create_file_with_runtime_dependencies(/home/kanye/Documents/visionaid/install/ur5_gripper_moveit_config/share/colcon-core/packages/ur5_gripper_moveit_config)
[2.405s] Level 1:colcon.colcon_core.environment:create_environment_scripts_only(ur5_gripper_moveit_config)
[2.405s] Level 1:colcon.colcon_core.environment:checking '/home/kanye/Documents/visionaid/install/ur5_gripper_moveit_config' for CMake module files
[2.408s] Level 1:colcon.colcon_core.environment:checking '/home/kanye/Documents/visionaid/install/ur5_gripper_moveit_config' for CMake config files
[2.408s] Level 1:colcon.colcon_core.shell:create_environment_hook('ur5_gripper_moveit_config', 'cmake_prefix_path')
[2.409s] INFO:colcon.colcon_core.shell:Creating environment hook '/home/kanye/Documents/visionaid/install/ur5_gripper_moveit_config/share/ur5_gripper_moveit_config/hook/cmake_prefix_path.ps1'
[2.409s] INFO:colcon.colcon_core.shell:Creating environment descriptor '/home/kanye/Documents/visionaid/install/ur5_gripper_moveit_config/share/ur5_gripper_moveit_config/hook/cmake_prefix_path.dsv'
[2.413s] INFO:colcon.colcon_core.shell:Creating environment hook '/home/kanye/Documents/visionaid/install/ur5_gripper_moveit_config/share/ur5_gripper_moveit_config/hook/cmake_prefix_path.sh'
[2.414s] Level 1:colcon.colcon_core.environment:checking '/home/kanye/Documents/visionaid/install/ur5_gripper_moveit_config/bin'
[2.414s] Level 1:colcon.colcon_core.environment:checking '/home/kanye/Documents/visionaid/install/ur5_gripper_moveit_config/lib/pkgconfig/ur5_gripper_moveit_config.pc'
[2.414s] Level 1:colcon.colcon_core.environment:checking '/home/kanye/Documents/visionaid/install/ur5_gripper_moveit_config/lib/python3.10/site-packages'
[2.414s] Level 1:colcon.colcon_core.environment:checking '/home/kanye/Documents/visionaid/install/ur5_gripper_moveit_config/bin'
[2.415s] INFO:colcon.colcon_core.shell:Creating package script '/home/kanye/Documents/visionaid/install/ur5_gripper_moveit_config/share/ur5_gripper_moveit_config/package.ps1'
[2.415s] INFO:colcon.colcon_core.shell:Creating package descriptor '/home/kanye/Documents/visionaid/install/ur5_gripper_moveit_config/share/ur5_gripper_moveit_config/package.dsv'
[2.416s] INFO:colcon.colcon_core.shell:Creating package script '/home/kanye/Documents/visionaid/install/ur5_gripper_moveit_config/share/ur5_gripper_moveit_config/package.sh'
[2.416s] INFO:colcon.colcon_core.shell:Creating package script '/home/kanye/Documents/visionaid/install/ur5_gripper_moveit_config/share/ur5_gripper_moveit_config/package.bash'
[2.420s] INFO:colcon.colcon_core.shell:Creating package script '/home/kanye/Documents/visionaid/install/ur5_gripper_moveit_config/share/ur5_gripper_moveit_config/package.zsh'
[2.421s] Level 1:colcon.colcon_core.environment:create_file_with_runtime_dependencies(/home/kanye/Documents/visionaid/install/ur5_gripper_moveit_config/share/colcon-core/packages/ur5_gripper_moveit_config)
[2.427s] Level 1:colcon.colcon_core.environment:create_environment_scripts_only(my_robot_localization)
[2.427s] Level 1:colcon.colcon_core.environment:checking '/home/kanye/Documents/visionaid/install/my_robot_localization' for CMake module files
[2.428s] Level 1:colcon.colcon_core.environment:checking '/home/kanye/Documents/visionaid/install/my_robot_localization' for CMake config files
[2.428s] Level 1:colcon.colcon_core.shell:create_environment_hook('my_robot_localization', 'cmake_prefix_path')
[2.428s] INFO:colcon.colcon_core.shell:Creating environment hook '/home/kanye/Documents/visionaid/install/my_robot_localization/share/my_robot_localization/hook/cmake_prefix_path.ps1'
[2.429s] INFO:colcon.colcon_core.shell:Creating environment descriptor '/home/kanye/Documents/visionaid/install/my_robot_localization/share/my_robot_localization/hook/cmake_prefix_path.dsv'
[2.429s] INFO:colcon.colcon_core.shell:Creating environment hook '/home/kanye/Documents/visionaid/install/my_robot_localization/share/my_robot_localization/hook/cmake_prefix_path.sh'
[2.430s] Level 1:colcon.colcon_core.environment:checking '/home/kanye/Documents/visionaid/install/my_robot_localization/lib'
[2.431s] DEBUG:colcon.colcon_core.event_handler.log_command:Invoked command in '/home/kanye/Documents/visionaid/build/my_robot_localization' returned '0': CMAKE_PREFIX_PATH=${CMAKE_PREFIX_PATH}:/opt/ros/humble /usr/bin/cmake --install /home/kanye/Documents/visionaid/build/my_robot_localization
[2.431s] Level 1:colcon.colcon_core.environment:checking '/home/kanye/Documents/visionaid/install/my_robot_localization/bin'
[2.431s] Level 1:colcon.colcon_core.environment:checking '/home/kanye/Documents/visionaid/install/my_robot_localization/lib/pkgconfig/my_robot_localization.pc'
[2.431s] Level 1:colcon.colcon_core.environment:checking '/home/kanye/Documents/visionaid/install/my_robot_localization/lib/python3.10/site-packages'
[2.431s] Level 1:colcon.colcon_core.environment:checking '/home/kanye/Documents/visionaid/install/my_robot_localization/bin'
[2.432s] INFO:colcon.colcon_core.shell:Creating package script '/home/kanye/Documents/visionaid/install/my_robot_localization/share/my_robot_localization/package.ps1'
[2.432s] INFO:colcon.colcon_core.shell:Creating package descriptor '/home/kanye/Documents/visionaid/install/my_robot_localization/share/my_robot_localization/package.dsv'
[2.436s] INFO:colcon.colcon_core.shell:Creating package script '/home/kanye/Documents/visionaid/install/my_robot_localization/share/my_robot_localization/package.sh'
[2.437s] INFO:colcon.colcon_core.shell:Creating package script '/home/kanye/Documents/visionaid/install/my_robot_localization/share/my_robot_localization/package.bash'
[2.437s] INFO:colcon.colcon_core.shell:Creating package script '/home/kanye/Documents/visionaid/install/my_robot_localization/share/my_robot_localization/package.zsh'
[2.437s] Level 1:colcon.colcon_core.environment:create_file_with_runtime_dependencies(/home/kanye/Documents/visionaid/install/my_robot_localization/share/colcon-core/packages/my_robot_localization)
[2.438s] Level 1:colcon.colcon_core.environment:create_environment_scripts_only(my_robot_localization)
[2.438s] Level 1:colcon.colcon_core.environment:checking '/home/kanye/Documents/visionaid/install/my_robot_localization' for CMake module files
[2.439s] Level 1:colcon.colcon_core.environment:checking '/home/kanye/Documents/visionaid/install/my_robot_localization' for CMake config files
[2.439s] Level 1:colcon.colcon_core.shell:create_environment_hook('my_robot_localization', 'cmake_prefix_path')
[2.439s] INFO:colcon.colcon_core.shell:Creating environment hook '/home/kanye/Documents/visionaid/install/my_robot_localization/share/my_robot_localization/hook/cmake_prefix_path.ps1'
[2.440s] INFO:colcon.colcon_core.shell:Creating environment descriptor '/home/kanye/Documents/visionaid/install/my_robot_localization/share/my_robot_localization/hook/cmake_prefix_path.dsv'
[2.440s] INFO:colcon.colcon_core.shell:Creating environment hook '/home/kanye/Documents/visionaid/install/my_robot_localization/share/my_robot_localization/hook/cmake_prefix_path.sh'
[2.441s] Level 1:colcon.colcon_core.environment:checking '/home/kanye/Documents/visionaid/install/my_robot_localization/lib'
[2.441s] Level 1:colcon.colcon_core.environment:checking '/home/kanye/Documents/visionaid/install/my_robot_localization/bin'
[2.441s] Level 1:colcon.colcon_core.environment:checking '/home/kanye/Documents/visionaid/install/my_robot_localization/lib/pkgconfig/my_robot_localization.pc'
[2.441s] Level 1:colcon.colcon_core.environment:checking '/home/kanye/Documents/visionaid/install/my_robot_localization/lib/python3.10/site-packages'
[2.441s] Level 1:colcon.colcon_core.environment:checking '/home/kanye/Documents/visionaid/install/my_robot_localization/bin'
[2.442s] INFO:colcon.colcon_core.shell:Creating package script '/home/kanye/Documents/visionaid/install/my_robot_localization/share/my_robot_localization/package.ps1'
[2.442s] INFO:colcon.colcon_core.shell:Creating package descriptor '/home/kanye/Documents/visionaid/install/my_robot_localization/share/my_robot_localization/package.dsv'
[2.443s] INFO:colcon.colcon_core.shell:Creating package script '/home/kanye/Documents/visionaid/install/my_robot_localization/share/my_robot_localization/package.sh'
[2.443s] INFO:colcon.colcon_core.shell:Creating package script '/home/kanye/Documents/visionaid/install/my_robot_localization/share/my_robot_localization/package.bash'
[2.444s] INFO:colcon.colcon_core.shell:Creating package script '/home/kanye/Documents/visionaid/install/my_robot_localization/share/my_robot_localization/package.zsh'
[2.444s] Level 1:colcon.colcon_core.environment:create_file_with_runtime_dependencies(/home/kanye/Documents/visionaid/install/my_robot_localization/share/colcon-core/packages/my_robot_localization)
[2.444s] Level 1:colcon.colcon_core.environment:create_environment_scripts_only(shared_interfaces)
[2.445s] DEBUG:colcon.colcon_core.event_handler.log_command:Invoked command in '/home/kanye/Documents/visionaid/build/shared_interfaces' returned '0': CMAKE_PREFIX_PATH=${CMAKE_PREFIX_PATH}:/opt/ros/humble /usr/bin/cmake --install /home/kanye/Documents/visionaid/build/shared_interfaces
[2.446s] Level 1:colcon.colcon_core.environment:checking '/home/kanye/Documents/visionaid/install/shared_interfaces' for CMake module files
[2.446s] Level 1:colcon.colcon_core.environment:checking '/home/kanye/Documents/visionaid/install/shared_interfaces' for CMake config files
[2.446s] Level 1:colcon.colcon_core.shell:create_environment_hook('shared_interfaces', 'cmake_prefix_path')
[2.447s] INFO:colcon.colcon_core.shell:Creating environment hook '/home/kanye/Documents/visionaid/install/shared_interfaces/share/shared_interfaces/hook/cmake_prefix_path.ps1'
[2.447s] INFO:colcon.colcon_core.shell:Creating environment descriptor '/home/kanye/Documents/visionaid/install/shared_interfaces/share/shared_interfaces/hook/cmake_prefix_path.dsv'
[2.447s] INFO:colcon.colcon_core.shell:Creating environment hook '/home/kanye/Documents/visionaid/install/shared_interfaces/share/shared_interfaces/hook/cmake_prefix_path.sh'
[2.448s] Level 1:colcon.colcon_core.environment:checking '/home/kanye/Documents/visionaid/install/shared_interfaces/bin'
[2.448s] Level 1:colcon.colcon_core.environment:checking '/home/kanye/Documents/visionaid/install/shared_interfaces/lib/pkgconfig/shared_interfaces.pc'
[2.448s] Level 1:colcon.colcon_core.environment:checking '/home/kanye/Documents/visionaid/install/shared_interfaces/lib/python3.10/site-packages'
[2.448s] Level 1:colcon.colcon_core.environment:checking '/home/kanye/Documents/visionaid/install/shared_interfaces/bin'
[2.449s] INFO:colcon.colcon_core.shell:Creating package script '/home/kanye/Documents/visionaid/install/shared_interfaces/share/shared_interfaces/package.ps1'
[2.449s] INFO:colcon.colcon_core.shell:Creating package descriptor '/home/kanye/Documents/visionaid/install/shared_interfaces/share/shared_interfaces/package.dsv'
[2.450s] INFO:colcon.colcon_core.shell:Creating package script '/home/kanye/Documents/visionaid/install/shared_interfaces/share/shared_interfaces/package.sh'
[2.450s] INFO:colcon.colcon_core.shell:Creating package script '/home/kanye/Documents/visionaid/install/shared_interfaces/share/shared_interfaces/package.bash'
[2.450s] INFO:colcon.colcon_core.shell:Creating package script '/home/kanye/Documents/visionaid/install/shared_interfaces/share/shared_interfaces/package.zsh'
[2.451s] Level 1:colcon.colcon_core.environment:create_file_with_runtime_dependencies(/home/kanye/Documents/visionaid/install/shared_interfaces/share/colcon-core/packages/shared_interfaces)
[2.452s] Level 1:colcon.colcon_core.environment:create_environment_scripts_only(shared_interfaces)
[2.452s] Level 1:colcon.colcon_core.environment:checking '/home/kanye/Documents/visionaid/install/shared_interfaces' for CMake module files
[2.453s] Level 1:colcon.colcon_core.environment:checking '/home/kanye/Documents/visionaid/install/shared_interfaces' for CMake config files
[2.453s] Level 1:colcon.colcon_core.shell:create_environment_hook('shared_interfaces', 'cmake_prefix_path')
[2.453s] INFO:colcon.colcon_core.shell:Creating environment hook '/home/kanye/Documents/visionaid/install/shared_interfaces/share/shared_interfaces/hook/cmake_prefix_path.ps1'
[2.453s] INFO:colcon.colcon_core.shell:Creating environment descriptor '/home/kanye/Documents/visionaid/install/shared_interfaces/share/shared_interfaces/hook/cmake_prefix_path.dsv'
[2.454s] INFO:colcon.colcon_core.shell:Creating environment hook '/home/kanye/Documents/visionaid/install/shared_interfaces/share/shared_interfaces/hook/cmake_prefix_path.sh'
[2.454s] Level 1:colcon.colcon_core.environment:checking '/home/kanye/Documents/visionaid/install/shared_interfaces/bin'
[2.454s] Level 1:colcon.colcon_core.environment:checking '/home/kanye/Documents/visionaid/install/shared_interfaces/lib/pkgconfig/shared_interfaces.pc'
[2.455s] Level 1:colcon.colcon_core.environment:checking '/home/kanye/Documents/visionaid/install/shared_interfaces/lib/python3.10/site-packages'
[2.455s] Level 1:colcon.colcon_core.environment:checking '/home/kanye/Documents/visionaid/install/shared_interfaces/bin'
[2.455s] INFO:colcon.colcon_core.shell:Creating package script '/home/kanye/Documents/visionaid/install/shared_interfaces/share/shared_interfaces/package.ps1'
[2.456s] INFO:colcon.colcon_core.shell:Creating package descriptor '/home/kanye/Documents/visionaid/install/shared_interfaces/share/shared_interfaces/package.dsv'
[2.456s] INFO:colcon.colcon_core.shell:Creating package script '/home/kanye/Documents/visionaid/install/shared_interfaces/share/shared_interfaces/package.sh'
[2.457s] INFO:colcon.colcon_core.shell:Creating package script '/home/kanye/Documents/visionaid/install/shared_interfaces/share/shared_interfaces/package.bash'
[2.457s] INFO:colcon.colcon_core.shell:Creating package script '/home/kanye/Documents/visionaid/install/shared_interfaces/share/shared_interfaces/package.zsh'
[2.457s] Level 1:colcon.colcon_core.environment:create_file_with_runtime_dependencies(/home/kanye/Documents/visionaid/install/shared_interfaces/share/colcon-core/packages/shared_interfaces)
[2.459s] Level 1:colcon.colcon_core.environment:create_environment_scripts_only(ur5_robotiq_85_description)
[2.459s] DEBUG:colcon.colcon_core.event_handler.log_command:Invoked command in '/home/kanye/Documents/visionaid/build/ur5_robotiq_85_description' returned '0': CMAKE_PREFIX_PATH=${CMAKE_PREFIX_PATH}:/opt/ros/humble /usr/bin/cmake --install /home/kanye/Documents/visionaid/build/ur5_robotiq_85_description
[2.459s] Level 1:colcon.colcon_core.environment:checking '/home/kanye/Documents/visionaid/install/ur5_robotiq_85_description' for CMake module files
[2.460s] Level 1:colcon.colcon_core.environment:checking '/home/kanye/Documents/visionaid/install/ur5_robotiq_85_description' for CMake config files
[2.460s] Level 1:colcon.colcon_core.shell:create_environment_hook('ur5_robotiq_85_description', 'cmake_prefix_path')
[2.460s] INFO:colcon.colcon_core.shell:Creating environment hook '/home/kanye/Documents/visionaid/install/ur5_robotiq_85_description/share/ur5_robotiq_85_description/hook/cmake_prefix_path.ps1'
[2.461s] INFO:colcon.colcon_core.shell:Creating environment descriptor '/home/kanye/Documents/visionaid/install/ur5_robotiq_85_description/share/ur5_robotiq_85_description/hook/cmake_prefix_path.dsv'
[2.461s] INFO:colcon.colcon_core.shell:Creating environment hook '/home/kanye/Documents/visionaid/install/ur5_robotiq_85_description/share/ur5_robotiq_85_description/hook/cmake_prefix_path.sh'
[2.462s] Level 1:colcon.colcon_core.environment:checking '/home/kanye/Documents/visionaid/install/ur5_robotiq_85_description/bin'
[2.462s] Level 1:colcon.colcon_core.environment:checking '/home/kanye/Documents/visionaid/install/ur5_robotiq_85_description/lib/pkgconfig/ur5_robotiq_85_description.pc'
[2.462s] Level 1:colcon.colcon_core.environment:checking '/home/kanye/Documents/visionaid/install/ur5_robotiq_85_description/lib/python3.10/site-packages'
[2.462s] Level 1:colcon.colcon_core.environment:checking '/home/kanye/Documents/visionaid/install/ur5_robotiq_85_description/bin'
[2.463s] INFO:colcon.colcon_core.shell:Creating package script '/home/kanye/Documents/visionaid/install/ur5_robotiq_85_description/share/ur5_robotiq_85_description/package.ps1'
[2.464s] INFO:colcon.colcon_core.shell:Creating package descriptor '/home/kanye/Documents/visionaid/install/ur5_robotiq_85_description/share/ur5_robotiq_85_description/package.dsv'
[2.464s] INFO:colcon.colcon_core.shell:Creating package script '/home/kanye/Documents/visionaid/install/ur5_robotiq_85_description/share/ur5_robotiq_85_description/package.sh'
[2.465s] INFO:colcon.colcon_core.shell:Creating package script '/home/kanye/Documents/visionaid/install/ur5_robotiq_85_description/share/ur5_robotiq_85_description/package.bash'
[2.466s] INFO:colcon.colcon_core.shell:Creating package script '/home/kanye/Documents/visionaid/install/ur5_robotiq_85_description/share/ur5_robotiq_85_description/package.zsh'
[2.467s] Level 1:colcon.colcon_core.environment:create_file_with_runtime_dependencies(/home/kanye/Documents/visionaid/install/ur5_robotiq_85_description/share/colcon-core/packages/ur5_robotiq_85_description)
[2.467s] Level 1:colcon.colcon_core.environment:create_environment_scripts_only(ur5_robotiq_85_description)
[2.468s] Level 1:colcon.colcon_core.environment:checking '/home/kanye/Documents/visionaid/install/ur5_robotiq_85_description' for CMake module files
[2.468s] Level 1:colcon.colcon_core.environment:checking '/home/kanye/Documents/visionaid/install/ur5_robotiq_85_description' for CMake config files
[2.468s] Level 1:colcon.colcon_core.shell:create_environment_hook('ur5_robotiq_85_description', 'cmake_prefix_path')
[2.469s] INFO:colcon.colcon_core.shell:Creating environment hook '/home/kanye/Documents/visionaid/install/ur5_robotiq_85_description/share/ur5_robotiq_85_description/hook/cmake_prefix_path.ps1'
[2.469s] INFO:colcon.colcon_core.shell:Creating environment descriptor '/home/kanye/Documents/visionaid/install/ur5_robotiq_85_description/share/ur5_robotiq_85_description/hook/cmake_prefix_path.dsv'
[2.469s] INFO:colcon.colcon_core.shell:Creating environment hook '/home/kanye/Documents/visionaid/install/ur5_robotiq_85_description/share/ur5_robotiq_85_description/hook/cmake_prefix_path.sh'
[2.470s] Level 1:colcon.colcon_core.environment:checking '/home/kanye/Documents/visionaid/install/ur5_robotiq_85_description/bin'
[2.470s] Level 1:colcon.colcon_core.environment:checking '/home/kanye/Documents/visionaid/install/ur5_robotiq_85_description/lib/pkgconfig/ur5_robotiq_85_description.pc'
[2.470s] Level 1:colcon.colcon_core.environment:checking '/home/kanye/Documents/visionaid/install/ur5_robotiq_85_description/lib/python3.10/site-packages'
[2.471s] Level 1:colcon.colcon_core.environment:checking '/home/kanye/Documents/visionaid/install/ur5_robotiq_85_description/bin'
[2.471s] INFO:colcon.colcon_core.shell:Creating package script '/home/kanye/Documents/visionaid/install/ur5_robotiq_85_description/share/ur5_robotiq_85_description/package.ps1'
[2.471s] INFO:colcon.colcon_core.shell:Creating package descriptor '/home/kanye/Documents/visionaid/install/ur5_robotiq_85_description/share/ur5_robotiq_85_description/package.dsv'
[2.472s] INFO:colcon.colcon_core.shell:Creating package script '/home/kanye/Documents/visionaid/install/ur5_robotiq_85_description/share/ur5_robotiq_85_description/package.sh'
[2.472s] INFO:colcon.colcon_core.shell:Creating package script '/home/kanye/Documents/visionaid/install/ur5_robotiq_85_description/share/ur5_robotiq_85_description/package.bash'
[2.473s] INFO:colcon.colcon_core.shell:Creating package script '/home/kanye/Documents/visionaid/install/ur5_robotiq_85_description/share/ur5_robotiq_85_description/package.zsh'
[2.473s] Level 1:colcon.colcon_core.environment:create_file_with_runtime_dependencies(/home/kanye/Documents/visionaid/install/ur5_robotiq_85_description/share/colcon-core/packages/ur5_robotiq_85_description)
[2.474s] Level 1:colcon.colcon_core.environment:create_environment_scripts_only(sm_random)
[2.475s] Level 1:colcon.colcon_core.environment:checking '/home/kanye/Documents/visionaid/install/sm_random' for CMake module files
[2.475s] Level 1:colcon.colcon_core.environment:checking '/home/kanye/Documents/visionaid/install/sm_random' for CMake config files
[2.475s] Level 1:colcon.colcon_core.environment:checking '/home/kanye/Documents/visionaid/install/sm_random/bin'
[2.475s] Level 1:colcon.colcon_core.environment:checking '/home/kanye/Documents/visionaid/install/sm_random/lib/pkgconfig/sm_random.pc'
[2.476s] Level 1:colcon.colcon_core.environment:checking '/home/kanye/Documents/visionaid/install/sm_random/lib/python3.10/site-packages'
[2.476s] Level 1:colcon.colcon_core.environment:checking '/home/kanye/Documents/visionaid/install/sm_random/bin'
[2.476s] INFO:colcon.colcon_core.shell:Creating package script '/home/kanye/Documents/visionaid/install/sm_random/share/sm_random/package.ps1'
[2.477s] INFO:colcon.colcon_core.shell:Creating package descriptor '/home/kanye/Documents/visionaid/install/sm_random/share/sm_random/package.dsv'
[2.477s] INFO:colcon.colcon_core.shell:Creating package script '/home/kanye/Documents/visionaid/install/sm_random/share/sm_random/package.sh'
[2.478s] INFO:colcon.colcon_core.shell:Creating package script '/home/kanye/Documents/visionaid/install/sm_random/share/sm_random/package.bash'
[2.478s] INFO:colcon.colcon_core.shell:Creating package script '/home/kanye/Documents/visionaid/install/sm_random/share/sm_random/package.zsh'
[2.478s] Level 1:colcon.colcon_core.environment:create_file_with_runtime_dependencies(/home/kanye/Documents/visionaid/install/sm_random/share/colcon-core/packages/sm_random)
[2.479s] Level 1:colcon.colcon_core.environment:create_environment_scripts_only(python_module)
[2.480s] Level 1:colcon.colcon_core.environment:checking '/home/kanye/Documents/visionaid/install/python_module' for CMake module files
[2.480s] Level 1:colcon.colcon_core.environment:checking '/home/kanye/Documents/visionaid/install/python_module' for CMake config files
[2.481s] Level 1:colcon.colcon_core.environment:checking '/home/kanye/Documents/visionaid/install/python_module/bin'
[2.481s] Level 1:colcon.colcon_core.environment:checking '/home/kanye/Documents/visionaid/install/python_module/lib/pkgconfig/python_module.pc'
[2.482s] Level 1:colcon.colcon_core.environment:checking '/home/kanye/Documents/visionaid/install/python_module/lib/python3.10/site-packages'
[2.482s] Level 1:colcon.colcon_core.environment:checking '/home/kanye/Documents/visionaid/install/python_module/bin'
[2.482s] INFO:colcon.colcon_core.shell:Creating package script '/home/kanye/Documents/visionaid/install/python_module/share/python_module/package.ps1'
[2.482s] INFO:colcon.colcon_core.shell:Creating package descriptor '/home/kanye/Documents/visionaid/install/python_module/share/python_module/package.dsv'
[2.483s] INFO:colcon.colcon_core.shell:Creating package script '/home/kanye/Documents/visionaid/install/python_module/share/python_module/package.sh'
[2.483s] INFO:colcon.colcon_core.shell:Creating package script '/home/kanye/Documents/visionaid/install/python_module/share/python_module/package.bash'
[2.484s] INFO:colcon.colcon_core.shell:Creating package script '/home/kanye/Documents/visionaid/install/python_module/share/python_module/package.zsh'
[2.484s] Level 1:colcon.colcon_core.environment:create_file_with_runtime_dependencies(/home/kanye/Documents/visionaid/install/python_module/share/colcon-core/packages/python_module)
[2.484s] Level 1:colcon.colcon_core.environment:create_environment_scripts_only(sm_logging)
[2.485s] Level 1:colcon.colcon_core.environment:checking '/home/kanye/Documents/visionaid/install/sm_logging' for CMake module files
[2.486s] Level 1:colcon.colcon_core.environment:checking '/home/kanye/Documents/visionaid/install/sm_logging' for CMake config files
[2.486s] Level 1:colcon.colcon_core.environment:checking '/home/kanye/Documents/visionaid/install/sm_logging/bin'
[2.486s] Level 1:colcon.colcon_core.environment:checking '/home/kanye/Documents/visionaid/install/sm_logging/lib/pkgconfig/sm_logging.pc'
[2.486s] Level 1:colcon.colcon_core.environment:checking '/home/kanye/Documents/visionaid/install/sm_logging/lib/python3.10/site-packages'
[2.487s] Level 1:colcon.colcon_core.environment:checking '/home/kanye/Documents/visionaid/install/sm_logging/bin'
[2.487s] INFO:colcon.colcon_core.shell:Creating package script '/home/kanye/Documents/visionaid/install/sm_logging/share/sm_logging/package.ps1'
[2.488s] INFO:colcon.colcon_core.shell:Creating package descriptor '/home/kanye/Documents/visionaid/install/sm_logging/share/sm_logging/package.dsv'
[2.488s] INFO:colcon.colcon_core.shell:Creating package script '/home/kanye/Documents/visionaid/install/sm_logging/share/sm_logging/package.sh'
[2.489s] INFO:colcon.colcon_core.shell:Creating package script '/home/kanye/Documents/visionaid/install/sm_logging/share/sm_logging/package.bash'
[2.490s] INFO:colcon.colcon_core.shell:Creating package script '/home/kanye/Documents/visionaid/install/sm_logging/share/sm_logging/package.zsh'
[2.490s] Level 1:colcon.colcon_core.environment:create_file_with_runtime_dependencies(/home/kanye/Documents/visionaid/install/sm_logging/share/colcon-core/packages/sm_logging)
[2.490s] Level 1:colcon.colcon_core.environment:create_environment_scripts_only(aslam_time)
[2.493s] Level 1:colcon.colcon_core.environment:checking '/home/kanye/Documents/visionaid/install/aslam_time' for CMake module files
[2.493s] Level 1:colcon.colcon_core.environment:checking '/home/kanye/Documents/visionaid/install/aslam_time' for CMake config files
[2.494s] Level 1:colcon.colcon_core.environment:checking '/home/kanye/Documents/visionaid/install/aslam_time/bin'
[2.494s] Level 1:colcon.colcon_core.environment:checking '/home/kanye/Documents/visionaid/install/aslam_time/lib/pkgconfig/aslam_time.pc'
[2.494s] Level 1:colcon.colcon_core.environment:checking '/home/kanye/Documents/visionaid/install/aslam_time/lib/python3.10/site-packages'
[2.494s] Level 1:colcon.colcon_core.environment:checking '/home/kanye/Documents/visionaid/install/aslam_time/bin'
[2.494s] INFO:colcon.colcon_core.shell:Creating package script '/home/kanye/Documents/visionaid/install/aslam_time/share/aslam_time/package.ps1'
[2.495s] INFO:colcon.colcon_core.shell:Creating package descriptor '/home/kanye/Documents/visionaid/install/aslam_time/share/aslam_time/package.dsv'
[2.495s] INFO:colcon.colcon_core.shell:Creating package script '/home/kanye/Documents/visionaid/install/aslam_time/share/aslam_time/package.sh'
[2.495s] INFO:colcon.colcon_core.shell:Creating package script '/home/kanye/Documents/visionaid/install/aslam_time/share/aslam_time/package.bash'
[2.497s] INFO:colcon.colcon_core.shell:Creating package script '/home/kanye/Documents/visionaid/install/aslam_time/share/aslam_time/package.zsh'
[2.497s] Level 1:colcon.colcon_core.environment:create_file_with_runtime_dependencies(/home/kanye/Documents/visionaid/install/aslam_time/share/colcon-core/packages/aslam_time)
[2.497s] Level 1:colcon.colcon_core.environment:create_environment_scripts_only(catkin_simple)
[2.498s] Level 1:colcon.colcon_core.environment:checking '/home/kanye/Documents/visionaid/install/catkin_simple' for CMake module files
[2.499s] Level 1:colcon.colcon_core.environment:checking '/home/kanye/Documents/visionaid/install/catkin_simple' for CMake config files
[2.499s] Level 1:colcon.colcon_core.environment:checking '/home/kanye/Documents/visionaid/install/catkin_simple/bin'
[2.499s] Level 1:colcon.colcon_core.environment:checking '/home/kanye/Documents/visionaid/install/catkin_simple/lib/pkgconfig/catkin_simple.pc'
[2.499s] Level 1:colcon.colcon_core.environment:checking '/home/kanye/Documents/visionaid/install/catkin_simple/lib/python3.10/site-packages'
[2.500s] Level 1:colcon.colcon_core.environment:checking '/home/kanye/Documents/visionaid/install/catkin_simple/bin'
[2.500s] INFO:colcon.colcon_core.shell:Creating package script '/home/kanye/Documents/visionaid/install/catkin_simple/share/catkin_simple/package.ps1'
[2.500s] INFO:colcon.colcon_core.shell:Creating package descriptor '/home/kanye/Documents/visionaid/install/catkin_simple/share/catkin_simple/package.dsv'
[2.501s] INFO:colcon.colcon_core.shell:Creating package script '/home/kanye/Documents/visionaid/install/catkin_simple/share/catkin_simple/package.sh'
[2.501s] INFO:colcon.colcon_core.shell:Creating package script '/home/kanye/Documents/visionaid/install/catkin_simple/share/catkin_simple/package.bash'
[2.502s] INFO:colcon.colcon_core.shell:Creating package script '/home/kanye/Documents/visionaid/install/catkin_simple/share/catkin_simple/package.zsh'
[2.502s] Level 1:colcon.colcon_core.environment:create_file_with_runtime_dependencies(/home/kanye/Documents/visionaid/install/catkin_simple/share/colcon-core/packages/catkin_simple)
[2.502s] Level 1:colcon.colcon_core.environment:create_environment_scripts_only(sm_common)
[2.504s] Level 1:colcon.colcon_core.environment:checking '/home/kanye/Documents/visionaid/install/sm_common' for CMake module files
[2.504s] Level 1:colcon.colcon_core.environment:checking '/home/kanye/Documents/visionaid/install/sm_common' for CMake config files
[2.504s] Level 1:colcon.colcon_core.environment:checking '/home/kanye/Documents/visionaid/install/sm_common/bin'
[2.504s] Level 1:colcon.colcon_core.environment:checking '/home/kanye/Documents/visionaid/install/sm_common/lib/pkgconfig/sm_common.pc'
[2.506s] Level 1:colcon.colcon_core.environment:checking '/home/kanye/Documents/visionaid/install/sm_common/lib/python3.10/site-packages'
[2.507s] Level 1:colcon.colcon_core.environment:checking '/home/kanye/Documents/visionaid/install/sm_common/bin'
[2.507s] INFO:colcon.colcon_core.shell:Creating package script '/home/kanye/Documents/visionaid/install/sm_common/share/sm_common/package.ps1'
[2.510s] INFO:colcon.colcon_core.shell:Creating package descriptor '/home/kanye/Documents/visionaid/install/sm_common/share/sm_common/package.dsv'
[2.510s] INFO:colcon.colcon_core.shell:Creating package script '/home/kanye/Documents/visionaid/install/sm_common/share/sm_common/package.sh'
[2.511s] INFO:colcon.colcon_core.shell:Creating package script '/home/kanye/Documents/visionaid/install/sm_common/share/sm_common/package.bash'
[2.512s] INFO:colcon.colcon_core.shell:Creating package script '/home/kanye/Documents/visionaid/install/sm_common/share/sm_common/package.zsh'
[2.512s] Level 1:colcon.colcon_core.environment:create_file_with_runtime_dependencies(/home/kanye/Documents/visionaid/install/sm_common/share/colcon-core/packages/sm_common)
[2.514s] Level 1:colcon.colcon_core.environment:create_environment_scripts_only(allan_variance_ros)
[2.516s] Level 1:colcon.colcon_core.environment:checking '/home/kanye/Documents/visionaid/install/allan_variance_ros' for CMake module files
[2.516s] Level 1:colcon.colcon_core.environment:checking '/home/kanye/Documents/visionaid/install/allan_variance_ros' for CMake config files
[2.516s] Level 1:colcon.colcon_core.environment:checking '/home/kanye/Documents/visionaid/install/allan_variance_ros/bin'
[2.517s] Level 1:colcon.colcon_core.environment:checking '/home/kanye/Documents/visionaid/install/allan_variance_ros/lib/pkgconfig/allan_variance_ros.pc'
[2.517s] Level 1:colcon.colcon_core.environment:checking '/home/kanye/Documents/visionaid/install/allan_variance_ros/lib/python3.10/site-packages'
[2.517s] Level 1:colcon.colcon_core.environment:checking '/home/kanye/Documents/visionaid/install/allan_variance_ros/bin'
[2.517s] INFO:colcon.colcon_core.shell:Creating package script '/home/kanye/Documents/visionaid/install/allan_variance_ros/share/allan_variance_ros/package.ps1'
[2.518s] INFO:colcon.colcon_core.shell:Creating package descriptor '/home/kanye/Documents/visionaid/install/allan_variance_ros/share/allan_variance_ros/package.dsv'
[2.519s] INFO:colcon.colcon_core.shell:Creating package script '/home/kanye/Documents/visionaid/install/allan_variance_ros/share/allan_variance_ros/package.sh'
[2.519s] INFO:colcon.colcon_core.shell:Creating package script '/home/kanye/Documents/visionaid/install/allan_variance_ros/share/allan_variance_ros/package.bash'
[2.519s] INFO:colcon.colcon_core.shell:Creating package script '/home/kanye/Documents/visionaid/install/allan_variance_ros/share/allan_variance_ros/package.zsh'
[2.520s] Level 1:colcon.colcon_core.environment:create_file_with_runtime_dependencies(/home/kanye/Documents/visionaid/install/allan_variance_ros/share/colcon-core/packages/allan_variance_ros)
[3.292s] DEBUG:colcon.colcon_parallel_executor.executor.parallel:run_until_complete was interrupted
[3.293s] DEBUG:colcon.colcon_parallel_executor.executor.parallel:run_until_complete again
[3.388s] DEBUG:colcon.colcon_parallel_executor.executor.parallel:run_until_complete finished
[3.388s] DEBUG:colcon.colcon_parallel_executor.executor.parallel:closing loop
[3.388s] DEBUG:colcon.colcon_parallel_executor.executor.parallel:loop closed
[3.389s] DEBUG:colcon.colcon_core.event_reactor:joining thread
[3.400s] INFO:colcon.colcon_core.plugin_system:Skipping extension 'colcon_notification.desktop_notification.terminal_notifier': Not used on non-Darwin systems
[3.400s] INFO:colcon.colcon_core.plugin_system:Skipping extension 'colcon_notification.desktop_notification.win32': Not used on non-Windows systems
[3.400s] INFO:colcon.colcon_notification.desktop_notification:Sending desktop notification using 'notify2'
[3.420s] DEBUG:colcon.colcon_core.event_reactor:joined thread
[3.420s] INFO:colcon.colcon_core.shell:Creating prefix script '/home/kanye/Documents/visionaid/install/local_setup.ps1'
[3.421s] INFO:colcon.colcon_core.shell:Creating prefix util module '/home/kanye/Documents/visionaid/install/_local_setup_util_ps1.py'
[3.423s] INFO:colcon.colcon_core.shell:Creating prefix chain script '/home/kanye/Documents/visionaid/install/setup.ps1'
[3.424s] INFO:colcon.colcon_core.shell:Creating prefix script '/home/kanye/Documents/visionaid/install/local_setup.sh'
[3.424s] INFO:colcon.colcon_core.shell:Creating prefix util module '/home/kanye/Documents/visionaid/install/_local_setup_util_sh.py'
[3.425s] INFO:colcon.colcon_core.shell:Creating prefix chain script '/home/kanye/Documents/visionaid/install/setup.sh'
[3.425s] INFO:colcon.colcon_core.shell:Creating prefix script '/home/kanye/Documents/visionaid/install/local_setup.bash'
[3.426s] INFO:colcon.colcon_core.shell:Creating prefix chain script '/home/kanye/Documents/visionaid/install/setup.bash'
[3.427s] INFO:colcon.colcon_core.shell:Creating prefix script '/home/kanye/Documents/visionaid/install/local_setup.zsh'
[3.427s] INFO:colcon.colcon_core.shell:Creating prefix chain script '/home/kanye/Documents/visionaid/install/setup.zsh'
