[0.000000] (-) TimerEvent: {}
[0.000400] (-) JobUnselected: {'identifier': 'action_msgs'}
[0.000434] (-) JobUnselected: {'identifier': 'actionlib_msgs'}
[0.000555] (-) JobUnselected: {'identifier': 'common_interfaces'}
[0.000587] (-) JobUnselected: {'identifier': 'complex_msgs'}
[0.000766] (-) JobUnselected: {'identifier': 'composition_interfaces'}
[0.000796] (-) JobUnselected: {'identifier': 'diagnostic_msgs'}
[0.000816] (-) JobUnselected: {'identifier': 'example_interfaces'}
[0.000945] (-) JobUnselected: {'identifier': 'geometry_msgs'}
[0.001127] (-) JobUnselected: {'identifier': 'lifecycle_msgs'}
[0.001190] (-) JobUnselected: {'identifier': 'micro_ros_demos_rclc'}
[0.001215] (-) JobUnselected: {'identifier': 'micro_ros_setup'}
[0.001235] (-) JobUnselected: {'identifier': 'micro_ros_utilities'}
[0.001253] (-) JobUnselected: {'identifier': 'microcdr'}
[0.001272] (-) JobUnselected: {'identifier': 'microxrcedds_client'}
[0.001289] (-) JobUnselected: {'identifier': 'nav_msgs'}
[0.001307] (-) JobUnselected: {'identifier': 'rcl_interfaces'}
[0.001325] (-) JobUnselected: {'identifier': 'rclc'}
[0.001343] (-) JobUnselected: {'identifier': 'rclc_examples'}
[0.001360] (-) JobUnselected: {'identifier': 'rclc_lifecycle'}
[0.001379] (-) JobUnselected: {'identifier': 'rclc_parameter'}
[0.001399] (-) JobUnselected: {'identifier': 'rmw_microxrcedds'}
[0.001466] (-) JobUnselected: {'identifier': 'rosgraph_msgs'}
[0.001486] (-) JobUnselected: {'identifier': 'rosidl_typesupport_microxrcedds_c'}
[0.001504] (-) JobUnselected: {'identifier': 'rosidl_typesupport_microxrcedds_c_tests'}
[0.001527] (-) JobUnselected: {'identifier': 'rosidl_typesupport_microxrcedds_cpp'}
[0.001545] (-) JobUnselected: {'identifier': 'rosidl_typesupport_microxrcedds_cpp_tests'}
[0.001565] (-) JobUnselected: {'identifier': 'rosidl_typesupport_microxrcedds_test_msg'}
[0.001585] (-) JobUnselected: {'identifier': 'sensor_msgs'}
[0.001604] (-) JobUnselected: {'identifier': 'sensor_msgs_py'}
[0.001624] (-) JobUnselected: {'identifier': 'shape_msgs'}
[0.001654] (-) JobUnselected: {'identifier': 'statistics_msgs'}
[0.001681] (-) JobUnselected: {'identifier': 'std_msgs'}
[0.001730] (-) JobUnselected: {'identifier': 'std_srvs'}
[0.001755] (-) JobUnselected: {'identifier': 'stereo_msgs'}
[0.001774] (-) JobUnselected: {'identifier': 'test_msgs'}
[0.001793] (-) JobUnselected: {'identifier': 'trajectory_msgs'}
[0.001811] (-) JobUnselected: {'identifier': 'unique_identifier_msgs'}
[0.001866] (-) JobUnselected: {'identifier': 'visualization_msgs'}
[0.001897] (builtin_interfaces) JobQueued: {'identifier': 'builtin_interfaces', 'dependencies': OrderedDict()}
[0.001920] (micro_ros_msgs) JobQueued: {'identifier': 'micro_ros_msgs', 'dependencies': OrderedDict()}
[0.001941] (micro_ros_agent) JobQueued: {'identifier': 'micro_ros_agent', 'dependencies': OrderedDict([('builtin_interfaces', '/home/kanye/Documents/visionaid/microros_ws/install/builtin_interfaces'), ('micro_ros_msgs', '/home/kanye/Documents/visionaid/microros_ws/install/micro_ros_msgs')])}
[0.002003] (builtin_interfaces) JobStarted: {'identifier': 'builtin_interfaces'}
[0.005559] (micro_ros_msgs) JobStarted: {'identifier': 'micro_ros_msgs'}
[0.008290] (builtin_interfaces) JobProgress: {'identifier': 'builtin_interfaces', 'progress': 'cmake'}
[0.008636] (builtin_interfaces) Command: {'cmd': ['/usr/bin/cmake', '/home/kanye/Documents/visionaid/microros_ws/src/ros2/rcl_interfaces/builtin_interfaces', '-DUAGENT_BUILD_EXECUTABLE=OFF', '-DUAGENT_P2P_PROFILE=OFF', '--no-warn-unused-cli', '-DCMAKE_INSTALL_PREFIX=/home/kanye/Documents/visionaid/microros_ws/install/builtin_interfaces'], 'cwd': '/home/kanye/Documents/visionaid/microros_ws/build/builtin_interfaces', 'env': OrderedDict([('LESSOPEN', '| /usr/bin/lesspipe %s'), ('USER', 'kanye'), ('LC_TIME', 'lzh_TW'), ('XDG_SESSION_TYPE', 'wayland'), ('SHLVL', '2'), ('LD_LIBRARY_PATH', '/opt/ros/humble/opt/rviz_ogre_vendor/lib:/opt/ros/humble/lib/x86_64-linux-gnu:/opt/ros/humble/lib'), ('HOME', '/home/kanye'), ('OLDPWD', '/home/kanye/Documents/visionaid'), ('DESKTOP_SESSION', 'ubuntu'), ('ROS_PYTHON_VERSION', '3'), ('GNOME_SHELL_SESSION_MODE', 'ubuntu'), ('GTK_MODULES', 'gail:atk-bridge'), ('LC_MONETARY', 'lzh_TW'), ('SYSTEMD_EXEC_PID', '2284'), ('DBUS_SESSION_BUS_ADDRESS', 'unix:path=/run/user/1000/bus'), ('COLORTERM', 'truecolor'), ('IM_CONFIG_PHASE', '1'), ('WAYLAND_DISPLAY', 'wayland-0'), ('COLCON_PREFIX_PATH', '/home/kanye/Documents/visionaid/microros_ws/install'), ('ROS_DISTRO', 'humble'), ('LOGNAME', 'kanye'), ('_', '/usr/bin/colcon'), ('ROS_VERSION', '2'), ('XDG_SESSION_CLASS', 'user'), ('USERNAME', 'kanye'), ('TERM', 'xterm-256color'), ('GNOME_DESKTOP_SESSION_ID', 'this-is-deprecated'), ('ROS_LOCALHOST_ONLY', '0'), ('PATH', '/opt/ros/humble/bin:/home/kanye/.local/bin:/usr/local/sbin:/usr/local/bin:/usr/sbin:/usr/bin:/sbin:/bin:/usr/games:/usr/local/games:/snap/bin:/snap/bin'), ('SESSION_MANAGER', 'local/kanye-Ubuntu16:@/tmp/.ICE-unix/2254,unix/kanye-Ubuntu16:/tmp/.ICE-unix/2254'), ('XDG_MENU_PREFIX', 'gnome-'), ('LC_ADDRESS', 'lzh_TW'), ('GNOME_TERMINAL_SCREEN', '/org/gnome/Terminal/screen/bc25f51e_b569_4d46_8345_b17f9195c3b2'), ('GNOME_SETUP_DISPLAY', ':1'), ('XDG_RUNTIME_DIR', '/run/user/1000'), ('DISPLAY', ':0'), ('LANG', 'en_US.UTF-8'), ('XDG_CURRENT_DESKTOP', 'ubuntu:GNOME'), ('LC_TELEPHONE', 'lzh_TW'), ('XMODIFIERS', '@im=ibus'), ('XDG_SESSION_DESKTOP', 'ubuntu'), ('XAUTHORITY', '/run/user/1000/.mutter-Xwaylandauth.Y40N82'), ('LS_COLORS', 'rs=0:di=01;34:ln=01;36:mh=00:pi=40;33:so=01;35:do=01;35:bd=40;33;01:cd=40;33;01:or=40;31;01:mi=00:su=37;41:sg=30;43:ca=30;41:tw=30;42:ow=34;42:st=37;44:ex=01;32:*.tar=01;31:*.tgz=01;31:*.arc=01;31:*.arj=01;31:*.taz=01;31:*.lha=01;31:*.lz4=01;31:*.lzh=01;31:*.lzma=01;31:*.tlz=01;31:*.txz=01;31:*.tzo=01;31:*.t7z=01;31:*.zip=01;31:*.z=01;31:*.dz=01;31:*.gz=01;31:*.lrz=01;31:*.lz=01;31:*.lzo=01;31:*.xz=01;31:*.zst=01;31:*.tzst=01;31:*.bz2=01;31:*.bz=01;31:*.tbz=01;31:*.tbz2=01;31:*.tz=01;31:*.deb=01;31:*.rpm=01;31:*.jar=01;31:*.war=01;31:*.ear=01;31:*.sar=01;31:*.rar=01;31:*.alz=01;31:*.ace=01;31:*.zoo=01;31:*.cpio=01;31:*.7z=01;31:*.rz=01;31:*.cab=01;31:*.wim=01;31:*.swm=01;31:*.dwm=01;31:*.esd=01;31:*.jpg=01;35:*.jpeg=01;35:*.mjpg=01;35:*.mjpeg=01;35:*.gif=01;35:*.bmp=01;35:*.pbm=01;35:*.pgm=01;35:*.ppm=01;35:*.tga=01;35:*.xbm=01;35:*.xpm=01;35:*.tif=01;35:*.tiff=01;35:*.png=01;35:*.svg=01;35:*.svgz=01;35:*.mng=01;35:*.pcx=01;35:*.mov=01;35:*.mpg=01;35:*.mpeg=01;35:*.m2v=01;35:*.mkv=01;35:*.webm=01;35:*.webp=01;35:*.ogm=01;35:*.mp4=01;35:*.m4v=01;35:*.mp4v=01;35:*.vob=01;35:*.qt=01;35:*.nuv=01;35:*.wmv=01;35:*.asf=01;35:*.rm=01;35:*.rmvb=01;35:*.flc=01;35:*.avi=01;35:*.fli=01;35:*.flv=01;35:*.gl=01;35:*.dl=01;35:*.xcf=01;35:*.xwd=01;35:*.yuv=01;35:*.cgm=01;35:*.emf=01;35:*.ogv=01;35:*.ogx=01;35:*.aac=00;36:*.au=00;36:*.flac=00;36:*.m4a=00;36:*.mid=00;36:*.midi=00;36:*.mka=00;36:*.mp3=00;36:*.mpc=00;36:*.ogg=00;36:*.ra=00;36:*.wav=00;36:*.oga=00;36:*.opus=00;36:*.spx=00;36:*.xspf=00;36:'), ('GNOME_TERMINAL_SERVICE', ':1.148'), ('SSH_AGENT_LAUNCHER', 'gnome-keyring'), ('SSH_AUTH_SOCK', '/run/user/1000/keyring/ssh'), ('AMENT_PREFIX_PATH', '/home/kanye/Documents/visionaid/microros_ws/install/micro_ros_setup:/opt/ros/humble'), ('SHELL', '/bin/bash'), ('LC_NAME', 'lzh_TW'), ('QT_ACCESSIBILITY', '1'), ('GDMSESSION', 'ubuntu'), ('LESSCLOSE', '/usr/bin/lesspipe %s %s'), ('LC_MEASUREMENT', 'lzh_TW'), ('LC_IDENTIFICATION', 'lzh_TW'), ('QT_IM_MODULE', 'ibus'), ('PWD', '/home/kanye/Documents/visionaid/microros_ws/build/builtin_interfaces'), ('XDG_CONFIG_DIRS', '/etc/xdg/xdg-ubuntu:/etc/xdg'), ('XDG_DATA_DIRS', '/usr/share/ubuntu:/usr/local/share/:/usr/share/:/var/lib/snapd/desktop'), ('PYTHONPATH', '/opt/ros/humble/lib/python3.10/site-packages:/opt/ros/humble/local/lib/python3.10/dist-packages'), ('LC_NUMERIC', 'lzh_TW'), ('LC_PAPER', 'lzh_TW'), ('COLCON', '1'), ('VTE_VERSION', '6800'), ('CMAKE_PREFIX_PATH', '/home/kanye/Documents/visionaid/microros_ws/install/micro_ros_setup:/opt/ros/humble')]), 'shell': False}
[0.010922] (micro_ros_msgs) JobProgress: {'identifier': 'micro_ros_msgs', 'progress': 'cmake'}
[0.011464] (micro_ros_msgs) Command: {'cmd': ['/usr/bin/cmake', '/home/kanye/Documents/visionaid/microros_ws/src/uros/micro_ros_msgs', '-DUAGENT_BUILD_EXECUTABLE=OFF', '-DUAGENT_P2P_PROFILE=OFF', '--no-warn-unused-cli', '-DCMAKE_INSTALL_PREFIX=/home/kanye/Documents/visionaid/microros_ws/install/micro_ros_msgs'], 'cwd': '/home/kanye/Documents/visionaid/microros_ws/build/micro_ros_msgs', 'env': OrderedDict([('LESSOPEN', '| /usr/bin/lesspipe %s'), ('USER', 'kanye'), ('LC_TIME', 'lzh_TW'), ('XDG_SESSION_TYPE', 'wayland'), ('SHLVL', '2'), ('LD_LIBRARY_PATH', '/opt/ros/humble/opt/rviz_ogre_vendor/lib:/opt/ros/humble/lib/x86_64-linux-gnu:/opt/ros/humble/lib'), ('HOME', '/home/kanye'), ('OLDPWD', '/home/kanye/Documents/visionaid'), ('DESKTOP_SESSION', 'ubuntu'), ('ROS_PYTHON_VERSION', '3'), ('GNOME_SHELL_SESSION_MODE', 'ubuntu'), ('GTK_MODULES', 'gail:atk-bridge'), ('LC_MONETARY', 'lzh_TW'), ('SYSTEMD_EXEC_PID', '2284'), ('DBUS_SESSION_BUS_ADDRESS', 'unix:path=/run/user/1000/bus'), ('COLORTERM', 'truecolor'), ('IM_CONFIG_PHASE', '1'), ('WAYLAND_DISPLAY', 'wayland-0'), ('COLCON_PREFIX_PATH', '/home/kanye/Documents/visionaid/microros_ws/install'), ('ROS_DISTRO', 'humble'), ('LOGNAME', 'kanye'), ('_', '/usr/bin/colcon'), ('ROS_VERSION', '2'), ('XDG_SESSION_CLASS', 'user'), ('USERNAME', 'kanye'), ('TERM', 'xterm-256color'), ('GNOME_DESKTOP_SESSION_ID', 'this-is-deprecated'), ('ROS_LOCALHOST_ONLY', '0'), ('PATH', '/opt/ros/humble/bin:/home/kanye/.local/bin:/usr/local/sbin:/usr/local/bin:/usr/sbin:/usr/bin:/sbin:/bin:/usr/games:/usr/local/games:/snap/bin:/snap/bin'), ('SESSION_MANAGER', 'local/kanye-Ubuntu16:@/tmp/.ICE-unix/2254,unix/kanye-Ubuntu16:/tmp/.ICE-unix/2254'), ('XDG_MENU_PREFIX', 'gnome-'), ('LC_ADDRESS', 'lzh_TW'), ('GNOME_TERMINAL_SCREEN', '/org/gnome/Terminal/screen/bc25f51e_b569_4d46_8345_b17f9195c3b2'), ('GNOME_SETUP_DISPLAY', ':1'), ('XDG_RUNTIME_DIR', '/run/user/1000'), ('DISPLAY', ':0'), ('LANG', 'en_US.UTF-8'), ('XDG_CURRENT_DESKTOP', 'ubuntu:GNOME'), ('LC_TELEPHONE', 'lzh_TW'), ('XMODIFIERS', '@im=ibus'), ('XDG_SESSION_DESKTOP', 'ubuntu'), ('XAUTHORITY', '/run/user/1000/.mutter-Xwaylandauth.Y40N82'), ('LS_COLORS', 'rs=0:di=01;34:ln=01;36:mh=00:pi=40;33:so=01;35:do=01;35:bd=40;33;01:cd=40;33;01:or=40;31;01:mi=00:su=37;41:sg=30;43:ca=30;41:tw=30;42:ow=34;42:st=37;44:ex=01;32:*.tar=01;31:*.tgz=01;31:*.arc=01;31:*.arj=01;31:*.taz=01;31:*.lha=01;31:*.lz4=01;31:*.lzh=01;31:*.lzma=01;31:*.tlz=01;31:*.txz=01;31:*.tzo=01;31:*.t7z=01;31:*.zip=01;31:*.z=01;31:*.dz=01;31:*.gz=01;31:*.lrz=01;31:*.lz=01;31:*.lzo=01;31:*.xz=01;31:*.zst=01;31:*.tzst=01;31:*.bz2=01;31:*.bz=01;31:*.tbz=01;31:*.tbz2=01;31:*.tz=01;31:*.deb=01;31:*.rpm=01;31:*.jar=01;31:*.war=01;31:*.ear=01;31:*.sar=01;31:*.rar=01;31:*.alz=01;31:*.ace=01;31:*.zoo=01;31:*.cpio=01;31:*.7z=01;31:*.rz=01;31:*.cab=01;31:*.wim=01;31:*.swm=01;31:*.dwm=01;31:*.esd=01;31:*.jpg=01;35:*.jpeg=01;35:*.mjpg=01;35:*.mjpeg=01;35:*.gif=01;35:*.bmp=01;35:*.pbm=01;35:*.pgm=01;35:*.ppm=01;35:*.tga=01;35:*.xbm=01;35:*.xpm=01;35:*.tif=01;35:*.tiff=01;35:*.png=01;35:*.svg=01;35:*.svgz=01;35:*.mng=01;35:*.pcx=01;35:*.mov=01;35:*.mpg=01;35:*.mpeg=01;35:*.m2v=01;35:*.mkv=01;35:*.webm=01;35:*.webp=01;35:*.ogm=01;35:*.mp4=01;35:*.m4v=01;35:*.mp4v=01;35:*.vob=01;35:*.qt=01;35:*.nuv=01;35:*.wmv=01;35:*.asf=01;35:*.rm=01;35:*.rmvb=01;35:*.flc=01;35:*.avi=01;35:*.fli=01;35:*.flv=01;35:*.gl=01;35:*.dl=01;35:*.xcf=01;35:*.xwd=01;35:*.yuv=01;35:*.cgm=01;35:*.emf=01;35:*.ogv=01;35:*.ogx=01;35:*.aac=00;36:*.au=00;36:*.flac=00;36:*.m4a=00;36:*.mid=00;36:*.midi=00;36:*.mka=00;36:*.mp3=00;36:*.mpc=00;36:*.ogg=00;36:*.ra=00;36:*.wav=00;36:*.oga=00;36:*.opus=00;36:*.spx=00;36:*.xspf=00;36:'), ('GNOME_TERMINAL_SERVICE', ':1.148'), ('SSH_AGENT_LAUNCHER', 'gnome-keyring'), ('SSH_AUTH_SOCK', '/run/user/1000/keyring/ssh'), ('AMENT_PREFIX_PATH', '/home/kanye/Documents/visionaid/microros_ws/install/micro_ros_setup:/opt/ros/humble'), ('SHELL', '/bin/bash'), ('LC_NAME', 'lzh_TW'), ('QT_ACCESSIBILITY', '1'), ('GDMSESSION', 'ubuntu'), ('LESSCLOSE', '/usr/bin/lesspipe %s %s'), ('LC_MEASUREMENT', 'lzh_TW'), ('LC_IDENTIFICATION', 'lzh_TW'), ('QT_IM_MODULE', 'ibus'), ('PWD', '/home/kanye/Documents/visionaid/microros_ws/build/micro_ros_msgs'), ('XDG_CONFIG_DIRS', '/etc/xdg/xdg-ubuntu:/etc/xdg'), ('XDG_DATA_DIRS', '/usr/share/ubuntu:/usr/local/share/:/usr/share/:/var/lib/snapd/desktop'), ('PYTHONPATH', '/opt/ros/humble/lib/python3.10/site-packages:/opt/ros/humble/local/lib/python3.10/dist-packages'), ('LC_NUMERIC', 'lzh_TW'), ('LC_PAPER', 'lzh_TW'), ('COLCON', '1'), ('VTE_VERSION', '6800'), ('CMAKE_PREFIX_PATH', '/home/kanye/Documents/visionaid/microros_ws/install/micro_ros_setup:/opt/ros/humble')]), 'shell': False}
[0.015909] (builtin_interfaces) StdoutLine: {'line': b'Not searching for unused variables given on the command line.\n'}
[0.017272] (micro_ros_msgs) StdoutLine: {'line': b'Not searching for unused variables given on the command line.\n'}
[0.058602] (micro_ros_msgs) StdoutLine: {'line': b'-- The C compiler identification is GNU 11.4.0\n'}
[0.058794] (builtin_interfaces) StdoutLine: {'line': b'-- The C compiler identification is GNU 11.4.0\n'}
[0.099765] (-) TimerEvent: {}
[0.114604] (builtin_interfaces) StdoutLine: {'line': b'-- The CXX compiler identification is GNU 11.4.0\n'}
[0.117869] (micro_ros_msgs) StdoutLine: {'line': b'-- The CXX compiler identification is GNU 11.4.0\n'}
[0.119657] (builtin_interfaces) StdoutLine: {'line': b'-- Detecting C compiler ABI info\n'}
[0.123581] (micro_ros_msgs) StdoutLine: {'line': b'-- Detecting C compiler ABI info\n'}
[0.173233] (builtin_interfaces) StdoutLine: {'line': b'-- Detecting C compiler ABI info - done\n'}
[0.173533] (micro_ros_msgs) StdoutLine: {'line': b'-- Detecting C compiler ABI info - done\n'}
[0.181243] (builtin_interfaces) StdoutLine: {'line': b'-- Check for working C compiler: /usr/bin/cc - skipped\n'}
[0.181464] (builtin_interfaces) StdoutLine: {'line': b'-- Detecting C compile features\n'}
[0.181850] (builtin_interfaces) StdoutLine: {'line': b'-- Detecting C compile features - done\n'}
[0.183088] (micro_ros_msgs) StdoutLine: {'line': b'-- Check for working C compiler: /usr/bin/cc - skipped\n'}
[0.183440] (micro_ros_msgs) StdoutLine: {'line': b'-- Detecting C compile features\n'}
[0.183857] (micro_ros_msgs) StdoutLine: {'line': b'-- Detecting C compile features - done\n'}
[0.184605] (builtin_interfaces) StdoutLine: {'line': b'-- Detecting CXX compiler ABI info\n'}
[0.186567] (micro_ros_msgs) StdoutLine: {'line': b'-- Detecting CXX compiler ABI info\n'}
[0.199911] (-) TimerEvent: {}
[0.250296] (micro_ros_msgs) StdoutLine: {'line': b'-- Detecting CXX compiler ABI info - done\n'}
[0.252149] (builtin_interfaces) StdoutLine: {'line': b'-- Detecting CXX compiler ABI info - done\n'}
[0.256331] (micro_ros_msgs) StdoutLine: {'line': b'-- Check for working CXX compiler: /usr/bin/c++ - skipped\n'}
[0.256548] (micro_ros_msgs) StdoutLine: {'line': b'-- Detecting CXX compile features\n'}
[0.256928] (micro_ros_msgs) StdoutLine: {'line': b'-- Detecting CXX compile features - done\n'}
[0.258138] (builtin_interfaces) StdoutLine: {'line': b'-- Check for working CXX compiler: /usr/bin/c++ - skipped\n'}
[0.258521] (builtin_interfaces) StdoutLine: {'line': b'-- Detecting CXX compile features\n'}
[0.258568] (micro_ros_msgs) StdoutLine: {'line': b'-- Found ament_cmake: 1.3.11 (/opt/ros/humble/share/ament_cmake/cmake)\n'}
[0.258667] (builtin_interfaces) StdoutLine: {'line': b'-- Detecting CXX compile features - done\n'}
[0.260254] (builtin_interfaces) StdoutLine: {'line': b'-- Found ament_cmake: 1.3.11 (/opt/ros/humble/share/ament_cmake/cmake)\n'}
[0.300095] (-) TimerEvent: {}
[0.375911] (micro_ros_msgs) StdoutLine: {'line': b'-- Found Python3: /usr/bin/python3 (found version "3.10.12") found components: Interpreter \n'}
[0.381731] (builtin_interfaces) StdoutLine: {'line': b'-- Found Python3: /usr/bin/python3 (found version "3.10.12") found components: Interpreter \n'}
[0.400268] (-) TimerEvent: {}
[0.435005] (micro_ros_msgs) StdoutLine: {'line': b'-- Found rosidl_default_generators: 1.2.0 (/opt/ros/humble/share/rosidl_default_generators/cmake)\n'}
[0.436870] (builtin_interfaces) StdoutLine: {'line': b'-- Found rosidl_default_generators: 1.2.0 (/opt/ros/humble/share/rosidl_default_generators/cmake)\n'}
[0.439072] (builtin_interfaces) StdoutLine: {'line': b'-- Using all available rosidl_typesupport_c: rosidl_typesupport_fastrtps_c;rosidl_typesupport_introspection_c\n'}
[0.439201] (micro_ros_msgs) StdoutLine: {'line': b'-- Using all available rosidl_typesupport_c: rosidl_typesupport_fastrtps_c;rosidl_typesupport_introspection_c\n'}
[0.446136] (builtin_interfaces) StdoutLine: {'line': b'-- Found rosidl_adapter: 3.1.6 (/opt/ros/humble/share/rosidl_adapter/cmake)\n'}
[0.446263] (micro_ros_msgs) StdoutLine: {'line': b'-- Found rosidl_adapter: 3.1.6 (/opt/ros/humble/share/rosidl_adapter/cmake)\n'}
[0.477307] (builtin_interfaces) StdoutLine: {'line': b'-- Using all available rosidl_typesupport_cpp: rosidl_typesupport_fastrtps_cpp;rosidl_typesupport_introspection_cpp\n'}
[0.477830] (micro_ros_msgs) StdoutLine: {'line': b'-- Using all available rosidl_typesupport_cpp: rosidl_typesupport_fastrtps_cpp;rosidl_typesupport_introspection_cpp\n'}
[0.500427] (-) TimerEvent: {}
[0.502357] (micro_ros_msgs) StdoutLine: {'line': b'-- Found ament_lint_auto: 0.12.12 (/opt/ros/humble/share/ament_lint_auto/cmake)\n'}
[0.600598] (-) TimerEvent: {}
[0.684909] (builtin_interfaces) StdoutLine: {'line': b'-- Found ament_cmake_cppcheck: 0.12.12 (/opt/ros/humble/share/ament_cmake_cppcheck/cmake)\n'}
[0.686339] (builtin_interfaces) StdoutLine: {'line': b'-- Found ament_cmake_cpplint: 0.12.12 (/opt/ros/humble/share/ament_cmake_cpplint/cmake)\n'}
[0.687719] (builtin_interfaces) StdoutLine: {'line': b'-- Found ament_cmake_uncrustify: 0.12.12 (/opt/ros/humble/share/ament_cmake_uncrustify/cmake)\n'}
[0.688698] (micro_ros_msgs) StdoutLine: {'line': b'-- Found ament_cmake_ros: 0.10.0 (/opt/ros/humble/share/ament_cmake_ros/cmake)\n'}
[0.689381] (builtin_interfaces) StdoutLine: {'line': b'-- Found ament_cmake_ros: 0.10.0 (/opt/ros/humble/share/ament_cmake_ros/cmake)\n'}
[0.700757] (-) TimerEvent: {}
[0.801012] (-) TimerEvent: {}
[0.831884] (micro_ros_msgs) StdoutLine: {'line': b'-- Using all available rosidl_typesupport_c: rosidl_typesupport_fastrtps_c;rosidl_typesupport_introspection_c\n'}
[0.843639] (builtin_interfaces) StdoutLine: {'line': b'-- Using all available rosidl_typesupport_c: rosidl_typesupport_fastrtps_c;rosidl_typesupport_introspection_c\n'}
[0.901202] (-) TimerEvent: {}
[1.001564] (-) TimerEvent: {}
[1.020705] (builtin_interfaces) StdoutLine: {'line': b'-- Using all available rosidl_typesupport_cpp: rosidl_typesupport_fastrtps_cpp;rosidl_typesupport_introspection_cpp\n'}
[1.040674] (micro_ros_msgs) StdoutLine: {'line': b'-- Using all available rosidl_typesupport_cpp: rosidl_typesupport_fastrtps_cpp;rosidl_typesupport_introspection_cpp\n'}
[1.040894] (builtin_interfaces) StdoutLine: {'line': b'-- Found PythonInterp: /usr/bin/python3 (found suitable version "3.10.12", minimum required is "3.6") \n'}
[1.042019] (builtin_interfaces) StdoutLine: {'line': b'-- Found python_cmake_module: 0.10.0 (/opt/ros/humble/share/python_cmake_module/cmake)\n'}
[1.062519] (micro_ros_msgs) StdoutLine: {'line': b'-- Found PythonInterp: /usr/bin/python3 (found suitable version "3.10.12", minimum required is "3.6") \n'}
[1.063239] (micro_ros_msgs) StdoutLine: {'line': b'-- Found python_cmake_module: 0.10.0 (/opt/ros/humble/share/python_cmake_module/cmake)\n'}
[1.064129] (builtin_interfaces) StdoutLine: {'line': b'-- Found PythonLibs: /usr/lib/x86_64-linux-gnu/libpython3.10.so (found suitable version "3.10.12", minimum required is "3.5") \n'}
[1.064222] (builtin_interfaces) StdoutLine: {'line': b'-- Using PYTHON_EXECUTABLE: /usr/bin/python3\n'}
[1.064258] (builtin_interfaces) StdoutLine: {'line': b'-- Using PYTHON_INCLUDE_DIRS: /usr/include/python3.10\n'}
[1.064289] (builtin_interfaces) StdoutLine: {'line': b'-- Using PYTHON_LIBRARIES: /usr/lib/x86_64-linux-gnu/libpython3.10.so\n'}
[1.081450] (builtin_interfaces) StdoutLine: {'line': b'-- Found PythonExtra: .so  \n'}
[1.082828] (micro_ros_msgs) StdoutLine: {'line': b'-- Found PythonLibs: /usr/lib/x86_64-linux-gnu/libpython3.10.so (found suitable version "3.10.12", minimum required is "3.5") \n'}
[1.082925] (micro_ros_msgs) StdoutLine: {'line': b'-- Using PYTHON_EXECUTABLE: /usr/bin/python3\n'}
[1.082963] (micro_ros_msgs) StdoutLine: {'line': b'-- Using PYTHON_INCLUDE_DIRS: /usr/include/python3.10\n'}
[1.082995] (micro_ros_msgs) StdoutLine: {'line': b'-- Using PYTHON_LIBRARIES: /usr/lib/x86_64-linux-gnu/libpython3.10.so\n'}
[1.101665] (-) TimerEvent: {}
[1.102169] (micro_ros_msgs) StdoutLine: {'line': b'-- Found PythonExtra: .so  \n'}
[1.113131] (builtin_interfaces) StdoutLine: {'line': b'-- Found ament_cmake_flake8: 0.12.12 (/opt/ros/humble/share/ament_cmake_flake8/cmake)\n'}
[1.114527] (builtin_interfaces) StdoutLine: {'line': b'-- Found ament_cmake_pep257: 0.12.12 (/opt/ros/humble/share/ament_cmake_pep257/cmake)\n'}
[1.120375] (builtin_interfaces) StdoutLine: {'line': b'-- Configuring done\n'}
[1.133331] (micro_ros_msgs) StdoutLine: {'line': b"-- Added test 'copyright' to check source files copyright and LICENSE\n"}
[1.137391] (micro_ros_msgs) StdoutLine: {'line': b"-- Added test 'lint_cmake' to check CMake code style\n"}
[1.139493] (micro_ros_msgs) StdoutLine: {'line': b"-- Added test 'xmllint' to check XML markup files\n"}
[1.142014] (builtin_interfaces) StdoutLine: {'line': b'-- Generating done\n'}
[1.142224] (micro_ros_msgs) StdoutLine: {'line': b'-- Configuring done\n'}
[1.147970] (builtin_interfaces) StdoutLine: {'line': b'-- Build files have been written to: /home/kanye/Documents/visionaid/microros_ws/build/builtin_interfaces\n'}
[1.153417] (builtin_interfaces) CommandEnded: {'returncode': 0}
[1.153964] (builtin_interfaces) JobProgress: {'identifier': 'builtin_interfaces', 'progress': 'build'}
[1.153982] (builtin_interfaces) Command: {'cmd': ['/usr/bin/cmake', '--build', '/home/kanye/Documents/visionaid/microros_ws/build/builtin_interfaces', '--', '-j28', '-l28'], 'cwd': '/home/kanye/Documents/visionaid/microros_ws/build/builtin_interfaces', 'env': OrderedDict([('LESSOPEN', '| /usr/bin/lesspipe %s'), ('USER', 'kanye'), ('LC_TIME', 'lzh_TW'), ('XDG_SESSION_TYPE', 'wayland'), ('SHLVL', '2'), ('LD_LIBRARY_PATH', '/opt/ros/humble/opt/rviz_ogre_vendor/lib:/opt/ros/humble/lib/x86_64-linux-gnu:/opt/ros/humble/lib'), ('HOME', '/home/kanye'), ('OLDPWD', '/home/kanye/Documents/visionaid'), ('DESKTOP_SESSION', 'ubuntu'), ('ROS_PYTHON_VERSION', '3'), ('GNOME_SHELL_SESSION_MODE', 'ubuntu'), ('GTK_MODULES', 'gail:atk-bridge'), ('LC_MONETARY', 'lzh_TW'), ('SYSTEMD_EXEC_PID', '2284'), ('DBUS_SESSION_BUS_ADDRESS', 'unix:path=/run/user/1000/bus'), ('COLORTERM', 'truecolor'), ('IM_CONFIG_PHASE', '1'), ('WAYLAND_DISPLAY', 'wayland-0'), ('COLCON_PREFIX_PATH', '/home/kanye/Documents/visionaid/microros_ws/install'), ('ROS_DISTRO', 'humble'), ('LOGNAME', 'kanye'), ('_', '/usr/bin/colcon'), ('ROS_VERSION', '2'), ('XDG_SESSION_CLASS', 'user'), ('USERNAME', 'kanye'), ('TERM', 'xterm-256color'), ('GNOME_DESKTOP_SESSION_ID', 'this-is-deprecated'), ('ROS_LOCALHOST_ONLY', '0'), ('PATH', '/opt/ros/humble/bin:/home/kanye/.local/bin:/usr/local/sbin:/usr/local/bin:/usr/sbin:/usr/bin:/sbin:/bin:/usr/games:/usr/local/games:/snap/bin:/snap/bin'), ('SESSION_MANAGER', 'local/kanye-Ubuntu16:@/tmp/.ICE-unix/2254,unix/kanye-Ubuntu16:/tmp/.ICE-unix/2254'), ('XDG_MENU_PREFIX', 'gnome-'), ('LC_ADDRESS', 'lzh_TW'), ('GNOME_TERMINAL_SCREEN', '/org/gnome/Terminal/screen/bc25f51e_b569_4d46_8345_b17f9195c3b2'), ('GNOME_SETUP_DISPLAY', ':1'), ('XDG_RUNTIME_DIR', '/run/user/1000'), ('DISPLAY', ':0'), ('LANG', 'en_US.UTF-8'), ('XDG_CURRENT_DESKTOP', 'ubuntu:GNOME'), ('LC_TELEPHONE', 'lzh_TW'), ('XMODIFIERS', '@im=ibus'), ('XDG_SESSION_DESKTOP', 'ubuntu'), ('XAUTHORITY', '/run/user/1000/.mutter-Xwaylandauth.Y40N82'), ('LS_COLORS', 'rs=0:di=01;34:ln=01;36:mh=00:pi=40;33:so=01;35:do=01;35:bd=40;33;01:cd=40;33;01:or=40;31;01:mi=00:su=37;41:sg=30;43:ca=30;41:tw=30;42:ow=34;42:st=37;44:ex=01;32:*.tar=01;31:*.tgz=01;31:*.arc=01;31:*.arj=01;31:*.taz=01;31:*.lha=01;31:*.lz4=01;31:*.lzh=01;31:*.lzma=01;31:*.tlz=01;31:*.txz=01;31:*.tzo=01;31:*.t7z=01;31:*.zip=01;31:*.z=01;31:*.dz=01;31:*.gz=01;31:*.lrz=01;31:*.lz=01;31:*.lzo=01;31:*.xz=01;31:*.zst=01;31:*.tzst=01;31:*.bz2=01;31:*.bz=01;31:*.tbz=01;31:*.tbz2=01;31:*.tz=01;31:*.deb=01;31:*.rpm=01;31:*.jar=01;31:*.war=01;31:*.ear=01;31:*.sar=01;31:*.rar=01;31:*.alz=01;31:*.ace=01;31:*.zoo=01;31:*.cpio=01;31:*.7z=01;31:*.rz=01;31:*.cab=01;31:*.wim=01;31:*.swm=01;31:*.dwm=01;31:*.esd=01;31:*.jpg=01;35:*.jpeg=01;35:*.mjpg=01;35:*.mjpeg=01;35:*.gif=01;35:*.bmp=01;35:*.pbm=01;35:*.pgm=01;35:*.ppm=01;35:*.tga=01;35:*.xbm=01;35:*.xpm=01;35:*.tif=01;35:*.tiff=01;35:*.png=01;35:*.svg=01;35:*.svgz=01;35:*.mng=01;35:*.pcx=01;35:*.mov=01;35:*.mpg=01;35:*.mpeg=01;35:*.m2v=01;35:*.mkv=01;35:*.webm=01;35:*.webp=01;35:*.ogm=01;35:*.mp4=01;35:*.m4v=01;35:*.mp4v=01;35:*.vob=01;35:*.qt=01;35:*.nuv=01;35:*.wmv=01;35:*.asf=01;35:*.rm=01;35:*.rmvb=01;35:*.flc=01;35:*.avi=01;35:*.fli=01;35:*.flv=01;35:*.gl=01;35:*.dl=01;35:*.xcf=01;35:*.xwd=01;35:*.yuv=01;35:*.cgm=01;35:*.emf=01;35:*.ogv=01;35:*.ogx=01;35:*.aac=00;36:*.au=00;36:*.flac=00;36:*.m4a=00;36:*.mid=00;36:*.midi=00;36:*.mka=00;36:*.mp3=00;36:*.mpc=00;36:*.ogg=00;36:*.ra=00;36:*.wav=00;36:*.oga=00;36:*.opus=00;36:*.spx=00;36:*.xspf=00;36:'), ('GNOME_TERMINAL_SERVICE', ':1.148'), ('SSH_AGENT_LAUNCHER', 'gnome-keyring'), ('SSH_AUTH_SOCK', '/run/user/1000/keyring/ssh'), ('AMENT_PREFIX_PATH', '/home/kanye/Documents/visionaid/microros_ws/install/micro_ros_setup:/opt/ros/humble'), ('SHELL', '/bin/bash'), ('LC_NAME', 'lzh_TW'), ('QT_ACCESSIBILITY', '1'), ('GDMSESSION', 'ubuntu'), ('LESSCLOSE', '/usr/bin/lesspipe %s %s'), ('LC_MEASUREMENT', 'lzh_TW'), ('LC_IDENTIFICATION', 'lzh_TW'), ('QT_IM_MODULE', 'ibus'), ('PWD', '/home/kanye/Documents/visionaid/microros_ws/build/builtin_interfaces'), ('XDG_CONFIG_DIRS', '/etc/xdg/xdg-ubuntu:/etc/xdg'), ('XDG_DATA_DIRS', '/usr/share/ubuntu:/usr/local/share/:/usr/share/:/var/lib/snapd/desktop'), ('PYTHONPATH', '/opt/ros/humble/lib/python3.10/site-packages:/opt/ros/humble/local/lib/python3.10/dist-packages'), ('LC_NUMERIC', 'lzh_TW'), ('LC_PAPER', 'lzh_TW'), ('COLCON', '1'), ('VTE_VERSION', '6800'), ('CMAKE_PREFIX_PATH', '/home/kanye/Documents/visionaid/microros_ws/install/micro_ros_setup:/opt/ros/humble')]), 'shell': False}
[1.162064] (micro_ros_msgs) StdoutLine: {'line': b'-- Generating done\n'}
[1.169413] (micro_ros_msgs) StdoutLine: {'line': b'-- Build files have been written to: /home/kanye/Documents/visionaid/microros_ws/build/micro_ros_msgs\n'}
[1.174031] (micro_ros_msgs) CommandEnded: {'returncode': 0}
[1.174257] (micro_ros_msgs) JobProgress: {'identifier': 'micro_ros_msgs', 'progress': 'build'}
[1.174275] (micro_ros_msgs) Command: {'cmd': ['/usr/bin/cmake', '--build', '/home/kanye/Documents/visionaid/microros_ws/build/micro_ros_msgs', '--', '-j28', '-l28'], 'cwd': '/home/kanye/Documents/visionaid/microros_ws/build/micro_ros_msgs', 'env': OrderedDict([('LESSOPEN', '| /usr/bin/lesspipe %s'), ('USER', 'kanye'), ('LC_TIME', 'lzh_TW'), ('XDG_SESSION_TYPE', 'wayland'), ('SHLVL', '2'), ('LD_LIBRARY_PATH', '/opt/ros/humble/opt/rviz_ogre_vendor/lib:/opt/ros/humble/lib/x86_64-linux-gnu:/opt/ros/humble/lib'), ('HOME', '/home/kanye'), ('OLDPWD', '/home/kanye/Documents/visionaid'), ('DESKTOP_SESSION', 'ubuntu'), ('ROS_PYTHON_VERSION', '3'), ('GNOME_SHELL_SESSION_MODE', 'ubuntu'), ('GTK_MODULES', 'gail:atk-bridge'), ('LC_MONETARY', 'lzh_TW'), ('SYSTEMD_EXEC_PID', '2284'), ('DBUS_SESSION_BUS_ADDRESS', 'unix:path=/run/user/1000/bus'), ('COLORTERM', 'truecolor'), ('IM_CONFIG_PHASE', '1'), ('WAYLAND_DISPLAY', 'wayland-0'), ('COLCON_PREFIX_PATH', '/home/kanye/Documents/visionaid/microros_ws/install'), ('ROS_DISTRO', 'humble'), ('LOGNAME', 'kanye'), ('_', '/usr/bin/colcon'), ('ROS_VERSION', '2'), ('XDG_SESSION_CLASS', 'user'), ('USERNAME', 'kanye'), ('TERM', 'xterm-256color'), ('GNOME_DESKTOP_SESSION_ID', 'this-is-deprecated'), ('ROS_LOCALHOST_ONLY', '0'), ('PATH', '/opt/ros/humble/bin:/home/kanye/.local/bin:/usr/local/sbin:/usr/local/bin:/usr/sbin:/usr/bin:/sbin:/bin:/usr/games:/usr/local/games:/snap/bin:/snap/bin'), ('SESSION_MANAGER', 'local/kanye-Ubuntu16:@/tmp/.ICE-unix/2254,unix/kanye-Ubuntu16:/tmp/.ICE-unix/2254'), ('XDG_MENU_PREFIX', 'gnome-'), ('LC_ADDRESS', 'lzh_TW'), ('GNOME_TERMINAL_SCREEN', '/org/gnome/Terminal/screen/bc25f51e_b569_4d46_8345_b17f9195c3b2'), ('GNOME_SETUP_DISPLAY', ':1'), ('XDG_RUNTIME_DIR', '/run/user/1000'), ('DISPLAY', ':0'), ('LANG', 'en_US.UTF-8'), ('XDG_CURRENT_DESKTOP', 'ubuntu:GNOME'), ('LC_TELEPHONE', 'lzh_TW'), ('XMODIFIERS', '@im=ibus'), ('XDG_SESSION_DESKTOP', 'ubuntu'), ('XAUTHORITY', '/run/user/1000/.mutter-Xwaylandauth.Y40N82'), ('LS_COLORS', 'rs=0:di=01;34:ln=01;36:mh=00:pi=40;33:so=01;35:do=01;35:bd=40;33;01:cd=40;33;01:or=40;31;01:mi=00:su=37;41:sg=30;43:ca=30;41:tw=30;42:ow=34;42:st=37;44:ex=01;32:*.tar=01;31:*.tgz=01;31:*.arc=01;31:*.arj=01;31:*.taz=01;31:*.lha=01;31:*.lz4=01;31:*.lzh=01;31:*.lzma=01;31:*.tlz=01;31:*.txz=01;31:*.tzo=01;31:*.t7z=01;31:*.zip=01;31:*.z=01;31:*.dz=01;31:*.gz=01;31:*.lrz=01;31:*.lz=01;31:*.lzo=01;31:*.xz=01;31:*.zst=01;31:*.tzst=01;31:*.bz2=01;31:*.bz=01;31:*.tbz=01;31:*.tbz2=01;31:*.tz=01;31:*.deb=01;31:*.rpm=01;31:*.jar=01;31:*.war=01;31:*.ear=01;31:*.sar=01;31:*.rar=01;31:*.alz=01;31:*.ace=01;31:*.zoo=01;31:*.cpio=01;31:*.7z=01;31:*.rz=01;31:*.cab=01;31:*.wim=01;31:*.swm=01;31:*.dwm=01;31:*.esd=01;31:*.jpg=01;35:*.jpeg=01;35:*.mjpg=01;35:*.mjpeg=01;35:*.gif=01;35:*.bmp=01;35:*.pbm=01;35:*.pgm=01;35:*.ppm=01;35:*.tga=01;35:*.xbm=01;35:*.xpm=01;35:*.tif=01;35:*.tiff=01;35:*.png=01;35:*.svg=01;35:*.svgz=01;35:*.mng=01;35:*.pcx=01;35:*.mov=01;35:*.mpg=01;35:*.mpeg=01;35:*.m2v=01;35:*.mkv=01;35:*.webm=01;35:*.webp=01;35:*.ogm=01;35:*.mp4=01;35:*.m4v=01;35:*.mp4v=01;35:*.vob=01;35:*.qt=01;35:*.nuv=01;35:*.wmv=01;35:*.asf=01;35:*.rm=01;35:*.rmvb=01;35:*.flc=01;35:*.avi=01;35:*.fli=01;35:*.flv=01;35:*.gl=01;35:*.dl=01;35:*.xcf=01;35:*.xwd=01;35:*.yuv=01;35:*.cgm=01;35:*.emf=01;35:*.ogv=01;35:*.ogx=01;35:*.aac=00;36:*.au=00;36:*.flac=00;36:*.m4a=00;36:*.mid=00;36:*.midi=00;36:*.mka=00;36:*.mp3=00;36:*.mpc=00;36:*.ogg=00;36:*.ra=00;36:*.wav=00;36:*.oga=00;36:*.opus=00;36:*.spx=00;36:*.xspf=00;36:'), ('GNOME_TERMINAL_SERVICE', ':1.148'), ('SSH_AGENT_LAUNCHER', 'gnome-keyring'), ('SSH_AUTH_SOCK', '/run/user/1000/keyring/ssh'), ('AMENT_PREFIX_PATH', '/home/kanye/Documents/visionaid/microros_ws/install/micro_ros_setup:/opt/ros/humble'), ('SHELL', '/bin/bash'), ('LC_NAME', 'lzh_TW'), ('QT_ACCESSIBILITY', '1'), ('GDMSESSION', 'ubuntu'), ('LESSCLOSE', '/usr/bin/lesspipe %s %s'), ('LC_MEASUREMENT', 'lzh_TW'), ('LC_IDENTIFICATION', 'lzh_TW'), ('QT_IM_MODULE', 'ibus'), ('PWD', '/home/kanye/Documents/visionaid/microros_ws/build/micro_ros_msgs'), ('XDG_CONFIG_DIRS', '/etc/xdg/xdg-ubuntu:/etc/xdg'), ('XDG_DATA_DIRS', '/usr/share/ubuntu:/usr/local/share/:/usr/share/:/var/lib/snapd/desktop'), ('PYTHONPATH', '/opt/ros/humble/lib/python3.10/site-packages:/opt/ros/humble/local/lib/python3.10/dist-packages'), ('LC_NUMERIC', 'lzh_TW'), ('LC_PAPER', 'lzh_TW'), ('COLCON', '1'), ('VTE_VERSION', '6800'), ('CMAKE_PREFIX_PATH', '/home/kanye/Documents/visionaid/microros_ws/install/micro_ros_setup:/opt/ros/humble')]), 'shell': False}
[1.184879] (builtin_interfaces) StdoutLine: {'line': b'[  2%] \x1b[34m\x1b[1mGenerating C code for ROS interfaces\x1b[0m\n'}
[1.189929] (builtin_interfaces) StdoutLine: {'line': b'[  5%] \x1b[34m\x1b[1mGenerating C++ code for ROS interfaces\x1b[0m\n'}
[1.197374] (builtin_interfaces) StdoutLine: {'line': b'[  5%] Built target ament_cmake_python_copy_builtin_interfaces\n'}
[1.201850] (-) TimerEvent: {}
[1.205332] (micro_ros_msgs) StdoutLine: {'line': b'[  2%] \x1b[34m\x1b[1mGenerating C code for ROS interfaces\x1b[0m\n'}
[1.211695] (micro_ros_msgs) StdoutLine: {'line': b'[  4%] \x1b[34m\x1b[1mGenerating C++ code for ROS interfaces\x1b[0m\n'}
[1.217309] (micro_ros_msgs) StdoutLine: {'line': b'[  4%] Built target ament_cmake_python_copy_micro_ros_msgs\n'}
[1.302106] (-) TimerEvent: {}
[1.351244] (builtin_interfaces) StdoutLine: {'line': b'running egg_info\n'}
[1.351588] (builtin_interfaces) StdoutLine: {'line': b'creating builtin_interfaces.egg-info\n'}
[1.351685] (builtin_interfaces) StdoutLine: {'line': b'writing builtin_interfaces.egg-info/PKG-INFO\n'}
[1.351857] (builtin_interfaces) StdoutLine: {'line': b'writing dependency_links to builtin_interfaces.egg-info/dependency_links.txt\n'}
[1.351958] (builtin_interfaces) StdoutLine: {'line': b'writing top-level names to builtin_interfaces.egg-info/top_level.txt\n'}
[1.352027] (builtin_interfaces) StdoutLine: {'line': b"writing manifest file 'builtin_interfaces.egg-info/SOURCES.txt'\n"}
[1.353890] (builtin_interfaces) StdoutLine: {'line': b"reading manifest file 'builtin_interfaces.egg-info/SOURCES.txt'\n"}
[1.354156] (builtin_interfaces) StdoutLine: {'line': b"writing manifest file 'builtin_interfaces.egg-info/SOURCES.txt'\n"}
[1.369897] (micro_ros_msgs) StdoutLine: {'line': b'running egg_info\n'}
[1.370165] (micro_ros_msgs) StdoutLine: {'line': b'creating micro_ros_msgs.egg-info\n'}
[1.370265] (micro_ros_msgs) StdoutLine: {'line': b'writing micro_ros_msgs.egg-info/PKG-INFO\n'}
[1.370456] (micro_ros_msgs) StdoutLine: {'line': b'writing dependency_links to micro_ros_msgs.egg-info/dependency_links.txt\n'}
[1.370587] (micro_ros_msgs) StdoutLine: {'line': b'writing top-level names to micro_ros_msgs.egg-info/top_level.txt\n'}
[1.370661] (micro_ros_msgs) StdoutLine: {'line': b"writing manifest file 'micro_ros_msgs.egg-info/SOURCES.txt'\n"}
[1.371662] (micro_ros_msgs) StdoutLine: {'line': b"reading manifest file 'micro_ros_msgs.egg-info/SOURCES.txt'\n"}
[1.371979] (builtin_interfaces) StdoutLine: {'line': b'[  5%] Built target ament_cmake_python_build_builtin_interfaces_egg\n'}
[1.372088] (micro_ros_msgs) StdoutLine: {'line': b"writing manifest file 'micro_ros_msgs.egg-info/SOURCES.txt'\n"}
[1.391808] (micro_ros_msgs) StdoutLine: {'line': b'[  4%] Built target ament_cmake_python_build_micro_ros_msgs_egg\n'}
[1.402210] (-) TimerEvent: {}
[1.407745] (builtin_interfaces) StdoutLine: {'line': b'[  5%] Built target builtin_interfaces__cpp\n'}
[1.415022] (builtin_interfaces) StdoutLine: {'line': b'[  7%] \x1b[34m\x1b[1mGenerating C++ type support for eProsima Fast-RTPS\x1b[0m\n'}
[1.415167] (builtin_interfaces) StdoutLine: {'line': b'[ 10%] \x1b[34m\x1b[1mGenerating C++ introspection for ROS interfaces\x1b[0m\n'}
[1.415578] (builtin_interfaces) StdoutLine: {'line': b'[ 12%] \x1b[34m\x1b[1mGenerating C++ type support dispatch for ROS interfaces\x1b[0m\n'}
[1.439035] (micro_ros_msgs) StdoutLine: {'line': b'[  6%] \x1b[32mBuilding C object CMakeFiles/micro_ros_msgs__rosidl_generator_c.dir/rosidl_generator_c/micro_ros_msgs/msg/detail/graph__functions.c.o\x1b[0m\n'}
[1.439675] (micro_ros_msgs) StdoutLine: {'line': b'[  8%] \x1b[32mBuilding C object CMakeFiles/micro_ros_msgs__rosidl_generator_c.dir/rosidl_generator_c/micro_ros_msgs/msg/detail/node__functions.c.o\x1b[0m\n'}
[1.440788] (micro_ros_msgs) StdoutLine: {'line': b'[ 10%] \x1b[32mBuilding C object CMakeFiles/micro_ros_msgs__rosidl_generator_c.dir/rosidl_generator_c/micro_ros_msgs/msg/detail/entity__functions.c.o\x1b[0m\n'}
[1.447343] (builtin_interfaces) StdoutLine: {'line': b'[ 17%] \x1b[32mBuilding C object CMakeFiles/builtin_interfaces__rosidl_generator_c.dir/rosidl_generator_c/builtin_interfaces/msg/detail/duration__functions.c.o\x1b[0m\n'}
[1.447478] (builtin_interfaces) StdoutLine: {'line': b'[ 17%] \x1b[32mBuilding C object CMakeFiles/builtin_interfaces__rosidl_generator_c.dir/rosidl_generator_c/builtin_interfaces/msg/detail/time__functions.c.o\x1b[0m\n'}
[1.472864] (micro_ros_msgs) StdoutLine: {'line': b'[ 10%] Built target micro_ros_msgs__cpp\n'}
[1.479881] (micro_ros_msgs) StdoutLine: {'line': b'[ 12%] \x1b[34m\x1b[1mGenerating C++ type support for eProsima Fast-RTPS\x1b[0m\n'}
[1.481398] (micro_ros_msgs) StdoutLine: {'line': b'[ 14%] \x1b[34m\x1b[1mGenerating C++ type support dispatch for ROS interfaces\x1b[0m\n'}
[1.481691] (micro_ros_msgs) StdoutLine: {'line': b'[ 17%] \x1b[34m\x1b[1mGenerating C++ introspection for ROS interfaces\x1b[0m\n'}
[1.485263] (micro_ros_msgs) StdoutLine: {'line': b'[ 19%] \x1b[32m\x1b[1mLinking C shared library libmicro_ros_msgs__rosidl_generator_c.so\x1b[0m\n'}
[1.486275] (builtin_interfaces) StdoutLine: {'line': b'[ 20%] \x1b[32m\x1b[1mLinking C shared library libbuiltin_interfaces__rosidl_generator_c.so\x1b[0m\n'}
[1.502346] (-) TimerEvent: {}
[1.512992] (micro_ros_msgs) StdoutLine: {'line': b'[ 19%] Built target micro_ros_msgs__rosidl_generator_c\n'}
[1.515798] (builtin_interfaces) StdoutLine: {'line': b'[ 20%] Built target builtin_interfaces__rosidl_generator_c\n'}
[1.522221] (micro_ros_msgs) StdoutLine: {'line': b'[ 21%] \x1b[34m\x1b[1mGenerating C type support for eProsima Fast-RTPS\x1b[0m\n'}
[1.522410] (micro_ros_msgs) StdoutLine: {'line': b'[ 23%] \x1b[34m\x1b[1mGenerating C type support dispatch for ROS interfaces\x1b[0m\n'}
[1.522608] (micro_ros_msgs) StdoutLine: {'line': b'[ 25%] \x1b[34m\x1b[1mGenerating C introspection for ROS interfaces\x1b[0m\n'}
[1.524181] (builtin_interfaces) StdoutLine: {'line': b'[ 23%] \x1b[34m\x1b[1mGenerating C type support for eProsima Fast-RTPS\x1b[0m\n'}
[1.524442] (builtin_interfaces) StdoutLine: {'line': b'[ 25%] \x1b[34m\x1b[1mGenerating C type support dispatch for ROS interfaces\x1b[0m\n'}
[1.524666] (builtin_interfaces) StdoutLine: {'line': b'[ 28%] \x1b[34m\x1b[1mGenerating C introspection for ROS interfaces\x1b[0m\n'}
[1.602438] (-) TimerEvent: {}
[1.618752] (builtin_interfaces) StdoutLine: {'line': b'[ 30%] \x1b[32mBuilding CXX object CMakeFiles/builtin_interfaces__rosidl_typesupport_introspection_cpp.dir/rosidl_typesupport_introspection_cpp/builtin_interfaces/msg/detail/duration__type_support.cpp.o\x1b[0m\n'}
[1.618936] (builtin_interfaces) StdoutLine: {'line': b'[ 33%] \x1b[32mBuilding CXX object CMakeFiles/builtin_interfaces__rosidl_typesupport_introspection_cpp.dir/rosidl_typesupport_introspection_cpp/builtin_interfaces/msg/detail/time__type_support.cpp.o\x1b[0m\n'}
[1.621171] (builtin_interfaces) StdoutLine: {'line': b'[ 35%] \x1b[32mBuilding CXX object CMakeFiles/builtin_interfaces__rosidl_typesupport_fastrtps_cpp.dir/rosidl_typesupport_fastrtps_cpp/builtin_interfaces/msg/detail/dds_fastrtps/duration__type_support.cpp.o\x1b[0m\n'}
[1.622460] (builtin_interfaces) StdoutLine: {'line': b'[ 38%] \x1b[32mBuilding CXX object CMakeFiles/builtin_interfaces__rosidl_typesupport_fastrtps_cpp.dir/rosidl_typesupport_fastrtps_cpp/builtin_interfaces/msg/detail/dds_fastrtps/time__type_support.cpp.o\x1b[0m\n'}
[1.625415] (builtin_interfaces) StdoutLine: {'line': b'[ 41%] \x1b[32mBuilding CXX object CMakeFiles/builtin_interfaces__rosidl_typesupport_cpp.dir/rosidl_typesupport_cpp/builtin_interfaces/msg/time__type_support.cpp.o\x1b[0m\n'}
[1.627174] (builtin_interfaces) StdoutLine: {'line': b'[ 43%] \x1b[32mBuilding CXX object CMakeFiles/builtin_interfaces__rosidl_typesupport_cpp.dir/rosidl_typesupport_cpp/builtin_interfaces/msg/duration__type_support.cpp.o\x1b[0m\n'}
[1.676331] (micro_ros_msgs) StdoutLine: {'line': b'[ 29%] \x1b[32mBuilding CXX object CMakeFiles/micro_ros_msgs__rosidl_typesupport_introspection_cpp.dir/rosidl_typesupport_introspection_cpp/micro_ros_msgs/msg/detail/graph__type_support.cpp.o\x1b[0m\n'}
[1.676513] (micro_ros_msgs) StdoutLine: {'line': b'[ 29%] \x1b[32mBuilding CXX object CMakeFiles/micro_ros_msgs__rosidl_typesupport_introspection_cpp.dir/rosidl_typesupport_introspection_cpp/micro_ros_msgs/msg/detail/entity__type_support.cpp.o\x1b[0m\n'}
[1.676577] (micro_ros_msgs) StdoutLine: {'line': b'[ 31%] \x1b[32mBuilding CXX object CMakeFiles/micro_ros_msgs__rosidl_typesupport_introspection_cpp.dir/rosidl_typesupport_introspection_cpp/micro_ros_msgs/msg/detail/node__type_support.cpp.o\x1b[0m\n'}
[1.686842] (micro_ros_msgs) StdoutLine: {'line': b'[ 36%] \x1b[32mBuilding CXX object CMakeFiles/micro_ros_msgs__rosidl_typesupport_fastrtps_cpp.dir/rosidl_typesupport_fastrtps_cpp/micro_ros_msgs/msg/detail/dds_fastrtps/graph__type_support.cpp.o\x1b[0m\n'}
[1.686967] (micro_ros_msgs) StdoutLine: {'line': b'[ 36%] \x1b[32mBuilding CXX object CMakeFiles/micro_ros_msgs__rosidl_typesupport_fastrtps_cpp.dir/rosidl_typesupport_fastrtps_cpp/micro_ros_msgs/msg/detail/dds_fastrtps/node__type_support.cpp.o\x1b[0m\n'}
[1.688680] (micro_ros_msgs) StdoutLine: {'line': b'[ 38%] \x1b[32mBuilding CXX object CMakeFiles/micro_ros_msgs__rosidl_typesupport_fastrtps_cpp.dir/rosidl_typesupport_fastrtps_cpp/micro_ros_msgs/msg/detail/dds_fastrtps/entity__type_support.cpp.o\x1b[0m\n'}
[1.697834] (micro_ros_msgs) StdoutLine: {'line': b'[ 42%] \x1b[32mBuilding CXX object CMakeFiles/micro_ros_msgs__rosidl_typesupport_cpp.dir/rosidl_typesupport_cpp/micro_ros_msgs/msg/entity__type_support.cpp.o\x1b[0m\n'}
[1.698007] (micro_ros_msgs) StdoutLine: {'line': b'[ 42%] \x1b[32mBuilding CXX object CMakeFiles/micro_ros_msgs__rosidl_typesupport_cpp.dir/rosidl_typesupport_cpp/micro_ros_msgs/msg/node__type_support.cpp.o\x1b[0m\n'}
[1.698074] (micro_ros_msgs) StdoutLine: {'line': b'[ 44%] \x1b[32mBuilding CXX object CMakeFiles/micro_ros_msgs__rosidl_typesupport_cpp.dir/rosidl_typesupport_cpp/micro_ros_msgs/msg/graph__type_support.cpp.o\x1b[0m\n'}
[1.702517] (-) TimerEvent: {}
[1.721243] (builtin_interfaces) StdoutLine: {'line': b'[ 46%] \x1b[32mBuilding CXX object CMakeFiles/builtin_interfaces__rosidl_typesupport_c.dir/rosidl_typesupport_c/builtin_interfaces/msg/duration__type_support.cpp.o\x1b[0m\n'}
[1.722126] (builtin_interfaces) StdoutLine: {'line': b'[ 48%] \x1b[32mBuilding CXX object CMakeFiles/builtin_interfaces__rosidl_typesupport_c.dir/rosidl_typesupport_c/builtin_interfaces/msg/time__type_support.cpp.o\x1b[0m\n'}
[1.750297] (builtin_interfaces) StdoutLine: {'line': b'[ 51%] \x1b[32m\x1b[1mLinking CXX shared library libbuiltin_interfaces__rosidl_typesupport_c.so\x1b[0m\n'}
[1.782907] (builtin_interfaces) StdoutLine: {'line': b'[ 53%] \x1b[32mBuilding CXX object CMakeFiles/builtin_interfaces__rosidl_typesupport_fastrtps_c.dir/rosidl_typesupport_fastrtps_c/builtin_interfaces/msg/detail/time__type_support_c.cpp.o\x1b[0m\n'}
[1.783216] (builtin_interfaces) StdoutLine: {'line': b'[ 56%] \x1b[32mBuilding CXX object CMakeFiles/builtin_interfaces__rosidl_typesupport_fastrtps_c.dir/rosidl_typesupport_fastrtps_c/builtin_interfaces/msg/detail/duration__type_support_c.cpp.o\x1b[0m\n'}
[1.784992] (micro_ros_msgs) StdoutLine: {'line': b'[ 46%] \x1b[32mBuilding CXX object CMakeFiles/micro_ros_msgs__rosidl_typesupport_fastrtps_c.dir/rosidl_typesupport_fastrtps_c/micro_ros_msgs/msg/detail/graph__type_support_c.cpp.o\x1b[0m\n'}
[1.785203] (micro_ros_msgs) StdoutLine: {'line': b'[ 48%] \x1b[32mBuilding CXX object CMakeFiles/micro_ros_msgs__rosidl_typesupport_fastrtps_c.dir/rosidl_typesupport_fastrtps_c/micro_ros_msgs/msg/detail/entity__type_support_c.cpp.o\x1b[0m\n'}
[1.785401] (micro_ros_msgs) StdoutLine: {'line': b'[ 51%] \x1b[32mBuilding CXX object CMakeFiles/micro_ros_msgs__rosidl_typesupport_fastrtps_c.dir/rosidl_typesupport_fastrtps_c/micro_ros_msgs/msg/detail/node__type_support_c.cpp.o\x1b[0m\n'}
[1.788465] (builtin_interfaces) StdoutLine: {'line': b'[ 56%] Built target builtin_interfaces__rosidl_typesupport_c\n'}
[1.802370] (micro_ros_msgs) StdoutLine: {'line': b'[ 53%] \x1b[32mBuilding CXX object CMakeFiles/micro_ros_msgs__rosidl_typesupport_c.dir/rosidl_typesupport_c/micro_ros_msgs/msg/graph__type_support.cpp.o\x1b[0m\n'}
[1.802560] (-) TimerEvent: {}
[1.803435] (micro_ros_msgs) StdoutLine: {'line': b'[ 55%] \x1b[32mBuilding CXX object CMakeFiles/micro_ros_msgs__rosidl_typesupport_c.dir/rosidl_typesupport_c/micro_ros_msgs/msg/entity__type_support.cpp.o\x1b[0m\n'}
[1.803591] (micro_ros_msgs) StdoutLine: {'line': b'[ 57%] \x1b[32mBuilding CXX object CMakeFiles/micro_ros_msgs__rosidl_typesupport_c.dir/rosidl_typesupport_c/micro_ros_msgs/msg/node__type_support.cpp.o\x1b[0m\n'}
[1.830122] (micro_ros_msgs) StdoutLine: {'line': b'[ 59%] \x1b[32m\x1b[1mLinking CXX shared library libmicro_ros_msgs__rosidl_typesupport_c.so\x1b[0m\n'}
[1.834622] (micro_ros_msgs) StdoutLine: {'line': b'[ 65%] \x1b[32mBuilding C object CMakeFiles/micro_ros_msgs__rosidl_typesupport_introspection_c.dir/rosidl_typesupport_introspection_c/micro_ros_msgs/msg/detail/graph__type_support.c.o\x1b[0m\n'}
[1.834800] (micro_ros_msgs) StdoutLine: {'line': b'[ 65%] \x1b[32mBuilding C object CMakeFiles/micro_ros_msgs__rosidl_typesupport_introspection_c.dir/rosidl_typesupport_introspection_c/micro_ros_msgs/msg/detail/entity__type_support.c.o\x1b[0m\n'}
[1.834872] (micro_ros_msgs) StdoutLine: {'line': b'[ 65%] \x1b[32mBuilding C object CMakeFiles/micro_ros_msgs__rosidl_typesupport_introspection_c.dir/rosidl_typesupport_introspection_c/micro_ros_msgs/msg/detail/node__type_support.c.o\x1b[0m\n'}
[1.844505] (builtin_interfaces) StdoutLine: {'line': b'[ 61%] \x1b[32mBuilding C object CMakeFiles/builtin_interfaces__rosidl_typesupport_introspection_c.dir/rosidl_typesupport_introspection_c/builtin_interfaces/msg/detail/time__type_support.c.o\x1b[0m\n'}
[1.844671] (builtin_interfaces) StdoutLine: {'line': b'[ 61%] \x1b[32mBuilding C object CMakeFiles/builtin_interfaces__rosidl_typesupport_introspection_c.dir/rosidl_typesupport_introspection_c/builtin_interfaces/msg/detail/duration__type_support.c.o\x1b[0m\n'}
[1.863794] (micro_ros_msgs) StdoutLine: {'line': b'[ 65%] Built target micro_ros_msgs__rosidl_typesupport_c\n'}
[1.869852] (builtin_interfaces) StdoutLine: {'line': b'[ 64%] \x1b[32m\x1b[1mLinking C shared library libbuiltin_interfaces__rosidl_typesupport_introspection_c.so\x1b[0m\n'}
[1.871106] (micro_ros_msgs) StdoutLine: {'line': b'[ 68%] \x1b[32m\x1b[1mLinking C shared library libmicro_ros_msgs__rosidl_typesupport_introspection_c.so\x1b[0m\n'}
[1.879445] (builtin_interfaces) StdoutLine: {'line': b'[ 66%] \x1b[32m\x1b[1mLinking CXX shared library libbuiltin_interfaces__rosidl_typesupport_cpp.so\x1b[0m\n'}
[1.887854] (builtin_interfaces) StdoutLine: {'line': b'[ 66%] Built target builtin_interfaces__rosidl_typesupport_introspection_c\n'}
[1.888789] (micro_ros_msgs) StdoutLine: {'line': b'[ 68%] Built target micro_ros_msgs__rosidl_typesupport_introspection_c\n'}
[1.902678] (-) TimerEvent: {}
[1.909565] (builtin_interfaces) StdoutLine: {'line': b'[ 66%] Built target builtin_interfaces__rosidl_typesupport_cpp\n'}
[1.955929] (micro_ros_msgs) StdoutLine: {'line': b'[ 70%] \x1b[32m\x1b[1mLinking CXX shared library libmicro_ros_msgs__rosidl_typesupport_cpp.so\x1b[0m\n'}
[1.992910] (micro_ros_msgs) StdoutLine: {'line': b'[ 70%] Built target micro_ros_msgs__rosidl_typesupport_cpp\n'}
[1.996181] (builtin_interfaces) StdoutLine: {'line': b'[ 69%] \x1b[32m\x1b[1mLinking CXX shared library libbuiltin_interfaces__rosidl_typesupport_introspection_cpp.so\x1b[0m\n'}
[2.002777] (-) TimerEvent: {}
[2.003620] (builtin_interfaces) StdoutLine: {'line': b'[ 71%] \x1b[32m\x1b[1mLinking CXX shared library libbuiltin_interfaces__rosidl_typesupport_fastrtps_cpp.so\x1b[0m\n'}
[2.012329] (builtin_interfaces) StdoutLine: {'line': b'[ 74%] \x1b[32m\x1b[1mLinking CXX shared library libbuiltin_interfaces__rosidl_typesupport_fastrtps_c.so\x1b[0m\n'}
[2.027512] (builtin_interfaces) StdoutLine: {'line': b'[ 74%] Built target builtin_interfaces__rosidl_typesupport_introspection_cpp\n'}
[2.059410] (builtin_interfaces) StdoutLine: {'line': b'[ 74%] Built target builtin_interfaces__rosidl_typesupport_fastrtps_cpp\n'}
[2.062521] (builtin_interfaces) StdoutLine: {'line': b'[ 74%] Built target builtin_interfaces__rosidl_typesupport_fastrtps_c\n'}
[2.078459] (builtin_interfaces) StdoutLine: {'line': b'[ 74%] Built target builtin_interfaces\n'}
[2.082293] (micro_ros_msgs) StdoutLine: {'line': b'[ 72%] \x1b[32m\x1b[1mLinking CXX shared library libmicro_ros_msgs__rosidl_typesupport_fastrtps_cpp.so\x1b[0m\n'}
[2.084592] (micro_ros_msgs) StdoutLine: {'line': b'[ 74%] \x1b[32m\x1b[1mLinking CXX shared library libmicro_ros_msgs__rosidl_typesupport_introspection_cpp.so\x1b[0m\n'}
[2.085309] (micro_ros_msgs) StdoutLine: {'line': b'[ 76%] \x1b[32m\x1b[1mLinking CXX shared library libmicro_ros_msgs__rosidl_typesupport_fastrtps_c.so\x1b[0m\n'}
[2.091773] (builtin_interfaces) StdoutLine: {'line': b'[ 76%] \x1b[34m\x1b[1mGenerating Python code for ROS interfaces\x1b[0m\n'}
[2.102906] (-) TimerEvent: {}
[2.138757] (micro_ros_msgs) StdoutLine: {'line': b'[ 76%] Built target micro_ros_msgs__rosidl_typesupport_fastrtps_c\n'}
[2.139433] (micro_ros_msgs) StdoutLine: {'line': b'[ 76%] Built target micro_ros_msgs__rosidl_typesupport_fastrtps_cpp\n'}
[2.139594] (micro_ros_msgs) StdoutLine: {'line': b'[ 76%] Built target micro_ros_msgs__rosidl_typesupport_introspection_cpp\n'}
[2.154473] (micro_ros_msgs) StdoutLine: {'line': b'[ 76%] Built target micro_ros_msgs\n'}
[2.168528] (micro_ros_msgs) StdoutLine: {'line': b'[ 78%] \x1b[34m\x1b[1mGenerating Python code for ROS interfaces\x1b[0m\n'}
[2.203098] (-) TimerEvent: {}
[2.303459] (-) TimerEvent: {}
[2.403780] (-) TimerEvent: {}
[2.443400] (builtin_interfaces) StdoutLine: {'line': b'[ 76%] Built target builtin_interfaces__py\n'}
[2.457683] (builtin_interfaces) StdoutLine: {'line': b'[ 79%] \x1b[32mBuilding C object CMakeFiles/builtin_interfaces__rosidl_generator_py.dir/rosidl_generator_py/builtin_interfaces/msg/_duration_s.c.o\x1b[0m\n'}
[2.459083] (builtin_interfaces) StdoutLine: {'line': b'[ 82%] \x1b[32mBuilding C object CMakeFiles/builtin_interfaces__rosidl_generator_py.dir/rosidl_generator_py/builtin_interfaces/msg/_time_s.c.o\x1b[0m\n'}
[2.503939] (-) TimerEvent: {}
[2.532176] (micro_ros_msgs) StdoutLine: {'line': b'[ 78%] Built target micro_ros_msgs__py\n'}
[2.534537] (builtin_interfaces) StdoutLine: {'line': b'[ 84%] \x1b[32m\x1b[1mLinking C shared library rosidl_generator_py/builtin_interfaces/libbuiltin_interfaces__rosidl_generator_py.so\x1b[0m\n'}
[2.549266] (micro_ros_msgs) StdoutLine: {'line': b'[ 80%] \x1b[32mBuilding C object CMakeFiles/micro_ros_msgs__rosidl_generator_py.dir/rosidl_generator_py/micro_ros_msgs/msg/_graph_s.c.o\x1b[0m\n'}
[2.550465] (micro_ros_msgs) StdoutLine: {'line': b'[ 82%] \x1b[32mBuilding C object CMakeFiles/micro_ros_msgs__rosidl_generator_py.dir/rosidl_generator_py/micro_ros_msgs/msg/_node_s.c.o\x1b[0m\n'}
[2.550740] (micro_ros_msgs) StdoutLine: {'line': b'[ 85%] \x1b[32mBuilding C object CMakeFiles/micro_ros_msgs__rosidl_generator_py.dir/rosidl_generator_py/micro_ros_msgs/msg/_entity_s.c.o\x1b[0m\n'}
[2.569534] (builtin_interfaces) StdoutLine: {'line': b'[ 84%] Built target builtin_interfaces__rosidl_generator_py\n'}
[2.586065] (builtin_interfaces) StdoutLine: {'line': b'[ 87%] \x1b[32mBuilding C object CMakeFiles/builtin_interfaces__rosidl_typesupport_fastrtps_c__pyext.dir/rosidl_generator_py/builtin_interfaces/_builtin_interfaces_s.ep.rosidl_typesupport_fastrtps_c.c.o\x1b[0m\n'}
[2.586365] (builtin_interfaces) StdoutLine: {'line': b'[ 89%] \x1b[32mBuilding C object CMakeFiles/builtin_interfaces__rosidl_typesupport_c__pyext.dir/rosidl_generator_py/builtin_interfaces/_builtin_interfaces_s.ep.rosidl_typesupport_c.c.o\x1b[0m\n'}
[2.587070] (builtin_interfaces) StdoutLine: {'line': b'[ 92%] \x1b[32mBuilding C object CMakeFiles/builtin_interfaces__rosidl_typesupport_introspection_c__pyext.dir/rosidl_generator_py/builtin_interfaces/_builtin_interfaces_s.ep.rosidl_typesupport_introspection_c.c.o\x1b[0m\n'}
[2.604128] (-) TimerEvent: {}
[2.623271] (micro_ros_msgs) StdoutLine: {'line': b'[ 87%] \x1b[32m\x1b[1mLinking C shared library rosidl_generator_py/micro_ros_msgs/libmicro_ros_msgs__rosidl_generator_py.so\x1b[0m\n'}
[2.645848] (builtin_interfaces) StdoutLine: {'line': b'[ 94%] \x1b[32m\x1b[1mLinking C shared library rosidl_generator_py/builtin_interfaces/builtin_interfaces_s__rosidl_typesupport_fastrtps_c.cpython-310-x86_64-linux-gnu.so\x1b[0m\n'}
[2.652236] (micro_ros_msgs) StdoutLine: {'line': b'[ 87%] Built target micro_ros_msgs__rosidl_generator_py\n'}
[2.653692] (builtin_interfaces) StdoutLine: {'line': b'[ 97%] \x1b[32m\x1b[1mLinking C shared library rosidl_generator_py/builtin_interfaces/builtin_interfaces_s__rosidl_typesupport_introspection_c.cpython-310-x86_64-linux-gnu.so\x1b[0m\n'}
[2.667970] (micro_ros_msgs) StdoutLine: {'line': b'[ 89%] \x1b[32mBuilding C object CMakeFiles/micro_ros_msgs__rosidl_typesupport_introspection_c__pyext.dir/rosidl_generator_py/micro_ros_msgs/_micro_ros_msgs_s.ep.rosidl_typesupport_introspection_c.c.o\x1b[0m\n'}
[2.668197] (micro_ros_msgs) StdoutLine: {'line': b'[ 91%] \x1b[32mBuilding C object CMakeFiles/micro_ros_msgs__rosidl_typesupport_fastrtps_c__pyext.dir/rosidl_generator_py/micro_ros_msgs/_micro_ros_msgs_s.ep.rosidl_typesupport_fastrtps_c.c.o\x1b[0m\n'}
[2.668653] (builtin_interfaces) StdoutLine: {'line': b'[100%] \x1b[32m\x1b[1mLinking C shared library rosidl_generator_py/builtin_interfaces/builtin_interfaces_s__rosidl_typesupport_c.cpython-310-x86_64-linux-gnu.so\x1b[0m\n'}
[2.668904] (micro_ros_msgs) StdoutLine: {'line': b'[ 93%] \x1b[32mBuilding C object CMakeFiles/micro_ros_msgs__rosidl_typesupport_c__pyext.dir/rosidl_generator_py/micro_ros_msgs/_micro_ros_msgs_s.ep.rosidl_typesupport_c.c.o\x1b[0m\n'}
[2.675808] (builtin_interfaces) StdoutLine: {'line': b'[100%] Built target builtin_interfaces__rosidl_typesupport_fastrtps_c__pyext\n'}
[2.678528] (builtin_interfaces) StdoutLine: {'line': b'[100%] Built target builtin_interfaces__rosidl_typesupport_introspection_c__pyext\n'}
[2.693676] (builtin_interfaces) StdoutLine: {'line': b'[100%] Built target builtin_interfaces__rosidl_typesupport_c__pyext\n'}
[2.703499] (builtin_interfaces) CommandEnded: {'returncode': 0}
[2.704191] (-) TimerEvent: {}
[2.704295] (builtin_interfaces) JobProgress: {'identifier': 'builtin_interfaces', 'progress': 'install'}
[2.711971] (builtin_interfaces) Command: {'cmd': ['/usr/bin/cmake', '--install', '/home/kanye/Documents/visionaid/microros_ws/build/builtin_interfaces'], 'cwd': '/home/kanye/Documents/visionaid/microros_ws/build/builtin_interfaces', 'env': OrderedDict([('LESSOPEN', '| /usr/bin/lesspipe %s'), ('USER', 'kanye'), ('LC_TIME', 'lzh_TW'), ('XDG_SESSION_TYPE', 'wayland'), ('SHLVL', '2'), ('LD_LIBRARY_PATH', '/opt/ros/humble/opt/rviz_ogre_vendor/lib:/opt/ros/humble/lib/x86_64-linux-gnu:/opt/ros/humble/lib'), ('HOME', '/home/kanye'), ('OLDPWD', '/home/kanye/Documents/visionaid'), ('DESKTOP_SESSION', 'ubuntu'), ('ROS_PYTHON_VERSION', '3'), ('GNOME_SHELL_SESSION_MODE', 'ubuntu'), ('GTK_MODULES', 'gail:atk-bridge'), ('LC_MONETARY', 'lzh_TW'), ('SYSTEMD_EXEC_PID', '2284'), ('DBUS_SESSION_BUS_ADDRESS', 'unix:path=/run/user/1000/bus'), ('COLORTERM', 'truecolor'), ('IM_CONFIG_PHASE', '1'), ('WAYLAND_DISPLAY', 'wayland-0'), ('COLCON_PREFIX_PATH', '/home/kanye/Documents/visionaid/microros_ws/install'), ('ROS_DISTRO', 'humble'), ('LOGNAME', 'kanye'), ('_', '/usr/bin/colcon'), ('ROS_VERSION', '2'), ('XDG_SESSION_CLASS', 'user'), ('USERNAME', 'kanye'), ('TERM', 'xterm-256color'), ('GNOME_DESKTOP_SESSION_ID', 'this-is-deprecated'), ('ROS_LOCALHOST_ONLY', '0'), ('PATH', '/opt/ros/humble/bin:/home/kanye/.local/bin:/usr/local/sbin:/usr/local/bin:/usr/sbin:/usr/bin:/sbin:/bin:/usr/games:/usr/local/games:/snap/bin:/snap/bin'), ('SESSION_MANAGER', 'local/kanye-Ubuntu16:@/tmp/.ICE-unix/2254,unix/kanye-Ubuntu16:/tmp/.ICE-unix/2254'), ('XDG_MENU_PREFIX', 'gnome-'), ('LC_ADDRESS', 'lzh_TW'), ('GNOME_TERMINAL_SCREEN', '/org/gnome/Terminal/screen/bc25f51e_b569_4d46_8345_b17f9195c3b2'), ('GNOME_SETUP_DISPLAY', ':1'), ('XDG_RUNTIME_DIR', '/run/user/1000'), ('DISPLAY', ':0'), ('LANG', 'en_US.UTF-8'), ('XDG_CURRENT_DESKTOP', 'ubuntu:GNOME'), ('LC_TELEPHONE', 'lzh_TW'), ('XMODIFIERS', '@im=ibus'), ('XDG_SESSION_DESKTOP', 'ubuntu'), ('XAUTHORITY', '/run/user/1000/.mutter-Xwaylandauth.Y40N82'), ('LS_COLORS', 'rs=0:di=01;34:ln=01;36:mh=00:pi=40;33:so=01;35:do=01;35:bd=40;33;01:cd=40;33;01:or=40;31;01:mi=00:su=37;41:sg=30;43:ca=30;41:tw=30;42:ow=34;42:st=37;44:ex=01;32:*.tar=01;31:*.tgz=01;31:*.arc=01;31:*.arj=01;31:*.taz=01;31:*.lha=01;31:*.lz4=01;31:*.lzh=01;31:*.lzma=01;31:*.tlz=01;31:*.txz=01;31:*.tzo=01;31:*.t7z=01;31:*.zip=01;31:*.z=01;31:*.dz=01;31:*.gz=01;31:*.lrz=01;31:*.lz=01;31:*.lzo=01;31:*.xz=01;31:*.zst=01;31:*.tzst=01;31:*.bz2=01;31:*.bz=01;31:*.tbz=01;31:*.tbz2=01;31:*.tz=01;31:*.deb=01;31:*.rpm=01;31:*.jar=01;31:*.war=01;31:*.ear=01;31:*.sar=01;31:*.rar=01;31:*.alz=01;31:*.ace=01;31:*.zoo=01;31:*.cpio=01;31:*.7z=01;31:*.rz=01;31:*.cab=01;31:*.wim=01;31:*.swm=01;31:*.dwm=01;31:*.esd=01;31:*.jpg=01;35:*.jpeg=01;35:*.mjpg=01;35:*.mjpeg=01;35:*.gif=01;35:*.bmp=01;35:*.pbm=01;35:*.pgm=01;35:*.ppm=01;35:*.tga=01;35:*.xbm=01;35:*.xpm=01;35:*.tif=01;35:*.tiff=01;35:*.png=01;35:*.svg=01;35:*.svgz=01;35:*.mng=01;35:*.pcx=01;35:*.mov=01;35:*.mpg=01;35:*.mpeg=01;35:*.m2v=01;35:*.mkv=01;35:*.webm=01;35:*.webp=01;35:*.ogm=01;35:*.mp4=01;35:*.m4v=01;35:*.mp4v=01;35:*.vob=01;35:*.qt=01;35:*.nuv=01;35:*.wmv=01;35:*.asf=01;35:*.rm=01;35:*.rmvb=01;35:*.flc=01;35:*.avi=01;35:*.fli=01;35:*.flv=01;35:*.gl=01;35:*.dl=01;35:*.xcf=01;35:*.xwd=01;35:*.yuv=01;35:*.cgm=01;35:*.emf=01;35:*.ogv=01;35:*.ogx=01;35:*.aac=00;36:*.au=00;36:*.flac=00;36:*.m4a=00;36:*.mid=00;36:*.midi=00;36:*.mka=00;36:*.mp3=00;36:*.mpc=00;36:*.ogg=00;36:*.ra=00;36:*.wav=00;36:*.oga=00;36:*.opus=00;36:*.spx=00;36:*.xspf=00;36:'), ('GNOME_TERMINAL_SERVICE', ':1.148'), ('SSH_AGENT_LAUNCHER', 'gnome-keyring'), ('SSH_AUTH_SOCK', '/run/user/1000/keyring/ssh'), ('AMENT_PREFIX_PATH', '/home/kanye/Documents/visionaid/microros_ws/install/micro_ros_setup:/opt/ros/humble'), ('SHELL', '/bin/bash'), ('LC_NAME', 'lzh_TW'), ('QT_ACCESSIBILITY', '1'), ('GDMSESSION', 'ubuntu'), ('LESSCLOSE', '/usr/bin/lesspipe %s %s'), ('LC_MEASUREMENT', 'lzh_TW'), ('LC_IDENTIFICATION', 'lzh_TW'), ('QT_IM_MODULE', 'ibus'), ('PWD', '/home/kanye/Documents/visionaid/microros_ws/build/builtin_interfaces'), ('XDG_CONFIG_DIRS', '/etc/xdg/xdg-ubuntu:/etc/xdg'), ('XDG_DATA_DIRS', '/usr/share/ubuntu:/usr/local/share/:/usr/share/:/var/lib/snapd/desktop'), ('PYTHONPATH', '/opt/ros/humble/lib/python3.10/site-packages:/opt/ros/humble/local/lib/python3.10/dist-packages'), ('LC_NUMERIC', 'lzh_TW'), ('LC_PAPER', 'lzh_TW'), ('COLCON', '1'), ('VTE_VERSION', '6800'), ('CMAKE_PREFIX_PATH', '/home/kanye/Documents/visionaid/microros_ws/install/micro_ros_setup:/opt/ros/humble')]), 'shell': False}
[2.718563] (builtin_interfaces) StdoutLine: {'line': b'-- Install configuration: ""\n'}
[2.718679] (builtin_interfaces) StdoutLine: {'line': b'-- Installing: /home/kanye/Documents/visionaid/microros_ws/install/builtin_interfaces/share/ament_index/resource_index/rosidl_interfaces/builtin_interfaces\n'}
[2.718895] (builtin_interfaces) StdoutLine: {'line': b'-- Installing: /home/kanye/Documents/visionaid/microros_ws/install/builtin_interfaces/include/builtin_interfaces/builtin_interfaces\n'}
[2.719009] (builtin_interfaces) StdoutLine: {'line': b'-- Installing: /home/kanye/Documents/visionaid/microros_ws/install/builtin_interfaces/include/builtin_interfaces/builtin_interfaces/msg\n'}
[2.719061] (builtin_interfaces) StdoutLine: {'line': b'-- Installing: /home/kanye/Documents/visionaid/microros_ws/install/builtin_interfaces/include/builtin_interfaces/builtin_interfaces/msg/rosidl_generator_c__visibility_control.h\n'}
[2.719102] (builtin_interfaces) StdoutLine: {'line': b'-- Installing: /home/kanye/Documents/visionaid/microros_ws/install/builtin_interfaces/include/builtin_interfaces/builtin_interfaces/msg/detail\n'}
[2.719140] (builtin_interfaces) StdoutLine: {'line': b'-- Installing: /home/kanye/Documents/visionaid/microros_ws/install/builtin_interfaces/include/builtin_interfaces/builtin_interfaces/msg/detail/time__functions.c\n'}
[2.719364] (builtin_interfaces) StdoutLine: {'line': b'-- Installing: /home/kanye/Documents/visionaid/microros_ws/install/builtin_interfaces/include/builtin_interfaces/builtin_interfaces/msg/detail/duration__type_support.h\n'}
[2.719425] (builtin_interfaces) StdoutLine: {'line': b'-- Installing: /home/kanye/Documents/visionaid/microros_ws/install/builtin_interfaces/include/builtin_interfaces/builtin_interfaces/msg/detail/duration__struct.h\n'}
[2.719466] (builtin_interfaces) StdoutLine: {'line': b'-- Installing: /home/kanye/Documents/visionaid/microros_ws/install/builtin_interfaces/include/builtin_interfaces/builtin_interfaces/msg/detail/duration__functions.h\n'}
[2.719504] (builtin_interfaces) StdoutLine: {'line': b'-- Installing: /home/kanye/Documents/visionaid/microros_ws/install/builtin_interfaces/include/builtin_interfaces/builtin_interfaces/msg/detail/time__type_support.h\n'}
[2.719541] (builtin_interfaces) StdoutLine: {'line': b'-- Installing: /home/kanye/Documents/visionaid/microros_ws/install/builtin_interfaces/include/builtin_interfaces/builtin_interfaces/msg/detail/time__struct.h\n'}
[2.719578] (builtin_interfaces) StdoutLine: {'line': b'-- Installing: /home/kanye/Documents/visionaid/microros_ws/install/builtin_interfaces/include/builtin_interfaces/builtin_interfaces/msg/detail/time__functions.h\n'}
[2.719630] (builtin_interfaces) StdoutLine: {'line': b'-- Installing: /home/kanye/Documents/visionaid/microros_ws/install/builtin_interfaces/include/builtin_interfaces/builtin_interfaces/msg/detail/duration__functions.c\n'}
[2.719666] (builtin_interfaces) StdoutLine: {'line': b'-- Installing: /home/kanye/Documents/visionaid/microros_ws/install/builtin_interfaces/include/builtin_interfaces/builtin_interfaces/msg/duration.h\n'}
[2.719702] (builtin_interfaces) StdoutLine: {'line': b'-- Installing: /home/kanye/Documents/visionaid/microros_ws/install/builtin_interfaces/include/builtin_interfaces/builtin_interfaces/msg/time.h\n'}
[2.719738] (builtin_interfaces) StdoutLine: {'line': b'-- Installing: /home/kanye/Documents/visionaid/microros_ws/install/builtin_interfaces/share/builtin_interfaces/environment/library_path.sh\n'}
[2.719775] (builtin_interfaces) StdoutLine: {'line': b'-- Installing: /home/kanye/Documents/visionaid/microros_ws/install/builtin_interfaces/share/builtin_interfaces/environment/library_path.dsv\n'}
[2.719810] (builtin_interfaces) StdoutLine: {'line': b'-- Installing: /home/kanye/Documents/visionaid/microros_ws/install/builtin_interfaces/lib/libbuiltin_interfaces__rosidl_generator_c.so\n'}
[2.719846] (builtin_interfaces) StdoutLine: {'line': b'-- Set runtime path of "/home/kanye/Documents/visionaid/microros_ws/install/builtin_interfaces/lib/libbuiltin_interfaces__rosidl_generator_c.so" to ""\n'}
[2.719945] (builtin_interfaces) StdoutLine: {'line': b'-- Up-to-date: /home/kanye/Documents/visionaid/microros_ws/install/builtin_interfaces/include/builtin_interfaces/builtin_interfaces\n'}
[2.719983] (builtin_interfaces) StdoutLine: {'line': b'-- Up-to-date: /home/kanye/Documents/visionaid/microros_ws/install/builtin_interfaces/include/builtin_interfaces/builtin_interfaces/msg\n'}
[2.720019] (builtin_interfaces) StdoutLine: {'line': b'-- Installing: /home/kanye/Documents/visionaid/microros_ws/install/builtin_interfaces/include/builtin_interfaces/builtin_interfaces/msg/rosidl_typesupport_fastrtps_c__visibility_control.h\n'}
[2.720056] (builtin_interfaces) StdoutLine: {'line': b'-- Up-to-date: /home/kanye/Documents/visionaid/microros_ws/install/builtin_interfaces/include/builtin_interfaces/builtin_interfaces/msg/detail\n'}
[2.720091] (builtin_interfaces) StdoutLine: {'line': b'-- Installing: /home/kanye/Documents/visionaid/microros_ws/install/builtin_interfaces/include/builtin_interfaces/builtin_interfaces/msg/detail/time__rosidl_typesupport_fastrtps_c.h\n'}
[2.720124] (builtin_interfaces) StdoutLine: {'line': b'-- Installing: /home/kanye/Documents/visionaid/microros_ws/install/builtin_interfaces/include/builtin_interfaces/builtin_interfaces/msg/detail/duration__rosidl_typesupport_fastrtps_c.h\n'}
[2.720163] (builtin_interfaces) StdoutLine: {'line': b'-- Installing: /home/kanye/Documents/visionaid/microros_ws/install/builtin_interfaces/lib/libbuiltin_interfaces__rosidl_typesupport_fastrtps_c.so\n'}
[2.720200] (builtin_interfaces) StdoutLine: {'line': b'-- Set runtime path of "/home/kanye/Documents/visionaid/microros_ws/install/builtin_interfaces/lib/libbuiltin_interfaces__rosidl_typesupport_fastrtps_c.so" to ""\n'}
[2.720259] (builtin_interfaces) StdoutLine: {'line': b'-- Up-to-date: /home/kanye/Documents/visionaid/microros_ws/install/builtin_interfaces/include/builtin_interfaces/builtin_interfaces\n'}
[2.720294] (builtin_interfaces) StdoutLine: {'line': b'-- Up-to-date: /home/kanye/Documents/visionaid/microros_ws/install/builtin_interfaces/include/builtin_interfaces/builtin_interfaces/msg\n'}
[2.720328] (builtin_interfaces) StdoutLine: {'line': b'-- Installing: /home/kanye/Documents/visionaid/microros_ws/install/builtin_interfaces/include/builtin_interfaces/builtin_interfaces/msg/rosidl_typesupport_introspection_c__visibility_control.h\n'}
[2.720363] (builtin_interfaces) StdoutLine: {'line': b'-- Up-to-date: /home/kanye/Documents/visionaid/microros_ws/install/builtin_interfaces/include/builtin_interfaces/builtin_interfaces/msg/detail\n'}
[2.720396] (builtin_interfaces) StdoutLine: {'line': b'-- Installing: /home/kanye/Documents/visionaid/microros_ws/install/builtin_interfaces/include/builtin_interfaces/builtin_interfaces/msg/detail/duration__type_support.c\n'}
[2.720446] (builtin_interfaces) StdoutLine: {'line': b'-- Installing: /home/kanye/Documents/visionaid/microros_ws/install/builtin_interfaces/include/builtin_interfaces/builtin_interfaces/msg/detail/time__type_support.c\n'}
[2.720480] (builtin_interfaces) StdoutLine: {'line': b'-- Installing: /home/kanye/Documents/visionaid/microros_ws/install/builtin_interfaces/include/builtin_interfaces/builtin_interfaces/msg/detail/duration__rosidl_typesupport_introspection_c.h\n'}
[2.720515] (builtin_interfaces) StdoutLine: {'line': b'-- Installing: /home/kanye/Documents/visionaid/microros_ws/install/builtin_interfaces/include/builtin_interfaces/builtin_interfaces/msg/detail/time__rosidl_typesupport_introspection_c.h\n'}
[2.720549] (builtin_interfaces) StdoutLine: {'line': b'-- Installing: /home/kanye/Documents/visionaid/microros_ws/install/builtin_interfaces/lib/libbuiltin_interfaces__rosidl_typesupport_introspection_c.so\n'}
[2.720584] (builtin_interfaces) StdoutLine: {'line': b'-- Set runtime path of "/home/kanye/Documents/visionaid/microros_ws/install/builtin_interfaces/lib/libbuiltin_interfaces__rosidl_typesupport_introspection_c.so" to ""\n'}
[2.720618] (builtin_interfaces) StdoutLine: {'line': b'-- Installing: /home/kanye/Documents/visionaid/microros_ws/install/builtin_interfaces/lib/libbuiltin_interfaces__rosidl_typesupport_c.so\n'}
[2.720652] (builtin_interfaces) StdoutLine: {'line': b'-- Set runtime path of "/home/kanye/Documents/visionaid/microros_ws/install/builtin_interfaces/lib/libbuiltin_interfaces__rosidl_typesupport_c.so" to ""\n'}
[2.720724] (builtin_interfaces) StdoutLine: {'line': b'-- Up-to-date: /home/kanye/Documents/visionaid/microros_ws/install/builtin_interfaces/include/builtin_interfaces/builtin_interfaces\n'}
[2.720762] (builtin_interfaces) StdoutLine: {'line': b'-- Up-to-date: /home/kanye/Documents/visionaid/microros_ws/install/builtin_interfaces/include/builtin_interfaces/builtin_interfaces/msg\n'}
[2.720798] (builtin_interfaces) StdoutLine: {'line': b'-- Installing: /home/kanye/Documents/visionaid/microros_ws/install/builtin_interfaces/include/builtin_interfaces/builtin_interfaces/msg/rosidl_generator_cpp__visibility_control.hpp\n'}
[2.720833] (builtin_interfaces) StdoutLine: {'line': b'-- Installing: /home/kanye/Documents/visionaid/microros_ws/install/builtin_interfaces/include/builtin_interfaces/builtin_interfaces/msg/duration.hpp\n'}
[2.720868] (builtin_interfaces) StdoutLine: {'line': b'-- Up-to-date: /home/kanye/Documents/visionaid/microros_ws/install/builtin_interfaces/include/builtin_interfaces/builtin_interfaces/msg/detail\n'}
[2.720960] (builtin_interfaces) StdoutLine: {'line': b'-- Installing: /home/kanye/Documents/visionaid/microros_ws/install/builtin_interfaces/include/builtin_interfaces/builtin_interfaces/msg/detail/duration__struct.hpp\n'}
[2.721048] (builtin_interfaces) StdoutLine: {'line': b'-- Installing: /home/kanye/Documents/visionaid/microros_ws/install/builtin_interfaces/include/builtin_interfaces/builtin_interfaces/msg/detail/time__struct.hpp\n'}
[2.721088] (builtin_interfaces) StdoutLine: {'line': b'-- Installing: /home/kanye/Documents/visionaid/microros_ws/install/builtin_interfaces/include/builtin_interfaces/builtin_interfaces/msg/detail/duration__type_support.hpp\n'}
[2.721124] (builtin_interfaces) StdoutLine: {'line': b'-- Installing: /home/kanye/Documents/visionaid/microros_ws/install/builtin_interfaces/include/builtin_interfaces/builtin_interfaces/msg/detail/time__builder.hpp\n'}
[2.721163] (builtin_interfaces) StdoutLine: {'line': b'-- Installing: /home/kanye/Documents/visionaid/microros_ws/install/builtin_interfaces/include/builtin_interfaces/builtin_interfaces/msg/detail/duration__builder.hpp\n'}
[2.721213] (builtin_interfaces) StdoutLine: {'line': b'-- Installing: /home/kanye/Documents/visionaid/microros_ws/install/builtin_interfaces/include/builtin_interfaces/builtin_interfaces/msg/detail/time__type_support.hpp\n'}
[2.721258] (builtin_interfaces) StdoutLine: {'line': b'-- Installing: /home/kanye/Documents/visionaid/microros_ws/install/builtin_interfaces/include/builtin_interfaces/builtin_interfaces/msg/detail/time__traits.hpp\n'}
[2.721342] (builtin_interfaces) StdoutLine: {'line': b'-- Installing: /home/kanye/Documents/visionaid/microros_ws/install/builtin_interfaces/include/builtin_interfaces/builtin_interfaces/msg/detail/duration__traits.hpp\n'}
[2.721394] (builtin_interfaces) StdoutLine: {'line': b'-- Installing: /home/kanye/Documents/visionaid/microros_ws/install/builtin_interfaces/include/builtin_interfaces/builtin_interfaces/msg/time.hpp\n'}
[2.721433] (builtin_interfaces) StdoutLine: {'line': b'-- Up-to-date: /home/kanye/Documents/visionaid/microros_ws/install/builtin_interfaces/include/builtin_interfaces/builtin_interfaces\n'}
[2.721479] (builtin_interfaces) StdoutLine: {'line': b'-- Up-to-date: /home/kanye/Documents/visionaid/microros_ws/install/builtin_interfaces/include/builtin_interfaces/builtin_interfaces/msg\n'}
[2.721522] (builtin_interfaces) StdoutLine: {'line': b'-- Installing: /home/kanye/Documents/visionaid/microros_ws/install/builtin_interfaces/include/builtin_interfaces/builtin_interfaces/msg/rosidl_typesupport_fastrtps_cpp__visibility_control.h\n'}
[2.721565] (builtin_interfaces) StdoutLine: {'line': b'-- Up-to-date: /home/kanye/Documents/visionaid/microros_ws/install/builtin_interfaces/include/builtin_interfaces/builtin_interfaces/msg/detail\n'}
[2.721630] (builtin_interfaces) StdoutLine: {'line': b'-- Installing: /home/kanye/Documents/visionaid/microros_ws/install/builtin_interfaces/include/builtin_interfaces/builtin_interfaces/msg/detail/time__rosidl_typesupport_fastrtps_cpp.hpp\n'}
[2.721677] (builtin_interfaces) StdoutLine: {'line': b'-- Installing: /home/kanye/Documents/visionaid/microros_ws/install/builtin_interfaces/include/builtin_interfaces/builtin_interfaces/msg/detail/duration__rosidl_typesupport_fastrtps_cpp.hpp\n'}
[2.721722] (builtin_interfaces) StdoutLine: {'line': b'-- Installing: /home/kanye/Documents/visionaid/microros_ws/install/builtin_interfaces/include/builtin_interfaces/builtin_interfaces/msg/detail/dds_fastrtps\n'}
[2.721766] (builtin_interfaces) StdoutLine: {'line': b'-- Installing: /home/kanye/Documents/visionaid/microros_ws/install/builtin_interfaces/lib/libbuiltin_interfaces__rosidl_typesupport_fastrtps_cpp.so\n'}
[2.721809] (builtin_interfaces) StdoutLine: {'line': b'-- Set runtime path of "/home/kanye/Documents/visionaid/microros_ws/install/builtin_interfaces/lib/libbuiltin_interfaces__rosidl_typesupport_fastrtps_cpp.so" to ""\n'}
[2.721852] (builtin_interfaces) StdoutLine: {'line': b'-- Up-to-date: /home/kanye/Documents/visionaid/microros_ws/install/builtin_interfaces/include/builtin_interfaces/builtin_interfaces\n'}
[2.722022] (builtin_interfaces) StdoutLine: {'line': b'-- Up-to-date: /home/kanye/Documents/visionaid/microros_ws/install/builtin_interfaces/include/builtin_interfaces/builtin_interfaces/msg\n'}
[2.722135] (builtin_interfaces) StdoutLine: {'line': b'-- Up-to-date: /home/kanye/Documents/visionaid/microros_ws/install/builtin_interfaces/include/builtin_interfaces/builtin_interfaces/msg/detail\n'}
[2.722236] (builtin_interfaces) StdoutLine: {'line': b'-- Installing: /home/kanye/Documents/visionaid/microros_ws/install/builtin_interfaces/include/builtin_interfaces/builtin_interfaces/msg/detail/time__rosidl_typesupport_introspection_cpp.hpp\n'}
[2.722369] (builtin_interfaces) StdoutLine: {'line': b'-- Installing: /home/kanye/Documents/visionaid/microros_ws/install/builtin_interfaces/include/builtin_interfaces/builtin_interfaces/msg/detail/duration__rosidl_typesupport_introspection_cpp.hpp\n'}
[2.722418] (builtin_interfaces) StdoutLine: {'line': b'-- Installing: /home/kanye/Documents/visionaid/microros_ws/install/builtin_interfaces/include/builtin_interfaces/builtin_interfaces/msg/detail/time__type_support.cpp\n'}
[2.722454] (builtin_interfaces) StdoutLine: {'line': b'-- Installing: /home/kanye/Documents/visionaid/microros_ws/install/builtin_interfaces/include/builtin_interfaces/builtin_interfaces/msg/detail/duration__type_support.cpp\n'}
[2.722561] (builtin_interfaces) StdoutLine: {'line': b'-- Installing: /home/kanye/Documents/visionaid/microros_ws/install/builtin_interfaces/lib/libbuiltin_interfaces__rosidl_typesupport_introspection_cpp.so\n'}
[2.722599] (builtin_interfaces) StdoutLine: {'line': b'-- Set runtime path of "/home/kanye/Documents/visionaid/microros_ws/install/builtin_interfaces/lib/libbuiltin_interfaces__rosidl_typesupport_introspection_cpp.so" to ""\n'}
[2.722669] (builtin_interfaces) StdoutLine: {'line': b'-- Installing: /home/kanye/Documents/visionaid/microros_ws/install/builtin_interfaces/lib/libbuiltin_interfaces__rosidl_typesupport_cpp.so\n'}
[2.722706] (builtin_interfaces) StdoutLine: {'line': b'-- Set runtime path of "/home/kanye/Documents/visionaid/microros_ws/install/builtin_interfaces/lib/libbuiltin_interfaces__rosidl_typesupport_cpp.so" to ""\n'}
[2.722738] (builtin_interfaces) StdoutLine: {'line': b'-- Installing: /home/kanye/Documents/visionaid/microros_ws/install/builtin_interfaces/share/builtin_interfaces/environment/pythonpath.sh\n'}
[2.722770] (builtin_interfaces) StdoutLine: {'line': b'-- Installing: /home/kanye/Documents/visionaid/microros_ws/install/builtin_interfaces/share/builtin_interfaces/environment/pythonpath.dsv\n'}
[2.722800] (builtin_interfaces) StdoutLine: {'line': b'-- Installing: /home/kanye/Documents/visionaid/microros_ws/install/builtin_interfaces/local/lib/python3.10/dist-packages/builtin_interfaces-1.2.1-py3.10.egg-info\n'}
[2.722842] (builtin_interfaces) StdoutLine: {'line': b'-- Installing: /home/kanye/Documents/visionaid/microros_ws/install/builtin_interfaces/local/lib/python3.10/dist-packages/builtin_interfaces-1.2.1-py3.10.egg-info/PKG-INFO\n'}
[2.722870] (builtin_interfaces) StdoutLine: {'line': b'-- Installing: /home/kanye/Documents/visionaid/microros_ws/install/builtin_interfaces/local/lib/python3.10/dist-packages/builtin_interfaces-1.2.1-py3.10.egg-info/top_level.txt\n'}
[2.722897] (builtin_interfaces) StdoutLine: {'line': b'-- Installing: /home/kanye/Documents/visionaid/microros_ws/install/builtin_interfaces/local/lib/python3.10/dist-packages/builtin_interfaces-1.2.1-py3.10.egg-info/dependency_links.txt\n'}
[2.722925] (builtin_interfaces) StdoutLine: {'line': b'-- Installing: /home/kanye/Documents/visionaid/microros_ws/install/builtin_interfaces/local/lib/python3.10/dist-packages/builtin_interfaces-1.2.1-py3.10.egg-info/SOURCES.txt\n'}
[2.722951] (builtin_interfaces) StdoutLine: {'line': b'-- Installing: /home/kanye/Documents/visionaid/microros_ws/install/builtin_interfaces/local/lib/python3.10/dist-packages/builtin_interfaces\n'}
[2.722979] (builtin_interfaces) StdoutLine: {'line': b'-- Installing: /home/kanye/Documents/visionaid/microros_ws/install/builtin_interfaces/local/lib/python3.10/dist-packages/builtin_interfaces/_builtin_interfaces_s.ep.rosidl_typesupport_c.c\n'}
[2.723005] (builtin_interfaces) StdoutLine: {'line': b'-- Installing: /home/kanye/Documents/visionaid/microros_ws/install/builtin_interfaces/local/lib/python3.10/dist-packages/builtin_interfaces/_builtin_interfaces_s.ep.rosidl_typesupport_fastrtps_c.c\n'}
[2.723032] (builtin_interfaces) StdoutLine: {'line': b'-- Installing: /home/kanye/Documents/visionaid/microros_ws/install/builtin_interfaces/local/lib/python3.10/dist-packages/builtin_interfaces/_builtin_interfaces_s.ep.rosidl_typesupport_introspection_c.c\n'}
[2.723059] (builtin_interfaces) StdoutLine: {'line': b'-- Installing: /home/kanye/Documents/visionaid/microros_ws/install/builtin_interfaces/local/lib/python3.10/dist-packages/builtin_interfaces/libbuiltin_interfaces__rosidl_generator_py.so\n'}
[2.723086] (builtin_interfaces) StdoutLine: {'line': b'-- Installing: /home/kanye/Documents/visionaid/microros_ws/install/builtin_interfaces/local/lib/python3.10/dist-packages/builtin_interfaces/__init__.py\n'}
[2.723112] (builtin_interfaces) StdoutLine: {'line': b'-- Installing: /home/kanye/Documents/visionaid/microros_ws/install/builtin_interfaces/local/lib/python3.10/dist-packages/builtin_interfaces/builtin_interfaces_s__rosidl_typesupport_introspection_c.cpython-310-x86_64-linux-gnu.so\n'}
[2.723141] (builtin_interfaces) StdoutLine: {'line': b'-- Installing: /home/kanye/Documents/visionaid/microros_ws/install/builtin_interfaces/local/lib/python3.10/dist-packages/builtin_interfaces/msg\n'}
[2.723178] (builtin_interfaces) StdoutLine: {'line': b'-- Installing: /home/kanye/Documents/visionaid/microros_ws/install/builtin_interfaces/local/lib/python3.10/dist-packages/builtin_interfaces/msg/_time.py\n'}
[2.723209] (builtin_interfaces) StdoutLine: {'line': b'-- Installing: /home/kanye/Documents/visionaid/microros_ws/install/builtin_interfaces/local/lib/python3.10/dist-packages/builtin_interfaces/msg/__init__.py\n'}
[2.723236] (builtin_interfaces) StdoutLine: {'line': b'-- Installing: /home/kanye/Documents/visionaid/microros_ws/install/builtin_interfaces/local/lib/python3.10/dist-packages/builtin_interfaces/msg/_duration_s.c\n'}
[2.723262] (builtin_interfaces) StdoutLine: {'line': b'-- Installing: /home/kanye/Documents/visionaid/microros_ws/install/builtin_interfaces/local/lib/python3.10/dist-packages/builtin_interfaces/msg/_duration.py\n'}
[2.723288] (builtin_interfaces) StdoutLine: {'line': b'-- Installing: /home/kanye/Documents/visionaid/microros_ws/install/builtin_interfaces/local/lib/python3.10/dist-packages/builtin_interfaces/msg/_time_s.c\n'}
[2.723314] (builtin_interfaces) StdoutLine: {'line': b'-- Installing: /home/kanye/Documents/visionaid/microros_ws/install/builtin_interfaces/local/lib/python3.10/dist-packages/builtin_interfaces/builtin_interfaces_s__rosidl_typesupport_fastrtps_c.cpython-310-x86_64-linux-gnu.so\n'}
[2.723340] (builtin_interfaces) StdoutLine: {'line': b'-- Installing: /home/kanye/Documents/visionaid/microros_ws/install/builtin_interfaces/local/lib/python3.10/dist-packages/builtin_interfaces/builtin_interfaces_s__rosidl_typesupport_c.cpython-310-x86_64-linux-gnu.so\n'}
[2.726962] (micro_ros_msgs) StdoutLine: {'line': b'[ 95%] \x1b[32m\x1b[1mLinking C shared library rosidl_generator_py/micro_ros_msgs/micro_ros_msgs_s__rosidl_typesupport_c.cpython-310-x86_64-linux-gnu.so\x1b[0m\n'}
[2.732051] (micro_ros_msgs) StdoutLine: {'line': b'[ 97%] \x1b[32m\x1b[1mLinking C shared library rosidl_generator_py/micro_ros_msgs/micro_ros_msgs_s__rosidl_typesupport_introspection_c.cpython-310-x86_64-linux-gnu.so\x1b[0m\n'}
[2.743923] (micro_ros_msgs) StdoutLine: {'line': b'[100%] \x1b[32m\x1b[1mLinking C shared library rosidl_generator_py/micro_ros_msgs/micro_ros_msgs_s__rosidl_typesupport_fastrtps_c.cpython-310-x86_64-linux-gnu.so\x1b[0m\n'}
[2.748190] (builtin_interfaces) StdoutLine: {'line': b"Listing '/home/kanye/Documents/visionaid/microros_ws/install/builtin_interfaces/local/lib/python3.10/dist-packages/builtin_interfaces'...\n"}
[2.748328] (builtin_interfaces) StdoutLine: {'line': b"Compiling '/home/kanye/Documents/visionaid/microros_ws/install/builtin_interfaces/local/lib/python3.10/dist-packages/builtin_interfaces/__init__.py'...\n"}
[2.748398] (builtin_interfaces) StdoutLine: {'line': b"Listing '/home/kanye/Documents/visionaid/microros_ws/install/builtin_interfaces/local/lib/python3.10/dist-packages/builtin_interfaces/msg'...\n"}
[2.748461] (builtin_interfaces) StdoutLine: {'line': b"Compiling '/home/kanye/Documents/visionaid/microros_ws/install/builtin_interfaces/local/lib/python3.10/dist-packages/builtin_interfaces/msg/__init__.py'...\n"}
[2.748533] (builtin_interfaces) StdoutLine: {'line': b"Compiling '/home/kanye/Documents/visionaid/microros_ws/install/builtin_interfaces/local/lib/python3.10/dist-packages/builtin_interfaces/msg/_duration.py'...\n"}
[2.748594] (builtin_interfaces) StdoutLine: {'line': b"Compiling '/home/kanye/Documents/visionaid/microros_ws/install/builtin_interfaces/local/lib/python3.10/dist-packages/builtin_interfaces/msg/_time.py'...\n"}
[2.750392] (micro_ros_msgs) StdoutLine: {'line': b'[100%] Built target micro_ros_msgs__rosidl_typesupport_c__pyext\n'}
[2.751872] (builtin_interfaces) StdoutLine: {'line': b'-- Installing: /home/kanye/Documents/visionaid/microros_ws/install/builtin_interfaces/local/lib/python3.10/dist-packages/builtin_interfaces/builtin_interfaces_s__rosidl_typesupport_fastrtps_c.cpython-310-x86_64-linux-gnu.so\n'}
[2.752031] (builtin_interfaces) StdoutLine: {'line': b'-- Set runtime path of "/home/kanye/Documents/visionaid/microros_ws/install/builtin_interfaces/local/lib/python3.10/dist-packages/builtin_interfaces/builtin_interfaces_s__rosidl_typesupport_fastrtps_c.cpython-310-x86_64-linux-gnu.so" to ""\n'}
[2.752144] (builtin_interfaces) StdoutLine: {'line': b'-- Installing: /home/kanye/Documents/visionaid/microros_ws/install/builtin_interfaces/local/lib/python3.10/dist-packages/builtin_interfaces/builtin_interfaces_s__rosidl_typesupport_introspection_c.cpython-310-x86_64-linux-gnu.so\n'}
[2.752397] (builtin_interfaces) StdoutLine: {'line': b'-- Set runtime path of "/home/kanye/Documents/visionaid/microros_ws/install/builtin_interfaces/local/lib/python3.10/dist-packages/builtin_interfaces/builtin_interfaces_s__rosidl_typesupport_introspection_c.cpython-310-x86_64-linux-gnu.so" to ""\n'}
[2.752478] (builtin_interfaces) StdoutLine: {'line': b'-- Installing: /home/kanye/Documents/visionaid/microros_ws/install/builtin_interfaces/local/lib/python3.10/dist-packages/builtin_interfaces/builtin_interfaces_s__rosidl_typesupport_c.cpython-310-x86_64-linux-gnu.so\n'}
[2.752675] (builtin_interfaces) StdoutLine: {'line': b'-- Set runtime path of "/home/kanye/Documents/visionaid/microros_ws/install/builtin_interfaces/local/lib/python3.10/dist-packages/builtin_interfaces/builtin_interfaces_s__rosidl_typesupport_c.cpython-310-x86_64-linux-gnu.so" to ""\n'}
[2.752751] (builtin_interfaces) StdoutLine: {'line': b'-- Installing: /home/kanye/Documents/visionaid/microros_ws/install/builtin_interfaces/lib/libbuiltin_interfaces__rosidl_generator_py.so\n'}
[2.752819] (builtin_interfaces) StdoutLine: {'line': b'-- Set runtime path of "/home/kanye/Documents/visionaid/microros_ws/install/builtin_interfaces/lib/libbuiltin_interfaces__rosidl_generator_py.so" to ""\n'}
[2.752886] (builtin_interfaces) StdoutLine: {'line': b'-- Installing: /home/kanye/Documents/visionaid/microros_ws/install/builtin_interfaces/share/builtin_interfaces/msg/Duration.idl\n'}
[2.752951] (builtin_interfaces) StdoutLine: {'line': b'-- Installing: /home/kanye/Documents/visionaid/microros_ws/install/builtin_interfaces/share/builtin_interfaces/msg/Time.idl\n'}
[2.753015] (builtin_interfaces) StdoutLine: {'line': b'-- Installing: /home/kanye/Documents/visionaid/microros_ws/install/builtin_interfaces/share/builtin_interfaces/msg/Duration.msg\n'}
[2.753078] (builtin_interfaces) StdoutLine: {'line': b'-- Installing: /home/kanye/Documents/visionaid/microros_ws/install/builtin_interfaces/share/builtin_interfaces/msg/Time.msg\n'}
[2.753167] (builtin_interfaces) StdoutLine: {'line': b'-- Installing: /home/kanye/Documents/visionaid/microros_ws/install/builtin_interfaces/share/ament_index/resource_index/package_run_dependencies/builtin_interfaces\n'}
[2.753395] (builtin_interfaces) StdoutLine: {'line': b'-- Installing: /home/kanye/Documents/visionaid/microros_ws/install/builtin_interfaces/share/ament_index/resource_index/parent_prefix_path/builtin_interfaces\n'}
[2.753493] (builtin_interfaces) StdoutLine: {'line': b'-- Installing: /home/kanye/Documents/visionaid/microros_ws/install/builtin_interfaces/share/builtin_interfaces/environment/ament_prefix_path.sh\n'}
[2.753574] (builtin_interfaces) StdoutLine: {'line': b'-- Installing: /home/kanye/Documents/visionaid/microros_ws/install/builtin_interfaces/share/builtin_interfaces/environment/ament_prefix_path.dsv\n'}
[2.753641] (builtin_interfaces) StdoutLine: {'line': b'-- Installing: /home/kanye/Documents/visionaid/microros_ws/install/builtin_interfaces/share/builtin_interfaces/environment/path.sh\n'}
[2.753728] (builtin_interfaces) StdoutLine: {'line': b'-- Installing: /home/kanye/Documents/visionaid/microros_ws/install/builtin_interfaces/share/builtin_interfaces/environment/path.dsv\n'}
[2.753793] (builtin_interfaces) StdoutLine: {'line': b'-- Installing: /home/kanye/Documents/visionaid/microros_ws/install/builtin_interfaces/share/builtin_interfaces/local_setup.bash\n'}
[2.753884] (builtin_interfaces) StdoutLine: {'line': b'-- Installing: /home/kanye/Documents/visionaid/microros_ws/install/builtin_interfaces/share/builtin_interfaces/local_setup.sh\n'}
[2.753950] (builtin_interfaces) StdoutLine: {'line': b'-- Installing: /home/kanye/Documents/visionaid/microros_ws/install/builtin_interfaces/share/builtin_interfaces/local_setup.zsh\n'}
[2.754034] (builtin_interfaces) StdoutLine: {'line': b'-- Installing: /home/kanye/Documents/visionaid/microros_ws/install/builtin_interfaces/share/builtin_interfaces/local_setup.dsv\n'}
[2.754107] (builtin_interfaces) StdoutLine: {'line': b'-- Installing: /home/kanye/Documents/visionaid/microros_ws/install/builtin_interfaces/share/builtin_interfaces/package.dsv\n'}
[2.754188] (builtin_interfaces) StdoutLine: {'line': b'-- Installing: /home/kanye/Documents/visionaid/microros_ws/install/builtin_interfaces/share/ament_index/resource_index/packages/builtin_interfaces\n'}
[2.754266] (builtin_interfaces) StdoutLine: {'line': b'-- Installing: /home/kanye/Documents/visionaid/microros_ws/install/builtin_interfaces/share/builtin_interfaces/cmake/export_builtin_interfaces__rosidl_generator_cExport.cmake\n'}
[2.754359] (builtin_interfaces) StdoutLine: {'line': b'-- Installing: /home/kanye/Documents/visionaid/microros_ws/install/builtin_interfaces/share/builtin_interfaces/cmake/export_builtin_interfaces__rosidl_generator_cExport-noconfig.cmake\n'}
[2.754440] (builtin_interfaces) StdoutLine: {'line': b'-- Installing: /home/kanye/Documents/visionaid/microros_ws/install/builtin_interfaces/share/builtin_interfaces/cmake/export_builtin_interfaces__rosidl_typesupport_fastrtps_cExport.cmake\n'}
[2.754524] (builtin_interfaces) StdoutLine: {'line': b'-- Installing: /home/kanye/Documents/visionaid/microros_ws/install/builtin_interfaces/share/builtin_interfaces/cmake/export_builtin_interfaces__rosidl_typesupport_fastrtps_cExport-noconfig.cmake\n'}
[2.754590] (builtin_interfaces) StdoutLine: {'line': b'-- Installing: /home/kanye/Documents/visionaid/microros_ws/install/builtin_interfaces/share/builtin_interfaces/cmake/builtin_interfaces__rosidl_typesupport_introspection_cExport.cmake\n'}
[2.754676] (builtin_interfaces) StdoutLine: {'line': b'-- Installing: /home/kanye/Documents/visionaid/microros_ws/install/builtin_interfaces/share/builtin_interfaces/cmake/builtin_interfaces__rosidl_typesupport_introspection_cExport-noconfig.cmake\n'}
[2.754752] (builtin_interfaces) StdoutLine: {'line': b'-- Installing: /home/kanye/Documents/visionaid/microros_ws/install/builtin_interfaces/share/builtin_interfaces/cmake/builtin_interfaces__rosidl_typesupport_cExport.cmake\n'}
[2.754815] (builtin_interfaces) StdoutLine: {'line': b'-- Installing: /home/kanye/Documents/visionaid/microros_ws/install/builtin_interfaces/share/builtin_interfaces/cmake/builtin_interfaces__rosidl_typesupport_cExport-noconfig.cmake\n'}
[2.754878] (builtin_interfaces) StdoutLine: {'line': b'-- Installing: /home/kanye/Documents/visionaid/microros_ws/install/builtin_interfaces/share/builtin_interfaces/cmake/export_builtin_interfaces__rosidl_generator_cppExport.cmake\n'}
[2.754952] (builtin_interfaces) StdoutLine: {'line': b'-- Installing: /home/kanye/Documents/visionaid/microros_ws/install/builtin_interfaces/share/builtin_interfaces/cmake/export_builtin_interfaces__rosidl_typesupport_fastrtps_cppExport.cmake\n'}
[2.755011] (builtin_interfaces) StdoutLine: {'line': b'-- Installing: /home/kanye/Documents/visionaid/microros_ws/install/builtin_interfaces/share/builtin_interfaces/cmake/export_builtin_interfaces__rosidl_typesupport_fastrtps_cppExport-noconfig.cmake\n'}
[2.755070] (builtin_interfaces) StdoutLine: {'line': b'-- Installing: /home/kanye/Documents/visionaid/microros_ws/install/builtin_interfaces/share/builtin_interfaces/cmake/builtin_interfaces__rosidl_typesupport_introspection_cppExport.cmake\n'}
[2.755128] (builtin_interfaces) StdoutLine: {'line': b'-- Installing: /home/kanye/Documents/visionaid/microros_ws/install/builtin_interfaces/share/builtin_interfaces/cmake/builtin_interfaces__rosidl_typesupport_introspection_cppExport-noconfig.cmake\n'}
[2.755197] (builtin_interfaces) StdoutLine: {'line': b'-- Installing: /home/kanye/Documents/visionaid/microros_ws/install/builtin_interfaces/share/builtin_interfaces/cmake/builtin_interfaces__rosidl_typesupport_cppExport.cmake\n'}
[2.755256] (builtin_interfaces) StdoutLine: {'line': b'-- Installing: /home/kanye/Documents/visionaid/microros_ws/install/builtin_interfaces/share/builtin_interfaces/cmake/builtin_interfaces__rosidl_typesupport_cppExport-noconfig.cmake\n'}
[2.755319] (builtin_interfaces) StdoutLine: {'line': b'-- Installing: /home/kanye/Documents/visionaid/microros_ws/install/builtin_interfaces/share/builtin_interfaces/cmake/export_builtin_interfaces__rosidl_generator_pyExport.cmake\n'}
[2.755380] (builtin_interfaces) StdoutLine: {'line': b'-- Installing: /home/kanye/Documents/visionaid/microros_ws/install/builtin_interfaces/share/builtin_interfaces/cmake/export_builtin_interfaces__rosidl_generator_pyExport-noconfig.cmake\n'}
[2.755440] (builtin_interfaces) StdoutLine: {'line': b'-- Installing: /home/kanye/Documents/visionaid/microros_ws/install/builtin_interfaces/share/builtin_interfaces/cmake/rosidl_cmake-extras.cmake\n'}
[2.755498] (builtin_interfaces) StdoutLine: {'line': b'-- Installing: /home/kanye/Documents/visionaid/microros_ws/install/builtin_interfaces/share/builtin_interfaces/cmake/ament_cmake_export_include_directories-extras.cmake\n'}
[2.755565] (builtin_interfaces) StdoutLine: {'line': b'-- Installing: /home/kanye/Documents/visionaid/microros_ws/install/builtin_interfaces/share/builtin_interfaces/cmake/ament_cmake_export_libraries-extras.cmake\n'}
[2.755628] (builtin_interfaces) StdoutLine: {'line': b'-- Installing: /home/kanye/Documents/visionaid/microros_ws/install/builtin_interfaces/share/builtin_interfaces/cmake/ament_cmake_export_targets-extras.cmake\n'}
[2.755687] (builtin_interfaces) StdoutLine: {'line': b'-- Installing: /home/kanye/Documents/visionaid/microros_ws/install/builtin_interfaces/share/builtin_interfaces/cmake/rosidl_cmake_export_typesupport_targets-extras.cmake\n'}
[2.755753] (builtin_interfaces) StdoutLine: {'line': b'-- Installing: /home/kanye/Documents/visionaid/microros_ws/install/builtin_interfaces/share/builtin_interfaces/cmake/ament_cmake_export_dependencies-extras.cmake\n'}
[2.755816] (builtin_interfaces) StdoutLine: {'line': b'-- Installing: /home/kanye/Documents/visionaid/microros_ws/install/builtin_interfaces/share/builtin_interfaces/cmake/rosidl_cmake_export_typesupport_libraries-extras.cmake\n'}
[2.755880] (builtin_interfaces) StdoutLine: {'line': b'-- Installing: /home/kanye/Documents/visionaid/microros_ws/install/builtin_interfaces/share/builtin_interfaces/cmake/builtin_interfacesConfig.cmake\n'}
[2.755944] (builtin_interfaces) StdoutLine: {'line': b'-- Installing: /home/kanye/Documents/visionaid/microros_ws/install/builtin_interfaces/share/builtin_interfaces/cmake/builtin_interfacesConfig-version.cmake\n'}
[2.756008] (builtin_interfaces) StdoutLine: {'line': b'-- Installing: /home/kanye/Documents/visionaid/microros_ws/install/builtin_interfaces/share/builtin_interfaces/package.xml\n'}
[2.756697] (builtin_interfaces) CommandEnded: {'returncode': 0}
[2.759333] (micro_ros_msgs) StdoutLine: {'line': b'[100%] Built target micro_ros_msgs__rosidl_typesupport_introspection_c__pyext\n'}
[2.769797] (micro_ros_msgs) StdoutLine: {'line': b'[100%] Built target micro_ros_msgs__rosidl_typesupport_fastrtps_c__pyext\n'}
[2.771012] (builtin_interfaces) JobEnded: {'identifier': 'builtin_interfaces', 'rc': 0}
[2.779881] (micro_ros_msgs) CommandEnded: {'returncode': 0}
[2.780610] (micro_ros_msgs) JobProgress: {'identifier': 'micro_ros_msgs', 'progress': 'install'}
[2.781030] (micro_ros_msgs) Command: {'cmd': ['/usr/bin/cmake', '--install', '/home/kanye/Documents/visionaid/microros_ws/build/micro_ros_msgs'], 'cwd': '/home/kanye/Documents/visionaid/microros_ws/build/micro_ros_msgs', 'env': OrderedDict([('LESSOPEN', '| /usr/bin/lesspipe %s'), ('USER', 'kanye'), ('LC_TIME', 'lzh_TW'), ('XDG_SESSION_TYPE', 'wayland'), ('SHLVL', '2'), ('LD_LIBRARY_PATH', '/opt/ros/humble/opt/rviz_ogre_vendor/lib:/opt/ros/humble/lib/x86_64-linux-gnu:/opt/ros/humble/lib'), ('HOME', '/home/kanye'), ('OLDPWD', '/home/kanye/Documents/visionaid'), ('DESKTOP_SESSION', 'ubuntu'), ('ROS_PYTHON_VERSION', '3'), ('GNOME_SHELL_SESSION_MODE', 'ubuntu'), ('GTK_MODULES', 'gail:atk-bridge'), ('LC_MONETARY', 'lzh_TW'), ('SYSTEMD_EXEC_PID', '2284'), ('DBUS_SESSION_BUS_ADDRESS', 'unix:path=/run/user/1000/bus'), ('COLORTERM', 'truecolor'), ('IM_CONFIG_PHASE', '1'), ('WAYLAND_DISPLAY', 'wayland-0'), ('COLCON_PREFIX_PATH', '/home/kanye/Documents/visionaid/microros_ws/install'), ('ROS_DISTRO', 'humble'), ('LOGNAME', 'kanye'), ('_', '/usr/bin/colcon'), ('ROS_VERSION', '2'), ('XDG_SESSION_CLASS', 'user'), ('USERNAME', 'kanye'), ('TERM', 'xterm-256color'), ('GNOME_DESKTOP_SESSION_ID', 'this-is-deprecated'), ('ROS_LOCALHOST_ONLY', '0'), ('PATH', '/opt/ros/humble/bin:/home/kanye/.local/bin:/usr/local/sbin:/usr/local/bin:/usr/sbin:/usr/bin:/sbin:/bin:/usr/games:/usr/local/games:/snap/bin:/snap/bin'), ('SESSION_MANAGER', 'local/kanye-Ubuntu16:@/tmp/.ICE-unix/2254,unix/kanye-Ubuntu16:/tmp/.ICE-unix/2254'), ('XDG_MENU_PREFIX', 'gnome-'), ('LC_ADDRESS', 'lzh_TW'), ('GNOME_TERMINAL_SCREEN', '/org/gnome/Terminal/screen/bc25f51e_b569_4d46_8345_b17f9195c3b2'), ('GNOME_SETUP_DISPLAY', ':1'), ('XDG_RUNTIME_DIR', '/run/user/1000'), ('DISPLAY', ':0'), ('LANG', 'en_US.UTF-8'), ('XDG_CURRENT_DESKTOP', 'ubuntu:GNOME'), ('LC_TELEPHONE', 'lzh_TW'), ('XMODIFIERS', '@im=ibus'), ('XDG_SESSION_DESKTOP', 'ubuntu'), ('XAUTHORITY', '/run/user/1000/.mutter-Xwaylandauth.Y40N82'), ('LS_COLORS', 'rs=0:di=01;34:ln=01;36:mh=00:pi=40;33:so=01;35:do=01;35:bd=40;33;01:cd=40;33;01:or=40;31;01:mi=00:su=37;41:sg=30;43:ca=30;41:tw=30;42:ow=34;42:st=37;44:ex=01;32:*.tar=01;31:*.tgz=01;31:*.arc=01;31:*.arj=01;31:*.taz=01;31:*.lha=01;31:*.lz4=01;31:*.lzh=01;31:*.lzma=01;31:*.tlz=01;31:*.txz=01;31:*.tzo=01;31:*.t7z=01;31:*.zip=01;31:*.z=01;31:*.dz=01;31:*.gz=01;31:*.lrz=01;31:*.lz=01;31:*.lzo=01;31:*.xz=01;31:*.zst=01;31:*.tzst=01;31:*.bz2=01;31:*.bz=01;31:*.tbz=01;31:*.tbz2=01;31:*.tz=01;31:*.deb=01;31:*.rpm=01;31:*.jar=01;31:*.war=01;31:*.ear=01;31:*.sar=01;31:*.rar=01;31:*.alz=01;31:*.ace=01;31:*.zoo=01;31:*.cpio=01;31:*.7z=01;31:*.rz=01;31:*.cab=01;31:*.wim=01;31:*.swm=01;31:*.dwm=01;31:*.esd=01;31:*.jpg=01;35:*.jpeg=01;35:*.mjpg=01;35:*.mjpeg=01;35:*.gif=01;35:*.bmp=01;35:*.pbm=01;35:*.pgm=01;35:*.ppm=01;35:*.tga=01;35:*.xbm=01;35:*.xpm=01;35:*.tif=01;35:*.tiff=01;35:*.png=01;35:*.svg=01;35:*.svgz=01;35:*.mng=01;35:*.pcx=01;35:*.mov=01;35:*.mpg=01;35:*.mpeg=01;35:*.m2v=01;35:*.mkv=01;35:*.webm=01;35:*.webp=01;35:*.ogm=01;35:*.mp4=01;35:*.m4v=01;35:*.mp4v=01;35:*.vob=01;35:*.qt=01;35:*.nuv=01;35:*.wmv=01;35:*.asf=01;35:*.rm=01;35:*.rmvb=01;35:*.flc=01;35:*.avi=01;35:*.fli=01;35:*.flv=01;35:*.gl=01;35:*.dl=01;35:*.xcf=01;35:*.xwd=01;35:*.yuv=01;35:*.cgm=01;35:*.emf=01;35:*.ogv=01;35:*.ogx=01;35:*.aac=00;36:*.au=00;36:*.flac=00;36:*.m4a=00;36:*.mid=00;36:*.midi=00;36:*.mka=00;36:*.mp3=00;36:*.mpc=00;36:*.ogg=00;36:*.ra=00;36:*.wav=00;36:*.oga=00;36:*.opus=00;36:*.spx=00;36:*.xspf=00;36:'), ('GNOME_TERMINAL_SERVICE', ':1.148'), ('SSH_AGENT_LAUNCHER', 'gnome-keyring'), ('SSH_AUTH_SOCK', '/run/user/1000/keyring/ssh'), ('AMENT_PREFIX_PATH', '/home/kanye/Documents/visionaid/microros_ws/install/micro_ros_setup:/opt/ros/humble'), ('SHELL', '/bin/bash'), ('LC_NAME', 'lzh_TW'), ('QT_ACCESSIBILITY', '1'), ('GDMSESSION', 'ubuntu'), ('LESSCLOSE', '/usr/bin/lesspipe %s %s'), ('LC_MEASUREMENT', 'lzh_TW'), ('LC_IDENTIFICATION', 'lzh_TW'), ('QT_IM_MODULE', 'ibus'), ('PWD', '/home/kanye/Documents/visionaid/microros_ws/build/micro_ros_msgs'), ('XDG_CONFIG_DIRS', '/etc/xdg/xdg-ubuntu:/etc/xdg'), ('XDG_DATA_DIRS', '/usr/share/ubuntu:/usr/local/share/:/usr/share/:/var/lib/snapd/desktop'), ('PYTHONPATH', '/opt/ros/humble/lib/python3.10/site-packages:/opt/ros/humble/local/lib/python3.10/dist-packages'), ('LC_NUMERIC', 'lzh_TW'), ('LC_PAPER', 'lzh_TW'), ('COLCON', '1'), ('VTE_VERSION', '6800'), ('CMAKE_PREFIX_PATH', '/home/kanye/Documents/visionaid/microros_ws/install/micro_ros_setup:/opt/ros/humble')]), 'shell': False}
[2.791463] (micro_ros_msgs) StdoutLine: {'line': b'-- Install configuration: ""\n'}
[2.791730] (micro_ros_msgs) StdoutLine: {'line': b'-- Installing: /home/kanye/Documents/visionaid/microros_ws/install/micro_ros_msgs/share/ament_index/resource_index/rosidl_interfaces/micro_ros_msgs\n'}
[2.791839] (micro_ros_msgs) StdoutLine: {'line': b'-- Installing: /home/kanye/Documents/visionaid/microros_ws/install/micro_ros_msgs/include/micro_ros_msgs/micro_ros_msgs\n'}
[2.791920] (micro_ros_msgs) StdoutLine: {'line': b'-- Installing: /home/kanye/Documents/visionaid/microros_ws/install/micro_ros_msgs/include/micro_ros_msgs/micro_ros_msgs/msg\n'}
[2.791995] (micro_ros_msgs) StdoutLine: {'line': b'-- Installing: /home/kanye/Documents/visionaid/microros_ws/install/micro_ros_msgs/include/micro_ros_msgs/micro_ros_msgs/msg/graph.h\n'}
[2.792067] (micro_ros_msgs) StdoutLine: {'line': b'-- Installing: /home/kanye/Documents/visionaid/microros_ws/install/micro_ros_msgs/include/micro_ros_msgs/micro_ros_msgs/msg/rosidl_generator_c__visibility_control.h\n'}
[2.792301] (micro_ros_msgs) StdoutLine: {'line': b'-- Installing: /home/kanye/Documents/visionaid/microros_ws/install/micro_ros_msgs/include/micro_ros_msgs/micro_ros_msgs/msg/entity.h\n'}
[2.792521] (micro_ros_msgs) StdoutLine: {'line': b'-- Installing: /home/kanye/Documents/visionaid/microros_ws/install/micro_ros_msgs/include/micro_ros_msgs/micro_ros_msgs/msg/detail\n'}
[2.792619] (micro_ros_msgs) StdoutLine: {'line': b'-- Installing: /home/kanye/Documents/visionaid/microros_ws/install/micro_ros_msgs/include/micro_ros_msgs/micro_ros_msgs/msg/detail/node__type_support.h\n'}
[2.792700] (micro_ros_msgs) StdoutLine: {'line': b'-- Installing: /home/kanye/Documents/visionaid/microros_ws/install/micro_ros_msgs/include/micro_ros_msgs/micro_ros_msgs/msg/detail/entity__struct.h\n'}
[2.792776] (micro_ros_msgs) StdoutLine: {'line': b'-- Installing: /home/kanye/Documents/visionaid/microros_ws/install/micro_ros_msgs/include/micro_ros_msgs/micro_ros_msgs/msg/detail/node__functions.h\n'}
[2.792848] (micro_ros_msgs) StdoutLine: {'line': b'-- Installing: /home/kanye/Documents/visionaid/microros_ws/install/micro_ros_msgs/include/micro_ros_msgs/micro_ros_msgs/msg/detail/node__functions.c\n'}
[2.792919] (micro_ros_msgs) StdoutLine: {'line': b'-- Installing: /home/kanye/Documents/visionaid/microros_ws/install/micro_ros_msgs/include/micro_ros_msgs/micro_ros_msgs/msg/detail/entity__type_support.h\n'}
[2.792990] (micro_ros_msgs) StdoutLine: {'line': b'-- Installing: /home/kanye/Documents/visionaid/microros_ws/install/micro_ros_msgs/include/micro_ros_msgs/micro_ros_msgs/msg/detail/graph__struct.h\n'}
[2.793060] (micro_ros_msgs) StdoutLine: {'line': b'-- Installing: /home/kanye/Documents/visionaid/microros_ws/install/micro_ros_msgs/include/micro_ros_msgs/micro_ros_msgs/msg/detail/node__struct.h\n'}
[2.793203] (micro_ros_msgs) StdoutLine: {'line': b'-- Installing: /home/kanye/Documents/visionaid/microros_ws/install/micro_ros_msgs/include/micro_ros_msgs/micro_ros_msgs/msg/detail/graph__type_support.h\n'}
[2.793324] (micro_ros_msgs) StdoutLine: {'line': b'-- Installing: /home/kanye/Documents/visionaid/microros_ws/install/micro_ros_msgs/include/micro_ros_msgs/micro_ros_msgs/msg/detail/graph__functions.c\n'}
[2.793427] (micro_ros_msgs) StdoutLine: {'line': b'-- Installing: /home/kanye/Documents/visionaid/microros_ws/install/micro_ros_msgs/include/micro_ros_msgs/micro_ros_msgs/msg/detail/entity__functions.c\n'}
[2.793511] (micro_ros_msgs) StdoutLine: {'line': b'-- Installing: /home/kanye/Documents/visionaid/microros_ws/install/micro_ros_msgs/include/micro_ros_msgs/micro_ros_msgs/msg/detail/entity__functions.h\n'}
[2.793576] (micro_ros_msgs) StdoutLine: {'line': b'-- Installing: /home/kanye/Documents/visionaid/microros_ws/install/micro_ros_msgs/include/micro_ros_msgs/micro_ros_msgs/msg/detail/graph__functions.h\n'}
[2.793647] (micro_ros_msgs) StdoutLine: {'line': b'-- Installing: /home/kanye/Documents/visionaid/microros_ws/install/micro_ros_msgs/include/micro_ros_msgs/micro_ros_msgs/msg/node.h\n'}
[2.793738] (micro_ros_msgs) StdoutLine: {'line': b'-- Installing: /home/kanye/Documents/visionaid/microros_ws/install/micro_ros_msgs/share/micro_ros_msgs/environment/library_path.sh\n'}
[2.793808] (micro_ros_msgs) StdoutLine: {'line': b'-- Installing: /home/kanye/Documents/visionaid/microros_ws/install/micro_ros_msgs/share/micro_ros_msgs/environment/library_path.dsv\n'}
[2.793877] (micro_ros_msgs) StdoutLine: {'line': b'-- Installing: /home/kanye/Documents/visionaid/microros_ws/install/micro_ros_msgs/lib/libmicro_ros_msgs__rosidl_generator_c.so\n'}
[2.793946] (micro_ros_msgs) StdoutLine: {'line': b'-- Set runtime path of "/home/kanye/Documents/visionaid/microros_ws/install/micro_ros_msgs/lib/libmicro_ros_msgs__rosidl_generator_c.so" to ""\n'}
[2.794062] (micro_ros_msgs) StdoutLine: {'line': b'-- Up-to-date: /home/kanye/Documents/visionaid/microros_ws/install/micro_ros_msgs/include/micro_ros_msgs/micro_ros_msgs\n'}
[2.794133] (micro_ros_msgs) StdoutLine: {'line': b'-- Up-to-date: /home/kanye/Documents/visionaid/microros_ws/install/micro_ros_msgs/include/micro_ros_msgs/micro_ros_msgs/msg\n'}
[2.794210] (micro_ros_msgs) StdoutLine: {'line': b'-- Installing: /home/kanye/Documents/visionaid/microros_ws/install/micro_ros_msgs/include/micro_ros_msgs/micro_ros_msgs/msg/rosidl_typesupport_fastrtps_c__visibility_control.h\n'}
[2.794281] (micro_ros_msgs) StdoutLine: {'line': b'-- Up-to-date: /home/kanye/Documents/visionaid/microros_ws/install/micro_ros_msgs/include/micro_ros_msgs/micro_ros_msgs/msg/detail\n'}
[2.794420] (micro_ros_msgs) StdoutLine: {'line': b'-- Installing: /home/kanye/Documents/visionaid/microros_ws/install/micro_ros_msgs/include/micro_ros_msgs/micro_ros_msgs/msg/detail/graph__rosidl_typesupport_fastrtps_c.h\n'}
[2.794530] (micro_ros_msgs) StdoutLine: {'line': b'-- Installing: /home/kanye/Documents/visionaid/microros_ws/install/micro_ros_msgs/include/micro_ros_msgs/micro_ros_msgs/msg/detail/entity__rosidl_typesupport_fastrtps_c.h\n'}
[2.794701] (micro_ros_msgs) StdoutLine: {'line': b'-- Installing: /home/kanye/Documents/visionaid/microros_ws/install/micro_ros_msgs/include/micro_ros_msgs/micro_ros_msgs/msg/detail/node__rosidl_typesupport_fastrtps_c.h\n'}
[2.794809] (micro_ros_msgs) StdoutLine: {'line': b'-- Installing: /home/kanye/Documents/visionaid/microros_ws/install/micro_ros_msgs/lib/libmicro_ros_msgs__rosidl_typesupport_fastrtps_c.so\n'}
[2.794916] (micro_ros_msgs) StdoutLine: {'line': b'-- Set runtime path of "/home/kanye/Documents/visionaid/microros_ws/install/micro_ros_msgs/lib/libmicro_ros_msgs__rosidl_typesupport_fastrtps_c.so" to ""\n'}
[2.795024] (micro_ros_msgs) StdoutLine: {'line': b'-- Up-to-date: /home/kanye/Documents/visionaid/microros_ws/install/micro_ros_msgs/include/micro_ros_msgs/micro_ros_msgs\n'}
[2.795132] (micro_ros_msgs) StdoutLine: {'line': b'-- Up-to-date: /home/kanye/Documents/visionaid/microros_ws/install/micro_ros_msgs/include/micro_ros_msgs/micro_ros_msgs/msg\n'}
[2.795246] (micro_ros_msgs) StdoutLine: {'line': b'-- Installing: /home/kanye/Documents/visionaid/microros_ws/install/micro_ros_msgs/include/micro_ros_msgs/micro_ros_msgs/msg/rosidl_typesupport_introspection_c__visibility_control.h\n'}
[2.795637] (micro_ros_msgs) StdoutLine: {'line': b'-- Up-to-date: /home/kanye/Documents/visionaid/microros_ws/install/micro_ros_msgs/include/micro_ros_msgs/micro_ros_msgs/msg/detail\n'}
[2.795797] (micro_ros_msgs) StdoutLine: {'line': b'-- Installing: /home/kanye/Documents/visionaid/microros_ws/install/micro_ros_msgs/include/micro_ros_msgs/micro_ros_msgs/msg/detail/graph__rosidl_typesupport_introspection_c.h\n'}
[2.795863] (micro_ros_msgs) StdoutLine: {'line': b'-- Installing: /home/kanye/Documents/visionaid/microros_ws/install/micro_ros_msgs/include/micro_ros_msgs/micro_ros_msgs/msg/detail/entity__type_support.c\n'}
[2.795920] (micro_ros_msgs) StdoutLine: {'line': b'-- Installing: /home/kanye/Documents/visionaid/microros_ws/install/micro_ros_msgs/include/micro_ros_msgs/micro_ros_msgs/msg/detail/graph__type_support.c\n'}
[2.795977] (micro_ros_msgs) StdoutLine: {'line': b'-- Installing: /home/kanye/Documents/visionaid/microros_ws/install/micro_ros_msgs/include/micro_ros_msgs/micro_ros_msgs/msg/detail/entity__rosidl_typesupport_introspection_c.h\n'}
[2.796077] (micro_ros_msgs) StdoutLine: {'line': b'-- Installing: /home/kanye/Documents/visionaid/microros_ws/install/micro_ros_msgs/include/micro_ros_msgs/micro_ros_msgs/msg/detail/node__type_support.c\n'}
[2.796127] (micro_ros_msgs) StdoutLine: {'line': b'-- Installing: /home/kanye/Documents/visionaid/microros_ws/install/micro_ros_msgs/include/micro_ros_msgs/micro_ros_msgs/msg/detail/node__rosidl_typesupport_introspection_c.h\n'}
[2.796198] (micro_ros_msgs) StdoutLine: {'line': b'-- Installing: /home/kanye/Documents/visionaid/microros_ws/install/micro_ros_msgs/lib/libmicro_ros_msgs__rosidl_typesupport_introspection_c.so\n'}
[2.796249] (micro_ros_msgs) StdoutLine: {'line': b'-- Set runtime path of "/home/kanye/Documents/visionaid/microros_ws/install/micro_ros_msgs/lib/libmicro_ros_msgs__rosidl_typesupport_introspection_c.so" to ""\n'}
[2.796299] (micro_ros_msgs) StdoutLine: {'line': b'-- Installing: /home/kanye/Documents/visionaid/microros_ws/install/micro_ros_msgs/lib/libmicro_ros_msgs__rosidl_typesupport_c.so\n'}
[2.796346] (micro_ros_msgs) StdoutLine: {'line': b'-- Set runtime path of "/home/kanye/Documents/visionaid/microros_ws/install/micro_ros_msgs/lib/libmicro_ros_msgs__rosidl_typesupport_c.so" to ""\n'}
[2.796395] (micro_ros_msgs) StdoutLine: {'line': b'-- Up-to-date: /home/kanye/Documents/visionaid/microros_ws/install/micro_ros_msgs/include/micro_ros_msgs/micro_ros_msgs\n'}
[2.796442] (micro_ros_msgs) StdoutLine: {'line': b'-- Up-to-date: /home/kanye/Documents/visionaid/microros_ws/install/micro_ros_msgs/include/micro_ros_msgs/micro_ros_msgs/msg\n'}
[2.796493] (micro_ros_msgs) StdoutLine: {'line': b'-- Installing: /home/kanye/Documents/visionaid/microros_ws/install/micro_ros_msgs/include/micro_ros_msgs/micro_ros_msgs/msg/rosidl_generator_cpp__visibility_control.hpp\n'}
[2.796674] (micro_ros_msgs) StdoutLine: {'line': b'-- Installing: /home/kanye/Documents/visionaid/microros_ws/install/micro_ros_msgs/include/micro_ros_msgs/micro_ros_msgs/msg/entity.hpp\n'}
[2.796795] (micro_ros_msgs) StdoutLine: {'line': b'-- Installing: /home/kanye/Documents/visionaid/microros_ws/install/micro_ros_msgs/include/micro_ros_msgs/micro_ros_msgs/msg/node.hpp\n'}
[2.796849] (micro_ros_msgs) StdoutLine: {'line': b'-- Up-to-date: /home/kanye/Documents/visionaid/microros_ws/install/micro_ros_msgs/include/micro_ros_msgs/micro_ros_msgs/msg/detail\n'}
[2.796896] (micro_ros_msgs) StdoutLine: {'line': b'-- Installing: /home/kanye/Documents/visionaid/microros_ws/install/micro_ros_msgs/include/micro_ros_msgs/micro_ros_msgs/msg/detail/entity__builder.hpp\n'}
[2.796940] (micro_ros_msgs) StdoutLine: {'line': b'-- Installing: /home/kanye/Documents/visionaid/microros_ws/install/micro_ros_msgs/include/micro_ros_msgs/micro_ros_msgs/msg/detail/entity__type_support.hpp\n'}
[2.796983] (micro_ros_msgs) StdoutLine: {'line': b'-- Installing: /home/kanye/Documents/visionaid/microros_ws/install/micro_ros_msgs/include/micro_ros_msgs/micro_ros_msgs/msg/detail/node__type_support.hpp\n'}
[2.797025] (micro_ros_msgs) StdoutLine: {'line': b'-- Installing: /home/kanye/Documents/visionaid/microros_ws/install/micro_ros_msgs/include/micro_ros_msgs/micro_ros_msgs/msg/detail/entity__struct.hpp\n'}
[2.797067] (micro_ros_msgs) StdoutLine: {'line': b'-- Installing: /home/kanye/Documents/visionaid/microros_ws/install/micro_ros_msgs/include/micro_ros_msgs/micro_ros_msgs/msg/detail/node__traits.hpp\n'}
[2.797108] (micro_ros_msgs) StdoutLine: {'line': b'-- Installing: /home/kanye/Documents/visionaid/microros_ws/install/micro_ros_msgs/include/micro_ros_msgs/micro_ros_msgs/msg/detail/graph__type_support.hpp\n'}
[2.797165] (micro_ros_msgs) StdoutLine: {'line': b'-- Installing: /home/kanye/Documents/visionaid/microros_ws/install/micro_ros_msgs/include/micro_ros_msgs/micro_ros_msgs/msg/detail/node__struct.hpp\n'}
[2.797236] (micro_ros_msgs) StdoutLine: {'line': b'-- Installing: /home/kanye/Documents/visionaid/microros_ws/install/micro_ros_msgs/include/micro_ros_msgs/micro_ros_msgs/msg/detail/node__builder.hpp\n'}
[2.797326] (micro_ros_msgs) StdoutLine: {'line': b'-- Installing: /home/kanye/Documents/visionaid/microros_ws/install/micro_ros_msgs/include/micro_ros_msgs/micro_ros_msgs/msg/detail/graph__traits.hpp\n'}
[2.797368] (micro_ros_msgs) StdoutLine: {'line': b'-- Installing: /home/kanye/Documents/visionaid/microros_ws/install/micro_ros_msgs/include/micro_ros_msgs/micro_ros_msgs/msg/detail/graph__builder.hpp\n'}
[2.797408] (micro_ros_msgs) StdoutLine: {'line': b'-- Installing: /home/kanye/Documents/visionaid/microros_ws/install/micro_ros_msgs/include/micro_ros_msgs/micro_ros_msgs/msg/detail/entity__traits.hpp\n'}
[2.797472] (micro_ros_msgs) StdoutLine: {'line': b'-- Installing: /home/kanye/Documents/visionaid/microros_ws/install/micro_ros_msgs/include/micro_ros_msgs/micro_ros_msgs/msg/detail/graph__struct.hpp\n'}
[2.797514] (micro_ros_msgs) StdoutLine: {'line': b'-- Installing: /home/kanye/Documents/visionaid/microros_ws/install/micro_ros_msgs/include/micro_ros_msgs/micro_ros_msgs/msg/graph.hpp\n'}
[2.797554] (micro_ros_msgs) StdoutLine: {'line': b'-- Up-to-date: /home/kanye/Documents/visionaid/microros_ws/install/micro_ros_msgs/include/micro_ros_msgs/micro_ros_msgs\n'}
[2.797594] (micro_ros_msgs) StdoutLine: {'line': b'-- Up-to-date: /home/kanye/Documents/visionaid/microros_ws/install/micro_ros_msgs/include/micro_ros_msgs/micro_ros_msgs/msg\n'}
[2.797633] (micro_ros_msgs) StdoutLine: {'line': b'-- Installing: /home/kanye/Documents/visionaid/microros_ws/install/micro_ros_msgs/include/micro_ros_msgs/micro_ros_msgs/msg/rosidl_typesupport_fastrtps_cpp__visibility_control.h\n'}
[2.797673] (micro_ros_msgs) StdoutLine: {'line': b'-- Up-to-date: /home/kanye/Documents/visionaid/microros_ws/install/micro_ros_msgs/include/micro_ros_msgs/micro_ros_msgs/msg/detail\n'}
[2.797712] (micro_ros_msgs) StdoutLine: {'line': b'-- Installing: /home/kanye/Documents/visionaid/microros_ws/install/micro_ros_msgs/include/micro_ros_msgs/micro_ros_msgs/msg/detail/dds_fastrtps\n'}
[2.797785] (micro_ros_msgs) StdoutLine: {'line': b'-- Installing: /home/kanye/Documents/visionaid/microros_ws/install/micro_ros_msgs/include/micro_ros_msgs/micro_ros_msgs/msg/detail/node__rosidl_typesupport_fastrtps_cpp.hpp\n'}
[2.797827] (micro_ros_msgs) StdoutLine: {'line': b'-- Installing: /home/kanye/Documents/visionaid/microros_ws/install/micro_ros_msgs/include/micro_ros_msgs/micro_ros_msgs/msg/detail/graph__rosidl_typesupport_fastrtps_cpp.hpp\n'}
[2.797867] (micro_ros_msgs) StdoutLine: {'line': b'-- Installing: /home/kanye/Documents/visionaid/microros_ws/install/micro_ros_msgs/include/micro_ros_msgs/micro_ros_msgs/msg/detail/entity__rosidl_typesupport_fastrtps_cpp.hpp\n'}
[2.797908] (micro_ros_msgs) StdoutLine: {'line': b'-- Installing: /home/kanye/Documents/visionaid/microros_ws/install/micro_ros_msgs/lib/libmicro_ros_msgs__rosidl_typesupport_fastrtps_cpp.so\n'}
[2.797948] (micro_ros_msgs) StdoutLine: {'line': b'-- Set runtime path of "/home/kanye/Documents/visionaid/microros_ws/install/micro_ros_msgs/lib/libmicro_ros_msgs__rosidl_typesupport_fastrtps_cpp.so" to ""\n'}
[2.797992] (micro_ros_msgs) StdoutLine: {'line': b'-- Up-to-date: /home/kanye/Documents/visionaid/microros_ws/install/micro_ros_msgs/include/micro_ros_msgs/micro_ros_msgs\n'}
[2.798031] (micro_ros_msgs) StdoutLine: {'line': b'-- Up-to-date: /home/kanye/Documents/visionaid/microros_ws/install/micro_ros_msgs/include/micro_ros_msgs/micro_ros_msgs/msg\n'}
[2.798070] (micro_ros_msgs) StdoutLine: {'line': b'-- Up-to-date: /home/kanye/Documents/visionaid/microros_ws/install/micro_ros_msgs/include/micro_ros_msgs/micro_ros_msgs/msg/detail\n'}
[2.798111] (micro_ros_msgs) StdoutLine: {'line': b'-- Installing: /home/kanye/Documents/visionaid/microros_ws/install/micro_ros_msgs/include/micro_ros_msgs/micro_ros_msgs/msg/detail/entity__rosidl_typesupport_introspection_cpp.hpp\n'}
[2.798151] (micro_ros_msgs) StdoutLine: {'line': b'-- Installing: /home/kanye/Documents/visionaid/microros_ws/install/micro_ros_msgs/include/micro_ros_msgs/micro_ros_msgs/msg/detail/graph__type_support.cpp\n'}
[2.798234] (micro_ros_msgs) StdoutLine: {'line': b'-- Installing: /home/kanye/Documents/visionaid/microros_ws/install/micro_ros_msgs/include/micro_ros_msgs/micro_ros_msgs/msg/detail/graph__rosidl_typesupport_introspection_cpp.hpp\n'}
[2.798277] (micro_ros_msgs) StdoutLine: {'line': b'-- Installing: /home/kanye/Documents/visionaid/microros_ws/install/micro_ros_msgs/include/micro_ros_msgs/micro_ros_msgs/msg/detail/entity__type_support.cpp\n'}
[2.798317] (micro_ros_msgs) StdoutLine: {'line': b'-- Installing: /home/kanye/Documents/visionaid/microros_ws/install/micro_ros_msgs/include/micro_ros_msgs/micro_ros_msgs/msg/detail/node__type_support.cpp\n'}
[2.798356] (micro_ros_msgs) StdoutLine: {'line': b'-- Installing: /home/kanye/Documents/visionaid/microros_ws/install/micro_ros_msgs/include/micro_ros_msgs/micro_ros_msgs/msg/detail/node__rosidl_typesupport_introspection_cpp.hpp\n'}
[2.798395] (micro_ros_msgs) StdoutLine: {'line': b'-- Installing: /home/kanye/Documents/visionaid/microros_ws/install/micro_ros_msgs/lib/libmicro_ros_msgs__rosidl_typesupport_introspection_cpp.so\n'}
[2.798435] (micro_ros_msgs) StdoutLine: {'line': b'-- Set runtime path of "/home/kanye/Documents/visionaid/microros_ws/install/micro_ros_msgs/lib/libmicro_ros_msgs__rosidl_typesupport_introspection_cpp.so" to ""\n'}
[2.798515] (micro_ros_msgs) StdoutLine: {'line': b'-- Installing: /home/kanye/Documents/visionaid/microros_ws/install/micro_ros_msgs/lib/libmicro_ros_msgs__rosidl_typesupport_cpp.so\n'}
[2.798553] (micro_ros_msgs) StdoutLine: {'line': b'-- Set runtime path of "/home/kanye/Documents/visionaid/microros_ws/install/micro_ros_msgs/lib/libmicro_ros_msgs__rosidl_typesupport_cpp.so" to ""\n'}
[2.798589] (micro_ros_msgs) StdoutLine: {'line': b'-- Installing: /home/kanye/Documents/visionaid/microros_ws/install/micro_ros_msgs/share/micro_ros_msgs/environment/pythonpath.sh\n'}
[2.798626] (micro_ros_msgs) StdoutLine: {'line': b'-- Installing: /home/kanye/Documents/visionaid/microros_ws/install/micro_ros_msgs/share/micro_ros_msgs/environment/pythonpath.dsv\n'}
[2.798666] (micro_ros_msgs) StdoutLine: {'line': b'-- Installing: /home/kanye/Documents/visionaid/microros_ws/install/micro_ros_msgs/local/lib/python3.10/dist-packages/micro_ros_msgs-3.0.1-py3.10.egg-info\n'}
[2.798704] (micro_ros_msgs) StdoutLine: {'line': b'-- Installing: /home/kanye/Documents/visionaid/microros_ws/install/micro_ros_msgs/local/lib/python3.10/dist-packages/micro_ros_msgs-3.0.1-py3.10.egg-info/PKG-INFO\n'}
[2.798742] (micro_ros_msgs) StdoutLine: {'line': b'-- Installing: /home/kanye/Documents/visionaid/microros_ws/install/micro_ros_msgs/local/lib/python3.10/dist-packages/micro_ros_msgs-3.0.1-py3.10.egg-info/top_level.txt\n'}
[2.798780] (micro_ros_msgs) StdoutLine: {'line': b'-- Installing: /home/kanye/Documents/visionaid/microros_ws/install/micro_ros_msgs/local/lib/python3.10/dist-packages/micro_ros_msgs-3.0.1-py3.10.egg-info/dependency_links.txt\n'}
[2.798818] (micro_ros_msgs) StdoutLine: {'line': b'-- Installing: /home/kanye/Documents/visionaid/microros_ws/install/micro_ros_msgs/local/lib/python3.10/dist-packages/micro_ros_msgs-3.0.1-py3.10.egg-info/SOURCES.txt\n'}
[2.798856] (micro_ros_msgs) StdoutLine: {'line': b'-- Installing: /home/kanye/Documents/visionaid/microros_ws/install/micro_ros_msgs/local/lib/python3.10/dist-packages/micro_ros_msgs\n'}
[2.798897] (micro_ros_msgs) StdoutLine: {'line': b'-- Installing: /home/kanye/Documents/visionaid/microros_ws/install/micro_ros_msgs/local/lib/python3.10/dist-packages/micro_ros_msgs/_micro_ros_msgs_s.ep.rosidl_typesupport_c.c\n'}
[2.798933] (micro_ros_msgs) StdoutLine: {'line': b'-- Installing: /home/kanye/Documents/visionaid/microros_ws/install/micro_ros_msgs/local/lib/python3.10/dist-packages/micro_ros_msgs/__init__.py\n'}
[2.798969] (micro_ros_msgs) StdoutLine: {'line': b'-- Installing: /home/kanye/Documents/visionaid/microros_ws/install/micro_ros_msgs/local/lib/python3.10/dist-packages/micro_ros_msgs/micro_ros_msgs_s__rosidl_typesupport_introspection_c.cpython-310-x86_64-linux-gnu.so\n'}
[2.799009] (micro_ros_msgs) StdoutLine: {'line': b'-- Installing: /home/kanye/Documents/visionaid/microros_ws/install/micro_ros_msgs/local/lib/python3.10/dist-packages/micro_ros_msgs/_micro_ros_msgs_s.ep.rosidl_typesupport_fastrtps_c.c\n'}
[2.799050] (micro_ros_msgs) StdoutLine: {'line': b'-- Installing: /home/kanye/Documents/visionaid/microros_ws/install/micro_ros_msgs/local/lib/python3.10/dist-packages/micro_ros_msgs/micro_ros_msgs_s__rosidl_typesupport_c.cpython-310-x86_64-linux-gnu.so\n'}
[2.799081] (micro_ros_msgs) StdoutLine: {'line': b'-- Installing: /home/kanye/Documents/visionaid/microros_ws/install/micro_ros_msgs/local/lib/python3.10/dist-packages/micro_ros_msgs/micro_ros_msgs_s__rosidl_typesupport_fastrtps_c.cpython-310-x86_64-linux-gnu.so\n'}
[2.799111] (micro_ros_msgs) StdoutLine: {'line': b'-- Installing: /home/kanye/Documents/visionaid/microros_ws/install/micro_ros_msgs/local/lib/python3.10/dist-packages/micro_ros_msgs/msg\n'}
[2.799141] (micro_ros_msgs) StdoutLine: {'line': b'-- Installing: /home/kanye/Documents/visionaid/microros_ws/install/micro_ros_msgs/local/lib/python3.10/dist-packages/micro_ros_msgs/msg/_graph.py\n'}
[2.799174] (micro_ros_msgs) StdoutLine: {'line': b'-- Installing: /home/kanye/Documents/visionaid/microros_ws/install/micro_ros_msgs/local/lib/python3.10/dist-packages/micro_ros_msgs/msg/_node.py\n'}
[2.799204] (micro_ros_msgs) StdoutLine: {'line': b'-- Installing: /home/kanye/Documents/visionaid/microros_ws/install/micro_ros_msgs/local/lib/python3.10/dist-packages/micro_ros_msgs/msg/__init__.py\n'}
[2.799233] (micro_ros_msgs) StdoutLine: {'line': b'-- Installing: /home/kanye/Documents/visionaid/microros_ws/install/micro_ros_msgs/local/lib/python3.10/dist-packages/micro_ros_msgs/msg/_node_s.c\n'}
[2.799261] (micro_ros_msgs) StdoutLine: {'line': b'-- Installing: /home/kanye/Documents/visionaid/microros_ws/install/micro_ros_msgs/local/lib/python3.10/dist-packages/micro_ros_msgs/msg/_graph_s.c\n'}
[2.799289] (micro_ros_msgs) StdoutLine: {'line': b'-- Installing: /home/kanye/Documents/visionaid/microros_ws/install/micro_ros_msgs/local/lib/python3.10/dist-packages/micro_ros_msgs/msg/_entity.py\n'}
[2.799318] (micro_ros_msgs) StdoutLine: {'line': b'-- Installing: /home/kanye/Documents/visionaid/microros_ws/install/micro_ros_msgs/local/lib/python3.10/dist-packages/micro_ros_msgs/msg/_entity_s.c\n'}
[2.799349] (micro_ros_msgs) StdoutLine: {'line': b'-- Installing: /home/kanye/Documents/visionaid/microros_ws/install/micro_ros_msgs/local/lib/python3.10/dist-packages/micro_ros_msgs/_micro_ros_msgs_s.ep.rosidl_typesupport_introspection_c.c\n'}
[2.799378] (micro_ros_msgs) StdoutLine: {'line': b'-- Installing: /home/kanye/Documents/visionaid/microros_ws/install/micro_ros_msgs/local/lib/python3.10/dist-packages/micro_ros_msgs/libmicro_ros_msgs__rosidl_generator_py.so\n'}
[2.804318] (-) TimerEvent: {}
[2.823526] (micro_ros_msgs) StdoutLine: {'line': b"Listing '/home/kanye/Documents/visionaid/microros_ws/install/micro_ros_msgs/local/lib/python3.10/dist-packages/micro_ros_msgs'...\n"}
[2.823616] (micro_ros_msgs) StdoutLine: {'line': b"Compiling '/home/kanye/Documents/visionaid/microros_ws/install/micro_ros_msgs/local/lib/python3.10/dist-packages/micro_ros_msgs/__init__.py'...\n"}
[2.823654] (micro_ros_msgs) StdoutLine: {'line': b"Listing '/home/kanye/Documents/visionaid/microros_ws/install/micro_ros_msgs/local/lib/python3.10/dist-packages/micro_ros_msgs/msg'...\n"}
[2.823685] (micro_ros_msgs) StdoutLine: {'line': b"Compiling '/home/kanye/Documents/visionaid/microros_ws/install/micro_ros_msgs/local/lib/python3.10/dist-packages/micro_ros_msgs/msg/__init__.py'...\n"}
[2.823715] (micro_ros_msgs) StdoutLine: {'line': b"Compiling '/home/kanye/Documents/visionaid/microros_ws/install/micro_ros_msgs/local/lib/python3.10/dist-packages/micro_ros_msgs/msg/_entity.py'...\n"}
[2.823744] (micro_ros_msgs) StdoutLine: {'line': b"Compiling '/home/kanye/Documents/visionaid/microros_ws/install/micro_ros_msgs/local/lib/python3.10/dist-packages/micro_ros_msgs/msg/_graph.py'...\n"}
[2.823779] (micro_ros_msgs) StdoutLine: {'line': b"Compiling '/home/kanye/Documents/visionaid/microros_ws/install/micro_ros_msgs/local/lib/python3.10/dist-packages/micro_ros_msgs/msg/_node.py'...\n"}
[2.826586] (micro_ros_msgs) StdoutLine: {'line': b'-- Installing: /home/kanye/Documents/visionaid/microros_ws/install/micro_ros_msgs/local/lib/python3.10/dist-packages/micro_ros_msgs/micro_ros_msgs_s__rosidl_typesupport_fastrtps_c.cpython-310-x86_64-linux-gnu.so\n'}
[2.826938] (micro_ros_msgs) StdoutLine: {'line': b'-- Set runtime path of "/home/kanye/Documents/visionaid/microros_ws/install/micro_ros_msgs/local/lib/python3.10/dist-packages/micro_ros_msgs/micro_ros_msgs_s__rosidl_typesupport_fastrtps_c.cpython-310-x86_64-linux-gnu.so" to ""\n'}
[2.827014] (micro_ros_msgs) StdoutLine: {'line': b'-- Installing: /home/kanye/Documents/visionaid/microros_ws/install/micro_ros_msgs/local/lib/python3.10/dist-packages/micro_ros_msgs/micro_ros_msgs_s__rosidl_typesupport_introspection_c.cpython-310-x86_64-linux-gnu.so\n'}
[2.827047] (micro_ros_msgs) StdoutLine: {'line': b'-- Set runtime path of "/home/kanye/Documents/visionaid/microros_ws/install/micro_ros_msgs/local/lib/python3.10/dist-packages/micro_ros_msgs/micro_ros_msgs_s__rosidl_typesupport_introspection_c.cpython-310-x86_64-linux-gnu.so" to ""\n'}
[2.827078] (micro_ros_msgs) StdoutLine: {'line': b'-- Installing: /home/kanye/Documents/visionaid/microros_ws/install/micro_ros_msgs/local/lib/python3.10/dist-packages/micro_ros_msgs/micro_ros_msgs_s__rosidl_typesupport_c.cpython-310-x86_64-linux-gnu.so\n'}
[2.827106] (micro_ros_msgs) StdoutLine: {'line': b'-- Set runtime path of "/home/kanye/Documents/visionaid/microros_ws/install/micro_ros_msgs/local/lib/python3.10/dist-packages/micro_ros_msgs/micro_ros_msgs_s__rosidl_typesupport_c.cpython-310-x86_64-linux-gnu.so" to ""\n'}
[2.827136] (micro_ros_msgs) StdoutLine: {'line': b'-- Installing: /home/kanye/Documents/visionaid/microros_ws/install/micro_ros_msgs/lib/libmicro_ros_msgs__rosidl_generator_py.so\n'}
[2.827292] (micro_ros_msgs) StdoutLine: {'line': b'-- Set runtime path of "/home/kanye/Documents/visionaid/microros_ws/install/micro_ros_msgs/lib/libmicro_ros_msgs__rosidl_generator_py.so" to ""\n'}
[2.827383] (micro_ros_msgs) StdoutLine: {'line': b'-- Installing: /home/kanye/Documents/visionaid/microros_ws/install/micro_ros_msgs/share/micro_ros_msgs/msg/Graph.idl\n'}
[2.827422] (micro_ros_msgs) StdoutLine: {'line': b'-- Installing: /home/kanye/Documents/visionaid/microros_ws/install/micro_ros_msgs/share/micro_ros_msgs/msg/Node.idl\n'}
[2.827455] (micro_ros_msgs) StdoutLine: {'line': b'-- Installing: /home/kanye/Documents/visionaid/microros_ws/install/micro_ros_msgs/share/micro_ros_msgs/msg/Entity.idl\n'}
[2.827487] (micro_ros_msgs) StdoutLine: {'line': b'-- Installing: /home/kanye/Documents/visionaid/microros_ws/install/micro_ros_msgs/share/micro_ros_msgs/msg/Graph.msg\n'}
[2.827518] (micro_ros_msgs) StdoutLine: {'line': b'-- Installing: /home/kanye/Documents/visionaid/microros_ws/install/micro_ros_msgs/share/micro_ros_msgs/msg/Node.msg\n'}
[2.827593] (micro_ros_msgs) StdoutLine: {'line': b'-- Installing: /home/kanye/Documents/visionaid/microros_ws/install/micro_ros_msgs/share/micro_ros_msgs/msg/Entity.msg\n'}
[2.827638] (micro_ros_msgs) StdoutLine: {'line': b'-- Installing: /home/kanye/Documents/visionaid/microros_ws/install/micro_ros_msgs/share/ament_index/resource_index/package_run_dependencies/micro_ros_msgs\n'}
[2.827670] (micro_ros_msgs) StdoutLine: {'line': b'-- Installing: /home/kanye/Documents/visionaid/microros_ws/install/micro_ros_msgs/share/ament_index/resource_index/parent_prefix_path/micro_ros_msgs\n'}
[2.827700] (micro_ros_msgs) StdoutLine: {'line': b'-- Installing: /home/kanye/Documents/visionaid/microros_ws/install/micro_ros_msgs/share/micro_ros_msgs/environment/ament_prefix_path.sh\n'}
[2.827732] (micro_ros_msgs) StdoutLine: {'line': b'-- Installing: /home/kanye/Documents/visionaid/microros_ws/install/micro_ros_msgs/share/micro_ros_msgs/environment/ament_prefix_path.dsv\n'}
[2.827782] (micro_ros_msgs) StdoutLine: {'line': b'-- Installing: /home/kanye/Documents/visionaid/microros_ws/install/micro_ros_msgs/share/micro_ros_msgs/environment/path.sh\n'}
[2.827835] (micro_ros_msgs) StdoutLine: {'line': b'-- Installing: /home/kanye/Documents/visionaid/microros_ws/install/micro_ros_msgs/share/micro_ros_msgs/environment/path.dsv\n'}
[2.827867] (micro_ros_msgs) StdoutLine: {'line': b'-- Installing: /home/kanye/Documents/visionaid/microros_ws/install/micro_ros_msgs/share/micro_ros_msgs/local_setup.bash\n'}
[2.827897] (micro_ros_msgs) StdoutLine: {'line': b'-- Installing: /home/kanye/Documents/visionaid/microros_ws/install/micro_ros_msgs/share/micro_ros_msgs/local_setup.sh\n'}
[2.827957] (micro_ros_msgs) StdoutLine: {'line': b'-- Installing: /home/kanye/Documents/visionaid/microros_ws/install/micro_ros_msgs/share/micro_ros_msgs/local_setup.zsh\n'}
[2.828001] (micro_ros_msgs) StdoutLine: {'line': b'-- Installing: /home/kanye/Documents/visionaid/microros_ws/install/micro_ros_msgs/share/micro_ros_msgs/local_setup.dsv\n'}
[2.828030] (micro_ros_msgs) StdoutLine: {'line': b'-- Installing: /home/kanye/Documents/visionaid/microros_ws/install/micro_ros_msgs/share/micro_ros_msgs/package.dsv\n'}
[2.828060] (micro_ros_msgs) StdoutLine: {'line': b'-- Installing: /home/kanye/Documents/visionaid/microros_ws/install/micro_ros_msgs/share/ament_index/resource_index/packages/micro_ros_msgs\n'}
[2.828117] (micro_ros_msgs) StdoutLine: {'line': b'-- Installing: /home/kanye/Documents/visionaid/microros_ws/install/micro_ros_msgs/share/micro_ros_msgs/cmake/export_micro_ros_msgs__rosidl_generator_cExport.cmake\n'}
[2.828149] (micro_ros_msgs) StdoutLine: {'line': b'-- Installing: /home/kanye/Documents/visionaid/microros_ws/install/micro_ros_msgs/share/micro_ros_msgs/cmake/export_micro_ros_msgs__rosidl_generator_cExport-noconfig.cmake\n'}
[2.828283] (micro_ros_msgs) StdoutLine: {'line': b'-- Installing: /home/kanye/Documents/visionaid/microros_ws/install/micro_ros_msgs/share/micro_ros_msgs/cmake/export_micro_ros_msgs__rosidl_typesupport_fastrtps_cExport.cmake\n'}
[2.828373] (micro_ros_msgs) StdoutLine: {'line': b'-- Installing: /home/kanye/Documents/visionaid/microros_ws/install/micro_ros_msgs/share/micro_ros_msgs/cmake/export_micro_ros_msgs__rosidl_typesupport_fastrtps_cExport-noconfig.cmake\n'}
[2.828436] (micro_ros_msgs) StdoutLine: {'line': b'-- Installing: /home/kanye/Documents/visionaid/microros_ws/install/micro_ros_msgs/share/micro_ros_msgs/cmake/micro_ros_msgs__rosidl_typesupport_introspection_cExport.cmake\n'}
[2.828503] (micro_ros_msgs) StdoutLine: {'line': b'-- Installing: /home/kanye/Documents/visionaid/microros_ws/install/micro_ros_msgs/share/micro_ros_msgs/cmake/micro_ros_msgs__rosidl_typesupport_introspection_cExport-noconfig.cmake\n'}
[2.828600] (micro_ros_msgs) StdoutLine: {'line': b'-- Installing: /home/kanye/Documents/visionaid/microros_ws/install/micro_ros_msgs/share/micro_ros_msgs/cmake/micro_ros_msgs__rosidl_typesupport_cExport.cmake\n'}
[2.828684] (micro_ros_msgs) StdoutLine: {'line': b'-- Installing: /home/kanye/Documents/visionaid/microros_ws/install/micro_ros_msgs/share/micro_ros_msgs/cmake/micro_ros_msgs__rosidl_typesupport_cExport-noconfig.cmake\n'}
[2.828758] (micro_ros_msgs) StdoutLine: {'line': b'-- Installing: /home/kanye/Documents/visionaid/microros_ws/install/micro_ros_msgs/share/micro_ros_msgs/cmake/export_micro_ros_msgs__rosidl_generator_cppExport.cmake\n'}
[2.828837] (micro_ros_msgs) StdoutLine: {'line': b'-- Installing: /home/kanye/Documents/visionaid/microros_ws/install/micro_ros_msgs/share/micro_ros_msgs/cmake/export_micro_ros_msgs__rosidl_typesupport_fastrtps_cppExport.cmake\n'}
[2.828881] (micro_ros_msgs) StdoutLine: {'line': b'-- Installing: /home/kanye/Documents/visionaid/microros_ws/install/micro_ros_msgs/share/micro_ros_msgs/cmake/export_micro_ros_msgs__rosidl_typesupport_fastrtps_cppExport-noconfig.cmake\n'}
[2.828931] (micro_ros_msgs) StdoutLine: {'line': b'-- Installing: /home/kanye/Documents/visionaid/microros_ws/install/micro_ros_msgs/share/micro_ros_msgs/cmake/micro_ros_msgs__rosidl_typesupport_introspection_cppExport.cmake\n'}
[2.828993] (micro_ros_msgs) StdoutLine: {'line': b'-- Installing: /home/kanye/Documents/visionaid/microros_ws/install/micro_ros_msgs/share/micro_ros_msgs/cmake/micro_ros_msgs__rosidl_typesupport_introspection_cppExport-noconfig.cmake\n'}
[2.829060] (micro_ros_msgs) StdoutLine: {'line': b'-- Installing: /home/kanye/Documents/visionaid/microros_ws/install/micro_ros_msgs/share/micro_ros_msgs/cmake/micro_ros_msgs__rosidl_typesupport_cppExport.cmake\n'}
[2.829126] (micro_ros_msgs) StdoutLine: {'line': b'-- Installing: /home/kanye/Documents/visionaid/microros_ws/install/micro_ros_msgs/share/micro_ros_msgs/cmake/micro_ros_msgs__rosidl_typesupport_cppExport-noconfig.cmake\n'}
[2.829199] (micro_ros_msgs) StdoutLine: {'line': b'-- Installing: /home/kanye/Documents/visionaid/microros_ws/install/micro_ros_msgs/share/micro_ros_msgs/cmake/export_micro_ros_msgs__rosidl_generator_pyExport.cmake\n'}
[2.829378] (micro_ros_msgs) StdoutLine: {'line': b'-- Installing: /home/kanye/Documents/visionaid/microros_ws/install/micro_ros_msgs/share/micro_ros_msgs/cmake/export_micro_ros_msgs__rosidl_generator_pyExport-noconfig.cmake\n'}
[2.829464] (micro_ros_msgs) StdoutLine: {'line': b'-- Installing: /home/kanye/Documents/visionaid/microros_ws/install/micro_ros_msgs/share/micro_ros_msgs/cmake/rosidl_cmake-extras.cmake\n'}
[2.829504] (micro_ros_msgs) StdoutLine: {'line': b'-- Installing: /home/kanye/Documents/visionaid/microros_ws/install/micro_ros_msgs/share/micro_ros_msgs/cmake/ament_cmake_export_include_directories-extras.cmake\n'}
[2.829556] (micro_ros_msgs) StdoutLine: {'line': b'-- Installing: /home/kanye/Documents/visionaid/microros_ws/install/micro_ros_msgs/share/micro_ros_msgs/cmake/ament_cmake_export_libraries-extras.cmake\n'}
[2.829596] (micro_ros_msgs) StdoutLine: {'line': b'-- Installing: /home/kanye/Documents/visionaid/microros_ws/install/micro_ros_msgs/share/micro_ros_msgs/cmake/ament_cmake_export_targets-extras.cmake\n'}
[2.829645] (micro_ros_msgs) StdoutLine: {'line': b'-- Installing: /home/kanye/Documents/visionaid/microros_ws/install/micro_ros_msgs/share/micro_ros_msgs/cmake/rosidl_cmake_export_typesupport_targets-extras.cmake\n'}
[2.829679] (micro_ros_msgs) StdoutLine: {'line': b'-- Installing: /home/kanye/Documents/visionaid/microros_ws/install/micro_ros_msgs/share/micro_ros_msgs/cmake/ament_cmake_export_dependencies-extras.cmake\n'}
[2.829721] (micro_ros_msgs) StdoutLine: {'line': b'-- Installing: /home/kanye/Documents/visionaid/microros_ws/install/micro_ros_msgs/share/micro_ros_msgs/cmake/rosidl_cmake_export_typesupport_libraries-extras.cmake\n'}
[2.829764] (micro_ros_msgs) StdoutLine: {'line': b'-- Installing: /home/kanye/Documents/visionaid/microros_ws/install/micro_ros_msgs/share/micro_ros_msgs/cmake/micro_ros_msgsConfig.cmake\n'}
[2.829809] (micro_ros_msgs) StdoutLine: {'line': b'-- Installing: /home/kanye/Documents/visionaid/microros_ws/install/micro_ros_msgs/share/micro_ros_msgs/cmake/micro_ros_msgsConfig-version.cmake\n'}
[2.829868] (micro_ros_msgs) StdoutLine: {'line': b'-- Installing: /home/kanye/Documents/visionaid/microros_ws/install/micro_ros_msgs/share/micro_ros_msgs/package.xml\n'}
[2.831442] (micro_ros_msgs) CommandEnded: {'returncode': 0}
[2.839453] (micro_ros_msgs) JobEnded: {'identifier': 'micro_ros_msgs', 'rc': 0}
[2.840092] (micro_ros_agent) JobStarted: {'identifier': 'micro_ros_agent'}
[2.847998] (micro_ros_agent) JobProgress: {'identifier': 'micro_ros_agent', 'progress': 'cmake'}
[2.848437] (micro_ros_agent) Command: {'cmd': ['/usr/bin/cmake', '/home/kanye/Documents/visionaid/microros_ws/src/uros/micro-ROS-Agent/micro_ros_agent', '-DUAGENT_BUILD_EXECUTABLE=OFF', '-DUAGENT_P2P_PROFILE=OFF', '--no-warn-unused-cli', '-DCMAKE_INSTALL_PREFIX=/home/kanye/Documents/visionaid/microros_ws/install/micro_ros_agent'], 'cwd': '/home/kanye/Documents/visionaid/microros_ws/build/micro_ros_agent', 'env': OrderedDict([('LESSOPEN', '| /usr/bin/lesspipe %s'), ('USER', 'kanye'), ('LC_TIME', 'lzh_TW'), ('XDG_SESSION_TYPE', 'wayland'), ('SHLVL', '2'), ('LD_LIBRARY_PATH', '/home/kanye/Documents/visionaid/microros_ws/install/micro_ros_msgs/lib:/home/kanye/Documents/visionaid/microros_ws/install/builtin_interfaces/lib:/opt/ros/humble/opt/rviz_ogre_vendor/lib:/opt/ros/humble/lib/x86_64-linux-gnu:/opt/ros/humble/lib'), ('HOME', '/home/kanye'), ('OLDPWD', '/home/kanye/Documents/visionaid'), ('DESKTOP_SESSION', 'ubuntu'), ('ROS_PYTHON_VERSION', '3'), ('GNOME_SHELL_SESSION_MODE', 'ubuntu'), ('GTK_MODULES', 'gail:atk-bridge'), ('LC_MONETARY', 'lzh_TW'), ('SYSTEMD_EXEC_PID', '2284'), ('DBUS_SESSION_BUS_ADDRESS', 'unix:path=/run/user/1000/bus'), ('COLORTERM', 'truecolor'), ('IM_CONFIG_PHASE', '1'), ('WAYLAND_DISPLAY', 'wayland-0'), ('COLCON_PREFIX_PATH', '/home/kanye/Documents/visionaid/microros_ws/install'), ('ROS_DISTRO', 'humble'), ('LOGNAME', 'kanye'), ('_', '/usr/bin/colcon'), ('ROS_VERSION', '2'), ('XDG_SESSION_CLASS', 'user'), ('USERNAME', 'kanye'), ('TERM', 'xterm-256color'), ('GNOME_DESKTOP_SESSION_ID', 'this-is-deprecated'), ('ROS_LOCALHOST_ONLY', '0'), ('PATH', '/opt/ros/humble/bin:/home/kanye/.local/bin:/usr/local/sbin:/usr/local/bin:/usr/sbin:/usr/bin:/sbin:/bin:/usr/games:/usr/local/games:/snap/bin:/snap/bin'), ('SESSION_MANAGER', 'local/kanye-Ubuntu16:@/tmp/.ICE-unix/2254,unix/kanye-Ubuntu16:/tmp/.ICE-unix/2254'), ('XDG_MENU_PREFIX', 'gnome-'), ('LC_ADDRESS', 'lzh_TW'), ('GNOME_TERMINAL_SCREEN', '/org/gnome/Terminal/screen/bc25f51e_b569_4d46_8345_b17f9195c3b2'), ('GNOME_SETUP_DISPLAY', ':1'), ('XDG_RUNTIME_DIR', '/run/user/1000'), ('DISPLAY', ':0'), ('LANG', 'en_US.UTF-8'), ('XDG_CURRENT_DESKTOP', 'ubuntu:GNOME'), ('LC_TELEPHONE', 'lzh_TW'), ('XMODIFIERS', '@im=ibus'), ('XDG_SESSION_DESKTOP', 'ubuntu'), ('XAUTHORITY', '/run/user/1000/.mutter-Xwaylandauth.Y40N82'), ('LS_COLORS', 'rs=0:di=01;34:ln=01;36:mh=00:pi=40;33:so=01;35:do=01;35:bd=40;33;01:cd=40;33;01:or=40;31;01:mi=00:su=37;41:sg=30;43:ca=30;41:tw=30;42:ow=34;42:st=37;44:ex=01;32:*.tar=01;31:*.tgz=01;31:*.arc=01;31:*.arj=01;31:*.taz=01;31:*.lha=01;31:*.lz4=01;31:*.lzh=01;31:*.lzma=01;31:*.tlz=01;31:*.txz=01;31:*.tzo=01;31:*.t7z=01;31:*.zip=01;31:*.z=01;31:*.dz=01;31:*.gz=01;31:*.lrz=01;31:*.lz=01;31:*.lzo=01;31:*.xz=01;31:*.zst=01;31:*.tzst=01;31:*.bz2=01;31:*.bz=01;31:*.tbz=01;31:*.tbz2=01;31:*.tz=01;31:*.deb=01;31:*.rpm=01;31:*.jar=01;31:*.war=01;31:*.ear=01;31:*.sar=01;31:*.rar=01;31:*.alz=01;31:*.ace=01;31:*.zoo=01;31:*.cpio=01;31:*.7z=01;31:*.rz=01;31:*.cab=01;31:*.wim=01;31:*.swm=01;31:*.dwm=01;31:*.esd=01;31:*.jpg=01;35:*.jpeg=01;35:*.mjpg=01;35:*.mjpeg=01;35:*.gif=01;35:*.bmp=01;35:*.pbm=01;35:*.pgm=01;35:*.ppm=01;35:*.tga=01;35:*.xbm=01;35:*.xpm=01;35:*.tif=01;35:*.tiff=01;35:*.png=01;35:*.svg=01;35:*.svgz=01;35:*.mng=01;35:*.pcx=01;35:*.mov=01;35:*.mpg=01;35:*.mpeg=01;35:*.m2v=01;35:*.mkv=01;35:*.webm=01;35:*.webp=01;35:*.ogm=01;35:*.mp4=01;35:*.m4v=01;35:*.mp4v=01;35:*.vob=01;35:*.qt=01;35:*.nuv=01;35:*.wmv=01;35:*.asf=01;35:*.rm=01;35:*.rmvb=01;35:*.flc=01;35:*.avi=01;35:*.fli=01;35:*.flv=01;35:*.gl=01;35:*.dl=01;35:*.xcf=01;35:*.xwd=01;35:*.yuv=01;35:*.cgm=01;35:*.emf=01;35:*.ogv=01;35:*.ogx=01;35:*.aac=00;36:*.au=00;36:*.flac=00;36:*.m4a=00;36:*.mid=00;36:*.midi=00;36:*.mka=00;36:*.mp3=00;36:*.mpc=00;36:*.ogg=00;36:*.ra=00;36:*.wav=00;36:*.oga=00;36:*.opus=00;36:*.spx=00;36:*.xspf=00;36:'), ('GNOME_TERMINAL_SERVICE', ':1.148'), ('SSH_AGENT_LAUNCHER', 'gnome-keyring'), ('SSH_AUTH_SOCK', '/run/user/1000/keyring/ssh'), ('AMENT_PREFIX_PATH', '/home/kanye/Documents/visionaid/microros_ws/install/micro_ros_msgs:/home/kanye/Documents/visionaid/microros_ws/install/builtin_interfaces:/home/kanye/Documents/visionaid/microros_ws/install/micro_ros_setup:/opt/ros/humble'), ('SHELL', '/bin/bash'), ('LC_NAME', 'lzh_TW'), ('QT_ACCESSIBILITY', '1'), ('GDMSESSION', 'ubuntu'), ('LESSCLOSE', '/usr/bin/lesspipe %s %s'), ('LC_MEASUREMENT', 'lzh_TW'), ('LC_IDENTIFICATION', 'lzh_TW'), ('QT_IM_MODULE', 'ibus'), ('PWD', '/home/kanye/Documents/visionaid/microros_ws/build/micro_ros_agent'), ('XDG_CONFIG_DIRS', '/etc/xdg/xdg-ubuntu:/etc/xdg'), ('XDG_DATA_DIRS', '/usr/share/ubuntu:/usr/local/share/:/usr/share/:/var/lib/snapd/desktop'), ('PYTHONPATH', '/home/kanye/Documents/visionaid/microros_ws/install/micro_ros_msgs/local/lib/python3.10/dist-packages:/home/kanye/Documents/visionaid/microros_ws/install/builtin_interfaces/local/lib/python3.10/dist-packages:/opt/ros/humble/lib/python3.10/site-packages:/opt/ros/humble/local/lib/python3.10/dist-packages'), ('LC_NUMERIC', 'lzh_TW'), ('LC_PAPER', 'lzh_TW'), ('COLCON', '1'), ('VTE_VERSION', '6800'), ('CMAKE_PREFIX_PATH', '/home/kanye/Documents/visionaid/microros_ws/install/micro_ros_msgs:/home/kanye/Documents/visionaid/microros_ws/install/builtin_interfaces:/home/kanye/Documents/visionaid/microros_ws/install/micro_ros_setup:/opt/ros/humble')]), 'shell': False}
[2.856672] (micro_ros_agent) StdoutLine: {'line': b'Not searching for unused variables given on the command line.\n'}
[2.904515] (-) TimerEvent: {}
[2.914771] (micro_ros_agent) StdoutLine: {'line': b'-- The C compiler identification is GNU 11.4.0\n'}
[2.920661] (micro_ros_agent) StdoutLine: {'line': b'-- Detecting C compiler ABI info\n'}
[2.998362] (micro_ros_agent) StdoutLine: {'line': b'-- Detecting C compiler ABI info - done\n'}
[3.004629] (-) TimerEvent: {}
[3.008012] (micro_ros_agent) StdoutLine: {'line': b'-- Check for working C compiler: /usr/bin/cc - skipped\n'}
[3.008452] (micro_ros_agent) StdoutLine: {'line': b'-- Detecting C compile features\n'}
[3.009034] (micro_ros_agent) StdoutLine: {'line': b'-- Detecting C compile features - done\n'}
[3.067245] (micro_ros_agent) StdoutLine: {'line': b'-- The CXX compiler identification is GNU 11.4.0\n'}
[3.071849] (micro_ros_agent) StdoutLine: {'line': b'-- Detecting CXX compiler ABI info\n'}
[3.104813] (-) TimerEvent: {}
[3.159739] (micro_ros_agent) StdoutLine: {'line': b'-- Detecting CXX compiler ABI info - done\n'}
[3.169780] (micro_ros_agent) StdoutLine: {'line': b'-- Check for working CXX compiler: /usr/bin/c++ - skipped\n'}
[3.170139] (micro_ros_agent) StdoutLine: {'line': b'-- Detecting CXX compile features\n'}
[3.170981] (micro_ros_agent) StdoutLine: {'line': b'-- Detecting CXX compile features - done\n'}
[3.198582] (micro_ros_agent) StdoutLine: {'line': b'-- Configuring done\n'}
[3.200466] (micro_ros_agent) StdoutLine: {'line': b'-- Generating done\n'}
[3.201212] (micro_ros_agent) StdoutLine: {'line': b'-- Build files have been written to: /home/kanye/Documents/visionaid/microros_ws/build/micro_ros_agent\n'}
[3.204067] (micro_ros_agent) CommandEnded: {'returncode': 0}
[3.205179] (-) TimerEvent: {}
[3.205343] (micro_ros_agent) JobProgress: {'identifier': 'micro_ros_agent', 'progress': 'build'}
[3.205559] (micro_ros_agent) Command: {'cmd': ['/usr/bin/cmake', '--build', '/home/kanye/Documents/visionaid/microros_ws/build/micro_ros_agent', '--', '-j28', '-l28'], 'cwd': '/home/kanye/Documents/visionaid/microros_ws/build/micro_ros_agent', 'env': OrderedDict([('LESSOPEN', '| /usr/bin/lesspipe %s'), ('USER', 'kanye'), ('LC_TIME', 'lzh_TW'), ('XDG_SESSION_TYPE', 'wayland'), ('SHLVL', '2'), ('LD_LIBRARY_PATH', '/home/kanye/Documents/visionaid/microros_ws/install/micro_ros_msgs/lib:/home/kanye/Documents/visionaid/microros_ws/install/builtin_interfaces/lib:/opt/ros/humble/opt/rviz_ogre_vendor/lib:/opt/ros/humble/lib/x86_64-linux-gnu:/opt/ros/humble/lib'), ('HOME', '/home/kanye'), ('OLDPWD', '/home/kanye/Documents/visionaid'), ('DESKTOP_SESSION', 'ubuntu'), ('ROS_PYTHON_VERSION', '3'), ('GNOME_SHELL_SESSION_MODE', 'ubuntu'), ('GTK_MODULES', 'gail:atk-bridge'), ('LC_MONETARY', 'lzh_TW'), ('SYSTEMD_EXEC_PID', '2284'), ('DBUS_SESSION_BUS_ADDRESS', 'unix:path=/run/user/1000/bus'), ('COLORTERM', 'truecolor'), ('IM_CONFIG_PHASE', '1'), ('WAYLAND_DISPLAY', 'wayland-0'), ('COLCON_PREFIX_PATH', '/home/kanye/Documents/visionaid/microros_ws/install'), ('ROS_DISTRO', 'humble'), ('LOGNAME', 'kanye'), ('_', '/usr/bin/colcon'), ('ROS_VERSION', '2'), ('XDG_SESSION_CLASS', 'user'), ('USERNAME', 'kanye'), ('TERM', 'xterm-256color'), ('GNOME_DESKTOP_SESSION_ID', 'this-is-deprecated'), ('ROS_LOCALHOST_ONLY', '0'), ('PATH', '/opt/ros/humble/bin:/home/kanye/.local/bin:/usr/local/sbin:/usr/local/bin:/usr/sbin:/usr/bin:/sbin:/bin:/usr/games:/usr/local/games:/snap/bin:/snap/bin'), ('SESSION_MANAGER', 'local/kanye-Ubuntu16:@/tmp/.ICE-unix/2254,unix/kanye-Ubuntu16:/tmp/.ICE-unix/2254'), ('XDG_MENU_PREFIX', 'gnome-'), ('LC_ADDRESS', 'lzh_TW'), ('GNOME_TERMINAL_SCREEN', '/org/gnome/Terminal/screen/bc25f51e_b569_4d46_8345_b17f9195c3b2'), ('GNOME_SETUP_DISPLAY', ':1'), ('XDG_RUNTIME_DIR', '/run/user/1000'), ('DISPLAY', ':0'), ('LANG', 'en_US.UTF-8'), ('XDG_CURRENT_DESKTOP', 'ubuntu:GNOME'), ('LC_TELEPHONE', 'lzh_TW'), ('XMODIFIERS', '@im=ibus'), ('XDG_SESSION_DESKTOP', 'ubuntu'), ('XAUTHORITY', '/run/user/1000/.mutter-Xwaylandauth.Y40N82'), ('LS_COLORS', 'rs=0:di=01;34:ln=01;36:mh=00:pi=40;33:so=01;35:do=01;35:bd=40;33;01:cd=40;33;01:or=40;31;01:mi=00:su=37;41:sg=30;43:ca=30;41:tw=30;42:ow=34;42:st=37;44:ex=01;32:*.tar=01;31:*.tgz=01;31:*.arc=01;31:*.arj=01;31:*.taz=01;31:*.lha=01;31:*.lz4=01;31:*.lzh=01;31:*.lzma=01;31:*.tlz=01;31:*.txz=01;31:*.tzo=01;31:*.t7z=01;31:*.zip=01;31:*.z=01;31:*.dz=01;31:*.gz=01;31:*.lrz=01;31:*.lz=01;31:*.lzo=01;31:*.xz=01;31:*.zst=01;31:*.tzst=01;31:*.bz2=01;31:*.bz=01;31:*.tbz=01;31:*.tbz2=01;31:*.tz=01;31:*.deb=01;31:*.rpm=01;31:*.jar=01;31:*.war=01;31:*.ear=01;31:*.sar=01;31:*.rar=01;31:*.alz=01;31:*.ace=01;31:*.zoo=01;31:*.cpio=01;31:*.7z=01;31:*.rz=01;31:*.cab=01;31:*.wim=01;31:*.swm=01;31:*.dwm=01;31:*.esd=01;31:*.jpg=01;35:*.jpeg=01;35:*.mjpg=01;35:*.mjpeg=01;35:*.gif=01;35:*.bmp=01;35:*.pbm=01;35:*.pgm=01;35:*.ppm=01;35:*.tga=01;35:*.xbm=01;35:*.xpm=01;35:*.tif=01;35:*.tiff=01;35:*.png=01;35:*.svg=01;35:*.svgz=01;35:*.mng=01;35:*.pcx=01;35:*.mov=01;35:*.mpg=01;35:*.mpeg=01;35:*.m2v=01;35:*.mkv=01;35:*.webm=01;35:*.webp=01;35:*.ogm=01;35:*.mp4=01;35:*.m4v=01;35:*.mp4v=01;35:*.vob=01;35:*.qt=01;35:*.nuv=01;35:*.wmv=01;35:*.asf=01;35:*.rm=01;35:*.rmvb=01;35:*.flc=01;35:*.avi=01;35:*.fli=01;35:*.flv=01;35:*.gl=01;35:*.dl=01;35:*.xcf=01;35:*.xwd=01;35:*.yuv=01;35:*.cgm=01;35:*.emf=01;35:*.ogv=01;35:*.ogx=01;35:*.aac=00;36:*.au=00;36:*.flac=00;36:*.m4a=00;36:*.mid=00;36:*.midi=00;36:*.mka=00;36:*.mp3=00;36:*.mpc=00;36:*.ogg=00;36:*.ra=00;36:*.wav=00;36:*.oga=00;36:*.opus=00;36:*.spx=00;36:*.xspf=00;36:'), ('GNOME_TERMINAL_SERVICE', ':1.148'), ('SSH_AGENT_LAUNCHER', 'gnome-keyring'), ('SSH_AUTH_SOCK', '/run/user/1000/keyring/ssh'), ('AMENT_PREFIX_PATH', '/home/kanye/Documents/visionaid/microros_ws/install/micro_ros_msgs:/home/kanye/Documents/visionaid/microros_ws/install/builtin_interfaces:/home/kanye/Documents/visionaid/microros_ws/install/micro_ros_setup:/opt/ros/humble'), ('SHELL', '/bin/bash'), ('LC_NAME', 'lzh_TW'), ('QT_ACCESSIBILITY', '1'), ('GDMSESSION', 'ubuntu'), ('LESSCLOSE', '/usr/bin/lesspipe %s %s'), ('LC_MEASUREMENT', 'lzh_TW'), ('LC_IDENTIFICATION', 'lzh_TW'), ('QT_IM_MODULE', 'ibus'), ('PWD', '/home/kanye/Documents/visionaid/microros_ws/build/micro_ros_agent'), ('XDG_CONFIG_DIRS', '/etc/xdg/xdg-ubuntu:/etc/xdg'), ('XDG_DATA_DIRS', '/usr/share/ubuntu:/usr/local/share/:/usr/share/:/var/lib/snapd/desktop'), ('PYTHONPATH', '/home/kanye/Documents/visionaid/microros_ws/install/micro_ros_msgs/local/lib/python3.10/dist-packages:/home/kanye/Documents/visionaid/microros_ws/install/builtin_interfaces/local/lib/python3.10/dist-packages:/opt/ros/humble/lib/python3.10/site-packages:/opt/ros/humble/local/lib/python3.10/dist-packages'), ('LC_NUMERIC', 'lzh_TW'), ('LC_PAPER', 'lzh_TW'), ('COLCON', '1'), ('VTE_VERSION', '6800'), ('CMAKE_PREFIX_PATH', '/home/kanye/Documents/visionaid/microros_ws/install/micro_ros_msgs:/home/kanye/Documents/visionaid/microros_ws/install/builtin_interfaces:/home/kanye/Documents/visionaid/microros_ws/install/micro_ros_setup:/opt/ros/humble')]), 'shell': False}
[3.250423] (micro_ros_agent) StdoutLine: {'line': b"[  6%] \x1b[34m\x1b[1mCreating directories for 'xrceagent'\x1b[0m\n"}
[3.305430] (-) TimerEvent: {}
[3.326069] (micro_ros_agent) StdoutLine: {'line': b"[ 12%] \x1b[34m\x1b[1mPerforming download step (git clone) for 'xrceagent'\x1b[0m\n"}
[3.348044] (micro_ros_agent) StderrLine: {'line': b"Cloning into 'xrceagent'...\n"}
[3.405597] (-) TimerEvent: {}
[3.506329] (-) TimerEvent: {}
[3.607252] (-) TimerEvent: {}
[3.708308] (-) TimerEvent: {}
[3.809256] (-) TimerEvent: {}
[3.910052] (-) TimerEvent: {}
[4.010881] (-) TimerEvent: {}
[4.111642] (-) TimerEvent: {}
[4.212330] (-) TimerEvent: {}
[4.313038] (-) TimerEvent: {}
[4.413746] (-) TimerEvent: {}
[4.514741] (-) TimerEvent: {}
[4.615703] (-) TimerEvent: {}
[4.716482] (-) TimerEvent: {}
[4.817183] (-) TimerEvent: {}
[4.917586] (-) TimerEvent: {}
[5.018132] (-) TimerEvent: {}
[5.118707] (-) TimerEvent: {}
[5.219227] (-) TimerEvent: {}
[5.319680] (-) TimerEvent: {}
[5.420219] (-) TimerEvent: {}
[5.520699] (-) TimerEvent: {}
[5.621205] (-) TimerEvent: {}
[5.721694] (-) TimerEvent: {}
[5.822234] (-) TimerEvent: {}
[5.922723] (-) TimerEvent: {}
[6.023287] (-) TimerEvent: {}
[6.123872] (-) TimerEvent: {}
[6.224567] (-) TimerEvent: {}
[6.325292] (-) TimerEvent: {}
[6.426020] (-) TimerEvent: {}
[6.526744] (-) TimerEvent: {}
[6.627503] (-) TimerEvent: {}
[6.728219] (-) TimerEvent: {}
[6.829093] (-) TimerEvent: {}
[6.929984] (-) TimerEvent: {}
[7.030603] (-) TimerEvent: {}
[7.131266] (-) TimerEvent: {}
[7.231851] (-) TimerEvent: {}
[7.332472] (-) TimerEvent: {}
[7.433192] (-) TimerEvent: {}
[7.533886] (-) TimerEvent: {}
[7.634644] (-) TimerEvent: {}
[7.735303] (-) TimerEvent: {}
[7.836296] (-) TimerEvent: {}
[7.937070] (-) TimerEvent: {}
[8.037892] (-) TimerEvent: {}
[8.138699] (-) TimerEvent: {}
[8.239291] (-) TimerEvent: {}
[8.339809] (-) TimerEvent: {}
[8.440336] (-) TimerEvent: {}
[8.540827] (-) TimerEvent: {}
[8.641222] (-) TimerEvent: {}
[8.659506] (micro_ros_agent) StderrLine: {'line': b'HEAD is now at 57d0862 Release v2.4.2\n'}
[8.726946] (micro_ros_agent) StdoutLine: {'line': b"[ 18%] \x1b[34m\x1b[1mPerforming update step for 'xrceagent'\x1b[0m\n"}
[8.741392] (-) TimerEvent: {}
[8.755486] (micro_ros_agent) StdoutLine: {'line': b"[ 25%] \x1b[34m\x1b[1mNo patch step for 'xrceagent'\x1b[0m\n"}
[8.783040] (micro_ros_agent) StdoutLine: {'line': b"[ 31%] \x1b[34m\x1b[1mPerforming configure step for 'xrceagent'\x1b[0m\n"}
[8.792109] (micro_ros_agent) StdoutLine: {'line': b'loading initial cache file /home/kanye/Documents/visionaid/microros_ws/build/micro_ros_agent/agent/tmp/xrceagent-cache-.cmake\n'}
[8.841444] (-) TimerEvent: {}
[8.850396] (micro_ros_agent) StdoutLine: {'line': b'-- The C compiler identification is GNU 11.4.0\n'}
[8.858126] (micro_ros_agent) StdoutLine: {'line': b'-- Detecting C compiler ABI info\n'}
[8.936233] (micro_ros_agent) StdoutLine: {'line': b'-- Detecting C compiler ABI info - done\n'}
[8.941540] (-) TimerEvent: {}
[8.944723] (micro_ros_agent) StdoutLine: {'line': b'-- Check for working C compiler: /usr/bin/cc - skipped\n'}
[8.945013] (micro_ros_agent) StdoutLine: {'line': b'-- Detecting C compile features\n'}
[8.945413] (micro_ros_agent) StdoutLine: {'line': b'-- Detecting C compile features - done\n'}
[8.998215] (micro_ros_agent) StdoutLine: {'line': b'-- The CXX compiler identification is GNU 11.4.0\n'}
[9.003126] (micro_ros_agent) StdoutLine: {'line': b'-- Detecting CXX compiler ABI info\n'}
[9.041649] (-) TimerEvent: {}
[9.085862] (micro_ros_agent) StdoutLine: {'line': b'-- Detecting CXX compiler ABI info - done\n'}
[9.091328] (micro_ros_agent) StdoutLine: {'line': b'-- Check for working CXX compiler: /usr/bin/c++ - skipped\n'}
[9.091453] (micro_ros_agent) StdoutLine: {'line': b'-- Detecting CXX compile features\n'}
[9.091871] (micro_ros_agent) StdoutLine: {'line': b'-- Detecting CXX compile features - done\n'}
[9.095316] (micro_ros_agent) StdoutLine: {'line': b'-- Looking for pthread.h\n'}
[9.141777] (-) TimerEvent: {}
[9.172686] (micro_ros_agent) StdoutLine: {'line': b'-- Looking for pthread.h - found\n'}
[9.172943] (micro_ros_agent) StdoutLine: {'line': b'-- Performing Test CMAKE_HAVE_LIBC_PTHREAD\n'}
[9.241958] (-) TimerEvent: {}
[9.251144] (micro_ros_agent) StdoutLine: {'line': b'-- Performing Test CMAKE_HAVE_LIBC_PTHREAD - Success\n'}
[9.252009] (micro_ros_agent) StdoutLine: {'line': b'-- Found Threads: TRUE  \n'}
[9.265184] (micro_ros_agent) StdoutLine: {'line': b'-- Configuring done\n'}
[9.267361] (micro_ros_agent) StdoutLine: {'line': b'-- Generating done\n'}
[9.267995] (micro_ros_agent) StdoutLine: {'line': b'-- Build files have been written to: /home/kanye/Documents/visionaid/microros_ws/build/micro_ros_agent/agent/src/xrceagent-build\n'}
[9.290312] (micro_ros_agent) StdoutLine: {'line': b"[ 37%] \x1b[34m\x1b[1mPerforming build step for 'xrceagent'\x1b[0m\n"}
[9.336766] (micro_ros_agent) StdoutLine: {'line': b"[ 12%] \x1b[34m\x1b[1mCreating directories for 'uagent'\x1b[0m\n"}
[9.342137] (-) TimerEvent: {}
[9.412570] (micro_ros_agent) StdoutLine: {'line': b"[ 25%] \x1b[34m\x1b[1mNo download step for 'uagent'\x1b[0m\n"}
[9.439273] (micro_ros_agent) StdoutLine: {'line': b"[ 37%] \x1b[34m\x1b[1mNo update step for 'uagent'\x1b[0m\n"}
[9.442331] (-) TimerEvent: {}
[9.465410] (micro_ros_agent) StdoutLine: {'line': b"[ 50%] \x1b[34m\x1b[1mNo patch step for 'uagent'\x1b[0m\n"}
[9.490893] (micro_ros_agent) StdoutLine: {'line': b"[ 62%] \x1b[34m\x1b[1mPerforming configure step for 'uagent'\x1b[0m\n"}
[9.501659] (micro_ros_agent) StdoutLine: {'line': b'loading initial cache file /home/kanye/Documents/visionaid/microros_ws/build/micro_ros_agent/agent/src/xrceagent-build/uagent-prefix/tmp/uagent-cache-.cmake\n'}
[9.507529] (micro_ros_agent) StdoutLine: {'line': b"-- Setting build type to 'Release' as none was specified.\n"}
[9.525905] (micro_ros_agent) StderrLine: {'line': b'\x1b[33mCMake Warning (dev) at /usr/share/cmake-3.22/Modules/FindPackageHandleStandardArgs.cmake:438 (message):\n'}
[9.526002] (micro_ros_agent) StderrLine: {'line': b'  The package name passed to `find_package_handle_standard_args` (tinyxml2)\n'}
[9.526038] (micro_ros_agent) StderrLine: {'line': b'  does not match the name of the calling package (TinyXML2).  This can lead\n'}
[9.526083] (micro_ros_agent) StderrLine: {'line': b'  to problems in calling code that expects `find_package` result variables\n'}
[9.526119] (micro_ros_agent) StderrLine: {'line': b'  (e.g., `_FOUND`) to follow a certain pattern.\n'}
[9.526148] (micro_ros_agent) StderrLine: {'line': b'Call Stack (most recent call first):\n'}
[9.526182] (micro_ros_agent) StderrLine: {'line': b'  cmake/modules/FindTinyXML2.cmake:40 (find_package_handle_standard_args)\n'}
[9.526208] (micro_ros_agent) StderrLine: {'line': b'  /opt/ros/humble/share/fastrtps/cmake/fastrtps-config.cmake:51 (find_package)\n'}
[9.526236] (micro_ros_agent) StderrLine: {'line': b'  CMakeLists.txt:153 (find_package)\n'}
[9.526265] (micro_ros_agent) StderrLine: {'line': b'This warning is for project developers.  Use -Wno-dev to suppress it.\n'}
[9.526291] (micro_ros_agent) StderrLine: {'line': b'\x1b[0m\n'}
[9.526317] (micro_ros_agent) StdoutLine: {'line': b'-- Found tinyxml2: /usr/lib/x86_64-linux-gnu/libtinyxml2.so  \n'}
[9.542412] (-) TimerEvent: {}
[9.586827] (micro_ros_agent) StdoutLine: {'line': b'-- Found OpenSSL: /usr/lib/x86_64-linux-gnu/libcrypto.so (found version "3.0.2")  \n'}
[9.596546] (micro_ros_agent) StdoutLine: {'line': b'-- Configuring done\n'}
[9.607200] (micro_ros_agent) StdoutLine: {'line': b'-- Generating done\n'}
[9.607960] (micro_ros_agent) StdoutLine: {'line': b'-- Build files have been written to: /home/kanye/Documents/visionaid/microros_ws/build/micro_ros_agent/agent/src/xrceagent-build\n'}
[9.629366] (micro_ros_agent) StdoutLine: {'line': b"[ 75%] \x1b[34m\x1b[1mPerforming build step for 'uagent'\x1b[0m\n"}
[9.642494] (-) TimerEvent: {}
[9.680815] (micro_ros_agent) StdoutLine: {'line': b'[  2%] \x1b[32mBuilding CXX object CMakeFiles/microxrcedds_agent.dir/src/cpp/Agent.cpp.o\x1b[0m\n'}
[9.681056] (micro_ros_agent) StdoutLine: {'line': b'[  7%] \x1b[32mBuilding CXX object CMakeFiles/microxrcedds_agent.dir/src/cpp/AgentInstance.cpp.o\x1b[0m\n'}
[9.681127] (micro_ros_agent) StdoutLine: {'line': b'[  7%] \x1b[32mBuilding CXX object CMakeFiles/microxrcedds_agent.dir/src/cpp/Root.cpp.o\x1b[0m\n'}
[9.681195] (micro_ros_agent) StdoutLine: {'line': b'[ 11%] \x1b[32mBuilding CXX object CMakeFiles/microxrcedds_agent.dir/src/cpp/publisher/Publisher.cpp.o\x1b[0m\n'}
[9.681249] (micro_ros_agent) StdoutLine: {'line': b'[ 11%] \x1b[32mBuilding CXX object CMakeFiles/microxrcedds_agent.dir/src/cpp/processor/Processor.cpp.o\x1b[0m\n'}
[9.681326] (micro_ros_agent) StdoutLine: {'line': b'[ 14%] \x1b[32mBuilding CXX object CMakeFiles/microxrcedds_agent.dir/src/cpp/topic/Topic.cpp.o\x1b[0m\n'}
[9.681373] (micro_ros_agent) StdoutLine: {'line': b'[ 16%] \x1b[32mBuilding CXX object CMakeFiles/microxrcedds_agent.dir/src/cpp/client/ProxyClient.cpp.o\x1b[0m\n'}
[9.681420] (micro_ros_agent) StdoutLine: {'line': b'[ 19%] \x1b[32mBuilding CXX object CMakeFiles/microxrcedds_agent.dir/src/cpp/participant/Participant.cpp.o\x1b[0m\n'}
[9.681496] (micro_ros_agent) StdoutLine: {'line': b'[ 21%] \x1b[32mBuilding CXX object CMakeFiles/microxrcedds_agent.dir/src/cpp/subscriber/Subscriber.cpp.o\x1b[0m\n'}
[9.681542] (micro_ros_agent) StdoutLine: {'line': b'[ 23%] \x1b[32mBuilding CXX object CMakeFiles/microxrcedds_agent.dir/src/cpp/replier/Replier.cpp.o\x1b[0m\n'}
[9.681587] (micro_ros_agent) StdoutLine: {'line': b'[ 26%] \x1b[32mBuilding CXX object CMakeFiles/microxrcedds_agent.dir/src/cpp/datareader/DataReader.cpp.o\x1b[0m\n'}
[9.681629] (micro_ros_agent) StdoutLine: {'line': b'[ 28%] \x1b[32mBuilding CXX object CMakeFiles/microxrcedds_agent.dir/src/cpp/datawriter/DataWriter.cpp.o\x1b[0m\n'}
[9.681676] (micro_ros_agent) StdoutLine: {'line': b'[ 30%] \x1b[32mBuilding CXX object CMakeFiles/microxrcedds_agent.dir/src/cpp/requester/Requester.cpp.o\x1b[0m\n'}
[9.682711] (micro_ros_agent) StdoutLine: {'line': b'[ 33%] \x1b[32mBuilding CXX object CMakeFiles/microxrcedds_agent.dir/src/cpp/types/SubMessageHeader.cpp.o\x1b[0m\n'}
[9.682857] (micro_ros_agent) StdoutLine: {'line': b'[ 35%] \x1b[32mBuilding CXX object CMakeFiles/microxrcedds_agent.dir/src/cpp/object/XRCEObject.cpp.o\x1b[0m\n'}
[9.683143] (micro_ros_agent) StdoutLine: {'line': b'[ 38%] \x1b[32mBuilding CXX object CMakeFiles/microxrcedds_agent.dir/src/cpp/transport/Server.cpp.o\x1b[0m\n'}
[9.683276] (micro_ros_agent) StdoutLine: {'line': b'[ 40%] \x1b[32mBuilding CXX object CMakeFiles/microxrcedds_agent.dir/src/cpp/types/MessageHeader.cpp.o\x1b[0m\n'}
[9.683341] (micro_ros_agent) StdoutLine: {'line': b'[ 45%] \x1b[32mBuilding CXX object CMakeFiles/microxrcedds_agent.dir/src/cpp/utils/ArgumentParser.cpp.o\x1b[0m\n'}
[9.683549] (micro_ros_agent) StdoutLine: {'line': b'[ 45%] \x1b[32mBuilding CXX object CMakeFiles/microxrcedds_agent.dir/src/cpp/types/XRCETypes.cpp.o\x1b[0m\n'}
[9.683628] (micro_ros_agent) StdoutLine: {'line': b'[ 47%] \x1b[32mBuilding CXX object CMakeFiles/microxrcedds_agent.dir/src/cpp/message/OutputMessage.cpp.o\x1b[0m\n'}
[9.683675] (micro_ros_agent) StdoutLine: {'line': b'[ 50%] \x1b[32mBuilding CXX object CMakeFiles/microxrcedds_agent.dir/src/cpp/transport/udp/UDPv6AgentLinux.cpp.o\x1b[0m\n'}
[9.683721] (micro_ros_agent) StdoutLine: {'line': b'[ 52%] \x1b[32mBuilding CXX object CMakeFiles/microxrcedds_agent.dir/src/cpp/transport/custom/CustomAgent.cpp.o\x1b[0m\n'}
[9.683770] (micro_ros_agent) StdoutLine: {'line': b'[ 54%] \x1b[32mBuilding CXX object CMakeFiles/microxrcedds_agent.dir/src/cpp/transport/tcp/TCPv6AgentLinux.cpp.o\x1b[0m\n'}
[9.684362] (micro_ros_agent) StdoutLine: {'line': b'[ 57%] \x1b[32mBuilding CXX object CMakeFiles/microxrcedds_agent.dir/src/cpp/message/InputMessage.cpp.o\x1b[0m\n'}
[9.684469] (micro_ros_agent) StdoutLine: {'line': b'[ 61%] \x1b[32mBuilding CXX object CMakeFiles/microxrcedds_agent.dir/src/cpp/transport/udp/UDPv4AgentLinux.cpp.o\x1b[0m\n'}
[9.684530] (micro_ros_agent) StdoutLine: {'line': b'[ 61%] \x1b[32mBuilding CXX object CMakeFiles/microxrcedds_agent.dir/src/cpp/transport/stream_framing/StreamFramingProtocol.cpp.o\x1b[0m\n'}
[9.684580] (micro_ros_agent) StdoutLine: {'line': b'[ 64%] \x1b[32mBuilding CXX object CMakeFiles/microxrcedds_agent.dir/src/cpp/transport/serial/SerialAgentLinux.cpp.o\x1b[0m\n'}
[9.684629] (micro_ros_agent) StdoutLine: {'line': b'[ 66%] \x1b[32mBuilding CXX object CMakeFiles/microxrcedds_agent.dir/src/cpp/transport/tcp/TCPv4AgentLinux.cpp.o\x1b[0m\n'}
[9.742612] (-) TimerEvent: {}
[9.845220] (-) TimerEvent: {}
[9.898276] (micro_ros_agent) StdoutLine: {'line': b'[ 69%] \x1b[32mBuilding CXX object CMakeFiles/microxrcedds_agent.dir/src/cpp/transport/serial/TermiosAgentLinux.cpp.o\x1b[0m\n'}
[9.945329] (-) TimerEvent: {}
[10.045624] (-) TimerEvent: {}
[10.111464] (micro_ros_agent) StdoutLine: {'line': b'[ 71%] \x1b[32mBuilding CXX object CMakeFiles/microxrcedds_agent.dir/src/cpp/transport/serial/MultiSerialAgentLinux.cpp.o\x1b[0m\n'}
[10.117711] (micro_ros_agent) StdoutLine: {'line': b'[ 73%] \x1b[32mBuilding CXX object CMakeFiles/microxrcedds_agent.dir/src/cpp/transport/serial/MultiTermiosAgentLinux.cpp.o\x1b[0m\n'}
[10.145739] (-) TimerEvent: {}
[10.151469] (micro_ros_agent) StdoutLine: {'line': b'[ 76%] \x1b[32mBuilding CXX object CMakeFiles/microxrcedds_agent.dir/src/cpp/transport/serial/PseudoTerminalAgentLinux.cpp.o\x1b[0m\n'}
[10.245863] (-) TimerEvent: {}
[10.346227] (-) TimerEvent: {}
[10.446759] (-) TimerEvent: {}
[10.547091] (-) TimerEvent: {}
[10.648327] (-) TimerEvent: {}
[10.676346] (micro_ros_agent) StdoutLine: {'line': b'[ 78%] \x1b[32mBuilding CXX object CMakeFiles/microxrcedds_agent.dir/src/cpp/transport/can/CanAgentLinux.cpp.o\x1b[0m\n'}
[10.697363] (micro_ros_agent) StdoutLine: {'line': b'[ 80%] \x1b[32mBuilding CXX object CMakeFiles/microxrcedds_agent.dir/src/cpp/transport/discovery/DiscoveryServerLinux.cpp.o\x1b[0m\n'}
[10.751246] (-) TimerEvent: {}
[10.806303] (micro_ros_agent) StdoutLine: {'line': b'[ 85%] \x1b[32mBuilding CXX object CMakeFiles/microxrcedds_agent.dir/src/cpp/types/TopicPubSubType.cpp.o\x1b[0m\n'}
[10.806530] (micro_ros_agent) StdoutLine: {'line': b'[ 85%] \x1b[32mBuilding CXX object CMakeFiles/microxrcedds_agent.dir/src/cpp/transport/discovery/DiscoveryServer.cpp.o\x1b[0m\n'}
[10.851361] (-) TimerEvent: {}
[10.951693] (-) TimerEvent: {}
[11.052019] (-) TimerEvent: {}
[11.113318] (micro_ros_agent) StdoutLine: {'line': b'[ 88%] \x1b[32mBuilding CXX object CMakeFiles/microxrcedds_agent.dir/src/cpp/xmlobjects/xmlobjects.cpp.o\x1b[0m\n'}
[11.152135] (-) TimerEvent: {}
[11.252457] (-) TimerEvent: {}
[11.352770] (-) TimerEvent: {}
[11.443045] (micro_ros_agent) StdoutLine: {'line': b'[ 90%] \x1b[32mBuilding CXX object CMakeFiles/microxrcedds_agent.dir/src/cpp/middleware/fast/FastEntities.cpp.o\x1b[0m\n'}
[11.452881] (-) TimerEvent: {}
[11.553225] (-) TimerEvent: {}
[11.653538] (-) TimerEvent: {}
[11.753854] (-) TimerEvent: {}
[11.854156] (-) TimerEvent: {}
[11.954472] (-) TimerEvent: {}
[12.054779] (-) TimerEvent: {}
[12.158230] (-) TimerEvent: {}
[12.189337] (micro_ros_agent) StdoutLine: {'line': b'[ 92%] \x1b[32mBuilding CXX object CMakeFiles/microxrcedds_agent.dir/src/cpp/middleware/fast/FastMiddleware.cpp.o\x1b[0m\n'}
[12.258342] (-) TimerEvent: {}
[12.358792] (-) TimerEvent: {}
[12.459234] (-) TimerEvent: {}
[12.533234] (micro_ros_agent) StdoutLine: {'line': b'[ 95%] \x1b[32mBuilding CXX object CMakeFiles/microxrcedds_agent.dir/src/cpp/middleware/fastdds/FastDDSEntities.cpp.o\x1b[0m\n'}
[12.559346] (-) TimerEvent: {}
[12.659784] (-) TimerEvent: {}
[12.704429] (micro_ros_agent) StdoutLine: {'line': b'[ 97%] \x1b[32mBuilding CXX object CMakeFiles/microxrcedds_agent.dir/src/cpp/middleware/fastdds/FastDDSMiddleware.cpp.o\x1b[0m\n'}
[12.759901] (-) TimerEvent: {}
[12.860353] (-) TimerEvent: {}
[12.960806] (-) TimerEvent: {}
[13.061231] (-) TimerEvent: {}
[13.161672] (-) TimerEvent: {}
[13.261948] (-) TimerEvent: {}
[13.362227] (-) TimerEvent: {}
[13.462488] (-) TimerEvent: {}
[13.562804] (-) TimerEvent: {}
[13.663108] (-) TimerEvent: {}
[13.763451] (-) TimerEvent: {}
[13.863784] (-) TimerEvent: {}
[13.964099] (-) TimerEvent: {}
[14.064439] (-) TimerEvent: {}
[14.164751] (-) TimerEvent: {}
[14.265025] (-) TimerEvent: {}
[14.365263] (-) TimerEvent: {}
[14.465532] (-) TimerEvent: {}
[14.565906] (-) TimerEvent: {}
[14.666263] (-) TimerEvent: {}
[14.766537] (-) TimerEvent: {}
[14.866916] (-) TimerEvent: {}
[14.967267] (-) TimerEvent: {}
[15.067544] (-) TimerEvent: {}
[15.167931] (-) TimerEvent: {}
[15.268334] (-) TimerEvent: {}
[15.368735] (-) TimerEvent: {}
[15.469125] (-) TimerEvent: {}
[15.569469] (-) TimerEvent: {}
[15.669853] (-) TimerEvent: {}
[15.770257] (-) TimerEvent: {}
[15.870655] (-) TimerEvent: {}
[15.971042] (-) TimerEvent: {}
[16.071468] (-) TimerEvent: {}
[16.171853] (-) TimerEvent: {}
[16.272230] (-) TimerEvent: {}
[16.372658] (-) TimerEvent: {}
[16.473025] (-) TimerEvent: {}
[16.573401] (-) TimerEvent: {}
[16.673691] (-) TimerEvent: {}
[16.774060] (-) TimerEvent: {}
[16.874459] (-) TimerEvent: {}
[16.974834] (-) TimerEvent: {}
[17.075222] (-) TimerEvent: {}
[17.175713] (-) TimerEvent: {}
[17.276057] (-) TimerEvent: {}
[17.376461] (-) TimerEvent: {}
[17.476840] (-) TimerEvent: {}
[17.577223] (-) TimerEvent: {}
[17.677568] (-) TimerEvent: {}
[17.777942] (-) TimerEvent: {}
[17.878326] (-) TimerEvent: {}
[17.978684] (-) TimerEvent: {}
[18.079050] (-) TimerEvent: {}
[18.179423] (-) TimerEvent: {}
[18.199911] (micro_ros_agent) StdoutLine: {'line': b'[100%] \x1b[32m\x1b[1mLinking CXX shared library libmicroxrcedds_agent.so\x1b[0m\n'}
[18.279519] (-) TimerEvent: {}
[18.379865] (-) TimerEvent: {}
[18.394818] (micro_ros_agent) StdoutLine: {'line': b'[100%] Built target microxrcedds_agent\n'}
[18.421201] (micro_ros_agent) StdoutLine: {'line': b"\x1b[34m\x1b[1mNo install step for 'uagent'\x1b[0m\n"}
[18.445244] (micro_ros_agent) StdoutLine: {'line': b"\x1b[34m\x1b[1mCompleted 'uagent'\x1b[0m\n"}
[18.480015] (micro_ros_agent) StdoutLine: {'line': b'Built target uagent\n'}
[18.480164] (-) TimerEvent: {}
[18.507859] (micro_ros_agent) StdoutLine: {'line': b"[ 43%] \x1b[34m\x1b[1mPerforming install step for 'xrceagent'\x1b[0m\n"}
[18.555789] (micro_ros_agent) StdoutLine: {'line': b'\x1b[35m\x1b[1mConsolidate compiler generated dependencies of target microxrcedds_agent\x1b[0m\n'}
[18.580307] (-) TimerEvent: {}
[18.587764] (micro_ros_agent) StdoutLine: {'line': b'[100%] Built target microxrcedds_agent\n'}
[18.607765] (micro_ros_agent) StdoutLine: {'line': b'\x1b[36mInstall the project...\x1b[0m\n'}
[18.616376] (micro_ros_agent) StdoutLine: {'line': b'-- Install configuration: "Release"\n'}
[18.616676] (micro_ros_agent) StdoutLine: {'line': b'-- Installing: /home/kanye/Documents/visionaid/microros_ws/install/micro_ros_agent/lib/libmicroxrcedds_agent.so.2.4.2\n'}
[18.619513] (micro_ros_agent) StdoutLine: {'line': b'-- Installing: /home/kanye/Documents/visionaid/microros_ws/install/micro_ros_agent/lib/libmicroxrcedds_agent.so.2.4\n'}
[18.619719] (micro_ros_agent) StdoutLine: {'line': b'-- Set runtime path of "/home/kanye/Documents/visionaid/microros_ws/install/micro_ros_agent/lib/libmicroxrcedds_agent.so.2.4.2" to ""\n'}
[18.619825] (micro_ros_agent) StdoutLine: {'line': b'-- Installing: /home/kanye/Documents/visionaid/microros_ws/install/micro_ros_agent/lib/libmicroxrcedds_agent.so\n'}
[18.619905] (micro_ros_agent) StdoutLine: {'line': b'-- Installing: /home/kanye/Documents/visionaid/microros_ws/install/micro_ros_agent/include/uxr/agent\n'}
[18.619973] (micro_ros_agent) StdoutLine: {'line': b'-- Installing: /home/kanye/Documents/visionaid/microros_ws/install/micro_ros_agent/include/uxr/agent/participant\n'}
[18.620038] (micro_ros_agent) StdoutLine: {'line': b'-- Installing: /home/kanye/Documents/visionaid/microros_ws/install/micro_ros_agent/include/uxr/agent/participant/Participant.hpp\n'}
[18.620141] (micro_ros_agent) StdoutLine: {'line': b'-- Installing: /home/kanye/Documents/visionaid/microros_ws/install/micro_ros_agent/include/uxr/agent/visibility.hpp\n'}
[18.620217] (micro_ros_agent) StdoutLine: {'line': b'-- Installing: /home/kanye/Documents/visionaid/microros_ws/install/micro_ros_agent/include/uxr/agent/transport\n'}
[18.620326] (micro_ros_agent) StdoutLine: {'line': b'-- Installing: /home/kanye/Documents/visionaid/microros_ws/install/micro_ros_agent/include/uxr/agent/transport/tcp\n'}
[18.620393] (micro_ros_agent) StdoutLine: {'line': b'-- Installing: /home/kanye/Documents/visionaid/microros_ws/install/micro_ros_agent/include/uxr/agent/transport/tcp/TCPConnection.hpp\n'}
[18.620458] (micro_ros_agent) StdoutLine: {'line': b'-- Installing: /home/kanye/Documents/visionaid/microros_ws/install/micro_ros_agent/include/uxr/agent/transport/tcp/TCPv6AgentLinux.hpp\n'}
[18.620522] (micro_ros_agent) StdoutLine: {'line': b'-- Installing: /home/kanye/Documents/visionaid/microros_ws/install/micro_ros_agent/include/uxr/agent/transport/tcp/TCPServerBase.hpp\n'}
[18.620623] (micro_ros_agent) StdoutLine: {'line': b'-- Installing: /home/kanye/Documents/visionaid/microros_ws/install/micro_ros_agent/include/uxr/agent/transport/tcp/TCPv4AgentWindows.hpp\n'}
[18.620689] (micro_ros_agent) StdoutLine: {'line': b'-- Installing: /home/kanye/Documents/visionaid/microros_ws/install/micro_ros_agent/include/uxr/agent/transport/tcp/TCPv6AgentWindows.hpp\n'}
[18.620754] (micro_ros_agent) StdoutLine: {'line': b'-- Installing: /home/kanye/Documents/visionaid/microros_ws/install/micro_ros_agent/include/uxr/agent/transport/tcp/TCPv4AgentLinux.hpp\n'}
[18.620818] (micro_ros_agent) StdoutLine: {'line': b'-- Installing: /home/kanye/Documents/visionaid/microros_ws/install/micro_ros_agent/include/uxr/agent/transport/Server.hpp\n'}
[18.620882] (micro_ros_agent) StdoutLine: {'line': b'-- Installing: /home/kanye/Documents/visionaid/microros_ws/install/micro_ros_agent/include/uxr/agent/transport/udp\n'}
[18.620947] (micro_ros_agent) StdoutLine: {'line': b'-- Installing: /home/kanye/Documents/visionaid/microros_ws/install/micro_ros_agent/include/uxr/agent/transport/udp/UDPv6AgentWindows.hpp\n'}
[18.621012] (micro_ros_agent) StdoutLine: {'line': b'-- Installing: /home/kanye/Documents/visionaid/microros_ws/install/micro_ros_agent/include/uxr/agent/transport/udp/UDPv6AgentLinux.hpp\n'}
[18.621075] (micro_ros_agent) StdoutLine: {'line': b'-- Installing: /home/kanye/Documents/visionaid/microros_ws/install/micro_ros_agent/include/uxr/agent/transport/udp/UDPv4AgentLinux.hpp\n'}
[18.621139] (micro_ros_agent) StdoutLine: {'line': b'-- Installing: /home/kanye/Documents/visionaid/microros_ws/install/micro_ros_agent/include/uxr/agent/transport/udp/UDPv4AgentWindows.hpp\n'}
[18.621283] (micro_ros_agent) StdoutLine: {'line': b'-- Installing: /home/kanye/Documents/visionaid/microros_ws/install/micro_ros_agent/include/uxr/agent/transport/can\n'}
[18.621349] (micro_ros_agent) StdoutLine: {'line': b'-- Installing: /home/kanye/Documents/visionaid/microros_ws/install/micro_ros_agent/include/uxr/agent/transport/can/CanAgentLinux.hpp\n'}
[18.621413] (micro_ros_agent) StdoutLine: {'line': b'-- Installing: /home/kanye/Documents/visionaid/microros_ws/install/micro_ros_agent/include/uxr/agent/transport/util\n'}
[18.621502] (micro_ros_agent) StdoutLine: {'line': b'-- Installing: /home/kanye/Documents/visionaid/microros_ws/install/micro_ros_agent/include/uxr/agent/transport/util/InterfaceLinux.hpp\n'}
[18.621568] (micro_ros_agent) StdoutLine: {'line': b'-- Installing: /home/kanye/Documents/visionaid/microros_ws/install/micro_ros_agent/include/uxr/agent/transport/util/InterfaceWindows.hpp\n'}
[18.621632] (micro_ros_agent) StdoutLine: {'line': b'-- Installing: /home/kanye/Documents/visionaid/microros_ws/install/micro_ros_agent/include/uxr/agent/transport/custom\n'}
[18.621695] (micro_ros_agent) StdoutLine: {'line': b'-- Installing: /home/kanye/Documents/visionaid/microros_ws/install/micro_ros_agent/include/uxr/agent/transport/custom/CustomAgent.hpp\n'}
[18.621759] (micro_ros_agent) StdoutLine: {'line': b'-- Installing: /home/kanye/Documents/visionaid/microros_ws/install/micro_ros_agent/include/uxr/agent/transport/discovery\n'}
[18.621859] (micro_ros_agent) StdoutLine: {'line': b'-- Installing: /home/kanye/Documents/visionaid/microros_ws/install/micro_ros_agent/include/uxr/agent/transport/discovery/DiscoveryServerWindows.hpp\n'}
[18.621924] (micro_ros_agent) StdoutLine: {'line': b'-- Installing: /home/kanye/Documents/visionaid/microros_ws/install/micro_ros_agent/include/uxr/agent/transport/discovery/DiscoveryServer.hpp\n'}
[18.621989] (micro_ros_agent) StdoutLine: {'line': b'-- Installing: /home/kanye/Documents/visionaid/microros_ws/install/micro_ros_agent/include/uxr/agent/transport/discovery/DiscoveryServerLinux.hpp\n'}
[18.622052] (micro_ros_agent) StdoutLine: {'line': b'-- Installing: /home/kanye/Documents/visionaid/microros_ws/install/micro_ros_agent/include/uxr/agent/transport/serial\n'}
[18.622151] (micro_ros_agent) StdoutLine: {'line': b'-- Installing: /home/kanye/Documents/visionaid/microros_ws/install/micro_ros_agent/include/uxr/agent/transport/serial/MultiTermiosAgentLinux.hpp\n'}
[18.622240] (micro_ros_agent) StdoutLine: {'line': b'-- Installing: /home/kanye/Documents/visionaid/microros_ws/install/micro_ros_agent/include/uxr/agent/transport/serial/PseudoTerminalAgentLinux.hpp\n'}
[18.622302] (micro_ros_agent) StdoutLine: {'line': b'-- Installing: /home/kanye/Documents/visionaid/microros_ws/install/micro_ros_agent/include/uxr/agent/transport/serial/TermiosAgentLinux.hpp\n'}
[18.622365] (micro_ros_agent) StdoutLine: {'line': b'-- Installing: /home/kanye/Documents/visionaid/microros_ws/install/micro_ros_agent/include/uxr/agent/transport/serial/baud_rate_table_linux.h\n'}
[18.622429] (micro_ros_agent) StdoutLine: {'line': b'-- Installing: /home/kanye/Documents/visionaid/microros_ws/install/micro_ros_agent/include/uxr/agent/transport/serial/SerialAgentLinux.hpp\n'}
[18.622492] (micro_ros_agent) StdoutLine: {'line': b'-- Installing: /home/kanye/Documents/visionaid/microros_ws/install/micro_ros_agent/include/uxr/agent/transport/serial/MultiSerialAgentLinux.hpp\n'}
[18.622556] (micro_ros_agent) StdoutLine: {'line': b'-- Installing: /home/kanye/Documents/visionaid/microros_ws/install/micro_ros_agent/include/uxr/agent/transport/p2p\n'}
[18.622619] (micro_ros_agent) StdoutLine: {'line': b'-- Installing: /home/kanye/Documents/visionaid/microros_ws/install/micro_ros_agent/include/uxr/agent/transport/p2p/AgentDiscovererLinux.hpp\n'}
[18.622724] (micro_ros_agent) StdoutLine: {'line': b'-- Installing: /home/kanye/Documents/visionaid/microros_ws/install/micro_ros_agent/include/uxr/agent/transport/p2p/AgentDiscoverer.hpp\n'}
[18.622789] (micro_ros_agent) StdoutLine: {'line': b'-- Installing: /home/kanye/Documents/visionaid/microros_ws/install/micro_ros_agent/include/uxr/agent/transport/TransportRc.hpp\n'}
[18.622853] (micro_ros_agent) StdoutLine: {'line': b'-- Installing: /home/kanye/Documents/visionaid/microros_ws/install/micro_ros_agent/include/uxr/agent/transport/SessionManager.hpp\n'}
[18.622916] (micro_ros_agent) StdoutLine: {'line': b'-- Installing: /home/kanye/Documents/visionaid/microros_ws/install/micro_ros_agent/include/uxr/agent/transport/stream_framing\n'}
[18.622980] (micro_ros_agent) StdoutLine: {'line': b'-- Installing: /home/kanye/Documents/visionaid/microros_ws/install/micro_ros_agent/include/uxr/agent/transport/stream_framing/StreamFramingProtocol.hpp\n'}
[18.623044] (micro_ros_agent) StdoutLine: {'line': b'-- Installing: /home/kanye/Documents/visionaid/microros_ws/install/micro_ros_agent/include/uxr/agent/transport/endpoint\n'}
[18.623108] (micro_ros_agent) StdoutLine: {'line': b'-- Installing: /home/kanye/Documents/visionaid/microros_ws/install/micro_ros_agent/include/uxr/agent/transport/endpoint/MultiSerialEndPoint.hpp\n'}
[18.623274] (micro_ros_agent) StdoutLine: {'line': b'-- Installing: /home/kanye/Documents/visionaid/microros_ws/install/micro_ros_agent/include/uxr/agent/transport/endpoint/CanEndPoint.hpp\n'}
[18.623390] (micro_ros_agent) StdoutLine: {'line': b'-- Installing: /home/kanye/Documents/visionaid/microros_ws/install/micro_ros_agent/include/uxr/agent/transport/endpoint/IPv6EndPoint.hpp\n'}
[18.623435] (micro_ros_agent) StdoutLine: {'line': b'-- Installing: /home/kanye/Documents/visionaid/microros_ws/install/micro_ros_agent/include/uxr/agent/transport/endpoint/CustomEndPoint.hpp\n'}
[18.623469] (micro_ros_agent) StdoutLine: {'line': b'-- Installing: /home/kanye/Documents/visionaid/microros_ws/install/micro_ros_agent/include/uxr/agent/transport/endpoint/SerialEndPoint.hpp\n'}
[18.623533] (micro_ros_agent) StdoutLine: {'line': b'-- Installing: /home/kanye/Documents/visionaid/microros_ws/install/micro_ros_agent/include/uxr/agent/transport/endpoint/IPv4EndPoint.hpp\n'}
[18.623563] (micro_ros_agent) StdoutLine: {'line': b'-- Installing: /home/kanye/Documents/visionaid/microros_ws/install/micro_ros_agent/include/uxr/agent/object\n'}
[18.623591] (micro_ros_agent) StdoutLine: {'line': b'-- Installing: /home/kanye/Documents/visionaid/microros_ws/install/micro_ros_agent/include/uxr/agent/object/XRCEObject.hpp\n'}
[18.623625] (micro_ros_agent) StdoutLine: {'line': b'-- Installing: /home/kanye/Documents/visionaid/microros_ws/install/micro_ros_agent/include/uxr/agent/Root.hpp\n'}
[18.623655] (micro_ros_agent) StdoutLine: {'line': b'-- Installing: /home/kanye/Documents/visionaid/microros_ws/install/micro_ros_agent/include/uxr/agent/publisher\n'}
[18.623699] (micro_ros_agent) StdoutLine: {'line': b'-- Installing: /home/kanye/Documents/visionaid/microros_ws/install/micro_ros_agent/include/uxr/agent/publisher/Publisher.hpp\n'}
[18.623729] (micro_ros_agent) StdoutLine: {'line': b'-- Installing: /home/kanye/Documents/visionaid/microros_ws/install/micro_ros_agent/include/uxr/agent/message\n'}
[18.623758] (micro_ros_agent) StdoutLine: {'line': b'-- Installing: /home/kanye/Documents/visionaid/microros_ws/install/micro_ros_agent/include/uxr/agent/message/InputMessage.hpp\n'}
[18.623809] (micro_ros_agent) StdoutLine: {'line': b'-- Installing: /home/kanye/Documents/visionaid/microros_ws/install/micro_ros_agent/include/uxr/agent/message/OutputMessage.hpp\n'}
[18.623839] (micro_ros_agent) StdoutLine: {'line': b'-- Installing: /home/kanye/Documents/visionaid/microros_ws/install/micro_ros_agent/include/uxr/agent/message/Packet.hpp\n'}
[18.623868] (micro_ros_agent) StdoutLine: {'line': b'-- Installing: /home/kanye/Documents/visionaid/microros_ws/install/micro_ros_agent/include/uxr/agent/topic\n'}
[18.623898] (micro_ros_agent) StdoutLine: {'line': b'-- Installing: /home/kanye/Documents/visionaid/microros_ws/install/micro_ros_agent/include/uxr/agent/topic/Topic.hpp\n'}
[18.623928] (micro_ros_agent) StdoutLine: {'line': b'-- Installing: /home/kanye/Documents/visionaid/microros_ws/install/micro_ros_agent/include/uxr/agent/Agent.hpp\n'}
[18.623977] (micro_ros_agent) StdoutLine: {'line': b'-- Installing: /home/kanye/Documents/visionaid/microros_ws/install/micro_ros_agent/include/uxr/agent/types\n'}
[18.624037] (micro_ros_agent) StdoutLine: {'line': b'-- Installing: /home/kanye/Documents/visionaid/microros_ws/install/micro_ros_agent/include/uxr/agent/types/SubMessageHeader.hpp\n'}
[18.624066] (micro_ros_agent) StdoutLine: {'line': b'-- Installing: /home/kanye/Documents/visionaid/microros_ws/install/micro_ros_agent/include/uxr/agent/types/MessageHeader.hpp\n'}
[18.624095] (micro_ros_agent) StdoutLine: {'line': b'-- Installing: /home/kanye/Documents/visionaid/microros_ws/install/micro_ros_agent/include/uxr/agent/types/Optional.hpp\n'}
[18.624123] (micro_ros_agent) StdoutLine: {'line': b'-- Installing: /home/kanye/Documents/visionaid/microros_ws/install/micro_ros_agent/include/uxr/agent/types/TopicPubSubType.hpp\n'}
[18.624152] (micro_ros_agent) StdoutLine: {'line': b'-- Installing: /home/kanye/Documents/visionaid/microros_ws/install/micro_ros_agent/include/uxr/agent/types/XRCETypes.hpp\n'}
[18.624186] (micro_ros_agent) StdoutLine: {'line': b'-- Installing: /home/kanye/Documents/visionaid/microros_ws/install/micro_ros_agent/include/uxr/agent/datareader\n'}
[18.624214] (micro_ros_agent) StdoutLine: {'line': b'-- Installing: /home/kanye/Documents/visionaid/microros_ws/install/micro_ros_agent/include/uxr/agent/datareader/DataReader.hpp\n'}
[18.624242] (micro_ros_agent) StdoutLine: {'line': b'-- Installing: /home/kanye/Documents/visionaid/microros_ws/install/micro_ros_agent/include/uxr/agent/datawriter\n'}
[18.624270] (micro_ros_agent) StdoutLine: {'line': b'-- Installing: /home/kanye/Documents/visionaid/microros_ws/install/micro_ros_agent/include/uxr/agent/datawriter/DataWriter.hpp\n'}
[18.624298] (micro_ros_agent) StdoutLine: {'line': b'-- Installing: /home/kanye/Documents/visionaid/microros_ws/install/micro_ros_agent/include/uxr/agent/replier\n'}
[18.624326] (micro_ros_agent) StdoutLine: {'line': b'-- Installing: /home/kanye/Documents/visionaid/microros_ws/install/micro_ros_agent/include/uxr/agent/replier/Replier.hpp\n'}
[18.624353] (micro_ros_agent) StdoutLine: {'line': b'-- Installing: /home/kanye/Documents/visionaid/microros_ws/install/micro_ros_agent/include/uxr/agent/reader\n'}
[18.624397] (micro_ros_agent) StdoutLine: {'line': b'-- Installing: /home/kanye/Documents/visionaid/microros_ws/install/micro_ros_agent/include/uxr/agent/reader/Reader.hpp\n'}
[18.624425] (micro_ros_agent) StdoutLine: {'line': b'-- Installing: /home/kanye/Documents/visionaid/microros_ws/install/micro_ros_agent/include/uxr/agent/p2p\n'}
[18.624452] (micro_ros_agent) StdoutLine: {'line': b'-- Installing: /home/kanye/Documents/visionaid/microros_ws/install/micro_ros_agent/include/uxr/agent/p2p/InternalClientManager.hpp\n'}
[18.624479] (micro_ros_agent) StdoutLine: {'line': b'-- Installing: /home/kanye/Documents/visionaid/microros_ws/install/micro_ros_agent/include/uxr/agent/p2p/InternalClient.hpp\n'}
[18.624507] (micro_ros_agent) StdoutLine: {'line': b'-- Installing: /home/kanye/Documents/visionaid/microros_ws/install/micro_ros_agent/include/uxr/agent/subscriber\n'}
[18.624535] (micro_ros_agent) StdoutLine: {'line': b'-- Installing: /home/kanye/Documents/visionaid/microros_ws/install/micro_ros_agent/include/uxr/agent/subscriber/Subscriber.hpp\n'}
[18.624587] (micro_ros_agent) StdoutLine: {'line': b'-- Installing: /home/kanye/Documents/visionaid/microros_ws/install/micro_ros_agent/include/uxr/agent/logger\n'}
[18.624616] (micro_ros_agent) StdoutLine: {'line': b'-- Installing: /home/kanye/Documents/visionaid/microros_ws/install/micro_ros_agent/include/uxr/agent/logger/Logger.hpp\n'}
[18.624645] (micro_ros_agent) StdoutLine: {'line': b'-- Installing: /home/kanye/Documents/visionaid/microros_ws/install/micro_ros_agent/include/uxr/agent/AgentInstance.hpp\n'}
[18.624674] (micro_ros_agent) StdoutLine: {'line': b'-- Installing: /home/kanye/Documents/visionaid/microros_ws/install/micro_ros_agent/include/uxr/agent/processor\n'}
[18.624702] (micro_ros_agent) StdoutLine: {'line': b'-- Installing: /home/kanye/Documents/visionaid/microros_ws/install/micro_ros_agent/include/uxr/agent/processor/Processor.hpp\n'}
[18.624729] (micro_ros_agent) StdoutLine: {'line': b'-- Installing: /home/kanye/Documents/visionaid/microros_ws/install/micro_ros_agent/include/uxr/agent/scheduler\n'}
[18.624756] (micro_ros_agent) StdoutLine: {'line': b'-- Installing: /home/kanye/Documents/visionaid/microros_ws/install/micro_ros_agent/include/uxr/agent/scheduler/Scheduler.hpp\n'}
[18.624784] (micro_ros_agent) StdoutLine: {'line': b'-- Installing: /home/kanye/Documents/visionaid/microros_ws/install/micro_ros_agent/include/uxr/agent/scheduler/PacketScheduler.hpp\n'}
[18.624812] (micro_ros_agent) StdoutLine: {'line': b'-- Installing: /home/kanye/Documents/visionaid/microros_ws/install/micro_ros_agent/include/uxr/agent/utils\n'}
[18.624839] (micro_ros_agent) StdoutLine: {'line': b'-- Installing: /home/kanye/Documents/visionaid/microros_ws/install/micro_ros_agent/include/uxr/agent/utils/Color.hpp\n'}
[18.624867] (micro_ros_agent) StdoutLine: {'line': b'-- Installing: /home/kanye/Documents/visionaid/microros_ws/install/micro_ros_agent/include/uxr/agent/utils/TokenBucket.hpp\n'}
[18.624926] (micro_ros_agent) StdoutLine: {'line': b'-- Installing: /home/kanye/Documents/visionaid/microros_ws/install/micro_ros_agent/include/uxr/agent/utils/Conversion.hpp\n'}
[18.624952] (micro_ros_agent) StdoutLine: {'line': b'-- Installing: /home/kanye/Documents/visionaid/microros_ws/install/micro_ros_agent/include/uxr/agent/utils/SharedMutex.hpp\n'}
[18.624977] (micro_ros_agent) StdoutLine: {'line': b'-- Installing: /home/kanye/Documents/visionaid/microros_ws/install/micro_ros_agent/include/uxr/agent/utils/Functions.hpp\n'}
[18.625002] (micro_ros_agent) StdoutLine: {'line': b'-- Installing: /home/kanye/Documents/visionaid/microros_ws/install/micro_ros_agent/include/uxr/agent/utils/ArgumentParser.hpp\n'}
[18.625028] (micro_ros_agent) StdoutLine: {'line': b'-- Installing: /home/kanye/Documents/visionaid/microros_ws/install/micro_ros_agent/include/uxr/agent/utils/SeqNum.hpp\n'}
[18.625053] (micro_ros_agent) StdoutLine: {'line': b'-- Installing: /home/kanye/Documents/visionaid/microros_ws/install/micro_ros_agent/include/uxr/agent/utils/SharedMutexPriority.hpp\n'}
[18.625083] (micro_ros_agent) StdoutLine: {'line': b'-- Installing: /home/kanye/Documents/visionaid/microros_ws/install/micro_ros_agent/include/uxr/agent/utils/Time.hpp\n'}
[18.625109] (micro_ros_agent) StdoutLine: {'line': b'-- Installing: /home/kanye/Documents/visionaid/microros_ws/install/micro_ros_agent/include/uxr/agent/middleware\n'}
[18.625135] (micro_ros_agent) StdoutLine: {'line': b'-- Installing: /home/kanye/Documents/visionaid/microros_ws/install/micro_ros_agent/include/uxr/agent/middleware/fastdds\n'}
[18.625163] (micro_ros_agent) StdoutLine: {'line': b'-- Installing: /home/kanye/Documents/visionaid/microros_ws/install/micro_ros_agent/include/uxr/agent/middleware/fastdds/FastDDSEntities.hpp\n'}
[18.625191] (micro_ros_agent) StdoutLine: {'line': b'-- Installing: /home/kanye/Documents/visionaid/microros_ws/install/micro_ros_agent/include/uxr/agent/middleware/fastdds/FastDDSMiddleware.hpp\n'}
[18.625226] (micro_ros_agent) StdoutLine: {'line': b'-- Installing: /home/kanye/Documents/visionaid/microros_ws/install/micro_ros_agent/include/uxr/agent/middleware/Middleware.hpp\n'}
[18.625263] (micro_ros_agent) StdoutLine: {'line': b'-- Installing: /home/kanye/Documents/visionaid/microros_ws/install/micro_ros_agent/include/uxr/agent/middleware/fast\n'}
[18.625305] (micro_ros_agent) StdoutLine: {'line': b'-- Installing: /home/kanye/Documents/visionaid/microros_ws/install/micro_ros_agent/include/uxr/agent/middleware/fast/FastEntities.hpp\n'}
[18.625343] (micro_ros_agent) StdoutLine: {'line': b'-- Installing: /home/kanye/Documents/visionaid/microros_ws/install/micro_ros_agent/include/uxr/agent/middleware/fast/FastMiddleware.hpp\n'}
[18.625369] (micro_ros_agent) StdoutLine: {'line': b'-- Installing: /home/kanye/Documents/visionaid/microros_ws/install/micro_ros_agent/include/uxr/agent/middleware/ced\n'}
[18.625395] (micro_ros_agent) StdoutLine: {'line': b'-- Installing: /home/kanye/Documents/visionaid/microros_ws/install/micro_ros_agent/include/uxr/agent/middleware/ced/CedMiddleware.hpp\n'}
[18.625420] (micro_ros_agent) StdoutLine: {'line': b'-- Installing: /home/kanye/Documents/visionaid/microros_ws/install/micro_ros_agent/include/uxr/agent/middleware/ced/CedEntities.hpp\n'}
[18.625448] (micro_ros_agent) StdoutLine: {'line': b'-- Installing: /home/kanye/Documents/visionaid/microros_ws/install/micro_ros_agent/include/uxr/agent/middleware/utils\n'}
[18.625487] (micro_ros_agent) StdoutLine: {'line': b'-- Installing: /home/kanye/Documents/visionaid/microros_ws/install/micro_ros_agent/include/uxr/agent/middleware/utils/Callbacks.hpp\n'}
[18.625520] (micro_ros_agent) StdoutLine: {'line': b'-- Installing: /home/kanye/Documents/visionaid/microros_ws/install/micro_ros_agent/include/uxr/agent/client\n'}
[18.625547] (micro_ros_agent) StdoutLine: {'line': b'-- Installing: /home/kanye/Documents/visionaid/microros_ws/install/micro_ros_agent/include/uxr/agent/client/session\n'}
[18.625573] (micro_ros_agent) StdoutLine: {'line': b'-- Installing: /home/kanye/Documents/visionaid/microros_ws/install/micro_ros_agent/include/uxr/agent/client/session/Session.hpp\n'}
[18.625599] (micro_ros_agent) StdoutLine: {'line': b'-- Installing: /home/kanye/Documents/visionaid/microros_ws/install/micro_ros_agent/include/uxr/agent/client/session/stream\n'}
[18.625626] (micro_ros_agent) StdoutLine: {'line': b'-- Installing: /home/kanye/Documents/visionaid/microros_ws/install/micro_ros_agent/include/uxr/agent/client/session/stream/InputStream.hpp\n'}
[18.625650] (micro_ros_agent) StdoutLine: {'line': b'-- Installing: /home/kanye/Documents/visionaid/microros_ws/install/micro_ros_agent/include/uxr/agent/client/session/stream/OutputStream.hpp\n'}
[18.625675] (micro_ros_agent) StdoutLine: {'line': b'-- Installing: /home/kanye/Documents/visionaid/microros_ws/install/micro_ros_agent/include/uxr/agent/client/session/SessionInfo.hpp\n'}
[18.625700] (micro_ros_agent) StdoutLine: {'line': b'-- Installing: /home/kanye/Documents/visionaid/microros_ws/install/micro_ros_agent/include/uxr/agent/client/ProxyClient.hpp\n'}
[18.625725] (micro_ros_agent) StdoutLine: {'line': b'-- Installing: /home/kanye/Documents/visionaid/microros_ws/install/micro_ros_agent/include/uxr/agent/requester\n'}
[18.625752] (micro_ros_agent) StdoutLine: {'line': b'-- Installing: /home/kanye/Documents/visionaid/microros_ws/install/micro_ros_agent/include/uxr/agent/requester/Requester.hpp\n'}
[18.625777] (micro_ros_agent) StdoutLine: {'line': b'-- Installing: /home/kanye/Documents/visionaid/microros_ws/install/micro_ros_agent/share/microxrcedds_agent/cmake/microxrcedds_agentTargets.cmake\n'}
[18.625802] (micro_ros_agent) StdoutLine: {'line': b'-- Installing: /home/kanye/Documents/visionaid/microros_ws/install/micro_ros_agent/share/microxrcedds_agent/cmake/microxrcedds_agentTargets-release.cmake\n'}
[18.625828] (micro_ros_agent) StdoutLine: {'line': b'-- Installing: /home/kanye/Documents/visionaid/microros_ws/install/micro_ros_agent/include/uxr/agent/config.hpp\n'}
[18.625853] (micro_ros_agent) StdoutLine: {'line': b'-- Installing: /home/kanye/Documents/visionaid/microros_ws/install/micro_ros_agent/share/microxrcedds_agent/LICENSE\n'}
[18.625877] (micro_ros_agent) StdoutLine: {'line': b'-- Installing: /home/kanye/Documents/visionaid/microros_ws/install/micro_ros_agent/share/microxrcedds_agent/cmake/microxrcedds_agentConfig.cmake\n'}
[18.625901] (micro_ros_agent) StdoutLine: {'line': b'-- Installing: /home/kanye/Documents/visionaid/microros_ws/install/micro_ros_agent/share/microxrcedds_agent/cmake/microxrcedds_agentConfigVersion.cmake\n'}
[18.637371] (micro_ros_agent) StdoutLine: {'line': b"[ 50%] \x1b[34m\x1b[1mCompleted 'xrceagent'\x1b[0m\n"}
[18.665979] (micro_ros_agent) StdoutLine: {'line': b'[ 50%] Built target xrceagent\n'}
[18.680506] (-) TimerEvent: {}
[18.688878] (micro_ros_agent) StdoutLine: {'line': b"[ 56%] \x1b[34m\x1b[1mCreating directories for 'micro_ros_agent'\x1b[0m\n"}
[18.757232] (micro_ros_agent) StdoutLine: {'line': b"[ 62%] \x1b[34m\x1b[1mNo download step for 'micro_ros_agent'\x1b[0m\n"}
[18.780778] (-) TimerEvent: {}
[18.780966] (micro_ros_agent) StdoutLine: {'line': b"[ 68%] \x1b[34m\x1b[1mNo update step for 'micro_ros_agent'\x1b[0m\n"}
[18.806558] (micro_ros_agent) StdoutLine: {'line': b"[ 75%] \x1b[34m\x1b[1mNo patch step for 'micro_ros_agent'\x1b[0m\n"}
[18.830622] (micro_ros_agent) StdoutLine: {'line': b"[ 81%] \x1b[34m\x1b[1mPerforming configure step for 'micro_ros_agent'\x1b[0m\n"}
[18.840019] (micro_ros_agent) StdoutLine: {'line': b'loading initial cache file /home/kanye/Documents/visionaid/microros_ws/build/micro_ros_agent/micro_ros_agent-prefix/tmp/micro_ros_agent-cache-.cmake\n'}
[18.845478] (micro_ros_agent) StdoutLine: {'line': b'-- Found ament_cmake: 1.3.11 (/opt/ros/humble/share/ament_cmake/cmake)\n'}
[18.880965] (-) TimerEvent: {}
[18.975914] (micro_ros_agent) StdoutLine: {'line': b'-- Found Python3: /usr/bin/python3 (found version "3.10.12") found components: Interpreter \n'}
[18.981126] (-) TimerEvent: {}
[19.081496] (-) TimerEvent: {}
[19.118431] (micro_ros_agent) StdoutLine: {'line': b'-- Found OpenSSL: /usr/lib/x86_64-linux-gnu/libcrypto.so (found version "3.0.2")  \n'}
[19.123140] (micro_ros_agent) StdoutLine: {'line': b'-- Looking for C++ include pthread.h\n'}
[19.181682] (-) TimerEvent: {}
[19.216207] (micro_ros_agent) StdoutLine: {'line': b'-- Looking for C++ include pthread.h - found\n'}
[19.216371] (micro_ros_agent) StdoutLine: {'line': b'-- Performing Test CMAKE_HAVE_LIBC_PTHREAD\n'}
[19.281805] (-) TimerEvent: {}
[19.306587] (micro_ros_agent) StdoutLine: {'line': b'-- Performing Test CMAKE_HAVE_LIBC_PTHREAD - Success\n'}
[19.307887] (micro_ros_agent) StdoutLine: {'line': b'-- Found Threads: TRUE  \n'}
[19.312269] (micro_ros_agent) StdoutLine: {'line': b'-- Found rosidl_cmake: 3.1.6 (/opt/ros/humble/share/rosidl_cmake/cmake)\n'}
[19.313405] (micro_ros_agent) StdoutLine: {'line': b'-- Found rosidl_adapter: 3.1.6 (/opt/ros/humble/share/rosidl_adapter/cmake)\n'}
[19.327479] (micro_ros_agent) StdoutLine: {'line': b'-- Found fastrtps_cmake_module: 2.2.2 (/opt/ros/humble/share/fastrtps_cmake_module/cmake)\n'}
[19.329129] (micro_ros_agent) StdoutLine: {'line': b'-- Found rmw_dds_common: 1.6.0 (/opt/ros/humble/share/rmw_dds_common/cmake)\n'}
[19.355387] (micro_ros_agent) StdoutLine: {'line': b'-- Found rosidl_generator_c: 3.1.6 (/opt/ros/humble/share/rosidl_generator_c/cmake)\n'}
[19.361183] (micro_ros_agent) StdoutLine: {'line': b'-- Found rosidl_generator_cpp: 3.1.6 (/opt/ros/humble/share/rosidl_generator_cpp/cmake)\n'}
[19.366396] (micro_ros_agent) StdoutLine: {'line': b'-- Using all available rosidl_typesupport_c: rosidl_typesupport_fastrtps_c;rosidl_typesupport_introspection_c\n'}
[19.374384] (micro_ros_agent) StdoutLine: {'line': b'-- Using all available rosidl_typesupport_cpp: rosidl_typesupport_fastrtps_cpp;rosidl_typesupport_introspection_cpp\n'}
[19.381942] (-) TimerEvent: {}
[19.387066] (micro_ros_agent) StdoutLine: {'line': b'-- Found rmw_fastrtps_shared_cpp: 6.2.7 (/opt/ros/humble/share/rmw_fastrtps_shared_cpp/cmake)\n'}
[19.425690] (micro_ros_agent) StdoutLine: {'line': b'-- Found FastRTPS: /opt/ros/humble/include  \n'}
[19.427065] (micro_ros_agent) StdoutLine: {'line': b'-- Found ament_lint_auto: 0.12.12 (/opt/ros/humble/share/ament_lint_auto/cmake)\n'}
[19.429096] (micro_ros_agent) StdoutLine: {'line': b'-- Found ament_cmake_gtest: 1.3.11 (/opt/ros/humble/share/ament_cmake_gtest/cmake)\n'}
[19.429580] (micro_ros_agent) StdoutLine: {'line': b'-- Found micro_ros_msgs: 3.0.1 (/home/kanye/Documents/visionaid/microros_ws/install/micro_ros_msgs/share/micro_ros_msgs/cmake)\n'}
[19.482106] (-) TimerEvent: {}
[19.484902] (micro_ros_agent) StdoutLine: {'line': b'-- Configuring done\n'}
[19.489486] (micro_ros_agent) StdoutLine: {'line': b'-- Generating done\n'}
[19.491461] (micro_ros_agent) StdoutLine: {'line': b'-- Build files have been written to: /home/kanye/Documents/visionaid/microros_ws/build/micro_ros_agent\n'}
[19.511497] (micro_ros_agent) StdoutLine: {'line': b"[ 87%] \x1b[34m\x1b[1mPerforming build step for 'micro_ros_agent'\x1b[0m\n"}
[19.557748] (micro_ros_agent) StdoutLine: {'line': b'[ 33%] \x1b[32mBuilding CXX object CMakeFiles/micro_ros_agent.dir/src/main.cpp.o\x1b[0m\n'}
[19.557871] (micro_ros_agent) StdoutLine: {'line': b'[ 33%] \x1b[32mBuilding CXX object CMakeFiles/micro_ros_agent.dir/src/agent/Agent.cpp.o\x1b[0m\n'}
[19.558410] (micro_ros_agent) StdoutLine: {'line': b'[ 66%] \x1b[32mBuilding CXX object CMakeFiles/micro_ros_agent.dir/src/agent/graph_manager/graph_manager.cpp.o\x1b[0m\n'}
[19.558494] (micro_ros_agent) StdoutLine: {'line': b'[ 66%] \x1b[32mBuilding CXX object CMakeFiles/micro_ros_agent.dir/src/agent/graph_manager/graph_typesupport.cpp.o\x1b[0m\n'}
[19.558671] (micro_ros_agent) StdoutLine: {'line': b'[ 83%] \x1b[32mBuilding CXX object CMakeFiles/micro_ros_agent.dir/src/agent/utils/demangle.cpp.o\x1b[0m\n'}
[19.582331] (-) TimerEvent: {}
[19.682573] (-) TimerEvent: {}
[19.782850] (-) TimerEvent: {}
[19.883121] (-) TimerEvent: {}
[19.983398] (-) TimerEvent: {}
[20.083668] (-) TimerEvent: {}
[20.183943] (-) TimerEvent: {}
[20.284364] (-) TimerEvent: {}
[20.384759] (-) TimerEvent: {}
[20.485169] (-) TimerEvent: {}
[20.585503] (-) TimerEvent: {}
[20.685907] (-) TimerEvent: {}
[20.786315] (-) TimerEvent: {}
[20.886720] (-) TimerEvent: {}
[20.987095] (-) TimerEvent: {}
[21.087488] (-) TimerEvent: {}
[21.187874] (-) TimerEvent: {}
[21.288256] (-) TimerEvent: {}
[21.388617] (-) TimerEvent: {}
[21.488991] (-) TimerEvent: {}
[21.589392] (-) TimerEvent: {}
[21.636453] (micro_ros_agent) StdoutLine: {'line': b'[100%] \x1b[32m\x1b[1mLinking CXX executable micro_ros_agent\x1b[0m\n'}
[21.689597] (-) TimerEvent: {}
[21.789975] (-) TimerEvent: {}
[21.844038] (micro_ros_agent) StdoutLine: {'line': b'[100%] Built target micro_ros_agent\n'}
[21.867897] (micro_ros_agent) StdoutLine: {'line': b"\x1b[34m\x1b[1mNo install step for 'micro_ros_agent'\x1b[0m\n"}
[21.890124] (-) TimerEvent: {}
[21.894874] (micro_ros_agent) StdoutLine: {'line': b"\x1b[34m\x1b[1mCompleted 'micro_ros_agent'\x1b[0m\n"}
[21.928376] (micro_ros_agent) StdoutLine: {'line': b'Built target micro_ros_agent\n'}
[21.940829] (micro_ros_agent) CommandEnded: {'returncode': 0}
[21.941610] (micro_ros_agent) JobProgress: {'identifier': 'micro_ros_agent', 'progress': 'install'}
[21.942735] (micro_ros_agent) Command: {'cmd': ['/usr/bin/cmake', '--install', '/home/kanye/Documents/visionaid/microros_ws/build/micro_ros_agent'], 'cwd': '/home/kanye/Documents/visionaid/microros_ws/build/micro_ros_agent', 'env': OrderedDict([('LESSOPEN', '| /usr/bin/lesspipe %s'), ('USER', 'kanye'), ('LC_TIME', 'lzh_TW'), ('XDG_SESSION_TYPE', 'wayland'), ('SHLVL', '2'), ('LD_LIBRARY_PATH', '/home/kanye/Documents/visionaid/microros_ws/install/micro_ros_msgs/lib:/home/kanye/Documents/visionaid/microros_ws/install/builtin_interfaces/lib:/opt/ros/humble/opt/rviz_ogre_vendor/lib:/opt/ros/humble/lib/x86_64-linux-gnu:/opt/ros/humble/lib'), ('HOME', '/home/kanye'), ('OLDPWD', '/home/kanye/Documents/visionaid'), ('DESKTOP_SESSION', 'ubuntu'), ('ROS_PYTHON_VERSION', '3'), ('GNOME_SHELL_SESSION_MODE', 'ubuntu'), ('GTK_MODULES', 'gail:atk-bridge'), ('LC_MONETARY', 'lzh_TW'), ('SYSTEMD_EXEC_PID', '2284'), ('DBUS_SESSION_BUS_ADDRESS', 'unix:path=/run/user/1000/bus'), ('COLORTERM', 'truecolor'), ('IM_CONFIG_PHASE', '1'), ('WAYLAND_DISPLAY', 'wayland-0'), ('COLCON_PREFIX_PATH', '/home/kanye/Documents/visionaid/microros_ws/install'), ('ROS_DISTRO', 'humble'), ('LOGNAME', 'kanye'), ('_', '/usr/bin/colcon'), ('ROS_VERSION', '2'), ('XDG_SESSION_CLASS', 'user'), ('USERNAME', 'kanye'), ('TERM', 'xterm-256color'), ('GNOME_DESKTOP_SESSION_ID', 'this-is-deprecated'), ('ROS_LOCALHOST_ONLY', '0'), ('PATH', '/opt/ros/humble/bin:/home/kanye/.local/bin:/usr/local/sbin:/usr/local/bin:/usr/sbin:/usr/bin:/sbin:/bin:/usr/games:/usr/local/games:/snap/bin:/snap/bin'), ('SESSION_MANAGER', 'local/kanye-Ubuntu16:@/tmp/.ICE-unix/2254,unix/kanye-Ubuntu16:/tmp/.ICE-unix/2254'), ('XDG_MENU_PREFIX', 'gnome-'), ('LC_ADDRESS', 'lzh_TW'), ('GNOME_TERMINAL_SCREEN', '/org/gnome/Terminal/screen/bc25f51e_b569_4d46_8345_b17f9195c3b2'), ('GNOME_SETUP_DISPLAY', ':1'), ('XDG_RUNTIME_DIR', '/run/user/1000'), ('DISPLAY', ':0'), ('LANG', 'en_US.UTF-8'), ('XDG_CURRENT_DESKTOP', 'ubuntu:GNOME'), ('LC_TELEPHONE', 'lzh_TW'), ('XMODIFIERS', '@im=ibus'), ('XDG_SESSION_DESKTOP', 'ubuntu'), ('XAUTHORITY', '/run/user/1000/.mutter-Xwaylandauth.Y40N82'), ('LS_COLORS', 'rs=0:di=01;34:ln=01;36:mh=00:pi=40;33:so=01;35:do=01;35:bd=40;33;01:cd=40;33;01:or=40;31;01:mi=00:su=37;41:sg=30;43:ca=30;41:tw=30;42:ow=34;42:st=37;44:ex=01;32:*.tar=01;31:*.tgz=01;31:*.arc=01;31:*.arj=01;31:*.taz=01;31:*.lha=01;31:*.lz4=01;31:*.lzh=01;31:*.lzma=01;31:*.tlz=01;31:*.txz=01;31:*.tzo=01;31:*.t7z=01;31:*.zip=01;31:*.z=01;31:*.dz=01;31:*.gz=01;31:*.lrz=01;31:*.lz=01;31:*.lzo=01;31:*.xz=01;31:*.zst=01;31:*.tzst=01;31:*.bz2=01;31:*.bz=01;31:*.tbz=01;31:*.tbz2=01;31:*.tz=01;31:*.deb=01;31:*.rpm=01;31:*.jar=01;31:*.war=01;31:*.ear=01;31:*.sar=01;31:*.rar=01;31:*.alz=01;31:*.ace=01;31:*.zoo=01;31:*.cpio=01;31:*.7z=01;31:*.rz=01;31:*.cab=01;31:*.wim=01;31:*.swm=01;31:*.dwm=01;31:*.esd=01;31:*.jpg=01;35:*.jpeg=01;35:*.mjpg=01;35:*.mjpeg=01;35:*.gif=01;35:*.bmp=01;35:*.pbm=01;35:*.pgm=01;35:*.ppm=01;35:*.tga=01;35:*.xbm=01;35:*.xpm=01;35:*.tif=01;35:*.tiff=01;35:*.png=01;35:*.svg=01;35:*.svgz=01;35:*.mng=01;35:*.pcx=01;35:*.mov=01;35:*.mpg=01;35:*.mpeg=01;35:*.m2v=01;35:*.mkv=01;35:*.webm=01;35:*.webp=01;35:*.ogm=01;35:*.mp4=01;35:*.m4v=01;35:*.mp4v=01;35:*.vob=01;35:*.qt=01;35:*.nuv=01;35:*.wmv=01;35:*.asf=01;35:*.rm=01;35:*.rmvb=01;35:*.flc=01;35:*.avi=01;35:*.fli=01;35:*.flv=01;35:*.gl=01;35:*.dl=01;35:*.xcf=01;35:*.xwd=01;35:*.yuv=01;35:*.cgm=01;35:*.emf=01;35:*.ogv=01;35:*.ogx=01;35:*.aac=00;36:*.au=00;36:*.flac=00;36:*.m4a=00;36:*.mid=00;36:*.midi=00;36:*.mka=00;36:*.mp3=00;36:*.mpc=00;36:*.ogg=00;36:*.ra=00;36:*.wav=00;36:*.oga=00;36:*.opus=00;36:*.spx=00;36:*.xspf=00;36:'), ('GNOME_TERMINAL_SERVICE', ':1.148'), ('SSH_AGENT_LAUNCHER', 'gnome-keyring'), ('SSH_AUTH_SOCK', '/run/user/1000/keyring/ssh'), ('AMENT_PREFIX_PATH', '/home/kanye/Documents/visionaid/microros_ws/install/micro_ros_msgs:/home/kanye/Documents/visionaid/microros_ws/install/builtin_interfaces:/home/kanye/Documents/visionaid/microros_ws/install/micro_ros_setup:/opt/ros/humble'), ('SHELL', '/bin/bash'), ('LC_NAME', 'lzh_TW'), ('QT_ACCESSIBILITY', '1'), ('GDMSESSION', 'ubuntu'), ('LESSCLOSE', '/usr/bin/lesspipe %s %s'), ('LC_MEASUREMENT', 'lzh_TW'), ('LC_IDENTIFICATION', 'lzh_TW'), ('QT_IM_MODULE', 'ibus'), ('PWD', '/home/kanye/Documents/visionaid/microros_ws/build/micro_ros_agent'), ('XDG_CONFIG_DIRS', '/etc/xdg/xdg-ubuntu:/etc/xdg'), ('XDG_DATA_DIRS', '/usr/share/ubuntu:/usr/local/share/:/usr/share/:/var/lib/snapd/desktop'), ('PYTHONPATH', '/home/kanye/Documents/visionaid/microros_ws/install/micro_ros_msgs/local/lib/python3.10/dist-packages:/home/kanye/Documents/visionaid/microros_ws/install/builtin_interfaces/local/lib/python3.10/dist-packages:/opt/ros/humble/lib/python3.10/site-packages:/opt/ros/humble/local/lib/python3.10/dist-packages'), ('LC_NUMERIC', 'lzh_TW'), ('LC_PAPER', 'lzh_TW'), ('COLCON', '1'), ('VTE_VERSION', '6800'), ('CMAKE_PREFIX_PATH', '/home/kanye/Documents/visionaid/microros_ws/install/micro_ros_msgs:/home/kanye/Documents/visionaid/microros_ws/install/builtin_interfaces:/home/kanye/Documents/visionaid/microros_ws/install/micro_ros_setup:/opt/ros/humble')]), 'shell': False}
[21.950374] (micro_ros_agent) StdoutLine: {'line': b'-- Install configuration: ""\n'}
[21.950458] (micro_ros_agent) StdoutLine: {'line': b'-- Installing: /home/kanye/Documents/visionaid/microros_ws/install/micro_ros_agent/share/ament_index/resource_index/package_run_dependencies/micro_ros_agent\n'}
[21.950589] (micro_ros_agent) StdoutLine: {'line': b'-- Installing: /home/kanye/Documents/visionaid/microros_ws/install/micro_ros_agent/share/ament_index/resource_index/parent_prefix_path/micro_ros_agent\n'}
[21.950714] (micro_ros_agent) StdoutLine: {'line': b'-- Installing: /home/kanye/Documents/visionaid/microros_ws/install/micro_ros_agent/share/micro_ros_agent/environment/ament_prefix_path.sh\n'}
[21.950811] (micro_ros_agent) StdoutLine: {'line': b'-- Installing: /home/kanye/Documents/visionaid/microros_ws/install/micro_ros_agent/share/micro_ros_agent/environment/ament_prefix_path.dsv\n'}
[21.950896] (micro_ros_agent) StdoutLine: {'line': b'-- Installing: /home/kanye/Documents/visionaid/microros_ws/install/micro_ros_agent/share/micro_ros_agent/environment/path.sh\n'}
[21.950971] (micro_ros_agent) StdoutLine: {'line': b'-- Installing: /home/kanye/Documents/visionaid/microros_ws/install/micro_ros_agent/share/micro_ros_agent/environment/path.dsv\n'}
[21.951044] (micro_ros_agent) StdoutLine: {'line': b'-- Installing: /home/kanye/Documents/visionaid/microros_ws/install/micro_ros_agent/share/micro_ros_agent/local_setup.bash\n'}
[21.951117] (micro_ros_agent) StdoutLine: {'line': b'-- Installing: /home/kanye/Documents/visionaid/microros_ws/install/micro_ros_agent/share/micro_ros_agent/local_setup.sh\n'}
[21.951206] (micro_ros_agent) StdoutLine: {'line': b'-- Installing: /home/kanye/Documents/visionaid/microros_ws/install/micro_ros_agent/share/micro_ros_agent/local_setup.zsh\n'}
[21.951374] (micro_ros_agent) StdoutLine: {'line': b'-- Installing: /home/kanye/Documents/visionaid/microros_ws/install/micro_ros_agent/share/micro_ros_agent/local_setup.dsv\n'}
[21.951437] (micro_ros_agent) StdoutLine: {'line': b'-- Installing: /home/kanye/Documents/visionaid/microros_ws/install/micro_ros_agent/share/micro_ros_agent/package.dsv\n'}
[21.951469] (micro_ros_agent) StdoutLine: {'line': b'-- Installing: /home/kanye/Documents/visionaid/microros_ws/install/micro_ros_agent/share/ament_index/resource_index/packages/micro_ros_agent\n'}
[21.951514] (micro_ros_agent) StdoutLine: {'line': b'-- Installing: /home/kanye/Documents/visionaid/microros_ws/install/micro_ros_agent/share/micro_ros_agent/cmake/ament_cmake_export_dependencies-extras.cmake\n'}
[21.951561] (micro_ros_agent) StdoutLine: {'line': b'-- Installing: /home/kanye/Documents/visionaid/microros_ws/install/micro_ros_agent/share/micro_ros_agent/cmake/micro_ros_agentConfig.cmake\n'}
[21.951605] (micro_ros_agent) StdoutLine: {'line': b'-- Installing: /home/kanye/Documents/visionaid/microros_ws/install/micro_ros_agent/share/micro_ros_agent/cmake/micro_ros_agentConfig-version.cmake\n'}
[21.951661] (micro_ros_agent) StdoutLine: {'line': b'-- Installing: /home/kanye/Documents/visionaid/microros_ws/install/micro_ros_agent/share/micro_ros_agent/package.xml\n'}
[21.951707] (micro_ros_agent) StdoutLine: {'line': b'-- Installing: /home/kanye/Documents/visionaid/microros_ws/install/micro_ros_agent/lib/micro_ros_agent/micro_ros_agent\n'}
[21.952407] (micro_ros_agent) StdoutLine: {'line': b'-- Set runtime path of "/home/kanye/Documents/visionaid/microros_ws/install/micro_ros_agent/lib/micro_ros_agent/micro_ros_agent" to ""\n'}
[21.952556] (micro_ros_agent) StdoutLine: {'line': b'-- Installing: /home/kanye/Documents/visionaid/microros_ws/install/micro_ros_agent/share/micro_ros_agent/launch\n'}
[21.952616] (micro_ros_agent) StdoutLine: {'line': b'-- Installing: /home/kanye/Documents/visionaid/microros_ws/install/micro_ros_agent/share/micro_ros_agent/launch/micro_ros_agent_launch.py\n'}
[21.954849] (micro_ros_agent) CommandEnded: {'returncode': 0}
[21.968540] (micro_ros_agent) JobEnded: {'identifier': 'micro_ros_agent', 'rc': 0}
[21.969315] (-) EventReactorShutdown: {}
