[0.076s] DEBUG:colcon:Command line arguments: ['/usr/bin/colcon', 'build', '--packages-up-to', 'micro_ros_agent', '--cmake-args', '-DUAGENT_BUILD_EXECUTABLE=OFF', '-DUAGENT_P2P_PROFILE=OFF', '--no-warn-unused-cli']
[0.076s] DEBUG:colcon:Parsed command line arguments: Namespace(log_base=None, log_level=None, verb_name='build', build_base='build', install_base='install', merge_install=False, symlink_install=False, test_result_base=None, continue_on_error=False, executor='parallel', parallel_workers=28, event_handlers=None, ignore_user_meta=False, metas=['./colcon.meta'], base_paths=['.'], packages_ignore=None, packages_ignore_regex=None, paths=None, packages_up_to=['micro_ros_agent'], packages_up_to_regex=None, packages_above=None, packages_above_and_dependencies=None, packages_above_depth=None, packages_select_by_dep=None, packages_skip_by_dep=None, packages_skip_up_to=None, packages_select_build_failed=False, packages_skip_build_finished=False, packages_select_test_failures=False, packages_skip_test_passed=False, packages_select=None, packages_skip=None, packages_select_regex=None, packages_skip_regex=None, packages_start=None, packages_end=None, allow_overriding=[], cmake_args=['-DUAGENT_BUILD_EXECUTABLE=OFF', '-DUAGENT_P2P_PROFILE=OFF', '--no-warn-unused-cli'], cmake_target=None, cmake_target_skip_unavailable=False, cmake_clean_cache=False, cmake_clean_first=False, cmake_force_configure=False, ament_cmake_args=None, catkin_cmake_args=None, catkin_skip_building_tests=False, verb_parser=<colcon_defaults.argument_parser.defaults.DefaultArgumentsDecorator object at 0x79e69135c190>, verb_extension=<colcon_core.verb.build.BuildVerb object at 0x79e691489600>, main=<bound method BuildVerb.main of <colcon_core.verb.build.BuildVerb object at 0x79e691489600>>)
[0.205s] Level 1:colcon.colcon_core.package_discovery:discover_packages(colcon_meta) check parameters
[0.205s] Level 1:colcon.colcon_core.package_discovery:discover_packages(recursive) check parameters
[0.205s] Level 1:colcon.colcon_core.package_discovery:discover_packages(ignore) check parameters
[0.205s] Level 1:colcon.colcon_core.package_discovery:discover_packages(path) check parameters
[0.206s] Level 1:colcon.colcon_core.package_discovery:discover_packages(colcon_meta) discover
[0.206s] Level 1:colcon.colcon_core.package_discovery:discover_packages(recursive) discover
[0.206s] INFO:colcon.colcon_core.package_discovery:Crawling recursively for packages in '/home/kanye/Documents/visionaid/microros_ws'
[0.206s] Level 1:colcon.colcon_core.package_identification:_identify(.) by extensions ['ignore', 'ignore_ament_install']
[0.206s] Level 1:colcon.colcon_core.package_identification:_identify(.) by extension 'ignore'
[0.206s] Level 1:colcon.colcon_core.package_identification:_identify(.) by extension 'ignore_ament_install'
[0.206s] Level 1:colcon.colcon_core.package_identification:_identify(.) by extensions ['colcon_pkg']
[0.206s] Level 1:colcon.colcon_core.package_identification:_identify(.) by extension 'colcon_pkg'
[0.206s] Level 1:colcon.colcon_core.package_identification:_identify(.) by extensions ['colcon_meta']
[0.206s] Level 1:colcon.colcon_core.package_identification:_identify(.) by extension 'colcon_meta'
[0.206s] Level 1:colcon.colcon_core.package_identification:_identify(.) by extensions ['ros']
[0.206s] Level 1:colcon.colcon_core.package_identification:_identify(.) by extension 'ros'
[0.220s] Level 1:colcon.colcon_core.package_identification:_identify(.) by extensions ['cmake', 'python']
[0.220s] Level 1:colcon.colcon_core.package_identification:_identify(.) by extension 'cmake'
[0.220s] Level 1:colcon.colcon_core.package_identification:_identify(.) by extension 'python'
[0.220s] Level 1:colcon.colcon_core.package_identification:_identify(.) by extensions ['python_setup_py']
[0.220s] Level 1:colcon.colcon_core.package_identification:_identify(.) by extension 'python_setup_py'
[0.220s] Level 1:colcon.colcon_core.package_identification:_identify(build) by extensions ['ignore', 'ignore_ament_install']
[0.220s] Level 1:colcon.colcon_core.package_identification:_identify(build) by extension 'ignore'
[0.220s] Level 1:colcon.colcon_core.package_identification:_identify(build) ignored
[0.220s] Level 1:colcon.colcon_core.package_identification:_identify(install) by extensions ['ignore', 'ignore_ament_install']
[0.221s] Level 1:colcon.colcon_core.package_identification:_identify(install) by extension 'ignore'
[0.221s] Level 1:colcon.colcon_core.package_identification:_identify(install) ignored
[0.221s] Level 1:colcon.colcon_core.package_identification:_identify(log) by extensions ['ignore', 'ignore_ament_install']
[0.221s] Level 1:colcon.colcon_core.package_identification:_identify(log) by extension 'ignore'
[0.221s] Level 1:colcon.colcon_core.package_identification:_identify(log) ignored
[0.221s] Level 1:colcon.colcon_core.package_identification:_identify(src) by extensions ['ignore', 'ignore_ament_install']
[0.221s] Level 1:colcon.colcon_core.package_identification:_identify(src) by extension 'ignore'
[0.221s] Level 1:colcon.colcon_core.package_identification:_identify(src) by extension 'ignore_ament_install'
[0.221s] Level 1:colcon.colcon_core.package_identification:_identify(src) by extensions ['colcon_pkg']
[0.221s] Level 1:colcon.colcon_core.package_identification:_identify(src) by extension 'colcon_pkg'
[0.221s] Level 1:colcon.colcon_core.package_identification:_identify(src) by extensions ['colcon_meta']
[0.221s] Level 1:colcon.colcon_core.package_identification:_identify(src) by extension 'colcon_meta'
[0.221s] Level 1:colcon.colcon_core.package_identification:_identify(src) by extensions ['ros']
[0.221s] Level 1:colcon.colcon_core.package_identification:_identify(src) by extension 'ros'
[0.221s] Level 1:colcon.colcon_core.package_identification:_identify(src) by extensions ['cmake', 'python']
[0.221s] Level 1:colcon.colcon_core.package_identification:_identify(src) by extension 'cmake'
[0.221s] Level 1:colcon.colcon_core.package_identification:_identify(src) by extension 'python'
[0.221s] Level 1:colcon.colcon_core.package_identification:_identify(src) by extensions ['python_setup_py']
[0.221s] Level 1:colcon.colcon_core.package_identification:_identify(src) by extension 'python_setup_py'
[0.221s] Level 1:colcon.colcon_core.package_identification:_identify(src/eProsima) by extensions ['ignore', 'ignore_ament_install']
[0.221s] Level 1:colcon.colcon_core.package_identification:_identify(src/eProsima) by extension 'ignore'
[0.221s] Level 1:colcon.colcon_core.package_identification:_identify(src/eProsima) by extension 'ignore_ament_install'
[0.221s] Level 1:colcon.colcon_core.package_identification:_identify(src/eProsima) by extensions ['colcon_pkg']
[0.221s] Level 1:colcon.colcon_core.package_identification:_identify(src/eProsima) by extension 'colcon_pkg'
[0.221s] Level 1:colcon.colcon_core.package_identification:_identify(src/eProsima) by extensions ['colcon_meta']
[0.221s] Level 1:colcon.colcon_core.package_identification:_identify(src/eProsima) by extension 'colcon_meta'
[0.221s] Level 1:colcon.colcon_core.package_identification:_identify(src/eProsima) by extensions ['ros']
[0.221s] Level 1:colcon.colcon_core.package_identification:_identify(src/eProsima) by extension 'ros'
[0.221s] Level 1:colcon.colcon_core.package_identification:_identify(src/eProsima) by extensions ['cmake', 'python']
[0.221s] Level 1:colcon.colcon_core.package_identification:_identify(src/eProsima) by extension 'cmake'
[0.222s] Level 1:colcon.colcon_core.package_identification:_identify(src/eProsima) by extension 'python'
[0.222s] Level 1:colcon.colcon_core.package_identification:_identify(src/eProsima) by extensions ['python_setup_py']
[0.222s] Level 1:colcon.colcon_core.package_identification:_identify(src/eProsima) by extension 'python_setup_py'
[0.222s] Level 1:colcon.colcon_core.package_identification:_identify(src/eProsima/Micro-CDR) by extensions ['ignore', 'ignore_ament_install']
[0.222s] Level 1:colcon.colcon_core.package_identification:_identify(src/eProsima/Micro-CDR) by extension 'ignore'
[0.222s] Level 1:colcon.colcon_core.package_identification:_identify(src/eProsima/Micro-CDR) by extension 'ignore_ament_install'
[0.222s] Level 1:colcon.colcon_core.package_identification:_identify(src/eProsima/Micro-CDR) by extensions ['colcon_pkg']
[0.222s] Level 1:colcon.colcon_core.package_identification:_identify(src/eProsima/Micro-CDR) by extension 'colcon_pkg'
[0.222s] INFO:colcon.colcon_metadata.metadata.colcon_pkg:Setting type 'cmake' of package 'src/eProsima/Micro-CDR' from colcon.pkg
[0.222s] INFO:colcon.colcon_metadata.metadata.colcon_pkg:Setting name 'microcdr' of package 'src/eProsima/Micro-CDR' from colcon.pkg
[0.222s] DEBUG:colcon.colcon_core.package_identification:Package 'src/eProsima/Micro-CDR' with type 'cmake' and name 'microcdr'
[0.222s] Level 1:colcon.colcon_core.package_identification:_identify(src/eProsima/Micro-XRCE-DDS-Client) by extensions ['ignore', 'ignore_ament_install']
[0.222s] Level 1:colcon.colcon_core.package_identification:_identify(src/eProsima/Micro-XRCE-DDS-Client) by extension 'ignore'
[0.223s] Level 1:colcon.colcon_core.package_identification:_identify(src/eProsima/Micro-XRCE-DDS-Client) by extension 'ignore_ament_install'
[0.223s] Level 1:colcon.colcon_core.package_identification:_identify(src/eProsima/Micro-XRCE-DDS-Client) by extensions ['colcon_pkg']
[0.223s] Level 1:colcon.colcon_core.package_identification:_identify(src/eProsima/Micro-XRCE-DDS-Client) by extension 'colcon_pkg'
[0.223s] INFO:colcon.colcon_metadata.metadata.colcon_pkg:Setting type 'cmake' of package 'src/eProsima/Micro-XRCE-DDS-Client' from colcon.pkg
[0.223s] INFO:colcon.colcon_metadata.metadata.colcon_pkg:Setting name 'microxrcedds_client' of package 'src/eProsima/Micro-XRCE-DDS-Client' from colcon.pkg
[0.223s] DEBUG:colcon.colcon_core.package_identification:Package 'src/eProsima/Micro-XRCE-DDS-Client' with type 'cmake' and name 'microxrcedds_client'
[0.223s] Level 1:colcon.colcon_core.package_identification:_identify(src/micro_ros_setup) by extensions ['ignore', 'ignore_ament_install']
[0.223s] Level 1:colcon.colcon_core.package_identification:_identify(src/micro_ros_setup) by extension 'ignore'
[0.223s] Level 1:colcon.colcon_core.package_identification:_identify(src/micro_ros_setup) by extension 'ignore_ament_install'
[0.223s] Level 1:colcon.colcon_core.package_identification:_identify(src/micro_ros_setup) by extensions ['colcon_pkg']
[0.223s] Level 1:colcon.colcon_core.package_identification:_identify(src/micro_ros_setup) by extension 'colcon_pkg'
[0.223s] Level 1:colcon.colcon_core.package_identification:_identify(src/micro_ros_setup) by extensions ['colcon_meta']
[0.223s] Level 1:colcon.colcon_core.package_identification:_identify(src/micro_ros_setup) by extension 'colcon_meta'
[0.223s] Level 1:colcon.colcon_core.package_identification:_identify(src/micro_ros_setup) by extensions ['ros']
[0.224s] Level 1:colcon.colcon_core.package_identification:_identify(src/micro_ros_setup) by extension 'ros'
[0.225s] DEBUG:colcon.colcon_core.package_identification:Package 'src/micro_ros_setup' with type 'ros.ament_cmake' and name 'micro_ros_setup'
[0.226s] Level 1:colcon.colcon_core.package_identification:_identify(src/ros2) by extensions ['ignore', 'ignore_ament_install']
[0.226s] Level 1:colcon.colcon_core.package_identification:_identify(src/ros2) by extension 'ignore'
[0.226s] Level 1:colcon.colcon_core.package_identification:_identify(src/ros2) by extension 'ignore_ament_install'
[0.226s] Level 1:colcon.colcon_core.package_identification:_identify(src/ros2) by extensions ['colcon_pkg']
[0.226s] Level 1:colcon.colcon_core.package_identification:_identify(src/ros2) by extension 'colcon_pkg'
[0.226s] Level 1:colcon.colcon_core.package_identification:_identify(src/ros2) by extensions ['colcon_meta']
[0.226s] Level 1:colcon.colcon_core.package_identification:_identify(src/ros2) by extension 'colcon_meta'
[0.226s] Level 1:colcon.colcon_core.package_identification:_identify(src/ros2) by extensions ['ros']
[0.226s] Level 1:colcon.colcon_core.package_identification:_identify(src/ros2) by extension 'ros'
[0.226s] Level 1:colcon.colcon_core.package_identification:_identify(src/ros2) by extensions ['cmake', 'python']
[0.226s] Level 1:colcon.colcon_core.package_identification:_identify(src/ros2) by extension 'cmake'
[0.226s] Level 1:colcon.colcon_core.package_identification:_identify(src/ros2) by extension 'python'
[0.226s] Level 1:colcon.colcon_core.package_identification:_identify(src/ros2) by extensions ['python_setup_py']
[0.226s] Level 1:colcon.colcon_core.package_identification:_identify(src/ros2) by extension 'python_setup_py'
[0.226s] Level 1:colcon.colcon_core.package_identification:_identify(src/ros2/common_interfaces) by extensions ['ignore', 'ignore_ament_install']
[0.226s] Level 1:colcon.colcon_core.package_identification:_identify(src/ros2/common_interfaces) by extension 'ignore'
[0.226s] Level 1:colcon.colcon_core.package_identification:_identify(src/ros2/common_interfaces) by extension 'ignore_ament_install'
[0.226s] Level 1:colcon.colcon_core.package_identification:_identify(src/ros2/common_interfaces) by extensions ['colcon_pkg']
[0.226s] Level 1:colcon.colcon_core.package_identification:_identify(src/ros2/common_interfaces) by extension 'colcon_pkg'
[0.226s] Level 1:colcon.colcon_core.package_identification:_identify(src/ros2/common_interfaces) by extensions ['colcon_meta']
[0.226s] Level 1:colcon.colcon_core.package_identification:_identify(src/ros2/common_interfaces) by extension 'colcon_meta'
[0.226s] Level 1:colcon.colcon_core.package_identification:_identify(src/ros2/common_interfaces) by extensions ['ros']
[0.226s] Level 1:colcon.colcon_core.package_identification:_identify(src/ros2/common_interfaces) by extension 'ros'
[0.226s] Level 1:colcon.colcon_core.package_identification:_identify(src/ros2/common_interfaces) by extensions ['cmake', 'python']
[0.226s] Level 1:colcon.colcon_core.package_identification:_identify(src/ros2/common_interfaces) by extension 'cmake'
[0.226s] Level 1:colcon.colcon_core.package_identification:_identify(src/ros2/common_interfaces) by extension 'python'
[0.226s] Level 1:colcon.colcon_core.package_identification:_identify(src/ros2/common_interfaces) by extensions ['python_setup_py']
[0.226s] Level 1:colcon.colcon_core.package_identification:_identify(src/ros2/common_interfaces) by extension 'python_setup_py'
[0.227s] Level 1:colcon.colcon_core.package_identification:_identify(src/ros2/common_interfaces/actionlib_msgs) by extensions ['ignore', 'ignore_ament_install']
[0.227s] Level 1:colcon.colcon_core.package_identification:_identify(src/ros2/common_interfaces/actionlib_msgs) by extension 'ignore'
[0.227s] Level 1:colcon.colcon_core.package_identification:_identify(src/ros2/common_interfaces/actionlib_msgs) by extension 'ignore_ament_install'
[0.227s] Level 1:colcon.colcon_core.package_identification:_identify(src/ros2/common_interfaces/actionlib_msgs) by extensions ['colcon_pkg']
[0.227s] Level 1:colcon.colcon_core.package_identification:_identify(src/ros2/common_interfaces/actionlib_msgs) by extension 'colcon_pkg'
[0.227s] Level 1:colcon.colcon_core.package_identification:_identify(src/ros2/common_interfaces/actionlib_msgs) by extensions ['colcon_meta']
[0.227s] Level 1:colcon.colcon_core.package_identification:_identify(src/ros2/common_interfaces/actionlib_msgs) by extension 'colcon_meta'
[0.227s] Level 1:colcon.colcon_core.package_identification:_identify(src/ros2/common_interfaces/actionlib_msgs) by extensions ['ros']
[0.227s] Level 1:colcon.colcon_core.package_identification:_identify(src/ros2/common_interfaces/actionlib_msgs) by extension 'ros'
[0.227s] DEBUG:colcon.colcon_core.package_identification:Package 'src/ros2/common_interfaces/actionlib_msgs' with type 'ros.ament_cmake' and name 'actionlib_msgs'
[0.228s] Level 1:colcon.colcon_core.package_identification:_identify(src/ros2/common_interfaces/common_interfaces) by extensions ['ignore', 'ignore_ament_install']
[0.228s] Level 1:colcon.colcon_core.package_identification:_identify(src/ros2/common_interfaces/common_interfaces) by extension 'ignore'
[0.228s] Level 1:colcon.colcon_core.package_identification:_identify(src/ros2/common_interfaces/common_interfaces) by extension 'ignore_ament_install'
[0.228s] Level 1:colcon.colcon_core.package_identification:_identify(src/ros2/common_interfaces/common_interfaces) by extensions ['colcon_pkg']
[0.228s] Level 1:colcon.colcon_core.package_identification:_identify(src/ros2/common_interfaces/common_interfaces) by extension 'colcon_pkg'
[0.228s] Level 1:colcon.colcon_core.package_identification:_identify(src/ros2/common_interfaces/common_interfaces) by extensions ['colcon_meta']
[0.228s] Level 1:colcon.colcon_core.package_identification:_identify(src/ros2/common_interfaces/common_interfaces) by extension 'colcon_meta'
[0.228s] Level 1:colcon.colcon_core.package_identification:_identify(src/ros2/common_interfaces/common_interfaces) by extensions ['ros']
[0.228s] Level 1:colcon.colcon_core.package_identification:_identify(src/ros2/common_interfaces/common_interfaces) by extension 'ros'
[0.228s] DEBUG:colcon.colcon_core.package_identification:Package 'src/ros2/common_interfaces/common_interfaces' with type 'ros.ament_cmake' and name 'common_interfaces'
[0.228s] Level 1:colcon.colcon_core.package_identification:_identify(src/ros2/common_interfaces/diagnostic_msgs) by extensions ['ignore', 'ignore_ament_install']
[0.228s] Level 1:colcon.colcon_core.package_identification:_identify(src/ros2/common_interfaces/diagnostic_msgs) by extension 'ignore'
[0.228s] Level 1:colcon.colcon_core.package_identification:_identify(src/ros2/common_interfaces/diagnostic_msgs) by extension 'ignore_ament_install'
[0.229s] Level 1:colcon.colcon_core.package_identification:_identify(src/ros2/common_interfaces/diagnostic_msgs) by extensions ['colcon_pkg']
[0.229s] Level 1:colcon.colcon_core.package_identification:_identify(src/ros2/common_interfaces/diagnostic_msgs) by extension 'colcon_pkg'
[0.229s] Level 1:colcon.colcon_core.package_identification:_identify(src/ros2/common_interfaces/diagnostic_msgs) by extensions ['colcon_meta']
[0.229s] Level 1:colcon.colcon_core.package_identification:_identify(src/ros2/common_interfaces/diagnostic_msgs) by extension 'colcon_meta'
[0.229s] Level 1:colcon.colcon_core.package_identification:_identify(src/ros2/common_interfaces/diagnostic_msgs) by extensions ['ros']
[0.229s] Level 1:colcon.colcon_core.package_identification:_identify(src/ros2/common_interfaces/diagnostic_msgs) by extension 'ros'
[0.229s] DEBUG:colcon.colcon_core.package_identification:Package 'src/ros2/common_interfaces/diagnostic_msgs' with type 'ros.ament_cmake' and name 'diagnostic_msgs'
[0.229s] Level 1:colcon.colcon_core.package_identification:_identify(src/ros2/common_interfaces/docs) by extensions ['ignore', 'ignore_ament_install']
[0.229s] Level 1:colcon.colcon_core.package_identification:_identify(src/ros2/common_interfaces/docs) by extension 'ignore'
[0.229s] Level 1:colcon.colcon_core.package_identification:_identify(src/ros2/common_interfaces/docs) by extension 'ignore_ament_install'
[0.229s] Level 1:colcon.colcon_core.package_identification:_identify(src/ros2/common_interfaces/docs) by extensions ['colcon_pkg']
[0.229s] Level 1:colcon.colcon_core.package_identification:_identify(src/ros2/common_interfaces/docs) by extension 'colcon_pkg'
[0.229s] Level 1:colcon.colcon_core.package_identification:_identify(src/ros2/common_interfaces/docs) by extensions ['colcon_meta']
[0.229s] Level 1:colcon.colcon_core.package_identification:_identify(src/ros2/common_interfaces/docs) by extension 'colcon_meta'
[0.230s] Level 1:colcon.colcon_core.package_identification:_identify(src/ros2/common_interfaces/docs) by extensions ['ros']
[0.230s] Level 1:colcon.colcon_core.package_identification:_identify(src/ros2/common_interfaces/docs) by extension 'ros'
[0.230s] Level 1:colcon.colcon_core.package_identification:_identify(src/ros2/common_interfaces/docs) by extensions ['cmake', 'python']
[0.230s] Level 1:colcon.colcon_core.package_identification:_identify(src/ros2/common_interfaces/docs) by extension 'cmake'
[0.230s] Level 1:colcon.colcon_core.package_identification:_identify(src/ros2/common_interfaces/docs) by extension 'python'
[0.230s] Level 1:colcon.colcon_core.package_identification:_identify(src/ros2/common_interfaces/docs) by extensions ['python_setup_py']
[0.230s] Level 1:colcon.colcon_core.package_identification:_identify(src/ros2/common_interfaces/docs) by extension 'python_setup_py'
[0.230s] Level 1:colcon.colcon_core.package_identification:_identify(src/ros2/common_interfaces/geometry_msgs) by extensions ['ignore', 'ignore_ament_install']
[0.230s] Level 1:colcon.colcon_core.package_identification:_identify(src/ros2/common_interfaces/geometry_msgs) by extension 'ignore'
[0.230s] Level 1:colcon.colcon_core.package_identification:_identify(src/ros2/common_interfaces/geometry_msgs) by extension 'ignore_ament_install'
[0.230s] Level 1:colcon.colcon_core.package_identification:_identify(src/ros2/common_interfaces/geometry_msgs) by extensions ['colcon_pkg']
[0.230s] Level 1:colcon.colcon_core.package_identification:_identify(src/ros2/common_interfaces/geometry_msgs) by extension 'colcon_pkg'
[0.230s] Level 1:colcon.colcon_core.package_identification:_identify(src/ros2/common_interfaces/geometry_msgs) by extensions ['colcon_meta']
[0.230s] Level 1:colcon.colcon_core.package_identification:_identify(src/ros2/common_interfaces/geometry_msgs) by extension 'colcon_meta'
[0.230s] Level 1:colcon.colcon_core.package_identification:_identify(src/ros2/common_interfaces/geometry_msgs) by extensions ['ros']
[0.230s] Level 1:colcon.colcon_core.package_identification:_identify(src/ros2/common_interfaces/geometry_msgs) by extension 'ros'
[0.231s] DEBUG:colcon.colcon_core.package_identification:Package 'src/ros2/common_interfaces/geometry_msgs' with type 'ros.ament_cmake' and name 'geometry_msgs'
[0.231s] Level 1:colcon.colcon_core.package_identification:_identify(src/ros2/common_interfaces/nav_msgs) by extensions ['ignore', 'ignore_ament_install']
[0.231s] Level 1:colcon.colcon_core.package_identification:_identify(src/ros2/common_interfaces/nav_msgs) by extension 'ignore'
[0.231s] Level 1:colcon.colcon_core.package_identification:_identify(src/ros2/common_interfaces/nav_msgs) by extension 'ignore_ament_install'
[0.231s] Level 1:colcon.colcon_core.package_identification:_identify(src/ros2/common_interfaces/nav_msgs) by extensions ['colcon_pkg']
[0.231s] Level 1:colcon.colcon_core.package_identification:_identify(src/ros2/common_interfaces/nav_msgs) by extension 'colcon_pkg'
[0.231s] Level 1:colcon.colcon_core.package_identification:_identify(src/ros2/common_interfaces/nav_msgs) by extensions ['colcon_meta']
[0.231s] Level 1:colcon.colcon_core.package_identification:_identify(src/ros2/common_interfaces/nav_msgs) by extension 'colcon_meta'
[0.231s] Level 1:colcon.colcon_core.package_identification:_identify(src/ros2/common_interfaces/nav_msgs) by extensions ['ros']
[0.231s] Level 1:colcon.colcon_core.package_identification:_identify(src/ros2/common_interfaces/nav_msgs) by extension 'ros'
[0.231s] DEBUG:colcon.colcon_core.package_identification:Package 'src/ros2/common_interfaces/nav_msgs' with type 'ros.ament_cmake' and name 'nav_msgs'
[0.232s] Level 1:colcon.colcon_core.package_identification:_identify(src/ros2/common_interfaces/sensor_msgs) by extensions ['ignore', 'ignore_ament_install']
[0.232s] Level 1:colcon.colcon_core.package_identification:_identify(src/ros2/common_interfaces/sensor_msgs) by extension 'ignore'
[0.232s] Level 1:colcon.colcon_core.package_identification:_identify(src/ros2/common_interfaces/sensor_msgs) by extension 'ignore_ament_install'
[0.232s] Level 1:colcon.colcon_core.package_identification:_identify(src/ros2/common_interfaces/sensor_msgs) by extensions ['colcon_pkg']
[0.232s] Level 1:colcon.colcon_core.package_identification:_identify(src/ros2/common_interfaces/sensor_msgs) by extension 'colcon_pkg'
[0.232s] Level 1:colcon.colcon_core.package_identification:_identify(src/ros2/common_interfaces/sensor_msgs) by extensions ['colcon_meta']
[0.232s] Level 1:colcon.colcon_core.package_identification:_identify(src/ros2/common_interfaces/sensor_msgs) by extension 'colcon_meta'
[0.232s] Level 1:colcon.colcon_core.package_identification:_identify(src/ros2/common_interfaces/sensor_msgs) by extensions ['ros']
[0.232s] Level 1:colcon.colcon_core.package_identification:_identify(src/ros2/common_interfaces/sensor_msgs) by extension 'ros'
[0.232s] DEBUG:colcon.colcon_core.package_identification:Package 'src/ros2/common_interfaces/sensor_msgs' with type 'ros.ament_cmake' and name 'sensor_msgs'
[0.233s] Level 1:colcon.colcon_core.package_identification:_identify(src/ros2/common_interfaces/sensor_msgs_py) by extensions ['ignore', 'ignore_ament_install']
[0.233s] Level 1:colcon.colcon_core.package_identification:_identify(src/ros2/common_interfaces/sensor_msgs_py) by extension 'ignore'
[0.233s] Level 1:colcon.colcon_core.package_identification:_identify(src/ros2/common_interfaces/sensor_msgs_py) by extension 'ignore_ament_install'
[0.233s] Level 1:colcon.colcon_core.package_identification:_identify(src/ros2/common_interfaces/sensor_msgs_py) by extensions ['colcon_pkg']
[0.233s] Level 1:colcon.colcon_core.package_identification:_identify(src/ros2/common_interfaces/sensor_msgs_py) by extension 'colcon_pkg'
[0.233s] Level 1:colcon.colcon_core.package_identification:_identify(src/ros2/common_interfaces/sensor_msgs_py) by extensions ['colcon_meta']
[0.233s] Level 1:colcon.colcon_core.package_identification:_identify(src/ros2/common_interfaces/sensor_msgs_py) by extension 'colcon_meta'
[0.233s] Level 1:colcon.colcon_core.package_identification:_identify(src/ros2/common_interfaces/sensor_msgs_py) by extensions ['ros']
[0.233s] Level 1:colcon.colcon_core.package_identification:_identify(src/ros2/common_interfaces/sensor_msgs_py) by extension 'ros'
[0.233s] DEBUG:colcon.colcon_core.package_identification:Package 'src/ros2/common_interfaces/sensor_msgs_py' with type 'ros.ament_python' and name 'sensor_msgs_py'
[0.233s] Level 1:colcon.colcon_core.package_identification:_identify(src/ros2/common_interfaces/shape_msgs) by extensions ['ignore', 'ignore_ament_install']
[0.233s] Level 1:colcon.colcon_core.package_identification:_identify(src/ros2/common_interfaces/shape_msgs) by extension 'ignore'
[0.233s] Level 1:colcon.colcon_core.package_identification:_identify(src/ros2/common_interfaces/shape_msgs) by extension 'ignore_ament_install'
[0.233s] Level 1:colcon.colcon_core.package_identification:_identify(src/ros2/common_interfaces/shape_msgs) by extensions ['colcon_pkg']
[0.233s] Level 1:colcon.colcon_core.package_identification:_identify(src/ros2/common_interfaces/shape_msgs) by extension 'colcon_pkg'
[0.233s] Level 1:colcon.colcon_core.package_identification:_identify(src/ros2/common_interfaces/shape_msgs) by extensions ['colcon_meta']
[0.233s] Level 1:colcon.colcon_core.package_identification:_identify(src/ros2/common_interfaces/shape_msgs) by extension 'colcon_meta'
[0.233s] Level 1:colcon.colcon_core.package_identification:_identify(src/ros2/common_interfaces/shape_msgs) by extensions ['ros']
[0.234s] Level 1:colcon.colcon_core.package_identification:_identify(src/ros2/common_interfaces/shape_msgs) by extension 'ros'
[0.234s] DEBUG:colcon.colcon_core.package_identification:Package 'src/ros2/common_interfaces/shape_msgs' with type 'ros.ament_cmake' and name 'shape_msgs'
[0.234s] Level 1:colcon.colcon_core.package_identification:_identify(src/ros2/common_interfaces/std_msgs) by extensions ['ignore', 'ignore_ament_install']
[0.234s] Level 1:colcon.colcon_core.package_identification:_identify(src/ros2/common_interfaces/std_msgs) by extension 'ignore'
[0.234s] Level 1:colcon.colcon_core.package_identification:_identify(src/ros2/common_interfaces/std_msgs) by extension 'ignore_ament_install'
[0.234s] Level 1:colcon.colcon_core.package_identification:_identify(src/ros2/common_interfaces/std_msgs) by extensions ['colcon_pkg']
[0.234s] Level 1:colcon.colcon_core.package_identification:_identify(src/ros2/common_interfaces/std_msgs) by extension 'colcon_pkg'
[0.234s] Level 1:colcon.colcon_core.package_identification:_identify(src/ros2/common_interfaces/std_msgs) by extensions ['colcon_meta']
[0.234s] Level 1:colcon.colcon_core.package_identification:_identify(src/ros2/common_interfaces/std_msgs) by extension 'colcon_meta'
[0.234s] Level 1:colcon.colcon_core.package_identification:_identify(src/ros2/common_interfaces/std_msgs) by extensions ['ros']
[0.234s] Level 1:colcon.colcon_core.package_identification:_identify(src/ros2/common_interfaces/std_msgs) by extension 'ros'
[0.235s] DEBUG:colcon.colcon_core.package_identification:Package 'src/ros2/common_interfaces/std_msgs' with type 'ros.ament_cmake' and name 'std_msgs'
[0.235s] Level 1:colcon.colcon_core.package_identification:_identify(src/ros2/common_interfaces/std_srvs) by extensions ['ignore', 'ignore_ament_install']
[0.235s] Level 1:colcon.colcon_core.package_identification:_identify(src/ros2/common_interfaces/std_srvs) by extension 'ignore'
[0.235s] Level 1:colcon.colcon_core.package_identification:_identify(src/ros2/common_interfaces/std_srvs) by extension 'ignore_ament_install'
[0.235s] Level 1:colcon.colcon_core.package_identification:_identify(src/ros2/common_interfaces/std_srvs) by extensions ['colcon_pkg']
[0.235s] Level 1:colcon.colcon_core.package_identification:_identify(src/ros2/common_interfaces/std_srvs) by extension 'colcon_pkg'
[0.235s] Level 1:colcon.colcon_core.package_identification:_identify(src/ros2/common_interfaces/std_srvs) by extensions ['colcon_meta']
[0.235s] Level 1:colcon.colcon_core.package_identification:_identify(src/ros2/common_interfaces/std_srvs) by extension 'colcon_meta'
[0.235s] Level 1:colcon.colcon_core.package_identification:_identify(src/ros2/common_interfaces/std_srvs) by extensions ['ros']
[0.235s] Level 1:colcon.colcon_core.package_identification:_identify(src/ros2/common_interfaces/std_srvs) by extension 'ros'
[0.236s] DEBUG:colcon.colcon_core.package_identification:Package 'src/ros2/common_interfaces/std_srvs' with type 'ros.ament_cmake' and name 'std_srvs'
[0.236s] Level 1:colcon.colcon_core.package_identification:_identify(src/ros2/common_interfaces/stereo_msgs) by extensions ['ignore', 'ignore_ament_install']
[0.236s] Level 1:colcon.colcon_core.package_identification:_identify(src/ros2/common_interfaces/stereo_msgs) by extension 'ignore'
[0.236s] Level 1:colcon.colcon_core.package_identification:_identify(src/ros2/common_interfaces/stereo_msgs) by extension 'ignore_ament_install'
[0.236s] Level 1:colcon.colcon_core.package_identification:_identify(src/ros2/common_interfaces/stereo_msgs) by extensions ['colcon_pkg']
[0.236s] Level 1:colcon.colcon_core.package_identification:_identify(src/ros2/common_interfaces/stereo_msgs) by extension 'colcon_pkg'
[0.236s] Level 1:colcon.colcon_core.package_identification:_identify(src/ros2/common_interfaces/stereo_msgs) by extensions ['colcon_meta']
[0.236s] Level 1:colcon.colcon_core.package_identification:_identify(src/ros2/common_interfaces/stereo_msgs) by extension 'colcon_meta'
[0.236s] Level 1:colcon.colcon_core.package_identification:_identify(src/ros2/common_interfaces/stereo_msgs) by extensions ['ros']
[0.236s] Level 1:colcon.colcon_core.package_identification:_identify(src/ros2/common_interfaces/stereo_msgs) by extension 'ros'
[0.236s] DEBUG:colcon.colcon_core.package_identification:Package 'src/ros2/common_interfaces/stereo_msgs' with type 'ros.ament_cmake' and name 'stereo_msgs'
[0.237s] Level 1:colcon.colcon_core.package_identification:_identify(src/ros2/common_interfaces/trajectory_msgs) by extensions ['ignore', 'ignore_ament_install']
[0.237s] Level 1:colcon.colcon_core.package_identification:_identify(src/ros2/common_interfaces/trajectory_msgs) by extension 'ignore'
[0.237s] Level 1:colcon.colcon_core.package_identification:_identify(src/ros2/common_interfaces/trajectory_msgs) by extension 'ignore_ament_install'
[0.237s] Level 1:colcon.colcon_core.package_identification:_identify(src/ros2/common_interfaces/trajectory_msgs) by extensions ['colcon_pkg']
[0.237s] Level 1:colcon.colcon_core.package_identification:_identify(src/ros2/common_interfaces/trajectory_msgs) by extension 'colcon_pkg'
[0.237s] Level 1:colcon.colcon_core.package_identification:_identify(src/ros2/common_interfaces/trajectory_msgs) by extensions ['colcon_meta']
[0.237s] Level 1:colcon.colcon_core.package_identification:_identify(src/ros2/common_interfaces/trajectory_msgs) by extension 'colcon_meta'
[0.237s] Level 1:colcon.colcon_core.package_identification:_identify(src/ros2/common_interfaces/trajectory_msgs) by extensions ['ros']
[0.237s] Level 1:colcon.colcon_core.package_identification:_identify(src/ros2/common_interfaces/trajectory_msgs) by extension 'ros'
[0.237s] DEBUG:colcon.colcon_core.package_identification:Package 'src/ros2/common_interfaces/trajectory_msgs' with type 'ros.ament_cmake' and name 'trajectory_msgs'
[0.237s] Level 1:colcon.colcon_core.package_identification:_identify(src/ros2/common_interfaces/visualization_msgs) by extensions ['ignore', 'ignore_ament_install']
[0.238s] Level 1:colcon.colcon_core.package_identification:_identify(src/ros2/common_interfaces/visualization_msgs) by extension 'ignore'
[0.238s] Level 1:colcon.colcon_core.package_identification:_identify(src/ros2/common_interfaces/visualization_msgs) by extension 'ignore_ament_install'
[0.238s] Level 1:colcon.colcon_core.package_identification:_identify(src/ros2/common_interfaces/visualization_msgs) by extensions ['colcon_pkg']
[0.238s] Level 1:colcon.colcon_core.package_identification:_identify(src/ros2/common_interfaces/visualization_msgs) by extension 'colcon_pkg'
[0.238s] Level 1:colcon.colcon_core.package_identification:_identify(src/ros2/common_interfaces/visualization_msgs) by extensions ['colcon_meta']
[0.238s] Level 1:colcon.colcon_core.package_identification:_identify(src/ros2/common_interfaces/visualization_msgs) by extension 'colcon_meta'
[0.238s] Level 1:colcon.colcon_core.package_identification:_identify(src/ros2/common_interfaces/visualization_msgs) by extensions ['ros']
[0.238s] Level 1:colcon.colcon_core.package_identification:_identify(src/ros2/common_interfaces/visualization_msgs) by extension 'ros'
[0.238s] DEBUG:colcon.colcon_core.package_identification:Package 'src/ros2/common_interfaces/visualization_msgs' with type 'ros.ament_cmake' and name 'visualization_msgs'
[0.238s] Level 1:colcon.colcon_core.package_identification:_identify(src/ros2/example_interfaces) by extensions ['ignore', 'ignore_ament_install']
[0.238s] Level 1:colcon.colcon_core.package_identification:_identify(src/ros2/example_interfaces) by extension 'ignore'
[0.238s] Level 1:colcon.colcon_core.package_identification:_identify(src/ros2/example_interfaces) by extension 'ignore_ament_install'
[0.239s] Level 1:colcon.colcon_core.package_identification:_identify(src/ros2/example_interfaces) by extensions ['colcon_pkg']
[0.239s] Level 1:colcon.colcon_core.package_identification:_identify(src/ros2/example_interfaces) by extension 'colcon_pkg'
[0.239s] Level 1:colcon.colcon_core.package_identification:_identify(src/ros2/example_interfaces) by extensions ['colcon_meta']
[0.239s] Level 1:colcon.colcon_core.package_identification:_identify(src/ros2/example_interfaces) by extension 'colcon_meta'
[0.239s] Level 1:colcon.colcon_core.package_identification:_identify(src/ros2/example_interfaces) by extensions ['ros']
[0.239s] Level 1:colcon.colcon_core.package_identification:_identify(src/ros2/example_interfaces) by extension 'ros'
[0.239s] DEBUG:colcon.colcon_core.package_identification:Package 'src/ros2/example_interfaces' with type 'ros.ament_cmake' and name 'example_interfaces'
[0.239s] Level 1:colcon.colcon_core.package_identification:_identify(src/ros2/rcl_interfaces) by extensions ['ignore', 'ignore_ament_install']
[0.239s] Level 1:colcon.colcon_core.package_identification:_identify(src/ros2/rcl_interfaces) by extension 'ignore'
[0.239s] Level 1:colcon.colcon_core.package_identification:_identify(src/ros2/rcl_interfaces) by extension 'ignore_ament_install'
[0.239s] Level 1:colcon.colcon_core.package_identification:_identify(src/ros2/rcl_interfaces) by extensions ['colcon_pkg']
[0.239s] Level 1:colcon.colcon_core.package_identification:_identify(src/ros2/rcl_interfaces) by extension 'colcon_pkg'
[0.239s] Level 1:colcon.colcon_core.package_identification:_identify(src/ros2/rcl_interfaces) by extensions ['colcon_meta']
[0.239s] Level 1:colcon.colcon_core.package_identification:_identify(src/ros2/rcl_interfaces) by extension 'colcon_meta'
[0.239s] Level 1:colcon.colcon_core.package_identification:_identify(src/ros2/rcl_interfaces) by extensions ['ros']
[0.240s] Level 1:colcon.colcon_core.package_identification:_identify(src/ros2/rcl_interfaces) by extension 'ros'
[0.240s] Level 1:colcon.colcon_core.package_identification:_identify(src/ros2/rcl_interfaces) by extensions ['cmake', 'python']
[0.240s] Level 1:colcon.colcon_core.package_identification:_identify(src/ros2/rcl_interfaces) by extension 'cmake'
[0.240s] Level 1:colcon.colcon_core.package_identification:_identify(src/ros2/rcl_interfaces) by extension 'python'
[0.240s] Level 1:colcon.colcon_core.package_identification:_identify(src/ros2/rcl_interfaces) by extensions ['python_setup_py']
[0.240s] Level 1:colcon.colcon_core.package_identification:_identify(src/ros2/rcl_interfaces) by extension 'python_setup_py'
[0.240s] Level 1:colcon.colcon_core.package_identification:_identify(src/ros2/rcl_interfaces/action_msgs) by extensions ['ignore', 'ignore_ament_install']
[0.240s] Level 1:colcon.colcon_core.package_identification:_identify(src/ros2/rcl_interfaces/action_msgs) by extension 'ignore'
[0.240s] Level 1:colcon.colcon_core.package_identification:_identify(src/ros2/rcl_interfaces/action_msgs) by extension 'ignore_ament_install'
[0.240s] Level 1:colcon.colcon_core.package_identification:_identify(src/ros2/rcl_interfaces/action_msgs) by extensions ['colcon_pkg']
[0.240s] Level 1:colcon.colcon_core.package_identification:_identify(src/ros2/rcl_interfaces/action_msgs) by extension 'colcon_pkg'
[0.240s] Level 1:colcon.colcon_core.package_identification:_identify(src/ros2/rcl_interfaces/action_msgs) by extensions ['colcon_meta']
[0.240s] Level 1:colcon.colcon_core.package_identification:_identify(src/ros2/rcl_interfaces/action_msgs) by extension 'colcon_meta'
[0.240s] Level 1:colcon.colcon_core.package_identification:_identify(src/ros2/rcl_interfaces/action_msgs) by extensions ['ros']
[0.240s] Level 1:colcon.colcon_core.package_identification:_identify(src/ros2/rcl_interfaces/action_msgs) by extension 'ros'
[0.240s] DEBUG:colcon.colcon_core.package_identification:Package 'src/ros2/rcl_interfaces/action_msgs' with type 'ros.ament_cmake' and name 'action_msgs'
[0.241s] Level 1:colcon.colcon_core.package_identification:_identify(src/ros2/rcl_interfaces/builtin_interfaces) by extensions ['ignore', 'ignore_ament_install']
[0.241s] Level 1:colcon.colcon_core.package_identification:_identify(src/ros2/rcl_interfaces/builtin_interfaces) by extension 'ignore'
[0.241s] Level 1:colcon.colcon_core.package_identification:_identify(src/ros2/rcl_interfaces/builtin_interfaces) by extension 'ignore_ament_install'
[0.241s] Level 1:colcon.colcon_core.package_identification:_identify(src/ros2/rcl_interfaces/builtin_interfaces) by extensions ['colcon_pkg']
[0.241s] Level 1:colcon.colcon_core.package_identification:_identify(src/ros2/rcl_interfaces/builtin_interfaces) by extension 'colcon_pkg'
[0.241s] Level 1:colcon.colcon_core.package_identification:_identify(src/ros2/rcl_interfaces/builtin_interfaces) by extensions ['colcon_meta']
[0.241s] Level 1:colcon.colcon_core.package_identification:_identify(src/ros2/rcl_interfaces/builtin_interfaces) by extension 'colcon_meta'
[0.241s] Level 1:colcon.colcon_core.package_identification:_identify(src/ros2/rcl_interfaces/builtin_interfaces) by extensions ['ros']
[0.241s] Level 1:colcon.colcon_core.package_identification:_identify(src/ros2/rcl_interfaces/builtin_interfaces) by extension 'ros'
[0.241s] DEBUG:colcon.colcon_core.package_identification:Package 'src/ros2/rcl_interfaces/builtin_interfaces' with type 'ros.ament_cmake' and name 'builtin_interfaces'
[0.241s] Level 1:colcon.colcon_core.package_identification:_identify(src/ros2/rcl_interfaces/composition_interfaces) by extensions ['ignore', 'ignore_ament_install']
[0.241s] Level 1:colcon.colcon_core.package_identification:_identify(src/ros2/rcl_interfaces/composition_interfaces) by extension 'ignore'
[0.241s] Level 1:colcon.colcon_core.package_identification:_identify(src/ros2/rcl_interfaces/composition_interfaces) by extension 'ignore_ament_install'
[0.241s] Level 1:colcon.colcon_core.package_identification:_identify(src/ros2/rcl_interfaces/composition_interfaces) by extensions ['colcon_pkg']
[0.241s] Level 1:colcon.colcon_core.package_identification:_identify(src/ros2/rcl_interfaces/composition_interfaces) by extension 'colcon_pkg'
[0.241s] Level 1:colcon.colcon_core.package_identification:_identify(src/ros2/rcl_interfaces/composition_interfaces) by extensions ['colcon_meta']
[0.241s] Level 1:colcon.colcon_core.package_identification:_identify(src/ros2/rcl_interfaces/composition_interfaces) by extension 'colcon_meta'
[0.242s] Level 1:colcon.colcon_core.package_identification:_identify(src/ros2/rcl_interfaces/composition_interfaces) by extensions ['ros']
[0.242s] Level 1:colcon.colcon_core.package_identification:_identify(src/ros2/rcl_interfaces/composition_interfaces) by extension 'ros'
[0.242s] DEBUG:colcon.colcon_core.package_identification:Package 'src/ros2/rcl_interfaces/composition_interfaces' with type 'ros.ament_cmake' and name 'composition_interfaces'
[0.242s] Level 1:colcon.colcon_core.package_identification:_identify(src/ros2/rcl_interfaces/lifecycle_msgs) by extensions ['ignore', 'ignore_ament_install']
[0.242s] Level 1:colcon.colcon_core.package_identification:_identify(src/ros2/rcl_interfaces/lifecycle_msgs) by extension 'ignore'
[0.242s] Level 1:colcon.colcon_core.package_identification:_identify(src/ros2/rcl_interfaces/lifecycle_msgs) by extension 'ignore_ament_install'
[0.242s] Level 1:colcon.colcon_core.package_identification:_identify(src/ros2/rcl_interfaces/lifecycle_msgs) by extensions ['colcon_pkg']
[0.242s] Level 1:colcon.colcon_core.package_identification:_identify(src/ros2/rcl_interfaces/lifecycle_msgs) by extension 'colcon_pkg'
[0.242s] Level 1:colcon.colcon_core.package_identification:_identify(src/ros2/rcl_interfaces/lifecycle_msgs) by extensions ['colcon_meta']
[0.242s] Level 1:colcon.colcon_core.package_identification:_identify(src/ros2/rcl_interfaces/lifecycle_msgs) by extension 'colcon_meta'
[0.242s] Level 1:colcon.colcon_core.package_identification:_identify(src/ros2/rcl_interfaces/lifecycle_msgs) by extensions ['ros']
[0.242s] Level 1:colcon.colcon_core.package_identification:_identify(src/ros2/rcl_interfaces/lifecycle_msgs) by extension 'ros'
[0.243s] DEBUG:colcon.colcon_core.package_identification:Package 'src/ros2/rcl_interfaces/lifecycle_msgs' with type 'ros.ament_cmake' and name 'lifecycle_msgs'
[0.243s] Level 1:colcon.colcon_core.package_identification:_identify(src/ros2/rcl_interfaces/rcl_interfaces) by extensions ['ignore', 'ignore_ament_install']
[0.243s] Level 1:colcon.colcon_core.package_identification:_identify(src/ros2/rcl_interfaces/rcl_interfaces) by extension 'ignore'
[0.243s] Level 1:colcon.colcon_core.package_identification:_identify(src/ros2/rcl_interfaces/rcl_interfaces) by extension 'ignore_ament_install'
[0.243s] Level 1:colcon.colcon_core.package_identification:_identify(src/ros2/rcl_interfaces/rcl_interfaces) by extensions ['colcon_pkg']
[0.243s] Level 1:colcon.colcon_core.package_identification:_identify(src/ros2/rcl_interfaces/rcl_interfaces) by extension 'colcon_pkg'
[0.243s] Level 1:colcon.colcon_core.package_identification:_identify(src/ros2/rcl_interfaces/rcl_interfaces) by extensions ['colcon_meta']
[0.243s] Level 1:colcon.colcon_core.package_identification:_identify(src/ros2/rcl_interfaces/rcl_interfaces) by extension 'colcon_meta'
[0.243s] Level 1:colcon.colcon_core.package_identification:_identify(src/ros2/rcl_interfaces/rcl_interfaces) by extensions ['ros']
[0.243s] Level 1:colcon.colcon_core.package_identification:_identify(src/ros2/rcl_interfaces/rcl_interfaces) by extension 'ros'
[0.243s] DEBUG:colcon.colcon_core.package_identification:Package 'src/ros2/rcl_interfaces/rcl_interfaces' with type 'ros.ament_cmake' and name 'rcl_interfaces'
[0.244s] Level 1:colcon.colcon_core.package_identification:_identify(src/ros2/rcl_interfaces/rosgraph_msgs) by extensions ['ignore', 'ignore_ament_install']
[0.244s] Level 1:colcon.colcon_core.package_identification:_identify(src/ros2/rcl_interfaces/rosgraph_msgs) by extension 'ignore'
[0.244s] Level 1:colcon.colcon_core.package_identification:_identify(src/ros2/rcl_interfaces/rosgraph_msgs) by extension 'ignore_ament_install'
[0.244s] Level 1:colcon.colcon_core.package_identification:_identify(src/ros2/rcl_interfaces/rosgraph_msgs) by extensions ['colcon_pkg']
[0.244s] Level 1:colcon.colcon_core.package_identification:_identify(src/ros2/rcl_interfaces/rosgraph_msgs) by extension 'colcon_pkg'
[0.244s] Level 1:colcon.colcon_core.package_identification:_identify(src/ros2/rcl_interfaces/rosgraph_msgs) by extensions ['colcon_meta']
[0.244s] Level 1:colcon.colcon_core.package_identification:_identify(src/ros2/rcl_interfaces/rosgraph_msgs) by extension 'colcon_meta'
[0.244s] Level 1:colcon.colcon_core.package_identification:_identify(src/ros2/rcl_interfaces/rosgraph_msgs) by extensions ['ros']
[0.244s] Level 1:colcon.colcon_core.package_identification:_identify(src/ros2/rcl_interfaces/rosgraph_msgs) by extension 'ros'
[0.244s] DEBUG:colcon.colcon_core.package_identification:Package 'src/ros2/rcl_interfaces/rosgraph_msgs' with type 'ros.ament_cmake' and name 'rosgraph_msgs'
[0.244s] Level 1:colcon.colcon_core.package_identification:_identify(src/ros2/rcl_interfaces/statistics_msgs) by extensions ['ignore', 'ignore_ament_install']
[0.244s] Level 1:colcon.colcon_core.package_identification:_identify(src/ros2/rcl_interfaces/statistics_msgs) by extension 'ignore'
[0.245s] Level 1:colcon.colcon_core.package_identification:_identify(src/ros2/rcl_interfaces/statistics_msgs) by extension 'ignore_ament_install'
[0.245s] Level 1:colcon.colcon_core.package_identification:_identify(src/ros2/rcl_interfaces/statistics_msgs) by extensions ['colcon_pkg']
[0.245s] Level 1:colcon.colcon_core.package_identification:_identify(src/ros2/rcl_interfaces/statistics_msgs) by extension 'colcon_pkg'
[0.245s] Level 1:colcon.colcon_core.package_identification:_identify(src/ros2/rcl_interfaces/statistics_msgs) by extensions ['colcon_meta']
[0.245s] Level 1:colcon.colcon_core.package_identification:_identify(src/ros2/rcl_interfaces/statistics_msgs) by extension 'colcon_meta'
[0.245s] Level 1:colcon.colcon_core.package_identification:_identify(src/ros2/rcl_interfaces/statistics_msgs) by extensions ['ros']
[0.245s] Level 1:colcon.colcon_core.package_identification:_identify(src/ros2/rcl_interfaces/statistics_msgs) by extension 'ros'
[0.245s] DEBUG:colcon.colcon_core.package_identification:Package 'src/ros2/rcl_interfaces/statistics_msgs' with type 'ros.ament_cmake' and name 'statistics_msgs'
[0.245s] Level 1:colcon.colcon_core.package_identification:_identify(src/ros2/rcl_interfaces/test_msgs) by extensions ['ignore', 'ignore_ament_install']
[0.245s] Level 1:colcon.colcon_core.package_identification:_identify(src/ros2/rcl_interfaces/test_msgs) by extension 'ignore'
[0.245s] Level 1:colcon.colcon_core.package_identification:_identify(src/ros2/rcl_interfaces/test_msgs) by extension 'ignore_ament_install'
[0.245s] Level 1:colcon.colcon_core.package_identification:_identify(src/ros2/rcl_interfaces/test_msgs) by extensions ['colcon_pkg']
[0.245s] Level 1:colcon.colcon_core.package_identification:_identify(src/ros2/rcl_interfaces/test_msgs) by extension 'colcon_pkg'
[0.245s] Level 1:colcon.colcon_core.package_identification:_identify(src/ros2/rcl_interfaces/test_msgs) by extensions ['colcon_meta']
[0.245s] Level 1:colcon.colcon_core.package_identification:_identify(src/ros2/rcl_interfaces/test_msgs) by extension 'colcon_meta'
[0.245s] Level 1:colcon.colcon_core.package_identification:_identify(src/ros2/rcl_interfaces/test_msgs) by extensions ['ros']
[0.245s] Level 1:colcon.colcon_core.package_identification:_identify(src/ros2/rcl_interfaces/test_msgs) by extension 'ros'
[0.246s] DEBUG:colcon.colcon_core.package_identification:Package 'src/ros2/rcl_interfaces/test_msgs' with type 'ros.ament_cmake' and name 'test_msgs'
[0.246s] Level 1:colcon.colcon_core.package_identification:_identify(src/ros2/unique_identifier_msgs) by extensions ['ignore', 'ignore_ament_install']
[0.246s] Level 1:colcon.colcon_core.package_identification:_identify(src/ros2/unique_identifier_msgs) by extension 'ignore'
[0.246s] Level 1:colcon.colcon_core.package_identification:_identify(src/ros2/unique_identifier_msgs) by extension 'ignore_ament_install'
[0.246s] Level 1:colcon.colcon_core.package_identification:_identify(src/ros2/unique_identifier_msgs) by extensions ['colcon_pkg']
[0.246s] Level 1:colcon.colcon_core.package_identification:_identify(src/ros2/unique_identifier_msgs) by extension 'colcon_pkg'
[0.246s] Level 1:colcon.colcon_core.package_identification:_identify(src/ros2/unique_identifier_msgs) by extensions ['colcon_meta']
[0.246s] Level 1:colcon.colcon_core.package_identification:_identify(src/ros2/unique_identifier_msgs) by extension 'colcon_meta'
[0.246s] Level 1:colcon.colcon_core.package_identification:_identify(src/ros2/unique_identifier_msgs) by extensions ['ros']
[0.246s] Level 1:colcon.colcon_core.package_identification:_identify(src/ros2/unique_identifier_msgs) by extension 'ros'
[0.247s] DEBUG:colcon.colcon_core.package_identification:Package 'src/ros2/unique_identifier_msgs' with type 'ros.ament_cmake' and name 'unique_identifier_msgs'
[0.247s] Level 1:colcon.colcon_core.package_identification:_identify(src/uros) by extensions ['ignore', 'ignore_ament_install']
[0.247s] Level 1:colcon.colcon_core.package_identification:_identify(src/uros) by extension 'ignore'
[0.247s] Level 1:colcon.colcon_core.package_identification:_identify(src/uros) by extension 'ignore_ament_install'
[0.247s] Level 1:colcon.colcon_core.package_identification:_identify(src/uros) by extensions ['colcon_pkg']
[0.247s] Level 1:colcon.colcon_core.package_identification:_identify(src/uros) by extension 'colcon_pkg'
[0.247s] Level 1:colcon.colcon_core.package_identification:_identify(src/uros) by extensions ['colcon_meta']
[0.247s] Level 1:colcon.colcon_core.package_identification:_identify(src/uros) by extension 'colcon_meta'
[0.247s] Level 1:colcon.colcon_core.package_identification:_identify(src/uros) by extensions ['ros']
[0.247s] Level 1:colcon.colcon_core.package_identification:_identify(src/uros) by extension 'ros'
[0.247s] Level 1:colcon.colcon_core.package_identification:_identify(src/uros) by extensions ['cmake', 'python']
[0.247s] Level 1:colcon.colcon_core.package_identification:_identify(src/uros) by extension 'cmake'
[0.247s] Level 1:colcon.colcon_core.package_identification:_identify(src/uros) by extension 'python'
[0.247s] Level 1:colcon.colcon_core.package_identification:_identify(src/uros) by extensions ['python_setup_py']
[0.247s] Level 1:colcon.colcon_core.package_identification:_identify(src/uros) by extension 'python_setup_py'
[0.247s] Level 1:colcon.colcon_core.package_identification:_identify(src/uros/micro-ROS-Agent) by extensions ['ignore', 'ignore_ament_install']
[0.247s] Level 1:colcon.colcon_core.package_identification:_identify(src/uros/micro-ROS-Agent) by extension 'ignore'
[0.247s] Level 1:colcon.colcon_core.package_identification:_identify(src/uros/micro-ROS-Agent) by extension 'ignore_ament_install'
[0.247s] Level 1:colcon.colcon_core.package_identification:_identify(src/uros/micro-ROS-Agent) by extensions ['colcon_pkg']
[0.247s] Level 1:colcon.colcon_core.package_identification:_identify(src/uros/micro-ROS-Agent) by extension 'colcon_pkg'
[0.247s] Level 1:colcon.colcon_core.package_identification:_identify(src/uros/micro-ROS-Agent) by extensions ['colcon_meta']
[0.247s] Level 1:colcon.colcon_core.package_identification:_identify(src/uros/micro-ROS-Agent) by extension 'colcon_meta'
[0.247s] Level 1:colcon.colcon_core.package_identification:_identify(src/uros/micro-ROS-Agent) by extensions ['ros']
[0.247s] Level 1:colcon.colcon_core.package_identification:_identify(src/uros/micro-ROS-Agent) by extension 'ros'
[0.247s] Level 1:colcon.colcon_core.package_identification:_identify(src/uros/micro-ROS-Agent) by extensions ['cmake', 'python']
[0.248s] Level 1:colcon.colcon_core.package_identification:_identify(src/uros/micro-ROS-Agent) by extension 'cmake'
[0.248s] Level 1:colcon.colcon_core.package_identification:_identify(src/uros/micro-ROS-Agent) by extension 'python'
[0.248s] Level 1:colcon.colcon_core.package_identification:_identify(src/uros/micro-ROS-Agent) by extensions ['python_setup_py']
[0.248s] Level 1:colcon.colcon_core.package_identification:_identify(src/uros/micro-ROS-Agent) by extension 'python_setup_py'
[0.248s] Level 1:colcon.colcon_core.package_identification:_identify(src/uros/micro-ROS-Agent/micro_ros_agent) by extensions ['ignore', 'ignore_ament_install']
[0.248s] Level 1:colcon.colcon_core.package_identification:_identify(src/uros/micro-ROS-Agent/micro_ros_agent) by extension 'ignore'
[0.248s] Level 1:colcon.colcon_core.package_identification:_identify(src/uros/micro-ROS-Agent/micro_ros_agent) by extension 'ignore_ament_install'
[0.248s] Level 1:colcon.colcon_core.package_identification:_identify(src/uros/micro-ROS-Agent/micro_ros_agent) by extensions ['colcon_pkg']
[0.248s] Level 1:colcon.colcon_core.package_identification:_identify(src/uros/micro-ROS-Agent/micro_ros_agent) by extension 'colcon_pkg'
[0.248s] Level 1:colcon.colcon_core.package_identification:_identify(src/uros/micro-ROS-Agent/micro_ros_agent) by extensions ['colcon_meta']
[0.248s] Level 1:colcon.colcon_core.package_identification:_identify(src/uros/micro-ROS-Agent/micro_ros_agent) by extension 'colcon_meta'
[0.248s] Level 1:colcon.colcon_core.package_identification:_identify(src/uros/micro-ROS-Agent/micro_ros_agent) by extensions ['ros']
[0.248s] Level 1:colcon.colcon_core.package_identification:_identify(src/uros/micro-ROS-Agent/micro_ros_agent) by extension 'ros'
[0.248s] DEBUG:colcon.colcon_core.package_identification:Package 'src/uros/micro-ROS-Agent/micro_ros_agent' with type 'ros.ament_cmake' and name 'micro_ros_agent'
[0.249s] Level 1:colcon.colcon_core.package_identification:_identify(src/uros/micro-ROS-Agent/snap) by extensions ['ignore', 'ignore_ament_install']
[0.249s] Level 1:colcon.colcon_core.package_identification:_identify(src/uros/micro-ROS-Agent/snap) by extension 'ignore'
[0.249s] Level 1:colcon.colcon_core.package_identification:_identify(src/uros/micro-ROS-Agent/snap) by extension 'ignore_ament_install'
[0.249s] Level 1:colcon.colcon_core.package_identification:_identify(src/uros/micro-ROS-Agent/snap) by extensions ['colcon_pkg']
[0.249s] Level 1:colcon.colcon_core.package_identification:_identify(src/uros/micro-ROS-Agent/snap) by extension 'colcon_pkg'
[0.249s] Level 1:colcon.colcon_core.package_identification:_identify(src/uros/micro-ROS-Agent/snap) by extensions ['colcon_meta']
[0.249s] Level 1:colcon.colcon_core.package_identification:_identify(src/uros/micro-ROS-Agent/snap) by extension 'colcon_meta'
[0.249s] Level 1:colcon.colcon_core.package_identification:_identify(src/uros/micro-ROS-Agent/snap) by extensions ['ros']
[0.249s] Level 1:colcon.colcon_core.package_identification:_identify(src/uros/micro-ROS-Agent/snap) by extension 'ros'
[0.249s] Level 1:colcon.colcon_core.package_identification:_identify(src/uros/micro-ROS-Agent/snap) by extensions ['cmake', 'python']
[0.249s] Level 1:colcon.colcon_core.package_identification:_identify(src/uros/micro-ROS-Agent/snap) by extension 'cmake'
[0.249s] Level 1:colcon.colcon_core.package_identification:_identify(src/uros/micro-ROS-Agent/snap) by extension 'python'
[0.249s] Level 1:colcon.colcon_core.package_identification:_identify(src/uros/micro-ROS-Agent/snap) by extensions ['python_setup_py']
[0.249s] Level 1:colcon.colcon_core.package_identification:_identify(src/uros/micro-ROS-Agent/snap) by extension 'python_setup_py'
[0.249s] Level 1:colcon.colcon_core.package_identification:_identify(src/uros/micro-ROS-Agent/snap/hooks) by extensions ['ignore', 'ignore_ament_install']
[0.249s] Level 1:colcon.colcon_core.package_identification:_identify(src/uros/micro-ROS-Agent/snap/hooks) by extension 'ignore'
[0.249s] Level 1:colcon.colcon_core.package_identification:_identify(src/uros/micro-ROS-Agent/snap/hooks) by extension 'ignore_ament_install'
[0.249s] Level 1:colcon.colcon_core.package_identification:_identify(src/uros/micro-ROS-Agent/snap/hooks) by extensions ['colcon_pkg']
[0.249s] Level 1:colcon.colcon_core.package_identification:_identify(src/uros/micro-ROS-Agent/snap/hooks) by extension 'colcon_pkg'
[0.249s] Level 1:colcon.colcon_core.package_identification:_identify(src/uros/micro-ROS-Agent/snap/hooks) by extensions ['colcon_meta']
[0.249s] Level 1:colcon.colcon_core.package_identification:_identify(src/uros/micro-ROS-Agent/snap/hooks) by extension 'colcon_meta'
[0.249s] Level 1:colcon.colcon_core.package_identification:_identify(src/uros/micro-ROS-Agent/snap/hooks) by extensions ['ros']
[0.249s] Level 1:colcon.colcon_core.package_identification:_identify(src/uros/micro-ROS-Agent/snap/hooks) by extension 'ros'
[0.249s] Level 1:colcon.colcon_core.package_identification:_identify(src/uros/micro-ROS-Agent/snap/hooks) by extensions ['cmake', 'python']
[0.249s] Level 1:colcon.colcon_core.package_identification:_identify(src/uros/micro-ROS-Agent/snap/hooks) by extension 'cmake'
[0.250s] Level 1:colcon.colcon_core.package_identification:_identify(src/uros/micro-ROS-Agent/snap/hooks) by extension 'python'
[0.250s] Level 1:colcon.colcon_core.package_identification:_identify(src/uros/micro-ROS-Agent/snap/hooks) by extensions ['python_setup_py']
[0.250s] Level 1:colcon.colcon_core.package_identification:_identify(src/uros/micro-ROS-Agent/snap/hooks) by extension 'python_setup_py'
[0.250s] Level 1:colcon.colcon_core.package_identification:_identify(src/uros/micro-ROS-Agent/snap/local) by extensions ['ignore', 'ignore_ament_install']
[0.250s] Level 1:colcon.colcon_core.package_identification:_identify(src/uros/micro-ROS-Agent/snap/local) by extension 'ignore'
[0.250s] Level 1:colcon.colcon_core.package_identification:_identify(src/uros/micro-ROS-Agent/snap/local) by extension 'ignore_ament_install'
[0.250s] Level 1:colcon.colcon_core.package_identification:_identify(src/uros/micro-ROS-Agent/snap/local) by extensions ['colcon_pkg']
[0.250s] Level 1:colcon.colcon_core.package_identification:_identify(src/uros/micro-ROS-Agent/snap/local) by extension 'colcon_pkg'
[0.250s] Level 1:colcon.colcon_core.package_identification:_identify(src/uros/micro-ROS-Agent/snap/local) by extensions ['colcon_meta']
[0.250s] Level 1:colcon.colcon_core.package_identification:_identify(src/uros/micro-ROS-Agent/snap/local) by extension 'colcon_meta'
[0.250s] Level 1:colcon.colcon_core.package_identification:_identify(src/uros/micro-ROS-Agent/snap/local) by extensions ['ros']
[0.250s] Level 1:colcon.colcon_core.package_identification:_identify(src/uros/micro-ROS-Agent/snap/local) by extension 'ros'
[0.250s] Level 1:colcon.colcon_core.package_identification:_identify(src/uros/micro-ROS-Agent/snap/local) by extensions ['cmake', 'python']
[0.250s] Level 1:colcon.colcon_core.package_identification:_identify(src/uros/micro-ROS-Agent/snap/local) by extension 'cmake'
[0.250s] Level 1:colcon.colcon_core.package_identification:_identify(src/uros/micro-ROS-Agent/snap/local) by extension 'python'
[0.250s] Level 1:colcon.colcon_core.package_identification:_identify(src/uros/micro-ROS-Agent/snap/local) by extensions ['python_setup_py']
[0.250s] Level 1:colcon.colcon_core.package_identification:_identify(src/uros/micro-ROS-Agent/snap/local) by extension 'python_setup_py'
[0.250s] Level 1:colcon.colcon_core.package_identification:_identify(src/uros/micro-ROS-demos) by extensions ['ignore', 'ignore_ament_install']
[0.250s] Level 1:colcon.colcon_core.package_identification:_identify(src/uros/micro-ROS-demos) by extension 'ignore'
[0.250s] Level 1:colcon.colcon_core.package_identification:_identify(src/uros/micro-ROS-demos) by extension 'ignore_ament_install'
[0.250s] Level 1:colcon.colcon_core.package_identification:_identify(src/uros/micro-ROS-demos) by extensions ['colcon_pkg']
[0.250s] Level 1:colcon.colcon_core.package_identification:_identify(src/uros/micro-ROS-demos) by extension 'colcon_pkg'
[0.250s] Level 1:colcon.colcon_core.package_identification:_identify(src/uros/micro-ROS-demos) by extensions ['colcon_meta']
[0.250s] Level 1:colcon.colcon_core.package_identification:_identify(src/uros/micro-ROS-demos) by extension 'colcon_meta'
[0.250s] Level 1:colcon.colcon_core.package_identification:_identify(src/uros/micro-ROS-demos) by extensions ['ros']
[0.250s] Level 1:colcon.colcon_core.package_identification:_identify(src/uros/micro-ROS-demos) by extension 'ros'
[0.250s] Level 1:colcon.colcon_core.package_identification:_identify(src/uros/micro-ROS-demos) by extensions ['cmake', 'python']
[0.250s] Level 1:colcon.colcon_core.package_identification:_identify(src/uros/micro-ROS-demos) by extension 'cmake'
[0.250s] Level 1:colcon.colcon_core.package_identification:_identify(src/uros/micro-ROS-demos) by extension 'python'
[0.250s] Level 1:colcon.colcon_core.package_identification:_identify(src/uros/micro-ROS-demos) by extensions ['python_setup_py']
[0.250s] Level 1:colcon.colcon_core.package_identification:_identify(src/uros/micro-ROS-demos) by extension 'python_setup_py'
[0.250s] Level 1:colcon.colcon_core.package_identification:_identify(src/uros/micro-ROS-demos/messages) by extensions ['ignore', 'ignore_ament_install']
[0.251s] Level 1:colcon.colcon_core.package_identification:_identify(src/uros/micro-ROS-demos/messages) by extension 'ignore'
[0.251s] Level 1:colcon.colcon_core.package_identification:_identify(src/uros/micro-ROS-demos/messages) by extension 'ignore_ament_install'
[0.251s] Level 1:colcon.colcon_core.package_identification:_identify(src/uros/micro-ROS-demos/messages) by extensions ['colcon_pkg']
[0.251s] Level 1:colcon.colcon_core.package_identification:_identify(src/uros/micro-ROS-demos/messages) by extension 'colcon_pkg'
[0.251s] Level 1:colcon.colcon_core.package_identification:_identify(src/uros/micro-ROS-demos/messages) by extensions ['colcon_meta']
[0.251s] Level 1:colcon.colcon_core.package_identification:_identify(src/uros/micro-ROS-demos/messages) by extension 'colcon_meta'
[0.251s] Level 1:colcon.colcon_core.package_identification:_identify(src/uros/micro-ROS-demos/messages) by extensions ['ros']
[0.251s] Level 1:colcon.colcon_core.package_identification:_identify(src/uros/micro-ROS-demos/messages) by extension 'ros'
[0.251s] Level 1:colcon.colcon_core.package_identification:_identify(src/uros/micro-ROS-demos/messages) by extensions ['cmake', 'python']
[0.251s] Level 1:colcon.colcon_core.package_identification:_identify(src/uros/micro-ROS-demos/messages) by extension 'cmake'
[0.251s] Level 1:colcon.colcon_core.package_identification:_identify(src/uros/micro-ROS-demos/messages) by extension 'python'
[0.251s] Level 1:colcon.colcon_core.package_identification:_identify(src/uros/micro-ROS-demos/messages) by extensions ['python_setup_py']
[0.251s] Level 1:colcon.colcon_core.package_identification:_identify(src/uros/micro-ROS-demos/messages) by extension 'python_setup_py'
[0.251s] Level 1:colcon.colcon_core.package_identification:_identify(src/uros/micro-ROS-demos/messages/complex_msg) by extensions ['ignore', 'ignore_ament_install']
[0.251s] Level 1:colcon.colcon_core.package_identification:_identify(src/uros/micro-ROS-demos/messages/complex_msg) by extension 'ignore'
[0.251s] Level 1:colcon.colcon_core.package_identification:_identify(src/uros/micro-ROS-demos/messages/complex_msg) by extension 'ignore_ament_install'
[0.251s] Level 1:colcon.colcon_core.package_identification:_identify(src/uros/micro-ROS-demos/messages/complex_msg) by extensions ['colcon_pkg']
[0.251s] Level 1:colcon.colcon_core.package_identification:_identify(src/uros/micro-ROS-demos/messages/complex_msg) by extension 'colcon_pkg'
[0.251s] Level 1:colcon.colcon_core.package_identification:_identify(src/uros/micro-ROS-demos/messages/complex_msg) by extensions ['colcon_meta']
[0.251s] Level 1:colcon.colcon_core.package_identification:_identify(src/uros/micro-ROS-demos/messages/complex_msg) by extension 'colcon_meta'
[0.251s] Level 1:colcon.colcon_core.package_identification:_identify(src/uros/micro-ROS-demos/messages/complex_msg) by extensions ['ros']
[0.251s] Level 1:colcon.colcon_core.package_identification:_identify(src/uros/micro-ROS-demos/messages/complex_msg) by extension 'ros'
[0.252s] DEBUG:colcon.colcon_core.package_identification:Package 'src/uros/micro-ROS-demos/messages/complex_msg' with type 'ros.ament_cmake' and name 'complex_msgs'
[0.252s] Level 1:colcon.colcon_core.package_identification:_identify(src/uros/micro-ROS-demos/rclc) by extensions ['ignore', 'ignore_ament_install']
[0.252s] Level 1:colcon.colcon_core.package_identification:_identify(src/uros/micro-ROS-demos/rclc) by extension 'ignore'
[0.252s] Level 1:colcon.colcon_core.package_identification:_identify(src/uros/micro-ROS-demos/rclc) by extension 'ignore_ament_install'
[0.252s] Level 1:colcon.colcon_core.package_identification:_identify(src/uros/micro-ROS-demos/rclc) by extensions ['colcon_pkg']
[0.252s] Level 1:colcon.colcon_core.package_identification:_identify(src/uros/micro-ROS-demos/rclc) by extension 'colcon_pkg'
[0.252s] Level 1:colcon.colcon_core.package_identification:_identify(src/uros/micro-ROS-demos/rclc) by extensions ['colcon_meta']
[0.252s] Level 1:colcon.colcon_core.package_identification:_identify(src/uros/micro-ROS-demos/rclc) by extension 'colcon_meta'
[0.252s] Level 1:colcon.colcon_core.package_identification:_identify(src/uros/micro-ROS-demos/rclc) by extensions ['ros']
[0.252s] Level 1:colcon.colcon_core.package_identification:_identify(src/uros/micro-ROS-demos/rclc) by extension 'ros'
[0.253s] DEBUG:colcon.colcon_core.package_identification:Package 'src/uros/micro-ROS-demos/rclc' with type 'ros.ament_cmake' and name 'micro_ros_demos_rclc'
[0.253s] Level 1:colcon.colcon_core.package_identification:_identify(src/uros/micro_ros_msgs) by extensions ['ignore', 'ignore_ament_install']
[0.253s] Level 1:colcon.colcon_core.package_identification:_identify(src/uros/micro_ros_msgs) by extension 'ignore'
[0.253s] Level 1:colcon.colcon_core.package_identification:_identify(src/uros/micro_ros_msgs) by extension 'ignore_ament_install'
[0.253s] Level 1:colcon.colcon_core.package_identification:_identify(src/uros/micro_ros_msgs) by extensions ['colcon_pkg']
[0.253s] Level 1:colcon.colcon_core.package_identification:_identify(src/uros/micro_ros_msgs) by extension 'colcon_pkg'
[0.253s] Level 1:colcon.colcon_core.package_identification:_identify(src/uros/micro_ros_msgs) by extensions ['colcon_meta']
[0.253s] Level 1:colcon.colcon_core.package_identification:_identify(src/uros/micro_ros_msgs) by extension 'colcon_meta'
[0.253s] Level 1:colcon.colcon_core.package_identification:_identify(src/uros/micro_ros_msgs) by extensions ['ros']
[0.253s] Level 1:colcon.colcon_core.package_identification:_identify(src/uros/micro_ros_msgs) by extension 'ros'
[0.254s] DEBUG:colcon.colcon_core.package_identification:Package 'src/uros/micro_ros_msgs' with type 'ros.ament_cmake' and name 'micro_ros_msgs'
[0.254s] Level 1:colcon.colcon_core.package_identification:_identify(src/uros/micro_ros_utilities) by extensions ['ignore', 'ignore_ament_install']
[0.254s] Level 1:colcon.colcon_core.package_identification:_identify(src/uros/micro_ros_utilities) by extension 'ignore'
[0.254s] Level 1:colcon.colcon_core.package_identification:_identify(src/uros/micro_ros_utilities) by extension 'ignore_ament_install'
[0.254s] Level 1:colcon.colcon_core.package_identification:_identify(src/uros/micro_ros_utilities) by extensions ['colcon_pkg']
[0.254s] Level 1:colcon.colcon_core.package_identification:_identify(src/uros/micro_ros_utilities) by extension 'colcon_pkg'
[0.254s] Level 1:colcon.colcon_core.package_identification:_identify(src/uros/micro_ros_utilities) by extensions ['colcon_meta']
[0.254s] Level 1:colcon.colcon_core.package_identification:_identify(src/uros/micro_ros_utilities) by extension 'colcon_meta'
[0.254s] Level 1:colcon.colcon_core.package_identification:_identify(src/uros/micro_ros_utilities) by extensions ['ros']
[0.254s] Level 1:colcon.colcon_core.package_identification:_identify(src/uros/micro_ros_utilities) by extension 'ros'
[0.254s] DEBUG:colcon.colcon_core.package_identification:Package 'src/uros/micro_ros_utilities' with type 'ros.ament_cmake' and name 'micro_ros_utilities'
[0.255s] Level 1:colcon.colcon_core.package_identification:_identify(src/uros/rclc) by extensions ['ignore', 'ignore_ament_install']
[0.255s] Level 1:colcon.colcon_core.package_identification:_identify(src/uros/rclc) by extension 'ignore'
[0.255s] Level 1:colcon.colcon_core.package_identification:_identify(src/uros/rclc) by extension 'ignore_ament_install'
[0.255s] Level 1:colcon.colcon_core.package_identification:_identify(src/uros/rclc) by extensions ['colcon_pkg']
[0.255s] Level 1:colcon.colcon_core.package_identification:_identify(src/uros/rclc) by extension 'colcon_pkg'
[0.255s] Level 1:colcon.colcon_core.package_identification:_identify(src/uros/rclc) by extensions ['colcon_meta']
[0.255s] Level 1:colcon.colcon_core.package_identification:_identify(src/uros/rclc) by extension 'colcon_meta'
[0.255s] Level 1:colcon.colcon_core.package_identification:_identify(src/uros/rclc) by extensions ['ros']
[0.255s] Level 1:colcon.colcon_core.package_identification:_identify(src/uros/rclc) by extension 'ros'
[0.255s] Level 1:colcon.colcon_core.package_identification:_identify(src/uros/rclc) by extensions ['cmake', 'python']
[0.255s] Level 1:colcon.colcon_core.package_identification:_identify(src/uros/rclc) by extension 'cmake'
[0.255s] Level 1:colcon.colcon_core.package_identification:_identify(src/uros/rclc) by extension 'python'
[0.255s] Level 1:colcon.colcon_core.package_identification:_identify(src/uros/rclc) by extensions ['python_setup_py']
[0.255s] Level 1:colcon.colcon_core.package_identification:_identify(src/uros/rclc) by extension 'python_setup_py'
[0.255s] Level 1:colcon.colcon_core.package_identification:_identify(src/uros/rclc/rclc) by extensions ['ignore', 'ignore_ament_install']
[0.255s] Level 1:colcon.colcon_core.package_identification:_identify(src/uros/rclc/rclc) by extension 'ignore'
[0.255s] Level 1:colcon.colcon_core.package_identification:_identify(src/uros/rclc/rclc) by extension 'ignore_ament_install'
[0.255s] Level 1:colcon.colcon_core.package_identification:_identify(src/uros/rclc/rclc) by extensions ['colcon_pkg']
[0.255s] Level 1:colcon.colcon_core.package_identification:_identify(src/uros/rclc/rclc) by extension 'colcon_pkg'
[0.255s] Level 1:colcon.colcon_core.package_identification:_identify(src/uros/rclc/rclc) by extensions ['colcon_meta']
[0.255s] Level 1:colcon.colcon_core.package_identification:_identify(src/uros/rclc/rclc) by extension 'colcon_meta'
[0.255s] Level 1:colcon.colcon_core.package_identification:_identify(src/uros/rclc/rclc) by extensions ['ros']
[0.255s] Level 1:colcon.colcon_core.package_identification:_identify(src/uros/rclc/rclc) by extension 'ros'
[0.256s] DEBUG:colcon.colcon_core.package_identification:Package 'src/uros/rclc/rclc' with type 'ros.ament_cmake' and name 'rclc'
[0.256s] Level 1:colcon.colcon_core.package_identification:_identify(src/uros/rclc/rclc_examples) by extensions ['ignore', 'ignore_ament_install']
[0.256s] Level 1:colcon.colcon_core.package_identification:_identify(src/uros/rclc/rclc_examples) by extension 'ignore'
[0.256s] Level 1:colcon.colcon_core.package_identification:_identify(src/uros/rclc/rclc_examples) by extension 'ignore_ament_install'
[0.256s] Level 1:colcon.colcon_core.package_identification:_identify(src/uros/rclc/rclc_examples) by extensions ['colcon_pkg']
[0.256s] Level 1:colcon.colcon_core.package_identification:_identify(src/uros/rclc/rclc_examples) by extension 'colcon_pkg'
[0.256s] Level 1:colcon.colcon_core.package_identification:_identify(src/uros/rclc/rclc_examples) by extensions ['colcon_meta']
[0.256s] Level 1:colcon.colcon_core.package_identification:_identify(src/uros/rclc/rclc_examples) by extension 'colcon_meta'
[0.256s] Level 1:colcon.colcon_core.package_identification:_identify(src/uros/rclc/rclc_examples) by extensions ['ros']
[0.256s] Level 1:colcon.colcon_core.package_identification:_identify(src/uros/rclc/rclc_examples) by extension 'ros'
[0.257s] DEBUG:colcon.colcon_core.package_identification:Package 'src/uros/rclc/rclc_examples' with type 'ros.ament_cmake' and name 'rclc_examples'
[0.257s] Level 1:colcon.colcon_core.package_identification:_identify(src/uros/rclc/rclc_lifecycle) by extensions ['ignore', 'ignore_ament_install']
[0.257s] Level 1:colcon.colcon_core.package_identification:_identify(src/uros/rclc/rclc_lifecycle) by extension 'ignore'
[0.257s] Level 1:colcon.colcon_core.package_identification:_identify(src/uros/rclc/rclc_lifecycle) by extension 'ignore_ament_install'
[0.257s] Level 1:colcon.colcon_core.package_identification:_identify(src/uros/rclc/rclc_lifecycle) by extensions ['colcon_pkg']
[0.257s] Level 1:colcon.colcon_core.package_identification:_identify(src/uros/rclc/rclc_lifecycle) by extension 'colcon_pkg'
[0.257s] Level 1:colcon.colcon_core.package_identification:_identify(src/uros/rclc/rclc_lifecycle) by extensions ['colcon_meta']
[0.257s] Level 1:colcon.colcon_core.package_identification:_identify(src/uros/rclc/rclc_lifecycle) by extension 'colcon_meta'
[0.257s] Level 1:colcon.colcon_core.package_identification:_identify(src/uros/rclc/rclc_lifecycle) by extensions ['ros']
[0.257s] Level 1:colcon.colcon_core.package_identification:_identify(src/uros/rclc/rclc_lifecycle) by extension 'ros'
[0.258s] DEBUG:colcon.colcon_core.package_identification:Package 'src/uros/rclc/rclc_lifecycle' with type 'ros.ament_cmake' and name 'rclc_lifecycle'
[0.258s] Level 1:colcon.colcon_core.package_identification:_identify(src/uros/rclc/rclc_parameter) by extensions ['ignore', 'ignore_ament_install']
[0.258s] Level 1:colcon.colcon_core.package_identification:_identify(src/uros/rclc/rclc_parameter) by extension 'ignore'
[0.258s] Level 1:colcon.colcon_core.package_identification:_identify(src/uros/rclc/rclc_parameter) by extension 'ignore_ament_install'
[0.258s] Level 1:colcon.colcon_core.package_identification:_identify(src/uros/rclc/rclc_parameter) by extensions ['colcon_pkg']
[0.258s] Level 1:colcon.colcon_core.package_identification:_identify(src/uros/rclc/rclc_parameter) by extension 'colcon_pkg'
[0.258s] Level 1:colcon.colcon_core.package_identification:_identify(src/uros/rclc/rclc_parameter) by extensions ['colcon_meta']
[0.258s] Level 1:colcon.colcon_core.package_identification:_identify(src/uros/rclc/rclc_parameter) by extension 'colcon_meta'
[0.258s] Level 1:colcon.colcon_core.package_identification:_identify(src/uros/rclc/rclc_parameter) by extensions ['ros']
[0.258s] Level 1:colcon.colcon_core.package_identification:_identify(src/uros/rclc/rclc_parameter) by extension 'ros'
[0.259s] DEBUG:colcon.colcon_core.package_identification:Package 'src/uros/rclc/rclc_parameter' with type 'ros.ament_cmake' and name 'rclc_parameter'
[0.259s] Level 1:colcon.colcon_core.package_identification:_identify(src/uros/rmw_microxrcedds) by extensions ['ignore', 'ignore_ament_install']
[0.259s] Level 1:colcon.colcon_core.package_identification:_identify(src/uros/rmw_microxrcedds) by extension 'ignore'
[0.259s] Level 1:colcon.colcon_core.package_identification:_identify(src/uros/rmw_microxrcedds) by extension 'ignore_ament_install'
[0.259s] Level 1:colcon.colcon_core.package_identification:_identify(src/uros/rmw_microxrcedds) by extensions ['colcon_pkg']
[0.259s] Level 1:colcon.colcon_core.package_identification:_identify(src/uros/rmw_microxrcedds) by extension 'colcon_pkg'
[0.259s] Level 1:colcon.colcon_core.package_identification:_identify(src/uros/rmw_microxrcedds) by extensions ['colcon_meta']
[0.259s] Level 1:colcon.colcon_core.package_identification:_identify(src/uros/rmw_microxrcedds) by extension 'colcon_meta'
[0.259s] Level 1:colcon.colcon_core.package_identification:_identify(src/uros/rmw_microxrcedds) by extensions ['ros']
[0.259s] Level 1:colcon.colcon_core.package_identification:_identify(src/uros/rmw_microxrcedds) by extension 'ros'
[0.259s] Level 1:colcon.colcon_core.package_identification:_identify(src/uros/rmw_microxrcedds) by extensions ['cmake', 'python']
[0.259s] Level 1:colcon.colcon_core.package_identification:_identify(src/uros/rmw_microxrcedds) by extension 'cmake'
[0.259s] Level 1:colcon.colcon_core.package_identification:_identify(src/uros/rmw_microxrcedds) by extension 'python'
[0.259s] Level 1:colcon.colcon_core.package_identification:_identify(src/uros/rmw_microxrcedds) by extensions ['python_setup_py']
[0.259s] Level 1:colcon.colcon_core.package_identification:_identify(src/uros/rmw_microxrcedds) by extension 'python_setup_py'
[0.259s] Level 1:colcon.colcon_core.package_identification:_identify(src/uros/rmw_microxrcedds/rmw_microxrcedds_c) by extensions ['ignore', 'ignore_ament_install']
[0.259s] Level 1:colcon.colcon_core.package_identification:_identify(src/uros/rmw_microxrcedds/rmw_microxrcedds_c) by extension 'ignore'
[0.259s] Level 1:colcon.colcon_core.package_identification:_identify(src/uros/rmw_microxrcedds/rmw_microxrcedds_c) by extension 'ignore_ament_install'
[0.259s] Level 1:colcon.colcon_core.package_identification:_identify(src/uros/rmw_microxrcedds/rmw_microxrcedds_c) by extensions ['colcon_pkg']
[0.259s] Level 1:colcon.colcon_core.package_identification:_identify(src/uros/rmw_microxrcedds/rmw_microxrcedds_c) by extension 'colcon_pkg'
[0.259s] Level 1:colcon.colcon_core.package_identification:_identify(src/uros/rmw_microxrcedds/rmw_microxrcedds_c) by extensions ['colcon_meta']
[0.259s] Level 1:colcon.colcon_core.package_identification:_identify(src/uros/rmw_microxrcedds/rmw_microxrcedds_c) by extension 'colcon_meta'
[0.259s] Level 1:colcon.colcon_core.package_identification:_identify(src/uros/rmw_microxrcedds/rmw_microxrcedds_c) by extensions ['ros']
[0.259s] Level 1:colcon.colcon_core.package_identification:_identify(src/uros/rmw_microxrcedds/rmw_microxrcedds_c) by extension 'ros'
[0.260s] DEBUG:colcon.colcon_core.package_identification:Package 'src/uros/rmw_microxrcedds/rmw_microxrcedds_c' with type 'ros.ament_cmake' and name 'rmw_microxrcedds'
[0.260s] Level 1:colcon.colcon_core.package_identification:_identify(src/uros/rosidl_typesupport_microxrcedds) by extensions ['ignore', 'ignore_ament_install']
[0.260s] Level 1:colcon.colcon_core.package_identification:_identify(src/uros/rosidl_typesupport_microxrcedds) by extension 'ignore'
[0.260s] Level 1:colcon.colcon_core.package_identification:_identify(src/uros/rosidl_typesupport_microxrcedds) by extension 'ignore_ament_install'
[0.260s] Level 1:colcon.colcon_core.package_identification:_identify(src/uros/rosidl_typesupport_microxrcedds) by extensions ['colcon_pkg']
[0.260s] Level 1:colcon.colcon_core.package_identification:_identify(src/uros/rosidl_typesupport_microxrcedds) by extension 'colcon_pkg'
[0.261s] Level 1:colcon.colcon_core.package_identification:_identify(src/uros/rosidl_typesupport_microxrcedds) by extensions ['colcon_meta']
[0.261s] Level 1:colcon.colcon_core.package_identification:_identify(src/uros/rosidl_typesupport_microxrcedds) by extension 'colcon_meta'
[0.261s] Level 1:colcon.colcon_core.package_identification:_identify(src/uros/rosidl_typesupport_microxrcedds) by extensions ['ros']
[0.261s] Level 1:colcon.colcon_core.package_identification:_identify(src/uros/rosidl_typesupport_microxrcedds) by extension 'ros'
[0.261s] Level 1:colcon.colcon_core.package_identification:_identify(src/uros/rosidl_typesupport_microxrcedds) by extensions ['cmake', 'python']
[0.261s] Level 1:colcon.colcon_core.package_identification:_identify(src/uros/rosidl_typesupport_microxrcedds) by extension 'cmake'
[0.261s] Level 1:colcon.colcon_core.package_identification:_identify(src/uros/rosidl_typesupport_microxrcedds) by extension 'python'
[0.261s] Level 1:colcon.colcon_core.package_identification:_identify(src/uros/rosidl_typesupport_microxrcedds) by extensions ['python_setup_py']
[0.261s] Level 1:colcon.colcon_core.package_identification:_identify(src/uros/rosidl_typesupport_microxrcedds) by extension 'python_setup_py'
[0.261s] Level 1:colcon.colcon_core.package_identification:_identify(src/uros/rosidl_typesupport_microxrcedds/rosidl_typesupport_microxrcedds_c) by extensions ['ignore', 'ignore_ament_install']
[0.261s] Level 1:colcon.colcon_core.package_identification:_identify(src/uros/rosidl_typesupport_microxrcedds/rosidl_typesupport_microxrcedds_c) by extension 'ignore'
[0.261s] Level 1:colcon.colcon_core.package_identification:_identify(src/uros/rosidl_typesupport_microxrcedds/rosidl_typesupport_microxrcedds_c) by extension 'ignore_ament_install'
[0.261s] Level 1:colcon.colcon_core.package_identification:_identify(src/uros/rosidl_typesupport_microxrcedds/rosidl_typesupport_microxrcedds_c) by extensions ['colcon_pkg']
[0.261s] Level 1:colcon.colcon_core.package_identification:_identify(src/uros/rosidl_typesupport_microxrcedds/rosidl_typesupport_microxrcedds_c) by extension 'colcon_pkg'
[0.261s] Level 1:colcon.colcon_core.package_identification:_identify(src/uros/rosidl_typesupport_microxrcedds/rosidl_typesupport_microxrcedds_c) by extensions ['colcon_meta']
[0.261s] Level 1:colcon.colcon_core.package_identification:_identify(src/uros/rosidl_typesupport_microxrcedds/rosidl_typesupport_microxrcedds_c) by extension 'colcon_meta'
[0.261s] Level 1:colcon.colcon_core.package_identification:_identify(src/uros/rosidl_typesupport_microxrcedds/rosidl_typesupport_microxrcedds_c) by extensions ['ros']
[0.261s] Level 1:colcon.colcon_core.package_identification:_identify(src/uros/rosidl_typesupport_microxrcedds/rosidl_typesupport_microxrcedds_c) by extension 'ros'
[0.262s] DEBUG:colcon.colcon_core.package_identification:Package 'src/uros/rosidl_typesupport_microxrcedds/rosidl_typesupport_microxrcedds_c' with type 'ros.ament_cmake' and name 'rosidl_typesupport_microxrcedds_c'
[0.262s] Level 1:colcon.colcon_core.package_identification:_identify(src/uros/rosidl_typesupport_microxrcedds/rosidl_typesupport_microxrcedds_cpp) by extensions ['ignore', 'ignore_ament_install']
[0.262s] Level 1:colcon.colcon_core.package_identification:_identify(src/uros/rosidl_typesupport_microxrcedds/rosidl_typesupport_microxrcedds_cpp) by extension 'ignore'
[0.262s] Level 1:colcon.colcon_core.package_identification:_identify(src/uros/rosidl_typesupport_microxrcedds/rosidl_typesupport_microxrcedds_cpp) by extension 'ignore_ament_install'
[0.262s] Level 1:colcon.colcon_core.package_identification:_identify(src/uros/rosidl_typesupport_microxrcedds/rosidl_typesupport_microxrcedds_cpp) by extensions ['colcon_pkg']
[0.262s] Level 1:colcon.colcon_core.package_identification:_identify(src/uros/rosidl_typesupport_microxrcedds/rosidl_typesupport_microxrcedds_cpp) by extension 'colcon_pkg'
[0.262s] Level 1:colcon.colcon_core.package_identification:_identify(src/uros/rosidl_typesupport_microxrcedds/rosidl_typesupport_microxrcedds_cpp) by extensions ['colcon_meta']
[0.262s] Level 1:colcon.colcon_core.package_identification:_identify(src/uros/rosidl_typesupport_microxrcedds/rosidl_typesupport_microxrcedds_cpp) by extension 'colcon_meta'
[0.262s] Level 1:colcon.colcon_core.package_identification:_identify(src/uros/rosidl_typesupport_microxrcedds/rosidl_typesupport_microxrcedds_cpp) by extensions ['ros']
[0.262s] Level 1:colcon.colcon_core.package_identification:_identify(src/uros/rosidl_typesupport_microxrcedds/rosidl_typesupport_microxrcedds_cpp) by extension 'ros'
[0.262s] DEBUG:colcon.colcon_core.package_identification:Package 'src/uros/rosidl_typesupport_microxrcedds/rosidl_typesupport_microxrcedds_cpp' with type 'ros.ament_cmake' and name 'rosidl_typesupport_microxrcedds_cpp'
[0.263s] Level 1:colcon.colcon_core.package_identification:_identify(src/uros/rosidl_typesupport_microxrcedds/test) by extensions ['ignore', 'ignore_ament_install']
[0.263s] Level 1:colcon.colcon_core.package_identification:_identify(src/uros/rosidl_typesupport_microxrcedds/test) by extension 'ignore'
[0.263s] Level 1:colcon.colcon_core.package_identification:_identify(src/uros/rosidl_typesupport_microxrcedds/test) by extension 'ignore_ament_install'
[0.263s] Level 1:colcon.colcon_core.package_identification:_identify(src/uros/rosidl_typesupport_microxrcedds/test) by extensions ['colcon_pkg']
[0.263s] Level 1:colcon.colcon_core.package_identification:_identify(src/uros/rosidl_typesupport_microxrcedds/test) by extension 'colcon_pkg'
[0.263s] Level 1:colcon.colcon_core.package_identification:_identify(src/uros/rosidl_typesupport_microxrcedds/test) by extensions ['colcon_meta']
[0.263s] Level 1:colcon.colcon_core.package_identification:_identify(src/uros/rosidl_typesupport_microxrcedds/test) by extension 'colcon_meta'
[0.263s] Level 1:colcon.colcon_core.package_identification:_identify(src/uros/rosidl_typesupport_microxrcedds/test) by extensions ['ros']
[0.263s] Level 1:colcon.colcon_core.package_identification:_identify(src/uros/rosidl_typesupport_microxrcedds/test) by extension 'ros'
[0.263s] Level 1:colcon.colcon_core.package_identification:_identify(src/uros/rosidl_typesupport_microxrcedds/test) by extensions ['cmake', 'python']
[0.263s] Level 1:colcon.colcon_core.package_identification:_identify(src/uros/rosidl_typesupport_microxrcedds/test) by extension 'cmake'
[0.263s] Level 1:colcon.colcon_core.package_identification:_identify(src/uros/rosidl_typesupport_microxrcedds/test) by extension 'python'
[0.263s] Level 1:colcon.colcon_core.package_identification:_identify(src/uros/rosidl_typesupport_microxrcedds/test) by extensions ['python_setup_py']
[0.263s] Level 1:colcon.colcon_core.package_identification:_identify(src/uros/rosidl_typesupport_microxrcedds/test) by extension 'python_setup_py'
[0.263s] Level 1:colcon.colcon_core.package_identification:_identify(src/uros/rosidl_typesupport_microxrcedds/test/c) by extensions ['ignore', 'ignore_ament_install']
[0.263s] Level 1:colcon.colcon_core.package_identification:_identify(src/uros/rosidl_typesupport_microxrcedds/test/c) by extension 'ignore'
[0.263s] Level 1:colcon.colcon_core.package_identification:_identify(src/uros/rosidl_typesupport_microxrcedds/test/c) by extension 'ignore_ament_install'
[0.263s] Level 1:colcon.colcon_core.package_identification:_identify(src/uros/rosidl_typesupport_microxrcedds/test/c) by extensions ['colcon_pkg']
[0.263s] Level 1:colcon.colcon_core.package_identification:_identify(src/uros/rosidl_typesupport_microxrcedds/test/c) by extension 'colcon_pkg'
[0.263s] Level 1:colcon.colcon_core.package_identification:_identify(src/uros/rosidl_typesupport_microxrcedds/test/c) by extensions ['colcon_meta']
[0.263s] Level 1:colcon.colcon_core.package_identification:_identify(src/uros/rosidl_typesupport_microxrcedds/test/c) by extension 'colcon_meta'
[0.263s] Level 1:colcon.colcon_core.package_identification:_identify(src/uros/rosidl_typesupport_microxrcedds/test/c) by extensions ['ros']
[0.263s] Level 1:colcon.colcon_core.package_identification:_identify(src/uros/rosidl_typesupport_microxrcedds/test/c) by extension 'ros'
[0.264s] DEBUG:colcon.colcon_core.package_identification:Package 'src/uros/rosidl_typesupport_microxrcedds/test/c' with type 'ros.ament_cmake' and name 'rosidl_typesupport_microxrcedds_c_tests'
[0.264s] Level 1:colcon.colcon_core.package_identification:_identify(src/uros/rosidl_typesupport_microxrcedds/test/cpp) by extensions ['ignore', 'ignore_ament_install']
[0.264s] Level 1:colcon.colcon_core.package_identification:_identify(src/uros/rosidl_typesupport_microxrcedds/test/cpp) by extension 'ignore'
[0.264s] Level 1:colcon.colcon_core.package_identification:_identify(src/uros/rosidl_typesupport_microxrcedds/test/cpp) by extension 'ignore_ament_install'
[0.264s] Level 1:colcon.colcon_core.package_identification:_identify(src/uros/rosidl_typesupport_microxrcedds/test/cpp) by extensions ['colcon_pkg']
[0.264s] Level 1:colcon.colcon_core.package_identification:_identify(src/uros/rosidl_typesupport_microxrcedds/test/cpp) by extension 'colcon_pkg'
[0.264s] Level 1:colcon.colcon_core.package_identification:_identify(src/uros/rosidl_typesupport_microxrcedds/test/cpp) by extensions ['colcon_meta']
[0.264s] Level 1:colcon.colcon_core.package_identification:_identify(src/uros/rosidl_typesupport_microxrcedds/test/cpp) by extension 'colcon_meta'
[0.264s] Level 1:colcon.colcon_core.package_identification:_identify(src/uros/rosidl_typesupport_microxrcedds/test/cpp) by extensions ['ros']
[0.264s] Level 1:colcon.colcon_core.package_identification:_identify(src/uros/rosidl_typesupport_microxrcedds/test/cpp) by extension 'ros'
[0.264s] DEBUG:colcon.colcon_core.package_identification:Package 'src/uros/rosidl_typesupport_microxrcedds/test/cpp' with type 'ros.ament_cmake' and name 'rosidl_typesupport_microxrcedds_cpp_tests'
[0.264s] Level 1:colcon.colcon_core.package_identification:_identify(src/uros/rosidl_typesupport_microxrcedds/test/msg) by extensions ['ignore', 'ignore_ament_install']
[0.265s] Level 1:colcon.colcon_core.package_identification:_identify(src/uros/rosidl_typesupport_microxrcedds/test/msg) by extension 'ignore'
[0.265s] Level 1:colcon.colcon_core.package_identification:_identify(src/uros/rosidl_typesupport_microxrcedds/test/msg) by extension 'ignore_ament_install'
[0.265s] Level 1:colcon.colcon_core.package_identification:_identify(src/uros/rosidl_typesupport_microxrcedds/test/msg) by extensions ['colcon_pkg']
[0.265s] Level 1:colcon.colcon_core.package_identification:_identify(src/uros/rosidl_typesupport_microxrcedds/test/msg) by extension 'colcon_pkg'
[0.265s] Level 1:colcon.colcon_core.package_identification:_identify(src/uros/rosidl_typesupport_microxrcedds/test/msg) by extensions ['colcon_meta']
[0.265s] Level 1:colcon.colcon_core.package_identification:_identify(src/uros/rosidl_typesupport_microxrcedds/test/msg) by extension 'colcon_meta'
[0.265s] Level 1:colcon.colcon_core.package_identification:_identify(src/uros/rosidl_typesupport_microxrcedds/test/msg) by extensions ['ros']
[0.265s] Level 1:colcon.colcon_core.package_identification:_identify(src/uros/rosidl_typesupport_microxrcedds/test/msg) by extension 'ros'
[0.265s] DEBUG:colcon.colcon_core.package_identification:Package 'src/uros/rosidl_typesupport_microxrcedds/test/msg' with type 'ros.ament_cmake' and name 'rosidl_typesupport_microxrcedds_test_msg'
[0.265s] Level 1:colcon.colcon_core.package_discovery:discover_packages(recursive) using defaults
[0.265s] Level 1:colcon.colcon_core.package_discovery:discover_packages(ignore) discover
[0.265s] Level 1:colcon.colcon_core.package_discovery:discover_packages(ignore) using defaults
[0.265s] Level 1:colcon.colcon_core.package_discovery:discover_packages(path) discover
[0.265s] Level 1:colcon.colcon_core.package_discovery:discover_packages(path) using defaults
[0.281s] INFO:colcon.colcon_metadata.metadata.colcon_pkg:Updating descriptor of package 'src/eProsima/Micro-CDR' from colcon.pkg: {'name': 'microcdr', 'type': 'cmake', 'cmake-args': ['-DUCDR_ISOLATED_INSTALL=OFF']}
[0.281s] INFO:colcon.colcon_metadata.metadata.colcon_pkg:Updating descriptor of package 'src/eProsima/Micro-XRCE-DDS-Client' from colcon.pkg: {'name': 'microxrcedds_client', 'type': 'cmake', 'dependencies': ['microcdr'], 'cmake-args': ['-DUCLIENT_ISOLATED_INSTALL=OFF', '-DUCLIENT_SUPERBUILD=OFF']}
[0.289s] INFO:colcon.colcon_core.package_selection:Skipping package 'rosidl_typesupport_microxrcedds_cpp_tests' in 'src/uros/rosidl_typesupport_microxrcedds/test/cpp'
[0.289s] INFO:colcon.colcon_core.package_selection:Skipping package 'rosidl_typesupport_microxrcedds_c_tests' in 'src/uros/rosidl_typesupport_microxrcedds/test/c'
[0.289s] INFO:colcon.colcon_core.package_selection:Skipping package 'rclc_examples' in 'src/uros/rclc/rclc_examples'
[0.289s] INFO:colcon.colcon_core.package_selection:Skipping package 'micro_ros_demos_rclc' in 'src/uros/micro-ROS-demos/rclc'
[0.289s] INFO:colcon.colcon_core.package_selection:Skipping package 'common_interfaces' in 'src/ros2/common_interfaces/common_interfaces'
[0.289s] INFO:colcon.colcon_core.package_selection:Skipping package 'visualization_msgs' in 'src/ros2/common_interfaces/visualization_msgs'
[0.289s] INFO:colcon.colcon_core.package_selection:Skipping package 'stereo_msgs' in 'src/ros2/common_interfaces/stereo_msgs'
[0.289s] INFO:colcon.colcon_core.package_selection:Skipping package 'sensor_msgs_py' in 'src/ros2/common_interfaces/sensor_msgs_py'
[0.289s] INFO:colcon.colcon_core.package_selection:Skipping package 'rosidl_typesupport_microxrcedds_test_msg' in 'src/uros/rosidl_typesupport_microxrcedds/test/msg'
[0.290s] INFO:colcon.colcon_core.package_selection:Skipping package 'rclc_parameter' in 'src/uros/rclc/rclc_parameter'
[0.290s] INFO:colcon.colcon_core.package_selection:Skipping package 'rclc_lifecycle' in 'src/uros/rclc/rclc_lifecycle'
[0.290s] INFO:colcon.colcon_core.package_selection:Skipping package 'trajectory_msgs' in 'src/ros2/common_interfaces/trajectory_msgs'
[0.290s] INFO:colcon.colcon_core.package_selection:Skipping package 'shape_msgs' in 'src/ros2/common_interfaces/shape_msgs'
[0.290s] INFO:colcon.colcon_core.package_selection:Skipping package 'sensor_msgs' in 'src/ros2/common_interfaces/sensor_msgs'
[0.290s] INFO:colcon.colcon_core.package_selection:Skipping package 'rmw_microxrcedds' in 'src/uros/rmw_microxrcedds/rmw_microxrcedds_c'
[0.290s] INFO:colcon.colcon_core.package_selection:Skipping package 'rclc' in 'src/uros/rclc/rclc'
[0.290s] INFO:colcon.colcon_core.package_selection:Skipping package 'nav_msgs' in 'src/ros2/common_interfaces/nav_msgs'
[0.290s] INFO:colcon.colcon_core.package_selection:Skipping package 'diagnostic_msgs' in 'src/ros2/common_interfaces/diagnostic_msgs'
[0.290s] INFO:colcon.colcon_core.package_selection:Skipping package 'test_msgs' in 'src/ros2/rcl_interfaces/test_msgs'
[0.290s] INFO:colcon.colcon_core.package_selection:Skipping package 'rosidl_typesupport_microxrcedds_cpp' in 'src/uros/rosidl_typesupport_microxrcedds/rosidl_typesupport_microxrcedds_cpp'
[0.290s] INFO:colcon.colcon_core.package_selection:Skipping package 'geometry_msgs' in 'src/ros2/common_interfaces/geometry_msgs'
[0.290s] INFO:colcon.colcon_core.package_selection:Skipping package 'example_interfaces' in 'src/ros2/example_interfaces'
[0.290s] INFO:colcon.colcon_core.package_selection:Skipping package 'composition_interfaces' in 'src/ros2/rcl_interfaces/composition_interfaces'
[0.290s] INFO:colcon.colcon_core.package_selection:Skipping package 'actionlib_msgs' in 'src/ros2/common_interfaces/actionlib_msgs'
[0.290s] INFO:colcon.colcon_core.package_selection:Skipping package 'std_msgs' in 'src/ros2/common_interfaces/std_msgs'
[0.290s] INFO:colcon.colcon_core.package_selection:Skipping package 'statistics_msgs' in 'src/ros2/rcl_interfaces/statistics_msgs'
[0.290s] INFO:colcon.colcon_core.package_selection:Skipping package 'rosidl_typesupport_microxrcedds_c' in 'src/uros/rosidl_typesupport_microxrcedds/rosidl_typesupport_microxrcedds_c'
[0.290s] INFO:colcon.colcon_core.package_selection:Skipping package 'rosgraph_msgs' in 'src/ros2/rcl_interfaces/rosgraph_msgs'
[0.290s] INFO:colcon.colcon_core.package_selection:Skipping package 'rcl_interfaces' in 'src/ros2/rcl_interfaces/rcl_interfaces'
[0.290s] INFO:colcon.colcon_core.package_selection:Skipping package 'microxrcedds_client' in 'src/eProsima/Micro-XRCE-DDS-Client'
[0.290s] INFO:colcon.colcon_core.package_selection:Skipping package 'complex_msgs' in 'src/uros/micro-ROS-demos/messages/complex_msg'
[0.290s] INFO:colcon.colcon_core.package_selection:Skipping package 'action_msgs' in 'src/ros2/rcl_interfaces/action_msgs'
[0.290s] INFO:colcon.colcon_core.package_selection:Skipping package 'unique_identifier_msgs' in 'src/ros2/unique_identifier_msgs'
[0.290s] INFO:colcon.colcon_core.package_selection:Skipping package 'std_srvs' in 'src/ros2/common_interfaces/std_srvs'
[0.290s] INFO:colcon.colcon_core.package_selection:Skipping package 'microcdr' in 'src/eProsima/Micro-CDR'
[0.290s] INFO:colcon.colcon_core.package_selection:Skipping package 'micro_ros_utilities' in 'src/uros/micro_ros_utilities'
[0.290s] INFO:colcon.colcon_core.package_selection:Skipping package 'micro_ros_setup' in 'src/micro_ros_setup'
[0.290s] INFO:colcon.colcon_core.package_selection:Skipping package 'lifecycle_msgs' in 'src/ros2/rcl_interfaces/lifecycle_msgs'
[0.290s] Level 1:colcon.colcon_core.package_discovery:discover_packages(prefix_path) check parameters
[0.290s] Level 1:colcon.colcon_core.package_discovery:discover_packages(prefix_path) discover
[0.291s] DEBUG:colcon.colcon_installed_package_information.package_discovery:Found 1 installed packages in /home/kanye/Documents/visionaid/microros_ws/install
[0.292s] DEBUG:colcon.colcon_installed_package_information.package_discovery:Found 316 installed packages in /opt/ros/humble
[0.293s] Level 1:colcon.colcon_core.package_discovery:discover_packages(prefix_path) using defaults
[0.321s] WARNING:colcon.colcon_core.package_selection:Some selected packages are already built in one or more underlay workspaces:
	'builtin_interfaces' is in: /opt/ros/humble
If a package in a merged underlay workspace is overridden and it installs headers, then all packages in the overlay must sort their include directories by workspace order. Failure to do so may result in build failures or undefined behavior at run time.
If the overridden package is used by another package in any underlay, then the overriding package in the overlay must be API and ABI compatible or undefined behavior at run time may occur.

If you understand the risks and want to override a package anyways, add the following to the command line:
	--allow-overriding builtin_interfaces

This may be promoted to an error in a future release of colcon-override-check.
[0.321s] Level 5:colcon.colcon_core.verb:set package 'builtin_interfaces' build argument 'cmake_args' from command line to '['-DUAGENT_BUILD_EXECUTABLE=OFF', '-DUAGENT_P2P_PROFILE=OFF', '--no-warn-unused-cli']'
[0.321s] Level 5:colcon.colcon_core.verb:set package 'builtin_interfaces' build argument 'cmake_target' from command line to 'None'
[0.321s] Level 5:colcon.colcon_core.verb:set package 'builtin_interfaces' build argument 'cmake_target_skip_unavailable' from command line to 'False'
[0.321s] Level 5:colcon.colcon_core.verb:set package 'builtin_interfaces' build argument 'cmake_clean_cache' from command line to 'False'
[0.321s] Level 5:colcon.colcon_core.verb:set package 'builtin_interfaces' build argument 'cmake_clean_first' from command line to 'False'
[0.321s] Level 5:colcon.colcon_core.verb:set package 'builtin_interfaces' build argument 'cmake_force_configure' from command line to 'False'
[0.321s] Level 5:colcon.colcon_core.verb:set package 'builtin_interfaces' build argument 'ament_cmake_args' from command line to 'None'
[0.321s] Level 5:colcon.colcon_core.verb:set package 'builtin_interfaces' build argument 'catkin_cmake_args' from command line to 'None'
[0.321s] Level 5:colcon.colcon_core.verb:set package 'builtin_interfaces' build argument 'catkin_skip_building_tests' from command line to 'False'
[0.321s] DEBUG:colcon.colcon_core.verb:Building package 'builtin_interfaces' with the following arguments: {'ament_cmake_args': None, 'build_base': '/home/kanye/Documents/visionaid/microros_ws/build/builtin_interfaces', 'catkin_cmake_args': None, 'catkin_skip_building_tests': False, 'cmake_args': ['-DUAGENT_BUILD_EXECUTABLE=OFF', '-DUAGENT_P2P_PROFILE=OFF', '--no-warn-unused-cli'], 'cmake_clean_cache': False, 'cmake_clean_first': False, 'cmake_force_configure': False, 'cmake_target': None, 'cmake_target_skip_unavailable': False, 'install_base': '/home/kanye/Documents/visionaid/microros_ws/install/builtin_interfaces', 'merge_install': False, 'path': '/home/kanye/Documents/visionaid/microros_ws/src/ros2/rcl_interfaces/builtin_interfaces', 'symlink_install': False, 'test_result_base': None}
[0.322s] Level 5:colcon.colcon_core.verb:set package 'micro_ros_msgs' build argument 'cmake_args' from command line to '['-DUAGENT_BUILD_EXECUTABLE=OFF', '-DUAGENT_P2P_PROFILE=OFF', '--no-warn-unused-cli']'
[0.322s] Level 5:colcon.colcon_core.verb:set package 'micro_ros_msgs' build argument 'cmake_target' from command line to 'None'
[0.322s] Level 5:colcon.colcon_core.verb:set package 'micro_ros_msgs' build argument 'cmake_target_skip_unavailable' from command line to 'False'
[0.322s] Level 5:colcon.colcon_core.verb:set package 'micro_ros_msgs' build argument 'cmake_clean_cache' from command line to 'False'
[0.322s] Level 5:colcon.colcon_core.verb:set package 'micro_ros_msgs' build argument 'cmake_clean_first' from command line to 'False'
[0.322s] Level 5:colcon.colcon_core.verb:set package 'micro_ros_msgs' build argument 'cmake_force_configure' from command line to 'False'
[0.322s] Level 5:colcon.colcon_core.verb:set package 'micro_ros_msgs' build argument 'ament_cmake_args' from command line to 'None'
[0.322s] Level 5:colcon.colcon_core.verb:set package 'micro_ros_msgs' build argument 'catkin_cmake_args' from command line to 'None'
[0.322s] Level 5:colcon.colcon_core.verb:set package 'micro_ros_msgs' build argument 'catkin_skip_building_tests' from command line to 'False'
[0.322s] DEBUG:colcon.colcon_core.verb:Building package 'micro_ros_msgs' with the following arguments: {'ament_cmake_args': None, 'build_base': '/home/kanye/Documents/visionaid/microros_ws/build/micro_ros_msgs', 'catkin_cmake_args': None, 'catkin_skip_building_tests': False, 'cmake_args': ['-DUAGENT_BUILD_EXECUTABLE=OFF', '-DUAGENT_P2P_PROFILE=OFF', '--no-warn-unused-cli'], 'cmake_clean_cache': False, 'cmake_clean_first': False, 'cmake_force_configure': False, 'cmake_target': None, 'cmake_target_skip_unavailable': False, 'install_base': '/home/kanye/Documents/visionaid/microros_ws/install/micro_ros_msgs', 'merge_install': False, 'path': '/home/kanye/Documents/visionaid/microros_ws/src/uros/micro_ros_msgs', 'symlink_install': False, 'test_result_base': None}
[0.322s] Level 5:colcon.colcon_core.verb:set package 'micro_ros_agent' build argument 'cmake_args' from command line to '['-DUAGENT_BUILD_EXECUTABLE=OFF', '-DUAGENT_P2P_PROFILE=OFF', '--no-warn-unused-cli']'
[0.322s] Level 5:colcon.colcon_core.verb:set package 'micro_ros_agent' build argument 'cmake_target' from command line to 'None'
[0.322s] Level 5:colcon.colcon_core.verb:set package 'micro_ros_agent' build argument 'cmake_target_skip_unavailable' from command line to 'False'
[0.322s] Level 5:colcon.colcon_core.verb:set package 'micro_ros_agent' build argument 'cmake_clean_cache' from command line to 'False'
[0.322s] Level 5:colcon.colcon_core.verb:set package 'micro_ros_agent' build argument 'cmake_clean_first' from command line to 'False'
[0.322s] Level 5:colcon.colcon_core.verb:set package 'micro_ros_agent' build argument 'cmake_force_configure' from command line to 'False'
[0.322s] Level 5:colcon.colcon_core.verb:set package 'micro_ros_agent' build argument 'ament_cmake_args' from command line to 'None'
[0.322s] Level 5:colcon.colcon_core.verb:set package 'micro_ros_agent' build argument 'catkin_cmake_args' from command line to 'None'
[0.322s] Level 5:colcon.colcon_core.verb:set package 'micro_ros_agent' build argument 'catkin_skip_building_tests' from command line to 'False'
[0.322s] DEBUG:colcon.colcon_core.verb:Building package 'micro_ros_agent' with the following arguments: {'ament_cmake_args': None, 'build_base': '/home/kanye/Documents/visionaid/microros_ws/build/micro_ros_agent', 'catkin_cmake_args': None, 'catkin_skip_building_tests': False, 'cmake_args': ['-DUAGENT_BUILD_EXECUTABLE=OFF', '-DUAGENT_P2P_PROFILE=OFF', '--no-warn-unused-cli'], 'cmake_clean_cache': False, 'cmake_clean_first': False, 'cmake_force_configure': False, 'cmake_target': None, 'cmake_target_skip_unavailable': False, 'install_base': '/home/kanye/Documents/visionaid/microros_ws/install/micro_ros_agent', 'merge_install': False, 'path': '/home/kanye/Documents/visionaid/microros_ws/src/uros/micro-ROS-Agent/micro_ros_agent', 'symlink_install': False, 'test_result_base': None}
[0.322s] INFO:colcon.colcon_core.executor:Executing jobs using 'parallel' executor
[0.323s] DEBUG:colcon.colcon_parallel_executor.executor.parallel:run_until_complete
[0.323s] INFO:colcon.colcon_ros.task.ament_cmake.build:Building ROS package in '/home/kanye/Documents/visionaid/microros_ws/src/ros2/rcl_interfaces/builtin_interfaces' with build type 'ament_cmake'
[0.323s] INFO:colcon.colcon_cmake.task.cmake.build:Building CMake package in '/home/kanye/Documents/visionaid/microros_ws/src/ros2/rcl_interfaces/builtin_interfaces'
[0.326s] INFO:colcon.colcon_core.plugin_system:Skipping extension 'colcon_core.shell.bat': Not used on non-Windows systems
[0.326s] INFO:colcon.colcon_core.shell:Skip shell extension 'powershell' for command environment: Not usable outside of PowerShell
[0.326s] DEBUG:colcon.colcon_core.shell:Skip shell extension 'dsv' for command environment
[0.328s] INFO:colcon.colcon_ros.task.ament_cmake.build:Building ROS package in '/home/kanye/Documents/visionaid/microros_ws/src/uros/micro_ros_msgs' with build type 'ament_cmake'
[0.328s] INFO:colcon.colcon_cmake.task.cmake.build:Building CMake package in '/home/kanye/Documents/visionaid/microros_ws/src/uros/micro_ros_msgs'
[0.329s] INFO:colcon.colcon_core.shell:Skip shell extension 'powershell' for command environment: Not usable outside of PowerShell
[0.329s] DEBUG:colcon.colcon_core.shell:Skip shell extension 'dsv' for command environment
[0.334s] DEBUG:colcon.colcon_core.event_handler.log_command:Invoking command in '/home/kanye/Documents/visionaid/microros_ws/build/builtin_interfaces': CMAKE_PREFIX_PATH=${CMAKE_PREFIX_PATH}:/opt/ros/humble /usr/bin/cmake /home/kanye/Documents/visionaid/microros_ws/src/ros2/rcl_interfaces/builtin_interfaces -DUAGENT_BUILD_EXECUTABLE=OFF -DUAGENT_P2P_PROFILE=OFF --no-warn-unused-cli -DCMAKE_INSTALL_PREFIX=/home/kanye/Documents/visionaid/microros_ws/install/builtin_interfaces
[0.336s] DEBUG:colcon.colcon_core.event_handler.log_command:Invoking command in '/home/kanye/Documents/visionaid/microros_ws/build/micro_ros_msgs': CMAKE_PREFIX_PATH=${CMAKE_PREFIX_PATH}:/opt/ros/humble /usr/bin/cmake /home/kanye/Documents/visionaid/microros_ws/src/uros/micro_ros_msgs -DUAGENT_BUILD_EXECUTABLE=OFF -DUAGENT_P2P_PROFILE=OFF --no-warn-unused-cli -DCMAKE_INSTALL_PREFIX=/home/kanye/Documents/visionaid/microros_ws/install/micro_ros_msgs
[1.477s] DEBUG:colcon.colcon_core.event_handler.log_command:Invoked command in '/home/kanye/Documents/visionaid/microros_ws/build/builtin_interfaces' returned '0': CMAKE_PREFIX_PATH=${CMAKE_PREFIX_PATH}:/opt/ros/humble /usr/bin/cmake /home/kanye/Documents/visionaid/microros_ws/src/ros2/rcl_interfaces/builtin_interfaces -DUAGENT_BUILD_EXECUTABLE=OFF -DUAGENT_P2P_PROFILE=OFF --no-warn-unused-cli -DCMAKE_INSTALL_PREFIX=/home/kanye/Documents/visionaid/microros_ws/install/builtin_interfaces
[1.477s] DEBUG:colcon.colcon_core.event_handler.log_command:Invoking command in '/home/kanye/Documents/visionaid/microros_ws/build/builtin_interfaces': CMAKE_PREFIX_PATH=${CMAKE_PREFIX_PATH}:/opt/ros/humble /usr/bin/cmake --build /home/kanye/Documents/visionaid/microros_ws/build/builtin_interfaces -- -j28 -l28
[1.497s] DEBUG:colcon.colcon_core.event_handler.log_command:Invoked command in '/home/kanye/Documents/visionaid/microros_ws/build/micro_ros_msgs' returned '0': CMAKE_PREFIX_PATH=${CMAKE_PREFIX_PATH}:/opt/ros/humble /usr/bin/cmake /home/kanye/Documents/visionaid/microros_ws/src/uros/micro_ros_msgs -DUAGENT_BUILD_EXECUTABLE=OFF -DUAGENT_P2P_PROFILE=OFF --no-warn-unused-cli -DCMAKE_INSTALL_PREFIX=/home/kanye/Documents/visionaid/microros_ws/install/micro_ros_msgs
[1.498s] DEBUG:colcon.colcon_core.event_handler.log_command:Invoking command in '/home/kanye/Documents/visionaid/microros_ws/build/micro_ros_msgs': CMAKE_PREFIX_PATH=${CMAKE_PREFIX_PATH}:/opt/ros/humble /usr/bin/cmake --build /home/kanye/Documents/visionaid/microros_ws/build/micro_ros_msgs -- -j28 -l28
[3.027s] DEBUG:colcon.colcon_core.event_handler.log_command:Invoked command in '/home/kanye/Documents/visionaid/microros_ws/build/builtin_interfaces' returned '0': CMAKE_PREFIX_PATH=${CMAKE_PREFIX_PATH}:/opt/ros/humble /usr/bin/cmake --build /home/kanye/Documents/visionaid/microros_ws/build/builtin_interfaces -- -j28 -l28
[3.036s] DEBUG:colcon.colcon_core.event_handler.log_command:Invoking command in '/home/kanye/Documents/visionaid/microros_ws/build/builtin_interfaces': CMAKE_PREFIX_PATH=${CMAKE_PREFIX_PATH}:/opt/ros/humble /usr/bin/cmake --install /home/kanye/Documents/visionaid/microros_ws/build/builtin_interfaces
[3.080s] Level 1:colcon.colcon_core.environment:create_environment_scripts_only(builtin_interfaces)
[3.080s] DEBUG:colcon.colcon_core.event_handler.log_command:Invoked command in '/home/kanye/Documents/visionaid/microros_ws/build/builtin_interfaces' returned '0': CMAKE_PREFIX_PATH=${CMAKE_PREFIX_PATH}:/opt/ros/humble /usr/bin/cmake --install /home/kanye/Documents/visionaid/microros_ws/build/builtin_interfaces
[3.082s] Level 1:colcon.colcon_core.environment:checking '/home/kanye/Documents/visionaid/microros_ws/install/builtin_interfaces' for CMake module files
[3.083s] Level 1:colcon.colcon_core.environment:checking '/home/kanye/Documents/visionaid/microros_ws/install/builtin_interfaces' for CMake config files
[3.083s] Level 1:colcon.colcon_core.shell:create_environment_hook('builtin_interfaces', 'cmake_prefix_path')
[3.084s] INFO:colcon.colcon_core.shell:Creating environment hook '/home/kanye/Documents/visionaid/microros_ws/install/builtin_interfaces/share/builtin_interfaces/hook/cmake_prefix_path.ps1'
[3.084s] INFO:colcon.colcon_core.shell:Creating environment descriptor '/home/kanye/Documents/visionaid/microros_ws/install/builtin_interfaces/share/builtin_interfaces/hook/cmake_prefix_path.dsv'
[3.085s] INFO:colcon.colcon_core.shell:Creating environment hook '/home/kanye/Documents/visionaid/microros_ws/install/builtin_interfaces/share/builtin_interfaces/hook/cmake_prefix_path.sh'
[3.085s] Level 1:colcon.colcon_core.environment:checking '/home/kanye/Documents/visionaid/microros_ws/install/builtin_interfaces/lib'
[3.085s] Level 1:colcon.colcon_core.shell:create_environment_hook('builtin_interfaces', 'ld_library_path_lib')
[3.086s] INFO:colcon.colcon_core.shell:Creating environment hook '/home/kanye/Documents/visionaid/microros_ws/install/builtin_interfaces/share/builtin_interfaces/hook/ld_library_path_lib.ps1'
[3.086s] INFO:colcon.colcon_core.shell:Creating environment descriptor '/home/kanye/Documents/visionaid/microros_ws/install/builtin_interfaces/share/builtin_interfaces/hook/ld_library_path_lib.dsv'
[3.086s] INFO:colcon.colcon_core.shell:Creating environment hook '/home/kanye/Documents/visionaid/microros_ws/install/builtin_interfaces/share/builtin_interfaces/hook/ld_library_path_lib.sh'
[3.087s] Level 1:colcon.colcon_core.environment:checking '/home/kanye/Documents/visionaid/microros_ws/install/builtin_interfaces/bin'
[3.087s] Level 1:colcon.colcon_core.environment:checking '/home/kanye/Documents/visionaid/microros_ws/install/builtin_interfaces/lib/pkgconfig/builtin_interfaces.pc'
[3.087s] Level 1:colcon.colcon_core.environment:checking '/home/kanye/Documents/visionaid/microros_ws/install/builtin_interfaces/lib/python3.10/site-packages'
[3.087s] Level 1:colcon.colcon_core.environment:checking '/home/kanye/Documents/visionaid/microros_ws/install/builtin_interfaces/bin'
[3.087s] INFO:colcon.colcon_core.shell:Creating package script '/home/kanye/Documents/visionaid/microros_ws/install/builtin_interfaces/share/builtin_interfaces/package.ps1'
[3.088s] INFO:colcon.colcon_core.shell:Creating package descriptor '/home/kanye/Documents/visionaid/microros_ws/install/builtin_interfaces/share/builtin_interfaces/package.dsv'
[3.088s] INFO:colcon.colcon_core.shell:Creating package script '/home/kanye/Documents/visionaid/microros_ws/install/builtin_interfaces/share/builtin_interfaces/package.sh'
[3.089s] INFO:colcon.colcon_core.shell:Creating package script '/home/kanye/Documents/visionaid/microros_ws/install/builtin_interfaces/share/builtin_interfaces/package.bash'
[3.089s] INFO:colcon.colcon_core.shell:Creating package script '/home/kanye/Documents/visionaid/microros_ws/install/builtin_interfaces/share/builtin_interfaces/package.zsh'
[3.089s] Level 1:colcon.colcon_core.environment:create_file_with_runtime_dependencies(/home/kanye/Documents/visionaid/microros_ws/install/builtin_interfaces/share/colcon-core/packages/builtin_interfaces)
[3.090s] Level 1:colcon.colcon_core.environment:create_environment_scripts_only(builtin_interfaces)
[3.090s] Level 1:colcon.colcon_core.environment:checking '/home/kanye/Documents/visionaid/microros_ws/install/builtin_interfaces' for CMake module files
[3.090s] Level 1:colcon.colcon_core.environment:checking '/home/kanye/Documents/visionaid/microros_ws/install/builtin_interfaces' for CMake config files
[3.090s] Level 1:colcon.colcon_core.shell:create_environment_hook('builtin_interfaces', 'cmake_prefix_path')
[3.090s] INFO:colcon.colcon_core.shell:Creating environment hook '/home/kanye/Documents/visionaid/microros_ws/install/builtin_interfaces/share/builtin_interfaces/hook/cmake_prefix_path.ps1'
[3.091s] INFO:colcon.colcon_core.shell:Creating environment descriptor '/home/kanye/Documents/visionaid/microros_ws/install/builtin_interfaces/share/builtin_interfaces/hook/cmake_prefix_path.dsv'
[3.091s] INFO:colcon.colcon_core.shell:Creating environment hook '/home/kanye/Documents/visionaid/microros_ws/install/builtin_interfaces/share/builtin_interfaces/hook/cmake_prefix_path.sh'
[3.091s] Level 1:colcon.colcon_core.environment:checking '/home/kanye/Documents/visionaid/microros_ws/install/builtin_interfaces/lib'
[3.091s] Level 1:colcon.colcon_core.shell:create_environment_hook('builtin_interfaces', 'ld_library_path_lib')
[3.091s] INFO:colcon.colcon_core.shell:Creating environment hook '/home/kanye/Documents/visionaid/microros_ws/install/builtin_interfaces/share/builtin_interfaces/hook/ld_library_path_lib.ps1'
[3.091s] INFO:colcon.colcon_core.shell:Creating environment descriptor '/home/kanye/Documents/visionaid/microros_ws/install/builtin_interfaces/share/builtin_interfaces/hook/ld_library_path_lib.dsv'
[3.092s] INFO:colcon.colcon_core.shell:Creating environment hook '/home/kanye/Documents/visionaid/microros_ws/install/builtin_interfaces/share/builtin_interfaces/hook/ld_library_path_lib.sh'
[3.092s] Level 1:colcon.colcon_core.environment:checking '/home/kanye/Documents/visionaid/microros_ws/install/builtin_interfaces/bin'
[3.092s] Level 1:colcon.colcon_core.environment:checking '/home/kanye/Documents/visionaid/microros_ws/install/builtin_interfaces/lib/pkgconfig/builtin_interfaces.pc'
[3.092s] Level 1:colcon.colcon_core.environment:checking '/home/kanye/Documents/visionaid/microros_ws/install/builtin_interfaces/lib/python3.10/site-packages'
[3.092s] Level 1:colcon.colcon_core.environment:checking '/home/kanye/Documents/visionaid/microros_ws/install/builtin_interfaces/bin'
[3.092s] INFO:colcon.colcon_core.shell:Creating package script '/home/kanye/Documents/visionaid/microros_ws/install/builtin_interfaces/share/builtin_interfaces/package.ps1'
[3.093s] INFO:colcon.colcon_core.shell:Creating package descriptor '/home/kanye/Documents/visionaid/microros_ws/install/builtin_interfaces/share/builtin_interfaces/package.dsv'
[3.093s] INFO:colcon.colcon_core.shell:Creating package script '/home/kanye/Documents/visionaid/microros_ws/install/builtin_interfaces/share/builtin_interfaces/package.sh'
[3.094s] INFO:colcon.colcon_core.shell:Creating package script '/home/kanye/Documents/visionaid/microros_ws/install/builtin_interfaces/share/builtin_interfaces/package.bash'
[3.094s] INFO:colcon.colcon_core.shell:Creating package script '/home/kanye/Documents/visionaid/microros_ws/install/builtin_interfaces/share/builtin_interfaces/package.zsh'
[3.094s] Level 1:colcon.colcon_core.environment:create_file_with_runtime_dependencies(/home/kanye/Documents/visionaid/microros_ws/install/builtin_interfaces/share/colcon-core/packages/builtin_interfaces)
[3.103s] DEBUG:colcon.colcon_core.event_handler.log_command:Invoked command in '/home/kanye/Documents/visionaid/microros_ws/build/micro_ros_msgs' returned '0': CMAKE_PREFIX_PATH=${CMAKE_PREFIX_PATH}:/opt/ros/humble /usr/bin/cmake --build /home/kanye/Documents/visionaid/microros_ws/build/micro_ros_msgs -- -j28 -l28
[3.105s] DEBUG:colcon.colcon_core.event_handler.log_command:Invoking command in '/home/kanye/Documents/visionaid/microros_ws/build/micro_ros_msgs': CMAKE_PREFIX_PATH=${CMAKE_PREFIX_PATH}:/opt/ros/humble /usr/bin/cmake --install /home/kanye/Documents/visionaid/microros_ws/build/micro_ros_msgs
[3.155s] Level 1:colcon.colcon_core.environment:create_environment_scripts_only(micro_ros_msgs)
[3.155s] Level 1:colcon.colcon_core.environment:checking '/home/kanye/Documents/visionaid/microros_ws/install/micro_ros_msgs' for CMake module files
[3.155s] DEBUG:colcon.colcon_core.event_handler.log_command:Invoked command in '/home/kanye/Documents/visionaid/microros_ws/build/micro_ros_msgs' returned '0': CMAKE_PREFIX_PATH=${CMAKE_PREFIX_PATH}:/opt/ros/humble /usr/bin/cmake --install /home/kanye/Documents/visionaid/microros_ws/build/micro_ros_msgs
[3.155s] Level 1:colcon.colcon_core.environment:checking '/home/kanye/Documents/visionaid/microros_ws/install/micro_ros_msgs' for CMake config files
[3.156s] Level 1:colcon.colcon_core.shell:create_environment_hook('micro_ros_msgs', 'cmake_prefix_path')
[3.156s] INFO:colcon.colcon_core.shell:Creating environment hook '/home/kanye/Documents/visionaid/microros_ws/install/micro_ros_msgs/share/micro_ros_msgs/hook/cmake_prefix_path.ps1'
[3.156s] INFO:colcon.colcon_core.shell:Creating environment descriptor '/home/kanye/Documents/visionaid/microros_ws/install/micro_ros_msgs/share/micro_ros_msgs/hook/cmake_prefix_path.dsv'
[3.156s] INFO:colcon.colcon_core.shell:Creating environment hook '/home/kanye/Documents/visionaid/microros_ws/install/micro_ros_msgs/share/micro_ros_msgs/hook/cmake_prefix_path.sh'
[3.156s] Level 1:colcon.colcon_core.environment:checking '/home/kanye/Documents/visionaid/microros_ws/install/micro_ros_msgs/lib'
[3.156s] Level 1:colcon.colcon_core.shell:create_environment_hook('micro_ros_msgs', 'ld_library_path_lib')
[3.157s] INFO:colcon.colcon_core.shell:Creating environment hook '/home/kanye/Documents/visionaid/microros_ws/install/micro_ros_msgs/share/micro_ros_msgs/hook/ld_library_path_lib.ps1'
[3.157s] INFO:colcon.colcon_core.shell:Creating environment descriptor '/home/kanye/Documents/visionaid/microros_ws/install/micro_ros_msgs/share/micro_ros_msgs/hook/ld_library_path_lib.dsv'
[3.157s] INFO:colcon.colcon_core.shell:Creating environment hook '/home/kanye/Documents/visionaid/microros_ws/install/micro_ros_msgs/share/micro_ros_msgs/hook/ld_library_path_lib.sh'
[3.157s] Level 1:colcon.colcon_core.environment:checking '/home/kanye/Documents/visionaid/microros_ws/install/micro_ros_msgs/bin'
[3.157s] Level 1:colcon.colcon_core.environment:checking '/home/kanye/Documents/visionaid/microros_ws/install/micro_ros_msgs/lib/pkgconfig/micro_ros_msgs.pc'
[3.157s] Level 1:colcon.colcon_core.environment:checking '/home/kanye/Documents/visionaid/microros_ws/install/micro_ros_msgs/lib/python3.10/site-packages'
[3.157s] Level 1:colcon.colcon_core.environment:checking '/home/kanye/Documents/visionaid/microros_ws/install/micro_ros_msgs/bin'
[3.158s] INFO:colcon.colcon_core.shell:Creating package script '/home/kanye/Documents/visionaid/microros_ws/install/micro_ros_msgs/share/micro_ros_msgs/package.ps1'
[3.158s] INFO:colcon.colcon_core.shell:Creating package descriptor '/home/kanye/Documents/visionaid/microros_ws/install/micro_ros_msgs/share/micro_ros_msgs/package.dsv'
[3.158s] INFO:colcon.colcon_core.shell:Creating package script '/home/kanye/Documents/visionaid/microros_ws/install/micro_ros_msgs/share/micro_ros_msgs/package.sh'
[3.158s] INFO:colcon.colcon_core.shell:Creating package script '/home/kanye/Documents/visionaid/microros_ws/install/micro_ros_msgs/share/micro_ros_msgs/package.bash'
[3.158s] INFO:colcon.colcon_core.shell:Creating package script '/home/kanye/Documents/visionaid/microros_ws/install/micro_ros_msgs/share/micro_ros_msgs/package.zsh'
[3.159s] Level 1:colcon.colcon_core.environment:create_file_with_runtime_dependencies(/home/kanye/Documents/visionaid/microros_ws/install/micro_ros_msgs/share/colcon-core/packages/micro_ros_msgs)
[3.159s] Level 1:colcon.colcon_core.environment:create_environment_scripts_only(micro_ros_msgs)
[3.159s] Level 1:colcon.colcon_core.environment:checking '/home/kanye/Documents/visionaid/microros_ws/install/micro_ros_msgs' for CMake module files
[3.159s] Level 1:colcon.colcon_core.environment:checking '/home/kanye/Documents/visionaid/microros_ws/install/micro_ros_msgs' for CMake config files
[3.160s] Level 1:colcon.colcon_core.shell:create_environment_hook('micro_ros_msgs', 'cmake_prefix_path')
[3.160s] INFO:colcon.colcon_core.shell:Creating environment hook '/home/kanye/Documents/visionaid/microros_ws/install/micro_ros_msgs/share/micro_ros_msgs/hook/cmake_prefix_path.ps1'
[3.160s] INFO:colcon.colcon_core.shell:Creating environment descriptor '/home/kanye/Documents/visionaid/microros_ws/install/micro_ros_msgs/share/micro_ros_msgs/hook/cmake_prefix_path.dsv'
[3.160s] INFO:colcon.colcon_core.shell:Creating environment hook '/home/kanye/Documents/visionaid/microros_ws/install/micro_ros_msgs/share/micro_ros_msgs/hook/cmake_prefix_path.sh'
[3.160s] Level 1:colcon.colcon_core.environment:checking '/home/kanye/Documents/visionaid/microros_ws/install/micro_ros_msgs/lib'
[3.160s] Level 1:colcon.colcon_core.shell:create_environment_hook('micro_ros_msgs', 'ld_library_path_lib')
[3.160s] INFO:colcon.colcon_core.shell:Creating environment hook '/home/kanye/Documents/visionaid/microros_ws/install/micro_ros_msgs/share/micro_ros_msgs/hook/ld_library_path_lib.ps1'
[3.161s] INFO:colcon.colcon_core.shell:Creating environment descriptor '/home/kanye/Documents/visionaid/microros_ws/install/micro_ros_msgs/share/micro_ros_msgs/hook/ld_library_path_lib.dsv'
[3.161s] INFO:colcon.colcon_core.shell:Creating environment hook '/home/kanye/Documents/visionaid/microros_ws/install/micro_ros_msgs/share/micro_ros_msgs/hook/ld_library_path_lib.sh'
[3.161s] Level 1:colcon.colcon_core.environment:checking '/home/kanye/Documents/visionaid/microros_ws/install/micro_ros_msgs/bin'
[3.161s] Level 1:colcon.colcon_core.environment:checking '/home/kanye/Documents/visionaid/microros_ws/install/micro_ros_msgs/lib/pkgconfig/micro_ros_msgs.pc'
[3.161s] Level 1:colcon.colcon_core.environment:checking '/home/kanye/Documents/visionaid/microros_ws/install/micro_ros_msgs/lib/python3.10/site-packages'
[3.161s] Level 1:colcon.colcon_core.environment:checking '/home/kanye/Documents/visionaid/microros_ws/install/micro_ros_msgs/bin'
[3.161s] INFO:colcon.colcon_core.shell:Creating package script '/home/kanye/Documents/visionaid/microros_ws/install/micro_ros_msgs/share/micro_ros_msgs/package.ps1'
[3.162s] INFO:colcon.colcon_core.shell:Creating package descriptor '/home/kanye/Documents/visionaid/microros_ws/install/micro_ros_msgs/share/micro_ros_msgs/package.dsv'
[3.162s] INFO:colcon.colcon_core.shell:Creating package script '/home/kanye/Documents/visionaid/microros_ws/install/micro_ros_msgs/share/micro_ros_msgs/package.sh'
[3.162s] INFO:colcon.colcon_core.shell:Creating package script '/home/kanye/Documents/visionaid/microros_ws/install/micro_ros_msgs/share/micro_ros_msgs/package.bash'
[3.162s] INFO:colcon.colcon_core.shell:Creating package script '/home/kanye/Documents/visionaid/microros_ws/install/micro_ros_msgs/share/micro_ros_msgs/package.zsh'
[3.163s] Level 1:colcon.colcon_core.environment:create_file_with_runtime_dependencies(/home/kanye/Documents/visionaid/microros_ws/install/micro_ros_msgs/share/colcon-core/packages/micro_ros_msgs)
[3.163s] INFO:colcon.colcon_ros.task.ament_cmake.build:Building ROS package in '/home/kanye/Documents/visionaid/microros_ws/src/uros/micro-ROS-Agent/micro_ros_agent' with build type 'ament_cmake'
[3.163s] INFO:colcon.colcon_cmake.task.cmake.build:Building CMake package in '/home/kanye/Documents/visionaid/microros_ws/src/uros/micro-ROS-Agent/micro_ros_agent'
[3.163s] INFO:colcon.colcon_core.shell:Skip shell extension 'powershell' for command environment: Not usable outside of PowerShell
[3.163s] DEBUG:colcon.colcon_core.shell:Skip shell extension 'dsv' for command environment
[3.173s] DEBUG:colcon.colcon_core.event_handler.log_command:Invoking command in '/home/kanye/Documents/visionaid/microros_ws/build/micro_ros_agent': AMENT_PREFIX_PATH=/home/kanye/Documents/visionaid/microros_ws/install/micro_ros_msgs:/home/kanye/Documents/visionaid/microros_ws/install/builtin_interfaces:${AMENT_PREFIX_PATH} CMAKE_PREFIX_PATH=/home/kanye/Documents/visionaid/microros_ws/install/micro_ros_msgs:/home/kanye/Documents/visionaid/microros_ws/install/builtin_interfaces:/home/kanye/Documents/visionaid/microros_ws/install/micro_ros_setup:/opt/ros/humble LD_LIBRARY_PATH=/home/kanye/Documents/visionaid/microros_ws/install/micro_ros_msgs/lib:/home/kanye/Documents/visionaid/microros_ws/install/builtin_interfaces/lib:${LD_LIBRARY_PATH} PYTHONPATH=/home/kanye/Documents/visionaid/microros_ws/install/micro_ros_msgs/local/lib/python3.10/dist-packages:/home/kanye/Documents/visionaid/microros_ws/install/builtin_interfaces/local/lib/python3.10/dist-packages:${PYTHONPATH} /usr/bin/cmake /home/kanye/Documents/visionaid/microros_ws/src/uros/micro-ROS-Agent/micro_ros_agent -DUAGENT_BUILD_EXECUTABLE=OFF -DUAGENT_P2P_PROFILE=OFF --no-warn-unused-cli -DCMAKE_INSTALL_PREFIX=/home/kanye/Documents/visionaid/microros_ws/install/micro_ros_agent
[3.528s] DEBUG:colcon.colcon_core.event_handler.log_command:Invoked command in '/home/kanye/Documents/visionaid/microros_ws/build/micro_ros_agent' returned '0': AMENT_PREFIX_PATH=/home/kanye/Documents/visionaid/microros_ws/install/micro_ros_msgs:/home/kanye/Documents/visionaid/microros_ws/install/builtin_interfaces:${AMENT_PREFIX_PATH} CMAKE_PREFIX_PATH=/home/kanye/Documents/visionaid/microros_ws/install/micro_ros_msgs:/home/kanye/Documents/visionaid/microros_ws/install/builtin_interfaces:/home/kanye/Documents/visionaid/microros_ws/install/micro_ros_setup:/opt/ros/humble LD_LIBRARY_PATH=/home/kanye/Documents/visionaid/microros_ws/install/micro_ros_msgs/lib:/home/kanye/Documents/visionaid/microros_ws/install/builtin_interfaces/lib:${LD_LIBRARY_PATH} PYTHONPATH=/home/kanye/Documents/visionaid/microros_ws/install/micro_ros_msgs/local/lib/python3.10/dist-packages:/home/kanye/Documents/visionaid/microros_ws/install/builtin_interfaces/local/lib/python3.10/dist-packages:${PYTHONPATH} /usr/bin/cmake /home/kanye/Documents/visionaid/microros_ws/src/uros/micro-ROS-Agent/micro_ros_agent -DUAGENT_BUILD_EXECUTABLE=OFF -DUAGENT_P2P_PROFILE=OFF --no-warn-unused-cli -DCMAKE_INSTALL_PREFIX=/home/kanye/Documents/visionaid/microros_ws/install/micro_ros_agent
[3.529s] DEBUG:colcon.colcon_core.event_handler.log_command:Invoking command in '/home/kanye/Documents/visionaid/microros_ws/build/micro_ros_agent': AMENT_PREFIX_PATH=/home/kanye/Documents/visionaid/microros_ws/install/micro_ros_msgs:/home/kanye/Documents/visionaid/microros_ws/install/builtin_interfaces:${AMENT_PREFIX_PATH} CMAKE_PREFIX_PATH=/home/kanye/Documents/visionaid/microros_ws/install/micro_ros_msgs:/home/kanye/Documents/visionaid/microros_ws/install/builtin_interfaces:/home/kanye/Documents/visionaid/microros_ws/install/micro_ros_setup:/opt/ros/humble LD_LIBRARY_PATH=/home/kanye/Documents/visionaid/microros_ws/install/micro_ros_msgs/lib:/home/kanye/Documents/visionaid/microros_ws/install/builtin_interfaces/lib:${LD_LIBRARY_PATH} PYTHONPATH=/home/kanye/Documents/visionaid/microros_ws/install/micro_ros_msgs/local/lib/python3.10/dist-packages:/home/kanye/Documents/visionaid/microros_ws/install/builtin_interfaces/local/lib/python3.10/dist-packages:${PYTHONPATH} /usr/bin/cmake --build /home/kanye/Documents/visionaid/microros_ws/build/micro_ros_agent -- -j28 -l28
[22.265s] DEBUG:colcon.colcon_core.event_handler.log_command:Invoked command in '/home/kanye/Documents/visionaid/microros_ws/build/micro_ros_agent' returned '0': AMENT_PREFIX_PATH=/home/kanye/Documents/visionaid/microros_ws/install/micro_ros_msgs:/home/kanye/Documents/visionaid/microros_ws/install/builtin_interfaces:${AMENT_PREFIX_PATH} CMAKE_PREFIX_PATH=/home/kanye/Documents/visionaid/microros_ws/install/micro_ros_msgs:/home/kanye/Documents/visionaid/microros_ws/install/builtin_interfaces:/home/kanye/Documents/visionaid/microros_ws/install/micro_ros_setup:/opt/ros/humble LD_LIBRARY_PATH=/home/kanye/Documents/visionaid/microros_ws/install/micro_ros_msgs/lib:/home/kanye/Documents/visionaid/microros_ws/install/builtin_interfaces/lib:${LD_LIBRARY_PATH} PYTHONPATH=/home/kanye/Documents/visionaid/microros_ws/install/micro_ros_msgs/local/lib/python3.10/dist-packages:/home/kanye/Documents/visionaid/microros_ws/install/builtin_interfaces/local/lib/python3.10/dist-packages:${PYTHONPATH} /usr/bin/cmake --build /home/kanye/Documents/visionaid/microros_ws/build/micro_ros_agent -- -j28 -l28
[22.267s] DEBUG:colcon.colcon_core.event_handler.log_command:Invoking command in '/home/kanye/Documents/visionaid/microros_ws/build/micro_ros_agent': AMENT_PREFIX_PATH=/home/kanye/Documents/visionaid/microros_ws/install/micro_ros_msgs:/home/kanye/Documents/visionaid/microros_ws/install/builtin_interfaces:${AMENT_PREFIX_PATH} CMAKE_PREFIX_PATH=/home/kanye/Documents/visionaid/microros_ws/install/micro_ros_msgs:/home/kanye/Documents/visionaid/microros_ws/install/builtin_interfaces:/home/kanye/Documents/visionaid/microros_ws/install/micro_ros_setup:/opt/ros/humble LD_LIBRARY_PATH=/home/kanye/Documents/visionaid/microros_ws/install/micro_ros_msgs/lib:/home/kanye/Documents/visionaid/microros_ws/install/builtin_interfaces/lib:${LD_LIBRARY_PATH} PYTHONPATH=/home/kanye/Documents/visionaid/microros_ws/install/micro_ros_msgs/local/lib/python3.10/dist-packages:/home/kanye/Documents/visionaid/microros_ws/install/builtin_interfaces/local/lib/python3.10/dist-packages:${PYTHONPATH} /usr/bin/cmake --install /home/kanye/Documents/visionaid/microros_ws/build/micro_ros_agent
[22.277s] Level 1:colcon.colcon_core.environment:create_environment_scripts_only(micro_ros_agent)
[22.278s] Level 1:colcon.colcon_core.environment:checking '/home/kanye/Documents/visionaid/microros_ws/install/micro_ros_agent' for CMake module files
[22.278s] DEBUG:colcon.colcon_core.event_handler.log_command:Invoked command in '/home/kanye/Documents/visionaid/microros_ws/build/micro_ros_agent' returned '0': AMENT_PREFIX_PATH=/home/kanye/Documents/visionaid/microros_ws/install/micro_ros_msgs:/home/kanye/Documents/visionaid/microros_ws/install/builtin_interfaces:${AMENT_PREFIX_PATH} CMAKE_PREFIX_PATH=/home/kanye/Documents/visionaid/microros_ws/install/micro_ros_msgs:/home/kanye/Documents/visionaid/microros_ws/install/builtin_interfaces:/home/kanye/Documents/visionaid/microros_ws/install/micro_ros_setup:/opt/ros/humble LD_LIBRARY_PATH=/home/kanye/Documents/visionaid/microros_ws/install/micro_ros_msgs/lib:/home/kanye/Documents/visionaid/microros_ws/install/builtin_interfaces/lib:${LD_LIBRARY_PATH} PYTHONPATH=/home/kanye/Documents/visionaid/microros_ws/install/micro_ros_msgs/local/lib/python3.10/dist-packages:/home/kanye/Documents/visionaid/microros_ws/install/builtin_interfaces/local/lib/python3.10/dist-packages:${PYTHONPATH} /usr/bin/cmake --install /home/kanye/Documents/visionaid/microros_ws/build/micro_ros_agent
[22.279s] Level 1:colcon.colcon_core.environment:checking '/home/kanye/Documents/visionaid/microros_ws/install/micro_ros_agent' for CMake config files
[22.279s] Level 1:colcon.colcon_core.shell:create_environment_hook('micro_ros_agent', 'cmake_prefix_path')
[22.279s] INFO:colcon.colcon_core.shell:Creating environment hook '/home/kanye/Documents/visionaid/microros_ws/install/micro_ros_agent/share/micro_ros_agent/hook/cmake_prefix_path.ps1'
[22.279s] INFO:colcon.colcon_core.shell:Creating environment descriptor '/home/kanye/Documents/visionaid/microros_ws/install/micro_ros_agent/share/micro_ros_agent/hook/cmake_prefix_path.dsv'
[22.280s] INFO:colcon.colcon_core.shell:Creating environment hook '/home/kanye/Documents/visionaid/microros_ws/install/micro_ros_agent/share/micro_ros_agent/hook/cmake_prefix_path.sh'
[22.280s] Level 1:colcon.colcon_core.environment:checking '/home/kanye/Documents/visionaid/microros_ws/install/micro_ros_agent/lib'
[22.280s] Level 1:colcon.colcon_core.shell:create_environment_hook('micro_ros_agent', 'ld_library_path_lib')
[22.281s] INFO:colcon.colcon_core.shell:Creating environment hook '/home/kanye/Documents/visionaid/microros_ws/install/micro_ros_agent/share/micro_ros_agent/hook/ld_library_path_lib.ps1'
[22.281s] INFO:colcon.colcon_core.shell:Creating environment descriptor '/home/kanye/Documents/visionaid/microros_ws/install/micro_ros_agent/share/micro_ros_agent/hook/ld_library_path_lib.dsv'
[22.281s] INFO:colcon.colcon_core.shell:Creating environment hook '/home/kanye/Documents/visionaid/microros_ws/install/micro_ros_agent/share/micro_ros_agent/hook/ld_library_path_lib.sh'
[22.282s] Level 1:colcon.colcon_core.environment:checking '/home/kanye/Documents/visionaid/microros_ws/install/micro_ros_agent/bin'
[22.282s] Level 1:colcon.colcon_core.environment:checking '/home/kanye/Documents/visionaid/microros_ws/install/micro_ros_agent/lib/pkgconfig/micro_ros_agent.pc'
[22.282s] Level 1:colcon.colcon_core.environment:checking '/home/kanye/Documents/visionaid/microros_ws/install/micro_ros_agent/lib/python3.10/site-packages'
[22.282s] Level 1:colcon.colcon_core.environment:checking '/home/kanye/Documents/visionaid/microros_ws/install/micro_ros_agent/bin'
[22.283s] INFO:colcon.colcon_core.shell:Creating package script '/home/kanye/Documents/visionaid/microros_ws/install/micro_ros_agent/share/micro_ros_agent/package.ps1'
[22.283s] INFO:colcon.colcon_core.shell:Creating package descriptor '/home/kanye/Documents/visionaid/microros_ws/install/micro_ros_agent/share/micro_ros_agent/package.dsv'
[22.284s] INFO:colcon.colcon_core.shell:Creating package script '/home/kanye/Documents/visionaid/microros_ws/install/micro_ros_agent/share/micro_ros_agent/package.sh'
[22.284s] INFO:colcon.colcon_core.shell:Creating package script '/home/kanye/Documents/visionaid/microros_ws/install/micro_ros_agent/share/micro_ros_agent/package.bash'
[22.284s] INFO:colcon.colcon_core.shell:Creating package script '/home/kanye/Documents/visionaid/microros_ws/install/micro_ros_agent/share/micro_ros_agent/package.zsh'
[22.285s] Level 1:colcon.colcon_core.environment:create_file_with_runtime_dependencies(/home/kanye/Documents/visionaid/microros_ws/install/micro_ros_agent/share/colcon-core/packages/micro_ros_agent)
[22.285s] Level 1:colcon.colcon_core.environment:create_environment_scripts_only(micro_ros_agent)
[22.285s] Level 1:colcon.colcon_core.environment:checking '/home/kanye/Documents/visionaid/microros_ws/install/micro_ros_agent' for CMake module files
[22.286s] Level 1:colcon.colcon_core.environment:checking '/home/kanye/Documents/visionaid/microros_ws/install/micro_ros_agent' for CMake config files
[22.286s] Level 1:colcon.colcon_core.shell:create_environment_hook('micro_ros_agent', 'cmake_prefix_path')
[22.286s] INFO:colcon.colcon_core.shell:Creating environment hook '/home/kanye/Documents/visionaid/microros_ws/install/micro_ros_agent/share/micro_ros_agent/hook/cmake_prefix_path.ps1'
[22.286s] INFO:colcon.colcon_core.shell:Creating environment descriptor '/home/kanye/Documents/visionaid/microros_ws/install/micro_ros_agent/share/micro_ros_agent/hook/cmake_prefix_path.dsv'
[22.287s] INFO:colcon.colcon_core.shell:Creating environment hook '/home/kanye/Documents/visionaid/microros_ws/install/micro_ros_agent/share/micro_ros_agent/hook/cmake_prefix_path.sh'
[22.287s] Level 1:colcon.colcon_core.environment:checking '/home/kanye/Documents/visionaid/microros_ws/install/micro_ros_agent/lib'
[22.287s] Level 1:colcon.colcon_core.shell:create_environment_hook('micro_ros_agent', 'ld_library_path_lib')
[22.288s] INFO:colcon.colcon_core.shell:Creating environment hook '/home/kanye/Documents/visionaid/microros_ws/install/micro_ros_agent/share/micro_ros_agent/hook/ld_library_path_lib.ps1'
[22.288s] INFO:colcon.colcon_core.shell:Creating environment descriptor '/home/kanye/Documents/visionaid/microros_ws/install/micro_ros_agent/share/micro_ros_agent/hook/ld_library_path_lib.dsv'
[22.288s] INFO:colcon.colcon_core.shell:Creating environment hook '/home/kanye/Documents/visionaid/microros_ws/install/micro_ros_agent/share/micro_ros_agent/hook/ld_library_path_lib.sh'
[22.289s] Level 1:colcon.colcon_core.environment:checking '/home/kanye/Documents/visionaid/microros_ws/install/micro_ros_agent/bin'
[22.289s] Level 1:colcon.colcon_core.environment:checking '/home/kanye/Documents/visionaid/microros_ws/install/micro_ros_agent/lib/pkgconfig/micro_ros_agent.pc'
[22.289s] Level 1:colcon.colcon_core.environment:checking '/home/kanye/Documents/visionaid/microros_ws/install/micro_ros_agent/lib/python3.10/site-packages'
[22.289s] Level 1:colcon.colcon_core.environment:checking '/home/kanye/Documents/visionaid/microros_ws/install/micro_ros_agent/bin'
[22.289s] INFO:colcon.colcon_core.shell:Creating package script '/home/kanye/Documents/visionaid/microros_ws/install/micro_ros_agent/share/micro_ros_agent/package.ps1'
[22.290s] INFO:colcon.colcon_core.shell:Creating package descriptor '/home/kanye/Documents/visionaid/microros_ws/install/micro_ros_agent/share/micro_ros_agent/package.dsv'
[22.290s] INFO:colcon.colcon_core.shell:Creating package script '/home/kanye/Documents/visionaid/microros_ws/install/micro_ros_agent/share/micro_ros_agent/package.sh'
[22.291s] INFO:colcon.colcon_core.shell:Creating package script '/home/kanye/Documents/visionaid/microros_ws/install/micro_ros_agent/share/micro_ros_agent/package.bash'
[22.291s] INFO:colcon.colcon_core.shell:Creating package script '/home/kanye/Documents/visionaid/microros_ws/install/micro_ros_agent/share/micro_ros_agent/package.zsh'
[22.291s] Level 1:colcon.colcon_core.environment:create_file_with_runtime_dependencies(/home/kanye/Documents/visionaid/microros_ws/install/micro_ros_agent/share/colcon-core/packages/micro_ros_agent)
[22.292s] DEBUG:colcon.colcon_parallel_executor.executor.parallel:closing loop
[22.292s] DEBUG:colcon.colcon_parallel_executor.executor.parallel:loop closed
[22.292s] DEBUG:colcon.colcon_parallel_executor.executor.parallel:run_until_complete finished with '0'
[22.292s] DEBUG:colcon.colcon_core.event_reactor:joining thread
[22.298s] INFO:colcon.colcon_core.plugin_system:Skipping extension 'colcon_notification.desktop_notification.terminal_notifier': Not used on non-Darwin systems
[22.298s] INFO:colcon.colcon_core.plugin_system:Skipping extension 'colcon_notification.desktop_notification.win32': Not used on non-Windows systems
[22.298s] INFO:colcon.colcon_notification.desktop_notification:Sending desktop notification using 'notify2'
[22.312s] DEBUG:colcon.colcon_core.event_reactor:joined thread
[22.313s] INFO:colcon.colcon_core.shell:Creating prefix script '/home/kanye/Documents/visionaid/microros_ws/install/local_setup.ps1'
[22.314s] INFO:colcon.colcon_core.shell:Creating prefix util module '/home/kanye/Documents/visionaid/microros_ws/install/_local_setup_util_ps1.py'
[22.315s] INFO:colcon.colcon_core.shell:Creating prefix chain script '/home/kanye/Documents/visionaid/microros_ws/install/setup.ps1'
[22.315s] INFO:colcon.colcon_core.shell:Creating prefix script '/home/kanye/Documents/visionaid/microros_ws/install/local_setup.sh'
[22.316s] INFO:colcon.colcon_core.shell:Creating prefix util module '/home/kanye/Documents/visionaid/microros_ws/install/_local_setup_util_sh.py'
[22.317s] INFO:colcon.colcon_core.shell:Creating prefix chain script '/home/kanye/Documents/visionaid/microros_ws/install/setup.sh'
[22.317s] INFO:colcon.colcon_core.shell:Creating prefix script '/home/kanye/Documents/visionaid/microros_ws/install/local_setup.bash'
[22.318s] INFO:colcon.colcon_core.shell:Creating prefix chain script '/home/kanye/Documents/visionaid/microros_ws/install/setup.bash'
[22.318s] INFO:colcon.colcon_core.shell:Creating prefix script '/home/kanye/Documents/visionaid/microros_ws/install/local_setup.zsh'
[22.319s] INFO:colcon.colcon_core.shell:Creating prefix chain script '/home/kanye/Documents/visionaid/microros_ws/install/setup.zsh'
