310223,4,827,16537,-23,-274,88,65,151,-5
310238,6,820,16526,-19,-279,89,63,153,0
310252,18,823,16532,-26,-281,86,60,154,0
310266,26,826,16531,-15,-277,86,62,152,-3
310280,20,828,16537,-20,-280,84,60,151,-4
310294,19,827,16546,-23,-277,89,61,153,-5
310308,23,821,16534,-13,-279,89,64,149,0
310322,19,826,16542,-20,-282,86,64,154,-5
310336,14,828,16529,-14,-278,86,63,156,-7
310350,17,826,16517,-18,-280,84,63,155,-5
310364,15,816,16546,-13,-275,83,63,152,-4
310378,21,817,16531,-15,-279,80,63,151,-2
310392,24,822,16540,-14,-278,85,64,154,-3
310406,33,825,16538,-20,-273,83,63,154,-6
310420,19,826,16528,-18,-277,82,62,149,-5
310434,21,822,16525,-15,-280,83,61,153,-7
310448,22,834,16527,-22,-279,88,67,148,-5
310462,29,832,16519,-18,-276,83,67,154,-5
310476,21,821,16536,-22,-281,88,64,155,-7
310490,17,820,16536,-18,-277,82,63,154,-6
310504,20,827,16537,-17,-282,80,63,156,-2
310518,21,822,16537,-12,-278,85,63,152,-1
310532,18,817,16530,-17,-277,85,66,154,-4
310546,22,819,16529,-18,-275,86,68,152,-3
310560,24,825,16541,-13,-278,85,66,149,-3
310574,27,818,16534,-15,-280,84,64,151,-3
310588,14,817,16529,-21,-279,87,65,153,-4
310602,20,828,16529,-16,-277,84,68,154,-3
310616,25,826,16533,-19,-280,92,66,152,-5
310630,21,820,16530,-22,-278,86,65,152,-3
310644,20,819,16532,-16,-275,87,64,151,-2
310658,24,815,16533,-22,-272,86,65,152,-4
310672,26,823,16538,-17,-278,88,66,151,-6
310686,21,816,16540,-18,-273,77,68,152,-6
310700,21,819,16526,-17,-277,86,63,151,-8
310714,25,825,16525,-21,-281,89,62,151,-6
310728,25,827,16527,-18,-277,86,64,154,-6
310742,24,821,16532,-23,-278,84,64,152,-6
310756,18,826,16535,-22,-279,87,62,149,-9
310770,20,821,16529,-19,-274,85,63,147,-6
310784,25,818,16533,-18,-282,84,63,148,-7
310798,13,829,16528,-13,-279,87,64,153,-8
310812,3,824,16531,-10,-275,86,66,151,-7
310826,23,827,16525,-17,-278,83,66,150,-4
310840,20,830,16524,-14,-277,81,66,152,-6
310854,19,830,16531,-15,-278,84,63,151,-8
310868,13,827,16530,-18,-281,85,68,153,-7
310882,26,826,16527,-18,-279,83,66,153,-6
310896,22,821,16527,-20,-278,89,68,152,-2
310910,21,820,16528,-17,-278,84,68,151,-2
310924,28,821,16521,-20,-280,83,64,154,-10
310938,26,824,16520,-16,-278,82,68,154,-9
310952,19,825,16516,-19,-279,83,68,153,-6
310966,23,827,16532,-17,-279,87,70,149,-5
310980,17,825,16531,-16,-278,83,68,148,-5
310994,15,823,16516,-19,-283,85,65,153,-6
311008,12,819,16524,-19,-278,84,64,153,-4
311022,8,820,16529,-15,-273,92,66,151,-1
311036,15,822,16530,-19,-278,88,63,150,-2
311050,20,830,16538,-15,-276,81,62,150,-1
311064,26,830,16533,-14,-277,80,66,153,-7
311078,23,825,16533,-11,-280,82,65,154,-3
311092,9,820,16533,-18,-282,83,66,154,-4
311106,17,819,16529,-14,-278,83,64,151,-3
311120,21,825,16522,-18,-279,89,62,151,-3
311134,31,827,16525,-21,-282,85,66,148,-3
311148,20,832,16524,-19,-280,81,64,149,-6
311162,18,828,16526,-14,-279,83,65,152,-6
311176,17,818,16531,-21,-280,86,63,152,-2
311190,13,813,16531,-19,-285,87,63,154,-3
311204,24,814,16535,-16,-278,83,66,153,-6
311218,24,819,16535,-16,-277,85,65,155,-7
311232,29,816,16526,-22,-281,86,66,154,-5
311246,24,813,16531,-20,-278,80,66,155,-6
311260,11,828,16537,-19,-280,84,67,155,-4
311274,13,823,16530,-18,-280,89,65,151,-7
311288,9,823,16532,-19,-276,86,66,155,-7
311302,16,827,16519,-17,-281,82,65,152,-7
311316,24,827,16531,-16,-277,81,66,148,-7
311330,22,833,16534,-15,-281,82,66,151,-6
311344,20,818,16537,-19,-279,84,67,152,-4
311358,19,819,16539,-18,-280,83,62,153,-2
311372,16,831,16532,-22,-280,89,65,151,-6
311386,11,832,16535,-14,-279,85,62,152,-6
311400,24,821,16525,-19,-279,86,61,151,-8
311414,21,825,16537,-20,-279,80,66,151,-7
311428,18,827,16532,-19,-279,86,65,152,-5
311442,27,826,16536,-21,-278,85,68,152,-4
311456,14,815,16545,-17,-278,91,65,153,-5
311470,21,822,16542,-19,-275,89,65,153,-1
311484,18,820,16539,-18,-278,87,65,149,-6
311498,21,824,16537,-20,-275,87,67,154,-8
311512,23,818,16524,-17,-278,85,65,154,-5
311526,11,825,16524,-18,-278,90,66,152,-6
311540,10,803,16526,-17,-276,91,66,151,-6
311554,27,817,16537,-19,-280,87,67,153,-2
311568,12,830,16534,-13,-276,91,67,153,-5
311582,20,820,16538,-21,-277,88,65,151,-4
311596,23,817,16554,-15,-278,86,67,152,-5
311610,20,827,16548,-17,-275,86,65,151,-3
311624,25,819,16541,-21,-278,90,65,152,-2
311638,19,822,16532,-21,-280,86,67,150,-2
311652,19,828,16544,-19,-279,85,61,153,-6
311666,16,829,16538,-15,-280,86,61,154,-3
311680,15,816,16541,-21,-281,82,66,149,-5
311694,21,825,16537,-18,-277,83,65,151,-5
311708,18,818,16534,-19,-279,84,65,150,-3
311722,15,822,16534,-13,-278,79,66,147,-4
311736,17,822,16536,-18,-278,81,66,148,-6
311750,15,815,16532,-21,-280,81,67,155,-3
311764,15,821,16523,-23,-282,87,63,154,-6
311778,22,826,16533,-22,-283,85,63,150,-8
311792,19,823,16539,-19,-282,85,63,150,-5
311806,21,820,16545,-20,-280,83,63,150,-5
311820,23,830,16543,-16,-272,84,66,151,-3
311834,4,823,16540,-12,-276,84,65,151,-2
311848,10,823,16543,-17,-279,83,67,153,-2
311862,15,827,16521,-19,-282,85,63,155,-2
311876,20,828,16535,-18,-276,85,62,157,-3
311890,18,825,16534,-17,-279,86,62,155,-4
311904,21,828,16546,-17,-275,83,61,151,-5
311918,23,823,16543,-18,-281,86,65,152,-6
311932,27,824,16534,-15,-276,87,66,152,-4
311946,10,820,16540,-17,-276,84,68,152,-7
311960,19,824,16538,-17,-281,86,65,153,-4
311974,26,821,16529,-13,-277,86,68,151,-5
311988,13,822,16536,-17,-277,89,67,152,-1
312002,24,827,16538,-16,-275,86,62,153,-5
312016,25,830,16544,-19,-279,86,63,153,-8
312030,17,825,16534,-22,-280,82,66,155,-5
312044,27,816,16537,-18,-282,82,68,157,-5
312058,35,819,16542,-14,-279,79,65,150,-3
312072,24,834,16533,-23,-277,83,67,147,-3
312086,22,831,16539,-13,-279,87,64,151,-6
312100,13,827,16533,-13,-276,83,65,152,-8
312114,14,826,16541,-17,-276,94,66,150,-5
312128,17,832,16538,-19,-279,89,63,156,-4
312142,20,826,16540,-18,-280,88,61,152,-5
312156,17,826,16531,-18,-280,86,62,151,-4
312170,20,827,16536,-16,-279,81,69,154,-3
312184,9,811,16541,-13,-280,89,69,154,-6
312198,13,817,16541,-13,-279,85,66,153,-5
312212,21,826,16542,-15,-277,84,66,151,-4
312226,17,826,16533,-14,-277,84,65,151,-5
312240,20,826,16542,-15,-283,85,68,153,-8
312254,28,821,16535,-16,-275,86,64,152,-5
312268,19,821,16532,-15,-277,87,64,152,1
312282,19,820,16534,-14,-279,85,63,150,-2
312296,24,827,16527,-19,-284,83,61,153,-5
312310,24,819,16529,-16,-280,87,65,155,-5
312324,23,829,16529,-19,-278,82,66,153,-5
312338,19,821,16540,-20,-275,82,65,152,-2
312352,18,829,16540,-19,-279,85,65,151,-5
312366,22,821,16534,-17,-274,83,66,152,-10
312380,23,817,16539,-20,-281,87,64,154,-8
312394,23,819,16536,-16,-285,85,65,153,-4
312408,25,827,16530,-10,-280,81,67,152,-5
312422,15,825,16544,-14,-279,86,67,151,-6
312436,23,824,16550,-15,-278,86,66,155,-6
312450,25,820,16543,-17,-277,85,67,153,-8
312464,21,817,16544,-21,-276,80,68,154,-6
312478,24,826,16550,-14,-275,78,62,154,-8
312492,24,831,16536,-17,-278,81,65,153,-5
312506,21,821,16527,-14,-281,83,68,149,-4
312520,26,828,16534,-20,-278,86,63,153,-5
312534,26,823,16541,-16,-275,85,62,154,-7
312548,31,824,16537,-19,-273,77,67,150,-3
312562,22,827,16542,-14,-281,80,64,151,-4
312576,22,822,16546,-11,-279,85,66,154,-3
312590,21,819,16531,-18,-282,87,65,154,-6
312604,19,823,16540,-17,-279,84,65,153,-6
312618,21,826,16533,-22,-276,81,61,151,-9
312632,24,831,16538,-17,-279,85,66,154,-7
312646,7,826,16543,-19,-283,82,64,151,-3
312660,18,821,16545,-13,-279,87,63,151,-4
312674,28,819,16545,-22,-279,82,63,153,-4
312688,25,816,16543,-20,-274,85,65,153,-5
312702,13,830,16539,-14,-275,86,64,152,-4
312716,16,822,16540,-18,-279,82,65,149,-5
312730,13,817,16550,-19,-281,87,64,151,-5
312744,29,815,16546,-19,-276,84,66,152,-5
312758,16,813,16533,-16,-279,85,66,155,-6
312772,21,818,16535,-19,-277,88,64,152,-7
312786,14,820,16551,-20,-275,83,65,151,-6
312800,16,820,16542,-14,-280,85,65,151,-6
312814,19,826,16549,-17,-280,86,65,153,-5
312828,16,826,16546,-13,-276,87,69,153,-6
312842,19,820,16539,-14,-280,82,68,152,-4
312856,25,831,16539,-18,-277,83,61,152,-5
312870,29,816,16549,-17,-279,85,64,151,-5
312884,18,816,16542,-13,-276,81,62,152,-8
312898,13,821,16541,-15,-277,87,67,155,-6
312912,25,819,16550,-15,-279,85,66,153,-6
312926,24,822,16540,-16,-282,84,67,151,-5
312940,17,825,16532,-17,-279,82,64,155,-5
312954,17,830,16541,-16,-280,84,65,155,-5
312968,18,825,16536,-17,-276,88,65,152,-3
312982,20,822,16540,-13,-280,88,68,151,-7
312996,19,816,16537,-17,-278,88,69,150,-8
313010,17,811,16538,-19,-278,87,65,150,-9
313024,24,826,16544,-17,-278,84,67,151,-4
313038,22,824,16541,-23,-277,87,65,153,-7
313052,14,827,16529,-18,-277,82,65,153,-3
313066,20,828,16542,-14,-283,86,67,152,-3
313080,14,819,16550,-20,-273,90,64,152,-6
313094,21,824,16546,-16,-279,92,65,149,-5
313108,15,818,16546,-17,-281,83,65,151,-9
313122,16,821,16546,-18,-275,87,65,151,-8
313136,21,813,16544,-14,-277,82,62,151,-3
313150,20,817,16541,-16,-280,83,58,151,-5
313164,16,815,16547,-16,-274,85,65,150,-4
313178,19,818,16541,-15,-279,87,66,151,-5
313192,18,824,16542,-19,-278,92,65,155,-7
313206,12,829,16544,-19,-280,84,67,150,-6
313220,18,826,16552,-21,-281,85,66,152,-4
313234,22,827,16544,-18,-275,85,62,152,-6
313248,25,820,16551,-11,-278,82,65,153,-5
313262,26,821,16548,-16,-281,82,65,150,-1
313276,23,832,16551,-14,-281,85,60,152,-4
313290,20,831,16537,-18,-279,86,61,155,-5
313304,16,829,16540,-17,-285,82,65,151,-4
313318,15,833,16528,-17,-280,88,65,156,-7
313332,17,827,16549,-17,-278,85,67,152,-5
313346,24,825,16541,-18,-275,81,67,151,-2
313360,12,826,16544,-11,-280,80,67,149,-3
313374,16,825,16545,-13,-274,81,62,149,-3
313388,16,827,16540,-8,-276,85,64,149,-3
313402,28,828,16534,-16,-276,88,68,151,-3
313416,37,824,16537,-15,-275,82,68,150,1
313430,21,822,16546,-21,-273,86,68,148,-4
313444,19,821,16537,-18,-279,86,66,152,-7
313458,17,824,16541,-21,-276,85,65,151,-4
313472,18,822,16544,-15,-280,88,63,148,-5
313486,20,824,16541,-18,-281,88,66,152,-4
313500,23,821,16550,-20,-283,92,64,152,-6
313514,20,825,16542,-10,-278,87,65,150,-4
313528,20,828,16529,-12,-278,84,65,150,-2
313542,18,828,16542,-13,-278,88,64,154,-5
313556,21,817,16553,-18,-278,85,65,155,-6
313570,14,830,16543,-17,-275,84,63,152,-4
313584,23,829,16536,-17,-278,85,61,154,-5
313598,20,820,16543,-18,-279,88,62,153,-3
313612,14,820,16538,-16,-279,81,62,153,-7
313626,13,817,16532,-20,-277,88,67,153,-7
313640,13,823,16541,-19,-278,86,66,151,-9
313654,26,827,16545,-17,-277,86,66,153,-5
313668,23,828,16545,-21,-274,84,69,154,-3
313682,20,824,16543,-20,-278,85,65,151,-2
313696,19,824,16538,-21,-277,86,65,148,1
313710,13,827,16541,-16,-282,87,66,152,-3
313724,21,817,16548,-17,-280,86,65,152,-4
313738,29,824,16535,-16,-275,84,66,154,-4
313752,11,822,16534,-17,-277,83,66,148,-3
313766,9,823,16539,-17,-281,85,66,149,-2
313780,20,820,16532,-14,-277,81,62,152,-1
313794,19,817,16529,-14,-276,83,64,152,-2
313808,25,830,16541,-16,-281,87,63,153,-4
313822,23,835,16539,-17,-280,85,62,148,-8
313836,18,820,16547,-15,-277,86,63,153,-6
313850,25,823,16542,-19,-280,84,66,151,-5
313864,16,825,16523,-19,-275,89,67,151,-6
313878,21,828,16533,-18,-276,87,65,150,-1
313892,32,824,16532,-20,-278,81,64,150,-1
313906,23,821,16541,-18,-282,87,64,149,-2
313920,18,819,16540,-12,-276,82,63,153,-7
313934,26,816,16528,-19,-277,83,63,154,-6
313948,26,820,16535,-18,-277,82,65,154,-5
313962,28,827,16540,-16,-277,87,66,152,-4
313976,16,826,16533,-21,-280,86,66,152,-2
313990,11,824,16539,-19,-275,89,63,151,-5
314004,24,816,16548,-17,-280,90,65,150,-3
314018,21,822,16546,-15,-279,87,65,152,-3
314032,27,826,16537,-13,-282,86,66,152,-2
314046,25,821,16547,-14,-281,85,66,153,-6
314060,17,821,16536,-18,-281,90,64,148,-4
314074,18,821,16532,-16,-277,89,66,149,-5
314088,26,834,16548,-13,-279,85,66,152,-3
314102,25,823,16537,-17,-275,81,66,151,-4
314116,24,819,16546,-20,-275,81,67,151,-4
314130,16,823,16541,-15,-278,84,64,154,-6
314144,22,831,16543,-15,-279,89,65,153,-7
314158,25,827,16537,-21,-275,88,65,151,-4
314172,24,824,16541,-17,-277,81,66,149,-3
314186,17,828,16545,-15,-277,84,64,151,-1
314200,15,821,16544,-18,-275,86,66,153,-6
314214,14,821,16551,-17,-274,85,66,153,-7
314228,21,821,16537,-15,-274,85,63,153,-5
314242,7,818,16538,-19,-279,87,61,150,-5
314256,15,821,16537,-17,-277,83,64,153,-6
314270,19,825,16538,-20,-274,83,66,152,-3
314284,16,827,16531,-14,-278,88,66,152,-1
314298,20,823,16545,-20,-280,86,65,153,-5
314312,17,823,16541,-16,-281,86,61,152,-9
314326,12,815,16541,-19,-282,83,63,150,-7
314340,9,820,16543,-19,-276,89,60,150,-6
314354,22,821,16536,-13,-279,86,64,153,-3
314368,22,822,16543,-16,-279,84,62,152,-6
314382,20,826,16535,-18,-278,85,63,154,-3
314396,17,825,16540,-16,-279,90,64,152,-3
314410,17,814,16540,-18,-283,86,65,150,-7
314424,14,812,16545,-14,-275,82,63,148,-5
314438,20,827,16545,-15,-281,89,64,154,-5
314452,17,822,16531,-18,-276,86,65,152,-7
314466,13,826,16524,-16,-277,87,63,151,-4
314480,15,826,16530,-20,-278,82,64,149,-4
314494,32,822,16535,-20,-278,82,64,152,-5
314508,21,817,16545,-17,-275,82,66,155,-6
314522,21,817,16551,-13,-280,83,68,152,-5
314536,22,825,16549,-17,-276,84,65,150,-6
314550,21,822,16533,-18,-274,84,65,150,-6
314564,26,820,16533,-15,-277,86,65,151,-7
314578,11,825,16551,-22,-276,85,66,152,-5
314592,20,824,16537,-15,-279,78,65,149,-6
314606,22,821,16535,-18,-278,84,68,149,-5
314620,21,817,16536,-18,-274,86,67,150,-5
314634,22,822,16541,-17,-274,89,65,151,-4
314648,18,817,16554,-19,-278,88,63,153,-7
314662,26,825,16546,-21,-276,86,65,154,-6
314676,22,820,16542,-16,-278,86,62,148,-8
314690,27,825,16540,-14,-282,85,66,149,-2
314704,22,825,16537,-16,-279,90,65,151,-3
314718,21,823,16544,-19,-280,87,64,153,-6
314732,22,820,16546,-22,-277,84,64,153,-4
314746,22,826,16536,-16,-278,85,62,149,-4
314760,24,824,16536,-16,-275,85,60,150,-7
314774,23,823,16543,-23,-279,92,61,152,-4
314788,14,829,16545,-21,-278,89,69,154,-8
314802,18,831,16539,-19,-278,88,67,152,-9
314816,28,828,16535,-16,-276,85,64,154,-6
314830,19,823,16541,-21,-282,87,62,152,-6
314844,24,813,16542,-19,-278,89,63,151,-4
314858,20,821,16544,-20,-277,88,63,149,-7
314872,26,820,16542,-16,-276,86,65,148,-4
314886,26,826,16532,-19,-277,86,63,151,-7
314900,21,831,16544,-19,-273,86,62,154,-5
314914,15,825,16555,-16,-277,87,66,152,-6
314928,24,816,16537,-17,-278,83,65,151,-6
314942,16,822,16541,-20,-281,81,66,152,-7
314956,14,827,16551,-13,-280,86,65,148,-8
314970,19,831,16551,-14,-274,86,66,150,-5
314984,19,816,16540,-16,-277,81,67,154,-3
314998,26,823,16539,-18,-277,91,67,150,-6
315012,22,823,16546,-15,-276,88,65,150,-6
315026,29,823,16547,-4,-279,86,65,153,-6
315040,23,811,16544,-18,-277,86,65,154,-7
315054,16,818,16541,-16,-274,77,66,152,-6
315068,17,831,16545,-10,-276,93,66,150,-5
315082,21,829,16547,-16,-277,86,64,151,-7
315096,28,820,16533,-9,-277,85,66,148,-8
315110,23,822,16539,-18,-284,88,64,150,-6
315124,21,820,16548,-17,-281,84,67,153,-4
315138,18,819,16549,-17,-279,83,65,153,-5
315152,17,821,16538,-20,-279,80,65,153,-3
315166,29,821,16542,-15,-278,83,67,151,2
315180,25,824,16553,-18,-277,89,66,151,-1
315194,15,821,16550,-21,-282,87,62,153,-5
315208,20,822,16547,-20,-283,84,59,154,-6
315222,17,819,16547,-18,-283,86,68,153,-4
315236,21,822,16550,-14,-277,84,64,151,-5
315250,25,821,16547,-11,-278,83,64,152,-6
315264,28,828,16545,-16,-280,87,64,156,-7
315278,20,827,16542,-21,-279,87,68,152,-5
315292,22,825,16542,-16,-278,84,66,149,-3
315306,19,818,16551,-18,-280,85,65,151,-5
315320,18,824,16545,-17,-272,85,64,151,-4
315334,19,817,16544,-18,-271,88,65,157,-7
315348,10,814,16545,-19,-277,88,65,157,-6
315362,20,817,16543,-17,-281,85,68,151,-6
315376,23,824,16541,-15,-277,84,65,151,-7
315390,16,822,16549,-21,-280,85,63,151,-9
315404,24,830,16537,-17,-272,88,61,152,-8
315418,33,823,16538,-19,-277,81,61,150,-5
315432,23,817,16551,-15,-279,82,63,151,-6
315446,30,824,16544,-16,-274,86,66,153,-6
315460,24,825,16542,-17,-279,86,66,155,-4
315474,20,833,16543,-16,-279,79,65,155,-3
315488,20,831,16547,-21,-274,83,65,156,-5
315502,27,821,16534,-15,-274,86,64,150,-6
315516,28,822,16540,-19,-280,82,62,156,-8
315530,20,825,16539,-16,-279,85,63,157,-7
315544,13,824,16542,-14,-277,85,64,151,-5
315558,10,825,16543,-17,-271,90,64,151,-2
315572,19,828,16542,-16,-275,87,67,146,-3
315586,27,819,16549,-15,-278,82,67,146,-3
315600,12,825,16553,-18,-274,85,64,150,-11
315614,19,826,16551,-19,-278,83,62,153,-9
315628,15,823,16546,-12,-283,90,64,149,-4
315642,8,823,16544,-13,-278,85,67,151,-4
315656,18,819,16542,-14,-282,88,68,152,-6
315670,22,814,16540,-19,-279,88,65,151,-7
315684,13,831,16547,-18,-278,89,63,152,-6
315698,16,826,16548,-19,-278,85,63,154,-6
315712,25,830,16547,-22,-285,83,66,151,-2
315726,24,825,16539,-20,-278,83,64,155,-5
315740,14,826,16545,-17,-278,85,64,149,-6
315754,12,828,16536,-16,-275,82,64,153,-8
315768,19,817,16542,-18,-278,82,63,156,-4
315782,23,818,16548,-15,-280,84,68,152,-5
315796,14,818,16547,-16,-280,88,65,151,-8
315810,17,821,16543,-15,-281,82,64,151,-6
315824,24,826,16549,-12,-282,81,62,153,-6
315838,25,823,16545,-16,-281,86,64,154,-4
315852,20,827,16535,-19,-281,89,66,150,-2
315866,14,825,16539,-14,-282,88,68,149,-2
315880,16,820,16556,-24,-277,84,68,151,-5
315894,19,822,16557,-23,-279,84,66,151,-4
315908,14,820,16543,-19,-275,85,67,153,-6
315922,19,823,16541,-14,-278,85,68,153,-5
315936,20,828,16539,-16,-283,84,68,152,-3
315950,23,832,16538,-16,-275,84,64,151,-4
315964,32,815,16556,-17,-276,84,61,150,-9
315978,17,821,16549,-16,-277,86,63,151,-7
315992,24,824,16549,-18,-279,91,62,155,-8
316006,19,830,16548,-15,-278,86,63,154,-6
316020,16,829,16538,-20,-282,83,63,150,-5
316034,26,822,16545,-19,-278,84,65,150,-7
316048,25,822,16549,-14,-281,86,64,152,-1
316062,22,824,16551,-19,-282,88,64,153,-3
316076,25,824,16543,-16,-282,86,62,156,-5
316090,22,823,16543,-17,-278,87,63,150,-4
316104,17,822,16553,-20,-284,85,67,152,-6
316118,16,822,16548,-10,-275,83,67,152,-6
316132,17,815,16547,-14,-283,86,68,149,-6
316146,17,824,16551,-17,-280,91,65,151,-8
316160,25,826,16548,-17,-279,84,64,150,-1
316174,28,825,16544,-21,-279,86,61,149,-8
316188,26,822,16540,-17,-275,89,62,150,-3
316202,19,830,16541,-21,-271,88,64,151,-6
316216,24,827,16546,-21,-278,83,65,149,-7
316230,13,822,16545,-16,-274,85,61,148,-4
316244,19,827,16550,-17,-280,90,63,149,-4
316258,19,824,16537,-20,-279,88,63,151,-7
316272,20,824,16532,-19,-275,83,64,151,-4
316286,15,827,16555,-16,-280,89,67,153,-3
316300,19,824,16556,-17,-282,84,65,152,-3
316314,22,825,16555,-21,-276,83,63,153,-4
316328,17,820,16554,-18,-281,88,63,152,-5
316342,19,832,16550,-18,-280,85,65,152,-4
316356,18,833,16550,-20,-279,85,66,156,-6
316370,18,827,16546,-22,-277,82,63,151,-7
316384,11,819,16546,-17,-276,82,64,150,-5
316398,14,824,16550,-14,-279,86,64,154,-4
316412,17,825,16544,-16,-280,84,63,151,-6
316426,19,832,16537,-21,-278,86,65,152,-5
316440,11,829,16549,-18,-278,88,65,153,-3
316454,12,821,16543,-17,-283,89,67,153,-4
316468,22,820,16546,-20,-276,88,66,154,-5
316482,30,822,16548,-19,-278,85,65,151,-6
316496,28,828,16545,-18,-279,86,64,150,-5
316510,29,823,16543,-16,-275,87,63,150,-5
316524,21,828,16534,-18,-279,88,65,149,-6
316538,19,827,16544,-19,-283,86,67,151,-5
316552,24,823,16544,-13,-273,86,69,152,-7
316566,23,821,16545,-15,-278,90,65,152,-2
316580,21,816,16546,-23,-274,89,63,151,-4
316594,13,820,16541,-23,-279,83,63,153,-7
316608,22,816,16545,-13,-279,86,64,156,-7
316622,22,814,16533,-13,-274,88,65,153,-7
316636,20,821,16536,-17,-277,87,66,154,-3
316650,31,820,16523,-19,-277,86,64,153,-3
316664,17,832,16539,-17,-279,85,67,154,-5
316678,15,827,16545,-16,-280,85,65,150,-5
316692,23,829,16536,-17,-285,85,62,152,-7
316706,30,827,16543,-14,-283,85,67,152,-5
316720,18,826,16550,-17,-279,82,68,151,-4
316734,12,827,16545,-18,-276,82,67,152,-9
316748,20,821,16538,-15,-276,82,67,152,-9
316762,30,817,16541,-13,-281,86,62,156,-7
316776,26,816,16539,-17,-285,85,66,150,-6
316790,20,819,16540,-18,-279,82,68,154,-7
316804,24,820,16531,-18,-279,82,64,151,-7
316818,26,818,16536,-17,-280,85,64,152,-7
316832,18,823,16550,-18,-278,84,66,151,-7
316846,21,823,16541,-13,-279,85,63,149,-6
316860,27,814,16535,-22,-280,84,63,150,-5
316874,24,818,16530,-20,-278,87,62,151,-1
316888,29,826,16539,-20,-282,82,62,152,-3
316902,20,818,16545,-10,-275,85,66,153,-4
316916,18,820,16540,-11,-282,83,66,155,-6
316930,35,821,16539,-13,-277,84,64,153,-5
316944,32,827,16538,-21,-277,83,69,151,-6
316958,21,832,16543,-19,-282,86,68,148,-7
316972,22,830,16532,-17,-281,86,64,150,-7
316986,29,826,16542,-16,-281,81,66,153,-5
317000,14,825,16536,-18,-283,85,63,155,-4
317014,20,824,16545,-22,-281,89,64,152,-7
317028,13,825,16541,-13,-279,87,65,151,-6
317042,18,821,16537,-14,-278,86,63,151,-7
317056,29,822,16544,-19,-280,83,63,152,-7
317070,17,822,16545,-20,-278,83,65,153,-5
317084,24,823,16545,-22,-278,82,64,155,-5
317098,22,828,16540,-19,-272,86,62,153,-8
317112,22,825,16541,-13,-280,84,64,152,-4
317126,18,820,16549,-15,-274,81,66,152,-6
317140,23,824,16555,-18,-280,84,68,151,-5
317154,31,823,16530,-17,-284,84,61,152,-7
317168,28,818,16532,-13,-276,82,64,152,-5
317182,19,821,16549,-15,-277,84,68,152,-4
317196,27,820,16544,-16,-280,85,64,150,-4
317210,10,815,16535,-16,-282,82,66,150,-4
317224,19,822,16541,-21,-281,82,67,151,-4
317238,3,826,16547,-22,-284,83,67,152,-6
317252,11,820,16542,-18,-280,81,65,154,-5
317266,25,828,16547,-19,-275,88,65,153,-5
317280,18,819,16549,-17,-279,82,66,154,-7
317294,11,819,16549,-14,-276,83,67,155,-7
317308,25,819,16550,-18,-280,82,67,155,-4
317322,29,814,16535,-12,-277,86,67,151,-4
317336,18,824,16537,-19,-274,84,66,152,-3
317350,32,816,16548,-16,-278,85,64,155,-3
317364,20,825,16546,-14,-278,86,63,152,-5
317378,23,823,16542,-22,-278,85,64,156,-5
317392,19,822,16535,-24,-274,82,64,151,-6
317406,13,829,16540,-16,-275,87,64,152,-5
317420,12,826,16549,-19,-279,90,65,152,-3
317434,18,826,16558,-17,-278,82,66,152,-4
317448,18,821,16542,-17,-278,82,65,151,-1
317462,18,819,16551,-15,-281,85,63,149,-6
317476,19,830,16551,-18,-278,82,62,151,-6
317490,24,828,16552,-15,-277,89,65,152,-7
317504,19,819,16543,-21,-285,88,64,152,-8
317518,25,827,16539,-25,-273,85,67,153,-6
317532,25,826,16551,-15,-278,83,65,153,-6
317546,21,825,16548,-21,-279,85,64,150,-6
317560,20,820,16543,-19,-274,86,62,149,-6
317574,24,825,16542,-11,-277,88,62,155,-2
317588,19,822,16543,-14,-280,86,64,156,-5
317602,23,815,16534,-9,-275,82,63,151,-7
317616,14,822,16543,-15,-278,83,66,152,-7
317630,11,824,16547,-16,-278,81,66,147,-7
317644,15,827,16542,-18,-276,83,64,150,-5
317658,20,825,16550,-21,-276,86,67,152,-3
317672,15,822,16543,-14,-280,87,68,148,-5
317686,18,820,16549,-13,-276,86,66,152,-7
317700,13,824,16550,-13,-280,84,64,151,-3
317714,14,823,16542,-18,-275,84,65,150,-5
317728,6,826,16540,-18,-276,89,67,151,-7
317742,19,825,16544,-15,-279,90,64,152,-7
317756,16,828,16543,-16,-281,87,65,154,-7
317770,24,830,16548,-16,-279,81,62,151,-5
317784,22,827,16542,-16,-277,90,62,154,-6
317798,23,830,16537,-15,-275,83,62,155,-6
317812,11,825,16539,-13,-274,83,64,153,-5
317826,17,813,16544,-14,-283,86,66,150,-8
317840,23,809,16557,-18,-285,81,68,152,-5
317854,15,818,16539,-16,-277,86,70,155,-4
317868,20,816,16543,-24,-276,82,65,152,-4
317882,24,827,16545,-15,-277,82,65,150,-6
317896,24,823,16540,-20,-275,85,64,150,-6
317910,13,817,16543,-15,-277,85,64,153,-5
317924,17,823,16540,-17,-274,82,66,154,-5
317938,19,832,16536,-19,-280,85,67,152,-5
317952,25,835,16540,-15,-280,86,66,152,-2
317966,20,813,16540,-21,-278,84,68,151,-3
317980,26,819,16535,-19,-277,85,66,152,-1
317994,19,811,16547,-18,-281,84,66,150,-4
318008,21,819,16545,-20,-278,83,65,151,-7
318022,20,823,16532,-14,-282,82,66,147,-5
318036,17,824,16541,-13,-275,87,66,152,-7
318050,19,823,16548,-15,-278,89,64,152,-5
318064,19,822,16532,-14,-277,89,64,154,-1
318078,23,826,16537,-14,-279,86,67,152,-4
318092,21,820,16542,-22,-276,85,68,154,-5
318106,24,822,16545,-19,-281,85,66,152,-3
318120,18,826,16540,-20,-278,86,68,152,-9
318134,22,825,16535,-14,-279,80,66,152,-6
318148,24,826,16547,-15,-276,81,65,152,-7
318162,29,826,16542,-17,-277,82,64,147,-6
318176,18,817,16545,-14,-278,82,63,146,-5
318190,18,820,16552,-20,-280,87,64,154,-5
318204,31,827,16539,-22,-276,86,65,156,-9
318218,18,831,16547,-18,-279,85,68,147,-5
318232,18,825,16533,-21,-278,82,68,148,-5
318246,23,826,16545,-22,-280,83,64,152,-5
318260,26,823,16551,-18,-276,85,65,152,-3
318274,28,825,16546,-19,-280,85,67,155,-3
318288,23,819,16539,-18,-282,84,64,149,-5
318302,27,820,16539,-24,-279,86,64,151,-3
318316,13,827,16539,-19,-275,86,65,153,-6
318330,14,823,16544,-20,-275,90,66,152,-7
318344,14,820,16548,-15,-278,88,65,154,-7
318358,13,819,16545,-20,-281,87,63,150,-4
318372,26,822,16543,-18,-276,85,62,150,-7
318386,25,822,16547,-18,-276,85,64,155,-3
318400,20,818,16539,-13,-279,85,65,154,1
318414,24,818,16545,-14,-274,82,65,152,-1
318428,28,830,16553,-20,-275,86,66,151,-6
318442,24,823,16548,-17,-285,87,68,151,-6
318456,16,831,16545,-21,-281,90,64,151,-5
318470,8,825,16546,-22,-273,88,64,151,-6
318484,13,834,16548,-18,-282,87,61,150,-3
318498,11,831,16546,-14,-277,86,65,149,-7
318512,18,826,16546,-19,-275,87,64,150,-5
318526,25,828,16552,-19,-279,85,66,150,-6
318540,18,826,16549,-21,-280,87,65,153,-7
318554,27,824,16545,-16,-278,88,64,150,-3
318568,15,816,16552,-16,-278,85,68,154,-7
318582,12,822,16553,-14,-281,80,70,154,-8
318596,26,827,16539,-21,-277,86,65,153,-7
318610,22,817,16533,-20,-280,86,66,157,-9
318624,18,828,16546,-21,-276,83,68,153,-8
318638,24,826,16545,-19,-277,87,65,156,-6
318652,22,822,16552,-20,-282,87,63,153,-8
318666,22,829,16547,-16,-278,86,68,151,-5
318680,19,827,16543,-16,-281,81,65,153,-4
318694,22,823,16546,-20,-282,81,64,155,-6
318708,21,821,16544,-16,-275,86,65,149,-5
318722,14,835,16549,-13,-280,82,64,151,-6
318736,18,827,16542,-16,-278,84,67,147,-6
318750,22,818,16542,-18,-277,83,65,149,-5
318764,16,822,16535,-16,-278,89,62,154,-3
318778,20,824,16546,-16,-276,88,67,153,-6
318792,29,823,16540,-16,-282,91,65,153,-9
318806,22,826,16534,-17,-276,87,64,154,-5
318820,18,821,16538,-24,-281,86,65,154,-5
318834,28,831,16546,-17,-282,89,65,152,-5
318848,15,837,16534,-16,-283,83,65,154,-6
318862,15,823,16542,-18,-275,84,64,154,-4
318876,21,827,16528,-22,-282,84,65,152,-4
318890,18,827,16545,-16,-281,84,63,151,-5
318904,24,823,16543,-19,-280,87,68,151,-1
318918,8,823,16536,-16,-278,84,67,151,-4
318932,21,813,16540,-16,-276,84,69,152,-7
318946,22,816,16540,-19,-275,88,63,152,-6
318960,24,820,16531,-9,-279,88,64,157,-5
318974,24,830,16538,-20,-277,87,63,150,-5
318988,31,829,16531,-17,-283,90,62,147,-4
319002,30,824,16545,-20,-283,86,64,149,-8
319016,29,818,16552,-16,-278,82,62,153,-9
319030,24,819,16538,-18,-276,83,63,155,-8
319044,23,825,16544,-18,-278,86,64,152,-6
319058,21,832,16536,-14,-278,87,66,150,-3
319072,23,822,16541,-20,-278,90,66,150,-5
319086,24,815,16554,-18,-276,84,64,156,-6
319100,24,820,16546,-21,-279,88,65,154,-6
319114,18,827,16559,-24,-281,87,64,154,-5
319128,17,820,16556,-19,-278,90,65,150,-5
319142,21,816,16541,-21,-282,86,68,150,-7
319156,16,822,16550,-21,-278,84,66,155,-6
319170,23,821,16556,-16,-277,87,67,155,-4
319184,14,818,16543,-21,-279,89,66,154,-6
319198,22,817,16533,-19,-282,86,63,154,-4
319212,19,832,16538,-16,-281,81,65,153,-5
319226,23,825,16535,-15,-278,87,60,154,-7
319240,26,821,16543,-17,-280,87,59,156,-6
319254,20,824,16541,-15,-276,85,67,149,-7
319268,14,829,16535,-19,-280,87,67,149,-3
319282,13,828,16538,-20,-282,84,65,150,-7
319296,27,827,16549,-11,-276,83,66,153,-6
319310,25,830,16545,-17,-279,83,64,150,-4
319324,12,822,16546,-12,-279,82,65,152,-2
319338,15,816,16548,-16,-277,88,66,152,-4
319352,25,821,16552,-20,-277,88,63,150,-5
319366,18,821,16538,-13,-280,84,64,152,-3
319380,10,821,16539,-20,-279,85,62,153,-4
319394,16,829,16546,-23,-279,85,63,154,-7
319408,25,832,16549,-16,-282,88,65,154,-5
319422,13,829,16543,-19,-276,85,67,156,-6
319436,8,824,16540,-13,-279,89,64,156,-5
319450,14,828,16547,-14,-278,87,61,154,-5
319464,27,823,16556,-15,-279,85,65,155,3
319478,25,824,16550,-13,-280,83,64,153,-1
319492,21,820,16541,-16,-278,86,65,150,-6
319506,18,822,16539,-20,-278,90,69,152,-7
319520,27,821,16549,-19,-279,88,67,153,-7
319534,31,825,16544,-23,-274,85,66,153,-8
319548,24,827,16542,-18,-279,81,64,151,-5
319562,12,823,16544,-18,-278,87,65,150,-4
319576,10,829,16547,-19,-278,87,64,150,-1
319590,27,824,16543,-18,-276,82,64,153,-5
319604,24,824,16541,-22,-282,90,64,154,-4
319618,29,831,16542,-22,-279,85,66,151,-7
319632,24,827,16550,-14,-281,88,67,150,-7
319646,22,812,16548,-18,-278,84,69,152,-5
319660,20,811,16546,-20,-278,86,63,148,-4
319674,9,833,16542,-15,-275,85,66,150,-5
319688,14,830,16546,-19,-278,79,68,153,-4
319702,19,821,16535,-18,-278,81,63,154,-5
319716,14,822,16541,-18,-273,87,63,153,-5
319730,28,824,16548,-16,-275,86,64,152,-7
319744,21,828,16544,-16,-285,86,66,152,-6
319758,21,820,16535,-25,-278,90,64,152,-8
319772,15,829,16539,-18,-278,86,63,149,-5
319786,21,825,16547,-18,-278,88,63,149,-2
319800,23,822,16541,-16,-276,86,66,153,-9
319814,14,818,16539,-16,-275,88,63,152,-8
319828,14,827,16550,-23,-279,89,63,155,-7
319842,13,825,16526,-18,-282,86,67,149,-2
319856,19,828,16531,-17,-283,89,67,150,-3
319870,26,820,16535,-14,-285,84,63,150,-4
319884,27,818,16534,-16,-280,86,60,151,-3
319898,22,828,16554,-17,-277,81,60,149,-5
319912,19,827,16554,-13,-280,80,67,153,-9
319926,19,824,16543,-17,-280,83,68,146,-10
319940,18,824,16546,-21,-283,84,64,153,-6
319954,26,821,16567,-17,-280,87,65,152,-4
319968,19,821,16553,-21,-277,88,65,150,-7
319982,18,822,16543,-18,-280,86,62,150,-8
319996,15,824,16544,-17,-276,87,66,154,-8
320010,21,817,16551,-22,-279,85,67,149,-7
320024,19,825,16556,-21,-278,90,68,152,-6
320038,25,820,16557,-16,-277,88,65,152,-3
320052,24,831,16534,-23,-277,88,66,152,-7
320066,19,824,16542,-15,-277,86,66,151,-4
320080,14,830,16557,-21,-276,86,63,153,-7
320094,13,824,16552,-18,-279,88,65,155,-4
320108,15,827,16539,-10,-281,87,66,156,-6
320122,14,827,16544,-14,-281,86,64,155,-6
320136,21,824,16544,-13,-283,90,65,152,-4
320150,10,825,16543,-19,-280,87,66,152,-4
320164,17,824,16534,-16,-277,84,66,151,-3
320178,18,830,16536,-22,-282,84,67,153,-5
320192,23,815,16563,-14,-278,84,64,154,-6
320206,26,817,16558,-16,-277,85,61,152,-6
320220,23,826,16543,-14,-282,89,65,153,-4
320234,23,817,16550,-15,-275,88,65,154,-3
320248,26,824,16534,-19,-277,87,66,151,-7
320262,30,823,16546,-18,-281,90,64,156,-6
320276,19,827,16548,-15,-277,81,65,155,-3
320290,20,821,16532,-22,-280,81,64,154,-3
320304,21,817,16555,-13,-283,89,66,152,-5
320318,23,820,16554,-15,-281,86,65,152,-4
320332,11,814,16541,-18,-280,84,62,151,-5
320346,7,817,16556,-15,-276,84,64,152,-3
320360,28,839,16540,-14,-278,84,66,152,-5
320374,27,841,16532,-18,-273,86,64,151,-7
320388,18,823,16544,-19,-278,86,66,151,-3
320402,16,816,16544,-11,-274,85,66,157,-2
320416,23,820,16545,-20,-276,85,64,153,-2
320430,22,820,16549,-22,-278,88,64,157,-6
320444,22,819,16530,-14,-279,89,65,157,-4
320458,16,830,16545,-17,-277,84,65,151,-2
320472,17,832,16554,-19,-279,85,63,150,-4
320486,20,823,16539,-19,-285,89,67,155,-3
320500,21,822,16536,-14,-284,87,66,157,1
320514,8,823,16544,-22,-280,87,66,153,2
320528,13,822,16536,-17,-279,88,62,155,-6
320542,24,828,16545,-21,-278,86,64,154,-5
320556,24,831,16548,-21,-276,88,64,150,-3
320570,20,826,16525,-19,-276,88,65,152,-4
320584,34,827,16538,-23,-273,86,63,154,-5
320598,20,816,16551,-16,-280,83,63,154,-2
320612,22,819,16531,-12,-278,85,66,152,1
320626,16,825,16553,-18,-278,86,71,150,-8
320640,15,828,16557,-17,-277,89,68,151,-6
320654,18,822,16540,-19,-284,85,63,152,-4
320668,19,830,16552,-21,-278,88,63,151,-5
320682,19,828,16528,-17,-280,88,66,151,-5
320696,17,820,16527,-18,-280,88,63,152,-5
320710,18,822,16567,-18,-275,86,64,150,-1
320724,13,823,16539,-14,-280,85,68,154,-6
320738,17,821,16543,-16,-284,86,68,148,-2
320752,15,825,16549,-19,-277,82,67,151,-3
320766,18,819,16528,-20,-278,84,65,150,-7
320780,29,826,16533,-15,-280,84,69,152,-5
320794,26,829,16553,-18,-280,86,68,150,-10
320808,25,827,16541,-14,-275,86,64,150,-8
320822,26,822,16549,-21,-278,85,64,151,-3
320836,21,827,16552,-22,-276,87,68,153,-2
320850,30,825,16531,-15,-281,85,64,155,-5
320864,29,830,16542,-21,-279,89,67,152,-4
320878,24,830,16540,-20,-273,81,67,152,-3
320892,18,831,16538,-25,-279,82,66,153,-4
320906,19,831,16551,-16,-277,86,65,151,-3
320920,23,812,16541,-17,-275,86,65,152,-6
320934,14,813,16525,-17,-278,86,65,149,-5
320948,22,826,16541,-14,-279,82,67,150,-4
320962,23,826,16538,-15,-280,80,63,152,-3
320976,24,830,16535,-18,-277,86,63,153,-9
320990,20,834,16547,-24,-274,83,64,150,-7
321004,27,824,16519,-18,-281,85,65,150,-3
321018,25,827,16526,-22,-277,92,64,151,-2
321032,22,820,16551,-16,-280,92,61,153,-1
321046,15,825,16532,-15,-277,84,66,153,-4
321060,23,828,16542,-18,-277,86,69,152,-6
321074,18,825,16560,-11,-283,85,65,150,-6
321088,29,827,16519,-15,-278,87,63,149,-5
321102,24,830,16529,-17,-279,85,61,149,-6
321116,20,816,16537,-15,-281,89,67,150,-4
321130,29,814,16527,-13,-275,83,66,152,-5
321144,14,825,16544,-18,-280,90,66,154,-1
321158,14,820,16543,-24,-283,89,65,153,-3
321172,19,829,16518,-14,-274,84,64,152,-7
321186,8,829,16547,-14,-270,80,64,151,-6
321200,18,822,16535,-24,-278,89,66,153,-8
321214,19,819,16511,-21,-278,91,66,156,-7
321228,24,825,16546,-15,-279,84,66,155,-9
321242,29,827,16540,-16,-281,86,68,151,-5
321256,23,815,16536,-20,-286,86,66,152,-4
321270,21,816,16547,-20,-275,93,66,154,-4
321284,24,819,16525,-21,-278,86,67,151,-6
321298,22,825,16535,-19,-278,87,67,153,-5
321312,18,827,16547,-18,-279,81,68,152,-4
321326,16,816,16531,-16,-278,81,65,151,-7
321340,16,821,16553,-16,-278,84,62,151,-8
321354,14,821,16541,-19,-280,84,62,152,-3
321368,10,827,16519,-11,-276,88,62,154,-6
321382,22,826,16552,-13,-276,87,67,150,-6
321396,26,824,16552,-18,-279,86,66,152,-9
321410,25,836,16528,-17,-279,84,67,152,-9
321424,18,831,16549,-16,-276,81,66,153,-4
321438,13,825,16540,-18,-279,83,69,156,-6
321452,20,819,16518,-17,-276,87,63,153,-5
321466,21,820,16558,-21,-279,89,62,153,-4
321480,17,815,16557,-17,-277,85,62,151,-3
321494,21,815,16524,-13,-277,90,68,154,-5
321508,18,811,16545,-14,-278,87,65,152,-7
321522,22,821,16527,-18,-280,80,65,153,-5
321536,22,829,16522,-17,-276,81,67,152,-4
321550,14,823,16556,-19,-277,80,66,153,-6
321564,14,823,16542,-17,-275,85,65,149,-4
321578,17,822,16542,-16,-284,84,63,151,-6
321592,20,826,16544,-18,-282,83,65,151,-6
321606,13,831,16518,-15,-288,85,64,150,-8
321620,19,829,16530,-16,-282,83,64,154,-5
321634,27,828,16548,-14,-281,83,64,153,-3
321648,30,825,16537,-19,-278,81,67,154,-2
321662,32,827,16547,-15,-281,88,67,151,-6
321676,23,838,16540,-22,-277,85,65,153,-6
321690,20,820,16526,-16,-275,85,67,155,-4
321704,21,824,16542,-15,-278,87,67,153,-7
321718,22,824,16536,-17,-280,86,67,154,-6
321732,15,825,16528,-13,-274,85,59,155,-5
321746,17,833,16551,-18,-275,85,64,153,-6
321760,24,826,16538,-18,-277,84,65,153,-5
321774,32,811,16527,-18,-279,86,63,150,-6
321788,18,824,16545,-18,-283,84,63,152,-5
321802,22,826,16543,-20,-278,84,66,150,-4
321816,24,827,16530,-19,-282,84,66,152,-6
321830,13,830,16547,-19,-272,87,64,154,-5
321844,20,825,16526,-21,-276,85,64,154,-4
321858,17,829,16520,-17,-281,85,64,152,-4
321872,16,822,16559,-14,-280,85,67,155,-2
321886,21,833,16544,-16,-286,86,65,152,2
321900,16,819,16538,-15,-279,82,67,153,-5
321914,21,821,16556,-17,-279,85,64,153,-5
321928,20,821,16522,-19,-273,90,62,151,-4
321942,11,829,16534,-13,-278,82,66,154,-5
321956,8,826,16542,-13,-278,86,64,152,-5
321970,18,825,16520,-18,-277,82,66,150,-7
321984,6,836,16548,-18,-281,84,64,153,-6
321998,9,833,16544,-18,-277,86,61,148,-5
322012,20,819,16526,-21,-277,83,63,145,-4
322026,27,823,16532,-17,-277,84,63,150,-3
322040,19,820,16529,-15,-279,84,67,154,-5
322054,14,830,16525,-15,-277,87,64,152,-3
322068,24,811,16542,-21,-281,89,65,151,-6
322082,21,814,16541,-16,-278,84,65,149,-5
322096,17,830,16527,-18,-276,86,63,152,-5
322110,23,827,16544,-24,-280,85,66,150,-5
322124,15,826,16523,-19,-279,87,66,155,-3
322138,19,818,16519,-21,-282,92,69,146,-6
322152,22,820,16558,-12,-284,85,69,149,-4
322166,18,821,16540,-17,-277,80,65,151,-3
322180,26,822,16530,-18,-279,83,67,149,-5
322194,21,824,16542,-16,-276,85,67,151,-6
322208,25,827,16523,-21,-280,83,67,150,-3
322222,22,819,16536,-7,-283,85,66,150,-3
322236,20,820,16550,-20,-281,86,64,153,-6
322250,14,820,16525,-19,-277,83,65,150,-5
322264,16,816,16523,-18,-285,82,65,152,-5
322278,18,828,16547,-13,-281,88,63,148,-6
322292,25,828,16527,-15,-274,89,64,149,-7
322306,12,826,16541,-19,-280,86,67,151,-6
322320,13,826,16546,-17,-274,88,64,150,-6
322334,24,821,16531,-21,-280,88,63,154,-6
322348,12,819,16547,-20,-276,83,65,157,-8
322362,19,822,16531,-17,-276,84,65,151,-5
322376,17,824,16524,-19,-277,88,67,156,-5
322390,11,819,16559,-17,-277,82,61,153,-5
322404,9,820,16557,-10,-273,88,62,154,-3
322418,24,825,16521,-22,-280,86,67,152,-7
322432,22,823,16534,-19,-279,90,64,150,-6
322446,16,824,16535,-22,-279,88,66,154,-4
322460,19,821,16527,-18,-276,90,65,150,2
322474,13,819,16556,-18,-276,91,65,150,-4
322488,9,817,16541,-14,-282,89,64,153,-4
322502,16,829,16538,-21,-278,83,65,151,-4
322516,12,835,16546,-19,-278,83,65,149,-3
322530,24,821,16517,-15,-279,86,65,150,-1
322544,24,819,16523,-17,-284,85,64,153,-5
322558,16,821,16542,-20,-277,84,64,153,-1
322572,9,819,16528,-18,-276,84,66,154,-3
322586,14,819,16538,-16,-278,86,66,153,-6
322600,17,818,16548,-17,-277,86,63,152,-7
322614,19,831,16532,-18,-279,86,62,154,-3
322628,20,831,16546,-18,-274,86,65,152,-9
322642,26,826,16527,-18,-276,83,67,151,-9
322656,17,817,16523,-19,-279,86,65,152,-4
322670,15,818,16554,-15,-279,89,64,151,-3
322684,16,826,16547,-19,-275,85,61,153,-6
322698,20,829,16534,-20,-279,87,64,152,-4
322712,27,822,16536,-22,-278,84,63,151,-4
322726,22,823,16539,-17,-276,87,67,153,-2
322740,18,821,16537,-13,-279,92,63,153,-6
322754,14,818,16553,-16,-279,83,62,151,-4
322768,21,824,16533,-19,-279,87,61,153,1
322782,19,820,16537,-11,-279,89,64,153,-1
322796,16,826,16547,-15,-283,89,65,151,-5
322810,13,825,16549,-13,-279,89,63,153,-6
322824,17,829,16536,-21,-280,85,63,151,-3
322838,27,822,16541,-17,-284,89,64,150,-3
322852,24,817,16538,-16,-278,83,64,150,-5
322866,29,828,16540,-20,-275,85,64,148,-5
322880,22,817,16550,-21,-276,86,62,153,-5
322894,24,818,16533,-21,-279,84,67,152,-5
322908,8,815,16540,-15,-281,89,65,151,-5
322922,14,824,16552,-15,-283,87,66,150,-5
322936,23,828,16532,-18,-276,85,66,151,-5
322950,23,823,16551,-18,-276,85,66,152,-6
322964,24,822,16547,-20,-277,82,67,149,-4
322978,24,825,16536,-16,-276,85,65,153,-5
322992,13,829,16557,-14,-277,83,63,155,-4
323006,18,830,16548,-19,-280,84,64,151,-7
323020,14,822,16538,-17,-282,82,68,155,-5
323034,19,832,16560,-18,-277,78,64,151,-5
323048,17,822,16532,-15,-277,86,64,154,-7
323062,21,817,16529,-17,-276,85,66,154,-7
323076,19,827,16557,-21,-274,84,64,153,-8
323090,21,827,16549,-16,-282,87,65,154,-7
323104,26,830,16539,-18,-279,86,64,147,-6
323118,23,824,16550,-17,-283,88,65,148,-6
323132,18,824,16539,-14,-280,86,65,151,-6
323146,18,830,16548,-19,-275,84,65,150,-1
323160,19,822,16550,-15,-276,83,67,150,2
323174,18,825,16535,-15,-278,88,68,152,-2
323188,18,828,16540,-17,-275,83,68,153,-3
323202,12,822,16555,-18,-283,83,66,151,-3
323216,19,821,16541,-22,-281,87,64,152,-6
323230,15,826,16552,-18,-282,91,66,153,-10
323244,25,833,16564,-17,-276,88,64,152,-7
323258,24,841,16536,-17,-275,85,63,151,-6
323272,13,839,16536,-18,-277,86,63,151,-4
323286,23,829,16558,-17,-278,86,62,154,-5
323300,12,831,16531,-19,-275,84,62,154,-5
323314,18,821,16548,-24,-276,88,67,155,-1
323328,22,821,16550,-20,-279,83,67,157,1
323342,23,822,16533,-21,-277,87,63,149,-3
323356,17,814,16546,-25,-280,85,67,150,-4
323370,21,829,16548,-22,-284,88,66,150,-4
323384,22,827,16538,-20,-275,86,65,150,-7
323398,15,830,16556,-19,-276,87,65,152,-7
323412,11,827,16548,-20,-277,85,65,152,-4
323426,10,815,16526,-17,-276,88,67,149,-3
323440,13,825,16543,-18,-275,84,67,153,-6
323454,29,831,16546,-14,-278,81,67,152,-7
323468,21,830,16547,-20,-281,91,66,153,-7
323482,14,823,16552,-17,-278,84,66,153,-10
323496,22,826,16549,-17,-274,86,66,153,-5
323510,22,827,16542,-21,-276,86,64,153,-5
323524,15,829,16552,-22,-283,87,62,153,-3
323538,22,827,16525,-18,-276,83,62,154,-5
323552,11,820,16533,-17,-280,83,62,152,-5
323566,13,823,16550,-20,-280,87,66,154,-2
323580,33,816,16532,-18,-276,87,66,155,-2
323594,20,820,16533,-22,-282,83,65,152,-4
323608,22,830,16552,-20,-273,81,64,154,-4
323622,20,832,16534,-14,-276,82,65,150,-7
323636,13,827,16548,-19,-280,83,64,151,-7
323650,20,831,16550,-16,-280,86,64,155,-4
323664,7,825,16524,-17,-278,85,64,155,-2
323678,18,824,16544,-20,-279,85,64,154,-6
323692,24,828,16540,-19,-283,86,61,153,-9
323706,21,826,16524,-17,-276,87,62,151,-6
323720,23,830,16554,-20,-274,84,64,150,-4
323734,14,824,16548,-21,-275,89,65,150,-5
323748,13,823,16526,-17,-278,87,66,151,-5
323762,10,823,16543,-18,-270,87,61,155,-6
323776,25,830,16553,-20,-277,84,62,153,-3
323790,23,833,16530,-17,-279,83,65,153,-7
323804,23,825,16556,-15,-284,84,65,151,-6
323818,25,824,16546,-16,-277,82,66,150,-3
323832,12,822,16545,-25,-278,84,65,151,-5
323846,18,822,16553,-23,-278,90,68,148,-6
323860,17,823,16531,-20,-277,88,69,149,-4
323874,28,820,16530,-20,-277,88,67,152,-3
323888,27,823,16553,-14,-278,84,65,157,-6
323902,23,822,16533,-18,-277,86,65,152,-5
323916,21,825,16558,-16,-279,85,65,149,-3
323930,11,824,16560,-18,-280,87,65,153,-6
323944,15,824,16540,-18,-279,91,67,151,-5
323958,26,817,16556,-22,-279,88,65,153,-2
323972,29,815,16542,-20,-275,87,65,149,-3
323986,25,828,16533,-23,-279,82,67,151,-2
324000,33,825,16545,-21,-275,86,64,152,-4
324014,25,823,16536,-21,-277,85,66,154,-3
324028,20,833,16533,-24,-283,87,68,152,-3
324042,22,823,16552,-21,-276,86,66,150,-3
324056,19,820,16556,-20,-275,83,66,150,-5
324070,14,819,16544,-15,-280,87,63,150,-5
324084,13,823,16547,-18,-279,85,63,152,-5
324098,12,839,16547,-21,-276,85,65,153,-5
324112,19,837,16537,-18,-278,90,66,153,-7
324126,21,824,16556,-16,-279,87,64,149,-7
324140,23,828,16551,-16,-281,84,65,152,-8
324154,25,824,16520,-19,-280,84,63,151,-7
324168,22,822,16547,-21,-278,89,64,151,-4
324182,23,830,16535,-19,-283,87,64,153,-4
324196,24,833,16526,-20,-276,85,65,154,-4
324210,19,831,16556,-23,-275,90,68,150,-7
324224,16,828,16536,-23,-276,88,68,150,-5
324238,17,822,16529,-20,-281,86,67,157,-9
324252,19,825,16541,-19,-281,85,66,153,-6
324266,25,824,16531,-19,-278,83,64,151,-4
324280,23,823,16536,-18,-276,82,62,148,-4
324294,24,826,16548,-22,-275,88,65,150,-3
324308,21,824,16536,-19,-278,79,69,152,-5
324322,24,817,16550,-22,-281,89,66,153,-7
324336,18,822,16547,-17,-282,88,66,153,-6
324350,27,817,16530,-18,-282,92,67,152,-7
324364,18,816,16537,-14,-281,80,66,155,-9
324378,17,828,16537,-24,-280,87,62,150,-5
324392,14,825,16531,-21,-277,86,64,153,-7
324406,16,819,16554,-21,-282,88,65,150,-1
324420,7,825,16541,-20,-282,86,66,153,-3
324434,10,830,16533,-14,-278,86,67,152,-4
324448,22,828,16551,-21,-282,87,61,155,-6
324462,21,823,16543,-21,-282,92,63,154,-7
324476,21,829,16541,-26,-274,89,65,155,-6
324490,17,826,16557,-13,-275,83,65,154,-7
324504,17,827,16538,-19,-283,89,65,153,-6
324518,19,826,16526,-22,-278,87,65,154,-6
324532,25,821,16559,-16,-282,84,63,153,-7
324546,38,818,16541,-14,-279,87,69,150,-8
324560,25,823,16533,-19,-278,90,66,150,-7
324574,19,819,16548,-17,-277,83,63,150,-6
324588,25,824,16519,-21,-283,88,60,154,-6
324602,25,828,16526,-18,-277,92,64,152,-5
324616,15,831,16554,-16,-279,88,65,148,-4
324630,20,827,16537,-16,-275,83,65,148,-4
324644,18,830,16541,-13,-276,82,63,152,-8
324658,16,827,16551,-19,-281,84,67,153,-7
324672,23,825,16524,-16,-283,83,64,156,-5
324686,18,809,16536,-17,-278,86,64,153,-5
324700,24,827,16551,-18,-281,91,59,154,-5
324714,28,826,16524,-21,-279,88,58,154,-7
324728,18,819,16546,-17,-273,82,65,151,-6
324742,25,822,16533,-17,-280,84,63,151,-5
324756,13,837,16535,-8,-276,84,65,153,-6
324770,12,825,16555,-15,-283,87,65,151,-5
324784,12,830,16533,-18,-278,88,67,152,-5
324798,19,825,16531,-22,-272,86,66,151,-1
324812,21,829,16553,-23,-278,87,65,153,-2
324826,21,820,16528,-20,-279,87,65,153,-2
324840,24,817,16548,-19,-275,90,64,154,-4
324854,25,816,16563,-20,-279,86,64,153,-4
324868,24,824,16519,-15,-280,87,65,153,-2
324882,7,829,16545,-23,-274,89,65,155,-3
324896,9,821,16552,-14,-280,87,64,154,-4
324910,14,827,16527,-18,-274,85,64,154,-4
324924,12,820,16534,-8,-277,86,64,152,-4
324938,20,825,16553,-14,-285,88,64,147,-3
324952,26,826,16532,-16,-276,86,62,149,-4
324966,31,832,16546,-20,-269,86,64,150,-7
324980,30,814,16554,-21,-280,86,63,152,-4
324994,20,817,16524,-22,-269,85,67,150,-3
325008,13,820,16541,-16,-276,88,65,150,-5
325022,22,822,16550,-16,-276,84,65,152,-6
325036,22,824,16533,-21,-278,94,67,157,-7
325050,23,826,16556,-20,-278,90,63,154,-4
325064,29,823,16551,-19,-278,85,67,152,-5
325078,17,824,16531,-18,-275,82,68,149,-8
325092,24,821,16554,-14,-275,80,65,149,-10
325107,30,828,16535,-18,-280,84,62,150,-8
325121,25,822,16524,-19,-282,84,61,151,-3
325135,23,831,16549,-18,-276,84,63,150,-4
325149,20,828,16532,-16,-278,85,63,149,-6
325163,25,820,16546,-20,-277,87,64,152,-4
325177,29,811,16561,-21,-279,88,67,152,-5
325191,17,831,16520,-19,-271,83,65,155,-5
325205,12,823,16536,-23,-277,84,65,153,-3
325219,21,823,16543,-12,-280,87,64,152,-3
325233,19,834,16519,-14,-275,87,64,151,-5
325247,20,824,16556,-17,-282,83,63,151,-2
325261,19,823,16564,-18,-280,86,64,150,-4
325275,33,828,16521,-18,-275,86,66,153,-7
325289,36,819,16550,-16,-282,84,66,152,-9
325303,22,828,16535,-14,-277,82,68,152,-5
325317,19,825,16515,-14,-280,84,68,154,-5
325331,13,824,16560,-18,-279,89,68,154,-4
325345,14,818,16546,-23,-277,83,66,153,-2
325359,15,826,16530,-19,-276,82,63,154,-1
325373,20,824,16549,-14,-283,87,66,153,-3
325387,10,822,16510,-14,-278,87,64,150,-5
325401,24,829,16516,-17,-276,89,62,154,-6
325415,28,827,16554,-21,-280,87,64,153,-6
325429,16,826,16541,-20,-277,80,64,152,-5
325443,24,828,16529,-19,-273,88,69,147,-2
325457,20,831,16552,-13,-274,88,67,148,-4
325471,22,826,16553,-19,-282,87,66,154,-7
325485,13,820,16533,-15,-273,86,66,154,-5
325499,21,823,16545,-15,-282,85,62,151,-2
325513,28,831,16530,-20,-284,84,64,149,-4
325527,24,824,16530,-14,-278,86,62,153,-5
325541,30,827,16550,-14,-278,82,64,151,-5
325555,33,831,16531,-15,-284,80,62,151,-5
325569,19,828,16542,-18,-281,81,61,150,-4
325583,12,822,16552,-12,-276,86,67,153,-3
325597,10,827,16526,-18,-276,85,67,151,1
325611,18,832,16536,-14,-275,89,68,151,-6
325625,22,830,16549,-15,-279,87,68,150,-6
325639,22,836,16529,-19,-277,86,67,149,-5
325653,13,825,16555,-19,-279,85,67,154,-6
325667,12,825,16546,-10,-278,83,65,154,-4
325681,25,820,16518,-14,-273,88,63,152,-4
325695,21,817,16546,-17,-273,88,64,152,-5
325709,16,829,16531,-18,-277,89,63,150,-3
325723,24,827,16530,-18,-280,84,67,151,-3
325737,17,819,16540,-19,-277,86,65,151,-5
325751,23,821,16540,-21,-277,91,68,152,-4
325765,24,828,16539,-20,-276,84,64,153,-2
325779,27,828,16558,-18,-272,85,64,152,-8
325793,19,821,16526,-19,-278,83,64,152,-3
325807,21,816,16524,-16,-276,78,63,150,-2
325821,16,816,16559,-22,-281,88,63,154,-1
325835,19,821,16541,-17,-284,87,65,151,-3
325849,26,819,16536,-16,-277,84,68,150,-1
325863,20,830,16550,-16,-274,91,68,151,1
325877,21,829,16534,-20,-274,86,64,152,-5
325891,20,824,16549,-21,-273,88,64,154,-6
325905,18,831,16559,-13,-273,87,66,154,-9
325919,9,823,16530,-17,-277,87,64,154,-5
325933,10,821,16540,-20,-279,87,67,155,-2
325947,20,829,16552,-15,-273,88,68,154,-2
325961,13,827,16527,-15,-281,87,63,152,-7
325975,21,827,16553,-24,-282,83,64,155,-8
325989,24,824,16556,-22,-280,90,66,152,-3
326003,22,821,16525,-15,-277,89,66,149,-6
326017,16,822,16545,-15,-276,95,65,149,-5
326031,23,831,16542,-18,-281,87,64,153,-8
326045,21,827,16536,-20,-275,87,63,154,-7
326059,22,826,16565,-17,-276,88,64,151,-1
326073,25,827,16553,-18,-283,86,65,151,-5
326087,27,827,16527,-17,-281,84,63,150,-5
326101,32,821,16556,-17,-276,86,66,153,-4
326115,22,832,16535,-18,-280,81,63,152,-3
326129,19,823,16526,-17,-280,83,65,155,-5
326143,10,831,16560,-19,-274,84,63,152,-4
326157,15,826,16542,-11,-278,83,66,155,-1
326171,15,822,16520,-16,-278,84,65,149,-2
326185,15,820,16539,-21,-276,85,64,150,-8
326199,11,821,16535,-17,-283,87,66,150,-5
326213,16,830,16536,-21,-281,84,64,151,-5
326227,11,819,16540,-18,-281,89,66,153,-5
326241,23,825,16522,-20,-276,83,68,152,-9
326255,20,819,16528,-21,-279,86,65,153,-6
326269,23,824,16546,-16,-279,85,67,152,-2
326283,14,825,16532,-16,-277,85,65,151,-3
326297,15,825,16546,-18,-277,89,69,154,-2
326311,13,832,16540,-17,-280,85,64,153,-3
326325,10,839,16533,-19,-274,82,62,154,-5
326339,20,839,16547,-15,-277,88,61,155,-5
326353,24,821,16538,-14,-281,90,65,155,-6
326367,25,826,16527,-17,-278,87,66,154,-6
326381,25,819,16549,-19,-273,88,66,151,-9
326395,12,822,16544,-16,-278,87,64,151,-8
326409,25,822,16532,-17,-277,86,62,150,-2
326423,23,828,16547,-18,-276,83,62,148,-6
326437,24,818,16528,-19,-281,87,62,149,-5
326451,23,824,16526,-17,-277,88,60,152,-8
326465,21,824,16553,-17,-279,89,62,152,-6
326479,23,817,16535,-20,-279,87,67,155,-5
326493,22,830,16527,-25,-271,87,66,154,-4
326507,23,826,16546,-20,-277,86,65,153,-7
326521,21,819,16520,-17,-280,84,63,151,-9
326535,18,821,16524,-23,-275,82,63,149,-1
326549,15,819,16552,-14,-284,84,63,152,-3
326563,16,818,16531,-15,-273,87,60,153,-3
326577,14,823,16559,-21,-280,81,64,152,-3
326591,9,825,16566,-15,-278,86,62,154,-5
326605,21,818,16525,-15,-277,84,61,152,-4
326619,16,820,16544,-19,-279,78,64,150,-4
326633,19,822,16544,-12,-281,88,63,154,-4
326647,21,823,16533,-18,-278,90,65,150,-6
326661,12,822,16545,-14,-276,82,67,152,-2
326675,12,825,16552,-12,-278,85,64,155,-3
326689,16,816,16534,-18,-279,83,66,155,-7
326703,27,822,16542,-21,-284,82,66,150,-6
326717,17,825,16539,-17,-281,84,61,150,-5
326731,17,827,16539,-16,-274,90,67,153,-4
326745,19,822,16564,-14,-282,85,65,152,-6
326759,17,822,16556,-16,-279,87,65,154,-5
326773,21,818,16531,-19,-274,84,64,153,-5
326787,27,823,16559,-19,-283,90,65,153,-6
326801,31,821,16550,-20,-279,90,65,152,-7
326815,22,831,16536,-18,-279,87,62,151,-5
326829,20,829,16559,-15,-283,84,61,151,-4
326843,20,824,16527,-22,-279,87,61,152,-5
326857,10,827,16530,-17,-280,93,64,151,-4
326871,19,823,16554,-11,-282,89,62,151,-6
326885,19,818,16538,-18,-279,83,61,153,-4
326899,14,827,16541,-15,-280,80,61,153,-6
326913,16,825,16556,-17,-279,82,65,149,-5
326927,11,829,16531,-17,-273,81,61,150,-7
326941,12,831,16548,-19,-273,84,64,152,-6
326955,20,827,16547,-14,-282,84,67,153,-3
326969,24,826,16532,-15,-282,85,69,153,-3
326983,20,828,16543,-15,-276,83,66,150,-5
326997,20,826,16543,-13,-276,81,67,150,-3
327011,24,820,16529,-18,-278,80,64,151,-3
327025,22,823,16539,-24,-276,83,65,152,-3
327039,23,833,16542,-18,-278,81,67,153,-5
327053,27,833,16536,-18,-282,83,65,150,-8
327067,20,822,16562,-19,-280,86,62,150,-8
327081,18,824,16557,-21,-279,86,64,152,-6
327095,18,824,16541,-19,-282,84,61,149,-6
327109,22,826,16559,-17,-279,85,60,152,-8
327123,28,833,16537,-16,-279,78,64,152,-6
327137,22,829,16538,-16,-280,79,66,149,-6
327151,18,824,16547,-19,-275,84,65,152,-5
327165,11,820,16539,-16,-278,84,67,159,-4
327179,19,817,16555,-17,-278,85,66,155,-4
327193,15,823,16562,-14,-279,85,62,152,-6
327207,21,823,16519,-18,-279,85,62,148,-7
327221,18,821,16538,-23,-281,85,65,150,-4
327235,23,826,16554,-15,-280,87,66,157,-5
327249,25,820,16533,-19,-278,84,65,157,-4
327263,20,820,16537,-15,-278,87,66,155,-5
327277,13,825,16558,-23,-276,88,66,153,-6
327291,25,828,16536,-18,-278,87,63,153,-7
327305,13,823,16544,-15,-276,81,66,150,-7
327319,17,822,16547,-17,-278,86,64,152,-9
327333,23,820,16533,-18,-278,84,63,152,-4
327347,28,820,16536,-19,-276,81,63,153,-4
327361,22,822,16552,-17,-278,84,65,152,-5
327375,22,819,16533,-19,-279,83,65,150,-6
327389,13,825,16559,-18,-283,85,63,152,-3
327403,20,825,16561,-23,-277,88,66,150,-7
327417,21,820,16528,-23,-277,85,62,152,-4
327431,27,825,16546,-22,-274,83,65,155,-5
327445,22,828,16546,-15,-276,87,63,156,-6
327459,23,830,16538,-13,-277,84,65,157,-7
327473,19,826,16550,-19,-277,89,65,153,-3
327487,16,822,16543,-14,-283,87,62,155,-3
327501,22,820,16540,-19,-279,89,65,158,-4
327515,11,826,16554,-19,-274,88,64,153,-2
327529,11,826,16535,-19,-277,85,64,148,-4
327543,18,829,16536,-22,-279,85,66,152,-1
327557,17,825,16540,-17,-276,87,65,154,-3
327571,21,831,16540,-17,-281,85,61,148,-8
327585,22,823,16545,-11,-280,85,61,153,-3
327599,21,814,16556,-23,-279,88,66,152,1
327613,21,813,16529,-20,-278,88,62,154,-2
327627,25,817,16537,-20,-274,92,66,153,-2
327641,26,821,16540,-18,-272,89,64,148,-4
327655,26,824,16530,-19,-280,88,63,147,-6
327669,22,825,16541,-18,-279,87,62,150,-5
327683,12,813,16546,-15,-277,91,63,159,-4
327697,12,814,16539,-18,-279,89,63,157,-5
327711,13,815,16559,-16,-280,87,64,153,-3
327725,20,819,16552,-15,-277,84,60,153,-6
327739,18,824,16542,-18,-275,85,64,150,-2
327753,23,822,16558,-17,-279,79,63,153,-3
327767,23,821,16549,-17,-278,88,62,152,-3
327781,24,825,16541,-17,-275,84,67,156,-4
327795,26,833,16561,-19,-276,81,62,154,-5
327809,28,837,16542,-20,-278,84,60,156,-8
327823,25,824,16541,-20,-277,83,66,152,-4
327837,23,835,16550,-12,-278,85,66,152,-4
327851,18,823,16537,-16,-282,88,60,152,-6
327865,18,824,16531,-16,-278,86,62,152,-4
327879,19,828,16547,-23,-279,87,66,154,-6
327893,17,823,16536,-16,-275,84,64,155,-5
327907,20,823,16551,-13,-277,86,63,155,-8
327921,24,816,16554,-15,-280,86,63,153,-3
327935,27,819,16529,-14,-278,91,65,156,-2
327949,26,829,16541,-17,-281,85,65,153,-7
327963,25,831,16549,-19,-282,88,65,153,-5
327977,19,836,16539,-18,-283,85,63,152,-5
327991,17,820,16566,-21,-275,90,63,152,-9
328005,19,822,16554,-17,-281,88,63,154,-10
328019,21,812,16546,-12,-281,83,66,149,-7
328033,21,810,16557,-23,-280,89,66,153,-1
328047,14,819,16554,-19,-279,82,66,156,1
328061,16,832,16549,-16,-274,80,67,155,-6
328075,18,826,16545,-19,-280,86,66,154,-5
328089,14,824,16536,-18,-280,82,64,153,-4
328103,20,831,16536,-23,-279,85,64,155,-6
328117,20,831,16547,-18,-279,90,67,156,-5
328131,24,832,16539,-13,-283,88,62,154,-6
328145,15,825,16546,-16,-279,83,62,150,-4
328159,16,825,16560,-14,-280,87,69,154,-8
328173,20,824,16548,-16,-278,86,65,155,-4
328187,20,829,16544,-16,-275,87,63,156,-5
328201,25,831,16555,-20,-279,90,65,149,-6
328215,18,828,16545,-17,-276,81,68,152,-4
328229,14,818,16543,-18,-279,86,63,153,-4
328243,10,820,16545,-17,-281,86,65,155,-2
328257,17,821,16532,-15,-279,85,65,158,-5
328271,12,824,16530,-17,-280,85,65,156,-8
328285,19,821,16543,-17,-282,87,63,150,-8
328299,20,819,16527,-20,-280,86,63,154,-2
328313,20,825,16555,-20,-283,84,63,149,-4
328327,26,819,16550,-19,-278,82,63,152,-5
328341,26,827,16540,-13,-274,83,60,153,-6
328355,23,824,16549,-14,-278,85,61,154,-4
328369,17,825,16551,-14,-279,84,63,155,-3
328383,19,825,16542,-21,-278,83,60,152,-1
328397,16,822,16555,-19,-281,80,62,154,-1
328411,19,816,16556,-13,-273,85,61,152,-1
328425,22,818,16536,-14,-275,87,61,149,1
328439,20,814,16533,-18,-281,86,65,153,-5
328453,19,823,16542,-10,-277,87,66,153,-9
328467,21,827,16530,-16,-276,86,63,152,-2
328481,31,823,16556,-20,-282,85,63,152,-1
328495,17,829,16546,-21,-278,85,65,154,-5
328509,29,826,16537,-16,-275,87,61,147,-6
328523,23,824,16547,-19,-280,90,63,148,-4
328537,31,823,16546,-17,-274,84,67,147,-4
328551,19,818,16539,-18,-277,82,64,149,-5
328565,22,823,16541,-17,-280,90,63,153,-6
328579,21,830,16547,-15,-273,88,62,149,-3
328593,19,826,16543,-17,-278,84,64,147,-1
328607,25,817,16552,-26,-283,87,66,156,-6
328621,26,819,16552,-20,-280,86,63,152,-7
328635,21,820,16538,-14,-282,88,64,148,-5
328649,7,829,16546,-21,-275,85,64,152,-7
328663,13,824,16540,-15,-278,86,65,150,-4
328677,19,820,16539,-16,-274,91,66,149,-6
328691,14,829,16539,-18,-277,86,66,153,-7
328705,24,828,16546,-16,-283,86,62,152,-2
328719,22,813,16552,-24,-280,84,63,153,-4
328733,24,823,16546,-21,-275,85,65,152,-7
328747,24,822,16541,-17,-278,87,64,152,-2
328761,25,814,16549,-21,-279,83,64,152,-5
328775,18,821,16543,-21,-280,82,63,153,-5
328789,11,820,16541,-22,-277,79,63,149,-5
328803,18,824,16549,-16,-283,82,63,147,-4
328817,17,824,16540,-15,-278,84,60,150,-7
328831,20,823,16553,-18,-277,82,62,148,-6
328845,27,827,16569,-20,-274,86,66,153,-6
328859,13,817,16542,-10,-274,85,67,155,-7
328873,9,816,16544,-24,-275,87,64,153,-5
328887,10,830,16561,-16,-283,88,64,156,-4
328901,20,827,16559,-16,-281,91,65,152,-6
328915,24,828,16538,-18,-283,87,62,150,-4
328929,25,823,16542,-17,-282,84,62,152,-2
328943,17,825,16540,-17,-282,83,65,155,-7
328957,17,826,16546,-17,-279,84,64,149,-5
328971,16,831,16553,-17,-273,88,62,150,-7
328985,17,816,16543,-17,-276,88,66,154,-4
328999,21,827,16541,-17,-279,84,67,153,1
329013,16,831,16546,-16,-278,85,65,149,-5
329027,19,831,16538,-14,-280,86,63,155,-5
329041,26,823,16545,-15,-281,83,62,153,-3
329055,24,823,16547,-15,-276,81,64,157,-3
329069,24,816,16536,-18,-282,84,62,155,-3
329083,19,814,16536,-21,-275,86,64,154,-6
329097,25,821,16550,-20,-282,82,64,149,-4
329111,22,817,16542,-13,-278,92,66,152,-4
329125,18,821,16551,-17,-274,83,64,154,1
329139,19,817,16545,-18,-281,78,64,153,-4
329153,18,829,16537,-19,-275,83,65,154,-2
329167,17,824,16540,-17,-278,82,62,155,-3
329181,18,822,16538,-13,-281,88,61,153,-6
329195,21,822,16543,-19,-276,84,62,152,-7
329209,17,823,16553,-17,-276,86,65,154,-4
329223,18,823,16537,-15,-278,82,67,154,-5
329237,7,829,16542,-16,-279,90,62,153,-2
329251,18,825,16549,-12,-279,84,63,154,-1
329265,28,822,16535,-19,-281,81,63,150,-7
329279,29,823,16535,-18,-277,84,62,153,-7
329293,24,829,16549,-19,-271,87,64,157,-4
329307,22,825,16534,-21,-276,83,63,154,-4
329321,20,817,16540,-21,-277,85,64,152,-4
329335,19,826,16542,-21,-280,83,66,154,-3
329349,18,826,16549,-17,-275,82,68,153,-6
329363,20,825,16552,-20,-274,85,61,153,-4
329377,15,827,16549,-21,-275,81,63,153,-4
329391,24,824,16548,-18,-273,82,63,155,-4
329405,23,820,16551,-21,-277,84,64,153,-3
329419,26,821,16550,-15,-276,85,62,153,-3
329433,28,825,16550,-17,-277,78,60,153,-3
329447,22,824,16547,-21,-277,85,64,155,-3
329461,29,835,16542,-16,-279,87,64,154,-5
329475,26,825,16537,-18,-283,84,67,155,-5
329489,15,820,16544,-16,-281,88,65,156,-3
329503,22,824,16549,-21,-279,88,62,155,-7
329517,33,823,16553,-15,-279,84,64,153,-5
329531,10,821,16546,-14,-276,83,67,153,-3
329545,12,822,16538,-18,-277,82,66,155,-4
329559,15,827,16546,-22,-279,82,63,153,-3
329573,16,828,16550,-13,-280,82,62,155,-4
329587,32,824,16544,-20,-277,89,66,154,-5
329601,23,823,16547,-22,-282,86,65,155,-5
329615,10,819,16554,-14,-282,82,64,158,-6
329629,7,824,16550,-14,-281,85,64,154,-5
329643,29,829,16549,-19,-275,84,63,149,-5
329657,21,827,16547,-20,-277,84,65,152,-9
329671,13,823,16544,-19,-280,82,63,154,-4
329685,18,820,16551,-18,-277,85,61,153,-7
329699,26,829,16562,-11,-281,83,62,154,-8
329713,18,827,16550,-18,-280,88,65,153,-5
329727,24,822,16550,-22,-279,87,65,150,-5
329741,24,820,16548,-18,-279,84,66,154,-4
329755,15,824,16547,-15,-279,83,63,156,3
329769,14,823,16557,-20,-278,85,65,153,-3
329783,15,822,16544,-18,-282,88,61,154,-5
329797,19,829,16550,-13,-275,85,61,154,-7
329811,24,827,16555,-13,-281,90,65,155,-4
329825,22,825,16547,-12,-278,85,61,153,-2
329839,12,824,16541,-16,-274,87,64,149,-7
329853,17,825,16539,-14,-279,89,65,154,-4
329867,22,815,16545,-16,-282,88,64,152,-2
329881,17,822,16550,-13,-280,80,63,155,-2
329895,11,821,16545,-23,-283,83,63,155,-6
329909,13,811,16557,-19,-274,80,64,157,-4
329923,15,820,16548,-15,-279,87,63,154,-7
329937,20,823,16544,-20,-278,88,60,152,-5
329951,21,825,16541,-14,-278,83,64,149,-3
329965,18,821,16551,-13,-278,86,61,152,-3
329979,20,828,16552,-19,-276,80,65,154,-5
329993,35,829,16544,-14,-275,81,63,153,-6
330007,29,823,16538,-20,-272,87,63,153,-7
330021,19,823,16546,-16,-275,87,67,154,-7
330035,19,826,16538,-15,-283,91,66,152,-7
330049,10,832,16545,-18,-279,87,67,154,-5
330063,20,830,16541,-27,-280,85,64,154,-4
330077,10,827,16532,-20,-277,89,63,152,-2
330091,22,828,16531,-22,-277,84,60,148,-2
330105,25,819,16551,-20,-279,85,62,153,-1
330119,21,824,16546,-19,-281,84,62,156,-6
330133,26,821,16550,-18,-273,85,63,153,-5
330147,25,821,16539,-20,-275,86,63,152,-5
330161,34,825,16553,-20,-284,85,64,148,-4
330175,23,822,16548,-17,-280,84,63,152,-1
330189,21,821,16540,-20,-277,86,62,152,-2
330203,29,822,16546,-17,-277,84,61,152,-3
330217,22,827,16545,-17,-280,89,60,153,-6
330231,22,823,16557,-17,-276,85,63,155,-3
330245,12,820,16543,-16,-279,81,64,157,-4
330259,21,827,16547,-18,-279,88,65,155,-5
330273,10,827,16544,-25,-277,82,65,155,-4
330287,23,832,16556,-20,-282,85,65,155,-4
330301,21,815,16545,-14,-274,84,64,154,-7
330315,13,818,16546,-20,-278,82,64,152,-2
330329,8,817,16546,-16,-281,81,62,154,-5
330343,15,825,16549,-14,-277,81,66,154,-3
330357,15,824,16540,-24,-276,89,61,155,-6
330371,16,831,16544,-18,-280,84,63,152,-5
330385,18,830,16543,-18,-276,83,65,153,-5
330399,24,821,16536,-16,-280,85,62,154,-3
330413,21,824,16539,-22,-279,90,64,153,-2
330427,21,818,16535,-19,-280,85,67,149,-4
330441,17,824,16540,-17,-273,89,65,150,-5
330455,20,825,16545,-17,-280,84,64,153,-7
330469,23,828,16545,-18,-280,83,64,156,-5
330483,19,817,16552,-15,-277,88,63,152,-8
330497,18,815,16549,-15,-276,86,65,153,-8
330511,25,824,16544,-15,-279,83,64,155,-7
330525,26,823,16544,-21,-282,84,64,155,-6
330539,19,821,16541,-21,-275,85,69,148,-8
330553,21,818,16543,-21,-279,80,65,149,-7
330567,20,825,16547,-24,-278,81,65,155,-3
330581,20,828,16541,-18,-279,83,62,152,-4
330595,20,826,16548,-15,-274,84,62,149,-7
330609,21,820,16552,-21,-283,88,67,149,-7
330623,11,826,16537,-20,-276,82,65,152,-1
330637,11,824,16545,-12,-277,86,63,153,-7
330651,26,830,16547,-21,-279,86,66,150,-6
330665,24,823,16541,-11,-278,81,66,153,-2
330679,14,824,16538,-21,-279,91,67,153,-1
330693,28,829,16543,-11,-274,83,63,155,-6
330707,19,824,16543,-16,-278,81,62,152,-2
330721,22,827,16545,-14,-279,80,63,155,-2
330735,25,827,16545,-22,-277,87,58,153,-1
330749,29,824,16545,-16,-275,88,62,150,1
330763,28,829,16536,-19,-278,84,66,155,-3
330777,16,827,16537,-20,-276,86,64,156,-6
330791,11,828,16543,-16,-280,87,63,154,-4
330805,9,822,16542,-19,-280,84,63,155,-5
330819,18,819,16535,-16,-280,84,65,153,-2
330833,27,825,16539,-16,-283,85,68,155,-2
330847,29,827,16542,-16,-281,85,62,156,-3
330861,15,827,16550,-18,-279,86,64,154,-1
330875,16,823,16542,-20,-282,86,65,153,-4
330889,12,821,16538,-13,-276,84,62,153,-5
330903,10,817,16548,-18,-279,82,63,154,-5
330917,19,821,16530,-17,-281,85,60,152,-5
330931,18,826,16538,-22,-277,81,64,152,-7
330945,25,819,16542,-16,-277,87,67,152,-6
330959,16,814,16552,-14,-278,91,63,149,-7
330973,13,830,16555,-15,-277,85,59,149,-3
330987,20,825,16549,-14,-280,88,60,156,-4
331001,16,823,16544,-15,-279,87,62,154,-3
331015,24,826,16547,-13,-275,86,63,157,-5
331029,21,823,16555,-18,-279,89,64,156,-2
331043,17,826,16552,-15,-276,84,63,156,-5
331057,21,825,16540,-18,-277,79,63,153,-5
331071,21,831,16543,-15,-279,83,64,152,-5
331085,27,828,16544,-24,-279,89,65,156,-1
331099,26,823,16543,-20,-282,87,65,155,-5
331113,22,816,16544,-17,-281,83,63,156,-4
331127,10,821,16537,-20,-283,80,67,152,-3
331141,13,827,16552,-15,-280,84,66,154,-5
331155,18,822,16544,-14,-275,86,66,150,-8
331169,20,827,16528,-16,-281,91,63,148,-6
331183,25,827,16541,-13,-284,82,65,153,-4
331197,21,828,16542,-16,-281,84,66,153,-5
331211,28,823,16533,-17,-274,87,66,153,-5
331225,21,824,16533,-19,-282,84,67,153,-4
331239,22,820,16534,-22,-277,85,66,152,-6
331253,19,826,16553,-17,-279,84,64,154,1
331267,24,827,16553,-13,-281,82,66,152,-1
331281,18,827,16548,-16,-285,89,68,153,-9
331295,30,830,16545,-16,-280,87,64,150,-8
331309,28,822,16542,-23,-274,84,64,156,-6
331323,21,824,16540,-14,-275,85,64,158,-9
331337,24,818,16543,-11,-278,85,63,157,-6
331351,20,817,16541,-16,-282,85,67,154,-4
331365,9,818,16539,-20,-280,90,63,150,-3
331379,25,834,16547,-16,-279,89,63,152,-7
331393,15,832,16548,-15,-275,87,64,152,-4
331407,20,828,16538,-13,-274,89,66,149,-5
331421,23,827,16537,-16,-277,86,66,150,-7
331435,19,820,16540,-20,-277,87,66,150,-6
331449,13,822,16539,-17,-276,84,67,153,-4
331463,21,823,16543,-19,-277,84,64,149,-5
331477,18,819,16538,-20,-280,79,64,153,-4
331491,20,819,16537,-13,-281,87,64,150,-6
331505,22,820,16536,-10,-276,80,64,150,-5
331519,22,820,16537,-13,-282,81,63,152,-3
331533,16,826,16531,-16,-279,80,64,155,-2
331547,18,822,16543,-11,-280,84,62,150,-3
331561,22,823,16540,-17,-279,84,62,154,-6
331575,15,818,16536,-19,-282,85,64,155,-5
331589,25,821,16543,-14,-279,84,63,155,-6
331603,26,825,16538,-10,-279,84,64,153,-3
331617,16,820,16538,-8,-280,85,64,156,-5
331631,23,829,16547,-18,-280,86,67,157,-6
331645,21,826,16549,-20,-277,88,63,157,-2
331659,31,828,16539,-20,-280,87,62,156,-1
331673,21,815,16537,-17,-277,84,61,152,-5
331687,19,811,16536,-21,-277,88,62,149,-7
331701,21,821,16556,-23,-282,87,63,150,-6
331715,18,828,16543,-16,-279,84,64,149,-8
331729,12,821,16541,-22,-275,81,64,150,-6
331743,21,819,16533,-20,-276,88,64,156,-4
331757,21,828,16537,-20,-274,86,64,157,-6
331771,15,824,16543,-22,-280,87,61,154,-8
331785,19,810,16541,-12,-275,88,60,155,-5
331799,21,819,16536,-14,-275,85,62,152,-8
331813,28,816,16547,-19,-279,91,64,153,-8
331827,29,817,16548,-17,-277,89,64,153,-4
331841,23,820,16533,-14,-272,82,64,153,-7
331855,25,815,16531,-15,-280,86,64,153,-6
331869,10,812,16533,-20,-280,88,63,154,-4
331883,16,817,16536,-19,-279,86,63,152,-6
331897,14,824,16539,-17,-283,85,61,152,-6
331911,18,829,16533,-19,-277,81,62,155,-4
331925,14,826,16531,-17,-279,82,65,155,-3
331939,19,832,16541,-17,-278,86,64,159,-7
331953,23,827,16535,-14,-279,84,63,155,-6
331967,18,826,16540,-16,-276,87,66,149,-5
331981,19,816,16537,-18,-282,86,66,153,-8
331995,19,821,16538,-16,-278,87,62,153,-5
332009,15,824,16543,-19,-274,85,65,150,-5
332023,22,820,16537,-20,-283,88,64,150,-5
332037,17,820,16543,-17,-279,84,62,153,-5
332051,23,824,16539,-16,-280,87,64,154,-4
332065,14,827,16542,-15,-279,84,65,153,-6
332079,28,821,16540,-19,-275,84,67,156,-8
332093,28,814,16540,-16,-276,83,67,154,-5
332107,25,828,16543,-13,-274,78,66,154,-3
332121,23,827,16540,-12,-272,86,65,152,-6
332135,20,825,16551,-14,-280,88,66,154,-5
332149,22,822,16546,-10,-280,87,64,153,-3
332163,28,822,16543,-20,-281,84,63,152,-5
332177,26,820,16537,-16,-277,83,62,149,-5
332191,30,825,16543,-17,-279,87,63,149,-5
332205,25,825,16548,-17,-285,88,67,154,-6
332219,22,828,16540,-21,-278,89,64,154,-3
332233,20,826,16537,-20,-278,89,63,153,-3
332247,24,823,16535,-24,-285,85,62,150,-5
332261,20,822,16535,-17,-277,86,64,155,-5
332275,9,818,16542,-18,-279,86,64,149,-4
332289,10,824,16535,-18,-279,87,64,154,-5
332303,19,821,16540,-22,-281,86,63,153,-3
332317,15,817,16542,-20,-280,88,66,153,-4
332331,23,823,16538,-16,-281,86,66,150,-4
332345,21,824,16540,-18,-281,81,64,152,-5
332359,24,818,16546,-18,-279,80,61,156,-7
332373,18,817,16540,-14,-279,81,63,150,-10
332388,17,827,16536,-17,-282,88,65,153,-4
332402,12,826,16528,-19,-282,91,62,150,-5
332416,17,815,16533,-20,-277,88,63,156,-5
332430,19,817,16528,-21,-274,86,64,153,-5
332444,22,820,16532,-21,-279,82,62,155,-6
332458,24,820,16534,-15,-273,86,64,155,-8
332472,15,815,16549,-18,-279,82,63,155,-8
332486,20,817,16548,-14,-276,81,62,149,-8
332500,19,822,16542,-18,-279,86,60,150,-5
332514,26,815,16546,-15,-276,81,59,155,-2
332528,26,826,16537,-21,-279,83,62,157,-2
332542,23,827,16534,-16,-272,83,65,155,1
332556,16,830,16530,-16,-279,87,63,156,-8
332570,12,833,16533,-14,-274,87,64,152,-4
332584,13,821,16540,-18,-278,82,66,149,-5
332598,15,831,16533,-19,-282,90,67,153,-5
332612,12,824,16545,-14,-280,87,65,153,-8
332626,17,828,16539,-14,-274,87,61,157,-4
332640,22,826,16543,-18,-280,88,65,152,-4
332654,18,821,16539,-15,-281,87,66,153,-3
332668,18,826,16535,-12,-275,81,66,154,-6
332682,8,819,16539,-18,-280,83,65,153,-5
332696,13,821,16545,-20,-280,86,68,156,-6
332710,11,825,16539,-16,-277,89,61,155,-7
332724,16,822,16539,-15,-279,83,61,149,-5
332738,18,820,16538,-15,-281,83,62,150,-6
332752,24,819,16532,-17,-271,88,65,147,-8
332766,18,814,16540,-17,-279,86,67,149,1
332780,23,814,16540,-22,-275,82,65,148,-3
332794,19,822,16541,-19,-282,84,64,152,-6
332808,20,824,16542,-15,-278,87,65,150,-7
332822,19,829,16528,-17,-277,86,63,148,-3
332836,8,823,16527,-13,-278,83,63,153,-5
332850,16,825,16546,-19,-279,85,62,153,-5
332864,19,818,16548,-18,-281,85,64,152,-1
332878,14,820,16544,-10,-281,84,64,153,-3
332892,16,823,16546,-12,-276,85,63,154,-5
332906,28,821,16551,-14,-273,84,63,153,-4
332920,27,822,16544,-19,-277,85,64,154,-7
332934,20,820,16529,-18,-280,88,61,149,-5
332948,15,823,16538,-24,-278,83,62,150,-5
332962,16,821,16534,-13,-279,86,62,155,-6
332976,17,821,16533,-21,-279,91,65,156,-4
332990,22,819,16533,-17,-280,83,64,157,-3
333004,30,819,16534,-18,-277,85,66,156,-4
333018,28,823,16543,-15,-275,86,66,154,-7
333032,19,826,16542,-20,-280,87,66,154,-6
333046,21,824,16543,-20,-280,86,61,155,-5
333060,18,820,16541,-19,-276,84,62,154,-8
333074,14,823,16539,-14,-282,90,64,150,-4
333088,21,823,16532,-18,-279,89,61,150,-3
333102,14,822,16525,-17,-274,85,63,152,-4
333116,23,828,16542,-19,-283,86,63,153,-2
333130,14,820,16535,-21,-281,89,63,157,-4
333144,19,823,16548,-16,-280,88,65,156,-6
333158,23,822,16542,-17,-280,86,65,155,-6
333172,16,821,16542,-17,-278,84,66,154,-7
333186,30,824,16546,-18,-280,89,62,150,-9
333200,18,823,16539,-19,-276,87,67,146,-4
333214,25,821,16539,-18,-280,86,65,150,-6
333228,18,818,16536,-22,-277,86,64,153,-6
333242,14,817,16542,-21,-279,85,63,153,-5
333256,19,812,16524,-23,-280,81,69,156,-5
333270,17,825,16530,-22,-279,82,68,153,-4
333284,22,824,16542,-15,-279,82,63,155,-3
333298,21,824,16538,-14,-281,86,64,152,-8
333312,24,817,16527,-16,-277,87,65,154,-3
333326,22,812,16528,-17,-278,88,63,152,-6
333340,18,824,16541,-17,-276,81,63,153,-4
333354,23,832,16541,-18,-281,83,65,149,-1
333368,28,827,16545,-16,-283,91,65,152,-1
333382,27,826,16532,-22,-281,90,63,155,-6
333396,26,824,16531,-23,-282,85,64,153,-8
333410,27,819,16533,-19,-275,85,66,150,-6
333424,21,821,16536,-14,-280,88,65,157,-2
333438,20,815,16535,-21,-278,92,62,154,-1
333452,16,827,16543,-21,-275,87,62,152,-3
333466,12,827,16547,-16,-283,88,63,153,-3
333480,14,825,16531,-15,-280,86,62,153,-1
333494,25,816,16539,-21,-275,86,63,150,-6
333508,23,826,16531,-19,-280,85,66,155,-8
333522,13,827,16542,-19,-280,87,64,150,-3
333536,22,824,16537,-12,-279,87,64,150,-1
333550,18,828,16533,-16,-276,88,64,154,-6
333564,12,818,16537,-14,-277,84,64,153,-2
333578,19,820,16530,-13,-279,85,63,156,-4
333592,16,818,16542,-18,-280,85,63,153,-4
333606,28,820,16536,-20,-274,87,61,155,-2
333620,32,823,16539,-21,-278,84,61,154,-7
333634,30,823,16543,-19,-279,86,67,152,-5
333648,23,817,16544,-16,-275,89,65,153,-3
333662,31,823,16541,-19,-275,87,63,157,-5
333676,23,828,16542,-20,-277,89,62,154,-5
333690,13,819,16536,-20,-278,78,66,154,-5
333704,12,819,16545,-21,-282,88,65,156,-7
333718,25,824,16537,-17,-279,87,63,155,-2
333732,24,819,16551,-13,-279,86,64,150,-3
333746,22,826,16544,-13,-281,83,65,149,-3
333760,21,818,16547,-12,-274,78,65,147,-2
333774,19,828,16531,-19,-279,80,64,147,-5
333788,18,825,16537,-20,-276,89,67,150,-7
333802,24,823,16536,-24,-275,87,67,154,-3
333816,23,827,16538,-14,-277,87,64,147,-5
333830,29,825,16543,-17,-279,84,67,155,-2
333844,14,822,16543,-17,-277,86,66,153,-6
333858,12,818,16538,-19,-274,90,67,154,-6
333872,23,820,16535,-22,-275,86,66,153,-4
333886,21,818,16533,-18,-278,88,64,153,-1
333900,31,827,16526,-16,-282,85,60,155,-4
333914,26,822,16539,-20,-284,81,65,154,-6
333928,18,821,16539,-16,-281,83,66,153,-4
333942,9,827,16542,-19,-278,86,64,154,-6
333956,24,825,16545,-12,-274,84,65,155,-2
333970,26,827,16548,-18,-277,90,63,149,-4
333984,23,824,16538,-19,-280,88,63,152,-3
333998,31,825,16536,-20,-281,83,67,153,-5
334012,24,832,16548,-12,-278,81,63,154,-3
334026,21,827,16543,-15,-276,90,61,155,-3
334040,19,825,16534,-21,-280,89,68,149,-7
334054,23,826,16539,-20,-280,85,66,152,-6
334068,20,820,16539,-17,-280,87,63,153,-10
334082,16,822,16541,-17,-279,77,65,152,-5
334096,16,816,16532,-19,-281,82,65,150,-2
334110,17,821,16535,-17,-283,85,67,152,-4
334124,24,816,16535,-19,-282,83,70,153,-6
334138,19,815,16527,-17,-278,84,67,156,-2
334152,24,825,16535,-19,-281,82,65,154,-3
334166,27,828,16532,-19,-281,85,64,150,-3
334180,22,824,16538,-18,-281,82,58,149,-1
334194,27,818,16546,-17,-279,81,62,153,-1
334208,18,819,16549,-17,-281,83,63,152,-3
334222,23,824,16546,-16,-281,78,62,152,-3
334236,24,822,16528,-13,-279,90,63,154,-4
334250,17,824,16537,-18,-277,84,63,155,-7
334264,11,817,16539,-19,-280,82,65,155,-5
334278,29,814,16534,-20,-279,86,63,156,-8
334292,21,832,16551,-23,-280,83,64,155,-4
334306,15,823,16549,-17,-279,86,66,150,-4
334320,17,818,16544,-16,-276,87,65,155,-2
334334,17,823,16539,-22,-282,88,62,154,-1
334348,20,817,16531,-19,-283,87,61,150,-4
334362,18,826,16531,-16,-279,84,64,152,-3
334376,17,823,16539,-18,-281,85,66,150,-4
334390,21,828,16540,-17,-277,82,66,149,-5
334404,21,823,16541,-15,-277,84,67,153,-6
334418,22,825,16536,-17,-276,84,66,150,-1
334432,18,820,16541,-20,-280,86,65,153,-2
334446,23,828,16543,-20,-277,83,64,150,-7
334460,21,821,16549,-22,-276,85,66,154,-5
334474,22,818,16548,-22,-278,85,66,156,-6
334488,20,816,16533,-22,-282,86,62,149,-11
334502,16,823,16531,-17,-276,90,63,153,-6
334516,15,821,16530,-17,-278,90,63,155,-7
334530,16,828,16532,-18,-283,83,69,157,-6
334544,19,834,16538,-18,-281,88,68,155,-5
334558,16,823,16531,-18,-277,83,64,150,-8
334572,19,824,16526,-19,-277,84,64,152,-6
334586,32,823,16540,-11,-281,86,61,154,-4
334600,29,820,16542,-14,-282,93,64,152,-4
334614,20,822,16538,-12,-280,84,66,152,1
334628,21,819,16536,-14,-276,85,64,153,-7
334642,16,821,16545,-16,-282,86,64,154,-4
334656,20,824,16545,-16,-278,84,64,154,-4
334670,15,827,16541,-16,-276,87,63,152,-8
334684,12,829,16546,-20,-283,90,65,153,-6
334698,19,827,16531,-18,-274,83,67,151,-4
334712,17,834,16538,-20,-282,82,64,154,-3
334726,29,816,16551,-17,-280,87,66,152,-8
334740,27,812,16553,-18,-278,84,63,154,-7
334754,17,817,16540,-13,-278,86,62,154,-4
334768,16,813,16539,-19,-277,86,65,149,-4
334782,19,819,16547,-13,-282,86,62,151,-4
334796,33,825,16542,-17,-280,85,62,150,-1
334810,32,823,16531,-19,-278,82,64,149,-3
334824,15,820,16538,-15,-274,83,65,150,-5
334838,24,818,16545,-15,-276,87,67,155,-8
334852,27,823,16538,-19,-278,85,65,153,-8
334866,23,829,16543,-18,-280,87,67,150,-5
334880,24,822,16535,-20,-278,89,65,149,-5
334894,18,828,16539,-20,-276,91,67,152,-5
334908,12,826,16530,-17,-279,89,64,154,-1
334922,11,828,16535,-22,-279,83,67,155,-6
334936,15,823,16546,-18,-278,82,63,147,-6
334950,13,822,16546,-17,-281,85,61,152,-4
334964,17,821,16531,-20,-281,83,59,154,-4
334978,18,827,16529,-14,-279,85,63,152,-3
334992,25,822,16537,-17,-279,85,64,151,-4
335006,18,828,16539,-15,-276,81,64,153,-6
335020,19,821,16538,-22,-277,86,65,151,-7
335034,25,817,16539,-17,-285,85,66,152,-3
335048,18,823,16541,-17,-280,89,67,152,-3
335062,18,815,16538,-18,-276,84,63,150,-3
335076,18,819,16549,-21,-279,84,67,150,-5
335090,19,817,16531,-18,-281,93,68,153,-7
335104,17,818,16531,-21,-279,92,65,151,-1
335118,14,820,16537,-18,-282,87,64,150,-3
335132,23,825,16535,-19,-282,88,65,153,-4
335146,20,826,16537,-18,-282,91,63,154,-4
335160,21,821,16541,-14,-282,87,65,152,-6
335174,19,831,16539,-18,-278,84,58,152,-5
335188,13,826,16537,-18,-276,86,61,150,-4
335202,20,833,16533,-18,-281,92,64,151,-4
335216,24,822,16547,-20,-279,89,61,153,-5
335230,10,819,16541,-18,-280,87,62,151,-6
335244,9,829,16543,-19,-281,87,65,153,-4
335258,17,827,16545,-23,-276,88,65,153,-4
335272,19,823,16543,-12,-275,88,63,150,-5
335286,23,818,16547,-19,-279,87,62,155,-2
335300,22,817,16547,-26,-279,88,63,156,-4
335314,27,827,16541,-16,-283,86,64,153,-7
335328,22,826,16537,-18,-282,93,61,154,-7
335342,26,819,16532,-20,-278,87,62,152,-8
335356,15,819,16535,-18,-279,85,68,151,-5
335370,17,825,16546,-15,-279,81,67,151,1
335384,17,833,16547,-17,-278,88,67,152,-6
335398,20,827,16540,-16,-282,81,62,154,-5
335412,12,830,16537,-20,-279,89,65,155,-6
335427,22,824,16547,-15,-276,86,63,153,-4
335441,16,827,16550,-16,-286,87,66,154,1
335455,19,821,16531,-18,-274,85,61,152,-4
335469,22,818,16536,-16,-275,89,60,149,-4
335483,14,825,16532,-20,-277,87,67,152,-3
335497,20,832,16535,-21,-276,88,63,152,-5
335511,20,822,16548,-24,-277,89,64,155,-7
335525,15,817,16540,-16,-275,90,66,152,-8
335539,24,820,16525,-21,-276,94,66,154,-2
335553,18,818,16540,-17,-278,89,65,153,-2
335567,17,820,16539,-13,-279,88,65,153,1
335581,25,820,16545,-17,-268,88,65,152,-4
335595,19,827,16548,-11,-277,82,63,153,-6
335609,15,822,16546,-13,-273,81,67,150,-9
335623,18,816,16541,-18,-283,88,69,155,-5
335637,17,818,16546,-20,-279,87,67,154,-10
335651,22,827,16532,-13,-281,86,64,154,-3
335665,13,821,16525,-17,-278,86,63,151,-3
335679,25,816,16541,-13,-279,88,63,149,-5
335693,22,815,16530,-10,-283,87,67,154,-4
335707,24,821,16544,-17,-280,83,65,153,-6
335721,20,820,16546,-13,-277,84,64,154,-4
335735,13,823,16544,-17,-276,83,65,155,-2
335749,17,824,16543,-15,-284,86,61,154,-3
335763,20,811,16546,-20,-280,88,63,150,-5
335777,17,820,16549,-16,-279,89,64,153,-3
335791,18,826,16547,-21,-279,84,66,150,-7
335806,24,830,16537,-17,-278,81,64,148,-6
335820,31,825,16545,-16,-277,81,62,150,-4
335834,22,825,16543,-17,-279,80,62,147,-3
335848,24,820,16531,-17,-275,80,63,150,-2
335862,34,832,16532,-19,-279,84,63,153,-4
335876,22,826,16530,-16,-280,89,62,153,-6
335891,18,823,16537,-9,-276,85,67,153,-3
335905,10,828,16532,-20,-274,89,65,153,-5
335920,20,823,16532,-23,-276,89,64,150,-2
335935,22,827,16541,-17,-276,83,63,151,-2
335949,20,825,16546,-15,-277,86,64,151,-3
335964,25,820,16545,-15,-281,84,64,152,-4
335979,19,819,16532,-21,-280,88,64,153,-7
335994,20,825,16533,-16,-278,87,66,153,-5
336009,26,821,16536,-19,-283,83,66,152,-7
336024,28,824,16537,-15,-277,82,64,154,-7
336039,25,835,16536,-19,-280,87,66,151,-3
336054,27,828,16535,-21,-283,83,65,150,-5
336069,23,830,16541,-22,-282,85,65,152,-5
336084,25,820,16545,-21,-281,86,65,150,-5
336099,19,824,16542,-18,-281,89,64,152,-5
336114,17,823,16536,-14,-279,89,63,153,-4
336129,21,826,16535,-21,-272,87,62,153,-3
336144,27,827,16535,-19,-281,89,58,154,1
336158,19,828,16533,-14,-279,86,60,156,-10
336172,18,823,16542,-21,-276,88,65,150,-9
336187,26,823,16526,-15,-274,85,62,150,-7
336202,23,814,16530,-15,-278,86,63,154,-6
336217,22,833,16540,-17,-278,88,66,152,-6
336232,18,828,16546,-21,-280,87,64,154,-6
336247,27,819,16532,-22,-276,86,64,154,-7
336262,31,825,16532,-20,-277,88,65,150,-4
336277,16,832,16544,-19,-278,89,64,153,-3
336292,14,826,16532,-18,-281,85,62,154,-5
336307,18,824,16544,-20,-281,85,59,154,-6
336322,15,821,16540,-14,-278,84,66,155,-7
336337,26,820,16538,-20,-281,84,62,155,-6
336352,33,822,16550,-21,-282,87,64,152,-3
336367,23,832,16538,-20,-277,87,70,152,-4
336382,24,823,16539,-20,-280,88,68,153,-2
336397,17,811,16534,-21,-279,87,66,156,-6
336411,22,816,16536,-24,-278,82,64,151,-5
336426,15,820,16536,-15,-273,86,64,152,-4
336441,19,816,16541,-15,-281,88,66,152,-7
336456,15,828,16532,-18,-277,82,64,151,-7
336471,17,824,16528,-13,-278,86,67,151,-3
336486,24,824,16533,-16,-281,84,66,150,-3
336500,16,822,16534,-15,-273,82,63,156,-6
336515,30,821,16530,-16,-280,84,60,155,-7
336530,23,829,16540,-18,-277,88,65,153,-4
336545,17,821,16534,-16,-284,83,63,152,-5
336560,25,826,16540,-19,-284,83,63,152,-2
336575,28,821,16541,-23,-277,84,66,151,-5
336589,23,828,16541,-20,-277,87,66,152,-4
336604,19,820,16536,-17,-274,86,67,154,-5
336619,28,823,16533,-22,-281,91,65,151,1
336633,15,831,16549,-20,-282,92,64,153,-5
336648,14,829,16540,-14,-276,86,66,152,-8
336662,20,824,16532,-17,-280,88,65,152,-5
336676,31,823,16535,-21,-277,89,64,152,-2
336690,30,813,16531,-19,-279,87,67,152,-3
336705,30,814,16531,-17,-282,91,67,150,-6
336719,29,828,16539,-15,-283,89,62,152,-1
336734,22,821,16533,-18,-276,81,66,154,-3
336748,18,822,16540,-18,-282,84,64,154,-9
336762,21,822,16538,-18,-278,84,64,149,-7
336776,14,826,16540,-17,-277,83,62,153,-2
336791,19,832,16533,-18,-283,81,63,154,-4
336805,20,815,16538,-22,-283,88,66,153,-3
336820,21,821,16546,-20,-279,89,66,150,-2
336834,27,822,16548,-21,-280,88,63,149,-3
336848,17,816,16534,-21,-278,86,65,151,-4
336862,19,821,16540,-21,-278,84,66,148,-4
336877,26,828,16533,-17,-277,87,64,152,-1
336891,25,838,16540,-20,-281,87,65,153,-2
336906,16,823,16542,-12,-278,88,63,155,-8
336920,21,823,16541,-21,-272,85,62,155,-7
336935,21,825,16533,-20,-277,89,64,150,-4
336949,22,822,16534,-17,-279,88,64,151,-4
336964,17,826,16549,-19,-279,86,65,150,-4
336978,26,827,16536,-15,-280,85,65,153,-5
336993,20,822,16542,-23,-277,91,66,153,-6
337007,23,822,16535,-22,-277,90,65,155,-5
337022,22,825,16536,-21,-272,87,65,154,-1
337036,27,835,16543,-20,-279,88,61,152,-6
337051,19,824,16535,-16,-277,92,61,154,-5
337065,22,815,16534,-17,-279,90,63,151,-8
337080,17,817,16533,-16,-279,88,63,154,-8
337094,19,825,16546,-16,-278,85,63,154,-6
337109,17,824,16542,-17,-281,86,63,155,-6
337123,23,812,16533,-16,-274,89,63,154,-6
337138,18,824,16542,-16,-278,88,62,151,-6
337152,21,829,16534,-19,-275,87,62,149,-2
337167,24,830,16541,-17,-275,85,65,151,-6
337181,24,821,16545,-18,-281,86,64,150,-5
337196,17,822,16539,-18,-283,88,67,152,-5
337210,21,825,16534,-11,-282,82,65,152,-4
337225,31,819,16541,-14,-280,85,68,155,-2
337239,22,824,16542,-16,-280,84,63,155,-5
337254,19,819,16546,-20,-276,84,65,153,-2
337268,20,814,16540,-20,-278,85,62,153,-6
337283,11,814,16530,-18,-279,83,62,153,-3
337297,18,822,16529,-20,-281,86,63,149,-2
337312,20,819,16541,-18,-283,80,64,149,-7
337326,26,819,16540,-18,-275,79,64,155,-5
337341,18,823,16531,-19,-278,85,61,153,-2
337355,19,817,16541,-21,-279,88,62,152,-4
337370,22,825,16550,-15,-281,83,61,154,-4
337384,22,825,16551,-17,-279,81,67,151,-5
337399,16,821,16543,-22,-277,84,64,153,-7
337413,28,821,16538,-18,-287,83,64,152,-4
337428,19,817,16542,-17,-283,84,62,154,-6
337442,28,815,16533,-18,-281,82,62,154,-5
337457,29,821,16537,-19,-280,86,64,152,-7
337471,22,824,16533,-16,-277,85,65,153,-6
337486,21,819,16538,-16,-281,86,63,151,-3
337500,18,819,16541,-19,-282,90,60,153,-5
337515,22,825,16539,-20,-278,86,61,151,-5
337529,31,825,16550,-14,-279,85,65,149,-5
337544,18,822,16533,-17,-277,88,63,153,-2
337558,17,819,16542,-16,-278,81,62,150,-6
337573,26,834,16542,-18,-280,84,66,150,-4
337587,24,833,16537,-17,-280,84,62,148,-2
337602,23,839,16542,-17,-277,89,61,156,-4
337616,19,823,16538,-14,-280,85,60,154,-3
337631,16,830,16539,-15,-281,87,63,148,-5
337645,18,827,16541,-17,-281,86,67,153,-5
337660,20,820,16539,-16,-284,90,63,151,-7
337674,17,828,16548,-16,-276,87,60,149,-8
337689,14,825,16542,-18,-281,83,62,150,-6
337703,14,820,16538,-18,-279,83,64,152,-3
337718,24,822,16537,-18,-277,84,62,150,-3
337732,22,811,16538,-17,-277,84,61,152,-2
337747,15,830,16539,-20,-281,84,60,152,-4
337761,20,827,16544,-20,-273,87,62,156,-5
337776,14,815,16542,-20,-272,85,65,154,-8
337790,28,826,16531,-19,-277,87,68,152,-7
337805,27,827,16534,-16,-280,81,63,151,-5
337819,16,825,16540,-17,-275,84,60,151,-3
337834,24,830,16541,-17,-278,83,64,156,-5
337848,19,823,16530,-17,-284,89,63,155,-4
337863,15,819,16524,-16,-277,89,66,149,-4
337877,11,827,16547,-18,-279,87,63,150,-4
337892,18,827,16546,-20,-273,90,64,149,-6
337906,21,814,16544,-18,-278,87,62,153,-5
337921,27,819,16538,-19,-281,83,67,150,-5
337935,26,826,16552,-17,-277,82,66,148,-4
337950,29,820,16544,-23,-275,85,66,150,-2
337964,22,826,16535,-21,-278,85,67,154,-5
337979,19,823,16537,-18,-280,85,65,150,-4
337993,21,822,16537,-18,-279,86,65,153,1
338008,12,819,16539,-19,-280,87,63,150,-2
338023,17,821,16533,-15,-280,87,64,154,-2
338038,21,823,16536,-17,-278,89,62,153,-4
338053,25,823,16544,-17,-279,87,63,153,-4
338068,14,824,16531,-19,-278,90,64,151,-4
338083,16,821,16540,-19,-282,89,64,153,-5
338098,23,825,16550,-19,-282,85,64,152,-6
338113,14,822,16536,-22,-284,88,60,155,-3
338128,22,821,16535,-22,-276,90,60,154,-4
338143,16,831,16536,-20,-283,83,67,148,-3
338158,10,824,16539,-16,-285,84,64,151,-3
338173,24,825,16538,-18,-279,91,63,150,-5
338188,11,817,16529,-17,-279,86,62,151,-3
338203,19,818,16537,-14,-281,84,65,151,-6
338218,21,816,16535,-21,-279,84,64,151,-6
338233,19,817,16548,-18,-275,87,64,154,-4
338248,22,823,16536,-16,-282,92,64,151,-4
338263,23,827,16538,-16,-278,82,68,152,-3
338277,13,827,16538,-20,-278,90,66,150,-5
338292,23,826,16546,-17,-278,86,67,151,-5
338307,17,823,16545,-15,-279,86,62,153,-8
338322,30,821,16541,-19,-277,84,64,153,1
338337,18,823,16533,-18,-277,81,68,150,-2
338352,31,833,16536,-22,-278,80,64,153,-4
338366,25,818,16541,-17,-281,87,59,152,-5
338381,21,819,16546,-20,-280,89,65,151,-2
338395,18,820,16534,-20,-282,88,65,152,-4
338410,27,817,16538,-16,-277,83,65,153,-6
338424,25,828,16537,-14,-280,81,63,152,-2
338439,22,824,16535,-12,-274,85,64,151,-2
338453,13,829,16537,-19,-271,84,65,151,-2
338468,20,825,16537,-18,-278,79,65,153,1
338482,20,824,16547,-16,-273,85,62,154,-2
338497,27,830,16548,-15,-274,86,63,155,-7
338512,20,823,16531,-14,-276,84,65,151,-4
338527,15,823,16541,-10,-282,83,64,150,-6
338541,15,819,16538,-10,-276,84,65,151,-6
338556,17,825,16538,-18,-274,84,67,153,-5
338571,22,824,16538,-17,-276,84,63,152,-2
338586,20,823,16534,-16,-276,83,65,152,-6
338601,18,826,16527,-17,-277,86,64,153,-2
338616,27,819,16547,-20,-278,85,65,152,-1
338630,23,822,16534,-16,-277,85,61,153,-5
338645,12,823,16533,-20,-280,88,60,153,-2
338660,30,826,16551,-17,-282,82,67,153,-6
338675,30,818,16543,-20,-276,81,66,150,-5
338690,17,819,16538,-16,-277,84,63,150,-8
338705,13,821,16538,-13,-281,77,62,154,-9
338720,13,817,16530,-20,-282,83,64,148,-7
338735,22,823,16553,-16,-279,81,62,148,-7
338750,16,817,16548,-19,-279,83,64,156,-5
338765,18,815,16535,-18,-275,88,63,155,-5
338780,17,816,16528,-15,-279,83,56,156,-8
338795,20,820,16542,-13,-284,83,62,149,-7
338810,16,821,16536,-14,-282,85,66,153,-5
338825,19,821,16537,-20,-280,88,65,150,-2
338840,12,822,16531,-17,-284,81,64,153,-7
338855,23,827,16537,-20,-276,78,59,150,-7
338870,12,827,16526,-14,-281,81,63,155,-6
338885,16,825,16533,-15,-278,83,64,153,-4
338900,17,817,16530,-20,-280,86,63,154,-5
338915,19,826,16545,-18,-281,81,64,153,-6
338930,23,827,16538,-13,-280,85,62,156,-6
338945,19,818,16547,-16,-277,86,63,150,-5
338960,29,819,16541,-19,-281,87,62,154,-2
338975,22,827,16545,-16,-277,85,63,154,-5
338990,20,822,16541,-16,-278,83,64,150,-9
339005,17,823,16545,-14,-280,89,65,148,-6
339020,12,827,16537,-16,-283,87,62,150,-8
339035,9,823,16535,-21,-279,81,63,152,-6
339049,10,823,16534,-17,-279,85,65,152,-6
339063,22,827,16538,-17,-272,89,61,152,-5
339078,30,823,16538,-16,-274,86,61,153,-5
339092,32,822,16539,-18,-277,94,63,153,-6
339107,14,829,16535,-16,-277,91,64,150,-6
339121,18,821,16530,-17,-280,83,67,152,-2
339136,19,820,16536,-15,-285,82,67,156,-8
339150,14,830,16531,-16,-279,86,69,155,-6
339165,21,825,16533,-14,-282,84,63,155,-7
339179,18,824,16549,-24,-279,88,67,156,-4
339194,23,825,16547,-24,-279,83,66,158,-5
339208,15,828,16542,-20,-278,87,59,149,-4
339223,12,828,16534,-16,-276,87,64,148,-5
339237,16,831,16543,-13,-277,83,64,152,-3
339252,14,830,16541,-19,-276,84,62,148,-3
339266,29,831,16539,-18,-272,85,65,147,-1
339281,28,832,16537,-15,-280,86,65,152,2
339295,21,823,16544,-17,-282,86,64,157,-4
339310,29,824,16540,-14,-281,84,63,157,-6
339325,19,822,16536,-16,-279,86,66,158,-3
339340,12,822,16547,-22,-277,84,64,153,-6
339354,16,821,16544,-20,-274,90,65,154,-9
339369,21,821,16527,-19,-280,88,65,152,-7
339384,18,821,16528,-16,-279,86,64,152,-8
339399,17,821,16548,-18,-280,82,64,153,-5
339414,24,818,16527,-20,-278,85,65,153,-2
339429,20,819,16539,-21,-278,83,64,156,-3
339443,15,828,16535,-15,-282,83,62,158,-3
339458,20,821,16533,-19,-273,81,62,150,-8
339473,24,830,16536,-19,-279,84,63,158,-5
339488,23,832,16534,-18,-278,86,66,157,-5
339503,22,824,16543,-18,-278,87,66,149,-7
339518,22,823,16535,-12,-276,84,65,153,-9
339532,19,815,16540,-12,-278,83,62,152,-7
339547,13,835,16534,-18,-279,87,62,153,-5
339562,26,830,16536,-22,-275,82,63,154,-5
339576,25,819,16533,-19,-277,80,62,156,-5
339590,21,818,16538,-19,-276,89,61,155,-5
339604,21,818,16542,-20,-280,81,63,152,-9
339618,23,817,16538,-14,-281,87,61,153,-8
339632,23,812,16532,-18,-283,82,63,154,-4
339646,17,821,16539,-16,-281,87,61,155,-5
339660,20,820,16545,-15,-280,87,60,154,-5
339674,7,824,16536,-18,-276,85,64,153,-4
339688,22,824,16542,-14,-279,83,65,155,-4
339702,25,821,16541,-15,-275,85,59,149,-6
339716,12,826,16540,-17,-281,84,60,154,-4
339730,16,819,16541,-18,-283,83,64,154,-6
339744,20,821,16529,-16,-279,86,62,152,-11
339758,27,821,16535,-18,-276,85,63,152,-7
339772,18,820,16534,-20,-278,88,64,153,-7
339786,19,825,16531,-15,-277,86,61,148,-5
339800,24,830,16536,-22,-276,81,66,150,-3
339814,18,822,16539,-13,-277,86,65,152,-7
339828,17,823,16525,-16,-280,86,64,152,-6
339842,21,820,16542,-16,-275,86,67,156,-5
339856,22,815,16540,-16,-281,88,65,157,-4
339870,19,820,16531,-17,-278,88,63,157,-1
339884,12,819,16541,-18,-278,84,65,153,-3
339898,15,827,16538,-16,-276,87,65,150,-3
339912,7,830,16539,-18,-285,82,68,153,-7
339926,16,824,16540,-14,-278,88,66,158,-6
339940,23,827,16533,-22,-273,88,65,158,-4
339954,23,821,16543,-19,-278,83,63,152,-5
339968,26,819,16533,-19,-280,87,61,152,-4
339982,30,822,16539,-17,-279,85,62,152,-5
339996,21,821,16540,-16,-280,88,64,153,-4
340010,18,835,16532,-19,-278,83,66,154,-7
340024,20,826,16533,-17,-273,86,61,156,-7
340038,11,824,16537,-16,-280,89,61,154,-6
340052,18,817,16536,-11,-280,88,61,155,-4
340066,24,822,16536,-23,-281,88,61,152,-3
340080,19,823,16536,-17,-283,79,60,150,-6
340094,23,829,16530,-16,-282,88,64,153,-5
340108,27,829,16532,-19,-274,88,66,154,-9
340122,24,821,16538,-25,-275,89,65,152,-2
340136,24,817,16538,-25,-276,80,65,152,-6
340150,18,820,16540,-12,-276,84,65,148,-4
340164,20,828,16539,-11,-280,84,62,148,-4
340178,15,826,16549,-18,-281,89,64,154,-6
340192,14,827,16543,-16,-278,85,65,156,-3
340206,20,822,16538,-17,-280,86,67,153,-3
340220,19,822,16538,-20,-276,86,65,151,-3
340234,18,822,16530,-23,-277,86,60,154,-3
340248,18,817,16529,-13,-279,89,60,150,-3
340262,21,821,16536,-14,-279,84,64,155,-6
340276,28,831,16533,-13,-273,82,67,152,-4
340290,15,833,16534,-19,-281,85,65,154,-6
340304,21,822,16535,-20,-276,85,64,155,-8
340318,25,827,16530,-19,-281,84,66,155,-10
340332,24,823,16537,-16,-280,83,63,152,-6
340346,21,821,16537,-12,-276,87,64,150,-8
340360,21,816,16527,-17,-281,87,62,155,-1
340374,21,823,16537,-13,-281,89,63,157,-2
340388,20,835,16547,-21,-273,86,63,155,-7
340402,27,834,16537,-17,-275,87,66,154,-5
340416,18,830,16543,-17,-283,89,63,153,-5
340430,20,819,16541,-18,-277,83,64,153,-5
340444,22,822,16534,-16,-283,86,61,150,-6
340458,22,820,16539,-17,-278,87,63,152,-4
340472,20,821,16537,-23,-279,86,67,148,-2
340486,22,822,16532,-19,-281,87,65,148,-2
340500,15,831,16548,-16,-280,83,66,155,-6
340514,22,832,16528,-20,-279,84,64,155,-4
340528,27,820,16533,-24,-281,83,64,155,-7
340542,21,814,16537,-24,-280,83,65,154,1
340556,13,819,16529,-17,-282,83,60,155,-3
340570,17,819,16536,-19,-282,86,60,149,-4
340584,15,824,16537,-15,-279,88,60,152,-5
340598,26,830,16533,-19,-280,86,60,158,-6
340612,22,835,16552,-17,-281,88,60,158,-7
340626,19,835,16540,-20,-282,90,61,159,-1
340641,11,820,16533,-22,-275,88,60,154,-4
340655,10,817,16541,-15,-280,85,61,154,-3
340669,22,819,16530,-20,-279,85,64,155,-7
340683,19,810,16548,-18,-278,86,67,155,-4
340697,28,827,16536,-14,-278,87,67,153,-5
340711,23,832,16528,-14,-279,87,65,155,-5
340725,23,824,16541,-17,-285,88,65,154,-7
340739,15,825,16528,-20,-278,81,65,157,-5
340753,17,827,16541,-20,-278,82,62,154,-5
340767,18,815,16541,-15,-276,84,64,152,-10
340781,16,814,16531,-16,-279,84,65,149,-8
340795,21,831,16538,-17,-276,85,66,152,-6
340809,16,831,16528,-17,-274,83,65,150,-1
340823,16,823,16532,-12,-279,86,61,152,-2
340837,12,829,16545,-21,-287,81,63,153,-2
340851,26,821,16541,-18,-281,81,63,150,-2
340865,18,824,16531,-14,-279,84,63,152,-3
340879,22,823,16542,-15,-277,84,66,155,-4
340893,27,819,16539,-13,-282,91,64,152,-6
340907,19,824,16542,-17,-277,91,60,152,-4
340921,16,823,16537,-17,-281,81,60,152,-4
340935,17,827,16541,-18,-274,84,64,152,-3
340949,13,822,16536,-20,-280,87,65,149,-5
340963,10,827,16536,-19,-278,87,66,153,-7
340977,15,830,16539,-14,-278,85,61,148,-3
340991,16,822,16542,-21,-280,92,61,152,1
341006,19,824,16543,-21,-283,86,63,150,-5
341020,14,817,16544,-15,-276,87,66,148,-5
341034,15,817,16533,-21,-273,85,66,148,-9
341048,20,822,16529,-19,-278,89,64,149,-4
341062,16,823,16537,-12,-280,90,63,149,-3
341076,11,822,16542,-17,-281,85,61,154,-9
341090,19,821,16545,-22,-278,91,61,157,-5
341104,23,820,16536,-20,-274,88,62,153,-4
341118,17,824,16545,-19,-278,86,64,151,-4
341132,10,833,16533,-18,-276,85,64,148,-6
341146,23,821,16539,-20,-277,86,65,151,-4
341160,21,826,16530,-21,-279,85,66,150,-5
341174,20,827,16536,-22,-281,83,67,148,-5
341188,27,829,16537,-13,-280,87,62,150,-4
341202,22,825,16543,-18,-278,87,64,153,-5
341216,22,818,16529,-19,-280,85,65,151,-7
341230,12,820,16526,-19,-279,90,64,154,-7
341244,22,818,16543,-18,-280,82,63,153,-5
341258,20,821,16538,-16,-276,86,64,153,-3
341272,8,819,16540,-10,-282,83,59,151,-5
341286,21,827,16523,-16,-279,84,62,152,-5
341300,20,826,16545,-15,-274,87,62,149,-7
341314,10,827,16547,-19,-280,88,63,151,-6
341328,12,820,16530,-20,-277,87,62,151,-6
341342,22,823,16532,-21,-279,86,61,150,-5
341356,17,827,16537,-19,-280,81,64,151,-5
341370,23,826,16535,-16,-277,81,61,150,-1
341384,24,827,16538,-15,-278,87,64,152,-3
341398,25,816,16544,-21,-287,89,65,151,-3
341412,25,823,16543,-20,-279,85,66,151,-3
341426,12,821,16544,-18,-283,88,66,153,-6
341440,13,829,16539,-18,-280,79,65,153,-2
341454,15,830,16535,-24,-276,85,64,153,-4
341468,21,829,16536,-25,-277,81,65,151,-5
341482,27,822,16538,-15,-281,92,63,151,-6
341496,25,827,16538,-24,-284,80,61,154,-4
341510,30,821,16535,-14,-279,82,63,148,-5
341524,19,821,16528,-12,-278,79,63,151,-3
341538,17,828,16539,-16,-275,79,63,154,-2
341552,15,827,16543,-15,-277,82,63,153,-7
341566,14,818,16535,-23,-279,83,64,154,-5
341580,19,821,16552,-20,-278,83,66,151,-5
341594,22,820,16536,-14,-278,85,63,151,-5
341608,17,817,16534,-13,-280,84,62,152,-3
341622,19,825,16554,-15,-275,84,65,153,-3
341636,17,821,16551,-17,-276,87,65,151,-8
341650,19,826,16532,-13,-279,81,67,152,-4
341664,18,826,16540,-16,-278,84,62,153,-5
341678,25,820,16527,-23,-279,85,64,152,-5
341692,22,815,16542,-20,-280,86,66,154,-4
341706,22,811,16531,-11,-278,83,64,154,-4
341720,20,815,16526,-21,-277,83,63,151,-5
341734,24,829,16546,-19,-276,79,61,149,-5
341748,21,825,16545,-16,-277,83,60,150,-5
341762,16,825,16542,-14,-276,91,62,154,-5
341776,24,821,16550,-15,-285,90,67,156,-1
341790,22,820,16538,-16,-277,85,66,152,-3
341804,20,822,16535,-18,-279,88,65,152,-8
341818,15,825,16536,-18,-276,89,66,153,-6
341832,13,820,16534,-18,-277,87,65,153,-2
341846,7,829,16531,-23,-277,82,62,154,-4
341860,15,822,16543,-19,-280,84,62,154,-3
341874,17,820,16539,-23,-277,86,67,148,-8
341889,25,827,16533,-24,-274,85,65,148,-7
341903,21,824,16536,-20,-276,83,63,155,-3
341918,28,827,16524,-17,-279,83,64,154,-5
341932,27,829,16554,-11,-278,84,65,150,-5
341947,21,828,16543,-15,-277,84,66,149,-2
341961,17,820,16539,-16,-277,83,65,148,-9
341976,14,816,16545,-17,-278,82,64,152,-5
341990,9,824,16532,-23,-280,82,65,151,-4
342004,16,827,16538,-19,-278,87,65,149,-5
342018,21,822,16543,-14,-277,85,63,152,-5
342032,20,822,16542,-15,-279,84,64,154,-6
342046,18,829,16536,-20,-279,87,66,151,-5
342060,7,829,16543,-14,-280,82,65,149,-6
342074,17,818,16535,-16,-277,85,67,153,1
342088,21,817,16532,-16,-278,86,62,153,-4
342102,23,823,16537,-17,-274,86,64,151,-2
342116,16,823,16538,-16,-281,89,64,151,-4
342130,11,819,16549,-16,-277,88,64,152,-6
342144,18,827,16548,-15,-280,85,66,152,-5
342158,18,828,16536,-16,-278,83,67,150,-6
342172,15,821,16533,-11,-277,82,65,154,-2
342186,14,818,16537,-18,-279,85,65,154,-3
342200,22,818,16544,-16,-277,81,66,154,-6
342214,23,823,16545,-18,-276,81,63,155,-6
342228,19,824,16544,-18,-279,87,64,153,-5
342242,16,820,16542,-13,-280,83,65,156,-6
342256,16,820,16539,-12,-276,83,64,155,-6
342270,13,817,16537,-18,-278,90,67,151,-4
342284,13,817,16534,-15,-278,86,64,148,-8
342298,15,821,16531,-8,-278,88,64,147,-7
342312,7,815,16536,-18,-279,85,66,149,-4
342326,13,817,16536,-15,-274,85,68,150,-6
342340,18,817,16538,-18,-278,85,66,149,-4
342354,19,821,16533,-15,-279,86,65,150,-5
342368,21,824,16540,-17,-279,87,60,152,-7
342382,21,823,16529,-23,-281,81,63,150,-6
342396,12,821,16538,-16,-276,86,62,151,-8
342410,15,824,16539,-16,-276,82,65,154,-4
342424,21,826,16539,-19,-280,84,62,155,-9
342438,29,823,16537,-14,-274,84,61,155,-5
342452,20,819,16543,-20,-276,86,64,151,-1
342466,28,818,16541,-15,-281,83,65,155,-2
342480,22,819,16537,-18,-279,87,63,152,-2
342494,15,825,16543,-23,-280,90,66,150,-5
342508,17,824,16542,-18,-278,83,67,151,-7
342522,14,823,16535,-18,-277,85,66,157,-6
342536,21,813,16542,-18,-277,82,65,154,-4
342550,19,819,16549,-20,-274,85,62,153,-1
342564,8,816,16536,-16,-281,88,63,152,-3
342578,15,824,16535,-19,-281,88,64,148,-3
342592,19,823,16531,-18,-278,84,61,151,-3
342607,26,825,16534,-20,-276,81,62,154,-6
342621,17,819,16542,-11,-279,84,68,150,-4
342636,17,820,16532,-15,-278,81,68,150,-4
342650,23,821,16527,-19,-277,88,61,152,-8
342665,28,817,16541,-21,-282,87,60,151,-5
342679,12,831,16544,-14,-273,85,65,147,-3
342694,12,822,16535,-16,-279,83,63,149,-3
342708,24,826,16544,-20,-278,86,63,153,-3
342723,19,820,16540,-21,-277,85,61,153,-4
342737,14,825,16537,-20,-276,86,67,154,-4
342752,21,818,16534,-17,-277,85,65,152,-4
342766,23,821,16538,-18,-278,87,65,152,-7
342781,19,822,16536,-18,-277,88,65,153,-5
342795,23,818,16532,-19,-280,85,66,155,-6
342810,30,824,16548,-18,-283,80,61,149,-8
342824,27,821,16549,-16,-277,81,67,149,-5
342839,6,819,16541,-16,-281,82,65,152,-3
342853,1,823,16547,-14,-271,79,62,154,-2
342867,24,826,16532,-14,-278,89,63,155,-4
342881,22,823,16536,-14,-280,85,65,154,-6
342895,31,810,16528,-15,-280,86,66,152,-7
342910,25,814,16527,-19,-281,87,62,154,-3
342924,20,825,16531,-22,-274,84,62,154,-3
342939,21,826,16534,-21,-275,79,66,155,-7
342953,22,824,16543,-15,-279,86,65,152,-7
342967,16,818,16541,-14,-283,91,65,152,-5
342981,14,825,16542,-20,-279,90,65,151,-5
342996,15,825,16538,-19,-284,88,62,150,-8
343010,18,820,16546,-16,-277,83,63,155,-8
343025,10,824,16535,-19,-275,87,59,153,-5
343039,16,829,16529,-19,-276,87,64,151,-3
343053,18,825,16534,-19,-279,91,68,150,-3
343067,26,816,16540,-20,-274,81,61,153,-3
343082,16,824,16544,-19,-281,87,61,153,-5
343096,22,823,16546,-17,-279,87,65,152,-3
343111,26,822,16549,-13,-280,81,64,155,-3
343125,18,827,16546,-16,-277,83,65,157,-4
343140,22,826,16542,-17,-279,85,63,154,-7
343154,10,827,16546,-13,-279,85,64,154,-5
343169,22,819,16539,-15,-277,82,65,153,-2
343183,16,821,16544,-14,-276,86,64,156,-4
343198,18,826,16542,-11,-275,86,64,152,-2
343212,18,830,16550,-12,-277,83,62,153,-4
343227,21,830,16538,-15,-280,85,64,152,-7
343241,17,825,16536,-16,-274,88,67,153,-5
343256,25,824,16549,-21,-275,85,60,156,-9
343270,24,817,16556,-17,-282,86,63,155,-8
343285,27,824,16534,-19,-281,84,63,154,-4
343299,28,824,16533,-15,-273,79,65,153,-1
343314,20,819,16544,-12,-278,85,64,152,-3
343328,28,833,16542,-19,-274,84,66,155,-2
343343,21,826,16541,-18,-276,89,67,150,-5
343357,20,814,16528,-17,-279,88,66,151,-5
343372,16,818,16533,-15,-276,85,64,153,-5
343386,8,822,16544,-12,-276,83,62,154,-5
343400,13,823,16545,-15,-280,84,61,154,-7
343414,19,820,16541,-16,-285,87,62,151,-3
343428,11,818,16533,-22,-280,79,66,156,-1
343442,17,808,16545,-18,-282,85,65,155,-3
343456,29,823,16536,-12,-277,80,65,150,-2
343470,25,821,16542,-20,-274,81,66,148,-2
343484,21,819,16538,-20,-279,84,67,150,-5
343498,18,824,16545,-20,-276,85,63,150,-6
343512,12,820,16544,-16,-280,78,64,153,-4
343526,17,818,16540,-15,-280,74,60,150,-6
343540,17,820,16548,-15,-274,83,62,154,-4
343554,16,829,16543,-17,-279,81,66,149,-2
343568,21,832,16540,-14,-278,85,65,150,-2
343582,21,827,16537,-20,-277,87,64,155,-3
343596,19,815,16539,-17,-281,84,61,158,-5
343610,14,815,16548,-19,-275,86,61,151,-2
343624,28,821,16550,-16,-279,92,64,152,-2
343638,15,823,16543,-15,-281,86,63,151,-4
343652,16,821,16543,-11,-272,83,62,152,-4
343666,14,821,16542,-18,-277,88,64,152,-1
343680,16,822,16540,-11,-276,82,65,149,-4
343694,18,820,16537,-16,-275,84,62,156,-2
343708,21,822,16530,-14,-276,79,62,157,-7
343722,23,825,16529,-13,-277,87,64,155,-7
343736,15,829,16529,-12,-278,82,66,154,-2
343750,10,828,16537,-9,-279,84,63,156,-2
343764,16,826,16535,-19,-279,79,67,151,-2
343779,16,820,16540,-20,-276,86,66,150,-4
343793,20,820,16537,-17,-279,87,64,155,-7
343808,29,818,16544,-19,-280,84,65,155,-8
343822,16,823,16538,-19,-277,86,64,155,-6
343836,26,827,16529,-18,-278,83,65,149,-5
343850,21,814,16542,-17,-273,88,66,151,-6
343865,28,812,16542,-21,-281,86,64,154,-6
343879,21,823,16544,-17,-284,90,67,153,-6
343894,16,822,16545,-17,-284,85,68,150,-6
343908,20,821,16536,-16,-279,79,67,152,-4
343922,18,826,16531,-16,-283,89,67,151,-6
343936,9,819,16541,-13,-274,84,64,151,-4
343950,10,813,16532,-18,-279,83,65,151,-1
343964,27,827,16546,-15,-280,85,64,152,-10
343978,19,823,16545,-18,-276,84,65,152,-6
343992,19,811,16525,-21,-278,84,63,154,-1
344007,28,816,16542,-17,-282,84,63,151,-3
344021,15,824,16548,-19,-276,81,64,151,-6
344036,27,827,16547,-14,-279,86,63,150,-6
344050,20,820,16549,-24,-276,89,63,154,-3
344065,19,817,16536,-18,-282,88,62,152,-3
344079,24,820,16541,-11,-277,81,63,151,-4
344094,21,818,16549,-17,-284,89,61,151,-4
344108,26,827,16546,-15,-279,83,62,152,-3
344123,16,822,16543,-17,-280,82,58,151,-4
344137,20,824,16540,-19,-279,84,62,151,-5
344152,14,819,16536,-17,-275,89,63,152,-3
344166,17,824,16530,-16,-278,89,63,153,-5
344181,21,827,16544,-12,-281,90,59,154,-7
344195,14,822,16537,-22,-280,88,60,148,-6
344210,18,818,16534,-22,-280,89,64,151,-2
344224,19,822,16541,-16,-279,85,64,150,-4
344239,21,827,16544,-19,-276,88,62,150,-2
344253,19,826,16544,-16,-277,81,64,151,-4
344268,22,822,16533,-23,-278,85,64,154,-1
344282,20,816,16536,-20,-277,84,61,154,-6
344297,12,821,16547,-21,-279,86,62,154,-4
344311,21,825,16534,-17,-282,84,63,153,-6
344326,21,826,16542,-13,-277,86,65,151,-8
344340,14,824,16535,-14,-277,84,63,151,-4
344355,10,818,16536,-11,-278,86,65,153,-5
344369,17,819,16545,-18,-272,86,66,156,-4
344384,17,820,16537,-20,-277,89,66,154,-5
344398,11,814,16534,-18,-280,83,64,154,-3
344413,11,814,16545,-23,-278,83,66,151,-2
344427,24,818,16541,-16,-279,83,66,155,-3
344442,16,827,16534,-15,-280,83,63,153,-5
344456,21,829,16535,-14,-280,86,64,152,-2
344471,23,813,16542,-19,-275,85,63,153,-7
344485,12,818,16542,-15,-275,86,63,153,-6
344500,10,814,16538,-18,-282,80,66,151,-5
344514,16,818,16545,-16,-279,83,66,152,-5
344529,24,827,16535,-13,-278,80,63,155,-3
344543,23,831,16549,-16,-276,88,60,155,-5
344558,16,825,16537,-21,-275,87,61,153,-3
344572,21,830,16541,-20,-281,92,65,153,-7
344587,18,821,16532,-20,-278,90,66,153,-5
344601,15,819,16556,-20,-281,86,63,151,-3
344616,13,818,16541,-20,-278,87,66,150,-6
344630,18,827,16539,-27,-278,87,65,149,-4
344645,15,822,16539,-23,-277,92,64,150,-4
344659,31,821,16535,-16,-283,87,64,152,-7
344674,20,821,16540,-14,-274,85,60,152,-4
344688,19,823,16542,-14,-278,87,62,151,-6
344703,26,822,16539,-18,-279,84,66,153,-7
344717,8,819,16542,-21,-274,81,69,151,-4
344731,12,819,16543,-20,-283,86,64,151,-8
344745,19,830,16547,-20,-279,87,67,149,-6
344759,19,823,16541,-21,-275,89,67,154,-3
344773,29,832,16545,-22,-283,89,65,154,-4
344787,25,826,16538,-20,-278,90,61,153,-5
344801,22,825,16528,-19,-276,84,62,151,-4
344815,17,819,16528,-13,-279,85,64,153,-5
344829,24,820,16546,-20,-281,84,66,150,-3
344843,15,821,16543,-14,-275,85,64,148,-3
344857,20,829,16539,-19,-281,84,65,152,-6
344871,20,825,16539,-18,-280,89,63,153,-6
344885,23,817,16535,-19,-281,89,64,155,-4
344899,22,815,16538,-15,-282,87,63,150,-7
344913,23,816,16540,-19,-277,87,60,152,-4
344927,28,817,16535,-17,-280,89,62,151,-3
344941,13,819,16539,-12,-278,88,65,151,-4
344955,16,821,16536,-13,-280,81,63,151,-5
344969,18,828,16541,-18,-282,83,64,152,-5
344983,7,830,16534,-22,-281,86,63,152,-8
344997,14,825,16539,-12,-277,88,60,153,-7
345011,16,824,16542,-18,-283,87,61,151,-8
345026,17,817,16539,-21,-286,83,63,153,-6
345040,-1,820,16533,-19,-279,87,64,149,-1
345054,6,826,16542,-18,-281,88,65,150,-3
345068,15,826,16545,-18,-282,88,63,155,-7
345082,9,825,16539,-19,-273,87,64,153,-5
345096,15,821,16538,-17,-280,86,65,155,-8
345110,13,825,16536,-19,-277,83,63,152,-9
345125,13,825,16537,-21,-275,83,63,151,-8
345139,18,823,16546,-14,-281,87,63,155,-5
345153,22,822,16538,-17,-279,81,64,154,-4
345167,22,821,16532,-19,-274,85,63,151,-3
345182,21,821,16539,-16,-280,91,65,149,-3
345196,21,820,16545,-15,-282,82,67,153,-5
345211,15,817,16541,-17,-279,89,62,152,-4
345225,21,817,16541,-17,-285,83,62,149,-3
345239,27,816,16538,-16,-280,87,62,152,-6
345253,18,822,16534,-15,-276,85,62,154,-5
345268,15,821,16540,-13,-279,83,61,149,-8
345282,24,825,16538,-16,-275,89,61,148,-6
345297,6,826,16550,-20,-277,86,63,150,-6
345311,23,823,16540,-15,-279,87,65,150,-3
345325,18,823,16541,-17,-277,85,66,156,-8
345339,22,827,16539,-22,-277,88,67,152,-7
345353,23,817,16542,-15,-278,80,66,153,-5
345367,16,816,16546,-17,-278,87,65,156,2
345381,17,821,16547,-18,-283,88,65,155,-3
345396,24,824,16549,-19,-276,88,65,154,-5
345410,16,821,16547,-21,-279,86,63,152,-5
345425,9,826,16540,-16,-283,84,64,156,-6
345439,10,826,16547,-18,-279,85,64,154,-4
345453,17,825,16551,-14,-280,85,64,153,-6
345467,18,825,16541,-10,-282,83,64,150,-10
345481,17,825,16538,-18,-278,91,68,152,-6
345495,16,828,16535,-16,-276,87,64,154,-3
345510,19,825,16548,-16,-279,86,64,149,-3
345524,15,822,16557,-15,-275,83,64,149,-4
345539,11,820,16544,-18,-279,87,65,153,-6
345553,15,822,16552,-24,-275,87,65,150,-3
345568,22,819,16545,-18,-281,86,67,150,-8
345582,20,814,16547,-22,-284,83,64,152,-6
345597,19,827,16554,-19,-279,86,65,151,-4
345611,32,826,16524,-16,-279,87,64,152,-4
345626,22,819,16540,-18,-277,83,66,151,-7
345640,19,823,16539,-20,-285,90,60,151,-5
345655,20,822,16546,-17,-279,88,62,152,-5
345669,22,827,16549,-20,-275,86,64,151,-8
345684,19,834,16547,-20,-276,88,63,152,-4
345698,15,827,16544,-16,-279,88,63,150,-2
345713,14,820,16544,-20,-272,84,62,150,-6
345727,11,820,16543,-18,-279,84,66,153,-4
345742,11,823,16553,-18,-282,85,67,153,-3
345756,21,816,16542,-18,-280,82,66,155,-4
345771,16,821,16536,-15,-281,81,64,156,-3
345785,17,825,16537,-15,-277,86,66,153,-2
345800,24,834,16541,-16,-277,85,66,154,-5
345814,26,831,16541,-11,-278,87,67,151,-4
345829,24,827,16537,-16,-283,89,65,148,-7
345843,21,823,16540,-14,-282,88,59,152,-3
345858,29,818,16533,-18,-282,83,60,149,-4
345872,24,819,16536,-15,-281,84,61,150,-5
345887,16,824,16535,-16,-278,87,67,151,-2
345901,24,820,16536,-20,-278,85,64,150,-2
345916,21,825,16544,-23,-277,87,65,150,-7
345930,25,817,16546,-16,-279,90,66,151,-9
345944,19,832,16539,-18,-284,91,62,152,-4
345958,22,824,16548,-14,-278,85,61,150,-5
345973,22,811,16532,-25,-274,87,64,151,-4
345987,22,818,16539,-19,-282,84,64,147,-5
346001,22,827,16529,-17,-277,83,66,146,-5
346015,22,815,16530,-16,-282,81,65,151,-6
346029,20,823,16539,-13,-281,81,65,153,-6
346043,24,818,16544,-16,-278,88,66,151,-2
346057,15,823,16539,-19,-280,85,64,152,-5
346071,21,821,16544,-24,-280,89,64,152,-6
346085,21,827,16552,-19,-280,86,61,152,-2
346099,14,824,16542,-20,-281,86,63,153,-4
346113,19,820,16549,-12,-277,87,61,152,-8
346127,11,813,16549,-11,-275,83,64,150,-5
346141,23,818,16544,-22,-282,89,66,153,-3
346155,18,822,16550,-15,-275,87,66,153,-6
346169,20,827,16539,-18,-273,90,66,153,-4
346183,22,826,16541,-22,-282,89,60,153,-6
346197,30,831,16540,-14,-280,81,62,152,-2
346211,25,824,16546,-13,-279,88,64,153,-8
346225,14,828,16538,-21,-278,87,64,153,-10
346239,8,831,16534,-17,-279,86,63,153,-8
346253,21,822,16541,-25,-277,86,64,153,-7
346267,22,825,16535,-17,-277,86,66,153,-6
346281,27,824,16541,-18,-275,86,65,151,-3
346295,33,818,16543,-23,-281,90,64,151,-3
346309,26,817,16545,-18,-277,83,64,151,-4
346323,24,819,16553,-19,-279,89,65,156,-7
346337,28,823,16547,-15,-279,84,65,158,-5
346351,12,819,16551,-15,-277,81,62,155,-4
346365,17,819,16546,-16,-274,83,61,155,-3
346379,20,818,16537,-20,-279,85,65,150,-4
346393,22,819,16531,-16,-279,93,63,149,-10
346407,18,821,16545,-20,-281,91,63,151,-5
346421,15,822,16536,-13,-278,90,62,151,-9
346435,26,819,16535,-19,-280,87,66,154,-6
346449,23,825,16538,-19,-275,88,65,156,-6
346463,19,818,16539,-17,-280,88,65,153,-5
346477,20,816,16540,-11,-278,89,64,153,-4
346491,27,824,16544,-25,-273,86,65,155,-10
346505,36,821,16543,-17,-275,91,65,153,-8
346519,16,825,16544,-17,-279,88,63,156,-6
346533,23,830,16545,-15,-279,88,65,152,-7
346547,25,828,16535,-22,-280,89,66,151,-5
346561,26,828,16540,-17,-281,93,65,150,-6
346575,18,820,16548,-17,-279,83,64,150,-4
346589,22,821,16534,-20,-279,81,63,153,-5
346603,24,826,16531,-16,-279,89,60,151,-3
346617,15,825,16528,-15,-284,86,63,153,-2
346631,26,824,16533,-17,-279,83,65,149,-3
346645,15,821,16539,-19,-278,86,66,154,-3
346659,16,822,16540,-19,-278,88,67,156,-4
346673,14,818,16539,-15,-284,80,66,153,-6
346687,21,824,16547,-16,-275,89,67,149,-7
346701,30,829,16543,-17,-275,85,61,152,-4
346715,12,826,16541,-16,-279,85,60,153,-4
346729,17,822,16534,-14,-280,85,65,151,-5
346743,15,823,16546,-18,-280,86,64,151,-3
346757,25,827,16542,-18,-277,86,64,150,-4
346771,26,825,16540,-14,-277,84,66,153,-6
346785,25,822,16534,-18,-277,83,64,154,-9
346799,18,828,16544,-18,-279,85,67,151,-1
346813,14,826,16540,-20,-281,84,64,154,1
346828,23,823,16543,-12,-277,84,59,153,-2
346842,28,827,16536,-11,-277,85,63,153,-3
346856,24,818,16540,-20,-280,87,63,155,-5
346870,14,824,16548,-17,-278,87,63,151,-7
346884,18,828,16537,-20,-279,89,66,150,-8
346898,24,817,16529,-15,-280,87,62,149,-10
346912,19,825,16542,-16,-279,89,62,148,-7
346926,21,827,16538,-21,-279,86,64,152,-7
346940,12,833,16535,-14,-276,83,65,152,-8
346954,22,819,16534,-17,-272,84,63,153,-4
346968,20,820,16539,-18,-277,87,67,145,-6
346982,11,833,16529,-14,-282,89,63,148,-8
346996,10,833,16527,-14,-279,88,65,153,-5
347010,29,829,16544,-20,-281,87,66,155,-5
347024,24,826,16545,-19,-284,88,63,151,-6
347038,25,821,16537,-18,-276,83,64,151,-5
347052,23,828,16538,-13,-277,88,63,149,-6
347066,26,830,16531,-20,-274,89,64,153,-4
347080,26,827,16535,-15,-278,85,64,151,-8
347094,19,825,16538,-20,-279,87,66,152,-4
347108,26,824,16532,-24,-278,82,63,150,-9
347122,19,826,16543,-15,-277,86,62,152,-11
347136,10,828,16547,-20,-273,89,63,155,-9
347150,27,818,16538,-18,-278,82,62,152,-4
347164,33,820,16548,-17,-280,85,60,153,-4
347178,20,824,16547,-18,-278,88,62,150,-7
347192,17,819,16549,-25,-280,85,64,152,-6
347206,31,827,16543,-16,-285,82,66,155,-6
347220,30,821,16532,-11,-276,83,63,153,-5
347234,23,818,16539,-23,-272,87,62,150,-6
347248,23,822,16545,-18,-281,87,65,148,-4
347262,23,823,16542,-21,-278,87,66,148,-4
347276,21,825,16547,-19,-278,85,64,154,-5
347290,12,821,16562,-16,-281,86,65,151,-3
347304,14,821,16561,-15,-274,85,63,153,-1
347318,17,819,16538,-21,-279,87,65,150,-5
347332,25,821,16538,-20,-279,86,62,148,-4
347346,16,829,16543,-18,-280,85,61,149,-6
347360,11,820,16556,-18,-280,83,62,150,-3
347374,13,819,16561,-19,-283,86,64,152,-3
347388,21,830,16533,-14,-277,85,60,151,-3
347402,28,827,16537,-18,-276,85,64,154,-3
347416,12,822,16540,-20,-281,86,62,150,-6
347430,9,821,16546,-17,-278,83,65,150,-5
347444,22,819,16540,-18,-280,86,63,149,-4
347458,18,823,16532,-14,-277,83,65,147,-6
347472,16,818,16542,-18,-279,86,66,150,-5
347486,16,816,16540,-17,-282,84,67,151,-3
347500,16,817,16541,-16,-275,85,64,151,-7
347514,15,823,16547,-16,-279,82,64,152,-6
347528,21,819,16543,-16,-276,86,66,150,-3
347542,12,824,16549,-16,-276,84,66,153,-4
347556,15,831,16544,-22,-275,84,64,150,-7
347570,18,828,16542,-18,-279,85,62,152,-9
347584,25,826,16545,-17,-280,84,62,152,-4
347598,9,827,16545,-23,-284,92,66,152,-2
347612,15,819,16549,-8,-278,85,64,151,-3
347626,18,826,16549,-16,-277,86,63,151,-3
347640,28,824,16541,-11,-281,84,60,152,-2
347654,20,833,16543,-17,-278,84,60,156,-4
347668,14,820,16534,-16,-274,85,63,155,-8
347682,18,819,16542,-14,-277,84,64,154,-6
347696,29,825,16527,-15,-280,80,63,152,-5
347710,26,830,16530,-12,-277,86,64,153,-3
347724,20,817,16539,-17,-283,87,64,152,-5
347738,11,818,16536,-19,-279,85,63,149,-5
347752,14,828,16534,-15,-277,82,64,150,-2
347766,15,823,16543,-14,-276,83,62,150,-3
347780,24,818,16543,-20,-277,84,63,151,-7
347794,15,819,16543,-21,-279,87,63,155,-6
347808,9,823,16541,-22,-280,86,62,152,-3
347822,18,821,16539,-25,-280,82,64,153,-3
347836,22,826,16537,-14,-279,81,65,153,-3
347850,30,816,16548,-17,-275,90,65,152,-2
347864,26,822,16541,-19,-279,88,64,156,-9
347878,8,819,16546,-19,-279,84,64,151,-5
347892,12,822,16543,-21,-278,82,66,150,-5
347906,24,820,16543,-17,-276,81,64,152,-6
347920,19,823,16536,-17,-279,85,64,152,-5
347934,20,820,16544,-16,-276,78,62,148,-8
347948,18,820,16540,-15,-282,87,61,149,-3
347962,28,829,16552,-16,-275,84,67,151,-4
347976,20,823,16548,-17,-277,78,63,152,-6
347990,30,820,16540,-15,-275,87,66,152,-6
348004,21,823,16530,-13,-275,87,62,151,-4
348018,12,820,16548,-16,-281,85,63,151,-4
348032,10,816,16543,-19,-280,88,63,151,-5
348046,10,818,16539,-15,-281,88,62,153,-6
348060,13,827,16540,-9,-277,87,63,151,-6
348074,11,821,16552,-18,-285,84,65,151,-4
348088,17,824,16542,-18,-281,88,63,154,-5
348102,21,827,16545,-14,-279,84,63,154,-6
348116,11,825,16543,-19,-275,84,65,155,-5
348130,15,824,16537,-17,-276,90,64,150,-6
348144,13,825,16541,-19,-280,84,65,152,-4
348158,6,825,16541,-19,-279,88,67,151,-6
348172,20,825,16541,-20,-280,89,66,153,-1
348186,14,826,16540,-18,-278,84,67,154,-2
348200,12,823,16532,-16,-279,82,64,153,-4
348214,15,826,16540,-17,-276,90,63,156,-3
348228,23,824,16544,-19,-281,84,61,154,-7
348242,22,818,16542,-12,-280,87,63,150,-6
348256,29,823,16546,-13,-276,81,61,148,-5
348270,21,827,16552,-19,-280,87,62,153,-3
348284,24,812,16552,-18,-280,88,59,152,-7
348298,22,824,16544,-23,-274,88,63,153,-6
348312,21,824,16547,-20,-273,88,65,153,-7
348326,20,823,16551,-17,-281,89,64,152,-3
348340,22,829,16545,-19,-282,88,65,152,-4
348354,16,822,16546,-18,-276,84,63,153,-4
348368,16,821,16539,-18,-279,82,66,153,-3
348382,15,833,16532,-23,-279,85,65,152,-6
348396,24,822,16543,-18,-279,87,64,151,-8
348410,28,814,16542,-13,-279,87,66,153,-4
348424,22,819,16531,-16,-283,89,62,152,-4
348438,23,830,16543,-14,-276,86,62,152,-7
348452,20,822,16550,-23,-277,82,64,148,-4
348466,28,832,16544,-21,-278,83,65,152,-4
348480,23,830,16549,-13,-278,84,65,152,-5
348494,21,833,16546,-18,-275,87,63,152,-4
348508,10,825,16556,-18,-280,85,63,152,-4
348522,10,824,16552,-18,-281,82,63,154,-5
348536,11,822,16540,-16,-279,87,64,154,-5
348550,14,825,16542,-16,-279,84,64,150,-6
348564,17,821,16536,-22,-279,84,62,149,-3
348578,24,830,16537,-21,-283,87,62,151,-4
348592,26,828,16542,-17,-279,85,60,151,-4
348606,22,823,16541,-21,-278,94,64,152,-5
348620,17,831,16541,-15,-281,89,66,152,-5
348634,26,822,16534,-12,-280,89,62,150,-4
348648,20,816,16539,-16,-275,83,64,154,-7
348662,18,826,16545,-19,-282,88,63,152,-6
348676,23,828,16545,-14,-276,83,64,151,-4
348690,22,818,16543,-17,-274,86,64,150,-8
348704,28,825,16541,-17,-277,89,63,152,-5
348718,23,824,16547,-17,-277,85,64,152,-5
348732,19,820,16541,-17,-277,86,64,151,-4
348746,19,825,16539,-18,-281,82,65,154,-2
348760,33,815,16541,-19,-272,86,63,154,-6
348774,14,817,16540,-15,-280,87,61,154,-5
348788,20,822,16550,-16,-275,83,62,154,-8
348802,12,819,16546,-15,-275,84,62,154,-6
348816,19,825,16544,-15,-283,88,61,155,-3
348830,19,821,16544,-14,-276,86,65,152,-6
348844,13,822,16545,-14,-280,88,66,155,-7
348858,13,821,16551,-18,-287,88,65,154,-8
348872,19,821,16538,-22,-277,89,65,153,-8
348886,17,826,16545,-22,-278,87,63,153,-8
348900,11,826,16549,-22,-279,87,69,154,2
348914,11,819,16547,-14,-276,86,67,152,-4
348928,4,814,16544,-20,-280,85,63,153,-8
348942,30,820,16539,-22,-281,88,66,149,-6
348956,27,825,16533,-18,-279,85,64,154,-7
348970,20,836,16544,-17,-277,86,64,149,-6
348984,23,834,16533,-16,-278,83,66,151,-10
348998,20,822,16549,-18,-277,85,66,152,-1
349012,16,827,16549,-16,-281,82,63,152,-6
349026,8,819,16542,-19,-283,89,61,154,-8
349040,11,818,16533,-21,-271,89,63,151,-10
349054,12,820,16547,-15,-279,87,66,151,-5
349068,17,826,16545,-19,-280,86,64,152,-7
349082,10,825,16544,-15,-280,83,64,150,-6
349096,15,830,16555,-14,-277,82,70,151,-5
349110,15,823,16534,-17,-279,89,66,150,-8
349124,25,833,16535,-21,-276,88,68,151,-7
349138,25,828,16554,-17,-281,88,68,151,-11
349152,14,823,16547,-14,-279,84,63,154,-6
349166,25,820,16542,-17,-281,85,62,151,-5
349180,28,821,16542,-19,-279,83,61,151,-4
349194,21,824,16542,-15,-276,84,63,151,-6
349208,22,826,16542,-19,-279,85,64,150,-4
349222,19,825,16541,-20,-282,82,62,152,-5
349236,21,826,16545,-18,-280,86,63,154,-5
349250,20,823,16539,-18,-280,85,65,151,-3
349264,21,830,16536,-18,-281,83,65,151,-5
349278,26,826,16537,-18,-280,80,65,150,-7
349292,16,818,16537,-17,-282,85,67,154,-8
349306,13,822,16542,-11,-278,89,64,155,-4
349320,30,819,16536,-18,-279,87,65,155,-6
349334,16,811,16541,-17,-275,87,64,152,-7
349348,25,825,16555,-21,-279,86,61,154,-3
349362,28,820,16545,-25,-283,87,60,151,-1
349376,27,823,16541,-16,-276,90,58,153,-3
349390,22,821,16545,-16,-275,88,64,151,-5
349404,17,818,16530,-19,-277,92,62,152,-6
349418,16,818,16546,-17,-279,84,65,153,-7
349432,11,821,16546,-22,-281,90,62,151,-4
349446,11,816,16545,-22,-277,88,66,154,-6
349460,22,828,16546,-18,-280,85,67,155,-5
349474,21,828,16549,-15,-274,87,66,154,-3
349488,17,829,16552,-16,-276,87,61,151,-4
349502,21,831,16552,-20,-273,86,63,151,-3
349516,23,821,16526,-14,-279,82,68,155,-6
349530,17,830,16541,-15,-282,85,66,155,-2
349544,21,829,16544,-22,-281,87,62,154,-4
349558,16,829,16548,-19,-279,91,64,151,-2
349572,16,830,16544,-18,-282,85,64,151,-5
349586,11,826,16544,-21,-278,91,62,151,-5
349600,19,822,16550,-16,-281,87,64,151,-3
349614,21,825,16544,-14,-282,90,67,151,-5
349628,14,822,16548,-15,-281,87,64,148,-4
349642,12,819,16529,-21,-286,88,66,148,-6
349656,18,819,16536,-19,-280,86,63,153,-5
349670,23,823,16546,-15,-275,82,61,153,-2
349684,25,833,16541,-19,-283,88,64,153,-4
349698,17,831,16540,-17,-276,86,64,154,-8
349712,9,823,16543,-19,-281,84,65,152,-8
349726,24,823,16539,-18,-279,85,60,152,-3
349740,19,821,16538,-20,-278,87,60,156,-2
349754,24,823,16545,-17,-279,87,64,154,-5
349768,22,821,16547,-17,-283,86,67,150,-6
349782,15,823,16543,-17,-276,84,66,154,-6
349796,28,831,16556,-15,-279,90,63,151,-2
349810,29,830,16542,-16,-281,85,62,151,-5
349824,24,825,16539,-15,-279,83,62,153,-1
349838,22,820,16550,-19,-280,86,63,151,-3
349852,29,818,16547,-17,-276,89,63,146,-6
349866,25,820,16535,-16,-281,86,62,149,-5
349880,18,823,16542,-18,-278,84,64,148,-4
349894,25,821,16531,-17,-277,86,63,151,-7
349908,28,825,16546,-19,-278,87,64,153,-5
349922,23,822,16541,-21,-278,83,65,153,-1
349936,18,819,16539,-23,-278,89,65,153,-4
349950,25,821,16546,-25,-275,89,62,152,-5
349964,25,829,16536,-19,-280,88,65,153,-3
349978,23,824,16543,-14,-278,90,63,152,-4
349992,26,836,16542,-14,-282,86,63,154,-6
350006,29,829,16555,-21,-281,88,69,151,-4
350020,12,830,16546,-21,-279,88,66,151,-4
350034,17,826,16545,-15,-278,84,63,151,-5
350048,25,821,16537,-22,-278,84,62,151,-5
350062,30,824,16543,-20,-279,85,64,155,-3
350076,24,824,16546,-18,-278,84,64,153,-6
350090,16,830,16542,-15,-282,88,65,151,-5
350104,10,828,16535,-14,-279,76,63,152,-2
350118,13,836,16534,-16,-276,83,63,151,-3
350132,15,820,16541,-17,-274,88,65,155,-9
350146,13,812,16534,-16,-277,85,65,152,-12
350160,16,826,16535,-16,-276,85,64,149,-12
350174,17,828,16541,-17,-277,82,64,153,-3
350188,8,825,16532,-14,-282,84,65,151,-3
350202,19,824,16534,-18,-280,88,66,151,-5
350216,25,823,16545,-14,-277,81,62,155,-7
350230,18,824,16548,-13,-279,93,62,155,-4
350244,25,821,16536,-18,-277,87,62,152,-7
350258,30,819,16535,-16,-279,88,62,154,-4
350272,24,816,16536,-22,-276,86,66,154,-7
350286,27,817,16543,-16,-278,82,68,153,-8
350300,26,832,16552,-15,-284,87,65,151,-8
350314,23,833,16543,-19,-287,92,59,153,-6
350328,15,830,16537,-18,-274,87,62,151,-4
350342,18,821,16539,-21,-279,84,64,152,-5
350356,17,821,16549,-17,-280,83,62,155,-7
350370,23,824,16557,-15,-280,86,63,153,-6
350384,24,817,16540,-19,-277,84,62,149,-6
350398,27,817,16542,-20,-280,83,60,149,-6
350412,17,821,16542,-21,-274,85,65,154,-6
350426,14,825,16550,-22,-282,89,66,152,-2
350440,18,828,16544,-10,-277,86,63,153,-5
350454,19,819,16542,-15,-275,80,64,148,-11
350468,12,831,16544,-18,-278,88,64,154,-11
350482,25,821,16548,-19,-275,85,65,154,-4
350496,19,816,16534,-12,-277,81,65,152,-3
350510,23,827,16539,-14,-281,87,65,148,-6
350524,13,830,16539,-12,-276,86,63,151,-4
350538,23,817,16545,-13,-275,81,62,152,-7
350552,22,814,16535,-12,-275,82,65,151,-6
350566,10,824,16548,-14,-272,87,64,153,-4
350580,19,821,16546,-19,-275,83,63,154,-3
350594,16,822,16541,-17,-278,85,65,152,-5
350608,15,824,16533,-20,-271,82,64,150,-6
350622,14,818,16534,-23,-279,87,67,151,-8
350636,10,821,16528,-19,-281,91,68,151,-8
350650,25,823,16533,-12,-281,85,65,153,-3
350664,28,824,16534,-14,-279,84,66,151,-5
350678,19,831,16538,-22,-275,86,65,150,-4
350692,21,830,16546,-19,-280,81,63,154,-3
350706,15,821,16535,-15,-277,82,65,155,-4
350720,18,822,16535,-17,-276,82,65,152,-5
350734,16,828,16533,-14,-278,83,65,147,-2
350748,21,822,16534,-22,-283,85,65,147,-5
350762,20,827,16546,-12,-278,83,64,149,-5
350776,20,824,16536,-18,-280,81,64,151,-5
350790,28,826,16537,-17,-278,87,63,155,-7
350804,26,829,16543,-18,-277,83,63,152,-6
350818,19,819,16548,-22,-282,84,64,151,-4
350832,23,819,16545,-21,-275,86,65,156,-3
350846,18,817,16537,-16,-273,86,63,153,-5
350860,21,811,16544,-15,-279,85,64,155,-7
350874,27,816,16547,-20,-276,84,65,151,-5
350888,21,821,16535,-22,-279,81,65,150,-3
350902,20,828,16530,-20,-283,85,60,154,-3
350916,21,822,16536,-18,-278,82,63,152,-3
350930,23,827,16535,-17,-275,87,65,151,-5
350944,29,824,16547,-19,-277,85,67,152,-5
350958,27,817,16540,-17,-279,87,65,155,-6
350972,18,822,16538,-19,-277,85,60,151,-3
350986,11,822,16544,-18,-280,86,60,152,-5
351000,19,820,16537,-19,-275,89,63,153,-5
351014,28,824,16543,-21,-282,86,65,152,-9
351028,21,825,16549,-21,-285,86,63,153,-3
351042,31,831,16543,-20,-282,86,63,153,-8
351056,17,823,16546,-23,-283,84,66,152,-8
351070,26,827,16550,-18,-281,81,69,151,1
351084,31,826,16540,-14,-277,87,68,156,-1
351098,26,828,16543,-16,-280,90,67,151,-9
351112,17,821,16542,-12,-283,84,66,152,-7
351126,17,824,16544,-15,-281,82,69,150,-5
351140,18,830,16552,-21,-281,85,61,155,-7
351154,21,829,16549,-12,-274,86,64,153,-5
351168,27,822,16532,-12,-275,86,66,152,-5
351182,22,819,16532,-16,-276,87,69,153,-7
351196,9,822,16547,-14,-280,88,68,152,-5
351210,17,818,16542,-20,-280,85,62,155,-8
351224,14,821,16537,-16,-279,89,65,150,-6
351238,23,825,16535,-16,-275,85,64,151,-6
351252,16,821,16539,-19,-279,87,62,151,-7
351266,21,824,16540,-18,-275,84,63,153,-5
351280,20,816,16549,-21,-278,83,65,152,-6
351294,23,815,16550,-20,-278,89,63,154,-8
351308,19,818,16540,-15,-276,85,66,153,-3
351322,21,822,16537,-16,-277,85,68,157,-4
351336,25,817,16564,-19,-279,86,65,156,-5
351350,10,820,16563,-20,-280,79,63,150,-5
351364,14,822,16547,-17,-279,88,63,151,-4
351378,17,823,16549,-16,-278,87,67,157,-6
351392,20,816,16542,-17,-282,91,69,155,-4
351406,26,825,16550,-19,-280,90,67,154,-7
351420,16,824,16544,-20,-278,88,64,152,-7
351434,17,828,16541,-22,-277,87,63,153,-5
351448,19,830,16534,-19,-276,86,62,155,-6
351462,21,824,16549,-18,-274,81,63,155,-5
351476,19,830,16555,-13,-277,87,66,153,-5
351490,20,817,16537,-19,-278,86,63,155,-5
351504,9,809,16542,-17,-276,84,61,152,-5
351518,10,828,16536,-20,-276,90,67,153,-6
351532,9,828,16541,-13,-278,86,67,150,-4
351546,20,829,16550,-21,-278,85,62,157,-5
351560,21,827,16529,-24,-276,85,61,154,-5
351574,24,836,16539,-19,-278,84,63,153,-3
351588,23,825,16538,-18,-278,83,64,151,-9
351602,18,821,16522,-18,-280,88,64,154,-6
351616,12,823,16528,-17,-274,89,65,151,-4
351630,22,831,16544,-22,-277,90,63,150,-4
351644,13,830,16532,-12,-278,88,63,154,-5
351658,8,827,16531,-24,-281,88,66,153,-5
351672,15,828,16538,-22,-281,92,63,154,-6
351686,14,826,16535,-17,-278,86,65,153,-5
351700,18,825,16542,-15,-275,87,66,154,-5
351714,26,830,16536,-19,-282,89,67,152,-8
351728,16,830,16531,-12,-285,93,64,150,-4
351742,13,822,16541,-17,-277,89,65,153,-5
351756,15,829,16541,-21,-280,85,65,150,-2
351770,17,827,16538,-19,-279,84,64,153,-3
351784,10,822,16536,-19,-270,84,65,155,-4
351798,11,825,16539,-19,-276,84,63,149,-2
351812,23,823,16540,-18,-277,88,63,152,-5
351826,23,820,16546,-18,-279,85,68,154,-3
351840,22,825,16537,-19,-281,92,66,152,-3
351854,22,828,16528,-15,-284,87,64,152,-2
351868,20,826,16547,-22,-280,87,62,152,-3
351882,24,826,16544,-17,-281,88,63,151,-6
351896,15,821,16543,-18,-278,84,63,149,-3
351910,12,818,16541,-17,-279,87,66,150,-4
351924,19,820,16537,-20,-282,83,64,150,-5
351938,25,813,16542,-20,-278,89,64,152,-7
351952,19,825,16540,-16,-277,87,63,152,-4
351966,24,825,16544,-18,-278,85,65,152,-5
351980,22,823,16534,-17,-278,83,63,152,-6
351994,21,823,16537,-18,-279,87,65,150,-5
352008,22,827,16541,-21,-277,90,62,153,-4
352022,19,823,16543,-24,-279,87,64,156,-3
352036,13,825,16545,-23,-282,87,63,155,-7
352050,22,821,16543,-14,-280,86,61,155,-6
352064,20,822,16536,-17,-278,85,67,151,-2
352078,19,818,16545,-13,-278,87,65,152,-4
352092,9,820,16546,-14,-276,83,61,151,-4
352106,13,822,16543,-19,-278,84,65,153,-2
352120,12,819,16539,-16,-279,87,67,152,-1
352134,9,815,16542,-16,-280,84,64,152,-5
352148,8,822,16546,-19,-276,83,64,151,-4
352162,20,829,16546,-12,-280,79,67,153,-6
352176,20,816,16545,-12,-279,85,67,153,-4
352190,24,816,16546,-19,-279,86,65,153,1
352204,25,821,16544,-17,-283,86,67,152,-3
352218,23,819,16539,-15,-281,83,66,151,-3
352232,18,816,16533,-13,-282,82,64,151,-4
352246,17,827,16538,-22,-278,85,65,154,-6
352260,24,824,16542,-19,-282,85,65,152,-3
352274,14,828,16534,-13,-279,85,67,151,-6
352288,11,821,16536,-18,-281,82,66,150,-5
352302,16,820,16547,-15,-277,88,65,151,-7
352316,16,825,16536,-17,-275,89,63,152,-4
352330,21,817,16544,-21,-279,86,61,151,-5
352344,26,822,16542,-20,-281,88,63,151,-5
352358,19,825,16544,-13,-280,86,60,153,-6
352372,28,829,16546,-19,-279,86,61,154,-3
352386,22,822,16537,-17,-277,89,62,152,-4
352400,18,829,16543,-21,-276,86,64,153,-6
352414,23,818,16534,-22,-277,88,65,150,-4
352428,16,832,16538,-19,-281,85,64,152,-6
352442,14,822,16544,-19,-280,86,66,155,-6
352456,16,823,16553,-22,-282,87,62,152,-7
352470,19,824,16526,-19,-276,86,64,151,-4
352484,18,827,16537,-20,-271,87,64,155,-5
352498,23,823,16535,-22,-278,89,66,152,-4
352512,16,822,16543,-15,-280,88,61,154,-4
352526,29,822,16547,-21,-280,93,65,155,-4
352540,23,819,16552,-15,-279,91,67,157,-7
352554,13,831,16541,-20,-282,87,67,151,-6
352568,15,820,16547,-17,-277,81,67,153,-5
352582,9,818,16532,-15,-278,92,63,151,-5
352596,15,825,16538,-19,-278,85,63,151,-5
352610,25,814,16533,-15,-278,83,66,151,-7
352624,24,818,16541,-18,-276,83,65,153,-5
352638,15,828,16542,-16,-280,87,67,151,-3
352652,25,808,16542,-19,-275,85,68,151,-6
352666,19,811,16541,-23,-278,84,64,149,-5
352680,23,819,16547,-24,-280,88,65,152,-8
352694,29,825,16547,-19,-280,84,65,152,-8
352708,20,817,16540,-16,-279,87,61,154,-5
352722,26,820,16542,-21,-281,82,64,155,-6
352736,25,820,16553,-19,-281,89,65,152,-5
352750,21,818,16548,-18,-277,88,64,153,-1
352764,23,829,16540,-19,-277,82,66,152,-2
352778,19,832,16531,-16,-276,90,64,151,-3
352792,23,826,16555,-22,-277,86,63,152,-8
352806,15,824,16554,-20,-279,88,63,152,-5
352820,13,823,16544,-18,-275,86,66,151,-5
352834,20,822,16545,-18,-281,84,66,152,-4
352848,19,810,16539,-17,-274,90,63,154,1
352862,12,816,16536,-19,-282,88,64,155,-3
352876,18,818,16539,-18,-280,88,64,152,-6
352890,8,817,16550,-13,-280,84,65,148,-6
352904,17,820,16543,-21,-278,91,66,150,-7
352918,17,822,16552,-18,-275,87,63,154,-5
352932,10,824,16546,-16,-277,88,64,151,-2
352946,19,823,16543,-17,-276,89,60,150,1
352960,13,829,16548,-18,-276,80,61,153,-3
352974,18,824,16540,-14,-280,85,65,152,-1
352988,30,825,16559,-18,-278,88,69,150,-4
353002,31,822,16547,-14,-277,86,66,152,-2
353016,13,827,16533,-18,-275,86,69,152,-1
353030,22,830,16538,-16,-280,86,62,152,-6
353044,24,820,16540,-20,-280,89,63,149,-8
353058,23,825,16546,-21,-275,83,65,153,-9
353072,19,811,16538,-23,-282,86,61,154,-5
353086,10,813,16540,-22,-279,86,62,152,-2
353100,10,817,16547,-25,-279,81,62,152,1
353114,13,833,16547,-17,-280,82,65,152,-5
353128,30,823,16548,-19,-282,87,65,153,-2
353142,27,823,16546,-22,-283,88,64,153,-1
353156,22,825,16540,-18,-278,87,64,153,-5
353170,18,826,16553,-23,-278,85,63,155,-2
353184,22,825,16548,-18,-277,85,65,155,-5
353198,17,828,16539,-14,-274,82,63,154,-5
353212,24,830,16536,-18,-274,87,65,156,-5
353226,20,829,16544,-20,-277,85,65,153,-6
353240,21,823,16552,-16,-277,81,64,149,-6
353254,24,820,16537,-18,-282,82,65,153,-7
353268,21,824,16552,-18,-279,82,66,153,-3
353282,16,824,16548,-21,-272,85,64,154,-4
353296,11,822,16552,-17,-280,82,65,154,-4
353310,22,815,16539,-18,-283,86,64,155,-5
353324,26,821,16541,-17,-276,82,62,150,-6
353338,25,817,16544,-20,-280,84,62,153,-5
353352,19,817,16535,-17,-279,85,60,149,-2
353366,21,825,16549,-16,-279,84,62,150,-4
353380,22,823,16548,-22,-281,84,60,155,-1
353394,11,822,16541,-18,-277,86,60,155,-5
353408,17,822,16539,-18,-278,84,67,154,-2
353422,20,819,16534,-16,-281,83,66,154,-1
353436,19,825,16532,-18,-279,84,64,153,-3
353450,35,819,16543,-15,-278,82,62,153,-3
353464,29,818,16550,-14,-277,83,62,152,-4
353478,23,809,16531,-17,-277,84,61,153,-6
353492,15,819,16535,-20,-278,86,61,152,-6
353506,10,819,16533,-21,-284,83,62,154,-7
353520,17,820,16543,-21,-278,90,66,154,-7
353534,19,824,16542,-23,-279,84,63,151,-7
353548,13,830,16535,-16,-275,87,63,152,-4
353562,12,829,16540,-14,-276,85,62,151,-3
353576,19,823,16540,-15,-282,85,62,151,-6
353590,23,818,16546,-19,-280,86,66,152,-5
353604,24,825,16535,-18,-279,83,65,154,-8
353618,25,823,16531,-18,-277,84,63,155,-2
353632,13,814,16538,-20,-279,87,64,155,-2
353646,16,817,16537,-23,-278,86,61,154,-6
353660,13,823,16531,-14,-278,86,68,153,-2
353674,13,823,16536,-17,-277,80,65,151,-3
353688,22,825,16538,-17,-279,93,60,152,-2
353702,22,826,16532,-18,-279,85,65,152,-3
353716,37,819,16545,-20,-276,83,70,151,-6
353730,26,826,16536,-15,-279,88,71,154,-3
353744,17,826,16548,-21,-277,83,66,155,-3
353758,14,819,16542,-15,-278,84,61,148,-2
353772,24,825,16533,-16,-275,81,60,149,-4
353786,26,827,16533,-18,-275,82,63,150,-3
353800,20,827,16529,-19,-280,82,64,147,-4
353814,23,827,16531,-20,-278,86,64,147,-5
353828,14,828,16528,-19,-281,89,61,152,-6
353842,17,824,16543,-14,-280,87,61,149,-7
353856,17,823,16524,-23,-282,91,66,152,-6
353870,20,824,16528,-21,-277,87,66,153,-5
353884,15,820,16536,-16,-282,83,66,154,-3
353898,16,829,16541,-16,-280,87,62,153,-6
353912,23,825,16543,-20,-278,87,63,154,-6
353926,16,825,16539,-17,-281,90,65,150,-6
353940,19,828,16537,-11,-283,84,64,151,-4
353954,24,823,16534,-14,-282,86,66,156,-6
353968,17,822,16530,-19,-278,88,63,152,-6
353982,25,820,16540,-16,-279,84,63,151,-3
353996,32,826,16532,-18,-281,82,62,155,-6
354010,23,824,16533,-18,-277,86,61,153,-6
354024,20,831,16541,-15,-283,86,65,154,-1
354038,26,827,16539,-16,-275,90,64,153,-5
354052,20,827,16542,-17,-282,82,64,151,-4
354066,19,816,16538,-22,-282,87,64,150,-2
354080,12,815,16534,-16,-277,89,65,149,-1
354094,24,827,16543,-17,-281,83,65,152,-9
354108,20,822,16533,-15,-278,82,65,150,-6
354122,17,819,16539,-19,-279,82,64,152,-4
354136,23,823,16539,-18,-277,82,61,154,-5
354150,18,826,16541,-15,-280,83,60,151,-7
354164,12,826,16538,-17,-275,87,65,153,2
354178,22,826,16533,-19,-277,86,66,155,2
354192,12,826,16540,-16,-275,85,64,153,-1
354206,11,835,16534,-21,-282,89,65,151,-9
354220,15,835,16539,-23,-282,90,67,152,-7
354234,14,831,16539,-15,-278,84,68,154,-5
354248,19,835,16542,-19,-278,82,67,152,-5
354262,16,817,16538,-20,-280,86,60,151,-6
354276,20,821,16538,-15,-279,85,64,148,-3
354290,20,818,16529,-19,-283,87,64,150,2
354304,27,815,16532,-18,-277,87,63,152,-4
354318,26,826,16534,-19,-281,83,63,149,-2
354332,26,822,16536,-10,-280,82,66,150,2
354346,15,823,16544,-24,-274,87,61,149,-4
354360,17,822,16540,-15,-278,80,63,150,-2
354374,19,820,16539,-16,-278,92,66,152,-4
354388,10,811,16542,-21,-282,87,65,151,-6
354402,14,829,16537,-11,-282,87,62,150,-7
354416,17,827,16544,-15,-278,85,64,149,-7
354430,15,822,16544,-19,-278,88,66,153,-7
354444,15,834,16543,-17,-281,85,65,150,-1
354458,10,829,16535,-18,-283,80,61,151,-5
354472,18,823,16530,-17,-276,86,62,153,-4
354486,25,822,16531,-14,-281,87,64,152,-4
354500,14,821,16539,-20,-277,88,65,155,-4
354514,23,820,16536,-24,-280,89,65,153,-5
354528,18,832,16533,-16,-282,86,64,155,-5
354542,15,830,16534,-17,-280,86,65,149,-6
354556,21,820,16544,-21,-279,92,65,148,-8
354570,20,823,16542,-19,-278,88,63,149,-7
354584,23,827,16533,-17,-276,89,63,152,-3
354598,28,823,16542,-18,-280,86,63,153,-4
354612,13,833,16539,-15,-281,88,62,151,-9
354626,12,835,16542,-20,-279,89,62,153,-7
354640,15,825,16546,-14,-277,81,65,154,-6
354654,15,825,16555,-15,-277,85,64,153,-2
354668,27,829,16534,-20,-280,87,63,155,-5
354682,24,820,16540,-23,-275,89,65,150,-6
354696,20,821,16554,-17,-276,86,61,150,-6
354710,18,823,16545,-15,-280,84,61,151,-6
354724,16,823,16548,-16,-279,83,62,154,-10
354738,14,822,16540,-23,-278,88,64,154,-9
354752,22,824,16540,-16,-278,86,63,149,-4
354766,26,827,16537,-20,-277,89,65,150,-4
354780,23,827,16545,-20,-279,90,67,151,-3
354794,25,821,16539,-21,-278,90,65,153,-3
354808,21,825,16534,-17,-284,86,67,150,-1
354822,13,826,16538,-14,-280,90,62,153,-5
354836,18,819,16538,-19,-281,86,64,153,-5
354850,13,818,16536,-20,-277,86,63,150,-3
354864,20,822,16559,-9,-275,85,64,149,-1
354878,11,822,16555,-14,-279,88,64,149,-2
354892,15,823,16550,-17,-281,83,67,153,-4
354906,8,825,16547,-18,-280,86,63,153,-2
354920,16,828,16556,-16,-282,84,63,152,-5
354934,15,815,16533,-11,-278,86,64,150,-3
354948,15,818,16539,-23,-277,83,65,152,-4
354962,17,828,16541,-14,-278,84,64,155,-4
354976,16,824,16536,-19,-278,90,64,155,-8
354990,20,822,16539,-17,-282,86,65,155,-3
355004,20,829,16546,-18,-280,86,65,153,-3
355018,17,823,16544,-17,-278,87,66,151,-3
355032,17,830,16542,-19,-279,88,67,151,-6
355046,9,823,16550,-16,-280,82,65,152,-5
355060,14,822,16548,-15,-279,83,63,153,-6
355074,19,817,16533,-16,-278,88,62,153,-6
355088,21,822,16536,-18,-274,84,62,151,-8
355102,25,824,16534,-20,-281,84,65,150,-6
355116,26,817,16546,-17,-278,87,68,148,-8
355130,21,825,16537,-25,-278,86,62,151,-3
355144,26,821,16530,-14,-279,90,64,150,-4
355158,23,828,16540,-18,-275,84,66,149,-5
355172,16,818,16539,-20,-277,90,62,152,-5
355186,17,821,16555,-17,-276,83,63,151,-5
355200,16,821,16551,-11,-273,84,68,155,-5
355214,21,818,16548,-19,-281,87,65,153,-2
355228,27,810,16558,-15,-281,83,64,151,-5
355242,27,824,16542,-17,-277,79,65,152,-7
355256,29,825,16545,-21,-280,82,66,149,-7
355270,30,832,16553,-15,-278,83,65,153,-5
355284,19,823,16542,-18,-277,80,64,152,-7
355298,20,819,16551,-12,-279,79,62,154,-4
355312,17,819,16552,-15,-280,83,64,152,-2
355326,14,818,16548,-18,-277,81,62,154,-3
355340,19,823,16553,-18,-276,87,65,152,-5
355354,16,818,16546,-19,-282,87,65,151,-4
355368,15,818,16546,-14,-276,83,65,156,-2
355382,11,830,16544,-21,-279,87,65,155,-1
355396,13,830,16543,-23,-276,85,67,153,-3
355410,25,827,16544,-23,-279,87,63,151,-7
355424,18,827,16554,-20,-279,87,62,151,-2
355438,27,817,16545,-18,-275,83,66,152,-2
355452,19,825,16550,-17,-278,83,66,149,-4
355466,12,817,16550,-19,-279,83,68,149,-4
355480,24,827,16541,-15,-280,80,64,151,-4
355494,23,814,16538,-16,-283,88,66,150,-7
355508,19,824,16542,-23,-279,90,64,153,-3
355522,21,822,16539,-17,-277,93,64,155,-3
355536,25,823,16541,-20,-275,84,63,152,-6
355550,21,823,16543,-16,-272,80,62,152,-5
355564,22,827,16535,-18,-277,84,64,152,-6
355578,15,824,16534,-18,-284,90,62,152,-5
355592,20,829,16545,-14,-280,84,60,153,-5
355606,23,827,16537,-17,-279,85,63,158,-1
355620,20,832,16543,-13,-280,89,67,150,-4
355634,18,831,16542,-17,-278,84,62,150,-5
355648,18,814,16537,-16,-274,83,62,151,-2
355662,16,811,16550,-10,-276,79,62,153,-5
355676,27,816,16544,-18,-273,89,65,153,-10
355690,12,819,16545,-19,-283,90,65,151,-9
355704,10,824,16538,-20,-280,83,65,151,-5
355718,16,820,16549,-20,-274,90,62,152,-5
355732,16,834,16538,-15,-277,85,62,153,-7
355746,14,823,16539,-19,-281,86,64,154,-5
355760,20,816,16538,-12,-277,86,67,152,-8
355774,13,824,16543,-13,-276,89,66,152,-7
355788,16,820,16549,-19,-278,86,65,156,-7
355802,21,819,16552,-15,-275,82,64,155,-7
355816,21,824,16544,-18,-275,87,66,153,-6
355830,22,825,16534,-21,-277,90,66,154,-6
355844,24,822,16548,-16,-277,83,68,154,-5
355858,21,819,16531,-18,-279,87,62,146,-6
355872,19,821,16533,-21,-280,85,64,152,-5
355886,29,824,16537,-26,-282,86,63,153,-5
355900,28,818,16542,-24,-276,87,62,157,-7
355914,30,820,16538,-16,-275,84,63,152,-6
355928,30,817,16537,-14,-279,89,64,153,-6
355942,28,817,16534,-18,-278,82,64,150,-4
355956,25,817,16532,-13,-277,87,65,152,-3
355970,17,825,16531,-17,-283,85,61,147,-3
355984,18,833,16531,-16,-279,85,64,149,-2
355998,7,816,16547,-16,-276,86,62,152,-5
356012,14,818,16538,-17,-279,88,61,150,-7
356026,22,826,16541,-17,-278,82,63,154,-4
356040,24,828,16543,-14,-273,91,63,150,-6
356054,23,827,16533,-19,-281,89,61,151,-4
356068,13,826,16526,-23,-284,85,63,152,-5
356082,22,817,16554,-24,-283,85,64,154,-6
356096,23,813,16542,-16,-276,82,61,152,-6
356110,3,818,16538,-13,-276,82,61,149,-5
356124,6,816,16533,-16,-275,88,66,154,-3
356138,16,829,16549,-20,-279,89,66,152,-4
356152,21,825,16552,-12,-278,88,65,152,-6
356166,7,817,16535,-20,-277,87,66,150,-1
356180,24,824,16547,-17,-279,89,65,152,-3
356194,23,823,16549,-18,-281,84,63,150,-2
356208,11,829,16543,-15,-278,88,62,151,-2
356222,16,824,16546,-16,-282,86,62,153,-4
356236,17,813,16548,-21,-280,88,65,151,-3
356250,23,824,16543,-21,-278,85,62,151,-1
356264,14,829,16546,-15,-279,83,66,152,-1
356278,7,832,16549,-20,-276,91,64,153,-4
356292,25,825,16542,-18,-279,88,61,154,-4
356306,24,822,16543,-13,-279,86,68,152,-4
356320,23,826,16542,-20,-277,84,66,153,-6
356334,18,823,16544,-14,-275,80,64,155,-1
356348,16,833,16538,-15,-278,80,64,150,-7
356362,25,824,16553,-18,-282,82,64,150,-7
356376,16,827,16545,-16,-276,83,63,154,-6
356390,18,823,16541,-19,-278,82,64,150,-4
356404,21,824,16535,-21,-277,85,66,154,-4
356418,13,821,16538,-16,-279,85,65,150,-4
356432,17,822,16548,-20,-280,91,66,149,-2
356446,20,824,16549,-17,-284,89,66,152,-2
356460,21,822,16536,-11,-277,87,64,153,-4
356474,17,829,16543,-14,-279,85,65,152,-3
356488,19,827,16543,-15,-282,81,63,154,1
356502,20,829,16542,-17,-280,80,66,152,-3
356516,16,830,16546,-17,-275,78,64,150,-3
356530,19,826,16549,-15,-275,82,64,151,-3
356544,28,820,16550,-15,-277,83,60,152,2
356558,22,816,16546,-20,-280,83,64,149,-2
356572,23,826,16542,-19,-273,84,62,151,-6
356586,23,825,16544,-20,-280,86,61,149,-3
356600,19,825,16542,-20,-279,87,66,150,-2
356614,18,821,16547,-16,-276,85,65,153,-4
356628,18,821,16546,-23,-279,86,65,154,-3
356642,26,826,16544,-19,-280,85,65,154,-8
356656,16,824,16540,-15,-278,94,64,153,-7
356670,15,821,16548,-18,-277,87,63,151,-1
356684,19,828,16544,-17,-278,86,64,152,-4
356698,15,827,16547,-14,-277,86,62,155,-7
356712,25,825,16543,-18,-280,86,62,152,-4
356726,20,820,16535,-18,-279,88,65,152,-4
356740,13,815,16530,-17,-275,85,66,153,-5
356754,19,824,16543,-16,-281,80,63,153,-6
356768,17,828,16546,-16,-282,78,62,150,-5
356782,19,825,16540,-11,-281,84,67,153,-4
356796,22,824,16548,-16,-283,81,65,152,-5
356810,14,827,16546,-16,-284,83,65,152,-5
356824,15,826,16553,-18,-278,85,65,152,-3
356838,31,821,16540,-14,-281,84,65,158,-1
356852,33,829,16535,-19,-277,84,67,154,-4
356866,28,819,16544,-20,-276,95,63,154,-2
356880,31,824,16526,-17,-279,88,60,152,-4
356894,32,822,16531,-20,-282,85,64,154,-4
356908,25,822,16536,-17,-276,85,63,156,-4
356922,15,829,16545,-15,-279,82,66,152,-5
356936,18,821,16540,-13,-281,78,64,149,-3
356950,14,831,16552,-17,-280,81,64,153,-4
356964,10,818,16549,-19,-275,87,65,154,-6
356978,20,823,16529,-20,-275,84,64,157,-6
356992,19,826,16537,-21,-276,87,62,154,-2
357006,25,822,16540,-18,-279,88,62,153,-1
357020,28,820,16534,-19,-278,85,68,153,-6
357034,28,826,16547,-20,-285,85,68,150,-8
357048,17,827,16556,-18,-278,82,66,152,-6
357062,18,812,16542,-13,-276,83,66,149,-5
357076,15,818,16548,-11,-279,85,66,152,-6
357090,14,824,16531,-20,-278,85,60,150,-11
357104,15,826,16534,-18,-279,91,60,150,-5
357118,12,821,16547,-17,-283,87,62,155,-2
357132,20,829,16545,-17,-276,84,65,152,-6
357146,17,828,16539,-12,-280,86,62,151,-3
357160,23,824,16544,-20,-278,79,63,151,-4
357174,24,829,16546,-26,-273,91,65,151,-4
357188,15,819,16550,-16,-284,90,65,152,-7
357202,20,820,16535,-15,-279,88,65,155,-7
357216,5,831,16537,-21,-275,88,67,154,-5
357230,10,832,16539,-22,-281,85,64,154,-4
357244,25,829,16538,-22,-278,85,64,155,-3
357258,16,827,16538,-18,-281,85,62,153,-6
357272,20,830,16542,-22,-283,85,65,153,-2
357286,15,826,16540,-14,-274,85,65,149,-4
357300,18,823,16541,-15,-280,89,63,151,-2
357314,24,823,16538,-20,-272,81,64,154,-4
357328,23,816,16534,-17,-277,89,64,155,-6
357342,24,822,16543,-19,-279,90,69,155,-6
357356,21,820,16525,-13,-278,81,66,153,-8
357370,19,820,16526,-15,-278,87,64,155,-6
357384,8,820,16548,-18,-282,84,65,157,-6
357398,15,821,16550,-17,-278,84,67,152,-4
357412,13,825,16549,-18,-277,83,67,151,1
357426,10,818,16546,-20,-280,86,62,154,1
357440,15,826,16546,-16,-278,90,65,153,-5
357454,13,826,16551,-23,-278,91,65,153,-3
357468,16,818,16549,-21,-278,87,64,152,-4
357482,19,818,16548,-19,-273,91,62,150,-5
357496,22,820,16547,-14,-272,83,66,152,-2
357510,20,817,16543,-19,-277,88,62,151,-6
357524,21,821,16539,-15,-275,83,62,149,-6
357538,14,823,16551,-13,-283,80,63,153,-7
357552,19,822,16541,-16,-280,85,63,152,-6
357566,15,820,16538,-11,-276,84,64,152,-5
357580,14,820,16537,-15,-280,85,64,154,-6
357594,28,834,16540,-19,-275,85,63,155,-8
357608,29,830,16537,-14,-278,85,61,149,-7
357622,11,831,16537,-16,-278,88,61,152,-8
357636,16,825,16536,-16,-278,83,66,157,-6
357650,11,825,16544,-19,-281,84,64,155,-4
357664,9,825,16540,-22,-274,85,63,154,-2
357678,14,828,16536,-17,-278,86,63,151,-8
357692,17,827,16536,-18,-281,85,64,151,-7
357706,26,823,16545,-16,-282,89,67,153,-6
357720,26,830,16540,-12,-283,84,63,151,-2
357734,15,830,16545,-22,-281,82,63,153,-6
357748,19,827,16540,-16,-276,86,66,152,-6
357762,19,821,16543,-21,-275,86,66,150,-5
357776,14,825,16545,-20,-277,84,64,157,-5
357790,18,820,16534,-19,-276,88,70,152,-5
357804,15,819,16536,-23,-283,88,67,151,-6
357818,29,821,16541,-20,-278,88,65,150,-5
357832,32,825,16544,-17,-272,81,62,151,-5
357846,24,826,16546,-14,-277,89,66,153,-4
357860,27,824,16544,-14,-280,86,63,151,-7
357874,15,818,16537,-18,-281,87,65,153,-6
357888,21,817,16542,-17,-280,88,65,153,-6
357902,21,822,16549,-21,-278,86,62,153,-6
357916,22,825,16534,-23,-279,88,65,152,-3
357930,26,823,16550,-17,-281,84,64,152,1
357944,14,826,16546,-18,-279,85,64,152,-3
357958,17,828,16542,-15,-274,81,64,152,-5
357972,16,824,16537,-18,-279,81,66,152,-5
357986,14,823,16547,-15,-281,83,66,151,-7
358000,28,822,16545,-17,-276,87,65,154,-8
358014,17,821,16543,-20,-280,84,63,152,-8
358028,9,833,16537,-20,-282,86,68,156,-7
358042,13,819,16546,-17,-275,90,68,156,-3
358056,19,827,16554,-14,-282,87,68,154,-6
358070,15,830,16547,-18,-282,83,67,153,-3
358084,17,812,16531,-21,-280,84,62,154,-6
358098,22,818,16541,-14,-280,85,62,151,-4
358112,22,828,16534,-15,-279,92,63,153,-4
358126,31,827,16536,-14,-280,88,63,155,-1
358140,8,821,16545,-17,-279,91,65,153,-2
358154,9,821,16529,-13,-277,86,64,152,-3
358168,22,819,16549,-21,-279,88,62,153,-5
358182,15,820,16542,-17,-275,86,61,153,-6
358196,20,817,16553,-15,-277,89,66,154,-4
358210,14,816,16545,-24,-284,83,71,150,-3
358224,24,819,16543,-19,-279,90,64,153,-2
358238,18,821,16537,-21,-275,81,62,151,-2
358252,18,822,16527,-16,-282,88,62,149,-1
358266,25,814,16537,-19,-276,86,61,153,-6
358280,27,827,16545,-21,-278,79,64,150,-5
358294,23,822,16551,-21,-279,86,62,152,-3
358308,21,816,16531,-18,-279,85,62,150,-2
358322,24,815,16538,-12,-278,85,63,149,-2
358336,11,820,16543,-17,-282,88,64,154,-6
358350,13,820,16549,-13,-281,84,63,153,-4
358364,16,822,16549,-18,-279,84,66,155,-4
358378,25,822,16554,-18,-278,81,65,152,-3
358392,24,819,16533,-22,-272,88,65,155,-2
358406,23,816,16538,-22,-280,91,63,154,-5
358420,25,823,16551,-18,-282,86,68,153,-6
358434,16,821,16549,-13,-278,85,64,154,-6
358448,17,823,16547,-18,-281,89,64,152,-6
358462,12,833,16539,-19,-278,85,62,154,-8
358476,17,832,16537,-19,-278,85,65,154,-4
358490,11,818,16550,-16,-282,86,66,150,-3
358504,13,816,16549,-21,-281,85,65,153,-5
358518,24,824,16548,-21,-281,85,64,151,-5
358532,25,824,16551,-15,-277,78,61,153,-4
358546,17,824,16548,-16,-274,82,66,154,-5
358560,22,820,16539,-16,-279,84,64,151,-3
358574,25,820,16541,-17,-280,84,61,152,-2
358588,23,827,16540,-13,-275,86,62,153,-3
358602,20,818,16555,-16,-277,84,66,154,-6
358616,17,812,16551,-21,-276,86,65,151,-6
358630,10,825,16550,-17,-280,85,66,149,-6
358644,12,826,16548,-14,-282,80,63,154,-4
358658,15,829,16544,-18,-275,82,61,151,-2
358672,20,817,16536,-17,-277,86,66,152,-1
358686,10,825,16549,-18,-278,81,63,155,-3
358700,9,824,16551,-17,-274,84,63,158,-7
358714,24,821,16546,-17,-280,84,63,158,-4
358728,24,818,16546,-15,-277,86,62,156,-3
358742,18,817,16548,-23,-275,83,65,158,-2
358756,14,819,16545,-20,-278,83,64,156,-2
358770,21,827,16552,-16,-280,86,63,149,-6
358784,16,824,16548,-14,-280,84,68,155,-5
358798,23,819,16547,-19,-282,87,67,151,-8
358812,21,827,16552,-16,-279,84,63,150,-4
358826,30,827,16552,-15,-278,84,64,152,-5
358840,24,824,16550,-18,-280,90,63,151,-4
358854,17,811,16551,-18,-284,88,64,154,-6
358868,28,817,16544,-23,-276,82,64,156,-3
358882,29,823,16549,-13,-281,83,62,153,-3
358896,16,818,16546,-12,-277,83,61,152,-3
358910,11,823,16543,-15,-275,85,64,154,-3
358924,14,825,16551,-16,-284,85,63,154,-4
358938,4,828,16551,-17,-280,87,63,155,-7
358952,11,817,16553,-20,-275,86,66,148,-5
358966,14,818,16546,-18,-279,88,64,152,-4
358980,16,819,16547,-15,-275,86,65,151,-6
358994,20,817,16552,-12,-284,86,65,153,-7
359008,23,827,16539,-18,-282,85,62,152,-7
359022,18,817,16549,-18,-281,86,62,152,-8
359036,25,822,16550,-13,-282,87,63,153,-10
359050,19,820,16561,-14,-278,83,63,154,-6
359064,18,822,16542,-16,-278,82,64,155,-10
359078,11,822,16547,-19,-279,85,65,153,-7
359092,14,821,16544,-19,-279,78,66,151,-3
359106,22,817,16547,-19,-282,81,66,154,-6
359120,26,823,16544,-22,-279,87,67,150,-4
359134,30,819,16548,-19,-278,87,67,152,-4
359148,13,821,16540,-15,-276,88,64,153,-4
359162,13,824,16543,-19,-274,84,63,156,-5
359176,15,819,16543,-20,-277,89,63,157,-8
359190,14,820,16553,-22,-280,89,64,152,-6
359204,16,830,16549,-18,-281,84,60,151,-5
359218,16,832,16552,-19,-281,88,58,154,-4
359232,32,817,16544,-16,-279,83,63,152,-5
359246,26,821,16540,-15,-273,83,63,151,-8
359260,19,830,16546,-15,-276,87,64,152,-7
359274,17,832,16545,-14,-280,85,62,153,-6
359288,22,828,16535,-22,-281,84,62,150,-4
359302,17,827,16545,-16,-278,86,63,152,-3
359316,21,826,16553,-16,-278,87,62,150,-1
359330,24,824,16555,-20,-274,86,62,147,-5
359344,20,818,16548,-22,-278,84,62,151,-5
359358,17,828,16553,-17,-273,87,65,153,-2
359372,20,830,16549,-16,-279,81,66,154,-2
359386,21,827,16546,-13,-280,85,64,153,-4
359400,21,823,16538,-18,-280,90,65,154,-2
359414,23,824,16546,-11,-273,85,65,153,-1
359428,19,826,16544,-18,-277,87,66,154,-5
359442,12,827,16543,-16,-283,89,64,154,-3
359456,8,831,16546,-14,-280,86,64,153,-5
359470,20,819,16550,-14,-282,84,60,156,-7
359484,20,819,16552,-8,-283,90,64,150,-6
359498,21,819,16548,-17,-275,81,66,150,-4
359512,23,817,16560,-19,-279,80,65,148,-2
359526,20,824,16544,-18,-277,86,65,150,-2
359540,18,827,16544,-19,-279,85,64,153,-9
359554,15,825,16545,-20,-281,92,65,155,-7
359568,20,823,16544,-18,-279,85,64,153,-7
359582,16,817,16543,-17,-280,87,65,151,-4
359596,7,825,16543,-20,-279,90,66,149,-4
359610,17,818,16541,-18,-270,83,61,149,-5
359624,24,823,16538,-16,-279,88,63,153,-8
359638,10,819,16551,-18,-284,88,62,153,-6
359652,18,823,16546,-20,-279,85,64,153,-6
359666,21,823,16552,-16,-277,89,63,153,-7
359680,14,830,16556,-15,-276,86,66,151,-4
359694,18,817,16539,-18,-273,84,68,149,-6
359708,15,818,16542,-19,-278,86,62,152,-1
359722,22,831,16545,-15,-279,87,63,152,3
359736,20,833,16545,-14,-275,85,63,152,-6
359750,22,833,16545,-14,-280,85,65,149,-3
359764,20,818,16545,-15,-274,89,65,150,-5
359778,21,820,16544,-18,-279,82,62,153,-3
359792,23,823,16549,-19,-279,84,63,151,-7
359806,23,828,16548,-20,-274,85,67,155,-7
359820,25,823,16542,-16,-281,81,69,152,-6
359834,24,823,16540,-19,-282,88,64,152,-4
359848,22,814,16545,-20,-281,93,63,149,-8
359862,19,824,16545,-15,-279,89,63,150,-8
359876,8,825,16545,-15,-271,86,66,153,-7
359890,19,818,16546,-19,-278,90,63,152,-6
359904,21,823,16544,-16,-282,87,63,153,-4
359918,18,820,16541,-24,-280,91,63,151,-3
359932,14,821,16547,-17,-276,87,63,152,-6
359946,9,821,16549,-17,-279,86,65,155,-5
359960,23,827,16547,-21,-280,87,62,154,-4
359974,19,826,16547,-16,-278,89,65,155,-3
359988,15,827,16554,-26,-280,85,62,152,-6
360002,14,829,16547,-16,-279,88,60,152,-7
360016,19,823,16537,-12,-278,84,65,151,-7
360030,21,816,16544,-16,-275,83,65,149,-6
360044,15,823,16545,-16,-276,90,63,150,-5
360058,18,817,16544,-17,-281,86,63,152,-3
360072,23,829,16544,-13,-279,81,64,152,-2
360086,24,827,16543,-18,-276,85,67,150,-5
360100,27,822,16536,-19,-281,83,63,154,-4
360114,11,826,16536,-18,-279,89,62,152,-4
360128,7,823,16541,-22,-276,85,65,154,-5
360142,27,819,16542,-22,-281,90,64,154,-5
360156,25,813,16548,-21,-278,85,63,152,-4
360170,20,812,16554,-21,-280,88,68,151,-8
360184,19,816,16539,-16,-281,84,68,151,-6
360198,11,824,16538,-19,-276,89,66,156,-2
360212,17,828,16548,-16,-278,92,63,152,-1
360226,25,824,16555,-18,-280,88,64,157,-6
360240,26,827,16546,-16,-276,89,62,152,-5
360254,27,819,16547,-20,-280,87,62,150,-3
360268,14,822,16544,-19,-274,83,63,152,-6
360282,16,827,16542,-21,-276,85,65,155,-4
360296,15,825,16551,-22,-280,88,65,155,-4
360310,18,831,16540,-17,-276,88,64,149,-6
360324,14,836,16546,-11,-277,86,67,153,-2
360338,15,810,16545,-16,-282,86,63,153,-2
360352,19,813,16543,-16,-278,86,64,153,-3
360366,19,822,16541,-16,-275,87,67,152,-4
360380,18,816,16536,-14,-281,82,66,149,-8
360394,23,825,16547,-18,-276,89,65,156,-5
360408,21,823,16551,-20,-280,90,64,152,-5
360422,16,837,16543,-19,-278,85,65,152,-4
360436,15,832,16544,-17,-277,89,63,155,-7
360450,13,829,16543,-17,-279,88,64,153,-7
360464,13,832,16554,-18,-275,86,66,153,-4
360478,24,827,16534,-24,-278,84,66,149,-3
360492,18,828,16543,-19,-276,85,63,151,-3
360506,31,821,16548,-15,-277,85,64,153,-8
360520,32,817,16551,-18,-279,82,65,152,-5
360534,24,822,16549,-18,-283,86,66,153,-5
360548,20,819,16541,-20,-280,86,63,151,-8
360562,21,823,16545,-17,-277,86,63,154,-2
360576,29,819,16547,-20,-274,83,66,153,-5
360590,22,820,16541,-16,-276,85,62,152,-5
360604,27,823,16545,-18,-282,87,63,153,-8
360618,27,824,16536,-18,-276,89,62,149,-4
360632,23,826,16539,-18,-277,85,66,152,-4
360646,18,827,16547,-16,-280,83,65,151,-5
360660,22,824,16536,-19,-277,85,64,150,-7
360674,24,829,16535,-11,-277,83,64,151,-7
360688,22,824,16544,-14,-279,84,65,152,-7
360702,28,820,16546,-22,-281,83,67,154,-4
360716,33,820,16544,-22,-277,80,65,155,-7
360730,23,820,16549,-14,-282,85,63,155,-5
360744,24,813,16544,-15,-276,90,65,151,-3
360758,22,817,16540,-18,-279,87,62,152,-4
360772,18,820,16539,-15,-281,86,63,154,-8
360786,18,825,16542,-13,-278,86,66,154,-2
360800,15,827,16544,-15,-278,88,69,153,-1
360814,15,824,16542,-16,-274,88,66,151,-6
360828,23,815,16539,-17,-277,85,66,153,-4
360842,16,816,16535,-22,-276,88,68,153,-3
360856,19,817,16537,-15,-279,85,65,153,-5
360870,22,813,16532,-19,-279,88,64,150,-4
360884,13,828,16536,-22,-281,83,59,154,-4
360898,20,831,16536,-16,-275,88,63,154,-6
360912,20,821,16530,-16,-284,89,62,154,-7
360926,18,824,16537,-17,-282,87,64,150,-4
360940,24,822,16544,-20,-278,86,63,150,-4
360954,16,822,16542,-21,-278,82,65,154,-4
360968,23,830,16531,-15,-279,79,64,153,-9
360982,23,826,16532,-12,-278,85,66,153,-3
360996,16,818,16538,-19,-279,88,66,153,-3
361010,17,823,16534,-17,-281,86,66,152,-5
361024,17,818,16544,-20,-277,85,67,155,-5
361038,14,820,16532,-15,-280,87,67,152,-7
361052,18,824,16539,-15,-280,87,64,152,-1
361066,15,814,16536,-22,-278,89,59,153,-4
361080,23,818,16546,-15,-280,85,61,151,-4
361094,23,816,16547,-18,-278,82,63,153,-8
361108,19,818,16542,-13,-274,84,64,150,-6
361122,22,822,16538,-13,-286,86,63,155,-9
361136,26,822,16536,-13,-277,85,61,157,-4
361150,24,818,16553,-15,-277,86,63,154,-5
361164,24,829,16544,-18,-277,86,62,151,-7
361178,18,826,16539,-21,-275,92,60,152,-7
361192,26,823,16527,-21,-282,86,63,154,-2
361206,14,819,16547,-18,-278,84,67,153,-2
361220,13,818,16542,-13,-273,85,65,154,-6
361234,25,821,16546,-23,-281,90,64,154,-3
361248,24,819,16544,-19,-281,84,66,155,-2
361262,16,825,16547,-20,-279,88,63,149,-3
361276,18,819,16538,-23,-276,88,62,149,-4
361290,31,823,16552,-16,-283,82,61,153,-4
361304,24,819,16552,-21,-276,87,63,152,-8
361318,12,824,16546,-16,-278,86,62,153,-5
361332,10,825,16536,-17,-277,88,63,152,-7
361346,20,819,16538,-20,-276,84,63,150,-8
361360,16,820,16542,-20,-277,86,65,153,-6
361374,21,821,16551,-21,-280,88,64,152,-8
361388,14,822,16554,-16,-281,88,63,152,-7
361402,24,822,16543,-19,-278,88,65,151,-6
361416,20,822,16541,-18,-276,86,64,154,-4
361430,22,824,16536,-21,-272,87,63,153,-6
361444,23,827,16542,-17,-271,87,63,151,-5
361458,23,825,16532,-16,-277,89,59,151,-6
361472,22,825,16536,-22,-279,88,64,155,-5
361486,17,825,16542,-13,-281,86,65,154,-2
361500,19,825,16531,-11,-280,91,63,152,-5
361514,11,823,16534,-11,-278,82,63,152,-6
361528,15,817,16532,-16,-279,81,66,156,-4
361542,15,816,16532,-18,-277,86,63,156,-7
361556,15,819,16538,-24,-279,88,68,155,-7
361570,15,821,16546,-23,-280,83,63,149,-9
361584,14,814,16532,-18,-276,88,65,148,-4
361598,12,821,16534,-24,-280,83,64,152,-5
361612,19,822,16530,-14,-276,83,63,150,-2
361626,21,822,16525,-16,-280,86,64,150,-5
361640,27,823,16530,-19,-283,83,65,153,-8
361654,16,830,16542,-20,-278,87,66,153,-6
361668,12,821,16543,-19,-278,89,66,154,-9
361682,13,820,16537,-23,-274,86,64,153,-10
361696,22,826,16539,-16,-279,88,66,154,-10
361710,20,824,16545,-17,-282,85,64,153,-3
361724,17,813,16535,-15,-274,83,67,152,-6
361738,6,819,16538,-16,-278,84,63,154,-3
361752,19,819,16548,-15,-279,81,63,154,-4
361766,19,823,16544,-10,-279,83,61,154,-5
361780,14,817,16533,-14,-278,81,64,150,-3
361794,9,821,16532,-9,-277,82,63,153,-6
361808,26,828,16549,-16,-276,88,63,154,-6
361822,23,833,16539,-16,-276,91,66,152,-9
361836,25,813,16531,-20,-283,85,67,152,-6
361850,19,820,16535,-20,-279,88,63,153,-6
361864,19,817,16532,-20,-280,86,65,158,-3
361878,21,815,16531,-19,-279,88,62,149,-7
361892,21,819,16535,-15,-281,85,63,154,-5
361906,12,819,16533,-11,-281,82,64,156,-4
361920,8,826,16548,-13,-279,84,61,152,-5
361934,21,823,16536,-21,-273,87,61,153,-8
361948,23,824,16549,-18,-281,83,62,152,-7
361962,31,830,16551,-16,-279,83,65,150,-7
361976,25,831,16543,-19,-278,92,66,153,-7
361990,16,827,16544,-21,-280,91,69,152,-4
362004,25,835,16541,-17,-283,82,64,152,-6
362018,30,814,16537,-17,-278,85,65,154,-3
362032,26,818,16547,-16,-277,87,62,153,-2
362046,24,821,16539,-17,-273,85,65,152,-8
362060,13,811,16546,-14,-276,83,61,145,-6
362074,19,812,16536,-22,-279,83,59,146,-4
362088,15,816,16544,-18,-277,86,62,150,-7
362102,32,820,16536,-10,-281,86,63,152,-6
362116,24,822,16538,-15,-274,85,65,150,-3
362130,19,826,16555,-14,-273,88,64,145,-1
362144,15,822,16542,-14,-281,81,64,147,-4
362158,13,820,16538,-13,-285,78,65,150,-7
362172,24,826,16538,-16,-279,81,66,148,-8
362186,24,820,16543,-18,-278,84,69,155,-6
362200,21,826,16547,-18,-281,83,66,154,-5
362214,21,825,16530,-17,-282,82,64,152,-7
362228,27,813,16540,-14,-282,80,66,156,-6
362242,15,825,16539,-14,-282,85,65,154,-4
362256,14,828,16542,-18,-279,85,63,154,-3
362270,19,824,16542,-18,-283,88,64,154,-3
362284,19,820,16549,-18,-278,84,64,153,1
362298,24,821,16539,-12,-282,82,64,154,-3
362312,21,824,16540,-14,-278,86,64,153,-4
362326,22,823,16541,-15,-271,86,62,155,-6
362340,14,828,16542,-16,-280,87,64,153,-6
362354,18,830,16538,-17,-279,84,65,152,-3
362368,19,825,16545,-21,-276,80,64,150,-4
362382,13,820,16538,-22,-279,87,65,150,-5
362396,17,830,16542,-19,-277,94,62,155,-5
362410,23,834,16539,-18,-280,84,63,157,-4
362424,32,824,16547,-17,-280,83,64,153,-4
362438,24,827,16550,-15,-279,90,65,149,-3
362452,18,829,16543,-18,-276,85,63,150,-4
362466,13,824,16539,-18,-284,87,63,152,-6
362480,17,820,16549,-18,-277,90,63,154,-1
362494,18,816,16544,-18,-280,80,63,152,-6
362508,18,825,16540,-18,-277,86,66,152,-4
362522,19,826,16541,-19,-279,83,66,152,-3
362536,31,817,16538,-18,-279,86,62,153,-5
362550,26,819,16540,-10,-278,81,64,151,-6
362564,19,829,16542,-15,-281,82,66,153,-4
362578,24,822,16547,-18,-278,81,64,152,-5
362592,12,825,16545,-20,-280,84,59,155,-6
362606,18,816,16547,-16,-283,87,65,153,-5
362620,16,820,16547,-18,-281,87,64,152,-7
362634,17,816,16550,-19,-276,86,62,155,-5
362648,22,824,16542,-19,-282,84,64,153,-7
362662,23,824,16540,-15,-276,84,63,153,-8
362676,8,824,16545,-18,-279,87,65,154,-5
362690,13,827,16545,-17,-279,86,62,154,-4
362704,8,817,16544,-15,-277,84,66,152,-4
362718,13,822,16535,-17,-281,89,67,151,-3
362732,5,834,16544,-11,-283,86,65,150,-6
362746,10,834,16540,-11,-279,82,62,149,-4
362760,21,825,16544,-15,-279,86,67,149,-6
362774,16,833,16540,-15,-279,91,66,155,-3
362788,21,818,16547,-16,-279,83,64,151,-2
362802,22,815,16551,-12,-281,79,63,150,-4
362816,16,821,16541,-12,-285,90,62,153,-6
362830,11,823,16550,-9,-279,85,62,153,-6
362844,12,820,16547,-20,-275,88,61,152,-6
362858,18,833,16546,-16,-281,91,65,150,-7
362872,15,837,16543,-18,-276,90,64,156,-7
362886,20,825,16550,-13,-278,85,61,153,-9
362900,19,831,16547,-12,-277,82,60,153,-4
362914,19,824,16547,-19,-277,85,65,146,-5
362928,18,826,16540,-9,-280,89,65,149,-4
362942,22,831,16546,-16,-271,81,64,154,-6
362956,31,825,16544,-15,-281,85,65,154,-5
362970,19,820,16542,-13,-279,89,67,154,-4
362984,20,825,16542,-20,-279,85,61,154,-4
362998,13,829,16552,-19,-278,84,64,153,-2
363012,14,826,16555,-24,-276,85,62,153,-6
363026,21,821,16546,-20,-281,87,63,150,-5
363040,13,826,16547,-15,-285,89,63,150,-4
363054,12,816,16547,-16,-277,83,67,153,-1
363068,18,815,16542,-16,-280,82,63,154,-4
363082,12,825,16547,-21,-280,87,62,149,-5
363096,10,823,16542,-19,-278,81,61,153,-4
363110,22,811,16545,-19,-276,85,64,155,-5
363124,21,820,16546,-22,-275,88,65,149,-2
363138,16,822,16545,-21,-276,87,66,152,-2
363152,9,823,16543,-21,-278,86,62,148,-6
363166,18,822,16541,-18,-280,86,60,150,-6
363180,20,823,16544,-15,-276,84,67,150,-4
363194,29,821,16540,-22,-275,86,61,154,-7
363208,20,828,16540,-18,-277,90,62,155,-10
363222,17,819,16548,-20,-276,90,61,156,-6
363236,14,816,16553,-18,-278,87,63,156,-5
363250,15,814,16540,-20,-279,85,64,150,-5
363264,24,816,16547,-16,-271,80,64,147,-6
363278,18,822,16536,-14,-280,82,65,150,-4
363292,15,820,16541,-25,-277,84,64,152,-5
363306,18,824,16536,-18,-281,85,63,152,-7
363320,19,819,16536,-19,-276,86,65,155,-3
363334,22,817,16548,-16,-277,86,65,156,-2
363348,21,828,16542,-19,-276,91,64,152,-3
363362,24,833,16531,-13,-281,86,63,152,-7
363376,19,820,16537,-18,-277,81,61,150,-8
363390,15,818,16542,-17,-276,80,63,150,-4
363404,19,822,16540,-15,-279,83,61,152,-6
363418,26,826,16540,-19,-275,85,62,152,-4
363432,17,833,16540,-16,-276,86,65,152,-4
363446,24,828,16549,-13,-275,81,66,149,-2
363460,18,815,16540,-21,-278,85,63,153,-5
363474,8,815,16550,-15,-280,86,64,155,-4
363488,17,823,16541,-13,-278,86,63,155,-5
363502,14,815,16534,-19,-280,89,65,150,-7
363516,20,821,16544,-15,-281,86,62,152,-6
363530,14,815,16543,-19,-280,85,63,156,1
363544,18,819,16543,-19,-275,83,64,156,-2
363558,21,817,16536,-16,-277,88,63,152,-3
363572,15,825,16537,-15,-280,86,61,154,-3
363586,17,826,16545,-15,-282,88,63,154,-3
363600,17,825,16544,-15,-281,84,64,159,-5
363614,26,826,16549,-18,-276,88,65,153,-5
363628,25,816,16533,-16,-275,86,65,157,-3
363642,25,821,16540,-20,-276,85,66,154,-5
363656,26,820,16531,-23,-283,86,66,149,-6
363670,25,815,16528,-20,-279,81,67,152,-5
363684,21,818,16546,-16,-280,86,63,149,-4
363698,17,827,16547,-19,-274,88,63,152,-5
363712,21,821,16540,-18,-277,86,65,152,-6
363726,11,818,16545,-20,-276,84,63,149,-5
363740,16,824,16549,-13,-275,86,65,153,-6
363754,20,821,16553,-17,-281,85,66,152,-4
363768,27,821,16544,-17,-280,82,63,157,-2
363782,18,815,16546,-13,-279,81,65,155,-4
363796,24,811,16555,-16,-275,90,69,155,-4
363810,12,814,16544,-16,-274,80,58,154,-3
363824,6,815,16547,-16,-283,83,62,154,-3
363838,27,826,16553,-13,-277,83,63,155,-5
363852,20,813,16552,-20,-274,86,65,150,-4
363866,19,828,16541,-17,-279,88,63,153,-7
363880,5,824,16539,-18,-279,87,58,154,-6
363894,13,820,16550,-10,-279,84,62,155,-5
363908,24,826,16549,-15,-278,83,63,153,-3
363922,19,819,16542,-14,-278,85,65,154,-5
363936,16,806,16552,-14,-283,83,66,155,-3
363950,19,820,16545,-15,-284,85,66,155,-9
363964,20,829,16542,-17,-278,85,66,156,-8
363978,21,821,16544,-14,-275,84,63,154,-1
363992,26,816,16534,-21,-277,85,63,154,1
364006,25,820,16540,-16,-274,82,61,150,-2
364020,17,824,16545,-17,-277,80,62,155,-3
364034,8,825,16540,-18,-282,87,61,154,-5
364048,8,821,16548,-20,-273,81,66,155,-8
364062,22,825,16543,-19,-277,84,69,152,-7
364076,19,826,16545,-18,-277,90,66,154,-10
364090,19,835,16541,-17,-277,87,64,153,-7
364104,18,831,16541,-15,-279,90,64,150,-7
364118,15,820,16546,-15,-276,81,62,155,-4
364132,13,814,16542,-18,-278,82,66,154,-6
364146,4,824,16550,-24,-278,86,66,149,-4
364160,11,826,16548,-22,-278,87,62,153,-4
364174,19,827,16539,-17,-277,85,63,154,-4
364188,12,834,16539,-19,-281,83,64,154,-2
364202,14,831,16538,-19,-278,86,64,154,-1
364216,14,832,16544,-18,-278,84,66,157,-2
364230,13,829,16545,-17,-275,80,67,156,-4
364244,21,820,16545,-12,-281,84,64,155,-3
364258,19,820,16540,-13,-282,86,66,155,-4
364272,25,821,16533,-23,-280,82,66,153,-5
364286,21,822,16538,-20,-275,86,63,155,-3
364300,17,827,16547,-17,-280,88,61,153,-3
364314,16,820,16533,-18,-275,84,60,154,-7
364328,15,815,16539,-10,-277,82,63,154,-5
364342,10,815,16550,-12,-283,85,63,153,-3
364356,13,823,16540,-20,-276,87,65,149,-3
364370,19,824,16543,-17,-282,87,65,147,-3
364384,18,830,16541,-19,-280,92,65,152,-7
364398,16,825,16539,-20,-276,89,62,152,-5
364412,22,832,16542,-13,-278,83,64,152,-3
364426,20,827,16537,-15,-277,82,62,150,-8
364440,28,818,16537,-12,-276,83,64,156,-6
364454,24,824,16535,-20,-279,86,65,156,-5
364468,12,827,16549,-16,-280,84,65,155,-8
364482,21,829,16540,-19,-272,87,63,153,-6
364496,17,827,16542,-23,-274,89,67,154,-4
364510,14,814,16534,-16,-277,86,65,149,-6
364524,7,827,16540,-22,-278,79,63,154,-6
364538,13,828,16537,-15,-286,82,68,155,-5
364552,35,828,16527,-18,-282,83,67,153,-3
364566,17,817,16537,-18,-277,83,64,154,-4
364580,21,821,16539,-16,-278,88,64,154,1
364594,20,817,16539,-19,-275,84,63,152,-5
364608,18,813,16542,-17,-278,81,65,153,-3
364622,21,822,16543,-19,-278,86,65,150,-5
364636,17,823,16541,-20,-281,82,67,152,-4
364650,20,826,16541,-18,-277,83,65,155,-7
364664,19,823,16535,-15,-278,90,62,149,-8
364678,22,827,16546,-17,-279,86,64,155,-4
364692,22,831,16536,-17,-280,88,68,158,-1
364706,8,827,16531,-16,-282,85,63,152,-1
364720,15,830,16531,-12,-279,81,62,153,-1
364734,18,824,16537,-19,-276,84,64,156,-4
364748,15,822,16537,-17,-274,85,65,155,-2
364762,28,827,16531,-15,-279,81,66,153,-1
364776,25,820,16530,-15,-276,85,62,154,2
364790,21,825,16542,-15,-274,88,63,156,-2
364804,16,822,16536,-19,-285,90,64,154,-5
364818,17,817,16539,-16,-284,87,65,158,-2
364832,13,825,16546,-17,-277,88,67,150,-5
364846,29,826,16537,-19,-282,84,61,150,-5
364860,30,830,16539,-16,-278,87,62,154,-6
364874,26,833,16543,-16,-281,86,63,154,-6
364888,26,824,16541,-18,-281,89,63,153,-6
364902,20,823,16536,-15,-277,87,65,154,-2
364916,18,823,16544,-17,-279,85,63,153,-6
364930,18,831,16543,-18,-280,86,66,152,-4
364944,22,827,16539,-16,-280,90,62,150,-7
364958,18,831,16537,-12,-276,82,63,151,-8
364972,21,824,16533,-17,-280,88,67,149,-4
364986,17,829,16548,-21,-279,91,63,152,-8
365000,19,818,16542,-18,-277,83,60,156,-7
365014,21,820,16541,-15,-279,86,64,153,-5
365028,22,823,16541,-16,-280,86,66,155,-3
365042,23,825,16533,-21,-281,87,64,154,-3
365056,15,838,16536,-16,-285,85,66,152,-1
365070,19,834,16536,-15,-279,89,68,150,-5
365084,22,831,16536,-12,-283,83,64,154,-5
365098,37,829,16539,-15,-281,84,63,153,-6
365112,21,822,16550,-15,-274,84,65,153,-7
365126,18,814,16551,-9,-276,78,62,155,-6
365140,11,827,16538,-17,-278,83,61,154,-8
365154,16,826,16537,-22,-280,82,65,152,-7
365168,22,824,16540,-13,-282,82,65,150,-6
365182,18,817,16540,-16,-276,86,64,154,-5
365196,8,826,16540,-16,-281,81,64,152,-3
365210,13,831,16538,-15,-279,82,66,154,-10
365224,22,819,16539,-17,-277,87,63,152,-7
365238,19,829,16535,-16,-281,87,63,153,-7
365252,22,823,16531,-16,-279,84,62,154,-4
365266,18,822,16533,-18,-274,84,63,152,-3
365280,14,827,16533,-17,-277,84,67,152,-3
365294,14,818,16534,-18,-276,84,67,151,-5
365308,23,818,16537,-20,-279,88,67,153,-6
365322,19,820,16530,-14,-279,88,67,153,-3
365336,14,826,16544,-17,-280,87,67,156,-3
365350,21,820,16540,-13,-275,83,66,150,-3
365364,10,828,16538,-17,-282,86,66,152,-4
365378,12,823,16540,-21,-277,88,64,155,-3
365392,15,821,16542,-15,-279,87,66,153,-5
365406,17,830,16536,-13,-279,88,65,151,-7
365420,23,823,16533,-18,-278,87,63,152,-6
365434,23,822,16539,-18,-281,86,64,155,-5
365448,27,818,16541,-18,-281,87,64,155,-5
365462,26,822,16535,-18,-279,86,66,151,-1
365476,23,819,16541,-18,-280,85,69,151,-3
365490,13,818,16549,-14,-276,86,63,152,-5
365504,25,820,16533,-14,-278,87,61,156,-6
365518,14,822,16534,-18,-277,87,61,155,-4
365532,18,829,16541,-19,-280,87,65,154,-4
365546,21,820,16534,-16,-275,83,63,153,-2
365560,20,821,16530,-17,-276,83,65,155,-5
365574,19,830,16537,-17,-277,86,66,154,-6
365588,25,820,16543,-17,-278,84,66,157,-4
365602,14,819,16539,-18,-280,82,64,155,-6
365616,12,823,16537,-15,-279,84,61,155,-7
365630,19,822,16548,-16,-279,87,63,154,-3
365644,13,822,16544,-20,-279,81,61,155,-4
365658,21,827,16542,-17,-281,83,65,156,-5
365672,21,822,16544,-16,-279,84,63,155,-6
365686,23,821,16552,-14,-279,89,62,154,-7
365700,16,825,16550,-12,-280,86,66,154,-1
365714,13,816,16537,-22,-280,89,66,154,-5
365728,20,819,16538,-15,-273,85,64,154,-1
365742,16,821,16537,-16,-278,84,64,153,-2
365756,17,820,16542,-19,-278,84,63,152,-6
365770,11,821,16546,-18,-280,86,61,148,-5
365784,9,822,16548,-15,-282,88,61,150,-4
365798,17,819,16541,-18,-279,89,65,152,-5
365812,9,819,16546,-23,-275,89,65,152,-6
365826,15,818,16537,-17,-278,85,66,150,-5
365840,20,821,16542,-12,-280,85,62,151,-3
365854,24,820,16543,-18,-279,83,61,150,-2
365868,21,821,16545,-15,-283,80,63,153,-8
365882,17,825,16545,-17,-278,79,64,152,-3
365896,21,827,16548,-16,-278,86,65,153,-5
365910,22,826,16533,-16,-278,86,65,155,-2
365924,22,824,16540,-18,-280,86,64,153,-1
365938,15,824,16550,-14,-280,79,64,152,-2
365952,22,829,16546,-22,-279,84,66,150,-4
365966,23,830,16549,-18,-281,83,68,153,-5
365980,15,815,16541,-18,-277,84,62,154,-4
365994,14,824,16537,-15,-275,86,64,152,1
366008,21,830,16542,-15,-275,87,62,153,-3
366022,24,825,16550,-17,-281,84,64,152,-7
366036,19,821,16532,-19,-283,89,62,153,-1
366050,15,825,16547,-18,-282,85,65,155,-1
366064,22,834,16550,-20,-279,84,63,154,-3
366078,28,828,16549,-13,-279,85,63,151,-3
366092,16,826,16549,-16,-276,84,64,149,-7
366106,16,820,16555,-14,-280,84,64,153,-9
366120,7,815,16551,-20,-282,83,62,153,-7
366134,21,821,16555,-13,-279,89,64,152,-3
366148,23,828,16533,-18,-284,84,63,153,-6
366162,27,827,16539,-16,-278,81,63,153,-6
366176,23,821,16552,-13,-275,82,66,150,-6
366190,17,821,16551,-20,-279,83,66,155,-6
366204,18,826,16540,-19,-279,83,63,156,-6
366218,25,824,16541,-19,-280,83,64,150,-5
366232,11,818,16548,-19,-278,89,63,154,-6
366246,21,828,16549,-19,-271,86,66,152,-9
366260,21,829,16532,-20,-276,85,64,150,-6
366274,27,823,16542,-11,-280,84,65,152,-4
366288,16,819,16553,-18,-281,84,64,150,-6
366302,15,816,16552,-17,-281,84,64,152,-2
366316,25,819,16551,-14,-279,84,69,149,-5
366330,16,827,16550,-16,-277,85,67,149,-5
366344,14,824,16551,-19,-279,91,63,154,-5
366358,18,821,16554,-17,-277,90,66,151,-5
366372,15,817,16545,-16,-278,85,65,155,-4
366386,15,821,16549,-18,-283,86,62,147,-3
366400,19,816,16550,-15,-280,85,64,148,-5
366414,18,821,16545,-18,-275,83,66,152,-5
366428,16,826,16542,-14,-281,85,68,152,-5
366442,21,825,16531,-14,-274,88,68,152,-4
366456,27,824,16544,-15,-277,83,64,156,-3
366470,16,822,16540,-12,-275,83,66,157,-6
366484,19,819,16535,-15,-272,85,66,153,-3
366498,17,817,16539,-13,-278,84,65,152,-2
366512,13,815,16539,-8,-278,83,67,150,-2
366526,13,833,16553,-22,-276,86,64,154,-6
366540,20,824,16553,-21,-280,84,63,154,-6
366554,13,825,16546,-21,-279,82,63,152,-4
366568,17,824,16548,-19,-278,83,63,152,-5
366582,21,824,16543,-19,-282,88,65,156,-6
366596,20,823,16545,-20,-275,86,67,155,-5
366610,20,818,16551,-18,-279,83,65,154,-2
366624,20,810,16545,-20,-281,85,65,154,-3
366638,14,820,16544,-17,-277,89,66,153,-4
366652,13,825,16548,-21,-275,89,66,153,-1
366666,19,823,16549,-21,-281,85,65,153,-5
366680,22,820,16543,-21,-279,89,61,156,-5
366694,25,819,16538,-21,-280,88,63,155,-5
366708,29,818,16532,-21,-276,88,64,155,1
366722,24,819,16536,-15,-275,82,65,153,-2
366736,29,822,16537,-13,-282,88,65,151,1
366750,24,828,16542,-17,-277,90,66,151,1
366764,19,827,16548,-22,-282,89,67,153,-5
366778,19,832,16542,-14,-280,85,67,155,-1
366792,22,821,16535,-17,-282,86,63,155,2
366806,21,820,16546,-17,-275,86,64,153,-1
366820,18,820,16546,-18,-280,87,65,150,-3
366834,23,822,16540,-17,-277,89,66,152,-1
366848,19,821,16539,-19,-279,90,68,155,-1
366862,20,824,16531,-17,-279,86,63,152,-7
366876,15,828,16537,-20,-277,85,62,150,-3
366890,18,832,16540,-14,-275,81,61,150,-6
366904,14,817,16541,-17,-284,81,60,151,-7
366918,13,825,16551,-16,-276,82,64,153,-4
366932,16,821,16540,-12,-280,84,67,152,-1
366946,21,823,16548,-22,-277,85,63,150,-7
366960,13,830,16536,-15,-274,82,61,153,-8
366974,17,821,16540,-14,-280,85,63,150,-6
366988,27,817,16535,-19,-278,84,64,152,-4
367002,22,814,16523,-21,-280,84,65,152,-4
367016,20,820,16546,-18,-282,88,66,154,-6
367030,21,820,16546,-21,-278,86,68,155,-7
367044,22,827,16542,-14,-278,84,62,157,-3
367058,21,824,16541,-15,-273,86,64,155,-4
367072,25,816,16539,-19,-279,86,61,155,-3
367086,23,818,16533,-18,-286,86,63,153,-6
367100,15,825,16547,-14,-277,87,65,153,-5
367114,12,827,16537,-18,-281,86,64,152,-3
367128,20,827,16540,-20,-274,86,62,151,-4
367142,26,824,16544,-21,-274,83,66,153,-3
367156,18,821,16544,-15,-273,83,63,151,-6
367170,20,817,16531,-13,-274,86,61,152,-4
367184,27,824,16549,-21,-278,89,64,152,-3
367198,23,821,16546,-16,-278,88,64,152,-5
367212,20,825,16533,-19,-279,84,66,149,-4
367226,19,825,16535,-17,-280,82,66,150,-2
367240,17,827,16537,-11,-280,89,65,152,-2
367254,9,827,16537,-10,-284,84,62,148,-2
367268,12,826,16534,-20,-281,89,63,151,-2
367282,16,826,16536,-18,-279,89,64,155,-1
367296,21,821,16539,-20,-278,86,66,155,-3
367310,18,823,16537,-22,-275,90,64,155,-2
367324,28,823,16534,-19,-278,88,67,152,-4
367338,17,822,16535,-20,-281,87,67,153,-7
367352,25,824,16538,-18,-277,87,65,153,-7
367366,13,823,16529,-18,-279,88,65,152,-7
367380,25,818,16529,-19,-279,91,68,150,-4
367394,25,817,16541,-20,-278,87,67,155,-4
367408,23,823,16542,-21,-281,85,65,155,-5
367422,11,824,16531,-20,-280,85,64,152,-4
367436,19,823,16529,-17,-276,85,64,151,-4
367450,28,821,16550,-15,-279,85,63,148,-4
367464,16,823,16542,-17,-278,86,67,151,-6
367478,25,816,16536,-23,-281,85,69,150,-7
367492,26,819,16541,-16,-275,86,66,151,2
367506,28,814,16535,-19,-276,86,67,151,-1
367520,19,817,16534,-21,-275,83,66,152,-8
367534,19,820,16525,-20,-281,87,62,152,-7
367548,19,818,16532,-16,-280,85,63,151,-3
367562,17,830,16544,-24,-281,88,65,152,-3
367576,14,826,16528,-16,-280,87,64,153,-4
367590,15,815,16537,-18,-275,84,64,153,-7
367604,20,821,16535,-19,-276,89,65,154,-5
367618,22,822,16530,-16,-278,89,64,151,-3
367632,13,824,16541,-16,-280,91,68,152,-6
367646,12,822,16535,-13,-280,85,64,152,-8
367660,13,820,16534,-18,-275,82,65,151,-2
367674,17,818,16533,-15,-281,87,67,149,-7
367688,25,814,16534,-14,-278,82,64,157,-5
367702,16,819,16534,-18,-273,85,62,158,-5
367716,19,818,16535,-19,-282,85,61,152,-5
367730,22,826,16538,-16,-276,87,64,155,-5
367744,25,823,16533,-17,-276,88,62,152,-7
367758,19,823,16536,-18,-278,88,67,151,-5
367772,18,813,16543,-10,-277,87,63,150,-4
367786,20,817,16534,-17,-278,87,62,151,-5
367800,18,824,16545,-18,-279,88,61,150,-3
367814,18,811,16551,-17,-280,83,63,155,-3
367828,14,808,16543,-17,-281,83,61,150,-8
367842,16,809,16539,-15,-277,85,64,150,-7
367856,17,819,16533,-13,-276,88,64,150,-3
367870,24,828,16542,-14,-283,85,63,149,-3
367884,20,826,16534,-20,-280,83,61,152,-2
367898,26,825,16534,-15,-277,84,66,154,-5
367912,22,831,16539,-14,-279,86,68,152,-6
367926,28,834,16529,-18,-279,85,67,152,-4
367940,24,824,16542,-13,-276,81,64,152,-5
367954,27,821,16541,-16,-278,82,64,152,-5
367968,32,826,16540,-21,-279,87,63,154,-8
367982,21,818,16541,-16,-280,82,63,153,-8
367996,14,821,16530,-15,-275,83,64,151,-4
368010,16,818,16534,-17,-277,84,66,157,-2
368024,25,824,16541,-14,-281,80,62,157,-6
368038,26,829,16537,-12,-278,80,66,155,-4
368052,16,828,16540,-18,-277,80,64,156,-5
368066,18,826,16538,-15,-279,84,63,152,-2
368080,11,828,16541,-20,-282,86,65,153,-4
368094,17,822,16550,-18,-276,80,67,154,-4
368108,22,810,16546,-17,-277,84,66,153,-5
368122,15,813,16531,-14,-280,82,62,153,-5
368136,18,820,16540,-20,-277,85,66,149,-6
368150,21,817,16531,-17,-283,84,62,148,-6
368164,23,817,16543,-19,-279,83,62,148,-6
368178,31,826,16543,-11,-282,84,64,148,-5
368192,17,829,16542,-21,-277,88,66,151,-3
368206,7,821,16532,-15,-273,85,65,149,-5
368220,22,825,16545,-15,-278,93,65,149,-3
368234,14,821,16543,-19,-279,89,61,152,-3
368248,23,820,16537,-18,-283,89,67,151,-6
368262,19,830,16541,-20,-282,87,66,153,-3
368276,21,825,16537,-18,-285,90,71,151,-2
368290,25,817,16538,-17,-276,89,67,154,-4
368304,26,822,16539,-18,-280,88,65,154,-6
368318,22,818,16535,-20,-282,85,63,154,-1
368332,19,823,16545,-19,-278,86,66,152,-3
368346,17,827,16544,-21,-278,86,66,152,-6
368360,16,823,16536,-15,-280,88,66,151,-6
368374,0,822,16545,-14,-275,85,64,152,-2
368388,8,819,16540,-14,-280,89,64,152,-2
368402,13,821,16543,-20,-282,87,64,154,-3
368416,22,820,16539,-21,-280,88,64,149,-3
368430,19,823,16555,-19,-283,87,67,147,-2
368444,17,826,16556,-19,-276,89,65,153,-1
368458,24,820,16546,-18,-278,91,61,150,-7
368472,16,822,16541,-18,-274,89,63,154,-7
368486,14,822,16547,-14,-277,86,59,153,-7
368500,15,820,16546,-21,-282,91,66,152,-6
368514,10,821,16541,-13,-279,88,63,153,-5
368528,8,818,16543,-14,-280,85,65,153,-5
368542,12,821,16544,-19,-276,85,65,150,-6
368556,26,828,16552,-13,-281,87,62,153,-3
368570,25,829,16536,-12,-278,81,62,149,-5
368584,22,828,16538,-17,-280,80,63,151,-3
368598,27,818,16551,-18,-285,85,63,152,-4
368612,24,823,16553,-21,-275,86,67,155,-5
368626,17,822,16546,-22,-279,91,63,154,-6
368640,13,820,16545,-22,-274,91,61,154,-7
368654,21,819,16545,-20,-272,94,61,152,-3
368668,18,821,16550,-18,-276,92,64,153,-3
368682,14,822,16551,-19,-282,88,65,151,-7
368696,14,819,16542,-15,-278,82,68,153,-4
368710,15,829,16546,-16,-280,88,63,152,-2
368724,14,822,16545,-16,-277,89,63,150,-1
368738,14,824,16550,-17,-282,86,64,153,-1
368752,11,821,16549,-23,-279,88,62,154,-4
368766,11,821,16538,-14,-278,80,66,150,-4
368780,26,823,16531,-18,-279,90,66,151,-3
368794,12,825,16541,-19,-275,87,63,150,-3
368808,27,822,16553,-18,-276,88,65,152,-2
368822,28,821,16551,-19,-275,91,68,155,-2
368836,32,815,16552,-12,-280,84,63,154,-2
368850,18,818,16556,-22,-281,84,61,154,-3
368864,23,815,16549,-20,-278,93,63,151,-5
368878,20,819,16545,-19,-272,85,59,152,-3
368892,17,816,16539,-16,-283,89,62,152,-5
368906,19,815,16544,-18,-282,91,63,148,-5
368920,16,829,16556,-18,-282,86,62,149,-6
368934,20,825,16544,-21,-286,86,67,152,-3
368948,17,825,16545,-19,-278,91,66,151,-6
368962,28,821,16538,-20,-278,86,61,148,-3
368976,21,819,16536,-18,-281,88,61,150,-3
368990,19,822,16538,-20,-279,92,66,153,-5
369004,14,821,16540,-17,-274,86,65,153,-2
369018,14,822,16540,-16,-279,87,66,152,-3
369032,18,822,16540,-19,-282,88,67,156,-4
369046,15,822,16539,-21,-282,85,64,155,-4
369060,22,818,16538,-21,-284,87,63,153,-6
369074,21,821,16540,-21,-276,86,62,151,-5
369088,18,821,16542,-18,-280,85,61,151,-5
369102,16,810,16548,-16,-286,87,63,154,-3
369116,12,815,16540,-16,-280,85,67,153,-4
369130,23,825,16549,-22,-276,87,65,156,-7
369144,20,829,16551,-20,-280,78,63,149,-5
369158,15,830,16550,-21,-281,84,64,150,-3
369172,18,829,16547,-21,-284,81,63,154,-7
369186,18,821,16548,-19,-277,87,65,154,-6
369200,18,827,16548,-17,-277,86,64,156,-3
369214,13,825,16539,-15,-274,86,65,152,-5
369228,16,826,16538,-17,-278,84,66,149,-6
369242,16,821,16554,-20,-277,86,62,154,-4
369256,17,815,16549,-15,-277,85,64,149,-5
369270,24,821,16549,-22,-277,84,66,152,-4
369284,15,825,16558,-17,-277,86,65,154,-6
369298,10,818,16537,-20,-283,88,64,155,-6
369312,8,817,16536,-15,-284,84,66,149,-5
369326,12,822,16539,-15,-276,83,64,149,-3
369340,13,823,16548,-16,-277,84,65,153,-3
369354,26,820,16539,-18,-276,82,62,154,-4
369368,24,825,16541,-19,-278,80,62,152,-4
369382,24,818,16534,-13,-278,85,64,156,-2
369396,23,818,16531,-18,-279,88,65,154,-3
369410,20,826,16543,-16,-281,89,66,152,-6
369424,19,827,16538,-21,-277,86,63,153,-7
369438,17,832,16546,-16,-276,88,62,153,-3
369452,14,829,16548,-9,-280,87,68,150,-5
369466,17,829,16541,-16,-278,83,67,150,-3
369480,17,830,16541,-21,-279,86,65,153,-8
369494,14,825,16557,-14,-278,91,64,154,-5
369508,25,829,16552,-18,-272,84,65,153,-2
369522,29,825,16541,-16,-275,91,67,157,-6
369536,17,823,16553,-18,-277,87,62,155,-4
369550,16,822,16550,-17,-277,86,63,153,-7
369564,25,816,16546,-13,-281,86,67,152,-8
369578,27,830,16549,-16,-278,82,66,150,-10
369592,16,822,16539,-11,-280,83,65,155,-4
369606,22,822,16547,-11,-277,81,65,156,-5
369620,20,825,16556,-19,-278,84,63,157,-4
369634,20,823,16548,-14,-279,81,62,157,-4
369648,33,821,16543,-21,-281,82,63,153,-3
369662,25,821,16543,-20,-275,82,63,154,1
369676,22,817,16546,-13,-283,86,62,153,-1
369690,27,812,16547,-16,-275,86,62,150,-7
369704,11,827,16548,-17,-276,83,62,155,-10
369718,15,823,16556,-15,-282,81,66,157,-3
369732,6,833,16547,-17,-276,81,64,155,-4
369746,6,826,16549,-13,-278,87,62,152,-6
369760,15,818,16560,-15,-281,85,64,149,1
369774,10,819,16551,-19,-278,83,63,150,1
369788,23,828,16543,-16,-277,85,64,155,-4
369802,22,830,16540,-15,-275,86,64,148,-4
369816,26,823,16558,-16,-287,91,65,152,-5
369830,17,815,16559,-17,-273,88,64,153,-4
369844,15,824,16551,-15,-279,87,63,155,-8
369858,15,822,16549,-15,-276,81,66,153,-5
369872,14,821,16560,-15,-277,85,66,159,-3
369886,28,818,16556,-16,-281,88,63,156,-3
369900,27,827,16533,-16,-277,85,62,153,-3
369914,26,826,16545,-22,-277,83,66,153,-1
369928,22,822,16545,-17,-282,87,65,148,-2
369942,26,812,16548,-17,-278,90,64,155,1
369956,15,816,16553,-22,-274,83,64,156,-3
369970,23,819,16552,-20,-278,87,65,152,-6
369984,14,829,16537,-17,-277,88,64,150,-5
369998,13,816,16557,-18,-277,90,62,156,-7
370012,7,807,16555,-16,-283,87,61,155,-7
370026,18,816,16552,-10,-282,85,65,155,-5
370040,17,821,16549,-18,-276,85,67,158,-7
370054,22,819,16546,-17,-281,85,65,157,-5
370068,20,821,16552,-17,-276,85,64,150,-9
370082,14,815,16538,-21,-284,84,60,154,-8
370096,18,820,16531,-18,-276,91,58,156,-4
370110,20,823,16555,-18,-277,86,63,152,-2
370124,23,822,16559,-12,-283,86,61,150,-4
370138,17,826,16555,-20,-279,86,68,152,1
370152,15,822,16554,-25,-278,86,68,155,-3
370166,20,817,16541,-22,-282,88,67,156,-5
370180,19,821,16549,-20,-280,86,67,153,-1
370194,24,821,16557,-23,-281,89,66,152,1
370208,22,831,16558,-16,-277,82,68,150,-5
370222,18,817,16543,-18,-282,84,70,150,-4
370236,19,823,16547,-16,-279,85,68,152,-6
370250,11,825,16549,-23,-275,84,67,153,-5
370264,17,829,16555,-20,-279,83,64,158,-7
370278,16,820,16548,-16,-282,82,64,148,-4
370292,19,822,16550,-19,-283,87,63,149,-4
370306,12,805,16546,-19,-278,85,63,154,-8
370320,18,814,16551,-15,-278,82,65,154,-4
370334,25,823,16557,-17,-276,84,62,154,1
370348,27,819,16555,-14,-281,86,66,153,-8
370362,27,821,16555,-13,-280,79,68,152,-6
370376,23,818,16547,-17,-274,85,63,149,-3
370390,24,821,16543,-12,-280,83,61,152,-6
370404,5,819,16538,-21,-277,83,64,153,-4
370418,11,813,16545,-13,-280,83,67,153,-5
370432,24,822,16550,-13,-284,88,67,150,-7
370446,25,820,16539,-16,-280,87,63,152,-3
370460,15,816,16551,-19,-276,85,62,152,-4
370474,13,816,16537,-18,-284,82,65,155,-6
370488,23,822,16550,-23,-281,84,63,156,-7
370502,22,827,16552,-20,-274,82,67,153,-5
370516,18,825,16545,-20,-279,84,63,155,-6
370530,18,821,16555,-21,-279,84,62,149,-10
370544,19,816,16543,-18,-279,88,62,149,-4
370558,28,826,16540,-18,-277,89,64,149,-4
370572,18,828,16539,-13,-272,86,63,156,-7
370586,14,835,16546,-14,-278,87,63,156,-8
370600,26,822,16546,-13,-281,81,64,155,-6
370614,23,816,16540,-12,-281,83,66,150,-8
370628,26,817,16544,-19,-278,84,68,148,-6
370642,27,820,16553,-19,-275,85,66,153,-6
370656,27,824,16540,-18,-278,89,64,152,-3
370670,21,823,16548,-21,-277,87,65,154,-4
370684,9,822,16550,-14,-281,83,67,152,-6
370698,9,821,16554,-17,-281,84,66,149,-4
370712,12,831,16544,-18,-285,84,65,154,-6
370726,28,820,16540,-18,-277,85,62,154,-4
370740,15,828,16547,-14,-281,86,66,156,-6
370754,17,821,16552,-17,-280,87,62,153,-6
370768,19,816,16538,-15,-274,81,65,155,-3
370782,18,821,16552,-19,-281,88,67,154,-5
370796,17,816,16550,-14,-282,90,64,152,-7
370810,12,825,16540,-14,-278,87,65,149,-7
370824,10,828,16543,-16,-283,85,65,153,-5
370838,18,819,16548,-13,-278,83,67,152,-3
370852,15,820,16547,-18,-279,83,66,154,-3
370866,19,816,16536,-19,-279,84,66,149,-3
370880,19,819,16542,-16,-278,87,64,151,-2
370894,28,823,16535,-17,-277,82,65,152,-3
370908,28,823,16538,-14,-280,84,66,154,-5
370922,18,827,16535,-14,-277,82,62,153,-6
370936,19,832,16542,-15,-274,83,66,152,-4
370950,22,827,16547,-15,-282,86,62,153,-3
370964,31,821,16557,-12,-281,85,65,148,-4
370978,14,815,16546,-17,-276,85,61,152,-5
370992,11,815,16550,-16,-275,89,68,150,-3
371006,18,823,16549,-17,-273,85,65,152,-6
371020,22,825,16544,-13,-282,87,62,154,-6
371034,20,815,16545,-14,-276,80,63,152,-3
371048,23,818,16547,-23,-277,86,64,151,-4
371062,23,822,16540,-17,-278,88,63,154,-7
371076,18,814,16545,-20,-275,87,61,153,-4
371090,20,815,16555,-21,-273,84,65,155,-2
371104,15,820,16555,-20,-280,84,63,151,-5
371118,11,826,16536,-18,-276,84,61,153,-5
371132,19,817,16543,-13,-283,82,66,154,-6
371146,23,818,16538,-16,-283,85,64,152,-3
371160,25,812,16538,-17,-280,85,62,154,-1
371174,16,812,16538,-16,-281,86,66,154,-2
371188,18,823,16542,-12,-278,87,64,153,-4
371202,19,823,16535,-19,-278,85,63,156,-3
371216,23,823,16543,-18,-278,87,64,156,-3
371230,21,826,16539,-17,-279,91,63,157,-1
371244,14,826,16546,-17,-277,84,68,155,-5
371258,10,822,16536,-20,-279,88,65,155,-7
371272,23,822,16539,-17,-277,86,62,152,-7
371286,27,822,16549,-16,-279,87,67,152,-4
371300,16,815,16547,-18,-279,86,65,157,-5
371314,26,813,16541,-19,-276,87,66,153,-4
371328,21,823,16540,-20,-277,87,64,152,-8
371342,19,822,16545,-20,-279,86,65,154,-3
371356,30,809,16547,-19,-274,86,65,150,-7
371370,22,808,16548,-15,-281,85,63,155,-1
371384,15,832,16539,-13,-278,86,62,156,-3
371398,15,833,16540,-16,-280,87,62,157,-3
371412,16,821,16545,-13,-280,84,64,154,-4
371426,12,823,16539,-19,-274,84,63,152,-4
371440,27,823,16536,-17,-275,83,65,152,-3
371454,23,821,16533,-20,-283,83,62,154,-3
371468,16,820,16542,-14,-275,84,64,153,1
371482,13,819,16550,-17,-277,85,62,151,-6
371496,18,824,16549,-20,-280,86,65,151,-2
371510,19,821,16552,-18,-274,87,64,150,-2
371524,19,827,16542,-23,-279,86,62,155,-5
371538,11,826,16539,-19,-278,85,66,156,-6
371552,23,819,16552,-20,-275,87,65,154,-5
371566,28,820,16546,-23,-281,91,63,153,-3
371580,14,822,16538,-19,-279,84,65,155,-2
371594,14,822,16534,-20,-278,86,61,152,-6
371608,24,829,16546,-19,-281,85,63,152,-8
371622,17,822,16554,-16,-274,86,61,149,-6
371636,17,820,16549,-14,-281,81,60,150,-1
371650,15,818,16542,-17,-278,86,62,150,-1
371664,23,824,16547,-16,-278,86,60,149,-2
371678,23,825,16536,-13,-274,81,63,150,-2
371692,19,832,16543,-15,-277,81,63,149,-2
371706,28,818,16553,-15,-275,87,68,150,-4
371720,22,817,16540,-17,-275,87,62,149,-8
371734,29,821,16541,-21,-280,86,63,151,-6
371748,23,826,16546,-19,-280,89,62,153,-3
371762,24,815,16549,-21,-276,89,63,150,-3
371776,27,816,16552,-18,-281,88,66,150,-7
371790,20,815,16536,-17,-279,86,63,153,-3
371804,22,820,16534,-15,-280,85,65,154,-4
371818,21,822,16539,-16,-277,85,65,153,-4
371832,23,819,16545,-19,-282,87,66,154,-3
371846,26,817,16537,-21,-281,88,64,154,-4
371860,27,820,16542,-15,-277,82,67,153,-5
371874,22,813,16544,-18,-278,85,62,151,-2
371888,17,815,16538,-21,-277,86,65,151,-8
371902,16,820,16554,-19,-278,84,62,151,-10
371916,13,823,16542,-19,-280,86,59,150,-8
371930,20,829,16548,-24,-285,89,63,153,-5
371944,16,828,16550,-22,-276,86,66,148,-3
371958,21,830,16539,-25,-273,83,62,153,-3
371972,20,826,16547,-24,-279,84,61,152,-4
371986,15,820,16541,-16,-277,86,64,152,-4
372000,19,817,16537,-21,-277,89,63,152,-4
372014,24,817,16543,-18,-280,83,62,150,-5
372028,37,817,16549,-16,-276,89,65,152,-7
372042,25,827,16545,-14,-279,86,68,148,-6
372056,15,817,16544,-18,-278,81,67,150,-3
372070,18,816,16538,-14,-278,87,66,151,-1
372084,16,813,16548,-16,-278,90,63,153,1
372098,21,817,16555,-19,-282,86,60,151,-2
372112,19,821,16542,-17,-278,84,61,152,-1
372126,16,816,16545,-19,-281,85,64,152,-1
372140,20,823,16538,-19,-276,87,64,153,-4
372154,14,823,16541,-13,-277,83,62,154,-5
372168,23,830,16541,-19,-279,85,64,157,-4
372182,27,827,16540,-14,-280,82,66,156,-6
372196,18,827,16553,-19,-282,89,62,153,-3
372210,22,824,16554,-22,-279,86,62,155,-3
372224,7,825,16553,-20,-275,85,64,154,-5
372238,16,829,16552,-16,-281,83,65,152,-6
372252,22,827,16545,-15,-283,85,67,152,-9
372266,17,826,16535,-17,-278,82,63,153,-2
372280,24,824,16558,-15,-278,84,63,149,-2
372294,23,817,16556,-17,-278,84,63,153,-5
372308,19,827,16547,-15,-277,84,62,153,-3
372322,24,827,16557,-22,-277,85,64,152,-6
372336,17,825,16550,-14,-276,88,68,152,-5
372350,26,819,16549,-15,-278,85,67,154,-2
372364,27,826,16551,-15,-278,85,66,154,-2
372378,30,823,16553,-13,-278,85,63,152,-7
372392,31,822,16529,-19,-275,86,63,150,-4
372406,29,812,16542,-19,-279,87,60,152,-7
372420,17,824,16543,-23,-275,84,63,152,-6
372434,15,823,16540,-22,-279,88,66,154,-5
372448,19,818,16542,-16,-280,79,64,148,-6
372462,16,816,16543,-18,-280,84,65,150,-8
372476,12,824,16549,-17,-278,88,64,153,-7
372490,22,820,16543,-17,-277,87,62,155,-5
372504,22,828,16548,-16,-280,82,66,157,-9
372518,17,825,16547,-16,-283,82,63,148,-6
372532,24,826,16540,-12,-279,85,67,150,-7
372546,17,812,16535,-16,-279,85,67,152,-7
372560,26,811,16541,-17,-276,86,66,152,-7
372574,23,817,16540,-12,-277,84,64,153,-3
372588,23,817,16536,-20,-278,87,63,153,-3
372602,23,823,16539,-16,-277,84,64,155,-6
372616,22,827,16544,-22,-272,84,63,156,-3
372630,13,816,16547,-21,-280,83,61,153,-2
372644,9,828,16549,-17,-276,83,66,153,-6
372658,22,821,16545,-19,-275,81,62,152,-7
372672,19,818,16541,-24,-279,84,63,153,-7
372686,22,819,16534,-17,-281,92,64,148,-6
372700,27,824,16539,-18,-276,88,66,149,-4
372714,17,819,16541,-18,-277,91,63,150,-5
372728,19,823,16535,-17,-274,84,66,148,-3
372742,7,824,16532,-17,-279,90,67,153,-1
372756,12,825,16538,-23,-280,86,65,154,-6
372770,24,821,16548,-24,-275,85,63,154,-4
372784,20,823,16546,-24,-279,86,61,153,-5
372798,17,826,16542,-27,-280,90,64,150,-8
372812,25,827,16539,-28,-278,87,67,150,-5
372826,26,828,16552,-21,-279,88,67,154,-4
372840,24,832,16543,-18,-275,85,64,156,-5
372854,18,820,16532,-18,-273,83,66,152,-3
372868,19,821,16535,-17,-274,87,66,153,-3
372882,22,817,16544,-23,-278,88,61,154,-5
372896,12,821,16544,-26,-276,89,66,154,-6
372910,8,820,16545,-18,-282,86,66,150,-2
372924,12,820,16541,-17,-277,85,61,155,-7
372938,17,815,16542,-16,-274,88,62,155,-5
372952,20,822,16539,-16,-279,84,65,153,-6
372966,23,825,16547,-18,-280,83,62,152,-6
372980,23,823,16539,-20,-280,89,64,149,-5
372994,26,825,16540,-20,-281,85,63,150,-5
373008,19,823,16541,-18,-281,88,64,152,-4
373022,19,819,16541,-22,-281,86,66,154,-5
373036,26,830,16544,-23,-281,84,61,154,-3
373050,19,822,16545,-14,-281,84,61,155,-1
373064,23,827,16542,-20,-281,85,65,153,-6
373078,26,823,16538,-19,-277,88,65,154,-3
373092,22,822,16540,-18,-273,90,69,154,-7
373106,26,820,16546,-16,-275,83,64,153,-4
373120,24,820,16535,-19,-277,84,64,150,-2
373134,23,819,16534,-15,-281,86,69,150,-3
373148,13,821,16534,-14,-279,88,69,148,-5
373162,11,821,16534,-20,-280,88,62,149,-5
373176,8,823,16547,-18,-277,85,64,148,-3
373190,5,828,16546,-16,-277,84,64,147,-4
373204,8,818,16537,-19,-273,89,66,148,-7
373218,13,828,16541,-20,-279,85,66,147,-5
373232,19,823,16538,-23,-287,87,66,152,-5
373246,23,826,16536,-20,-280,87,64,153,-9
373260,22,829,16546,-12,-283,84,65,155,-2
373274,22,827,16549,-18,-277,86,61,153,-5
373288,26,824,16544,-15,-276,79,63,150,-8
373302,22,823,16536,-18,-282,87,64,151,-3
373316,31,823,16541,-17,-280,84,65,153,-2
373330,29,815,16549,-14,-281,84,65,154,-6
373344,12,824,16543,-20,-277,87,65,150,-5
373358,15,823,16546,-17,-276,94,63,155,-4
373372,9,830,16552,-15,-276,88,63,152,-5
373386,21,834,16542,-18,-279,89,66,150,-6
373400,18,821,16550,-22,-283,85,64,153,-2
373414,20,827,16544,-23,-282,85,66,154,-5
373428,26,820,16545,-19,-282,91,67,155,-4
373442,19,814,16538,-19,-279,90,62,153,-5
373456,14,817,16548,-21,-273,88,64,150,-4
373470,20,818,16551,-18,-280,83,62,150,-7
373484,16,823,16535,-14,-279,89,63,150,-3
373498,19,827,16540,-18,-278,87,63,152,-3
373512,24,825,16546,-20,-284,93,64,157,-6
373526,19,812,16542,-16,-277,88,65,156,-3
373540,23,814,16543,-17,-279,81,66,154,-3
373554,32,819,16540,-20,-277,84,67,154,-4
373568,27,823,16542,-21,-278,88,66,158,-6
373582,22,825,16539,-19,-280,87,62,152,-9
373596,19,825,16543,-20,-276,83,63,149,-7
373610,25,819,16535,-18,-280,86,65,149,-6
373624,12,820,16540,-19,-274,91,67,148,-8
373638,19,822,16535,-15,-273,88,67,152,-3
373652,20,823,16539,-18,-279,87,63,150,-6
373666,17,824,16533,-26,-277,90,64,153,-5
373680,28,814,16537,-17,-284,86,62,156,-8
373694,24,815,16535,-18,-277,89,62,154,-7
373708,20,818,16549,-19,-272,86,67,156,-5
373722,19,816,16540,-18,-278,87,63,153,-5
373736,20,823,16539,-19,-276,85,68,154,-5
373750,5,826,16544,-21,-279,91,64,156,-5
373764,6,825,16545,-21,-281,89,62,156,-4
373778,21,830,16544,-13,-281,87,62,154,-5
373792,25,833,16548,-19,-273,88,66,153,-5
373806,14,820,16542,-25,-273,88,62,154,-2
373820,19,822,16548,-22,-280,89,65,156,-5
373834,24,819,16549,-20,-279,83,67,156,-4
373848,18,814,16549,-21,-280,87,64,156,-5
373862,20,828,16539,-22,-281,93,65,155,-3
373876,13,831,16538,-20,-273,88,63,153,-1
373890,14,826,16542,-22,-275,87,63,156,-2
373904,11,823,16539,-18,-277,88,67,154,-2
373918,12,820,16541,-20,-278,86,63,149,-7
373932,12,824,16534,-18,-278,87,62,149,-4
373946,15,822,16537,-22,-277,88,62,152,-4
373960,26,824,16536,-18,-277,85,64,153,-5
373974,27,820,16542,-16,-280,90,64,152,-5
373988,19,818,16536,-22,-275,91,62,149,-7
374002,23,825,16532,-23,-274,88,63,150,-5
374016,10,821,16546,-20,-275,86,63,152,-5
374030,3,821,16545,-19,-278,90,65,153,2
374044,20,820,16536,-16,-280,87,65,155,-2
374058,20,819,16542,-18,-275,90,65,155,-6
374072,15,827,16551,-23,-279,86,66,154,-3
374086,18,825,16543,-18,-281,85,65,153,-1
374100,30,826,16548,-17,-283,86,62,153,-2
374114,24,823,16546,-18,-278,87,64,153,-4
374128,24,825,16553,-17,-283,87,65,153,-5
374142,21,827,16552,-18,-278,87,67,153,-3
374156,19,810,16548,-13,-276,88,65,156,-4
374170,10,819,16550,-20,-280,90,61,155,-3
374184,38,826,16547,-16,-281,89,65,153,-4
374198,33,820,16539,-18,-281,85,64,153,-6
374212,25,827,16544,-24,-279,89,62,150,-3
374226,27,823,16543,-19,-280,86,63,150,-6
374240,13,821,16537,-19,-280,86,63,152,-4
374254,8,822,16536,-18,-279,85,64,158,-3
374268,24,824,16545,-20,-279,90,64,155,-6
374282,17,828,16537,-19,-285,92,63,156,-2
374296,15,825,16535,-20,-278,91,64,154,1
374310,19,826,16538,-18,-276,85,66,153,1
374324,13,822,16545,-19,-274,81,65,155,-5
374338,15,814,16541,-17,-278,88,62,155,-4
374352,21,811,16542,-14,-279,90,65,153,-3
374366,20,814,16539,-19,-278,90,64,153,-8
374380,16,829,16548,-20,-278,90,63,155,-6
374394,18,827,16542,-12,-280,88,61,157,-3
374408,19,823,16536,-19,-275,86,65,154,-3
374422,19,819,16536,-14,-274,89,63,153,-2
374436,21,822,16541,-15,-281,91,67,154,-5
374450,17,818,16534,-19,-279,89,63,154,-4
374464,19,822,16532,-21,-280,89,63,154,-8
374478,22,817,16538,-22,-284,86,64,153,-5
374492,21,820,16541,-18,-282,88,64,155,-2
374506,21,826,16546,-19,-275,85,63,156,-6
374520,24,815,16542,-20,-281,85,60,159,-6
374534,26,828,16548,-13,-281,90,59,156,-3
374548,21,823,16550,-17,-275,83,64,153,-4
374562,19,829,16539,-18,-282,84,63,156,-4
374576,24,825,16536,-18,-277,87,63,154,-2
374590,17,825,16530,-17,-279,85,63,153,-2
374604,20,818,16542,-25,-281,88,66,153,-5
374618,19,827,16550,-17,-272,83,64,152,-5
374632,21,819,16549,-16,-278,87,63,152,-4
374646,14,822,16530,-16,-281,85,65,153,-7
374660,20,824,16537,-17,-276,87,65,154,-6
374674,24,822,16533,-16,-276,90,63,148,-4
374688,13,827,16524,-16,-275,89,65,146,-5
374702,12,824,16529,-19,-279,91,68,152,-3
374716,14,825,16536,-14,-276,91,63,155,-7
374730,22,821,16543,-21,-282,87,63,153,-8
374744,22,816,16536,-13,-279,85,65,149,3
374758,25,826,16527,-13,-280,86,65,149,-1
374772,28,832,16531,-16,-280,84,63,152,-4
374786,23,828,16531,-16,-285,86,65,155,-2
374800,20,822,16530,-22,-282,89,63,154,-5
374814,22,825,16544,-15,-272,84,64,155,-2
374828,19,831,16541,-18,-278,85,63,158,1
374842,17,832,16531,-14,-281,89,65,157,-6
374856,22,832,16530,-15,-275,86,63,150,-7
374870,27,831,16528,-22,-280,86,66,152,-4
374884,24,819,16548,-22,-275,88,63,152,-3
374898,17,821,16542,-17,-282,84,65,150,-8
374912,10,823,16548,-22,-283,86,63,152,-3
374926,16,824,16533,-19,-281,88,63,152,-5
374940,23,827,16539,-18,-279,89,65,154,-4
374954,26,821,16540,-19,-281,88,64,155,-6
374968,10,819,16543,-14,-279,89,63,155,-3
374982,10,816,16546,-18,-281,88,61,148,-5
374996,4,820,16524,-16,-277,88,64,147,-6
375010,11,823,16532,-19,-273,92,63,150,-8
375024,21,826,16532,-17,-284,90,66,156,-5
375038,15,820,16529,-19,-279,84,64,154,-5
375052,27,821,16531,-17,-281,83,62,154,-5
375066,27,814,16530,-20,-278,85,60,153,-4
375080,23,831,16530,-13,-280,87,62,154,-2
375094,18,830,16539,-20,-279,89,65,158,-3
375108,9,825,16539,-21,-279,88,66,156,-4
375122,10,819,16541,-23,-278,86,63,150,-5
375136,29,820,16544,-17,-278,82,62,153,-6
375150,19,826,16532,-19,-277,86,63,154,-5
375164,14,828,16532,-19,-272,82,65,154,-4
375178,18,831,16527,-18,-276,81,63,157,1
375192,19,816,16530,-23,-285,88,62,155,-7
375206,12,817,16527,-16,-280,85,65,154,-3
375220,21,826,16550,-16,-278,89,65,150,-2
375234,13,821,16543,-20,-280,86,62,154,-7
375248,23,825,16520,-19,-282,84,64,157,-10
375262,21,815,16527,-20,-279,89,65,155,-5
375276,24,818,16534,-20,-281,86,62,152,-4
375290,17,818,16532,-23,-279,88,63,154,-3
375304,19,817,16537,-16,-278,84,65,154,-3
375318,15,824,16542,-19,-278,82,67,152,-4
375332,18,825,16543,-15,-276,86,63,149,-2
375346,12,825,16546,-19,-275,88,62,152,-5
375360,17,826,16544,-18,-275,89,64,155,-4
375374,24,817,16524,-18,-275,89,60,153,-4
375388,19,818,16528,-24,-280,89,63,150,-5
375402,21,831,16532,-17,-279,81,62,150,-5
375416,19,827,16538,-9,-277,86,62,148,-5
375430,28,821,16529,-20,-280,87,61,153,-6
375444,15,820,16540,-13,-277,85,61,153,-6
375458,18,819,16535,-17,-281,86,63,150,-7
375472,23,821,16540,-19,-276,82,67,153,-3
375486,20,813,16546,-15,-274,92,65,153,-1
375500,21,818,16536,-19,-276,85,64,158,-6
375514,26,834,16539,-12,-282,83,67,158,-4
375528,25,832,16526,-12,-281,85,68,156,-3
375542,18,831,16528,-14,-281,82,62,152,-5
375556,20,833,16531,-16,-278,84,64,156,-9
375570,28,822,16554,-24,-279,84,66,150,-7
375584,27,817,16543,-19,-284,85,63,148,-7
375598,26,818,16543,-20,-278,84,64,150,-4
375612,27,819,16542,-21,-282,88,66,154,-5
375626,20,819,16537,-18,-284,89,67,153,-3
375640,14,822,16536,-23,-279,91,64,152,-6
375654,13,833,16535,-22,-279,88,64,148,-5
375668,10,827,16541,-21,-273,89,63,150,-6
375682,14,819,16538,-21,-273,82,61,149,-7
375696,22,816,16539,-24,-281,84,62,150,-4
375710,24,815,16533,-15,-278,87,65,149,-8
375724,13,825,16536,-18,-276,88,63,149,-4
375738,19,821,16541,-19,-282,90,61,153,-5
375752,14,819,16538,-20,-277,85,61,150,-5
375766,18,820,16534,-21,-276,89,62,152,-7
375780,6,818,16538,-17,-277,88,65,148,-3
375794,16,818,16543,-18,-285,86,61,148,-2
375808,21,816,16542,-16,-281,83,61,146,-1
375822,23,820,16537,-16,-283,81,62,147,-2
375836,22,819,16530,-18,-274,85,66,149,-5
375850,22,819,16531,-20,-280,84,62,150,-5
375864,16,821,16542,-17,-278,83,61,149,-6
375878,14,819,16544,-17,-283,86,68,155,-9
375892,19,826,16535,-20,-278,86,68,155,-7
375906,16,815,16542,-16,-275,83,65,154,-8
375920,8,821,16549,-17,-275,86,65,156,-6
375934,7,824,16535,-22,-281,87,65,157,-7
375948,13,826,16536,-16,-275,87,63,150,-4
375962,14,823,16536,-20,-279,83,65,154,-5
375976,25,823,16533,-19,-278,89,66,154,-4
375990,22,825,16545,-22,-279,85,64,152,-7
376004,10,819,16534,-17,-278,88,64,152,-6
376018,3,821,16549,-14,-279,87,63,150,-2
376032,14,818,16538,-19,-282,87,61,153,-4
376046,14,820,16543,-14,-280,87,61,156,-6
376060,7,827,16533,-21,-281,83,64,150,-2
376074,12,827,16540,-20,-276,87,63,150,-3
376088,13,824,16542,-20,-275,90,65,154,-4
376102,11,827,16544,-20,-274,88,63,156,-4
376116,16,826,16543,-23,-279,86,63,153,-6
376130,22,820,16541,-17,-282,88,60,153,-6
376144,12,821,16547,-18,-278,91,60,150,-2
376158,18,821,16542,-21,-280,90,65,153,-5
376172,22,828,16539,-17,-278,91,67,155,-4
376186,24,823,16541,-13,-277,87,65,150,-3
376200,17,822,16543,-20,-275,82,63,153,-2
376214,17,817,16539,-19,-283,85,64,153,-1
376228,9,811,16545,-14,-276,88,65,155,-1
376242,25,824,16539,-14,-276,87,66,155,-5
376256,29,824,16543,-13,-285,90,67,153,-4
376270,18,821,16542,-16,-278,86,63,152,3
376284,16,822,16537,-16,-281,86,64,155,1
376298,19,820,16549,-19,-281,87,66,157,-8
376312,22,823,16540,-17,-281,87,67,156,-7
376326,19,816,16537,-12,-282,85,67,154,-6
376340,26,818,16552,-17,-278,84,66,152,-5
376354,11,822,16534,-22,-274,87,66,157,-5
376368,9,819,16548,-16,-278,87,64,153,-5
376382,17,819,16532,-22,-279,85,65,153,-1
376396,20,817,16534,-18,-281,88,65,154,-3
376410,23,826,16550,-17,-278,85,61,150,-4
376424,22,821,16550,-15,-276,86,60,148,-6
376438,18,816,16549,-17,-278,81,65,154,-5
376452,17,812,16548,-24,-278,81,64,155,-4
376466,18,820,16551,-16,-276,80,63,148,-5
376480,4,822,16553,-17,-282,81,65,150,-5
376494,18,825,16548,-16,-282,88,62,153,-6
376508,19,829,16551,-20,-282,89,63,154,-8
376522,21,823,16545,-26,-278,88,63,154,-6
376536,19,818,16544,-19,-272,85,63,157,-6
376550,21,823,16542,-20,-278,89,62,155,-6
376564,11,838,16541,-21,-281,88,64,150,-5
376578,20,828,16541,-14,-279,89,63,153,-6
376592,20,821,16550,-14,-277,90,64,149,-5
376606,15,819,16546,-19,-280,85,59,153,-5
376620,23,816,16546,-14,-277,85,61,152,-6
376634,23,814,16545,-12,-276,87,62,153,-3
376648,20,822,16545,-17,-278,85,65,154,-2
376662,17,820,16548,-23,-280,87,66,156,-3
376676,32,826,16537,-17,-283,86,65,150,-10
376690,26,833,16542,-19,-281,92,63,153,-4
376704,18,828,16548,-20,-275,88,64,153,-2
376718,18,827,16552,-19,-279,85,64,152,-1
376732,14,831,16551,-15,-282,87,63,154,-6
376746,22,825,16537,-16,-279,87,61,154,-7
376760,29,823,16545,-17,-283,82,64,152,-5
376774,30,830,16548,-13,-278,84,65,150,-3
376788,18,827,16543,-20,-280,82,63,149,-5
376802,13,823,16550,-17,-281,81,61,152,-4
376816,14,817,16545,-15,-278,89,63,150,-7
376830,17,816,16554,-16,-280,85,64,152,-4
376844,11,819,16541,-15,-284,83,66,153,-7
376858,17,815,16545,-21,-272,85,66,152,-7
376872,10,821,16549,-18,-281,85,65,152,-7
376886,27,823,16554,-20,-277,90,62,150,-7
376900,14,824,16544,-20,-278,86,63,150,-3
376914,15,822,16540,-19,-279,86,61,153,-3
376928,24,816,16543,-18,-278,86,62,154,-7
376942,15,816,16550,-16,-278,81,62,152,-5
376956,9,825,16537,-20,-279,85,66,155,-4
376970,23,824,16537,-23,-279,86,64,153,-2
376984,18,820,16558,-10,-276,84,65,150,-4
376998,17,829,16558,-17,-279,88,64,149,-3
377012,19,829,16553,-19,-278,81,66,148,-7
377026,7,828,16549,-18,-276,80,65,153,-3
377040,12,823,16541,-18,-278,82,64,150,-3
377054,21,819,16529,-13,-277,86,65,150,-4
377068,15,818,16538,-10,-279,85,66,155,-4
377082,26,824,16543,-15,-284,84,66,154,-6
377096,29,815,16544,-19,-280,85,63,155,-4
377110,17,823,16549,-16,-279,79,61,156,-8
377124,17,824,16545,-16,-278,86,63,156,-3
377138,17,823,16547,-17,-279,81,60,155,-4
377152,28,817,16541,-20,-278,83,67,158,-5
377166,24,827,16546,-19,-277,84,67,154,-7
377180,15,823,16541,-16,-279,83,65,153,-6
377194,21,829,16535,-16,-286,86,65,152,-3
377208,10,826,16545,-14,-281,89,66,156,-3
377222,30,820,16545,-18,-281,85,69,150,-5
377236,20,824,16538,-13,-283,84,68,150,-5
377250,16,815,16549,-20,-273,82,62,148,-6
377264,17,817,16544,-20,-275,84,66,152,-5
377278,15,822,16538,-18,-278,85,65,148,-6
377292,13,819,16543,-18,-272,83,68,152,1
377306,36,819,16542,-20,-278,87,68,154,1
377320,23,819,16544,-21,-277,85,65,158,-6
377334,13,825,16546,-24,-276,89,63,153,-6
377348,21,828,16548,-16,-280,89,63,150,-8
377362,18,822,16559,-20,-279,84,65,148,-2
377376,8,821,16547,-21,-280,88,65,150,1
377390,7,826,16549,-18,-282,91,69,153,-5
377404,10,826,16544,-17,-276,82,64,153,-6
377418,15,824,16539,-12,-278,81,62,152,-7
377432,15,826,16542,-14,-277,86,63,156,-4
377446,13,829,16539,-18,-277,88,62,154,-2
377460,24,821,16543,-13,-279,85,64,154,-2
377474,31,825,16547,-15,-279,86,60,150,-3
377488,20,831,16549,-16,-278,82,64,153,-3
377502,17,833,16547,-18,-284,82,63,155,-4
377516,13,828,16542,-13,-281,85,63,155,-4
377530,11,821,16543,-20,-275,84,65,152,-4
377544,20,830,16541,-12,-277,87,64,153,-4
377558,22,830,16538,-13,-279,79,64,155,-1
377572,18,824,16552,-18,-281,81,66,152,-1
377586,22,825,16544,-20,-283,81,64,149,-3
377600,16,818,16541,-16,-276,81,63,149,-5
377614,17,816,16540,-13,-283,83,63,154,-5
377628,21,821,16554,-12,-282,84,62,155,-4
377642,16,814,16543,-14,-278,88,62,154,-2
377656,20,825,16541,-13,-274,86,63,152,-3
377670,26,817,16548,-17,-275,81,63,152,-4
377684,16,827,16541,-19,-278,88,68,153,-2
377698,19,829,16541,-13,-279,85,70,155,-2
377712,15,822,16545,-23,-281,89,66,154,-3
377726,18,824,16543,-17,-280,91,64,152,-2
377740,23,822,16540,-16,-278,86,65,149,-6
377754,15,825,16546,-22,-276,85,62,153,-7
377768,30,822,16529,-13,-276,86,63,158,-6
377782,30,827,16534,-14,-279,86,63,154,-6
377796,18,817,16543,-17,-277,84,63,154,-6
377810,21,813,16540,-18,-282,88,65,153,-6
377824,19,827,16547,-17,-275,88,65,152,-3
377838,14,827,16554,-16,-273,86,66,154,-4
377852,20,817,16546,-21,-278,90,63,156,-5
377866,20,819,16539,-21,-282,92,62,157,-7
377880,27,814,16539,-16,-278,87,63,154,-3
377894,17,823,16540,-22,-285,87,63,154,-2
377908,14,824,16535,-19,-281,87,62,149,-8
377922,7,825,16543,-15,-277,91,60,153,-10
377936,14,828,16540,-13,-277,88,64,152,-7
377950,12,816,16541,-20,-280,85,62,154,-7
377964,16,817,16546,-17,-278,85,61,152,-9
377978,19,819,16543,-20,-276,90,65,158,-6
377992,10,821,16537,-28,-280,88,61,157,-8
378006,22,829,16548,-24,-279,87,62,156,-7
378020,23,828,16547,-19,-281,90,63,154,-4
378034,19,817,16541,-17,-281,90,62,153,-3
378048,18,821,16532,-20,-277,80,62,153,-7
378062,17,816,16546,-20,-279,82,64,149,-5
378076,21,814,16540,-18,-281,85,66,150,-2
378090,7,818,16543,-20,-277,87,65,157,-8
378104,9,817,16542,-18,-275,89,62,155,-5
378118,13,829,16543,-13,-278,82,66,150,-5
378132,16,824,16550,-10,-275,84,65,155,-5
378146,16,820,16537,-21,-279,90,64,156,-6
378160,16,829,16543,-21,-281,85,62,153,-5
378174,14,816,16543,-16,-279,88,64,152,-4
378188,19,823,16539,-18,-279,88,63,154,-6
378202,20,814,16540,-21,-277,83,62,155,-7
378216,26,820,16542,-17,-282,86,63,155,-3
378230,17,820,16542,-17,-275,88,65,153,-3
378244,16,822,16542,-18,-274,85,61,155,-4
378258,20,827,16531,-20,-281,86,66,147,-2
378272,21,818,16538,-20,-279,82,67,149,-3
378286,25,812,16542,-19,-276,82,68,155,-4
378300,19,815,16544,-21,-283,83,63,158,-6
378314,15,815,16551,-13,-273,88,65,156,-5
378328,14,822,16547,-15,-284,86,64,152,-2
378342,18,821,16548,-20,-282,89,63,150,-1
378356,19,828,16539,-13,-277,87,64,158,-5
378370,16,824,16546,-17,-278,90,64,156,-4
378384,9,819,16548,-22,-277,89,64,154,-3
378398,11,820,16542,-19,-277,85,66,154,-6
378412,23,826,16534,-17,-281,87,67,155,-3
378426,30,826,16545,-10,-278,81,62,153,-1
378440,20,826,16541,-17,-275,84,63,152,-1
378454,20,826,16541,-15,-279,86,63,152,-3
378468,30,821,16545,-16,-279,85,62,147,-3
378482,29,822,16543,-14,-284,84,63,150,3
378496,22,818,16540,-16,-282,89,65,154,-2
378510,20,819,16537,-20,-280,87,68,154,-3
378524,18,816,16543,-21,-277,85,64,156,-5
378538,25,817,16534,-20,-273,86,65,152,-4
378552,15,830,16534,-14,-277,90,63,150,-5
378566,14,832,16535,-16,-280,86,63,155,-4
378580,17,820,16540,-17,-276,85,63,152,-5
378594,24,814,16532,-17,-277,87,62,152,-6
378608,28,813,16543,-15,-282,82,62,156,-3
378622,26,817,16538,-20,-277,82,64,155,-5
378636,22,827,16546,-16,-280,91,64,155,-4
378650,19,828,16536,-19,-280,87,65,154,-3
378664,24,827,16542,-14,-279,86,66,153,-4
378678,22,828,16544,-17,-278,86,63,154,-5
378692,19,812,16548,-18,-279,88,63,152,-4
378706,15,810,16536,-18,-283,89,66,150,-4
378720,9,827,16534,-15,-283,88,66,153,-3
378734,14,825,16521,-17,-274,90,63,152,-5
378748,14,829,16533,-14,-274,84,63,153,-5
378762,11,828,16547,-19,-281,91,65,153,-7
378776,11,823,16546,-16,-280,93,65,155,-6
378790,20,828,16535,-15,-273,89,63,155,-5
378804,10,825,16550,-22,-275,78,66,150,-5
378818,15,831,16541,-18,-275,83,66,150,-5
378832,16,822,16533,-20,-274,86,65,147,-4
378846,18,821,16542,-23,-280,84,65,156,-1
378860,13,823,16541,-21,-276,86,66,154,-3
378874,19,822,16544,-19,-273,87,65,152,-4
378888,16,828,16548,-17,-279,83,62,150,-7
378902,29,821,16545,-12,-273,85,61,151,-5
378916,28,825,16542,-21,-277,85,64,153,-6
378930,20,826,16534,-17,-276,86,63,153,-6
378944,21,824,16537,-16,-276,91,64,155,-8
378958,24,821,16529,-21,-278,89,66,155,-7
378972,21,823,16522,-19,-274,88,65,155,-5
378986,11,826,16539,-18,-279,84,64,152,-7
379000,17,822,16538,-20,-278,82,62,154,-7
379014,20,820,16543,-17,-277,83,66,151,-2
379028,17,815,16544,-22,-278,90,65,152,-4
379042,17,814,16540,-22,-283,90,66,156,-5
379056,25,814,16541,-9,-277,83,65,156,-3
379070,16,825,16539,-26,-277,84,65,156,-6
379084,20,824,16551,-18,-280,87,68,156,-6
379098,21,821,16533,-18,-277,85,67,157,-7
379112,24,825,16538,-20,-278,89,66,156,-2
379126,12,824,16536,-14,-281,85,65,153,-2
379140,14,819,16536,-19,-279,85,66,152,-3
379154,26,817,16542,-22,-282,87,61,149,-8
379168,18,824,16542,-24,-277,87,64,152,-4
379182,11,820,16544,-20,-278,80,63,153,-5
379196,19,823,16548,-20,-281,83,63,152,-2
379210,22,821,16541,-18,-280,84,63,151,-3
379224,10,816,16536,-16,-281,85,63,155,-6
379238,8,811,16537,-14,-283,84,61,155,-3
379252,6,826,16540,-17,-280,87,63,157,-3
379266,15,822,16546,-22,-281,88,64,156,-5
379280,22,822,16547,-18,-279,86,67,154,-8
379294,31,825,16544,-15,-282,85,62,152,-2
379308,23,817,16541,-16,-275,88,65,152,-4
379322,23,823,16530,-11,-280,86,62,155,-6
379336,21,821,16546,-20,-279,84,61,153,-4
379350,28,826,16545,-17,-276,84,60,153,-5
379364,19,825,16544,-23,-277,85,65,152,-1
379378,9,828,16555,-21,-281,84,63,149,1
379392,5,824,16519,-21,-283,86,67,151,-2
379406,10,816,16531,-19,-280,88,65,152,-4
379420,21,819,16535,-16,-275,84,64,154,1
379434,21,816,16533,-17,-280,84,61,149,-3
379448,19,819,16546,-20,-278,85,61,149,-6
379462,29,822,16553,-18,-285,93,61,149,-2
379476,12,823,16544,-20,-283,84,61,153,-2
379490,15,822,16544,-21,-276,85,66,153,-3
379504,13,824,16541,-12,-274,85,65,155,-4
379518,17,818,16539,-20,-276,86,61,154,-5
379532,17,814,16535,-19,-276,88,67,150,-2
379546,15,818,16536,-15,-280,87,64,150,-1
379560,9,817,16550,-13,-283,82,63,153,-2
379574,24,820,16545,-17,-275,82,64,152,-3
379588,19,813,16546,-18,-280,82,62,152,-6
379602,17,821,16546,-20,-275,86,63,151,-4
379616,19,820,16540,-14,-276,83,61,149,-3
379630,15,825,16536,-13,-280,87,68,155,-6
379644,22,819,16526,-13,-279,87,65,154,-5
379658,12,815,16536,-22,-280,86,64,151,-5
379672,12,814,16543,-15,-280,88,65,151,-9
379686,18,820,16550,-18,-275,88,66,151,-6
379700,17,822,16525,-20,-280,86,65,152,-4
379714,22,824,16524,-15,-273,90,65,153,-7
379728,11,825,16538,-23,-277,81,63,153,-5
379742,3,817,16544,-21,-279,84,63,151,-6
379756,8,822,16543,-17,-280,80,66,151,-5
379770,20,818,16548,-16,-280,83,63,149,-8
379784,19,813,16549,-21,-278,84,62,152,-4
379798,13,823,16539,-20,-279,81,66,156,-4
379812,17,827,16546,-21,-282,80,62,153,-3
379826,17,819,16553,-23,-287,84,64,153,-4
379840,15,825,16549,-16,-276,82,63,151,-3
379854,10,827,16541,-14,-277,86,66,154,-2
379868,15,827,16543,-13,-280,84,64,155,-3
379882,12,821,16543,-21,-277,87,66,152,-7
379896,18,821,16539,-18,-279,86,64,150,-6
379910,15,818,16541,-22,-282,90,65,157,-6
379924,10,820,16543,-19,-278,88,64,156,-5
379938,26,823,16530,-19,-278,89,62,152,-3
379952,19,819,16540,-22,-280,87,63,154,-5
379966,24,821,16544,-18,-277,90,64,152,-9
379980,21,822,16543,-22,-280,87,63,153,-4
379994,15,822,16543,-13,-275,84,64,153,-5
380008,16,812,16540,-17,-279,83,65,152,-4
380022,21,810,16539,-19,-285,85,67,150,-4
380036,21,818,16538,-13,-278,84,67,154,-3
380050,24,812,16537,-13,-281,83,64,152,-6
380064,30,811,16540,-20,-280,82,61,154,-6
380078,22,817,16542,-11,-280,85,67,156,-4
380092,24,817,16534,-16,-280,90,68,152,-5
380106,19,816,16545,-17,-284,84,67,149,-3
380120,20,820,16548,-18,-278,84,62,155,-5
380134,18,824,16536,-11,-275,85,64,156,-5
380148,12,820,16538,-17,-279,84,63,150,-5
380162,18,815,16539,-18,-277,88,62,153,-2
380176,10,823,16548,-19,-280,87,64,152,-8
380190,18,824,16547,-17,-278,90,62,155,-6
380204,12,810,16543,-21,-276,79,62,152,-4
380218,14,813,16546,-13,-282,88,61,153,-5
380232,21,822,16550,-23,-279,85,61,154,-5
380246,19,821,16546,-20,-277,86,62,156,-2
380260,9,821,16545,-16,-282,83,65,154,-3
380274,10,813,16539,-14,-276,86,62,155,-5
380288,27,830,16550,-16,-277,83,61,150,-5
380302,15,826,16548,-16,-279,86,65,153,-5
380316,16,831,16532,-13,-278,86,67,153,-4
380330,17,828,16546,-14,-285,88,65,150,-5
380344,15,820,16542,-18,-279,85,67,150,-6
380358,11,822,16535,-20,-284,83,63,149,2
380372,22,818,16556,-12,-282,84,62,149,-2
380386,20,821,16552,-16,-278,85,65,152,-6
380400,11,815,16540,-20,-276,85,66,149,-6
380414,10,815,16549,-15,-278,85,66,154,-6
380428,26,818,16555,-11,-281,88,67,153,-5
380442,10,823,16561,-15,-281,87,68,154,-5
380456,19,815,16551,-17,-280,90,64,149,-2
380470,13,822,16554,-13,-276,87,65,149,-4
380484,23,821,16542,-15,-275,87,64,153,-2
380498,25,821,16544,-17,-278,87,66,148,-3
380512,16,827,16544,-20,-277,86,63,152,-3
380526,19,822,16535,-22,-279,82,62,150,-2
380540,28,824,16535,-21,-279,88,67,148,-2
380554,23,829,16537,-19,-280,86,65,147,-5
380568,22,825,16549,-16,-278,86,61,153,-3
380582,10,825,16541,-17,-276,90,61,154,-2
380596,9,829,16550,-23,-276,87,67,156,2
380610,15,822,16545,-23,-283,91,65,150,1
380624,14,822,16538,-18,-281,84,65,155,-3
380638,24,829,16542,-18,-279,85,64,153,-2
380652,33,824,16542,-18,-286,82,62,155,-6
380666,22,816,16541,-18,-282,84,64,152,-6
380680,17,811,16536,-19,-277,83,63,152,-4
380694,26,820,16542,-17,-282,86,63,149,-2
380708,16,822,16541,-13,-273,85,60,152,-5
380722,17,820,16526,-18,-276,84,62,153,-9
380736,11,820,16534,-19,-280,84,62,152,-5
380750,13,817,16541,-16,-276,84,64,155,-3
380764,5,818,16550,-15,-280,88,64,155,-5
380778,15,830,16537,-18,-286,84,65,150,-4
380792,17,818,16545,-15,-278,84,65,150,-4
380806,16,818,16542,-20,-279,89,64,156,-3
380820,21,823,16540,-17,-278,88,65,157,-6
380834,21,822,16547,-16,-281,86,66,152,-3
380848,19,822,16557,-21,-278,89,64,156,-6
380862,17,824,16549,-19,-278,83,60,155,-3
380876,17,831,16539,-16,-278,80,63,155,-6
380890,19,813,16544,-18,-276,87,66,153,-10
380904,26,822,16545,-18,-273,84,66,155,-6
380918,17,819,16543,-16,-281,79,66,156,-5
380932,26,817,16543,-16,-278,86,65,155,-5
380946,29,820,16536,-14,-280,85,63,154,-7
380960,28,819,16552,-11,-285,85,64,153,-7
380974,19,817,16534,-17,-280,81,64,156,-5
380988,16,824,16541,-17,-280,81,65,157,-4
381002,14,823,16545,-23,-279,87,65,159,-4
381016,11,821,16542,-21,-277,89,65,150,-5
381030,16,820,16544,-21,-277,85,64,153,-3
381044,17,815,16552,-16,-279,90,66,155,-6
381058,13,816,16551,-21,-275,85,63,150,-7
381072,23,822,16526,-16,-278,88,64,149,-4
381086,9,829,16535,-20,-279,87,65,156,-3
381100,21,820,16543,-13,-279,83,65,152,-3
381114,19,822,16561,-11,-283,89,67,153,-5
381128,12,827,16543,-17,-279,89,65,154,-6
381142,28,821,16545,-16,-279,84,62,153,-7
381156,13,819,16537,-14,-280,84,62,154,-7
381170,13,827,16542,-19,-280,94,62,157,-5
381184,17,828,16545,-20,-276,91,62,148,-9
381198,13,820,16544,-22,-280,87,65,153,-9
381212,31,828,16538,-17,-279,87,67,149,-5
381226,31,817,16545,-16,-280,83,64,150,-5
381240,18,821,16547,-12,-281,90,62,152,-6
381254,19,824,16553,-20,-279,86,64,154,-4
381268,19,816,16554,-13,-278,89,64,153,-3
381282,19,819,16559,-16,-279,89,64,157,-3
381296,12,821,16541,-19,-282,86,63,155,-5
381310,16,823,16542,-21,-277,84,62,154,-6
381324,21,821,16540,-23,-278,87,63,150,-4
381338,12,820,16545,-19,-277,86,66,152,-5
381352,15,818,16563,-22,-276,83,63,154,-6
381366,16,820,16555,-22,-277,84,63,155,-4
381380,22,815,16550,-15,-277,84,65,156,-6
381394,23,815,16548,-16,-276,88,67,155,-5
381408,14,820,16547,-16,-276,83,62,154,-4
381422,16,814,16555,-15,-275,84,65,152,-4
381436,26,818,16547,-17,-280,86,64,153,-5
381450,22,813,16542,-23,-280,87,64,154,-4
381464,16,815,16542,-16,-275,86,65,153,-6
381478,20,817,16541,-12,-280,87,62,150,-6
381492,13,824,16548,-22,-279,86,64,155,-5
381506,29,825,16557,-21,-278,86,65,154,-5
381520,26,820,16549,-19,-276,83,67,154,-4
381534,14,816,16557,-20,-277,90,64,150,-3
381548,19,815,16555,-17,-284,84,62,150,-4
381562,21,812,16549,-14,-282,76,67,154,-1
381576,13,817,16551,-14,-283,85,64,152,1
381590,22,825,16541,-15,-277,80,64,153,-8
381604,19,823,16552,-15,-280,88,66,157,-6
381618,9,830,16550,-16,-279,90,67,159,-3
381632,18,828,16545,-18,-279,85,65,152,-9
381646,28,819,16554,-21,-275,89,67,154,-4
381660,23,819,16551,-18,-283,89,62,153,-5
381674,10,816,16552,-17,-281,88,61,154,-5
381688,8,818,16552,-20,-276,88,63,154,-3
381702,25,827,16551,-20,-274,88,65,154,-2
381716,19,822,16547,-9,-282,82,65,154,-3
381730,15,827,16556,-13,-281,87,63,152,-2
381744,17,813,16566,-14,-284,89,62,150,-5
381758,19,824,16552,-15,-280,86,63,154,-6
381772,24,823,16552,-19,-277,84,59,150,-3
381786,22,831,16550,-19,-280,84,58,150,-5
381800,17,825,16546,-22,-280,82,64,153,-6
381814,20,821,16552,-14,-280,85,64,154,-5
381828,11,825,16553,-19,-281,85,61,154,-5
381842,12,814,16551,-15,-282,85,66,156,-5
381856,19,821,16548,-20,-284,90,66,154,-4
381870,15,819,16554,-14,-283,90,66,153,-1
381884,10,827,16547,-15,-273,84,68,152,-3
381898,11,825,16535,-18,-276,86,65,154,2
381912,19,817,16534,-23,-274,84,64,152,1
381926,16,820,16553,-19,-280,85,65,155,-3
381940,24,821,16561,-19,-278,88,63,157,-6
381954,27,827,16541,-18,-281,89,63,156,-4
381968,10,824,16551,-14,-279,86,64,153,-6
381982,12,829,16549,-15,-280,89,64,150,-6
381996,18,821,16555,-13,-279,88,65,153,-5
382010,12,826,16550,-14,-276,86,64,150,-8
382024,22,822,16551,-14,-280,89,65,156,-6
382038,18,821,16549,-10,-274,81,62,153,-2
382052,19,827,16552,-15,-278,86,62,154,-4
382066,22,828,16546,-18,-280,88,61,150,-2
382080,21,820,16536,-18,-282,92,60,153,-5
382094,20,814,16542,-22,-275,92,61,155,-8
382108,19,818,16548,-23,-284,84,67,156,-5
382122,15,820,16553,-16,-277,86,65,158,-5
382136,9,830,16547,-15,-276,85,64,154,-2
382150,18,828,16546,-7,-278,89,65,154,-7
382164,23,829,16555,-12,-282,79,65,152,-6
382178,16,823,16553,-19,-279,85,66,153,-4
382192,11,811,16556,-19,-283,82,66,152,-3
382206,13,818,16553,-18,-281,84,64,153,-6
382220,15,814,16548,-14,-279,87,64,153,-4
382234,6,814,16554,-17,-277,83,61,154,-2
382248,17,824,16546,-19,-276,79,64,150,-5
382262,12,830,16546,-17,-277,84,67,153,-3
382276,17,817,16555,-11,-277,85,65,154,-2
382290,9,820,16553,-16,-276,87,64,148,-5
382304,-2,823,16554,-20,-279,88,62,149,-6
382318,9,822,16555,-18,-279,85,66,152,-7
382332,18,823,16546,-24,-280,92,66,155,-6
382346,17,826,16555,-12,-281,89,66,156,-2
382360,19,826,16547,-17,-282,88,63,155,-1
382374,25,824,16552,-18,-282,89,63,154,-3
382388,16,831,16554,-18,-282,85,65,156,-3
382402,17,820,16541,-22,-280,89,64,155,-3
382416,10,820,16546,-17,-277,89,67,153,-5
382430,12,827,16556,-14,-281,88,66,153,-4
382444,16,826,16557,-18,-278,90,62,153,-3
382458,18,819,16542,-19,-280,86,65,155,-5
382472,14,821,16542,-21,-279,86,62,149,-3
382486,14,818,16551,-15,-276,83,66,155,-6
382500,17,811,16543,-12,-273,87,65,152,-4
382514,17,825,16540,-23,-278,88,67,153,-5
382528,15,825,16537,-22,-280,86,65,147,-7
382542,18,823,16553,-18,-280,83,62,150,-7
382556,21,833,16544,-16,-269,85,63,154,-3
382570,21,819,16549,-17,-283,82,63,154,-2
382584,25,815,16558,-16,-279,85,63,155,-5
382598,20,814,16551,-16,-280,86,64,149,-4
382612,12,815,16555,-11,-279,84,62,152,-7
382626,14,817,16560,-20,-281,87,62,156,-6
382640,25,825,16553,-13,-276,84,65,156,-3
382654,22,822,16552,-18,-282,84,66,153,-2
382668,21,826,16551,-21,-277,85,65,149,-3
382682,24,818,16549,-17,-275,87,68,147,-3
382696,23,828,16557,-15,-276,82,67,153,-7
382710,13,820,16550,-16,-275,83,69,155,-5
382724,12,822,16547,-21,-274,85,66,155,-4
382738,23,820,16545,-16,-278,86,66,156,-3
382752,3,825,16544,-13,-278,89,64,156,-3
382766,18,822,16552,-20,-277,83,63,158,-2
382780,12,822,16553,-25,-283,84,64,157,-2
382794,14,828,16534,-23,-278,92,63,151,-4
382808,15,818,16548,-18,-280,86,63,150,-5
382822,6,822,16560,-17,-280,84,64,152,-6
382836,17,828,16547,-18,-276,87,64,155,-5
382850,12,820,16562,-16,-276,83,65,158,-7
382864,14,824,16553,-19,-277,84,64,152,-6
382878,14,827,16536,-15,-272,85,63,154,-5
382892,23,823,16551,-17,-277,84,65,150,-2
382906,24,821,16556,-9,-279,84,67,151,-5
382920,16,817,16562,-16,-280,84,65,151,-4
382934,17,814,16559,-16,-278,81,64,149,-4
382948,7,822,16546,-12,-275,83,65,150,-6
382962,16,826,16554,-18,-281,80,62,151,-7
382976,16,813,16552,-15,-283,89,63,153,-3
382990,14,825,16545,-20,-279,85,61,152,-6
383004,28,821,16539,-16,-279,85,63,153,-5
383018,25,825,16547,-14,-277,82,62,151,-2
383032,20,823,16558,-16,-275,86,62,150,-5
383046,10,820,16559,-18,-280,86,65,151,-5
383060,19,818,16551,-19,-279,87,64,153,-4
383074,15,823,16545,-17,-279,87,63,154,-2
383088,15,826,16555,-22,-277,86,63,154,-3
383102,23,824,16554,-17,-276,88,65,151,-4
383116,32,819,16538,-15,-280,85,65,152,-2
383130,26,814,16559,-17,-281,80,64,154,-4
383144,15,815,16547,-13,-273,86,60,151,-4
383158,14,813,16541,-18,-277,86,61,155,-6
383172,18,817,16568,-16,-276,86,63,156,-5
383186,15,810,16560,-13,-276,83,67,153,-5
383200,5,830,16557,-20,-279,81,63,153,-5
383214,21,823,16565,-16,-277,84,66,156,-7
383228,14,822,16536,-11,-277,84,68,155,-8
383242,18,824,16544,-19,-280,82,64,158,-5
383256,14,821,16555,-16,-280,82,65,153,-2
383270,20,815,16543,-18,-277,83,65,154,1
383284,15,817,16545,-14,-281,83,62,155,-4
383298,24,820,16551,-17,-281,81,63,158,-8
383312,23,821,16547,-15,-283,80,64,153,-6
383326,18,820,16542,-17,-279,86,64,152,-5
383340,16,817,16550,-20,-276,84,66,154,-4
383354,23,820,16546,-20,-280,83,64,151,-6
383368,19,821,16548,-18,-275,85,63,152,-6
383382,8,808,16555,-17,-281,83,64,150,-2
383396,13,817,16542,-20,-277,84,64,149,-2
383410,19,828,16566,-19,-280,82,64,150,-4
383424,15,825,16559,-22,-278,89,59,153,-5
383438,12,810,16546,-18,-280,86,64,154,-5
383452,18,817,16546,-17,-273,82,65,152,-4
383466,14,824,16555,-19,-271,84,64,154,-7
383480,5,823,16561,-17,-281,85,62,156,-5
383494,20,823,16548,-24,-275,85,65,153,-8
383508,16,824,16547,-19,-277,87,67,153,-6
383522,18,822,16559,-20,-280,88,66,156,-7
383536,10,824,16565,-12,-272,84,67,153,-6
383550,26,820,16560,-13,-275,88,69,156,-4
383564,24,817,16550,-18,-280,82,65,152,-2
383578,21,818,16556,-13,-279,88,63,150,-2
383592,18,823,16553,-19,-276,85,61,155,-4
383606,18,813,16545,-14,-279,84,64,153,-6
383620,6,819,16551,-13,-279,87,63,154,-4
383634,15,818,16539,-18,-280,82,62,155,-4
383648,20,821,16535,-19,-278,89,61,156,-3
383662,11,819,16561,-16,-280,83,60,152,-3
383676,20,820,16540,-17,-277,83,65,150,-7
383690,14,826,16560,-20,-280,85,68,148,-7
383704,20,819,16572,-12,-283,87,68,149,-6
383718,14,821,16551,-20,-281,82,63,154,-5
383732,11,816,16553,-19,-275,84,63,155,-3
383746,15,818,16568,-16,-276,88,62,155,-5
383760,23,813,16533,-20,-281,88,68,152,-6
383774,10,817,16555,-23,-277,84,66,148,-5
383788,6,822,16555,-15,-276,83,62,145,-5
383802,1,828,16547,-20,-278,85,64,152,-7
383816,17,834,16566,-13,-274,83,59,155,-8
383830,25,822,16551,-17,-278,88,66,153,-8
383844,12,827,16557,-19,-277,87,67,152,-9
383858,25,818,16569,-17,-275,87,62,154,-4
383872,19,823,16543,-14,-281,90,68,153,-4
383886,20,828,16552,-18,-280,88,67,156,-4
383900,14,810,16558,-14,-279,89,60,153,-3
383914,20,806,16548,-14,-278,89,63,155,-2
383928,14,821,16555,-12,-277,87,66,153,-4
383942,15,829,16566,-16,-275,89,63,153,-5
383956,27,817,16559,-15,-283,88,64,152,-5
383970,20,820,16555,-19,-278,88,63,152,-4
383984,16,817,16562,-22,-275,84,64,153,-3
383998,12,818,16555,-17,-278,86,65,154,-6
384012,18,814,16553,-18,-276,87,64,149,-3
384026,21,821,16549,-14,-281,85,65,153,-4
384040,22,825,16551,-17,-282,82,64,155,1
384054,15,824,16558,-17,-275,87,65,155,-1
384068,17,825,16546,-16,-275,85,62,154,-3
384082,15,825,16548,-18,-278,88,64,152,-4
384096,13,825,16550,-16,-277,87,66,155,-7
384110,15,823,16546,-17,-278,87,64,153,-2
384124,17,828,16547,-19,-275,82,64,151,-1
384138,15,822,16556,-18,-278,87,62,152,-6
384152,14,818,16564,-18,-280,86,63,153,-4
384166,23,819,16549,-15,-278,84,64,154,-4
384180,23,823,16553,-16,-277,87,63,147,-1
384194,17,812,16540,-16,-278,81,62,150,-6
384208,13,818,16553,-18,-278,85,66,150,-4
384222,18,811,16535,-12,-275,81,64,151,-5
384236,20,817,16535,-19,-278,85,64,152,-8
384250,12,818,16597,-17,-277,85,65,151,-2
384264,23,813,16543,-9,-278,86,63,149,-3
384278,22,813,16535,-17,-279,84,63,153,-5
384292,21,819,16588,-20,-280,91,64,153,-6
384306,17,816,16520,-20,-282,82,66,155,-6
384320,10,816,16531,-20,-280,84,61,155,-5
384334,12,829,16575,-19,-275,84,63,156,-4
384348,17,825,16538,-17,-281,89,67,155,-5
384362,22,819,16567,-18,-278,85,65,153,-4
384376,10,816,16587,-23,-278,85,64,154,-5
384390,16,819,16531,-14,-278,85,62,152,-4
384404,27,826,16550,-20,-276,89,63,153,-3
384418,25,826,16570,-17,-279,82,68,155,-4
384432,22,821,16547,-17,-273,87,68,155,-3
384446,19,830,16565,-21,-281,86,65,155,-2
384460,22,821,16562,-12,-281,88,63,151,-4
384474,12,823,16539,-18,-281,91,65,153,-5
384488,13,820,16566,-18,-275,91,64,151,-3
384502,15,818,16552,-15,-279,86,66,157,-5
384516,16,823,16545,-15,-275,84,63,153,-4
384530,17,819,16558,-18,-275,84,64,151,-4
384544,17,817,16559,-14,-277,81,62,153,-3
384558,19,817,16536,-19,-280,81,60,155,-3
384572,25,819,16556,-19,-278,86,63,152,1
384586,17,814,16568,-17,-279,89,68,155,-7
384600,23,820,16544,-20,-276,86,65,155,-3
384614,17,820,16555,-13,-277,89,65,155,-2
384628,15,821,16558,-19,-275,84,63,153,-6
384642,10,815,16547,-17,-276,90,64,152,-6
384656,14,828,16555,-19,-278,86,61,157,-3
384670,16,819,16549,-19,-277,84,62,153,-4
384684,22,821,16559,-16,-279,86,61,153,-3
384698,21,812,16561,-21,-276,85,62,148,-3
384712,21,819,16557,-18,-278,88,61,148,-5
384726,16,826,16547,-16,-278,85,60,159,-10
384740,15,820,16575,-23,-283,88,63,155,-7
384754,12,820,16571,-18,-282,84,66,152,-7
384768,20,819,16538,-18,-276,93,63,152,-4
384782,21,823,16557,-23,-274,90,62,152,1
384796,17,825,16554,-16,-280,90,64,153,-4
384810,17,820,16518,-21,-280,89,64,156,-6
384824,14,817,16572,-23,-282,83,68,155,-2
384838,9,819,16561,-20,-280,83,65,154,-6
384852,16,816,16538,-25,-279,80,64,153,-5
384866,15,825,16563,-18,-272,81,62,152,1
384880,22,821,16535,-20,-273,84,61,151,1
384894,17,819,16532,-19,-278,82,64,152,1
384908,16,826,16571,-17,-279,86,65,152,1
384922,13,823,16543,-19,-276,89,66,151,-3
384936,17,812,16560,-16,-278,89,68,150,-3
384950,14,811,16570,-20,-276,86,67,151,-1
384964,14,819,16545,-20,-275,83,65,153,-6
384978,17,823,16547,-16,-278,83,65,153,-2
384992,10,825,16558,-16,-282,89,64,153,-1
385006,17,820,16545,-18,-277,83,61,152,-6
385020,17,812,16550,-24,-282,83,62,151,-6
385034,22,818,16552,-19,-281,85,64,148,-3
385048,20,823,16546,-19,-277,84,63,153,-5
385062,14,828,16538,-18,-279,89,64,156,-5
385076,22,825,16550,-22,-278,86,65,151,-1
385090,20,818,16564,-15,-281,88,62,152,-1
385104,15,815,16544,-14,-277,83,67,153,-4
385118,9,819,16560,-23,-279,81,65,150,-3
385132,12,817,16566,-19,-277,90,62,152,-6
385146,21,823,16550,-16,-279,91,62,154,-7
385160,15,824,16550,-16,-282,86,64,156,-4
385174,17,812,16557,-22,-274,91,62,155,-3
385188,11,820,16565,-22,-270,88,61,151,-6
385202,9,816,16554,-24,-279,84,61,150,-6
385216,18,815,16559,-21,-277,82,63,153,-8
385230,25,820,16547,-18,-276,85,65,153,-6
385244,28,824,16562,-22,-281,85,63,157,-1
385258,11,821,16548,-13,-277,81,64,156,2
385272,17,819,16540,-14,-278,87,66,149,-4
385286,23,821,16570,-16,-282,83,67,153,-8
385300,25,821,16574,-16,-277,82,64,153,-7
385314,15,822,16523,-23,-279,86,64,153,-5
385328,16,826,16536,-20,-278,83,67,150,-5
385342,12,823,16579,-13,-278,86,68,153,-3
385356,21,819,16538,-14,-279,88,65,152,-3
385370,33,819,16546,-20,-281,85,60,153,-5
385384,28,819,16576,-21,-279,87,63,151,-8
385398,19,818,16542,-17,-280,86,63,153,-6
385412,16,816,16541,-17,-277,87,68,146,-4
385426,22,809,16560,-17,-282,83,67,149,-4
385440,12,823,16540,-15,-280,84,62,154,-3
385454,5,824,16557,-15,-281,86,65,154,-8
385468,12,819,16558,-16,-280,83,67,152,-8
385482,11,817,16541,-19,-278,79,63,151,-2
385496,16,812,16547,-18,-274,82,63,153,-2
385510,19,815,16571,-16,-279,84,65,151,-4
385524,20,820,16526,-14,-283,83,62,151,-6
385538,16,818,16533,-12,-282,88,65,151,-5
385552,15,821,16557,-13,-279,85,65,155,-8
385566,20,821,16555,-16,-279,84,66,154,-8
385580,14,827,16549,-22,-274,91,66,151,-3
385594,13,824,16547,-24,-274,83,66,155,-6
385608,17,825,16552,-20,-279,82,62,154,-5
385622,13,820,16554,-21,-275,86,65,153,-2
385636,20,816,16553,-23,-285,80,63,154,-4
385650,23,812,16539,-15,-279,84,68,152,-4
385664,17,818,16567,-23,-275,85,67,151,-4
385678,23,814,16561,-16,-282,82,64,153,-5
385692,13,827,16552,-16,-280,85,63,152,-4
385706,14,828,16541,-19,-281,81,64,150,-4
385720,15,825,16559,-18,-284,87,64,155,-3
385734,12,825,16561,-21,-280,85,66,153,-6
385748,16,822,16555,-13,-278,85,65,156,-5
385762,19,815,16554,-16,-282,88,63,151,-4
385776,19,817,16554,-16,-280,85,64,151,-3
385790,19,820,16542,-16,-277,85,65,154,-1
385804,23,819,16560,-19,-281,80,62,152,-2
385818,21,821,16568,-17,-280,86,63,152,-2
385832,18,815,16516,-13,-280,86,60,153,-7
385846,10,817,16541,-16,-278,86,65,150,-5
385860,4,819,16589,-14,-280,82,65,151,-6
385874,19,813,16546,-15,-279,83,61,152,-3
385888,19,818,16519,-18,-279,91,62,152,1
385902,18,817,16551,-20,-285,89,60,150,-5
385916,24,819,16572,-15,-285,86,63,151,-6
385930,22,823,16556,-14,-280,87,67,154,-4
385944,19,822,16538,-12,-275,88,64,153,-5
385958,16,812,16543,-13,-279,86,63,153,-5
385972,17,815,16560,-16,-278,88,64,152,-7
385986,15,814,16557,-17,-278,87,62,153,-8
386000,23,819,16543,-19,-279,85,65,153,-6
386014,25,823,16560,-16,-273,85,65,154,-5
386028,21,826,16572,-15,-282,86,62,157,-2
386042,19,817,16560,-23,-280,85,64,152,-7
386056,15,814,16543,-19,-274,83,62,152,-6
386070,9,810,16549,-17,-278,85,62,151,-4
386084,9,817,16550,-19,-275,90,64,151,-4
386098,17,824,16550,-20,-275,85,64,153,-4
386112,21,828,16537,-18,-277,87,68,154,-6
386126,30,823,16545,-17,-278,86,67,155,-5
386140,24,820,16563,-20,-279,87,63,155,-3
386154,10,817,16550,-19,-278,81,62,158,1
386168,12,808,16546,-19,-275,79,64,149,-4
386182,6,810,16546,-12,-273,84,63,153,-5
386196,12,820,16559,-15,-278,83,64,152,-5
386210,14,819,16559,-21,-284,90,70,152,-3
386224,18,817,16559,-16,-278,86,69,155,-2
386238,12,821,16544,-17,-282,86,63,154,-6
386252,17,830,16555,-20,-277,84,65,155,-7
386266,25,811,16544,-17,-275,85,66,156,-6
386280,11,810,16545,-20,-281,86,64,154,-5
386294,15,814,16547,-16,-278,82,64,152,-3
386308,18,810,16558,-11,-279,81,63,151,-3
386322,12,811,16558,-19,-282,86,64,149,-5
386336,21,825,16551,-20,-277,84,65,150,-9
386350,22,823,16547,-15,-278,82,65,155,-4
386364,24,825,16531,-21,-276,86,65,152,-4
386378,19,821,16547,-19,-279,83,64,151,-6
386392,18,815,16583,-15,-279,85,66,154,-4
386406,23,817,16536,-18,-281,86,68,152,-3
386420,14,817,16575,-22,-277,86,61,149,-4
386434,24,823,16605,-17,-278,91,66,151,-3
386448,23,815,16523,-16,-273,85,66,154,-5
386462,27,815,16524,-16,-278,83,65,154,-4
386476,31,814,16563,-18,-280,84,65,153,-6
386490,15,822,16570,-14,-278,85,67,156,-6
386504,17,819,16551,-16,-283,81,64,159,-6
386518,19,820,16520,-13,-280,82,64,153,-5
386532,13,820,16561,-15,-279,81,67,152,-4
386546,12,826,16582,-19,-282,88,64,152,1
386560,26,819,16540,-15,-279,82,64,153,-2
386574,19,821,16533,-19,-280,81,67,151,-4
386588,23,808,16549,-15,-280,86,66,151,-3
386602,23,821,16572,-16,-274,84,68,154,-4
386616,15,812,16556,-21,-276,84,62,154,-3
386630,10,813,16556,-19,-280,86,62,153,-4
386644,17,820,16541,-21,-280,90,64,151,-2
386658,11,824,16559,-18,-281,88,65,151,-6
386672,16,823,16546,-13,-280,82,65,150,-6
386686,25,819,16531,-15,-277,83,67,153,-5
386700,27,820,16561,-16,-282,87,65,153,-3
386714,33,824,16566,-13,-278,86,61,153,-2
386728,30,808,16557,-16,-277,86,65,154,-7
386742,20,812,16548,-15,-278,86,65,152,-6
386756,23,816,16548,-19,-277,85,67,154,-6
386770,22,825,16556,-13,-275,86,63,151,-7
386784,21,827,16554,-20,-281,91,63,150,-4
386798,26,831,16547,-22,-280,87,66,153,-3
386812,17,819,16547,-15,-274,88,67,151,-1
386826,15,822,16565,-20,-281,89,64,153,-5
386840,15,816,16560,-14,-281,83,66,153,-4
386854,11,816,16545,-15,-277,88,63,154,-3
386868,23,814,16541,-17,-279,87,64,150,-3
386882,23,823,16553,-15,-277,86,65,152,-2
386896,31,816,16550,-17,-278,86,64,151,-4
386910,18,825,16540,-17,-277,87,62,151,-2
386924,14,822,16537,-18,-280,83,58,151,-5
386938,15,827,16556,-17,-278,84,63,152,-4
386952,19,824,16547,-17,-279,88,66,152,-1
386966,23,828,16558,-19,-278,84,67,156,-4
386980,18,815,16540,-13,-277,83,61,152,-3
386994,31,813,16552,-16,-280,87,65,155,-4
387008,26,820,16573,-16,-279,86,62,153,-3
387022,23,806,16563,-14,-283,89,63,153,-6
387036,25,810,16548,-17,-280,86,63,154,-5
387050,22,818,16529,-19,-280,88,60,149,-5
387064,27,832,16555,-15,-274,86,62,152,-4
387078,13,832,16565,-20,-277,86,61,152,-3
387092,16,830,16546,-21,-278,85,61,152,-4
387106,15,830,16526,-24,-277,87,62,152,-4
387120,12,823,16544,-19,-273,85,64,155,-2
387134,26,811,16549,-22,-280,85,62,149,5
387148,19,813,16557,-14,-273,82,61,152,3
387162,25,817,16520,-19,-280,87,64,154,-4
387176,33,825,16544,-19,-279,82,64,152,-4
387190,30,824,16552,-17,-276,84,62,151,-5
387204,18,828,16529,-19,-274,88,67,150,-5
387218,23,828,16533,-20,-277,85,67,150,-5
387232,18,817,16537,-20,-279,83,64,151,-2
387246,8,820,16544,-20,-276,83,65,152,-5
387260,13,815,16545,-16,-281,87,61,152,-6
387274,18,817,16539,-14,-274,81,66,154,-6
387288,34,817,16536,-17,-281,84,66,152,-3
387302,34,825,16547,-15,-280,85,67,151,-5
387316,24,821,16534,-21,-278,80,64,153,-7
387330,23,815,16532,-17,-279,88,64,151,-4
387344,12,809,16543,-18,-277,85,67,149,-3
387358,9,819,16551,-18,-279,89,67,152,-2
387372,3,816,16550,-14,-277,84,65,152,-5
387386,11,822,16546,-9,-278,84,64,152,-4
387400,22,826,16554,-15,-280,82,62,151,-7
387414,33,836,16555,-12,-280,82,68,153,-7
387428,24,816,16535,-20,-278,79,67,151,-7
387442,14,818,16539,-19,-282,84,66,155,-7
387456,14,802,16543,-15,-281,82,66,152,-5
387470,22,813,16546,-14,-278,86,66,152,-2
387484,19,828,16559,-18,-280,83,63,154,-6
387498,15,833,16547,-15,-285,86,65,154,-5
387512,13,829,16547,-19,-279,84,64,155,-6
387526,11,826,16571,-19,-278,83,64,155,-3
387540,12,818,16555,-19,-278,86,65,153,-4
387554,15,808,16545,-16,-279,86,61,148,-3
387568,23,810,16534,-15,-278,85,62,151,-2
387582,30,810,16556,-17,-276,87,63,154,-3
387596,31,825,16569,-16,-275,84,63,153,-4
387610,20,820,16530,-18,-282,88,62,149,-4
387624,19,825,16530,-21,-276,84,63,152,-6
387638,15,824,16553,-21,-280,87,64,152,-5
387652,19,824,16538,-17,-278,86,61,154,1
387666,12,827,16553,-17,-279,88,61,155,-2
387680,24,824,16501,-20,-279,86,63,154,-6
387694,10,831,16518,-18,-275,85,66,155,-6
387708,13,824,16577,-19,-281,80,65,157,-6
387722,21,806,16512,-19,-280,84,65,153,-4
387736,27,810,16508,-16,-281,82,63,154,-4
387750,15,813,16552,-15,-280,90,63,154,-5
387764,4,813,16476,-16,-275,86,63,151,-5
387778,18,841,16664,-22,-283,91,61,151,-6
387792,0,831,16563,-14,-279,86,65,155,-5
387806,12,820,16448,-22,-281,87,63,151,-4
387820,21,818,16638,-20,-274,87,67,153,-4
387834,11,828,16479,-14,-284,85,69,152,-1
387848,25,817,16482,-19,-276,87,68,154,-2
387862,17,822,16560,-14,-282,83,62,154,-3
387876,22,830,16490,-14,-284,87,62,152,-4
387890,12,834,16612,-22,-277,83,67,153,-8
387904,14,828,16595,-18,-280,82,67,155,-10
387918,10,826,16446,-19,-276,81,65,157,-7
387932,11,835,16569,-17,-273,86,63,149,-2
387946,17,825,16531,-10,-277,85,64,153,-2
387960,15,816,16476,-20,-277,83,63,153,-3
387974,16,809,16576,-19,-279,86,67,151,-4
387988,10,808,16533,-19,-283,85,65,151,-3
388002,21,833,16566,-19,-278,86,64,150,-6
388016,23,826,16556,-16,-273,88,65,150,-8
388030,19,815,16517,-18,-283,86,69,154,-3
388044,12,826,16527,-20,-279,89,64,153,-4
388058,12,815,16579,-12,-278,88,62,155,-7
388072,2,830,16510,-14,-280,90,63,149,-4
388086,10,839,16549,-15,-276,87,65,150,-5
388100,19,852,16533,-19,-275,86,65,154,-7
388114,22,838,16550,-15,-277,87,68,152,-6
388128,33,809,16538,-17,-271,86,70,154,-4
388142,29,791,16526,-21,-276,89,65,154,-3
388156,-15,761,16525,-17,-280,91,66,156,-4
388170,-22,810,16539,-19,-280,92,60,155,-8
388184,25,932,16567,-11,-276,86,63,157,-5
388198,41,930,16508,-14,-279,69,67,154,-2
388212,58,817,16539,-13,-272,73,63,149,-3
388226,52,757,16575,-15,-275,85,63,149,-5
388240,24,702,16538,-15,-280,89,65,157,-5
388254,-2,726,16551,-13,-277,101,66,153,-6
388268,-45,891,16532,-19,-281,100,60,154,-5
388282,-36,965,16538,-20,-278,96,60,153,-4
388296,-9,956,16547,-23,-276,78,63,150,-4
388310,26,880,16533,-19,-278,75,61,152,-7
388324,99,715,16511,-17,-282,78,61,154,-1
388338,103,671,16548,-20,-279,80,66,155,-8
388352,45,713,16541,-15,-281,92,67,155,-5
388366,3,780,16532,-18,-279,97,65,153,-4
388380,-52,948,16530,-16,-280,92,60,156,-6
388394,-62,981,16540,-15,-280,86,60,154,-4
388408,-34,922,16542,-11,-272,74,64,152,-4
388422,1,846,16534,-16,-280,73,60,155,-3
388436,60,692,16534,-14,-282,81,60,155,-6
388450,76,677,16542,-19,-276,84,69,153,-4
388464,58,759,16550,-14,-276,96,64,154,-3
388478,33,835,16537,-15,-281,96,64,154,-3
388492,12,953,16526,-19,-280,86,63,151,-3
388506,-30,953,16539,-22,-278,81,62,149,-8
388520,-31,912,16549,-17,-278,75,60,151,-7
388534,-8,762,16540,-15,-276,76,60,155,-3
388548,9,708,16539,-13,-274,87,64,155,-5
388562,30,724,16543,-19,-277,91,65,154,-5
388576,34,771,16555,-13,-276,98,65,153,-4
388590,19,897,16532,-19,-279,90,63,152,-5
388604,15,934,16525,-13,-279,82,64,157,-6
388618,24,889,16543,-21,-278,77,66,156,-3
388632,26,828,16549,-20,-277,75,64,154,1
388646,34,720,16540,-18,-275,79,63,155,-5
388660,37,710,16544,-21,-274,87,63,153,-4
388674,10,780,16544,-16,-281,89,62,151,-6
388688,-13,842,16546,-18,-278,89,67,156,-2
388702,-22,941,16537,-16,-284,88,64,156,-3
388716,-15,937,16524,-12,-277,79,64,152,-3
388730,28,839,16536,-15,-276,76,65,152,-3
388744,52,770,16547,-14,-275,74,65,151,-3
388758,86,706,16543,-18,-280,85,64,152,-4
388772,65,719,16532,-23,-277,85,64,151,-3
388786,11,828,16547,-18,-285,100,63,154,-6
388800,-13,896,16540,-15,-276,94,60,152,-8
388814,-45,941,16542,-15,-275,80,62,152,-6
388828,-34,910,16526,-17,-275,75,64,153,-5
388842,3,792,16531,-22,-281,82,64,153,-4
388856,29,746,16543,-20,-279,84,63,153,-2
388870,73,718,16529,-25,-279,86,62,151,-3
388884,72,758,16523,-20,-274,87,62,151,-7
388898,36,867,16539,-15,-279,90,62,152,-4
388912,10,912,16535,-19,-282,84,65,153,-2
388926,-7,902,16531,-18,-276,85,60,151,1
388940,-29,862,16549,-17,-277,77,64,155,-2
388954,-17,755,16539,-19,-279,76,63,156,-5
388968,12,737,16541,-19,-276,81,63,152,-9
388982,27,747,16533,-18,-280,85,62,153,-7
388996,39,825,16529,-21,-280,90,65,155,-4
389010,32,878,16537,-15,-278,90,61,154,-4
389024,17,920,16542,-17,-281,91,61,154,-3
389038,7,885,16539,-17,-277,77,63,153,-5
389052,10,776,16536,-20,-282,76,62,150,-5
389066,19,723,16534,-19,-282,78,65,153,-6
389080,27,732,16537,-16,-276,89,63,153,-5
389094,28,770,16535,-17,-279,91,62,158,1
389108,6,897,16539,-13,-280,97,63,152,-2
389122,2,932,16532,-14,-274,91,63,151,-3
389136,6,925,16534,-18,-275,83,63,154,-5
389150,-1,860,16539,-19,-280,78,62,154,-6
389164,27,714,16533,-17,-277,74,66,150,-4
389178,49,688,16531,-17,-282,79,69,151,-4
389192,49,733,16544,-18,-281,82,66,153,-3
389206,47,805,16534,-16,-282,88,63,151,-5
389220,4,933,16536,-13,-278,89,61,151,-3
389234,-24,959,16537,-14,-275,88,64,150,-3
389248,-34,910,16546,-16,-277,82,65,150,-4
389262,-27,839,16555,-17,-283,79,65,151,-7
389276,17,726,16536,-14,-272,78,63,155,-6
389290,57,719,16541,-15,-276,83,67,152,-3
389304,100,792,16539,-12,-280,88,62,154,-5
389318,98,834,16531,-16,-273,91,62,151,-8
389332,39,900,16538,-14,-278,93,62,152,-2
389346,10,888,16534,-14,-274,84,61,148,-3
389360,-26,826,16557,-16,-279,75,62,151,-8
389374,-52,773,16556,-15,-282,78,64,148,-3
389388,-48,744,16545,-17,-281,80,65,153,-2
389402,-44,714,16543,-19,-275,88,66,155,-3
389416,-80,722,16551,-12,-277,113,65,153,-5
389430,35,1017,16507,-9,-271,108,66,151,-5
389444,59,1062,16516,-14,-275,79,65,153,-3
389458,161,940,16544,-18,-278,59,65,151,-2
389472,204,768,16540,-24,-283,53,67,152,-7
389486,163,471,16534,-23,-283,59,66,150,-6
389500,96,473,16558,-15,-286,99,65,150,-4
389514,-83,796,16545,-15,-281,117,63,154,1
389528,-175,1005,16560,-23,-281,116,62,156,-4
389542,-259,1234,16522,-12,-278,96,62,156,-4
389556,-214,1199,16519,-15,-276,66,64,154,-2
389570,29,841,16563,-14,-274,49,65,150,-5
389584,173,620,16521,-16,-276,62,65,154,-7
389598,328,383,16531,-17,-274,75,66,152,-3
389612,303,438,16537,-17,-279,99,66,154,-5
389626,111,834,16537,-17,-281,119,67,155,-8
389640,-36,1051,16533,-19,-279,115,67,153,-4
389654,-234,1213,16540,-19,-282,76,66,154,-6
389668,-262,1129,16544,-12,-275,60,65,156,-6
389682,-148,771,16573,-22,-274,54,64,156,-7
389696,-36,602,16563,-19,-274,64,64,154,-4
389710,161,543,16535,-17,-279,99,63,150,-3
389724,212,654,16537,-14,-280,110,64,154,-8
389738,203,932,16531,-14,-282,104,64,153,-6
389752,150,1032,16526,-10,-278,98,64,153,-6
389766,6,988,16539,-19,-283,73,63,155,-5
389780,-51,868,16544,-17,-277,66,63,156,-7
389794,-127,644,16557,-18,-277,77,66,153,-6
389808,-123,623,16549,-16,-276,87,65,152,-4
389822,-115,789,16543,-16,-275,106,65,153,-5
389836,-40,919,16540,-17,-275,103,62,151,-5
389850,13,1025,16527,-16,-280,86,60,150,-4
389864,141,1015,16523,-16,-276,70,64,153,-5
389878,171,893,16535,-18,-283,64,65,153,-3
389892,154,616,16543,-17,-279,70,65,152,-3
389906,122,548,16537,-13,-285,100,65,152,-2
389920,-55,661,16555,-13,-281,108,66,151,-7
389934,-133,811,16563,-14,-281,107,63,152,-7
389948,-201,1070,16544,-9,-281,97,62,151,-4
389962,-166,1116,16546,-10,-273,76,65,151,-7
389976,-12,954,16519,-15,-277,75,65,152,-7
389990,88,805,16538,-15,-273,79,68,155,-4
390004,207,565,16535,-13,-276,87,65,154,-4
390018,213,558,16534,-15,-275,107,63,153,-4
390032,111,736,16541,-16,-284,110,64,153,-3
390046,35,879,16547,-15,-281,109,65,154,-4
390060,-93,1049,16530,-18,-280,93,63,154,-7
390074,-121,1050,16541,-15,-277,77,60,154,-8
390088,-105,888,16541,-16,-279,72,61,151,-4
390102,-51,774,16545,-14,-277,77,64,152,-3
390116,70,653,16549,-15,-282,91,62,153,-1
390130,106,662,16537,-15,-273,100,66,156,-6
390144,132,809,16533,-20,-278,96,62,160,-4
390158,121,881,16530,-16,-278,92,63,154,-4
390172,54,919,16526,-21,-283,82,64,152,-5
390186,18,898,16529,-21,-279,75,64,152,-6
390200,-60,806,16545,-16,-279,79,65,150,-4
390214,-96,773,16547,-19,-275,87,63,156,-5
390228,-78,802,16549,-14,-277,87,64,155,-3
390242,-48,835,16538,-11,-273,85,64,153,-4
390256,8,888,16529,-16,-278,84,64,151,-4
390270,119,869,16524,-16,-278,79,67,156,-5
390284,152,794,16536,-20,-282,84,67,154,-2
390298,142,748,16532,-11,-279,77,68,153,-4
390312,93,722,16541,-16,-283,90,65,154,-4
390326,-42,774,16547,-13,-282,92,66,154,-4
390340,-100,829,16539,-11,-278,86,63,148,-7
390354,-124,941,16543,-20,-277,85,63,150,-1
390368,-87,957,16555,-11,-277,78,63,155,-4
390382,31,894,16525,-15,-278,75,65,152,-7
390396,93,818,16537,-12,-278,73,66,152,-5
390410,134,689,16531,-20,-279,79,60,152,-7
390424,122,674,16529,-20,-280,90,61,153,-6
390438,42,741,16548,-18,-277,94,63,150,-4
390452,-4,818,16543,-15,-276,84,61,149,-1
390466,-48,943,16536,-10,-277,82,61,148,-1
390480,-55,949,16535,-15,-284,76,65,152,-2
390494,-53,882,16540,-16,-279,78,63,152,-5
390508,-34,819,16540,-17,-282,78,67,153,-6
390522,30,736,16543,-19,-278,87,68,152,-4
390536,58,729,16542,-19,-277,91,68,153,-3
390550,87,798,16515,-18,-280,91,63,156,-4
390564,84,832,16529,-19,-278,89,62,155,-2
390578,61,878,16535,-19,-276,86,65,154,1
390592,36,873,16525,-18,-277,86,65,154,1
390606,-40,828,16544,-18,-279,84,64,155,-3
390620,-67,806,16537,-13,-277,87,62,152,-4
390634,-77,813,16534,-17,-276,89,66,150,-3
390648,-47,823,16532,-18,-269,86,64,154,-5
390662,44,848,16553,-12,-276,83,63,155,-6
390676,87,853,16545,-18,-273,82,62,151,-6
390690,109,801,16537,-16,-276,84,62,156,-9
390704,106,770,16534,-19,-279,90,63,156,-7
390718,74,756,16539,-15,-282,92,63,153,-7
390732,-10,777,16542,-17,-279,88,64,155,-7
390746,-48,810,16543,-16,-280,93,63,155,-7
390760,-87,887,16546,-17,-281,91,66,154,-6
390774,-70,912,16552,-19,-275,91,69,151,-5
390788,-4,883,16538,-19,-277,85,63,155,-8
390802,39,847,16534,-16,-277,87,61,152,-7
390816,101,760,16540,-12,-273,89,62,150,-4
390830,110,736,16528,-22,-275,98,60,150,-4
390844,64,752,16545,-19,-275,96,60,153,-3
390858,27,792,16552,-17,-278,100,67,152,-10
390872,-52,875,16540,-19,-279,99,66,152,-8
390886,-67,897,16549,-16,-276,95,65,154,-3
390900,-65,905,16546,-13,-276,88,65,155,-5
390914,-36,872,16544,-15,-275,92,63,158,-4
390928,25,793,16560,-19,-274,92,63,150,-7
390942,52,771,16550,-20,-278,94,64,152,-4
390956,104,760,16552,-15,-277,97,65,155,-6
390970,119,780,16536,-18,-281,89,67,155,-4
390984,91,836,16541,-13,-278,92,63,156,-1
390998,57,856,16541,-16,-277,85,63,152,-3
391012,11,864,16538,-15,-281,85,63,150,-4
391026,-8,856,16544,-16,-280,88,66,150,-3
391040,-47,791,16570,-14,-280,81,65,152,-5
391054,-38,804,16599,-14,-273,79,65,154,-4
391068,-5,854,16499,-17,-287,82,65,154,-4
391082,33,859,16541,-17,-275,83,64,149,-8
391096,73,828,16521,-16,-281,79,63,145,-7
391110,85,808,16519,-15,-277,84,62,146,-5
391124,52,782,16567,-22,-277,85,60,151,-8
391138,24,795,16562,-20,-283,88,64,155,-6
391152,3,845,16503,-21,-283,85,63,152,-3
391166,-21,863,16569,-22,-277,85,66,152,-4
391180,-37,871,16517,-18,-278,83,65,152,-3
391194,-5,856,16531,-19,-278,78,64,152,-5
391208,7,835,16527,-18,-274,82,64,150,-2
391222,52,784,16535,-13,-279,79,62,152,-4
391236,65,777,16574,-22,-283,85,64,151,-4
391250,47,758,16516,-23,-281,80,65,152,-3
391264,40,774,16556,-18,-276,86,68,149,-4
391278,9,841,16531,-18,-278,83,67,150,-3
391292,-20,872,16537,-17,-275,80,66,150,-4
391306,-30,902,16547,-14,-278,81,65,152,-7
391320,-34,884,16532,-16,-278,84,65,150,-6
391334,-5,807,16546,-18,-274,80,65,151,2
391348,5,768,16566,-16,-282,79,69,153,-1
391362,39,753,16530,-18,-279,83,69,153,-6
391376,56,758,16537,-20,-282,89,62,152,-3
391390,56,823,16540,-18,-281,96,60,152,-4
391404,44,864,16527,-17,-283,91,67,153,-5
391418,7,905,16535,-18,-280,81,67,154,-3
391432,-1,882,16531,-18,-279,80,67,155,-3
391446,-17,812,16550,-16,-277,76,66,156,-2
391460,4,777,16552,-17,-281,77,68,155,-5
391474,41,767,16552,-16,-280,74,63,152,-6
391488,65,785,16532,-14,-277,77,65,153,-7
391502,83,838,16547,-16,-284,81,62,154,-3
391516,60,855,16537,-18,-279,81,66,152,-3
391530,-3,861,16539,-26,-282,76,68,157,-3
391544,-25,851,16544,-19,-281,80,64,152,-9
391558,-64,808,16547,-17,-279,81,62,152,-6
391572,-57,801,16547,-16,-283,78,65,153,-4
391586,-37,795,16556,-20,-279,80,64,156,-4
391600,27,813,16549,-19,-276,79,62,155,-3
391614,55,843,16542,-20,-282,80,63,152,-3
391628,77,852,16540,-20,-272,83,60,155,-3
391642,58,844,16537,-15,-278,83,58,153,-3
391656,17,818,16546,-13,-280,87,63,150,-4
391670,-10,807,16535,-18,-281,82,65,151,-4
391684,-30,799,16536,-13,-281,82,65,154,-7
391698,-27,809,16551,-18,-285,85,68,153,-8
391712,-3,841,16542,-18,-276,85,68,155,1
391726,13,860,16535,-17,-279,88,66,154,-3
391740,31,853,16549,-17,-279,85,65,153,-4
391754,36,836,16550,-17,-282,93,64,153,-6
391768,29,790,16538,-20,-279,87,64,152,-6
391782,24,785,16536,-18,-279,88,65,149,-3
391796,27,809,16553,-21,-280,89,65,152,-5
391810,28,818,16549,-20,-280,87,66,154,-5
391824,13,852,16547,-14,-278,89,64,156,-5
391838,-1,850,16542,-13,-275,93,62,154,-5
391852,-22,838,16541,-20,-281,89,65,149,-5
391866,-25,823,16546,-17,-277,91,65,152,-4
391880,-8,810,16552,-13,-277,87,64,155,-5
391894,18,803,16547,-17,-276,85,63,149,-6
391908,49,810,16540,-18,-278,86,64,150,-6
391922,57,817,16547,-17,-280,91,64,153,-2
391936,21,811,16548,-15,-279,96,64,154,-8
391950,3,821,16553,-15,-274,99,65,152,-1
391964,-27,835,16536,-18,-275,95,62,151,-2
391978,-36,838,16547,-20,-281,98,63,151,-4
391992,-5,839,16554,-16,-275,100,65,153,-7
392006,9,839,16551,-17,-279,98,62,155,-3
392020,29,818,16541,-15,-279,93,63,153,-3
392034,74,799,16541,-18,-277,89,64,152,-4
392048,81,807,16554,-13,-282,91,64,152,-4
392062,82,812,16549,-15,-275,85,66,152,-6
392076,71,817,16531,-15,-275,88,63,156,-3
392090,20,838,16540,-19,-279,86,67,153,-5
392104,2,839,16537,-15,-280,82,65,153,-5
392118,-23,824,16543,-19,-277,82,63,156,-3
392132,-33,819,16545,-16,-279,81,66,151,-5
392146,-9,821,16549,-17,-279,87,63,154,-4
392160,-13,817,16540,-16,-275,87,63,154,-4
392174,16,818,16548,-20,-281,94,65,156,-6
392188,25,813,16539,-20,-277,87,65,153,-5
392202,46,811,16544,-15,-285,86,66,153,-4
392216,44,820,16545,-15,-278,90,66,150,-4
392230,36,815,16543,-16,-280,90,68,153,-7
392244,28,815,16544,-15,-277,90,63,153,-7
392258,7,828,16550,-18,-278,84,61,154,-6
392272,11,826,16550,-16,-278,82,62,152,-3
392286,13,828,16542,-20,-279,83,62,151,-2
392300,20,832,16549,-18,-271,82,65,152,-4
392314,22,831,16531,-17,-278,80,65,154,-4
392328,25,817,16533,-11,-280,83,66,152,-3
392342,33,800,16547,-20,-278,82,65,157,-5
392356,20,801,16546,-22,-280,84,65,155,-4
392370,18,823,16543,-16,-277,82,62,152,-1
392384,10,837,16545,-20,-280,84,64,153,-3
392398,-1,839,16545,-23,-278,81,65,153,-3
392412,-4,832,16555,-18,-279,86,64,149,-1
392426,2,816,16541,-16,-277,81,65,151,-2
392440,10,816,16557,-20,-282,84,66,154,-3
392454,16,806,16546,-22,-276,81,63,155,-6
392468,25,802,16554,-22,-279,83,65,154,-7
392482,21,808,16541,-16,-277,83,61,154,-5
392496,25,820,16543,-17,-273,80,62,154,-4
392510,25,834,16533,-15,-276,87,64,155,-7
392524,5,825,16534,-17,-277,86,66,158,-7
392538,-1,823,16547,-15,-281,86,66,150,-4
392552,11,822,16546,-17,-283,82,63,154,-5
392566,30,813,16548,-19,-280,87,66,154,-6
392580,44,819,16553,-23,-274,79,63,148,-3
392594,34,815,16550,-19,-280,85,62,153,-4
392608,35,820,16545,-20,-279,86,65,149,-4
392622,26,820,16546,-23,-282,80,64,149,-5
392636,14,828,16549,-22,-278,83,64,154,-4
392650,-2,830,16546,-20,-281,85,63,150,-4
392664,0,821,16543,-27,-275,87,61,149,-6
392678,1,822,16546,-22,-277,90,64,152,-5
392692,-5,822,16539,-18,-278,85,65,154,-4
392706,3,827,16543,-20,-282,84,63,155,-2
392720,27,826,16541,-16,-282,85,65,155,-5
392734,27,818,16548,-19,-279,86,65,153,-7
392748,44,816,16539,-20,-281,87,63,155,-6
392762,38,812,16541,-20,-277,85,67,156,-4
392776,28,823,16538,-22,-279,77,65,158,-3
392790,21,828,16536,-16,-280,84,62,153,-5
392804,12,827,16539,-17,-282,84,64,153,-1
392818,5,828,16546,-21,-282,82,64,152,-4
392832,6,828,16539,-15,-285,83,63,152,-1
392846,-3,828,16537,-19,-276,86,64,155,-8
392860,12,804,16542,-17,-279,80,63,153,-6
392874,21,810,16537,-20,-281,89,62,153,-8
392888,37,811,16547,-20,-280,86,62,152,-3
392902,39,810,16539,-24,-277,90,63,153,-5
392916,28,810,16545,-20,-279,82,68,151,-4
392930,17,807,16546,-18,-272,87,64,148,-3
392944,16,821,16554,-18,-279,86,66,151,-5
392958,-8,824,16550,-22,-278,92,62,153,-7
392972,-10,829,16551,-14,-276,91,58,152,-6
392986,2,835,16548,-17,-278,91,62,153,-4
393000,8,822,16544,-22,-282,87,63,154,-2
393014,35,821,16545,-15,-274,87,66,153,-1
393028,39,817,16544,-20,-283,81,63,153,-5
393042,42,803,16551,-21,-283,86,64,156,-5
393056,33,813,16549,-13,-280,81,61,151,-1
393070,4,828,16545,-13,-275,85,62,152,-1
393084,-10,830,16548,-14,-279,83,64,151,-1
393098,0,839,16544,-20,-276,82,67,152,-3
393112,6,835,16535,-16,-280,85,67,152,-7
393126,19,826,16542,-17,-283,85,62,151,-5
393140,28,813,16534,-14,-279,82,67,149,-6
393154,38,806,16534,-18,-280,83,67,155,-8
393168,39,812,16530,-19,-278,83,67,154,-5
393182,18,819,16548,-18,-279,88,65,154,-6
393196,8,825,16546,-22,-280,87,68,156,-6
393210,1,834,16550,-22,-274,82,61,153,-7
393224,9,825,16544,-23,-280,89,65,153,-2
393238,21,828,16540,-15,-279,86,64,154,-6
393252,24,818,16535,-19,-277,82,63,153,-8
393266,22,813,16544,-19,-276,87,63,155,-3
393280,22,805,16538,-18,-278,83,63,158,-1
393294,33,813,16534,-18,-276,85,68,154,-5
393308,32,821,16535,-19,-280,83,66,148,-7
393322,24,827,16536,-13,-280,83,65,152,-9
393336,22,826,16550,-12,-277,81,64,150,-5
393350,14,811,16532,-10,-278,80,66,150,-5
393364,4,813,16529,-14,-278,80,65,154,-9
393378,2,819,16541,-15,-277,85,65,154,-6
393392,18,826,16549,-24,-281,86,67,153,-3
393406,15,822,16539,-19,-279,89,66,155,-5
393420,26,830,16535,-20,-283,88,66,154,-5
393434,21,820,16531,-14,-281,82,66,155,-6
393448,13,811,16532,-17,-282,82,64,155,-5
393462,18,813,16535,-19,-279,86,64,152,-8
393476,15,822,16539,-18,-276,86,68,153,-6
393490,12,825,16541,-22,-278,87,67,154,-7
393504,20,831,16551,-19,-282,91,68,153,-4
393518,8,835,16550,-21,-280,77,67,152,-5
393532,18,837,16531,-15,-278,82,63,153,-3
393546,19,826,16548,-14,-275,87,63,152,-4
393560,25,816,16530,-16,-279,86,63,153,-6
393574,19,803,16526,-16,-281,86,65,154,-3
393588,34,811,16547,-21,-280,83,63,155,-4
393602,31,811,16540,-15,-274,87,61,154,-3
393616,22,831,16542,-14,-279,87,65,155,-2
393630,10,844,16549,-14,-280,83,64,156,-4
393644,-9,828,16542,-18,-278,86,63,153,-7
393658,-3,819,16556,-15,-277,88,63,150,-4
393672,-3,814,16536,-14,-281,84,62,150,-8
393686,28,821,16572,-16,-279,81,62,148,-8
393700,38,826,16540,-19,-278,87,63,148,-3
393714,46,830,16557,-20,-268,88,65,153,-1
393728,36,815,16529,-18,-275,83,64,148,-1
393742,18,813,16534,-19,-281,89,62,153,-6
393756,5,819,16538,-15,-276,80,63,153,-6
393770,-3,819,16543,-17,-279,88,65,153,-5
393784,18,821,16547,-15,-281,87,62,153,-7
393798,15,824,16540,-15,-275,82,63,156,-5
393812,11,839,16540,-18,-282,85,67,157,-4
393826,22,834,16543,-22,-280,88,64,157,-3
393840,15,822,16549,-22,-275,87,61,153,-4
393854,1,805,16550,-20,-281,90,66,153,-2
393868,3,814,16531,-12,-278,88,65,153,-6
393882,22,816,16531,-16,-276,81,63,153,-2
393896,17,830,16545,-17,-276,85,64,150,-3
393910,29,847,16536,-18,-280,85,66,153,-4
393924,24,847,16541,-18,-278,87,67,156,-3
393938,21,817,16534,-15,-278,87,65,153,-4
393952,9,810,16527,-16,-279,89,65,149,-5
393966,19,804,16553,-18,-278,86,65,149,-3
393980,19,807,16551,-24,-276,90,65,148,1
393994,39,819,16544,-13,-275,88,65,150,-5
394008,41,827,16543,-21,-283,84,65,149,-6
394022,21,839,16538,-18,-280,90,67,147,-4
394036,15,834,16542,-18,-280,89,66,152,-2
394050,-21,818,16535,-18,-277,88,66,154,-2
394064,-12,819,16561,-15,-282,86,65,150,-2
394078,7,825,16505,-20,-275,88,63,154,-4
394092,22,835,16523,-19,-279,86,67,153,-4
394106,45,827,16561,-15,-279,81,71,154,-4
394120,51,830,16508,-16,-280,82,68,153,-4
394134,37,814,16569,-24,-276,88,63,153,-3
394148,16,817,16535,-18,-275,83,64,153,-5
394162,12,812,16551,-11,-279,79,67,146,-6
394176,8,813,16543,-16,-280,82,64,149,-3
394190,12,837,16544,-14,-280,86,62,155,-6
394204,7,839,16542,-15,-277,88,66,154,-2
394218,32,839,16537,-22,-280,87,63,153,2
394232,30,823,16544,-16,-275,81,62,152,-9
394246,23,798,16548,-17,-278,83,63,150,-6
394260,16,788,16541,-18,-281,82,62,154,-3
394274,22,818,16564,-17,-281,83,64,153,-4
394288,13,823,16563,-17,-280,82,65,152,-5
394302,20,833,16548,-18,-280,84,64,150,-5
394316,13,841,16561,-17,-281,85,61,156,-4
394330,10,842,16555,-19,-278,83,67,147,-6
394344,-4,815,16560,-11,-273,86,63,147,-6
394358,5,806,16561,-16,-276,82,59,152,-4
394372,-2,804,16545,-15,-281,77,62,154,-3
394386,15,809,16543,-12,-278,83,63,153,-2
394400,37,829,16536,-20,-282,88,66,154,-4
394414,34,823,16542,-15,-281,90,63,152,-5
394428,10,821,16541,-16,-278,86,62,154,-5
394442,-10,816,16543,-18,-279,83,63,153,-6
394456,-5,821,16546,-15,-279,84,64,153,-3
394470,-3,817,16553,-12,-279,83,64,155,-4
394484,18,826,16543,-18,-278,88,64,154,-1
394498,23,831,16541,-16,-274,87,67,155,-5
394512,34,831,16551,-12,-277,86,63,152,-3
394526,28,819,16558,-18,-272,86,61,152,-6
394540,26,803,16537,-18,-276,86,61,152,-2
394554,16,801,16540,-14,-276,83,61,153,-2
394568,8,821,16549,-15,-279,84,66,153,-2
394582,15,826,16542,-19,-281,83,65,152,-2
394596,20,827,16543,-20,-279,87,64,155,-2
394610,12,833,16537,-14,-280,88,66,152,-4
394624,16,832,16541,-17,-277,84,67,150,-5
394638,12,825,16548,-16,-283,80,66,155,-6
394652,13,814,16540,-15,-283,84,67,154,-5
394666,15,809,16539,-21,-280,88,62,152,-4
394680,31,827,16554,-18,-282,87,64,153,-8
394694,31,836,16557,-20,-282,84,66,155,-9
394708,30,836,16535,-18,-279,84,64,152,-2
394722,21,835,16537,-19,-285,85,66,152,-5
394736,18,820,16539,-21,-279,86,67,153,-8
394750,21,808,16539,-23,-281,82,63,149,1
394764,19,809,16549,-21,-280,89,63,150,-3
394778,4,820,16536,-16,-274,82,64,155,-5
394792,9,835,16533,-18,-278,80,63,155,-4
394806,18,842,16535,-17,-279,85,62,154,-5
394820,14,844,16542,-20,-279,84,66,153,-4
394834,25,826,16545,-18,-282,83,69,152,-3
394848,25,813,16536,-19,-276,87,63,155,-4
394862,29,796,16538,-17,-278,87,63,152,-4
394876,33,795,16541,-20,-280,89,61,153,-6
394890,22,818,16544,-18,-280,91,62,150,-2
394904,13,829,16550,-14,-279,83,62,157,-5
394918,7,834,16540,-15,-282,84,65,155,1
394932,14,832,16545,-15,-278,83,66,155,-2
394946,7,816,16537,-13,-276,82,70,154,-8
394960,9,806,16545,-17,-280,86,68,149,-6
394974,32,812,16550,-19,-283,88,66,152,-5
394988,31,816,16547,-22,-284,89,64,153,-7
395002,33,827,16546,-16,-282,89,65,154,-7
395016,31,834,16535,-10,-274,84,66,152,-7
395030,8,829,16549,-21,-280,87,64,152,-7
395044,10,820,16555,-18,-282,85,67,153,-5
395058,17,811,16555,-15,-276,89,64,154,-9
395072,16,808,16554,-20,-280,85,69,150,-6
395086,20,818,16550,-21,-280,87,64,154,-4
395100,8,823,16550,-26,-276,82,65,154,-5
395114,10,824,16544,-12,-283,88,66,154,-5
395128,10,830,16533,-15,-276,84,63,154,-7
395142,14,817,16543,-18,-276,87,64,152,-4
395156,25,812,16544,-16,-283,82,66,157,-5
395170,25,812,16538,-18,-282,88,65,152,-3
395184,18,815,16543,-18,-279,90,65,150,-1
395198,11,827,16550,-11,-280,84,63,148,-6
395212,6,833,16551,-12,-277,87,64,146,-2
395226,12,843,16546,-22,-273,82,63,150,-5
395240,13,825,16551,-20,-276,82,65,152,-4
395254,22,815,16549,-18,-276,81,62,152,-3
395268,33,796,16547,-16,-281,92,65,150,-4
395282,33,809,16548,-17,-279,90,63,149,-1
395296,8,828,16551,-16,-279,92,63,153,-4
395310,-1,839,16550,-17,-274,88,63,153,-6
395324,-7,840,16550,-22,-278,89,66,156,-6
395338,1,824,16546,-17,-276,83,66,153,-3
395352,18,806,16548,-16,-276,87,66,155,-5
395366,30,793,16537,-14,-278,85,67,153,-5
395380,28,809,16553,-15,-279,85,65,154,-1
395394,22,820,16555,-12,-280,89,65,154,-5
395408,13,830,16551,-16,-276,85,63,152,-4
395422,9,831,16554,-16,-279,84,65,153,-3
395436,12,827,16540,-17,-278,85,64,155,-3
395450,19,824,16543,-16,-278,85,66,154,-3
395464,16,808,16547,-18,-276,82,63,156,-4
395478,18,807,16544,-14,-276,87,66,153,-4
395492,23,820,16539,-14,-277,86,69,152,-7
395506,21,836,16542,-14,-281,90,63,154,-4
395520,23,842,16532,-17,-279,83,62,153,-4
395534,25,837,16543,-20,-276,83,66,149,1
395548,30,822,16539,-19,-281,83,63,152,-2
395562,32,810,16545,-14,-281,84,63,154,-4
395576,18,796,16551,-18,-281,91,64,154,-2
395590,0,807,16551,-18,-279,84,61,148,-5
395604,2,826,16542,-19,-275,86,64,150,-3
395618,14,838,16544,-15,-283,79,65,152,-6
395632,26,839,16542,-17,-283,83,63,154,-7
395646,33,836,16543,-22,-279,87,61,149,-3
395660,31,817,16548,-20,-276,88,65,150,-4
395674,7,802,16545,-21,-280,94,66,155,-7
395688,18,816,16547,-16,-279,89,63,154,-9
395702,19,832,16548,-11,-282,88,63,152,-8
395716,24,839,16549,-15,-283,85,65,153,-2
395730,26,849,16535,-21,-275,86,63,154,-3
395744,30,834,16539,-20,-277,86,67,152,-6
395758,21,805,16561,-13,-282,87,65,149,-6
395772,11,802,16558,-18,-279,87,64,150,-6
395786,12,810,16556,-25,-280,91,68,154,-1
395800,6,817,16550,-18,-278,87,68,154,1
395814,11,845,16543,-23,-279,86,64,154,-4
395828,11,845,16557,-19,-280,80,63,152,-3
395842,40,824,16535,-18,-278,85,62,152,-6
395856,40,819,16539,-16,-282,83,63,153,-5
395870,5,800,16541,-20,-279,90,64,154,-3
395884,0,808,16545,-14,-277,87,64,154,-4
395898,15,833,16532,-20,-282,79,62,153,-7
395912,31,842,16531,-22,-279,85,61,153,-5
395926,19,850,16535,-13,-276,83,64,155,-5
395940,23,831,16537,-18,-280,85,64,153,-7
395954,18,810,16547,-15,-279,83,62,148,-2
395968,10,802,16541,-12,-276,89,65,150,-3
395982,-11,810,16544,-17,-284,88,66,153,-8
395996,-1,812,16544,-11,-280,88,62,153,-8
396010,8,842,16553,-19,-275,92,63,154,-3
396024,18,848,16541,-21,-279,85,67,149,-2
396038,25,819,16538,-16,-279,89,64,154,1
396052,41,813,16540,-18,-281,90,63,157,-5
396066,37,823,16545,-16,-281,89,60,153,-7
396080,12,811,16553,-19,-279,88,64,149,-8
396094,0,817,16544,-16,-280,88,62,153,-4
396108,-2,834,16543,-17,-277,90,64,156,-6
396122,6,843,16537,-20,-273,86,65,156,-5
396136,27,840,16541,-14,-280,83,66,153,-4
396150,38,829,16535,-14,-280,87,63,154,-4
396164,41,808,16535,-19,-281,85,66,155,-7
396178,39,802,16543,-17,-279,91,64,153,-6
396192,12,822,16547,-18,-276,89,64,155,-4
396206,6,833,16548,-16,-278,90,65,153,-1
396220,11,832,16539,-23,-279,90,65,153,-3
396234,13,837,16544,-25,-281,89,61,149,-2
396248,22,830,16537,-19,-276,88,64,156,-3
396262,35,823,16539,-18,-277,86,65,152,-5
396276,39,810,16535,-17,-277,88,64,154,-4
396290,26,801,16544,-20,-280,87,64,155,-5
396304,22,801,16547,-20,-282,88,63,150,-5
396318,15,811,16540,-20,-275,93,66,148,-3
396332,21,841,16541,-12,-276,87,62,154,-4
396346,17,834,16544,-17,-280,86,64,152,-3
396360,8,835,16546,-16,-277,86,64,152,-4
396374,13,821,16543,-16,-278,87,64,149,1
396388,43,820,16547,-20,-277,89,68,152,-4
396402,42,814,16531,-19,-278,83,66,156,-6
396416,32,804,16557,-19,-276,87,64,154,-4
396430,25,802,16540,-21,-275,86,63,153,-4
396444,28,806,16545,-17,-278,88,63,152,-4
396458,24,820,16544,-19,-280,89,68,152,-5
396472,15,846,16537,-19,-279,87,60,153,-6
396486,-4,848,16550,-18,-283,92,61,152,-3
396500,-5,843,16535,-17,-282,85,61,157,-1
396514,10,813,16535,-18,-276,84,63,156,-5
396528,23,799,16537,-21,-280,83,64,154,-9
396542,51,796,16538,-21,-283,86,63,156,-1
396556,51,806,16538,-12,-280,87,65,155,1
396570,35,826,16541,-12,-283,86,65,154,-5
396584,16,840,16545,-22,-282,89,68,154,-4
396598,0,833,16552,-21,-274,87,67,152,-4
396612,-5,829,16548,-18,-280,83,60,154,-4
396626,-2,822,16541,-19,-283,86,63,153,-7
396640,13,814,16533,-16,-279,85,65,154,-6
396654,41,815,16547,-18,-283,93,64,155,-6
396668,45,823,16543,-12,-278,81,63,155,-5
396682,38,829,16542,-15,-280,86,66,154,-3
396696,31,827,16552,-16,-275,82,67,153,-4
396710,4,829,16553,-14,-280,81,62,156,-6
396724,-7,811,16550,-19,-277,84,64,157,-8
396738,-7,814,16554,-20,-279,80,65,155,-4
396752,2,823,16552,-21,-279,84,60,154,-4
396766,8,837,16541,-18,-281,89,63,154,-6
396780,20,837,16544,-20,-279,85,66,155,-2
396794,29,825,16546,-21,-280,85,64,154,-5
396808,29,814,16549,-20,-277,88,63,154,-5
396822,18,792,16544,-16,-279,86,69,153,-5
396836,17,784,16548,-23,-279,82,67,153,-4
396850,8,812,16537,-14,-283,83,64,154,-2
396864,12,831,16547,-20,-278,82,64,152,-2
396878,7,841,16537,-18,-275,83,65,160,-3
396892,6,839,16536,-16,-275,85,65,155,-6
396906,6,827,16548,-21,-278,80,64,152,-6
396920,8,810,16545,-16,-281,87,63,154,-3
396934,13,784,16544,-16,-279,87,63,154,-6
396948,33,786,16553,-17,-278,85,62,149,-8
396962,38,798,16544,-17,-280,84,64,153,-6
396976,30,830,16559,-9,-282,89,66,154,-4
396990,27,844,16554,-14,-273,86,65,149,-3
397004,-1,844,16529,-14,-278,88,63,148,-3
397018,-7,829,16532,-17,-277,84,63,153,-8
397032,2,802,16541,-23,-278,83,65,152,-7
397046,19,800,16538,-9,-281,83,69,153,-6
397060,42,801,16543,-19,-271,86,64,152,-6
397074,46,820,16538,-15,-279,90,64,152,-2
397088,27,836,16538,-14,-279,89,63,156,-8
397102,11,838,16530,-24,-281,88,66,155,-5
397116,-15,819,16560,-16,-279,86,64,152,-1
397130,-19,815,16557,-14,-273,88,65,154,-4
397144,10,802,16550,-18,-279,86,61,153,-7
397158,35,805,16553,-21,-282,88,62,148,-5
397172,52,821,16544,-17,-280,90,65,149,1
397186,54,828,16545,-20,-278,87,67,152,-3
397200,29,817,16545,-17,-281,87,63,155,2
397214,16,817,16546,-16,-278,87,61,157,-1
397228,9,813,16547,-15,-278,80,62,152,-5
397242,12,812,16544,-16,-284,77,61,155,-7
397256,-9,821,16548,-17,-278,84,67,157,-3
397270,2,834,16545,-13,-275,89,65,154,-1
397284,8,838,16536,-18,-281,87,64,154,-2
397298,12,836,16542,-15,-283,89,66,152,-4
397312,22,818,16545,-16,-276,86,64,153,-3
397326,24,808,16554,-20,-279,87,65,153,-7
397340,33,797,16542,-15,-281,87,65,150,-3
397354,30,800,16555,-14,-285,88,64,153,-2
397368,31,822,16534,-16,-277,86,64,153,-1
397382,14,838,16543,-20,-274,93,66,152,-3
397396,-1,848,16547,-18,-278,92,63,155,-5
397410,-8,848,16547,-18,-277,87,64,156,-2
397424,-6,843,16539,-25,-273,91,65,153,1
397438,2,810,16550,-22,-276,92,64,152,-5
397452,13,802,16550,-21,-275,86,65,150,-3
397466,32,802,16537,-18,-278,89,66,153,-6
397480,40,811,16541,-18,-283,86,64,157,-5
397494,47,835,16549,-19,-276,84,61,156,-4
397508,41,838,16545,-21,-276,92,65,156,-3
397522,5,835,16540,-23,-275,91,66,156,-5
397536,-2,832,16539,-21,-280,84,63,152,-6
397550,8,838,16548,-22,-280,91,66,152,-3
397564,25,831,16540,-21,-280,81,66,154,-4
397578,7,782,16546,-21,-279,93,60,154,-3
397592,19,784,16539,-21,-278,94,60,156,-4
397606,11,817,16543,-14,-278,90,67,156,-4
397620,-3,832,16537,-14,-273,93,65,153,-2
397634,20,867,16539,-18,-278,84,62,154,-7
397648,52,867,16539,-18,-276,81,66,153,-5
397662,68,804,16545,-15,-280,79,66,152,-1
397676,64,776,16544,-18,-278,77,64,150,-3
397690,5,758,16545,-20,-275,85,67,152,-3
397704,-29,781,16544,-16,-277,88,65,151,-5
397718,-69,869,16559,-12,-283,96,65,152,-6
397732,-60,907,16563,-13,-283,89,63,153,-3
397746,16,899,16550,-13,-277,80,64,154,-5
397760,65,853,16554,-12,-277,73,62,152,-7
397774,94,744,16538,-20,-277,78,64,154,-5
397788,105,707,16554,-18,-277,86,66,153,-5
397802,71,743,16539,-21,-279,94,63,153,-6
397816,-23,797,16538,-16,-281,97,65,153,-5
397830,-47,868,16542,-23,-276,89,63,155,-5
397844,-71,939,16539,-19,-278,84,62,152,-8
397858,-45,934,16541,-22,-275,77,61,154,-6
397872,31,824,16542,-11,-277,79,64,153,-2
397886,46,765,16546,-12,-279,91,67,156,2
397900,72,719,16554,-18,-281,90,67,148,-2
397914,70,740,16546,-23,-285,91,63,148,-2
397928,34,834,16546,-24,-277,90,64,147,-3
397942,32,871,16541,-23,-280,86,64,149,-4
397956,-11,890,16540,-20,-280,83,63,150,-6
397970,-28,867,16543,-20,-278,85,64,148,-5
397984,-36,809,16537,-17,-279,82,63,154,-7
397998,-29,794,16543,-17,-274,86,62,154,-4
398012,10,789,16543,-14,-272,89,63,155,-5
398026,42,809,16542,-18,-281,89,66,156,-2
398040,101,881,16543,-15,-277,87,65,154,-3
398054,88,853,16548,-16,-284,81,62,150,-4
398068,20,785,16528,-13,-278,90,64,152,-7
398082,-11,775,16525,-11,-277,86,63,155,-3
398096,-42,799,16552,-16,-280,83,64,155,-7
398110,-42,825,16541,-15,-283,87,65,153,-8
398124,12,855,16545,-16,-277,84,66,153,-2
398138,36,859,16549,-16,-281,84,65,153,1
398152,67,828,16531,-17,-283,88,64,150,-5
398166,72,811,16536,-22,-279,88,66,152,-6
398180,48,784,16546,-15,-281,88,67,154,-6
398194,18,782,16537,-18,-275,85,65,155,-5
398208,-2,815,16555,-19,-273,84,62,155,-3
398222,9,832,16542,-19,-280,83,63,153,-1
398236,11,860,16548,-20,-281,79,62,153,-3
398250,18,858,16544,-21,-278,84,61,148,-6
398264,22,850,16554,-12,-276,88,65,154,-5
398278,5,829,16552,-18,-275,87,61,154,1
398292,2,810,16548,-13,-271,86,68,152,-5
398306,-10,796,16550,-18,-277,88,65,150,-6
398320,2,795,16552,-19,-280,81,63,147,-4
398334,38,810,16544,-12,-276,85,64,152,-3
398348,45,822,16546,-23,-281,83,66,153,-3
398362,41,845,16546,-15,-275,89,68,155,-4
398376,23,847,16540,-16,-280,90,66,154,-5
398390,-18,825,16559,-19,-276,92,64,152,-5
398404,-28,817,16558,-11,-277,85,63,152,-7
398418,-3,805,16543,-15,-280,78,63,154,-2
398432,29,812,16556,-18,-280,79,63,149,-6
398446,67,824,16544,-17,-279,81,61,153,-4
398460,77,830,16531,-16,-275,91,60,149,-10
398474,25,819,16543,-25,-280,89,64,155,-9
398488,1,812,16541,-26,-274,89,60,152,-5
398502,-22,818,16545,-22,-281,86,66,150,-6
398516,-18,822,16541,-19,-275,79,63,153,-5
398530,5,829,16548,-22,-280,81,63,149,-4
398544,22,835,16544,-22,-278,82,63,152,-5
398558,38,829,16545,-18,-272,87,63,152,-6
398572,31,829,16543,-19,-281,92,61,150,-5
398586,21,815,16545,-20,-277,88,62,153,-5
398600,9,799,16538,-16,-279,88,66,154,-5
398614,10,793,16546,-18,-278,81,63,153,-3
398628,17,807,16547,-14,-275,83,65,154,-4
398642,25,833,16552,-19,-280,81,66,154,-1
398656,25,848,16552,-12,-277,85,62,154,-1
398670,22,844,16548,-15,-282,88,63,154,-3
398684,4,848,16549,-19,-276,86,62,155,-4
398698,-2,822,16553,-17,-281,83,64,158,-3
398712,-2,804,16547,-20,-273,83,61,150,-6
398726,7,791,16544,-14,-273,81,61,152,-5
398740,42,785,16538,-14,-278,80,63,150,-2
398754,43,800,16537,-17,-279,85,62,153,2
398768,49,837,16541,-15,-275,84,62,155,-4
398782,35,843,16536,-21,-281,90,63,152,-4
398796,-13,846,16545,-20,-275,84,64,152,-5
398810,-27,837,16547,-18,-279,78,65,152,-4
398824,-22,806,16543,-13,-277,82,63,153,-8
398838,5,797,16540,-18,-274,84,62,155,-5
398852,39,806,16548,-15,-281,82,61,153,-3
398866,50,815,16538,-13,-279,81,61,154,-3
398880,46,849,16530,-18,-280,87,64,154,-5
398894,28,851,16535,-15,-280,84,66,153,-4
398908,-8,832,16552,-16,-278,82,66,154,-6
398922,-19,814,16570,-21,-277,83,62,154,-5
398936,-10,795,16535,-14,-286,85,64,154,-4
398950,6,803,16546,-20,-280,86,64,156,-4
398964,28,833,16540,-17,-278,85,65,154,-3
398978,51,838,16538,-17,-274,84,64,155,-4
398992,36,847,16540,-16,-280,82,61,154,-6
399006,34,837,16537,-17,-281,90,63,152,-4
399020,10,806,16557,-23,-279,85,62,157,-6
399034,7,800,16549,-19,-280,89,64,158,-7
399048,-6,800,16536,-19,-280,89,66,153,-4
399062,1,811,16543,-15,-280,82,68,152,-4
399076,18,843,16537,-17,-276,87,64,150,-5
399090,24,853,16533,-17,-280,86,66,152,-5
399104,30,834,16545,-14,-277,87,63,152,-3
399118,22,815,16537,-18,-280,83,60,152,-5
399132,17,798,16552,-14,-281,85,59,155,-7
399146,16,791,16547,-21,-278,82,61,155,-6
399160,21,794,16554,-12,-281,83,59,152,-6
399174,31,822,16559,-16,-277,85,62,152,-7
399188,26,837,16527,-17,-282,85,64,153,-5
399202,12,840,16534,-17,-279,90,62,152,-5
399216,-5,843,16542,-17,-281,84,62,153,-5
399230,1,818,16553,-12,-278,83,64,154,-5
399244,4,807,16535,-14,-280,83,65,150,-7
399258,41,800,16553,-15,-276,86,64,149,-4
399272,37,792,16540,-18,-279,82,61,154,-1
399286,26,820,16551,-16,-281,82,65,155,-4
399300,18,838,16550,-16,-281,84,62,150,-4
399314,19,842,16546,-18,-279,89,61,152,-4
399328,11,840,16545,-9,-278,85,66,150,-5
399342,-4,822,16554,-17,-276,79,64,155,-5
399356,5,808,16563,-19,-279,84,66,153,-4
399370,22,814,16538,-19,-282,83,69,153,-4
399384,20,816,16548,-14,-275,84,64,155,-5
399398,28,824,16536,-17,-277,82,64,154,-4
399412,22,836,16537,-17,-278,82,64,153,-4
399426,18,828,16535,-20,-277,90,68,156,-7
399440,11,819,16541,-16,-280,86,67,152,-6
399454,5,811,16546,-20,-280,89,61,153,-3
399468,8,808,16547,-18,-276,90,61,155,-7
399482,8,822,16547,-18,-283,84,60,156,-8
399496,8,835,16555,-18,-280,91,67,153,-5
399510,15,838,16560,-19,-280,87,64,153,-2
399524,21,833,16555,-16,-278,87,62,150,-2
399538,24,817,16544,-17,-277,84,64,147,-4
399552,28,806,16545,-17,-278,88,64,150,-4
399566,33,809,16547,-19,-277,89,63,150,-5
399580,28,816,16534,-19,-278,86,63,152,-4
399594,23,819,16553,-17,-278,90,62,153,-3
399608,16,846,16554,-15,-277,85,67,156,-4
399622,10,849,16543,-20,-278,85,64,155,-4
399636,12,827,16542,-15,-283,84,67,155,-4
399650,15,817,16548,-18,-278,84,65,154,-3
399664,23,804,16538,-21,-275,83,62,154,-5
399678,27,803,16541,-14,-283,79,65,148,-5
399692,26,817,16539,-15,-280,89,63,149,-7
399706,34,835,16547,-19,-273,87,64,154,-3
399720,21,843,16543,-16,-277,87,62,154,-2
399734,11,838,16538,-14,-278,83,59,154,-5
399748,14,815,16553,-17,-279,85,61,153,-2
399762,8,808,16545,-17,-273,84,66,150,1
399776,12,803,16540,-23,-280,89,66,152,-5
399790,15,815,16544,-18,-283,84,67,153,-6
399804,18,830,16547,-19,-280,83,63,150,-1
399818,14,838,16544,-23,-275,87,63,153,-4
399832,16,826,16550,-13,-282,86,63,155,-5
399846,20,823,16543,-19,-277,83,67,150,-3
399860,9,812,16548,-12,-280,84,65,153,-5
399874,16,807,16554,-15,-276,90,65,155,-6
399888,20,808,16540,-19,-275,86,69,155,-7
399902,26,817,16543,-11,-281,90,67,152,-5
399916,18,841,16541,-20,-278,88,62,154,-5
399930,10,836,16543,-26,-274,86,59,153,-4
399944,11,820,16541,-18,-277,82,65,155,-1
399958,20,815,16544,-14,-274,85,63,154,-2
399972,6,805,16547,-15,-274,86,61,153,-7
399986,11,811,16551,-17,-278,94,63,154,-3
400000,10,829,16535,-24,-279,87,63,152,-6
400014,9,840,16550,-13,-278,92,65,153,-5
400028,7,842,16538,-19,-277,90,62,156,-3
400042,8,838,16541,-23,-280,84,62,158,-4
400056,15,822,16564,-18,-277,86,65,157,-3
400070,28,821,16553,-18,-282,91,62,158,-4
400084,14,815,16547,-17,-276,85,66,149,2
400098,30,811,16549,-21,-275,86,61,148,-5
400112,25,817,16546,-19,-280,84,60,152,-1
400126,22,823,16546,-18,-273,84,67,149,2
400140,16,817,16541,-13,-277,85,67,150,2
400154,13,829,16543,-16,-271,81,64,150,-4
400168,14,816,16549,-21,-277,88,63,152,-1
400182,5,818,16544,-19,-277,90,64,152,-5
400196,6,826,16553,-19,-273,90,67,149,-7
400210,16,827,16548,-17,-275,86,69,154,-7
400224,16,824,16543,-18,-280,86,63,153,-5
400238,32,812,16547,-18,-276,86,62,155,-4
400252,28,808,16540,-16,-281,85,68,152,-3
400266,19,807,16548,-16,-282,86,68,150,-6
400280,12,814,16543,-17,-279,88,66,154,-7
400294,4,830,16558,-16,-280,84,66,153,-7
400308,0,835,16552,-23,-276,88,67,153,-6
400322,7,835,16546,-18,-272,88,68,154,-1
400336,20,827,16555,-14,-278,87,64,154,-3
400350,22,815,16543,-19,-274,87,64,153,-8
400364,25,810,16553,-22,-268,86,64,155,-2
400378,20,807,16545,-20,-277,88,63,153,-5
400392,11,807,16542,-22,-278,90,66,150,-6
400406,7,830,16550,-21,-278,87,63,152,-2
400420,8,839,16538,-19,-280,85,63,152,2
400434,16,841,16531,-14,-281,87,62,150,-8
400448,17,832,16554,-17,-278,83,65,150,-8
400462,29,812,16548,-17,-274,89,64,150,-6
400476,34,798,16553,-12,-280,86,65,151,-5
400490,30,801,16548,-15,-274,91,65,150,-3
400504,28,815,16553,-10,-278,85,63,153,-6
400518,18,824,16541,-20,-278,88,64,147,-4
400532,13,845,16543,-21,-274,91,64,154,-8
400546,8,836,16555,-21,-281,82,65,154,-5
400560,13,815,16537,-18,-279,82,66,155,-5
400574,6,809,16549,-15,-279,87,63,153,-6
400588,26,799,16539,-16,-278,83,62,157,-5
400602,21,799,16538,-15,-277,83,66,149,-8
400616,17,818,16546,-22,-280,82,64,153,-5
400630,12,830,16544,-16,-276,86,65,155,-5
400644,31,827,16548,-14,-279,84,60,145,-5
400658,25,827,16549,-17,-280,87,63,148,-6
400672,37,830,16543,-16,-280,86,65,152,-9
400686,35,814,16555,-18,-280,89,63,153,-7
400700,19,805,16542,-18,-279,88,65,157,-7
400714,9,810,16541,-16,-275,85,66,156,-8
400728,3,819,16551,-19,-282,86,65,152,-8
400742,3,834,16537,-17,-280,87,62,155,-5
400756,21,841,16557,-14,-278,83,63,155,-6
400770,16,827,16554,-16,-280,83,63,153,-5
400784,29,812,16556,-14,-278,84,64,153,-4
400798,26,807,16564,-18,-273,83,65,150,-6
400812,13,801,16546,-16,-281,83,63,154,-4
400826,7,811,16546,-17,-277,92,63,157,-3
400840,-15,842,16559,-18,-273,87,61,152,-5
400854,-16,851,16547,-17,-280,90,63,154,-3
400868,17,840,16541,-12,-280,84,66,155,-2
400882,31,828,16535,-15,-281,85,64,152,-3
400896,38,805,16548,-13,-275,84,65,153,-3
400910,44,795,16544,-15,-276,80,64,153,-7
400924,30,794,16555,-16,-273,87,65,150,-6
400938,3,812,16548,-18,-280,86,64,149,-7
400952,-6,831,16541,-17,-274,87,60,153,-3
400966,-7,860,16547,-20,-276,84,60,155,-3
400980,-1,843,16548,-14,-278,85,61,152,-3
400994,25,814,16541,-13,-275,81,66,150,-7
401008,36,796,16551,-19,-278,83,68,153,-6
401022,47,784,16547,-16,-278,84,68,153,-4
401036,41,791,16542,-16,-280,91,67,153,-3
401050,28,834,16536,-18,-281,88,65,154,-4
401064,12,843,16542,-18,-284,92,63,155,1
401078,0,845,16540,-13,-277,90,63,155,1
401092,3,841,16541,-17,-276,87,65,154,1
401106,-5,818,16547,-18,-281,86,65,153,-2
401120,8,813,16553,-19,-279,85,67,152,-3
401134,26,796,16540,-21,-281,85,65,153,-4
401148,28,803,16547,-19,-278,87,66,149,-5
401162,32,832,16538,-13,-278,86,65,153,-4
401176,32,838,16536,-19,-278,88,64,154,-3
401190,19,822,16543,-14,-278,85,65,150,-3
401204,17,818,16536,-21,-279,87,66,153,-4
401218,5,799,16544,-16,-280,87,66,155,-6
401232,-6,799,16550,-16,-281,88,66,155,-7
401246,-10,827,16547,-17,-278,89,65,153,-5
401260,3,838,16545,-18,-275,87,64,150,-3
401274,19,843,16539,-21,-276,86,63,153,-3
401288,31,834,16527,-22,-279,88,65,153,-4
401302,41,817,16545,-13,-278,88,64,156,-3
401316,44,799,16545,-15,-278,87,64,152,3
401330,39,798,16549,-16,-276,87,61,155,-6
401344,14,806,16530,-17,-280,88,62,153,-8
401358,9,837,16542,-17,-279,92,64,149,-8
401372,-7,846,16536,-18,-281,93,64,152,-6
401386,-8,853,16554,-22,-282,83,63,153,-5
401400,12,837,16543,-19,-279,87,63,150,-5
401414,30,826,16540,-19,-274,84,58,154,-2
401428,51,792,16542,-19,-275,88,62,150,-6
401442,52,785,16542,-26,-277,83,63,149,-5
401456,42,810,16544,-21,-281,85,64,154,-2
401470,20,817,16540,-15,-280,86,63,159,-3
401484,-5,848,16546,-15,-277,87,64,154,-2
401498,-18,850,16537,-19,-282,81,61,155,-4
401512,-13,832,16542,-15,-278,86,62,156,-4
401526,-6,824,16540,-18,-282,88,65,152,-8
401540,26,797,16538,-19,-277,88,65,156,-5
401554,26,796,16543,-16,-277,86,65,153,-4
401568,38,815,16550,-17,-280,88,59,154,-5
401582,40,817,16542,-14,-272,87,65,154,-4
401596,22,834,16540,-20,-280,85,62,151,-3
401610,11,827,16543,-13,-279,82,63,153,-2
401624,-2,824,16544,-15,-279,82,66,153,-7
401638,-1,822,16545,-19,-279,91,65,157,-5
401652,-6,819,16541,-22,-280,85,65,153,-5
401666,7,824,16544,-17,-277,88,68,151,-5
401680,15,830,16545,-20,-273,90,66,152,-7
401694,32,837,16542,-24,-275,83,63,154,-6
401708,54,823,16529,-22,-275,82,65,149,-7
401722,46,812,16536,-18,-280,85,68,150,-6
401736,22,803,16540,-17,-280,84,67,154,-8
401750,13,798,16556,-13,-276,85,63,154,-8
401764,-2,830,16541,-22,-280,85,64,154,-3
401778,-6,840,16540,-19,-277,85,65,151,3
401792,-7,844,16535,-19,-278,82,64,153,-1
401806,9,834,16534,-19,-277,83,60,151,-10
401820,21,814,16542,-15,-278,84,61,151,-6
401834,28,802,16553,-18,-281,83,64,152,-3
401848,28,801,16543,-17,-279,86,64,154,-1
401862,30,816,16537,-15,-278,89,63,154,-5
401876,25,828,16539,-19,-279,90,64,156,-5
401890,10,837,16538,-15,-283,89,63,151,-7
401904,2,836,16538,-13,-276,87,62,151,-3
401918,0,818,16547,-19,-276,84,63,149,-7
401932,9,815,16544,-20,-281,85,61,148,-7
401946,28,815,16547,-25,-279,90,66,153,-7
401960,20,821,16547,-18,-281,88,64,154,-7
401974,35,824,16543,-18,-278,84,63,155,-5
401988,37,827,16546,-18,-282,86,66,152,-5
402002,21,836,16552,-24,-279,88,65,151,-3
402016,16,831,16551,-20,-279,87,64,151,-7
402030,14,822,16547,-15,-280,81,63,152,-6
402044,6,822,16546,-16,-282,83,66,154,-5
402058,16,823,16542,-18,-278,85,61,153,-6
402072,18,817,16549,-18,-279,83,59,151,-4
402086,24,827,16540,-19,-277,81,65,152,-2
402100,21,829,16548,-19,-281,84,67,151,-5
402114,32,815,16542,-12,-274,86,64,149,-4
402128,25,819,16547,-15,-280,88,65,150,-5
402142,10,809,16554,-18,-278,87,67,152,-6
402156,8,814,16555,-23,-279,84,66,149,-5
402170,12,827,16552,-17,-277,84,66,149,-3
402184,11,827,16544,-19,-279,85,66,151,-3
402198,22,836,16544,-18,-276,85,65,150,-5
402212,21,832,16541,-16,-275,87,64,150,-4
402226,14,819,16547,-17,-282,83,62,151,-5
402240,29,813,16543,-17,-278,89,62,153,-8
402254,25,804,16542,-18,-276,84,66,151,-1
402268,24,812,16548,-17,-280,88,66,152,1
402282,22,815,16547,-18,-282,87,65,155,-2
402296,22,829,16544,-17,-281,84,64,151,-4
402310,13,833,16549,-16,-278,87,64,151,-3
402324,16,821,16549,-19,-278,86,67,151,-4
402338,9,823,16552,-14,-277,86,66,149,-4
402352,14,821,16542,-10,-280,88,65,152,-7
402366,18,812,16543,-16,-284,86,60,154,-8
402380,35,813,16537,-20,-279,88,62,158,-9
402394,31,817,16543,-16,-279,90,61,155,-5
402408,33,820,16540,-20,-275,91,61,152,-7
402422,23,823,16548,-18,-279,86,67,150,-6
402436,8,826,16544,-20,-281,87,63,151,-5
402450,11,826,16551,-20,-283,84,64,151,-5
402464,7,824,16551,-12,-275,87,62,148,-7
402478,19,823,16543,-22,-280,83,63,151,-4
402492,30,830,16548,-17,-274,84,65,153,-6
402506,36,827,16555,-20,-281,86,64,149,-6
402520,21,823,16548,-17,-281,86,61,148,-4
402534,25,816,16545,-18,-278,89,64,152,-5
402548,15,817,16541,-9,-278,80,63,151,-7
402562,11,813,16545,-15,-281,86,64,154,-2
402576,4,819,16549,-16,-281,85,64,151,-3
402590,3,828,16546,-16,-281,89,59,150,-5
402604,8,828,16546,-16,-274,85,61,154,-6
402618,17,830,16545,-18,-282,89,64,150,-2
402632,7,823,16548,-11,-275,82,67,150,-4
402646,18,818,16547,-23,-276,84,63,153,-6
402660,21,823,16547,-20,-281,85,64,155,-6
402674,34,818,16550,-19,-277,86,64,153,-6
402688,27,822,16545,-16,-277,89,66,154,-7
402702,17,820,16543,-13,-280,86,67,152,-6
402716,12,826,16539,-15,-278,82,64,152,-4
402730,11,828,16545,-16,-277,82,64,154,-3
402744,24,826,16540,-17,-280,83,64,154,-1
402758,21,818,16549,-20,-275,78,63,153,1
402772,15,815,16550,-20,-274,76,64,149,-5
402786,19,816,16549,-18,-279,88,62,150,-5
402800,19,817,16542,-21,-275,84,61,152,-2
402814,21,824,16550,-22,-279,85,63,150,-6
402828,20,825,16549,-21,-282,85,62,154,-6
402842,18,822,16546,-20,-276,90,65,150,-6
402856,7,823,16544,-18,-278,87,64,153,-4
402870,12,815,16542,-14,-279,91,63,156,-5
402884,17,818,16538,-15,-280,89,65,150,1
402898,20,829,16555,-14,-282,87,62,153,-1
402912,21,817,16554,-13,-274,88,59,151,-5
402926,28,817,16548,-15,-273,88,60,155,-8
402940,31,813,16550,-19,-275,86,66,156,-4
402954,23,820,16543,-20,-277,88,65,153,-5
402968,25,817,16539,-18,-276,87,63,151,-7
402982,16,817,16561,-17,-283,85,66,152,-8
402996,18,815,16556,-19,-277,86,67,152,-9
403010,21,818,16540,-18,-278,85,68,156,-1
403024,19,818,16543,-16,-277,80,63,153,-5
403038,22,823,16547,-23,-277,87,64,152,-5
403052,26,821,16546,-19,-281,87,61,154,-4
403066,24,820,16542,-19,-280,86,67,153,-5
403080,20,821,16537,-19,-279,82,61,155,-4
403094,20,822,16538,-14,-280,86,60,154,-6
403108,12,820,16545,-14,-274,84,61,153,-4
403122,18,821,16534,-19,-274,89,65,153,-4
403136,14,819,16539,-22,-278,86,67,155,-6
403150,1,823,16546,-17,-275,84,63,156,-8
403164,11,829,16549,-20,-280,81,63,154,-8
403178,6,826,16542,-16,-283,90,62,154,-4
403192,18,814,16536,-15,-281,86,65,153,-2
403206,15,814,16539,-18,-281,84,64,155,-2
403220,21,814,16549,-21,-278,84,62,155,-5
403234,24,820,16551,-17,-288,88,66,151,-5
403248,23,820,16539,-17,-278,90,66,152,-4
403262,24,823,16536,-13,-282,93,64,153,-2
403276,-1,821,16535,-20,-278,83,63,154,-3
403290,19,818,16533,-20,-272,85,64,152,-9
403304,26,821,16543,-15,-278,89,64,150,-7
403318,22,822,16548,-15,-281,82,63,150,-6
403332,26,815,16533,-23,-283,85,67,151,-5
403346,30,811,16536,-18,-279,87,67,150,-4
403360,20,831,16536,-21,-279,83,60,152,-5
403374,10,831,16532,-19,-277,84,62,149,-5
403388,17,832,16547,-20,-282,83,67,154,-5
403402,12,832,16546,-12,-276,87,65,154,-6
403416,8,825,16537,-16,-276,86,66,152,-4
403430,14,819,16543,-15,-283,80,63,152,-3
403444,22,821,16546,-20,-277,84,65,153,-3
403458,20,820,16545,-21,-276,86,60,155,-8
403472,26,816,16527,-15,-277,89,60,153,-7
403486,16,815,16535,-16,-280,85,64,153,-8
403500,10,822,16548,-14,-282,84,64,156,-8
403514,16,821,16545,-19,-279,91,64,154,-3
403528,7,832,16552,-15,-280,90,65,156,-2
403542,8,829,16543,-16,-281,88,68,154,-1
403556,16,818,16535,-16,-278,81,67,150,-7
403570,13,809,16538,-19,-277,86,65,150,-8
403584,10,806,16544,-18,-278,87,66,151,-4
403598,25,815,16538,-16,-280,81,63,153,-4
403612,28,816,16542,-12,-279,89,61,150,-1
403626,32,831,16536,-12,-274,86,65,150,-3
403640,14,828,16538,-14,-280,87,63,155,-4
403654,0,825,16537,-12,-279,87,62,154,-4
403668,4,826,16531,-12,-280,89,65,154,-4
403682,5,827,16537,-15,-280,86,66,155,-2
403696,7,825,16534,-18,-279,86,62,153,-3
403710,6,820,16551,-12,-274,86,65,152,-6
403724,11,823,16550,-12,-279,89,64,151,-6
403738,28,811,16542,-17,-281,87,63,153,-7
403752,34,812,16525,-15,-278,83,64,154,-8
403766,21,809,16552,-23,-280,87,64,153,-5
403780,20,817,16548,-17,-276,87,64,150,-4
403794,7,830,16551,-13,-273,81,64,149,-5
403808,9,827,16544,-19,-274,83,64,155,-8
403822,27,821,16551,-23,-275,81,63,156,-6
403836,31,820,16547,-19,-278,85,65,154,-1
403850,19,819,16543,-19,-280,88,67,154,-1
403864,29,818,16543,-21,-276,85,64,154,-4
403878,19,818,16540,-14,-278,90,63,153,-8
403892,16,822,16552,-16,-279,87,64,153,-4
403906,5,837,16537,-21,-273,88,71,153,-5
403920,11,826,16543,-19,-283,85,66,152,-5
403934,17,825,16534,-17,-280,86,64,158,-6
403948,12,829,16538,-19,-278,85,60,153,-2
403962,11,824,16539,-18,-280,86,62,151,-2
403976,20,819,16538,-16,-278,83,65,152,-5
403990,24,826,16535,-20,-283,81,62,151,-6
404004,14,819,16538,-14,-280,87,62,152,-5
404018,3,825,16535,-16,-278,87,63,148,-4
404032,19,831,16534,-12,-279,86,65,148,-2
404046,20,820,16546,-17,-280,84,63,153,-4
404060,9,824,16542,-18,-280,82,65,152,-5
404074,9,819,16538,-15,-279,85,62,151,-5
404088,21,819,16543,-21,-282,87,63,154,-2
404102,17,819,16549,-20,-284,84,63,155,-5
404116,22,811,16534,-19,-279,83,61,154,-6
404130,20,819,16539,-22,-280,91,60,157,-6
404144,12,825,16535,-19,-277,89,65,152,-4
404158,16,825,16538,-20,-278,88,63,151,-3
404172,20,822,16546,-19,-275,84,63,157,-3
404186,19,826,16540,-18,-281,83,64,154,-1
404200,9,820,16545,-18,-280,82,64,153,-3
404214,12,822,16540,-15,-278,86,62,157,-3
404228,14,825,16539,-22,-274,84,63,156,-2
404242,9,820,16540,-25,-279,87,63,153,-3
404256,13,823,16540,-20,-274,86,64,150,-5
404270,16,821,16537,-18,-277,86,64,152,-6
404284,27,815,16539,-15,-282,86,63,155,-1
404298,25,822,16539,-19,-280,88,59,153,-2
404312,6,825,16542,-15,-283,86,58,154,-2
404326,11,824,16538,-18,-277,85,62,156,-7
404340,24,831,16535,-20,-280,85,59,153,-5
404354,18,828,16534,-15,-280,84,66,152,-2
404368,21,818,16541,-18,-282,85,60,153,-3
404382,30,813,16531,-14,-278,87,61,152,-5
404396,26,822,16526,-17,-278,90,66,153,-1
404410,23,824,16532,-14,-277,85,66,150,-1
404424,20,815,16538,-13,-279,85,64,155,-4
404438,23,822,16540,-21,-276,88,63,154,-4
404452,16,822,16545,-20,-277,86,66,153,-3
404466,21,820,16547,-15,-276,85,62,152,-3
404480,19,822,16538,-14,-283,88,63,153,-3
404494,10,820,16540,-16,-276,80,64,156,-4
404508,9,817,16537,-17,-281,88,63,156,-2
404522,18,815,16537,-19,-277,87,65,155,-3
404536,23,816,16531,-16,-275,87,63,154,-1
404550,19,815,16541,-12,-277,89,60,155,-3
404564,24,816,16539,-18,-276,83,64,155,-3
404578,23,819,16540,-15,-274,86,63,156,-3
404592,19,824,16538,-15,-279,86,64,155,-5
404606,22,820,16539,-17,-279,92,65,153,-4
404620,20,829,16551,-18,-277,88,64,154,-5
404634,15,825,16540,-17,-282,91,62,150,-1
404648,31,825,16531,-18,-278,88,63,154,-4
404662,30,820,16546,-20,-280,88,66,154,-5
404676,21,817,16541,-18,-279,84,62,154,-5
404690,23,815,16543,-19,-276,84,61,150,-7
404704,10,819,16541,-16,-281,83,65,152,-4
404718,28,824,16536,-19,-279,89,61,149,-3
404732,23,825,16541,-15,-275,85,66,156,-3
404746,17,836,16546,-20,-279,88,64,156,-4
404760,12,830,16553,-19,-274,84,64,157,-6
404774,19,820,16548,-17,-277,82,63,154,-6
404788,13,820,16548,-22,-279,85,65,153,-5
404802,25,811,16532,-24,-278,79,64,152,-1
404816,17,816,16537,-22,-273,79,67,155,-5
404830,26,821,16557,-25,-279,92,64,155,-5
404844,17,826,16540,-17,-278,87,63,152,-2
404858,18,824,16551,-18,-275,88,64,154,-4
404872,20,825,16545,-13,-281,87,64,152,-5
404886,21,813,16548,-16,-276,89,63,152,-1
404900,13,809,16549,-17,-279,83,66,150,-1
404914,18,810,16544,-17,-284,87,65,152,-4
404928,19,823,16543,-20,-278,89,65,149,-7
404942,20,830,16545,-15,-280,84,68,149,-4
404956,18,826,16543,-15,-274,88,66,152,-5
404970,14,822,16542,-18,-278,90,64,153,-3
404984,10,815,16538,-12,-285,88,67,153,-2
404998,4,816,16539,-21,-278,88,65,154,-6
405012,21,816,16538,-17,-274,85,64,149,-5
405026,22,823,16537,-17,-282,89,63,154,-2
405040,23,826,16542,-17,-276,89,60,149,-2
405054,26,825,16547,-18,-273,84,64,156,-1
405068,32,828,16533,-15,-277,84,64,155,-2
405082,29,828,16544,-18,-278,84,63,152,-6
405096,16,822,16544,-21,-278,85,65,153,-3
405110,10,821,16541,-19,-278,88,64,154,-1
405124,17,822,16530,-12,-280,89,64,156,-3
405138,19,830,16535,-18,-283,89,65,157,-5
405152,20,829,16536,-18,-280,85,61,154,-5
405166,27,823,16534,-16,-284,84,62,155,-6
405180,27,809,16541,-18,-281,90,65,157,-5
405194,26,816,16542,-16,-278,84,64,155,-3
405208,19,820,16546,-20,-277,84,64,155,-4
405222,21,824,16544,-13,-277,85,63,155,-5
405236,18,827,16542,-15,-277,85,66,155,-5
405250,10,828,16544,-15,-277,88,62,149,-4
405264,16,827,16543,-21,-284,93,61,152,-5
405278,23,824,16535,-19,-276,88,61,154,-6
405292,20,826,16537,-16,-277,83,64,155,-2
405306,23,814,16531,-20,-277,85,62,150,-2
405320,25,819,16535,-16,-280,85,63,150,-7
405334,24,819,16538,-16,-275,85,63,150,-3
405348,22,817,16535,-17,-279,94,61,154,-4
405362,14,825,16539,-19,-276,87,64,155,-5
405376,13,832,16542,-21,-280,89,63,153,-8
405390,7,823,16548,-19,-277,83,66,152,-6
405404,13,825,16550,-18,-277,85,65,153,-4
405418,19,820,16536,-17,-280,85,63,152,-1
405432,10,821,16536,-15,-279,91,65,153,-4
405446,18,818,16539,-21,-278,85,65,153,-3
405460,8,815,16538,-15,-275,85,64,150,-3
405474,7,824,16542,-19,-279,88,67,156,-3
405488,16,820,16538,-18,-279,86,64,154,-4
405502,19,823,16555,-21,-279,88,63,150,-5
405516,21,822,16556,-18,-275,86,62,150,-8
405530,27,822,16530,-15,-281,82,62,153,-4
405544,22,816,16534,-21,-281,86,62,152,-1
405558,20,830,16541,-13,-282,86,64,152,-3
405572,15,821,16546,-10,-280,84,63,154,-9
405586,16,825,16537,-18,-280,87,62,156,-6
405600,22,826,16541,-14,-278,88,63,153,-6
405614,22,837,16534,-19,-282,83,67,154,-4
405628,22,829,16534,-22,-280,90,63,154,-4
405642,26,824,16539,-18,-275,81,66,155,-4
405656,20,822,16537,-20,-276,77,66,153,-4
405670,23,824,16547,-15,-275,86,65,150,-6
405684,22,822,16546,-15,-278,87,60,152,-5
405698,23,821,16542,-16,-278,83,64,150,-6
405712,20,818,16537,-19,-280,84,63,149,-7
405726,12,827,16538,-19,-279,85,66,153,-3
405740,10,826,16535,-19,-274,85,65,154,-4
405754,13,823,16535,-16,-279,88,65,156,-5
405768,6,825,16530,-16,-283,89,61,152,-4
405782,17,816,16540,-16,-281,88,62,150,-7
405796,26,823,16541,-13,-276,82,61,154,-5
405810,26,825,16544,-19,-277,84,64,155,-7
405824,14,821,16540,-19,-276,88,64,152,-8
405838,15,828,16542,-16,-277,87,63,152,-8
405852,9,822,16543,-20,-278,86,62,153,-5
405866,4,814,16544,-21,-282,82,68,152,-2
405880,21,831,16536,-19,-277,80,66,152,-2
405894,20,823,16538,-13,-280,82,61,150,-4
405908,27,829,16545,-13,-278,83,64,150,-4
405922,24,827,16536,-20,-275,84,65,150,-6
405936,25,820,16545,-19,-280,83,61,150,-5
405950,22,832,16539,-14,-276,85,64,150,-3
405964,18,820,16554,-20,-286,87,67,154,2
405978,19,827,16542,-15,-281,83,65,150,-3
405992,18,822,16540,-16,-272,80,64,152,-4
406006,25,821,16543,-19,-277,86,65,153,-2
406020,15,829,16532,-20,-278,87,64,153,-5
406034,21,830,16541,-17,-281,87,67,154,-6
406048,22,818,16553,-19,-282,87,62,152,-2
406062,11,818,16550,-21,-276,84,63,151,-3
406076,20,819,16539,-17,-275,79,64,152,-6
406090,15,826,16538,-14,-278,87,63,154,-8
406104,14,826,16546,-14,-274,84,64,152,-7
406118,12,836,16554,-10,-276,89,64,153,-3
406132,26,817,16532,-17,-280,89,61,154,-5
406146,9,820,16540,-17,-276,79,63,155,1
406160,25,815,16546,-17,-279,88,61,154,1
406174,19,815,16544,-21,-278,86,64,155,-1
406188,23,817,16529,-14,-277,82,68,154,-6
406202,17,824,16535,-17,-282,89,63,152,-4
406216,17,821,16548,-17,-277,87,67,154,-7
406230,30,822,16535,-17,-279,84,64,151,-6
406244,20,825,16549,-14,-281,86,64,157,-3
406258,12,830,16543,-12,-278,89,65,155,-3
406272,16,818,16537,-17,-274,86,67,157,-6
406286,20,823,16543,-16,-278,84,64,151,-1
406300,17,824,16546,-12,-281,88,65,151,1
406314,23,827,16541,-15,-282,89,66,152,-5
406328,17,824,16538,-14,-278,80,65,153,-2
406342,24,823,16550,-18,-274,86,65,152,-4
406356,20,823,16562,-18,-282,86,66,154,-7
406370,29,823,16543,-15,-279,87,65,155,-7
406384,29,823,16537,-19,-278,84,65,153,-5
406398,17,820,16537,-16,-283,88,65,151,-4
406412,19,822,16541,-18,-282,88,67,156,-1
406426,18,825,16540,-12,-279,86,65,153,-4
406440,20,826,16549,-17,-274,85,64,151,-3
406454,16,819,16544,-13,-279,86,63,153,-5
406468,26,822,16547,-20,-281,85,62,150,-5
406482,21,821,16536,-14,-280,89,61,148,-4
406496,29,824,16541,-19,-276,88,64,155,-5
406510,13,824,16550,-13,-280,81,63,150,-5
406524,20,823,16549,-19,-281,86,65,154,-3
406538,18,819,16533,-13,-277,84,61,150,1
406552,25,815,16539,-15,-277,84,62,154,-4
406566,21,814,16538,-18,-279,88,64,156,-8
406580,21,810,16542,-20,-280,89,66,155,-7
406594,30,821,16540,-20,-278,90,68,151,-8
406608,18,821,16545,-17,-281,85,65,149,-4
406622,25,818,16539,-20,-279,88,63,150,-2
406636,22,826,16528,-22,-274,85,64,151,-2
406650,15,826,16546,-18,-276,85,63,151,-3
406664,17,824,16550,-18,-279,85,66,154,-2
406678,8,823,16539,-21,-281,92,64,152,-3
406692,16,823,16537,-22,-279,85,65,154,-5
406706,25,825,16538,-14,-272,83,65,152,-3
406720,17,828,16539,-15,-279,82,63,152,-2
406734,24,831,16539,-13,-280,87,64,152,-7
406748,31,819,16544,-10,-275,85,62,147,-4
406762,25,814,16543,-17,-276,86,61,152,-7
406776,13,821,16538,-23,-278,87,63,152,-2
406790,18,817,16541,-14,-277,91,64,153,2
406804,20,836,16551,-22,-278,87,65,147,-4
406818,15,827,16544,-22,-278,84,63,148,-4
406832,15,826,16537,-18,-277,88,62,154,-2
406846,23,819,16539,-21,-276,85,61,154,-3
406860,31,817,16541,-22,-277,83,63,153,-5
406874,31,819,16542,-18,-280,85,60,153,-4
406888,16,822,16547,-14,-277,86,63,151,-5
406902,20,826,16546,-16,-281,85,66,150,-4
406916,27,822,16550,-14,-280,90,65,152,-4
406930,23,826,16552,-13,-279,85,61,154,-6
406944,8,816,16548,-23,-276,92,65,156,-4
406958,4,819,16540,-20,-278,88,63,157,-4
406972,19,816,16533,-17,-276,87,64,156,-3
406986,19,823,16544,-16,-275,87,67,154,-2
407000,23,827,16531,-16,-280,94,64,152,-3
407014,24,820,16535,-22,-272,88,66,153,-4
407028,24,827,16537,-15,-282,87,65,151,-3
407042,23,822,16540,-14,-284,88,65,158,-3
407056,12,814,16539,-17,-279,89,65,153,-4
407070,8,823,16545,-15,-280,92,66,153,-6
407084,10,821,16536,-16,-281,83,65,150,-7
407098,17,822,16542,-16,-285,83,69,152,-6
407112,24,824,16542,-14,-282,86,69,153,-5
407126,19,833,16544,-14,-277,83,71,155,-7
407140,23,828,16543,-13,-275,87,66,155,-3
407154,17,821,16550,-12,-282,85,63,155,-5
407168,17,814,16543,-18,-280,87,61,152,-5
407182,27,817,16542,-18,-276,87,66,155,-2
407196,27,818,16536,-17,-283,85,64,154,-3
407210,18,831,16542,-16,-276,88,64,153,-5
407224,23,828,16534,-13,-280,86,62,153,-7
407238,9,827,16537,-21,-280,84,61,152,-4
407252,17,821,16537,-20,-279,91,64,151,-1
407266,18,816,16540,-21,-281,89,67,152,1
407280,16,814,16538,-18,-276,88,66,150,-8
407294,18,816,16537,-19,-276,92,63,151,-7
407308,14,820,16540,-19,-279,88,62,153,-4
407322,13,827,16538,-20,-277,91,66,152,-3
407336,8,829,16534,-17,-276,87,67,153,-5
407350,17,824,16539,-21,-278,87,62,152,-2
407364,12,823,16545,-15,-280,82,62,154,-3
407378,19,820,16547,-19,-281,86,62,155,-5
407392,16,824,16545,-16,-275,86,63,150,-5
407406,19,820,16528,-16,-277,84,63,154,-5
407420,24,816,16540,-15,-279,92,64,152,-1
407434,23,830,16532,-17,-280,86,67,149,-7
407448,19,822,16543,-20,-280,88,67,154,-3
407462,24,815,16535,-18,-279,84,65,156,-8
407476,10,817,16535,-20,-278,84,63,155,-6
407490,13,819,16537,-17,-281,88,65,154,-5
407504,13,828,16530,-12,-282,87,67,154,-5
407518,16,830,16543,-10,-274,89,65,152,-5
407532,15,821,16542,-12,-280,80,67,149,-3
407546,21,825,16523,-21,-280,84,65,153,1
407560,27,816,16522,-18,-273,84,66,149,-4
407574,20,816,16528,-15,-284,82,65,152,-1
407588,29,824,16544,-16,-280,84,63,152,-4
407602,28,821,16544,-13,-281,82,61,154,-4
407616,11,820,16543,-18,-283,86,62,153,-5
407630,17,828,16543,-18,-285,86,66,153,-4
407644,26,825,16548,-13,-277,88,65,155,-6
407658,18,825,16534,-17,-276,87,63,154,-3
407672,18,817,16543,-15,-271,88,65,156,-7
407686,24,811,16549,-18,-279,89,63,156,-5
407700,20,818,16540,-17,-281,93,64,148,-7
407714,14,826,16531,-24,-279,89,65,152,-5
407728,7,824,16530,-20,-281,85,64,153,-5
407742,0,825,16534,-21,-278,91,66,152,-3
407756,21,828,16544,-20,-279,92,66,155,-5
407770,24,822,16536,-17,-281,86,65,148,-5
407784,19,820,16537,-15,-277,89,67,149,-2
407798,15,814,16543,-20,-276,91,64,156,-4
407812,20,812,16555,-18,-283,86,66,155,-5
407826,20,824,16546,-19,-274,85,67,154,-4
407840,21,816,16548,-18,-277,88,60,158,-4
407854,16,821,16545,-23,-281,92,61,154,-4
407868,15,826,16540,-13,-279,85,64,153,-4
407882,12,823,16547,-21,-275,89,62,156,-6
407896,23,821,16536,-14,-280,85,65,157,-4
407910,26,823,16538,-21,-279,83,65,155,-2
407924,20,833,16547,-19,-279,89,64,156,-3
407938,24,825,16542,-14,-280,87,62,155,-7
407952,24,826,16539,-15,-273,88,62,154,-5
407966,22,826,16539,-17,-280,88,65,154,-3
407980,16,830,16545,-16,-278,85,65,150,-5
407994,18,825,16537,-16,-277,86,63,152,-6
408008,15,820,16539,-16,-277,89,63,152,-3
408022,11,821,16552,-17,-275,89,64,155,-4
408036,11,827,16540,-18,-278,85,65,150,-4
408050,26,831,16542,-17,-279,88,65,148,-4
408064,36,822,16543,-13,-282,84,64,149,-6
408078,24,822,16540,-17,-280,84,70,150,-5
408092,22,823,16550,-16,-279,84,67,149,-7
408106,28,827,16535,-17,-273,85,63,155,-1
408120,19,828,16531,-20,-276,91,64,155,-4
408134,13,828,16531,-24,-280,82,64,155,-3
408148,11,833,16541,-17,-285,86,65,153,-6
408162,23,821,16545,-14,-281,90,65,149,-3
408176,21,821,16543,-13,-282,89,62,153,-2
408190,21,825,16539,-17,-279,87,62,155,-2
408204,14,815,16538,-15,-274,85,63,156,-3
408218,19,815,16542,-19,-280,86,66,149,-1
408232,27,825,16537,-17,-279,88,65,153,-4
408246,15,825,16535,-16,-275,87,62,157,-10
408260,19,818,16547,-17,-279,88,63,159,-4
408274,12,827,16531,-22,-274,87,62,152,-4
408288,14,824,16538,-20,-280,81,65,153,-3
408302,15,818,16542,-16,-276,89,64,150,-4
408316,27,829,16551,-17,-276,84,64,148,-1
408330,18,829,16546,-12,-284,83,64,149,-2
408344,15,826,16539,-17,-279,84,65,152,-7
408358,30,830,16537,-13,-278,81,68,150,-6
408372,32,829,16535,-19,-274,85,67,150,-4
408386,17,816,16537,-21,-283,84,64,158,-6
408400,16,813,16530,-17,-281,83,64,156,-2
408414,21,820,16547,-14,-280,85,63,150,-3
408428,20,821,16553,-17,-280,82,64,152,-4
408442,17,829,16538,-18,-282,81,65,154,-3
408456,15,828,16538,-18,-279,84,66,156,-8
408470,21,826,16536,-18,-279,87,64,153,-6
408484,18,820,16544,-20,-281,89,63,154,-1
408498,15,816,16528,-24,-281,88,63,154,-2
408512,19,822,16533,-21,-273,84,67,152,-2
408526,19,821,16540,-14,-280,88,61,154,-3
408540,16,818,16544,-12,-278,87,61,152,-4
408554,20,823,16549,-20,-277,79,63,155,-5
408568,23,817,16523,-16,-281,81,65,149,-3
408582,16,826,16533,-15,-272,83,66,146,-3
408596,15,834,16538,-18,-280,87,61,154,-5
408610,17,825,16542,-16,-276,83,62,153,-5
408624,15,829,16541,-13,-276,81,62,149,-2
408638,29,822,16539,-22,-282,83,64,153,-3
408652,25,826,16541,-20,-277,86,68,153,-7
408666,23,824,16548,-24,-282,84,63,154,-6
408680,15,823,16534,-17,-278,84,64,150,-6
408694,10,818,16544,-21,-277,90,64,150,-2
408708,12,818,16539,-17,-276,83,60,152,-3
408722,17,817,16540,-15,-280,79,68,154,-5
408736,14,820,16549,-18,-281,88,65,155,-4
408750,15,822,16541,-17,-280,95,62,155,-7
408764,24,815,16544,-19,-282,86,60,153,-6
408778,16,812,16539,-20,-277,80,60,155,-4
408792,16,824,16543,-13,-277,85,64,154,-4
408806,23,830,16543,-12,-279,84,66,154,-5
408820,18,827,16541,-21,-278,85,65,154,-4
408834,10,831,16551,-21,-281,87,65,150,-5
408848,13,820,16532,-15,-280,90,67,153,-2
408862,27,814,16528,-18,-274,89,63,154,-3
408876,26,816,16544,-13,-282,84,62,153,-5
408890,27,822,16544,-18,-279,87,64,149,-5
408904,28,822,16545,-13,-275,88,66,152,-4
408918,26,813,16540,-21,-285,85,64,153,-6
408932,24,815,16550,-22,-282,86,63,153,-6
408946,11,830,16544,-16,-276,87,63,158,-6
408960,12,834,16531,-18,-280,88,63,158,-5
408974,16,823,16535,-14,-275,86,63,154,-6
408988,22,817,16536,-9,-278,85,62,150,-4
409002,29,828,16540,-16,-279,84,63,153,-6
409016,28,819,16543,-18,-280,85,64,153,-5
409030,15,819,16534,-23,-277,86,64,150,-5
409044,12,828,16538,-16,-279,92,64,156,-7
409058,13,829,16545,-18,-277,88,63,154,-6
409072,13,829,16537,-20,-277,85,64,153,-6
409086,18,824,16538,-18,-275,86,66,153,-3
409100,16,817,16537,-15,-277,85,64,153,-4
409114,25,807,16536,-19,-278,84,61,152,-6
409128,17,815,16542,-18,-273,90,63,150,-8
409142,15,820,16537,-14,-277,87,63,153,-6
409156,15,827,16538,-17,-279,88,67,152,-5
409170,16,830,16521,-14,-281,82,66,154,-6
409184,27,826,16536,-17,-279,83,65,153,-6
409198,19,821,16538,-19,-285,85,64,152,-4
409212,25,820,16538,-20,-275,85,67,156,-5
409226,16,822,16537,-14,-275,83,66,155,-4
409240,14,814,16533,-16,-279,82,66,155,-5
409254,21,820,16537,-15,-279,88,64,155,-6
409268,18,815,16540,-19,-279,84,62,153,-6
409282,17,819,16542,-15,-277,86,63,150,-6
409296,21,830,16538,-15,-275,83,64,152,-5
409310,22,824,16531,-16,-281,86,64,153,-6
409324,18,820,16536,-17,-280,88,63,150,-4
409338,23,820,16550,-15,-284,89,62,152,-4
409352,18,820,16540,-14,-277,87,67,153,-4
409366,25,821,16530,-17,-277,89,61,152,-5
409380,22,827,16537,-18,-276,85,60,152,-2
409394,24,825,16542,-16,-278,92,61,149,-6
409408,18,821,16543,-13,-277,90,63,153,-9
409422,20,826,16538,-16,-277,84,63,152,-6
409436,24,813,16542,-19,-281,87,63,152,-5
409450,17,815,16536,-15,-278,85,65,154,-4
409464,18,814,16544,-18,-282,84,63,155,-5
409478,11,822,16533,-19,-281,89,65,153,-5
409492,15,823,16544,-19,-277,84,66,152,-10
409506,17,821,16528,-18,-278,86,65,152,-8
409520,23,819,16540,-17,-276,85,59,155,-7
409534,25,817,16538,-18,-280,89,61,156,-7
409548,8,821,16546,-19,-281,88,63,155,-9
409562,8,813,16543,-23,-274,83,64,154,-8
409576,19,819,16542,-17,-271,82,64,152,-5
409590,19,827,16541,-20,-275,86,64,149,-5
409604,27,821,16535,-16,-275,86,64,148,-7
409618,25,814,16537,-16,-275,85,66,155,-2
409632,6,821,16529,-18,-282,83,69,153,-3
409646,14,826,16538,-19,-281,85,67,150,-6
409660,12,823,16546,-12,-277,85,64,153,-7
409674,13,824,16542,-19,-281,84,65,150,-9
409688,27,821,16543,-18,-281,86,65,153,-6
409702,23,821,16545,-20,-279,82,63,153,-5
409716,21,824,16531,-17,-280,89,63,152,-6
409730,12,813,16538,-16,-281,91,65,155,-4
409744,12,833,16529,-17,-278,85,66,156,-3
409758,26,833,16531,-20,-284,81,66,155,-2
409772,23,818,16539,-13,-275,82,62,148,-5
409786,24,817,16534,-19,-278,80,60,150,-6
409800,22,818,16538,-17,-280,84,60,153,-5
409814,7,819,16535,-19,-281,80,65,152,-3
409828,-1,821,16543,-19,-281,86,65,155,-7
409842,3,831,16539,-19,-273,90,64,154,-5
409856,-2,829,16541,-19,-278,84,64,155,-5
409870,30,824,16537,-16,-282,89,66,150,-4
409884,40,829,16542,-12,-276,90,64,149,-3
409898,26,808,16518,-20,-277,88,65,150,-8
409912,14,797,16500,-19,-283,90,64,153,-7
409926,7,798,16574,-24,-280,88,65,153,-3
409940,-2,817,16568,-24,-278,89,64,152,-3
409954,-17,856,16543,-18,-279,93,62,153,-3
409968,-5,854,16530,-18,-281,79,69,153,-2
409982,23,837,16543,-16,-281,88,65,155,-3
409996,38,826,16536,-19,-277,86,64,154,-2
410010,49,787,16545,-20,-277,82,61,153,3
410024,47,791,16548,-20,-279,85,61,149,2
410038,36,809,16545,-15,-278,91,62,149,-4
410052,14,831,16541,-16,-280,92,60,150,-4
410066,-21,856,16541,-15,-279,90,66,154,-8
410080,-17,857,16540,-20,-274,88,66,150,-9
410094,20,841,16530,-15,-276,84,66,149,-6
410108,25,822,16535,-15,-277,85,64,150,-1
410122,54,786,16542,-19,-276,82,62,150,-3
410136,59,787,16550,-21,-282,90,63,148,-4
410150,22,806,16535,-15,-278,86,62,149,-3
410164,3,826,16542,-12,-282,89,66,156,-4
410178,-8,848,16543,-18,-282,84,64,153,-3
410192,2,841,16541,-18,-278,83,63,152,-3
410206,2,817,16538,-23,-278,86,61,155,-4
410220,15,805,16533,-20,-280,86,63,150,-7
410234,26,797,16540,-18,-277,85,61,150,-3
410248,28,805,16542,-17,-282,89,64,152,-6
410262,39,831,16552,-20,-278,85,66,153,-3
410276,40,845,16546,-20,-277,84,63,155,-8
410290,42,844,16541,-17,-279,76,64,156,-5
410304,31,831,16540,-15,-281,82,63,155,-2
410318,21,804,16543,-15,-282,82,63,153,2
410332,-15,799,16552,-16,-277,90,64,154,-3
410346,-22,815,16558,-20,-280,89,66,152,-4
410360,-31,844,16553,-19,-275,89,66,153,-5
410374,-4,859,16549,-19,-278,81,60,155,-5
410388,39,842,16551,-25,-279,81,61,153,2
410402,68,820,16543,-17,-278,85,66,149,1
410416,71,780,16542,-15,-284,90,64,152,-5
410430,60,771,16536,-18,-278,86,62,150,-4
410444,11,807,16551,-12,-283,90,66,150,-4
410458,-3,839,16554,-17,-277,91,65,152,-3
410472,-25,866,16547,-20,-275,85,64,149,-5
410486,-12,882,16552,-16,-278,85,66,156,-5
410500,17,849,16542,-19,-278,85,63,154,-2
410514,32,818,16550,-21,-277,83,61,155,-4
410528,41,768,16529,-20,-279,87,60,152,-6
410542,44,773,16534,-15,-275,87,66,152,-5
410556,43,809,16542,-18,-277,85,62,156,-5
410570,34,834,16537,-21,-286,89,59,155,-4
410584,19,860,16532,-17,-277,83,66,155,-6
410598,6,854,16538,-18,-279,80,63,155,-4
410612,-12,828,16548,-11,-275,86,62,156,-4
410626,-10,807,16548,-16,-280,84,62,153,-5
410640,-9,805,16545,-23,-274,86,65,156,-4
410654,19,803,16539,-15,-273,84,64,155,-8
410668,40,817,16544,-23,-275,79,60,156,-8
410682,49,842,16528,-18,-277,84,62,158,-6
410696,47,839,16538,-17,-285,87,66,148,-7
410710,35,822,16548,-18,-277,85,64,150,-10
410724,11,811,16551,-22,-279,93,60,152,-6
410738,-18,803,16542,-19,-275,90,63,152,-5
410752,-36,805,16545,-18,-279,91,61,149,-5
410766,-13,842,16549,-16,-280,88,63,152,-5
410780,13,857,16540,-15,-282,84,63,154,-7
410794,37,845,16557,-20,-278,88,66,154,-9
410808,48,825,16554,-18,-280,85,64,152,-10
410822,53,783,16526,-20,-280,86,64,152,3
410836,31,779,16552,-21,-278,87,65,153,-2
410850,10,802,16551,-18,-277,84,65,153,-6
410864,-2,828,16523,-17,-278,85,61,154,1
410878,-6,853,16551,-14,-282,87,61,157,-4
410892,-6,867,16538,-15,-278,80,63,152,1
410906,10,847,16559,-19,-279,84,62,152,-2
410920,16,828,16552,-17,-277,82,62,151,-3
410934,33,781,16548,-14,-276,84,65,154,-8
410948,42,783,16556,-15,-274,88,65,154,-6
410962,40,816,16540,-18,-282,88,64,152,-2
410976,31,837,16531,-15,-277,87,65,151,-3
410990,6,852,16536,-15,-277,84,66,153,-5
411004,7,849,16542,-15,-278,85,65,153,-7
411018,-10,818,16540,-19,-281,82,61,155,-4
411032,-9,804,16548,-17,-276,85,63,154,-5
411046,2,811,16551,-12,-277,90,66,154,-6
411060,16,820,16548,-18,-280,88,66,154,-1
411074,23,840,16547,-19,-276,88,63,152,1
411088,46,846,16541,-14,-278,90,65,152,-1
411102,35,834,16546,-15,-275,88,63,156,-3
411116,27,817,16554,-23,-276,87,67,156,-6
411130,17,808,16542,-19,-277,87,69,155,-5
411144,-2,797,16537,-22,-280,92,64,149,-3
411158,7,809,16548,-22,-280,82,62,153,-3
411172,-2,841,16550,-18,-277,86,66,151,-1
411186,5,847,16546,-19,-278,93,67,153,-1
411200,21,838,16550,-20,-279,88,67,152,-4
411214,31,831,16550,-22,-279,85,65,151,-4
411228,51,797,16544,-19,-283,84,66,153,-5
411242,55,788,16550,-21,-279,88,63,150,-1
411256,22,798,16539,-17,-274,91,65,152,-5
411270,20,813,16538,-14,-279,91,66,153,-5
411284,-13,856,16550,-19,-280,89,67,154,-5
411298,-17,864,16544,-11,-278,84,62,153,-4
411312,-6,840,16543,-16,-279,88,66,151,-2
411326,11,823,16534,-14,-280,80,69,150,-4
411340,34,795,16538,-24,-280,84,65,154,-4
411354,54,787,16541,-16,-280,86,62,153,-5
411368,50,810,16554,-19,-276,90,64,152,-6
411382,41,830,16546,-17,-278,86,64,153,-6
411396,13,843,16536,-18,-282,85,64,152,-4
411410,-1,840,16543,-17,-275,85,66,153,-5
411424,-14,827,16544,-18,-282,83,67,154,-5
411438,-7,813,16543,-10,-279,85,65,150,-3
411452,9,807,16543,-19,-278,90,65,157,-4
411466,21,812,16540,-16,-278,89,64,154,-6
411480,45,823,16548,-17,-281,92,65,152,-3
411494,40,839,16544,-18,-278,85,64,153,-4
411508,43,819,16538,-16,-273,84,67,153,-5
411522,27,809,16538,-17,-279,84,59,155,-6
411536,20,805,16533,-24,-279,86,62,153,-4
411550,6,814,16526,-18,-279,87,62,153,-3
411564,4,817,16550,-16,-274,88,61,153,-2
411578,10,836,16546,-17,-274,85,62,154,1
411592,6,844,16556,-21,-276,88,63,150,-3
411606,17,839,16560,-18,-281,82,63,154,-7
411620,18,831,16549,-19,-277,81,63,152,-8
411634,33,798,16546,-16,-279,84,63,152,-8
411648,30,791,16546,-20,-280,84,66,153,-5
411662,32,809,16547,-17,-278,84,65,152,-5
411676,17,824,16545,-11,-282,82,66,153,-2
411690,3,840,16543,-18,-276,83,62,155,-6
411704,-4,843,16544,-17,-272,85,63,154,-9
411718,-4,834,16538,-16,-280,90,66,152,-6
411732,-1,823,16545,-20,-274,87,69,152,-4
411746,33,801,16546,-11,-279,83,67,153,1
411760,35,801,16550,-20,-277,86,62,150,-6
411774,44,818,16552,-17,-282,91,62,154,-4
411788,39,817,16538,-13,-282,85,67,154,-7
411802,19,828,16537,-21,-279,88,64,150,-5
411816,13,834,16550,-16,-275,83,61,150,-5
411830,-17,833,16541,-18,-279,84,65,156,-4
411844,-14,826,16537,-16,-281,81,66,154,-2
411858,9,815,16537,-15,-278,83,62,155,-6
411872,12,819,16538,-16,-279,83,63,154,-3
411886,20,828,16537,-20,-279,91,65,150,-1
411900,27,823,16536,-17,-278,88,63,150,-3
411914,29,816,16548,-19,-276,84,64,154,-4
411928,24,820,16551,-18,-277,86,63,152,-8
411942,19,802,16543,-24,-277,87,61,153,-7
411956,0,803,16546,-21,-279,85,60,154,-5
411970,2,819,16541,-23,-276,88,61,152,-8
411984,-16,827,16553,-19,-281,84,60,152,-6
411998,2,831,16539,-20,-280,83,63,152,-6
412012,21,828,16543,-17,-270,83,61,150,-6
412026,36,824,16544,-18,-278,85,63,150,-4
412040,31,805,16539,-18,-280,91,65,154,-8
412054,37,805,16539,-18,-273,87,64,156,-7
412068,9,799,16538,-14,-280,86,64,155,-6
412082,6,814,16540,-19,-279,86,64,156,-6
412096,10,839,16545,-15,-274,86,65,153,-6
412110,4,845,16546,-18,-279,88,64,150,-5
412124,13,836,16544,-14,-277,81,65,150,-2
412138,21,822,16543,-17,-274,84,65,157,-3
412152,30,811,16560,-16,-280,85,62,153,-4
412166,31,806,16566,-9,-280,83,65,152,-5
412180,17,810,16553,-17,-278,83,63,153,-4
412194,21,823,16548,-15,-277,83,64,154,-8
412208,13,836,16551,-11,-276,86,65,155,-4
412222,1,835,16550,-13,-279,84,67,156,-4
412236,-2,823,16556,-14,-280,84,63,156,-2
412250,9,821,16545,-19,-281,80,64,154,1
412264,12,814,16547,-17,-280,79,64,154,-4
412278,18,820,16550,-18,-275,83,61,151,-6
412292,20,808,16538,-17,-277,86,61,153,-4
412306,28,819,16540,-17,-278,85,64,148,-5
412320,14,827,16542,-16,-275,86,65,155,-9
412334,17,821,16548,-17,-274,87,65,156,-3
412348,3,809,16551,-17,-278,83,66,153,-4
412362,9,809,16539,-20,-274,84,64,154,-5
412376,9,835,16549,-19,-280,85,60,153,-7
412390,12,837,16538,-14,-281,90,64,154,-5
412404,21,828,16548,-16,-281,89,67,153,-1
412418,32,820,16551,-20,-277,86,68,153,-4
412432,32,801,16544,-21,-283,83,66,152,-5
412446,24,787,16556,-23,-279,85,62,153,-8
412460,16,776,16544,-14,-280,89,64,151,-6
412474,9,816,16544,-18,-277,88,64,155,-4
412488,4,837,16555,-20,-281,83,65,154,-3
412502,5,867,16539,-10,-277,81,61,154,-4
412516,3,861,16543,-21,-279,85,63,155,-6
412530,15,821,16538,-22,-281,82,65,153,-4
412544,37,807,16540,-18,-281,87,64,150,-5
412558,56,781,16549,-20,-275,88,63,153,-6
412572,51,799,16542,-19,-276,89,67,152,-6
412586,30,816,16539,-14,-280,99,65,155,-6
412600,16,833,16538,-18,-278,87,63,157,-5
412614,-23,841,16543,-22,-279,88,63,156,-2
412628,-21,836,16534,-22,-273,85,65,155,-2
412642,-10,816,16550,-16,-274,86,65,153,-3
412656,9,816,16553,-13,-283,87,60,153,-2
412670,44,808,16545,-21,-278,82,62,154,-2
412684,53,808,16541,-19,-276,87,60,156,-8
412698,55,809,16547,-15,-276,90,63,152,-6
412712,42,809,16536,-15,-278,93,66,152,-4
412726,22,834,16544,-19,-276,83,69,151,-5
412740,10,824,16544,-23,-278,87,66,150,-1
412754,-10,833,16546,-13,-278,85,66,156,-2
412768,-5,831,16536,-18,-280,90,68,154,-4
412782,15,839,16548,-19,-280,76,68,152,-4
412796,29,834,16534,-13,-273,86,64,150,-5
412810,38,815,16555,-20,-279,86,65,150,-2
412824,30,811,16545,-18,-277,86,66,153,-4
412838,27,817,16548,-20,-283,86,67,154,-7
412852,21,826,16554,-17,-278,88,63,150,-2
412866,28,824,16534,-21,-282,90,62,152,-3
412880,25,832,16538,-17,-274,86,67,154,-2
412894,29,843,16545,-18,-281,84,65,155,-3
412908,16,821,16554,-21,-281,85,62,154,-1
412922,14,822,16548,-22,-276,88,66,153,-4
412936,16,811,16544,-17,-282,82,61,154,-4
412950,24,814,16543,-13,-278,88,64,153,-3
412964,31,826,16533,-17,-274,81,65,152,-6
412978,31,826,16531,-11,-279,85,66,147,-5
412992,17,817,16551,-20,-278,79,65,151,-4
413006,5,812,16542,-18,-276,87,65,152,-6
413020,-9,826,16557,-16,-280,85,68,153,-3
413034,-15,829,16549,-19,-281,83,65,150,-5
413048,7,827,16555,-12,-278,85,66,153,-2
413062,12,833,16534,-17,-278,84,65,156,-5
413076,12,832,16535,-19,-276,88,66,154,-2
413090,9,817,16544,-19,-278,95,63,153,-3
413104,5,801,16540,-16,-274,88,62,153,-5
413118,0,805,16544,-14,-277,89,64,150,-4
413132,16,819,16543,-19,-278,95,64,153,-1
413146,29,832,16544,-17,-278,89,67,152,-4
413160,43,850,16546,-21,-279,91,69,154,-3
413174,52,847,16544,-18,-277,88,64,153,-3
413188,50,828,16529,-20,-275,87,64,152,-5
413202,53,811,16537,-15,-279,85,65,152,1
413216,67,789,16535,-20,-280,81,63,154,-4
413230,68,795,16541,-20,-281,85,64,150,-4
413244,38,804,16542,-24,-282,84,65,148,-5
413258,7,811,16539,-22,-283,82,64,149,-5
413272,-42,835,16549,-19,-281,84,66,153,-2
413286,-61,837,16545,-18,-282,85,65,153,-1
413300,-63,837,16550,-20,-282,86,64,153,-2
413314,-32,839,16552,-19,-280,85,66,152,-4
413328,-2,843,16539,-19,-281,87,66,150,-5
413342,36,818,16542,-16,-281,89,66,153,-5
413356,56,815,16543,-15,-276,93,66,152,-7
413370,46,785,16539,-17,-275,90,65,154,-5
413384,33,786,16536,-16,-278,89,63,154,-4
413398,13,815,16547,-22,-279,92,63,154,-2
413412,-3,828,16558,-19,-284,91,64,153,-7
413426,-10,854,16542,-20,-277,88,64,152,-7
413440,0,868,16547,-19,-274,86,63,153,-6
413454,47,851,16545,-20,-280,86,65,153,-4
413468,72,826,16539,-19,-282,80,65,152,-4
413482,98,769,16532,-20,-279,79,67,149,-2
413496,87,756,16536,-22,-280,81,65,152,-6
413510,15,768,16553,-14,-277,81,65,153,-2
413524,-22,809,16539,-23,-277,87,63,152,-1
413538,-80,881,16553,-18,-281,83,62,150,-3
413552,-89,906,16555,-12,-284,85,64,153,-2
413566,-75,909,16549,-21,-280,85,63,152,-6
413580,-48,868,16547,-13,-279,83,63,152,-5
413594,41,777,16553,-19,-275,88,62,156,-7
413608,76,744,16552,-15,-276,89,63,157,-9
413622,81,742,16543,-14,-279,96,63,155,-5
413636,65,770,16533,-15,-283,95,63,154,-6
413650,22,863,16554,-22,-275,98,63,154,-6
413664,-7,897,16546,-18,-280,93,64,150,-4
413678,-11,914,16542,-16,-282,85,63,154,-5
413692,12,876,16543,-16,-278,78,60,153,-4
413706,78,769,16542,-20,-276,72,63,152,-4
413720,106,732,16536,-24,-281,70,66,149,-3
413734,120,717,16542,-19,-282,85,64,147,-4
413748,62,746,16535,-21,-286,89,65,150,-5
413762,4,867,16561,-16,-284,92,68,153,-5
413776,-103,918,16562,-16,-281,90,66,154,-3
413790,-130,949,16546,-15,-279,84,61,157,-4
413804,-122,915,16546,-19,-275,86,61,155,-3
413818,-73,858,16550,-18,-274,83,64,154,-8
413832,54,752,16554,-18,-276,82,67,154,-4
413846,93,714,16545,-20,-271,98,67,152,-3
413860,127,726,16538,-16,-274,100,62,149,-5
413874,107,779,16547,-12,-279,89,64,154,-3
413888,53,891,16541,-20,-277,92,64,155,-3
413902,35,924,16554,-20,-273,78,64,150,-4
413916,26,889,16544,-19,-277,74,65,152,-6
413930,32,840,16547,-18,-280,69,62,149,-7
413944,48,742,16537,-19,-282,71,63,150,-6
413958,44,716,16542,-20,-281,89,65,155,-4
413972,-10,760,16553,-16,-280,94,65,153,-2
413986,-38,821,16557,-21,-281,94,62,154,-2
414000,-89,932,16551,-16,-281,92,67,154,-6
414014,-77,948,16555,-19,-277,91,66,153,-7
414028,-27,870,16533,-16,-272,78,64,150,1
414042,7,801,16539,-14,-276,84,66,152,-3
414056,56,704,16547,-13,-276,86,65,155,-4
414070,61,701,16544,-15,-278,88,66,155,-4
414084,42,797,16543,-16,-282,104,64,154,-6
414098,31,865,16545,-16,-277,103,64,149,-4
414112,24,943,16544,-18,-279,89,64,155,-4
414126,31,938,16545,-14,-276,77,65,152,1
414140,81,828,16544,-20,-274,65,63,152,-4
414154,96,758,16547,-20,-281,73,62,152,-6
414168,104,680,16548,-20,-281,77,63,152,-7
414182,63,693,16542,-16,-278,86,63,154,-5
414196,14,806,16549,-17,-285,89,65,154,-4
414210,-93,887,16546,-16,-278,95,68,157,-5
414224,-124,952,16538,-11,-281,83,65,155,-6
414238,-131,964,16551,-18,-278,87,63,154,-3
414252,-89,915,16546,-16,-279,84,64,153,-2
414266,15,761,16548,-20,-280,82,63,147,-6
414280,60,704,16545,-14,-276,92,64,148,-2
414294,108,692,16546,-18,-276,100,65,152,-5
414308,102,745,16549,-18,-277,101,64,152,-1
414322,59,871,16553,-17,-279,97,64,153,-4
414336,39,932,16547,-16,-271,82,66,156,-5
414350,16,930,16546,-17,-277,80,63,153,-3
414364,22,882,16553,-18,-280,74,65,153,-5
414378,39,763,16548,-18,-279,75,64,149,-8
414392,55,727,16549,-15,-279,80,65,152,-7
414406,41,721,16543,-23,-279,86,61,150,-4
414420,14,762,16543,-21,-279,86,65,150,-5
414434,-41,889,16550,-18,-284,84,64,154,-5
414448,-56,919,16552,-17,-279,83,66,155,-5
414462,-78,925,16545,-23,-277,88,65,154,-2
414476,-67,880,16545,-22,-274,85,68,155,-8
414490,-9,779,16541,-18,-275,90,66,152,-6
414504,19,743,16549,-21,-278,84,62,152,-2
414518,73,759,16539,-21,-279,94,63,153,-2
414532,96,781,16545,-18,-278,91,65,155,-5
414546,100,860,16536,-21,-283,91,61,152,-7
414560,88,873,16538,-22,-274,84,65,154,-6
414574,53,850,16540,-23,-278,83,66,155,-8
414588,31,826,16555,-23,-282,81,63,151,-2
414602,6,782,16547,-13,-277,78,62,149,-3
414616,-9,769,16541,-15,-281,86,65,149,-4
414630,-11,806,16538,-18,-283,87,64,148,-6
414644,-21,830,16529,-25,-277,84,65,150,-6
414658,-18,846,16544,-13,-280,84,65,149,-4
414672,-1,875,16530,-16,-283,81,64,155,-3
414686,-1,856,16556,-15,-278,83,63,153,-6
414700,6,810,16546,-17,-284,86,65,149,-7
414714,-4,793,16539,-14,-282,89,63,153,-5
414728,-3,784,16536,-10,-280,91,66,153,-2
414742,3,805,16540,-18,-275,94,66,155,-4
414756,9,838,16541,-16,-278,91,67,153,-6
414770,23,858,16541,-17,-275,93,66,152,-9
414784,44,845,16542,-15,-279,89,61,154,-7
414798,47,828,16540,-15,-278,89,61,152,-5
414812,51,803,16540,-25,-281,93,62,151,-2
414826,56,800,16547,-20,-275,87,63,155,-3
414840,54,817,16541,-19,-278,85,60,152,-4
414854,50,834,16529,-21,-281,78,62,152,-10
414868,43,834,16537,-19,-280,79,65,150,-7
414882,40,826,16545,-19,-279,76,66,153,-6
414896,10,818,16552,-23,-283,76,66,149,-7
414910,2,815,16548,-15,-281,80,66,148,-5
414924,-25,832,16542,-16,-277,83,64,154,-5
414938,-31,847,16547,-25,-278,87,65,153,-1
414952,-40,846,16541,-17,-281,85,64,153,-6
414966,-16,849,16547,-15,-277,88,63,150,-3
414980,41,809,16542,-14,-279,81,63,152,-3
414994,70,788,16540,-16,-277,82,63,155,-5
415008,74,774,16531,-21,-279,83,65,154,-7
415022,54,785,16531,-20,-276,90,62,150,-5
415036,-14,826,16547,-19,-279,99,61,154,-6
415050,-59,854,16551,-19,-277,96,63,153,-6
415064,-99,867,16558,-17,-278,88,62,153,-8
415078,-63,871,16550,-18,-279,86,62,152,-7
415092,-15,823,16540,-19,-280,83,64,153,-5
415106,97,814,16541,-14,-283,79,64,155,-3
415120,128,793,16534,-19,-279,86,66,154,-2
415134,127,759,16542,-18,-279,96,65,148,-4
415148,83,769,16545,-22,-283,94,68,150,-5
415162,-3,820,16547,-19,-279,89,62,153,-1
415176,-29,860,16540,-19,-282,78,65,157,-3
415190,-22,893,16548,-22,-279,75,64,157,-3
415204,7,892,16532,-18,-276,80,66,155,-4
415218,13,809,16547,-15,-277,85,67,152,-5
415232,17,785,16546,-19,-278,91,63,153,-2
415246,0,774,16541,-23,-282,96,63,153,-1
415260,-9,792,16547,-20,-277,93,62,153,-5
415274,13,844,16542,-23,-273,85,64,152,-4
415288,34,860,16538,-20,-280,82,65,150,-3
415302,52,846,16541,-19,-284,84,62,154,-5
415316,39,829,16547,-16,-273,84,64,152,-2
415330,-6,779,16548,-23,-279,86,63,152,-6
415344,-23,778,16549,-23,-278,90,63,154,-3
415358,0,817,16533,-15,-279,83,65,155,-2
415372,6,839,16536,-17,-283,86,64,150,-2
415386,25,871,16547,-13,-282,89,64,153,-3
415400,29,859,16552,-16,-280,85,65,153,-7
415414,8,809,16547,-22,-279,90,63,153,-6
415428,-16,783,16554,-20,-271,91,64,150,-7
415442,-12,785,16546,-15,-276,87,63,153,-6
415456,0,807,16549,-17,-277,87,65,153,-5
415470,29,842,16537,-19,-275,88,63,156,-8
415484,39,856,16536,-20,-279,85,67,150,-6
415498,42,852,16538,-16,-276,94,64,150,-5
415512,12,834,16543,-13,-272,95,61,153,-5
415526,-2,799,16551,-18,-275,91,63,152,-5
415540,-16,796,16543,-15,-280,84,63,153,-4
415554,1,800,16543,-20,-280,89,65,150,-3
415568,60,830,16540,-20,-283,84,64,153,-6
415582,86,843,16539,-20,-274,84,63,155,-6
415596,99,858,16533,-21,-281,82,62,153,-1
415610,89,834,16533,-18,-281,84,64,152,-3
415624,10,773,16553,-22,-276,87,66,153,-6
415638,-30,761,16556,-20,-282,85,64,154,-1
415652,-78,796,16549,-19,-281,91,64,152,-3
415666,-70,831,16549,-14,-278,78,65,154,-6
415680,-19,905,16530,-16,-283,80,62,153,-6
415694,14,903,16541,-18,-280,87,62,150,-6
415708,54,848,16537,-15,-271,85,64,150,-4
415722,36,796,16543,-19,-276,93,64,152,-3
415736,32,737,16536,-21,-279,95,66,153,-2
415750,15,734,16545,-17,-275,94,65,153,-5
415764,19,828,16538,-18,-281,87,63,156,-5
415778,27,876,16538,-15,-277,84,66,155,-7
415792,54,915,16535,-18,-279,82,66,155,-6
415806,56,895,16538,-18,-275,81,66,154,-5
415820,38,811,16553,-14,-276,81,65,155,-7
415834,19,765,16554,-18,-278,83,64,153,-6
415848,18,743,16549,-22,-276,85,64,155,-5
415862,18,757,16547,-23,-281,80,64,151,-4
415876,14,835,16529,-17,-277,87,63,152,-9
415890,4,866,16536,-17,-278,80,65,152,-8
415904,-20,900,16547,-18,-278,85,65,148,-4
415918,-31,868,16544,-25,-279,87,64,152,2
415932,-21,811,16538,-19,-277,87,63,153,-1
415946,-5,783,16537,-16,-277,85,66,157,-7
415960,9,781,16543,-13,-283,89,66,150,-8
415974,38,789,16552,-17,-275,91,64,155,-4
415988,47,819,16540,-16,-278,90,63,155,-5
416002,46,858,16536,-17,-281,88,60,153,-6
416016,30,862,16546,-23,-280,85,64,153,-3
416030,25,838,16551,-13,-278,83,65,150,-2
416044,23,819,16548,-18,-283,81,66,146,-3
416058,32,794,16553,-20,-281,88,62,149,-5
416072,39,801,16547,-18,-275,85,61,156,-4
416086,24,811,16553,-16,-273,86,61,149,-6
416100,23,822,16551,-13,-281,81,63,150,-5
416114,3,840,16542,-19,-280,84,62,153,-7
416128,-3,824,16547,-18,-277,80,63,150,-3
416142,1,816,16551,-16,-280,78,65,152,-2
416156,3,812,16548,-13,-281,90,67,156,-7
416170,-5,804,16545,-18,-276,93,63,154,-7
416184,-2,818,16546,-22,-285,96,63,155,-4
416198,2,841,16555,-17,-279,90,61,154,-7
416212,13,849,16555,-18,-276,87,63,155,-8
416226,38,832,16540,-15,-280,83,66,152,-4
416240,57,819,16538,-15,-281,80,64,150,-4
416254,65,790,16556,-13,-280,85,65,157,-4
416268,65,789,16569,-21,-279,89,65,152,-3
416282,25,798,16542,-20,-281,88,65,152,-3
416296,3,818,16542,-15,-276,85,63,152,-7
416310,-36,854,16546,-18,-281,83,61,150,-3
416324,-36,866,16548,-20,-277,83,62,154,-6
416338,4,845,16549,-19,-277,79,63,153,-5
416352,21,825,16533,-14,-281,87,63,156,-3
416366,31,792,16548,-18,-272,89,64,150,-2
416380,27,790,16544,-18,-276,85,64,153,-3
416394,11,811,16547,-19,-278,88,63,153,-9
416408,-2,828,16549,-12,-279,94,63,153,-6
416422,5,863,16548,-20,-275,85,64,155,-5
416436,20,863,16550,-24,-275,86,65,154,-4
416450,33,849,16548,-20,-279,87,68,154,-5
416464,53,809,16546,-20,-279,89,65,149,-5
416478,33,785,16556,-20,-279,88,64,150,-5
416492,25,774,16548,-21,-277,92,65,153,-4
416506,12,790,16543,-20,-275,90,67,154,-7
416520,13,840,16552,-22,-280,81,64,150,-6
416534,0,865,16551,-12,-283,84,65,157,-4
416548,1,860,16538,-18,-282,85,62,158,-5
416562,-3,845,16543,-18,-280,84,59,156,-6
416576,-12,795,16538,-14,-275,88,61,154,-2
416590,-17,784,16541,-14,-279,85,62,153,-2
416604,1,795,16556,-11,-276,84,65,150,-2
416618,21,825,16547,-15,-277,87,64,152,-2
416632,53,865,16537,-17,-281,89,65,153,-3
416646,54,867,16545,-16,-278,85,65,155,-6
416660,60,841,16545,-16,-281,85,62,155,-5
416674,47,804,16551,-23,-279,79,61,156,-5
416688,28,767,16549,-19,-279,86,63,158,-6
416702,21,782,16548,-17,-280,87,68,153,-6
416716,11,830,16557,-20,-281,84,63,157,-4
416730,7,858,16559,-21,-282,85,64,155,-5
416744,-10,886,16555,-19,-281,87,64,152,-6
416758,-17,874,16551,-16,-270,84,65,150,-6
416772,-20,826,16540,-20,-276,86,67,150,-11
416786,-13,792,16543,-16,-282,91,63,152,-9
416800,35,763,16551,-16,-278,88,65,156,-7
416814,46,783,16548,-17,-276,87,64,156,1
416828,43,845,16553,-18,-276,97,61,152,-2
416842,30,872,16544,-18,-274,94,66,153,-4
416856,21,875,16545,-21,-275,89,67,152,-4
416870,23,846,16541,-17,-274,89,64,153,-6
416884,25,815,16561,-17,-280,76,62,152,-2
416898,39,770,16553,-14,-278,81,63,152,-3
416912,41,769,16547,-11,-276,84,65,156,-4
416926,29,804,16542,-20,-279,86,66,154,-4
416940,27,824,16546,-23,-279,86,64,152,-3
416954,-9,872,16543,-12,-279,84,65,153,-3
416968,-30,865,16547,-14,-274,83,65,155,-5
416982,-40,834,16547,-15,-282,84,63,147,-3
416996,-36,807,16546,-12,-282,87,62,150,-5
417010,4,791,16548,-15,-275,88,62,154,-3
417024,22,799,16538,-17,-275,93,65,153,-3
417038,50,832,16541,-11,-276,88,64,153,-4
417052,59,847,16545,-12,-280,89,64,152,-6
417066,54,842,16549,-18,-282,88,60,154,-4
417080,60,822,16547,-19,-278,80,63,152,-5
417094,61,783,16546,-17,-278,76,64,156,-2
417108,55,785,16547,-19,-278,76,66,157,1
417122,36,790,16542,-16,-279,79,62,153,-3
417136,10,812,16549,-19,-283,87,65,150,-3
417150,-41,860,16543,-20,-280,86,62,153,-3
417164,-49,868,16542,-19,-277,83,64,153,-4
417178,-31,848,16543,-16,-278,81,63,154,-6
417192,-6,824,16549,-15,-274,80,68,157,-2
417206,48,790,16535,-14,-275,78,65,156,-1
417220,62,787,16531,-16,-281,86,62,154,-3
417234,61,799,16535,-22,-281,86,63,152,-3
417248,50,814,16540,-18,-280,86,65,152,-2
417262,-19,842,16554,-17,-282,88,63,151,-4
417276,-27,847,16543,-17,-278,85,62,153,-4
417290,-22,828,16564,-19,-278,73,64,155,-5
417304,7,810,16550,-18,-278,77,65,154,-5
417318,21,796,16538,-21,-277,86,65,155,-6
417332,35,798,16546,-21,-278,91,65,154,-5
417346,43,807,16543,-21,-284,91,65,152,-7
417360,9,833,16540,-13,-280,88,65,154,-3
417374,-3,836,16537,-22,-275,86,63,153,-2
417388,-19,840,16539,-14,-277,83,64,152,-3
417402,-9,832,16548,-18,-282,80,63,155,-6
417416,20,807,16545,-14,-277,79,63,153,-6
417430,35,804,16537,-15,-276,84,64,155,-2
417444,48,819,16541,-13,-277,86,68,154,-5
417458,42,824,16536,-14,-275,88,66,152,-8
417472,13,834,16547,-17,-278,90,64,152,-5
417486,-2,835,16541,-19,-281,80,65,154,-4
417500,6,820,16558,-22,-279,84,65,154,-3
417514,12,811,16554,-18,-276,85,66,152,-4
417528,15,818,16542,-18,-277,93,67,153,-5
417542,8,818,16540,-16,-275,91,64,153,-4
417556,15,828,16552,-21,-278,83,64,153,-2
417570,10,829,16547,-20,-282,93,63,154,-6
417584,14,829,16543,-20,-284,86,64,156,-5
417598,17,828,16547,-16,-278,83,66,155,-4
417612,29,802,16533,-18,-276,84,64,148,-7
417626,31,810,16534,-21,-272,84,62,149,-9
417640,14,813,16548,-22,-277,87,68,152,-4
417654,6,830,16548,-22,-282,88,62,152,-3
417668,-1,838,16551,-19,-277,90,62,153,-4
417682,0,831,16546,-18,-276,87,63,154,-5
417696,14,825,16542,-20,-275,88,64,154,-5
417710,21,818,16546,-16,-276,90,61,152,-5
417724,32,800,16552,-17,-276,91,59,152,-5
417738,39,802,16542,-21,-279,95,66,152,-5
417752,28,821,16538,-20,-275,84,62,153,-5
417766,13,825,16541,-18,-284,91,60,154,-2
417780,9,827,16548,-18,-279,77,65,152,-6
417794,8,831,16549,-15,-280,82,67,153,-6
417808,8,824,16543,-17,-279,86,65,150,-4
417822,26,805,16547,-19,-281,84,65,149,-6
417836,26,801,16544,-20,-274,90,62,152,-3
417850,18,809,16543,-19,-279,89,65,153,-3
417864,11,824,16559,-13,-278,88,63,155,-4
417878,19,832,16539,-15,-278,91,64,147,-2
417892,15,830,16538,-16,-282,86,65,150,-2
417906,33,822,16547,-21,-279,88,66,159,-5
417920,37,821,16537,-20,-282,89,62,155,-1
417934,13,808,16560,-24,-280,91,62,155,1
417948,11,810,16554,-22,-280,90,62,153,-5
417962,2,829,16542,-23,-279,89,65,154,-3
417976,11,831,16550,-21,-277,83,69,155,-6
417990,14,825,16543,-20,-281,86,64,154,-5
418004,26,825,16541,-21,-281,87,63,156,-5
418018,32,812,16536,-19,-281,85,61,153,-7
418032,28,814,16538,-20,-278,88,63,153,-5
418046,15,817,16537,-19,-280,90,63,153,-2
418060,3,820,16552,-23,-279,91,61,155,-3
418074,20,826,16539,-19,-279,85,66,153,-3
418088,16,834,16546,-21,-278,89,64,149,-4
418102,28,823,16549,-23,-279,91,64,153,-1
418116,29,817,16542,-19,-277,87,66,152,-6
418130,32,812,16529,-22,-280,91,67,153,-2
418144,32,807,16545,-15,-280,91,67,154,-2
418158,29,810,16547,-21,-279,86,64,153,-4
418172,20,821,16542,-20,-276,87,66,150,-3
418186,13,833,16541,-22,-272,87,67,154,-5
418200,12,830,16535,-22,-277,86,64,152,-7
418214,14,830,16550,-15,-283,84,63,154,-9
418228,19,820,16545,-17,-276,87,64,153,-4
418242,26,821,16544,-17,-275,87,64,152,-4
418256,24,814,16547,-15,-278,82,65,155,-2
418270,29,817,16539,-12,-279,86,65,152,-3
418284,35,824,16540,-16,-282,83,67,154,-6
418298,28,834,16543,-14,-276,90,63,149,1
418312,29,827,16543,-16,-275,89,61,152,4
418326,27,825,16544,-17,-277,84,65,148,-5
418340,3,821,16539,-16,-278,88,65,148,-5
418354,6,818,16547,-15,-281,82,65,155,-6
418368,10,828,16543,-20,-278,80,65,153,-5
418382,20,827,16539,-13,-274,88,64,151,-4
418396,24,837,16544,-18,-282,86,65,157,-5
418410,18,830,16531,-18,-280,90,64,159,-3
418424,32,820,16540,-16,-275,86,64,156,-3
418438,14,813,16542,-10,-275,85,64,157,-3
418452,9,829,16542,-17,-282,89,64,155,-3
418466,9,825,16530,-18,-280,87,62,152,-4
418480,25,821,16535,-19,-277,87,60,153,-3
418494,29,823,16536,-16,-279,85,63,150,-4
418508,31,808,16533,-16,-276,86,61,154,-7
418522,27,803,16533,-16,-281,89,60,154,-6
418536,6,813,16548,-18,-282,89,60,152,-3
418550,17,826,16544,-14,-277,90,62,152,-1
418564,17,829,16542,-17,-275,87,67,153,-5
418578,18,828,16530,-17,-279,90,68,150,-7
418592,9,827,16536,-17,-276,86,66,148,-6
418606,11,823,16549,-19,-278,88,66,154,-7
418620,13,810,16547,-16,-275,79,65,154,-6
418634,22,808,16550,-20,-275,83,65,152,-5
418648,16,807,16541,-17,-280,83,65,150,-7
418662,16,822,16549,-15,-277,86,68,153,-9
418676,23,828,16545,-17,-279,85,64,154,-6
418690,22,836,16545,-19,-279,80,63,154,-2
418704,14,834,16532,-15,-277,85,65,150,-5
418718,19,823,16552,-17,-278,86,64,154,-4
418732,16,826,16543,-22,-284,80,67,155,-5
418746,25,816,16538,-16,-282,85,69,153,-5
418760,19,814,16541,-19,-285,84,67,150,-5
418774,21,825,16545,-20,-280,87,64,155,-8
418788,19,824,16550,-14,-277,85,64,157,-5
418802,13,812,16553,-15,-281,83,65,153,-5
418816,9,828,16532,-15,-280,93,63,154,-3
418830,15,837,16550,-15,-284,88,64,157,-2
418844,23,831,16537,-19,-278,77,64,152,-3
418858,37,791,16562,-21,-277,78,67,150,-7
418872,45,791,16558,-20,-279,80,65,149,-3
418886,10,833,16498,-22,-270,93,65,153,-1
418900,-18,838,16644,-18,-276,95,66,154,-5
418914,-20,841,16406,-11,-283,89,62,150,-6
418928,-24,854,16470,-22,-272,84,65,147,-4
418942,17,830,16576,-12,-279,80,64,155,-6
418956,28,819,16395,-20,-277,84,64,152,-5
418970,60,774,16664,-15,-277,87,65,150,-5
418984,64,780,16532,-13,-278,84,62,149,-6
418998,30,813,16590,-23,-282,94,62,150,-4
419012,-5,832,16586,-18,-277,91,60,156,-6
419026,-30,855,16554,-26,-278,88,61,152,-6
419040,-18,857,16577,-15,-276,79,66,152,-7
419054,-3,829,16512,-20,-276,79,63,154,-6
419068,36,807,16582,-20,-275,83,65,152,-4
419082,33,789,16517,-21,-286,86,64,152,-4
419096,45,788,16548,-21,-279,90,65,152,-3
419110,40,802,16548,-21,-284,95,63,153,-7
419124,4,850,16542,-18,-280,93,65,154,-5
419138,-7,853,16531,-18,-278,79,67,156,-6
419152,4,836,16567,-18,-278,79,61,148,-3
419166,16,818,16542,-16,-276,84,63,152,-3
419180,19,799,16557,-16,-277,88,67,155,-5
419194,23,800,16559,-15,-280,92,64,152,-2
419208,29,817,16550,-20,-278,88,62,149,1
419222,26,832,16548,-13,-274,86,66,158,-4
419236,28,847,16540,-17,-283,80,64,155,-5
419250,22,829,16550,-15,-275,80,68,152,-3
419264,10,796,16532,-20,-281,79,67,150,-2
419278,8,783,16532,-19,-270,86,65,152,-3
419292,5,825,16555,-25,-275,90,66,149,-5
419306,7,835,16560,-20,-278,90,67,148,-3
419320,-8,859,16511,-19,-274,82,67,152,-3
419334,12,863,16554,-18,-281,84,66,152,-6
419348,31,836,16531,-17,-281,84,64,153,-7
419362,34,800,16551,-17,-276,83,66,152,-6
419376,11,766,16541,-17,-277,88,63,153,-8
419390,2,767,16536,-17,-279,86,65,152,2
419404,0,834,16539,-12,-280,90,66,153,-1
419418,5,858,16559,-16,-278,86,63,152,-7
419432,16,875,16509,-17,-284,88,61,149,-4
419446,33,859,16519,-16,-281,82,63,149,-4
419460,43,808,16548,-15,-276,81,61,156,-3
419474,38,786,16524,-15,-278,87,64,154,-6
419488,35,772,16549,-12,-279,84,64,153,-5
419502,15,787,16537,-14,-278,85,60,153,-5
419516,5,845,16546,-15,-279,85,61,154,-4
419530,3,873,16539,-17,-284,84,66,155,-7
419544,6,880,16541,-18,-276,82,66,154,-7
419558,-6,841,16512,-12,-277,80,64,152,-6
419572,10,807,16559,-18,-275,84,67,154,-6
419586,12,786,16561,-20,-279,88,66,156,-6
419600,20,776,16538,-21,-283,87,65,153,-4
419614,22,815,16566,-20,-286,89,65,152,-3
419628,44,841,16543,-11,-279,87,66,154,-5
419642,51,865,16576,-25,-280,83,65,155,-3
419656,51,848,16587,-13,-277,88,66,157,-3
419670,18,802,16531,-24,-282,85,65,153,-6
419684,3,778,16587,-19,-274,87,63,155,-7
419698,-27,793,16510,-19,-276,88,62,154,-5
419712,-30,811,16583,-17,-281,85,63,154,-4
419726,12,857,16495,-17,-280,86,63,153,-2
419740,29,865,16536,-18,-283,85,64,154,-6
419754,54,844,16531,-17,-278,81,60,152,-8
419768,51,817,16509,-25,-278,84,61,151,-5
419782,27,764,16555,-16,-279,93,62,151,-3
419796,16,762,16530,-17,-274,89,60,154,-5
419810,-21,820,16533,-15,-279,85,63,148,-6
419824,-16,839,16547,-16,-282,86,61,149,-5
419838,-17,875,16525,-12,-273,84,66,152,-4
419852,1,874,16554,-10,-286,81,67,154,-1
419866,29,826,16491,-13,-275,79,64,153,-8
419880,28,792,16560,-20,-278,78,68,152,-6
419894,52,754,16510,-13,-282,88,66,151,-3
419908,36,771,16505,-19,-282,92,65,152,-5
419922,23,831,16532,-15,-275,87,66,151,-5
419936,5,865,16497,-20,-281,77,64,151,-2
419950,1,882,16558,-15,-278,80,65,152,-4
419964,-4,865,16515,-20,-273,84,61,152,-4
419978,-7,838,16566,-21,-280,88,63,157,-3
419992,1,787,16548,-17,-276,87,67,150,-4
420006,21,777,16554,-20,-278,86,65,155,-6
420020,35,790,16543,-15,-275,91,63,156,-4
420034,53,823,16530,-24,-276,84,60,156,-2
420048,57,843,16535,-28,-277,88,62,157,-4
420062,40,846,16539,-16,-277,79,63,154,-4
420076,4,828,16544,-15,-277,78,64,151,-4
420090,-18,818,16538,-19,-276,79,62,153,-4
420104,-37,808,16555,-13,-273,81,64,156,-2
420118,-31,811,16533,-15,-278,83,62,150,-4
420132,27,831,16535,-16,-272,91,63,149,-4
420146,47,846,16534,-17,-279,83,64,153,-2
420160,60,828,16537,-18,-277,85,61,153,-2
420174,61,816,16535,-20,-282,83,64,155,-2
420188,26,792,16551,-19,-278,87,64,153,1
420202,12,796,16542,-15,-275,87,65,154,-3
420216,-8,823,16543,-19,-277,88,67,152,-6
420230,-18,844,16527,-16,-276,87,65,154,-4
420244,-11,868,16539,-18,-275,85,66,152,-3
420258,6,860,16540,-18,-275,86,65,152,-6
420272,44,807,16540,-17,-273,82,65,151,-6
420286,56,792,16539,-13,-278,84,62,154,-7
420300,60,766,16530,-18,-283,89,64,153,-5
420314,50,780,16536,-16,-280,88,63,155,-10
420328,4,831,16534,-16,-281,87,64,154,-7
420342,-9,857,16538,-23,-278,84,62,153,-7
420356,-22,861,16535,-16,-283,81,63,148,-7
420370,-13,853,16540,-17,-284,84,63,153,-5
420384,-1,816,16550,-15,-280,84,66,150,-6
420398,27,793,16534,-16,-282,81,68,153,-3
420412,35,777,16524,-17,-274,83,64,155,-1
420426,58,792,16531,-14,-274,87,64,152,-7
420440,58,814,16534,-19,-276,93,62,152,-4
420454,29,841,16540,-17,-280,86,64,153,-1
420468,14,846,16530,-19,-276,85,65,153,-5
420482,5,842,16538,-17,-277,88,64,154,-5
420496,-6,825,16543,-19,-279,88,64,152,-6
420510,-8,805,16542,-22,-277,87,66,154,-7
420524,3,808,16536,-19,-277,87,65,151,-2
420538,27,816,16539,-19,-276,89,64,153,-6
420552,39,826,16536,-23,-278,82,62,155,-6
420566,46,830,16546,-19,-278,79,65,152,-3
420580,42,819,16539,-15,-278,88,64,153,-3
420594,31,805,16539,-12,-274,86,68,153,-1
420608,16,797,16545,-17,-279,83,65,153,-1
420622,-12,818,16549,-17,-280,88,64,156,-5
420636,-15,830,16544,-21,-277,86,65,154,-5
420650,-11,850,16533,-19,-280,88,68,153,-4
420664,11,852,16544,-15,-278,85,65,154,-3
420678,33,832,16544,-21,-276,90,66,155,1
420692,42,818,16537,-19,-275,88,65,158,-5
420706,41,775,16543,-20,-280,85,63,154,-6
420720,41,780,16536,-19,-279,87,65,155,-3
420734,6,814,16537,-25,-278,90,65,149,-4
420748,3,836,16534,-18,-276,91,63,151,-4
420762,4,856,16536,-21,-279,83,64,152,-2
420776,3,857,16538,-22,-274,82,60,153,-2
420790,10,826,16542,-18,-278,87,61,154,-6
420804,19,808,16529,-15,-278,86,64,151,-3
420818,24,795,16529,-14,-278,88,63,150,-2
420832,33,797,16526,-18,-275,93,65,155,-4
420846,28,819,16539,-23,-277,88,64,153,-5
420860,36,836,16545,-19,-276,88,60,150,-4
420874,22,843,16542,-18,-284,87,65,152,-4
420888,11,838,16533,-16,-279,85,67,151,-4
420902,-1,827,16540,-24,-278,89,65,153,-4
420916,-2,808,16547,-19,-279,89,66,155,-3
420930,9,811,16545,-19,-278,92,68,157,-6
420944,21,828,16547,-21,-277,86,63,155,-4
420958,26,830,16544,-22,-280,87,67,152,-3
420972,47,826,16528,-17,-276,87,63,153,-3
420986,47,821,16534,-20,-273,90,63,150,-7
421000,27,811,16551,-22,-277,84,61,150,-7
421014,15,813,16548,-22,-280,93,65,154,-2
421028,-4,818,16543,-19,-279,87,64,150,-4
421042,-9,832,16534,-21,-278,86,66,155,-9
421056,3,844,16541,-15,-278,87,61,154,-2
421070,10,840,16544,-23,-282,86,62,156,-6
421084,38,830,16539,-16,-279,87,63,152,-6
421098,45,816,16536,-16,-275,80,64,154,-6
421112,39,797,16551,-25,-278,88,63,153,-4
421126,33,797,16549,-18,-269,88,66,155,-6
421140,15,803,16542,-21,-276,88,62,156,-7
421154,12,820,16541,-24,-282,90,65,153,-4
421168,2,852,16538,-12,-282,87,67,155,-1
421182,4,855,16539,-18,-280,86,64,152,-4
421196,2,827,16536,-21,-280,89,65,153,-4
421210,8,813,16546,-19,-276,86,66,151,-5
421224,19,806,16551,-22,-279,88,65,148,-4
421238,29,799,16546,-17,-279,84,63,150,-5
421252,40,812,16540,-17,-278,87,64,155,-4
421266,37,820,16547,-14,-283,80,63,153,-3
421280,24,831,16549,-21,-279,84,66,157,-6
421294,10,832,16551,-23,-277,87,67,154,-6
421308,3,829,16533,-17,-276,82,68,152,-1
421322,-7,817,16534,-16,-277,87,66,150,-5
421336,0,817,16546,-16,-275,89,66,152,-4
421350,5,825,16550,-18,-276,88,64,153,-6
421364,21,829,16548,-10,-278,82,64,154,-3
421378,49,818,16541,-13,-280,82,62,149,-3
421392,43,815,16525,-22,-276,84,67,155,-3
421406,32,823,16554,-17,-281,87,65,150,-2
421420,19,817,16547,-15,-275,88,65,153,-7
421434,-5,799,16540,-21,-274,88,64,154,-4
421448,-18,810,16546,-15,-282,88,60,153,-1
421462,-22,840,16522,-17,-280,85,68,149,-2
421476,-2,839,16551,-22,-280,90,68,148,-1
421490,27,843,16507,-22,-269,85,65,154,-4
421504,36,836,16549,-15,-280,88,65,152,-5
421518,55,801,16540,-16,-277,86,61,154,-8
421532,48,794,16528,-21,-273,83,65,151,-10
421546,30,799,16544,-20,-279,85,66,152,-6
421560,16,804,16534,-19,-281,87,64,154,-7
421574,3,827,16548,-13,-281,85,64,157,-3
421588,1,838,16534,-17,-288,82,64,155,-4
421602,-3,840,16532,-20,-272,89,62,151,-7
421616,4,832,16540,-15,-276,88,64,149,-3
421630,2,822,16550,-19,-279,85,69,154,-3
421644,17,821,16545,-16,-275,84,69,155,-4
421658,20,805,16554,-19,-282,85,64,157,-6
421672,29,806,16544,-16,-283,80,68,152,-3
421686,50,815,16548,-18,-277,82,69,149,-3
421700,41,822,16533,-15,-280,86,66,156,-6
421714,29,821,16544,-18,-279,86,61,155,-3
421728,1,828,16540,-18,-278,85,65,156,-9
421742,-15,831,16550,-22,-278,86,63,155,-4
421756,-12,837,16552,-22,-278,87,63,154,-2
421770,-8,833,16540,-13,-275,83,62,154,-7
421784,39,822,16557,-21,-277,84,64,153,-7
421798,64,809,16546,-16,-278,86,61,153,-6
421812,68,799,16534,-17,-275,81,59,151,-4
421826,71,799,16545,-17,-283,86,62,149,-5
421840,33,800,16535,-21,-280,93,65,154,-6
421854,11,820,16547,-16,-278,88,64,152,-5
421868,-14,836,16550,-19,-279,88,66,150,-4
421882,-22,846,16540,-19,-282,86,66,148,1
421896,-15,851,16542,-16,-276,80,66,152,-1
421910,0,845,16547,-14,-277,83,64,153,-3
421924,27,812,16540,-16,-271,87,62,151,-7
421938,33,808,16536,-17,-274,86,61,152,-4
421952,46,794,16531,-18,-281,88,63,153,-4
421966,54,799,16542,-25,-279,84,64,152,-4
421980,37,824,16547,-21,-285,86,61,151,-4
421994,30,835,16538,-18,-276,87,64,151,-3
422008,-1,848,16540,-21,-278,90,62,157,-4
422022,-18,839,16532,-23,-277,86,66,152,-6
422036,-19,830,16564,-17,-282,88,61,156,-2
422050,-6,816,16556,-18,-275,84,63,154,-1
422064,19,813,16529,-16,-278,85,63,156,-4
422078,24,819,16536,-11,-272,82,63,152,-5
422092,69,809,16557,-16,-278,84,60,153,-5
422106,75,811,16505,-14,-276,89,64,155,-1
422120,52,803,16574,-17,-277,89,62,155,-2
422134,17,813,16543,-19,-279,87,62,153,-3
422148,-7,830,16551,-19,-284,88,66,153,-3
422162,-35,839,16557,-19,-280,85,65,154,-2
422176,-28,834,16534,-16,-280,85,64,153,-7
422190,6,829,16545,-16,-274,88,64,153,-5
422204,29,821,16537,-19,-283,88,63,153,-2
422218,50,817,16568,-18,-278,87,62,152,1
422232,51,810,16525,-23,-277,88,64,154,-3
422246,23,817,16547,-20,-279,91,62,148,-4
422260,13,821,16560,-17,-280,85,60,152,-5
422274,11,825,16530,-18,-280,81,62,155,-6
422288,8,834,16549,-14,-275,86,62,155,-5
422302,5,830,16550,-22,-278,87,65,151,-4
422316,8,833,16543,-26,-281,84,63,156,-7
422330,22,831,16546,-15,-278,88,64,158,-8
422344,21,820,16535,-16,-275,88,65,155,-6
422358,17,814,16540,-17,-277,82,66,153,-3
422372,25,810,16547,-18,-281,86,64,150,1
422386,37,801,16552,-13,-280,83,64,154,-7
422400,30,811,16545,-13,-284,84,64,153,-4
422414,17,831,16549,-14,-283,89,65,155,-2
422428,1,835,16552,-23,-280,87,65,150,-4
422442,-3,822,16538,-22,-278,84,66,150,-4
422456,-1,815,16544,-24,-277,91,61,151,-3
422470,15,813,16551,-17,-274,83,60,155,-5
422484,23,805,16555,-23,-286,83,64,152,-6
422498,25,815,16509,-20,-280,88,65,148,-4
422512,32,822,16541,-17,-274,86,63,152,-2
422526,23,837,16536,-14,-279,85,64,147,-1
422540,10,847,16522,-16,-277,86,65,149,-1
422554,12,826,16606,-17,-282,88,65,154,-5
422568,3,815,16537,-19,-281,87,68,152,-3
422582,-2,810,16521,-21,-276,81,66,149,-7
422596,18,800,16562,-20,-279,86,62,154,-2
422610,37,814,16544,-19,-285,87,62,153,1
422624,63,826,16554,-15,-278,85,65,152,-5
422638,58,835,16520,-18,-277,86,64,150,-6
422652,9,827,16527,-16,-279,91,63,152,-6
422666,5,835,16573,-14,-276,93,63,150,-3
422680,-16,822,16541,-21,-276,89,63,150,-4
422694,-19,825,16527,-15,-282,86,65,149,-5
422708,2,827,16539,-18,-280,82,69,147,-4
422722,24,829,16545,-18,-279,91,67,149,-8
422736,43,828,16547,-23,-282,85,63,155,-4
422750,46,831,16537,-18,-276,84,58,156,-4
422764,18,801,16544,-14,-276,83,65,147,-3
422778,8,800,16548,-18,-279,88,66,153,-4
422792,17,811,16530,-18,-277,86,63,155,-5
422806,14,820,16550,-19,-280,87,64,153,-4
422820,18,829,16551,-18,-281,92,64,150,1
422834,5,835,16553,-18,-284,89,62,150,-3
422848,11,836,16557,-13,-280,83,62,153,-3
422862,13,832,16544,-15,-276,83,65,152,-6
422876,22,814,16536,-18,-278,88,65,149,-5
422890,12,804,16553,-23,-281,82,61,152,-3
422904,35,813,16527,-15,-282,86,62,150,-4
422918,34,828,16533,-18,-277,87,62,157,-3
422932,-11,847,16535,-22,-281,85,62,149,-5
422946,-31,859,16542,-19,-274,85,62,150,-1
422960,-82,868,16541,-13,-273,79,63,152,-2
422974,-45,838,16547,-16,-274,78,61,155,-1
422988,110,755,16542,-17,-279,82,62,153,-3
423002,182,722,16530,-22,-281,85,63,156,-2
423016,197,749,16530,-16,-278,92,64,153,-3
423030,134,789,16529,-15,-280,91,66,152,-3
423044,43,891,16552,-18,-279,92,61,154,-7
423058,-137,916,16564,-24,-284,89,60,154,-8
423072,-178,918,16541,-18,-278,82,64,152,-5
423086,-164,877,16542,-14,-275,79,65,152,-2
423100,-104,840,16544,-15,-278,79,65,153,-3
423114,47,796,16544,-17,-281,83,65,154,-1
423128,113,787,16550,-16,-284,90,60,152,-1
423142,172,785,16519,-14,-276,88,63,154,-8
423156,164,795,16525,-16,-280,89,63,150,-4
423170,92,800,16534,-21,-285,83,61,152,-6
423184,36,806,16544,-18,-281,84,68,152,-6
423198,-64,833,16546,-18,-281,85,67,154,-5
423212,-103,853,16539,-20,-281,89,64,153,-5
423226,-121,881,16550,-16,-273,89,66,149,-5
423240,-97,885,16552,-18,-278,82,65,154,-5
423254,22,853,16541,-12,-277,82,66,153,-6
423268,67,819,16536,-14,-275,80,66,154,-3
423282,154,760,16548,-18,-285,88,65,153,-8
423296,163,738,16537,-23,-281,86,64,154,-8
423310,98,760,16570,-15,-283,84,66,152,-7
423324,50,792,16552,-17,-279,91,67,154,-7
423338,-78,881,16547,-24,-275,94,65,153,-3
423352,-119,919,16570,-21,-278,93,66,153,-3
423366,-114,911,16536,-15,-274,85,64,149,-6
423380,-70,872,16555,-18,-277,83,65,152,-4
423394,46,783,16544,-20,-274,80,64,153,-4
423408,103,754,16543,-19,-277,81,63,150,-4
423422,112,759,16537,-25,-280,91,62,154,-5
423436,118,766,16545,-19,-286,92,62,155,-5
423450,46,834,16524,-14,-279,89,64,153,-5
423464,3,856,16548,-19,-278,88,65,153,-4
423478,-29,858,16544,-20,-278,80,66,156,-4
423492,-47,847,16527,-18,-279,85,65,152,-4
423506,-27,808,16559,-13,-279,87,65,157,-4
423520,14,805,16540,-16,-278,89,66,150,-3
423534,35,803,16553,-18,-278,87,67,152,-3
423548,51,812,16549,-15,-277,82,64,153,-3
423562,46,820,16543,-19,-282,83,65,149,-5
423576,18,825,16542,-16,-277,83,64,152,-7
423590,12,823,16546,-14,-280,85,62,155,-4
423604,2,818,16544,-19,-278,84,65,153,-8
423618,-13,821,16539,-22,-281,87,62,152,-6
423632,-13,833,16547,-19,-282,89,65,155,-2
423646,-7,841,16546,-17,-280,88,61,149,-2
423660,9,832,16543,-18,-277,83,62,152,-7
423674,29,828,16540,-16,-273,81,63,150,-2
423688,66,809,16545,-15,-277,82,68,153,-1
423702,77,793,16537,-22,-285,85,65,153,-5
423716,44,787,16560,-18,-286,82,62,154,-5
423730,11,808,16550,-13,-277,85,60,154,-4
423744,-31,839,16550,-13,-280,88,65,150,-3
423758,-46,862,16548,-19,-280,92,66,154,-2
423772,-34,866,16561,-15,-277,83,62,150,-3
423786,-8,844,16560,-18,-278,81,64,149,-6
423800,45,806,16540,-18,-275,82,63,154,-7
423814,65,785,16544,-12,-278,84,63,155,-7
423828,86,772,16540,-16,-276,89,66,153,-6
423842,65,781,16544,-19,-278,96,66,149,-6
423856,17,828,16552,-15,-282,90,63,152,-3
423870,-8,848,16545,-17,-279,91,64,154,-3
423884,-24,863,16557,-14,-283,82,65,158,-7
423898,-24,859,16554,-15,-280,85,60,148,-3
423912,-23,825,16558,-16,-279,83,60,152,-3
423926,21,811,16557,-15,-273,85,64,156,-2
423940,28,797,16550,-16,-277,80,67,152,-5
423954,46,799,16555,-16,-279,81,66,154,-4
423968,51,801,16548,-21,-280,81,66,153,-4
423982,60,822,16544,-16,-280,86,64,155,-5
423996,41,827,16535,-17,-282,82,62,152,-3
424010,13,815,16544,-14,-274,83,62,149,-5
424024,1,814,16549,-16,-277,87,60,152,-5
424038,-31,824,16547,-12,-287,90,61,154,-3
424052,-31,830,16548,-14,-278,81,61,154,-5
424066,-4,835,16556,-12,-284,86,66,156,-5
424080,14,836,16560,-16,-281,84,68,154,-6
424094,62,819,16537,-14,-279,82,68,152,-4
424108,66,806,16544,-13,-278,86,64,152,-3
424122,56,809,16540,-21,-277,87,65,153,-6
424136,32,803,16537,-18,-283,84,65,152,-8
424150,-8,837,16562,-17,-279,87,66,153,-7
424164,-27,848,16567,-17,-275,87,68,154,-3
424178,-26,856,16548,-14,-275,84,64,154,-3
424192,-8,845,16554,-18,-281,86,63,154,-5
424206,38,821,16528,-18,-272,88,60,155,-6
424220,48,815,16529,-22,-281,81,60,152,-8
424234,50,789,16543,-15,-276,92,62,150,-8
424248,41,794,16525,-17,-278,88,63,148,-6
424262,12,821,16567,-19,-277,85,65,147,-5
424276,-5,839,16520,-16,-278,84,64,155,-3
424290,-1,857,16572,-19,-277,85,64,155,-1
424304,-5,849,16559,-22,-279,84,64,156,-1
424318,8,827,16561,-21,-277,85,63,157,-6
424332,13,815,16546,-20,-280,86,64,158,-4
424346,30,801,16557,-21,-278,88,60,152,-6
424360,39,796,16551,-17,-276,80,60,153,-5
424374,41,808,16550,-18,-274,83,63,154,-5
424388,40,823,16551,-16,-275,82,65,156,-4
424402,27,830,16550,-16,-279,86,65,154,-4
424416,36,822,16431,-14,-277,86,63,155,-4
424430,-116,920,16167,-65,-327,72,63,153,-7
424444,8,809,16840,14,-254,108,66,151,-4
424458,52,764,16608,-29,-294,104,65,155,-5
424472,70,785,17050,-8,-294,91,63,157,-6
424486,39,820,16290,-26,-283,89,65,154,-5
424500,70,814,16738,-28,-283,88,64,156,-3
424514,84,815,16769,2,-282,96,67,156,-7
424528,43,814,16429,-31,-283,92,65,154,-4
424542,19,816,16707,-16,-271,86,66,154,-2
424556,-14,827,16542,-30,-295,93,66,154,-3
424570,-3,817,16596,-21,-275,87,65,155,-6
424584,-7,826,16549,-18,-287,87,64,154,-3
424598,13,842,16598,-18,-281,82,68,155,-6
424612,16,827,16545,-19,-280,83,66,155,-6
424626,53,814,16573,-25,-283,88,65,150,-6
424640,37,792,16494,-20,-271,87,65,154,-5
424654,39,790,16590,-22,-285,90,59,154,-3
424668,5,820,16466,-17,-283,87,61,153,-3
424682,8,845,16581,-24,-281,84,64,154,-4
424696,-17,851,16509,-20,-279,86,63,150,-2
424710,-5,847,16513,-14,-278,85,64,152,-4
424724,0,838,16488,-12,-281,84,66,155,-2
424738,10,838,16539,-20,-280,87,66,156,-4
424752,13,798,16548,-18,-281,86,63,154,-5
424766,28,796,16573,-19,-283,84,66,150,-4
424780,69,799,16525,-21,-284,84,63,153,-6
424794,74,804,16545,-22,-277,88,61,153,-6
424808,59,826,16529,-20,-281,80,63,152,-7
424822,35,841,16532,-23,-284,79,63,150,-4
424836,13,848,16545,-15,-280,85,66,153,-7
424850,-29,848,16553,-14,-282,85,62,152,-6
424864,-37,829,16544,-11,-281,77,62,150,-10
424878,-27,830,16553,-18,-281,81,62,152,-8
424892,5,818,16549,-16,-275,82,63,154,-7
424906,59,815,16547,-14,-278,80,62,149,-6
424920,79,817,16556,-16,-277,83,64,156,-4
424934,67,805,16537,-22,-279,85,64,155,-2
424948,51,806,16565,-17,-284,84,65,154,-5
424962,-9,817,16558,-19,-283,86,65,150,-1
424976,-26,826,16553,-17,-281,85,65,154,-4
424990,-29,854,16541,-15,-277,84,62,156,-5
425004,-22,854,16549,-14,-283,84,64,149,-4
425018,8,843,16534,-19,-276,86,65,154,-3
425032,24,819,16530,-21,-274,89,64,153,-6
425046,52,792,16551,-14,-283,87,64,155,-3
425060,56,786,16543,-17,-278,83,64,152,-1
425074,59,797,16547,-15,-277,84,63,150,-6
425088,53,810,16559,-21,-283,85,65,150,-5
425102,11,835,16549,-21,-284,88,63,150,1
425116,-15,839,16557,-16,-276,84,63,150,-1
425130,-42,841,16546,-15,-280,84,63,153,1
425144,-42,833,16551,-16,-276,80,65,153,-3
425158,-7,837,16556,-15,-277,84,64,151,-1
425172,15,826,16555,-13,-281,84,65,152,-7
425186,62,806,16538,-11,-276,80,63,150,-5
425200,81,796,16546,-11,-279,84,62,154,-6
425214,65,789,16544,-17,-282,82,63,152,-5
425228,43,803,16548,-16,-278,81,62,153,-9
425242,26,828,16548,-18,-276,89,63,156,-6
425256,-16,842,16544,-18,-282,90,62,155,-4
425270,-32,834,16557,-19,-276,85,64,155,-1
425284,-33,843,16564,-14,-276,80,67,153,-1
425298,-30,843,16546,-17,-278,82,67,154,-4
425312,19,821,16548,-17,-278,82,65,153,-5
425326,39,815,16540,-15,-278,86,66,156,-3
425340,57,813,16553,-13,-280,90,67,153,-2
425354,46,799,16555,-19,-279,88,62,155,-3
425368,27,808,16560,-17,-277,83,63,155,-5
425382,1,812,16556,-15,-277,86,65,152,-8
425396,2,833,16541,-22,-276,80,64,156,-8
425410,-5,836,16559,-22,-276,83,62,152,-3
425424,1,838,16542,-17,-274,82,64,148,-4
425438,12,834,16543,-15,-281,90,63,153,-3
425452,19,813,16547,-16,-279,87,61,148,-4
425466,29,803,16531,-16,-275,88,61,147,-1
425480,42,812,16556,-13,-279,88,63,153,-2
425494,41,821,16542,-14,-278,88,61,154,-3
425508,35,814,16550,-16,-276,85,60,155,-2
425522,22,824,16545,-18,-285,87,62,152,-4
425536,-12,822,16548,-19,-278,82,62,153,-3
425550,-8,824,16557,-21,-279,83,65,154,-9
425564,3,826,16549,-18,-276,81,64,154,-9
425578,13,826,16544,-17,-277,82,65,152,-7
425592,29,811,16548,-17,-273,82,64,152,-7
425606,40,809,16550,-20,-279,86,65,152,-5
425620,44,827,16556,-19,-280,89,63,150,-1
425634,37,836,16547,-15,-279,88,64,151,-3
425648,5,826,16559,-14,-279,88,65,153,-5
425662,5,820,16533,-17,-276,85,64,149,-4
425676,-1,817,16573,-21,-272,84,62,152,-4
425690,16,809,16563,-20,-278,86,62,152,-5
425704,29,825,16545,-18,-274,84,58,155,-5
425718,43,821,16547,-21,-281,84,64,152,-6
425732,40,828,16545,-18,-282,86,68,150,-4
425746,16,811,16550,-19,-279,84,70,153,-4
425760,9,818,16550,-17,-278,87,62,151,-1
425774,-1,821,16548,-15,-280,88,63,152,1
425788,1,827,16542,-21,-273,82,67,158,-3
425802,12,829,16543,-14,-279,85,67,156,-4
425816,21,823,16546,-17,-277,83,64,158,-4
425830,25,823,16556,-22,-280,87,65,153,-7
425844,38,817,16547,-21,-277,92,67,155,-5
425858,24,811,16542,-15,-280,89,64,153,-7
425872,27,806,16555,-15,-281,85,64,152,-6
425886,19,819,16540,-19,-279,88,64,153,-4
425900,14,830,16549,-19,-281,88,65,154,-5
425914,-5,836,16530,-19,-278,91,64,155,-5
425928,-9,842,16533,-18,-281,88,66,153,-4
425942,-6,838,16542,-15,-277,88,64,152,-6
425956,15,821,16542,-17,-278,85,63,154,-6
425970,42,799,16552,-16,-281,85,64,153,-7
425984,54,792,16546,-20,-277,91,64,153,-6
425998,61,801,16559,-16,-281,83,67,152,-5
426012,48,816,16543,-18,-281,85,67,152,-3
426026,8,842,16553,-17,-279,81,64,153,-2
426040,-10,851,16558,-14,-280,87,62,153,-4
426054,-30,848,16546,-17,-277,91,62,149,-4
426068,-23,838,16543,-15,-281,88,61,153,-1
426082,-2,823,16540,-15,-282,87,66,152,-3
426096,16,813,16540,-16,-277,82,67,151,-1
426110,72,798,16552,-20,-280,90,64,149,-5
426124,84,794,16548,-18,-281,85,63,150,-4
426138,80,805,16541,-18,-281,84,66,150,-5
426152,39,809,16536,-19,-279,85,65,150,-6
426166,11,838,16558,-24,-284,89,60,152,-10
426180,-48,847,16560,-21,-278,83,64,150,-5
426194,-45,852,16543,-21,-283,87,69,152,-5
426208,-28,836,16551,-20,-277,87,63,150,-3
426222,-7,833,16547,-21,-277,88,61,151,-6
426236,46,803,16549,-12,-284,88,62,152,-4
426250,65,802,16538,-18,-280,91,62,150,-6
426264,71,795,16548,-18,-282,86,63,148,-7
426278,59,807,16551,-15,-277,88,60,153,-4
426292,13,824,16546,-20,-274,87,61,154,-4
426306,-7,830,16561,-19,-276,82,62,151,-6
426320,-38,845,16534,-16,-278,83,65,149,-4
426334,-39,847,16555,-18,-277,85,62,150,-7
426348,-16,828,16553,-23,-281,85,63,154,-8
426362,9,819,16545,-22,-278,86,66,152,-7
426376,60,797,16541,-17,-278,84,67,152,-1
426390,84,789,16555,-18,-277,85,65,153,-1
426404,74,791,16556,-22,-282,80,64,152,-1
426418,54,806,16558,-18,-282,85,65,153,-3
426432,3,833,16543,-13,-282,93,63,152,-4
426446,-20,844,16554,-14,-280,89,62,155,-4
426460,-44,864,16556,-11,-276,87,62,154,-3
426474,-47,854,16566,-15,-280,83,64,158,-2
426488,-2,830,16543,-19,-276,86,61,154,-3
426502,37,812,16544,-19,-276,84,65,152,-5
426516,90,794,16548,-14,-282,80,63,152,-4
426530,99,786,16545,-17,-277,82,65,152,-4
426544,54,793,16544,-19,-278,83,63,155,-1
426558,21,816,16547,-16,-276,90,62,152,1
426572,-12,854,16550,-18,-282,85,65,153,-3
426586,-40,861,16537,-17,-282,85,64,154,-6
426600,-52,848,16556,-22,-276,86,65,154,-9
426614,-11,836,16550,-22,-278,87,69,152,2
426628,17,821,16546,-22,-274,88,64,150,-2
426642,66,803,16549,-19,-274,90,63,152,-8
426656,78,789,16544,-23,-277,87,58,152,-4
426670,63,804,16549,-21,-276,90,59,153,-4
426684,32,813,16555,-21,-281,90,63,156,-8
426698,-4,831,16541,-20,-279,88,63,153,-7
426712,-20,841,16542,-18,-281,88,65,153,-5
426726,-29,840,16547,-23,-277,88,64,152,-3
426740,-12,834,16550,-18,-277,85,65,153,1
426754,20,825,16549,-16,-277,88,67,157,-9
426768,35,816,16545,-22,-275,85,62,156,-10
426782,48,817,16553,-21,-277,87,62,157,-4
426796,51,818,16546,-16,-276,85,67,146,-3
426810,29,817,16544,-19,-274,86,67,148,-5
426824,27,820,16539,-19,-281,81,62,156,-3
426838,-4,824,16557,-21,-276,82,64,152,-4
426852,-11,829,16559,-20,-279,81,62,153,-5
426866,-20,845,16544,-17,-277,83,63,153,-6
426880,-10,840,16550,-16,-276,85,64,154,-2
426894,25,833,16546,-15,-277,82,61,149,-3
426908,34,826,16556,-11,-279,83,65,148,-3
426922,45,793,16540,-20,-277,82,64,154,-3
426936,40,787,16537,-23,-279,84,66,154,-1
426950,40,795,16550,-21,-282,90,66,150,-2
426964,32,800,16563,-17,-279,87,65,153,-5
426978,24,832,16541,-15,-280,90,65,152,-6
426992,4,836,16558,-18,-284,83,64,156,2
427006,-5,833,16543,-19,-280,86,63,154,-3
427020,2,832,16545,-20,-280,88,62,153,-9
427034,7,828,16532,-13,-279,86,63,154,-1
427048,17,822,16537,-16,-280,85,62,155,-2
427062,15,815,16534,-21,-281,88,62,149,-6
427076,15,816,16537,-22,-275,88,63,148,-4
427090,18,815,16548,-18,-278,88,64,147,-4
427104,31,812,16538,-17,-285,86,64,153,-5
427118,29,815,16534,-20,-278,84,64,150,-3
427132,26,826,16542,-17,-276,84,59,155,-3
427146,22,833,16549,-23,-279,89,63,149,-3
427160,3,843,16552,-21,-276,95,66,148,-4
427174,-3,845,16557,-21,-276,83,64,157,-3
427188,-22,835,16553,-18,-275,84,66,154,-3
427202,-9,821,16555,-15,-274,84,67,155,-3
427216,19,817,16541,-12,-276,80,67,153,-6
427230,45,813,16554,-17,-278,85,66,155,-4
427244,59,817,16541,-24,-278,86,66,152,-4
427258,48,809,16557,-24,-286,86,64,149,-4
427272,18,828,16536,-22,-278,87,64,154,-3
427286,1,840,16564,-21,-276,90,67,155,1
427300,-3,823,16532,-16,-274,85,65,152,-2
427314,6,819,16541,-15,-280,84,65,152,-1
427328,28,806,16540,-15,-275,88,62,154,-3
427342,36,804,16541,-18,-274,86,66,150,-5
427356,29,824,16545,-22,-284,91,67,150,-3
427370,31,837,16536,-14,-283,91,62,154,-5
427384,5,842,16557,-15,-284,87,62,154,-7
427398,-8,831,16558,-16,-277,84,64,153,-6
427412,-20,815,16559,-17,-277,83,62,150,-4
427426,3,816,16553,-16,-278,79,60,154,-4
427440,26,813,16540,-20,-278,86,66,152,-3
427454,43,816,16546,-19,-283,89,65,155,-3
427468,55,828,16554,-15,-277,89,62,157,-4
427482,39,831,16546,-16,-278,86,63,155,-5
427496,24,813,16539,-14,-279,86,63,152,-5
427510,-1,815,16540,-19,-276,89,64,152,-3
427524,-1,817,16564,-13,-278,91,63,152,-4
427538,11,814,16548,-19,-282,86,64,154,-5
427552,13,825,16553,-18,-280,87,65,152,-4
427566,21,825,16561,-19,-277,87,62,152,-4
427580,26,834,16550,-16,-280,89,61,153,-5
427594,26,826,16553,-18,-279,83,63,152,-6
427608,18,824,16548,-17,-281,84,65,150,-6
427622,11,823,16548,-13,-283,86,64,150,-5
427636,2,825,16560,-16,-279,88,62,153,-3
427650,16,820,16557,-15,-280,89,63,153,-2
427664,17,818,16545,-18,-279,91,62,150,-2
427678,11,839,16552,-11,-278,86,63,154,-5
427692,7,837,16546,-18,-283,88,65,149,-3
427706,14,831,16552,-16,-279,88,63,148,-2
427720,7,823,16550,-18,-277,84,66,149,-3
427734,29,806,16549,-17,-281,83,62,151,-6
427748,26,805,16555,-20,-277,80,65,150,-7
427762,29,814,16553,-13,-281,83,63,152,-5
427776,36,817,16564,-19,-279,86,64,150,-2
427790,22,832,16555,-17,-284,86,63,154,-7
427804,19,826,16550,-19,-281,81,66,151,-7
427818,-2,818,16561,-13,-280,83,65,154,-5
427832,0,815,16545,-12,-270,86,66,150,-2
427846,11,810,16555,-13,-279,84,66,149,2
427860,14,810,16556,-22,-284,85,65,154,-8
427874,20,821,16546,-16,-280,85,62,152,-3
427888,23,829,16552,-18,-277,87,66,156,2
427902,27,834,16546,-18,-280,85,60,153,-2
427916,27,835,16556,-18,-276,84,63,152,-3
427930,16,820,16542,-16,-278,88,59,153,-8
427944,5,813,16538,-16,-279,87,61,154,-6
427958,-4,803,16556,-16,-277,86,67,153,-4
427972,13,815,16546,-18,-276,86,66,150,-4
427986,26,823,16562,-17,-279,79,66,153,-5
428000,36,829,16563,-18,-279,84,62,154,-4
428014,27,832,16552,-16,-280,85,64,155,1
428028,9,816,16559,-19,-278,84,63,152,-5
428042,11,809,16553,-16,-278,86,63,150,-4
428056,13,815,16540,-16,-280,92,65,155,1
428070,21,810,16547,-10,-279,84,65,152,-2
428084,25,828,16550,-19,-279,84,65,155,-3
428098,26,829,16544,-20,-281,87,59,155,-4
428112,23,833,16558,-18,-278,84,61,152,-3
428126,23,833,16546,-23,-278,83,65,155,-4
428140,21,816,16554,-19,-279,81,65,154,-5
428154,16,818,16546,-17,-281,85,63,155,-6
428168,21,813,16557,-24,-283,85,63,153,-1
428182,27,831,16542,-22,-275,90,62,152,-3
428196,26,843,16552,-20,-278,84,62,152,-4
428210,23,847,16551,-20,-278,86,65,152,-2
428224,15,832,16543,-19,-277,85,63,150,-3
428238,16,821,16547,-19,-277,86,65,153,-3
428252,12,803,16547,-18,-282,88,64,149,-3
428266,16,805,16547,-19,-274,83,60,153,-6
428280,33,819,16548,-23,-282,86,62,153,-5
428294,34,824,16543,-15,-282,83,62,154,-1
428308,16,829,16545,-19,-277,88,65,152,-3
428322,18,829,16547,-19,-285,90,63,154,-4
428336,9,813,16550,-14,-277,84,64,152,-9
428350,15,817,16557,-20,-276,86,63,153,-5
428364,13,820,16545,-18,-283,88,59,152,-2
428378,16,826,16547,-19,-274,86,62,154,-1
428392,22,829,16551,-17,-276,84,64,157,-3
428406,30,830,16552,-16,-272,84,69,153,-7
428420,26,824,16548,-20,-281,88,69,150,-6
428434,25,823,16538,-20,-277,89,63,154,-6
428448,16,810,16546,-16,-280,85,65,150,-6
428462,8,811,16562,-15,-277,81,65,153,-4
428476,6,823,16563,-16,-278,87,64,155,-3
428490,10,830,16545,-20,-277,82,62,153,-4
428504,14,821,16546,-15,-279,82,63,157,-4
428518,31,841,16549,-18,-277,84,63,154,-4
428532,25,836,16546,-15,-275,86,67,154,-7
428546,24,817,16546,-15,-276,87,64,156,-4
428560,27,815,16547,-20,-281,85,67,155,-5
428574,29,820,16537,-25,-277,85,65,154,-3
428588,23,830,16548,-21,-279,84,66,154,-3
428602,19,821,16539,-18,-280,82,66,153,-8
428616,17,825,16546,-17,-277,84,65,153,-5
428630,18,834,16539,-15,-280,89,64,154,-3
428644,20,834,16533,-13,-278,86,65,150,-2
428658,13,820,16539,-18,-278,85,62,150,-5
428672,13,817,16544,-18,-282,84,63,149,-7
428686,18,811,16546,-17,-281,86,64,154,-5
428700,21,813,16541,-14,-282,86,65,151,-4
428714,14,825,16545,-18,-280,87,62,155,-5
428728,13,826,16541,-20,-273,84,61,155,-5
428742,9,825,16539,-15,-276,89,60,150,-6
428756,19,826,16545,-19,-278,85,66,154,-6
428770,8,812,16550,-21,-277,90,67,155,-9
428784,9,815,16546,-19,-271,83,66,151,-2
428798,23,815,16558,-13,-277,89,65,152,-5
428812,31,819,16560,-14,-278,84,63,154,-6
428826,21,816,16547,-19,-272,82,63,153,-9
428840,14,819,16551,-18,-276,86,63,154,-8
428854,20,824,16545,-17,-276,84,68,153,-4
428868,23,818,16536,-20,-280,82,69,153,-4
428882,18,813,16540,-13,-285,81,63,149,-5
428896,19,822,16570,-15,-280,84,61,156,-7
428910,16,829,16553,-22,-280,85,63,152,-5
428924,11,823,16535,-18,-275,87,59,151,-4
428938,15,824,16550,-13,-277,86,65,151,-5
428952,37,820,16552,-18,-285,85,62,150,-4
428966,36,815,16544,-23,-278,86,59,151,-3
428980,18,814,16551,-16,-283,82,63,148,-6
428994,16,816,16553,-21,-280,87,65,150,-3
429008,9,820,16551,-17,-277,82,66,149,-4
429022,11,825,16550,-16,-278,81,65,153,-3
429036,8,821,16544,-13,-283,88,64,153,-4
429050,7,825,16547,-15,-277,80,63,152,-3
429064,30,824,16549,-15,-279,85,64,151,-6
429078,34,820,16551,-18,-278,85,67,153,-6
429092,25,817,16553,-20,-277,89,62,157,1
429106,26,813,16554,-19,-277,84,62,155,-2
429120,27,822,16564,-13,-278,85,65,151,-2
429134,15,826,16556,-16,-276,89,62,153,-4
429148,14,829,16544,-17,-276,86,61,152,-3
429162,17,826,16549,-14,-278,86,62,150,-1
429176,-3,836,16554,-17,-276,89,61,149,-4
429190,15,826,16557,-18,-281,83,58,151,-4
429204,23,827,16547,-13,-277,87,65,152,-5
429218,26,820,16543,-14,-276,85,64,155,-5
429232,25,820,16547,-16,-283,87,61,152,-4
429246,21,819,16547,-15,-277,83,61,154,-7
429260,24,816,16544,-13,-274,84,64,156,-1
429274,8,821,16541,-14,-281,80,64,150,1
429288,18,818,16538,-17,-279,84,61,152,-6
429302,10,821,16551,-15,-281,88,65,152,-6
429316,10,827,16539,-17,-282,89,65,153,-8
429330,15,826,16541,-15,-276,85,64,153,-2
429344,13,824,16552,-19,-279,85,62,149,-4
429358,27,815,16551,-15,-276,87,61,149,-6
429372,32,816,16551,-17,-278,86,65,153,-3
429386,28,825,16545,-19,-277,86,63,151,-3
429400,21,823,16545,-12,-280,80,63,150,-3
429414,12,821,16547,-16,-277,87,62,152,-4
429428,11,819,16544,-20,-277,82,60,155,-6
429442,3,817,16556,-21,-277,81,62,152,-5
429456,11,824,16557,-18,-276,85,65,154,-5
429470,20,825,16550,-19,-281,82,62,152,-2
429484,33,826,16550,-21,-278,83,62,149,-4
429498,32,821,16539,-15,-281,87,62,150,-7
429512,39,816,16549,-22,-275,81,63,153,2
429526,16,812,16541,-17,-277,83,62,153,-1
429540,18,821,16547,-19,-279,84,62,152,-5
429554,2,826,16545,-17,-283,88,64,152,-4
429568,-1,831,16539,-19,-275,83,66,155,-5
429582,7,813,16561,-18,-274,87,63,154,-7
429596,11,814,16549,-21,-277,83,64,153,1
429610,18,821,16542,-17,-280,89,64,154,-6
429624,24,812,16546,-17,-281,84,64,152,-7
429638,22,818,16550,-18,-281,84,64,152,-7
429652,24,814,16558,-18,-281,84,59,153,-8
429666,22,818,16538,-12,-280,83,61,157,-6
429680,23,824,16538,-15,-272,82,60,152,-4
429694,18,821,16545,-12,-274,86,62,153,-6
429708,0,818,16562,-17,-281,87,62,156,-3
429722,-4,822,16555,-17,-280,87,63,151,-3
429736,9,825,16548,-17,-281,86,63,151,-4
429750,19,823,16548,-18,-280,85,63,154,-3
429764,24,820,16558,-17,-278,88,63,156,-4
429778,31,820,16545,-17,-278,89,64,152,1
429792,35,824,16549,-17,-279,87,67,152,2
429806,14,818,16541,-19,-278,88,66,153,1
429820,9,825,16542,-19,-284,88,63,156,-2
429834,-1,825,16547,-19,-282,90,63,155,-3
429848,6,835,16547,-19,-279,86,63,152,-6
429862,11,832,16541,-19,-279,87,64,151,-4
429876,24,824,16546,-13,-282,87,65,149,-5
429890,28,815,16551,-15,-279,84,63,152,-4
429904,22,809,16551,-17,-284,86,62,153,-1
429918,21,806,16545,-16,-277,87,64,153,-2
429932,25,806,16547,-18,-275,83,62,153,-2
429946,23,811,16556,-16,-279,84,61,153,-4
429960,13,826,16533,-16,-281,87,66,150,-3
429974,14,826,16546,-19,-277,85,68,156,-3
429988,2,832,16556,-17,-275,88,66,153,-1
430002,-4,823,16548,-19,-277,91,67,154,-3
430016,13,822,16544,-19,-281,85,66,156,-3
430030,18,814,16536,-20,-278,83,65,149,-7
430044,39,810,16543,-13,-277,83,63,151,-4
430058,42,813,16540,-17,-277,86,65,153,-5
430072,34,822,16546,-15,-281,84,67,153,-4
430086,21,825,16540,-15,-280,88,65,153,-2
430100,2,830,16542,-17,-280,80,63,153,-2
430114,-19,839,16546,-18,-276,84,66,156,-5
430128,-15,822,16553,-14,-282,85,66,151,-8
430142,26,812,16554,-17,-277,88,65,154,-4
430156,35,807,16525,-19,-276,87,65,154,-5
430170,39,805,16572,-22,-280,87,64,154,-1
430184,41,816,16512,-20,-278,88,63,152,2
430198,19,835,16550,-20,-279,84,60,152,-5
430212,10,829,16567,-13,-280,86,62,155,-4
430226,-12,835,16536,-20,-279,87,65,150,-3
430240,-12,828,16556,-13,-281,84,66,150,-3
430254,3,823,16529,-15,-282,83,62,154,-5
430268,12,823,16547,-17,-278,87,67,148,-6
430282,49,820,16534,-10,-280,83,68,151,-7
430296,57,817,16544,-20,-275,86,63,158,-3
430310,37,817,16541,-18,-279,87,66,158,-1
430324,28,820,16545,-19,-282,84,65,157,-3
430338,17,819,16548,-19,-282,81,63,148,-5
430352,9,819,16556,-24,-274,84,68,148,-4
430366,-5,833,16543,-17,-278,84,64,153,-4
430380,-4,839,16558,-23,-279,87,66,151,-6
430394,12,841,16525,-15,-274,83,67,152,-5
430408,15,836,16529,-18,-277,88,66,152,-5
430422,36,806,16549,-14,-279,87,64,156,-6
430436,36,799,16556,-15,-278,82,62,152,-3
430450,24,803,16545,-16,-280,88,61,151,-7
430464,33,812,16559,-18,-279,86,62,148,-3
430478,24,831,16541,-20,-269,89,65,151,-2
430492,13,835,16545,-20,-278,88,64,150,-4
430506,2,847,16544,-14,-277,81,66,151,-3
430520,-6,840,16547,-16,-276,88,65,154,-3
430534,1,827,16540,-19,-276,89,63,154,-5
430548,14,820,16532,-17,-278,91,62,151,-7
430562,26,800,16549,-18,-277,85,62,153,-5
430576,35,809,16541,-25,-276,87,60,151,-8
430590,37,821,16555,-13,-279,86,62,151,-4
430604,32,819,16551,-19,-278,92,67,151,-8
430618,19,822,16549,-17,-282,88,65,154,-5
430632,8,844,16548,-19,-276,86,64,154,-6
430646,-4,836,16548,-11,-276,83,66,152,-6
430660,1,819,16540,-19,-279,81,64,157,-5
430674,2,817,16545,-15,-281,81,63,152,-6
430688,8,831,16557,-16,-282,82,63,151,-5
430702,21,827,16550,-20,-282,86,62,153,-5
430716,37,831,16550,-23,-278,81,64,153,-5
430730,30,825,16548,-19,-281,84,66,152,-4
430744,16,812,16545,-16,-276,81,67,155,-4
430758,5,805,16557,-21,-278,87,64,152,-4
430772,15,812,16549,-15,-279,92,64,152,-7
430786,7,820,16556,-16,-275,90,63,151,-3
430800,16,836,16535,-21,-279,86,65,153,-3
430814,24,833,16539,-23,-274,88,59,154,-4
430828,26,818,16545,-21,-278,86,60,153,-5
430842,8,811,16551,-21,-281,89,62,151,-4
430856,28,804,16544,-16,-280,82,65,150,-5
430870,26,812,16526,-19,-280,84,66,151,-5
430884,21,816,16549,-17,-284,88,65,151,-2
430898,8,827,16543,-19,-278,88,63,152,-3
430912,-20,835,16564,-13,-280,86,64,150,-5
430926,-15,833,16546,-15,-280,89,64,154,-6
430940,1,818,16556,-10,-279,84,66,152,-5
430954,21,818,16541,-17,-273,84,61,154,-7
430968,55,815,16543,-16,-281,85,62,154,-6
430982,56,811,16537,-20,-280,86,64,154,-2
430996,38,813,16554,-18,-282,88,66,155,-3
431010,18,814,16543,-9,-280,88,63,152,-4
431024,0,831,16553,-18,-275,86,63,152,-6
431038,-12,823,16566,-24,-278,85,65,155,-6
431052,-7,825,16539,-18,-277,87,61,157,-5
431066,12,834,16559,-19,-282,88,63,158,-5
431080,18,832,16541,-15,-278,84,63,154,-4
431094,39,819,16540,-18,-276,81,62,150,-9
431108,32,812,16543,-21,-280,86,67,155,-7
431122,34,809,16546,-17,-280,87,64,152,-3
431136,32,808,16521,-23,-279,88,61,153,-4
431150,15,821,16563,-16,-271,89,60,152,-3
431164,11,833,16539,-15,-282,84,60,152,2
431178,19,831,16575,-18,-279,87,60,155,-5
431192,-22,818,16537,-14,-279,86,64,153,-3
431206,-68,817,16575,-20,-280,86,65,153,-4
431220,-58,833,16546,-19,-273,81,66,152,-6
431234,14,871,16558,-19,-281,83,62,151,-6
431248,59,874,16561,-14,-272,80,61,152,-3
431262,122,840,16536,-21,-274,88,66,154,-2
431276,118,801,16539,-20,-275,89,66,153,-3
431290,81,717,16542,-19,-280,92,64,152,-6
431304,50,712,16560,-18,-281,92,61,155,-7
431318,-32,769,16540,-18,-282,82,63,156,-7
431332,-62,833,16550,-20,-282,81,62,148,-1
431346,-37,941,16532,-16,-279,83,61,151,-3
431360,-1,958,16535,-17,-278,80,61,155,-5
431374,16,879,16530,-19,-279,84,66,151,-5
431388,22,808,16537,-16,-279,90,61,150,-4
431402,33,719,16547,-16,-280,88,63,150,-3
431416,50,707,16541,-21,-274,88,61,154,-6
431430,91,737,16540,-20,-277,82,67,152,-3
431444,100,791,16539,-24,-282,80,68,154,-2
431458,87,881,16541,-18,-276,88,61,154,-1
431472,1,905,16538,-18,-284,85,62,153,-6
431486,-47,904,16562,-25,-284,93,62,152,-3
431500,-85,855,16545,-24,-279,88,64,153,-4
431514,-76,826,16567,-16,-279,87,62,154,-4
431528,75,814,16556,-14,-273,82,62,152,-5
431542,181,855,16528,-18,-277,89,61,148,-5
431556,201,815,16547,-21,-284,88,61,151,-4
431570,138,791,16547,-18,-280,89,67,153,-3
431584,-53,785,16556,-20,-278,90,64,155,-2
431598,-136,797,16564,-20,-280,87,64,155,-6
431612,-208,873,16557,-19,-276,83,66,153,-1
431626,-177,895,16542,-21,-280,85,68,152,-3
431640,-26,891,16557,-12,-280,84,62,154,-6
431654,55,864,16528,-12,-270,83,63,153,-4
431668,188,785,16542,-15,-277,82,68,153,-3
431682,200,748,16536,-16,-277,87,66,151,-3
431696,147,711,16541,-15,-282,90,63,152,-3
431710,91,728,16550,-14,-281,89,64,154,-5
431724,-35,833,16545,-16,-283,88,62,154,-2
431738,-83,890,16545,-19,-278,88,64,153,-2
431752,-121,956,16543,-17,-281,83,66,154,-6
431766,-106,944,16552,-23,-278,81,62,152,-5
431780,-26,863,16556,-16,-274,90,63,152,-6
431794,20,805,16555,-15,-276,79,62,153,-5
431808,124,722,16549,-15,-281,87,63,154,-4
431822,150,723,16562,-16,-277,85,67,149,-2
431836,135,776,16536,-20,-280,85,63,149,-2
431850,100,811,16548,-16,-279,88,63,155,-6
431864,-11,875,16547,-16,-281,85,63,152,-1
431878,-76,896,16557,-18,-279,92,68,151,-5
431892,-115,876,16546,-21,-278,90,63,150,-7
431906,-119,859,16552,-17,-279,85,62,151,-9
431920,-81,809,16550,-18,-276,89,68,147,-2
431934,45,789,16549,-18,-276,85,68,145,-6
431948,102,783,16541,-23,-282,86,67,151,-3
431962,168,780,16533,-23,-276,88,63,152,-2
431976,158,789,16534,-14,-279,84,63,152,-1
431990,54,811,16544,-18,-279,84,65,151,-6
432004,-3,823,16546,-17,-278,84,66,152,-5
432018,-100,865,16559,-16,-279,92,68,152,-2
432032,-121,874,16558,-22,-281,86,64,153,-4
432046,-90,873,16559,-18,-274,80,64,150,-7
432060,-33,869,16545,-20,-275,82,60,150,-5
432074,96,832,16538,-16,-276,85,61,149,-7
432088,150,800,16534,-19,-278,87,65,152,2
432102,147,753,16542,-20,-277,84,62,150,-1
432116,127,751,16532,-17,-277,87,61,148,-4
432130,39,798,16568,-19,-277,89,64,153,-1
432144,-24,818,16579,-23,-281,88,63,154,-2
432158,-92,873,16536,-18,-283,86,64,154,-3
432172,-113,896,16531,-16,-277,91,64,149,-5
432186,-73,911,16562,-16,-277,86,66,149,-4
432200,-33,879,16551,-17,-271,84,61,150,-1
432214,66,779,16564,-17,-282,80,63,151,1
432228,103,757,16556,-21,-283,89,67,153,-6
432242,145,747,16525,-16,-276,85,62,155,-4
432256,131,768,16562,-17,-279,86,63,153,-2
432270,49,825,16544,-19,-282,85,66,150,-4
432284,-5,856,16522,-19,-281,96,64,151,-3
432298,-79,906,16579,-17,-282,90,63,152,-5
432312,-104,904,16567,-19,-276,84,63,153,-2
432326,-111,851,16563,-22,-280,89,64,152,-6
432340,-31,829,16565,-25,-277,86,64,150,-7
432354,6,775,16538,-18,-274,83,64,152,-6
432368,100,786,16531,-22,-275,85,63,152,-5
432382,127,791,16551,-15,-275,88,61,151,-1
432396,123,809,16521,-15,-275,84,62,154,-1
432410,98,802,16552,-20,-278,87,62,153,-2
432424,17,819,16557,-18,-277,92,64,152,-1
432438,-30,833,16545,-15,-279,87,64,154,-3
432452,-101,846,16566,-20,-278,89,65,154,-3
432466,-94,846,16561,-20,-276,85,63,153,-5
432480,-67,871,16553,-24,-276,81,62,150,-5
432494,-21,860,16554,-15,-275,86,63,150,-5
432508,53,847,16556,-15,-281,82,64,154,-5
432522,78,832,16549,-14,-279,82,64,153,-7
432536,102,789,16544,-17,-280,81,65,148,-5
432550,94,777,16575,-15,-277,86,63,149,-3
432564,60,807,16523,-16,-279,85,64,155,-4
432578,27,821,16547,-24,-282,80,65,150,-4
432592,-48,865,16554,-16,-276,86,66,150,-4
432606,-58,871,16554,-13,-281,86,63,152,-4
432620,-47,854,16554,-13,-275,83,62,155,-2
432634,-17,838,16547,-16,-281,82,63,157,-2
432648,63,795,16543,-20,-277,80,64,155,-3
432662,99,766,16571,-16,-281,82,62,153,-7
432676,120,772,16540,-16,-279,91,63,153,-5
432690,100,782,16532,-15,-280,93,64,155,-4
432704,58,821,16566,-15,-285,97,63,153,-1
432718,16,836,16544,-16,-283,87,64,148,-6
432732,-45,861,16552,-18,-280,91,64,150,-4
432746,-43,859,16565,-17,-273,83,63,155,-6
432760,-2,824,16533,-17,-273,84,61,153,-6
432774,39,808,16511,-20,-274,86,62,149,-4
432788,80,757,16573,-18,-277,92,61,154,-3
432802,121,767,16543,-20,-275,94,61,154,-4
432816,96,786,16546,-21,-282,87,65,149,-5
432830,16,843,16565,-17,-274,90,65,147,-2
432844,-40,871,16535,-18,-281,89,68,152,-5
432858,-126,904,16552,-21,-280,89,65,150,-4
432872,-145,900,16576,-20,-278,85,63,152,-2
432886,-90,858,16529,-17,-273,86,59,153,-1
432900,-51,831,16522,-19,-284,84,60,152,-2
432914,67,793,16593,-18,-273,86,65,149,-2
432928,124,789,16539,-14,-275,77,65,150,2
432942,157,783,16551,-16,-271,80,66,150,-1
432956,148,787,16562,-19,-278,85,61,149,-5
432970,83,811,16521,-18,-284,89,60,154,-5
432984,22,817,16551,-19,-280,90,62,153,-2
432998,-89,853,16533,-19,-279,91,62,146,-1
433012,-120,871,16535,-18,-279,86,62,147,-7
433026,-101,889,16585,-17,-275,82,66,155,-4
433040,-55,874,16570,-12,-275,89,63,149,-2
433054,69,817,16551,-19,-277,84,69,148,-2
433068,121,778,16570,-19,-279,83,69,150,3
433082,149,762,16542,-21,-278,86,65,152,-6
433096,125,757,16564,-17,-278,89,65,153,-2
433110,45,801,16532,-19,-280,91,65,153,-1
433124,-4,831,16535,-16,-281,89,63,147,1
433138,-79,882,16560,-15,-283,83,61,152,-3
433152,-90,896,16553,-14,-278,84,64,154,-3
433166,-59,880,16555,-16,-272,80,61,153,-6
433180,-18,851,16561,-15,-275,80,65,157,-4
433194,56,791,16550,-22,-278,84,62,154,-5
433208,92,774,16552,-17,-285,85,63,153,-4
433222,110,772,16547,-18,-281,83,67,157,-3
433236,102,784,16546,-23,-278,90,64,153,-2
433250,74,830,16552,-19,-282,92,63,153,1
433264,-11,851,16551,-22,-277,88,62,152,-6
433278,-48,866,16551,-21,-278,87,67,152,-5
433292,-90,870,16548,-12,-280,89,66,152,-1
433306,-85,862,16559,-23,-273,83,65,150,-1
433320,-28,827,16551,-21,-280,84,64,155,-2
433334,25,817,16539,-20,-282,86,66,152,-7
433348,119,799,16534,-22,-278,86,65,150,-6
433362,130,791,16528,-20,-275,89,66,150,-4
433376,101,800,16542,-12,-278,85,67,152,-2
433390,63,802,16535,-20,-279,92,67,153,-2
433404,-16,833,16540,-20,-284,85,66,152,-2
433418,-54,841,16555,-18,-280,87,63,152,-3
433432,-100,864,16543,-15,-280,85,64,153,-2
433446,-87,856,16547,-19,-279,88,65,149,-2
433460,-6,833,16533,-11,-271,85,60,152,-5
433474,51,814,16536,-19,-279,85,64,154,-2
433488,114,783,16541,-13,-279,84,63,153,-4
433502,118,779,16545,-13,-276,86,66,153,-7
433516,82,778,16535,-23,-276,85,69,152,-7
433530,41,801,16532,-20,-281,89,66,154,-4
433544,-38,843,16571,-19,-278,89,61,153,-4
433558,-54,859,16553,-16,-283,86,62,153,-2
433572,-58,875,16535,-21,-278,85,66,149,-1
433586,-37,862,16544,-19,-276,85,67,154,-1
433600,22,834,16555,-20,-283,86,64,154,-5
433614,61,809,16540,-18,-276,87,65,154,-7
433628,99,789,16549,-16,-276,87,65,150,-3
433642,102,777,16552,-16,-280,90,65,153,-3
433656,99,804,16546,-15,-277,86,64,153,-4
433670,30,811,16555,-19,-278,85,63,155,-4
433684,-7,836,16542,-19,-281,87,63,154,-2
433698,-61,850,16552,-20,-276,85,64,155,-3
433712,-68,860,16557,-14,-277,86,67,152,-4
433726,-48,859,16549,-20,-279,86,64,150,-5
433740,-10,849,16563,-19,-272,81,62,152,-6
433754,69,808,16547,-19,-275,84,60,150,-4
433768,107,791,16532,-14,-283,85,61,150,-3
433782,103,765,16541,-16,-276,82,66,155,-3
433796,85,768,16549,-16,-280,90,64,152,-3
433810,16,807,16544,-17,-276,88,63,156,-2
433824,-31,843,16559,-12,-275,82,62,155,-4
433838,-86,888,16550,-14,-277,85,65,155,-5
433852,-82,891,16538,-15,-271,84,67,153,-7
433866,-20,853,16553,-13,-277,80,65,152,-6
433880,19,824,16550,-16,-279,85,64,152,-3
433894,93,780,16540,-18,-280,81,63,152,-6
433908,112,772,16546,-17,-276,85,65,149,-3
433922,99,764,16542,-21,-283,89,62,147,-1
433936,73,790,16543,-16,-280,85,64,148,-2
433950,-2,837,16538,-17,-277,84,66,154,-6
433964,-40,861,16545,-18,-276,85,65,156,-3
433978,-70,880,16545,-17,-277,89,62,155,-5
433992,-66,862,16550,-17,-272,92,65,155,2
434006,-13,805,16537,-18,-274,84,66,152,3
434020,29,787,16535,-18,-272,86,64,154,-5
434034,77,800,16539,-18,-279,83,63,153,-4
434048,89,801,16541,-18,-276,85,65,154,-4
434062,86,817,16542,-15,-278,85,66,152,-3
434076,73,825,16539,-12,-282,80,63,152,-3
434090,6,816,16538,-13,-281,80,65,154,1
434104,-25,830,16560,-21,-280,83,64,154,-6
434118,-58,841,16552,-17,-282,86,63,153,-2
434132,-49,843,16539,-16,-276,85,61,153,-3
434146,-50,847,16552,-19,-274,85,65,153,-3
434160,9,840,16552,-19,-279,87,61,153,-4
434174,30,830,16544,-18,-281,86,65,155,-2
434188,77,807,16543,-16,-281,84,66,153,-4
434202,84,789,16547,-13,-281,86,64,157,-1
434216,49,793,16547,-18,-282,90,62,156,2
434231,28,832,16552,-15,-279,90,65,157,-1
434245,-20,851,16542,-19,-280,92,65,154,-2
434259,-40,867,16549,-15,-276,87,61,156,-7
434273,-25,865,16553,-15,-282,87,61,154,-5
434287,-1,838,16527,-14,-281,87,65,148,-2
434301,49,797,16541,-15,-277,87,67,149,-1
434315,74,777,16547,-16,-283,86,65,152,-1
434329,80,783,16538,-13,-281,92,64,152,-2
434343,65,805,16541,-17,-277,94,64,150,-4
434357,1,845,16544,-20,-280,89,66,153,-5
434371,-21,856,16544,-19,-279,86,63,154,-3
434385,-47,855,16543,-16,-276,83,61,152,-5
434399,-38,846,16557,-18,-276,85,60,153,-3
434413,5,811,16532,-18,-280,86,58,150,-3
434427,28,800,16534,-16,-280,85,62,153,-6
434441,59,801,16537,-17,-282,89,63,152,-7
434455,60,812,16537,-21,-276,88,63,152,-5
434469,41,820,16545,-23,-281,86,63,153,-4
434483,33,820,16551,-17,-276,84,63,153,-3
434497,0,822,16536,-15,-283,78,62,154,-2
434511,-3,824,16543,-16,-283,81,61,154,-5
434525,-1,826,16540,-16,-279,83,60,150,-3
434539,-1,839,16538,-23,-276,86,63,148,-4
434553,12,847,16523,-16,-276,89,65,149,-4
434567,10,830,16535,-18,-273,92,66,152,-5
434581,15,815,16544,-10,-277,86,64,149,-3
434595,24,802,16536,-15,-279,85,62,156,-7
434609,38,796,16551,-18,-280,86,63,153,-9
434623,50,802,16538,-24,-282,86,62,153,-9
434637,53,828,16542,-16,-281,85,62,153,-4
434651,39,835,16544,-18,-278,85,63,152,-8
434665,21,835,16535,-16,-282,86,64,152,-5
434679,-26,837,16535,-19,-279,89,65,149,-4
434693,-36,831,16535,-22,-278,83,63,153,-3
434707,-4,826,16537,-18,-287,86,64,152,-5
434721,24,821,16545,-20,-279,82,62,153,-7
434735,63,806,16536,-13,-275,89,61,155,-5
434749,79,808,16538,-16,-280,87,61,153,-6
434763,44,811,16538,-18,-277,89,64,150,-6
434777,24,818,16542,-23,-278,87,65,150,-6
434791,-15,824,16551,-19,-279,85,65,150,-6
434805,-28,829,16554,-23,-275,85,67,152,-5
434819,-21,848,16559,-20,-277,84,64,154,-3
434833,4,843,16545,-22,-281,83,61,152,-2
434847,46,824,16535,-16,-275,85,64,152,-3
434861,55,812,16539,-16,-279,83,65,151,-4
434875,49,802,16542,-14,-281,94,61,154,-4
434889,24,795,16541,-15,-280,93,63,152,-7
434903,2,810,16542,-20,-280,87,66,149,-4
434917,-20,820,16540,-17,-278,87,63,149,-2
434931,-13,844,16553,-18,-274,77,65,151,1
434945,-3,848,16542,-20,-277,84,61,151,-6
434959,8,830,16546,-19,-276,87,61,153,-6
434973,18,825,16534,-18,-278,85,62,153,-1
434987,28,804,16542,-14,-281,83,64,153,-2
435001,29,796,16541,-14,-277,83,63,152,-3
435015,29,802,16544,-14,-274,87,66,152,-3
435029,23,810,16534,-18,-279,85,63,152,-4
435043,36,823,16556,-17,-282,87,65,152,-2
435057,28,826,16545,-17,-276,88,67,150,-4
435071,0,826,16548,-15,-282,85,65,152,-4
435085,-8,827,16547,-14,-280,90,64,150,-1
435099,-3,840,16535,-20,-280,86,62,150,-4
435113,14,834,16541,-18,-281,86,63,154,-3
435127,8,825,16548,-15,-279,86,61,153,-3
435141,18,809,16548,-11,-281,87,65,154,-3
435155,37,813,16548,-19,-279,89,63,153,-3
435169,35,818,16552,-18,-281,89,64,154,-2
435183,33,822,16541,-15,-285,85,62,153,-6
435197,24,819,16537,-12,-275,85,64,154,-4
435211,23,825,16540,-14,-274,80,65,152,-3
435225,21,820,16547,-16,-279,84,66,152,-6
435239,6,809,16542,-17,-278,85,65,150,-5
435253,-11,810,16550,-17,-280,90,61,152,-3
435267,-9,815,16550,-18,-279,91,62,153,-5
435281,24,842,16538,-16,-277,84,64,154,-6
435295,47,848,16529,-21,-279,82,65,152,-1
435309,56,822,16541,-18,-279,78,66,153,-1
435323,59,810,16538,-9,-275,84,63,150,-4
435337,17,785,16535,-16,-280,84,64,154,-2
435351,-5,785,16539,-16,-278,86,64,152,1
435365,-35,826,16557,-17,-276,86,64,150,-3
435379,-31,855,16543,-19,-276,81,65,153,-2
435393,2,880,16535,-16,-275,84,62,156,1
435407,25,873,16545,-15,-280,84,61,153,-1
435421,50,814,16536,-14,-281,86,62,150,-7
435435,48,775,16536,-20,-277,83,61,153,-8
435449,45,762,16555,-19,-279,87,61,154,-6
435463,32,780,16544,-22,-278,89,65,148,-6
435477,-2,833,16554,-24,-279,92,66,154,-5
435491,-17,857,16545,-20,-279,92,64,149,-4
435505,-30,875,16547,-17,-280,84,61,153,-3
435519,-16,866,16549,-15,-278,80,62,154,-2
435533,3,827,16549,-22,-282,79,64,152,-5
435547,30,802,16552,-16,-276,85,64,152,-6
435561,56,795,16551,-13,-278,80,62,154,-6
435575,70,801,16545,-12,-277,83,64,149,-5
435589,66,814,16550,-22,-278,89,61,154,-3
435603,43,834,16542,-16,-275,87,67,150,-5
435617,13,840,16543,-17,-277,84,64,150,-3
435631,-37,817,16555,-16,-276,84,66,153,-2
435645,-44,825,16550,-12,-281,90,65,153,-5
435659,-25,836,16551,-18,-278,85,66,153,-6
435673,-1,833,16542,-22,-279,84,65,155,-4
435687,43,822,16531,-18,-282,90,64,152,-3
435701,64,815,16543,-19,-279,89,63,153,-4
435715,68,792,16536,-16,-275,87,64,150,-3
435729,54,792,16542,-20,-279,82,63,148,-6
435743,3,808,16564,-21,-279,87,63,153,-3
435757,-14,821,16560,-23,-279,84,63,155,-1
435771,-32,856,16554,-15,-276,86,65,152,1
435785,-31,865,16555,-21,-277,82,63,150,-2
435799,-2,847,16538,-14,-274,84,62,149,-4
435813,28,834,16541,-18,-278,80,65,152,1
435827,58,788,16537,-17,-276,82,64,149,-3
435841,52,773,16537,-21,-278,88,62,153,-4
435855,32,784,16551,-17,-281,89,63,153,-1
435869,28,805,16552,-20,-276,85,61,153,-4
435883,-1,853,16542,-19,-279,86,62,152,-2
435897,-2,870,16537,-18,-276,81,63,153,-6
435911,6,862,16555,-21,-277,80,61,149,-4
435925,18,832,16555,-23,-276,84,64,152,-2
435939,4,782,16551,-22,-281,89,62,150,-2
435953,2,772,16546,-22,-277,86,64,150,-4
435967,11,803,16549,-18,-280,91,65,153,-3
435981,32,819,16537,-17,-279,90,60,150,-3
435995,33,857,16539,-15,-276,82,62,153,-5
436009,44,854,16538,-20,-277,82,66,150,-4
436023,44,848,16551,-19,-280,86,63,150,-5
436037,24,821,16551,-21,-276,86,63,150,-7
436051,16,810,16548,-19,-281,90,66,151,-5
436065,-6,797,16546,-16,-277,86,61,153,-5
436079,-13,810,16550,-9,-280,83,64,148,-2
436093,-6,843,16542,-13,-276,86,64,151,-3
436107,2,849,16548,-14,-272,85,64,150,-5
436121,40,851,16542,-19,-281,88,66,153,-3
436135,41,828,16547,-17,-279,86,64,152,-3
436149,44,787,16545,-20,-278,90,64,152,1
436163,36,775,16548,-18,-280,90,66,153,1
436177,7,804,16545,-20,-276,89,66,157,-4
436191,-3,825,16551,-22,-279,86,63,148,-3
436205,0,860,16548,-13,-280,82,65,148,-5
436219,11,861,16529,-13,-276,81,66,149,-2
436233,33,834,16555,-12,-274,83,66,152,3
436247,23,810,16551,-13,-280,83,65,152,1
436261,23,778,16546,-21,-278,90,60,152,-3
436276,14,780,16560,-13,-281,88,63,153,-4
436290,10,813,16540,-18,-281,88,67,155,-3
436305,10,838,16542,-14,-279,88,63,153,-4
436319,15,871,16561,-15,-280,79,65,152,-3
436333,15,865,16552,-13,-279,85,65,149,-6
436347,15,822,16544,-19,-280,85,63,150,-4
436362,18,799,16550,-17,-277,84,64,152,-2
436376,23,782,16552,-20,-283,88,65,155,-5
436391,17,787,16554,-18,-271,88,64,154,-5
436405,5,829,16544,-17,-271,84,66,154,-5
436419,8,852,16549,-18,-279,92,64,152,-2
436433,27,860,16550,-17,-277,86,65,153,-3
436447,28,846,16557,-19,-277,91,67,152,-3
436462,21,800,16541,-22,-279,89,64,150,-2
436476,13,783,16559,-23,-276,87,63,152,1
436491,-2,796,16552,-16,-283,88,68,154,-4
436505,5,829,16555,-16,-282,91,67,150,-7
436519,15,853,16554,-15,-279,88,66,148,-2
436534,36,859,16538,-20,-284,84,66,150,-3
436548,41,845,16538,-14,-278,80,64,149,-7
436563,34,792,16542,-19,-275,90,66,152,-4
436577,18,767,16531,-17,-282,88,68,154,-3
436592,-7,784,16547,-17,-278,87,66,152,-1
436606,-19,803,16547,-17,-284,88,63,156,-1
436620,6,859,16537,-16,-283,84,64,157,1
436634,9,884,16546,-16,-280,86,66,149,-2
436648,6,857,16536,-19,-283,83,64,153,-3
436662,25,833,16538,-15,-277,87,65,152,-4
436676,26,775,16547,-21,-280,81,63,153,-3
436690,27,761,16538,-22,-282,86,64,153,-4
436704,26,791,16546,-18,-277,88,62,152,-2
436718,16,815,16542,-14,-279,86,63,150,-3
436732,8,860,16545,-16,-282,90,62,148,-4
436746,5,861,16547,-19,-283,87,63,154,-4
436760,1,857,16545,-9,-276,86,64,155,-7
436774,-4,826,16552,-19,-277,82,63,153,-6
436788,-5,788,16540,-16,-281,88,66,152,-5
436802,-2,781,16539,-20,-276,84,62,149,-4
436816,9,805,16560,-16,-278,91,65,156,-9
436830,13,825,16549,-16,-281,85,64,155,-6
436845,38,866,16529,-19,-275,89,67,158,-6
436859,37,861,16539,-14,-275,89,66,156,-8
436874,35,815,16532,-18,-278,89,63,152,-5
436888,27,789,16541,-15,-277,89,66,149,-4
436903,0,781,16546,-21,-283,87,64,153,-2
436917,-16,799,16539,-18,-273,87,66,150,-5
436931,-7,845,16553,-13,-274,88,65,148,-3
436945,-20,873,16544,-17,-274,90,65,148,-4
436959,6,880,16555,-19,-275,84,65,148,-1
436973,27,862,16549,-17,-277,87,65,149,2
436988,56,791,16551,-17,-284,83,68,155,-4
437002,63,765,16544,-20,-278,86,62,153,-5
437016,60,753,16559,-18,-274,83,64,148,-7
437030,47,780,16551,-19,-278,81,66,150,-4
437044,3,851,16536,-17,-282,86,64,153,-5
437058,-23,878,16538,-17,-280,85,67,152,-5
437072,-110,831,16504,-13,-281,92,65,151,-4
437086,-131,811,16605,-18,-277,102,62,152,-4
437100,-14,930,16471,-11,-273,91,61,146,-3
437114,48,864,16510,-14,-280,75,63,155,-2
437128,200,716,16550,-18,-280,61,64,155,-3
437142,239,694,16522,-18,-282,66,65,156,-3
437156,159,708,16577,-23,-283,87,67,148,-5
437170,72,762,16579,-21,-281,102,61,149,-3
437184,-195,944,16514,-16,-278,110,64,154,-2
437198,-292,1018,16585,-22,-275,100,63,155,-4
437212,-308,1004,16541,-19,-272,80,62,154,-2
437226,-153,920,16523,-21,-275,64,64,150,-5
437240,-4,719,16567,-18,-276,60,65,153,-2
437254,263,652,16535,-18,-281,74,63,150,-2
437268,331,619,16549,-14,-276,94,65,150,-2
437282,266,712,16544,-18,-275,105,63,154,-2
437296,146,807,16531,-17,-283,108,62,155,-3
437310,-146,960,16557,-23,-278,100,64,152,-5
437324,-234,989,16577,-11,-274,73,63,154,-4
437338,-206,923,16534,-12,-278,61,65,149,-2
437352,-123,864,16545,-13,-280,72,64,152,-5
437366,57,738,16533,-23,-273,84,65,149,-7
437381,123,707,16550,-18,-277,100,64,150,-5
437395,157,746,16533,-17,-276,101,60,153,-7
437409,118,796,16533,-22,-281,95,64,152,-10
437423,28,885,16551,-20,-280,87,65,150,-3
437437,-5,877,16552,-20,-276,72,61,150,-5
437451,-28,826,16557,-20,-278,72,61,149,-2
437465,-35,796,16548,-18,-277,84,66,152,-1
437479,-27,783,16538,-18,-276,94,67,151,-2
437493,-22,800,16556,-22,-278,101,62,153,1
437507,-52,863,16533,-13,-284,100,59,152,-3
437521,-46,890,16501,-13,-274,91,61,152,-5
437535,63,860,16592,-15,-280,72,63,155,-4
437549,119,819,16491,-15,-272,68,63,154,-2
437563,181,712,16588,-24,-280,77,61,152,-4
437577,162,685,16559,-19,-277,80,65,152,-3
437591,23,755,16544,-27,-286,99,67,152,-5
437606,-60,823,16602,-16,-275,101,67,153,-6
437620,-179,968,16523,-22,-282,96,68,155,-6
437634,-187,992,16562,-13,-276,78,66,153,-3
437648,-57,911,16514,-20,-276,71,63,155,-2
437662,46,829,16548,-18,-278,74,67,153,-3
437676,184,682,16514,-18,-280,79,65,153,-5
437690,213,655,16528,-18,-283,90,64,150,-2
437704,147,724,16535,-22,-281,105,61,154,-1
437718,75,802,16553,-21,-283,108,60,152,-2
437732,-92,942,16528,-21,-280,90,65,152,-4
437746,-132,963,16544,-22,-282,82,67,153,-1
437760,-127,902,16544,-15,-281,73,66,155,-4
437774,-77,837,16537,-22,-278,79,63,152,-4
437788,34,747,16553,-16,-282,88,62,152,-4
437802,76,740,16548,-16,-276,96,64,154,-4
437817,113,785,16539,-13,-276,95,62,153,-7
437831,119,823,16536,-17,-281,93,65,153,-3
437845,80,863,16539,-18,-278,83,63,154,-1
437860,58,852,16547,-19,-285,74,64,155,-4
437874,11,804,16541,-18,-279,72,64,154,-3
437889,-13,789,16534,-21,-281,85,63,152,-6
437903,-62,794,16550,-14,-279,89,65,149,-2
437917,-75,837,16535,-13,-280,98,66,150,-4
437931,-77,906,16555,-19,-277,96,65,152,-3
437945,-50,907,16558,-12,-273,88,63,149,-2
437959,63,830,16547,-20,-284,78,62,150,-4
437973,117,770,16549,-21,-275,73,62,153,-3
437987,158,697,16540,-20,-281,78,63,154,-3
438001,147,711,16538,-13,-282,84,67,148,-3
438015,29,803,16546,-22,-280,96,67,153,-2
438030,-45,872,16544,-20,-279,100,64,155,-5
438044,-143,964,16545,-20,-280,88,67,153,-4
438058,-148,961,16544,-23,-281,84,68,153,-2
438072,-65,858,16554,-21,-281,73,66,148,2
438086,16,791,16562,-18,-270,73,66,149,2
438101,143,706,16532,-18,-281,84,65,153,1
438115,159,694,16535,-21,-281,88,67,155,-1
438129,124,791,16530,-20,-278,102,66,147,-4
438143,61,841,16539,-19,-281,95,63,152,-3
438157,-48,907,16546,-22,-281,86,62,150,-4
438171,-81,903,16560,-22,-279,80,64,152,-2
438185,-64,848,16544,-18,-278,78,63,149,-4
438199,-44,813,16539,-19,-277,77,64,150,-7
438213,28,777,16549,-20,-277,87,64,152,-5
438228,59,784,16540,-18,-277,90,62,152,-8
438242,79,811,16546,-11,-278,91,65,153,-8
438257,70,819,16545,-20,-283,86,67,154,-4
438271,39,812,16536,-19,-281,81,65,148,-2
438286,26,811,16541,-16,-280,81,63,152,-6
438300,-4,825,16544,-19,-282,75,63,152,-4
438314,-11,823,16543,-19,-279,89,59,154,-4
438328,-41,846,16547,-20,-277,90,64,153,-5
438342,-35,851,16544,-21,-275,90,64,156,-5
438357,-4,852,16545,-22,-284,86,65,154,-4
438371,30,829,16536,-21,-279,75,64,154,1
438385,104,793,16538,-20,-281,79,64,152,-1
438399,115,779,16537,-20,-281,83,63,154,-5
438413,71,763,16531,-13,-281,89,64,156,-6
438428,25,788,16557,-19,-277,91,65,150,-4
438442,-78,840,16560,-22,-277,96,64,153,-5
438457,-90,913,16532,-23,-279,84,66,152,1
438471,-54,908,16539,-16,-274,82,68,156,-3
438485,-25,879,16524,-21,-278,81,66,158,-5
438500,64,788,16536,-21,-271,80,65,152,-6
438514,113,736,16543,-14,-279,83,65,155,-6
438528,109,737,16532,-20,-280,90,66,155,-4
438542,96,804,16548,-16,-281,91,64,153,-2
438556,13,846,16543,-16,-282,87,64,149,-3
438570,-17,898,16540,-13,-279,84,66,154,-4
438584,-60,909,16548,-17,-276,80,65,154,-1
438598,-60,881,16549,-14,-281,82,60,149,-3
438612,-8,808,16549,-22,-277,86,61,154,-4
438626,24,785,16540,-17,-274,88,64,155,-2
438640,70,786,16550,-14,-277,86,61,154,-3
438655,92,817,16539,-20,-279,92,63,154,-3
438669,81,828,16537,-17,-275,91,67,156,-1
438684,34,827,16538,-15,-280,80,65,152,-4
438698,14,817,16532,-17,-276,85,66,155,-5
438713,-33,812,16555,-13,-282,80,65,155,-6
438727,-51,816,16547,-10,-280,81,62,152,-3
438741,-41,848,16553,-14,-280,86,63,153,1
438756,-30,868,16545,-18,-275,89,64,156,-6
438770,11,855,16554,-13,-273,88,63,148,-1
438784,38,829,16540,-19,-272,85,62,147,-1
438798,84,789,16539,-18,-281,85,64,154,-2
438812,97,770,16558,-20,-280,87,66,154,-4
438826,70,782,16538,-16,-281,89,66,152,-1
438840,40,801,16541,-15,-282,90,66,150,-5
438854,-34,849,16536,-23,-283,89,64,152,-6
438868,-57,869,16536,-17,-273,86,64,150,-8
438883,-56,884,16542,-14,-274,88,65,153,-8
438897,-31,867,16551,-23,-275,82,67,153,-7
438911,37,816,16546,-16,-275,83,67,152,-5
438925,69,781,16539,-17,-277,85,69,155,-3
438939,84,750,16545,-20,-278,90,66,152,-6
438953,69,762,16537,-17,-276,92,64,155,-4
438967,33,832,16556,-18,-278,90,62,149,-3
438981,11,856,16536,-19,-275,86,64,156,-3
438995,-39,887,16551,-17,-277,82,61,152,-2
439009,-48,879,16546,-17,-283,80,60,154,1
439024,-19,826,16538,-18,-279,83,61,153,-8
439038,3,801,16546,-18,-276,86,64,152,-7
439052,48,780,16546,-21,-281,86,65,153,-6
439066,60,786,16553,-20,-280,84,65,154,-7
439081,72,821,16530,-20,-277,88,62,152,-4
439095,60,838,16530,-19,-282,89,62,155,-5
439110,25,840,16544,-20,-278,81,64,153,-2
439124,-5,835,16540,-14,-282,89,65,155,-1
439138,-36,820,16561,-16,-279,88,63,154,-2
439152,-43,823,16565,-16,-277,89,64,152,-2
439166,-10,818,16530,-16,-278,89,62,150,-2
439181,12,822,16552,-15,-279,87,64,154,-4
439195,54,833,16544,-20,-277,86,63,152,-3
439209,76,823,16539,-24,-272,89,63,153,-2
439223,78,805,16546,-16,-276,83,64,152,-2
439237,55,804,16534,-22,-276,84,63,155,-1
439251,-5,812,16554,-17,-284,82,61,155,-3
439265,-24,827,16552,-15,-283,90,61,148,1
439279,-54,855,16549,-22,-278,84,62,148,-1
439293,-49,860,16555,-17,-276,87,65,157,-6
439308,-4,849,16550,-16,-278,89,66,155,-6
439322,31,831,16549,-20,-278,88,66,149,-2
439336,72,797,16549,-14,-280,82,61,147,-2
439350,79,788,16551,-15,-277,86,62,152,-5
439364,61,789,16554,-18,-279,90,64,149,-5
439378,47,810,16563,-22,-285,89,64,149,-4
439392,-16,852,16539,-12,-282,87,66,153,-1
439406,-32,860,16539,-20,-281,86,61,153,-5
439420,-38,859,16555,-18,-282,85,64,154,-6
439434,-19,845,16553,-21,-275,84,64,148,-5
439449,13,811,16545,-21,-281,87,66,148,-6
439463,43,804,16556,-19,-279,88,65,153,-7
439477,75,788,16553,-18,-274,87,66,154,-7
439491,79,794,16565,-17,-278,88,67,153,-5
439505,56,822,16546,-20,-284,88,67,152,1
439519,42,829,16555,-18,-280,84,68,152,-1
439534,-2,829,16556,-15,-274,82,63,152,-9
439548,-30,844,16558,-18,-282,82,61,152,-5
439563,-32,833,16557,-19,-284,83,68,154,-5
439577,-32,836,16550,-17,-277,84,64,152,-6
439591,10,826,16556,-16,-277,86,66,149,1
439605,37,833,16554,-18,-277,81,64,155,-2
439619,72,814,16542,-17,-275,89,65,153,-4
439634,79,807,16539,-17,-273,86,66,155,-3
439648,44,794,16545,-20,-280,87,65,154,-7
439663,23,799,16549,-18,-279,87,63,152,-5
439677,-8,824,16550,-13,-281,83,65,155,-6
439691,-28,833,16555,-14,-276,84,64,154,-4
439705,-32,854,16557,-15,-280,87,64,154,-2
439719,-18,851,16559,-13,-275,85,66,154,-4
439734,23,825,16550,-19,-277,82,62,150,-5
439748,41,803,16546,-15,-280,84,65,149,-7
439762,66,787,16538,-22,-274,91,64,149,-5
439776,72,775,16548,-22,-272,86,63,152,-5
439790,39,805,16547,-19,-281,85,64,155,-3
439804,15,831,16544,-14,-278,89,64,149,-4
439818,-29,862,16554,-17,-278,89,64,152,-3
439832,-41,869,16556,-17,-282,85,65,154,-4
439846,-27,851,16551,-13,-279,84,64,153,-6
439860,-20,824,16554,-12,-281,81,63,156,-3
439875,36,795,16541,-21,-278,88,65,153,-2
439889,55,783,16540,-20,-281,91,66,150,-4
439903,62,808,16549,-12,-277,87,61,157,-3
439917,63,819,16539,-14,-280,84,61,156,-4
439931,26,839,16556,-20,-275,87,65,152,-6
439945,12,848,16558,-18,-280,83,64,152,-3
439959,-25,830,16559,-20,-283,83,62,152,1
439973,-31,827,16563,-23,-277,84,63,152,3
439987,-19,814,16552,-16,-275,86,64,147,1
440001,3,817,16547,-20,-275,87,68,148,-5
440015,35,826,16544,-19,-276,86,66,148,-1
440029,46,832,16552,-18,-279,82,60,154,-2
440044,51,814,16546,-20,-283,82,66,152,1
440058,54,806,16543,-21,-279,85,65,149,-3
440072,14,802,16553,-17,-277,85,62,152,-6
440086,7,811,16549,-13,-278,81,62,152,-4
440100,-3,828,16548,-19,-278,86,67,152,-4
440114,-24,824,16490,-18,-268,82,63,152,-4
440128,-3,861,16809,-33,-326,88,64,154,-3
440142,111,849,16590,-4,-300,90,62,150,-5
440156,34,847,16576,-42,-283,87,61,150,-5
440170,81,801,16995,-20,-297,88,65,150,-2
440184,-2,774,16177,-28,-273,88,65,153,-3
440198,12,769,16822,-29,-287,89,65,157,-7
440212,-32,828,16261,-7,-283,85,63,156,-7
440226,4,857,16471,-34,-289,84,65,154,-8
440240,-246,879,16507,-9,-282,88,63,153,-4
440254,27,878,16396,-22,-297,90,61,150,-3
440268,43,807,16617,-6,-271,88,61,154,-1
440282,32,784,16459,-20,-282,87,63,152,-1
440296,52,762,16589,-20,-262,89,64,150,-2
440311,4,794,16575,-18,-285,90,65,149,-3
440325,13,836,16501,-13,-271,87,65,150,-2
440339,1,862,16542,-23,-278,84,67,153,-3
440353,8,863,16522,-20,-276,86,64,153,-5
440367,-1,856,16467,-20,-275,86,64,150,-6
440381,-5,828,16615,-14,-275,90,69,149,-4
440395,-6,793,16486,-24,-279,92,66,150,-2
440409,14,791,16605,-19,-275,91,65,156,-4
440423,36,804,16566,-18,-279,89,64,159,-6
440437,31,826,16510,-23,-281,93,64,158,-2
440451,39,854,16563,-15,-284,92,63,155,-3
440465,17,845,16537,-15,-279,89,64,154,-5
440479,5,818,16543,-16,-274,86,63,149,-9
440493,-20,809,16563,-13,-278,85,65,149,-5
440508,-5,799,16553,-18,-276,90,63,152,-2
440522,4,805,16547,-7,-277,88,64,154,-2
440536,31,833,16558,-15,-275,89,66,155,-5
440550,-2,952,16410,-497,204,107,65,149,-8
440564,-459,1195,10935,-418,-923,109,64,152,-5
440578,-75,1008,11700,526,-109,82,65,155,-4
440592,396,796,15530,-1,-455,234,65,152,-2
440606,337,707,15564,28,-231,26,64,148,-6
440620,75,739,15249,-21,-254,259,65,152,-7
440634,202,737,17808,-43,-343,225,63,157,-5
440648,19,799,15410,9,-238,189,60,152,-3
440662,4,781,16217,-105,-316,122,61,149,-7
440676,-57,872,16595,43,-245,103,65,149,-6
440690,-110,878,15439,-23,-251,107,67,155,-3
440704,114,800,17647,29,-284,124,65,154,-2
440718,22,773,15774,42,-221,142,63,150,1
440733,-42,775,17535,-19,-183,156,62,153,-2
440747,12,917,17487,-33,-437,206,67,153,-4
440761,194,838,15735,-38,-181,197,66,153,-7
440775,84,836,17706,-82,-299,130,64,154,-4
440789,-197,848,15554,25,-262,136,63,155,-4
440803,-58,821,15928,-68,-285,164,64,156,-6
440817,22,747,17201,37,-257,136,62,150,-5
440831,-27,779,15555,-18,-278,145,62,150,-1
440845,99,811,17310,-7,-258,103,64,153,-2
440859,89,885,16329,9,-285,96,64,149,-2
440873,131,843,16731,-31,-262,104,64,150,-2
440887,12,829,16730,-3,-256,91,65,152,-3
440901,6,773,16520,-37,-301,88,64,152,-6
440915,35,775,16636,-10,-248,87,63,157,-3
440929,61,806,16671,-36,-334,90,66,154,-6
440943,138,808,16535,-4,-269,96,66,153,-7
440957,-21,893,16601,-43,-297,90,60,154,-5
440971,-1,876,16808,-18,-286,91,60,154,-6
440985,-125,975,16352,-12,-229,108,67,157,-3
440999,-84,847,16709,-46,-334,126,65,156,1
441013,197,741,16190,2,-238,117,64,156,-4
441027,61,736,16638,-48,-272,101,63,152,-6
441041,87,714,16327,16,-272,107,63,153,-3
441055,81,842,16135,-30,-281,116,63,150,-5
441069,62,870,16779,8,-242,139,64,152,-3
441083,-73,950,16460,-24,-306,143,64,153,-5
441097,-53,868,16742,-6,-241,139,67,154,-4
441111,-96,794,16272,-14,-271,128,62,157,-3
441125,18,776,16629,-42,-265,111,63,152,-6
441139,10,809,16407,-11,-255,102,66,152,-3
441153,4,809,16468,-27,-289,106,66,153,-2
441167,111,819,16593,-4,-268,108,65,156,-6
441181,100,845,16591,-27,-282,107,65,156,-2
441195,24,815,16559,-9,-272,109,62,148,-9
441209,9,816,16558,-16,-282,101,66,149,-5
441223,-21,786,16614,-8,-275,91,66,153,1
441237,-41,821,16491,-14,-276,89,63,157,-2
441251,-16,835,16642,-15,-272,87,65,155,-4
441265,2,867,16499,-8,-271,90,65,150,-5
441279,53,853,16607,-17,-271,96,63,155,-3
441293,68,858,16541,-16,-274,96,61,156,-3
441307,55,792,16567,-19,-277,89,63,153,-7
441321,61,795,16559,-14,-270,88,63,152,-5
441335,23,777,16555,-23,-281,90,66,152,-4
441349,16,812,16532,-14,-278,91,65,154,-5
441363,-5,862,16552,-24,-277,92,61,149,-6
441377,-8,889,16555,-17,-279,93,59,153,-4
441391,-11,873,16562,-15,-281,88,60,153,-3
441406,5,851,16558,-11,-275,87,62,153,-5
441420,12,800,16540,-16,-279,87,65,150,-4
441434,36,777,16541,-19,-274,85,67,150,-8
441448,55,786,16556,-15,-274,89,64,149,-6
441462,67,809,16533,-18,-281,92,63,154,-8
441476,47,852,16545,-21,-280,92,65,150,-5
441490,22,866,16556,-23,-282,92,66,147,1
441505,-33,865,16556,-16,-274,86,64,153,2
441519,-46,846,16538,-24,-279,85,61,153,3
441533,-33,820,16579,-22,-276,85,64,153,-6
441547,-10,810,16558,-21,-285,82,64,153,-7
441561,45,827,16560,-21,-279,89,66,154,-3
441575,61,832,16567,-22,-276,87,60,150,-4
441589,72,840,16536,-18,-275,92,64,148,-5
441603,64,826,16545,-16,-275,89,65,149,-6
441617,43,817,16565,-17,-278,86,64,153,-5
441631,-16,813,16545,-16,-277,86,65,155,-4
441645,-23,816,16572,-20,-280,87,64,155,-3
441659,-26,839,16563,-19,-283,91,62,148,-1
441673,-7,850,16545,-14,-282,85,69,152,-6
441687,16,856,16572,-17,-276,86,64,150,-3
441701,39,850,16561,-15,-277,86,60,148,-4
441715,41,811,16540,-15,-279,89,63,150,-6
441729,45,795,16549,-18,-277,83,61,149,-2
441743,31,783,16544,-18,-279,88,67,153,-5
441757,27,803,16534,-17,-284,87,64,154,-3
441771,1,829,16555,-20,-282,87,61,153,-3
441785,-17,853,16556,-19,-283,89,62,152,-4
441799,-21,870,16544,-20,-277,92,67,153,-3
441813,-13,864,16553,-19,-277,86,64,152,-5
441827,5,814,16557,-14,-284,77,67,149,-5
441841,20,796,16558,-16,-280,90,65,154,-6
441855,51,780,16541,-21,-279,91,63,156,-5
441869,61,803,16550,-18,-276,86,64,154,-2
441883,42,827,16540,-20,-276,87,64,155,-4
441897,31,855,16557,-17,-278,94,66,153,-4
441911,-12,851,16539,-13,-279,85,65,152,-4
441925,-28,847,16546,-17,-281,83,67,150,-4
441939,-25,821,16548,-16,-282,88,66,154,-5
441953,-7,815,16565,-25,-279,83,62,155,-7
441967,24,813,16520,-18,-278,87,62,155,-7
441981,41,825,16558,-20,-278,85,65,153,-6
441995,63,830,16522,-20,-273,90,62,152,-7
442009,53,832,16547,-17,-279,93,60,154,-7
442023,20,828,16557,-18,-285,89,63,153,-4
442037,12,823,16547,-17,-279,87,64,153,-5
442051,-7,825,16552,-19,-280,90,63,153,-6
442065,-26,828,16571,-18,-280,88,62,155,-6
442080,2,842,16534,-20,-274,83,63,155,-4
442094,19,853,16561,-20,-273,84,62,154,-4
442108,38,837,16556,-21,-280,83,62,152,-4
442122,43,827,16542,-20,-274,88,61,154,-3
442136,43,800,16569,-16,-280,84,61,154,-1
442150,34,796,16546,-19,-273,86,66,153,-5
442164,26,811,16552,-18,-282,87,66,154,-5
442178,10,826,16557,-19,-284,85,66,155,-7
442192,-4,842,16554,-14,-281,86,62,150,-4
442206,-10,877,16535,-21,-283,87,65,149,-1
442220,-14,874,16572,-19,-277,87,67,153,-6
442234,13,824,16560,-14,-275,90,65,154,-4
442248,15,805,16546,-15,-281,80,65,155,-6
442262,45,786,16558,-14,-277,83,65,153,-6
442276,55,789,16547,-27,-277,94,63,154,-2
442290,52,814,16555,-26,-282,86,64,155,-6
442304,39,828,16550,-23,-281,88,64,153,-6
442318,-4,849,16552,-20,-277,86,65,154,-9
442332,-18,884,16511,-16,-273,108,61,152,-7
442346,-122,885,16622,-31,-318,147,60,153,-6
442360,-61,873,16655,-2,-268,227,64,147,2
442374,163,710,16660,-31,-293,188,64,147,-3
442388,155,738,16719,-2,-278,117,65,153,-8
442402,40,821,16362,-38,-288,92,66,152,-6
442417,61,802,16706,-22,-272,91,64,150,-7
442431,16,829,16397,-28,-288,89,64,152,-3
442446,19,830,16591,-9,-271,89,65,158,-6
442460,-36,839,16357,-23,-284,87,63,152,-1
442474,-99,880,16292,-17,-291,129,64,153,-5
442488,36,843,16689,5,-284,163,65,157,-2
442502,45,793,16273,-17,-270,111,69,153,-3
442516,24,839,16753,-21,-283,111,69,149,-3
442530,48,832,16476,-8,-275,126,66,156,-2
442544,-1,856,16737,-19,-279,149,66,153,-3
442558,65,806,16805,-6,-272,134,67,150,-4
442572,34,792,16483,-30,-284,112,66,153,-3
442586,12,818,16645,-14,-271,105,66,153,-6
442600,-2,844,16463,-19,-280,109,64,154,-1
442614,21,845,16622,-22,-272,100,62,153,-7
442628,-4,845,16560,-20,-280,100,67,150,-2
442642,18,840,16550,-25,-278,98,67,150,-5
442657,9,819,16554,-19,-271,97,65,153,-7
442671,29,814,16606,-19,-283,95,64,148,-7
442685,40,795,16483,-20,-275,95,65,150,-4
442700,44,813,16591,-21,-274,89,64,155,-7
442714,9,836,16502,-14,-273,94,67,153,-7
442728,16,846,16596,-25,-285,88,64,157,-5
442743,-7,857,16473,-13,-274,89,64,149,-8
442757,-7,848,16517,-23,-283,89,66,149,-5
442771,-2,814,16548,-10,-275,87,65,152,-7
442785,-1,810,16511,-16,-279,90,66,150,-4
442799,38,809,16564,-16,-269,89,65,157,-2
442814,38,823,16531,-16,-282,86,61,155,-1
442829,44,821,16553,-17,-279,83,65,152,-3
442844,23,829,16554,-22,-284,86,64,150,-2
442859,18,836,16540,-22,-275,86,68,152,-5
442874,-10,834,16607,-29,-289,89,64,150,-5
442888,11,830,16645,-17,-288,85,63,149,-6
442903,-22,839,16466,-26,-275,85,65,149,-5
442917,0,832,16682,-29,-270,84,66,157,-4
442931,-2,832,16510,-18,-270,91,64,155,-4
442945,-1,844,16513,-26,-283,108,63,152,-5
442959,33,836,16631,-5,-271,123,66,152,-1
442973,48,826,16363,-23,-281,103,67,148,-3
442987,50,803,16699,-6,-276,96,69,152,-1
443001,25,828,16429,-18,-279,89,67,152,-4
443016,-10,827,16659,-16,-275,91,68,150,-3
443030,-15,840,16514,-18,-279,90,67,154,-1
443044,8,847,16604,-24,-272,90,64,152,-4
443058,4,852,16569,-18,-270,88,63,153,-6
443072,32,837,16558,-19,-277,90,63,152,-5
443086,22,824,16540,-17,-270,90,66,155,-2
443101,40,805,16572,-18,-277,90,63,156,-3
443116,31,814,16538,-23,-277,88,66,150,-4
443131,13,822,16581,-26,-280,86,64,154,-5
443146,-14,828,16502,-17,-276,84,62,155,-2
443160,-9,837,16572,-19,-285,87,63,152,-3
443174,-1,844,16508,-14,-278,85,65,150,-4
443188,28,843,16530,-25,-279,85,63,150,-3
443203,27,824,16545,-12,-275,87,61,148,-5
443217,38,813,16519,-19,-278,88,64,150,-6
443232,33,812,16565,-16,-280,88,65,153,-6
443246,26,818,16544,-19,-284,87,67,154,-4
443260,21,834,16546,-21,-278,87,65,152,-5
443274,16,841,16546,-22,-280,86,62,153,-4
443289,-1,852,16544,-15,-281,85,68,152,-5
443303,0,843,16533,-18,-281,85,66,154,-4
443317,-5,817,16563,-19,-278,86,62,155,-2
443331,9,818,16535,-14,-278,84,63,150,-4
443345,19,808,16550,-19,-279,88,64,156,-2
443360,32,811,16537,-14,-278,81,65,156,-4
443374,42,821,16557,-15,-277,87,64,156,-3
443389,45,828,16558,-18,-277,87,63,157,-5
443403,22,834,16555,-19,-280,87,63,157,-5
443418,2,833,16551,-14,-280,86,66,149,-6
443432,-23,839,16565,-15,-279,86,64,150,-4
443446,-24,836,16559,-21,-276,88,65,155,-3
443460,1,828,16546,-16,-277,82,65,154,-3
443474,19,832,16552,-19,-283,82,68,154,-5
443488,54,830,16548,-18,-276,93,64,154,-5
443503,55,825,16549,-14,-279,90,64,152,-6
443517,38,812,16542,-16,-281,84,63,154,-5
443532,23,821,16538,-18,-279,83,63,153,-2
443546,9,826,16541,-19,-280,88,63,152,-4
443560,6,844,16542,-21,-278,83,61,153,-6
443574,-5,857,16550,-22,-276,90,65,153,-3
443588,5,860,16536,-20,-281,91,62,148,-5
443602,16,842,16545,-21,-274,89,60,149,-3
443617,38,817,16547,-16,-278,88,64,155,-4
443632,25,809,16532,-21,-276,88,67,152,-6
443647,26,803,16552,-18,-280,86,63,152,-4
443662,34,814,16526,-19,-280,87,62,151,-4
443677,32,825,16569,-16,-279,87,64,150,-4
443692,15,849,16517,-19,-280,87,64,153,-5
443707,-3,842,16542,-15,-280,86,65,154,-4
443721,-19,822,16545,-20,-281,89,66,153,-5
443735,-29,812,16541,-16,-276,88,66,153,-5
443749,246,808,16551,-21,-276,80,64,154,-8
443763,26,808,16555,-16,-281,84,68,155,-5
443777,43,813,16540,-22,-278,81,63,156,-6
443792,69,822,16546,-19,-282,90,64,152,-4
443806,53,822,16538,-18,-283,88,63,149,-8
443821,8,804,16563,-11,-277,87,64,153,-1
443835,-24,789,16546,-23,-277,80,69,151,-2
443849,-10,816,16531,-19,-283,81,67,150,-3
443863,22,893,16539,-19,-279,84,62,153,-3
443878,34,918,16520,-15,-282,85,63,153,-5
443893,24,887,16558,-17,-280,86,65,152,-3
443908,-1,833,16539,-24,-279,87,65,149,-2
443922,-43,746,16555,-22,-280,81,63,155,-3
443937,-29,745,16548,-16,-277,84,65,153,-1
443951,32,799,16548,-21,-273,85,66,153,-3
443966,91,875,16540,-21,-276,87,64,149,-3
443981,93,889,16544,-21,-277,85,64,150,-4
443996,44,849,16538,-14,-281,88,63,152,-7
444011,-1,817,16554,-16,-278,92,64,154,-5
444025,-58,779,16538,-21,-277,89,67,150,-4
444040,-51,783,16555,-16,-276,86,68,154,1
444054,-6,828,16550,-19,-280,85,62,153,-2
444068,20,857,16546,-18,-279,86,64,149,-5
444083,66,881,16534,-21,-278,87,66,155,-4
444097,83,866,16531,-16,-277,84,66,150,-3
444112,42,803,16539,-20,-281,84,68,147,-3
444126,-3,765,16555,-17,-280,88,67,152,-3
444140,-24,772,16544,-15,-279,84,64,152,-3
444154,-19,785,16548,-16,-278,83,63,153,-2
444169,38,885,16550,-14,-275,86,67,150,-3
444184,47,906,16539,-19,-280,84,66,152,-4
444198,28,885,16547,-18,-280,86,64,152,-4
444213,-22,805,16543,-13,-276,89,65,148,2
444227,-30,774,16537,-12,-281,86,65,150,-1
444242,-22,755,16557,-15,-283,84,65,150,-6
444257,-1,782,16542,-15,-281,87,64,149,-3
444271,98,870,16559,-16,-280,87,64,156,-5
444286,119,906,16530,-14,-275,87,63,149,-4
444301,70,869,16543,-19,-274,86,63,154,-4
444315,-28,797,16559,-15,-277,91,64,150,-1
444330,-54,769,16548,-18,-277,88,66,152,-3
444344,-47,790,16559,-19,-279,83,65,154,-3
444359,-28,810,16552,-20,-280,83,62,155,1
444374,36,870,16548,-18,-279,89,63,154,-5
444388,54,896,16541,-18,-277,83,65,150,-6
444402,85,896,16538,-19,-277,89,67,149,-5
444416,39,845,16547,-20,-276,85,67,152,-2
444431,-40,752,16563,-18,-281,90,67,150,-4
444445,13,770,16540,-16,-273,85,63,150,-4
444460,46,801,16551,-13,-277,85,65,150,-4
444475,22,833,16557,-11,-281,85,64,148,-2
444489,-3,834,16556,-19,-279,87,67,152,-4
444503,-9,827,16547,-21,-276,83,66,149,-2
444517,-19,829,16550,-22,-279,83,63,147,-2
444532,14,822,16544,-22,-276,80,64,149,-5
444546,36,833,16538,-18,-283,88,65,149,-5
444561,41,824,16558,-13,-280,84,63,154,-5
444575,42,830,16530,-17,-280,87,66,155,-8
444590,28,816,16561,-18,-282,83,68,153,-4
444604,9,814,16543,-20,-276,85,68,152,-3
444618,-6,826,16551,-17,-280,82,68,153,-3
444632,-7,833,16539,-21,-281,86,66,156,-3
444646,7,832,16556,-14,-278,84,64,155,-3
444660,24,830,16549,-16,-276,86,66,150,-4
444674,50,825,16545,-16,-279,90,67,154,-8
444689,47,812,16537,-14,-273,87,67,153,-5
444703,38,800,16556,-17,-277,87,65,154,-5
444718,19,804,16556,-22,-283,84,65,153,-2
444732,-3,833,16557,-15,-277,86,60,153,-3
444746,-6,839,16559,-13,-278,89,61,152,-2
444760,-16,851,16537,-18,-275,86,63,156,-6
444775,-9,860,16557,-20,-277,90,64,153,-4
444789,17,829,16538,-15,-279,90,69,148,-4
444804,10,814,16519,-15,-282,88,65,149,-5
444819,36,798,16564,-19,-276,87,67,149,-3
444834,62,799,16549,-16,-278,84,65,152,-7
444849,57,806,16566,-13,-280,85,63,152,-3
444864,30,826,16545,-16,-279,82,63,149,-4
444879,7,840,16555,-15,-275,86,63,149,-3
444893,-21,852,16549,-19,-278,89,64,150,-2
444907,-35,850,16540,-22,-282,87,65,149,-5
444922,-32,837,16546,-16,-277,86,61,147,-4
444937,-7,823,16552,-20,-280,90,63,152,-2
444951,40,815,16544,-19,-278,85,61,152,-4
444966,66,810,16536,-21,-284,89,66,152,-5
444981,62,817,16540,-18,-279,85,64,150,-2
444996,51,811,16544,-22,-283,87,65,148,-3
445011,29,816,16534,-22,-278,89,65,147,-1
445026,-19,833,16558,-23,-279,88,62,150,-3
445041,-32,837,16544,-23,-279,83,63,149,-3
445055,-21,845,16557,-21,-276,79,67,150,-1
445070,13,830,16549,-16,-277,91,65,150,-5
445085,33,826,16543,-21,-277,83,65,150,-7
445099,45,815,16552,-15,-275,88,66,150,-8
445114,48,815,16527,-19,-276,82,69,149,-6
445128,27,810,16544,-18,-281,85,65,153,-3
445142,21,814,16553,-16,-277,83,64,155,-5
445156,4,830,16551,-23,-280,86,64,152,-1
445170,-11,843,16568,-22,-276,88,64,153,-5
445185,7,859,16523,-20,-278,84,64,149,-4
445199,7,858,16511,-22,-277,86,63,149,-5
445213,-7,808,16562,-14,-276,87,65,152,-6
445227,-3,800,16541,-12,-278,81,66,148,-1
445241,40,806,16561,-18,-276,83,66,150,1
445255,39,814,16550,-14,-271,82,65,156,-6
445269,47,835,16561,-20,-278,83,66,150,-4
445283,40,846,16545,-12,-278,82,68,148,-2
445297,1,831,16560,-19,-274,88,68,153,-5
445311,-7,824,16563,-14,-279,91,68,153,-5
445325,-12,819,16545,-14,-278,84,69,150,-5
445340,0,815,16555,-21,-275,80,68,152,-4
445354,35,823,16544,-16,-276,85,67,152,-1
445368,43,828,16551,-15,-278,85,67,152,-2
445382,49,832,16550,-17,-277,85,63,152,-7
445396,40,824,16548,-21,-280,92,65,152,-4
445410,7,823,16552,-21,-280,90,64,153,-4
445424,-15,821,16562,-16,-276,86,66,154,-4
445439,-26,823,16556,-18,-280,90,68,152,-3
445453,-17,833,16554,-18,-279,89,66,153,-4
445468,9,842,16540,-15,-279,85,64,155,-6
445482,21,837,16545,-13,-282,89,64,155,-5
445496,35,821,16543,-18,-281,90,64,154,-4
445510,44,808,16548,-20,-279,88,64,152,-4
445524,44,799,16541,-23,-281,84,67,150,-7
445538,35,793,16543,-20,-277,84,66,149,-9
445552,1,821,16556,-16,-279,83,65,148,-4
445566,3,832,16545,-22,-279,89,66,152,-2
445580,-1,853,16554,-14,-280,93,63,150,-1
445594,-5,856,16559,-18,-282,89,68,150,-6
445608,-4,831,16553,-20,-281,88,66,152,1
445622,9,813,16549,-17,-277,87,65,153,-2
445636,19,797,16559,-21,-282,85,61,153,-2
445650,33,793,16547,-16,-280,84,63,152,-4
445664,49,822,16553,-18,-274,84,64,148,-4
445678,50,824,16549,-17,-282,89,63,150,-8
445692,44,836,16545,-19,-280,90,64,150,-7
445706,9,837,16557,-19,-279,86,64,153,-4
445720,-5,832,16558,-16,-282,88,67,151,-1
445734,-15,826,16564,-17,-277,87,67,149,-1
445748,-17,821,16547,-25,-276,84,66,151,-5
445763,14,829,16554,-13,-277,85,64,152,-2
445777,23,829,16547,-21,-276,87,63,148,-4
445791,45,832,16550,-12,-275,87,63,149,-2
445805,43,820,16563,-18,-282,87,69,151,1
445819,14,816,16552,-18,-278,85,64,153,-1
445833,2,826,16556,-18,-274,85,63,149,-3
445847,-4,825,16556,-16,-278,87,61,154,-3
445861,-13,830,16537,-19,-277,83,65,156,-2
445876,0,833,16550,-18,-276,81,67,149,-2
445890,13,838,16534,-19,-279,91,67,150,-6
445904,23,827,16541,-22,-280,86,63,151,-4
445918,38,815,16555,-18,-276,89,62,148,-4
445932,36,810,16542,-14,-280,86,61,151,-2
445946,32,809,16551,-14,-275,86,62,152,-4
445960,14,819,16553,-14,-280,80,65,153,-8
445974,7,825,16555,-20,-282,85,63,152,-5
445988,7,852,16553,-16,-278,84,63,152,-2
446002,4,849,16552,-21,-284,85,63,146,-1
446016,-9,838,16545,-17,-274,84,65,152,-3
446030,-6,831,16550,-18,-276,81,67,154,-3
446044,13,816,16540,-20,-281,87,63,146,-4
446058,17,814,16528,-18,-282,87,64,147,-1
446072,74,807,16563,-22,-281,82,65,147,-2
446086,64,821,16548,-19,-275,92,65,151,-4
446100,31,822,16565,-14,-279,87,66,155,-4
446114,-169,917,15784,-10,-266,214,65,154,-6
446128,1,895,16549,-349,-240,312,65,154,-4
446142,2,743,15887,321,-274,353,62,154,-2
446156,70,755,16857,-11,-284,143,64,149,-1
446170,14,806,16453,-9,-281,126,63,148,-5
446184,47,825,16453,-29,-273,126,66,150,-3
446198,78,810,16670,-15,-282,115,62,146,-1
446212,90,806,16449,-19,-289,107,66,151,-4
446226,74,811,16571,-26,-276,103,67,151,-3
446240,-12,839,16460,-16,-287,91,65,151,-6
446254,-4,833,16548,-19,-279,94,63,154,-6
446268,-25,852,16533,-13,-277,96,64,153,-1
446282,-41,884,16399,-18,-284,111,64,157,-6
446296,12,815,16618,-16,-273,127,66,154,1
446310,11,796,16498,-24,-281,106,66,154,-6
446324,29,818,16597,-17,-280,94,67,155,-3
446338,39,819,16561,-19,-279,91,66,153,-2
446352,50,829,16535,-17,-279,88,63,151,-1
446366,51,821,16534,-18,-282,91,67,152,-3
446380,31,820,16530,-18,-279,85,67,148,-5
446394,-3,817,16536,-20,-279,83,66,152,-3
446408,-20,825,16586,-21,-280,87,66,152,-4
446422,-10,834,16564,-21,-280,87,65,148,-5
446436,1,837,16542,-16,-280,88,63,148,-4
446450,22,842,16550,-18,-281,88,65,154,-9
446464,36,834,16554,-18,-278,83,63,154,-8
446478,38,803,16518,-16,-278,83,65,152,-6
446492,48,791,16550,-20,-278,86,64,152,-5
446506,32,815,16539,-19,-276,86,65,149,-1
446520,21,827,16545,-19,-275,91,66,150,-3
446534,6,848,16545,-21,-278,85,67,149,-5
446548,-7,850,16543,-20,-280,86,66,149,-4
446562,-13,842,16538,-22,-281,88,65,153,-5
446576,-1,826,16556,-17,-274,85,64,154,-5
446590,22,805,16547,-20,-278,84,66,148,-4
446604,45,803,16545,-19,-277,82,65,150,-3
446618,39,805,16553,-24,-270,87,65,154,-5
446632,41,821,16545,-18,-275,88,63,151,-6
446646,20,836,16542,-16,-282,86,63,150,-5
446660,5,837,16545,-16,-284,83,67,151,-4
446674,-7,855,16610,-21,-279,87,65,148,-4
446688,-134,894,16082,-14,-254,115,66,152,-7
446702,60,800,16836,-45,-265,191,66,149,-7
446716,-5,858,15942,-31,-263,195,65,147,-2
446730,72,726,17145,12,-258,200,67,152,-6
446745,36,769,16488,-17,-273,151,67,154,-4
446759,97,776,16546,-12,-267,145,65,148,-5
446773,11,803,16237,-17,-250,103,67,150,-5
446787,69,805,16873,-10,-291,104,68,152,-5
446801,60,837,16355,0,-256,92,65,148,-5
446815,39,806,16837,-24,-287,85,64,150,-4
446829,-4,829,16514,-1,-264,93,62,150,1
446843,-6,807,16645,-32,-284,91,62,153,-4
446857,0,808,16686,-8,-264,91,65,153,-3
446871,-7,826,16494,-24,-299,91,66,152,-5
446885,55,846,16647,-8,-262,87,67,149,-4
446899,11,853,16597,-27,-297,88,64,152,-5
446913,71,823,16610,-9,-278,90,63,151,-6
446927,21,825,16573,-26,-294,88,64,154,-1
446941,23,805,16674,-10,-278,83,61,151,1
446955,-18,811,16480,-25,-284,83,65,147,-2
446969,-8,826,16639,-16,-278,84,62,150,-5
446983,-9,831,16534,-25,-287,87,64,149,-4
446997,38,849,16617,-22,-285,86,69,152,-2
447011,35,839,16578,-15,-281,92,65,149,-3
447025,40,819,16580,-24,-278,98,65,148,-3
447039,24,810,16599,-15,-281,87,67,151,-5
447053,14,794,16539,-16,-282,89,66,152,-6
447067,16,797,16560,-17,-270,83,67,148,-1
447081,13,828,16559,-23,-284,86,66,149,1
447095,33,833,16556,-18,-279,83,65,152,-3
447109,15,843,16562,-25,-284,87,62,149,-2
447123,28,833,16597,-18,-277,85,66,147,-2
447137,10,826,16512,-21,-278,93,65,153,-6
447151,6,809,16586,-22,-276,86,64,154,-5
447165,-7,803,16515,-17,-280,80,63,152,-4
447179,16,815,16544,-23,-279,87,66,148,-5
447193,22,837,16543,-22,-282,88,65,147,-4
447207,35,837,16544,-23,-279,89,67,148,-3
447221,7,837,16550,-18,-279,90,64,150,-3
447235,8,837,16555,-17,-283,85,63,150,-3
447249,-14,808,16534,-19,-271,85,63,148,-2
447263,-9,806,16555,-20,-281,92,65,147,-3
447277,-2,803,16547,-17,-275,89,62,147,-5
447291,7,811,16558,-17,-277,84,64,152,-6
447305,44,842,16537,-25,-278,83,64,157,-4
447319,83,850,16537,-17,-281,82,60,152,-5
447333,93,844,16528,-17,-278,91,62,149,-3
447347,26,830,16537,-20,-284,97,64,154,-1
447361,-32,810,16550,-15,-276,92,66,155,-1
447375,-103,809,16550,-13,-282,88,64,149,-3
447389,-93,828,16555,-18,-276,89,67,150,-4
447403,6,859,16537,-22,-271,80,69,154,-3
447417,73,864,16534,-19,-276,81,65,149,-4
447431,133,814,16535,-20,-277,81,68,153,1
447446,109,783,16539,-15,-278,95,66,154,-2
447461,22,782,16561,-21,-282,92,66,153,-3
447475,-61,800,16544,-22,-279,90,67,149,-3
447489,-75,843,16561,-26,-274,92,67,150,-2
447503,-63,879,16554,-16,-279,84,63,148,-1
447517,0,883,16552,-16,-277,81,67,150,-4
447531,34,862,16537,-18,-280,87,67,147,-4
447545,83,804,16540,-23,-280,89,68,150,-1
447559,73,772,16543,-15,-281,98,66,149,-1
447573,-3,771,16553,-20,-278,93,66,152,-4
447587,-25,791,16553,-23,-280,86,62,152,-4
447601,-16,846,16548,-20,-281,83,61,149,-3
447615,4,863,16555,-21,-273,85,66,152,-2
447629,39,871,16550,-17,-274,86,65,152,-4
447643,44,859,16554,-19,-279,91,64,149,-3
447657,20,802,16542,-18,-280,90,64,148,-5
447671,-3,778,16552,-20,-278,97,62,149,-1
447685,-22,800,16539,-20,-277,87,64,153,-3
447699,-3,818,16532,-19,-278,87,62,149,-4
447713,41,857,16549,-23,-276,81,66,153,-5
447727,57,855,16545,-22,-280,85,67,150,-4
447741,61,820,16533,-18,-276,86,68,150,-2
447755,40,807,16558,-22,-276,87,68,150,-2
447769,-25,794,16527,-19,-279,94,64,150,-4
447783,-49,814,16535,-19,-279,94,66,145,-1
447797,-40,844,16562,-20,-280,89,66,150,-5
447811,-26,860,16541,-16,-276,82,66,155,-6
447825,46,848,16548,-21,-282,82,64,154,-5
447839,78,827,16545,-17,-275,82,64,152,-7
447853,77,785,16541,-19,-276,90,68,152,-7
447867,48,783,16555,-16,-278,88,67,151,-6
447881,-12,799,16525,-19,-276,94,65,148,-4
447895,-55,819,16529,-16,-279,91,64,149,-4
447909,-36,862,16564,-18,-277,86,62,150,-4
447923,-11,876,16536,-17,-272,78,64,152,3
447937,9,858,16546,-15,-275,78,64,147,1
447951,58,827,16560,-14,-277,86,65,149,-2
447965,63,783,16526,-23,-274,87,68,150,-2
447979,30,775,16550,-19,-279,91,67,153,-7
447993,8,784,16542,-23,-282,88,66,148,-3
448007,-13,830,16535,-20,-279,90,64,153,-5
448021,-4,862,16555,-16,-283,82,63,153,-4
448035,16,870,16551,-25,-275,82,66,154,-4
448049,30,855,16539,-13,-279,84,64,153,-1
448063,12,814,16541,-11,-279,87,65,153,-3
448077,4,799,16542,-15,-277,88,64,152,-1
448091,-7,798,16530,-23,-281,89,66,152,-4
448105,-7,807,16543,-22,-281,88,65,149,-5
448119,34,841,16545,-22,-275,83,64,150,-6
448133,39,839,16534,-21,-276,80,67,152,-5
448147,62,828,16523,-21,-280,85,65,148,-7
448161,52,814,16539,-15,-277,86,66,152,1
448175,-8,791,16534,-18,-279,94,63,149,-1
448189,-32,799,16545,-15,-278,94,64,149,-1
448203,-51,838,16558,-19,-282,83,65,155,-2
448217,-31,845,16543,-16,-276,82,64,150,1
448231,35,853,16541,-19,-279,80,64,150,-4
448245,64,829,16529,-17,-277,87,60,149,-3
448259,71,797,16522,-13,-280,87,61,152,-6
448273,52,773,16548,-18,-278,88,64,154,-2
448287,10,787,16526,-16,-277,91,65,154,-1
448301,-18,821,16521,-18,-277,92,63,155,-5
448315,-48,869,16541,-21,-279,84,66,152,-3
448329,-37,869,16535,-16,-278,83,67,150,-2
448343,6,854,16536,-14,-278,83,63,152,-5
448357,25,828,16538,-14,-279,85,61,153,-4
448371,30,789,16528,-14,-281,90,59,152,2
448385,42,769,16534,-18,-282,93,60,150,-3
448399,38,802,16542,-14,-278,89,63,152,-3
448413,19,820,16535,-16,-277,87,64,152,-3
448427,6,841,16544,-21,-280,85,65,153,-5
448441,2,872,16546,-15,-279,84,64,150,-3
448455,5,864,16534,-20,-278,76,64,153,-4
448469,-6,817,16542,-16,-276,81,65,152,-6
448483,-7,805,16531,-15,-278,85,63,147,-3
448497,-3,801,16533,-16,-277,86,61,149,1
448511,2,811,16533,-19,-280,84,66,148,-1
448525,32,836,16543,-16,-277,87,67,148,-2
448539,39,844,16539,-22,-276,84,67,156,-1
448553,55,833,16538,-16,-278,81,64,150,-1
448567,40,817,16539,-16,-283,90,61,150,-5
448581,-12,804,16533,-20,-281,91,62,150,-6
448595,-18,817,16535,-20,-273,92,64,150,-3
448609,-34,837,16543,-15,-277,94,63,150,-2
448623,-32,853,16546,-18,-278,90,66,150,-3
448637,12,866,16545,-19,-275,87,65,150,-5
448651,37,840,16544,-16,-278,85,61,149,1
448665,64,792,16533,-20,-278,83,61,147,-2
448679,52,774,16530,-20,-275,84,63,153,2
448693,13,780,16534,-14,-277,86,63,148,-4
448707,2,797,16528,-18,-273,88,64,148,-4
448721,-13,864,16540,-19,-276,89,63,152,-3
448735,-19,889,16539,-21,-283,87,62,152,-5
448749,-8,861,16535,-16,-276,82,64,146,1
448763,12,842,16538,-19,-277,80,66,153,-2
448777,37,788,16533,-19,-277,85,65,153,-3
448791,43,768,16527,-19,-279,86,64,147,-6
448805,44,781,16539,-22,-276,88,62,146,-5
448819,32,797,16527,-24,-280,93,63,150,-3
448833,22,848,16549,-16,-276,85,63,149,-4
448847,11,854,16533,-11,-277,83,64,149,-2
448861,3,859,16539,-15,-279,82,63,149,-2
448875,-2,841,16550,-21,-278,85,62,150,-2
448889,-4,827,16538,-17,-278,86,63,150,-7
448903,-9,817,16534,-16,-274,92,65,149,-4
448917,-1,815,16540,-18,-278,88,67,155,-1
448931,40,819,16570,-22,-280,81,69,152,-2
448945,50,826,16540,-20,-279,88,63,153,-3
448959,44,837,16529,-18,-278,84,67,152,-5
448973,38,828,16550,-19,-280,86,66,155,-6
448987,4,810,16525,-17,-280,88,67,152,-1
449001,-20,814,16525,-12,-280,88,66,152,-1
449015,-32,831,16550,-16,-282,90,66,150,-6
449029,-38,841,16527,-21,-281,88,65,152,-3
449043,-3,854,16548,-18,-280,88,67,152,-2
449057,17,842,16531,-15,-276,83,66,155,-5
449071,55,817,16535,-26,-276,84,66,150,-5
449085,61,798,16543,-18,-273,86,65,150,-3
449099,40,792,16542,-16,-278,88,62,150,-1
449113,18,806,16536,-21,-279,89,62,151,-3
449127,-27,847,16544,-22,-284,90,68,149,-2
449141,-37,869,16537,-20,-278,88,66,148,-3
449155,-8,858,16544,-19,-278,86,65,148,-7
449169,6,843,16537,-22,-273,86,67,148,-2
449183,43,806,16541,-20,-273,86,66,149,-5
449197,47,792,16543,-17,-277,87,64,152,1
449211,40,802,16533,-18,-280,90,63,154,-4
449225,28,810,16525,-14,-277,93,65,153,-5
449239,22,834,16541,-20,-280,91,61,151,-3
449253,8,843,16540,-15,-279,86,65,150,-2
449267,3,840,16552,-17,-275,86,68,153,-3
449281,-5,835,16544,-20,-276,85,65,151,-4
449295,8,805,16543,-17,-281,87,62,152,-3
449309,17,811,16535,-16,-277,88,65,150,-7
449323,14,816,16552,-22,-282,89,66,150,-8
449337,19,830,16541,-20,-274,86,65,155,-4
449351,27,833,16534,-21,-282,85,67,150,-1
449365,30,836,16534,-23,-280,89,65,152,-5
449379,25,836,16538,-18,-284,85,63,155,-6
449393,18,820,16537,-19,-287,87,64,155,-7
449407,11,808,16541,-22,-283,91,68,152,-1
449421,-9,811,16526,-20,-279,89,64,150,1
449435,-9,829,16516,-23,-279,87,63,154,-5
449449,16,840,16613,-17,-287,87,64,150,-3
449463,31,841,16495,-14,-279,87,67,150,1
449477,35,824,16581,-19,-282,86,64,149,-4
449491,38,814,16551,-15,-273,90,64,149,-4
449505,23,795,16536,-24,-275,86,66,150,-3
449519,14,810,16590,-20,-280,86,67,145,-6
449533,-5,829,16527,-20,-280,88,69,147,-5
449547,-14,846,16553,-18,-282,89,65,146,-3
449561,-8,850,16537,-20,-282,87,63,144,-3
449575,15,843,16521,-19,-276,87,65,149,-2
449589,30,810,16553,-24,-281,89,62,147,-4
449603,40,803,16528,-18,-275,91,62,149,1
449617,33,793,16552,-15,-278,88,66,154,3
449631,25,808,16553,-18,-280,92,63,152,-1
449645,21,838,16530,-23,-276,90,66,147,-2
449659,17,856,16567,-13,-275,89,61,147,-3
449673,6,856,16526,-21,-279,86,59,149,-5
449687,6,836,16545,-21,-273,83,66,150,-4
449701,5,792,16555,-18,-277,87,67,151,-3
449715,0,783,16543,-17,-277,85,64,153,-3
449729,2,826,16554,-23,-280,90,63,150,-2
449743,24,865,16539,-19,-275,96,63,149,-4
449757,19,882,16551,-18,-276,89,63,146,-4
449771,22,855,16551,-23,-275,85,64,150,-5
449785,28,822,16528,-21,-277,79,66,152,-5
449799,53,757,16542,-23,-275,82,65,152,-7
449813,54,757,16538,-17,-274,87,66,148,-6
449827,28,796,16541,-20,-285,87,67,150,-7
449841,3,834,16543,-18,-278,91,68,152,-3
449855,-58,901,16542,-20,-273,89,65,150,-3
449869,-58,891,16552,-18,-277,80,67,150,-6
449883,-7,847,16532,-16,-273,76,65,153,-5
449897,23,807,16542,-18,-273,79,66,150,-4
449911,97,745,16554,-16,-279,84,65,150,-3
449925,106,751,16524,-19,-276,93,65,150,-6
449939,58,817,16556,-19,-280,93,65,148,-3
449953,22,861,16533,-15,-284,93,66,153,-7
449967,-55,900,16556,-18,-281,89,66,150,-4
449981,-69,897,16563,-17,-280,80,61,149,-2
449995,-37,834,16533,-19,-278,80,62,155,-5
450009,-3,803,16545,-15,-278,79,63,153,-1
450023,75,766,16535,-24,-278,89,65,148,-6
450037,91,783,16536,-18,-274,92,65,153,-2
450051,69,842,16545,-21,-278,92,65,154,-3
450065,43,855,16536,-23,-282,90,65,149,-3
450079,-5,860,16560,-22,-281,83,64,148,-7
450093,-18,841,16560,-16,-275,82,66,149,-3
450107,-23,808,16549,-13,-283,87,64,153,-2
450121,-10,800,16553,-18,-281,82,63,153,-3
450135,15,821,16547,-22,-280,87,65,152,-4
450149,28,841,16551,-17,-279,89,66,153,-2
450163,29,858,16537,-20,-280,92,67,149,-8
450177,24,852,16530,-22,-281,87,67,146,-6
450191,36,831,16540,-16,-279,79,69,153,-3
450205,57,781,16539,-15,-274,83,67,151,-3
450219,47,767,16543,-20,-273,85,68,154,-5
450233,27,799,16541,-17,-280,93,67,152,-1
450247,11,820,16536,-19,-278,92,65,152,-3
450261,-38,887,16546,-17,-280,88,66,152,1
450275,-49,889,16543,-18,-276,85,65,149,-1
450289,-17,861,16553,-15,-273,81,64,152,-2
450303,13,832,16545,-18,-278,83,64,149,-2
450317,69,764,16548,-19,-280,83,65,148,1
450331,87,753,16546,-22,-280,86,62,148,-4
450345,61,800,16549,-20,-281,86,65,149,-3
450359,39,837,16547,-23,-279,91,68,152,-5
450373,-34,882,16553,-20,-276,93,63,156,-1
450387,-49,894,16541,-24,-276,92,64,153,1
450401,-43,847,16545,-22,-280,81,64,148,-6
450415,-16,823,16559,-22,-284,78,65,149,-7
450429,29,774,16551,-17,-281,83,65,149,-6
450443,53,780,16548,-19,-280,89,68,149,-5
450457,61,812,16544,-18,-284,95,68,150,-5
450471,44,836,16545,-13,-278,92,67,153,-3
450485,14,852,16543,-21,-276,85,69,154,1
450499,-8,852,16547,-18,-280,82,69,154,-8
450513,-12,821,16549,-23,-278,80,67,152,-2
450527,-4,811,16547,-16,-280,83,63,153,1
450541,17,817,16553,-20,-282,89,66,150,-4
450555,6,828,16534,-11,-276,92,68,152,-3
450569,8,851,16543,-11,-275,89,67,152,-5
450583,10,852,16555,-18,-277,85,65,151,-3
450597,22,819,16534,-19,-282,76,64,150,-2
450611,42,805,16544,-16,-280,77,65,153,-5
450625,58,798,16541,-16,-281,79,63,154,-6
450639,26,803,16540,-18,-278,87,63,154,-3
450653,13,819,16545,-17,-280,90,64,152,-5
450667,-20,858,16538,-16,-277,93,67,153,-5
450681,-28,868,16543,-16,-275,89,62,151,-7
450695,-21,855,16557,-19,-278,85,64,150,-8
450709,5,837,16547,-22,-283,87,66,151,-5
450723,65,784,16541,-18,-276,78,67,151,-5
450737,77,770,16542,-19,-276,90,69,151,-4
450751,67,794,16556,-19,-280,93,67,154,-7
450765,52,819,16549,-17,-279,94,65,149,-4
450779,-18,868,16542,-16,-279,91,69,149,-4
450793,-33,879,16556,-15,-280,88,67,150,-5
450807,-34,855,16544,-18,-277,83,66,149,-4
450821,-17,832,16546,-16,-278,84,63,150,-4
450835,33,795,16544,-18,-278,82,63,149,-4
450849,55,783,16551,-14,-283,83,65,152,-3
450863,65,807,16549,-14,-282,90,65,152,-3
450877,52,829,16549,-17,-278,87,63,155,-4
450891,19,842,16552,-21,-286,89,65,150,-3
450905,-7,843,16548,-17,-278,81,65,151,1
450919,-6,833,16543,-16,-277,85,65,152,-4
450933,-6,819,16540,-20,-281,86,67,149,-7
450947,6,827,16543,-17,-278,88,66,152,-5
450961,14,839,16540,-16,-276,94,63,154,-4
450975,15,857,16538,-23,-280,92,63,151,-5
450989,21,847,16540,-19,-275,88,62,149,-1
451003,29,830,16548,-17,-276,80,62,153,2
451017,30,815,16553,-19,-283,81,66,154,-4
451031,37,789,16539,-20,-274,85,69,153,-5
451045,28,792,16541,-17,-277,83,70,149,-4
451059,15,831,16545,-18,-280,89,66,152,-4
451073,-15,848,16542,-18,-278,90,66,154,-5
451087,-23,868,16554,-17,-275,89,64,148,-4
451101,-31,866,16546,-18,-278,86,66,149,-3
451115,-9,845,16550,-17,-277,82,68,153,-5
451129,47,792,16545,-16,-284,81,64,149,-6
451143,57,775,16544,-23,-281,87,67,152,-5
451157,64,795,16544,-19,-283,88,64,153,1
451171,46,810,16542,-19,-281,91,63,151,-4
451185,-2,853,16547,-19,-277,88,63,153,-1
451199,-19,861,16549,-19,-279,89,63,150,-2
451213,-21,864,16554,-23,-282,84,63,147,-3
451227,-21,845,16547,-19,-276,86,65,148,-3
451241,13,811,16550,-18,-279,86,66,152,-2
451255,41,804,16544,-20,-276,91,66,153,-3
451269,56,803,16542,-18,-275,90,62,149,-4
451283,55,811,16535,-15,-280,91,64,152,-2
451297,19,839,16549,-18,-277,93,62,148,3
451311,0,840,16542,-17,-276,89,64,149,-1
451325,-13,821,16548,-12,-277,81,66,152,-4
451339,-8,823,16547,-14,-278,86,66,150,-3
451353,6,812,16549,-17,-278,83,64,155,-3
451367,5,824,16555,-17,-278,86,64,153,-5
451381,19,842,16541,-21,-277,90,66,148,-8
451395,24,847,16545,-22,-277,83,65,148,-3
451409,27,823,16552,-19,-278,84,63,149,-3
451423,32,820,16544,-17,-276,84,61,150,1
451437,32,800,16551,-15,-277,79,63,153,-4
451451,31,804,16542,-21,-278,83,65,150,-3
451465,6,818,16546,-17,-278,92,65,152,-5
451479,-3,848,16550,-16,-282,89,65,153,-4
451493,-17,865,16558,-14,-280,90,62,152,-5
451507,-16,863,16556,-17,-274,86,64,150,-4
451521,-3,846,16545,-20,-279,83,67,150,-2
451535,39,818,16545,-16,-279,81,68,150,-7
451549,54,793,16558,-12,-275,83,67,149,-5
451563,56,795,16554,-15,-274,86,65,148,-1
451577,47,803,16554,-19,-279,85,65,148,-8
451591,-5,835,16538,-16,-277,88,67,150,-5
451605,-18,856,16547,-20,-281,91,65,150,1
451619,-35,851,16552,-20,-276,90,67,151,-3
451633,-28,849,16558,-18,-279,82,67,152,-3
451647,7,812,16541,-22,-280,83,60,153,-5
451661,26,795,16534,-17,-279,90,62,152,-3
451675,59,805,16573,-20,-275,93,65,154,-7
451689,52,811,16557,-16,-276,91,63,152,-5
451703,40,827,16554,-22,-279,88,63,152,-1
451717,22,834,16552,-19,-282,87,69,150,-4
451731,-9,842,16552,-23,-282,85,68,150,-6
451745,-15,834,16552,-15,-272,86,62,155,-3
451759,-12,823,16546,-21,-282,86,67,150,-3
451773,-10,821,16543,-19,-273,87,63,153,-3
451787,26,835,16559,-19,-280,89,63,152,-6
451801,32,833,16549,-19,-279,97,64,155,-7
451815,42,826,16538,-23,-280,90,61,148,-4
451829,43,820,16544,-19,-282,82,62,148,-5
451843,36,799,16545,-21,-278,91,69,154,-4
451857,23,795,16547,-17,-279,89,68,153,-3
451871,-10,818,16543,-18,-279,90,67,150,-4
451885,-12,835,16547,-18,-276,88,65,152,-5
451899,-22,859,16548,-15,-278,93,65,155,-4
451913,-12,858,16546,-18,-277,89,66,152,-4
451927,-6,832,16546,-21,-279,84,66,150,-4
451941,33,812,16543,-16,-274,80,64,149,-3
451955,51,805,16549,-20,-271,85,64,146,-6
451969,61,795,16553,-19,-275,87,65,153,-4
451983,49,797,16539,-19,-275,89,66,153,-6
451997,18,843,16536,-21,-282,93,67,153,-8
452011,-11,861,16543,-23,-283,84,66,151,-4
452025,-34,866,16543,-20,-280,83,65,147,-1
452039,-30,850,16551,-23,-279,82,65,146,-2
452053,-1,815,16550,-22,-275,85,61,148,-2
452067,18,796,16546,-21,-277,90,60,150,-1
452081,65,796,16534,-15,-280,89,61,147,2
452095,61,810,16531,-12,-275,91,64,147,-3
452109,38,831,16547,-16,-277,89,65,150,-6
452123,21,836,16545,-18,-280,84,62,148,-5
452137,5,836,16550,-23,-278,85,65,146,-6
452151,-14,832,16548,-21,-278,86,66,154,-2
452165,-19,825,16539,-14,-282,90,64,153,-2
452179,-15,825,16548,-22,-274,84,64,154,-1
452193,17,829,16552,-21,-284,91,63,152,-3
452207,25,832,16542,-20,-276,85,67,149,-4
452221,41,820,16551,-15,-275,85,66,149,1
452235,40,814,16538,-20,-278,85,66,149,-2
452249,27,804,16540,-14,-276,83,64,152,-5
452263,21,812,16545,-13,-279,83,69,149,-2
452277,5,815,16547,-21,-279,87,65,149,-2
452291,-9,834,16539,-18,-273,89,62,150,-1
452305,-15,849,16540,-18,-279,88,63,149,-3
452319,-14,854,16541,-20,-280,88,65,149,-3
452333,13,839,16544,-17,-275,86,64,150,-3
452347,26,828,16544,-14,-278,84,65,149,-1
452361,44,788,16531,-22,-285,86,65,149,-5
452375,50,788,16536,-19,-271,85,64,150,-5
452389,47,821,16553,-16,-278,89,63,149,-5
452403,22,840,16551,-19,-280,91,63,147,-5
452417,-3,843,16533,-17,-279,86,64,147,-6
452431,-36,853,16535,-22,-281,86,66,153,-3
452445,-28,848,16547,-17,-278,87,65,153,-5
452459,3,829,16544,-20,-278,81,64,149,-6
452473,12,808,16545,-18,-277,90,65,150,-8
452487,47,801,16537,-22,-277,86,71,155,-6
452501,55,808,16527,-19,-281,92,66,153,-3
452515,45,819,16544,-12,-279,84,66,152,-3
452529,31,831,16541,-11,-284,92,64,153,-2
452543,-2,831,16558,-20,-282,87,63,147,-5
452557,-2,828,16549,-22,-280,88,65,152,-5
452571,-15,833,16541,-22,-276,90,68,150,-2
452585,0,829,16543,-26,-284,89,66,152,-3
452599,5,821,16547,-17,-283,93,64,152,-4
452613,16,816,16544,-19,-279,89,65,154,-4
452627,43,831,16555,-19,-279,89,65,155,-5
452641,42,819,16552,-17,-272,85,68,150,2
452655,32,806,16543,-26,-279,88,67,150,-1
452669,24,813,16547,-18,-282,87,64,150,-5
452683,12,823,16532,-18,-282,91,63,149,-2
452697,-3,833,16543,-21,-282,88,65,148,-3
452711,-23,848,16537,-19,-284,87,60,150,-4
452725,-21,853,16541,-15,-279,90,61,149,-4
452739,4,832,16539,-15,-277,86,69,149,-1
452753,19,823,16541,-15,-278,84,65,150,3
452767,53,803,16546,-14,-278,88,62,149,-3
452781,57,800,16543,-16,-280,87,65,154,-3
452795,35,815,16540,-19,-280,87,68,156,-2
452809,9,823,16546,-21,-280,92,64,149,-2
452823,0,850,16547,-15,-279,91,60,149,1
452837,-35,851,16544,-15,-277,89,63,152,-3
452851,-36,849,16538,-17,-274,84,64,152,-3
452865,-7,835,16535,-19,-278,91,62,153,-4
452879,13,821,16543,-16,-280,87,64,153,-3
452893,38,801,16539,-22,-279,88,62,149,-4
452907,41,801,16550,-18,-278,89,66,152,-4
452921,39,814,16539,-22,-279,87,64,150,-4
452935,27,821,16541,-14,-276,89,64,153,-3
452949,-4,833,16547,-16,-282,86,67,153,-4
452963,-6,832,16548,-18,-281,84,66,152,-6
452977,-17,842,16536,-17,-283,83,64,148,-5
452991,-20,837,16537,-19,-278,88,65,148,-7
453005,3,830,16541,-16,-278,86,66,153,-4
453019,6,822,16539,-18,-281,91,64,153,-4
453033,32,818,16545,-21,-279,90,67,153,-3
453047,42,822,16541,-11,-274,85,67,150,-4
453061,43,812,16544,-19,-277,87,66,150,-5
453075,29,812,16546,-16,-276,84,64,150,-6
453089,13,820,16543,-21,-279,86,63,153,-4
453103,-8,834,16553,-21,-279,88,64,153,-1
453117,-26,840,16537,-20,-280,91,68,147,-4
453131,-22,836,16550,-18,-282,91,68,145,-5
453145,0,838,16533,-19,-278,90,66,149,-3
453159,19,824,16533,-17,-275,83,64,147,-4
453173,57,808,16537,-19,-283,89,63,152,-4
453187,59,795,16538,-18,-276,90,64,153,-5
453201,39,809,16545,-18,-280,90,62,154,-4
453215,22,819,16547,-20,-279,89,65,154,-2
453229,-11,839,16539,-16,-278,90,66,150,-1
453243,-34,847,16536,-13,-274,92,65,149,-2
453257,-30,838,16542,-24,-282,89,67,152,-3
453271,-6,831,16540,-21,-278,90,65,154,-1
453285,13,818,16527,-19,-278,86,64,157,-2
453299,34,798,16537,-19,-278,90,64,148,-5
453313,40,798,16546,-15,-279,91,66,148,-6
453327,41,822,16541,-19,-278,87,67,148,-4
453341,31,820,16540,-19,-282,84,67,148,-6
453355,9,822,16533,-16,-277,88,65,148,-4
453369,0,822,16532,-18,-273,84,66,152,-5
453383,-1,841,16548,-17,-277,87,63,152,-2
453397,0,833,16543,-22,-277,88,67,152,-4
453411,3,834,16543,-21,-275,88,66,147,-1
453425,11,826,16541,-23,-277,88,68,153,-4
453439,21,822,16539,-21,-276,86,64,154,-4
453453,38,812,16536,-23,-281,89,64,152,-3
453467,44,808,16540,-23,-275,84,64,153,-3
453481,32,809,16543,-24,-276,90,63,150,-2
453495,18,821,16549,-23,-280,87,65,154,-6
453509,-2,832,16544,-21,-276,88,65,153,-5
453523,-25,840,16526,-19,-276,87,66,154,-5
453537,-21,846,16530,-16,-276,86,64,152,-5
453551,-1,832,16538,-20,-280,87,62,153,-6
453565,19,823,16542,-21,-283,81,61,153,-4
453579,41,814,16540,-18,-281,86,61,156,-4
453593,51,806,16536,-26,-286,81,65,152,-5
453607,44,810,16537,-14,-279,90,61,150,-3
453621,21,819,16534,-15,-276,88,63,147,-1
453635,-4,834,16538,-22,-275,93,66,152,-6
453649,-20,841,16538,-20,-279,90,64,152,-2
453663,-19,838,16546,-21,-279,88,63,154,-1
453677,-21,835,16551,-19,-277,86,65,150,-7
453691,-7,818,16541,-21,-277,85,66,148,-5
453705,28,815,16530,-24,-280,89,65,152,-2
453719,41,803,16548,-18,-279,90,70,150,-5
453733,38,801,16544,-16,-279,92,69,150,-5
453747,31,810,16541,-16,-279,90,65,154,-4
453761,13,822,16546,-14,-278,86,65,149,1
453775,2,822,16543,-27,-283,83,66,148,-7
453789,-11,837,16536,-16,-275,86,69,152,-2
453803,-15,833,16530,-24,-274,86,67,149,-3
453817,-15,829,16553,-20,-276,90,67,148,-3
453831,10,823,16545,-18,-276,85,68,149,-3
453845,29,825,16556,-21,-279,88,64,153,-6
453859,21,815,16541,-21,-278,87,65,152,-4
453873,44,809,16537,-21,-278,85,65,150,-5
453887,27,808,16542,-20,-282,86,63,153,-5
453901,22,820,16547,-15,-279,93,64,153,-5
453915,0,829,16547,-14,-276,88,64,151,-3
453929,-24,838,16539,-17,-283,85,65,150,-3
453943,-21,843,16534,-17,-280,82,62,148,1
453957,-15,847,16537,-20,-280,86,65,150,-3
453971,4,834,16537,-16,-280,85,65,151,-6
453985,33,807,16553,-20,-277,82,63,153,-6
453999,40,797,16553,-15,-278,82,65,149,-6
454013,35,803,16538,-19,-284,93,62,153,-4
454027,29,816,16553,-21,-277,86,62,149,-1
454041,1,833,16540,-19,-282,89,64,147,-4
454055,-5,835,16543,-18,-279,85,66,144,-3
454069,-16,833,16550,-16,-277,90,69,149,-2
454083,-14,828,16542,-20,-281,86,68,149,-6
454097,13,822,16542,-23,-284,91,65,147,-2
454111,30,814,16537,-17,-281,93,63,148,-1
454125,40,812,16540,-25,-279,90,64,151,-3
454139,42,815,16536,-21,-279,89,65,152,-4
454153,41,832,16539,-20,-281,87,58,150,-3
454167,17,832,16544,-20,-276,84,63,149,-4
454181,6,827,16549,-9,-276,83,65,150,-3
454195,-3,835,16543,-14,-277,85,64,150,-3
454209,4,833,16531,-17,-279,82,65,149,-5
454223,7,821,16535,-17,-275,89,65,150,-2
454237,13,815,16541,-16,-274,84,64,150,2
454251,23,813,16537,-21,-278,88,63,152,-5
454265,30,818,16543,-19,-275,87,64,147,-5
454279,32,817,16534,-22,-278,87,63,150,-5
454293,26,808,16533,-20,-280,86,62,149,1
454307,25,821,16545,-18,-277,85,65,149,-2
454321,13,832,16545,-18,-277,86,64,148,-4
454335,-11,838,16545,-21,-281,86,67,151,-5
454349,-15,833,16543,-20,-279,89,68,153,-5
454363,-5,835,16533,-20,-282,87,65,149,-3
454377,10,835,16524,-19,-275,83,65,149,-2
454391,30,825,16534,-18,-280,88,68,148,-2
454405,40,813,16534,-15,-283,87,67,148,-3
454419,38,811,16544,-17,-281,91,65,153,-4
454433,30,816,16540,-18,-277,86,64,147,-4
454447,18,824,16530,-19,-283,87,61,147,-3
454461,8,839,16525,-22,-278,86,63,152,1
454475,-19,838,16568,-15,-283,90,63,154,1
454489,-17,840,16527,-15,-273,88,64,154,1
454503,-10,825,16574,-22,-280,86,66,150,-2
454517,8,811,16568,-22,-279,90,63,150,1
454531,38,813,16528,-16,-283,83,65,155,-6
454545,47,805,16566,-17,-277,86,65,153,-5
454559,42,823,16519,-21,-278,88,67,150,-5
454573,43,829,16543,-17,-277,90,66,150,-5
454587,21,832,16542,-20,-277,81,67,150,-5
454601,-3,836,16555,-16,-282,80,64,146,-3
454615,-11,831,16549,-15,-272,84,66,150,-2
454629,-14,828,16553,-18,-277,83,64,152,-3
454643,-13,830,16539,-13,-281,88,68,147,-5
454657,3,820,16540,-19,-277,87,65,150,-4
454671,20,818,16543,-15,-277,83,66,150,-6
454685,52,811,16548,-14,-276,88,67,149,-5
454699,51,796,16549,-19,-273,96,61,152,-5
454713,32,821,16533,-19,-281,95,64,147,-5
454727,19,826,16549,-20,-277,87,66,149,-3
454741,-10,833,16530,-20,-278,90,69,150,-5
454755,-28,839,16547,-16,-280,84,69,153,-6
454769,-20,832,16544,-14,-281,88,67,154,-2
454783,-5,831,16533,-23,-280,85,66,150,-6
454797,36,816,16553,-21,-278,82,64,153,-3
454811,44,808,16539,-18,-277,92,65,147,-4
454825,58,804,16547,-19,-275,88,64,149,-5
454839,50,813,16536,-16,-276,86,66,153,-2
454853,7,824,16562,-20,-277,90,67,150,-2
454867,-6,840,16544,-15,-275,84,63,150,-4
454881,-24,846,16544,-18,-280,84,63,149,-4
454895,-29,838,16542,-15,-277,86,63,148,-6
454909,3,828,16543,-20,-278,83,62,156,-5
454923,22,823,16549,-19,-275,86,63,154,-3
454937,39,808,16544,-22,-276,92,63,152,-4
454951,43,798,16547,-16,-281,90,64,148,3
454965,49,814,16547,-19,-277,86,63,147,1
454979,37,813,16548,-21,-277,85,68,155,-7
454993,11,822,16544,-19,-281,87,68,152,-8
455007,7,832,16548,-22,-281,86,69,148,-9
455021,4,834,16539,-18,-277,88,63,153,-7
455035,-13,836,16538,-22,-273,88,65,152,-6
455049,-6,825,16546,-20,-273,86,66,153,-1
455063,19,825,16545,-22,-278,92,65,154,-4
455077,35,822,16545,-18,-282,81,64,156,-6
455091,41,811,16547,-22,-279,88,71,152,-7
455105,46,811,16542,-19,-275,90,70,152,-6
455119,37,810,16544,-21,-278,91,64,148,-1
455133,22,812,16543,-17,-277,92,66,150,-1
455147,-17,827,16548,-22,-277,91,65,152,-4
455161,-21,836,16540,-17,-278,84,65,152,-4
455175,-12,837,16549,-24,-279,81,66,152,-4
455189,-2,833,16550,-20,-277,85,64,150,-5
455203,29,827,16538,-19,-281,83,66,153,-4
455217,34,822,16532,-18,-278,87,67,153,-1
455231,32,811,16545,-18,-281,90,64,153,-2
455245,36,812,16551,-22,-279,84,63,150,-3
455259,4,810,16535,-20,-277,85,62,152,-5
455273,5,816,16549,-16,-275,86,65,152,-3
455287,-3,830,16531,-19,-278,86,64,153,-2
455301,-13,845,16540,-20,-286,84,60,153,-4
455315,3,841,16552,-18,-275,83,63,147,-5
455329,14,831,16539,-18,-278,87,68,152,-3
455343,17,814,16543,-25,-276,89,68,150,-4
455357,22,815,16550,-21,-278,87,65,155,-4
455371,30,808,16540,-21,-277,84,62,158,-3
455385,26,819,16536,-20,-277,87,64,154,-3
455399,22,825,16544,-22,-283,86,63,153,1
455413,16,821,16544,-17,-278,84,62,155,-2
455427,-12,839,16544,-16,-286,87,64,148,-4
455441,-15,843,16547,-24,-278,87,64,146,-4
455455,-14,836,16543,-15,-279,90,64,146,-6
455469,-4,836,16533,-19,-277,90,61,152,-4
455483,12,823,16547,-20,-283,92,64,153,1
455497,46,818,16534,-13,-280,92,69,149,-5
455511,55,817,16571,-19,-285,83,69,149,-6
455525,42,815,16543,-25,-274,93,67,148,-2
455539,31,812,16551,-13,-280,89,64,153,-5
455553,-14,814,16573,-19,-277,90,64,152,-6
455567,-30,833,16524,-29,-281,85,65,150,-5
455581,-17,845,16572,-17,-282,86,67,153,-1
455595,-6,852,16551,-13,-279,89,68,149,-4
455609,25,831,16552,-18,-276,85,62,145,-5
455623,34,814,16568,-19,-278,86,62,147,-5
455637,58,796,16540,-19,-280,87,63,149,-1
455651,50,789,16539,-19,-278,86,64,148,-2
455665,25,801,16554,-22,-284,88,67,149,1
455679,8,819,16540,-20,-274,88,64,150,1
455693,-4,859,16558,-22,-280,86,64,152,-1
455707,-5,859,16540,-17,-278,86,68,150,-3
455721,6,845,16563,-21,-278,82,67,150,-4
455735,4,820,16560,-20,-278,86,63,152,-2
455749,12,815,16546,-17,-282,91,61,150,-2
455763,22,803,16565,-19,-275,89,65,150,-2
455777,50,811,16541,-18,-278,86,63,154,-7
455791,48,816,16550,-17,-274,86,63,154,-4
455805,25,830,16560,-21,-281,83,65,146,-3
455819,12,838,16559,-18,-277,89,63,148,-2
455833,-13,827,16546,-17,-274,84,61,148,-5
455847,-23,828,16564,-13,-275,87,64,153,1
455861,-14,827,16543,-22,-282,91,67,154,1
455875,0,823,16555,-21,-277,85,65,155,-3
455889,25,820,16559,-18,-278,90,66,150,-3
455903,38,814,16562,-17,-280,89,64,149,-5
455917,46,809,16550,-20,-271,84,64,155,-5
455931,41,811,16547,-21,-279,83,62,156,-1
455945,21,815,16547,-23,-276,87,65,149,-2
455959,-10,828,16552,-18,-279,88,66,150,-2
455973,-25,835,16554,-13,-277,82,66,152,-3
455987,-8,841,16542,-19,-282,84,64,154,-3
456001,4,840,16535,-16,-272,85,65,153,-2
456015,28,826,16538,-16,-280,83,63,149,-2
456029,48,818,16544,-19,-279,87,64,150,-2
456043,39,803,16549,-15,-279,86,65,150,-1
456057,32,806,16549,-16,-278,88,63,150,-3
456071,-3,821,16555,-24,-277,86,63,149,-2
456085,-17,829,16554,-19,-274,87,63,149,-6
456099,-17,851,16548,-19,-279,85,62,149,-7
456113,-19,848,16559,-14,-279,85,64,152,-2
456127,1,826,16538,-21,-277,83,64,149,-3
456141,19,821,16544,-18,-276,84,65,148,-2
456155,38,804,16534,-16,-275,88,66,153,-5
456169,43,799,16528,-21,-281,87,66,152,-5
456183,32,818,16551,-15,-279,85,61,149,1
456197,23,832,16539,-17,-281,82,65,152,-3
456211,9,845,16563,-18,-279,84,66,152,-2
456225,-3,845,16547,-18,-278,89,62,153,-5
456239,-19,840,16580,-24,-280,87,61,153,-4
456253,-15,825,16563,-17,-277,88,65,154,-4
456267,-2,808,16551,-23,-280,83,63,152,-7
456281,14,812,16572,-18,-277,85,63,154,-8
456295,47,809,16526,-14,-279,82,61,150,-4
456309,54,816,16552,-18,-275,84,62,155,-5
456323,25,821,16530,-19,-275,88,63,149,-5
456337,25,827,16540,-14,-279,88,64,152,-3
456351,10,822,16558,-17,-283,87,63,154,-4
456365,-9,822,16547,-19,-285,86,67,156,2
456379,-15,830,16556,-21,-282,88,64,154,2
456393,-3,832,16560,-17,-278,86,69,153,-2
456407,12,845,16537,-17,-277,88,67,153,-1
456421,27,830,16561,-15,-279,89,66,149,-3
456435,35,820,16533,-16,-276,85,60,152,-3
456449,37,806,16543,-16,-279,89,64,150,-5
456463,34,800,16560,-16,-279,84,64,150,-3
456477,15,808,16546,-18,-281,91,67,154,-2
456491,3,812,16559,-18,-275,89,66,154,-3
456505,-10,841,16544,-19,-278,87,66,149,-4
456519,-9,843,16557,-15,-279,89,66,149,-5
456533,-1,846,16534,-18,-286,88,65,148,-2
456547,15,843,16546,-21,-278,80,64,150,-3
456561,23,808,16543,-16,-271,86,62,153,-1
456575,29,808,16549,-18,-277,88,62,155,-5
456589,30,797,16549,-22,-276,83,61,153,-5
456603,30,807,16553,-20,-282,85,64,152,-4
456617,27,824,16546,-18,-284,84,64,150,-4
456631,23,837,16550,-17,-280,89,66,149,-3
456645,-3,846,16547,-24,-279,87,67,154,-4
456659,-9,842,16546,-21,-275,86,65,154,-6
456673,-10,827,16555,-18,-277,90,65,145,-3
456687,3,822,16547,-17,-278,91,64,147,-5
456701,26,810,16553,-23,-277,87,68,150,-4
456715,41,818,16548,-19,-278,87,66,153,-4
456729,49,823,16545,-24,-282,89,66,149,-7
456743,40,830,16556,-22,-276,88,68,149,-6
456757,19,835,16538,-22,-275,84,65,155,-7
456771,2,827,16543,-22,-283,85,65,149,-11
456785,-14,827,16541,-22,-273,93,65,147,-10
456799,-18,824,16538,-21,-279,87,64,150,-4
456813,-8,832,16560,-21,-277,92,68,150,-5
456827,22,831,16544,-18,-279,84,65,149,-4
456841,37,834,16547,-18,-276,81,62,154,1
456855,44,818,16554,-15,-283,82,63,150,-2
456869,35,822,16552,-19,-278,86,65,152,-5
456883,16,807,16552,-21,-279,92,62,153,-5
456897,3,809,16549,-15,-281,88,66,152,-4
456911,-7,828,16550,-14,-279,86,66,150,2
456925,-3,832,16540,-18,-280,84,63,147,1
456939,15,844,16556,-15,-282,83,66,154,-2
456953,13,842,16557,-24,-273,92,63,148,-3
456967,6,836,16541,-22,-280,86,62,148,-3
456981,10,825,16554,-19,-277,86,65,147,-3
456995,14,802,16522,-19,-278,85,65,150,-4
457009,23,805,16539,-23,-279,89,66,152,-7
457023,31,825,16542,-17,-278,84,66,153,-7
457037,31,823,16501,-20,-281,83,63,149,-1
457051,20,831,16573,-19,-278,87,64,148,-2
457065,2,832,16532,-14,-272,88,62,147,-5
457079,-9,820,16565,-22,-282,90,66,152,-3
457093,-25,816,16572,-21,-279,88,64,152,-1
457107,-11,815,16541,-22,-278,86,66,153,-5
457121,6,823,16555,-19,-281,85,66,149,-4
457135,34,833,16534,-21,-282,94,65,150,-4
457149,42,831,16549,-19,-273,86,62,150,-2
457163,28,826,16555,-21,-282,86,65,152,-3
457177,17,821,16546,-20,-278,94,65,149,-3
457191,-18,817,16552,-22,-282,92,65,146,-3
457205,-22,820,16549,-21,-273,88,65,152,-3
457219,-8,824,16533,-21,-279,87,65,153,-4
457233,5,828,16544,-21,-276,86,69,153,-6
457247,17,840,16531,-21,-277,88,67,153,-4
457261,22,833,16537,-17,-276,89,65,147,-6
457275,28,820,16550,-21,-280,88,67,149,-6
457289,21,811,16548,-20,-279,86,62,149,-3
457303,24,801,16549,-22,-279,86,66,148,-1
457317,8,808,16548,-16,-279,87,65,149,-1
457331,16,819,16544,-15,-280,87,67,149,-3
457345,20,837,16550,-20,-281,90,68,152,-4
457359,23,847,16549,-21,-279,85,64,146,-5
457373,2,851,16543,-19,-279,87,68,145,-5
457387,-5,834,16554,-19,-274,87,67,152,-7
457401,-10,811,16533,-21,-279,88,65,154,-7
457415,-4,806,16541,-15,-281,86,63,154,-5
457429,14,805,16552,-20,-279,82,64,149,-6
457443,37,815,16555,-19,-274,85,64,147,-4
457457,46,835,16544,-20,-274,89,65,152,-5
457471,31,838,16538,-17,-282,90,66,152,-4
457485,20,817,16539,-21,-281,93,66,146,-5
457499,4,817,16539,-23,-280,92,65,150,-3
457513,-7,814,16541,-23,-279,84,65,152,-5
457527,-2,812,16546,-15,-282,86,64,157,1
457541,12,836,16548,-20,-276,82,65,155,-4
457555,25,844,16548,-17,-281,90,65,149,-7
457569,37,833,16543,-18,-280,86,65,152,1
457583,36,827,16537,-22,-278,87,63,148,-2
457597,5,816,16551,-19,-285,88,64,155,-5
457611,6,811,16545,-25,-276,84,65,154,-3
457625,-10,810,16544,-21,-278,85,65,149,-4
457639,-8,821,16543,-17,-279,88,60,154,-5
457653,8,831,16539,-17,-274,88,62,150,-3
457667,10,842,16550,-24,-279,91,64,153,2
457681,19,838,16542,-17,-277,87,63,153,1
457695,11,831,16544,-17,-275,89,64,149,-3
457709,7,799,16540,-19,-279,89,62,149,-5
457723,12,792,16538,-18,-280,90,64,150,-8
457737,13,794,16547,-18,-274,89,65,153,-2
457751,29,818,16538,-20,-281,88,66,154,-3
457765,30,827,16537,-17,-279,91,64,151,-4
457779,11,850,16536,-18,-278,92,63,154,-2
457793,4,853,16543,-19,-276,93,63,149,-6
457807,-11,830,16542,-15,-276,89,64,147,-4
457821,-14,820,16541,-18,-279,86,63,148,-3
457835,10,810,16545,-16,-283,86,61,156,-4
457849,19,805,16549,-12,-280,89,65,156,-5
457863,46,832,16543,-17,-278,84,63,150,-5
457877,35,836,16549,-22,-274,89,63,153,-5
457891,12,836,16534,-19,-274,87,64,152,-4
457905,1,829,16539,-16,-281,88,62,150,-5
457919,-16,815,16551,-17,-279,86,66,155,-7
457933,-13,816,16528,-21,-276,88,67,154,-3
457947,18,810,16562,-19,-277,87,65,154,-2
457961,29,818,16540,-20,-275,85,66,153,-3
457975,51,831,16553,-19,-277,93,60,149,-3
457989,42,832,16549,-23,-278,92,65,152,-5
458003,-1,834,16541,-21,-275,90,65,153,-3
458017,-17,822,16542,-10,-273,90,66,152,-4
458031,-20,810,16563,-16,-280,81,65,152,-4
458045,-9,820,16540,-18,-276,84,65,152,-4
458059,26,829,16549,-21,-280,84,66,154,-1
458073,33,843,16547,-20,-281,86,64,152,-2
458087,31,835,16553,-17,-282,84,67,152,-4
458101,28,821,16549,-20,-283,86,65,147,-3
458115,-241,803,16539,-15,-281,89,65,152,-3
458129,-3,808,16547,-15,-279,82,65,150,1
458143,3,822,16540,-21,-278,85,67,150,-3
458157,22,829,16542,-26,-276,87,66,150,-2
458171,20,833,16537,-19,-278,91,69,152,-1
458185,4,859,16540,-14,-278,92,66,152,2
458199,-3,850,16542,-21,-277,84,64,148,-1
458213,-4,824,16550,-22,-280,87,64,153,-2
458227,8,812,16552,-16,-278,87,66,148,-2
458241,20,790,16543,-20,-277,85,66,155,-2
458255,37,793,16552,-20,-277,84,64,150,-3
458269,51,819,16538,-22,-275,84,65,150,-3
458283,46,825,16549,-19,-282,88,66,148,-3
458297,20,838,16545,-18,-281,88,69,150,2
458311,-3,837,16544,-20,-280,89,66,150,1
458325,-32,834,16543,-17,-276,84,61,154,-4
458339,-33,831,16538,-16,-279,83,65,150,-4
458353,6,828,16545,-17,-279,82,63,149,-7
458367,20,827,16539,-14,-278,84,63,149,-5
458381,48,826,16554,-20,-278,88,66,150,-3
458395,51,827,16554,-20,-279,83,66,152,-7
458409,30,817,16550,-18,-279,87,63,148,-6
458423,22,813,16548,-17,-277,86,67,150,-7
458437,-7,815,16543,-22,-280,84,68,149,-7
458451,-19,819,16539,-19,-277,87,66,149,-8
458465,-6,836,16555,-13,-277,81,64,150,-7
458479,4,843,16551,-12,-279,88,67,152,-5
458493,28,844,16538,-16,-277,90,68,154,-3
458507,25,836,16538,-18,-285,88,69,155,-4
458521,15,810,16553,-18,-277,89,64,153,-1
458535,24,798,16551,-15,-282,87,65,152,-3
458549,21,799,16558,-17,-283,82,63,152,-3
458563,24,808,16578,-16,-285,83,63,156,-9
458577,20,834,16488,-15,-276,84,65,152,-9
458591,5,845,16597,-19,-281,93,62,149,-5
458605,3,845,16476,-14,-276,87,64,147,-2
458619,-10,853,16531,-17,-283,87,65,149,-5
458633,-7,839,16530,-18,-273,85,68,150,-6
458647,18,801,16508,-19,-279,88,69,154,-5
458661,27,798,16560,-18,-277,84,66,155,-1
458675,49,804,16527,-19,-280,82,64,154,-2
458689,54,810,16552,-20,-273,85,64,153,-2
458703,37,843,16524,-20,-281,86,67,152,-6
458717,20,846,16548,-15,-276,89,64,152,-6
458731,-23,853,16539,-19,-282,85,66,149,-2
458745,-23,836,16555,-16,-280,86,63,149,2
458759,-31,821,16547,-23,-277,82,63,149,-2
458773,-6,817,16554,-21,-275,83,65,152,-3
458787,34,827,16534,-21,-279,86,63,150,-4
458801,54,832,16549,-20,-276,89,69,148,-5
458815,51,836,16536,-16,-277,89,68,148,-4
458829,33,831,16529,-20,-279,92,64,152,-3
458843,5,813,16549,-20,-282,83,65,150,-1
458857,-7,811,16544,-21,-279,85,65,147,-1
458871,-8,816,16543,-18,-274,88,64,149,-4
458885,-4,822,16546,-20,-280,88,64,149,-8
458899,5,841,16541,-16,-280,91,64,148,-2
458913,11,845,16542,-15,-278,85,67,152,-3
458927,26,840,16548,-18,-276,89,67,153,-5
458941,23,827,16536,-16,-275,89,62,148,-4
458955,27,797,16549,-18,-275,84,62,150,-2
458969,22,796,16540,-15,-280,89,62,153,-1
458983,15,814,16542,-19,-279,83,65,151,-3
458997,16,816,16548,-17,-278,85,66,152,-5
459011,20,858,16558,-19,-279,85,63,153,-3
459025,-6,861,16554,-19,-275,86,61,154,-4
459039,-3,840,16548,-22,-279,85,64,152,-2
459053,10,827,16543,-21,-276,87,62,153,-3
459067,13,809,16546,-15,-273,86,62,154,-5
459081,30,791,16548,-18,-278,85,64,152,-7
459095,47,799,16541,-16,-278,92,64,152,-4
459109,39,831,16547,-15,-276,92,65,151,-4
459123,33,834,16543,-17,-283,88,66,148,-5
459137,-1,839,16552,-16,-278,91,68,150,-2
459151,-14,845,16565,-24,-279,83,66,151,-3
459165,-32,824,16544,-23,-277,91,65,152,-2
459179,-11,815,16546,-19,-278,87,66,151,-5
459193,8,809,16546,-22,-275,89,68,150,-4
459207,23,821,16553,-21,-278,87,65,151,-4
459221,47,833,16547,-18,-277,88,66,151,-2
459235,44,837,16549,-18,-274,90,65,153,-3
459249,18,824,16549,-18,-280,90,64,153,-2
459263,1,812,16550,-16,-276,84,63,154,-3
459277,-13,806,16559,-14,-278,86,65,151,1
459291,-10,816,16559,-21,-282,91,65,155,-2
459305,8,825,16544,-17,-277,88,67,155,-3
459319,10,840,16540,-18,-284,86,63,152,-3
459333,15,853,16554,-21,-281,87,63,151,-4
459347,16,842,16545,-13,-280,88,63,152,-1
459361,26,813,16561,-19,-278,88,63,152,2
459375,22,805,16555,-17,-278,91,65,152,-3
459389,16,800,16536,-23,-281,83,67,154,-1
459403,22,813,16544,-18,-279,85,63,152,1
459417,13,833,16544,-21,-284,87,67,152,-3
459431,5,846,16565,-22,-280,89,65,152,-6
459445,4,846,16532,-19,-279,87,66,154,-3
459459,3,832,16544,-18,-273,83,64,154,-2
459473,3,807,16551,-19,-273,86,61,150,-3
459487,13,800,16545,-13,-277,88,63,152,-6
459501,17,798,16542,-14,-276,84,64,153,-6
459515,44,824,16543,-18,-279,84,66,154,-2
459529,40,831,16543,-18,-282,88,63,152,-4
459543,4,846,16550,-19,-281,93,65,149,-3
459557,5,842,16545,-22,-280,87,67,150,-4
459571,-12,831,16555,-19,-278,86,67,154,-5
459585,-4,810,16555,-15,-278,85,67,150,-3
459599,11,805,16538,-17,-276,87,66,149,-2
459613,33,815,16543,-19,-274,92,63,149,-3
459627,27,831,16541,-15,-281,96,64,152,3
459641,37,834,16540,-23,-281,89,64,151,-1
459655,20,837,16553,-16,-274,90,67,155,-6
459669,10,828,16547,-21,-282,90,60,153,-6
459683,-3,814,16545,-16,-280,87,63,155,-6
459697,-2,808,16551,-15,-277,84,66,149,-1
459711,2,828,16545,-16,-280,85,65,152,-4
459725,-2,838,16546,-13,-280,87,64,150,-4
459739,21,841,16550,-21,-276,87,66,149,-4
459753,16,841,16553,-22,-280,91,69,148,-4
459767,21,821,16538,-23,-283,85,66,148,-4
459781,10,807,16540,-18,-276,84,65,150,-5
459795,12,810,16544,-15,-278,86,63,153,-5
459809,17,815,16550,-20,-280,89,63,154,-3
459823,16,834,16552,-20,-277,89,66,152,-5
459837,8,842,16543,-23,-281,93,63,154,-4
459851,9,834,16543,-13,-284,84,66,155,-3
459865,11,815,16540,-19,-281,85,66,153,-1
459879,1,816,16547,-17,-282,83,66,150,1
459893,10,811,16547,-19,-278,82,65,148,1
459907,29,806,16544,-16,-282,84,67,153,-2
459921,29,813,16548,-21,-281,88,68,150,-2
459935,29,825,16538,-19,-282,91,65,153,-1
459949,18,834,16542,-20,-279,86,65,152,-2
459963,11,841,16553,-23,-279,85,69,148,-7
459977,-8,835,16546,-22,-281,87,66,153,-5
459991,-12,823,16539,-19,-279,86,66,152,-4
460005,7,810,16547,-16,-278,87,64,150,-6
460019,18,819,16544,-16,-278,85,65,149,-5
460033,42,818,16554,-11,-279,88,64,147,-3
460047,48,825,16558,-13,-275,89,63,148,-1
460061,32,837,16537,-20,-277,88,67,146,-1
460075,11,838,16550,-16,-282,90,63,152,-3
460089,-9,823,16543,-12,-277,91,64,148,-4
460103,-16,820,16541,-18,-277,91,67,149,-3
460117,7,816,16542,-19,-276,83,63,147,-3
460131,13,820,16534,-17,-274,87,59,149,-1
460145,29,824,16543,-23,-276,84,68,150,-4
460159,28,830,16540,-18,-275,86,66,148,-4
460173,22,821,16546,-19,-276,86,65,150,-7
460187,23,818,16548,-19,-280,88,64,148,-7
460201,-3,806,16538,-21,-278,86,65,148,-5
460215,1,813,16543,-24,-276,80,61,152,-8
460229,10,826,16544,-20,-282,85,63,153,-4
460243,2,838,16547,-19,-275,84,65,150,-7
460257,6,839,16546,-23,-279,90,65,149,-6
460271,14,843,16546,-21,-278,88,68,152,-3
460285,23,815,16547,-21,-275,91,63,150,-4
460299,13,804,16545,-26,-276,90,65,149,-6
460313,32,814,16558,-19,-280,89,64,153,-2
460327,31,816,16556,-18,-281,84,61,149,-4
460341,20,829,16554,-16,-277,85,64,150,-5
460355,12,837,16549,-20,-278,83,63,152,-3
460369,12,836,16556,-16,-278,86,67,150,-3
460383,4,835,16561,-16,-278,88,68,150,-3
460397,5,830,16545,-16,-281,86,68,153,-5
460411,9,810,16542,-15,-275,85,69,152,-4
460425,17,810,16549,-19,-277,87,64,149,-7
460439,33,819,16547,-19,-281,89,62,149,-2
460453,34,818,16549,-16,-275,89,65,148,-6
460467,26,830,16540,-19,-281,90,64,150,-5
460481,13,834,16550,-20,-280,88,67,150,-2
460495,0,818,16552,-17,-280,87,62,149,-4
460509,-8,816,16548,-18,-283,85,65,148,-4
460523,3,824,16548,-18,-282,87,65,150,-11
460537,9,820,16558,-13,-280,85,65,152,-11
460551,23,836,16543,-8,-281,81,64,149,-2
460565,29,840,16555,-17,-281,86,65,150,-5
460579,17,833,16541,-17,-277,90,63,150,-2
460593,13,825,16554,-20,-279,88,64,149,-4
460607,8,810,16541,-22,-279,85,65,149,-1
460621,4,817,16538,-19,-276,86,68,154,-5
460635,14,822,16557,-22,-277,85,65,152,-4
460649,4,826,16555,-18,-278,87,64,149,-5
460663,15,837,16545,-15,-281,86,63,152,-2
460677,13,828,16556,-21,-278,87,62,153,-3
460691,23,818,16543,-17,-277,89,64,148,-2
460705,27,813,16546,-20,-275,83,69,147,-2
460719,14,802,16551,-13,-279,88,68,150,-3
460733,8,806,16547,-21,-278,83,67,147,3
460747,19,826,16546,-24,-281,87,67,148,-1
460761,13,841,16543,-19,-278,86,65,148,-6
460775,8,833,16562,-17,-281,87,65,148,-4
460789,6,832,16547,-18,-283,92,65,148,-1
460803,5,813,16540,-17,-280,84,63,152,-2
460817,8,807,16538,-18,-276,85,64,153,-2
460831,11,809,16544,-17,-283,87,67,150,-7
460845,7,806,16555,-22,-275,86,67,147,-4
460859,21,814,16547,-16,-279,85,66,149,-2
460873,27,843,16531,-17,-283,85,66,152,-2
460887,21,852,16545,-24,-275,86,65,149,-5
460901,7,834,16545,-23,-278,84,65,153,1
460915,3,817,16544,-13,-278,84,62,150,-2
460929,-2,802,16552,-17,-274,88,63,148,-2
460943,-7,808,16554,-20,-281,89,67,149,-4
460957,14,834,16532,-22,-274,86,66,156,-5
460971,21,839,16527,-19,-276,86,65,149,-1
460985,20,834,16565,-23,-279,84,62,150,-3
460999,31,833,16535,-22,-281,83,60,153,-2
461013,17,803,16536,-17,-277,82,65,152,-1
461027,10,796,16576,-20,-283,87,63,148,-5
461041,14,800,16518,-23,-279,87,66,149,-3
461055,28,811,16538,-22,-278,87,63,152,-1
461069,32,848,16545,-16,-281,91,66,150,-5
461083,31,858,16509,-12,-277,87,66,153,-4
461097,10,838,16550,-19,-281,91,67,150,-4
461111,-5,826,16544,-21,-274,91,69,150,-4
461125,-13,805,16536,-15,-279,83,67,150,-2
461139,-7,808,16542,-20,-277,83,66,154,-3
461153,17,820,16546,-16,-277,88,65,150,-5
461167,35,826,16548,-18,-277,85,65,147,-5
461181,48,839,16534,-19,-278,86,65,152,-2
461195,34,839,16537,-23,-273,88,65,154,-2
461209,11,811,16536,-17,-275,89,64,152,-4
461223,3,802,16520,-19,-277,88,63,147,-4
461237,-8,817,16559,-20,-279,90,65,149,-3
461251,-5,823,16532,-18,-279,85,67,153,1
461265,11,834,16540,-22,-284,88,65,150,-4
461279,10,839,16546,-17,-278,91,65,152,-6
461293,19,832,16536,-22,-277,89,63,148,-4
461307,22,837,16542,-18,-275,93,64,150,-3
461321,13,821,16551,-20,-274,89,68,154,-4
461335,15,798,16549,-21,-277,84,66,149,-5
461349,17,810,16557,-17,-281,85,61,152,-2
461363,30,832,16548,-18,-278,85,63,153,-6
461377,30,839,16532,-17,-279,82,64,151,1
461391,19,848,16550,-22,-280,84,63,148,-2
461405,6,838,16548,-17,-276,86,62,149,-2
461419,-15,808,16554,-15,-282,86,63,152,-1
461433,-13,804,16552,-14,-278,88,65,154,-4
461447,9,808,16539,-18,-275,85,68,153,-1
461461,28,826,16536,-20,-281,90,65,154,-2
461475,26,835,16536,-22,-271,89,65,152,-7
461489,22,834,16541,-17,-276,93,65,152,-3
461503,25,816,16524,-22,-277,87,67,153,-3
461517,10,812,16537,-19,-280,86,64,152,-3
461531,2,804,16541,-16,-281,86,65,150,-4
461545,2,810,16547,-16,-273,86,65,152,-2
461559,6,828,16547,-17,-282,87,64,150,-8
461573,15,831,16542,-21,-279,84,64,147,-5
461587,8,847,16554,-16,-285,86,67,148,1
461601,15,837,16547,-13,-280,88,66,150,-3
461615,10,813,16531,-22,-279,83,63,154,-4
461629,18,804,16537,-18,-281,83,68,148,-3
461643,28,797,16529,-17,-277,87,64,146,-1
461657,30,806,16523,-19,-278,87,66,153,-2
461671,28,829,16545,-16,-278,87,68,155,-4
461685,25,843,16536,-23,-280,87,66,156,-4
461699,10,854,16553,-19,-284,88,66,147,-5
461713,-12,846,16539,-22,-277,86,66,147,-5
461727,-15,835,16554,-19,-274,87,67,150,-5
461741,1,804,16537,-14,-281,89,65,150,-4
461755,13,808,16527,-23,-280,91,63,150,-1
461769,49,815,16544,-18,-278,89,66,148,-3
461783,52,822,16549,-19,-285,91,65,152,-5
461797,43,841,16548,-18,-276,96,66,147,1
461811,17,839,16543,-20,-280,91,65,150,-3
461825,-19,829,16542,-20,-277,88,62,154,1
461839,-18,825,16539,-19,-278,87,63,149,1
461853,-5,822,16541,-17,-277,86,65,149,-3
461867,8,820,16533,-20,-277,88,64,152,-5
461881,20,825,16542,-14,-282,86,63,153,-2
461895,22,821,16539,-19,-278,88,65,153,-2
461909,45,816,16537,-20,-279,84,67,155,-2
461923,33,812,16543,-19,-279,88,66,150,-2
461937,-3,817,16536,-23,-277,86,67,152,-1
461951,-2,812,16541,-24,-277,83,65,147,1
461965,6,830,16537,-18,-280,84,65,148,-1
461979,7,846,16535,-23,-276,83,62,148,3
461993,10,845,16543,-22,-282,86,63,152,-1
462007,10,834,16534,-18,-276,82,63,154,1
462021,11,809,16550,-20,-276,86,65,152,-2
462035,12,806,16559,-19,-280,90,64,152,-5
462049,31,798,16534,-25,-283,91,66,150,-4
462063,34,796,16540,-28,-280,86,67,150,-2
462077,9,824,16529,-18,-281,92,69,147,2
462091,5,829,16543,-15,-280,88,67,148,1
462105,-1,843,16541,-21,-279,87,61,148,-3
462119,-4,841,16545,-21,-282,92,61,149,-2
462133,-5,834,16553,-22,-276,90,63,153,-1
462147,-17,820,16532,-19,-277,85,66,148,-2
462161,-14,805,16566,-19,-283,85,68,150,-5
462175,37,813,16546,-16,-282,85,64,152,-5
462189,55,826,16532,-23,-280,85,63,152,-4
462203,55,836,16568,-19,-282,88,67,152,-3
462217,35,838,16528,-20,-281,89,66,152,-2
462231,-21,815,16554,-24,-275,89,67,151,-2
462245,-34,814,16560,-20,-283,86,69,154,-2
462259,-29,815,16529,-18,-278,86,66,152,-3
462273,-14,823,16529,-27,-281,86,65,152,-4
462287,26,851,16554,-19,-284,91,64,151,-4
462301,33,845,16546,-19,-277,84,64,151,-5
462315,52,826,16543,-17,-281,87,65,150,2
462329,43,809,16538,-18,-279,85,67,151,-1
462343,23,791,16556,-16,-272,85,70,155,-5
462357,15,798,16559,-22,-281,81,66,154,-5
462371,-8,834,16559,-21,-279,87,63,154,-6
462385,-7,851,16550,-18,-277,91,64,151,-6
462399,5,862,16535,-20,-276,90,66,149,-7
462413,3,865,16553,-20,-277,88,66,153,-3
462427,6,823,16525,-22,-277,90,63,149,-2
462441,22,806,16536,-22,-277,89,63,149,-4
462455,44,786,16547,-23,-279,87,64,151,-3
462469,51,791,16538,-21,-282,88,66,149,-4
462483,42,828,16545,-22,-276,91,65,153,-2
462497,24,841,16548,-20,-280,89,66,153,-4
462511,-4,861,16523,-19,-277,94,68,149,-3
462525,-21,852,16526,-25,-276,91,68,150,-5
462539,-13,828,16539,-19,-275,89,66,149,-5
462553,-8,817,16542,-25,-277,86,67,147,-7
462567,6,806,16536,-19,-279,86,67,147,-6
462581,43,808,16544,-10,-278,85,63,148,-2
462595,61,808,16535,-18,-280,85,67,152,-2
462609,53,826,16537,-21,-275,88,67,150,-3
462623,37,838,16544,-17,-277,86,64,156,-1
462637,-9,839,16544,-15,-277,86,65,155,1
462651,-20,836,16544,-24,-276,87,64,152,2
462665,-29,824,16550,-17,-274,86,64,154,1
462679,-9,837,16553,-16,-277,85,66,153,-4
462693,23,832,16545,-19,-281,84,64,147,-5
462707,38,836,16562,-16,-275,89,63,148,4
462721,55,824,16540,-25,-274,87,64,153,-6
462735,54,815,16543,-12,-276,86,66,147,-2
462749,19,811,16540,-18,-276,87,65,148,-1
462763,9,802,16551,-26,-278,84,65,153,1
462777,-9,820,16540,-16,-274,84,65,150,-1
462791,-15,839,16538,-17,-282,83,62,152,-3
462805,3,861,16544,-18,-282,82,62,150,-2
462819,12,854,16547,-17,-280,85,64,149,-2
462833,16,820,16545,-17,-281,89,64,150,-2
462847,17,809,16539,-15,-271,87,64,149,-3
462861,34,792,16537,-13,-272,84,67,153,-1
462875,30,792,16553,-18,-285,84,67,157,-6
462889,26,833,16542,-20,-277,88,66,155,-5
462903,27,847,16538,-18,-284,89,62,152,-3
462917,1,855,16534,-19,-279,87,62,148,-2
462931,-20,853,16542,-20,-281,89,68,154,2
462945,-21,835,16545,-24,-278,90,68,155,-4
462959,-10,822,16552,-27,-280,91,68,153,-6
462973,28,798,16531,-17,-276,87,63,149,-5
462987,47,805,16538,-17,-280,87,65,148,-5
463001,55,820,16542,-19,-278,86,64,149,-4
463015,46,827,16533,-18,-280,88,63,150,-4
463029,39,838,16541,-22,-276,85,66,153,-1
463043,15,834,16539,-20,-277,91,64,153,-4
463057,-10,830,16530,-18,-280,90,63,149,-3
463071,-27,824,16552,-21,-281,88,63,150,-4
463085,-21,828,16560,-14,-281,86,64,152,-2
463099,5,837,16538,-19,-278,88,64,150,-2
463113,32,842,16547,-23,-279,88,63,153,-5
463127,54,831,16537,-18,-279,87,65,153,-8
463141,47,812,16533,-24,-281,83,63,147,-1
463155,34,791,16542,-16,-278,88,63,149,-4
463169,21,798,16528,-26,-277,85,65,150,-4
463183,-3,812,16540,-25,-279,91,67,152,-4
463197,-10,830,16525,-21,-279,87,67,152,-1
463211,-5,863,16540,-18,-278,89,61,152,-2
463225,-8,864,16523,-17,-276,84,63,149,1
463239,-3,839,16552,-19,-275,86,66,150,3
463253,12,815,16548,-20,-278,90,63,149,-1
463267,33,797,16549,-21,-275,88,61,147,-3
463281,41,786,16569,-23,-276,87,64,152,-2
463295,42,810,16511,-27,-279,85,64,156,-2
463309,39,822,16554,-22,-277,88,60,148,-5
463323,-4,845,16528,-16,-280,88,64,147,-3
463337,-9,856,16543,-20,-280,86,67,148,2
463351,-27,842,16540,-18,-278,82,64,152,-4
463365,-24,828,16534,-19,-275,84,62,154,-4
463379,16,806,16564,-17,-278,88,66,154,-2
463393,26,802,16548,-18,-275,84,66,152,2
463407,60,798,16540,-14,-277,90,64,150,-1
463421,55,817,16544,-17,-283,92,66,152,-4
463435,50,832,16539,-16,-278,86,64,151,-3
463449,13,843,16549,-15,-278,91,66,147,2
463463,-2,832,16536,-18,-279,89,67,145,3
463477,-24,828,16541,-20,-276,92,67,150,1
463491,-19,818,16552,-16,-276,84,68,152,-1
463505,14,822,16541,-17,-276,86,65,150,-5
463519,32,817,16545,-15,-278,91,65,151,-6
463533,48,826,16542,-18,-279,86,62,148,-8
463547,48,819,16550,-19,-280,92,59,152,-5
463561,27,815,16545,-22,-274,86,64,153,-5
463575,16,815,16536,-20,-279,83,64,153,-6
463589,-7,811,16555,-18,-281,86,63,150,-3
463603,0,819,16549,-19,-274,84,63,151,-2
463617,1,841,16551,-15,-279,88,62,154,-1
463631,12,838,16546,-16,-272,90,62,151,1
463645,23,837,16534,-18,-282,84,61,152,-3
463659,23,824,16535,-17,-280,84,64,152,-3
463673,26,808,16545,-19,-275,83,63,150,-6
463687,21,803,16543,-18,-278,84,65,147,-1
463701,25,807,16546,-20,-280,88,65,151,3
463715,26,817,16537,-19,-274,85,64,152,1
463729,5,839,16553,-16,-276,87,62,154,-3
463743,-4,836,16534,-15,-278,88,62,151,-6
463757,-10,843,16550,-18,-280,91,64,150,-2
463771,-16,833,16560,-20,-281,87,65,156,-3
463785,17,829,16552,-23,-277,82,64,156,-2
463799,25,818,16556,-15,-278,83,64,152,-6
463813,50,811,16546,-18,-280,89,68,148,-3
463827,46,819,16550,-13,-277,86,65,151,-1
463841,22,836,16549,-21,-280,85,63,150,-1
463855,20,836,16549,-20,-279,90,65,152,-4
463869,-13,827,16547,-16,-280,91,64,150,-6
463883,-25,825,16551,-17,-282,90,65,148,-7
463897,-22,835,16542,-18,-279,82,63,153,-3
463911,11,832,16547,-12,-276,88,64,149,-3
463925,15,825,16535,-17,-275,88,66,148,-1
463939,35,822,16543,-17,-282,86,63,150,-3
463953,31,811,16542,-16,-287,87,65,153,-2
463967,29,819,16548,-14,-284,81,63,155,2
463981,20,816,16551,-18,-280,84,66,152,-1
463995,1,829,16545,-18,-274,80,63,148,-4
464009,10,824,16544,-20,-278,92,65,147,-4
464023,7,830,16538,-15,-277,85,65,148,-3
464037,7,832,16543,-17,-277,84,63,149,-4
464051,9,826,16537,-19,-277,87,63,152,-2
464065,20,810,16530,-18,-279,82,66,154,-2
464079,28,813,16538,-14,-276,83,68,148,-5
464093,17,809,16534,-18,-283,88,65,149,-5
464107,31,824,16532,-20,-276,85,66,153,-2
464121,24,826,16547,-22,-280,77,61,152,-2
464135,14,824,16542,-16,-284,89,64,150,-2
464149,1,843,16516,-18,-277,89,64,155,-3
464163,-22,856,16547,-23,-279,94,63,155,-4
464177,-41,844,16538,-21,-276,89,66,150,-3
464191,-27,821,16539,-23,-276,83,64,149,-2
464205,23,809,16570,-20,-279,80,64,153,2
464219,97,786,16522,-21,-283,76,63,150,3
464233,124,792,16558,-21,-281,83,66,150,-5
464247,70,808,16537,-11,-277,94,66,150,-3
464261,27,829,16544,-17,-275,93,65,153,-4
464275,-82,868,16555,-15,-278,90,66,147,-5
464289,-94,863,16541,-23,-275,89,65,150,-5
464303,-58,838,16548,-19,-279,78,67,156,2
464317,-6,821,16547,-23,-283,81,62,148,-3
464331,51,799,16534,-14,-282,88,63,150,-6
464345,104,797,16544,-18,-276,92,66,157,3
464359,107,794,16545,-24,-274,97,68,153,1
464373,25,813,16533,-19,-279,95,67,153,-5
464387,-19,825,16551,-15,-279,86,66,149,-1
464401,-55,843,16557,-18,-279,79,68,150,-2
464415,-47,839,16562,-17,-278,75,63,155,-2
464429,0,832,16530,-20,-278,82,63,153,-3
464443,34,825,16534,-17,-278,91,67,144,-3
464457,40,823,16545,-19,-275,90,67,149,-4
464471,36,823,16550,-22,-275,93,63,152,-5
464485,1,815,16540,-22,-279,93,67,150,-3
464499,8,816,16548,-20,-278,82,64,152,-4
464513,9,819,16535,-21,-276,77,61,151,-2
464527,20,819,16542,-23,-276,82,66,149,-2
464541,40,838,16549,-20,-277,92,67,146,-2
464555,27,836,16541,-19,-277,93,64,146,-2
464569,-24,844,16552,-16,-278,96,62,148,-3
464583,-42,845,16551,-15,-277,89,65,153,2
464597,-22,833,16560,-21,-280,84,66,153,-1
464611,-4,819,16540,-21,-274,82,65,153,-4
464625,69,796,16548,-21,-277,79,64,148,-5
464639,89,799,16547,-15,-279,84,63,150,-3
464653,65,808,16532,-20,-280,90,65,150,-3
464667,26,820,16557,-19,-281,98,64,151,-4
464681,-49,845,16541,-19,-285,93,67,152,-4
464695,-74,852,16548,-20,-277,89,68,150,-5
464709,-39,850,16549,-20,-276,86,70,149,-5
464723,-7,829,16542,-13,-277,81,68,152,-3
464737,66,802,16537,-19,-280,85,66,149,-5
464751,89,801,16542,-13,-279,83,66,148,-5
464765,84,809,16542,-18,-280,91,65,149,-4
464779,39,817,16547,-10,-273,90,62,149,-3
464793,8,839,16549,-15,-276,88,64,152,-4
464807,-41,845,16551,-18,-278,85,64,151,-4
464821,-29,850,16536,-20,-279,81,64,151,-3
464835,-5,834,16541,-22,-281,78,60,151,-5
464849,11,827,16540,-20,-275,89,63,149,-7
464863,43,820,16533,-19,-270,89,65,151,-3
464877,39,813,16540,-21,-276,92,66,151,-2
464891,20,809,16549,-19,-280,89,63,155,-3
464905,14,814,16554,-20,-275,84,63,150,-3
464919,20,822,16541,-19,-278,86,63,148,-2
464933,29,821,16529,-19,-284,81,67,150,-3
464947,28,823,16540,-16,-277,90,64,153,-4
464961,28,832,16542,-18,-275,92,64,152,-3
464975,-12,840,16554,-13,-278,95,61,152,-3
464989,-33,851,16552,-19,-274,88,63,150,-2
465003,-24,832,16552,-17,-277,89,63,152,1
465017,-5,829,16542,-18,-279,88,62,153,-2
465031,54,796,16544,-21,-277,81,64,149,-3
465045,78,797,16543,-18,-282,83,64,152,-5
465059,73,807,16537,-20,-281,88,65,153,-5
465073,39,819,16535,-19,-282,89,66,153,-1
465087,-32,849,16544,-15,-282,95,68,150,-1
465101,-49,859,16545,-24,-283,90,67,147,-2
465115,-27,864,16543,-14,-278,88,67,152,-1
465129,-13,848,16546,-14,-275,85,66,155,-6
465143,40,809,16549,-21,-281,83,65,148,-3
465157,71,800,16557,-21,-280,80,66,148,-2
465171,68,797,16543,-20,-280,95,64,152,-3
465185,48,806,16533,-16,-279,95,66,147,-4
465199,-238,835,16552,-21,-278,87,64,152,-2
465213,-28,840,16545,-17,-278,87,63,150,-2
465227,-34,835,16554,-19,-277,79,65,152,1
465241,-19,831,16547,-24,-278,81,63,150,1
465255,0,832,16534,-16,-278,85,67,146,-2
465269,33,812,16537,-21,-282,87,68,150,-2
465283,26,810,16540,-22,-283,94,66,146,-1
465297,21,816,16538,-23,-278,90,64,150,-2
465311,14,823,16547,-17,-280,91,64,153,-4
465325,12,817,16545,-20,-276,84,67,155,-3
465339,9,816,16546,-14,-277,83,67,152,-5
465353,25,814,16555,-16,-277,82,65,152,-6
465367,18,822,16550,-20,-284,85,63,149,-6
465381,14,831,16552,-16,-281,92,62,149,-3
465395,4,838,16536,-20,-282,87,62,149,-3
465409,-13,837,16551,-15,-278,86,65,150,-2
465423,3,826,16551,-15,-282,81,63,149,1
465437,32,816,16544,-14,-280,80,62,151,4
465451,41,810,16548,-15,-278,84,66,147,-1
465465,52,806,16551,-18,-278,87,66,147,-2
465479,31,814,16541,-12,-275,84,70,156,1
465493,7,845,16545,-25,-276,94,68,153,-1
465507,-8,842,16542,-21,-279,90,67,152,-6
465521,-22,847,16553,-19,-278,84,64,152,-2
465535,-6,841,16550,-19,-282,86,61,149,2
465549,27,815,16546,-20,-276,85,66,155,-2
465563,47,810,16540,-15,-278,86,65,153,-3
465577,51,801,16536,-16,-281,92,65,153,-4
465591,38,812,16539,-21,-279,94,63,152,-4
465605,7,832,16547,-15,-273,92,67,150,-3
465619,-8,832,16543,-26,-279,87,70,149,-1
465633,-19,839,16546,-24,-281,85,64,152,-2
465647,-13,835,16541,-28,-278,89,65,152,-5
465661,0,816,16538,-17,-279,83,67,153,-1
465675,21,808,16540,-20,-276,87,63,148,1
465689,29,815,16543,-17,-277,89,62,150,-3
465703,27,818,16545,-16,-277,92,64,154,-2
465717,27,822,16544,-18,-277,86,60,150,-2
465731,25,827,16548,-22,-281,91,62,149,-2
465745,24,816,16539,-20,-277,85,65,149,-1
465759,28,807,16548,-16,-277,86,67,150,-4
465773,22,811,16547,-18,-280,85,69,150,-3
465787,3,829,16545,-21,-282,88,65,150,1
465801,-8,836,16561,-22,-276,89,67,153,-3
465815,-10,842,16540,-19,-279,85,68,150,-4
465829,-3,835,16543,-19,-279,89,65,154,-7
465843,30,815,16552,-19,-278,87,64,152,-6
465857,43,812,16547,-14,-278,84,64,150,-1
465871,45,803,16551,-19,-280,87,66,149,1
465885,38,803,16560,-19,-277,90,67,152,-2
465899,13,822,16537,-13,-275,91,66,152,-2
465913,-9,835,16533,-14,-278,90,68,149,-2
465927,-19,866,16531,-13,-272,90,65,149,-4
465941,-27,853,16541,-14,-281,88,68,147,-3
465955,3,821,16529,-20,-279,86,68,150,-3
465969,20,812,16536,-16,-279,86,64,147,-1
465983,37,808,16549,-18,-276,89,65,148,-2
465997,38,810,16545,-21,-280,90,62,150,1
466011,26,827,16548,-21,-278,87,67,154,-1
466025,16,827,16534,-17,-279,90,69,150,-2
466039,5,832,16537,-18,-275,84,64,153,-1
466053,2,823,16546,-20,-282,80,65,152,-4
466067,-4,821,16535,-15,-281,89,62,149,-6
466081,-3,820,16537,-18,-274,87,65,152,-2
466095,4,822,16545,-19,-277,91,67,153,-7
466109,18,824,16536,-21,-278,90,65,154,-5
466123,14,834,16538,-23,-281,88,66,154,-1
466137,27,825,16544,-20,-282,84,66,150,2
466151,44,814,16540,-16,-283,87,66,149,-4
466165,19,804,16540,-19,-278,94,67,150,-6
466179,9,809,16551,-22,-275,84,67,152,-4
466193,2,840,16564,-20,-278,87,65,148,-2
466207,9,858,16543,-20,-277,87,64,148,-7
466221,-3,851,16535,-26,-282,84,62,150,-5
466235,9,836,16570,-19,-281,86,66,149,-5
466249,25,813,16520,-23,-280,83,64,150,-5
466263,29,794,16565,-18,-278,84,65,148,-3
466277,36,801,16524,-19,-279,87,65,153,-2
466291,39,808,16539,-22,-282,90,62,157,-2
466305,25,837,16535,-18,-285,94,69,150,-3
466319,14,851,16540,-15,-278,84,67,152,-3
466333,-13,835,16541,-16,-280,79,68,147,-3
466347,-1,827,16546,-26,-274,87,65,148,1
466361,-4,814,16536,-20,-273,88,66,146,-4
466375,9,805,16538,-26,-283,82,66,152,-4
466389,22,816,16533,-18,-282,88,64,150,-4
466403,24,824,16553,-22,-284,90,63,149,-3
466417,26,841,16539,-25,-278,89,63,152,1
466431,17,838,16533,-19,-276,88,65,149,-1
466445,10,823,16542,-13,-272,85,64,152,-4
466459,2,819,16529,-17,-280,88,64,152,-6
466473,8,814,16544,-15,-278,85,65,150,-5
466487,10,814,16547,-18,-277,92,62,152,-1
466501,7,834,16544,-17,-280,89,61,152,1
466515,2,838,16540,-20,-276,90,64,152,-1
466529,3,835,16532,-11,-274,84,64,150,-2
466543,20,822,16546,-17,-277,84,61,146,-3
466557,28,808,16530,-19,-278,85,64,151,-5
466571,37,800,16527,-16,-275,88,65,151,-6
466585,29,797,16549,-20,-280,83,62,151,1
466599,15,823,16532,-23,-278,89,65,151,2
466613,0,831,16546,-17,-280,88,66,150,-4
466627,-8,852,16542,-16,-277,87,67,147,-3
466641,-13,848,16537,-17,-280,86,63,149,-2
466655,0,824,16537,-20,-280,85,62,151,-4
466669,11,807,16543,-20,-272,85,62,153,-3
466683,27,803,16544,-19,-277,85,67,153,2
466697,33,814,16539,-15,-281,85,65,149,-1
466711,21,831,16543,-14,-284,88,68,150,-4
466725,14,840,16543,-15,-276,88,61,150,-5
466739,8,847,16528,-22,-281,87,62,152,-5
466753,-2,837,16538,-23,-280,86,64,150,-4
466767,2,814,16545,-18,-281,85,64,152,-4
466781,10,810,16541,-16,-276,85,64,152,-6
466795,23,817,16546,-17,-277,87,62,153,-6
466809,30,816,16545,-15,-279,88,62,151,-4
466823,34,831,16532,-19,-278,89,65,151,1
466837,24,837,16535,-17,-276,89,66,153,-1
466851,11,824,16534,-20,-279,88,65,155,-5
466865,9,811,16532,-22,-277,89,64,152,-4
466879,3,809,16535,-21,-277,88,67,152,-3
466893,11,811,16533,-17,-278,89,68,148,-6
466907,1,837,16546,-17,-279,88,67,149,-3
466921,10,852,16542,-18,-280,86,64,152,-5
466935,2,845,16538,-21,-278,89,63,151,-4
466949,3,829,16533,-19,-278,83,66,151,-4
466963,25,811,16539,-13,-273,87,65,150,-5
466977,25,800,16549,-18,-278,84,61,153,-5
466991,24,809,16550,-23,-276,87,66,152,-2
467005,12,818,16537,-22,-277,88,65,150,-5
467019,2,826,16529,-19,-276,88,64,148,-4
467033,1,849,16540,-17,-276,83,64,150,-2
467047,2,851,16535,-24,-277,89,68,150,-5
467061,3,826,16524,-16,-273,82,63,148,-2
467075,21,812,16525,-19,-280,84,64,153,-4
467089,24,803,16553,-20,-278,93,65,155,-3
467103,32,797,16546,-19,-279,83,64,149,-4
467117,21,810,16542,-22,-276,87,62,153,-7
467131,8,829,16539,-28,-277,84,65,149,-4
467145,20,845,16548,-16,-279,88,65,148,-3
467159,7,841,16551,-20,-275,81,63,150,-2
467173,-3,827,16524,-23,-280,84,67,148,-3
467187,7,818,16529,-19,-279,86,65,149,-3
467201,13,807,16549,-25,-281,91,67,150,-6
467215,22,814,16545,-16,-277,81,64,149,-4
467229,21,827,16542,-15,-278,83,63,152,-2
467243,20,839,16540,-14,-285,84,66,150,2
467257,18,833,16548,-20,-278,87,65,154,2
467271,11,825,16541,-18,-282,90,66,154,-2
467285,11,820,16545,-25,-282,84,65,154,-1
467299,7,817,16540,-23,-276,88,66,147,-3
467313,3,823,16541,-23,-276,86,66,150,-1
467327,16,840,16543,-22,-275,86,66,150,-1
467341,24,841,16521,-16,-277,88,62,152,-1
467355,23,838,16530,-18,-281,93,65,154,-1
467369,22,823,16544,-13,-279,86,62,150,-2
467383,19,817,16540,-11,-272,87,62,149,-4
467397,12,807,16534,-22,-276,85,63,149,-5
467411,25,812,16537,-23,-280,85,65,153,-1
467425,28,836,16544,-23,-277,89,65,148,1
467439,11,845,16539,-18,-280,87,68,149,-5
467453,6,842,16531,-18,-280,84,69,149,-6
467467,9,829,16542,-17,-280,85,65,148,-8
467481,11,817,16549,-20,-280,90,65,150,-1
467495,18,809,16547,-20,-277,82,66,149,2
467509,25,805,16533,-14,-277,87,63,148,-3
467523,20,821,16535,-18,-275,88,63,149,-4
467537,26,820,16539,-20,-280,88,62,153,-3
467551,25,836,16535,-19,-279,91,63,147,-1
467565,12,844,16547,-17,-278,88,67,148,-1
467579,-6,834,16536,-24,-280,88,64,154,-2
467593,0,823,16534,-25,-279,91,62,149,-4
467607,14,801,16537,-15,-282,88,61,148,-6
467621,14,806,16525,-16,-276,87,70,150,-3
467635,27,813,16532,-19,-283,88,69,149,-3
467649,24,820,16540,-16,-277,90,65,146,-6
467663,14,831,16542,-16,-277,86,65,152,-2
467677,16,831,16545,-17,-278,84,63,153,-1
467691,8,816,16537,-22,-279,89,65,150,-1
467705,-1,819,16532,-22,-282,89,60,150,-4
467719,-1,824,16544,-23,-278,91,65,150,-8
467733,5,828,16545,-19,-275,87,66,147,-3
467747,11,829,16541,-19,-276,89,62,152,-5
467761,20,838,16545,-18,-273,86,64,150,-3
467775,17,819,16544,-18,-274,89,65,152,-3
467789,22,808,16550,-22,-280,87,64,149,-2
467803,23,812,16535,-23,-279,87,67,149,-4
467817,18,804,16543,-24,-278,86,65,150,-6
467831,9,825,16556,-20,-276,94,63,152,-7
467845,1,832,16545,-16,-277,86,62,152,-4
467859,4,834,16531,-18,-280,88,65,153,-2
467873,13,830,16536,-21,-281,82,64,150,-5
467887,10,819,16544,-14,-281,87,64,148,-4
467901,23,816,16539,-13,-276,85,63,148,-4
467915,23,816,16545,-24,-277,89,66,153,-3
467929,31,813,16540,-16,-275,86,65,150,-2
467943,26,818,16548,-18,-277,91,66,145,-2
467957,12,837,16548,-19,-282,90,63,152,-5
467971,9,834,16541,-23,-280,87,65,148,-5
467985,7,830,16534,-21,-277,84,67,152,-6
467999,3,828,16543,-18,-284,86,68,149,-4
468013,10,816,16549,-20,-276,84,69,150,-5
468027,2,815,16538,-20,-278,86,68,154,-5
468041,25,828,16537,-22,-278,90,65,150,-6
468055,28,833,16541,-18,-277,87,64,148,-4
468069,12,826,16550,-18,-281,93,62,149,-2
468083,11,824,16549,-20,-278,83,63,150,-1
468097,2,814,16536,-22,-280,84,64,150,-3
468111,1,811,16537,-22,-282,83,64,148,-2
468125,16,822,16549,-22,-277,87,63,152,-4
468139,23,833,16542,-20,-279,87,67,150,-5
468153,13,827,16550,-20,-279,87,66,152,-3
468167,17,825,16550,-21,-278,90,65,147,-4
468181,3,819,16559,-21,-277,88,67,152,-3
468195,10,810,16549,-17,-277,81,70,152,-4
468209,26,829,16529,-16,-281,87,67,149,-5
468223,26,832,16536,-18,-284,82,65,149,-3
468237,17,835,16547,-17,-275,86,65,156,-5
468251,15,835,16545,-19,-273,87,65,155,-5
468265,13,825,16538,-16,-281,90,63,152,3
468279,9,823,16542,-20,-280,87,65,153,2
468293,20,823,16545,-22,-281,86,67,149,-1
468307,21,814,16533,-23,-284,86,67,154,-4
468321,22,820,16532,-22,-277,88,66,152,-3
468335,23,819,16543,-18,-280,86,63,146,-3
468349,18,822,16563,-22,-280,87,63,148,-2
468363,22,831,16546,-15,-274,86,63,153,-3
468377,-4,840,16550,-20,-278,88,64,151,-1
468391,-4,827,16560,-19,-281,88,65,152,2
468405,-2,817,16516,-19,-279,88,64,151,-6
468419,14,818,16570,-22,-281,85,60,149,-6
468433,28,824,16553,-19,-281,88,59,153,-5
468447,32,817,16542,-20,-285,88,65,153,-2
468461,31,827,16564,-16,-278,90,63,153,-3
468475,18,828,16529,-18,-282,90,65,152,-4
468489,10,822,16542,-24,-276,86,64,150,-5
468503,-2,814,16538,-18,-275,85,66,151,-2
468517,7,806,16556,-16,-274,88,65,151,-4
468531,9,825,16557,-19,-279,83,68,151,-2
468545,21,822,16546,-19,-280,88,63,148,-4
468559,24,831,16542,-21,-278,90,67,150,-2
468573,28,834,16545,-24,-281,90,67,151,-6
468587,17,817,16547,-24,-280,88,69,150,-3
468601,7,820,16556,-20,-278,89,68,151,-4
468615,15,815,16541,-17,-278,87,66,155,-3
468629,20,818,16539,-19,-279,88,65,156,-2
468643,18,833,16558,-28,-278,91,66,151,-3
468657,15,833,16544,-17,-278,90,68,150,1
468671,18,843,16541,-16,-277,92,67,151,-2
468685,16,839,16539,-20,-277,87,63,152,-5
468699,19,819,16537,-18,-281,88,66,151,-3
468713,19,812,16548,-21,-275,87,64,151,-3
468727,27,802,16551,-20,-276,90,64,150,-3
468741,13,810,16546,-18,-279,87,63,149,-4
468755,22,830,16555,-24,-282,87,70,151,-2
468769,17,845,16559,-20,-283,87,70,151,-4
468783,4,847,16540,-18,-279,89,68,149,1
468797,-6,842,16537,-17,-276,86,68,150,2
468811,-4,834,16549,-16,-271,87,66,152,1
468825,8,806,16540,-13,-277,87,66,155,1
468839,25,809,16546,-21,-280,89,64,153,-2
468853,44,807,16547,-19,-282,87,65,153,-3
468867,59,817,16535,-24,-278,90,62,154,2
468881,32,839,16548,-22,-283,90,64,150,-3
468895,4,838,16558,-22,-276,87,63,152,-1
468909,-17,840,16541,-21,-273,84,67,155,-1
468923,-20,840,16550,-21,-277,85,62,154,-3
468937,-14,823,16548,-22,-280,87,63,153,-4
468951,-2,813,16538,-23,-276,83,65,153,-2
468965,32,821,16547,-18,-278,87,65,151,-3
468979,50,824,16553,-19,-278,93,65,152,-2
468993,41,822,16543,-19,-278,92,61,152,-2
469007,33,819,16554,-15,-277,93,65,151,-2
469021,4,815,16533,-18,-280,90,65,151,-5
469035,-7,817,16549,-20,-272,86,67,151,-5
469049,-6,832,16548,-23,-280,89,68,151,-5
469063,0,838,16547,-17,-283,88,66,152,-4
469077,13,835,16556,-19,-279,88,63,153,-6
469091,18,837,16557,-19,-280,89,63,149,-2
469105,31,816,16531,-19,-275,91,62,148,1
469119,29,813,16540,-16,-276,89,66,151,-3
469133,22,810,16528,-13,-276,85,66,151,-3
469147,14,817,16532,-21,-278,84,65,151,-3
469161,25,831,16544,-16,-273,89,69,151,-1
469175,14,835,16542,-21,-281,90,66,152,-6
469189,-1,835,16530,-15,-278,87,64,152,-5
469203,-13,839,16548,-19,-281,86,64,150,-2
469217,-9,816,16538,-14,-281,87,64,150,1
469231,2,799,16528,-15,-277,81,67,150,-3
469245,21,797,16554,-16,-277,82,67,151,-1
469259,41,809,16545,-16,-283,83,70,152,-4
469273,43,815,16550,-17,-279,81,67,149,-4
469287,21,827,16555,-18,-276,88,64,150,-5
469301,17,830,16542,-18,-283,89,66,150,3
469315,-12,835,16532,-17,-280,87,68,146,-2
469329,-15,839,16558,-17,-279,90,69,148,-4
469343,4,829,16531,-22,-280,88,66,150,-3
469357,10,823,16542,-24,-280,86,65,150,-3
469371,31,826,16549,-23,-281,87,66,153,-6
469385,44,827,16541,-18,-283,89,64,151,-8
469399,40,822,16543,-15,-282,92,64,155,-2
469413,27,827,16545,-18,-285,94,66,152,-4
469427,-4,826,16536,-21,-280,83,66,150,-2
469441,-13,823,16539,-25,-278,84,66,153,-6
469455,-6,827,16551,-19,-281,90,65,150,-2
469469,-1,826,16534,-16,-279,86,67,153,-2
469483,14,836,16548,-17,-282,87,69,150,3
469497,28,832,16535,-18,-279,86,71,149,-1
469511,24,823,16544,-20,-276,87,65,152,-2
469525,28,822,16552,-17,-279,88,65,152,-1
469539,22,815,16535,-17,-278,86,64,152,-2
469553,22,815,16539,-19,-278,85,60,151,-3
469567,6,822,16542,-17,-275,91,63,150,-3
469581,6,821,16521,-21,-276,91,66,151,-2
469595,-1,835,16540,-20,-280,83,67,148,-1
469609,7,839,16541,-16,-282,83,65,149,-1
469623,4,828,16531,-19,-281,81,64,148,-2
469637,3,824,16545,-25,-279,83,65,149,-3
469651,16,807,16538,-21,-282,83,64,151,-2
469665,18,814,16532,-20,-280,87,67,149,3
469679,26,819,16554,-20,-283,81,71,154,-2
469693,21,833,16539,-18,-281,87,70,151,-1
469707,14,831,16530,-13,-278,88,65,150,-4
469721,-7,833,16552,-19,-281,89,65,149,-4
469735,0,828,16556,-20,-278,91,65,150,-4
469749,13,819,16531,-20,-279,84,68,153,1
469763,13,814,16538,-22,-275,89,70,154,3
469777,26,803,16547,-20,-275,88,69,153,-3
469791,26,808,16550,-20,-278,91,62,152,-5
469805,22,823,16546,-19,-280,89,66,151,-5
469819,7,824,16532,-10,-278,83,64,145,-2
469833,6,837,16540,-16,-271,86,63,150,-3
469847,2,830,16556,-16,-271,84,66,155,-1
469861,3,823,16543,-17,-276,86,69,150,-5
469875,12,819,16538,-19,-280,90,66,146,-8
469889,25,825,16549,-21,-277,89,64,153,-2
469903,24,820,16525,-19,-276,86,63,150,-2
469917,21,832,16556,-24,-273,89,65,147,-2
469931,21,823,16561,-22,-281,86,67,147,-1
469945,3,820,16530,-19,-282,89,69,146,-4
469959,-1,825,16539,-19,-279,86,64,150,-3
469973,14,809,16541,-13,-280,86,66,152,-5
469987,10,817,16541,-22,-280,85,62,150,-2
470001,26,822,16553,-23,-277,85,65,147,-4
470015,18,820,16546,-19,-275,87,67,150,-3
470029,20,823,16538,-17,-276,81,66,149,2
470043,17,826,16561,-17,-278,83,64,148,-1
470057,6,826,16534,-10,-276,83,68,153,1
470071,1,817,16531,-17,-281,85,63,149,-4
470085,1,819,16549,-19,-281,92,64,148,-6
470099,8,823,16544,-15,-276,89,66,152,-4
470113,21,831,16527,-13,-275,85,65,152,-3
470127,27,837,16545,-19,-278,84,64,152,-2
470141,32,843,16544,-19,-279,84,62,149,-2
470155,17,826,16549,-17,-282,89,63,150,-5
470169,14,823,16555,-21,-279,84,65,154,-3
470183,12,805,16544,-19,-277,86,65,153,-4
470197,19,804,16530,-17,-279,83,64,149,-3
470211,21,815,16549,-16,-274,86,69,150,-6
470225,24,831,16533,-16,-276,88,66,155,-4
470239,25,837,16547,-17,-275,84,66,153,-4
470253,28,835,16552,-18,-278,90,64,146,-4
470267,10,819,16536,-15,-279,90,62,153,-1
470281,5,811,16548,-20,-279,90,63,150,-3
470295,6,801,16542,-15,-277,90,66,153,-4
470309,13,814,16531,-17,-282,87,66,155,-5
470323,19,822,16551,-23,-281,84,67,154,-5
470337,32,828,16553,-24,-274,88,65,150,-7
470351,16,839,16532,-17,-274,84,68,150,-2
470365,8,831,16539,-19,-281,84,66,153,-6
470379,-5,816,16545,-20,-278,86,67,150,-6
470393,-9,820,16534,-21,-284,89,66,148,-4
470407,11,819,16566,-19,-278,90,66,152,-2
470421,17,822,16555,-17,-275,90,65,153,-4
470435,28,833,16528,-22,-278,86,69,153,-6
470449,18,837,16552,-21,-275,89,68,154,-6
470463,22,815,16539,-13,-277,87,66,150,-1
470477,12,803,16537,-8,-281,83,67,152,-1
470491,-5,804,16553,-15,-278,89,66,153,-1
470505,7,809,16529,-16,-280,84,63,151,-4
470519,9,835,16548,-24,-279,87,65,152,1
470533,23,835,16551,-16,-278,88,65,152,-6
470547,18,840,16527,-20,-276,85,66,152,-4
470561,14,834,16532,-20,-282,86,64,153,-5
470575,5,825,16547,-15,-279,81,65,149,-4
470589,15,815,16534,-17,-278,85,64,150,-6
470603,10,818,16551,-21,-285,89,62,154,1
470617,7,821,16566,-22,-282,85,67,152,-1
470631,20,831,16542,-16,-282,90,66,152,-5
470645,14,830,16539,-21,-276,82,65,151,-1
470659,13,832,16556,-19,-278,87,66,149,-3
470673,4,826,16528,-19,-280,86,64,150,1
470687,-1,820,16541,-23,-278,86,64,148,-5
470701,7,819,16553,-21,-280,86,65,150,-6
470715,18,822,16521,-21,-282,81,65,152,-2
470729,26,828,16557,-17,-275,86,66,150,1
470743,30,823,16563,-13,-281,86,66,151,-1
470757,13,835,16519,-20,-280,85,66,152,-5
470771,9,834,16540,-15,-277,85,68,153,-4
470785,7,812,16538,-15,-284,85,65,150,1
470799,2,822,16528,-23,-275,88,63,149,-2
470813,0,823,16555,-21,-279,86,68,155,-5
470827,11,824,16554,-16,-281,85,66,150,-4
470841,29,832,16535,-16,-280,83,62,149,-3
470855,25,831,16555,-22,-279,85,66,152,-4
470869,19,823,16539,-18,-282,88,61,148,-2
470883,17,814,16530,-18,-279,84,66,147,-2
470897,-3,820,16555,-20,-275,88,63,150,-1
470911,-5,821,16546,-16,-281,86,61,153,-2
470925,21,817,16541,-14,-280,88,71,153,-5
470939,22,818,16563,-18,-281,87,68,152,-3
470953,24,828,16543,-20,-282,85,67,152,-2
470967,28,825,16538,-17,-281,87,64,150,-2
470981,19,823,16549,-15,-279,86,64,153,-3
470995,16,814,16542,-13,-278,86,66,153,-4
471009,20,815,16560,-18,-280,88,67,150,-6
471023,10,816,16553,-22,-277,88,66,146,-2
471037,11,827,16532,-22,-279,90,64,147,-3
471051,5,844,16539,-14,-276,86,65,148,-2
471065,11,844,16545,-16,-282,84,65,154,1
471079,4,829,16535,-17,-275,87,62,147,-1
471093,-1,820,16541,-16,-281,88,62,148,-6
471107,17,803,16539,-14,-278,87,62,147,-4
471121,30,816,16533,-13,-284,85,64,150,-5
471135,31,821,16561,-17,-279,84,62,148,-4
471149,32,825,16543,-17,-282,89,65,149,-6
471163,21,830,16526,-19,-278,85,67,149,-4
471177,12,836,16552,-16,-280,83,69,150,-4
471191,-18,808,16543,-21,-282,86,66,147,-3
471205,-24,809,16540,-19,-277,86,66,149,-3
471219,12,814,16551,-18,-278,83,67,153,-1
471233,36,842,16539,-20,-276,84,70,149,1
471247,38,857,16543,-17,-275,89,69,153,-1
471261,32,840,16550,-16,-279,90,66,149,1
471275,9,809,16538,-14,-277,87,63,148,1
471289,-2,801,16543,-14,-278,86,62,149,-2
471303,4,799,16559,-24,-285,82,68,152,-3
471317,16,811,16540,-17,-279,77,69,152,-1
471331,38,849,16541,-15,-277,83,64,152,-4
471345,31,856,16550,-13,-284,84,66,152,-5
471359,18,846,16522,-18,-270,85,65,149,-2
471373,8,829,16543,-21,-279,89,65,148,-2
471387,-24,800,16547,-14,-277,87,66,149,-3
471401,-9,794,16538,-17,-276,89,64,149,-4
471415,7,815,16546,-21,-278,90,63,152,-3
471429,48,829,16547,-17,-274,86,63,150,-6
471443,57,849,16547,-15,-275,86,68,148,-5
471457,38,846,16543,-17,-276,90,68,152,-2
471471,10,837,16540,-15,-281,87,64,147,-4
471485,-25,822,16544,-18,-280,86,62,153,-4
471499,-24,806,16560,-15,-277,80,65,153,-2
471513,5,807,16556,-15,-273,82,63,152,-5
471527,24,821,16547,-17,-274,83,63,149,-6
471541,45,836,16546,-25,-277,84,62,152,-5
471555,44,842,16548,-17,-280,84,66,149,-6
471569,36,829,16534,-21,-279,85,68,146,-4
471583,15,815,16552,-19,-284,87,65,148,-3
471597,-12,798,16540,-20,-276,84,63,150,-4
471611,-10,808,16538,-12,-281,86,66,152,-1
471625,1,829,16564,-22,-283,82,67,152,-3
471639,16,843,16549,-15,-278,88,67,149,-3
471653,36,851,16531,-21,-280,89,64,152,-1
471667,28,840,16540,-14,-278,86,62,152,-2
471681,14,816,16539,-13,-275,87,62,152,-2
471695,4,804,16543,-16,-279,88,63,149,-5
471709,13,794,16550,-18,-286,84,65,147,-3
471723,9,810,16538,-19,-276,78,70,147,1
471737,28,835,16550,-16,-279,81,69,150,-1
471751,26,844,16536,-22,-274,82,66,152,-4
471765,13,848,16549,-21,-275,86,68,149,-3
471779,-1,844,16545,-17,-280,87,63,150,-8
471793,-5,817,16542,-14,-282,87,65,149,-4
471807,0,807,16550,-20,-279,89,65,150,-2
471821,26,808,16536,-21,-281,87,65,152,-4
471835,37,809,16536,-18,-276,84,64,152,-2
471849,53,827,16542,-19,-278,90,64,153,1
471863,35,834,16534,-20,-280,89,61,152,3
471877,18,830,16555,-22,-280,86,63,153,-2
471891,-13,821,16550,-20,-279,88,65,155,-5
471905,-27,813,16553,-19,-278,88,64,149,-4
471919,-10,818,16551,-18,-276,78,65,154,-2
471933,1,823,16531,-18,-281,81,65,150,-4
471947,26,831,16533,-16,-280,84,67,148,-1
471961,38,834,16536,-20,-280,92,65,150,-2
471975,24,822,16552,-22,-282,90,64,155,-4
471989,17,811,16556,-19,-278,87,67,150,-3
472003,-6,815,16536,-22,-275,86,66,148,-1
472017,-4,809,16539,-23,-277,88,64,150,-3
472031,-7,826,16550,-17,-278,88,63,156,-3
472045,7,827,16553,-20,-280,87,65,154,-2
472059,13,842,16546,-18,-282,87,69,150,-5
472073,32,839,16544,-22,-283,88,70,150,-4
472087,22,835,16532,-19,-283,92,68,146,-2
472101,16,819,16546,-16,-279,88,67,149,-5
472115,4,810,16546,-15,-277,86,66,153,-4
472129,-5,814,16549,-18,-275,89,66,147,2
472143,7,824,16547,-14,-280,83,66,152,3
472157,21,827,16535,-21,-281,84,64,150,-3
472171,31,834,16535,-20,-276,84,63,153,-4
472185,26,830,16544,-20,-274,84,62,156,-4
472199,2,820,16552,-17,-279,91,66,150,1
472213,-1,820,16548,-26,-281,93,68,147,-2
472227,-10,816,16541,-19,-275,88,65,150,-5
472241,-4,820,16536,-16,-280,86,64,149,-5
472255,31,815,16546,-20,-281,83,67,150,-4
472269,39,823,16539,-19,-274,89,63,152,-1
472283,39,823,16523,-20,-278,92,64,150,-2
472297,18,817,16531,-19,-277,94,66,148,-7
472311,-2,819,16557,-18,-280,92,64,147,-8
472325,-19,817,16554,-19,-278,89,62,149,-5
472339,-23,821,16534,-22,-280,85,67,153,-6
472353,2,836,16535,-21,-281,84,64,153,-4
472367,16,842,16540,-16,-282,83,62,152,-5
472381,44,823,16542,-16,-277,80,63,153,-8
472395,51,817,16535,-12,-274,85,66,152,-3
472409,30,814,16531,-13,-282,86,71,150,-2
472423,14,812,16542,-20,-277,90,69,150,-1
472437,-6,828,16542,-16,-281,88,67,148,-6
472451,-8,827,16539,-14,-284,90,63,148,-7
472465,-2,837,16542,-14,-279,85,65,149,-8
472479,12,837,16546,-23,-276,87,66,148,-4
472493,11,826,16527,-17,-280,88,64,148,-1
472507,7,817,16529,-17,-281,82,67,147,-3
472521,14,804,16535,-21,-282,89,69,149,-2
472535,3,805,16532,-20,-276,89,64,152,-1
472549,15,821,16544,-11,-281,86,63,155,-1
472563,18,833,16532,-15,-283,84,64,154,-3
472578,23,839,16534,-18,-277,85,67,153,-4
472592,17,834,16535,-14,-284,85,67,153,-5
472607,12,829,16535,-19,-281,86,67,149,-3
472621,1,821,16540,-21,-279,91,68,148,-3
472635,-11,821,16537,-19,-280,90,65,152,-3
472649,4,822,16535,-16,-281,86,64,148,1
472663,13,829,16532,-20,-282,86,64,153,-2
472678,25,838,16533,-16,-275,83,64,147,-5
472692,34,815,16537,-21,-282,86,63,150,1
472707,21,822,16539,-20,-277,92,62,148,-7
472721,-5,825,16541,-22,-278,92,65,147,-4
472735,-25,822,16534,-13,-281,86,63,150,-6
472749,-14,830,16534,-19,-277,87,63,148,-5
472763,7,828,16531,-16,-276,86,65,152,-2
472777,41,822,16532,-14,-273,81,68,152,-1
472792,44,823,16545,-15,-278,88,67,153,1
472806,36,822,16534,-13,-277,87,65,148,-6
472820,19,825,16548,-19,-287,89,67,148,-6
472834,-4,814,16552,-17,-280,85,68,149,-4
472848,-13,821,16540,-20,-278,85,68,148,-4
472862,5,829,16548,-20,-277,87,66,150,-5
472876,13,830,16533,-16,-280,83,62,149,2
472890,46,825,16542,-14,-278,85,65,149,-1
472904,44,828,16545,-18,-282,91,69,148,-3
472919,28,818,16543,-20,-281,89,66,148,-5
472933,13,814,16538,-19,-278,90,62,150,-4
472948,-11,821,16541,-21,-277,92,64,148,-5
472962,-19,822,16535,-19,-280,82,66,152,-2
472976,-1,827,16529,-23,-280,88,59,153,-2
472990,6,833,16557,-20,-279,84,64,152,2
473004,34,839,16546,-12,-279,86,67,149,1
473018,30,825,16562,-14,-279,82,66,150,1
473032,22,818,16552,-22,-275,90,65,154,-5
473047,15,808,16536,-21,-275,86,67,144,-4
473061,5,814,16546,-17,-278,82,66,144,-3
473075,1,817,16547,-18,-277,87,65,148,-5
473089,12,820,16542,-23,-280,87,62,150,-3
473103,14,825,16541,-21,-279,91,66,153,-5
473118,15,842,16549,-19,-279,86,68,149,-3
473132,-4,823,16544,-18,-279,89,68,147,-3
473146,-10,814,16542,-16,-280,87,67,142,-3
473160,-2,812,16533,-24,-278,87,68,146,1
473174,15,810,16543,-24,-277,90,63,153,-4
473188,36,809,16537,-18,-281,87,63,154,-2
473203,48,824,16540,-15,-280,87,64,148,-5
473217,6,832,16545,-16,-277,89,63,149,-2
473231,-2,836,16543,-14,-276,85,67,152,-3
473245,-9,839,16543,-16,-276,88,65,150,-4
473259,-6,834,16537,-20,-281,86,67,150,-5
473273,12,819,16552,-16,-280,86,65,150,-6
473287,35,810,16541,-17,-279,86,65,150,-5
473301,45,808,16544,-16,-278,88,66,149,-6
473315,39,807,16544,-21,-274,90,66,149,-5
473329,21,811,16532,-18,-281,85,63,152,-2
473343,-11,827,16539,-13,-273,87,68,150,-2
473357,-27,842,16549,-17,-280,84,68,153,-3
473372,-29,842,16541,-19,-281,87,65,149,-2
473386,-18,841,16535,-22,-277,87,63,150,-3
473400,37,826,16541,-14,-279,87,63,153,-7
473414,50,817,16539,-19,-277,83,66,148,-9
473428,58,802,16539,-21,-277,92,66,150,-6
473442,44,807,16535,-24,-273,88,64,155,-2
473456,14,819,16532,-21,-278,88,63,149,1
473470,9,828,16535,-19,-282,85,65,152,-2
473484,-9,831,16551,-16,-277,85,68,152,-5
473498,-12,844,16547,-18,-281,89,66,150,-6
473512,5,841,16542,-26,-280,87,66,154,-1
473526,-2,831,16546,-18,-279,85,67,156,-3
473540,12,822,16536,-17,-276,87,66,153,2
473554,27,814,16546,-20,-276,87,66,152,1
473568,28,821,16552,-19,-277,86,63,148,-3
473582,33,816,16555,-15,-281,84,64,153,-1
473596,23,807,16553,-20,-277,89,63,153,-3
473610,20,818,16544,-15,-281,89,67,152,-4
473624,-6,836,16532,-19,-277,88,63,153,-7
473638,-20,844,16536,-17,-277,87,62,152,-4
473652,-27,841,16532,-19,-278,87,64,154,1
473666,-17,836,16542,-19,-276,85,62,149,-1
473680,46,805,16545,-18,-273,83,63,148,-1
473694,67,802,16510,-20,-276,86,64,146,-4
473708,79,794,16571,-22,-279,90,65,150,-5
473722,63,802,16514,-22,-284,86,69,147,-5
473736,10,819,16567,-23,-279,90,67,147,3
473751,-22,837,16545,-18,-277,85,65,150,-6
473766,-46,860,16544,-17,-278,85,66,149,-4
473780,-50,855,16550,-18,-274,86,67,154,-1
473794,1,842,16550,-17,-274,88,66,150,-4
473808,19,819,16538,-14,-275,87,63,149,-1
473822,62,791,16557,-23,-284,85,65,150,-1
473836,69,788,16532,-19,-272,91,64,150,-3
473850,54,796,16573,-22,-275,88,64,150,-4
473864,30,817,16548,-17,-279,88,64,152,-5
473878,-2,840,16564,-24,-276,86,66,153,-1
473892,-13,846,16569,-19,-277,84,66,153,-2
473906,-31,841,16539,-20,-283,85,68,152,-6
473920,-26,833,16557,-23,-274,84,64,151,-2
473935,11,812,16529,-21,-277,89,68,148,-4
473949,27,809,16537,-21,-274,87,64,148,-1
473963,49,812,16556,-18,-274,81,64,147,-1
473977,50,815,16544,-15,-276,86,63,150,-2
473991,52,815,16540,-15,-283,87,65,147,-5
474005,37,821,16538,-15,-271,87,66,145,-3
474019,0,829,16547,-22,-280,85,68,152,-1
474033,-19,833,16549,-18,-275,83,65,152,1
474047,-32,843,16543,-21,-276,90,67,152,-4
474061,-24,843,16551,-18,-280,84,65,154,-3
474075,-8,829,16534,-15,-275,82,66,153,-1
474089,37,818,16538,-15,-274,86,68,153,-1
474103,71,802,16552,-22,-278,80,68,153,1
474117,58,798,16544,-20,-275,77,70,153,-4
474131,50,795,16549,-18,-274,86,67,155,-5
474145,0,812,16543,-17,-285,93,67,154,-2
474159,-18,827,16541,-19,-282,87,64,150,-6
474173,-47,858,16552,-16,-281,89,65,148,-3
474187,-29,860,16551,-19,-276,86,66,153,-4
474201,6,834,16548,-15,-275,85,68,149,-4
474215,18,817,16543,-18,-278,86,66,148,-5
474229,56,794,16547,-20,-276,89,67,150,-5
474243,66,788,16562,-21,-278,86,67,145,-2
474257,46,806,16521,-22,-277,92,66,152,-3
474271,28,828,16546,-21,-275,88,65,150,-1
474285,-12,839,16542,-20,-278,86,63,149,-1
474299,-16,850,16532,-19,-276,85,65,148,-4
474313,-16,844,16580,-13,-275,79,66,148,-4
474327,-9,832,16551,-14,-281,87,67,143,-2
474341,13,808,16557,-23,-276,94,64,145,1
474356,19,802,16548,-22,-278,87,66,150,-2
474370,39,807,16548,-17,-277,82,64,155,-1
474384,47,812,16558,-24,-273,83,62,155,-2
474399,26,835,16538,-17,-274,85,65,150,-2
474413,22,837,16536,-13,-276,83,65,149,-1
474428,-2,847,16540,-18,-284,84,65,150,-4
474442,-15,849,16539,-15,-279,86,66,153,-2
474456,-33,828,16551,-21,-281,91,65,153,-4
474470,-27,831,16541,-18,-279,87,66,153,-1
474484,10,820,16563,-15,-280,86,67,153,1
474499,36,824,16537,-21,-273,83,65,152,-5
474513,64,810,16540,-22,-275,88,63,150,-6
474528,54,820,16541,-19,-281,88,63,153,-1
474542,25,823,16532,-18,-285,85,65,148,-2
474557,-31,835,16549,-16,-278,92,65,152,-2
474571,-44,842,16543,-20,-279,94,65,152,-1
474585,-35,838,16542,-18,-279,85,63,149,-3
474599,-21,841,16540,-18,-278,84,65,152,-5
474613,31,832,16562,-27,-276,85,68,152,-7
474627,45,823,16562,-19,-281,86,63,150,-4
474642,60,800,16545,-18,-285,86,64,148,-4
474656,55,789,16547,-17,-279,89,65,148,-2
474671,43,802,16545,-23,-283,86,65,149,-1
474685,29,819,16545,-19,-277,91,67,148,-2
474700,3,848,16539,-16,-281,83,67,155,-3
474714,-2,859,16542,-14,-279,86,64,156,-3
474728,-1,851,16554,-20,-277,83,67,153,-4
474742,-19,848,16548,-20,-277,87,66,149,-4
474756,-9,820,16561,-20,-283,87,64,150,-7
474770,-1,807,16550,-16,-276,90,64,149,-5
474784,31,809,16544,-17,-277,85,60,149,-6
474798,44,810,16558,-19,-281,81,65,152,-4
474813,59,818,16538,-18,-275,76,63,149,-3
474827,49,814,16536,-19,-281,87,64,150,-3
474842,19,820,16541,-15,-278,84,65,150,-7
474856,-6,828,16540,-21,-281,90,67,148,-1
474870,-27,831,16541,-12,-279,91,66,150,-4
474884,-29,834,16553,-17,-276,81,62,150,-2
474898,-3,831,16548,-18,-279,81,67,150,-3
474912,22,824,16552,-16,-283,81,66,149,-2
474926,51,816,16554,-21,-282,83,68,153,-7
474941,52,811,16554,-17,-280,92,70,153,-5
474955,34,801,16550,-18,-281,93,67,149,-4
474970,10,808,16550,-21,-280,89,67,150,-1
474984,-21,825,16545,-19,-278,84,66,150,-6
474999,-29,834,16552,-19,-278,81,63,152,-1
475014,0,850,16551,-16,-279,83,65,148,-7
475028,22,834,16549,-13,-278,85,61,147,-5
475043,33,819,16547,-13,-280,91,65,149,-3
475058,40,808,16541,-19,-278,90,65,152,-2
475073,43,798,16539,-23,-280,92,67,147,-3
475088,21,809,16539,-20,-286,85,66,150,-2
475103,19,827,16552,-16,-278,87,69,154,-2
475118,2,834,16554,-20,-277,83,70,153,-4
475132,-6,851,16545,-13,-279,88,67,150,-3
475146,3,845,16547,-18,-281,86,67,152,-5
475160,-4,827,16548,-20,-277,84,69,150,-2
475174,-1,818,16550,-21,-279,81,65,152,-6
475188,11,813,16547,-16,-276,86,69,153,-5
475203,42,816,16553,-15,-277,87,69,153,-2
475218,41,820,16545,-19,-278,87,66,150,-4
475233,38,821,16551,-20,-279,89,67,150,1
475247,15,821,16545,-15,-279,86,65,147,-1
475261,-1,819,16552,-20,-278,84,68,149,-4
475275,-16,823,16547,-20,-278,82,65,150,-3
475289,-14,824,16549,-17,-273,86,65,153,-4
475304,-2,831,16555,-19,-277,81,61,148,1
475318,17,823,16553,-21,-274,88,63,151,-1
475332,55,817,16554,-22,-277,90,68,152,-3
475347,47,807,16558,-19,-279,89,67,153,-1
475362,33,804,16530,-15,-278,86,63,149,-3
475377,10,819,16554,-19,-281,89,63,151,-7
475392,-8,826,16546,-19,-282,84,72,150,-1
475406,-5,840,16552,-18,-281,88,68,148,1
475420,-4,845,16554,-18,-275,91,67,151,1
475434,13,842,16537,-17,-279,87,67,152,-2
475449,14,838,16546,-16,-273,84,65,149,-5
475464,28,813,16536,-21,-279,85,64,151,-1
475479,35,806,16543,-21,-279,86,64,152,-2
475494,24,816,16560,-15,-280,90,66,150,-3
475508,19,819,16544,-20,-278,87,63,149,-6
475523,12,833,16541,-17,-280,86,65,149,-3
475538,-1,831,16552,-20,-279,87,64,150,-5
475552,-8,833,16551,-19,-277,88,63,148,1
475566,-1,828,16535,-16,-273,88,67,149,-2
475580,7,815,16543,-18,-280,84,67,148,-4
475594,18,811,16543,-17,-277,84,63,146,-5
475608,23,808,16541,-17,-281,82,65,149,-4
475622,36,814,16537,-18,-277,85,67,150,2
475636,47,819,16539,-15,-280,87,64,153,2
475650,35,822,16550,-21,-275,93,64,152,-2
475664,3,829,16555,-23,-280,87,67,152,-2
475678,-4,830,16545,-17,-280,88,67,153,-3
475692,-7,830,16553,-14,-279,83,67,150,-3
475706,-9,827,16544,-17,-279,86,65,150,1
475720,15,824,16549,-18,-274,84,63,154,-2
475734,32,828,16549,-11,-274,84,66,154,1
475748,44,820,16540,-16,-277,90,66,150,-5
475762,42,815,16554,-13,-279,86,70,147,-3
475776,21,823,16528,-24,-282,88,66,147,-2
475790,6,821,16537,-23,-277,86,68,150,-3
475804,0,831,16554,-22,-280,85,65,148,-4
475818,-8,834,16542,-22,-277,92,63,148,-4
475832,4,833,16549,-21,-278,85,65,148,-3
475846,11,830,16537,-18,-281,86,63,150,-2
475860,31,820,16534,-18,-282,89,63,149,-3
475874,39,814,16546,-17,-274,92,66,149,-2
475888,34,805,16543,-19,-280,89,67,152,-4
475902,21,813,16542,-19,-277,90,67,149,-3
475916,10,826,16546,-19,-279,88,67,150,-4
475930,13,823,16539,-19,-283,88,65,148,-5
475944,-2,838,16554,-22,-277,90,63,152,-5
475958,10,839,16551,-21,-277,92,66,156,-1
475972,9,826,16539,-17,-280,84,62,150,-1
475986,13,812,16544,-14,-276,90,62,153,-1
476000,29,815,16546,-16,-273,91,61,152,-5
476014,31,814,16535,-20,-277,90,63,147,-2
476028,41,816,16555,-15,-283,79,64,146,-4
476042,34,831,16541,-16,-277,82,64,153,-7
476056,27,825,16552,-16,-279,87,63,154,-9
476070,-1,830,16544,-15,-282,87,65,147,-1
476084,-8,826,16539,-15,-280,86,65,149,-2
476098,-15,827,16551,-16,-278,89,63,149,1
476112,-16,825,16548,-19,-275,82,62,150,3
476126,10,824,16557,-15,-276,86,61,155,1
476140,21,830,16538,-19,-279,91,65,147,-3
476154,44,833,16550,-24,-279,88,64,148,-3
476168,56,827,16549,-18,-279,82,66,148,-8
476182,32,814,16538,-16,-277,85,67,147,-2
476196,17,810,16528,-17,-280,86,65,150,2
476210,-19,805,16552,-21,-280,88,65,148,-6
476224,-27,816,16553,-18,-277,86,65,150,-5
476238,-9,845,16544,-22,-278,86,61,154,-4
476252,4,852,16550,-16,-275,87,62,152,-3
476266,29,853,16533,-19,-280,88,61,150,-4
476280,29,840,16550,-18,-278,89,65,153,-7
476294,30,795,16542,-19,-278,88,64,154,-6
476308,28,787,16550,-18,-278,90,66,154,-4
476322,28,782,16541,-14,-283,81,63,154,-4
476336,33,807,16548,-21,-277,88,66,153,-3
476350,18,843,16540,-18,-276,85,65,149,-6
476364,18,859,16539,-18,-281,87,66,149,-4
476378,0,865,16544,-19,-281,92,68,153,-5
476392,-5,844,16548,-20,-281,88,66,155,-2
476406,-6,802,16547,-18,-281,88,67,154,-1
476420,18,801,16538,-16,-278,88,65,152,-4
476434,54,795,16531,-20,-276,87,65,152,-5
476448,58,808,16543,-23,-282,87,62,152,-3
476462,39,846,16507,-9,-279,83,64,153,-1
476476,17,852,16532,-20,-280,85,66,154,-6
476490,-26,851,16552,-13,-280,85,64,152,-7
476504,-34,846,16537,-18,-279,81,64,149,-5
476518,-30,825,16559,-13,-277,89,65,149,-2
476532,7,819,16528,-20,-271,83,67,148,-4
476546,40,811,16557,-20,-277,83,64,152,-4
476560,59,810,16537,-21,-277,89,63,152,-4
476574,70,813,16553,-21,-284,94,65,150,-3
476588,21,823,16550,-14,-278,87,65,155,-4
476602,5,829,16555,-19,-278,90,66,150,-3
476616,-26,838,16546,-19,-276,89,63,153,-3
476630,-33,836,16553,-18,-279,88,63,152,-2
476644,-11,830,16540,-18,-276,88,64,153,-2
476658,1,828,16540,-18,-273,84,66,153,-6
476672,37,828,16546,-17,-276,85,66,150,-4
476686,48,827,16545,-17,-277,87,64,154,-2
476700,42,814,16549,-19,-281,91,64,147,-4
476714,32,814,16536,-18,-281,87,68,149,-10
476729,9,813,16541,-19,-277,87,64,149,-1
476743,-2,830,16536,-17,-281,82,64,149,-3
476757,-6,840,16553,-20,-278,87,65,146,-3
476771,-2,845,16543,-20,-278,83,65,152,-3
476785,12,846,16544,-22,-279,86,65,152,-3
476799,16,843,16539,-20,-280,91,62,150,-3
476813,18,818,16542,-19,-277,87,64,153,-3
476827,25,802,16537,-19,-274,85,69,149,-6
476841,47,800,16540,-19,-281,85,66,150,-5
476855,41,801,16537,-20,-275,87,65,149,-3
476869,36,834,16551,-17,-279,86,65,150,-4
476883,25,841,16548,-17,-279,88,66,152,-6
476897,-30,847,16550,-19,-278,87,64,147,-5
476911,-33,852,16548,-23,-280,93,64,145,-8
476925,-13,818,16542,-20,-282,91,61,153,-4
476939,7,815,16547,-23,-276,83,61,153,-3
476953,35,805,16537,-21,-279,86,60,154,-1
476967,48,804,16542,-21,-278,90,66,152,-2
476981,59,811,16544,-17,-277,88,64,148,-1
476995,37,825,16544,-15,-279,88,65,154,-4
477009,-5,842,16551,-17,-283,86,65,150,-4
477023,-14,838,16544,-18,-280,87,66,150,-4
477037,-17,838,16540,-17,-278,82,65,150,-2
477051,-11,834,16551,-20,-279,83,65,152,-2
477065,-1,816,16534,-20,-277,89,66,152,-7
477079,40,811,16547,-16,-281,84,63,150,-5
477093,50,811,16537,-20,-277,89,64,153,-1
477107,33,817,16545,-20,-281,90,66,149,2
477121,27,819,16553,-26,-279,91,65,147,-1
477135,3,818,16539,-19,-277,86,61,149,-3
477149,-4,828,16541,-18,-277,85,60,148,-4
477163,-1,837,16541,-17,-277,84,66,146,-2
477177,3,838,16547,-17,-278,88,64,153,-5
477191,14,825,16546,-11,-280,86,63,152,-2
477205,13,821,16533,-16,-279,89,67,156,-4
477219,27,814,16556,-19,-276,85,66,152,-1
477233,30,813,16545,-21,-280,81,66,150,-4
477247,32,823,16552,-14,-277,85,65,153,-7
477261,29,822,16541,-19,-283,89,65,155,-2
477275,31,825,16547,-17,-275,87,65,150,2
477289,26,828,16545,-19,-278,87,64,149,1
477303,8,834,16543,-16,-276,90,65,149,-3
477317,5,833,16538,-13,-278,89,65,150,-4
477331,0,823,16560,-16,-279,84,68,149,-3
477345,12,817,16549,-18,-277,83,65,149,-1
477359,27,812,16542,-20,-277,86,66,149,-6
477373,37,819,16556,-15,-284,85,68,152,-4
477387,34,826,16534,-20,-279,88,67,149,-3
477401,28,828,16548,-20,-276,89,64,149,-3
477415,7,828,16552,-16,-281,91,71,150,-6
477429,-2,830,16547,-13,-288,89,65,154,-6
477443,-3,815,16546,-19,-280,88,66,148,-1
477457,-3,818,16536,-17,-281,86,65,148,-4
477471,7,823,16550,-21,-281,81,67,150,2
477485,23,822,16542,-21,-270,87,68,152,1
477499,38,826,16540,-19,-277,83,65,144,-2
477513,35,818,16546,-20,-279,89,67,150,-2
477527,25,815,16543,-21,-280,88,67,146,-4
477541,14,825,16549,-23,-275,88,65,148,-3
477555,17,834,16559,-20,-284,86,66,153,-3
477569,18,824,16549,-15,-279,85,69,149,-7
477583,9,831,16545,-20,-275,88,67,149,-7
477597,10,837,16549,-22,-281,91,66,153,-6
477611,1,834,16553,-16,-275,89,67,150,-4
477625,5,825,16542,-12,-278,89,63,150,-6
477639,9,815,16543,-16,-277,80,63,150,-5
477653,30,817,16546,-22,-277,84,64,152,-5
477667,39,820,16549,-24,-278,88,65,152,-5
477681,38,821,16543,-21,-280,88,68,152,-6
477695,23,828,16542,-21,-281,91,67,147,-8
477709,3,832,16549,-19,-283,86,65,146,-4
477723,-9,825,16548,-20,-276,85,65,152,-4
477737,-21,824,16550,-18,-280,84,63,148,1
477751,-8,826,16548,-20,-279,83,63,148,-8
477765,32,821,16542,-21,-274,83,63,148,-6
477779,46,822,16550,-18,-278,90,63,150,-5
477793,44,814,16547,-23,-281,81,67,152,-2
477807,30,813,16549,-20,-280,83,65,147,-3
477821,8,826,16545,-10,-279,89,67,152,-2
477835,-7,829,16548,-16,-278,85,68,150,2
477849,-20,835,16538,-25,-282,92,66,148,-3
477863,-7,834,16547,-19,-282,92,65,153,-6
477877,16,838,16545,-18,-275,87,64,150,-4
477891,34,826,16547,-19,-276,85,67,148,-7
477905,27,799,16539,-15,-282,84,67,147,-4
477919,25,808,16549,-19,-278,85,67,154,-5
477933,21,807,16541,-17,-278,86,65,155,-5
477947,12,811,16559,-19,-281,88,68,153,-5
477961,13,829,16541,-17,-280,86,64,150,-5
477975,8,839,16532,-17,-278,88,70,153,-1
477989,3,840,16548,-21,-278,85,68,149,-5
478003,13,838,16553,-12,-271,82,66,149,-5
478017,6,830,16553,-21,-285,86,68,148,-4
478031,5,818,16548,-17,-282,85,65,153,-6
478045,19,815,16552,-16,-275,82,65,152,-7
478059,20,812,16545,-13,-277,85,66,152,-6
478073,23,814,16549,-16,-281,87,65,152,-2
478087,42,813,16548,-16,-276,89,64,149,-1
478101,32,823,16548,-17,-282,89,64,148,-1
478115,-3,826,16550,-20,-279,86,64,150,-2
478129,-7,834,16557,-19,-278,85,64,149,-2
478143,-9,837,16551,-22,-280,87,64,149,-1
478157,-6,836,16541,-19,-276,89,66,148,-3
478171,16,826,16536,-14,-280,81,65,149,-5
478185,31,815,16537,-14,-276,90,63,146,-6
478199,44,817,16544,-23,-280,84,67,149,-2
478213,39,815,16539,-18,-278,86,66,150,-4
478227,19,815,16553,-19,-281,87,65,153,-4
478241,10,818,16549,-18,-274,89,63,152,-3
478255,-7,836,16533,-12,-282,86,64,153,-2
478269,-10,845,16550,-18,-278,86,67,148,-6
478283,11,841,16541,-17,-277,83,65,152,-4
478297,29,833,16548,-16,-278,86,63,150,-3
478311,25,817,16551,-19,-276,87,62,153,-3
478325,39,817,16547,-19,-274,87,65,155,-4
478339,32,814,16548,-21,-277,92,65,148,-2
478353,23,822,16551,-22,-277,84,63,155,-4
478367,11,822,16549,-19,-283,91,65,153,-2
478381,10,822,16547,-17,-278,90,64,147,1
478395,9,835,16543,-22,-278,82,63,149,-4
478409,-3,836,16545,-24,-278,87,63,148,-4
478423,-4,839,16548,-18,-282,87,64,148,-5
478437,17,833,16544,-18,-276,84,67,149,-2
478451,20,825,16552,-17,-277,81,63,149,-2
478465,42,806,16552,-20,-271,82,67,153,-3
478479,40,803,16542,-10,-275,81,66,152,-2
478493,41,813,16543,-17,-279,89,65,149,-1
478507,31,817,16536,-18,-277,88,66,154,-4
478521,7,819,16539,-19,-280,92,67,149,-2
478535,-2,830,16552,-15,-275,87,66,145,-1
478549,-17,840,16550,-18,-277,94,66,149,-5
478563,-13,833,16536,-20,-276,81,66,150,-3
478577,16,823,16561,-20,-280,84,64,152,-4
478591,24,822,16555,-22,-279,93,65,153,-4
478605,55,812,16542,-16,-274,85,65,152,-3
478619,60,803,16551,-21,-276,90,63,150,-3
478633,16,817,16546,-21,-276,91,63,146,-3
478647,6,825,16557,-20,-280,84,65,146,-5
478661,-21,848,16542,-21,-277,92,66,150,-3
478675,-30,848,16542,-22,-278,89,65,153,-3
478689,-9,827,16545,-20,-281,87,66,150,-7
478703,3,820,16561,-13,-278,86,65,149,-5
478717,37,809,16551,-18,-279,85,67,152,-4
478731,51,806,16542,-21,-277,86,65,146,-8
478745,50,822,16542,-22,-277,88,64,147,-4
478759,37,825,16544,-16,-280,90,65,152,-1
478773,2,819,16535,-24,-281,89,66,150,1
478787,-12,825,16547,-23,-277,88,66,148,-3
478801,-24,830,16544,-19,-278,86,65,148,-6
478815,-14,832,16541,-15,-278,90,65,149,1
478829,4,839,16549,-27,-277,89,64,148,-2
478843,14,829,16549,-22,-278,87,61,147,-4
478857,33,820,16543,-20,-286,84,68,153,1
478871,45,807,16548,-16,-275,81,68,149,-2
478885,42,808,16541,-13,-279,86,67,154,-6
478899,22,807,16533,-19,-277,87,65,153,-3
478913,18,814,16538,-21,-276,86,62,155,-1
478927,-1,840,16548,-21,-284,85,67,150,-2
478941,-5,844,16545,-19,-282,90,66,147,-7
478955,-5,845,16548,-20,-279,87,65,155,-2
478969,0,840,16541,-20,-282,88,64,152,-2
478983,21,820,16551,-15,-275,88,67,152,-2
478997,32,815,16551,-14,-282,92,65,152,-3
479011,44,796,16550,-22,-278,86,64,150,-3
479025,42,795,16550,-19,-279,90,65,149,-2
479039,31,836,16557,-23,-282,86,65,149,-4
479053,12,842,16557,-18,-279,84,63,153,-2
479067,-15,845,16554,-14,-278,84,66,152,-4
479081,-19,843,16563,-19,-275,86,65,152,-4
479095,-16,838,16546,-21,-281,92,62,150,-1
479109,-7,820,16556,-21,-272,85,62,151,-5
479123,32,806,16533,-20,-279,84,64,154,-1
479137,47,803,16538,-19,-278,87,66,152,-5
479151,60,809,16552,-21,-276,92,65,152,-5
479165,53,814,16551,-26,-281,92,62,147,-4
479179,10,827,16541,-20,-279,86,61,150,-2
479193,-12,835,16548,-18,-280,87,63,149,-3
479207,-25,839,16535,-16,-285,86,67,149,-5
479221,-22,834,16537,-21,-280,81,69,150,-6
479235,-2,824,16556,-19,-276,86,67,148,-4
479249,21,817,16559,-10,-274,84,66,148,-5
479263,42,824,16548,-16,-274,85,65,150,-3
479277,52,821,16539,-20,-273,87,65,152,-3
479291,49,817,16542,-22,-277,90,64,154,-6
479305,16,814,16546,-19,-280,92,67,149,-3
479319,11,814,16550,-18,-275,89,67,148,-1
479333,-9,834,16553,-14,-276,86,64,155,-4
479347,-16,841,16547,-17,-278,89,67,150,-4
479361,-2,841,16542,-21,-277,86,65,146,-5
479375,7,837,16540,-20,-278,84,65,150,1
479389,16,823,16551,-20,-276,86,66,150,-1
479403,21,810,16549,-18,-281,92,63,148,-2
479417,32,801,16539,-21,-277,87,65,147,-2
479431,34,811,16539,-16,-277,89,64,149,-2
479445,21,819,16541,-20,-277,89,63,143,-6
479459,24,830,16547,-17,-282,89,66,145,-3
479473,0,835,16556,-17,-279,87,61,154,-3
479487,-5,838,16551,-16,-280,91,65,152,-2
479501,-12,840,16552,-21,-278,87,66,148,-3
479515,-7,824,16552,-20,-280,90,66,149,-6
479529,27,810,16545,-16,-275,83,62,152,-5
479543,38,805,16543,-20,-279,86,64,148,-1
479557,51,811,16551,-20,-279,86,65,149,-4
479571,38,818,16543,-16,-282,91,66,153,-3
479585,17,829,16541,-23,-282,95,64,148,-6
479599,6,822,16544,-20,-278,90,63,148,-8
479613,-8,831,16557,-9,-276,90,63,148,-3
479627,-10,834,16549,-19,-275,86,62,147,-3
479641,-4,838,16562,-18,-273,82,63,150,1
479655,2,826,16565,-18,-276,86,67,154,-3
479669,32,821,16531,-20,-280,88,66,155,-2
479683,39,821,16544,-19,-280,87,68,152,-1
479697,45,806,16541,-19,-279,87,66,149,-3
479711,29,814,16544,-21,-283,86,63,155,-5
479725,24,822,16545,-16,-281,86,63,152,-6
479739,2,830,16538,-17,-278,83,64,150,-5
479753,1,833,16553,-22,-278,86,68,152,-4
479767,-14,839,16546,-17,-275,87,66,148,-7
479781,2,833,16547,-18,-278,89,65,148,-4
479795,11,828,16547,-20,-274,87,63,150,-2
479809,19,814,16540,-18,-284,81,65,150,-4
479823,21,812,16541,-14,-277,84,65,152,1
479837,32,812,16548,-19,-277,84,70,150,-1
479851,38,816,16540,-19,-279,88,61,153,-3
479865,21,821,16544,-16,-281,88,64,150,-2
479879,3,841,16538,-21,-283,89,65,147,-2
479893,3,838,16536,-19,-279,87,67,152,-4
479907,-16,838,16545,-22,-277,90,67,149,-5
479921,-15,827,16550,-18,-272,86,64,150,-3
479935,24,813,16551,-19,-272,85,62,152,-6
479949,38,819,16553,-26,-278,84,66,149,-5
479963,45,812,16542,-21,-280,89,66,150,-3
479977,40,818,16538,-22,-282,87,68,150,-2
479991,19,830,16547,-18,-272,88,64,154,-4
480005,12,826,16552,-21,-275,90,66,153,-3
480019,-6,827,16540,-20,-272,86,68,154,-2
480033,-8,826,16543,-15,-279,86,62,150,-3
480047,5,825,16564,-19,-277,86,63,150,-2
480061,7,822,16549,-21,-275,86,64,150,-7
480075,22,812,16542,-18,-281,82,67,148,-6
480089,20,814,16549,-17,-276,80,67,150,3
480103,27,816,16541,-21,-276,87,65,150,-3
480117,37,823,16547,-25,-278,84,66,152,-5
480131,33,827,16550,-17,-276,85,65,153,-5
480145,22,830,16552,-14,-282,87,66,155,-4
480159,11,825,16546,-13,-281,87,62,153,-5
480173,-7,817,16540,-17,-277,89,63,150,-4
480187,-6,813,16540,-20,-274,91,66,149,-3
480201,-11,832,16540,-17,-276,82,63,149,-4
480215,6,839,16554,-15,-279,86,59,152,-3
480229,36,835,16556,-22,-283,86,67,150,-7
480243,49,825,16540,-14,-279,80,63,147,-6
480257,42,820,16545,-17,-281,84,62,148,-4
480271,26,825,16558,-24,-281,89,64,155,-2
480285,-5,820,16551,-21,-277,88,66,152,-9
480299,-14,819,16556,-14,-277,87,68,153,-5
480313,-20,840,16539,-17,-278,85,65,148,-3
480327,-13,837,16544,-19,-278,85,63,150,-6
480341,20,829,16552,-18,-283,88,63,155,-1
480355,36,825,16547,-18,-280,86,65,156,-2
480369,35,811,16538,-23,-280,87,65,148,-6
480383,37,802,16542,-14,-280,85,66,150,-5
480397,15,793,16544,-13,-279,85,65,149,-3
480411,7,803,16539,-19,-276,85,67,148,-6
480425,-8,835,16542,-18,-277,88,65,148,-5
480439,1,840,16552,-19,-278,86,64,154,-3
480453,-5,836,16540,-18,-279,88,63,150,-2
480467,8,830,16547,-15,-281,88,63,149,-2
480481,9,820,16545,-19,-276,88,65,150,-5
480495,15,798,16559,-20,-285,82,66,150,-4
480509,22,801,16554,-14,-280,84,65,149,-8
480523,38,812,16559,-18,-278,86,65,148,-5
480537,36,818,16537,-20,-279,89,65,152,-1
480551,33,834,16548,-16,-272,82,60,149,-3
480565,14,842,16542,-21,-278,86,64,149,-4
480579,0,836,16547,-20,-279,87,65,155,-5
480593,-14,823,16532,-17,-284,88,63,156,-5
480607,-5,822,16536,-17,-279,88,61,152,-5
480621,-3,818,16555,-16,-277,83,61,150,-4
480635,23,822,16542,-13,-275,80,64,145,-5
480649,41,817,16556,-16,-275,84,65,150,-2
480663,38,824,16529,-19,-282,89,69,154,-2
480677,35,814,16543,-20,-280,91,65,152,-2
480691,-7,817,16544,-20,-278,86,62,147,-2
480705,-18,821,16542,-23,-286,88,61,150,-1
480719,1,843,16545,-14,-273,88,65,147,-3
480733,2,843,16531,-19,-282,87,66,148,-4
480747,19,823,16561,-14,-274,90,65,154,1
480761,21,815,16537,-17,-277,91,64,149,-3
480775,31,810,16557,-15,-276,89,65,147,-4
480789,24,812,16543,-21,-278,88,65,147,-6
480803,28,816,16534,-15,-280,87,64,146,-4
480817,26,826,16540,-16,-278,88,69,150,1
480831,30,841,16551,-19,-276,85,65,147,-2
480845,19,836,16538,-19,-279,87,64,148,-5
480859,13,833,16559,-18,-279,88,64,148,-5
480873,6,825,16552,-15,-277,86,63,149,-5
480887,2,814,16552,-15,-276,90,64,149,-4
480901,-1,819,16559,-15,-278,83,65,149,2
480915,15,833,16545,-17,-278,84,65,150,-1
480929,27,833,16547,-15,-276,78,65,149,-3
480943,36,830,16558,-20,-282,89,66,150,-3
480957,33,821,16551,-13,-274,90,67,155,-5
480971,13,821,16547,-18,-280,83,67,156,-3
480985,10,819,16554,-18,-278,88,65,149,-1
480999,8,820,16543,-16,-280,90,68,152,1
481013,6,827,16534,-20,-281,88,67,151,1
481027,13,834,16537,-21,-275,88,68,147,-5
481041,30,832,16544,-22,-278,85,66,149,-2
481055,37,823,16540,-11,-278,86,66,153,-2
481069,18,803,16540,-14,-276,86,61,152,-4
481083,25,797,16556,-22,-282,92,65,151,-6
481097,17,806,16549,-18,-281,85,71,149,-4
481111,10,809,16551,-14,-280,85,69,151,-4
481125,9,823,16547,-11,-280,85,69,151,-2
481139,6,834,16541,-18,-282,83,67,151,-3
481153,3,832,16540,-16,-275,89,69,150,-3
481167,14,826,16544,-24,-272,86,64,149,-4
481181,24,824,16550,-18,-274,87,64,147,-6
481195,18,822,16558,-23,-280,91,65,151,-4
481209,28,816,16545,-17,-279,89,65,151,-3
481223,22,820,16551,-18,-272,87,66,148,-6
481237,13,820,16535,-21,-280,83,64,153,-3
481251,10,827,16553,-17,-279,84,62,152,2
481265,16,831,16542,-24,-277,88,64,149,-4
481279,9,827,16544,-25,-282,91,64,149,-3
481293,1,834,16549,-16,-279,86,66,148,-5
481307,3,835,16556,-20,-281,85,61,151,-7
481321,12,826,16549,-13,-276,80,62,155,-4
481335,25,824,16559,-20,-275,86,64,151,-3
481349,26,822,16550,-17,-280,87,66,150,-5
481363,26,819,16553,-16,-279,84,64,147,-2
481377,24,821,16548,-17,-281,87,66,149,-1
481391,15,824,16543,-16,-276,87,66,148,-1
481405,5,826,16546,-17,-280,90,63,151,-4
481419,2,834,16546,-23,-276,88,62,149,-4
481433,2,837,16540,-19,-278,87,65,149,-6
481447,6,832,16537,-21,-280,86,67,146,-2
481461,15,821,16554,-13,-279,85,67,146,-2
481475,22,821,16545,-18,-275,86,63,150,-4
481489,24,824,16546,-18,-278,89,66,150,-1
481503,20,816,16541,-22,-276,86,66,151,-6
481517,16,810,16549,-19,-278,84,65,149,-6
481531,4,826,16548,-23,-283,84,67,151,-4
481545,11,827,16549,-22,-280,87,67,150,-3
481559,9,826,16547,-25,-283,87,67,151,-4
481573,7,827,16550,-17,-279,86,70,153,1
481587,17,824,16551,-16,-275,91,66,151,1
481601,23,826,16552,-19,-280,86,63,150,-4
481615,24,816,16550,-17,-276,82,67,152,-3
481629,19,821,16552,-19,-280,87,68,150,-2
481643,25,816,16546,-20,-282,87,68,151,-3
481657,14,821,16546,-19,-282,87,66,150,-3
481671,13,825,16547,-21,-282,88,65,149,-3
481685,20,830,16553,-18,-283,90,65,149,1
481699,1,832,16542,-21,-279,90,65,150,1
481713,0,828,16549,-18,-281,85,63,151,-5
481727,10,820,16546,-21,-278,86,65,152,-3
481741,13,819,16540,-20,-277,88,67,151,-6
481755,23,814,16542,-20,-278,90,66,149,-5
481769,28,819,16548,-14,-278,86,69,149,-6
481783,19,821,16558,-24,-278,86,65,152,-5
481797,18,826,16544,-15,-279,87,65,151,-5
481811,4,822,16546,-21,-281,88,63,149,-2
481825,-2,824,16560,-19,-275,87,66,150,-4
481839,17,823,16538,-18,-276,87,66,152,-5
481853,9,826,16534,-18,-277,84,63,153,-3
481867,25,828,16547,-22,-274,86,65,153,-4
481881,36,830,16557,-18,-278,87,65,149,-3
481895,22,817,16550,-13,-278,85,63,147,-5
481909,22,818,16550,-14,-280,89,64,147,-4
481923,9,827,16555,-13,-282,83,64,149,-1
481937,6,827,16562,-19,-280,85,65,150,-4
481951,11,828,16541,-18,-277,85,66,151,-3
481965,11,826,16544,-21,-282,83,64,149,-3
481979,15,825,16547,-23,-282,84,68,147,-4
481993,22,817,16553,-18,-282,83,67,151,-6
482007,14,825,16553,-21,-279,85,65,149,-7
482021,12,825,16545,-15,-273,84,63,153,-3
482035,14,825,16549,-14,-278,84,64,150,-3
482049,13,827,16545,-20,-273,88,64,149,-5
482063,19,829,16549,-20,-282,85,62,152,-4
482077,10,823,16549,-15,-281,86,62,153,-5
482091,12,824,16551,-23,-280,85,67,152,-3
482105,12,829,16545,-19,-282,90,67,151,-5
482119,12,827,16543,-17,-277,86,67,148,-6
482133,15,817,16561,-26,-279,82,65,154,-7
482147,14,819,16550,-20,-280,88,65,150,-4
482161,28,823,16562,-18,-284,88,66,149,1
482175,31,824,16550,-21,-276,85,66,150,-1
482189,15,821,16547,-13,-279,83,67,151,1
482203,16,822,16552,-15,-276,85,64,150,-2
482217,0,836,16547,-15,-281,85,66,153,-5
482231,7,835,16550,-18,-275,86,65,150,-4
482245,10,822,16543,-19,-281,89,65,149,-3
482259,23,818,16534,-20,-277,85,68,148,-3
482273,29,814,16549,-25,-278,86,68,148,-2
482287,26,814,16543,-25,-277,90,73,151,-4
482301,17,819,16547,-17,-275,90,65,154,-4
482315,8,820,16552,-17,-277,89,64,149,-4
482329,3,825,16541,-21,-280,87,63,153,-2
482343,5,827,16545,-18,-279,83,66,150,-2
482357,16,824,16536,-19,-279,88,70,152,-5
482371,27,827,16548,-15,-271,90,67,146,-4
482385,21,813,16559,-19,-276,88,66,149,-4
482399,17,818,16560,-22,-277,92,66,149,-2
482413,16,819,16554,-14,-278,89,66,153,5
482427,7,819,16547,-17,-279,92,67,155,-1
482441,9,819,16561,-20,-279,84,66,148,-5
482455,4,823,16559,-16,-277,82,65,149,-4
482469,15,829,16548,-17,-274,87,66,147,-1
482483,16,834,16549,-14,-271,87,66,148,-1
482497,20,833,16557,-22,-280,83,65,150,-4
482511,13,822,16549,-18,-278,89,68,152,-1
482525,13,816,16542,-21,-279,84,66,152,-3
482539,17,814,16542,-15,-279,83,66,150,-7
482553,16,809,16542,-18,-281,79,66,149,-7
482567,27,832,16553,-19,-277,82,64,148,-6
482581,26,836,16550,-17,-278,88,68,149,-5
482595,33,834,16549,-10,-278,89,67,149,-5
482609,33,833,16549,-14,-274,84,68,152,-2
482623,9,818,16551,-16,-280,90,67,150,2
482637,3,809,16549,-19,-278,85,65,152,-5
482651,5,820,16559,-18,-281,84,64,154,-3
482665,18,824,16556,-15,-287,81,65,153,1
482679,29,831,16546,-18,-282,84,67,154,2
482693,32,838,16547,-20,-277,84,67,155,-2
482707,6,833,16550,-20,-287,87,66,153,-4
482721,9,839,16534,-19,-278,89,66,153,-3
482735,6,823,16565,-17,-278,88,65,150,1
482749,7,817,16552,-21,-277,87,65,152,-7
482763,23,819,16560,-20,-276,86,64,150,-4
482777,31,823,16550,-19,-276,82,67,153,-5
482791,34,821,16541,-23,-279,91,66,150,-4
482805,31,825,16540,-19,-274,88,66,152,-3
482819,18,827,16553,-19,-280,92,65,156,-4
482833,18,830,16549,-14,-278,87,64,154,-4
482847,16,829,16557,-17,-278,85,65,150,-4
482861,9,820,16557,-17,-281,88,65,149,-6
482875,12,822,16549,-19,-283,84,66,152,-4
482889,29,817,16550,-24,-278,84,63,148,-3
482903,10,820,16545,-24,-279,85,67,148,-5
482917,-3,839,16560,-19,-279,87,65,153,-5
482931,-1,830,16557,-21,-280,84,66,150,-6
482945,5,828,16554,-18,-280,81,67,148,-2
482959,20,826,16556,-14,-283,86,68,149,-3
482973,31,820,16554,-17,-281,83,67,153,-4
482987,29,824,16557,-18,-280,84,64,149,-3
483001,22,830,16546,-13,-273,89,62,152,-6
483015,15,826,16548,-18,-275,90,64,152,-6
483029,10,832,16552,-19,-282,88,64,152,-2
483043,1,828,16536,-19,-275,84,63,152,-2
483057,5,833,16553,-19,-282,81,64,149,-4
483071,11,820,16549,-19,-278,87,67,148,-1
483085,30,820,16547,-25,-281,84,67,150,-3
483099,25,820,16557,-15,-277,83,67,150,-4
483113,21,819,16549,-20,-281,85,66,150,-4
483127,18,818,16551,-15,-279,84,65,154,-5
483141,14,821,16549,-16,-279,82,65,155,2
483155,15,825,16546,-11,-276,86,65,149,-3
483169,14,818,16551,-16,-281,83,64,149,-7
483183,10,817,16549,-17,-277,80,65,149,-5
483197,17,827,16549,-15,-280,87,65,147,-3
483211,18,833,16546,-14,-280,94,66,150,-3
483225,8,818,16544,-17,-282,79,69,153,-1
483239,5,825,16545,-12,-275,89,67,149,-4
483253,8,824,16541,-16,-279,84,64,150,-6
483267,14,825,16539,-17,-281,84,65,154,-7
483281,16,832,16552,-15,-276,87,64,153,-4
483295,22,838,16549,-17,-280,89,64,152,-5
483309,19,841,16553,-9,-280,86,65,148,-6
483323,9,833,16552,-16,-280,86,64,150,-7
483337,3,827,16551,-20,-280,84,62,153,-5
483351,7,818,16544,-20,-280,81,60,152,-4
483365,7,821,16551,-19,-286,81,64,148,-3
483379,21,817,16552,-20,-284,83,63,149,-1
483393,35,822,16544,-18,-281,85,62,152,-4
483407,21,828,16550,-19,-275,84,66,149,-2
483421,21,830,16548,-14,-278,89,67,150,-4
483435,-1,820,16542,-21,-283,88,64,146,2
483449,-10,815,16539,-20,-285,88,66,149,-1
483463,13,818,16548,-18,-278,89,68,152,-2
483477,24,821,16547,-23,-274,87,67,150,-6
483491,35,827,16548,-17,-277,84,66,148,-2
483505,40,831,16542,-24,-277,85,65,150,-6
483519,11,825,16557,-18,-284,88,67,149,-8
483533,2,823,16559,-17,-277,85,66,147,-7
483547,-5,810,16542,-13,-279,81,65,150,-9
483561,1,809,16545,-15,-278,83,65,152,-7
483575,17,817,16547,-18,-281,88,70,150,-3
483589,23,829,16546,-21,-274,83,66,150,-3
483603,41,830,16540,-21,-283,88,63,153,-3
483617,36,834,16544,-22,-279,86,66,153,-2
483631,6,823,16553,-17,-280,85,67,153,-3
483645,3,816,16549,-16,-278,85,64,152,-5
483659,6,812,16553,-18,-278,91,64,150,-2
483673,12,823,16542,-25,-277,87,64,150,-2
483687,18,824,16543,-17,-276,86,65,152,-2
483701,26,834,16544,-16,-281,87,65,152,1
483715,25,836,16547,-15,-278,86,63,149,-8
483729,4,834,16542,-22,-281,88,63,152,-4
483743,-4,827,16548,-21,-279,82,65,150,-8
483757,0,822,16542,-17,-277,83,66,152,-5
483771,10,804,16559,-19,-280,82,68,150,-4
483785,24,809,16558,-17,-273,87,64,149,-5
483799,26,816,16546,-18,-281,89,66,149,-9
483813,34,828,16536,-18,-281,85,68,154,-4
483827,28,838,16530,-19,-280,86,63,152,-3
483841,1,836,16551,-18,-277,87,62,152,-3
483855,-6,834,16557,-21,-284,82,65,149,-5
483869,0,822,16553,-17,-279,87,68,148,-3
483883,11,823,16547,-17,-281,85,65,148,-6
483897,32,824,16550,-10,-284,84,67,146,-2
483911,31,829,16551,-15,-279,84,68,150,-3
483925,39,829,16545,-15,-279,81,64,148,-3
483939,27,831,16556,-12,-276,84,68,149,1
483953,9,817,16551,-14,-275,84,64,147,-5
483967,1,817,16536,-20,-277,88,67,147,-5
483981,9,830,16549,-21,-279,83,69,149,-3
483995,15,832,16547,-19,-281,85,64,153,-1
484009,20,836,16545,-16,-279,84,61,152,-2
484023,17,833,16549,-16,-274,87,65,149,2
484037,21,827,16547,-15,-278,89,63,152,-4
484051,14,821,16546,-13,-280,85,65,152,1
484065,15,808,16540,-14,-274,90,64,150,-7
484079,14,810,16535,-16,-283,88,67,153,-7
484093,10,824,16549,-16,-285,87,65,149,-5
484107,9,828,16549,-19,-277,83,63,154,-3
484121,15,837,16549,-20,-276,89,65,153,-4
484135,15,836,16547,-17,-280,86,62,153,-3
484149,14,837,16542,-13,-276,90,65,154,-5
484163,16,828,16550,-11,-281,85,65,153,-7
484177,23,814,16565,-21,-276,88,66,150,-4
484191,31,810,16564,-21,-277,87,64,152,1
484205,31,814,16546,-14,-280,87,65,152,-3
484219,28,823,16547,-18,-276,88,65,149,-4
484233,19,829,16542,-15,-282,88,63,152,-3
484247,-3,833,16555,-18,-280,92,64,149,-3
484261,-11,824,16551,-20,-280,87,64,153,-4
484275,-6,823,16546,-20,-282,85,62,150,-3
484289,4,827,16542,-20,-286,84,63,149,-3
484303,17,832,16547,-19,-279,83,66,150,-7
484317,27,831,16547,-19,-284,90,66,149,-9
484331,34,830,16554,-16,-279,85,65,150,-3
484345,19,828,16569,-17,-281,85,67,147,-5
484359,5,814,16545,-16,-280,85,67,149,-6
484373,3,817,16549,-15,-281,77,65,150,-6
484387,5,820,16541,-19,-275,83,64,152,-4
484401,3,827,16544,-10,-280,81,66,149,-7
484415,16,837,16549,-11,-278,91,62,150,-1
484429,17,837,16549,-14,-281,83,64,153,-2
484443,9,835,16545,-17,-278,91,68,150,-1
484457,13,827,16543,-12,-275,84,71,150,-1
484471,15,815,16552,-24,-279,84,65,150,-4
484485,9,812,16546,-19,-278,84,66,150,-5
484499,22,829,16551,-12,-279,87,64,152,-5
484513,21,836,16548,-16,-280,84,63,150,-5
484527,26,833,16551,-22,-278,86,64,149,-1
484541,21,836,16558,-23,-277,91,64,147,-1
484555,6,831,16549,-17,-277,86,63,147,-1
484569,-1,817,16557,-20,-273,84,67,149,-3
484583,-6,820,16543,-19,-276,84,65,153,-5
484597,4,811,16543,-15,-280,88,66,152,-7
484611,13,813,16553,-16,-281,85,67,154,-6
484625,22,836,16543,-18,-279,83,66,157,-7
484639,28,837,16541,-16,-279,83,67,149,-4
484653,16,818,16548,-15,-278,86,68,149,-2
484667,12,814,16554,-17,-285,88,69,150,-4
484681,8,818,16542,-15,-282,86,67,147,-5
484695,6,820,16536,-16,-280,87,66,149,-5
484709,19,822,16557,-18,-279,89,64,153,-8
484723,31,828,16562,-19,-281,86,65,153,-9
484737,19,837,16540,-21,-273,83,66,146,-6
484751,19,833,16549,-19,-274,85,61,150,-4
484765,11,811,16543,-18,-276,80,61,152,-2
484779,7,810,16544,-18,-279,84,71,152,-3
484793,1,814,16540,-15,-275,84,70,155,-5
484807,4,820,16528,-18,-276,85,65,154,-6
484821,32,839,16542,-17,-274,84,63,148,-1
484835,33,846,16535,-20,-277,91,62,147,2
484849,26,834,16546,-13,-276,89,68,149,-4
484863,17,819,16546,-15,-280,80,65,148,-6
484877,7,808,16552,-17,-278,87,65,149,-5
484891,3,810,16554,-20,-281,87,67,148,-4
484905,28,820,16550,-19,-278,92,66,149,-4
484919,23,829,16546,-19,-277,90,68,150,1
484933,18,839,16550,-15,-280,83,69,148,1
484947,7,833,16550,-21,-280,84,68,152,-2
484961,9,825,16561,-16,-282,86,65,150,-2
484975,4,819,16556,-18,-278,85,67,149,-2
484989,-7,819,16554,-16,-278,89,65,153,-5
485003,-2,820,16558,-18,-279,84,65,153,-7
485017,11,830,16548,-16,-276,82,65,149,1
485031,20,832,16553,-25,-284,84,66,148,-4
485045,30,827,16548,-20,-277,90,66,149,1
485059,27,822,16548,-22,-279,84,67,149,-2
485073,20,815,16552,-15,-280,86,68,151,-3
485087,-6,818,16548,-14,-280,85,64,152,-5
485101,-3,819,16554,-23,-281,85,62,152,-2
485115,6,830,16544,-15,-278,84,65,152,-2
485129,-2,831,16549,-16,-282,80,62,152,-4
485143,16,827,16557,-20,-282,79,63,155,-6
485157,18,818,16543,-17,-283,81,66,149,-5
485171,31,807,16557,-15,-283,84,65,149,-4
485185,17,804,16557,-17,-279,89,65,152,-3
485199,4,818,16551,-21,-281,89,63,148,-6
485213,1,823,16567,-25,-279,84,67,150,-6
485227,0,845,16554,-22,-278,86,69,153,-2
485241,16,845,16550,-23,-278,89,66,150,-3
485255,23,830,16556,-18,-275,89,64,152,-2
485269,21,814,16555,-24,-281,85,64,152,-1
485283,26,814,16558,-22,-280,85,67,150,-2
485297,25,814,16557,-21,-275,86,65,149,-6
485311,2,825,16552,-24,-279,93,63,154,-6
485325,-2,833,16554,-26,-279,91,62,158,-5
485339,15,843,16556,-24,-276,85,66,152,-7
485353,29,841,16556,-23,-276,82,64,153,-6
485367,26,829,16545,-15,-280,81,65,153,-4
485381,17,824,16543,-19,-276,88,67,152,-6
485395,6,806,16553,-16,-279,88,65,154,-5
485409,2,811,16545,-21,-276,90,66,150,-2
485423,6,824,16563,-19,-279,85,65,148,-4
485437,5,830,16565,-19,-275,88,66,152,-3
485451,13,839,16550,-20,-278,89,60,152,-4
485465,37,838,16547,-21,-276,85,66,152,-1
485479,36,817,16558,-13,-283,87,64,150,-2
485493,22,810,16551,-19,-278,87,66,149,-4
485507,11,811,16556,-18,-284,90,67,147,-2
485521,0,825,16553,-16,-275,89,68,153,-3
485535,-5,835,16554,-19,-279,82,65,153,-7
485549,20,836,16556,-21,-279,82,63,152,-7
485563,30,846,16546,-19,-279,85,64,149,-4
485577,29,809,16553,-26,-280,84,65,149,-1
485591,24,810,16549,-18,-282,89,63,148,-2
485605,6,818,16543,-20,-278,91,66,152,-1
485619,-5,820,16543,-18,-281,86,64,153,1
485633,-5,833,16554,-17,-280,86,64,150,-1
485647,1,834,16554,-17,-279,88,65,150,-4
485661,24,836,16545,-17,-286,85,63,150,-3
485675,36,831,16550,-16,-282,86,65,148,-4
485689,34,810,16558,-17,-277,94,66,150,-2
485703,21,805,16555,-17,-281,94,63,152,-5
485717,4,811,16552,-19,-277,84,66,150,-2
485731,0,816,16546,-17,-280,91,64,150,-2
485745,11,826,16551,-21,-282,89,64,145,1
485759,15,830,16543,-17,-277,90,65,148,-4
485773,21,834,16563,-17,-279,85,62,150,1
485787,19,833,16565,-11,-276,87,61,152,-3
485801,17,822,16566,-14,-276,88,59,150,-1
485815,7,817,16561,-19,-277,87,64,149,-6
485829,-5,817,16553,-15,-278,88,65,152,-3
485843,6,825,16558,-17,-277,82,66,149,-4
485857,30,828,16552,-19,-278,87,69,152,-4
485871,43,830,16559,-16,-277,83,68,152,-1
485885,19,818,16559,-17,-280,84,63,153,-2
485899,18,820,16554,-17,-278,87,66,154,-2
485913,12,828,16557,-17,-279,91,64,152,-1
485927,-20,832,16566,-22,-277,90,67,149,-4
485941,-19,828,16537,-16,-279,85,66,149,-4
485955,-11,844,16547,-19,-270,85,66,150,-5
485969,0,834,16566,-21,-276,79,69,150,-6
485983,35,824,16550,-14,-279,86,65,147,-5
485997,46,824,16561,-18,-278,92,63,150,-4
486011,43,810,16554,-18,-279,92,63,150,-3
486025,26,799,16555,-19,-279,93,65,150,-4
486039,-10,828,16565,-15,-278,89,67,148,-3
486053,-21,829,16560,-15,-279,88,64,154,-5
486067,0,843,16557,-23,-276,86,65,150,-6
486081,5,837,16548,-24,-272,89,67,150,-6
486095,33,835,16558,-16,-279,89,64,150,-1
486109,36,833,16551,-16,-276,87,65,150,-1
486123,35,800,16559,-20,-280,89,66,149,-4
486137,32,800,16558,-20,-278,92,66,153,-6
486151,8,806,16558,-20,-276,81,65,150,-2
486165,16,815,16558,-18,-277,86,66,149,-5
486179,20,860,16558,-20,-277,87,69,149,-4
486193,18,865,16562,-19,-277,83,65,148,-1
486207,11,846,16543,-18,-278,86,64,147,-2
486221,2,834,16550,-21,-275,91,65,150,-4
486235,-2,806,16566,-18,-278,89,66,152,-2
486249,5,802,16558,-21,-283,91,66,152,-3
486263,38,806,16548,-19,-277,91,65,152,-2
486277,49,815,16557,-20,-279,86,61,149,-6
486291,49,834,16556,-19,-278,86,63,153,-2
486305,35,838,16552,-18,-273,87,62,150,-1
486319,-11,833,16556,-22,-273,87,67,147,-1
486333,-24,825,16558,-25,-280,89,64,150,-4
486347,-35,826,16566,-21,-281,92,63,154,-4
486361,-23,827,16564,-20,-275,87,67,152,-4
486375,6,826,16555,-21,-280,94,64,148,-5
486389,63,833,16551,-21,-278,89,64,152,-4
486403,62,828,16551,-22,-272,92,62,153,-4
486417,55,804,16571,-20,-276,90,62,152,-3
486431,35,799,16556,-18,-279,88,66,152,1
486445,-20,819,16552,-15,-278,92,65,153,-2
486459,-29,825,16555,-18,-280,87,67,150,-6
486473,-12,840,16546,-14,-279,86,69,146,-4
486487,-4,845,16551,-21,-284,87,67,149,-3
486501,23,838,16538,-21,-272,87,65,150,-3
486515,28,833,16552,-20,-279,87,63,153,-5
486529,20,816,16556,-20,-278,87,65,154,-3
486543,28,804,16553,-21,-279,86,65,154,-2
486557,14,802,16560,-16,-279,84,65,154,-3
486571,14,813,16563,-20,-279,86,67,152,-4
486585,9,835,16558,-18,-277,87,67,150,-3
486599,5,843,16556,-22,-279,86,65,150,-3
486613,-5,851,16547,-17,-282,90,65,150,-1
486627,-17,851,16543,-15,-277,86,61,146,-2
486641,-3,817,16560,-20,-277,89,63,152,-3
486655,3,810,16543,-17,-274,84,64,150,-2
486669,25,802,16563,-20,-280,80,65,154,-4
486683,37,800,16565,-17,-283,84,65,152,-4
486697,44,819,16550,-19,-284,86,62,152,-3
486711,35,830,16548,-18,-278,88,64,149,-6
486725,-3,844,16558,-17,-279,86,65,149,-3
486739,-11,840,16559,-21,-276,85,67,149,-7
486753,-37,833,16564,-17,-274,90,66,151,-5
486767,-30,827,16567,-15,-276,83,63,154,-5
486781,252,812,16555,-23,-277,84,67,152,-6
486795,34,815,16556,-20,-279,86,67,155,-5
486809,54,818,16559,-13,-280,86,67,148,-6
486823,54,822,16553,-18,-278,82,65,145,-4
486837,45,821,16558,-19,-281,86,65,148,-6
486851,-7,821,16558,-14,-279,90,64,153,-2
486865,-20,825,16567,-17,-276,82,67,153,-4
486879,-21,825,16576,-15,-280,86,67,150,-1
486893,-12,832,16565,-18,-281,84,67,149,-1
486907,23,833,16561,-17,-279,88,68,150,1
486921,37,829,16566,-15,-278,89,62,149,-6
486935,35,824,16557,-20,-278,89,65,152,-3
486949,36,820,16558,-20,-282,89,65,149,-4
486963,23,806,16549,-18,-284,90,64,152,-6
486977,28,811,16560,-19,-277,82,67,152,-5
486991,17,829,16567,-20,-278,86,61,150,1
487005,20,843,16569,-22,-277,88,63,152,-1
487019,10,849,16559,-23,-278,86,63,152,-1
487033,10,850,16566,-18,-280,87,63,152,-4
487047,-6,829,16543,-17,-277,87,64,150,-3
487061,4,819,16577,-19,-279,89,67,150,-1
487075,24,803,16540,-21,-283,89,68,148,-2
487089,38,803,16547,-14,-280,85,65,146,-1
487103,44,819,16549,-19,-278,88,64,151,-2
487117,39,831,16553,-20,-282,87,65,153,-3
487131,14,837,16554,-15,-276,86,70,146,-4
487145,-7,832,16558,-20,-279,93,65,149,-8
487159,-22,827,16554,-15,-281,88,66,149,-5
487173,-18,821,16559,-24,-281,89,67,152,-7
487187,1,820,16554,-18,-281,85,63,154,-4
487201,30,815,16551,-17,-280,88,67,150,-3
487215,66,814,16549,-16,-277,90,68,154,-3
487229,65,818,16545,-20,-279,86,63,149,-1
487243,46,816,16562,-15,-281,87,67,147,-1
487257,12,822,16551,-21,-271,82,66,153,-3
487271,-9,828,16570,-22,-282,89,66,152,-1
487285,-12,832,16556,-17,-278,83,67,149,-1
487299,-10,840,16569,-21,-276,86,68,150,-4
487313,15,819,16556,-17,-281,89,66,150,-6
487327,29,824,16551,-24,-278,88,66,154,-4
487341,54,821,16555,-20,-275,92,65,153,-3
487355,44,817,16539,-16,-279,88,67,153,-1
487369,17,817,16563,-17,-272,79,66,152,-3
487383,19,814,16552,-19,-279,87,67,153,-4
487397,-10,819,16565,-18,-281,86,67,153,-2
487411,-6,826,16558,-14,-282,83,65,152,2
487425,0,832,16553,-19,-277,84,67,149,-2
487439,4,838,16555,-18,-280,90,64,148,-3
487453,10,829,16565,-14,-278,92,65,148,-2
487467,24,824,16548,-16,-278,85,67,154,-4
487481,32,807,16560,-17,-279,88,66,153,-7
487495,39,800,16567,-17,-275,84,63,149,-5
487509,30,805,16551,-20,-285,86,67,150,-3
487523,35,818,16557,-18,-282,88,66,149,-5
487537,9,839,16559,-21,-279,89,62,150,-2
487551,-5,856,16549,-20,-279,89,66,153,-3
487565,-11,861,16562,-19,-277,90,65,152,-3
487579,-14,853,16558,-17,-276,85,63,148,-3
487593,1,818,16552,-17,-283,85,67,152,-2
487607,21,803,16565,-19,-280,85,62,152,-2
487621,61,794,16557,-21,-278,84,65,152,-2
487635,68,803,16550,-21,-279,86,65,153,-5
487649,52,834,16547,-20,-281,89,64,150,-4
487663,29,842,16563,-18,-281,93,65,149,-4
487677,6,847,16527,-13,-280,87,66,153,-4
487691,-47,841,16572,-19,-281,84,65,155,-5
487705,-43,828,16536,-15,-278,86,66,155,-3
487719,-17,822,16532,-20,-276,84,65,154,-2
487733,17,815,16581,-18,-280,89,65,150,-2
487747,78,817,16524,-13,-279,88,63,145,-4
487761,77,824,16536,-25,-278,88,66,146,-8
487775,59,806,16550,-18,-281,84,63,147,-4
487789,37,802,16529,-17,-273,84,64,149,-5
487803,-23,823,16582,-16,-277,85,65,150,-6
487817,-33,834,16555,-17,-276,85,65,150,-5
487831,-38,847,16561,-20,-283,87,63,146,-5
487845,-22,852,16560,-23,-278,87,70,148,-4
487859,15,845,16531,-22,-277,88,66,152,-3
487873,37,832,16559,-26,-273,90,65,154,-4
487887,56,797,16544,-18,-275,83,64,148,-4
487901,55,794,16550,-17,-284,90,67,152,-5
487915,46,805,16551,-16,-280,90,66,150,-2
487929,31,817,16530,-17,-277,90,62,149,-3
487943,-1,843,16573,-19,-281,89,62,154,-4
487957,-11,853,16561,-17,-277,89,65,149,-4
487971,-21,859,16541,-21,-274,84,68,149,-2
487985,-16,841,16547,-20,-275,84,60,154,-7
487999,2,815,16543,-14,-280,85,65,150,-6
488013,20,799,16546,-11,-279,83,69,147,-4
488027,73,792,16539,-17,-280,85,66,150,-2
488041,76,801,16542,-16,-278,86,66,149,-1
488055,56,826,16556,-20,-280,91,62,149,1
488069,32,837,16551,-13,-279,87,64,152,-1
488083,-32,847,16553,-21,-274,91,70,153,-4
488097,-41,847,16553,-17,-274,88,67,153,-5
488111,-32,843,16560,-19,-276,87,63,152,-5
488125,-26,842,16556,-12,-275,85,64,151,-4
488139,15,825,16557,-20,-279,83,67,152,-3
488153,63,815,16550,-19,-274,82,67,150,-2
488167,72,815,16543,-19,-277,84,67,150,-4
488181,60,817,16547,-20,-282,87,66,150,-6
488195,37,815,16560,-20,-282,84,65,155,-3
488209,-10,832,16557,-17,-279,82,65,150,-3
488223,-31,833,16565,-18,-279,81,68,156,-8
488237,-39,849,16557,-19,-279,79,68,152,-5
488251,-25,851,16555,-16,-279,86,65,147,-3
488265,13,833,16559,-22,-276,87,71,149,-6
488279,30,822,16552,-15,-282,88,64,149,-3
488293,44,809,16565,-19,-282,83,65,148,-5
488307,56,803,16559,-19,-282,84,61,149,-1
488321,33,802,16556,-20,-275,89,63,149,-2
488335,22,813,16552,-20,-284,87,66,149,-3
488349,3,842,16551,-21,-279,90,66,152,1
488363,-10,853,16555,-25,-276,88,66,147,-2
488377,-24,853,16561,-20,-277,92,69,148,-5
488391,-19,847,16551,-19,-280,87,67,148,-4
488405,13,820,16547,-20,-277,89,63,153,-2
488419,20,802,16542,-18,-278,86,65,150,-2
488433,53,791,16558,-18,-281,88,65,153,-5
488447,60,800,16554,-21,-281,82,63,154,-6
488461,49,816,16551,-20,-282,87,62,152,-6
488475,18,830,16551,-18,-274,84,64,149,-4
488489,-23,851,16541,-16,-279,85,62,146,-4
488503,-34,849,16559,-19,-278,87,67,154,-1
488517,-31,847,16550,-20,-274,89,66,152,1
488531,-22,835,16551,-24,-278,84,66,147,1
488545,22,815,16554,-24,-286,88,65,146,-2
488559,45,816,16557,-20,-279,88,64,152,-3
488573,63,801,16561,-28,-274,89,65,149,-4
488587,70,805,16552,-25,-274,90,67,150,-2
488601,56,811,16543,-16,-279,83,66,148,-6
488615,4,822,16547,-18,-279,88,63,149,-5
488629,-14,830,16548,-19,-276,86,63,149,-1
488643,-29,848,16561,-16,-282,86,65,152,-4
488657,-25,841,16550,-17,-279,82,65,148,-5
488671,2,826,16547,-13,-274,82,64,153,-4
488685,24,829,16550,-20,-279,85,62,155,-4
488699,39,807,16535,-18,-278,86,63,154,-3
488713,41,812,16537,-21,-278,86,66,150,-5
488727,28,810,16550,-22,-277,88,66,152,-5
488741,17,809,16559,-20,-280,82,69,150,-1
488755,3,835,16553,-20,-275,86,65,152,-3
488769,10,854,16550,-20,-283,86,66,152,-7
488783,10,856,16538,-19,-280,90,68,152,-3
488797,16,844,16557,-21,-282,84,67,153,-5
488811,5,811,16537,-26,-279,91,64,150,-6
488825,19,807,16557,-26,-280,89,64,150,-7
488839,27,801,16545,-18,-281,87,63,148,-8
488853,31,809,16547,-19,-283,89,66,152,-7
488867,35,829,16548,-18,-280,91,69,150,-7
488881,31,832,16548,-19,-284,84,62,152,-3
488895,3,835,16554,-25,-276,94,65,152,-3
488909,-8,833,16562,-20,-277,92,66,149,1
488923,-21,821,16561,-20,-275,89,68,150,-1
488937,-15,816,16564,-23,-278,84,66,154,-5
488951,25,821,16540,-14,-277,85,65,150,-5
488965,38,824,16528,-15,-277,87,67,149,-3
488979,32,826,16576,-16,-275,84,62,150,-6
488993,32,818,16564,-14,-280,87,65,152,-5
489007,35,811,16548,-12,-280,92,67,153,-2
489021,11,818,16552,-17,-271,88,64,149,-2
489035,6,831,16560,-16,-275,83,62,147,-2
489049,4,840,16547,-14,-277,82,62,149,-6
489063,9,848,16555,-22,-276,85,62,148,-5
489077,3,833,16544,-19,-278,83,66,149,-3
489091,5,819,16550,-19,-278,88,66,152,-1
489105,14,804,16546,-16,-276,88,64,153,-3
489119,16,804,16557,-19,-276,88,65,152,-4
489133,26,811,16551,-20,-278,91,67,149,-4
489147,32,811,16514,-25,-279,86,67,147,-4
489161,29,844,16594,-18,-282,90,65,150,-3
489175,24,857,16536,-13,-280,88,67,150,-2
489189,-3,832,16557,-18,-284,87,64,147,-4
489203,-20,819,16580,-20,-282,84,64,148,-4
489217,-13,817,16540,-20,-277,84,66,151,-4
489231,-5,810,16564,-22,-276,87,67,150,-4
489245,34,821,16555,-13,-283,85,67,151,-7
489259,41,821,16553,-18,-275,91,63,149,-7
489273,61,821,16555,-21,-280,86,66,149,-7
489287,42,815,16549,-20,-279,87,71,152,-3
489301,23,813,16551,-14,-277,86,65,150,-7
489315,-5,816,16552,-20,-281,85,64,151,-6
489329,-24,839,16550,-18,-281,88,64,149,-5
489343,-13,843,16560,-20,-275,87,67,147,-3
489357,20,845,16545,-17,-280,84,66,149,-2
489371,24,835,16551,-20,-275,93,62,152,-2
489385,51,820,16556,-18,-281,87,65,156,-2
489399,46,806,16555,-21,-279,85,67,149,-2
489413,23,802,16548,-16,-278,88,64,149,-2
489427,15,808,16558,-20,-280,91,65,149,-5
489441,13,840,16554,-22,-281,86,65,149,-4
489455,1,841,16579,-18,-282,86,68,151,-3
489469,-8,845,16539,-20,-278,84,67,155,-4
489483,-6,846,16552,-16,-281,80,70,152,-5
489497,-6,837,16557,-17,-279,93,67,151,-3
489511,13,804,16548,-19,-278,87,66,150,-2
489525,29,800,16547,-15,-278,87,69,146,1
489539,31,814,16543,-16,-279,87,65,150,-3
489553,42,820,16541,-19,-278,87,64,153,-5
489567,35,819,16560,-21,-283,87,68,152,-2
489581,27,822,16555,-19,-279,88,67,154,-1
489595,0,827,16557,-20,-285,85,65,150,-2
489609,-5,823,16554,-22,-282,88,65,148,-4
489623,-20,826,16563,-14,-279,85,67,149,-5
489637,-7,829,16555,-21,-281,85,67,148,-2
489651,3,833,16555,-24,-276,85,65,149,-1
489665,23,832,16555,-22,-280,84,63,149,-1
489679,50,824,16558,-22,-281,84,67,152,-1
489693,45,817,16552,-14,-275,84,65,153,1
489707,20,820,16548,-18,-276,89,63,148,-5
489721,10,824,16553,-23,-278,89,68,150,-3
489735,-15,818,16547,-21,-282,86,69,152,-6
489749,-17,837,16563,-14,-278,81,67,150,-3
489763,0,846,16550,-15,-280,84,67,149,-4
489777,15,834,16548,-16,-280,85,68,152,-3
489791,30,817,16550,-19,-280,88,65,148,-2
489805,35,802,16546,-19,-277,89,67,155,-7
489819,29,795,16544,-18,-277,85,64,151,-6
489833,30,811,16544,-21,-283,92,65,151,-5
489847,12,831,16546,-17,-276,85,68,152,-5
489861,13,839,16551,-19,-277,84,70,153,-3
489875,-14,844,16553,-18,-279,84,66,151,-3
489889,-10,847,16562,-22,-279,81,67,152,-4
489903,-1,828,16546,-14,-274,85,63,150,-2
489917,-1,817,16550,-11,-275,84,63,151,-7
489931,19,807,16544,-16,-280,87,64,154,-3
489945,43,801,16549,-17,-280,87,64,153,-3
489959,46,804,16547,-20,-281,86,63,152,-4
489973,42,817,16552,-16,-275,85,67,148,-6
489987,25,831,16547,-17,-279,86,70,150,-2
490001,9,832,16552,-20,-277,87,69,148,-1
490015,-3,835,16559,-19,-280,90,64,151,-4
490029,-24,844,16553,-15,-279,90,65,151,-5
490043,-11,833,16555,-19,-283,85,68,150,-4
490057,25,826,16544,-19,-277,89,67,149,-1
490071,41,819,16544,-22,-285,87,66,148,1
490085,53,813,16557,-17,-279,87,66,152,-1
490099,54,811,16555,-19,-278,90,68,152,-2
490113,24,820,16548,-22,-278,90,68,149,-2
490127,7,824,16550,-18,-277,90,64,151,-3
490141,-35,833,16552,-22,-277,85,67,152,-5
490155,-30,835,16544,-15,-278,83,65,152,1
490169,-2,836,16562,-22,-278,82,64,149,-2
490183,14,830,16545,-21,-282,87,62,149,-4
490197,36,823,16551,-17,-282,87,67,154,-5
490211,49,817,16560,-15,-278,88,65,151,-4
490225,40,811,16543,-17,-281,88,67,150,-3
490239,28,808,16555,-16,-278,86,66,150,-2
490253,8,812,16567,-23,-274,83,69,149,-2
490267,0,813,16567,-15,-280,87,65,149,-1
490281,7,849,16549,-21,-282,86,65,149,-1
490295,-2,855,16539,-15,-280,89,67,151,-2
490309,2,841,16548,-17,-281,91,68,151,-2
490323,5,828,16537,-21,-273,87,66,148,-6
490337,22,807,16563,-20,-279,86,68,151,-6
490351,24,800,16557,-15,-282,83,68,149,-8
490365,27,804,16556,-22,-277,84,65,150,-6
490379,32,815,16556,-23,-281,83,64,153,-4
490393,36,827,16536,-29,-284,91,68,149,-3
490407,15,841,16550,-18,-276,87,67,151,-6
490421,7,845,16554,-19,-280,86,65,153,-7
490435,-4,839,16548,-17,-272,85,67,153,-1
490449,-16,823,16549,-19,-276,86,66,153,-2
490463,-11,806,16581,-22,-285,80,65,152,-3
490477,11,797,16523,-16,-280,85,69,154,-6
490491,46,822,16583,-25,-279,80,67,155,-5
490505,57,834,16564,-12,-274,90,65,148,-5
490519,57,840,16541,-20,-280,92,66,146,-4
490533,29,836,16597,-19,-276,89,64,148,-1
490547,-18,815,16519,-17,-281,85,65,153,-1
490561,-32,820,16559,-20,-274,86,65,153,-6
490575,-25,822,16534,-19,-276,86,66,149,-5
490589,-6,829,16558,-17,-277,85,64,151,-3
490603,34,842,16546,-14,-275,84,65,151,-6
490617,49,836,16551,-18,-279,85,62,153,-7
490631,49,821,16551,-16,-280,86,62,155,-7
490645,39,807,16548,-19,-280,90,68,152,-5
490659,2,803,16551,-15,-281,85,66,148,-3
490673,-4,809,16564,-19,-281,78,64,150,-2
490687,2,847,16553,-25,-278,85,65,151,-1
490701,4,854,16560,-17,-280,91,66,153,-2
490715,13,854,16532,-17,-279,83,63,152,-4
490729,16,850,16536,-20,-283,85,65,151,-6
490743,17,819,16556,-12,-281,85,66,150,-4
490757,22,798,16544,-20,-281,87,65,152,-6
490771,26,796,16556,-18,-279,87,68,149,-5
490785,30,805,16556,-13,-281,85,66,150,-4
490799,31,843,16555,-18,-277,92,64,149,-3
490813,18,849,16543,-24,-284,88,67,150,-2
490827,9,850,16543,-16,-283,91,68,151,-2
490841,-21,845,16548,-19,-275,90,64,153,-2
490855,-16,835,16566,-21,-278,89,64,151,-3
490869,3,814,16556,-21,-277,80,68,152,-6
490883,21,807,16551,-20,-276,88,61,150,-4
490897,32,818,16563,-13,-276,86,64,150,-3
490911,38,811,16567,-18,-278,89,64,152,-2
490925,37,836,16549,-15,-276,91,65,151,-1
490939,17,831,16557,-21,-280,92,66,150,-3
490953,-12,831,16551,-16,-282,88,63,153,1
490967,-19,832,16538,-15,-280,87,67,151,-2
490981,-8,829,16550,-24,-274,86,64,151,-7
490995,-5,825,16554,-20,-279,86,63,149,-4
491009,30,826,16539,-17,-275,84,64,150,-4
491023,36,838,16545,-15,-274,87,63,151,-3
491037,41,821,16546,-20,-279,87,64,151,-6
491051,29,810,16528,-20,-276,89,66,152,-2
491065,13,810,16556,-22,-281,86,65,148,-4
491079,9,818,16545,-20,-279,84,64,152,-3
491093,10,824,16559,-17,-280,84,65,149,1
491107,7,826,16547,-17,-279,84,66,151,-3
491121,-1,834,16542,-16,-281,82,64,153,-3
491135,8,828,16545,-18,-276,88,66,150,-7
491149,2,813,16551,-23,-278,87,66,150,-7
491163,18,799,16550,-19,-278,84,64,150,-3
491177,29,811,16556,-21,-277,87,65,151,-3
491191,36,808,16565,-24,-271,89,65,151,1
491205,34,826,16549,-22,-275,93,69,151,2
491219,16,826,16556,-28,-275,90,69,151,1
491233,12,835,16555,-16,-276,91,67,152,1
491247,-8,837,16554,-22,-280,89,63,151,-1
491261,-11,828,16546,-20,-277,90,61,152,-3
491275,3,818,16543,-15,-278,81,62,149,1
491289,16,811,16567,-20,-277,84,65,150,-5
491303,47,816,16545,-21,-276,85,63,148,-4
491317,42,814,16539,-23,-278,84,63,151,-2
491331,34,817,16556,-22,-283,86,64,150,-5
491345,16,823,16545,-18,-282,86,65,154,-9
491359,-16,827,16557,-19,-283,88,64,149,-3
491373,-19,832,16543,-22,-282,83,65,153,-3
491387,-5,836,16549,-16,-275,82,64,153,-2
491401,5,837,16552,-21,-280,85,64,152,-6
491415,46,816,16560,-21,-275,81,64,152,-5
491429,44,808,16552,-17,-277,90,65,150,-5
491443,31,808,16557,-20,-278,90,64,153,-4
491457,27,815,16545,-21,-278,95,67,155,-2
491471,7,818,16553,-14,-277,90,64,150,1
491485,4,824,16552,-19,-280,87,65,153,1
491499,-4,839,16547,-18,-279,84,66,152,-1
491513,-5,840,16549,-21,-288,83,65,149,-4
491527,1,834,16550,-14,-284,87,64,150,-3
491541,8,830,16547,-20,-273,84,63,149,-1
491555,38,816,16553,-17,-278,85,65,150,-5
491569,35,811,16549,-19,-280,83,64,148,-5
491583,29,816,16555,-24,-283,89,70,148,-4
491597,31,815,16554,-25,-276,89,66,153,-3
491611,16,834,16555,-17,-277,91,68,152,-1
491625,12,838,16555,-21,-277,92,69,149,-1
491639,-3,825,16552,-17,-281,85,63,149,-3
491653,-2,826,16553,-20,-279,86,65,149,-5
491667,-1,828,16547,-18,-278,85,65,148,-6
491681,14,824,16553,-20,-276,85,69,148,-8
491695,34,821,16551,-22,-280,87,66,149,-5
491709,38,819,16554,-21,-274,85,65,148,-5
491723,39,815,16545,-22,-281,95,67,147,-4
491737,32,818,16549,-16,-280,89,66,148,-3
491751,23,818,16562,-13,-277,83,63,146,2
491765,-11,829,16549,-22,-282,90,65,148,2
491779,-11,832,16561,-18,-284,92,68,147,-5
491793,-2,835,16547,-23,-280,93,64,146,-3
491807,8,830,16558,-16,-278,85,62,150,-8
491821,23,830,16548,-14,-275,87,64,152,-4
491835,31,820,16542,-15,-274,85,66,152,-2
491849,38,819,16541,-20,-279,88,64,153,-3
491863,39,815,16532,-18,-280,91,64,152,-5
491877,19,814,16556,-16,-280,91,63,153,-4
491891,16,819,16551,-16,-276,89,63,152,-5
491905,9,841,16553,-20,-277,90,66,152,-4
491919,1,842,16551,-16,-280,89,66,152,-6
491933,16,825,16542,-17,-278,82,63,153,-5
491947,13,828,16546,-17,-276,79,67,152,-6
491961,6,829,16552,-17,-278,83,65,149,-6
491975,19,818,16546,-18,-275,85,60,149,-4
491989,26,803,16548,-19,-278,87,68,152,-4
492003,23,800,16547,-16,-279,86,68,153,-5
492017,18,833,16557,-22,-281,88,68,150,-1
492031,9,832,16548,-22,-276,94,66,147,-3
492045,-4,839,16558,-17,-284,88,68,157,-6
492059,-3,841,16564,-21,-274,83,69,156,-8
492073,3,826,16554,-21,-274,88,65,149,-6
492087,4,820,16552,-15,-280,83,69,146,-3
492101,7,814,16557,-17,-280,85,68,146,-1
492115,54,809,16546,-16,-279,89,65,149,-2
492129,55,816,16559,-19,-279,86,65,149,-5
492143,52,827,16543,-22,-275,86,65,149,-4
492157,38,827,16565,-15,-280,84,63,152,-6
492171,0,839,16559,-17,-280,87,65,149,-5
492185,-14,842,16547,-17,-282,84,67,150,-6
492199,-20,830,16562,-21,-282,87,64,148,-3
492213,-9,826,16548,-20,-280,85,64,146,-1
492227,29,827,16560,-18,-277,85,65,150,-2
492241,39,817,16554,-21,-278,84,67,149,-3
492255,46,803,16544,-16,-273,84,67,152,-2
492269,33,803,16550,-12,-274,88,69,150,-4
492283,17,808,16554,-16,-276,83,67,147,-6
492297,13,814,16554,-18,-276,88,66,148,-6
492311,-2,838,16557,-15,-279,88,69,146,-4
492325,-6,849,16558,-14,-275,87,63,150,-5
492339,8,848,16542,-18,-275,86,64,153,-5
492353,16,843,16549,-17,-285,85,65,156,-4
492367,24,817,16543,-13,-277,93,66,152,-4
492381,23,803,16550,-20,-280,87,67,148,-6
492395,32,799,16567,-22,-278,87,66,152,3
492409,32,803,16562,-23,-280,86,65,153,3
492423,21,821,16556,-18,-281,87,67,154,-3
492437,15,832,16563,-15,-278,87,64,152,-2
492451,3,843,16542,-20,-282,88,63,152,-2
492465,-9,834,16546,-15,-285,88,65,146,-5
492479,-17,828,16548,-18,-283,90,65,148,-4
492493,-10,825,16553,-19,-282,85,65,154,-5
492507,7,807,16555,-19,-276,90,67,150,-6
492521,30,815,16551,-20,-275,88,67,147,-4
492535,47,828,16553,-20,-278,89,65,148,-4
492549,48,833,16559,-18,-281,89,68,150,-3
492563,34,831,16548,-17,-282,85,69,143,-6
492577,16,829,16558,-15,-282,87,68,149,-5
492591,-14,828,16551,-20,-279,90,68,153,-4
492605,-38,826,16559,-18,-274,86,65,150,-3
492619,-33,829,16561,-14,-278,89,66,149,-5
492633,11,828,16556,-18,-278,85,67,154,-3
492647,32,831,16550,-17,-278,87,64,155,-5
492661,55,829,16552,-19,-278,85,64,153,-5
492675,57,819,16550,-22,-284,90,65,153,-3
492689,32,805,16557,-23,-277,89,61,155,-4
492703,9,807,16556,-19,-278,91,66,152,-9
492717,-11,815,16552,-16,-277,86,66,152,-7
492731,-9,823,16553,-17,-279,89,66,153,-5
492745,0,848,16550,-21,-277,89,65,150,-7
492759,9,852,16549,-17,-273,89,65,148,-7
492773,18,835,16542,-23,-281,87,66,155,-2
492787,25,823,16542,-22,-280,88,66,152,-3
492801,13,803,16554,-20,-278,86,65,150,1
492815,16,797,16533,-20,-275,90,68,149,-1
492829,25,797,16560,-19,-280,84,65,149,-6
492843,25,818,16565,-16,-275,84,65,148,-1
492857,17,847,16540,-19,-277,86,66,149,-3
492871,14,846,16545,-19,-278,86,67,149,-3
492885,-7,844,16556,-19,-278,85,64,147,-1
492899,-8,829,16551,-18,-277,85,64,152,-4
492913,-6,804,16550,-19,-280,89,66,154,-1
492927,12,800,16550,-20,-277,85,65,150,-2
492941,37,812,16541,-12,-278,87,63,152,-2
492955,44,822,16544,-22,-279,86,63,152,-1
492969,39,839,16557,-15,-273,90,63,148,-1
492983,30,839,16547,-16,-283,95,64,150,-4
492997,10,825,16559,-22,-281,90,63,150,-6
493011,-16,826,16547,-22,-277,84,68,154,-1
493025,-14,816,16552,-17,-279,89,65,152,-4
493039,3,814,16549,-23,-278,83,66,149,-6
493053,17,817,16547,-24,-279,88,67,149,-2
493067,30,819,16545,-22,-278,88,68,152,-1
493081,45,824,16545,-16,-281,89,65,148,-4
493095,29,825,16538,-15,-283,86,65,148,-2
493109,19,823,16539,-21,-284,87,67,149,-2
493123,8,816,16561,-19,-275,87,66,153,-5
493137,4,816,16558,-20,-272,84,66,149,-5
493151,5,834,16550,-16,-278,86,64,150,-3
493165,8,839,16543,-21,-279,86,67,150,-4
493179,24,840,16546,-16,-281,87,68,149,-8
493193,24,837,16557,-19,-272,87,64,150,-5
493207,19,812,16560,-18,-278,88,65,150,-3
493221,11,807,16560,-19,-279,89,66,154,-3
493235,2,793,16553,-22,-277,85,68,153,-2
493249,18,808,16551,-19,-277,84,66,150,-4
493263,45,850,16553,-16,-281,80,69,148,-6
493277,46,852,16545,-18,-279,85,67,149,-3
493291,18,845,16555,-13,-275,88,62,150,-2
493305,0,832,16561,-10,-277,91,64,149,-1
493319,-31,808,16551,-14,-280,85,66,154,-2
493333,-21,799,16547,-17,-282,85,63,149,-5
493347,21,819,16553,-18,-278,81,62,150,-4
493361,43,824,16549,-12,-276,83,68,149,1
493375,67,842,16551,-17,-277,88,68,149,-2
493389,54,836,16546,-19,-276,89,67,149,-4
493403,15,823,16551,-16,-278,90,63,149,-5
493417,-1,814,16551,-16,-276,91,62,148,-3
493431,-22,819,16558,-19,-283,87,67,149,2
493445,-16,824,16551,-22,-276,88,65,153,-3
493459,-6,837,16555,-21,-278,83,69,153,-3
493473,33,847,16551,-17,-274,81,66,150,-5
493487,51,834,16541,-19,-274,84,64,149,-4
493501,52,816,16544,-16,-279,88,67,148,-2
493515,24,807,16541,-16,-279,90,67,149,-1
493529,-12,796,16548,-18,-280,88,65,144,-2
493543,-23,800,16553,-14,-282,85,67,146,-4
493557,-10,825,16545,-12,-280,77,69,152,-3
493571,15,845,16547,-16,-279,82,65,154,-2
493585,39,856,16547,-14,-279,89,64,156,-3
493599,34,840,16554,-18,-279,85,67,153,1
493613,9,813,16551,-17,-283,88,65,147,-1
493627,-2,812,16551,-22,-273,86,64,148,-3
493641,6,806,16567,-20,-274,81,67,150,-3
493655,11,815,16560,-20,-277,82,65,147,-2
493669,27,831,16556,-15,-282,84,64,154,-1
493683,35,835,16550,-22,-281,87,63,153,-3
493697,23,850,16541,-18,-280,89,66,152,-2
493711,8,834,16540,-17,-281,89,64,154,-3
493725,-9,812,16557,-18,-280,88,66,152,-3
493739,3,810,16554,-18,-282,88,69,149,-2
493753,7,815,16551,-15,-277,82,66,153,-7
493767,36,822,16537,-16,-281,81,66,155,-3
493781,53,833,16556,-16,-278,88,65,156,-6
493795,48,843,16544,-13,-281,87,66,153,-6
493809,9,824,16548,-16,-278,90,64,152,-4
493823,-8,829,16553,-14,-276,86,63,150,-4
493837,-27,828,16549,-19,-274,88,63,151,-7
493851,-13,821,16564,-17,-278,85,65,152,-4
493865,4,826,16549,-17,-278,83,65,153,-3
493879,31,830,16545,-12,-279,84,64,154,-4
493893,45,836,16555,-21,-282,84,65,152,-2
493907,36,818,16555,-17,-278,87,65,150,-2
493921,27,810,16555,-14,-278,87,61,147,-3
493935,-5,809,16558,-20,-281,87,61,149,-6
493949,-19,811,16548,-18,-277,93,65,149,-4
493963,0,827,16551,-22,-277,89,66,146,-3
493977,9,830,16554,-16,-282,83,68,149,2
493991,15,838,16559,-20,-276,88,64,148,-2
494005,23,830,16549,-22,-277,93,63,151,-2
494019,34,820,16546,-17,-279,92,64,148,-2
494033,11,811,16545,-26,-274,92,66,149,-2
494047,14,810,16550,-19,-279,85,62,150,2
494061,16,817,16554,-20,-282,86,65,149,-2
494075,12,825,16562,-19,-284,87,65,151,-3
494089,15,829,16555,-21,-281,91,64,149,-5
494103,16,836,16561,-18,-279,90,67,149,-1
494117,8,834,16565,-25,-276,87,69,155,-8
494131,-3,821,16554,-18,-283,90,69,156,-5
494145,2,817,16555,-18,-279,86,65,153,-3
494159,11,812,16567,-24,-277,85,63,153,1
494173,21,811,16560,-21,-275,91,63,151,1
494187,46,817,16547,-27,-278,86,65,152,-6
494201,48,826,16549,-18,-281,90,64,152,-4
494215,15,827,16553,-24,-281,89,67,151,-4
494229,-3,830,16546,-19,-273,89,64,151,-3
494243,-13,833,16560,-21,-276,85,64,152,-4
494257,-14,840,16558,-22,-278,89,65,150,-7
494271,3,825,16558,-22,-274,82,67,150,-5
494285,24,823,16548,-16,-283,85,65,151,-4
494299,46,819,16546,-16,-277,88,65,151,-4
494313,43,815,16552,-15,-276,88,65,148,-2
494327,39,814,16572,-19,-276,86,65,150,-7
494341,0,830,16566,-19,-274,87,65,151,-6
494355,-5,835,16556,-16,-278,86,65,150,-1
494369,-5,834,16554,-17,-280,83,64,149,-2
494383,4,829,16553,-16,-277,80,66,148,-3
494397,13,831,16544,-24,-279,86,67,150,-1
494411,18,830,16538,-19,-283,90,66,148,-3
494425,24,821,16545,-16,-279,86,63,152,1
494439,25,817,16551,-20,-281,89,67,152,2
494453,21,814,16557,-17,-282,91,63,149,-3
494467,22,814,16549,-17,-273,82,66,152,1
494481,13,830,16550,-17,-278,89,66,153,-4
494495,13,836,16557,-18,-280,81,62,148,-3
494509,18,829,16551,-15,-281,82,61,149,-1
494523,16,837,16561,-13,-280,88,62,150,-6
494537,6,821,16549,-16,-278,88,67,149,-3
494551,-2,823,16542,-19,-282,85,66,150,-2
494565,7,822,16549,-14,-281,88,65,153,-2
494579,20,812,16555,-12,-277,85,64,150,-6
494593,30,826,16547,-17,-280,81,64,155,-1
494607,29,827,16554,-19,-274,80,63,152,-2
494621,18,827,16549,-16,-277,89,63,153,-1
494635,8,828,16541,-20,-279,90,64,150,-6
494649,-8,825,16546,-21,-278,87,64,153,-4
494663,-11,823,16553,-16,-279,87,65,148,-4
494677,9,818,16552,-17,-282,86,68,152,-5
494691,22,815,16557,-19,-277,85,66,153,-5
494705,25,813,16552,-14,-278,84,63,153,1
494719,28,818,16544,-17,-278,85,66,150,2
494733,16,829,16551,-20,-282,93,66,151,-4
494747,11,823,16548,-18,-278,94,63,150,-4
494761,2,837,16548,-14,-279,86,65,149,-2
494775,-3,834,16553,-22,-280,77,68,149,-1
494789,-6,826,16552,-21,-278,83,68,148,1
494803,17,821,16555,-19,-282,85,65,154,1
494817,23,824,16555,-17,-280,88,64,150,2
494831,20,825,16548,-11,-276,89,65,149,-2
494845,27,822,16547,-18,-280,86,62,149,-5
494859,19,804,16550,-21,-273,82,63,148,-8
494873,23,814,16550,-15,-280,83,66,153,-1
494887,15,825,16553,-19,-280,86,67,154,-1
494901,15,821,16551,-18,-275,88,65,155,-4
494915,10,824,16560,-17,-279,85,63,148,1
494929,1,829,16556,-17,-283,89,65,148,2
494943,8,830,16547,-20,-281,86,64,145,-1
494957,9,826,16548,-19,-279,87,65,143,-2
494971,20,815,16533,-18,-278,80,66,144,-7
494985,24,814,16539,-18,-279,84,67,149,-6
494999,21,808,16554,-19,-276,82,65,152,-7
495013,21,810,16553,-17,-275,89,71,150,-1
495027,8,828,16552,-17,-282,86,66,148,-1
495041,5,827,16541,-18,-278,86,65,154,-3
495055,-17,840,16554,-17,-280,87,63,153,-4
495069,-13,843,16553,-15,-285,85,68,150,-5
495083,15,819,16548,-18,-278,87,67,150,-2
495097,25,811,16550,-19,-280,84,69,149,-4
495111,29,819,16551,-17,-281,88,64,152,-4
495125,30,816,16550,-12,-279,90,63,153,-2
495139,19,826,16540,-13,-275,88,60,152,-4
495153,17,824,16544,-17,-277,92,68,148,-2
495167,6,824,16555,-12,-278,87,69,147,-4
495181,8,824,16546,-19,-275,87,65,152,1
495195,-255,828,16562,-18,-283,86,65,150,-2
495209,12,830,16563,-17,-278,84,66,149,-3
495223,18,829,16561,-22,-277,89,63,149,-2
495237,27,829,16551,-18,-278,93,66,152,-2
495251,11,818,16553,-18,-278,85,63,153,-3
495265,28,802,16547,-22,-279,83,62,149,-2
495279,23,802,16551,-17,-283,89,64,152,-1
495293,18,825,16555,-21,-279,85,64,153,-9
495307,12,827,16570,-19,-283,87,65,150,-7
495321,14,838,16549,-19,-276,85,64,149,-6
495335,12,835,16554,-16,-278,83,65,149,-1
495349,5,841,16550,-15,-280,84,67,149,-1
495363,-4,828,16554,-18,-281,86,64,147,-4
495377,15,816,16557,-16,-277,85,64,153,-5
495391,21,810,16556,-18,-286,80,66,155,-3
495405,25,821,16551,-22,-275,84,65,150,-5
495419,31,833,16555,-20,-281,87,65,148,-2
495433,22,840,16545,-18,-277,88,68,150,-3
495447,9,835,16557,-19,-278,89,67,151,-2
495461,-17,819,16557,-19,-281,91,63,154,-4
495475,-13,815,16547,-18,-278,81,62,152,-3
495489,8,822,16557,-19,-274,84,60,155,-4
495503,13,823,16557,-17,-277,84,63,153,-4
495517,40,830,16532,-20,-283,93,62,150,-4
495531,33,834,16547,-17,-275,87,66,150,-7
495545,14,820,16548,-13,-281,85,64,148,-7
495559,7,815,16551,-10,-277,87,64,156,-4
495573,4,821,16549,-16,-278,85,64,154,-6
495587,6,830,16542,-15,-274,86,64,149,-5
495601,8,832,16544,-20,-281,85,67,149,-5
495615,17,838,16552,-15,-279,87,68,148,-3
495629,29,826,16557,-18,-281,86,65,149,-2
495643,20,824,16560,-18,-276,91,64,148,-4
495657,18,812,16545,-18,-279,87,65,150,-6
495671,4,811,16550,-16,-279,87,69,154,-5
495685,4,811,16562,-20,-279,85,67,152,-6
495699,8,818,16560,-17,-279,83,68,152,-6
495713,11,826,16553,-15,-281,90,67,152,-4
495727,15,839,16544,-18,-281,87,65,147,-4
495741,4,840,16553,-16,-278,85,68,156,-6
495755,16,825,16554,-15,-280,87,68,154,-5
495769,8,820,16552,-12,-276,87,63,150,-2
495783,5,816,16553,-18,-282,89,66,149,-4
495797,15,807,16548,-23,-278,90,67,152,-3
495811,21,819,16544,-19,-283,88,65,153,-2
495825,34,823,16546,-16,-282,89,64,150,-4
495839,12,828,16540,-20,-280,88,65,152,-3
495853,13,826,16538,-19,-278,88,67,149,2
495867,-3,819,16553,-19,-282,85,68,150,-1
495881,0,817,16557,-19,-278,90,60,148,-2
495895,10,820,16559,-16,-280,89,62,149,-7
495909,12,820,16561,-19,-275,85,64,150,-1
495923,29,829,16552,-21,-274,80,62,148,-2
495937,28,826,16558,-19,-282,85,64,153,-6
495951,20,828,16544,-18,-281,92,69,153,-5
495965,18,822,16552,-24,-282,83,66,152,-4
495979,10,825,16566,-22,-276,89,67,153,-3
495993,3,824,16559,-20,-275,87,64,150,-4
496007,7,832,16566,-13,-277,82,65,152,1
496021,24,830,16560,-22,-282,85,66,150,-2
496035,16,836,16551,-19,-281,92,69,149,-3
496049,22,830,16556,-21,-282,89,64,148,-3
496063,14,825,16545,-20,-282,88,65,149,-3
496077,12,824,16546,-20,-276,91,66,146,-4
496091,12,820,16571,-19,-277,89,64,149,-1
496105,13,818,16557,-13,-283,85,65,150,-3
496119,20,827,16553,-16,-277,86,66,150,-1
496133,15,831,16549,-14,-280,83,65,155,-3
496147,7,834,16535,-17,-278,90,61,153,-6
496161,-2,826,16549,-15,-277,87,66,150,-8
496175,-5,825,16549,-22,-277,85,66,148,-6
496189,14,814,16544,-13,-281,85,65,148,-4
496203,19,815,16559,-21,-275,85,67,149,-4
496217,23,807,16547,-23,-278,82,63,147,-5
496231,23,817,16538,-21,-280,89,66,148,-2
496245,13,833,16555,-20,-277,89,70,152,-2
496259,10,837,16555,-21,-278,87,65,154,-2
496273,13,833,16550,-19,-276,86,64,149,2
496287,8,826,16557,-16,-280,84,67,150,-2
496301,11,825,16557,-22,-283,86,65,149,-1
496315,20,830,16561,-19,-280,89,62,153,1
496329,18,821,16552,-21,-276,84,67,149,-3
496343,20,818,16543,-16,-275,86,66,150,-4
496357,21,821,16547,-15,-274,84,61,153,-5
496371,9,830,16560,-16,-281,85,62,152,-6
496385,5,824,16554,-16,-279,83,63,152,-5
496399,3,827,16561,-14,-278,81,64,154,-5
496413,6,826,16543,-16,-282,82,66,156,-3
496427,9,831,16551,-22,-279,90,67,151,-1
496441,17,834,16547,-17,-277,86,66,154,-4
496455,24,832,16545,-17,-280,85,65,151,-1
496469,24,823,16544,-20,-279,89,66,153,-3
496483,25,815,16556,-17,-281,87,64,151,-5
496497,22,819,16547,-21,-278,88,66,151,-4
496511,19,819,16559,-19,-273,80,65,151,-3
496525,22,825,16547,-20,-287,82,62,151,-6
496539,16,835,16545,-19,-276,81,61,151,-5
496553,16,838,16558,-18,-280,91,62,149,-7
496567,2,839,16549,-19,-280,89,64,145,-2
496581,-6,829,16558,-18,-282,89,66,150,-5
496595,13,821,16554,-17,-273,86,65,151,-2
496609,22,815,16542,-22,-281,87,64,152,-2
496623,26,822,16544,-22,-284,90,64,152,1
496637,16,824,16542,-20,-283,87,61,146,-2
496651,18,837,16558,-15,-281,85,63,146,-1
496665,7,831,16556,-18,-278,85,63,150,2
496679,0,834,16552,-17,-281,90,64,151,-1
496693,4,837,16544,-27,-275,89,63,150,-5
496707,14,825,16548,-22,-275,87,65,152,-4
496721,22,819,16550,-17,-282,87,64,148,-1
496735,16,829,16554,-21,-282,83,65,152,-5
496749,30,821,16563,-15,-279,89,65,150,-5
496763,13,818,16542,-18,-276,89,65,150,-3
496777,14,827,16550,-18,-276,88,65,154,-2
496791,4,828,16556,-17,-274,84,66,152,-4
496805,0,820,16549,-18,-279,88,65,149,-3
496819,9,824,16555,-14,-276,88,66,151,-4
496833,8,823,16564,-22,-276,82,64,150,-5
496847,20,828,16552,-19,-281,84,63,152,-2
496861,27,830,16552,-15,-276,88,64,152,-4
496875,22,820,16546,-26,-277,90,66,151,-3
496889,17,817,16538,-18,-281,91,66,152,-3
496903,20,818,16550,-16,-279,85,65,148,-2
496917,22,816,16552,-24,-281,93,63,149,-2
496931,12,825,16548,-24,-283,88,64,149,-1
496945,15,830,16537,-17,-275,85,65,152,-5
496959,10,834,16552,-19,-275,92,64,151,-3
496973,-2,829,16551,-18,-277,86,67,151,-2
496987,-5,824,16551,-16,-278,84,64,152,-3
497001,20,824,16557,-23,-278,92,63,151,-3
497015,22,826,16549,-17,-277,89,64,149,1
497029,26,818,16550,-17,-276,89,67,151,-3
497043,25,816,16556,-20,-278,87,64,152,-1
497057,12,820,16563,-17,-275,90,65,150,-3
497071,20,826,16558,-22,-275,92,66,148,-2
497085,-1,834,16557,-11,-277,89,67,150,-3
497099,1,830,16563,-15,-275,84,65,154,-4
497113,5,826,16555,-19,-277,89,63,152,-4
497127,11,822,16548,-20,-279,81,63,154,-5
497141,16,818,16544,-16,-276,81,63,152,-3
497155,19,821,16543,-14,-277,84,62,153,-2
497169,25,820,16552,-17,-279,83,63,148,-2
497183,21,823,16556,-22,-278,85,67,149,-3
497197,20,820,16543,-22,-279,81,68,152,-2
497211,5,823,16546,-19,-280,81,69,149,-1
497225,9,828,16556,-16,-278,82,66,150,-3
497239,21,828,16561,-21,-275,90,69,154,-4
497253,14,825,16557,-21,-279,88,63,149,-3
497267,5,823,16548,-22,-281,85,66,148,-4
497281,11,824,16554,-18,-281,86,64,150,-3
497295,12,821,16550,-16,-278,84,66,148,-4
497309,29,821,16553,-19,-279,88,66,149,-3
497323,17,820,16552,-19,-281,87,65,153,-2
497337,15,820,16542,-16,-276,86,66,153,-3
497351,13,824,16551,-15,-280,84,64,146,-1
497365,1,831,16554,-19,-282,86,66,147,-2
497379,1,826,16544,-17,-278,89,68,149,-2
497393,6,820,16550,-18,-275,92,64,154,-2
497407,20,823,16546,-18,-273,87,64,155,-1
497421,23,818,16547,-19,-279,87,64,149,-3
497435,24,817,16557,-14,-279,85,64,148,-4
497449,31,821,16561,-18,-281,90,66,149,-3
497463,18,822,16543,-20,-285,88,63,149,-1
497477,18,828,16549,-17,-277,87,64,154,-1
497491,-3,828,16544,-21,-275,90,67,152,-4
497505,-3,833,16548,-14,-279,90,66,153,-1
497519,18,827,16551,-17,-278,88,69,150,-2
497533,24,826,16548,-23,-279,87,66,153,-5
497547,23,826,16542,-13,-279,87,64,148,-2
497561,37,819,16548,-19,-275,83,63,146,-2
497575,21,826,16553,-16,-274,85,65,150,-5
497589,16,826,16541,-18,-277,83,66,149,-3
497603,18,832,16555,-15,-282,86,65,149,-2
497617,12,823,16554,-14,-278,86,64,149,1
497631,1,831,16552,-20,-279,88,65,147,-4
497645,7,828,16556,-14,-276,84,66,149,-1
497659,24,822,16542,-16,-276,84,63,154,-3
497673,21,820,16548,-16,-284,86,65,151,-7
497687,11,819,16549,-17,-279,86,64,148,-6
497701,15,818,16545,-14,-284,80,68,153,-4
497715,14,815,16548,-14,-279,86,68,152,-4
497729,19,826,16546,-16,-277,89,66,149,-5
497743,15,823,16537,-21,-278,88,64,150,-4
497757,12,830,16551,-16,-279,83,64,153,-4
497771,8,830,16541,-18,-279,87,65,149,-6
497785,8,828,16549,-17,-278,87,61,150,-5
497799,8,820,16537,-18,-279,89,67,146,-1
497813,10,821,16545,-15,-281,89,65,149,-2
497827,27,816,16543,-20,-280,89,68,153,-1
497841,19,824,16541,-17,-273,87,64,152,-4
497855,20,829,16550,-17,-279,80,63,152,-2
497869,16,830,16553,-16,-280,80,65,149,-7
497883,11,828,16544,-19,-278,85,63,156,-6
497897,13,831,16541,-19,-274,89,65,156,-5
497911,7,832,16554,-14,-281,87,66,153,-2
497925,16,824,16557,-13,-275,83,66,148,-5
497939,15,817,16552,-16,-274,84,65,149,-4
497953,21,812,16555,-20,-276,84,64,150,-3
497967,21,804,16555,-18,-278,85,62,151,-2
497981,12,826,16545,-15,-278,91,61,152,3
497995,12,825,16544,-18,-282,85,62,152,-1
498009,18,820,16547,-17,-278,87,65,149,-2
498023,7,826,16553,-14,-279,86,67,145,1
498037,20,825,16553,-14,-279,83,67,149,-2
498051,18,818,16545,-16,-280,87,66,150,-2
498065,14,823,16543,-19,-282,87,65,148,-4
498079,6,824,16544,-18,-280,90,66,150,-4
498093,21,829,16550,-17,-281,87,66,152,-3
498107,15,833,16550,-19,-276,85,67,152,-2
498121,14,835,16540,-17,-276,84,65,152,-6
498135,11,828,16532,-17,-279,85,63,149,-5
498149,10,833,16547,-18,-274,89,62,147,-3
498163,12,825,16551,-21,-277,91,64,150,-4
498177,12,823,16546,-20,-282,91,66,145,-5
498191,8,828,16555,-14,-280,89,68,149,-5
498205,10,823,16546,-17,-277,86,67,152,-2
498219,5,831,16545,-13,-277,89,63,153,-5
498233,24,819,16559,-18,-279,86,62,152,-1
498247,19,821,16557,-20,-275,87,66,153,-6
498261,20,820,16548,-20,-281,86,68,155,-6
498275,14,828,16545,-16,-279,83,68,156,-6
498289,17,830,16556,-23,-279,88,64,152,-2
498303,10,836,16559,-23,-284,91,64,152,-3
498317,8,827,16551,-19,-279,89,62,149,-5
498331,21,833,16552,-18,-278,93,62,150,-2
498345,13,831,16556,-19,-281,80,62,152,-2
498359,28,820,16553,-14,-272,82,64,153,-7
498373,24,821,16538,-19,-276,85,68,154,-5
498387,10,819,16532,-20,-279,86,67,152,-5
498401,14,824,16543,-18,-274,81,67,148,-5
498415,14,823,16554,-15,-280,89,63,149,-1
498429,10,833,16548,-18,-280,89,69,147,-1
498443,10,820,16553,-17,-279,87,68,145,-2
498457,14,824,16550,-16,-278,87,64,148,1
498471,7,822,16547,-22,-281,91,66,150,-2
498485,6,827,16545,-19,-276,83,67,149,-5
498499,22,827,16558,-19,-280,89,65,150,-3
498513,24,823,16561,-19,-276,86,66,154,-3
498527,12,812,16556,-19,-280,83,69,149,3
498541,19,820,16548,-18,-278,82,67,149,-1
498555,17,822,16561,-22,-274,88,66,152,-3
498569,16,825,16566,-23,-277,84,62,147,-5
498583,9,817,16545,-21,-279,90,64,148,-7
498597,14,826,16550,-19,-281,90,67,153,-3
498611,22,836,16531,-17,-277,88,67,152,-3
498625,16,836,16539,-18,-276,84,68,152,-1
498639,13,798,16565,-14,-276,84,67,152,-1
498653,2,803,16531,-10,-280,85,66,150,-4
498667,13,822,16574,-24,-279,90,63,154,-2
498681,25,835,16573,-12,-286,88,61,148,2
498695,29,848,16521,-18,-277,92,64,150,1
498709,22,843,16572,-20,-276,91,64,147,-3
498723,12,813,16528,-17,-279,88,65,149,-7
498737,14,805,16538,-16,-276,86,64,152,-4
498751,15,816,16556,-18,-277,89,66,150,-4
498765,12,821,16536,-13,-279,92,63,153,-3
498779,7,844,16560,-20,-276,90,64,154,-3
498793,15,853,16563,-13,-278,89,70,151,-4
498807,10,853,16565,-16,-280,84,65,151,-5
498821,10,823,16567,-15,-278,84,65,150,-6
498835,9,808,16551,-21,-277,86,65,152,-3
498849,13,800,16553,-20,-276,86,65,153,-4
498863,22,803,16552,-14,-282,86,66,152,-2
498877,16,831,16544,-15,-277,87,64,153,-2
498891,22,851,16550,-13,-280,84,64,153,-2
498905,21,851,16548,-20,-276,86,64,152,-2
498919,26,842,16560,-17,-277,87,65,154,-3
498933,1,872,16595,-15,-273,91,65,155,-7
498947,-12,883,16480,-39,-270,135,63,152,-6
498961,46,738,16399,6,-263,126,67,149,-1
498975,39,754,16420,-18,-276,91,64,151,-6
498990,5,842,16593,-13,-278,91,66,151,-7
499004,5,850,16460,-20,-277,84,69,151,-5
499018,24,860,16595,-18,-278,87,68,150,-8
499033,10,831,16556,-17,-280,87,66,151,-7
499047,8,797,16610,-17,-277,83,63,154,-5
499061,1,777,16574,-20,-280,89,64,155,-7
499075,7,802,16555,-19,-279,84,66,155,-2
499089,5,821,16554,-21,-278,86,65,155,-3
499103,15,857,16528,-19,-279,91,64,149,3
499118,15,863,16571,-16,-281,85,63,149,-1
499132,12,830,16559,-25,-281,84,65,151,-7
499146,11,816,16548,-21,-277,90,65,150,-5
499160,14,791,16567,-20,-273,85,67,149,-4
499174,6,801,16541,-17,-275,94,65,152,-2
499188,20,819,16545,-17,-281,87,66,153,-3
499202,22,835,16549,-17,-281,85,67,150,-6
499217,21,845,16527,-16,-280,85,64,152,-4
499231,22,845,16563,-21,-281,85,63,154,1
499245,16,810,16554,-24,-280,81,64,149,-3
499259,19,812,16540,-17,-282,93,68,149,-1
499273,13,810,16561,-18,-275,86,67,150,-6
499287,12,821,16547,-15,-276,87,64,151,-5
499301,-3,844,16554,-22,-281,92,62,150,-2
499315,3,850,16564,-19,-282,87,66,151,-2
499329,17,849,16579,-18,-276,84,68,151,-2
499344,18,855,16592,-21,-278,87,66,153,-4
499358,28,797,16529,-17,-276,82,66,150,-3
499373,41,781,16542,-20,-272,86,67,152,-4
499387,13,792,16524,-20,-281,88,66,151,-2
499402,-244,811,16568,-20,-281,87,62,149,-5
499416,-5,851,16551,-22,-280,89,65,149,-6
499430,26,918,16555,-16,-280,87,64,149,-2
499445,18,887,16550,-18,-278,83,64,152,-3
499459,9,803,16547,-18,-278,86,65,154,-5
499473,7,767,16540,-18,-277,87,65,155,-2
499487,21,767,16546,-16,-276,86,63,157,1
499501,26,789,16539,-18,-280,86,65,151,-4
499515,26,856,16556,-21,-281,90,65,151,-6
499529,16,860,16547,-19,-279,85,67,152,-4
499543,14,870,16565,-20,-284,86,62,151,-4
499557,9,838,16555,-14,-278,85,65,152,-3
499571,-1,811,16552,-19,-279,82,63,151,-3
499585,-9,787,16565,-21,-279,83,62,149,-3
499599,0,795,16561,-19,-281,91,61,150,-6
499613,13,843,16547,-20,-274,88,64,147,-5
499627,28,856,16559,-14,-281,87,64,147,-5
499641,37,865,16547,-20,-281,84,65,150,-4
499655,31,853,16554,-24,-275,81,66,148,-3
499669,12,801,16555,-22,-280,87,67,148,-6
499683,0,783,16557,-20,-280,90,66,153,-5
499697,0,792,16551,-20,-280,88,63,149,-5
499711,-5,812,16561,-15,-279,87,63,153,-3
499725,12,862,16560,-18,-277,88,65,152,-5
499739,13,870,16559,-21,-278,86,64,148,-2
499753,36,833,16557,-21,-279,83,65,149,-3
499767,31,805,16550,-17,-275,85,66,152,-2
499781,21,784,16569,-19,-278,91,64,152,-4
499795,2,781,16560,-17,-276,91,65,148,-7
499809,4,820,16551,-19,-273,87,63,147,-4
499823,8,838,16544,-18,-277,86,63,149,-6
499837,6,873,16551,-20,-279,92,65,152,-8
499851,7,867,16546,-16,-276,84,64,150,-3
499865,13,815,16567,-15,-281,80,65,149,-3
499879,21,801,16553,-19,-277,87,65,152,-4
499894,27,778,16552,-17,-278,87,64,149,-5
499908,27,798,16552,-19,-278,92,63,147,-3
499923,20,835,16557,-27,-277,89,64,153,-2
499937,25,847,16562,-23,-281,82,64,150,1
499951,4,851,16556,-21,-284,88,65,152,-2
499965,8,840,16557,-22,-280,85,66,152,-4
499979,-3,806,16547,-16,-276,85,64,150,-1
499993,1,788,16546,-16,-276,88,64,153,-1
500007,5,809,16557,-16,-275,85,64,153,-1
500021,15,825,16555,-16,-279,86,65,153,-2
500035,41,850,16545,-17,-278,90,65,148,-1
500049,43,843,16542,-19,-278,88,67,149,-2
500063,19,832,16553,-20,-280,87,69,150,-1
500077,15,824,16558,-20,-278,86,67,152,-3
500091,-8,802,16566,-17,-278,84,68,149,-5
500105,-2,811,16564,-21,-279,86,68,148,-3
500119,9,833,16557,-17,-278,89,63,152,-3
500133,11,847,16553,-18,-279,87,64,148,-4
500147,21,852,16548,-17,-283,87,66,149,-2
500161,26,845,16549,-16,-278,86,67,149,-1
500175,24,829,16555,-17,-277,81,67,147,-3
500190,15,801,16559,-16,-279,87,67,155,-8
500204,7,802,16558,-17,-279,90,67,153,-7
500218,5,819,16558,-19,-279,92,67,153,-1
500232,6,847,16553,-19,-279,87,64,153,-3
500246,16,851,16554,-24,-276,86,66,152,-2
500260,22,835,16554,-19,-276,86,69,150,-4
500274,16,817,16538,-21,-276,88,69,150,-4
500288,10,802,16552,-16,-279,92,65,150,-4
500302,7,799,16554,-22,-278,88,62,149,-4
500316,11,801,16557,-14,-277,88,65,153,-2
500330,4,829,16552,-18,-275,85,60,149,-3
500344,9,846,16549,-22,-278,81,66,150,-2
500358,13,851,16548,-18,-273,84,65,153,-4
500372,12,844,16553,-16,-271,85,62,151,-6
500386,4,819,16559,-15,-279,87,62,150,-3
500400,9,810,16559,-14,-280,84,64,150,-3
500414,20,811,16546,-26,-277,86,64,153,-6
500428,21,817,16550,-23,-277,85,64,150,2
500442,21,831,16557,-17,-275,85,62,149,-3
500456,19,844,16552,-16,-278,85,64,152,-6
500470,20,829,16552,-15,-277,85,61,150,-8
500484,14,824,16548,-20,-277,82,65,149,-8
500498,-2,806,16554,-17,-279,89,67,152,-1
500512,-3,811,16556,-21,-276,90,68,149,1
500526,10,821,16550,-22,-280,83,62,149,-2
500540,8,830,16553,-19,-276,82,63,148,-3
500554,21,842,16559,-17,-274,88,65,152,-4
500568,20,832,16549,-20,-277,89,66,153,-5
500582,35,818,16558,-18,-281,89,69,152,-1
500596,28,813,16558,-21,-274,87,65,148,-3
500610,4,807,16558,-19,-279,90,66,147,-4
500624,6,820,16551,-19,-280,91,68,146,-4
500638,-7,837,16562,-25,-280,86,63,152,-2
500652,15,844,16560,-25,-284,89,62,152,-4
500666,22,847,16543,-17,-279,90,68,146,2
500681,23,837,16558,-14,-272,93,66,148,2
500696,25,803,16555,-15,-279,90,64,147,-4
500710,25,796,16548,-18,-282,89,64,150,-4
500725,16,808,16550,-20,-276,87,66,152,-3
500740,9,819,16552,-21,-280,90,65,152,-5
500754,7,846,16548,-15,-276,90,67,154,1
500768,10,852,16548,-15,-277,84,64,153,1
500783,3,830,16563,-21,-278,85,63,152,-3
500797,2,822,16563,-16,-281,85,64,149,-4
500811,23,807,16551,-18,-276,84,64,148,-4
500826,16,809,16556,-20,-274,87,63,149,-1
500841,28,813,16559,-20,-275,80,62,150,1
500856,24,828,16546,-19,-277,83,64,152,-5
500871,17,832,16558,-16,-283,87,64,153,-4
500885,13,838,16564,-14,-283,87,65,151,1
500899,15,824,16559,-17,-278,85,66,150,2
500914,-1,807,16555,-20,-286,86,68,152,-3
500928,1,810,16562,-18,-277,91,66,148,-4
500942,14,820,16566,-16,-275,87,67,147,-6
500957,22,827,16553,-23,-281,82,61,152,-4
500972,25,837,16570,-21,-284,84,63,149,-4
500986,30,826,16543,-17,-284,88,69,148,2
501001,11,815,16545,-24,-276,91,65,150,1
501016,7,817,16553,-20,-282,92,67,149,-2
501030,-2,819,16542,-17,-279,89,68,147,-4
501044,14,828,16561,-13,-275,93,66,147,-2
501059,18,835,16548,-19,-275,89,65,152,-2
501073,29,826,16552,-20,-273,88,63,152,-3
501088,20,821,16560,-22,-278,85,64,151,-2
501102,9,818,16552,-21,-281,88,65,155,-3
501116,11,815,16555,-25,-279,91,68,151,-4
501131,11,827,16551,-20,-277,88,66,152,-1
501146,13,822,16551,-21,-275,91,64,152,-3
501161,19,822,16559,-15,-276,91,67,149,-6
501176,19,814,16548,-20,-276,87,69,152,-4
501191,15,814,16549,-19,-278,90,70,150,-4
501206,13,809,16546,-19,-273,90,63,152,-4
501221,12,819,16552,-19,-278,85,62,153,-4
501236,6,837,16551,-18,-277,86,65,151,-2
501250,11,838,16552,-18,-279,90,62,153,-2
501264,19,833,16558,-19,-281,85,63,151,-1
501279,25,820,16554,-18,-277,88,65,152,-2
501293,17,818,16562,-21,-278,89,67,150,-7
501308,18,813,16548,-17,-280,84,70,154,-5
501322,16,821,16546,-17,-282,86,66,150,-2
501337,-9,838,16556,-20,-279,88,65,153,-1
501351,-1,850,16559,-21,-279,88,68,155,-7
501365,5,823,16552,-13,-280,89,66,151,-6
501379,4,823,16544,-16,-275,87,65,152,-3
501393,19,821,16552,-23,-279,84,65,150,-2
501408,17,817,16557,-22,-275,88,62,150,-4
501422,21,822,16554,-16,-286,89,68,149,-1
501437,13,831,16554,-16,-282,89,67,149,-2
501451,6,837,16553,-17,-284,86,64,152,1
501465,16,841,16548,-19,-282,80,64,154,-2
501480,15,829,16555,-19,-281,84,64,154,-2
501494,13,821,16553,-17,-279,87,66,151,-3
501509,9,811,16554,-17,-276,90,66,156,-1
501523,7,824,16554,-15,-277,87,64,149,-1
501537,6,830,16544,-19,-280,81,65,147,-3
501551,7,836,16538,-13,-278,85,66,152,-2
501565,15,833,16559,-14,-277,93,65,150,-2
501579,19,819,16568,-15,-282,83,63,150,-2
501594,29,819,16547,-12,-276,83,67,150,-2
501608,21,813,16552,-18,-278,81,66,152,-1
501623,2,813,16560,-17,-281,89,67,151,-7
501637,10,822,16563,-15,-278,87,68,151,-9
501652,5,839,16561,-16,-282,80,62,151,1
501666,9,841,16551,-17,-279,86,63,149,-1
501680,12,830,16557,-16,-275,81,62,153,-3
501694,12,811,16552,-15,-275,85,66,154,-4
501709,22,807,16546,-15,-278,87,65,152,-3
501723,18,805,16553,-14,-277,90,65,150,-3
501738,12,817,16556,-19,-283,91,69,149,-2
501752,20,831,16556,-12,-279,85,65,152,-4
501767,24,838,16558,-17,-281,84,66,151,-3
501781,9,834,16549,-20,-281,88,62,148,-5
501795,14,825,16551,-15,-279,86,63,148,-4
501810,9,817,16558,-15,-276,84,65,152,-4
501824,6,823,16560,-16,-279,88,64,151,-2
501838,8,828,16540,-11,-280,88,63,150,1
501852,6,833,16552,-12,-275,90,68,154,-6
501866,11,837,16555,-11,-278,83,67,154,-1
501880,13,830,16555,-18,-277,80,65,150,1
501894,17,818,16554,-19,-278,89,64,148,-2
501908,19,817,16544,-16,-273,88,62,151,-5
501922,3,820,16562,-19,-284,87,63,149,-7
501936,4,819,16549,-12,-282,85,65,152,-3
501950,21,838,16562,-20,-286,86,64,152,-3
501964,11,849,16564,-16,-275,87,66,150,-5
501978,14,834,16548,-20,-278,79,66,152,-3
501992,21,827,16552,-18,-279,87,65,153,-3
502006,18,814,16567,-19,-277,88,65,151,-3
502020,20,813,16560,-14,-278,90,62,152,-1
502034,15,820,16558,-18,-281,86,65,153,-3
502048,22,824,16559,-18,-280,88,66,151,-6
502062,16,838,16545,-9,-279,88,66,153,-3
502076,8,837,16544,-17,-276,85,67,153,-2
502090,12,821,16554,-21,-275,84,64,151,1
502104,7,815,16567,-20,-275,90,69,149,-2
502118,11,816,16562,-19,-276,88,66,151,-6
502132,12,815,16565,-16,-278,83,69,149,-5
502146,11,822,16562,-23,-286,89,69,151,-3
502160,16,841,16556,-13,-276,84,63,151,-5
502174,25,844,16546,-15,-275,83,67,150,-4
502188,20,833,16559,-18,-281,88,63,154,-6
502202,20,826,16553,-19,-278,89,65,156,-5
502216,12,803,16550,-14,-278,84,66,154,-5
502230,1,809,16552,-13,-277,85,64,152,-2
502244,9,820,16556,-21,-279,87,62,149,-4
502258,9,829,16562,-22,-278,86,64,151,-2
502272,17,834,16559,-11,-280,86,65,154,-1
502286,16,838,16555,-19,-278,85,66,157,-4
502300,13,824,16560,-21,-284,87,67,149,-9
502314,7,817,16548,-24,-277,79,65,149,-10
502328,20,807,16557,-19,-274,86,65,151,-2
502342,20,815,16560,-17,-278,86,64,153,-6
502356,21,833,16555,-17,-276,86,63,151,-5
502370,18,833,16550,-22,-279,84,65,148,-6
502384,28,841,16552,-17,-280,86,66,153,-9
502398,27,829,16546,-19,-280,90,63,145,-1
502412,16,812,16550,-16,-281,86,62,149,-2
502426,8,804,16559,-23,-281,88,62,152,-3
502440,15,822,16551,-18,-279,86,65,150,-3
502454,16,829,16548,-17,-282,86,65,151,-3
502468,21,845,16561,-18,-277,94,64,150,1
502482,12,842,16551,-15,-278,89,65,152,-3
502496,19,823,16558,-21,-278,89,68,153,-3
502510,19,820,16551,-19,-283,90,66,152,-5
502524,17,810,16551,-21,-275,82,64,154,-5
502538,12,814,16543,-20,-279,86,62,150,-1
502552,19,821,16554,-17,-284,88,66,148,-1
502566,17,831,16558,-20,-280,88,64,149,-2
502580,17,838,16555,-18,-276,89,64,150,-1
502594,8,834,16558,-19,-279,82,65,148,-2
502608,3,823,16557,-15,-278,85,62,153,-1
502622,18,807,16556,-19,-277,87,65,152,-5
502636,11,813,16558,-18,-281,83,62,153,-2
502650,15,828,16547,-17,-282,86,63,148,-2
502664,16,829,16550,-14,-281,88,66,146,-4
502678,20,838,16557,-12,-276,87,65,153,-4
502692,18,829,16559,-21,-280,85,66,152,-2
502706,12,823,16548,-20,-278,87,66,150,-3
502720,11,827,16553,-16,-275,87,62,146,-5
502734,10,815,16557,-14,-281,86,63,148,-3
502748,19,825,16567,-20,-277,84,66,152,-5
502762,8,831,16552,-19,-272,88,69,154,-5
502776,5,829,16558,-18,-281,88,66,148,-4
502790,11,826,16564,-15,-280,86,66,147,-6
502804,10,828,16562,-17,-280,83,66,150,-7
502818,8,811,16562,-16,-281,88,64,152,-2
502832,20,814,16564,-20,-281,87,67,153,-1
502846,18,821,16545,-17,-275,86,68,153,1
502860,12,827,16551,-16,-280,88,66,150,2
502874,17,836,16564,-19,-281,87,65,149,-3
502888,17,835,16558,-17,-283,84,64,147,-4
502902,16,822,16549,-19,-278,84,63,148,-3
502916,20,821,16554,-16,-277,86,63,147,-7
502930,13,814,16548,-16,-277,89,68,147,-6
502944,19,813,16556,-16,-278,91,65,149,1
502958,21,824,16555,-23,-279,82,64,148,-2
502972,13,831,16546,-20,-281,84,64,149,-4
502986,11,834,16552,-20,-280,89,68,149,-4
503000,20,824,16552,-19,-282,90,67,148,-4
503014,17,816,16548,-22,-277,88,65,151,-1
503028,23,821,16545,-18,-279,86,65,147,1
503042,17,816,16549,-18,-281,92,65,150,-2
503056,6,809,16564,-18,-278,88,67,150,1
503070,14,819,16564,-18,-274,88,64,149,2
503084,11,834,16561,-16,-276,87,70,152,-4
503098,20,835,16558,-18,-284,81,68,153,-2
503112,23,821,16553,-17,-278,85,65,150,-3
503126,27,815,16548,-20,-277,86,65,154,-3
503140,12,814,16552,-19,-279,91,67,154,-2
503154,3,813,16556,-21,-278,82,70,150,-2
503168,13,834,16558,-14,-284,85,69,151,-1
503182,14,828,16554,-16,-278,86,70,152,1
503196,5,827,16561,-20,-276,85,65,152,-2
503210,8,829,16562,-17,-280,80,69,152,-2
503224,22,808,16545,-20,-277,90,64,149,-1
503238,22,812,16545,-21,-285,87,65,152,2
503252,11,822,16558,-16,-279,85,66,151,-2
503266,14,831,16556,-23,-276,84,62,153,-8
503280,12,832,16563,-21,-277,85,65,154,-6
503294,15,832,16547,-17,-278,87,68,151,-6
503308,9,825,16552,-11,-275,86,67,149,-5
503322,13,823,16548,-14,-279,82,63,152,-2
503336,19,818,16545,-16,-285,87,65,148,-5
503350,13,818,16551,-22,-280,87,63,146,-7
503364,20,830,16553,-16,-279,88,66,151,-5
503378,19,838,16547,-20,-280,86,66,152,-3
503392,20,833,16542,-13,-280,84,67,149,-3
503406,6,825,16531,-19,-280,83,66,147,1
503420,6,826,16543,-16,-282,89,64,148,-1
503434,17,821,16543,-15,-278,87,70,152,-2
503448,13,819,16541,-19,-277,88,67,151,-3
503462,28,826,16547,-17,-272,83,68,153,-3
503476,23,833,16548,-22,-275,85,67,153,-2
503490,18,832,16554,-21,-275,86,64,151,-5
503504,13,828,16549,-21,-279,82,69,151,-3
503518,24,816,16551,-16,-282,84,65,152,-5
503532,10,813,16549,-13,-280,86,66,152,-3
503546,13,825,16543,-21,-278,97,62,150,-3
503560,7,827,16545,-20,-279,85,63,151,-5
503574,11,837,16543,-16,-278,85,69,149,-3
503588,16,827,16543,-15,-280,82,66,149,-4
503602,24,833,16550,-18,-279,83,68,156,-3
503616,22,826,16551,-18,-277,86,66,150,-5
503630,13,818,16548,-16,-278,86,66,149,-3
503644,18,820,16546,-16,-280,83,64,154,-3
503658,22,820,16547,-15,-278,85,62,154,-2
503672,28,821,16551,-16,-281,86,65,153,1
503686,15,824,16543,-16,-278,91,66,151,-3
503700,11,821,16546,-22,-280,87,67,151,-1
503714,12,821,16556,-19,-283,82,67,151,-5
503728,12,823,16557,-16,-282,88,68,152,-4
503742,16,815,16543,-20,-273,84,69,155,-5
503756,9,817,16542,-20,-278,82,66,156,-3
503770,7,838,16554,-18,-276,81,63,152,-4
503784,15,837,16548,-22,-279,84,68,154,-5
503798,16,828,16548,-15,-286,86,66,153,-4
503812,18,821,16537,-19,-280,86,64,153,-5
503826,18,814,16549,-16,-274,85,66,157,-3
503840,10,820,16552,-11,-281,84,65,153,-5
503854,10,829,16553,-18,-281,86,66,154,-3
503868,9,829,16553,-18,-280,86,66,152,-1
503882,8,832,16547,-15,-282,83,64,152,1
503896,17,837,16546,-17,-279,80,68,151,1
503910,14,832,16549,-19,-282,87,62,149,3
503924,8,816,16542,-14,-281,83,65,150,3
503938,8,819,16554,-16,-278,90,65,150,-3
503952,9,820,16551,-20,-279,91,64,152,-6
503966,12,826,16543,-18,-276,84,65,151,-3
503980,10,836,16545,-21,-277,88,67,151,-4
503994,9,826,16545,-21,-283,85,66,151,-4
504008,22,817,16542,-14,-277,81,67,152,-2
504022,14,814,16553,-18,-274,87,66,149,-3
504036,19,816,16542,-21,-280,86,67,150,-2
504050,12,819,16548,-16,-279,83,69,151,-4
504064,14,826,16547,-16,-277,79,67,146,-4
504078,18,829,16541,-15,-282,82,66,146,-2
504092,12,832,16546,-19,-280,80,65,153,-1
504106,17,830,16551,-13,-276,83,65,152,2
504120,6,829,16557,-20,-279,92,68,151,-5
504134,7,824,16554,-19,-279,85,65,152,-2
504148,10,817,16553,-16,-278,90,65,152,-3
504162,14,818,16554,-17,-280,89,66,150,-2
504176,10,827,16541,-19,-278,92,64,152,-1
504190,19,829,16553,-20,-280,89,63,147,-5
504204,10,823,16552,-17,-280,87,62,147,-5
504218,4,820,16550,-20,-283,86,65,150,-4
504232,16,824,16548,-20,-281,85,66,148,-1
504246,12,820,16543,-20,-276,86,66,150,1
504260,15,825,16551,-27,-280,87,66,152,-4
504274,16,838,16550,-18,-278,85,63,153,-4
504288,18,827,16553,-15,-275,85,67,151,-2
504302,14,818,16553,-19,-281,88,66,149,-1
504316,19,823,16546,-22,-282,90,66,149,-1
504330,15,826,16550,-19,-277,82,64,151,-2
504344,9,817,16545,-18,-276,85,65,146,-1
504358,8,822,16542,-19,-282,86,67,152,-4
504372,11,827,16549,-17,-273,91,65,151,-2
504386,12,825,16552,-17,-286,86,63,151,-2
504400,8,823,16552,-21,-282,86,67,149,1
504414,17,834,16555,-14,-279,89,64,150,-1
504428,22,832,16554,-19,-278,84,66,149,-2
504442,20,823,16553,-24,-282,88,67,147,-3
504456,15,822,16551,-19,-275,84,68,151,-4
504470,12,816,16552,-19,-279,84,63,153,-2
504484,3,823,16559,-14,-277,88,62,151,-4
504498,10,824,16554,-21,-280,83,64,150,-1
504512,22,832,16555,-22,-280,86,65,148,-2
504526,12,833,16541,-23,-275,86,64,151,-4
504540,24,830,16538,-21,-278,88,63,152,-4
504554,28,820,16563,-18,-280,86,62,152,-2
504568,18,819,16556,-20,-277,86,66,151,-4
504582,19,819,16542,-14,-280,87,66,151,-6
504596,10,827,16542,-15,-280,87,66,148,-4
504610,8,830,16549,-25,-279,86,65,149,-4
504624,13,836,16556,-19,-282,91,65,151,-3
504638,15,826,16557,-21,-281,90,64,149,-4
504652,15,828,16562,-16,-273,81,62,154,-6
504666,26,819,16546,-19,-277,84,67,150,-7
504680,22,820,16547,-19,-279,90,64,152,-7
504694,19,823,16553,-15,-279,83,64,153,-5
504708,18,829,16553,-21,-279,87,64,153,-6
504722,18,828,16549,-19,-280,80,67,151,-8
504736,21,834,16549,-14,-276,84,66,150,-4
504750,24,826,16545,-16,-284,85,66,151,-2
504764,6,825,16549,-16,-280,90,65,150,1
504778,13,823,16551,-17,-276,81,64,153,-1
504792,6,824,16557,-18,-281,87,65,151,-3
504806,0,823,16549,-20,-277,86,67,150,-4
504820,12,826,16544,-16,-281,90,68,152,-6
504834,20,824,16554,-18,-283,82,64,152,-3
504848,23,826,16540,-21,-276,86,68,153,1
504862,17,816,16537,-19,-281,89,66,153,1
504876,6,823,16553,-19,-278,87,66,151,-6
504890,7,815,16552,-24,-278,87,69,153,-7
504904,-2,821,16549,-14,-279,89,69,153,-1
504918,2,820,16547,-17,-284,84,65,152,-2
504932,20,823,16554,-18,-274,84,64,149,-2
504946,20,828,16563,-21,-274,91,66,149,-4
504960,8,820,16552,-18,-275,83,68,151,-5
504974,18,816,16560,-20,-279,87,65,152,-1
504988,18,813,16552,-16,-276,86,65,153,-3
505002,14,815,16553,-11,-277,84,63,150,-3
505016,20,826,16560,-13,-277,91,64,151,-3
505030,22,827,16564,-13,-281,87,66,152,-6
505044,14,833,16560,-13,-281,89,67,153,-5
505058,6,833,16551,-16,-278,81,64,152,-4
505072,19,819,16552,-12,-282,83,61,151,-2
505086,14,815,16551,-19,-279,82,64,153,-3
505100,17,819,16554,-14,-279,83,66,150,-3
505114,20,817,16557,-14,-277,83,69,154,-2
505128,27,823,16548,-21,-279,85,68,152,-4
505142,20,827,16546,-22,-278,86,67,153,-1
505156,-241,833,16544,-13,-278,86,66,153,-6
505170,-6,827,16553,-11,-280,88,66,149,-7
505184,10,829,16559,-11,-274,86,67,149,-7
505198,4,826,16554,-15,-279,83,65,150,-6
505212,13,825,16552,-13,-284,83,65,150,-3
505226,32,820,16554,-21,-279,85,65,149,-5
505240,36,821,16554,-18,-277,85,64,149,-4
505254,21,815,16554,-17,-280,87,68,151,-4
505268,21,821,16549,-14,-280,88,66,149,-5
505282,12,826,16557,-20,-280,87,67,152,-5
505296,1,823,16557,-19,-280,84,61,152,-2
505310,-3,824,16546,-12,-278,81,63,152,-3
505324,-8,831,16560,-15,-280,82,62,151,-3
505338,3,831,16544,-18,-282,82,66,153,-3
505352,18,830,16545,-14,-282,88,66,154,-3
505366,28,813,16565,-22,-282,89,62,148,-3
505380,24,823,16558,-16,-281,89,68,150,-4
505394,22,819,16543,-16,-277,87,66,150,-4
505408,27,819,16545,-22,-280,90,66,150,-5
505422,-3,824,16546,-17,-285,87,67,150,-5
505436,-4,825,16546,-24,-282,88,67,148,-6
505450,3,838,16564,-15,-281,91,65,152,-4
505464,13,833,16553,-15,-280,88,66,153,-5
505478,20,831,16548,-19,-279,88,62,151,-4
505492,15,825,16547,-15,-278,85,64,151,-1
505506,30,828,16554,-20,-275,85,64,149,1
505520,22,811,16559,-16,-280,88,64,152,-3
505534,7,807,16544,-23,-281,88,67,148,-4
505548,12,821,16563,-21,-274,90,66,149,-5
505562,20,830,16552,-15,-277,85,63,152,-5
505576,14,836,16543,-19,-279,87,63,150,-4
505590,8,839,16541,-19,-279,85,62,153,-4
505604,14,828,16551,-21,-282,83,64,151,-5
505618,12,810,16548,-14,-282,88,68,148,-3
505632,6,810,16547,-22,-281,82,64,150,4
505646,11,816,16545,-18,-282,88,65,150,-2
505660,21,826,16542,-17,-283,85,66,148,-7
505674,16,834,16551,-12,-277,80,64,149,-4
505688,13,830,16552,-14,-279,88,68,151,-1
505702,4,838,16550,-15,-281,87,62,149,-2
505716,-7,824,16545,-16,-275,85,64,148,-3
505730,-9,821,16547,-16,-278,83,65,152,-3
505744,22,814,16554,-17,-277,87,65,147,-2
505758,22,817,16551,-15,-276,85,67,150,-5
505772,31,825,16553,-20,-280,92,64,151,-5
505786,22,824,16556,-22,-282,87,69,153,-7
505800,14,822,16548,-17,-284,89,72,152,-4
505814,7,817,16546,-17,-283,94,65,153,-4
505828,4,810,16559,-20,-276,90,65,156,-3
505842,8,803,16550,-21,-277,89,64,148,-1
505856,9,823,16555,-17,-282,86,63,149,-5
505870,15,826,16554,-17,-277,86,65,150,-6
505884,20,832,16549,-18,-278,86,65,149,-3
505898,9,835,16557,-14,-275,78,66,148,2
505912,0,831,16549,-25,-277,92,64,150,-3
505926,-4,824,16546,-21,-277,91,64,151,-4
505940,-2,813,16565,-11,-279,81,61,153,-4
505954,10,816,16555,-15,-278,87,63,147,-6
505968,34,813,16562,-14,-277,87,63,149,-5
505982,23,828,16551,-17,-273,84,67,149,-2
505996,23,823,16545,-17,-277,90,68,150,-3
506010,16,821,16554,-18,-280,86,67,151,-5
506024,11,822,16550,-21,-278,85,67,148,-7
506038,6,812,16551,-19,-275,84,66,152,-6
506052,9,828,16560,-22,-282,90,65,153,-4
506066,28,822,16551,-21,-273,88,66,153,-4
506080,17,818,16547,-20,-279,86,66,152,-3
506094,12,821,16552,-20,-278,85,67,147,-5
506108,20,831,16558,-22,-282,86,65,149,-3
506122,10,824,16552,-20,-278,86,66,152,-1
506136,4,830,16563,-19,-279,90,68,153,-4
506150,9,818,16562,-21,-281,86,67,153,-5
506164,11,819,16551,-16,-279,90,66,150,-3
506178,14,822,16562,-20,-276,82,62,152,-3
506192,13,820,16554,-14,-281,89,68,153,-4
506206,18,828,16547,-16,-280,85,66,153,2
506220,19,824,16553,-14,-283,84,69,150,-2
506234,10,819,16554,-19,-279,87,71,149,-3
506248,12,829,16547,-19,-281,90,67,150,-6
506262,16,816,16569,-19,-276,86,64,149,-7
506276,10,822,16567,-11,-277,89,64,150,-1
506290,11,829,16557,-15,-278,90,68,150,-5
506304,7,828,16563,-22,-279,85,69,150,-8
506318,4,838,16547,-16,-280,89,65,156,-5
506332,13,839,16549,-21,-284,83,65,156,-6
506346,22,827,16558,-14,-276,86,67,154,-6
506360,25,827,16555,-16,-282,84,64,147,-4
506374,19,822,16555,-17,-276,89,66,150,-6
506388,7,818,16565,-18,-283,87,64,152,-4
506402,8,823,16556,-15,-280,86,63,153,-4
506416,3,826,16556,-14,-278,84,63,151,-1
506430,4,834,16555,-16,-279,81,66,151,-2
506444,16,830,16548,-19,-280,82,65,149,-5
506458,14,829,16562,-15,-276,85,67,153,-3
506472,21,825,16558,-19,-276,87,66,153,-3
506486,19,818,16557,-20,-287,86,64,155,-4
506500,21,817,16551,-19,-277,82,65,148,-5
506514,23,825,16549,-23,-280,87,65,152,-4
506528,20,828,16555,-23,-278,89,62,150,-5
506542,13,833,16560,-23,-277,87,63,150,-5
506556,0,823,16563,-22,-281,87,64,153,-3
506570,10,818,16546,-13,-279,86,68,148,-4
506584,16,825,16550,-19,-279,88,66,147,-3
506598,14,824,16566,-17,-279,86,65,148,-4
506612,23,818,16568,-17,-279,87,65,148,-2
506626,13,820,16560,-22,-273,90,63,151,-5
506640,17,824,16560,-19,-276,91,65,154,-4
506654,10,819,16561,-21,-278,90,64,152,-5
506668,9,825,16545,-20,-281,87,61,153,-5
506682,15,817,16557,-21,-283,88,63,150,-6
506696,19,821,16559,-14,-275,81,64,153,-4
506710,17,823,16566,-19,-279,85,64,150,-2
506724,20,830,16555,-20,-280,84,66,151,-1
506738,15,832,16550,-20,-278,87,67,149,-6
506752,14,834,16557,-20,-278,85,67,151,-2
506766,20,835,16565,-24,-280,82,67,150,-5
506780,14,820,16555,-13,-280,86,63,145,-3
506794,21,823,16557,-14,-284,85,63,145,-1
506808,22,827,16564,-14,-277,87,66,152,-4
506822,17,832,16559,-20,-283,85,66,149,-2
506836,21,824,16550,-19,-285,87,65,150,-1
506850,17,826,16550,-17,-275,90,66,149,-1
506864,9,821,16558,-14,-274,85,68,150,-3
506878,10,816,16564,-18,-276,89,65,152,-2
506892,20,819,16549,-22,-273,85,65,151,-1
506906,27,815,16551,-19,-275,83,68,150,-2
506920,14,829,16542,-21,-279,91,67,149,-4
506934,16,827,16553,-16,-274,91,63,149,-1
506948,20,830,16560,-19,-278,85,63,155,-3
506962,8,832,16550,-18,-279,86,65,152,-4
506976,10,830,16552,-18,-275,88,63,148,1
506990,13,820,16561,-18,-279,85,63,152,-1
507004,10,822,16549,-20,-276,87,64,152,-3
507018,8,823,16557,-19,-279,81,70,147,-4
507032,12,823,16560,-19,-277,88,69,154,-3
507046,11,830,16549,-18,-279,85,65,153,-4
507060,9,829,16556,-20,-278,85,63,154,-4
507074,16,821,16564,-21,-283,90,66,154,-8
507088,17,820,16548,-17,-277,87,67,152,-6
507102,9,829,16564,-22,-275,88,66,152,-4
507116,10,830,16563,-13,-276,88,66,148,-3
507130,20,827,16558,-19,-278,86,68,149,-3
507144,22,817,16553,-18,-283,85,66,147,-2
507158,15,830,16547,-14,-279,84,66,148,-1
507172,13,824,16570,-18,-277,85,66,147,-3
507186,16,827,16557,-22,-276,87,63,148,-5
507200,10,824,16552,-16,-273,85,64,151,-4
507214,6,820,16559,-19,-277,91,64,148,-2
507228,13,824,16553,-20,-283,87,64,147,-3
507242,24,833,16543,-22,-279,92,63,147,-4
507256,24,829,16549,-23,-280,89,67,152,3
507270,18,825,16567,-20,-280,87,66,154,2
507284,23,826,16557,-17,-278,85,66,150,-3
507298,12,825,16569,-19,-278,92,69,149,-2
507312,15,833,16558,-16,-280,86,67,152,-2
507326,24,820,16560,-21,-277,85,65,152,-3
507340,22,822,16552,-19,-280,88,65,154,-4
507354,14,822,16556,-20,-285,83,63,145,-3
507368,19,821,16557,-19,-274,81,64,145,-4
507382,13,818,16561,-19,-278,82,66,147,-5
507396,18,818,16556,-17,-272,86,69,150,-5
507410,16,827,16556,-18,-282,82,64,149,-5
507424,21,828,16561,-17,-282,90,66,150,1
507438,12,823,16553,-16,-278,86,65,150,-1
507452,21,826,16560,-14,-277,91,62,152,-4
507466,29,829,16555,-19,-277,89,65,153,-3
507480,1,821,16549,-17,-275,87,63,152,-4
507494,8,820,16557,-21,-276,83,69,150,-4
507508,18,825,16555,-14,-280,87,66,147,-5
507522,18,828,16556,-15,-277,83,63,149,-3
507536,14,827,16559,-19,-282,89,66,156,-2
507550,14,829,16547,-18,-281,87,66,152,-4
507564,18,829,16561,-20,-280,86,67,149,-4
507578,19,825,16557,-16,-280,85,64,148,-4
507592,20,830,16550,-17,-281,84,60,153,-3
507606,17,826,16560,-15,-278,87,64,150,-3
507620,21,826,16553,-7,-277,87,62,152,-2
507634,20,825,16553,-17,-279,86,65,149,-6
507648,16,828,16562,-12,-274,85,66,151,-3
507662,9,829,16553,-16,-277,84,67,153,-3
507676,12,826,16555,-22,-277,85,62,155,-5
507690,8,821,16554,-19,-278,85,64,150,-5
507704,21,816,16548,-17,-282,88,62,150,-8
507718,23,824,16549,-18,-279,86,64,149,-11
507732,31,830,16555,-22,-275,86,67,149,-7
507746,23,837,16554,-21,-278,90,66,150,-5
507760,19,825,16559,-16,-277,85,67,153,-5
507774,14,823,16550,-17,-280,86,67,150,-8
507788,7,823,16542,-19,-281,83,68,151,-7
507802,9,825,16547,-17,-279,87,66,147,-2
507816,21,817,16552,-23,-274,88,65,148,-5
507830,3,823,16554,-20,-281,85,63,148,-7
507844,4,826,16550,-20,-276,86,68,150,-2
507858,16,823,16550,-18,-280,88,67,155,2
507872,17,822,16556,-12,-280,87,61,150,-3
507886,15,817,16557,-16,-279,85,64,152,-3
507900,21,816,16558,-21,-282,86,68,150,-1
507914,15,823,16557,-21,-275,84,65,146,-1
507928,14,819,16548,-19,-275,88,67,147,-2
507942,16,829,16560,-20,-278,88,66,149,-2
507956,17,826,16564,-11,-275,83,63,152,-7
507970,16,821,16551,-13,-283,87,63,154,-3
507984,14,820,16557,-18,-274,82,67,149,-3
507998,14,812,16555,-16,-276,82,64,149,-1
508012,11,816,16547,-19,-283,85,66,149,-5
508026,27,813,16573,-21,-278,86,65,153,-2
508040,21,818,16549,-14,-276,84,63,152,-5
508054,18,835,16555,-13,-277,86,63,149,-6
508068,17,842,16567,-10,-275,84,65,148,-3
508082,22,822,16554,-16,-278,84,67,149,-5
508096,29,822,16539,-17,-281,82,64,149,-4
508110,9,828,16555,-18,-279,86,62,154,-4
508124,10,831,16559,-14,-282,88,64,152,-3
508138,10,827,16556,-18,-282,87,65,154,-4
508152,10,828,16554,-15,-278,88,62,149,-2
508166,-1,821,16544,-14,-280,87,61,149,-2
508180,4,827,16557,-9,-275,90,63,149,-5
508194,16,829,16547,-19,-278,83,64,147,-5
508208,19,832,16549,-17,-279,82,63,149,-2
508222,18,821,16551,-19,-282,84,64,152,-4
508236,14,824,16548,-21,-276,89,64,153,-5
508250,8,832,16558,-26,-283,92,66,146,-3
508264,4,832,16556,-19,-277,87,67,148,-1
508278,2,829,16553,-18,-281,83,62,149,-3
508292,-7,830,16562,-20,-282,92,65,153,-3
508306,5,827,16552,-14,-277,86,62,154,-2
508320,21,824,16548,-13,-279,85,63,153,-3
508334,25,829,16566,-17,-282,87,63,155,-3
508348,13,818,16560,-18,-275,84,64,157,-6
508362,10,822,16558,-18,-279,90,64,148,-6
508376,21,819,16559,-20,-279,87,67,149,-5
508390,14,822,16549,-18,-279,84,63,150,2
508404,12,833,16559,-16,-283,86,68,148,1
508418,15,829,16554,-15,-280,84,69,148,-7
508432,19,825,16547,-14,-274,85,65,148,-7
508446,10,826,16553,-19,-275,85,67,151,-4
508460,13,820,16540,-19,-279,86,64,147,-2
508474,17,822,16544,-17,-280,88,67,150,-3
508488,22,813,16552,-15,-280,91,62,148,-4
508502,14,811,16555,-14,-276,87,63,149,-4
508516,15,819,16557,-26,-282,88,66,154,-8
508530,13,832,16559,-24,-275,88,66,153,-3
508544,11,830,16543,-15,-275,84,65,154,-4
508558,15,829,16554,-23,-279,90,65,148,-6
508572,8,828,16547,-21,-276,84,66,150,-9
508586,9,821,16552,-16,-278,85,68,150,-6
508600,16,818,16553,-20,-279,88,66,147,1
508614,22,821,16555,-17,-277,88,64,152,-2
508628,14,820,16552,-18,-277,85,64,152,-3
508642,9,818,16552,-19,-280,89,66,152,-1
508656,5,825,16547,-15,-277,92,68,152,-4
508670,9,829,16550,-15,-280,86,69,150,-5
508684,9,828,16548,-14,-279,85,64,152,-3
508698,20,818,16545,-19,-277,87,62,152,-1
508712,22,827,16552,-18,-274,88,65,152,-6
508726,8,823,16533,-17,-283,84,67,153,-6
508740,22,821,16558,-15,-281,83,67,149,-3
508754,10,819,16566,-17,-277,85,67,150,-2
508768,7,825,16547,-16,-280,86,64,152,-2
508782,7,824,16557,-20,-276,87,66,152,-5
508796,1,815,16549,-27,-280,85,64,149,-2
508810,16,821,16532,-22,-280,88,68,156,-3
508824,16,825,16538,-16,-279,87,67,153,-4
508838,12,830,16560,-18,-279,85,60,152,-6
508852,20,825,16544,-18,-281,85,61,151,-6
508866,23,817,16557,-21,-276,88,63,153,-7
508880,21,820,16560,-15,-276,86,64,155,-8
508894,7,817,16551,-13,-276,88,64,153,-8
508908,17,811,16554,-14,-275,83,69,151,-4
508922,19,824,16543,-16,-277,88,69,150,-3
508936,13,821,16540,-18,-276,84,66,152,-4
508950,9,821,16543,-21,-278,85,63,152,-3
508964,11,823,16540,-21,-276,85,66,153,-2
508978,19,829,16541,-18,-277,87,65,155,-6
508992,25,824,16542,-17,-283,88,67,154,-6
509006,16,818,16556,-21,-284,89,64,155,-5
509020,16,820,16551,-17,-275,90,63,154,-3
509034,20,819,16547,-16,-280,84,65,153,-3
509048,22,822,16550,-12,-280,86,67,149,-3
509062,12,823,16547,-18,-277,86,70,152,-5
509076,11,829,16539,-15,-281,85,65,151,-4
509090,-3,817,16547,-10,-277,87,65,155,-7
509104,0,821,16546,-17,-276,87,67,156,-7
509118,15,820,16555,-17,-280,86,64,149,-1
509132,16,818,16550,-15,-276,84,66,151,-2
509146,17,821,16540,-18,-277,89,67,150,-2
509160,14,821,16544,-19,-278,81,65,148,-7
509174,13,828,16548,-19,-279,79,62,148,-4
509188,16,823,16537,-19,-278,87,66,151,-5
509202,6,828,16545,-21,-276,89,64,149,-5
509216,19,827,16556,-18,-280,87,61,146,-6
509230,23,832,16542,-14,-278,87,63,148,-5
509244,17,823,16541,-20,-280,89,64,151,-5
509258,24,823,16536,-18,-274,85,64,152,-3
509272,28,827,16544,-17,-277,91,64,151,1
509286,29,827,16553,-18,-278,89,63,149,-7
509300,19,822,16550,-14,-277,85,64,147,-4
509314,12,820,16539,-17,-280,87,68,148,-6
509328,4,829,16557,-22,-278,85,66,149,-5
509342,2,833,16552,-25,-280,86,67,148,-4
509356,11,833,16542,-18,-278,84,63,146,-5
509370,18,826,16546,-17,-280,84,64,146,-7
509384,21,828,16539,-16,-278,84,66,154,-1
509398,17,823,16542,-18,-279,83,67,150,-2
509412,31,822,16552,-18,-280,83,68,150,-3
509426,24,819,16550,-17,-280,86,66,153,-3
509440,8,821,16554,-20,-275,87,65,151,1
509454,13,823,16559,-20,-277,92,66,152,1
509468,23,832,16543,-17,-279,92,64,153,-1
509482,12,836,16543,-20,-275,87,64,149,-4
509496,15,833,16543,-14,-277,83,63,149,-7
509510,21,827,16542,-19,-275,85,66,148,-6
509524,21,823,16554,-22,-281,84,65,149,-4
509538,14,822,16550,-18,-279,83,64,151,-6
509552,24,827,16557,-15,-277,94,63,152,-7
509566,31,827,16549,-18,-276,94,66,150,3
509580,16,821,16551,-16,-275,86,67,149,-1
509594,13,823,16547,-17,-279,86,65,149,-4
509608,6,822,16544,-22,-280,87,66,147,-5
509622,6,826,16540,-18,-281,83,65,154,-7
509636,10,827,16562,-22,-282,87,64,152,-4
509650,5,834,16551,-17,-280,89,65,152,-3
509664,10,831,16550,-17,-278,90,67,149,-4
509678,17,824,16550,-18,-277,87,65,153,-6
509692,16,821,16548,-21,-277,90,64,147,-4
509706,6,817,16554,-19,-281,88,64,150,-5
509720,3,817,16558,-19,-285,84,62,155,-8
509734,4,818,16547,-18,-279,86,67,151,-5
509748,-7,825,16545,-19,-281,89,67,152,-6
509762,14,827,16544,-20,-279,85,65,149,-7
509776,21,825,16535,-20,-276,89,64,148,-5
509790,8,821,16561,-19,-276,89,63,149,-3
509804,17,816,16554,-19,-276,91,65,151,-2
509818,24,826,16550,-19,-279,90,63,151,-1
509832,22,820,16558,-20,-277,89,66,149,-5
509846,16,827,16553,-18,-279,90,67,149,-3
509860,4,828,16558,-17,-281,90,69,149,-2
509874,12,826,16572,-19,-284,89,66,152,-4
509888,11,833,16552,-16,-277,87,64,153,-4
509902,9,827,16554,-16,-278,88,66,150,-3
509916,12,831,16550,-16,-278,86,67,150,-3
509930,19,820,16556,-15,-275,86,67,151,-1
509944,15,821,16566,-18,-277,81,66,149,-7
509958,22,831,16551,-17,-280,81,68,152,-6
509972,22,833,16544,-20,-278,85,66,150,-5
509986,14,821,16549,-11,-283,82,65,150,-4
510000,11,821,16540,-19,-277,86,64,150,1
510014,8,826,16549,-18,-278,86,64,152,-1
510028,11,820,16544,-15,-275,86,66,151,-6
510042,14,824,16556,-17,-275,87,68,152,-2
510056,17,823,16552,-12,-274,90,66,148,-4
510070,18,818,16543,-17,-279,87,68,149,-3
510084,15,822,16539,-15,-274,83,65,152,-3
510098,15,812,16553,-20,-276,84,64,151,-5
510112,20,823,16554,-17,-277,87,64,152,-3
510126,20,830,16540,-14,-278,84,63,154,-5
510140,18,825,16541,-8,-282,85,65,152,-2
510154,13,828,16545,-16,-284,80,64,148,-1
510168,3,832,16536,-14,-277,77,66,148,1
510182,0,833,16541,-20,-280,82,65,150,1
510196,16,827,16540,-11,-281,82,67,150,-2
510210,9,829,16537,-18,-279,79,67,150,-6
510224,12,828,16554,-17,-281,81,66,147,-8
510238,18,826,16536,-15,-281,85,63,147,-6
510252,22,826,16553,-17,-280,88,64,151,-3
510266,16,820,16544,-17,-279,84,62,148,-2
510280,15,815,16549,-17,-280,87,64,151,-3
510294,10,818,16547,-19,-278,88,68,151,-5
510308,10,828,16543,-13,-282,88,67,147,-7
510322,9,825,16546,-19,-281,83,71,153,2
510336,25,818,16536,-20,-275,84,67,153,-2
510350,19,825,16540,-19,-281,87,64,149,-5
510364,15,819,16544,-21,-275,82,65,151,-5
510378,14,818,16547,-17,-281,82,66,151,-6
510392,21,830,16543,-20,-280,87,66,152,-4
510406,16,829,16546,-20,-280,85,65,150,-6
510420,22,819,16548,-17,-282,86,65,150,-2
510434,20,820,16548,-19,-279,85,65,151,-6
510448,8,820,16544,-16,-277,86,64,153,-4
510462,6,816,16555,-14,-275,87,67,152,-3
510476,12,820,16542,-11,-279,82,66,152,-1
510490,14,829,16552,-19,-281,86,66,153,-8
510504,20,825,16543,-18,-276,83,64,155,-5
510518,19,831,16540,-16,-276,86,65,154,-1
510532,13,820,16550,-16,-278,84,68,151,1
510546,7,827,16551,-21,-277,80,64,150,-3
510560,5,826,16547,-21,-273,81,63,152,-5
510574,18,831,16544,-17,-282,84,64,149,-4
510588,13,832,16552,-16,-276,82,67,154,-5
510602,18,826,16548,-19,-277,87,68,153,-4
510616,18,817,16553,-12,-278,81,67,152,-2
510630,9,821,16543,-17,-281,83,66,153,-6
510644,14,826,16538,-20,-278,84,66,155,-2
510658,14,824,16536,-12,-288,88,65,156,-4
510672,25,821,16539,-17,-275,88,65,154,-4
510686,19,837,16550,-20,-280,85,68,150,-4
510700,23,834,16547,-13,-276,86,67,153,1
510714,10,826,16554,-19,-278,84,68,150,-4
510728,14,829,16550,-17,-278,88,64,147,-6
510742,14,821,16553,-16,-282,90,62,150,-2
510756,6,822,16557,-16,-281,87,63,152,-2
510770,14,826,16548,-19,-281,89,64,152,-3
510784,17,823,16546,-22,-277,86,65,147,-5
510798,18,819,16552,-18,-278,89,66,152,-3
510812,22,817,16550,-16,-282,86,64,155,-5
510826,22,819,16556,-14,-279,86,64,154,-5
510840,16,818,16549,-18,-282,88,68,153,1
510854,6,819,16550,-20,-283,91,67,152,1
510868,9,831,16533,-17,-279,86,65,154,-3
510882,20,826,16580,-18,-277,81,66,153,-5
510896,15,824,16533,-24,-274,88,65,153,-2
510910,23,814,16555,-16,-281,84,61,150,-6
510924,22,815,16539,-21,-280,85,61,150,-4
510938,19,810,16560,-17,-281,86,69,148,-4
510952,20,809,16562,-18,-270,82,73,149,-4
510966,16,819,16537,-18,-278,82,68,150,-10
510980,21,823,16544,-19,-275,83,64,147,-7
510994,21,823,16550,-15,-273,80,62,150,-2
511008,24,821,16554,-16,-275,83,65,148,-1
511022,20,821,16553,-17,-282,85,64,148,-3
511036,13,810,16561,-15,-280,84,65,153,-5
511050,16,816,16545,-19,-281,88,68,154,-6
511064,15,820,16550,-20,-277,84,65,153,-6
511078,22,830,16553,-17,-277,79,64,153,-4
511092,27,833,16551,-15,-279,80,62,152,-4
511106,27,834,16557,-16,-279,85,67,153,-2
511120,19,820,16546,-16,-276,89,67,150,-1
511134,18,815,16556,-17,-281,86,65,150,-3
511148,9,819,16550,-12,-277,86,63,153,3
511162,11,822,16555,-17,-284,84,62,155,2
511176,17,825,16541,-14,-282,86,66,148,-4
511190,22,832,16552,-14,-279,85,65,152,-4
511204,15,828,16558,-19,-283,89,64,152,-3
511218,14,825,16554,-11,-278,87,64,150,-2
511232,10,825,16558,-18,-276,83,65,148,-3
511246,12,816,16551,-13,-279,86,67,147,-3
511260,9,818,16556,-21,-276,83,67,145,-4
511274,13,822,16566,-17,-283,84,64,148,1
511288,12,833,16556,-17,-279,85,62,149,-3
511302,24,830,16545,-16,-276,86,65,148,-3
511316,15,833,16554,-20,-279,87,64,155,-4
511330,15,825,16545,-17,-282,82,63,152,-4
511344,9,812,16556,-19,-279,89,66,148,-1
511358,3,810,16574,-22,-281,88,66,154,-1
511372,3,826,16555,-16,-284,86,66,149,-4
511386,9,830,16547,-13,-279,82,63,150,-7
511400,9,838,16560,-21,-284,86,64,148,-7
511414,18,838,16560,-19,-278,87,69,150,-5
511428,9,834,16544,-18,-279,83,66,148,-4
511442,14,819,16570,-12,-277,85,64,149,1
511456,6,812,16557,-10,-281,84,63,152,1
511470,19,826,16553,-18,-283,85,66,152,-2
511484,19,824,16562,-15,-281,88,68,153,-5
511498,12,821,16537,-19,-280,90,66,153,-6
511512,15,825,16548,-17,-278,87,67,153,-6
511526,7,828,16550,-14,-280,91,63,149,-7
511540,-3,838,16557,-15,-283,83,64,149,-2
511554,6,825,16546,-15,-279,83,65,154,-3
511568,15,814,16549,-17,-284,90,66,153,-5
511582,19,811,16536,-15,-275,87,68,149,-3
511596,26,807,16537,-14,-278,83,65,148,3
511610,26,815,16557,-12,-276,78,61,150,4
511624,35,824,16536,-13,-280,86,63,155,1
511638,30,830,16535,-11,-276,86,63,149,-3
511652,8,835,16525,-19,-273,89,63,148,-7
511666,7,828,16586,-11,-275,86,65,150,-5
511680,-10,834,16516,-12,-276,79,69,152,-3
511694,-14,823,16590,-18,-276,90,64,152,-1
511708,-11,821,16551,-18,-281,90,65,154,-2
511722,23,823,16574,-18,-284,86,63,155,-1
511736,40,823,16575,-19,-275,84,65,152,-5
511750,34,814,16549,-18,-275,83,66,150,-3
511764,28,815,16545,-15,-279,84,66,149,-4
511778,30,817,16547,-20,-279,89,69,151,-3
511792,15,827,16549,-18,-278,87,68,152,-3
511806,10,834,16549,-17,-276,86,66,149,-5
511820,5,835,16539,-19,-273,87,67,148,-7
511834,-5,833,16569,-14,-283,85,65,150,-7
511848,12,829,16547,-18,-276,84,67,150,-3
511862,11,828,16573,-15,-274,87,67,156,2
511876,17,814,16567,-17,-281,91,64,157,-2
511890,14,808,16542,-17,-276,86,66,156,-5
511904,19,821,16595,-17,-285,79,67,149,-2
511918,27,828,16556,-17,-280,85,67,149,-2
511932,33,841,16549,-19,-278,85,64,149,-5
511946,21,839,16597,-16,-278,85,65,149,-1
511960,-17,836,16530,-16,-285,84,66,150,-3
511974,-9,832,16576,-15,-275,83,65,153,-3
511988,-6,810,16528,-19,-280,86,65,149,-2
512002,7,820,16568,-27,-279,81,67,152,-2
512016,35,826,16536,-13,-279,80,62,153,-5
512030,29,836,16548,-15,-282,85,65,149,-6
512044,24,823,16542,-18,-281,83,63,148,-1
512058,18,811,16525,-12,-276,88,62,148,-7
512072,2,822,16572,-18,-279,90,66,147,-6
512086,-1,817,16555,-19,-276,90,67,150,-5
512100,0,828,16553,-15,-276,85,65,153,-3
512114,3,836,16562,-17,-279,85,64,153,-5
512128,19,837,16540,-17,-278,79,66,152,-4
512142,20,835,16543,-20,-279,81,63,150,-6
512156,23,824,16544,-19,-281,82,63,150,-7
512170,24,818,16539,-20,-278,84,64,153,-4
512184,7,806,16569,-20,-278,89,67,150,-4
512198,-1,809,16553,-18,-278,83,64,151,-5
512212,7,835,16545,-17,-275,82,64,148,-3
512226,4,838,16548,-14,-281,87,66,147,-2
512240,0,829,16552,-16,-278,84,65,155,-2
512254,6,839,16549,-10,-277,86,64,152,-6
512268,7,825,16562,-15,-279,84,65,150,-5
512282,15,811,16551,-14,-274,91,62,150,-1
512296,17,801,16556,-15,-281,91,64,153,1
512310,29,808,16553,-18,-284,88,65,152,-7
512324,34,811,16563,-20,-279,89,67,151,-6
512338,16,830,16557,-20,-284,86,67,147,-5
512352,13,839,16550,-17,-283,85,64,149,-2
512366,-6,826,16551,-13,-281,84,68,153,1
512380,1,826,16549,-20,-277,86,66,152,-9
512394,4,819,16548,-24,-278,84,65,149,-6
512408,10,819,16546,-23,-279,86,66,150,-4
512422,28,824,16549,-21,-276,86,66,152,-8
512436,36,824,16552,-16,-281,86,64,153,-5
512450,36,819,16554,-20,-277,90,63,150,-6
512464,27,826,16537,-16,-281,86,66,149,-5
512478,12,820,16564,-20,-281,88,68,149,-3
512492,8,822,16565,-18,-277,90,68,153,-3
512506,-4,827,16554,-18,-277,86,67,152,-6
512520,5,834,16548,-20,-279,83,66,149,-3
512534,13,826,16545,-27,-277,87,64,150,-4
512548,15,820,16546,-20,-275,87,63,152,-1
512562,19,821,16555,-18,-280,80,66,150,-3
512576,24,818,16546,-26,-281,82,65,152,-4
512590,18,814,16555,-23,-281,83,68,153,-6
512604,9,815,16553,-21,-281,89,67,150,-6
512618,9,826,16547,-18,-276,87,65,153,-5
512632,5,829,16555,-19,-278,84,68,150,-5
512646,13,830,16542,-18,-273,91,67,152,-3
512660,20,829,16532,-15,-275,88,64,154,-5
512674,9,825,16546,-16,-276,86,66,153,-3
512688,8,818,16553,-18,-279,87,64,147,-4
512702,13,810,16561,-15,-282,88,66,149,-3
512716,27,806,16550,-16,-278,88,70,149,-5
512730,27,819,16564,-19,-279,84,67,150,-4
512744,10,826,16551,-25,-277,87,66,152,-4
512758,16,832,16545,-23,-276,87,65,153,-2
512772,16,834,16556,-23,-283,88,64,154,-5
512786,7,831,16556,-21,-276,86,65,153,-5
512800,9,828,16549,-21,-275,88,64,149,-1
512814,10,830,16543,-17,-281,86,63,152,2
512828,23,813,16541,-17,-281,84,69,150,-2
512842,29,817,16534,-18,-276,86,67,149,-4
512856,31,825,16550,-22,-277,87,66,152,-4
512870,27,833,16544,-19,-278,86,62,150,-6
512884,9,831,16547,-15,-276,89,64,151,-6
512898,5,826,16550,-20,-276,85,67,154,-3
512912,-8,828,16552,-22,-280,83,65,149,-5
512926,-4,827,16557,-18,-280,79,65,149,-6
512940,22,831,16545,-13,-282,86,67,149,-2
512954,28,831,16540,-16,-270,86,66,150,-1
512968,35,828,16546,-16,-277,86,62,152,-3
512982,42,822,16544,-16,-278,84,66,149,1
512996,32,809,16539,-20,-276,83,66,153,-2
513010,21,811,16550,-19,-279,86,65,152,-2
513024,3,823,16544,-19,-284,84,68,149,-2
513038,-9,832,16551,-17,-280,85,64,154,1
513052,0,834,16554,-17,-278,88,65,154,1
513066,7,835,16545,-11,-277,85,65,150,-2
513080,29,817,16556,-20,-279,88,65,152,-6
513094,37,816,16562,-21,-283,92,68,147,-3
513108,29,809,16518,-25,-281,84,67,154,-2
513122,20,807,16561,-20,-281,84,64,153,-3
513136,15,816,16532,-15,-279,87,65,150,-1
513150,5,830,16535,-20,-277,86,64,149,-2
513164,8,835,16540,-18,-282,87,66,148,-3
513178,-5,832,16543,-18,-281,85,69,149,-2
513192,0,831,16543,-13,-284,81,68,150,-4
513206,5,830,16492,-14,-276,83,65,153,-2
513220,16,827,16593,-18,-275,89,64,149,-1
513234,40,808,16539,-16,-273,85,66,151,-5
513248,29,813,16508,-22,-275,88,65,152,-4
513262,25,818,16574,-22,-279,84,68,153,-4
513276,21,825,16539,-18,-277,88,67,147,-4
513290,4,837,16552,-18,-283,87,68,149,-3
513304,6,833,16565,-19,-279,85,67,152,1
513318,-3,835,16542,-17,-279,84,65,149,-2
513332,5,831,16573,-21,-279,96,66,152,-1
513346,9,817,16549,-21,-276,87,66,147,-1
513360,19,826,16538,-13,-275,85,65,149,-3
513374,41,821,16555,-15,-281,90,69,155,-5
513388,30,816,16544,-16,-277,91,67,149,-5
513402,21,810,16561,-15,-275,87,65,150,-2
513416,12,818,16562,-16,-278,90,64,150,-2
513430,1,834,16539,-20,-279,86,60,146,-2
513444,-4,833,16562,-17,-280,88,61,149,-4
513458,11,835,16541,-21,-282,87,68,150,-3
513472,4,833,16551,-21,-277,85,66,152,-3
513486,13,813,16553,-23,-278,87,68,155,-5
513500,22,818,16539,-23,-274,86,67,153,-5
513514,24,815,16555,-19,-278,88,64,152,-1
513528,29,812,16554,-16,-278,86,66,152,2
513542,32,820,16555,-16,-281,87,66,152,-1
513556,22,824,16550,-19,-278,85,66,153,-5
513570,1,819,16538,-17,-274,86,64,152,-3
513584,-9,827,16546,-17,-279,84,65,150,-1
513598,-7,824,16555,-18,-274,86,65,150,-1
513612,7,827,16542,-20,-279,87,66,151,-3
513626,19,827,16547,-20,-279,89,66,153,1
513640,26,833,16541,-18,-281,86,67,152,-4
513654,33,828,16546,-12,-280,86,68,154,-2
513668,25,804,16540,-17,-281,88,67,154,-3
513682,18,807,16554,-20,-278,90,67,149,-6
513696,9,817,16560,-22,-276,91,68,148,-3
513710,16,830,16559,-19,-280,90,66,150,-4
513724,11,831,16556,-17,-280,83,68,148,-1
513738,12,836,16547,-15,-280,84,66,149,-2
513752,19,825,16535,-11,-278,84,65,150,-2
513766,21,823,16540,-15,-278,83,68,153,-4
513780,25,807,16544,-16,-276,89,66,153,-4
513794,32,817,16549,-18,-275,85,64,150,-3
513808,38,825,16553,-24,-281,90,62,152,-4
513822,28,827,16551,-18,-277,89,60,150,-3
513836,11,834,16552,-19,-278,89,63,150,-5
513850,10,839,16551,-20,-277,85,64,150,-5
513864,-1,827,16550,-18,-279,85,64,155,-3
513878,0,824,16550,-15,-281,89,63,152,-4
513892,12,818,16548,-19,-283,88,62,152,-1
513906,13,814,16549,-15,-280,86,64,148,-3
513920,22,825,16547,-13,-276,90,66,147,-4
513934,30,825,16550,-19,-274,86,68,152,-3
513948,12,823,16554,-16,-279,88,68,152,-3
513962,16,827,16544,-13,-282,87,66,153,1
513976,0,826,16559,-12,-279,84,61,153,-4
513990,-2,822,16548,-16,-277,84,64,149,-4
514004,4,823,16551,-17,-280,85,65,152,-3
514018,10,822,16546,-17,-279,84,66,152,-6
514032,15,832,16555,-20,-276,89,66,151,-4
514046,29,824,16549,-15,-281,88,66,153,-3
514060,33,821,16554,-15,-276,89,67,154,-1
514074,18,823,16558,-17,-277,87,65,149,-4
514088,10,820,16550,-23,-279,90,65,153,-1
514102,-1,816,16545,-23,-277,86,64,150,-4
514116,2,817,16554,-17,-279,85,64,151,-5
514130,13,835,16549,-12,-277,90,64,148,-2
514144,9,837,16548,-18,-276,84,66,149,1
514158,9,832,16540,-16,-282,86,66,150,-2
514172,12,829,16534,-16,-278,85,64,154,-6
514186,12,816,16547,-15,-278,87,66,153,-7
514200,13,817,16543,-20,-278,80,67,152,-5
514214,33,815,16553,-11,-278,80,67,149,-5
514228,19,826,16551,-12,-278,83,67,150,-5
514242,19,831,16557,-20,-276,86,63,148,-4
514256,14,835,16552,-18,-279,85,63,152,-4
514270,3,827,16554,-18,-277,88,63,154,-1
514284,0,826,16553,-15,-278,87,63,148,-1
514298,14,826,16549,-19,-279,84,67,148,-2
514312,21,822,16556,-18,-282,86,65,150,-4
514326,20,815,16551,-14,-280,89,64,155,1
514340,25,820,16550,-16,-276,88,65,155,-4
514354,29,832,16561,-18,-278,86,64,152,-5
514368,23,831,16558,-13,-282,87,65,148,-5
514382,0,823,16558,-15,-276,84,63,147,-3
514396,-1,818,16551,-13,-285,88,64,148,-3
514410,12,817,16557,-17,-279,84,67,153,1
514424,9,817,16560,-15,-280,86,68,149,-2
514438,19,823,16560,-22,-283,84,67,148,-5
514452,28,822,16554,-15,-277,86,70,150,-4
514466,22,820,16544,-16,-279,87,69,152,-2
514480,19,819,16536,-16,-279,84,70,155,-6
514494,5,825,16564,-19,-276,86,67,153,-4
514508,15,824,16558,-21,-278,87,65,149,-2
514522,3,818,16555,-20,-280,84,64,148,-5
514536,2,829,16555,-20,-279,83,68,147,-2
514550,9,831,16540,-17,-284,85,67,149,-3
514564,14,840,16547,-13,-276,86,67,148,-2
514578,20,836,16558,-22,-275,81,66,149,-5
514592,13,822,16541,-16,-281,79,63,150,-2
514606,16,819,16548,-19,-277,87,64,153,-5
514620,15,816,16552,-23,-273,90,64,154,-6
514634,11,823,16554,-20,-278,86,67,154,-6
514648,13,824,16556,-19,-282,86,68,152,-4
514662,7,831,16554,-19,-279,82,63,150,-4
514676,9,831,16548,-19,-275,86,65,150,-2
514690,11,827,16551,-18,-277,83,67,154,-1
514704,13,823,16550,-21,-276,88,64,153,-1
514718,17,819,16546,-16,-276,84,66,154,-5
514732,13,826,16554,-17,-279,92,65,152,-9
514746,19,821,16559,-21,-280,86,64,152,-9
514760,17,820,16553,-19,-282,83,67,150,-3
514774,23,832,16555,-17,-287,82,66,149,-7
514788,17,820,16550,-18,-281,85,68,146,-5
514802,9,815,16540,-23,-276,87,66,150,-4
514816,14,819,16558,-12,-275,91,68,150,-4
514830,11,822,16561,-22,-274,91,66,155,-7
514844,16,819,16552,-13,-278,86,67,152,-7
514858,16,822,16553,-20,-278,82,66,148,-5
514872,23,820,16556,-15,-273,89,67,149,-6
514886,21,825,16557,-16,-276,92,68,152,-6
514900,21,817,16553,-19,-275,83,68,153,-5
514914,16,820,16553,-17,-280,88,67,151,-5
514928,9,820,16549,-21,-278,80,67,153,-2
514942,13,815,16546,-16,-279,81,64,152,-5
514956,13,823,16553,-17,-282,87,61,150,-7
514970,12,824,16558,-18,-278,83,64,150,-3
514984,9,820,16554,-17,-279,81,64,149,-1
514998,14,819,16558,-20,-275,82,65,150,-4
515012,20,809,16546,-17,-281,88,64,151,-1
515026,17,827,16546,-13,-284,89,63,154,-2
515040,22,833,16545,-9,-279,87,63,152,-4
515054,16,827,16543,-13,-275,81,65,153,-3
515068,17,830,16544,-12,-282,82,66,149,-2
515082,12,823,16548,-19,-278,83,64,149,-4
515096,12,822,16560,-17,-275,85,65,148,-4
515110,12,822,16538,-21,-277,89,65,153,-2
515124,22,824,16552,-17,-281,85,65,150,-3
515138,12,823,16553,-16,-282,84,64,152,-6
515152,13,820,16558,-13,-278,82,67,149,-1
515166,22,817,16546,-18,-279,85,68,152,-2
515180,24,826,16546,-14,-282,87,65,153,-2
515194,18,819,16552,-18,-278,87,66,148,-4
515208,18,815,16552,-20,-278,86,67,154,-4
515222,16,828,16548,-16,-277,85,70,153,-3
515236,13,830,16545,-15,-276,89,68,153,3
515250,8,831,16531,-11,-278,82,63,153,-3
515264,9,825,16527,-15,-281,82,63,152,-5
515278,33,823,16556,-18,-281,85,67,153,-3
515292,28,822,16561,-18,-284,88,66,148,-3
515306,14,814,16542,-21,-281,86,65,153,-6
515320,19,816,16540,-19,-271,83,65,149,-5
515334,18,828,16539,-14,-278,85,68,151,-5
515348,20,828,16539,-13,-281,86,67,152,-6
515362,8,828,16537,-17,-277,85,66,151,-3
515376,8,825,16542,-17,-275,85,66,150,-3
515390,5,825,16547,-16,-282,88,64,149,-3
515404,21,816,16543,-21,-277,83,62,149,-2
515418,25,816,16550,-22,-279,87,58,147,-2
515432,32,817,16534,-15,-280,89,61,149,-5
515446,26,820,16545,-16,-277,82,66,151,1
515460,20,827,16540,-20,-282,90,66,151,-2
515474,9,823,16549,-13,-285,83,64,147,-4
515488,7,832,16542,-20,-277,82,67,151,-4
515502,0,825,16544,-18,-275,85,65,152,-3
515516,16,825,16537,-18,-274,86,62,150,-3
515530,13,824,16547,-16,-277,86,61,150,-2
515544,23,826,16544,-11,-280,81,64,152,-6
515558,19,827,16547,-19,-280,87,64,150,-4
515572,13,817,16551,-18,-279,85,66,152,-3
515586,16,825,16541,-19,-277,86,64,148,-5
515600,6,828,16545,-13,-273,81,64,150,-5
515614,3,831,16540,-15,-278,81,66,149,-2
515628,10,828,16550,-16,-273,83,63,151,-3
515642,20,824,16541,-14,-283,83,68,149,-2
515656,21,825,16545,-13,-280,84,62,150,-1
515670,19,816,16546,-17,-276,83,65,151,-3
515684,14,819,16532,-25,-277,87,64,151,2
515698,17,817,16549,-20,-280,83,68,147,-1
515712,16,818,16539,-22,-280,79,68,146,-6
515726,27,826,16538,-20,-278,85,67,154,-3
515740,10,823,16545,-20,-281,83,68,155,-5
515754,6,828,16548,-13,-276,90,64,154,-4
515768,9,830,16558,-22,-279,86,64,147,-3
515782,15,826,16561,-18,-279,89,65,149,-2
515796,6,829,16546,-17,-281,86,65,150,-3
515810,18,830,16544,-22,-281,87,64,149,-2
515824,24,818,16568,-18,-280,87,70,149,-3
515838,20,819,16558,-16,-275,88,65,149,-4
515852,8,823,16554,-20,-281,87,60,153,-3
515866,12,819,16544,-16,-282,88,67,155,-4
515880,16,822,16549,-12,-281,88,67,152,-6
515894,10,827,16542,-17,-286,94,63,149,-2
515908,8,832,16543,-20,-278,88,62,152,-2
515922,3,816,16546,-17,-276,87,65,149,1
515936,1,824,16553,-17,-281,81,66,150,-4
515950,24,827,16548,-18,-277,85,64,147,-1
515964,26,825,16549,-14,-280,86,61,155,-5
515978,28,829,16550,-16,-278,90,65,149,-6
515992,20,827,16553,-17,-277,89,68,153,-5
516006,12,816,16547,-20,-278,88,62,151,-6
516020,19,822,16545,-18,-278,85,66,152,-8
516034,21,825,16561,-13,-272,87,67,148,-3
516048,18,836,16556,-14,-277,87,68,152,-4
516062,13,822,16553,-20,-283,83,68,155,-6
516076,17,825,16553,-24,-277,82,67,152,-7
516090,16,822,16550,-18,-280,88,65,155,-6
516104,23,822,16547,-17,-274,84,63,148,-5
516118,22,819,16560,-14,-277,85,61,154,-3
516132,24,828,16545,-17,-278,85,65,150,-7
516146,14,822,16558,-19,-275,89,66,148,-8
516160,4,828,16559,-19,-280,87,62,148,-5
516174,4,826,16553,-17,-280,86,64,153,2
516188,2,824,16550,-16,-274,87,65,150,3
516202,8,824,16543,-14,-278,79,65,150,-2
516216,21,827,16542,-18,-279,82,63,149,-4
516230,26,817,16563,-20,-281,83,60,147,-6
516244,29,808,16550,-17,-279,89,68,151,-1
516258,26,820,16545,-19,-282,87,67,150,-4
516272,12,822,16547,-22,-279,88,67,149,-5
516286,14,827,16548,-17,-279,88,66,152,-5
516300,17,835,16551,-17,-276,81,65,152,-5
516314,9,829,16557,-17,-270,85,67,153,-3
516328,9,826,16560,-12,-273,83,64,153,-7
516342,8,828,16559,-12,-283,85,65,148,-6
516356,18,819,16548,-12,-279,84,67,150,-2
516370,19,816,16547,-17,-279,87,66,153,-1
516384,25,816,16556,-17,-276,84,66,151,-2
516398,40,819,16548,-19,-277,85,67,152,-1
516412,11,833,16548,-17,-278,84,64,150,1
516426,9,828,16550,-15,-278,85,62,150,-5
516440,7,821,16552,-16,-279,83,65,150,-3
516454,8,825,16556,-22,-270,79,67,152,-3
516468,3,828,16557,-13,-282,81,67,150,-7
516482,10,818,16554,-11,-281,82,64,152,-8
516496,28,817,16557,-18,-279,89,66,150,-3
516510,20,824,16553,-22,-276,85,66,153,-2
516524,28,823,16558,-18,-278,82,65,153,-2
516538,20,826,16548,-14,-274,85,64,153,-2
516552,8,826,16554,-16,-277,83,66,149,-6
516566,2,825,16560,-19,-279,81,63,148,-3
516580,-2,833,16552,-17,-275,82,65,148,-5
516594,-4,828,16553,-12,-286,84,64,147,-4
516608,10,821,16556,-14,-283,86,64,151,-4
516622,18,813,16550,-20,-278,88,60,148,-4
516636,19,826,16548,-18,-278,85,62,149,-8
516650,13,830,16555,-20,-276,85,65,150,-4
516664,20,809,16547,-14,-280,86,64,154,-4
516678,20,819,16543,-16,-281,87,65,155,-1
516692,19,824,16545,-19,-277,88,67,150,-1
516706,-8,826,16552,-22,-274,91,65,148,-2
516720,-2,830,16554,-14,-279,87,66,147,-4
516734,11,830,16550,-16,-279,89,66,150,-6
516748,6,829,16552,-13,-276,83,65,151,-2
516762,30,821,16549,-17,-276,83,65,152,-2
516776,32,818,16545,-23,-282,82,65,152,1
516790,22,825,16542,-20,-281,79,68,147,-4
516804,27,819,16546,-16,-280,83,69,145,-4
516818,26,829,16554,-15,-277,84,69,152,-2
516832,14,824,16551,-16,-278,88,63,152,-1
516846,9,829,16560,-21,-280,85,62,150,-3
516860,4,832,16554,-22,-272,85,68,150,-3
516874,9,826,16549,-25,-280,91,69,150,-2
516888,12,823,16557,-23,-279,88,65,149,-2
516902,21,822,16552,-21,-279,85,63,149,-1
516916,24,815,16554,-22,-280,82,65,153,-5
516930,20,818,16553,-19,-282,86,63,150,-3
516944,21,823,16547,-16,-278,88,65,152,-4
516958,8,822,16549,-12,-278,85,65,153,-2
516972,4,825,16548,-17,-278,81,66,154,-7
516986,12,831,16554,-20,-281,86,66,154,-5
517000,10,835,16551,-15,-279,81,66,149,-5
517014,12,823,16554,-17,-280,81,66,150,-6
517028,26,821,16541,-15,-280,85,69,148,-3
517042,27,819,16550,-19,-283,90,65,145,-6
517056,22,818,16548,-17,-276,87,67,146,-6
517070,17,815,16547,-16,-278,84,68,150,-4
517084,18,819,16540,-15,-277,86,64,150,-2
517098,17,820,16543,-16,-273,82,66,147,-2
517112,8,820,16545,-16,-277,88,67,149,-3
517126,6,828,16554,-16,-282,89,65,154,-3
517140,12,820,16543,-11,-277,86,67,149,-4
517154,19,826,16549,-15,-281,85,66,148,2
517168,20,821,16543,-12,-277,88,68,149,-8
517182,15,818,16539,-22,-280,94,68,146,-8
517196,25,815,16542,-19,-284,87,68,145,-3
517210,20,827,16547,-19,-284,90,62,149,-4
517224,16,821,16544,-17,-282,89,62,152,-6
517238,8,820,16544,-10,-279,82,67,152,-9
517252,5,820,16550,-15,-274,83,68,148,-4
517266,4,825,16547,-15,-273,82,67,148,-1
517280,7,824,16547,-12,-277,81,67,149,1
517294,16,827,16543,-19,-270,87,65,150,-3
517308,20,821,16537,-22,-278,88,64,148,1
517322,22,822,16534,-15,-274,87,66,150,-1
517336,18,815,16545,-20,-279,84,70,151,-4
517350,16,821,16538,-14,-280,88,67,150,-6
517364,8,827,16531,-15,-278,81,65,150,-4
517378,16,828,16536,-18,-277,84,65,153,-2
517392,2,830,16533,-17,-283,91,65,148,-2
517406,1,823,16537,-12,-281,87,67,150,-3
517420,19,825,16548,-18,-274,88,64,153,-4
517434,8,828,16542,-25,-280,87,64,150,-1
517448,30,812,16544,-16,-279,89,68,149,-7
517462,37,814,16537,-21,-281,85,68,150,-2
517476,20,826,16541,-22,-279,91,67,149,-7
517490,8,820,16538,-24,-272,90,66,152,-6
517504,7,824,16519,-20,-281,83,64,149,-4
517518,8,826,16528,-22,-277,87,63,149,-4
517532,9,824,16534,-19,-279,88,65,155,-8
517546,11,828,16541,-21,-281,87,64,148,-2
517560,23,830,16543,-20,-280,87,68,148,-3
517574,29,832,16540,-15,-276,84,65,152,-3
517588,24,817,16547,-20,-280,93,67,152,-3
517602,14,821,16545,-17,-278,94,67,152,-2
517616,16,817,16536,-13,-276,90,65,155,-2
517630,20,828,16530,-15,-280,90,62,153,-5
517644,17,820,16537,-21,-283,88,65,150,-6
517658,5,825,16551,-20,-278,89,65,150,-8
517672,7,828,16556,-19,-285,83,67,149,-6
517686,9,824,16532,-20,-274,83,65,148,-3
517700,14,823,16526,-22,-278,86,65,153,-1
517714,5,814,16534,-20,-279,80,65,152,-5
517728,15,817,16544,-21,-275,87,65,152,-2
517742,24,814,16541,-15,-281,86,69,150,-2
517756,27,819,16542,-19,-276,80,62,152,-2
517770,18,825,16545,-23,-280,87,64,149,-4
517784,17,826,16548,-18,-277,91,66,158,-3
517798,10,829,16552,-19,-277,87,61,154,-3
517812,9,828,16547,-15,-280,85,63,149,-4
517826,14,819,16540,-21,-281,88,64,155,-3
517840,13,824,16552,-18,-281,86,64,153,-2
517854,14,821,16541,-16,-277,87,63,149,-4
517868,24,819,16547,-19,-281,89,65,147,-2
517882,17,819,16539,-19,-279,88,67,149,-3
517896,14,819,16545,-19,-275,89,66,149,-2
517910,13,827,16554,-14,-279,88,66,150,-1
517924,9,823,16543,-16,-274,87,66,149,-5
517938,17,821,16536,-21,-279,88,66,152,-6
517952,10,823,16540,-18,-279,87,66,148,-6
517966,16,821,16541,-14,-276,90,64,148,-3
517980,21,820,16542,-16,-283,90,64,150,-5
517994,21,814,16544,-18,-282,85,63,149,-3
518008,9,817,16554,-20,-284,87,64,149,-1
518022,7,822,16559,-17,-277,83,67,152,-3
518036,22,825,16546,-18,-279,86,67,149,-5
518050,24,824,16544,-14,-272,90,64,148,-5
518064,6,824,16538,-18,-275,86,60,149,-4
518078,17,821,16549,-16,-278,85,61,150,-1
518092,5,834,16532,-18,-278,86,63,152,-2
518106,5,824,16532,-16,-277,83,67,150,-2
518120,14,825,16552,-19,-276,87,68,153,-2
518134,22,824,16551,-21,-279,85,68,153,-5
518148,18,823,16550,-18,-279,85,67,153,-4
518162,25,825,16545,-20,-277,83,65,153,-1
518176,9,821,16546,-17,-279,90,65,153,-3
518190,4,820,16546,-22,-276,84,63,152,-5
518204,0,827,16557,-27,-278,84,65,149,-1
518218,0,828,16556,-21,-277,88,65,152,-1
518232,4,828,16537,-22,-277,89,67,149,-4
518246,7,826,16552,-13,-273,86,63,149,-6
518260,28,823,16544,-15,-278,87,63,148,-5
518274,29,822,16553,-21,-278,88,66,149,-2
518288,24,825,16544,-18,-279,85,68,149,-3
518302,14,832,16547,-16,-280,83,65,152,1
518316,-4,822,16556,-16,-276,84,64,153,-2
518330,3,823,16554,-19,-279,86,65,153,-2
518344,11,827,16540,-18,-281,88,64,149,-2
518358,10,830,16553,-10,-278,84,62,153,-1
518372,10,824,16549,-18,-279,83,65,150,-1
518386,17,826,16545,-20,-277,79,64,153,1
518400,13,813,16548,-15,-275,86,68,154,-3
518414,8,814,16546,-18,-279,84,64,147,-2
518428,16,815,16545,-16,-276,91,65,149,-4
518442,14,819,16542,-22,-283,83,69,153,-1
518456,16,824,16553,-16,-276,89,64,153,-3
518470,15,822,16558,-16,-279,85,62,152,-6
518484,14,832,16536,-15,-273,81,67,149,-2
518498,8,822,16546,-19,-280,91,64,153,-1
518512,13,816,16545,-21,-274,89,67,150,-1
518526,15,821,16553,-23,-284,87,64,150,-1
518540,20,831,16542,-19,-281,82,65,150,-8
518554,29,816,16533,-20,-277,83,68,150,-9
518568,21,815,16532,-12,-280,88,69,148,-7
518582,19,826,16554,-16,-284,84,68,146,-2
518596,12,827,16541,-19,-279,84,64,147,1
518610,-2,832,16541,-16,-279,89,64,148,-6
518624,-1,831,16544,-17,-277,85,66,150,-4
518638,13,831,16546,-20,-275,88,67,155,-2
518652,17,829,16548,-19,-278,87,65,150,-2
518666,22,819,16546,-20,-278,85,64,152,-4
518680,33,815,16553,-17,-279,86,65,152,-4
518694,29,823,16537,-19,-279,86,68,152,-5
518708,26,823,16556,-20,-281,85,69,155,-8
518722,4,823,16540,-17,-279,92,66,150,-5
518736,3,823,16538,-22,-280,85,64,150,-4
518750,4,832,16558,-20,-277,86,68,149,-4
518764,8,837,16549,-18,-280,85,68,148,-5
518778,10,821,16537,-21,-286,82,64,149,-4
518792,12,818,16540,-18,-278,80,67,149,-5
518806,20,807,16534,-16,-279,90,65,150,-3
518820,23,809,16548,-13,-277,84,66,152,-3
518834,28,821,16540,-24,-276,86,67,153,-2
518848,14,816,16530,-19,-281,86,67,152,-2
518862,3,836,16543,-25,-280,88,65,148,-4
518876,3,835,16537,-13,-282,86,65,149,-6
518890,-256,821,16539,-24,-282,81,63,152,-2
518904,0,820,16543,-17,-276,81,60,149,-2
518918,3,820,16532,-19,-279,88,60,150,-5
518932,2,821,16541,-16,-276,86,65,154,-4
518946,11,823,16537,-16,-279,85,66,152,1
518960,18,828,16535,-19,-275,85,66,150,-5
518974,16,822,16544,-20,-280,82,66,153,-4
518988,11,823,16531,-22,-277,92,68,153,-4
519002,12,826,16540,-14,-283,90,64,152,-5
519016,3,822,16540,-13,-283,86,63,152,-7
519030,5,827,16538,-17,-278,88,68,150,-5
519044,12,829,16546,-14,-284,89,69,149,-4
519058,10,824,16554,-15,-279,82,67,149,-7
519072,18,825,16537,-19,-282,82,63,153,-7
519086,22,822,16534,-21,-281,89,63,148,-1
519100,29,819,16548,-9,-280,83,69,149,-2
519114,26,824,16536,-15,-277,86,66,150,-3
519128,9,823,16547,-18,-280,86,69,149,-3
519142,8,826,16544,-17,-277,89,67,148,-1
519156,0,830,16541,-15,-273,85,64,148,-3
519170,4,828,16547,-14,-274,87,64,153,-5
519184,5,835,16540,-20,-277,81,64,153,-5
519198,14,828,16540,-19,-279,87,64,152,-5
519212,22,817,16549,-18,-278,87,65,153,-5
519226,28,815,16539,-15,-276,91,67,152,-4
519240,20,819,16555,-18,-278,84,63,152,-5
519254,19,828,16549,-13,-276,87,61,149,-3
519268,13,835,16543,-18,-275,85,63,147,-2
519282,7,832,16542,-18,-280,85,61,149,-3
519296,5,825,16525,-17,-278,86,63,150,-2
519310,9,827,16536,-16,-281,85,64,150,-2
519324,9,828,16539,-15,-284,86,68,149,-3
519338,22,818,16529,-19,-279,87,63,148,-3
519352,30,828,16548,-15,-277,93,64,151,-3
519366,18,815,16539,-19,-279,89,66,150,-2
519380,21,816,16539,-18,-277,85,66,150,-4
519394,27,820,16555,-12,-284,80,66,149,-6
519408,28,817,16537,-16,-280,86,66,148,2
519422,7,824,16538,-18,-276,89,64,147,1
519436,-7,818,16548,-14,-276,88,66,152,-4
519450,4,835,16538,-13,-274,80,66,148,-3
519464,4,837,16541,-23,-275,83,64,147,-4
519478,18,824,16537,-22,-281,85,66,150,-6
519492,26,820,16535,-18,-283,92,66,152,-5
519506,29,804,16549,-18,-276,86,66,148,-3
519520,22,810,16542,-18,-281,86,64,149,-3
519534,4,826,16549,-23,-276,88,65,150,-5
519548,2,822,16548,-18,-278,86,63,154,-6
519562,9,834,16528,-22,-279,84,62,154,-6
519576,7,831,16533,-22,-275,92,67,148,-5
519590,11,832,16549,-20,-277,94,68,148,-3
519604,8,829,16555,-20,-277,90,67,148,-4
519618,20,823,16551,-15,-272,83,60,150,-7
519632,20,828,16545,-18,-278,87,63,149,-5
519646,22,826,16541,-17,-278,86,69,152,-3
519660,25,821,16541,-17,-281,85,69,148,1
519674,20,819,16539,-20,-279,85,68,145,3
519688,8,829,16552,-12,-279,91,67,149,1
519702,7,831,16538,-21,-277,80,67,148,2
519716,9,826,16536,-22,-279,82,66,146,-4
519730,11,825,16530,-16,-281,83,64,145,-3
519744,22,820,16528,-12,-280,85,64,147,2
519758,23,826,16554,-17,-278,85,67,150,-2
519772,22,823,16551,-17,-275,86,67,154,-2
519786,22,819,16537,-18,-282,85,67,148,-6
519800,19,827,16537,-18,-281,88,67,146,-5
519814,16,822,16541,-16,-276,83,66,150,-5
519828,14,826,16530,-17,-279,86,66,152,-2
519842,5,832,16547,-11,-279,87,67,152,-3
519856,13,832,16544,-13,-280,85,65,148,-6
519870,24,838,16546,-24,-277,86,67,150,-1
519884,18,818,16538,-23,-274,86,66,153,-2
519898,20,817,16538,-23,-276,90,63,150,-2
519912,23,819,16547,-19,-279,88,65,154,-2
519926,20,821,16555,-16,-280,87,66,150,-3
519940,18,823,16545,-22,-276,90,66,148,-3
519954,7,827,16531,-26,-280,88,66,152,-2
519968,-8,836,16548,-20,-279,85,66,150,-5
519982,-1,828,16544,-23,-278,83,65,148,-4
519996,19,825,16547,-17,-283,82,66,149,-5
520010,26,824,16544,-17,-283,85,64,152,-3
520024,22,818,16543,-23,-277,89,68,147,1
520038,17,823,16548,-21,-276,84,63,147,1
520052,20,819,16547,-14,-274,88,65,150,-5
520066,14,819,16551,-15,-279,85,67,150,-2
520080,3,820,16542,-21,-279,87,62,147,-4
520094,0,818,16548,-18,-274,88,67,150,-1
520108,4,839,16551,-18,-280,84,68,153,-3
520122,13,832,16538,-23,-278,82,67,150,-2
520136,26,827,16542,-18,-279,86,68,153,-1
520150,27,825,16549,-20,-279,89,67,150,-2
520164,19,819,16537,-20,-274,86,65,152,-6
520178,19,810,16542,-17,-279,87,65,150,-5
520192,10,823,16539,-15,-281,84,68,149,-1
520206,17,826,16547,-12,-281,81,63,153,-3
520220,16,825,16542,-23,-277,86,69,148,-2
520234,8,826,16541,-19,-278,88,66,153,-3
520248,8,828,16540,-22,-272,89,66,152,-7
520262,7,825,16530,-12,-281,86,67,149,-5
520276,3,818,16555,-16,-280,87,66,149,-2
520290,7,822,16545,-19,-272,91,65,150,-4
520304,15,823,16549,-21,-275,86,69,152,-3
520318,25,821,16553,-21,-273,89,66,150,-2
520332,17,820,16551,-19,-279,81,64,148,-6
520346,19,825,16549,-24,-281,85,62,149,-6
520360,11,824,16546,-15,-278,84,62,150,-4
520374,10,827,16547,-17,-280,84,65,149,-1
520388,8,820,16555,-17,-277,92,68,144,-4
520402,6,823,16541,-19,-279,83,68,154,-3
520416,2,820,16539,-17,-279,86,67,156,-5
520430,26,833,16550,-22,-280,88,68,154,-7
520444,24,826,16550,-24,-272,86,68,153,-5
520458,18,829,16532,-18,-279,84,66,154,-7
520472,18,824,16548,-19,-277,80,63,156,-2
520486,18,821,16546,-17,-279,82,62,156,-2
520500,14,824,16543,-14,-282,77,65,154,-2
520514,12,830,16549,-15,-270,85,67,148,1
520528,8,831,16561,-14,-280,84,68,148,-3
520542,20,833,16519,-18,-275,86,67,155,-3
520556,13,835,16520,-21,-280,88,65,148,-1
520570,28,817,16556,-12,-276,86,64,148,-1
520584,21,820,16503,-13,-282,88,65,149,1
520598,22,810,16591,-14,-278,86,67,150,-2
520612,6,821,16541,-22,-282,85,67,152,-6
520626,7,822,16568,-21,-281,89,65,149,-3
520640,1,827,16545,-18,-280,83,67,147,-4
520654,15,824,16553,-15,-280,86,66,150,-5
520668,14,827,16552,-23,-276,89,65,149,-2
520682,19,828,16541,-21,-278,89,64,148,-5
520696,23,825,16550,-19,-279,87,65,149,-1
520710,19,810,16554,-17,-278,86,66,150,-2
520724,16,815,16540,-15,-277,88,68,155,1
520738,19,818,16564,-19,-286,87,69,152,-1
520752,13,829,16549,-18,-281,83,64,152,-4
520766,14,832,16546,-21,-280,86,63,149,-3
520780,16,833,16565,-20,-278,83,66,150,-3
520794,9,825,16551,-23,-276,87,61,152,-1
520808,8,820,16550,-18,-278,85,63,150,-2
520822,15,813,16555,-19,-278,87,69,150,-2
520836,14,821,16545,-18,-275,86,65,150,-5
520850,23,808,16547,-15,-276,89,64,152,-7
520864,8,824,16543,-16,-274,90,68,150,-9
520878,1,828,16543,-17,-282,86,66,150,-9
520892,9,828,16552,-13,-279,88,64,153,-3
520906,11,822,16539,-20,-278,88,64,152,-4
520920,18,829,16555,-19,-280,86,64,151,-3
520934,21,826,16546,-18,-278,82,64,152,-5
520948,20,824,16544,-16,-279,88,63,152,-4
520962,29,822,16551,-21,-278,89,64,152,-6
520976,20,827,16548,-18,-278,93,64,150,-4
520990,21,831,16548,-21,-277,86,64,151,-5
521004,19,824,16544,-19,-276,89,65,151,-6
521018,10,827,16536,-20,-276,85,67,152,-3
521032,17,829,16543,-15,-279,84,67,151,-2
521046,15,831,16543,-17,-283,82,68,148,-1
521060,10,836,16550,-17,-282,84,65,152,1
521074,16,825,16554,-18,-277,83,66,151,1
521088,17,819,16548,-18,-281,83,68,154,-1
521102,26,819,16544,-19,-278,86,65,155,-3
521116,26,822,16547,-19,-278,82,65,151,-2
521130,19,818,16538,-15,-275,88,66,149,-1
521144,14,828,16547,-13,-283,87,65,151,-3
521158,14,832,16547,-13,-277,91,65,150,-2
521172,13,834,16551,-18,-278,87,65,152,-3
521186,11,821,16552,-15,-277,87,67,152,-4
521200,13,815,16548,-20,-275,83,65,152,-4
521214,17,815,16540,-18,-277,84,66,152,-4
521228,24,817,16554,-16,-278,83,66,151,-2
521242,25,821,16544,-16,-277,86,64,149,-1
521256,28,823,16545,-16,-275,88,62,147,-1
521270,11,832,16540,-18,-276,84,63,146,-6
521284,-7,832,16539,-14,-277,84,61,147,-2
521298,3,834,16545,-18,-280,82,60,149,1
521312,5,829,16555,-19,-278,88,68,146,1
521326,14,822,16545,-20,-277,87,67,146,-2
521340,15,822,16543,-16,-278,89,65,149,-6
521354,36,819,16537,-21,-281,86,67,151,-4
521368,23,818,16545,-15,-279,85,65,153,-3
521382,10,806,16542,-23,-280,85,65,153,-3
521396,-1,814,16540,-20,-278,86,66,151,-3
521410,13,817,16546,-23,-284,86,66,150,-2
521424,8,825,16550,-21,-279,82,65,151,-1
521438,17,831,16539,-17,-279,81,65,151,-1
521452,14,825,16544,-16,-275,87,63,148,-3
521466,20,829,16540,-20,-278,85,64,152,-3
521480,30,833,16544,-15,-279,87,68,152,-5
521494,18,822,16537,-21,-277,87,66,151,-3
521508,9,822,16558,-22,-280,91,63,149,-2
521522,12,823,16529,-14,-278,88,64,155,2
521536,13,831,16529,-21,-274,82,65,152,2
521550,15,825,16552,-19,-279,87,64,150,-2
521564,16,832,16542,-22,-281,87,65,150,-3
521578,13,850,16549,-16,-282,87,63,149,2
521592,10,836,16538,-18,-284,83,64,149,2
521606,11,825,16534,-20,-279,86,69,149,-4
521620,19,822,16535,-18,-279,83,65,153,-2
521634,16,819,16547,-14,-276,80,66,151,1
521648,19,813,16543,-18,-276,84,62,150,-5
521662,21,825,16535,-18,-276,86,65,148,-3
521676,23,831,16537,-18,-274,86,68,149,-6
521690,15,828,16543,-20,-278,91,60,149,-3
521704,2,827,16536,-20,-277,89,60,150,-1
521718,3,831,16535,-18,-278,87,68,151,-1
521732,1,826,16525,-15,-279,93,65,152,-5
521746,15,824,16541,-22,-280,81,66,152,-5
521760,32,812,16545,-13,-283,85,64,150,-6
521774,36,817,16531,-20,-275,86,64,150,-5
521788,24,827,16548,-16,-278,86,66,150,-3
521802,14,823,16547,-20,-282,89,66,150,-2
521816,4,817,16555,-17,-280,84,65,150,-2
521830,0,828,16551,-15,-282,80,66,148,-2
521844,14,831,16540,-16,-274,86,66,150,-4
521858,9,831,16542,-15,-279,87,68,151,-5
521872,15,831,16537,-22,-278,89,68,155,-4
521886,15,831,16540,-26,-278,89,65,153,-3
521900,22,825,16544,-23,-278,86,68,154,-1
521914,29,817,16545,-20,-289,86,66,154,-1
521928,17,824,16548,-22,-279,92,64,152,-2
521942,6,818,16553,-19,-279,90,67,153,-4
521956,1,827,16538,-24,-277,86,66,154,1
521970,5,827,16553,-21,-278,83,68,152,1
521984,14,825,16530,-18,-280,83,69,150,-4
521998,8,827,16535,-19,-279,88,64,150,-4
522012,2,819,16553,-19,-279,86,62,150,-4
522026,16,810,16548,-19,-274,91,63,151,-3
522040,8,805,16558,-16,-277,85,65,153,-2
522054,24,812,16557,-16,-276,85,67,153,-6
522068,28,824,16540,-20,-277,86,64,153,-6
522082,26,836,16549,-24,-276,83,65,151,-4
522096,22,831,16547,-18,-277,86,64,154,-5
522110,3,816,16548,-14,-275,81,62,152,-5
522124,-1,807,16559,-24,-277,90,68,150,-2
522138,-5,824,16550,-21,-278,87,62,149,-5
522152,-5,826,16555,-22,-273,83,63,150,-6
522166,8,838,16547,-25,-278,85,65,150,-3
522180,15,838,16550,-21,-278,85,65,150,-2
522194,24,821,16545,-18,-279,85,65,149,-3
522208,33,815,16545,-17,-275,91,67,147,-3
522222,16,800,16537,-23,-275,88,68,147,-1
522236,21,803,16543,-20,-283,85,64,151,-3
522250,11,826,16538,-20,-278,86,67,152,-3
522264,6,830,16538,-20,-280,88,63,154,-5
522278,1,837,16537,-21,-279,86,66,151,-5
522292,8,835,16539,-19,-276,87,65,149,-2
522306,10,825,16534,-21,-278,86,63,152,1
522320,10,817,16537,-18,-282,88,65,150,-1
522334,19,809,16535,-16,-274,87,67,149,-5
522348,18,814,16533,-18,-280,87,66,151,-7
522362,16,827,16543,-21,-284,88,63,156,-7
522376,13,840,16532,-23,-281,85,68,152,-3
522390,17,831,16547,-20,-281,89,65,151,-3
522404,10,832,16536,-18,-279,89,61,151,-5
522418,7,819,16557,-25,-276,90,64,149,-6
522432,4,819,16549,-21,-279,89,66,149,-6
522446,7,823,16544,-17,-280,90,64,150,-3
522460,20,827,16546,-15,-275,87,69,149,-3
522474,23,831,16544,-14,-281,86,67,153,-2
522488,20,834,16548,-16,-277,87,66,153,-1
522502,23,840,16553,-17,-277,84,62,155,-3
522516,16,825,16550,-17,-285,83,67,154,-8
522530,13,824,16546,-22,-280,85,68,154,-4
522544,13,822,16542,-15,-275,85,70,155,-2
522558,8,829,16539,-23,-281,89,68,153,-2
522572,11,836,16551,-17,-279,90,65,152,-3
522586,25,841,16540,-16,-273,87,64,148,-6
522600,15,829,16546,-18,-284,86,64,146,-4
522614,19,825,16547,-18,-280,84,64,150,-2
522628,18,821,16544,-18,-278,88,61,149,-3
522642,18,813,16555,-18,-275,87,65,151,-3
522656,5,822,16529,-15,-278,84,65,150,-1
522670,7,827,16530,-15,-280,82,65,151,-1
522684,17,831,16552,-19,-281,90,65,152,-2
522698,16,835,16542,-18,-278,84,61,152,-5
522712,14,821,16542,-13,-279,85,66,149,-4
522726,14,819,16543,-16,-282,87,66,150,-6
522740,16,809,16537,-22,-274,87,66,150,-9
522754,8,810,16543,-17,-277,91,68,151,-3
522768,11,833,16539,-18,-277,86,65,153,-3
522782,10,837,16545,-14,-278,91,67,152,-2
522796,11,840,16537,-21,-278,88,67,149,-5
522810,16,836,16532,-16,-280,85,66,147,-4
522824,26,817,16554,-20,-279,86,64,150,-2
522838,19,816,16541,-19,-275,86,62,153,-2
522852,12,813,16544,-19,-281,82,61,153,-2
522866,5,812,16539,-21,-279,86,64,150,1
522880,7,831,16536,-13,-280,83,64,152,-4
522894,27,831,16542,-14,-275,81,61,152,-3
522908,25,832,16544,-17,-283,86,64,148,-3
522922,10,825,16551,-17,-276,84,66,153,-2
522936,7,816,16546,-21,-278,84,67,152,1
522950,4,812,16541,-15,-280,88,68,150,-3
522964,11,816,16526,-18,-277,85,62,154,-5
522978,6,824,16545,-18,-279,84,66,154,-6
522992,12,824,16546,-21,-275,90,64,151,-2
523006,10,831,16546,-21,-277,84,64,149,-4
523020,11,823,16557,-22,-279,91,65,148,-1
523034,10,812,16541,-19,-284,88,66,149,-3
523048,4,811,16546,-18,-275,89,66,150,-9
523062,13,827,16555,-16,-278,91,67,146,2
523076,9,833,16548,-16,-275,85,69,148,2
523090,14,828,16559,-18,-278,87,70,153,-3
523104,18,835,16556,-18,-280,87,66,154,-1
523118,20,833,16547,-18,-279,88,66,150,-1
523132,23,825,16537,-17,-283,87,65,151,-6
523146,7,815,16533,-22,-281,86,62,151,-4
523160,8,817,16541,-19,-275,86,65,152,-3
523174,8,824,16550,-18,-278,88,65,148,-4
523188,9,825,16536,-13,-280,84,66,148,-5
523202,22,828,16544,-18,-281,89,69,148,-4
523216,17,828,16545,-20,-278,88,68,149,-5
523230,11,822,16546,-21,-276,87,72,150,-3
523244,8,818,16548,-17,-280,85,67,150,-4
523258,21,817,16544,-17,-273,88,65,148,-5
523272,17,828,16549,-14,-279,85,65,157,-3
523286,24,828,16544,-18,-276,88,64,154,2
523300,23,832,16538,-23,-276,80,65,149,-4
523314,18,838,16546,-19,-279,86,65,155,-3
523328,22,822,16546,-19,-276,85,68,156,-4
523342,11,815,16550,-19,-280,83,66,154,-3
523356,-6,814,16551,-21,-275,84,66,155,-2
523370,-2,818,16544,-16,-282,85,62,152,-5
523384,3,831,16546,-17,-280,83,62,148,-8
523398,7,830,16546,-15,-276,82,65,147,-2
523412,25,832,16548,-18,-279,87,66,146,-3
523426,25,829,16541,-15,-278,90,64,151,-3
523440,5,803,16534,-19,-279,92,62,152,-6
523454,8,809,16540,-17,-279,83,62,151,-7
523468,17,818,16543,-19,-279,81,65,149,-2
523482,5,822,16535,-22,-278,86,62,152,2
523496,9,831,16544,-19,-279,92,63,150,-2
523510,18,829,16545,-15,-278,87,66,150,-5
523524,19,824,16546,-26,-276,87,70,149,-2
523538,21,825,16552,-20,-281,86,67,151,-3
523552,21,809,16545,-23,-273,86,67,153,-3
523566,15,809,16548,-16,-280,89,66,152,-4
523580,16,821,16534,-20,-279,88,66,148,-3
523594,21,834,16530,-16,-273,88,63,147,-2
523608,13,840,16560,-20,-271,87,65,150,-4
523622,8,836,16549,-22,-274,88,64,148,-1
523636,15,826,16556,-18,-276,86,65,150,-2
523650,15,824,16557,-14,-280,89,65,153,-3
523664,11,814,16539,-20,-279,84,65,152,1
523678,18,816,16549,-21,-278,91,65,152,-1
523692,17,834,16542,-23,-278,82,61,150,-8
523706,16,837,16546,-18,-277,81,62,150,-9
523720,29,828,16546,-18,-275,85,66,153,-3
523734,12,827,16545,-21,-281,85,66,151,-5
523748,11,821,16550,-18,-287,85,67,152,2
523762,9,821,16555,-23,-282,86,66,151,-1
523776,8,819,16555,-21,-285,91,64,153,-3
523790,19,820,16554,-18,-280,89,66,152,-4
523804,20,827,16538,-18,-279,88,64,150,-4
523818,22,826,16547,-21,-277,88,65,150,-2
523832,23,827,16555,-20,-280,85,67,149,-3
523846,13,814,16544,-20,-278,90,66,152,-1
523860,8,812,16543,-15,-280,85,68,148,-2
523874,-4,816,16538,-16,-279,88,70,146,-4
523888,-2,816,16539,-20,-282,89,64,153,-4
523902,1,832,16548,-20,-283,92,63,150,-4
523916,7,828,16546,-16,-276,85,64,149,-6
523930,23,825,16549,-21,-282,89,64,149,-5
523944,18,830,16538,-21,-275,86,66,151,-2
523958,23,820,16546,-17,-279,86,63,150,-8
523972,15,814,16542,-19,-280,88,63,149,-6
523986,12,813,16559,-23,-277,85,68,155,-2
524000,14,817,16552,-17,-278,86,66,150,-2
524014,12,823,16538,-17,-281,86,68,148,-4
524028,20,831,16536,-17,-280,85,67,153,-2
524042,25,833,16560,-16,-276,86,68,149,-6
524056,13,826,16555,-17,-281,85,66,151,-5
524070,13,808,16543,-18,-275,83,66,147,-3
524084,14,819,16540,-19,-277,83,65,149,-3
524098,17,812,16555,-18,-279,85,65,152,-3
524112,14,821,16548,-15,-277,84,62,150,-1
524126,12,834,16555,-16,-280,90,66,152,-4
524140,14,834,16541,-16,-275,81,67,153,-1
524154,17,832,16554,-20,-280,85,67,151,-1
524168,12,838,16554,-21,-282,84,63,150,-3
524182,4,825,16548,-17,-278,86,61,153,-5
524196,2,821,16553,-13,-278,90,65,149,-2
524210,4,827,16550,-18,-276,85,63,151,-5
524224,13,829,16553,-18,-278,84,63,151,-3
524238,21,821,16550,-19,-276,82,67,148,-1
524252,20,823,16548,-21,-278,83,64,150,-3
524266,25,821,16558,-17,-282,85,64,152,-3
524280,24,826,16557,-14,-286,87,62,151,-1
524294,17,831,16545,-19,-275,89,62,150,-3
524308,4,821,16547,-16,-275,85,64,150,-5
524322,-3,822,16556,-17,-275,84,63,150,-4
524336,13,834,16567,-19,-275,83,66,155,-3
524350,11,833,16561,-18,-279,92,67,148,-3
524364,21,818,16555,-27,-281,85,66,150,-4
524378,19,812,16551,-24,-281,85,63,147,-3
524392,22,814,16563,-16,-280,85,64,153,-5
524406,11,814,16559,-16,-281,87,68,148,-8
524420,8,826,16550,-22,-280,89,66,150,-3
524434,14,834,16556,-19,-278,83,66,150,-5
524448,-3,830,16555,-15,-277,84,66,152,-3
524462,6,830,16554,-19,-277,82,66,152,-2
524476,19,830,16555,-17,-276,86,63,148,-2
524490,19,830,16557,-17,-276,86,63,149,1
524504,9,820,16549,-21,-284,88,70,150,-5
524518,6,826,16550,-17,-278,83,66,150,-4
524532,9,825,16551,-13,-284,85,64,150,-2
524546,14,833,16552,-19,-278,86,66,151,-3
524560,19,832,16557,-23,-278,86,66,150,-3
524574,17,833,16558,-18,-279,83,68,151,-4
524588,19,823,16545,-16,-277,82,66,152,-3
524602,4,826,16547,-14,-282,85,61,150,-4
524616,15,830,16541,-18,-276,84,64,149,-2
524630,13,828,16538,-22,-282,82,61,150,1
524645,23,834,16552,-17,-286,79,68,150,-6
524659,18,833,16547,-18,-279,82,65,150,-3
524673,8,823,16550,-15,-279,87,70,149,-6
524687,9,819,16538,-21,-279,85,69,149,-4
524701,1,833,16540,-17,-278,84,66,148,-3
524715,12,836,16543,-17,-279,85,65,152,-4
524730,17,827,16563,-24,-282,82,64,150,-2
524744,8,824,16558,-15,-280,87,65,149,-4
524758,29,835,16554,-23,-276,86,68,150,-2
524772,24,830,16549,-22,-275,83,66,156,-6
524786,26,820,16561,-19,-277,88,63,157,-5
524800,21,823,16566,-15,-280,88,65,155,1
524814,16,831,16533,-23,-278,87,64,150,-4
524828,16,829,16543,-24,-277,87,66,150,-3
524842,18,822,16556,-19,-277,88,64,150,-4
524857,9,819,16554,-14,-273,82,63,148,-7
524871,6,821,16544,-20,-276,81,66,153,-3
524885,10,822,16545,-17,-284,87,67,152,-2
524900,16,817,16562,-18,-281,86,67,152,-4
524914,21,827,16561,-18,-278,90,65,152,1
524929,9,825,16546,-16,-278,86,66,150,-2
524943,10,826,16553,-16,-278,85,67,149,-4
524957,15,824,16545,-14,-280,84,62,149,-1
524972,15,814,16559,-17,-280,85,67,150,-2
524986,26,828,16558,-14,-275,79,68,156,-3
525000,19,815,16542,-13,-280,86,66,154,-3
525014,18,827,16568,-16,-283,88,65,152,-3
525029,25,831,16560,-17,-280,85,66,152,-5
525043,17,827,16551,-20,-279,81,64,153,-3
525058,10,823,16555,-17,-276,85,66,155,-6
525072,19,815,16560,-19,-280,85,65,152,-7
525086,11,822,16559,-18,-277,80,65,150,-3
525100,18,819,16551,-17,-277,84,66,154,-6
525115,17,828,16546,-22,-279,89,64,149,-7
525129,21,838,16550,-21,-282,85,64,150,-4
525144,11,828,16550,-19,-277,88,64,149,-3
525158,12,826,16561,-16,-276,81,68,152,-1
525172,9,813,16549,-16,-277,88,65,147,-6
525186,4,821,16546,-21,-272,89,65,147,-8
525200,5,820,16549,-18,-279,86,65,155,-1
525214,14,828,16547,-20,-280,89,63,152,-2
525228,10,832,16558,-17,-280,91,63,150,-2
525242,15,831,16546,-19,-277,89,65,153,-3
525256,16,830,16549,-15,-278,85,64,149,-1
525270,8,824,16552,-19,-274,79,69,148,-3
525284,7,822,16546,-19,-279,91,68,150,-4
525298,23,817,16555,-20,-277,90,65,151,-4
525312,27,820,16555,-12,-284,89,65,152,-8
525326,25,831,16550,-11,-279,86,65,152,-5
525340,18,828,16560,-15,-283,87,66,154,-3
525354,10,826,16545,-16,-275,88,68,149,-5
525368,3,832,16545,-16,-281,90,66,147,-5
525382,8,816,16559,-17,-277,85,66,149,-2
525396,6,823,16553,-19,-279,87,64,151,-2
525410,29,827,16552,-18,-277,88,64,152,-1
525425,24,833,16552,-21,-282,83,65,151,-4
525439,19,822,16541,-17,-277,83,68,148,-2
525454,21,819,16544,-15,-278,85,66,148,-2
525468,15,820,16560,-20,-284,85,67,149,-6
525483,7,810,16552,-16,-278,87,64,149,-4
525497,8,830,16551,-17,-278,89,66,150,-1
525511,10,832,16553,-20,-280,87,64,151,-3
525525,7,842,16557,-17,-279,86,64,149,-1
525539,12,837,16558,-21,-276,87,65,147,1
525553,16,817,16557,-20,-281,88,68,148,-4
525568,10,819,16557,-21,-281,88,64,151,-4
525582,14,816,16564,-19,-278,92,63,151,-4
525597,18,823,16560,-12,-281,86,64,146,-6
525611,18,826,16560,-17,-276,79,64,153,-2
525626,17,829,16565,-21,-283,91,67,152,-3
525640,15,836,16558,-23,-281,90,64,148,-1
525655,7,828,16548,-17,-277,82,65,149,-2
525669,10,826,16549,-17,-274,85,63,153,-1
525683,17,816,16567,-14,-280,88,64,154,-2
525697,10,819,16560,-16,-276,86,66,151,1
525711,11,830,16552,-13,-282,86,69,152,-2
525726,23,828,16548,-17,-278,87,68,153,-3
525740,8,825,16549,-20,-274,86,65,153,-3
525754,17,821,16553,-25,-276,85,66,152,-1
525768,10,822,16551,-19,-284,91,66,151,-4
525782,8,830,16548,-20,-276,86,66,151,-2
525796,9,828,16554,-16,-282,88,66,150,-4
525810,9,823,16558,-20,-280,87,65,150,-3
525824,6,822,16546,-17,-278,84,64,151,-2
525838,15,824,16546,-18,-280,82,66,149,-4
525852,23,829,16557,-18,-277,85,66,153,-2
525866,23,819,16560,-16,-277,87,66,154,-4
525880,17,814,16545,-12,-276,82,67,151,-4
525894,14,809,16550,-14,-274,86,69,150,-5
525908,0,824,16559,-23,-280,89,65,153,-2
525922,-2,837,16551,-28,-278,93,66,151,-3
525936,-3,829,16545,-20,-272,83,66,148,-2
525950,7,834,16546,-15,-276,86,70,151,-4
525964,18,834,16555,-18,-279,88,67,151,-5
525978,35,816,16557,-20,-274,87,63,148,1
525993,32,812,16550,-14,-275,87,62,151,-4
526007,30,807,16558,-12,-274,86,65,147,-3
526021,38,825,16554,-16,-277,88,65,150,-3
526035,9,830,16551,-13,-283,82,65,152,-4
526049,-2,840,16550,-17,-278,82,68,151,-5
526063,-9,834,16542,-16,-278,85,67,148,-2
526077,1,824,16557,-17,-280,86,62,151,-3
526091,23,826,16560,-19,-278,83,64,149,2
526105,33,821,16549,-20,-278,88,66,150,-4
526119,39,815,16548,-22,-280,89,64,154,-4
526133,34,815,16553,-18,-278,87,63,152,-4
526147,17,825,16546,-15,-273,88,64,152,-2
526161,13,832,16560,-20,-281,90,64,151,-1
526175,6,842,16552,-19,-283,83,65,152,-3
526189,15,840,16559,-17,-276,85,63,153,-5
526203,8,826,16554,-21,-275,81,67,152,-4
526217,12,824,16555,-15,-277,86,63,154,-6
526231,13,820,16555,-18,-283,84,63,151,-4
526245,17,821,16547,-19,-274,90,69,148,-6
526259,24,825,16540,-20,-275,85,64,152,-4
526273,25,829,16554,-17,-279,89,61,151,-1
526287,15,833,16550,-14,-279,87,69,145,-2
526301,13,822,16550,-15,-278,87,66,146,-3
526315,6,822,16553,-19,-278,89,66,154,-4
526329,4,820,16549,-12,-281,86,65,151,-5
526343,3,827,16554,-18,-279,84,64,153,-3
526357,2,825,16562,-19,-280,83,65,150,-2
526371,11,830,16542,-16,-273,89,65,154,-1
526385,7,830,16546,-15,-275,87,67,153,-2
526399,20,825,16546,-19,-282,86,68,149,-3
526413,26,827,16548,-17,-281,82,68,152,-6
526428,20,814,16552,-11,-276,87,61,150,-3
526442,16,810,16545,-16,-277,85,63,152,-3
526457,6,819,16560,-21,-278,95,68,152,-3
526471,5,831,16560,-20,-276,87,64,154,-2
526485,0,842,16554,-13,-280,89,67,149,-5
526499,9,839,16550,-15,-277,86,66,148,-3
526513,22,826,16542,-21,-277,86,66,152,1
526527,25,819,16539,-24,-276,87,67,152,-4
526542,16,819,16563,-22,-278,86,63,151,-4
526557,13,821,16551,-24,-283,90,66,149,-6
526571,9,822,16556,-21,-279,87,63,150,-6
526585,10,826,16557,-26,-279,84,65,147,-5
526599,1,837,16551,-17,-279,83,66,147,-4
526613,3,837,16552,-20,-276,86,62,149,-1
526627,12,830,16535,-18,-278,84,60,149,-3
526641,22,820,16554,-16,-277,89,63,146,-6
526655,31,819,16545,-12,-279,87,64,151,-3
526669,28,818,16537,-15,-280,89,68,153,-2
526684,18,827,16556,-19,-278,86,67,149,-4
526698,13,827,16556,-15,-274,84,67,149,-4
526713,1,827,16557,-18,-281,82,66,155,-2
526727,8,828,16556,-18,-280,85,64,150,-3
526741,21,829,16559,-22,-281,86,64,148,-5
526756,17,829,16552,-21,-272,87,67,154,-1
526770,7,820,16561,-19,-280,88,66,151,-1
526784,10,814,16551,-22,-277,92,65,149,-3
526799,17,824,16560,-22,-282,87,62,152,-4
526814,20,826,16546,-18,-286,89,65,152,-2
526829,18,823,16549,-21,-276,91,61,149,-3
526844,20,826,16551,-21,-278,87,63,146,-2
526859,8,821,16554,-18,-281,87,63,149,-3
526873,7,822,16557,-20,-273,84,67,150,-1
526887,7,825,16558,-18,-279,90,68,150,1
526901,5,829,16555,-22,-282,90,67,152,2
526915,10,832,16548,-16,-277,87,65,155,-2
526930,30,823,16556,-19,-275,89,66,152,-5
526945,29,818,16548,-22,-280,85,67,148,-2
526960,31,819,16538,-14,-278,91,65,148,1
526975,1,822,16548,-19,-279,87,65,155,-3
526989,-4,830,16547,-15,-278,88,67,153,-3
527003,2,834,16553,-20,-279,87,66,152,-4
527017,5,833,16549,-21,-278,85,63,153,-3
527031,14,831,16551,-20,-279,92,64,153,1
527045,30,818,16549,-21,-272,88,65,153,-1
527059,29,819,16551,-23,-277,87,67,150,-2
527074,27,818,16555,-20,-277,88,65,150,-2
527088,9,814,16569,-22,-275,91,65,151,-5
527102,11,822,16566,-20,-277,91,68,150,-4
527117,7,833,16554,-18,-274,89,66,149,-4
527131,2,836,16548,-23,-278,85,65,151,-3
527145,18,833,16552,-18,-279,88,63,151,1
527159,28,830,16553,-19,-277,82,65,153,1
527173,25,815,16553,-15,-274,88,63,149,-3
527187,16,819,16549,-19,-279,85,63,150,-4
527202,18,826,16554,-18,-278,92,66,150,1
527216,10,826,16548,-21,-277,84,65,150,-1
527231,13,825,16548,-22,-278,90,64,149,-4
527245,21,823,16551,-17,-276,83,67,150,2
527259,18,826,16550,-16,-276,87,67,153,-1
527273,8,815,16553,-13,-282,87,66,153,-2
527287,35,826,16543,-17,-280,87,66,151,1
527301,21,826,16535,-22,-284,88,65,148,-1
527316,4,824,16551,-17,-277,87,64,149,1
527330,6,828,16552,-21,-274,86,63,151,-4
527344,19,817,16561,-27,-275,90,63,149,-3
527359,19,818,16557,-18,-280,86,66,151,-1
527373,9,825,16550,-20,-277,88,60,149,-2
527387,7,822,16550,-23,-277,84,61,151,-4
527401,5,822,16551,-18,-284,87,67,150,-3
527415,-1,829,16548,-11,-275,81,65,153,-4
527429,16,831,16539,-19,-281,89,64,154,-3
527444,20,830,16542,-16,-277,85,65,153,-3
527459,19,824,16558,-18,-280,90,66,151,-6
527474,28,824,16554,-17,-279,90,68,151,-5
527489,36,822,16552,-15,-279,89,65,152,-7
527504,12,820,16557,-24,-278,88,65,150,-8
527519,4,824,16553,-17,-276,85,63,149,-4
527533,20,829,16555,-18,-281,88,66,149,-5
527547,30,826,16551,-16,-272,84,67,149,-4
527561,24,833,16545,-18,-278,84,69,154,-5
527575,25,830,16546,-12,-272,82,68,153,-5
527589,18,813,16547,-21,-278,85,70,149,-2
527603,20,816,16551,-18,-282,86,67,149,-4
527617,15,824,16544,-17,-284,88,63,150,-5
527631,16,826,16550,-15,-276,87,66,151,-8
527645,25,830,16558,-21,-279,89,65,150,-5
527659,23,826,16555,-19,-276,88,64,150,-5
527673,10,820,16549,-16,-277,89,66,151,-4
527687,10,819,16553,-18,-281,88,66,147,-3
527701,-4,833,16546,-20,-280,87,63,155,-4
527715,3,831,16545,-18,-279,84,65,153,-4
527729,15,827,16547,-21,-281,84,65,153,-4
527743,29,823,16539,-19,-279,89,66,150,-1
527757,28,826,16552,-18,-276,82,65,150,-5
527771,32,818,16553,-16,-279,84,64,148,-4
527785,31,826,16559,-18,-277,86,64,147,-4
527799,18,826,16560,-19,-281,85,68,153,-4
527813,3,831,16546,-21,-282,92,66,157,-5
527827,9,839,16545,-22,-277,91,65,154,-5
527841,7,836,16544,-14,-281,85,69,145,-5
527855,17,833,16549,-16,-282,81,69,147,-5
527869,19,818,16548,-17,-276,87,70,152,-1
527883,24,818,16549,-20,-277,88,69,152,-3
527897,11,807,16549,-17,-279,87,68,152,-4
527911,14,824,16563,-20,-278,91,63,153,-4
527925,3,828,16546,-13,-282,88,65,154,-2
527939,4,829,16551,-23,-272,84,68,153,-4
527953,5,833,16548,-24,-276,87,68,152,-2
527967,13,830,16547,-21,-280,90,65,152,-5
527981,8,820,16553,-20,-280,84,66,150,-5
527995,13,816,16553,-17,-277,83,67,148,-6
528009,14,810,16553,-17,-277,89,67,152,-5
528023,23,816,16568,-15,-271,83,66,150,-2
528037,29,820,16561,-21,-279,88,66,150,-4
528051,29,830,16561,-20,-277,88,68,152,-2
528065,29,828,16557,-18,-277,84,67,153,-3
528079,6,834,16544,-19,-276,85,63,153,-6
528093,1,836,16548,-14,-281,84,62,150,-2
528107,10,830,16553,-15,-271,86,66,149,-4
528121,10,823,16560,-16,-279,84,62,149,-6
528135,11,816,16566,-17,-283,84,64,151,-9
528149,24,812,16555,-22,-279,84,67,149,-3
528163,27,829,16552,-16,-278,83,65,153,-2
528177,29,824,16558,-18,-273,84,68,153,-4
528191,18,830,16555,-21,-274,84,64,153,1
528205,10,824,16565,-19,-281,88,64,149,-2
528219,7,827,16550,-20,-277,81,65,153,-1
528233,16,834,16558,-15,-278,82,64,150,-3
528247,18,832,16554,-17,-280,87,67,150,-2
528261,27,834,16546,-9,-275,87,65,149,-1
528275,32,828,16551,-19,-279,91,65,149,-4
528289,17,821,16545,-17,-278,90,68,152,-3
528303,21,826,16555,-24,-279,89,66,147,-4
528317,7,831,16553,-21,-282,83,65,152,-1
528331,4,821,16546,-15,-283,85,67,150,-1
528345,15,831,16546,-19,-280,86,64,149,-2
528359,14,826,16550,-18,-277,93,65,150,-3
528373,23,829,16546,-13,-279,85,65,149,-2
528387,18,823,16552,-18,-275,83,65,154,-4
528401,13,817,16557,-20,-283,85,64,152,-2
528415,16,821,16559,-18,-283,86,68,150,-2
528429,14,825,16543,-13,-283,91,65,152,-3
528443,13,827,16559,-18,-275,84,66,149,-6
528457,17,829,16555,-20,-273,85,62,152,-3
528471,19,832,16556,-21,-275,88,64,149,-4
528485,17,835,16535,-20,-281,85,61,150,-1
528499,16,831,16543,-19,-282,87,64,150,-2
528513,11,828,16555,-19,-276,88,65,149,-4
528527,6,826,16560,-24,-283,86,69,150,-5
528541,4,819,16542,-15,-281,84,66,150,-5
528555,4,822,16555,-18,-281,89,66,153,-6
528569,23,835,16552,-19,-280,84,68,155,-4
528583,20,832,16547,-14,-284,85,67,155,-4
528597,16,821,16546,-21,-281,85,69,152,-5
528611,10,810,16552,-19,-278,87,64,148,-6
528625,6,807,16559,-19,-278,85,62,154,-4
528639,4,814,16551,-13,-281,83,63,150,-4
528653,13,828,16550,-14,-270,83,69,147,2
528667,18,825,16548,-19,-281,84,67,150,-2
528681,24,833,16549,-16,-283,91,69,150,-4
528695,24,830,16551,-24,-280,86,65,154,-5
528709,17,827,16551,-19,-278,88,68,156,-5
528723,10,814,16548,-26,-279,87,69,155,-4
528737,3,814,16553,-20,-280,85,67,148,-6
528751,22,823,16544,-17,-276,85,65,148,-5
528765,22,831,16547,-18,-278,81,64,152,-2
528779,23,829,16554,-18,-279,83,65,152,1
528793,24,831,16545,-16,-276,85,70,153,-5
528807,9,833,16548,-20,-279,87,70,152,-3
528821,15,822,16554,-19,-280,84,67,150,-3
528835,6,807,16544,-16,-279,83,67,150,-3
528849,8,813,16560,-18,-278,90,65,149,-4
528863,23,829,16545,-13,-278,86,65,150,-6
528877,27,827,16550,-16,-277,85,67,152,-2
528891,24,838,16542,-15,-281,91,68,153,-4
528905,23,839,16538,-20,-285,85,68,149,-7
528919,4,821,16557,-17,-279,86,66,152,-5
528933,-1,812,16550,-14,-277,88,65,154,-6
528947,5,810,16545,-22,-281,86,64,150,-3
528961,5,822,16547,-16,-276,87,65,150,-3
528975,19,827,16555,-20,-276,91,66,151,-4
528989,26,834,16553,-19,-276,87,64,153,-5
529003,17,842,16548,-20,-279,84,66,149,-4
529017,16,831,16553,-15,-281,85,67,149,-5
529031,7,818,16548,-19,-275,82,64,154,-6
529045,7,817,16560,-17,-275,87,65,150,-3
529059,2,817,16564,-18,-276,84,64,152,-4
529073,14,825,16557,-19,-276,87,65,148,-3
529087,31,837,16546,-18,-281,85,65,147,-3
529101,21,830,16554,-16,-284,85,64,149,-3
529115,21,819,16549,-21,-278,85,64,149,-5
529129,9,813,16553,-19,-275,88,68,153,-6
529143,5,816,16557,-16,-280,89,68,148,-4
529157,6,813,16555,-19,-278,82,64,149,-7
529171,1,813,16552,-17,-281,82,64,156,-5
529185,11,828,16552,-19,-282,87,64,152,-3
529199,15,832,16555,-18,-276,85,67,149,-6
529213,20,838,16558,-22,-276,89,62,150,-6
529227,18,825,16563,-13,-279,91,61,150,-7
529241,10,813,16542,-18,-277,92,64,148,-4
529255,4,821,16548,-18,-272,88,63,149,-6
529269,8,818,16549,-19,-275,91,65,153,-4
529283,10,826,16548,-22,-276,87,66,152,-9
529297,22,831,16555,-18,-273,83,67,147,-7
529311,13,830,16545,-17,-276,86,64,150,-4
529325,6,829,16555,-16,-276,79,64,154,-3
529339,7,820,16553,-18,-278,86,66,154,-3
529353,0,822,16542,-12,-277,88,65,149,-1
529367,6,812,16555,-22,-279,85,66,153,-2
529381,17,816,16545,-18,-281,84,69,150,-2
529395,21,823,16547,-17,-281,83,66,149,-2
529409,11,832,16557,-16,-279,84,62,152,-2
529423,17,832,16555,-20,-286,86,66,148,-4
529437,2,837,16556,-16,-280,87,64,147,-5
529451,4,828,16557,-16,-281,90,63,149,-3
529465,2,816,16553,-19,-281,82,64,149,-4
529479,4,813,16560,-17,-273,80,66,154,-3
529493,15,829,16549,-17,-272,85,66,154,-5
529507,18,832,16548,-15,-274,86,65,154,-3
529521,15,829,16551,-20,-277,88,62,152,-4
529535,9,823,16557,-22,-275,92,65,150,-6
529549,9,820,16543,-19,-275,87,67,150,-5
529563,17,830,16543,-18,-280,84,63,148,-7
529577,22,825,16559,-14,-279,85,64,149,-4
529591,27,829,16539,-18,-280,86,68,145,-4
529605,32,827,16550,-14,-271,84,64,147,-3
529619,20,827,16552,-16,-273,86,67,149,1
529633,6,825,16559,-14,-278,83,65,149,-5
529647,-6,827,16546,-20,-276,83,62,150,-7
529661,4,823,16548,-20,-276,82,65,148,-3
529675,17,813,16558,-23,-277,83,64,148,-4
529689,19,815,16545,-20,-279,86,66,152,-7
529703,41,814,16562,-17,-280,83,64,153,-6
529717,43,827,16546,-19,-280,85,65,149,-2
529731,45,823,16545,-19,-281,84,67,146,-5
529745,27,825,16558,-14,-276,82,65,148,-5
529759,-6,817,16539,-18,-280,83,66,147,-3
529773,-5,818,16558,-17,-282,82,68,148,-1
529787,5,825,16545,-20,-275,90,66,147,-4
529801,14,837,16543,-22,-276,92,64,150,-1
529815,11,848,16558,-16,-279,91,66,149,-2
529829,6,834,16551,-17,-275,88,65,153,-5
529843,22,819,16560,-20,-277,85,65,153,-5
529857,35,820,16559,-20,-274,82,69,154,-5
529871,43,812,16545,-21,-276,87,66,148,-5
529885,44,815,16549,-19,-277,89,66,150,-4
529899,-5,815,16549,-13,-275,89,68,150,-6
529913,-24,829,16552,-19,-279,90,67,152,-5
529927,-49,846,16560,-18,-277,92,64,152,-4
529941,-49,851,16559,-20,-277,89,66,152,-4
529955,-1,834,16549,-14,-278,92,66,149,-5
529969,29,822,16550,-15,-279,83,62,152,-3
529983,74,790,16560,-17,-282,80,63,153,-3
529997,80,786,16543,-14,-275,83,64,154,-3
530011,76,808,16544,-13,-278,86,64,152,-5
530025,32,821,16536,-18,-279,82,63,149,-4
530039,1,845,16553,-18,-276,84,67,149,-3
530053,-73,859,16557,-22,-279,86,65,147,-4
530067,-78,864,16544,-19,-278,85,62,151,-4
530081,-40,850,16557,-17,-276,86,68,148,-1
530095,-7,844,16556,-12,-278,86,71,146,-1
530109,71,820,16543,-15,-277,87,65,150,-2
530123,89,794,16542,-18,-279,87,67,153,-3
530137,83,772,16550,-18,-277,82,66,156,-4
530151,61,774,16543,-20,-282,85,63,154,-2
530165,22,803,16548,-17,-280,89,64,151,-1
530179,-2,838,16539,-16,-283,89,64,146,-2
530193,-20,889,16554,-19,-276,88,64,147,-3
530207,-30,895,16555,-17,-283,88,68,151,-5
530221,-20,860,16555,-21,-281,84,66,149,-3
530235,-5,833,16559,-19,-280,84,63,152,1
530249,37,775,16554,-24,-279,80,69,147,-4
530263,51,770,16553,-22,-276,85,66,150,-5
530277,72,795,16546,-18,-279,87,68,150,3
530291,58,823,16550,-18,-286,90,68,149,4
530305,-6,876,16556,-18,-280,95,65,153,-5
530319,-22,882,16556,-17,-284,90,61,150,-2
530333,-54,849,16549,-16,-282,78,63,150,-1
530347,-52,819,16560,-16,-278,82,62,151,-3
530361,-1,782,16547,-19,-282,84,63,150,-6
530375,34,783,16559,-19,-278,89,65,151,-5
530389,90,823,16556,-18,-280,87,65,153,-5
530403,82,836,16548,-15,-284,88,63,152,-5
530417,38,863,16556,-23,-281,91,68,151,-4
530431,8,849,16549,-20,-284,88,67,149,-6
530445,-18,815,16555,-18,-283,85,64,156,-6
530459,-42,801,16565,-22,-283,88,68,149,-6
530473,-33,808,16540,-20,-282,88,67,146,-5
530487,6,820,16533,-18,-280,84,68,152,-7
530501,-2,808,16558,-16,-281,104,64,151,-5
530515,7,865,16567,-18,-279,113,67,148,-3
530529,44,961,16533,-18,-277,86,66,150,-5
530543,76,886,16563,-22,-277,67,64,151,-1
530557,110,804,16542,-17,-278,58,69,150,-2
530571,139,632,16565,-19,-279,62,66,153,-6
530585,125,637,16563,-14,-278,88,67,149,-7
530599,-27,812,16537,-19,-277,106,67,149,-5
530613,-113,930,16560,-17,-280,104,68,151,-3
530627,-218,1067,16542,-14,-276,98,62,148,-6
530641,-204,1062,16556,-16,-278,70,62,147,-6
530655,-23,858,16552,-18,-274,61,67,152,-3
530669,96,719,16552,-20,-273,70,66,153,-4
530683,298,556,16548,-19,-276,75,63,152,-2
530697,310,574,16536,-16,-278,94,62,151,-3
530711,142,794,16562,-17,-286,107,65,151,-1
530725,-2,923,16545,-18,-283,114,66,149,-1
530739,-232,1066,16551,-20,-279,92,66,149,-2
530753,-274,1050,16568,-24,-285,81,66,152,-3
530767,-172,853,16561,-18,-276,60,65,148,-8
530781,-56,740,16556,-20,-271,62,64,151,-8
530795,167,629,16554,-17,-279,87,64,150,-2
530809,228,655,16544,-21,-274,94,64,148,-1
530823,198,838,16543,-20,-277,109,66,149,-5
530838,127,912,16553,-16,-278,104,64,149,-2
530853,-46,947,16542,-19,-280,83,64,152,-6
530867,-106,908,16551,-19,-282,59,64,153,-3
530881,-110,762,16567,-18,-279,63,65,152,-3
530895,-73,726,16562,-19,-281,71,62,153,-5
530909,-2,762,16563,-17,-278,94,67,151,-4
530923,14,822,16563,-14,-278,104,64,150,-6
530937,34,934,16539,-15,-279,99,66,149,-4
530951,36,946,16546,-20,-278,91,66,151,-3
530965,61,851,16557,-22,-281,72,64,148,-3
530979,81,763,16550,-23,-278,67,67,150,-5
530993,108,651,16557,-20,-281,74,65,152,-5
531007,77,658,16552,-19,-280,84,65,148,-5
531021,-22,847,16544,-21,-280,97,67,150,-5
531035,-88,945,16548,-15,-283,105,68,153,-2
531049,-153,1036,16545,-16,-278,93,68,153,-6
531064,-125,1007,16561,-16,-271,82,65,151,-4
531079,30,801,16545,-18,-276,69,63,153,-5
531093,116,700,16544,-20,-278,70,67,153,-5
531107,214,597,16561,-21,-282,83,63,152,-4
531121,208,645,16542,-22,-284,93,62,149,-6
531135,62,844,16565,-22,-281,104,66,146,-2
531149,-34,956,16552,-18,-280,100,65,143,-6
531163,-177,1026,16547,-18,-278,87,68,150,-4
531178,-190,977,16571,-19,-277,76,65,153,-2
531192,-89,793,16536,-14,-279,64,63,150,-1
531206,-8,706,16549,-16,-279,74,65,151,2
531220,153,668,16553,-16,-274,92,66,152,-1
531234,183,713,16537,-18,-279,102,68,150,-1
531249,128,883,16563,-17,-282,107,67,151,-5
531264,63,926,16552,-22,-277,88,65,148,-5
531278,-55,917,16545,-19,-278,78,66,150,-1
531292,-83,865,16564,-20,-278,67,65,150,-1
531306,-67,750,16556,-18,-274,71,67,147,-2
531320,-41,719,16553,-21,-282,90,63,146,-4
531334,31,772,16551,-20,-285,97,65,149,-4
531348,32,837,16543,-15,-279,101,66,150,-1
531362,23,937,16556,-17,-284,97,64,152,-5
531376,21,932,16544,-14,-279,92,64,152,-2
531390,36,825,16548,-20,-273,75,65,149,-6
531404,62,750,16555,-16,-277,70,65,152,-2
531418,78,681,16562,-14,-285,78,65,150,-2
531432,71,703,16553,-17,-288,84,68,151,-4
531446,-15,848,16534,-19,-281,99,68,152,-3
531460,-52,929,16543,-16,-277,99,65,156,-1
531474,-111,995,16553,-14,-279,85,69,152,-4
531488,-97,960,16546,-11,-278,78,67,150,-6
531502,16,789,16552,-19,-277,68,63,151,-2
531516,81,698,16556,-18,-279,70,66,151,-2
531530,149,651,16552,-13,-281,83,64,151,-2
531544,139,700,16547,-20,-281,94,62,151,-2
531558,105,874,16542,-16,-280,103,66,152,-3
531573,-20,949,16552,-15,-276,98,67,151,-5
531587,-118,972,16539,-18,-283,82,64,151,-6
531601,-130,919,16543,-19,-276,77,65,149,2
531615,-40,765,16559,-19,-275,69,67,150,-2
531629,20,706,16531,-20,-274,77,63,151,-1
531643,67,713,16561,-16,-281,91,67,153,1
531657,130,775,16537,-18,-278,98,66,152,-5
531671,116,892,16549,-12,-276,100,65,153,-1
531685,29,920,16552,-18,-282,93,65,151,-3
531699,-12,922,16547,-22,-287,79,64,149,-1
531713,-47,825,16549,-22,-277,74,63,150,-1
531727,-51,777,16570,-17,-282,78,64,150,-2
531741,-24,731,16557,-19,-273,85,68,149,-3
531755,-9,770,16549,-15,-281,91,68,150,-4
531769,20,875,16547,-18,-281,93,64,153,-6
531783,18,922,16533,-17,-277,91,67,150,-4
531797,21,892,16559,-20,-276,84,68,149,-4
531811,42,837,16557,-19,-280,75,67,151,-5
531825,71,727,16552,-18,-276,77,67,153,-5
531839,58,700,16553,-16,-279,85,67,150,-3
531853,23,755,16560,-11,-283,89,63,155,-4
531867,-10,819,16551,-16,-277,99,61,154,-4
531881,-65,937,16549,-21,-277,98,67,151,-4
531895,-68,966,16556,-21,-275,89,67,149,-1
531909,-21,889,16545,-19,-277,83,67,154,-3
531923,18,823,16556,-20,-283,82,64,154,-4
531937,90,699,16554,-14,-285,83,65,153,-3
531951,114,685,16552,-14,-278,86,70,150,-2
531965,76,774,16554,-16,-284,95,66,152,1
531979,32,845,16543,-17,-279,91,67,150,-4
531993,-51,940,16551,-20,-281,88,67,153,-1
532007,-80,951,16559,-22,-278,83,67,154,-3
532021,-55,859,16545,-17,-280,80,66,153,-4
532035,-33,794,16555,-18,-281,75,68,150,-2
532049,49,715,16563,-17,-281,86,66,148,-6
532063,61,726,16554,-20,-280,91,68,151,-1
532077,80,810,16557,-15,-276,96,68,152,-4
532091,73,862,16560,-17,-282,90,64,151,-4
532105,53,901,16530,-13,-280,87,65,149,-4
532119,6,884,16541,-16,-278,83,65,150,-3
532133,-12,845,16552,-18,-277,81,66,149,-7
532147,-30,773,16552,-18,-275,83,67,151,-4
532161,-21,766,16565,-15,-277,92,65,147,-7
532175,-14,814,16551,-23,-277,93,63,147,-6
532189,0,852,16550,-18,-277,93,63,149,1
532203,34,904,16550,-11,-279,89,62,151,1
532217,52,886,16545,-19,-276,83,65,151,-5
532231,46,800,16554,-17,-277,81,63,150,-3
532245,54,756,16554,-16,-280,82,63,153,-3
532259,31,733,16552,-17,-277,83,64,152,-3
532273,14,755,16553,-20,-277,89,61,152,-6
532287,-24,869,16540,-19,-273,87,66,154,-5
532301,-40,910,16546,-20,-277,90,67,150,-3
532315,-29,921,16562,-18,-278,80,69,148,-5
532329,-22,877,16553,-20,-277,84,67,152,-2
532343,43,763,16559,-18,-274,83,66,149,-6
532357,64,722,16563,-18,-277,81,63,152,1
532371,71,746,16556,-18,-278,89,65,152,2
532385,58,780,16553,-21,-277,93,67,152,-2
532399,6,897,16549,-15,-281,89,65,148,2
532413,-22,919,16546,-16,-274,85,65,148,-3
532427,-32,885,16549,-22,-280,82,65,144,-5
532441,-32,852,16550,-16,-278,81,65,145,-5
532455,-1,760,16564,-20,-279,82,63,149,-6
532469,23,752,16543,-15,-277,83,67,149,-2
532483,67,780,16547,-15,-276,89,68,149,-1
532497,67,819,16548,-19,-277,91,65,147,1
532511,38,873,16534,-23,-279,86,64,150,-5
532525,22,875,16547,-17,-281,86,63,150,-2
532539,6,835,16540,-16,-277,79,64,149,-4
532553,-25,804,16550,-20,-280,83,65,150,-5
532567,-24,782,16555,-17,-280,87,62,153,-3
532581,-18,792,16555,-22,-277,86,66,154,-4
532595,-4,814,16560,-17,-278,92,61,153,-7
532609,27,875,16566,-17,-278,87,62,153,-5
532623,36,878,16553,-15,-278,87,61,149,-2
532637,51,830,16541,-18,-282,84,62,150,-6
532651,49,803,16557,-18,-277,83,63,146,-4
532665,32,766,16548,-20,-278,85,63,153,1
532679,15,770,16558,-15,-281,92,63,148,-2
532693,-24,812,16560,-22,-280,88,64,148,-3
532707,-36,853,16555,-24,-280,89,67,152,-1
532721,-23,892,16560,-15,-279,86,66,153,-1
532735,-4,876,16551,-16,-279,83,64,150,-2
532749,34,803,16553,-17,-276,81,64,149,-2
532763,47,763,16565,-17,-277,85,63,154,-3
532777,53,749,16553,-22,-280,84,65,154,-4
532791,38,764,16551,-20,-283,86,63,156,-6
532805,18,832,16549,-15,-289,89,65,152,-6
532819,-2,864,16549,-17,-279,88,64,154,-4
532833,-32,894,16559,-17,-282,84,64,150,-6
532847,-33,871,16550,-12,-279,82,66,152,-2
532861,-9,796,16551,-19,-279,83,65,149,-3
532875,3,779,16562,-18,-280,84,68,152,-3
532889,39,776,16555,-14,-278,84,68,152,-2
532903,43,794,16552,-17,-281,86,64,150,-4
532917,41,847,16554,-16,-278,85,68,150,-7
532931,29,857,16539,-18,-276,83,65,148,-6
532945,6,846,16552,-14,-282,83,66,150,-5
532959,-2,820,16548,-13,-281,81,65,154,-5
532973,-13,794,16570,-23,-278,85,66,153,1
532987,-12,795,16570,-17,-280,88,65,152,-2
533001,-5,819,16549,-16,-283,88,66,149,-5
533015,10,836,16551,-18,-279,88,66,149,-4
533029,22,844,16549,-14,-281,85,66,152,-6
533043,46,839,16544,-18,-278,79,66,149,-6
533057,53,827,16560,-21,-281,81,64,146,-5
533071,33,796,16548,-22,-278,85,67,146,-3
533085,25,780,16541,-9,-278,88,64,149,-4
533099,-9,804,16566,-22,-276,88,63,152,-3
533113,-20,833,16568,-20,-283,88,66,157,-5
533127,-29,872,16546,-21,-278,87,66,155,-5
533141,-9,873,16559,-20,-275,83,69,148,-4
533155,28,838,16549,-25,-279,81,66,152,-3
533169,39,809,16550,-23,-277,84,66,150,-4
533183,45,778,16549,-18,-275,85,69,154,-5
533197,37,780,16551,-14,-280,90,65,150,-2
533211,10,819,16567,-21,-282,87,64,149,1
533225,-10,846,16560,-17,-281,88,65,150,-4
533239,-20,874,16547,-17,-280,87,64,152,-6
533253,-13,863,16565,-22,-282,82,63,154,-6
533267,13,824,16554,-17,-280,84,65,150,-3
533281,16,808,16551,-18,-279,84,64,148,-4
533295,33,790,16564,-19,-281,92,63,148,-3
533309,36,799,16549,-20,-281,86,63,146,-3
533323,34,824,16556,-16,-281,87,64,152,-4
533337,27,838,16563,-14,-282,89,62,150,-5
533351,11,845,16545,-21,-279,82,61,152,-4
533365,5,839,16541,-15,-277,85,67,149,-4
533379,2,806,16542,-19,-277,81,66,150,-3
533393,-4,800,16548,-22,-276,86,63,152,-5
533407,255,808,16566,-17,-277,86,63,151,-2
533421,18,819,16547,-14,-281,91,64,151,-1
533435,19,836,16562,-22,-281,86,67,151,-3
533449,33,835,16567,-16,-280,88,65,150,-4
533463,43,827,16546,-18,-282,83,67,152,-7
533477,28,806,16565,-17,-275,85,68,152,-5
533491,14,802,16543,-16,-279,89,67,150,-6
533505,0,820,16542,-20,-279,93,67,147,-6
533519,-10,835,16561,-18,-274,89,67,148,-5
533533,-10,858,16544,-19,-281,95,65,145,-3
533547,-8,863,16535,-16,-283,81,64,150,-2
533561,25,834,16571,-16,-275,84,65,148,-2
533575,36,820,16548,-14,-279,85,64,152,-3
533589,46,786,16542,-17,-278,87,65,150,-2
533603,33,786,16555,-20,-275,87,66,150,-2
533617,23,811,16546,-18,-282,88,66,152,-2
533631,17,823,16557,-23,-278,86,67,150,-5
533645,0,850,16550,-18,-272,87,66,148,-4
533659,-4,847,16540,-22,-280,83,65,151,-5
533673,8,827,16553,-19,-280,83,64,150,-4
533687,20,811,16538,-20,-281,82,63,151,-5
533701,26,787,16560,-19,-281,87,64,153,-4
533715,31,797,16563,-20,-281,90,64,150,-3
533729,27,824,16559,-17,-279,90,64,149,1
533743,32,841,16554,-16,-279,82,64,149,1
533757,20,841,16555,-14,-278,82,64,149,-1
533771,19,845,16549,-20,-280,82,66,152,-5
533785,1,807,16559,-19,-281,88,69,148,-8
533799,-9,800,16551,-18,-279,87,69,149,1
533813,-13,819,16551,-16,-281,86,68,148,-2
533827,-2,825,16548,-20,-277,86,67,151,-1
533841,11,827,16539,-14,-277,83,68,148,-3
533855,28,832,16553,-18,-279,86,66,147,-6
533869,44,820,16560,-16,-277,83,67,153,-7
533883,30,809,16545,-12,-281,86,64,152,-3
533897,19,803,16559,-20,-275,90,63,152,-6
533911,2,819,16556,-17,-276,88,65,155,-4
533925,-11,829,16555,-17,-280,90,65,155,-2
533939,-7,839,16568,-19,-280,85,62,153,-4
533953,-6,842,16558,-12,-277,83,63,154,-1
533967,15,838,16556,-17,-284,83,66,153,1
533981,24,825,16559,-14,-277,83,67,152,-7
533995,38,797,16547,-14,-275,89,67,151,-4
534009,24,796,16555,-18,-279,87,65,149,-4
534023,20,803,16555,-16,-277,86,65,154,-4
534037,18,821,16553,-24,-281,91,67,151,-2
534051,-4,847,16560,-22,-284,83,66,154,-6
534065,-4,854,16541,-10,-278,84,67,153,-8
534079,12,838,16560,-18,-275,87,64,151,-6
534093,8,827,16565,-15,-277,84,67,150,-6
534107,19,805,16536,-20,-279,87,66,147,-6
534121,21,800,16555,-21,-278,88,66,154,-5
534135,19,818,16554,-17,-282,87,67,154,-2
534149,14,825,16547,-8,-278,85,67,147,-5
534163,20,832,16552,-15,-276,85,66,146,-5
534177,21,836,16530,-20,-275,85,64,146,-3
534191,6,838,16566,-17,-278,85,65,153,-4
534205,-3,824,16575,-13,-280,86,66,149,-2
534219,-8,812,16530,-15,-282,78,62,153,-5
534233,-3,820,16553,-18,-276,84,62,156,-6
534247,17,824,16561,-14,-277,82,66,156,-2
534261,28,834,16560,-17,-276,82,65,151,-2
534275,31,822,16560,-15,-275,88,65,150,-2
534289,30,816,16554,-17,-280,88,66,152,-4
534303,30,818,16552,-22,-276,83,67,146,-6
534317,8,807,16565,-17,-278,85,66,152,-3
534331,2,830,16557,-20,-279,86,64,149,-3
534345,-15,839,16555,-20,-281,83,66,149,-3
534359,-2,845,16551,-20,-277,86,67,148,-4
534373,11,837,16553,-21,-276,82,65,153,-4
534387,26,827,16543,-20,-276,84,66,155,-4
534401,36,814,16545,-13,-277,81,67,150,-3
534415,32,807,16544,-18,-277,90,64,149,-1
534429,23,820,16563,-16,-280,92,69,150,-3
534443,23,824,16547,-25,-281,88,67,148,-1
534457,-3,837,16539,-21,-283,86,64,152,-2
534471,-1,838,16555,-21,-275,83,64,153,-6
534485,4,844,16557,-15,-283,86,66,149,-6
534499,13,838,16562,-19,-277,86,65,149,-4
534513,23,812,16547,-18,-279,90,65,148,-3
534527,24,804,16548,-18,-282,86,67,152,-3
534541,22,811,16560,-16,-280,87,63,153,1
534555,31,816,16550,-21,-276,89,63,156,-1
534569,21,830,16552,-18,-283,92,65,153,-3
534583,12,832,16554,-19,-278,82,68,153,-4
534597,8,836,16565,-21,-282,87,65,149,-4
534611,-3,830,16558,-17,-281,86,64,154,-4
534625,-3,827,16543,-23,-278,87,61,153,-7
534639,-7,824,16544,-21,-283,84,71,150,-5
534653,14,818,16562,-17,-278,87,70,150,-3
534667,27,820,16547,-16,-278,90,64,150,-2
534681,45,825,16542,-17,-277,88,61,148,-5
534695,31,828,16548,-20,-277,80,66,154,-3
534709,6,824,16564,-19,-277,84,67,152,-6
534723,6,825,16558,-19,-284,94,63,150,-6
534737,-2,827,16522,-19,-278,86,65,153,-5
534751,-7,826,16548,-21,-282,89,66,154,-6
534765,0,836,16567,-20,-277,84,65,150,-2
534779,14,835,16532,-17,-273,80,60,150,-4
534793,15,826,16538,-21,-278,86,64,152,-2
534807,31,819,16531,-16,-280,86,64,153,-2
534821,34,820,16574,-17,-280,86,64,154,-4
534835,25,824,16583,-16,-285,89,63,149,-7
534849,17,817,16557,-16,-278,84,66,152,-5
534863,-9,833,16536,-20,-274,86,67,152,-5
534877,3,837,16556,-19,-275,87,65,153,-3
534891,-2,843,16555,-17,-278,85,66,150,-1
534905,5,832,16550,-21,-279,87,63,153,3
534919,14,818,16553,-20,-279,85,65,152,-1
534933,20,813,16555,-19,-274,90,65,153,-4
534947,24,818,16575,-27,-279,83,67,150,-8
534961,23,816,16568,-19,-279,88,65,151,-5
534975,19,829,16527,-16,-277,84,64,150,-4
534989,24,836,16545,-14,-282,87,62,149,-7
535003,7,838,16547,-16,-279,93,62,153,-1
535017,1,833,16544,-16,-275,89,65,153,-1
535031,0,825,16552,-13,-274,90,64,154,-3
535045,0,824,16561,-17,-277,87,65,151,1
535059,12,820,16552,-19,-278,85,68,151,1
535073,22,817,16554,-21,-281,83,68,151,-5
535087,28,824,16530,-16,-280,84,65,152,-5
535101,31,819,16547,-18,-281,86,62,154,-2
535115,20,821,16560,-22,-283,85,64,148,-5
535129,13,822,16544,-18,-278,89,67,151,-4
535143,1,834,16554,-22,-281,86,66,153,-4
535157,5,832,16559,-21,-282,83,65,151,-2
535171,10,837,16567,-17,-274,85,64,148,-2
535185,14,839,16556,-18,-280,82,66,152,-5
535199,24,811,16543,-18,-282,83,66,148,-4
535213,30,813,16565,-22,-275,85,69,152,3
535227,32,813,16555,-18,-278,82,67,153,-3
535241,21,807,16551,-15,-278,89,64,152,-5
535255,6,816,16560,-25,-277,86,67,148,-4
535269,6,831,16550,-18,-281,82,67,150,-8
535283,0,835,16556,-7,-279,81,63,154,-6
535297,-7,830,16548,-9,-277,83,63,153,-5
535311,1,835,16553,-15,-274,85,64,151,-2
535325,13,825,16563,-21,-275,90,67,152,-2
535339,20,815,16547,-18,-280,89,65,150,-5
535353,33,808,16548,-17,-281,81,65,148,-1
535367,34,808,16568,-21,-280,84,64,150,-2
535381,21,822,16550,-14,-282,85,62,149,-3
535395,22,828,16538,-19,-284,86,66,152,-6
535409,18,825,16543,-22,-278,79,65,153,-3
535423,16,836,16552,-17,-279,84,64,151,-3
535437,3,836,16555,-17,-278,89,64,149,-4
535451,3,826,16549,-18,-279,84,68,149,-3
535465,19,823,16535,-19,-277,84,65,147,-4
535479,23,816,16550,-13,-279,83,65,147,-4
535493,27,815,16558,-16,-277,93,66,150,-2
535507,32,817,16546,-21,-274,87,64,152,-4
535521,24,829,16542,-22,-276,94,65,151,-8
535535,15,822,16547,-20,-277,89,68,147,-6
535549,9,826,16553,-13,-281,88,65,151,-3
535563,0,826,16559,-19,-273,91,69,152,-5
535577,3,831,16525,-23,-279,89,70,151,-7
535591,0,831,16545,-19,-280,87,63,151,-1
535605,16,826,16565,-12,-280,84,62,151,-6
535619,25,825,16554,-19,-279,85,65,155,-7
535633,38,814,16549,-13,-282,84,67,146,-5
535647,27,821,16539,-17,-278,91,66,150,-4
535661,20,819,16558,-21,-280,86,68,150,-3
535675,11,822,16559,-18,-281,90,69,152,-3
535689,-1,827,16539,-16,-279,87,69,150,-4
535703,2,831,16555,-11,-279,89,66,151,-5
535717,3,838,16561,-15,-278,85,67,152,-2
535731,23,822,16547,-14,-276,82,67,153,-4
535745,23,816,16547,-17,-276,85,65,151,-3
535759,31,814,16543,-26,-281,86,67,148,-4
535773,31,817,16541,-23,-280,84,66,155,-5
535787,25,814,16555,-18,-282,85,68,153,-4
535801,25,819,16547,-14,-279,86,68,152,-3
535815,9,834,16550,-17,-279,86,66,149,-5
535829,7,840,16555,-21,-281,86,63,150,-5
535843,6,836,16543,-21,-275,85,64,147,-1
535857,4,827,16569,-19,-282,88,65,146,-4
535871,-1,819,16540,-13,-279,90,63,153,-2
535885,9,809,16518,-17,-281,85,63,151,-2
535899,22,810,16578,-15,-278,86,64,151,-3
535913,27,821,16573,-17,-275,83,66,149,-3
535927,34,823,16544,-18,-279,88,65,150,-8
535941,24,826,16546,-17,-282,86,63,151,-5
535955,1,842,16536,-15,-280,86,65,154,-5
535969,-3,842,16567,-17,-283,83,66,155,-4
535983,-1,827,16537,-15,-282,85,65,153,-3
535997,-3,830,16511,-18,-278,83,66,153,-2
536011,15,822,16560,-21,-274,87,65,151,-7
536025,25,822,16555,-20,-282,86,63,151,-5
536039,24,818,16547,-20,-281,89,63,153,-1
536053,33,816,16533,-20,-280,87,64,153,-2
536067,32,821,16542,-17,-283,87,65,151,-2
536081,10,831,16568,-18,-278,83,67,149,-3
536095,-7,827,16553,-21,-277,88,68,150,-2
536109,1,829,16533,-23,-276,89,67,152,-1
536123,-6,828,16552,-17,-277,86,64,153,1
536137,10,833,16565,-15,-279,87,63,150,1
536151,17,825,16532,-19,-281,89,67,151,-5
536165,21,815,16533,-16,-276,92,65,150,-3
536179,27,814,16537,-17,-281,88,66,150,-6
536193,22,820,16556,-13,-278,84,64,148,-6
536207,11,826,16560,-20,-278,84,67,150,-2
536221,11,822,16542,-22,-285,89,69,149,-2
536235,1,829,16540,-16,-278,87,64,151,-2
536249,-9,840,16557,-12,-280,83,68,149,1
536263,-12,840,16558,-15,-279,88,70,147,-2
536277,-12,827,16543,-22,-273,84,66,151,-1
536291,5,825,16532,-19,-278,85,64,151,-3
536305,26,806,16558,-17,-284,87,64,148,-6
536319,34,812,16560,-18,-277,89,62,152,-6
536333,29,806,16539,-19,-280,85,66,147,-3
536347,27,812,16548,-18,-274,83,67,147,-4
536361,9,831,16547,-20,-278,84,67,150,-1
536375,0,833,16553,-23,-284,87,65,149,-2
536389,4,828,16534,-18,-278,84,62,148,-6
536403,7,824,16532,-19,-279,85,66,149,-5
536417,12,820,16545,-19,-282,82,64,149,1
536431,20,823,16541,-19,-279,85,64,152,-4
536445,35,814,16561,-23,-276,85,64,156,-6
536459,33,806,16560,-22,-280,87,64,151,-5
536473,25,819,16529,-15,-276,92,63,149,-4
536487,23,826,16553,-17,-280,91,66,147,-4
536501,5,821,16563,-16,-282,91,69,150,-4
536515,-1,825,16545,-22,-277,89,68,151,-5
536529,-9,828,16536,-16,-277,90,63,150,-5
536543,10,834,16538,-17,-278,92,68,151,-6
536557,17,829,16573,-15,-276,87,64,152,1
536571,23,819,16561,-17,-280,85,63,151,-3
536585,29,810,16534,-17,-283,86,66,153,-7
536599,27,816,16549,-15,-278,83,63,149,-2
536613,25,813,16580,-18,-277,87,62,148,-2
536627,15,823,16551,-17,-279,84,67,149,-2
536641,1,825,16547,-19,-278,80,63,150,-4
536655,1,826,16542,-19,-284,84,66,151,-3
536669,11,833,16556,-17,-279,89,63,152,-5
536683,6,833,16555,-15,-282,86,63,151,-7
536697,8,824,16542,-11,-282,91,66,149,1
536711,15,806,16546,-18,-274,86,66,151,-3
536725,21,807,16565,-17,-278,87,65,151,-4
536739,31,814,16554,-12,-281,83,66,150,-1
536753,32,813,16543,-20,-282,87,66,150,-3
536767,1,824,16553,-13,-282,86,69,151,-3
536781,-4,831,16551,-19,-279,85,67,149,-4
536795,1,838,16550,-16,-271,87,67,151,-3
536809,2,832,16540,-14,-279,85,64,151,-2
536823,14,824,16541,-17,-278,86,67,151,-1
536837,22,819,16559,-17,-276,83,65,153,-4
536851,32,820,16550,-21,-282,89,66,150,-2
536865,33,818,16536,-19,-275,86,64,146,-2
536879,22,818,16563,-22,-278,85,65,150,-5
536893,14,821,16553,-16,-274,81,64,152,-3
536907,8,823,16548,-20,-274,84,62,150,-5
536921,-1,832,16547,-12,-273,80,62,151,-2
536935,6,827,16549,-18,-278,81,64,150,-2
536949,13,827,16554,-17,-280,85,64,152,1
536963,16,820,16545,-16,-277,86,65,152,-2
536977,18,820,16538,-20,-279,89,66,154,-1
536991,30,825,16554,-16,-277,85,64,150,-4
537005,18,813,16569,-13,-283,83,60,151,-7
537019,9,809,16548,-13,-281,92,62,155,-8
537033,16,816,16523,-20,-275,85,67,156,-6
537047,15,827,16565,-19,-278,86,65,149,-1
537061,2,833,16574,-21,-276,83,62,149,-3
537075,6,828,16542,-17,-276,90,65,150,-4
537089,-1,828,16534,-21,-277,81,65,150,-3
537103,9,823,16561,-21,-280,89,65,151,-4
537117,14,818,16550,-19,-274,85,62,152,-1
537131,22,815,16556,-23,-280,81,63,152,-2
537145,35,818,16531,-18,-275,87,61,152,-5
537159,29,816,16532,-20,-277,83,65,153,-5
537173,8,837,16570,-15,-283,87,66,153,1
537187,8,837,16566,-18,-278,86,63,152,3
537201,3,826,16535,-20,-279,83,63,149,3
537215,0,817,16551,-18,-276,82,66,149,1
537229,11,834,16559,-16,-275,83,66,148,2
537243,14,829,16548,-16,-280,86,64,148,-2
537257,24,819,16553,-21,-283,86,63,149,1
537271,26,817,16545,-20,-278,89,65,150,1
537285,23,820,16554,-18,-280,94,66,148,-7
537299,15,822,16556,-23,-275,91,68,154,-5
537313,6,821,16529,-18,-283,91,68,149,-2
537327,4,821,16538,-20,-283,87,68,152,1
537341,13,833,16558,-18,-277,84,67,150,-3
537355,8,839,16552,-20,-281,88,63,147,3
537369,1,823,16537,-18,-282,89,61,149,-4
537383,11,824,16554,-18,-274,87,67,149,-1
537397,26,816,16551,-20,-278,86,64,151,-3
537411,23,822,16556,-13,-280,86,62,148,-2
537425,26,816,16544,-17,-276,86,65,152,-3
537439,21,817,16551,-22,-279,87,65,153,-2
537453,12,818,16546,-20,-284,86,63,148,-4
537467,11,828,16553,-18,-280,88,66,147,-3
537481,9,826,16544,-18,-275,86,68,148,-4
537495,13,826,16535,-18,-273,88,65,152,-3
537509,15,824,16545,-19,-274,85,67,149,-3
537523,11,819,16563,-20,-281,88,68,148,-2
537537,19,814,16547,-19,-280,87,65,150,-4
537551,23,817,16552,-18,-271,89,62,153,-2
537565,24,819,16555,-16,-280,86,65,149,-2
537579,16,822,16558,-16,-277,83,64,150,1
537593,13,827,16561,-15,-279,87,66,150,-2
537607,10,824,16531,-21,-281,89,63,149,-3
537621,8,825,16535,-13,-276,87,64,152,-6
537635,12,826,16577,-14,-280,90,63,152,-5
537649,18,822,16544,-18,-276,88,64,149,-2
537663,16,817,16545,-18,-278,83,64,150,-6
537677,19,822,16571,-16,-278,84,64,147,-4
537691,17,821,16549,-16,-277,87,65,152,-4
537705,11,822,16560,-15,-278,88,64,153,-5
537719,2,821,16535,-20,-280,87,64,150,-2
537733,1,825,16529,-22,-278,85,66,153,-4
537747,11,827,16562,-16,-286,88,66,149,-3
537761,15,824,16551,-12,-276,84,67,152,-2
537775,8,833,16542,-22,-280,85,67,147,-5
537789,18,822,16546,-18,-277,86,63,145,-4
537803,23,815,16557,-19,-279,90,64,149,-2
537817,23,815,16556,-15,-277,85,63,150,-2
537831,24,817,16537,-17,-280,87,64,150,-6
537845,15,829,16539,-16,-281,84,64,146,-5
537859,7,824,16558,-18,-278,91,68,145,-3
537873,9,832,16552,-15,-274,95,66,150,-2
537887,12,836,16543,-15,-282,85,68,153,-3
537901,5,823,16544,-18,-279,87,64,152,-4
537915,19,828,16542,-15,-279,83,65,153,-1
537929,18,821,16547,-12,-278,84,66,152,-3
537943,24,817,16543,-20,-277,83,64,150,-5
537957,29,815,16541,-20,-279,87,63,146,-3
537971,15,814,16551,-17,-276,95,65,152,-5
537985,16,832,16528,-16,-280,87,60,149,-4
537999,21,827,16534,-19,-274,86,60,146,-7
538013,14,820,16548,-19,-276,90,63,148,-4
538027,12,823,16537,-20,-281,88,65,149,-4
538041,7,827,16547,-13,-276,88,64,150,1
538055,15,832,16547,-15,-279,84,65,150,-3
538069,19,818,16540,-21,-282,80,65,152,-4
538083,22,820,16545,-22,-280,88,67,153,-2
538097,27,821,16538,-15,-277,83,67,154,-3
538111,25,828,16539,-16,-281,82,66,147,2
538125,25,832,16539,-17,-279,86,65,148,-1
538139,13,836,16531,-17,-281,86,66,149,-2
538153,0,824,16551,-18,-282,84,66,150,-2
538167,7,822,16544,-19,-280,85,66,146,-1
538181,18,825,16536,-20,-281,89,65,152,-6
538195,22,821,16547,-19,-279,86,65,152,-7
538209,13,824,16552,-17,-278,84,63,152,-1
538223,28,826,16552,-19,-281,86,62,150,-1
538237,25,816,16538,-19,-280,89,65,152,-3
538251,18,827,16546,-24,-279,89,63,150,-4
538265,11,826,16558,-15,-277,82,64,153,-4
538279,10,828,16540,-23,-272,88,65,150,-1
538293,11,834,16552,-20,-273,88,68,152,-4
538307,3,828,16546,-20,-283,91,65,152,-5
538321,9,819,16539,-19,-278,90,65,153,-1
538335,23,821,16558,-19,-278,86,65,149,-2
538349,20,821,16529,-21,-283,83,62,148,-7
538363,18,817,16536,-16,-275,84,62,149,-7
538377,23,818,16554,-20,-278,90,65,150,-3
538391,18,824,16537,-22,-281,88,68,152,-2
538405,17,825,16521,-20,-278,93,68,152,-5
538419,7,823,16559,-13,-277,86,64,149,1
538433,6,822,16555,-21,-279,86,63,149,-3
538447,2,821,16547,-19,-277,85,57,153,-3
538461,12,820,16556,-19,-276,87,66,149,-4
538475,4,822,16549,-18,-276,85,71,150,-4
538489,16,819,16552,-20,-279,84,65,153,-6
538503,21,823,16552,-21,-283,88,68,152,-4
538517,24,825,16545,-16,-278,94,66,154,-2
538531,9,827,16551,-19,-281,88,65,155,-7
538545,2,828,16555,-22,-279,84,66,153,-7
538559,3,822,16549,-20,-275,84,63,152,-1
538573,13,824,16545,-17,-277,91,63,150,1
538587,19,830,16541,-17,-281,89,65,153,-7
538601,8,830,16535,-20,-279,87,66,154,-7
538615,15,826,16542,-20,-282,84,67,152,-5
538629,15,824,16547,-17,-281,89,65,148,-1
538643,22,817,16552,-16,-277,86,69,146,-4
538657,25,815,16549,-17,-282,85,65,150,-6
538671,10,820,16538,-19,-283,86,65,148,-5
538685,5,825,16536,-21,-276,88,66,149,-5
538699,7,827,16540,-12,-281,81,65,152,-4
538713,3,823,16545,-18,-273,87,65,154,-1
538727,4,816,16532,-20,-279,92,66,153,-3
538741,19,822,16537,-20,-279,91,64,152,-3
538755,18,817,16557,-22,-276,85,64,152,-1
538769,23,814,16548,-20,-280,86,65,152,-2
538783,24,819,16542,-15,-281,85,65,149,-1
538797,15,819,16552,-19,-282,87,65,150,-1
538811,17,813,16532,-16,-277,82,63,152,-2
538825,-3,828,16551,-14,-278,86,64,150,-6
538839,2,826,16553,-15,-282,87,66,147,-5
538853,7,825,16513,-15,-281,84,65,149,-4
538867,15,816,16536,-19,-280,93,65,150,-3
538881,14,825,16550,-19,-275,83,62,148,-2
538895,17,827,16527,-16,-278,85,63,150,-3
538909,20,818,16557,-21,-276,87,65,153,1
538923,15,824,16560,-19,-281,86,67,149,2
538937,7,823,16542,-15,-278,91,63,153,-3
538951,9,822,16552,-16,-280,89,67,156,-5
538965,13,824,16535,-20,-277,89,65,149,-3
538979,10,821,16531,-14,-282,86,67,149,-3
538993,14,820,16554,-16,-281,84,66,148,-5
539007,22,821,16545,-14,-279,86,65,152,-5
539021,20,818,16534,-19,-280,84,65,151,-6
539035,22,821,16548,-18,-275,84,66,150,-2
539049,16,821,16538,-15,-278,84,64,148,-3
539063,11,821,16543,-15,-276,89,63,150,-3
539077,8,820,16540,-18,-274,88,66,150,-3
539091,8,823,16524,-22,-279,89,66,153,-2
539105,13,822,16544,-16,-279,88,66,152,-3
539119,16,822,16540,-22,-274,89,64,150,-3
539133,8,819,16544,-21,-281,81,65,150,-2
539147,14,823,16534,-22,-271,89,63,153,-5
539161,12,815,16533,-22,-275,88,65,150,-4
539175,17,816,16546,-22,-277,89,64,150,-1
539189,18,825,16548,-17,-279,85,64,148,1
539203,22,829,16546,-15,-279,83,67,146,-3
539217,13,830,16549,-22,-277,88,64,150,-6
539231,7,832,16538,-15,-275,87,64,150,-5
539245,9,829,16549,-21,-275,87,63,146,-4
539259,9,824,16539,-19,-279,89,66,147,-3
539273,8,833,16534,-22,-277,84,64,152,-5
539287,21,815,16552,-24,-280,87,64,152,-5
539301,21,818,16556,-24,-279,88,64,156,-3
539315,12,824,16541,-17,-279,83,66,153,-2
539329,13,822,16548,-16,-280,87,67,150,-7
539343,9,821,16538,-17,-280,86,67,148,-3
539357,1,824,16541,-20,-275,90,69,147,-4
539371,23,831,16548,-20,-278,92,69,147,-3
539385,20,832,16543,-22,-278,87,65,152,-4
539399,10,822,16551,-19,-279,81,69,148,-5
539413,10,825,16553,-17,-277,81,68,150,-6
539427,16,828,16563,-18,-281,80,66,153,-4
539441,17,829,16546,-19,-277,86,64,153,-4
539455,30,825,16539,-19,-278,87,65,153,-3
539469,16,820,16548,-15,-280,84,64,153,-5
539483,9,819,16554,-14,-280,89,70,150,-2
539497,5,824,16542,-18,-278,87,68,149,-5
539511,-2,827,16560,-17,-280,94,67,150,-5
539525,0,834,16550,-15,-274,85,63,154,-8
539539,10,815,16550,-19,-278,85,65,153,-3
539553,3,813,16549,-13,-279,84,66,149,-4
539567,19,818,16524,-15,-276,82,65,150,-1
539581,24,814,16534,-15,-274,83,64,153,-3
539595,18,818,16547,-20,-275,83,64,149,-5
539609,20,819,16543,-15,-280,86,62,146,-6
539623,14,826,16543,-18,-274,90,69,150,-2
539637,8,832,16541,-18,-277,86,66,150,1
539651,14,832,16545,-18,-280,88,68,153,-1
539665,4,825,16556,-16,-276,87,65,152,-4
539679,8,826,16540,-20,-280,87,65,153,-3
539693,12,818,16546,-17,-281,88,64,148,-2
539707,17,811,16549,-12,-279,86,62,148,-3
539721,16,818,16544,-10,-280,83,60,152,-2
539735,19,823,16544,-14,-280,83,69,149,-2
539749,10,823,16542,-12,-279,89,67,155,-3
539763,8,825,16541,-12,-273,84,65,146,-6
539777,12,835,16557,-23,-279,87,62,147,-5
539791,6,823,16550,-21,-278,89,65,150,-2
539805,18,820,16547,-23,-280,90,65,152,-2
539819,15,824,16561,-21,-279,88,63,149,-2
539833,14,818,16551,-14,-279,87,64,154,-2
539847,14,813,16547,-18,-282,85,62,152,1
539861,12,829,16538,-20,-276,87,63,148,-3
539875,17,824,16530,-18,-279,86,61,149,-5
539889,8,823,16566,-18,-281,86,64,150,-7
539903,9,826,16554,-19,-279,86,66,154,-4
539917,4,822,16561,-17,-280,86,67,156,-5
539931,12,819,16552,-18,-276,80,65,152,-3
539945,12,819,16540,-21,-281,83,65,150,-3
539959,14,822,16545,-21,-282,80,67,150,-2
539973,19,820,16543,-18,-281,87,65,152,-2
539987,17,818,16545,-17,-280,86,63,150,-5
540001,11,815,16546,-20,-283,87,64,148,-7
540015,12,811,16546,-17,-278,84,68,147,-5
540029,15,825,16548,-18,-278,83,67,149,-4
540043,12,821,16554,-11,-277,84,65,149,-6
540057,10,825,16550,-21,-282,86,65,148,-5
540071,4,828,16537,-15,-276,86,66,155,-5
540085,-6,820,16548,-18,-279,90,67,154,-2
540099,11,819,16553,-15,-276,82,70,149,-4
540113,16,827,16544,-19,-275,88,67,154,-2
540127,21,817,16542,-21,-282,86,66,152,-4
540141,16,820,16549,-18,-279,80,62,154,-2
540155,23,822,16540,-19,-282,84,65,152,-3
540169,11,820,16542,-19,-274,86,66,152,-4
540183,11,830,16543,-16,-271,84,63,150,-1
540197,11,835,16539,-20,-274,85,64,152,-2
540211,7,816,16555,-15,-277,89,66,147,-4
540225,16,817,16551,-18,-275,88,65,147,-4
540239,12,828,16549,-19,-279,87,68,154,-3
540253,17,828,16558,-17,-282,86,66,149,-5
540267,15,819,16553,-18,-277,85,64,149,-5
540281,21,822,16549,-18,-280,88,66,154,-5
540295,18,821,16559,-18,-276,84,63,152,-2
540309,11,823,16555,-21,-281,83,66,149,-4
540323,10,829,16555,-18,-280,91,68,150,-4
540337,20,838,16554,-16,-277,82,68,155,-6
540351,13,820,16542,-17,-279,87,65,149,-4
540365,10,812,16546,-18,-283,85,65,152,-4
540379,16,828,16552,-12,-282,88,66,155,-1
540393,19,824,16546,-19,-280,84,63,153,-3
540407,15,822,16559,-18,-276,91,63,149,-3
540421,12,823,16549,-19,-275,90,65,148,-2
540435,9,812,16548,-17,-279,91,62,149,-2
540449,13,815,16548,-22,-281,89,68,147,-2
540463,10,822,16551,-19,-275,85,65,149,-1
540477,8,820,16549,-22,-283,84,65,152,-4
540491,19,817,16555,-17,-284,86,69,148,-3
540505,23,822,16541,-15,-279,85,68,150,-1
540519,32,821,16559,-22,-278,86,69,149,-4
540533,15,822,16557,-19,-273,86,66,152,-3
540547,1,817,16552,-18,-277,87,69,153,-3
540561,15,823,16547,-21,-280,88,62,152,-1
540575,9,823,16535,-15,-279,90,69,153,-1
540589,15,832,16539,-21,-277,86,64,152,-3
540603,10,825,16548,-16,-280,84,64,151,-5
540617,18,815,16554,-15,-275,83,65,151,-6
540631,16,820,16561,-16,-277,88,63,147,-5
540645,14,812,16550,-16,-277,89,66,149,-3
540659,20,821,16548,-19,-277,85,66,150,-4
540673,8,820,16563,-16,-279,81,67,154,-3
540687,6,823,16556,-18,-276,87,63,151,-3
540701,17,830,16547,-20,-275,89,64,148,-4
540715,14,829,16538,-18,-277,87,63,150,-6
540729,7,832,16553,-18,-275,89,66,150,-4
540743,12,827,16556,-17,-281,87,63,149,-3
540757,15,821,16557,-19,-276,82,67,153,-2
540771,19,819,16560,-18,-277,84,68,154,-6
540785,17,822,16555,-18,-276,87,68,155,-6
540799,25,824,16549,-20,-275,85,64,152,-2
540813,19,823,16554,-20,-281,83,65,149,-5
540827,17,824,16552,-20,-280,86,61,148,-2
540841,20,830,16558,-22,-283,91,63,154,-5
540855,15,823,16550,-24,-280,86,62,153,-4
540869,10,825,16559,-21,-282,83,62,148,-5
540883,15,830,16551,-23,-280,82,64,152,-5
540897,17,824,16556,-20,-279,84,66,147,-6
540911,23,818,16548,-20,-283,89,65,147,-6
540925,-1,827,16558,-18,-278,88,63,149,-4
540939,8,824,16555,-18,-278,85,66,149,-4
540953,24,822,16549,-22,-283,83,66,150,-2
540967,14,819,16558,-20,-280,86,62,150,-3
540981,15,827,16540,-19,-277,88,61,150,-6
540995,13,826,16545,-18,-281,86,61,152,-2
541009,2,826,16556,-18,-277,84,63,150,-5
541023,17,829,16556,-11,-274,82,67,150,-6
541037,27,823,16557,-21,-278,80,64,155,-4
541051,24,824,16553,-17,-280,87,64,152,-4
541065,26,825,16544,-21,-280,85,66,146,-5
541079,12,816,16560,-23,-278,87,68,147,-5
541093,7,820,16552,-22,-274,84,66,152,-4
541107,15,829,16547,-22,-279,82,63,153,-3
541121,12,822,16552,-23,-277,87,65,156,-2
541135,14,824,16542,-15,-272,82,61,154,-8
541149,15,826,16535,-18,-276,85,65,152,-8
541163,16,819,16550,-20,-279,88,67,150,-7
541177,19,821,16552,-21,-281,88,66,147,-2
541191,17,818,16551,-20,-277,86,66,148,-2
541205,8,816,16557,-21,-276,86,65,150,-2
541219,14,829,16542,-17,-282,93,66,149,-3
541233,17,826,16556,-21,-282,86,65,148,-3
541247,17,823,16551,-22,-276,83,65,152,-5
541261,13,824,16555,-15,-279,82,66,150,-3
541275,9,824,16551,-14,-282,88,68,153,-2
541289,8,818,16555,-16,-281,83,67,155,-1
541303,17,819,16561,-18,-281,84,67,153,-2
541317,15,817,16558,-21,-281,86,64,150,-2
541331,14,822,16555,-17,-279,86,63,149,-3
541345,19,824,16554,-22,-282,87,67,146,1
541359,23,823,16546,-20,-276,85,66,149,-3
541373,12,820,16546,-20,-277,93,64,152,2
541387,12,816,16562,-18,-274,85,65,150,-2
541401,15,821,16537,-18,-275,83,67,151,-4
541415,7,819,16553,-17,-277,87,67,151,-6
541429,17,824,16550,-22,-282,83,64,147,-3
541443,15,830,16546,-17,-281,88,64,146,1
541457,7,829,16553,-21,-277,88,66,152,1
541471,0,826,16548,-20,-285,89,64,149,-5
541485,13,818,16546,-19,-275,85,66,149,-3
541499,23,812,16548,-23,-278,86,66,150,-2
541513,21,822,16550,-22,-279,89,64,154,1
541527,22,825,16541,-21,-270,86,65,148,-1
541541,13,824,16549,-21,-279,85,66,145,-3
541555,13,816,16543,-21,-278,90,67,148,-5
541569,8,816,16552,-19,-278,92,65,146,-3
541583,14,824,16548,-19,-280,91,64,150,-3
541597,4,825,16537,-18,-281,86,66,150,-3
541611,10,835,16545,-19,-280,86,65,150,-2
541625,12,822,16540,-17,-277,86,65,148,-3
541639,9,824,16534,-17,-280,88,66,150,-4
541653,18,822,16547,-16,-281,87,64,148,-5
541667,11,824,16541,-21,-277,79,67,149,-5
541681,17,824,16552,-13,-278,86,66,149,-3
541695,7,826,16558,-20,-282,89,67,150,-1
541709,13,824,16538,-14,-285,89,63,149,-2
541723,16,823,16553,-24,-280,86,69,147,-5
541737,14,818,16525,-18,-279,86,67,150,-7
541751,14,820,16535,-19,-278,84,68,153,-1
541765,11,820,16551,-24,-280,90,67,147,-6
541779,14,823,16551,-21,-274,90,67,147,-5
541793,13,824,16551,-19,-275,86,61,151,-5
541807,14,821,16545,-14,-283,87,64,153,-5
541821,12,823,16536,-14,-278,88,66,152,-4
541835,8,824,16541,-20,-278,87,68,152,-4
541849,4,825,16546,-19,-280,88,69,152,-3
541863,14,830,16531,-18,-275,86,62,150,-3
541877,8,825,16538,-15,-281,84,65,149,-3
541891,18,819,16546,-18,-282,89,68,149,-1
541905,26,820,16551,-18,-278,88,65,150,-2
541919,15,829,16542,-17,-277,84,60,152,-6
541933,7,829,16538,-14,-276,90,65,149,-7
541947,19,826,16548,-21,-275,87,68,147,-6
541961,12,832,16551,-22,-277,87,64,147,2
541975,18,827,16545,-24,-280,88,65,145,1
541989,21,825,16550,-16,-281,86,64,147,-3
542003,14,825,16552,-19,-278,88,65,152,-1
542017,17,820,16544,-15,-281,84,65,154,-1
542031,19,830,16551,-17,-277,93,66,150,-4
542045,13,827,16549,-17,-281,81,64,153,-4
542059,22,830,16549,-12,-278,86,62,152,-4
542073,16,828,16540,-14,-277,85,63,152,-6
542087,10,823,16545,-13,-283,90,67,150,-1
542101,12,829,16546,-18,-280,85,66,151,-3
542115,14,829,16537,-17,-276,86,66,155,-3
542129,10,823,16536,-18,-275,85,67,154,-4
542143,11,823,16558,-18,-279,83,66,151,-3
542157,11,824,16547,-20,-273,85,67,154,-5
542171,20,829,16553,-18,-284,87,62,150,-6
542185,18,826,16555,-19,-280,86,64,147,-3
542199,17,825,16548,-15,-275,83,65,148,-4
542213,21,821,16550,-15,-282,84,61,147,-6
542227,8,820,16558,-23,-276,89,62,149,-4
542241,13,820,16557,-19,-278,85,60,149,-3
542255,20,829,16555,-16,-277,88,64,147,-1
542269,15,831,16547,-18,-278,86,68,150,-4
542283,18,821,16539,-14,-279,87,64,149,-5
542297,16,816,16548,-15,-280,88,64,150,-4
542311,18,818,16534,-12,-283,85,65,152,1
542325,23,830,16533,-17,-279,89,63,153,-3
542339,18,826,16543,-14,-287,91,65,153,-4
542353,15,818,16531,-14,-281,85,66,154,-5
542367,8,824,16541,-19,-277,87,67,152,-5
542381,13,823,16536,-15,-277,83,66,154,1
542395,16,824,16522,-20,-280,85,68,155,-3
542409,11,818,16542,-20,-282,92,67,150,-4
542423,11,821,16535,-19,-280,86,64,149,-2
542437,16,816,16537,-17,-278,89,64,148,-1
542451,17,825,16555,-15,-282,89,65,150,-4
542465,12,827,16536,-21,-280,83,65,149,-3
542479,13,829,16542,-20,-281,87,63,150,-3
542493,14,821,16538,-22,-280,82,63,150,3
542507,11,827,16528,-14,-278,84,64,149,1
542521,18,824,16546,-21,-283,91,67,148,-3
542535,19,823,16556,-15,-278,87,66,151,-3
542549,11,824,16538,-18,-277,85,65,154,-2
542563,21,828,16538,-20,-283,85,66,149,-3
542577,15,825,16536,-14,-277,81,63,147,-2
542591,10,820,16538,-21,-279,82,68,149,-2
542605,2,823,16532,-15,-284,84,64,151,-3
542619,5,822,16527,-14,-276,83,66,152,-1
542633,6,823,16533,-19,-280,85,66,152,-5
542647,6,819,16538,-19,-279,88,67,151,-3
542661,18,828,16547,-17,-279,86,67,152,1
542675,18,824,16544,-17,-281,84,65,152,2
542689,15,824,16542,-26,-279,89,63,150,-2
542703,20,821,16535,-16,-281,86,65,149,-3
542717,13,818,16547,-17,-276,86,69,152,-5
542731,2,818,16537,-17,-276,88,66,153,-5
542745,12,823,16543,-21,-284,90,63,153,-5
542759,9,830,16544,-18,-282,91,66,150,-1
542773,14,824,16542,-22,-284,88,65,150,-2
542787,22,820,16550,-22,-276,88,63,150,-2
542801,19,816,16525,-18,-273,83,65,146,-3
542815,19,824,16530,-19,-272,79,62,150,-6
542829,10,821,16549,-20,-277,86,62,148,-7
542843,12,816,16533,-18,-279,87,64,147,-3
542857,17,820,16529,-17,-281,88,66,149,-4
542871,25,828,16551,-19,-279,87,65,152,-4
542885,26,826,16535,-21,-287,90,65,155,-4
542899,17,835,16541,-23,-277,86,67,150,-5
542913,25,827,16538,-20,-277,82,66,147,-7
542927,12,831,16538,-16,-283,86,68,151,-4
542941,13,821,16544,-17,-281,91,65,154,-5
542955,14,822,16531,-20,-277,86,67,155,-5
542969,10,824,16537,-20,-274,87,64,150,-1
542983,14,817,16545,-18,-278,89,65,153,-4
542997,15,820,16539,-20,-281,86,66,147,-6
543011,12,820,16554,-14,-279,83,66,149,-6
543025,13,822,16551,-22,-284,84,69,152,-7
543039,13,832,16533,-17,-283,84,66,155,-6
543053,12,829,16534,-17,-275,84,66,154,-4
543067,27,827,16525,-17,-276,91,65,151,-2
543081,23,820,16536,-19,-279,87,66,150,-6
543095,10,821,16553,-23,-283,90,64,149,-3
543109,9,828,16533,-18,-281,89,60,150,-2
543123,7,824,16534,-16,-281,84,64,151,-2
543137,14,821,16526,-17,-278,79,69,152,-4
543151,19,826,16535,-18,-279,85,65,150,-3
543165,16,829,16546,-20,-283,87,66,150,-2
543179,18,824,16533,-25,-278,90,66,148,1
543193,15,820,16545,-23,-276,86,64,153,-2
543207,12,814,16536,-13,-284,82,66,153,-1
543221,15,816,16528,-17,-278,82,67,151,2
543235,26,826,16538,-12,-279,87,67,152,-3
543249,13,823,16537,-17,-271,86,65,150,-3
543263,7,826,16536,-16,-274,87,66,151,-6
543277,17,819,16550,-16,-280,86,66,154,-3
543291,13,819,16539,-21,-276,89,65,153,-5
543305,10,830,16542,-18,-276,84,67,149,-4
543319,8,825,16543,-16,-282,84,65,149,1
543333,10,825,16536,-19,-275,84,65,150,-1
543347,10,821,16535,-21,-279,84,67,149,-5
543361,12,816,16555,-14,-278,85,65,148,-5
543375,21,820,16546,-18,-279,82,65,153,-4
543389,14,825,16547,-19,-279,85,64,154,-5
543403,19,816,16545,-16,-275,91,65,153,-6
543417,15,822,16541,-21,-278,89,67,149,-4
543431,23,821,16550,-18,-276,85,63,148,-5
543445,7,816,16537,-11,-276,93,64,154,-4
543459,19,815,16544,-18,-276,88,65,151,-5
543473,11,820,16537,-21,-275,86,67,150,2
543487,17,830,16531,-22,-282,85,70,150,-5
543501,25,821,16540,-13,-278,89,66,151,-5
543515,13,822,16543,-19,-284,89,62,149,-3
543529,20,826,16546,-15,-273,81,64,150,-2
543543,18,828,16549,-22,-276,90,66,156,-4
543557,21,822,16537,-24,-277,86,65,150,-5
543571,14,824,16542,-21,-274,84,64,148,-4
543585,21,825,16543,-16,-281,90,65,156,-3
543599,16,829,16544,-18,-280,91,62,152,-5
543613,10,820,16548,-14,-277,87,69,149,-3
543627,4,820,16542,-21,-282,88,68,146,-3
543641,1,824,16553,-13,-280,81,66,148,-3
543655,21,820,16558,-9,-277,87,63,150,-3
543669,14,826,16552,-21,-274,86,65,151,-3
543683,15,827,16552,-12,-275,88,65,151,-2
543697,20,823,16551,-16,-275,86,63,151,-4
543711,19,816,16539,-20,-277,85,64,151,-2
543725,33,820,16548,-15,-278,84,68,150,-6
543739,19,825,16553,-15,-281,86,67,149,-5
543753,12,827,16551,-16,-284,85,68,149,-3
543767,14,828,16554,-13,-279,84,69,147,-5
543781,11,826,16546,-18,-275,85,70,150,-2
543795,21,824,16549,-18,-279,85,67,149,-4
543809,6,832,16548,-15,-275,88,69,151,1
543823,22,833,16534,-21,-280,84,66,152,-1
543837,16,831,16534,-20,-281,87,63,152,-2
543851,10,820,16552,-14,-276,84,63,149,-1
543865,13,821,16549,-18,-277,89,62,152,-1
543879,17,821,16531,-17,-277,89,65,151,1
543893,24,825,16540,-12,-278,85,65,149,-4
543907,10,822,16536,-20,-277,87,68,148,-5
543921,15,818,16538,-20,-279,83,67,154,-5
543935,15,822,16531,-17,-273,93,68,149,-3
543949,7,819,16532,-12,-280,84,66,151,-3
543963,12,825,16533,-22,-276,88,66,150,-5
543977,16,826,16527,-21,-282,87,67,149,-4
543991,17,826,16546,-18,-282,86,64,149,-6
544005,11,829,16536,-18,-277,86,64,149,-5
544019,11,820,16541,-13,-278,79,65,150,-3
544033,18,817,16550,-21,-279,87,62,150,-1
544047,19,822,16544,-13,-277,82,65,150,-2
544061,21,813,16543,-16,-276,92,65,150,-7
544075,22,823,16550,-18,-277,85,65,150,-4
544089,18,823,16540,-14,-271,89,64,150,-6
544103,19,822,16550,-21,-274,86,63,151,-4
544117,18,820,16539,-20,-274,83,65,150,-4
544131,15,824,16539,-17,-277,80,71,151,-1
544145,20,824,16549,-12,-279,81,70,150,-2
544159,23,825,16551,-19,-278,85,66,151,1
544173,11,831,16539,-22,-280,89,67,151,-4
544187,17,831,16551,-18,-282,87,66,150,-2
544201,11,828,16544,-16,-276,86,63,150,-2
544215,13,828,16545,-14,-281,89,67,154,-2
544229,8,825,16542,-21,-280,86,68,154,-2
544243,8,824,16539,-17,-278,86,63,148,-3
544257,9,824,16527,-14,-280,85,65,150,-3
544271,6,826,16535,-17,-277,87,63,149,-2
544285,13,824,16541,-15,-282,84,63,149,-2
544299,10,823,16544,-13,-278,82,64,150,-3
544313,9,821,16552,-17,-281,82,67,150,-3
544327,12,824,16544,-12,-279,86,67,148,2
544341,16,825,16548,-11,-283,89,67,147,-1
544355,17,826,16548,-18,-278,86,65,148,-3
544369,16,828,16555,-16,-282,86,66,152,-6
544383,9,827,16547,-18,-276,92,65,150,-4
544397,9,829,16543,-15,-272,84,66,153,-3
544411,16,829,16550,-19,-281,90,67,154,-6
544425,15,827,16545,-21,-282,90,69,150,-7
544439,12,826,16547,-19,-276,90,62,153,-3
544453,4,821,16547,-18,-279,86,64,150,-3
544467,7,831,16543,-23,-272,84,66,153,-1
544481,12,822,16547,-19,-276,85,66,150,-5
544495,20,830,16547,-21,-279,88,65,149,-2
544509,8,821,16543,-16,-276,89,68,150,-3
544523,25,827,16544,-20,-277,90,68,148,-5
544537,7,821,16538,-18,-279,90,66,152,-5
544551,12,825,16542,-16,-277,85,61,152,-2
544565,19,826,16549,-17,-278,86,61,149,-2
544579,15,825,16536,-21,-278,86,67,150,-3
544593,21,830,16533,-22,-278,88,67,149,-2
544607,15,819,16552,-19,-275,95,66,152,1
544621,11,821,16545,-23,-282,86,63,152,-5
544635,11,822,16547,-22,-280,88,64,153,-6
544649,12,820,16547,-21,-275,88,64,150,-4
544663,5,821,16537,-22,-280,84,66,149,-6
544677,18,822,16549,-17,-283,87,68,147,-5
544691,18,826,16532,-18,-282,91,64,150,-4
544705,16,816,16543,-18,-272,87,65,152,-3
544719,8,819,16548,-19,-278,83,65,150,-3
544733,12,815,16535,-19,-280,87,68,148,-4
544747,2,827,16557,-15,-281,86,66,149,-4
544761,9,822,16547,-15,-280,87,66,155,-2
544775,16,824,16547,-18,-280,87,65,153,-2
544789,14,821,16554,-21,-278,86,66,149,-3
544803,9,827,16546,-22,-274,89,64,150,-1
544817,13,821,16547,-17,-276,90,62,154,-6
544831,14,827,16547,-13,-275,89,61,153,-4
544845,15,818,16548,-16,-282,89,65,146,-2
544859,11,813,16546,-22,-278,87,63,149,-3
544873,9,814,16549,-20,-279,87,64,150,-5
544887,18,823,16538,-21,-281,84,64,153,-3
544901,21,826,16544,-10,-279,83,63,151,-2
544915,12,826,16546,-16,-277,85,67,149,-2
544929,13,825,16553,-18,-278,84,67,151,-1
544943,13,823,16551,-20,-285,86,66,154,-1
544957,19,825,16544,-20,-283,86,70,149,-3
544971,24,826,16553,-20,-282,88,69,150,-3
544985,14,823,16548,-22,-274,88,70,148,-3
544999,7,833,16544,-20,-279,83,65,152,-4
545013,13,825,16556,-20,-282,89,63,151,-4
545027,15,826,16559,-21,-277,87,67,152,-3
545041,15,825,16536,-18,-282,89,66,149,-4
545055,13,818,16547,-17,-283,90,67,149,-3
545069,12,821,16548,-20,-281,92,65,153,-5
545083,11,822,16544,-18,-282,88,66,151,-2
545097,19,816,16551,-15,-275,86,65,154,-4
545111,13,822,16536,-17,-277,88,66,153,-6
545125,-1,826,16548,-13,-281,87,65,152,-4
545139,-1,824,16550,-17,-275,92,69,150,-3
545153,13,832,16546,-18,-276,90,66,151,-3
545167,3,827,16555,-17,-281,88,66,149,-5
545181,20,825,16530,-26,-279,87,64,150,-4
545195,25,826,16541,-20,-281,84,65,152,-3
545209,18,823,16560,-17,-281,85,68,150,-1
545223,8,824,16552,-18,-276,91,68,151,-1
545237,11,822,16563,-20,-277,85,64,153,-2
545251,13,827,16557,-27,-282,88,65,152,-4
545265,13,818,16546,-21,-281,85,67,152,-1
545279,14,813,16554,-17,-278,87,66,150,-2
545293,0,820,16547,-20,-282,89,63,149,-6
545307,11,820,16551,-19,-277,88,64,149,2
545321,5,822,16544,-18,-281,86,66,149,-7
545335,8,821,16548,-20,-273,85,65,148,-6
545349,6,825,16565,-22,-276,86,64,151,-4
545363,15,824,16555,-16,-278,85,65,149,-4
545377,20,819,16544,-15,-275,84,63,146,-5
545391,3,820,16559,-17,-278,85,66,149,-6
545405,-1,822,16547,-13,-278,84,71,147,-3
545419,10,833,16556,-20,-275,83,66,148,-4
545433,10,831,16556,-24,-273,82,64,152,-2
545447,21,823,16549,-20,-281,87,66,150,-3
545461,18,822,16553,-15,-275,85,62,153,-3
545475,6,817,16551,-20,-281,91,67,153,-2
545489,7,816,16542,-20,-279,86,64,154,-1
545503,8,813,16553,-20,-283,87,64,154,-1
545517,17,821,16559,-14,-279,85,68,152,-4
545531,14,831,16543,-16,-284,87,70,147,-4
545545,11,833,16538,-21,-285,85,65,147,-4
545559,17,816,16547,-19,-278,83,67,147,-4
545573,15,816,16539,-19,-277,90,64,148,-5
545587,22,820,16562,-17,-278,83,65,148,-6
545601,14,826,16547,-17,-275,85,67,150,-6
545615,8,825,16538,-17,-281,81,61,149,-2
545629,16,825,16554,-13,-279,82,63,148,1
545643,16,832,16551,-14,-282,82,67,152,2
545657,16,827,16559,-21,-277,88,68,152,1
545671,4,823,16554,-17,-280,86,63,150,-4
545685,4,823,16539,-18,-275,90,64,148,-3
545699,15,822,16557,-18,-275,90,63,146,-5
545713,22,822,16551,-15,-280,93,64,149,-5
545727,27,828,16556,-19,-277,86,66,153,-6
545741,18,816,16553,-18,-276,85,66,152,-5
545755,21,834,16547,-21,-277,82,62,149,-3
545769,7,832,16555,-15,-275,88,63,148,1
545783,24,810,16553,-20,-278,86,66,146,-2
545797,19,820,16553,-20,-282,88,66,146,-4
545811,14,821,16560,-15,-284,87,66,153,-5
545825,15,824,16552,-19,-285,90,68,149,-5
545839,9,820,16555,-21,-279,89,66,153,-1
545853,25,819,16551,-17,-275,84,66,153,-1
545867,16,820,16542,-17,-280,84,65,152,-3
545881,26,817,16550,-14,-280,88,63,152,-5
545895,25,813,16549,-9,-281,86,71,150,-1
545909,21,826,16548,-12,-281,89,70,150,-2
545923,22,830,16552,-15,-286,87,65,153,-5
545937,12,826,16545,-18,-285,85,66,149,-5
545951,15,821,16538,-18,-279,89,67,149,-2
545965,19,833,16556,-18,-276,88,64,148,-3
545979,15,827,16550,-12,-281,83,65,149,-6
545993,13,818,16540,-12,-280,85,65,151,-5
546007,19,815,16547,-19,-279,84,67,149,-5
546021,-1,812,16547,-24,-280,87,68,151,-1
546035,7,808,16553,-18,-276,86,68,147,-1
546049,20,826,16555,-18,-279,86,67,148,-3
546063,17,826,16548,-20,-282,91,65,152,-1
546077,13,822,16552,-19,-279,89,62,151,-2
546091,26,820,16548,-17,-280,82,61,152,-4
546105,14,817,16549,-23,-280,83,62,148,-3
546119,10,825,16557,-17,-278,83,64,150,-4
546133,16,824,16551,-19,-277,87,65,149,-4
546147,23,819,16558,-20,-280,85,69,150,-4
546161,17,824,16544,-16,-281,84,64,151,-3
546175,18,820,16541,-21,-280,87,65,151,-2
546189,12,819,16554,-15,-280,85,63,153,-4
546203,16,817,16546,-14,-278,83,61,152,-3
546217,8,818,16550,-21,-275,85,65,153,-2
546231,13,820,16547,-21,-276,84,66,151,-7
546245,28,823,16549,-16,-280,85,64,153,-4
546259,22,822,16551,-17,-278,85,64,152,-7
546273,19,820,16548,-16,-277,87,66,149,-1
546287,13,827,16553,-18,-270,89,66,148,-2
546301,12,817,16548,-15,-276,88,62,149,-7
546315,15,817,16546,-15,-281,85,62,150,-3
546329,18,813,16559,-21,-271,86,64,150,-6
546343,12,831,16547,-24,-275,84,66,150,-5
546357,14,825,16543,-19,-278,81,68,148,1
546371,16,823,16547,-19,-276,82,67,152,-5
546385,15,819,16554,-17,-277,82,66,146,-6
546399,15,830,16550,-16,-279,84,67,149,-4
546413,10,824,16549,-16,-284,85,66,152,-3
546427,20,812,16547,-16,-279,81,67,155,-1
546441,11,827,16545,-20,-283,87,62,147,-3
546455,26,825,16560,-22,-282,85,64,149,-5
546469,15,826,16551,-18,-275,89,67,149,-4
546483,16,825,16545,-26,-277,88,67,151,-2
546497,15,832,16552,-22,-281,84,65,154,-3
546511,15,823,16551,-17,-281,86,66,150,-3
546525,15,827,16552,-17,-277,85,64,152,-6
546539,7,823,16556,-22,-281,88,66,153,-5
546553,4,823,16550,-18,-280,85,67,151,-2
546567,20,824,16550,-20,-281,85,68,153,-2
546581,16,827,16544,-19,-282,91,64,150,-4
546595,9,817,16547,-19,-282,91,65,151,-3
546609,3,822,16556,-21,-281,90,67,149,-1
546623,4,826,16550,-18,-279,89,69,149,-3
546637,5,817,16547,-16,-279,83,68,148,-3
546651,11,823,16560,-21,-279,89,64,154,-3
546665,11,822,16544,-20,-282,87,64,151,-4
546679,24,828,16552,-22,-278,86,65,149,-1
546693,19,821,16546,-14,-284,87,65,150,-2
546707,20,826,16546,-15,-283,86,68,148,-1
546721,27,823,16558,-19,-275,88,61,150,-1
546735,23,817,16542,-16,-277,82,67,149,-3
546749,16,819,16542,-19,-280,82,65,147,-4
546763,12,825,16546,-17,-278,86,65,149,-2
546777,22,829,16534,-18,-279,87,66,152,-4
546791,18,827,16553,-13,-281,90,65,150,-8
546805,20,819,16554,-18,-275,92,67,153,-6
546819,12,826,16539,-17,-278,86,66,152,-1
546833,14,822,16559,-18,-277,85,67,152,-3
546847,16,831,16559,-15,-278,86,65,151,-6
546861,5,819,16554,-19,-280,87,65,151,-5
546875,3,821,16558,-19,-283,87,66,154,-6
546889,13,824,16534,-13,-278,86,69,149,-4
546903,8,821,16537,-19,-280,79,67,150,-2
546917,12,826,16559,-21,-276,85,66,149,-2
546931,12,829,16545,-22,-286,85,67,151,-5
546945,6,825,16561,-15,-282,87,65,151,-7
546959,15,829,16555,-14,-273,86,66,152,-3
546973,26,823,16543,-18,-283,90,65,149,-1
546987,20,820,16549,-15,-277,90,65,150,-4
547001,8,812,16541,-18,-279,87,65,149,-5
547015,17,819,16546,-18,-282,90,66,151,-5
547029,14,828,16557,-15,-277,91,66,151,-3
547043,12,828,16551,-14,-280,92,68,150,-3
547057,10,815,16564,-15,-285,91,66,149,-3
547071,14,819,16552,-12,-272,86,66,149,-6
547085,9,827,16553,-16,-273,84,66,149,-4
547099,6,820,16560,-14,-278,84,64,155,-2
547113,14,823,16553,-17,-281,85,67,153,-2
547127,11,824,16552,-18,-283,85,63,147,-5
547141,9,821,16550,-19,-281,85,65,149,-2
547155,8,823,16550,-16,-281,86,66,152,-3
547169,15,818,16549,-18,-283,84,66,149,-5
547183,17,818,16543,-19,-283,87,65,151,-6
547197,13,828,16545,-23,-275,88,66,151,-3
547211,20,819,16549,-22,-280,86,64,150,1
547225,20,822,16561,-20,-283,85,66,150,-3
547239,10,822,16560,-20,-276,85,66,151,-4
547253,5,822,16559,-18,-277,87,66,152,-5
547267,14,824,16547,-19,-281,82,65,150,-5
547281,18,825,16547,-15,-277,93,66,150,-4
547295,19,824,16549,-15,-281,84,67,152,-2
547309,14,822,16542,-17,-277,83,66,151,-3
547323,18,821,16558,-18,-280,86,72,151,-5
547337,20,819,16557,-18,-281,86,63,151,-5
547351,4,825,16549,-21,-277,83,63,154,-2
547365,4,823,16548,-21,-279,84,64,149,-3
547379,14,820,16539,-16,-284,84,64,150,-1
547393,10,821,16547,-18,-278,87,68,150,-2
547407,16,824,16542,-17,-279,90,65,153,1
547421,22,821,16549,-17,-280,90,65,151,-1
547435,6,824,16550,-13,-275,85,65,150,1
547449,2,815,16544,-24,-282,84,67,152,-3
547463,19,825,16547,-18,-281,83,66,152,-8
547477,19,822,16562,-18,-278,86,62,149,-1
547491,7,828,16551,-14,-277,92,62,149,-2
547505,8,830,16550,-19,-275,86,68,152,-5
547519,10,824,16550,-14,-276,84,66,149,-2
547533,22,827,16541,-18,-278,84,67,149,-1
547547,12,828,16560,-14,-277,86,66,147,-3
547561,14,829,16557,-17,-277,83,66,142,-2
547575,12,819,16559,-20,-278,83,68,152,-2
547589,9,819,16553,-22,-273,85,65,151,3
547603,11,820,16541,-22,-276,91,65,152,-7
547617,14,816,16543,-22,-281,88,66,151,-7
547631,8,818,16542,-20,-275,88,65,150,-6
547645,19,820,16538,-24,-280,90,66,152,-4
547659,12,822,16553,-19,-279,85,67,151,-3
547673,8,816,16541,-20,-279,89,64,151,-4
547687,15,817,16546,-19,-280,87,64,150,-3
547701,5,823,16557,-16,-282,85,65,148,-2
547715,11,828,16549,-22,-275,83,64,152,-2
547729,4,826,16543,-19,-280,81,63,151,-4
547743,10,825,16544,-16,-279,83,64,153,-3
547757,13,818,16547,-20,-276,79,67,150,-4
547771,19,822,16539,-18,-280,86,68,150,-1
547785,8,823,16556,-14,-273,80,64,149,-4
547799,12,824,16536,-15,-280,86,63,150,-5
547813,15,824,16554,-14,-283,87,64,152,-2
547827,26,831,16541,-16,-277,83,64,150,-2
547841,9,822,16547,-15,-276,83,68,149,-4
547855,6,826,16552,-14,-280,87,64,149,-6
547869,19,823,16538,-25,-279,85,65,151,-6
547883,13,823,16537,-20,-277,88,66,150,-2
547897,11,822,16553,-15,-282,86,65,150,-3
547911,9,823,16541,-11,-280,86,66,151,-5
547925,10,827,16548,-20,-278,84,69,146,-6
547939,11,822,16552,-17,-277,84,68,147,-5
547953,19,819,16549,-11,-281,85,63,150,-4
547967,26,820,16558,-10,-284,89,65,145,-3
547981,19,839,16538,-15,-278,84,64,149,-2
547995,15,829,16542,-19,-277,86,69,154,-2
548009,10,821,16545,-22,-281,84,70,155,-5
548023,11,826,16537,-27,-279,87,65,149,-2
548037,17,833,16546,-21,-277,84,62,149,-3
548051,21,826,16540,-21,-280,84,60,152,-1
548065,13,828,16545,-19,-279,85,66,151,-2
548079,15,827,16551,-18,-278,86,67,150,-3
548093,8,823,16531,-20,-279,85,66,152,-1
548107,7,823,16540,-21,-273,87,66,150,-3
548121,14,819,16552,-16,-279,89,62,151,-8
548135,7,832,16547,-15,-278,84,65,150,-5
548149,7,826,16552,-17,-279,85,66,150,-4
548163,13,820,16535,-13,-280,87,64,149,-5
548177,18,822,16535,-13,-278,80,66,150,1
548191,15,819,16555,-15,-278,84,69,153,-4
548205,14,821,16547,-20,-282,85,67,155,-3
548219,15,822,16545,-20,-273,86,65,155,-3
548233,12,828,16550,-18,-282,84,66,152,-2
548247,11,821,16546,-16,-279,86,65,150,-5
548261,5,823,16555,-22,-278,90,62,149,-1
548275,18,822,16548,-17,-282,91,64,146,-2
548289,15,826,16543,-12,-278,91,67,147,-3
548303,12,828,16553,-13,-277,84,69,149,-5
548317,14,828,16564,-16,-279,82,66,153,-3
548331,11,826,16539,-13,-280,81,67,149,1
548345,6,826,16544,-19,-272,83,69,149,-3
548359,18,823,16547,-18,-284,93,70,151,-4
548373,18,818,16543,-19,-280,90,63,153,-3
548387,5,822,16544,-17,-278,86,62,155,-2
548401,3,824,16534,-19,-281,86,67,152,2
548415,11,815,16543,-16,-279,83,68,150,2
548429,12,817,16539,-15,-280,87,68,151,-1
548443,10,821,16548,-21,-281,86,64,151,-1
548457,7,822,16557,-23,-277,92,65,150,-3
548471,3,832,16533,-16,-281,87,65,153,-5
548485,18,828,16534,-17,-275,81,66,153,-9
548499,10,830,16544,-16,-277,89,71,152,-7
548513,14,822,16540,-15,-281,88,68,147,-4
548527,14,822,16547,-21,-279,85,68,149,-1
548541,1,824,16548,-13,-279,83,63,151,-6
548555,10,824,16537,-13,-278,84,61,150,-5
548569,15,821,16542,-13,-278,84,67,151,-7
548583,22,823,16544,-16,-280,81,67,152,-6
548597,7,820,16554,-17,-280,85,67,151,-1
548611,12,819,16563,-22,-280,88,65,152,-3
548625,15,823,16544,-21,-277,89,59,152,-5
548639,19,828,16540,-17,-278,90,65,152,-3
548653,14,821,16550,-16,-275,88,67,150,-5
548667,15,824,16546,-21,-280,79,68,151,-3
548681,8,825,16554,-19,-280,85,64,152,-4
548695,14,830,16554,-17,-275,90,65,152,-1
548709,10,821,16528,-20,-276,87,66,150,-1
548723,9,818,16549,-22,-280,86,65,150,-1
548737,28,824,16541,-13,-277,87,67,151,-2
548751,19,819,16544,-20,-281,88,72,148,-1
548765,15,809,16548,-19,-280,88,69,151,-4
548779,20,819,16543,-21,-278,87,65,151,-6
548793,15,816,16535,-20,-281,88,64,151,-4
548807,7,819,16544,-14,-279,85,64,153,-4
548821,17,818,16541,-19,-276,85,61,151,-3
548835,13,817,16549,-20,-281,86,64,149,-2
548849,10,819,16538,-23,-277,87,70,147,-5
548863,10,819,16545,-11,-280,86,68,149,-5
548877,17,822,16555,-15,-277,88,64,152,-3
548891,4,820,16541,-21,-275,91,66,150,-4
548905,16,827,16548,-22,-283,91,66,150,-4
548919,22,824,16558,-20,-280,84,63,152,-4
548933,17,819,16549,-13,-279,87,65,150,-2
548947,10,825,16552,-16,-279,88,67,151,1
548961,16,828,16543,-21,-279,87,64,151,-1
548975,16,816,16546,-22,-278,86,67,149,-5
548989,25,816,16558,-15,-278,90,65,153,-4
549003,22,814,16552,-15,-280,85,68,154,-5
549017,18,818,16539,-19,-278,84,65,153,-3
549031,9,826,16552,-18,-281,89,63,154,-1
549045,17,832,16539,-19,-278,85,64,153,-2
549059,20,821,16560,-21,-284,88,64,152,-6
549073,14,822,16547,-18,-279,91,68,151,-5
549087,16,824,16543,-16,-281,86,65,150,-5
549101,8,821,16546,-18,-274,88,63,152,-5
549115,12,823,16541,-19,-277,90,64,155,-2
549129,16,820,16540,-20,-278,90,62,155,-2
549143,11,829,16555,-14,-278,88,63,151,-2
549157,12,827,16546,-22,-277,84,65,148,-3
549171,22,821,16550,-14,-281,91,64,149,-5
549185,18,826,16555,-16,-280,90,64,150,-1
549199,9,830,16544,-23,-278,90,68,153,-4
549213,15,829,16551,-20,-274,86,66,153,-3
549227,15,820,16542,-18,-275,92,66,151,-4
549241,14,820,16550,-23,-274,86,64,149,-4
549255,8,826,16548,-18,-278,92,67,147,-4
549269,10,825,16549,-22,-285,91,65,149,-5
549283,8,814,16553,-16,-277,89,64,150,-8
549297,8,819,16549,-22,-280,90,64,150,-1
549311,14,825,16547,-19,-280,91,66,151,2
549325,16,826,16546,-17,-276,84,67,155,-5
549339,10,825,16552,-16,-283,90,64,153,-3
549353,15,826,16548,-18,-279,86,62,149,-4
549367,16,833,16549,-13,-277,86,65,148,-4
549381,4,826,16547,-11,-281,82,63,148,-6
549395,9,823,16554,-16,-280,85,68,153,-7
549409,11,823,16563,-15,-276,84,66,152,-7
549423,13,822,16542,-14,-275,89,66,152,-4
549437,14,824,16540,-19,-278,83,66,148,-2
549451,5,827,16543,-20,-280,87,66,150,-5
549465,14,829,16542,-13,-279,88,65,151,-1
549479,27,824,16548,-20,-276,85,63,149,-3
549493,8,824,16555,-22,-277,83,63,147,-2
549507,7,824,16549,-23,-286,88,62,148,-2
549521,18,819,16548,-18,-277,87,61,152,-3
549535,17,820,16544,-26,-278,84,66,149,-1
549549,16,822,16553,-18,-278,85,64,147,-1
549563,21,823,16559,-24,-277,90,66,146,-1
549577,4,827,16541,-15,-275,83,64,154,-5
549591,14,831,16537,-16,-279,88,68,153,-4
549605,13,826,16538,-14,-281,88,65,154,-4
549619,13,826,16548,-17,-279,87,69,149,-5
549633,5,820,16553,-18,-274,88,68,156,-3
549647,14,815,16536,-18,-277,86,64,149,-3
549661,20,825,16548,-19,-281,85,64,153,-3
549675,22,827,16556,-16,-279,88,65,153,-3
549689,19,827,16547,-22,-276,80,69,154,1
549703,21,826,16563,-17,-278,87,68,150,-1
549717,14,830,16548,-19,-279,85,66,147,-3
549731,6,828,16544,-16,-277,87,64,150,-8
549745,19,822,16555,-16,-279,83,66,152,-1
549759,15,826,16542,-19,-280,86,64,152,-3
549773,18,820,16561,-15,-277,84,67,154,-4
549787,22,818,16545,-15,-276,82,67,152,-8
549801,16,830,16557,-17,-279,83,67,154,-5
549815,20,826,16560,-17,-277,86,64,150,-5
549829,17,817,16535,-16,-278,89,67,149,-6
549843,11,820,16539,-16,-282,86,65,148,-6
549857,16,819,16556,-11,-283,86,65,147,-3
549871,25,826,16545,-13,-276,85,64,148,-4
549885,13,823,16560,-16,-282,84,66,152,-6
549899,8,820,16554,-14,-279,84,68,152,-3
549913,13,823,16542,-12,-280,80,67,148,-1
549927,11,825,16550,-15,-280,85,69,153,2
549941,13,828,16559,-17,-282,85,68,152,1
549955,11,827,16557,-18,-277,84,64,152,-1
549969,21,828,16553,-16,-279,84,67,151,-3
549983,8,823,16552,-15,-281,85,64,149,-5
549997,2,824,16542,-23,-283,83,64,155,-2
550011,15,830,16557,-25,-282,83,66,152,3
550025,13,824,16548,-20,-274,92,64,148,-5
550039,12,822,16565,-18,-275,89,65,150,-3
550053,22,825,16555,-22,-281,85,69,150,-3
550067,16,815,16551,-15,-277,88,66,149,-2
550081,17,818,16561,-21,-277,86,63,145,1
550095,11,823,16550,-21,-284,88,66,148,-2
550109,14,828,16545,-19,-279,86,65,147,-5
550123,11,821,16554,-18,-275,84,61,153,-3
550137,7,819,16555,-17,-282,85,64,150,-2
550151,21,821,16553,-14,-281,86,65,152,-6
550165,13,824,16552,-13,-287,88,68,150,-6
550179,22,827,16548,-19,-281,85,71,154,-2
550193,28,828,16549,-18,-275,87,67,150,-5
550207,21,821,16544,-22,-279,86,64,149,-8
550221,14,818,16547,-17,-276,85,67,154,-4
550235,16,826,16553,-19,-280,83,65,154,-4
550249,0,821,16545,-16,-283,85,65,150,-5
550263,6,822,16564,-16,-279,88,67,149,-3
550277,14,823,16558,-16,-279,78,67,147,1
550291,24,825,16546,-18,-279,87,70,153,-2
550305,9,820,16563,-20,-277,87,67,150,-3
550319,11,819,16548,-16,-279,85,61,153,-4
550333,12,819,16547,-15,-276,86,67,150,-5
550347,8,825,16556,-22,-283,85,67,148,-7
550361,16,831,16545,-20,-281,87,69,147,1
550376,13,824,16556,-19,-279,84,66,146,1
550390,4,821,16556,-18,-277,86,66,148,-4
550404,11,819,16550,-24,-280,84,63,148,-5
550418,16,820,16559,-18,-285,86,64,152,-3
550432,18,816,16559,-18,-278,84,63,151,-5
550446,23,826,16543,-19,-276,85,64,149,-2
550460,19,826,16548,-16,-276,88,68,152,-4
550474,9,822,16549,-17,-280,90,66,152,-1
550488,17,816,16550,-15,-277,90,63,154,-3
550502,3,827,16557,-17,-280,86,66,150,-3
550516,12,821,16548,-19,-277,89,69,152,-2
550530,14,821,16552,-16,-279,88,66,153,-4
550544,11,824,16556,-15,-275,85,65,154,-1
550558,22,827,16537,-16,-273,82,66,150,-1
550572,23,821,16548,-20,-279,94,68,151,-5
550586,13,821,16546,-15,-275,87,67,152,-3
550600,16,824,16545,-19,-277,87,63,152,-2
550614,16,816,16550,-23,-281,87,63,153,-5
550628,17,818,16551,-18,-276,85,63,156,-4
550642,6,821,16541,-20,-276,88,68,153,-2
550656,6,824,16551,-12,-274,85,67,153,-3
550670,10,824,16535,-19,-279,84,66,148,-3
550684,18,823,16550,-17,-283,91,69,148,-4
550698,17,826,16552,-17,-283,83,69,150,-6
550712,22,826,16549,-21,-281,88,67,150,-5
550726,9,817,16554,-23,-280,85,65,146,-5
550740,12,824,16544,-19,-282,85,64,152,-4
550754,18,831,16555,-22,-279,83,65,151,-5
550768,19,822,16558,-22,-280,76,67,150,1
550782,15,829,16546,-18,-279,89,67,153,-2
550796,23,824,16557,-17,-281,85,67,152,-3
550810,21,823,16559,-23,-281,82,64,149,-2
550824,5,822,16547,-19,-280,84,65,149,-1
550838,6,819,16568,-20,-277,87,69,151,-4
550852,21,827,16551,-17,-281,86,66,148,-5
550866,17,825,16548,-18,-278,87,64,152,-7
550880,2,822,16556,-15,-277,85,66,148,1
550894,14,819,16558,-18,-278,86,68,147,-5
550908,8,817,16566,-15,-273,83,66,146,-2
550922,10,818,16559,-14,-279,86,64,147,-1
550936,14,823,16549,-18,-275,88,64,148,-5
550951,18,827,16555,-17,-277,86,68,149,-4
550965,8,824,16553,-19,-280,86,60,146,-4
550979,10,827,16550,-23,-279,86,64,153,1
550993,11,822,16555,-23,-279,90,63,151,1
551007,13,816,16558,-20,-274,88,66,151,-2
551021,14,828,16560,-15,-276,88,66,152,1
551035,8,822,16565,-23,-279,84,67,153,-1
551049,12,827,16544,-18,-284,83,65,152,-5
551063,11,831,16554,-19,-278,87,66,152,-4
551077,7,826,16558,-16,-279,85,64,152,-1
551091,6,821,16547,-12,-283,91,63,150,-2
551105,14,816,16549,-20,-275,86,60,149,-1
551119,15,826,16542,-18,-276,83,69,149,-1
551133,18,830,16544,-22,-278,86,68,149,-3
551147,9,818,16553,-22,-279,87,64,154,-4
551161,15,817,16547,-17,-276,86,64,152,-4
551176,16,828,16554,-24,-275,82,66,153,-2
551190,15,827,16556,-23,-277,86,68,155,-5
551204,21,828,16551,-18,-279,87,65,152,-6
551218,16,823,16555,-20,-280,86,68,153,-2
551233,19,821,16550,-21,-278,90,64,154,-1
551247,17,826,16546,-19,-288,88,66,147,-5
551262,11,821,16557,-15,-283,85,65,148,-4
551276,20,816,16546,-23,-275,83,66,153,-5
551290,16,818,16552,-17,-283,87,65,154,-4
551304,17,817,16546,-17,-280,85,67,154,-3
551319,15,828,16551,-20,-281,87,64,152,-1
551333,17,823,16567,-19,-284,88,66,149,-2
551348,13,825,16555,-19,-278,87,63,149,-3
551362,7,826,16559,-21,-280,85,64,154,-5
551376,13,818,16552,-22,-280,87,68,148,-3
551390,17,818,16552,-20,-279,87,67,150,-3
551404,18,818,16555,-22,-279,83,68,152,-2
551418,5,830,16548,-15,-278,88,61,150,-1
551432,17,833,16547,-16,-278,81,61,150,-2
551447,17,825,16559,-19,-280,89,66,153,-2
551461,11,827,16544,-21,-277,89,66,152,-4
551476,5,827,16558,-20,-282,86,65,150,-5
551490,9,824,16553,-15,-278,84,65,150,-2
551504,19,828,16539,-18,-279,90,64,156,1
551518,12,824,16567,-12,-276,88,63,149,-3
551532,21,818,16561,-17,-279,91,66,150,-2
551546,25,827,16545,-18,-282,84,67,150,-6
551560,21,828,16560,-20,-278,86,66,149,-4
551574,19,822,16543,-19,-281,86,66,150,-1
551588,6,829,16547,-18,-279,87,67,150,-4
551602,14,821,16562,-19,-278,84,66,153,-6
551617,16,820,16548,-17,-278,88,63,150,-3
551631,19,829,16569,-17,-278,85,61,154,-4
551646,24,822,16569,-17,-276,86,65,147,-2
551660,15,821,16550,-18,-278,85,65,150,-3
551675,23,820,16556,-19,-277,84,71,152,-2
551689,11,827,16551,-20,-279,90,68,152,-1
551704,21,823,16550,-13,-275,86,69,155,-6
551718,11,822,16554,-18,-276,87,66,153,-8
551732,12,824,16544,-17,-281,82,66,152,-3
551746,16,820,16544,-13,-281,88,68,151,-5
551761,15,821,16548,-19,-282,86,66,152,-2
551775,12,829,16547,-14,-283,92,60,150,-8
551790,23,824,16558,-16,-278,85,62,151,-5
551804,21,833,16548,-20,-282,87,68,149,-4
551818,15,826,16557,-16,-276,89,66,150,-3
551832,26,815,16554,-20,-282,86,64,153,-6
551846,14,824,16549,-20,-279,90,68,147,1
551860,14,832,16565,-17,-277,85,65,149,3
551874,24,829,16563,-17,-275,89,67,154,-1
551888,4,829,16548,-18,-277,90,68,153,1
551902,11,822,16558,-9,-282,83,66,150,-2
551916,15,822,16543,-15,-279,86,63,148,-4
551930,26,818,16549,-17,-276,90,64,149,-4
551944,22,827,16542,-19,-277,86,68,150,-2
551958,21,823,16539,-20,-276,86,65,153,-1
551972,23,819,16571,-15,-278,86,63,153,-2
551986,24,825,16551,-22,-278,86,63,147,-2
552000,14,824,16547,-20,-275,89,64,150,-4
552014,9,823,16551,-19,-280,87,64,148,-3
552028,13,829,16543,-21,-278,90,66,149,-6
552042,13,831,16552,-20,-274,85,65,150,-4
552056,23,834,16549,-12,-277,84,66,149,-3
552070,21,825,16550,-17,-278,87,69,147,-3
552084,14,827,16546,-19,-278,86,66,152,-6
552098,8,820,16548,-19,-277,88,67,154,-4
552112,13,824,16554,-22,-287,87,68,153,-4
552126,14,828,16561,-19,-277,85,65,152,-4
552140,7,825,16550,-17,-282,90,65,149,-3
552154,15,828,16560,-20,-270,86,64,148,-5
552168,5,815,16554,-23,-279,85,66,147,-6
552182,14,822,16549,-17,-275,84,65,153,-4
552196,19,827,16559,-16,-280,86,66,152,-6
552210,15,827,16555,-21,-278,87,66,153,-6
552224,15,835,16548,-19,-275,86,66,148,-4
552238,22,821,16564,-17,-275,88,68,149,-3
552252,9,822,16564,-18,-273,88,68,147,-3
552266,15,830,16554,-20,-276,84,65,147,1
552280,11,819,16556,-17,-280,87,62,151,-1
552294,13,823,16550,-20,-281,88,63,151,-2
552308,12,824,16556,-17,-279,83,65,151,-5
552322,4,823,16552,-18,-281,81,67,149,-4
552336,14,820,16543,-19,-278,82,66,153,-4
552350,16,821,16565,-15,-280,87,64,149,-2
552364,15,825,16558,-16,-283,88,67,150,-3
552378,26,818,16544,-23,-280,89,69,150,-5
552392,25,829,16547,-18,-273,88,63,149,-3
552406,2,824,16546,-21,-278,83,63,152,-4
552420,13,827,16548,-20,-279,85,62,150,-2
552434,14,832,16553,-22,-278,86,66,147,-4
552448,9,829,16546,-22,-281,90,64,148,-5
552462,11,823,16555,-18,-277,93,63,156,-5
552476,12,818,16562,-20,-279,88,65,153,-5
552491,10,831,16541,-20,-276,88,63,149,-4
552505,18,827,16547,-17,-278,88,64,148,-3
552520,16,828,16550,-14,-280,89,64,148,-7
552534,19,823,16548,-19,-279,82,64,146,-6
552549,8,832,16557,-21,-282,80,62,147,-6
552563,5,825,16553,-19,-279,85,65,150,-4
552577,2,821,16551,-19,-274,81,65,152,-3
552591,6,823,16558,-17,-274,85,63,152,1
552605,12,822,16549,-18,-273,85,65,150,1
552620,18,819,16563,-21,-274,89,69,152,-4
552634,22,829,16550,-21,-277,85,67,150,-6
552649,20,831,16572,-12,-284,84,64,152,-5
552663,15,817,16556,-19,-285,86,64,149,-3
552678,13,830,16549,-19,-280,87,63,150,-4
552692,6,825,16555,-19,-277,89,65,154,-2
552706,2,822,16553,-21,-281,83,66,152,-2
552720,9,826,16548,-17,-280,86,65,150,-3
552734,10,827,16549,-17,-281,82,64,150,-7
552749,20,821,16546,-17,-282,86,61,148,-2
552764,23,829,16550,-18,-280,84,62,149,-3
552779,16,824,16555,-22,-279,87,68,153,-3
552794,24,824,16544,-22,-283,83,66,152,-1
552809,13,819,16555,-19,-285,86,67,152,1
552824,12,825,16545,-20,-277,86,66,153,-2
552838,6,819,16566,-16,-275,85,64,152,-4
552852,11,822,16574,-18,-281,88,64,149,-4
552867,9,822,16542,-17,-282,86,64,154,-3
552881,7,825,16565,-20,-283,84,65,146,-2
552895,14,826,16555,-16,-278,89,65,149,-3
552910,20,823,16562,-15,-275,87,66,150,-1
552925,3,828,16567,-17,-283,91,63,149,-2
552939,7,825,16548,-14,-276,89,70,152,-3
552953,12,828,16558,-19,-276,86,66,153,-1
552968,14,827,16561,-19,-283,86,66,149,-2
552983,9,821,16534,-22,-273,90,67,150,-2
552997,5,825,16548,-18,-280,86,65,154,-4
553011,22,825,16544,-21,-283,86,69,148,-2
553026,25,824,16542,-19,-279,89,68,147,-2
553040,16,824,16563,-23,-278,89,66,148,-2
553055,12,830,16548,-13,-280,86,63,148,-2
553070,16,829,16543,-17,-285,90,65,149,-4
553085,5,821,16554,-18,-279,89,64,149,-6
553099,8,825,16556,-25,-276,88,66,152,-3
553113,5,822,16549,-18,-285,88,67,150,-3
553127,11,820,16553,-21,-279,87,64,150,-3
553141,23,813,16556,-22,-280,87,64,152,-4
553156,9,817,16560,-17,-280,90,64,154,-1
553170,21,822,16562,-13,-279,87,65,152,-6
553185,8,822,16547,-16,-277,92,65,149,-3
553199,19,822,16553,-18,-280,91,66,152,-1
553213,14,814,16555,-11,-277,85,67,147,1
553227,6,819,16554,-15,-276,88,66,146,-4
553241,10,823,16552,-20,-279,87,65,148,-5
553255,14,822,16558,-20,-279,91,65,150,-4
553270,19,824,16561,-18,-278,86,67,153,-2
553284,12,815,16550,-19,-282,87,66,153,-1
553299,4,814,16549,-21,-273,87,66,147,-2
553313,20,819,16549,-15,-277,85,63,148,2
553327,24,823,16543,-16,-279,83,69,147,-4
553342,18,819,16556,-19,-279,84,67,146,-2
553356,23,823,16556,-18,-282,85,65,152,-4
553371,15,823,16554,-14,-274,83,66,149,-3
553385,12,830,16556,-19,-280,87,66,150,-3
553400,18,828,16539,-20,-282,86,66,149,-5
553414,7,829,16566,-17,-280,88,66,150,-1
553428,20,825,16555,-16,-281,81,64,153,1
553442,30,819,16551,-19,-280,85,65,149,-2
553456,20,823,16567,-20,-276,83,67,152,-5
553471,13,815,16538,-20,-277,87,63,149,-4
553485,17,818,16545,-16,-277,85,67,150,-1
553500,9,823,16546,-21,-275,86,67,154,-4
553514,13,825,16543,-13,-280,88,67,150,-4
553529,10,824,16557,-15,-277,82,66,149,-4
553544,16,820,16561,-11,-283,92,65,149,-8
553559,13,830,16543,-13,-280,84,63,150,-1
553573,21,828,16554,-17,-276,86,65,154,-1
553588,14,826,16550,-18,-284,84,66,150,1
553602,14,825,16568,-18,-277,83,67,153,-3
553616,13,826,16558,-19,-281,84,66,152,-2
553630,7,822,16524,-20,-283,83,65,149,-2
553644,11,817,16535,-21,-281,90,64,147,-3
553658,5,821,16557,-18,-282,90,70,158,-3
553672,10,821,16534,-17,-279,88,64,153,-5
553686,3,826,16541,-18,-277,92,68,147,-2
553700,9,818,16554,-20,-284,92,70,149,-3
553714,12,825,16548,-25,-281,87,70,153,-2
553728,13,827,16555,-18,-279,85,65,153,1
553742,20,823,16556,-10,-280,92,69,154,-2
553756,18,832,16549,-17,-273,88,64,150,-2
553770,7,833,16558,-17,-280,85,62,148,-3
553784,16,824,16560,-20,-271,87,64,150,-2
553798,10,828,16558,-17,-277,86,63,148,-3
553812,0,814,16556,-18,-281,88,64,148,-4
553826,18,814,16564,-15,-281,90,64,153,-5
553840,23,821,16559,-22,-277,89,62,150,-5
553854,19,824,16543,-19,-275,88,67,148,-5
553868,19,821,16556,-19,-280,86,65,150,-5
553882,26,825,16550,-20,-275,90,66,152,-4
553896,18,816,16537,-19,-275,92,64,149,-4
553910,10,823,16552,-19,-280,93,65,148,-3
553924,12,820,16549,-12,-278,93,67,149,-4
553938,14,823,16545,-19,-279,93,66,149,-9
553952,18,821,16569,-18,-280,84,66,150,-7
553966,11,813,16555,-22,-284,83,64,146,-2
553980,19,826,16558,-19,-280,91,68,149,-2
553994,19,823,16561,-20,-275,87,63,149,-3
554008,13,815,16551,-21,-281,86,62,148,-5
554022,19,820,16560,-22,-277,91,62,147,-1
554036,15,821,16550,-19,-279,89,68,149,-4
554050,6,831,16556,-15,-279,88,64,150,-5
554064,11,828,16535,-23,-276,80,65,146,-8
554078,16,824,16530,-16,-284,88,66,147,-7
554092,24,820,16555,-18,-281,84,64,150,1
554106,16,819,16548,-18,-280,83,66,150,1
554120,17,820,16544,-16,-275,84,68,149,-2
554134,3,820,16554,-21,-277,90,65,152,-3
554148,6,825,16553,-18,-278,84,67,151,-5
554162,21,835,16550,-16,-280,82,67,149,-3
554176,12,831,16549,-17,-282,85,68,148,-5
554190,8,834,16548,-18,-275,82,65,149,-3
554204,3,829,16549,-16,-278,82,66,152,-5
554218,18,824,16558,-12,-283,84,62,150,-6
554232,22,828,16546,-20,-279,85,66,148,-3
554246,12,819,16547,-23,-284,85,64,149,-5
554260,15,820,16551,-13,-275,82,62,151,-4
554274,20,823,16552,-17,-278,84,64,150,-3
554288,15,816,16545,-15,-282,89,64,152,-2
554302,9,824,16542,-18,-276,87,66,155,-3
554316,5,820,16553,-16,-275,90,63,152,-6
554330,13,817,16548,-20,-280,87,63,150,-5
554344,9,825,16550,-18,-278,86,65,149,-6
554358,21,830,16562,-13,-278,86,65,149,-4
554372,11,833,16557,-18,-280,84,64,153,-5
554386,14,822,16553,-19,-278,84,66,153,-7
554400,13,816,16548,-18,-284,87,66,150,-6
554414,19,834,16545,-18,-277,81,62,149,-4
554428,15,830,16550,-15,-283,85,66,150,-8
554442,12,824,16556,-18,-276,89,68,150,-7
554456,10,819,16539,-13,-279,88,64,149,-3
554470,6,828,16557,-18,-277,86,66,151,-5
554484,8,823,16558,-12,-279,84,65,153,-4
554498,16,827,16553,-16,-281,84,64,153,-5
554512,11,820,16555,-18,-277,86,65,148,-3
554526,12,822,16547,-10,-278,82,66,150,-2
554540,4,823,16542,-18,-280,84,65,152,-1
554554,6,822,16549,-19,-279,85,64,153,2
554568,6,817,16548,-24,-282,88,64,152,-1
554582,13,819,16548,-23,-281,80,65,148,-2
554596,19,827,16548,-19,-278,86,62,150,1
554610,7,823,16547,-17,-283,86,65,151,-4
554624,13,828,16563,-14,-277,87,64,152,-2
554638,5,823,16558,-14,-281,91,64,152,-2
554652,19,815,16551,-21,-276,85,62,151,-4
554666,12,816,16556,-20,-280,86,61,151,-6
554680,9,820,16554,-16,-279,84,65,150,-2
554694,17,821,16553,-19,-278,83,64,148,-3
554708,11,825,16557,-19,-280,84,62,152,-4
554722,18,821,16543,-19,-282,86,66,152,-5
554736,6,825,16542,-19,-280,88,64,151,-2
554750,12,825,16545,-19,-276,90,63,150,-3
554764,12,827,16550,-20,-280,86,64,149,-2
554778,8,824,16571,-18,-276,79,66,150,-2
554792,14,837,16548,-15,-277,85,65,153,-4
554806,11,839,16551,-18,-277,84,65,150,-4
554820,18,824,16570,-16,-282,87,68,150,-7
554834,10,828,16540,-17,-279,89,68,148,-4
554848,8,814,16554,-21,-283,82,64,148,-5
554862,9,812,16568,-22,-276,85,67,150,-3
554876,20,831,16537,-23,-283,90,67,150,-1
554890,17,824,16563,-14,-277,88,63,152,-3
554904,18,824,16549,-14,-275,92,63,152,-1
554918,18,820,16535,-18,-281,91,64,147,-7
554932,18,819,16576,-15,-278,86,66,152,-4
554946,15,822,16561,-22,-277,85,62,150,-5
554960,19,822,16545,-20,-278,89,68,151,-4
554974,16,829,16559,-19,-277,89,69,151,-3
554988,11,829,16567,-19,-278,83,69,155,-4
555002,17,829,16533,-19,-277,86,66,153,-4
555016,9,820,16557,-13,-281,90,64,151,-3
555030,9,822,16548,-15,-280,84,64,151,-3
555044,13,821,16546,-19,-280,87,64,153,-5
555058,16,821,16546,-15,-276,92,66,152,-3
555072,14,822,16538,-16,-274,88,64,153,-3
555086,13,825,16555,-14,-278,89,64,151,-7
555100,14,823,16552,-16,-282,87,64,150,-3
555114,10,823,16550,-19,-279,85,62,152,-2
555128,17,820,16541,-19,-275,86,68,149,-5
555142,6,820,16549,-20,-279,87,68,149,-5
555156,9,816,16542,-20,-280,89,69,153,1
555170,24,823,16551,-18,-278,90,63,152,-3
555184,22,823,16546,-20,-280,89,66,152,-3
555198,19,825,16549,-17,-282,87,63,151,-2
555212,26,818,16550,-21,-281,86,64,155,-2
555226,10,823,16555,-18,-280,87,66,152,-6
555240,10,822,16565,-18,-280,85,61,149,-4
555254,0,818,16542,-25,-278,86,61,150,-6
555268,3,824,16554,-19,-280,84,65,150,-2
555282,11,820,16562,-13,-279,83,64,151,-4
555296,17,828,16557,-18,-279,88,67,152,-6
555310,12,821,16557,-19,-281,81,68,149,-5
555324,13,818,16554,-18,-276,85,69,150,-5
555338,15,825,16538,-17,-278,86,66,149,-3
555352,9,820,16550,-16,-281,89,64,151,-3
555366,5,821,16542,-15,-278,88,64,149,-2
555380,9,823,16545,-17,-281,89,63,152,-4
555394,7,820,16553,-21,-281,86,63,152,-3
555408,12,830,16532,-17,-279,86,65,151,-5
555422,12,822,16569,-15,-279,86,66,151,-4
555436,17,823,16579,-20,-276,87,67,151,-6
555450,11,822,16546,-19,-281,86,64,153,-3
555464,18,816,16551,-18,-278,86,65,154,-1
555478,23,814,16567,-22,-277,90,66,152,-2
555492,8,834,16550,-19,-282,85,66,152,-2
555506,11,840,16557,-17,-277,88,66,154,-4
555520,3,816,16541,-16,-274,84,67,151,-5
555534,4,818,16531,-16,-277,88,67,151,-5
555548,2,818,16558,-18,-281,91,64,149,-1
555562,6,812,16552,-21,-277,85,63,148,-3
555576,7,821,16545,-23,-282,83,66,146,-2
555590,12,815,16548,-20,-278,85,67,154,-3
555604,23,833,16544,-19,-275,82,66,154,-3
555618,17,833,16548,-18,-278,83,67,153,-2
555632,16,836,16536,-14,-278,86,67,152,-5
555646,12,828,16532,-17,-276,83,68,150,-5
555660,7,816,16543,-14,-282,85,68,150,-4
555674,11,823,16540,-19,-279,87,67,148,-2
555688,1,821,16540,-15,-280,86,68,150,-5
555702,0,822,16545,-16,-281,83,70,147,-6
555716,14,819,16545,-19,-281,86,70,151,-5
555730,14,817,16561,-15,-279,86,68,150,-3
555744,18,827,16545,-17,-279,87,66,153,-7
555758,15,834,16541,-15,-280,82,68,148,-6
555772,12,819,16534,-18,-278,84,67,150,-4
555786,26,819,16538,-12,-280,87,64,150,-3
555800,18,824,16535,-15,-278,86,62,148,1
555814,6,829,16539,-17,-273,82,63,148,-2
555828,14,831,16541,-16,-286,91,65,149,-2
555842,6,820,16554,-18,-277,87,66,150,-2
555856,6,815,16540,-18,-278,86,70,154,-4
555870,15,817,16533,-20,-276,85,67,153,-5
555884,16,819,16541,-21,-277,88,64,149,-4
555898,7,829,16548,-19,-282,86,63,147,-3
555912,5,825,16540,-15,-284,90,65,148,-5
555926,14,825,16538,-15,-276,87,64,148,-4
555940,18,828,16542,-19,-277,82,62,148,-1
555954,19,820,16543,-24,-277,85,68,152,-5
555968,11,825,16557,-21,-274,83,64,150,-2
555982,14,819,16525,-17,-280,86,65,149,-3
555996,10,816,16528,-24,-277,86,65,148,-5
556010,15,823,16563,-16,-279,85,62,152,-4
556024,12,823,16545,-13,-278,88,66,150,-5
556038,4,823,16539,-18,-277,90,66,150,-4
556052,2,821,16534,-21,-281,86,65,152,-3
556066,11,821,16547,-23,-283,85,64,150,-6
556080,14,819,16544,-22,-282,87,66,147,-5
556094,11,823,16518,-13,-279,85,65,148,-3
556108,14,822,16529,-14,-275,86,63,147,-2
556122,9,822,16549,-20,-277,88,64,148,-3
556136,13,826,16549,-16,-282,83,63,154,-2
556150,17,820,16548,-18,-278,88,64,155,-4
556164,14,821,16548,-25,-278,82,65,150,2
556178,11,814,16545,-21,-277,87,67,149,-2
556192,5,823,16550,-16,-275,87,67,152,-3
556206,7,833,16523,-17,-277,87,63,146,-2
556220,4,834,16537,-12,-277,85,63,149,-2
556234,10,830,16555,-14,-278,90,64,149,-4
556248,12,827,16542,-18,-274,87,63,148,-4
556262,18,822,16554,-20,-281,86,67,150,-4
556276,20,819,16541,-19,-278,89,66,153,-8
556290,22,816,16550,-20,-276,85,66,153,-7
556304,10,817,16557,-25,-280,88,65,152,1
556318,17,822,16555,-14,-280,83,63,154,-1
556332,11,826,16539,-18,-282,86,63,156,-4
556346,3,828,16553,-14,-279,82,63,154,-8
556360,0,826,16544,-20,-275,83,62,153,-7
556374,7,822,16537,-21,-281,86,64,152,-3
556388,12,820,16559,-20,-275,82,66,155,-3
556402,13,820,16556,-21,-280,87,64,150,-2
556416,25,821,16547,-16,-281,88,64,147,-2
556430,18,825,16546,-19,-274,86,61,150,-3
556444,20,827,16537,-21,-277,83,64,150,-6
556458,15,828,16553,-18,-283,88,63,153,-4
556472,1,833,16544,-22,-276,82,67,152,-3
556486,6,826,16543,-20,-279,85,67,150,-1
556500,8,821,16547,-22,-281,89,65,150,-2
556514,5,821,16544,-18,-274,89,63,152,-4
556528,12,829,16550,-21,-280,85,64,150,-2
556542,10,820,16548,-24,-281,82,66,150,-2
556556,23,825,16531,-21,-276,85,65,152,-2
556570,13,822,16558,-23,-279,89,67,149,-3
556584,7,819,16535,-17,-279,85,67,149,-6
556598,6,821,16526,-19,-278,88,68,149,-7
556612,8,820,16558,-17,-281,89,66,146,-4
556626,6,825,16558,-20,-279,86,68,145,-2
556640,1,817,16538,-12,-281,89,68,148,-3
556654,11,821,16531,-16,-280,90,68,152,-1
556668,16,816,16549,-19,-282,86,65,154,2
556682,13,822,16569,-17,-277,89,67,153,-1
556696,14,821,16534,-16,-280,90,66,150,-4
556710,5,817,16529,-23,-279,88,67,149,-3
556724,12,809,16555,-23,-275,91,65,153,-4
556738,5,824,16554,-17,-280,88,67,152,-3
556752,-13,826,16543,-20,-275,84,61,148,-2
556766,12,828,16528,-11,-277,87,65,148,-1
556780,15,821,16524,-14,-281,89,66,150,1
556794,17,815,16562,-19,-278,92,68,149,-1
556808,14,819,16558,-16,-280,88,65,152,-2
556822,23,815,16525,-23,-274,84,62,150,-5
556836,17,820,16537,-17,-278,86,66,149,-6
556850,2,827,16547,-20,-281,91,62,148,-4
556864,2,830,16548,-18,-273,86,64,150,-5
556878,17,815,16539,-19,-279,82,67,153,-5
556892,11,824,16534,-23,-281,83,68,149,-4
556906,7,820,16547,-20,-280,87,66,152,-4
556920,6,820,16550,-13,-279,86,64,152,-3
556934,24,820,16532,-17,-283,89,67,155,-3
556948,23,818,16542,-12,-277,88,67,153,-2
556962,13,818,16551,-16,-279,85,69,155,-2
556976,11,820,16537,-18,-278,82,68,152,-1
556990,13,831,16543,-19,-276,85,66,153,-2
557004,15,831,16542,-15,-278,87,67,153,-1
557018,5,824,16542,-18,-283,87,68,154,-4
557032,5,824,16549,-15,-279,86,64,154,-3
557046,11,824,16531,-21,-280,89,64,153,-6
557060,16,814,16534,-26,-277,90,68,152,-4
557074,13,828,16549,-17,-279,89,66,153,-2
557088,24,826,16547,-24,-280,90,64,149,-3
557102,22,822,16540,-23,-284,90,64,147,-3
557116,13,827,16534,-23,-280,88,61,148,-6
557130,12,821,16544,-18,-280,89,67,150,-5
557144,10,819,16559,-24,-276,88,69,152,-7
557158,-2,822,16528,-18,-283,83,67,153,-4
557172,3,834,16515,-20,-280,87,63,150,-3
557186,4,823,16566,-21,-281,85,62,148,-2
557200,7,830,16571,-19,-277,88,65,151,-6
557214,12,825,16551,-16,-274,86,67,154,-7
557228,15,814,16509,-15,-275,87,65,145,-4
557242,20,819,16520,-20,-278,82,64,144,-5
557256,10,829,16572,-15,-279,86,64,147,-5
557270,9,831,16560,-13,-276,84,66,151,-4
557284,3,821,16522,-16,-280,83,66,151,-7
557298,-1,819,16528,-17,-282,85,69,150,1
557312,9,820,16550,-17,-285,89,67,149,3
557326,10,822,16558,-22,-277,89,65,150,2
557340,18,822,16536,-16,-277,90,67,154,-3
557354,16,823,16524,-19,-278,89,62,149,-3
557368,28,825,16577,-17,-277,88,67,152,-6
557382,32,825,16568,-13,-276,83,67,153,-8
557396,17,824,16532,-19,-274,85,67,156,-5
557410,7,818,16546,-16,-279,85,67,149,-1
557424,-2,828,16546,-24,-277,83,67,146,-2
557438,3,822,16553,-18,-282,82,64,151,-3
557452,14,818,16547,-14,-279,88,63,149,1
557466,12,825,16536,-18,-279,86,60,149,-6
557480,25,814,16557,-19,-283,89,65,152,-4
557494,20,823,16555,-13,-273,87,63,150,-1
557508,19,816,16528,-15,-280,89,67,148,-2
557522,18,813,16534,-14,-278,91,65,152,-2
557536,5,822,16553,-20,-278,85,66,150,-6
557550,3,827,16560,-15,-274,90,68,150,-3
557564,12,823,16535,-18,-280,90,69,149,-2
557578,19,825,16534,-21,-286,85,62,154,-3
557592,12,819,16557,-17,-278,84,65,150,-3
557606,13,822,16557,-21,-279,86,64,152,-3
557620,12,819,16537,-13,-278,86,64,152,-1
557634,20,812,16539,-17,-280,84,64,154,-1
557648,21,809,16540,-17,-282,88,63,156,-3
557662,7,830,16552,-15,-279,85,63,154,-1
557676,9,825,16557,-22,-285,88,63,148,-3
557690,15,820,16541,-17,-278,80,62,148,1
557704,7,823,16544,-19,-277,89,67,148,-1
557718,14,828,16548,-19,-278,88,66,152,-5
557732,17,820,16572,-20,-276,89,66,153,-8
557746,23,811,16529,-18,-279,85,65,149,-5
557760,21,813,16537,-22,-281,87,64,150,-6
557774,14,802,16570,-16,-277,89,66,151,-3
557788,12,811,16533,-22,-278,86,63,154,-6
557802,6,823,16548,-24,-275,90,64,155,-7
557816,18,830,16557,-19,-277,84,66,152,-3
557830,0,833,16558,-25,-279,90,61,152,-3
557844,-2,825,16568,-20,-278,84,62,148,-3
557858,-2,815,16516,-14,-276,87,68,154,-3
557872,8,813,16543,-21,-280,88,68,152,-2
557886,20,820,16578,-22,-279,86,66,148,1
557900,26,829,16551,-16,-274,86,66,148,-1
557914,30,813,16544,-17,-279,92,64,150,-4
557928,25,816,16541,-15,-271,85,71,147,1
557942,15,824,16569,-25,-280,87,68,147,-2
557956,2,830,16571,-20,-275,84,66,152,-3
557970,-11,832,16520,-22,-277,88,66,153,-3
557984,-15,828,16542,-20,-279,83,66,150,-2
557998,1,838,16559,-22,-281,88,68,152,-3
558012,11,836,16553,-17,-276,86,67,154,-4
558026,16,827,16542,-20,-277,88,66,147,-2
558040,20,824,16545,-21,-277,82,67,148,-2
558054,16,815,16568,-18,-278,89,63,154,-6
558068,20,819,16562,-13,-274,86,62,152,-5
558082,18,813,16549,-16,-279,86,67,149,-6
558096,14,820,16558,-18,-275,87,63,152,-3
558110,9,820,16552,-25,-283,90,65,152,-5
558124,-2,832,16551,-20,-277,88,65,148,-7
558138,-1,830,16548,-13,-278,91,66,147,-7
558152,14,819,16531,-20,-282,90,65,150,-6
558166,12,815,16551,-21,-281,83,64,152,2
558180,23,818,16561,-17,-280,85,63,153,-4
558194,17,815,16547,-15,-276,89,65,148,-2
558208,7,833,16559,-20,-276,90,66,152,-5
558222,11,843,16552,-21,-281,82,68,154,-7
558236,19,832,16561,-14,-280,90,63,149,2
558250,6,833,16552,-20,-283,85,64,149,1
558264,3,824,16540,-14,-281,88,64,149,-3
558278,4,825,16544,-18,-278,86,64,150,-1
558292,13,821,16553,-11,-280,85,67,152,-2
558306,19,824,16543,-18,-281,90,66,153,-4
558320,26,827,16551,-25,-277,85,67,150,-7
558334,30,821,16566,-18,-280,87,65,148,-2
558348,12,829,16537,-16,-280,85,65,148,-4
558362,2,815,16537,-18,-276,89,66,152,-5
558376,2,820,16560,-18,-279,87,64,149,-4
558390,11,815,16540,-20,-278,83,68,149,-6
558404,5,824,16547,-19,-281,89,69,148,-6
558418,11,823,16537,-17,-278,86,66,146,-2
558432,17,839,16567,-20,-283,83,64,148,-5
558446,21,838,16574,-15,-282,86,67,150,-4
558460,16,813,16528,-19,-277,88,64,154,-5
558474,13,813,16531,-23,-281,89,64,151,-7
558488,7,819,16547,-18,-283,82,63,147,-8
558502,4,824,16562,-16,-282,87,67,148,-4
558516,12,830,16538,-15,-282,86,67,149,-4
558530,12,836,16536,-13,-278,86,69,153,-1
558544,17,839,16546,-18,-278,89,67,150,-2
558558,19,825,16558,-18,-276,84,67,148,-4
558572,7,818,16560,-17,-281,83,63,154,-6
558586,16,817,16545,-13,-280,87,65,154,-4
558600,3,813,16552,-20,-278,85,66,150,-6
558614,5,831,16563,-18,-283,86,67,153,-2
558628,14,832,16560,-21,-280,91,65,149,-1
558642,7,823,16535,-22,-282,86,64,149,-6
558656,6,826,16552,-19,-278,85,66,152,-3
558670,4,821,16563,-13,-279,87,69,148,-3
558684,4,820,16549,-12,-279,82,63,152,-7
558698,21,809,16552,-13,-281,89,64,152,-4
558712,23,814,16549,-22,-278,87,67,147,-5
558726,18,825,16563,-17,-273,87,66,147,-8
558740,29,823,16558,-19,-279,92,66,149,2
558754,14,835,16542,-15,-279,85,62,148,2
558768,6,829,16548,-20,-276,91,62,150,-3
558782,5,832,16550,-16,-283,84,64,154,-6
558796,0,821,16541,-12,-283,84,64,152,-3
558810,8,818,16543,-15,-278,87,63,150,-4
558824,15,818,16549,-16,-277,85,64,153,-4
558838,17,829,16546,-18,-277,82,63,153,-4
558852,24,829,16544,-20,-277,87,65,154,-1
558866,18,827,16532,-16,-280,90,64,150,-2
558880,16,825,16536,-14,-280,88,67,152,-5
558894,7,807,16563,-27,-281,89,66,150,-6
558908,6,808,16548,-21,-277,85,69,148,-3
558922,6,818,16550,-19,-280,86,62,152,-3
558936,7,828,16585,-20,-282,83,64,148,-4
558950,7,829,16532,-22,-283,87,67,152,-3
558964,13,817,16527,-19,-279,88,66,153,-2
558978,14,820,16547,-19,-278,81,65,155,-2
558992,17,816,16535,-13,-280,87,64,148,-1
559006,26,815,16544,-19,-271,86,62,150,-2
559020,20,821,16551,-22,-281,87,63,148,-6
559034,19,829,16517,-17,-277,91,65,152,-5
559048,8,827,16590,-19,-283,89,66,152,-6
559062,10,833,16568,-17,-278,88,67,148,-3
559076,11,824,16545,-21,-277,87,67,144,1
559090,5,820,16552,-16,-275,86,65,149,-3
559104,5,809,16545,-18,-277,89,66,147,1
559118,7,817,16549,-17,-281,87,65,148,-3
559132,22,814,16547,-16,-277,85,67,148,-9
559146,24,817,16531,-18,-275,85,66,148,-6
559160,12,821,16578,-20,-274,86,67,153,-7
559174,14,821,16570,-20,-281,93,69,150,-4
559188,1,820,16544,-18,-283,88,70,149,-1
559202,9,820,16550,-18,-281,84,66,149,-3
559216,3,824,16563,-22,-282,86,65,148,-4
559230,5,827,16560,-17,-277,83,66,150,-4
559244,18,817,16564,-18,-274,87,65,150,-4
559258,19,822,16553,-17,-281,84,66,149,-3
559272,13,822,16566,-20,-277,87,61,154,-3
559286,11,826,16566,-18,-279,86,64,150,-1
559300,5,812,16561,-21,-282,84,62,150,-2
559314,9,815,16557,-14,-277,84,64,153,-3
559328,12,822,16550,-18,-275,90,65,152,-4
559342,12,825,16552,-19,-277,84,63,153,-1
559356,6,826,16548,-16,-281,89,63,153,-2
559370,20,820,16538,-15,-280,86,65,154,-4
559384,19,823,16551,-18,-278,85,64,153,-2
559398,10,821,16556,-19,-275,80,65,152,-6
559412,5,818,16547,-20,-282,91,67,149,-4
559426,13,815,16553,-19,-277,87,68,149,-3
559440,19,818,16552,-12,-275,84,65,148,-2
559454,21,836,16561,-17,-281,85,67,148,-3
559468,11,828,16570,-17,-276,90,67,153,-4
559482,6,822,16539,-20,-277,90,67,153,-6
559496,11,827,16539,-14,-280,91,69,153,-7
559510,19,817,16556,-17,-280,86,64,147,-4
559524,12,821,16547,-19,-283,87,66,147,-4
559538,25,816,16553,-19,-279,93,69,148,-6
559552,16,815,16543,-22,-277,89,69,152,-2
559566,17,825,16566,-20,-281,88,69,154,-4
559580,16,834,16574,-19,-276,89,66,147,-6
559594,11,821,16531,-18,-280,88,66,149,-4
559608,5,814,16550,-19,-278,92,63,152,-2
559622,-2,818,16570,-17,-280,90,63,148,-6
559636,5,814,16541,-24,-283,91,63,147,-5
559650,12,832,16556,-18,-284,87,66,148,-7
559664,10,838,16550,-17,-280,91,68,146,-3
559678,16,837,16556,-22,-277,89,67,148,-4
559692,13,833,16571,-19,-277,84,66,150,-7
559706,13,816,16514,-19,-277,87,68,154,-7
559720,7,825,16540,-24,-283,89,63,148,-8
559734,11,811,16564,-18,-281,84,64,151,-4
559748,16,816,16537,-19,-280,89,66,148,-1
559762,14,827,16552,-21,-280,88,68,150,-3
559776,7,825,16567,-16,-281,86,64,151,-5
559790,15,828,16560,-19,-276,89,63,149,-4
559804,18,824,16562,-14,-278,91,64,149,-2
559818,20,815,16541,-16,-283,86,65,149,-3
559832,22,806,16545,-13,-282,83,66,152,-4
559846,22,815,16576,-16,-278,87,65,149,-2
559860,7,827,16560,-17,-278,90,63,150,-2
559874,10,828,16545,-20,-276,86,61,149,-5
559888,4,833,16569,-17,-277,86,64,150,-3
559902,2,829,16560,-16,-277,86,64,152,-6
559916,17,822,16541,-18,-282,83,64,153,-5
559930,26,819,16557,-23,-277,90,64,153,-9
559944,25,812,16535,-22,-272,87,65,152,-6
559958,24,814,16553,-27,-275,87,65,146,-3
559972,10,824,16569,-17,-275,84,67,151,-3
559986,13,831,16558,-21,-276,85,66,146,-3
560000,13,819,16556,-20,-281,86,67,150,-2
560014,13,821,16562,-23,-277,84,68,153,-3
560028,7,816,16561,-17,-280,89,64,149,-5
560042,5,811,16559,-20,-276,86,68,150,-3
560056,21,825,16546,-20,-280,85,64,152,-5
560070,16,829,16556,-23,-280,89,65,153,-7
560084,26,822,16557,-16,-275,81,62,153,-4
560098,19,825,16545,-19,-277,87,65,148,-4
560112,2,814,16552,-16,-277,84,64,152,1
560126,9,812,16551,-21,-282,86,65,149,-2
560140,11,821,16558,-18,-282,84,66,149,-4
560154,15,825,16561,-18,-280,88,67,149,-5
560168,8,836,16551,-24,-284,85,66,153,-6
560182,14,833,16557,-19,-279,87,65,155,-4
560196,11,831,16549,-18,-279,87,65,152,-6
560210,9,824,16560,-17,-277,88,63,155,-5
560224,14,807,16544,-16,-276,85,65,154,-3
560238,18,811,16533,-15,-281,83,63,150,-4
560252,19,815,16576,-17,-282,88,64,149,-6
560266,9,823,16555,-19,-278,83,68,150,-1
560280,8,828,16563,-20,-280,84,63,150,-4
560294,10,826,16567,-16,-276,85,67,153,-4
560308,5,834,16551,-16,-279,84,69,150,-3
560322,16,816,16564,-16,-277,86,67,149,-2
560336,4,815,16574,-16,-280,85,69,149,-9
560350,12,816,16541,-15,-280,85,70,148,-9
560364,16,820,16545,-23,-279,87,61,149,-6
560378,24,829,16553,-20,-280,88,64,149,-6
560392,30,828,16542,-20,-281,85,67,153,-7
560406,13,832,16562,-22,-282,85,65,152,-8
560420,10,818,16556,-17,-278,89,67,154,-6
560434,12,824,16559,-19,-283,88,64,154,-7
560448,7,813,16565,-20,-275,87,65,152,-4
560462,12,818,16556,-17,-279,85,63,153,-7
560476,20,817,16552,-22,-282,86,67,152,-5
560490,24,818,16561,-16,-280,85,63,149,-6
560504,25,823,16558,-16,-279,84,67,148,-4
560518,27,819,16556,-23,-282,85,68,150,-4
560532,18,823,16568,-25,-278,86,66,152,-5
560546,15,818,16544,-14,-280,84,65,152,-4
560560,9,822,16545,-15,-280,86,63,149,-6
560574,6,825,16548,-29,-278,87,63,150,-6
560588,2,830,16546,-17,-279,90,63,153,-4
560602,4,826,16564,-13,-282,84,65,155,-3
560616,8,818,16556,-15,-275,85,66,155,-2
560630,16,823,16545,-19,-277,82,68,150,-3
560644,29,815,16560,-18,-274,82,63,150,-4
560658,29,825,16545,-15,-281,90,64,154,-5
560672,9,826,16547,-15,-281,84,63,150,-5
560686,-1,824,16553,-14,-275,88,63,154,-8
560700,4,827,16556,-13,-280,86,67,153,-6
560714,8,823,16559,-19,-283,87,67,154,-9
560728,17,821,16556,-17,-271,88,64,153,-6
560742,13,821,16557,-18,-276,86,65,148,-6
560756,14,809,16555,-19,-280,85,64,149,-6
560770,14,812,16554,-14,-279,85,68,153,-3
560784,28,830,16563,-17,-282,85,61,151,-2
560798,17,830,16565,-18,-280,85,61,146,-4
560812,7,834,16536,-19,-275,84,65,148,-1
560826,7,829,16559,-23,-280,89,70,145,-3
560840,13,819,16546,-18,-283,87,67,148,-3
560854,8,822,16541,-21,-282,83,66,147,-5
560868,8,820,16558,-19,-279,88,67,148,-5
560882,15,823,16556,-16,-278,86,63,150,-4
560896,12,821,16569,-16,-280,86,64,150,-5
560910,21,819,16564,-15,-277,88,67,153,-9
560924,18,820,16545,-24,-280,86,68,153,-9
560938,19,818,16566,-21,-280,84,66,152,-8
560952,14,813,16532,-18,-284,86,63,154,-3
560966,16,822,16541,-25,-281,89,64,155,-2
560980,10,825,16557,-19,-283,89,68,150,-5
560994,4,827,16543,-23,-276,85,66,147,-3
561008,10,841,16557,-23,-276,88,67,147,-6
561022,11,834,16547,-17,-281,88,67,152,-4
561036,23,819,16544,-24,-281,84,64,152,-4
561050,27,816,16551,-21,-281,86,66,151,-1
561064,25,816,16548,-16,-275,87,66,152,2
561078,14,822,16546,-19,-274,88,68,154,-1
561092,5,817,16556,-19,-274,85,68,147,-4
561106,0,823,16551,-21,-280,87,64,149,-1
561120,5,829,16557,-21,-275,90,66,151,-3
561134,8,823,16558,-21,-277,87,67,149,-7
561148,10,819,16554,-16,-282,93,63,153,-6
561162,22,816,16554,-19,-279,87,64,152,-5
561176,20,818,16543,-23,-278,90,66,154,-6
561190,14,814,16548,-24,-274,88,65,149,-5
561204,12,812,16561,-20,-278,87,66,150,-4
561218,8,822,16545,-21,-280,87,66,151,-3
561232,7,825,16543,-17,-276,88,66,152,-6
561246,9,827,16554,-18,-272,87,64,153,-4
561260,13,833,16546,-18,-279,85,67,150,-4
561274,13,820,16569,-18,-277,85,68,149,-1
561288,17,826,16560,-26,-282,84,66,149,-1
561302,26,819,16544,-23,-277,86,65,148,-4
561316,20,816,16554,-20,-278,88,65,150,-4
561330,21,821,16538,-21,-275,87,65,149,-7
561344,31,829,16537,-19,-274,88,63,148,-4
561358,5,824,16548,-17,-275,85,62,153,-5
561372,6,824,16551,-16,-275,86,62,152,-5
561386,10,823,16563,-19,-278,85,63,149,-5
561400,8,826,16556,-16,-276,91,63,149,-2
561414,4,829,16551,-21,-280,83,62,149,-2
561428,5,823,16556,-23,-279,90,65,151,-4
561442,21,833,16551,-18,-279,89,66,149,-5
561456,26,836,16560,-17,-279,88,67,147,-4
561470,3,832,16552,-17,-282,91,62,151,-4
561484,-5,821,16551,-15,-276,87,64,153,-1
561498,-7,818,16551,-21,-279,85,67,151,-4
561512,-2,817,16561,-20,-276,88,66,152,-5
561526,19,837,16554,-16,-273,89,64,148,-4
561540,35,837,16545,-16,-277,85,65,153,-5
561554,46,810,16557,-18,-279,83,62,149,-2
561568,37,797,16560,-19,-277,81,65,147,-2
561582,41,804,16551,-24,-279,81,65,149,-1
561596,43,836,16552,-16,-275,87,66,151,-1
561610,27,836,16556,-17,-276,87,63,152,-5
561624,18,854,16560,-19,-281,88,65,154,-4
561638,-2,854,16553,-19,-280,88,61,148,-3
561652,-45,839,16549,-15,-277,82,66,150,-6
561666,-21,828,16571,-20,-283,84,65,149,-5
561680,12,794,16544,-15,-277,77,67,150,-5
561694,53,800,16553,-19,-281,85,66,151,-5
561708,57,813,16552,-18,-280,83,67,150,-4
561722,47,827,16527,-20,-277,90,68,150,-5
561736,22,843,16563,-19,-279,88,66,151,-6
561750,-8,841,16553,-15,-280,86,65,153,-3
561764,-37,832,16552,-17,-280,85,64,153,-3
561778,-33,824,16570,-20,-279,85,66,152,-3
561792,11,820,16531,-17,-279,83,60,152,-3
561806,30,812,16544,-18,-276,85,68,153,-5
561820,36,825,16556,-19,-281,86,66,149,-5
561834,42,826,16539,-20,-278,81,66,146,-4
561848,25,816,16556,-15,-278,83,67,153,-6
561862,17,814,16550,-17,-283,85,67,150,-6
561876,-10,813,16550,-22,-279,88,67,154,-6
561890,-17,808,16554,-20,-279,85,67,153,-7
561904,9,829,16551,-21,-278,87,66,150,-5
561918,16,836,16560,-24,-276,89,65,146,-5
561932,21,836,16543,-18,-280,88,65,146,-4
561946,17,839,16561,-21,-276,92,62,148,-4
561960,18,816,16549,-18,-280,88,64,149,-8
561974,16,806,16539,-19,-279,88,63,148,-7
561988,15,806,16554,-17,-284,90,68,152,1
562002,24,806,16552,-16,-281,86,68,152,-2
562016,26,828,16554,-18,-279,85,66,145,-10
562030,6,844,16561,-16,-278,87,67,147,-7
562044,-3,852,16540,-21,-281,88,65,152,-3
562058,-3,835,16541,-18,-279,88,68,147,-2
562072,-8,828,16553,-17,-278,81,68,149,-5
562086,13,816,16548,-20,-274,84,66,156,-6
562100,29,810,16543,-16,-285,83,64,153,-6
562114,33,805,16557,-15,-278,86,66,150,-7
562128,49,807,16555,-11,-281,92,65,150,-5
562142,23,831,16553,-19,-281,92,66,152,-3
562156,16,845,16556,-16,-278,84,66,150,-8
562170,-14,829,16536,-16,-277,85,66,149,-7
562184,-20,828,16551,-16,-275,86,65,150,-6
562198,-13,826,16550,-20,-279,90,63,150,-5
562212,1,827,16532,-16,-278,89,65,152,-7
562226,25,828,16561,-16,-278,89,63,149,-9
562240,27,829,16546,-18,-280,90,65,146,-7
562254,36,824,16536,-18,-282,84,62,149,-2
562268,32,814,16558,-16,-281,87,64,149,-4
562282,12,802,16522,-20,-282,87,65,146,-4
562296,21,810,16532,-18,-278,86,67,150,-5
562310,12,832,16569,-16,-277,83,65,150,-4
562324,0,834,16540,-16,-279,83,63,150,-3
562338,5,843,16545,-20,-281,86,64,149,-4
562352,14,837,16556,-16,-277,84,65,149,-3
562366,16,822,16557,-18,-279,88,63,154,-5
562380,8,807,16562,-21,-280,85,62,150,-3
562394,21,800,16527,-17,-278,83,65,152,-3
562408,31,813,16539,-22,-276,85,66,149,-6
562422,30,829,16552,-17,-284,81,65,149,-5
562436,24,834,16537,-16,-275,79,68,148,-3
562450,19,852,16559,-18,-276,93,65,148,-4
562464,14,837,16558,-20,-281,85,65,149,-7
562478,6,828,16523,-20,-276,83,65,152,-7
562492,-1,802,16547,-23,-278,89,67,150,-5
562506,-2,806,16553,-11,-276,90,62,147,-1
562520,17,817,16524,-15,-280,87,66,148,-3
562534,27,822,16538,-20,-280,87,64,153,-4
562548,34,838,16603,-14,-281,89,63,149,2
562562,30,834,16536,-17,-278,87,65,154,-6
562576,6,815,16541,-18,-279,86,66,149,-2
562590,6,813,16583,-11,-283,87,67,150,-4
562604,1,799,16528,-9,-281,88,64,149,-4
562618,-6,793,16549,-16,-280,83,64,146,-4
562632,11,827,16546,-10,-279,88,64,154,-3
562646,20,841,16521,-13,-279,84,65,152,-2
562660,12,833,16571,-17,-272,84,64,148,-4
562674,14,832,16552,-15,-279,85,62,152,-4
562688,13,807,16539,-22,-279,83,62,150,-3
562702,19,803,16572,-17,-275,83,67,146,-6
562716,16,809,16531,-21,-280,84,67,148,-6
562730,9,820,16521,-24,-277,83,67,145,-3
562744,13,842,16576,-16,-275,89,65,148,-6
562758,8,837,16544,-13,-279,89,68,150,-5
562772,-6,841,16548,-21,-277,89,61,149,-2
562786,10,816,16565,-25,-277,85,64,152,-4
562800,6,793,16534,-19,-280,89,66,154,-8
562814,10,793,16551,-21,-272,89,66,153,-2
562828,15,816,16551,-19,-276,87,65,148,-3
562842,17,822,16532,-22,-275,86,63,152,-1
562856,23,841,16551,-24,-275,91,61,150,-1
562870,13,842,16563,-20,-280,93,62,149,-5
562884,10,820,16555,-21,-282,88,62,152,-8
562898,5,818,16559,-19,-279,84,64,153,-7
562912,11,813,16544,-21,-281,92,67,149,-3
562926,11,815,16543,-24,-280,82,66,153,-1
562940,21,827,16547,-19,-281,88,62,153,-4
562954,29,839,16543,-17,-279,91,65,148,-8
562968,25,839,16547,-19,-277,86,61,148,-7
562982,18,831,16556,-18,-276,92,62,149,-3
562996,20,817,16559,-17,-281,85,63,152,-2
563010,16,798,16543,-18,-278,89,62,150,-5
563024,12,799,16543,-15,-276,83,64,149,-5
563038,12,824,16563,-21,-282,88,64,152,-6
563052,22,834,16556,-24,-279,86,64,149,-3
563066,17,836,16546,-21,-278,88,63,149,-5
563080,16,840,16561,-21,-280,86,66,148,-5
563094,1,822,16546,-17,-278,83,66,148,-4
563108,-1,815,16551,-20,-278,81,65,147,-2
563122,-18,812,16551,-19,-277,89,68,149,-2
563136,-31,829,16540,-19,-277,91,67,149,-3
563150,-75,852,16560,-11,-277,90,67,152,-2
563164,-78,865,16551,-12,-273,92,69,154,-3
563178,-117,892,16535,-22,-270,91,69,150,-9
563192,-135,894,16547,-16,-277,92,65,155,-3
563206,-38,843,16572,-16,-280,95,65,152,-4
563220,45,815,16555,-13,-275,90,65,147,-2
563234,220,770,16556,-19,-279,91,65,147,-4
563248,297,735,16549,-22,-273,82,66,148,-4
563262,382,680,16554,-22,-276,79,63,145,1
563276,350,667,16564,-24,-282,79,67,152,-4
563290,141,724,16525,-21,-283,84,67,153,-3
563304,-13,775,16564,-28,-286,83,64,152,-3
563318,-169,912,16564,-24,-282,88,66,153,-2
563332,-359,981,16558,-22,-278,96,63,150,-1
563346,-395,1042,16578,-16,-277,89,62,153,-5
563360,-283,1019,16560,-22,-276,87,69,146,-3
563374,-150,962,16550,-20,-272,79,68,150,-3
563388,168,762,16539,-11,-276,78,65,154,-5
563402,293,663,16524,-18,-280,74,66,153,-5
563416,384,588,16551,-20,-278,86,64,152,-6
563430,328,625,16543,-20,-285,93,63,148,3
563444,63,805,16530,-24,-283,100,63,150,1
563458,-97,921,16566,-23,-280,99,65,153,-3
563472,-305,1035,16558,-16,-282,93,67,154,-1
563486,-347,1038,16520,-14,-269,76,66,154,-3
563500,-213,911,16592,-17,-273,77,66,152,-2
563514,-75,822,16560,-17,-272,81,66,150,-5
563528,202,673,16545,-12,-272,81,65,155,-4
563542,283,654,16575,-21,-278,92,67,157,-6
563556,291,716,16502,-12,-280,93,63,153,-4
563570,228,781,16535,-20,-277,98,62,153,-3
563584,-14,879,16581,-25,-284,94,61,148,-3
563598,-121,914,16550,-20,-280,84,66,148,-2
563612,-251,911,16569,-19,-279,79,64,150,-2
563626,-246,893,16580,-21,-277,86,67,154,-3
563640,-120,855,16540,-17,-277,91,65,151,-4
563654,-23,839,16554,-21,-273,89,65,154,-8
563668,165,794,16524,-18,-274,86,69,151,-7
563682,235,774,16516,-20,-274,86,73,151,-5
563696,233,737,16554,-17,-280,83,66,154,-3
563710,179,729,16556,-21,-281,80,67,146,-1
563724,0,778,16544,-19,-282,87,65,148,-6
563738,-106,823,16566,-15,-285,93,66,147,-9
563752,-187,936,16563,-22,-284,92,67,149,-5
563766,-256,973,16564,-20,-277,87,67,149,-2
563780,-216,948,16553,-20,-273,89,66,148,-3
563794,-26,890,16547,-20,-275,78,67,152,-1
563808,91,815,16547,-18,-276,77,65,148,3
563822,251,676,16539,-20,-283,80,66,149,4
563836,280,638,16534,-16,-283,85,65,150,-3
563850,193,696,16533,-17,-283,93,63,152,-3
563864,91,778,16556,-24,-285,94,63,148,-5
563878,-151,936,16562,-17,-283,89,61,150,-2
563892,-229,989,16560,-23,-276,82,64,150,-2
563906,-252,979,16563,-13,-282,79,65,154,-3
563920,-183,927,16559,-17,-273,77,65,152,-3
563934,27,766,16549,-15,-277,80,65,149,-2
563948,128,714,16551,-17,-274,86,63,154,-7
563962,259,683,16535,-22,-277,88,63,150,-7
563976,256,711,16545,-24,-282,96,66,152,-2
563990,139,820,16550,-24,-284,100,68,150,-6
564004,39,863,16531,-22,-279,93,67,151,-7
564018,-140,919,16576,-25,-284,87,64,153,-4
564032,-205,903,16595,-21,-282,86,66,147,-8
564046,-187,871,16539,-16,-274,87,64,147,-5
564060,-134,848,16560,-20,-274,89,62,147,-3
564074,31,824,16557,-17,-274,87,65,152,-3
564088,105,810,16531,-17,-275,88,63,149,-6
564102,219,762,16555,-28,-279,87,65,153,-4
564116,228,748,16543,-19,-282,83,64,149,-5
564130,148,743,16557,-18,-282,84,63,153,-4
564144,57,768,16579,-15,-282,88,61,155,-3
564158,-116,855,16542,-20,-275,88,66,151,-3
564172,-179,904,16545,-18,-280,95,67,150,-2
564186,-209,944,16575,-16,-276,88,67,148,2
564200,-140,939,16558,-17,-274,80,66,156,-3
564214,-62,844,16544,-18,-278,82,63,158,-1
564228,126,781,16552,-18,-272,82,63,153,-1
564242,194,727,16547,-23,-280,82,63,154,-5
564256,226,673,16545,-23,-281,92,68,150,1
564270,181,704,16550,-26,-282,92,67,149,1
564284,14,816,16544,-19,-280,92,67,154,-4
564298,-81,886,16549,-15,-280,93,66,155,-7
564312,-185,971,16560,-10,-281,86,66,153,-7
564326,-191,958,16550,-19,-277,82,66,149,-6
564340,-87,875,16545,-17,-279,78,66,150,-4
564354,-5,807,16560,-20,-276,84,63,152,-5
564368,131,728,16548,-25,-275,88,60,148,-5
564382,180,716,16548,-18,-280,95,62,146,1
564396,179,760,16541,-19,-280,93,65,150,-1
564410,133,803,16546,-21,-284,90,63,150,-3
564424,-4,875,16554,-18,-284,88,63,153,-4
564438,-70,882,16558,-13,-282,85,63,151,-1
564452,-157,876,16557,-19,-284,79,64,149,-2
564466,-150,858,16561,-12,-278,83,64,148,-3
564480,-59,827,16562,-17,-276,88,64,150,-2
564494,5,822,16557,-12,-277,89,66,148,-4
564508,121,794,16545,-18,-275,86,65,151,-6
564522,159,781,16529,-14,-274,84,66,153,-3
564536,155,779,16536,-21,-283,81,63,150,-3
564550,110,773,16545,-16,-280,86,65,151,-2
564564,-10,805,16554,-22,-284,88,66,154,-6
564578,-79,837,16548,-20,-281,92,63,152,-4
564592,-160,894,16556,-18,-276,90,64,152,-4
564606,-139,912,16555,-20,-280,90,66,149,-6
564620,-37,886,16542,-22,-276,85,64,152,-5
564634,36,851,16548,-19,-270,84,67,152,-4
564648,109,755,16540,-16,-282,80,66,154,-4
564662,178,726,16531,-20,-281,87,67,152,-1
564676,168,713,16549,-20,-279,89,65,154,-2
564690,68,763,16554,-19,-283,97,67,153,-3
564704,12,813,16551,-16,-282,92,69,153,-4
564718,-107,922,16547,-18,-283,89,66,152,-5
564732,-142,931,16543,-11,-277,87,65,153,-3
564746,-105,900,16559,-18,-282,85,64,154,-6
564760,-62,859,16565,-17,-277,84,64,154,-7
564774,60,778,16545,-17,-273,84,67,152,-3
564788,110,753,16541,-14,-281,84,69,153,-4
564802,149,735,16543,-20,-282,90,69,152,-2
564816,141,763,16547,-21,-283,93,64,149,-2
564830,52,833,16519,-26,-282,92,65,149,-4
564844,-2,858,16532,-18,-283,88,66,153,-3
564858,-110,887,16542,-20,-278,81,64,154,-4
564872,-133,877,16544,-15,-280,87,65,144,-3
564886,-89,857,16544,-19,-275,81,68,146,-6
564900,-36,839,16554,-19,-277,90,67,152,-4
564914,79,801,16535,-15,-270,83,65,147,1
564928,115,788,16529,-18,-280,86,62,149,-2
564942,148,776,16548,-21,-282,88,66,153,-3
564956,128,779,16521,-23,-279,83,67,150,-3
564970,24,808,16557,-21,-282,86,66,149,-3
564984,-40,827,16545,-20,-278,94,65,149,-4
564998,-134,876,16560,-19,-279,87,62,150,-4
565012,-132,893,16566,-21,-276,87,68,147,-1
565026,-61,880,16552,-23,-276,84,66,150,-2
565040,1,848,16541,-14,-275,87,64,152,-2
565054,109,791,16543,-17,-282,81,66,148,-3
565068,146,775,16542,-14,-273,88,65,148,-5
565082,161,763,16542,-20,-280,89,64,151,-3
565096,106,781,16557,-17,-281,91,64,150,-5
565110,44,818,16540,-17,-279,84,65,153,-3
565124,-59,854,16563,-21,-283,87,66,151,-2
565138,-88,890,16540,-17,-276,89,66,147,-2
565152,-98,898,16548,-16,-276,85,65,151,-4
565166,-65,888,16554,-16,-277,85,68,154,-9
565180,16,827,16557,-25,-277,82,68,149,-6
565194,59,787,16549,-14,-277,87,64,150,-6
565208,117,754,16535,-19,-284,83,64,150,-7
565222,122,766,16540,-19,-276,87,65,148,-7
565236,83,811,16549,-20,-280,88,66,148,-3
565250,43,839,16540,-19,-279,92,66,152,-3
565264,-48,874,16556,-19,-278,86,66,149,-6
565278,-80,879,16561,-23,-277,88,67,144,-5
565292,-89,856,16543,-18,-274,87,64,152,-7
565306,-64,838,16552,-25,-273,85,64,153,-5
565320,13,810,16533,-15,-281,84,63,156,-3
565334,63,803,16529,-19,-275,83,63,154,-4
565348,129,791,16544,-18,-278,86,66,150,-2
565362,131,800,16539,-18,-280,88,70,145,-4
565376,64,809,16552,-22,-283,88,66,149,-7
565390,14,814,16563,-20,-284,89,66,153,-1
565404,-76,841,16531,-23,-281,89,68,149,-2
565418,-96,849,16536,-25,-279,92,66,146,-3
565432,-82,866,16569,-16,-278,86,65,148,-7
565446,-41,865,16542,-19,-276,86,65,152,-7
565460,55,825,16550,-17,-277,83,68,152,-7
565474,96,801,16555,-20,-280,86,66,153,-8
565488,117,786,16544,-15,-274,87,67,150,1
565502,95,779,16574,-20,-280,89,62,148,1
565516,65,802,16515,-21,-277,92,65,148,-1
565530,-19,828,16514,-21,-276,91,66,150,-4
565544,-56,868,16572,-19,-279,91,66,147,-4
565558,-88,879,16543,-15,-281,88,63,154,-6
565572,-67,885,16540,-16,-275,84,63,150,-3
565586,-19,843,16552,-15,-278,90,63,148,-3
565600,23,813,16549,-18,-283,92,68,153,-2
565614,84,765,16556,-18,-279,87,65,155,-5
565628,103,763,16547,-15,-277,88,65,150,-2
565642,85,789,16539,-21,-282,92,65,152,-3
565656,54,815,16551,-16,-280,87,65,150,-4
565670,-4,862,16546,-25,-279,94,65,147,-5
565684,-39,868,16553,-18,-281,92,66,150,-4
565698,-89,864,16513,-19,-278,87,66,152,-6
565712,-81,849,16556,-24,-281,83,63,150,-4
565726,-15,815,16544,-14,-277,85,65,150,-3
565740,28,801,16517,-12,-280,84,64,150,-4
565754,99,787,16553,-21,-278,87,62,152,-6
565768,116,793,16524,-22,-276,83,68,147,-5
565782,80,803,16550,-21,-278,88,67,148,-3
565796,36,809,16551,-24,-276,84,66,150,-4
565810,-53,832,16547,-24,-277,92,63,147,-3
565824,-87,841,16578,-22,-279,89,67,147,-5
565838,-77,863,16543,-21,-278,84,64,147,-3
565852,-48,855,16540,-17,-275,86,64,147,-3
565866,26,829,16542,-14,-280,87,64,148,-2
565880,66,803,16531,-19,-278,87,62,149,-4
565894,97,797,16539,-20,-279,92,61,151,-5
565908,97,787,16539,-15,-279,87,66,148,-4
565922,44,791,16530,-19,-281,88,66,150,-3
565936,7,811,16548,-19,-281,90,66,152,-9
565950,-55,863,16530,-16,-280,84,68,150,-5
565964,-68,875,16540,-16,-279,87,67,150,-1
565978,-65,874,16551,-17,-271,83,67,152,-5
565992,-36,855,16540,-20,-276,88,64,151,-4
566006,3,833,16518,-21,-278,89,66,151,-3
566020,67,802,16552,-23,-274,92,64,152,-1
566034,82,793,16546,-13,-273,86,62,153,-5
566048,44,785,16498,-10,-262,85,69,150,-6
566062,30,797,16598,-14,-283,86,68,151,-7
566076,3,835,16418,-15,-265,89,65,151,-5
566090,-29,854,16524,-19,-282,83,65,150,-3
566104,-22,859,16509,-6,-278,86,62,150,-3
566118,-36,856,16410,-20,-278,89,63,150,-4
566132,3,823,16609,-13,-271,83,66,152,-2
566146,6,822,16461,-16,-280,87,64,151,-7
566160,54,790,16614,-14,-275,87,65,154,-4
566174,73,792,16512,-14,-279,84,67,151,-4
566188,71,810,16575,-23,-275,85,64,149,-5
566202,38,817,16572,-15,-275,86,64,150,-2
566216,-7,836,16526,-14,-281,85,64,148,-5
566230,-43,836,16569,-20,-278,87,68,151,-3
566244,-65,844,16541,-19,-281,90,68,151,-4
566258,-55,837,16536,-17,-279,82,66,150,-6
566272,1,836,16567,-14,-282,84,68,151,-5
566286,30,822,16534,-16,-275,84,64,151,-5
566300,90,797,16535,-24,-279,83,65,150,-7
566314,83,790,16558,-22,-274,83,68,152,-4
566328,59,786,16521,-16,-277,92,68,152,-3
566342,24,794,16542,-13,-276,88,68,148,-4
566356,-33,833,16541,-21,-277,90,66,144,-5
566370,-55,857,16553,-18,-278,85,62,148,-5
566384,-56,876,16537,-20,-281,84,63,152,-3
566398,-35,868,16541,-17,-271,82,66,153,-4
566412,-5,824,16546,-12,-276,85,65,148,-5
566426,56,794,16543,-22,-275,89,66,150,-5
566440,65,775,16524,-18,-279,87,68,149,-3
566454,84,779,16547,-23,-280,88,65,151,-6
566468,70,792,16545,-22,-284,93,64,154,-4
566482,2,833,16504,-20,-281,86,66,151,-3
566496,-21,846,16565,-23,-280,87,68,149,-2
566510,-50,873,16572,-22,-279,87,66,153,-4
566524,-58,865,16550,-18,-278,88,65,153,-4
566538,-30,831,16522,-18,-278,86,68,153,-5
566552,-4,804,16547,-17,-281,88,64,149,-3
566566,46,798,16539,-19,-276,87,62,151,-5
566580,66,806,16543,-22,-282,91,63,149,-6
566594,81,827,16529,-16,-276,88,65,155,-2
566608,67,831,16514,-22,-285,88,71,154,-3
566622,21,828,16589,-24,-281,86,69,154,-4
566636,-6,822,16562,-17,-275,88,67,151,-4
566650,-25,820,16513,-17,-278,88,64,148,-3
566664,-34,825,16548,-19,-279,84,70,149,-4
566678,-18,845,16514,-20,-275,80,64,149,-3
566692,15,844,16543,-21,-277,88,62,150,-3
566706,46,821,16521,-14,-277,89,64,156,-9
566720,53,808,16524,-21,-278,86,64,154,-7
566734,32,801,16559,-22,-279,84,65,157,-3
566748,26,795,16559,-12,-274,85,63,154,-5
566762,1,811,16528,-19,-281,82,66,151,-3
566776,-5,825,16531,-21,-281,85,64,150,-2
566790,-8,858,16541,-13,-283,83,65,148,-1
566804,-7,865,16552,-13,-283,88,65,150,-5
566818,-3,841,16515,-12,-278,84,66,151,-3
566832,0,817,16532,-16,-277,82,67,149,-3
566846,17,795,16553,-22,-280,87,65,151,-5
566860,42,793,16547,-20,-276,92,65,153,-3
566874,58,803,16537,-19,-279,85,63,151,-3
566888,31,815,16524,-22,-279,90,69,153,-3
566902,16,836,16567,-17,-283,84,64,152,-3
566916,-3,867,16551,-17,-281,92,66,150,1
566930,-15,859,16542,-17,-277,87,62,153,1
566944,-20,823,16541,-17,-279,84,62,153,-4
566958,-10,818,16533,-18,-279,89,65,152,1
566972,25,805,16548,-18,-278,82,64,153,-3
566986,45,802,16547,-16,-278,83,65,148,-2
567000,61,821,16531,-20,-272,86,62,148,-3
567014,53,831,16530,-18,-279,91,65,147,-8
567028,15,836,16543,-18,-279,87,64,149,-7
567042,-1,825,16543,-18,-279,86,63,151,-6
567056,-19,819,16535,-19,-280,88,61,151,-5
567070,-26,812,16566,-18,-273,86,65,153,-6
567084,-16,817,16534,-19,-279,89,65,152,-8
567098,2,814,16506,-15,-275,84,66,153,-6
567112,27,823,16556,-16,-274,84,68,150,-4
567126,43,824,16576,-15,-276,80,68,152,-3
567140,34,814,16547,-19,-276,85,66,148,-5
567154,29,801,16532,-16,-281,87,66,149,-5
567168,3,795,16531,-20,-282,89,66,150,-5
567182,-3,800,16553,-17,-282,85,64,149,-2
567196,-9,836,16560,-12,-277,86,66,146,-3
567210,-1,847,16522,-10,-281,89,62,156,-5
567224,13,850,16536,-17,-283,84,66,152,-4
567238,22,843,16558,-16,-277,85,66,153,-2
567252,24,808,16544,-18,-281,88,65,148,-3
567266,12,798,16529,-21,-274,87,67,149,-7
567280,22,789,16529,-18,-279,86,66,146,-2
567294,16,807,16537,-18,-271,87,64,148,-5
567308,11,840,16561,-15,-274,87,67,149,-4
567322,8,841,16533,-17,-283,86,65,150,-3
567336,4,845,16538,-17,-280,84,68,150,-2
567350,-20,835,16563,-13,-274,83,63,150,-7
567364,-14,824,16548,-18,-277,87,62,151,-5
567378,2,807,16540,-20,-277,89,65,151,-5
567392,22,804,16536,-18,-275,85,65,147,-5
567406,40,818,16533,-18,-279,90,63,147,-5
567420,45,820,16537,-11,-280,89,64,152,-3
567434,16,826,16550,-17,-281,92,62,151,-6
567448,11,829,16536,-14,-278,85,65,154,-3
567462,-6,816,16536,-22,-279,85,64,155,-6
567476,-10,816,16560,-18,-279,88,68,152,-3
567490,-11,816,16525,-21,-279,90,68,149,-2
567504,-1,819,16543,-20,-281,86,68,149,4
567518,17,833,16536,-25,-275,87,69,151,-5
567532,28,832,16542,-24,-282,90,64,149,-5
567546,31,815,16549,-18,-278,88,68,150,-3
567560,13,811,16538,-21,-280,82,66,150,-6
567574,2,811,16549,-20,-277,88,65,152,-9
567588,6,815,16567,-20,-276,88,61,151,-2
567602,4,827,16543,-12,-279,88,67,150,-5
567616,15,828,16508,-19,-276,88,68,151,-4
567630,10,822,16551,-22,-279,87,67,148,-4
567644,13,823,16554,-22,-282,86,67,150,-4
567658,12,821,16556,-20,-279,80,64,153,-2
567672,23,815,16547,-19,-277,87,64,153,2
567686,14,811,16543,-17,-278,87,66,150,-2
567700,9,813,16556,-18,-280,83,70,154,-1
567714,10,822,16544,-13,-277,86,65,153,-3
567728,10,828,16527,-13,-279,87,64,152,-2
567742,3,827,16546,-20,-280,89,66,151,-2
567756,12,839,16546,-18,-282,89,66,148,-3
567770,8,820,16556,-20,-279,90,65,151,1
567784,12,820,16561,-20,-280,88,65,152,-2
567798,7,816,16531,-19,-280,84,64,149,-6
567812,26,814,16548,-16,-279,87,69,152,-5
567826,17,823,16549,-19,-279,87,69,150,-6
567840,11,833,16534,-20,-278,85,69,150,-3
567854,15,831,16544,-17,-280,86,67,151,-2
567868,13,823,16548,-15,-281,80,66,148,-6
567882,6,819,16537,-21,-283,84,64,149,-7
567896,10,814,16548,-16,-280,83,63,149,-3
567910,10,821,16538,-17,-274,87,64,150,-5
567924,13,824,16561,-17,-280,86,66,152,-3
567938,12,830,16560,-18,-277,81,67,150,-5
567952,3,836,16537,-14,-276,83,67,153,-1
567966,-3,830,16545,-21,-280,82,68,157,-6
567980,3,819,16547,-17,-277,84,66,153,-7
567994,8,815,16561,-16,-278,86,61,150,-7
568008,10,817,16544,-13,-276,83,64,149,-5
568022,9,819,16525,-17,-279,83,62,150,-2
568036,23,835,16554,-23,-279,94,63,149,-3
568050,22,827,16542,-21,-276,86,66,147,-3
568064,11,831,16545,-13,-278,88,68,148,-6
568078,5,823,16533,-16,-274,88,64,150,-1
568092,1,820,16543,-22,-277,89,64,152,-4
568106,-4,807,16548,-23,-278,84,67,151,-4
568120,25,817,16535,-18,-278,84,66,151,-2
568134,23,827,16544,-21,-273,81,64,152,-2
568148,28,834,16530,-14,-281,77,70,149,-2
568162,16,825,16535,-20,-281,84,69,152,-3
568176,8,810,16522,-9,-268,82,65,152,-2
568190,5,812,16515,-16,-276,83,66,149,-2
568204,6,817,16554,-14,-278,87,68,152,-6
568218,6,833,16526,-16,-271,88,69,149,-5
568232,1,833,16552,-15,-275,86,66,154,-7
568246,9,830,16528,-21,-278,84,63,149,-2
568260,17,827,16570,-23,-274,79,63,151,-1
568274,7,819,16556,-13,-280,85,62,153,-6
568288,4,810,16510,-21,-279,82,62,148,-4
568302,14,814,16545,-18,-275,85,61,149,-4
568316,22,821,16542,-17,-281,88,64,149,-6
568330,19,831,16544,-17,-278,82,63,151,-5
568344,13,834,16542,-17,-273,87,67,152,-4
568358,13,824,16536,-20,-280,87,67,149,-3
568372,11,826,16546,-21,-279,88,66,149,-1
568386,19,819,16548,-16,-275,85,65,152,-6
568400,23,815,16523,-20,-280,86,67,152,-6
568414,24,813,16537,-22,-275,90,68,150,-4
568428,24,816,16538,-17,-275,89,65,149,-3
568442,10,831,16533,-12,-279,91,66,146,-7
568456,11,825,16538,-20,-277,88,66,153,-4
568470,-1,830,16527,-23,-280,88,67,150,-4
568484,-9,827,16529,-26,-275,87,65,149,-7
568498,7,810,16556,-21,-273,87,69,148,-6
568512,7,815,16532,-17,-281,88,67,149,-6
568526,31,816,16548,-21,-278,84,67,147,-5
568540,24,819,16554,-16,-278,84,65,149,-4
568554,15,820,16551,-17,-284,85,63,150,2
568568,22,823,16541,-14,-276,77,64,152,-1
568582,7,822,16532,-19,-277,85,68,152,-5
568596,13,827,16533,-23,-275,87,64,150,-2
568610,16,829,16541,-18,-278,86,66,152,-7
568624,20,837,16540,-13,-279,85,64,148,-2
568638,20,833,16553,-19,-282,87,65,148,-5
568652,11,825,16547,-13,-278,87,64,150,-6
568666,11,812,16530,-17,-275,83,66,149,-7
568680,-1,818,16563,-19,-279,81,62,149,-6
568694,5,808,16535,-18,-275,90,64,152,-3
568708,23,810,16518,-13,-279,84,64,155,-7
568722,16,827,16544,-20,-277,83,65,153,-7
568736,20,823,16532,-19,-276,91,64,150,-8
568750,10,832,16530,-18,-270,85,68,152,-5
568764,5,824,16554,-17,-273,86,63,150,-3
568778,-7,827,16532,-15,-275,84,67,150,-4
568792,2,813,16555,-17,-282,87,66,149,-2
568806,21,813,16571,-22,-277,86,65,148,-3
568820,17,823,16527,-16,-276,88,63,153,-4
568834,25,823,16535,-22,-279,89,65,153,2
568848,25,824,16545,-23,-278,91,64,149,1
568862,26,829,16544,-22,-279,88,67,150,-5
568876,11,820,16558,-13,-279,86,69,148,-1
568890,-5,819,16552,-20,-283,90,68,148,-4
568904,15,829,16545,-22,-275,86,65,149,-4
568918,6,827,16549,-23,-277,85,68,151,-4
568932,11,831,16544,-19,-273,82,66,151,-6
568946,22,823,16547,-20,-276,86,66,151,-4
568960,20,816,16560,-18,-274,83,65,152,-5
568974,22,818,16554,-20,-280,83,66,149,-7
568988,11,815,16535,-16,-282,85,67,147,-5
569002,5,810,16552,-17,-275,86,67,150,-3
569016,13,832,16537,-17,-282,84,69,149,-2
569030,10,838,16535,-20,-278,82,67,151,-7
569044,-2,828,16518,-25,-282,83,65,153,-3
569058,11,836,16555,-23,-283,86,63,151,-2
569072,27,830,16571,-8,-273,88,62,147,-7
569086,13,815,16465,-9,-278,84,65,147,-6
569100,21,803,16589,-22,-278,84,65,152,-7
569114,24,798,16579,-19,-280,85,64,151,-4
569128,22,810,16524,-17,-276,83,63,151,-4
569142,5,824,16571,-16,-280,84,65,152,-3
569156,-7,831,16531,-16,-278,89,68,151,-5
569170,-25,834,16525,-21,-275,90,65,149,-5
569184,-7,851,16571,-15,-278,90,62,147,-4
569198,23,842,16523,-18,-276,83,63,150,-2
569212,37,825,16538,-17,-279,84,69,154,-4
569226,35,784,16538,-15,-276,87,63,151,-2
569240,34,767,16540,-26,-280,93,68,151,-5
569254,10,777,16563,-23,-279,93,67,148,-4
569268,-1,808,16546,-24,-276,91,67,151,-5
569282,-10,878,16552,-20,-276,87,69,147,-4
569296,-5,890,16555,-23,-279,82,67,149,-4
569310,4,853,16532,-15,-276,82,68,154,-5
569324,5,824,16537,-18,-275,78,66,152,-7
569338,4,796,16541,-16,-276,87,65,150,-8
569352,2,789,16543,-16,-274,91,65,152,-4
569366,-14,788,16546,-15,-277,89,65,153,-5
569380,6,822,16559,-17,-276,87,65,156,-11
569394,69,856,16534,-18,-283,83,66,152,-8
569408,82,860,16530,-20,-283,84,65,152,-8
569422,52,824,16544,-15,-281,87,63,150,-6
569436,23,808,16527,-12,-280,93,65,150,-9
569450,-40,798,16563,-19,-282,93,70,151,-3
569464,-62,818,16566,-21,-275,91,69,150,-7
569478,-39,862,16539,-23,-282,87,66,152,-2
569492,-12,876,16549,-16,-276,84,64,152,1
569506,19,826,16517,-16,-278,80,67,151,-5
569520,91,784,16545,-23,-273,83,67,147,1
569534,96,750,16529,-12,-280,93,68,147,4
569548,46,749,16522,-17,-282,95,67,150,-3
569562,12,784,16551,-21,-278,93,64,151,1
569576,-56,870,16536,-12,-282,91,65,147,-1
569590,-62,894,16543,-16,-276,82,64,145,-5
569604,-35,879,16541,-16,-280,79,65,151,-3
569618,0,847,16543,-17,-283,81,64,149,-3
569632,53,775,16549,-27,-277,84,64,146,-1
569646,66,751,16552,-15,-276,89,62,149,-1
569660,54,762,16542,-20,-278,96,63,148,-2
569674,38,796,16540,-18,-278,86,66,147,-6
569688,17,870,16534,-19,-278,81,66,153,-4
569702,2,883,16539,-19,-274,84,64,154,-6
569716,0,853,16545,-14,-273,84,66,154,-5
569730,-6,828,16531,-17,-277,84,62,150,-6
569744,-11,792,16542,-17,-278,86,64,147,-8
569758,-11,798,16546,-21,-278,86,68,152,-4
569772,-1,823,16548,-16,-281,88,63,150,-6
569786,13,841,16544,-16,-274,85,61,153,-6
569800,56,849,16538,-16,-277,85,61,150,-2
569814,64,834,16530,-17,-279,82,65,150,-3
569828,54,809,16547,-16,-279,83,64,152,-5
569842,27,787,16523,-21,-282,87,66,152,-6
569856,-31,816,16554,-15,-278,90,66,153,-8
569870,-55,834,16556,-15,-277,89,66,151,-3
569884,-57,871,16542,-12,-282,85,67,153,-7
569898,-28,868,16548,-16,-279,82,68,155,-3
569912,50,841,16538,-11,-274,80,68,155,-3
569926,73,812,16548,-15,-282,80,67,156,-6
569940,80,766,16529,-14,-281,85,66,153,-5
569954,60,766,16547,-14,-284,85,66,153,-4
569968,22,805,16549,-18,-280,91,66,149,-3
569982,-34,836,16544,-18,-279,88,66,152,-4
569996,-38,868,16548,-14,-278,83,65,153,-4
570010,-19,896,16541,-15,-278,84,62,151,-4
570024,6,878,16554,-15,-277,77,66,150,-5
570038,46,802,16541,-17,-273,86,64,151,-4
570052,50,771,16545,-18,-282,91,65,149,-4
570066,33,755,16544,-18,-275,86,65,154,-6
570080,36,784,16544,-19,-276,93,64,150,-3
570094,2,853,16533,-13,-279,93,65,152,-2
570108,2,876,16539,-15,-277,83,61,151,-4
570122,1,877,16543,-16,-277,84,66,151,1
570136,6,849,16547,-21,-279,86,68,153,1
570150,-2,782,16548,-14,-277,86,67,153,-1
570164,7,761,16547,-18,-275,88,64,153,-5
570178,4,763,16528,-21,-278,84,65,149,-1
570192,14,803,16551,-21,-278,89,63,152,-3
570206,26,886,16533,-19,-279,85,66,150,-5
570220,37,889,16533,-16,-277,82,69,154,-7
570234,34,852,16545,-15,-277,84,67,152,-7
570248,28,814,16553,-18,-276,83,66,149,-4
570262,-10,762,16553,-20,-276,90,65,150,-3
570276,-16,770,16555,-19,-282,90,67,150,-5
570290,-4,817,16548,-12,-280,87,64,151,-5
570304,2,855,16558,-18,-278,85,62,153,-4
570318,27,880,16545,-18,-279,81,65,151,-6
570332,35,865,16555,-14,-282,79,67,149,-4
570346,34,801,16546,-13,-280,83,68,153,-1
570360,26,773,16546,-16,-277,86,65,150,-4
570374,-1,756,16527,-17,-278,93,64,154,-5
570388,-7,798,16543,-16,-275,92,67,149,-3
570402,4,838,16528,-16,-275,89,65,150,-3
570416,-1,879,16477,-25,-276,84,65,149,-6
570430,13,869,16538,-20,-278,81,64,147,-5
570444,13,846,16458,-12,-277,86,67,154,-3
570458,7,807,16609,-20,-280,91,68,148,-4
570472,2,777,16550,-20,-278,89,69,147,-5
570486,3,772,16533,-25,-281,90,68,155,-2
570500,4,831,16581,-13,-274,87,68,153,-2
570514,15,852,16539,-20,-276,84,66,152,-2
570528,53,864,16562,-16,-278,85,64,154,-1
570542,38,852,16526,-14,-278,91,62,150,-1
570556,6,806,16561,-16,-281,90,65,147,-5
570570,-13,790,16539,-18,-284,83,66,150,-4
570584,-21,782,16573,-9,-274,82,65,148,1
570598,-16,807,16574,-12,-278,86,66,149,-3
570612,14,867,16540,-20,-281,80,62,152,-5
570626,26,880,16542,-16,-273,82,66,152,-5
570640,42,826,16499,-17,-281,90,68,153,-7
570654,32,810,16555,-18,-278,87,66,153,-3
570668,7,786,16517,-21,-275,87,65,151,-7
570682,5,801,16618,-21,-279,84,67,150,-7
570696,-15,827,16515,-16,-279,86,68,149,-6
570710,4,839,16504,-20,-287,88,66,153,-3
570724,25,862,16516,-15,-281,85,65,149,-3
570738,30,856,16521,-12,-278,84,62,152,-4
570752,26,839,16570,-17,-276,86,63,153,-8
570766,18,810,16565,-19,-274,90,64,148,-6
570780,2,790,16555,-13,-279,88,64,149,-3
570794,4,803,16542,-18,-283,85,63,153,-5
570808,24,829,16543,-21,-281,81,67,152,-8
570822,31,845,16541,-18,-277,86,67,152,-6
570836,29,845,16552,-23,-281,84,64,149,-9
570850,22,837,16556,-18,-276,81,63,147,-6
570864,11,806,16533,-17,-279,86,63,150,-4
570878,-4,801,16557,-15,-280,90,64,150,-3
570892,-10,801,16553,-22,-278,88,64,154,-5
570906,0,819,16554,-20,-278,86,61,151,-5
570920,2,839,16547,-22,-277,84,60,153,-4
570934,28,836,16548,-19,-278,84,64,150,-2
570948,31,830,16545,-22,-276,83,66,153,-7
570962,22,815,16555,-18,-275,86,66,153,-8
570976,23,810,16544,-17,-276,88,66,152,-6
570990,-4,806,16539,-15,-280,87,67,147,-5
571004,-6,815,16547,-15,-280,86,64,155,-5
571018,3,849,16551,-19,-276,86,63,152,-3
571032,11,854,16552,-15,-278,88,68,148,1
571046,18,837,16550,-21,-283,85,70,150,-3
571060,25,830,16551,-18,-283,88,67,152,-5
571074,29,795,16553,-18,-278,87,63,152,-1
571088,24,802,16570,-15,-277,90,66,153,1
571102,7,810,16548,-25,-280,87,65,150,-6
571116,10,818,16549,-15,-279,83,65,153,-6
571130,9,843,16553,-19,-276,86,66,150,-5
571144,16,845,16539,-17,-279,82,65,147,-3
571158,24,828,16551,-14,-278,84,65,148,-4
571172,20,807,16543,-16,-277,85,65,153,-4
571186,23,797,16550,-14,-276,82,68,152,-5
571200,17,803,16548,-16,-279,81,64,151,-4
571214,19,829,16540,-17,-280,85,65,152,-4
571228,28,837,16552,-21,-282,87,68,154,-7
571242,27,835,16542,-18,-278,86,66,149,-4
571256,17,842,16540,-18,-275,87,64,150,-5
571270,22,821,16544,-17,-283,89,66,149,-6
571284,18,814,16536,-14,-275,94,64,147,-6
571298,4,806,16562,-25,-279,88,65,146,-2
571312,-5,814,16544,-21,-278,84,68,147,-5
571326,12,819,16547,-16,-276,85,69,153,-3
571340,17,836,16565,-20,-279,88,65,150,-3
571354,22,837,16548,-15,-281,88,66,149,-5
571368,17,826,16558,-22,-276,84,65,153,-2
571382,16,823,16540,-19,-281,84,65,151,-3
571396,10,804,16538,-11,-279,86,63,151,-2
571410,6,812,16533,-16,-289,88,67,150,-3
571424,-3,819,16549,-15,-281,83,64,152,-2
571438,10,832,16537,-22,-281,84,62,148,-2
571452,11,839,16548,-20,-277,88,63,148,-4
571466,14,832,16542,-19,-276,85,67,149,-3
571480,8,820,16539,-18,-275,89,65,149,-3
571494,9,812,16541,-19,-278,83,63,152,-6
571508,7,810,16547,-16,-278,83,67,148,-3
571522,4,815,16549,-14,-278,88,66,152,-4
571536,24,823,16549,-15,-277,90,69,153,-4
571550,17,832,16545,-20,-280,85,64,153,-4
571564,16,824,16552,-22,-280,84,63,152,-6
571578,5,824,16548,-22,-285,88,63,149,-2
571592,1,821,16554,-16,-280,83,67,156,-2
571606,3,821,16554,-17,-282,79,67,149,-2
571620,1,819,16540,-20,-276,85,67,156,-6
571634,11,822,16544,-17,-276,85,69,154,-5
571648,24,829,16542,-16,-277,84,67,152,-4
571662,27,831,16552,-16,-281,88,68,154,-3
571676,8,823,16558,-19,-281,84,63,152,-4
571690,7,825,16554,-17,-276,85,64,151,-7
571704,12,823,16553,-18,-277,83,65,154,-5
571718,24,824,16560,-20,-277,83,68,151,-3
571732,29,820,16539,-21,-279,88,65,151,-4
571746,23,805,16539,-24,-280,82,63,149,-4
571760,13,800,16548,-21,-281,85,64,149,-1
571774,16,811,16543,-21,-280,83,65,148,-2
571788,4,822,16558,-15,-278,93,67,153,-3
571802,-9,844,16566,-15,-275,88,65,152,-4
571816,-19,856,16555,-15,-280,84,67,148,-1
571830,-3,845,16552,-14,-279,85,68,151,-3
571844,11,838,16557,-17,-275,89,67,152,-6
571858,39,804,16548,-16,-281,87,66,153,-5
571872,38,800,16552,-13,-282,85,68,153,-4
571886,35,808,16547,-20,-280,88,67,149,-3
571900,17,829,16546,-22,-280,86,64,154,-4
571914,-7,848,16545,-21,-276,87,66,152,-3
571928,-14,849,16529,-19,-276,84,66,150,-1
571942,4,842,16548,-17,-278,86,64,150,-5
571956,6,828,16552,-14,-279,85,63,148,-2
571970,20,807,16561,-17,-279,90,67,153,-7
571984,22,811,16541,-14,-277,89,63,153,-5
571998,33,822,16559,-16,-277,91,65,150,-4
572012,34,831,16561,-19,-276,90,66,149,-6
572026,16,831,16541,-16,-281,86,67,151,-4
572040,16,828,16545,-17,-274,82,61,152,-5
572054,2,821,16550,-16,-280,84,61,150,-5
572068,1,820,16551,-16,-279,83,65,150,-2
572082,-6,816,16558,-16,-277,83,63,151,-2
572096,2,816,16547,-16,-283,84,68,153,-4
572110,11,822,16545,-20,-284,89,66,154,-4
572124,17,816,16552,-19,-277,88,64,152,-2
572138,35,805,16548,-13,-273,88,64,148,-5
572152,33,802,16545,-20,-277,88,65,146,-2
572166,23,815,16555,-18,-279,83,68,153,-6
572180,7,824,16542,-19,-277,86,65,155,-5
572194,-6,832,16553,-15,-278,91,64,153,-5
572208,-20,839,16557,-16,-284,87,64,148,-4
572222,-19,837,16541,-17,-278,80,62,153,-4
572236,8,828,16555,-17,-272,84,67,151,-4
572250,32,817,16535,-15,-279,83,66,155,-4
572264,46,794,16531,-18,-286,85,66,155,-1
572278,32,795,16553,-13,-281,89,63,152,-7
572292,7,809,16540,-20,-280,92,65,152,-4
572306,5,840,16543,-17,-280,86,65,152,-3
572320,-16,860,16558,-21,-278,86,66,148,-2
572334,-7,855,16552,-19,-278,81,66,150,-5
572348,22,821,16547,-13,-279,80,64,150,-2
572362,30,804,16550,-18,-280,84,63,149,-2
572376,39,789,16548,-18,-276,85,64,149,-2
572390,29,800,16555,-17,-274,88,65,151,-5
572404,-2,832,16556,-13,-276,91,66,151,-5
572418,-5,834,16556,-15,-278,86,63,147,-5
572432,-9,849,16556,-16,-279,82,62,149,-8
572446,4,837,16546,-15,-283,79,65,149,-4
572460,16,819,16541,-17,-283,82,65,149,-6
572474,24,805,16557,-19,-278,84,65,154,-5
572488,36,796,16551,-15,-279,86,67,149,-3
572502,38,805,16549,-14,-279,92,62,153,-3
572516,6,818,16541,-19,-282,93,64,150,-2
572530,8,832,16542,-20,-278,91,64,149,-4
572544,-21,851,16558,-16,-281,87,64,149,-4
572558,-12,859,16550,-16,-276,88,65,148,-6
572572,17,826,16547,-15,-277,75,68,154,-4
572586,27,803,16550,-17,-278,81,68,153,-4
572600,43,788,16542,-16,-281,88,67,151,-5
572614,39,790,16539,-16,-278,84,66,150,-3
572628,29,809,16541,-20,-277,90,62,154,-5
572642,7,823,16547,-25,-281,86,64,152,-6
572656,-6,843,16554,-18,-283,89,65,149,-4
572670,-26,862,16549,-18,-279,82,69,147,-4
572684,-21,855,16571,-21,-276,83,67,152,-3
572698,-2,815,16545,-23,-281,86,67,150,-4
572712,17,802,16530,-16,-281,89,65,150,-4
572726,48,789,16549,-19,-277,90,61,153,-6
572740,48,795,16544,-14,-279,87,61,155,-3
572754,37,829,16533,-18,-279,87,66,149,-7
572768,32,848,16541,-24,-280,81,65,149,-6
572782,2,851,16550,-18,-280,86,60,149,-3
572796,-13,848,16539,-22,-277,91,63,147,-3
572810,-21,830,16570,-18,-286,91,63,148,-4
572824,-14,822,16559,-15,-274,90,66,150,-6
572838,18,814,16540,-19,-277,87,65,149,-6
572852,29,818,16551,-22,-281,89,64,152,-3
572866,45,824,16536,-13,-277,84,69,148,-3
572880,44,828,16559,-13,-283,84,64,152,-3
572894,26,837,16538,-18,-281,89,65,152,-2
572908,14,837,16534,-19,-281,89,64,147,-1
572922,-11,825,16556,-24,-281,89,66,150,-4
572936,-11,829,16546,-19,-278,86,65,147,-3
572950,-4,829,16552,-20,-277,87,69,144,-5
572964,0,836,16546,-26,-275,84,65,150,-8
572978,15,833,16530,-19,-281,87,66,152,-9
572992,24,818,16539,-23,-281,85,65,153,1
573006,24,806,16541,-21,-277,88,68,149,-1
573020,25,806,16538,-23,-275,85,70,149,-5
573034,19,807,16554,-16,-279,85,66,153,-4
573048,17,820,16550,-14,-282,82,68,152,-5
573062,15,854,16548,-23,-278,85,65,150,-2
573076,17,855,16549,-21,-285,88,67,147,-4
573090,9,831,16542,-23,-283,87,67,148,-6
573104,-9,812,16549,-19,-275,82,65,152,-5
573118,-9,812,16542,-15,-277,86,66,152,-1
573132,10,808,16539,-13,-280,83,68,148,-4
573146,27,815,16554,-23,-279,85,71,150,-3
573160,45,813,16529,-17,-285,89,69,149,-5
573174,47,820,16555,-27,-276,84,67,149,-3
573188,19,832,16543,-22,-277,87,67,149,-4
573202,6,832,16529,-17,-275,82,64,153,-4
573216,-11,830,16555,-21,-274,87,68,154,-7
573230,-15,817,16552,-21,-273,83,65,155,-4
573244,-1,822,16537,-19,-281,86,66,150,-4
573258,8,817,16543,-15,-273,86,67,156,-4
573272,28,823,16530,-17,-275,89,66,150,-6
573286,29,829,16537,-19,-278,90,69,152,-6
573300,15,816,16545,-17,-276,80,66,153,-2
573314,15,820,16541,-20,-280,85,64,154,-2
573328,8,817,16549,-15,-275,85,66,154,-1
573342,3,823,16546,-14,-278,84,61,150,-4
573356,18,825,16542,-13,-281,84,64,153,-2
573370,21,822,16535,-13,-276,83,64,152,-6
573384,15,829,16547,-18,-279,83,65,146,-3
573398,9,827,16545,-17,-279,83,68,147,-2
573412,11,823,16542,-20,-278,79,63,153,-3
573426,14,825,16537,-15,-279,89,63,152,-2
573440,9,809,16541,-15,-280,85,64,153,-3
573454,14,808,16555,-18,-276,82,66,153,-1
573468,9,816,16535,-8,-277,86,66,149,-6
573482,14,831,16541,-15,-277,83,65,150,-6
573496,15,844,16542,-17,-277,88,66,149,-4
573510,12,846,16537,-13,-281,85,66,150,-5
573524,4,832,16544,-15,-282,87,64,150,-1
573538,9,826,16544,-13,-280,79,63,153,1
573552,26,812,16539,-12,-279,85,67,152,-4
573566,35,796,16541,-16,-282,86,67,153,-6
573580,27,805,16532,-13,-276,86,66,154,-3
573594,15,836,16539,-14,-284,89,66,152,-4
573608,12,844,16541,-16,-279,91,65,150,-3
573622,-6,838,16532,-22,-277,88,65,150,-3
573636,3,829,16549,-17,-280,86,65,149,-3
573650,19,812,16540,-12,-280,84,70,152,-1
573664,25,799,16539,-18,-282,83,68,152,-2
573678,29,799,16547,-14,-285,89,66,156,-3
573692,30,800,16538,-19,-278,91,66,150,-3
573706,6,841,16539,-23,-280,89,68,154,-4
573720,-6,847,16547,-24,-277,87,66,150,-5
573734,-9,842,16537,-20,-279,87,64,150,-4
573748,0,836,16540,-21,-282,82,64,151,-6
573762,11,817,16548,-20,-277,86,64,155,-6
573776,22,811,16540,-15,-279,86,65,155,-2
573790,26,807,16551,-20,-280,88,63,147,-5
573804,25,814,16551,-12,-281,85,65,150,-1
573818,22,833,16537,-16,-278,85,65,154,-1
573832,12,828,16548,-17,-280,88,67,150,-5
573846,11,832,16537,-12,-281,86,68,148,-5
573860,17,829,16542,-17,-281,86,67,149,-5
573874,-1,825,16550,-17,-281,89,66,150,-7
573888,6,824,16539,-21,-275,90,68,149,2
573902,3,824,16544,-18,-276,82,69,152,-2
573916,11,815,16541,-16,-276,89,67,148,-1
573930,16,825,16546,-15,-276,86,63,152,-1
573944,25,824,16556,-19,-282,83,64,152,-4
573958,35,820,16542,-13,-282,85,67,153,-5
573972,25,827,16543,-13,-278,84,67,150,-5
573986,18,831,16540,-17,-278,87,67,152,-4
574000,1,833,16553,-18,-280,88,67,150,1
574014,-7,834,16553,-19,-279,86,66,152,1
574028,0,825,16551,-13,-281,86,67,148,-5
574042,9,824,16537,-21,-276,80,65,150,-9
574056,27,813,16545,-24,-279,87,62,153,-4
574070,33,813,16551,-16,-279,83,64,149,-4
574084,35,815,16538,-19,-274,88,64,147,-5
574098,32,816,16542,-13,-278,87,64,147,-3
574112,5,827,16535,-20,-284,89,64,145,-4
574126,6,830,16552,-17,-276,80,63,153,-3
574140,6,829,16535,-23,-275,85,66,149,-3
574154,8,826,16537,-19,-276,89,66,150,-7
574168,10,828,16541,-14,-281,88,66,152,-4
574182,19,818,16540,-15,-282,88,63,149,-4
574196,17,801,16551,-18,-281,89,68,154,-3
574210,15,795,16545,-22,-278,90,65,152,-2
574224,27,818,16541,-19,-280,81,63,153,-2
574238,24,826,16550,-16,-278,85,63,150,-1
574252,16,831,16547,-18,-274,86,62,150,-2
574266,18,827,16540,-19,-279,87,65,154,-1
574280,14,824,16553,-16,-277,86,65,149,-3
574294,8,828,16546,-17,-276,85,66,148,-6
574308,-5,825,16551,-14,-285,81,65,152,-6
574322,2,814,16547,-15,-278,84,69,154,-4
574336,6,817,16548,-19,-278,82,59,155,-6
574350,15,816,16551,-16,-277,82,64,154,-9
574364,18,816,16543,-25,-281,84,70,152,-4
574378,20,830,16539,-26,-282,89,61,148,-5
574392,26,846,16547,-18,-281,86,63,149,-3
574406,14,849,16553,-17,-274,86,63,150,-5
574420,14,841,16544,-19,-278,86,65,148,-4
574434,-15,822,16550,-19,-276,84,62,149,-4
574448,-13,810,16529,-19,-279,84,65,150,-2
574462,9,806,16540,-17,-279,91,66,152,-6
574476,28,807,16552,-16,-281,82,66,149,-3
574490,40,825,16540,-14,-277,86,62,145,-1
574504,35,832,16546,-18,-280,89,65,148,-2
574518,16,841,16542,-17,-273,88,69,148,-6
574532,3,847,16540,-19,-279,88,65,150,-3
574546,-7,812,16553,-15,-278,82,67,154,-4
574560,-5,801,16545,-17,-278,83,70,153,-3
574574,16,800,16537,-11,-276,85,66,150,-2
574588,28,796,16551,-16,-276,89,66,147,-2
574602,36,819,16542,-19,-279,86,67,148,-4
574616,29,828,16547,-15,-282,85,69,150,-3
574630,-8,833,16542,-13,-278,82,65,149,-2
574644,-6,826,16545,-15,-283,83,64,154,-5
574658,-2,813,16549,-22,-285,84,65,152,-5
574672,4,813,16554,-18,-272,86,64,149,-4
574686,21,825,16534,-16,-277,78,62,147,-5
574700,34,832,16540,-20,-281,87,63,145,-8
574714,25,829,16533,-15,-277,87,66,153,-5
574728,20,825,16543,-23,-286,87,61,150,-4
574742,3,809,16547,-18,-275,85,62,146,-4
574756,1,806,16542,-12,-278,84,66,149,-8
574770,6,821,16540,-18,-279,82,67,150,-7
574784,17,830,16549,-19,-280,82,64,153,-4
574798,13,836,16537,-19,-279,81,66,152,-3
574812,18,837,16542,-16,-279,80,66,152,-2
574826,12,824,16558,-19,-280,84,68,153,-10
574840,2,813,16560,-16,-276,85,66,155,-5
574854,6,803,16543,-15,-278,82,66,149,-6
574868,17,807,16536,-19,-276,86,66,148,-5
574882,22,818,16542,-16,-271,88,68,149,-1
574896,20,822,16538,-15,-279,89,69,157,-5
574910,16,834,16557,-18,-280,87,66,154,-6
574924,9,836,16548,-16,-278,85,65,148,-3
574938,2,829,16539,-18,-281,86,64,146,-3
574952,1,810,16565,-21,-282,88,65,146,-7
574966,8,813,16552,-25,-277,83,69,150,-6
574980,18,822,16553,-13,-283,85,70,148,-4
574994,30,821,16556,-14,-283,84,62,148,-3
575008,27,842,16543,-17,-286,83,61,153,-4
575022,13,834,16546,-22,-281,89,66,150,-3
575036,-5,817,16543,-15,-279,87,66,151,-4
575050,-5,806,16547,-17,-279,87,63,150,-3
575064,4,809,16542,-18,-280,89,65,147,-5
575078,15,817,16548,-14,-282,88,65,148,-6
575092,21,828,16522,-18,-281,85,67,152,-5
575106,18,821,16537,-22,-274,84,66,152,-4
575120,11,826,16544,-16,-276,87,66,152,-4
575134,9,827,16548,-15,-282,83,64,150,-3
575148,6,816,16547,-18,-275,82,64,152,-3
575162,1,817,16543,-18,-281,81,67,148,-5
575176,9,825,16546,-17,-281,85,68,147,-6
575190,15,820,16547,-16,-280,86,68,150,-5
575204,18,833,16548,-18,-277,87,69,155,-2
575218,18,839,16543,-22,-275,87,68,150,-3
575232,16,828,16550,-20,-278,86,66,154,1
575246,19,813,16549,-16,-281,89,64,150,-2
575260,22,810,16548,-19,-284,79,64,155,-7
575274,-3,811,16548,-19,-274,86,63,150,-5
575288,-4,809,16543,-17,-276,87,67,153,-2
575302,13,821,16557,-14,-279,83,64,151,-3
575316,16,836,16550,-17,-278,89,64,149,-4
575330,12,851,16548,-17,-276,86,62,148,-2
575344,2,843,16539,-21,-276,91,63,149,-4
575358,11,815,16542,-19,-277,93,61,148,-3
575372,22,802,16547,-21,-280,86,66,152,-3
575386,13,809,16558,-18,-277,89,66,150,-4
575400,21,820,16545,-18,-278,86,68,150,-5
575414,8,827,16552,-21,-283,86,66,147,-5
575428,3,831,16558,-18,-279,84,64,149,-4
575442,9,824,16536,-17,-278,87,67,150,-6
575456,0,819,16547,-17,-277,88,69,150,-5
575470,10,811,16552,-29,-281,85,63,147,-7
575484,11,824,16552,-19,-280,81,65,148,-7
575498,28,834,16564,-15,-276,86,67,152,-5
575512,25,838,16558,-16,-281,87,65,152,-2
575526,21,832,16542,-23,-280,85,65,153,-4
575540,26,829,16556,-19,-276,85,67,150,-4
575554,11,812,16556,-19,-279,83,63,149,-4
575568,3,818,16559,-20,-281,85,63,147,-4
575582,3,826,16550,-16,-279,89,62,154,-6
575596,12,829,16548,-15,-282,86,63,155,-8
575610,6,829,16560,-16,-277,89,64,153,-7
575624,18,825,16549,-16,-279,82,64,152,-7
575638,3,809,16559,-14,-279,88,62,149,-5
575652,1,813,16554,-17,-278,86,67,150,-3
575666,7,822,16548,-16,-274,85,66,152,-2
575680,18,839,16554,-18,-276,83,65,149,-4
575694,17,843,16540,-19,-282,89,65,153,-4
575708,30,836,16540,-17,-281,87,68,152,-7
575722,39,806,16548,-19,-280,82,62,150,-4
575736,24,792,16543,-21,-278,91,60,149,-5
575750,26,792,16559,-17,-277,84,64,154,-6
575764,-1,819,16563,-17,-277,90,66,152,-4
575778,-9,828,16541,-18,-274,88,64,150,-1
575792,-3,844,16547,-17,-273,82,64,152,1
575806,4,842,16553,-15,-278,80,62,152,1
575820,18,819,16541,-12,-280,80,66,152,-3
575834,25,802,16566,-18,-279,81,65,152,-2
575848,23,800,16548,-13,-273,84,64,150,-5
575862,25,809,16550,-15,-279,87,64,150,-5
575876,2,845,16550,-16,-280,91,63,149,-3
575890,-1,852,16544,-20,-279,88,68,148,-4
575904,10,847,16548,-16,-276,87,67,147,-6
575918,2,830,16544,-15,-280,87,65,152,-1
575932,-5,798,16545,-19,-282,88,67,151,-1
575946,7,797,16546,-18,-279,88,65,152,-5
575960,3,816,16547,-20,-285,90,63,153,-3
575974,13,825,16549,-13,-276,85,64,154,-6
575988,23,844,16543,-12,-275,90,70,150,-4
576002,26,840,16548,-12,-281,88,68,149,-3
576016,18,821,16529,-21,-273,85,65,152,-5
576030,8,804,16542,-14,-278,84,65,147,-6
576044,8,789,16541,-13,-284,87,63,151,-3
576058,-5,803,16539,-18,-280,88,66,153,-9
576072,-3,845,16560,-19,-284,89,66,154,-5
576086,-7,866,16541,-18,-276,96,66,154,-3
576100,10,873,16548,-19,-277,84,66,148,-6
576114,23,854,16538,-20,-282,88,66,150,-4
576128,36,787,16553,-23,-278,89,64,148,-4
576142,34,766,16565,-18,-280,85,65,150,-6
576156,34,778,16547,-16,-281,87,65,152,-2
576170,21,803,16541,-15,-283,89,64,147,-3
576184,14,861,16555,-28,-281,91,65,147,-5
576198,-4,876,16551,-23,-282,87,67,149,-8
576212,-6,881,16546,-17,-277,82,61,149,-6
576226,-11,830,16545,-17,-283,82,65,147,-3
576240,-6,794,16542,-23,-277,84,65,151,-6
576254,21,774,16548,-18,-277,87,63,153,-6
576268,35,782,16555,-18,-283,85,63,148,-6
576282,44,830,16534,-20,-279,91,65,150,-6
576296,35,853,16547,-17,-278,91,71,151,-3
576310,14,872,16557,-16,-286,83,70,151,-4
576324,-12,861,16547,-20,-281,83,67,150,-4
576338,-20,811,16566,-16,-278,87,66,149,-5
576352,-11,803,16565,-14,-279,86,69,150,-4
576366,8,797,16547,-18,-277,86,66,150,-8
576380,27,800,16551,-21,-277,85,63,148,-5
576394,31,832,16537,-20,-280,87,62,149,1
576408,32,842,16536,-22,-281,88,65,150,-4
576422,26,844,16550,-21,-274,84,64,149,-2
576436,23,840,16540,-26,-278,85,65,149,-5
576450,-16,811,16550,-24,-278,84,64,148,-6
576464,-19,803,16552,-20,-283,85,65,151,-7
576478,0,806,16557,-18,-284,86,67,152,-7
576492,5,820,16556,-20,-275,87,67,153,-7
576506,30,856,16554,-19,-281,89,68,154,-1
576520,20,851,16554,-16,-279,84,65,150,-3
576534,20,822,16552,-19,-275,89,64,149,-6
576548,22,799,16548,-13,-278,88,67,148,-3
576562,22,795,16558,-21,-281,86,67,152,-4
576576,12,805,16555,-19,-276,82,65,152,-3
576590,8,856,16547,-12,-284,90,66,155,-5
576604,8,867,16540,-17,-278,87,64,153,-5
576618,1,852,16554,-18,-279,82,67,152,-2
576632,-11,823,16549,-15,-276,83,67,153,-5
576646,-8,800,16557,-17,-276,89,65,145,-7
576660,4,776,16562,-14,-277,89,65,149,-6
576674,3,811,16559,-21,-281,91,66,153,-4
576688,20,875,16559,-19,-277,92,66,154,-3
576702,31,887,16553,-23,-277,90,65,150,-4
576716,36,855,16543,-17,-280,85,63,149,-5
576730,36,818,16543,-17,-278,81,62,149,-8
576744,30,766,16550,-18,-279,81,65,152,-4
576758,16,757,16539,-12,-278,85,65,149,-6
576772,1,793,16563,-20,-283,86,66,149,-5
576786,-12,830,16570,-22,-281,90,66,152,-2
576800,-32,892,16552,-24,-279,92,65,153,-3
576814,-31,899,16563,-22,-281,84,65,154,-5
576828,0,839,16559,-19,-279,85,68,153,-4
576842,17,796,16552,-21,-276,82,67,153,-7
576856,45,732,16551,-18,-275,81,68,148,-2
576870,57,740,16527,-16,-281,83,67,147,-2
576884,51,817,16555,-15,-275,92,64,149,-6
576898,18,857,16550,-18,-284,97,66,148,-4
576912,-35,925,16540,-20,-283,89,66,152,-1
576926,-44,909,16552,-19,-278,86,65,150,-7
576940,-63,823,16549,-15,-280,82,68,148,-6
576954,-45,788,16536,-21,-278,86,65,150,-7
576968,28,755,16557,-14,-272,86,65,151,-5
576982,60,756,16540,-19,-279,90,65,149,-5
576996,95,807,16551,-20,-278,90,66,146,-6
577010,82,838,16554,-17,-277,87,65,148,-9
577024,36,868,16538,-12,-279,84,67,150,-6
577038,-4,858,16549,-17,-279,83,65,153,-8
577052,-42,823,16554,-22,-281,86,66,152,-7
577066,-84,806,16547,-20,-276,86,64,152,-6
577080,-76,810,16543,-21,-276,90,67,153,-4
577094,-18,841,16552,-20,-275,88,67,149,-5
577108,14,852,16538,-23,-281,84,68,149,-1
577122,77,846,16550,-20,-275,85,66,150,-6
577136,91,825,16540,-12,-277,85,64,150,-5
577150,73,779,16542,-16,-279,89,65,150,-3
577164,37,772,16546,-19,-277,86,64,147,-3
577178,-16,802,16548,-21,-285,85,65,152,-6
577192,-39,834,16557,-15,-278,85,69,148,-7
577206,-55,882,16551,-15,-279,87,68,145,-5
577220,-47,880,16545,-16,-277,89,66,150,-6
577234,2,848,16552,-23,-275,86,62,148,-5
577248,29,813,16562,-20,-281,85,63,148,-3
577262,66,773,16544,-24,-282,94,66,148,-7
577276,70,768,16562,-17,-278,85,66,147,-4
577290,51,799,16543,-20,-278,90,65,150,-3
577304,31,836,16547,-18,-280,91,68,156,-5
577318,-19,878,16553,-17,-279,87,62,152,-5
577332,-21,881,16551,-17,-273,88,67,152,-5
577346,-36,846,16555,-19,-281,86,64,153,-5
577360,-28,820,16549,-14,-279,86,65,151,-5
577374,11,798,16549,-22,-277,83,67,149,-4
577388,31,801,16544,-21,-279,87,67,150,-2
577402,51,822,16556,-22,-273,87,63,150,-6
577416,54,824,16546,-21,-277,92,64,152,-8
577430,34,844,16559,-20,-285,87,67,153,-5
577444,15,835,16549,-18,-279,86,67,148,-5
577458,-9,819,16552,-17,-285,85,65,148,-3
577472,-31,815,16550,-18,-280,82,65,153,-5
577486,-30,825,16557,-14,-276,85,68,150,-2
577500,-23,833,16553,-18,-280,85,70,150,-5
577514,-2,849,16548,-21,-279,83,67,150,-3
577528,20,847,16532,-20,-274,86,67,149,-4
577543,40,819,16543,-17,-279,87,65,149,-5
577557,35,797,16540,-19,-274,86,63,148,-5
577572,30,781,16543,-16,-276,88,66,150,-3
577586,21,795,16545,-23,-279,90,66,150,-1
577601,14,840,16536,-20,-279,89,69,150,-3
577615,-1,846,16541,-19,-276,90,70,152,-4
577629,-14,846,16550,-18,-279,84,68,153,-4
577643,-14,853,16564,-18,-277,82,64,149,-4
577657,-2,837,16558,-18,-279,84,63,149,-7
577671,9,810,16562,-16,-282,86,65,147,1
577685,17,799,16548,-22,-277,82,63,149,-2
577699,27,804,16571,-16,-281,84,65,154,-3
577714,28,805,16536,-15,-282,80,68,148,-3
577728,34,824,16551,-21,-281,88,68,152,-4
577743,20,838,16540,-21,-281,88,61,150,-5
577757,16,848,16540,-18,-277,88,62,149,-2
577771,-1,842,16558,-18,-276,86,64,152,-3
577785,-10,825,16552,-20,-282,86,63,151,-6
577800,-7,809,16546,-15,-276,91,64,150,-5
577814,-10,811,16549,-17,-280,84,66,154,-5
577828,13,833,16544,-21,-286,86,66,153,-2
577843,22,834,16535,-15,-280,87,67,153,-3
577857,45,819,16552,-19,-276,83,64,152,-4
577872,44,807,16553,-17,-281,87,63,150,-7
577886,18,808,16554,-18,-277,82,65,152,-5
577901,9,808,16554,-18,-277,90,67,149,-5
577915,-4,814,16564,-18,-281,85,64,148,-5
577929,-9,846,16553,-24,-281,85,67,152,-6
577943,-4,862,16552,-22,-281,85,66,152,-4
577957,-5,862,16526,-24,-284,83,62,148,-3
577971,6,850,16542,-25,-276,86,67,149,-4
577985,12,837,16551,-18,-273,86,68,149,-5
578000,18,779,16546,-20,-282,83,64,150,-3
578014,32,769,16536,-21,-275,86,67,152,1
578028,42,802,16543,-20,-275,87,64,147,-4
578042,50,837,16537,-14,-282,89,63,147,-5
578056,28,884,16536,-18,-283,89,64,152,-10
578070,10,879,16555,-20,-275,84,65,149,-7
578085,-32,823,16560,-20,-278,85,65,149,-7
578099,-36,788,16542,-20,-273,84,68,154,-4
578113,-17,791,16556,-17,-277,91,71,150,-5
578128,34,809,16542,-16,-277,86,64,149,-4
578142,59,825,16540,-21,-280,87,65,149,-6
578156,62,846,16565,-18,-279,87,64,152,-4
578170,39,836,16533,-12,-277,85,70,150,-5
578184,23,824,16556,-18,-284,83,68,151,-8
578198,-21,811,16528,-18,-275,87,63,148,-6
578212,-28,815,16585,-18,-282,85,64,149,-3
578227,-21,819,16555,-10,-277,90,66,150,-4
578241,12,840,16562,-21,-280,87,66,152,-6
578255,28,851,16563,-16,-282,86,66,152,-4
578270,41,838,16549,-16,-276,86,70,152,-7
578284,41,821,16557,-18,-275,88,68,150,-7
578299,21,800,16556,-18,-282,82,64,151,-6
578313,15,796,16561,-17,-280,89,65,153,-8
578327,-10,806,16556,-16,-280,87,67,147,-2
578341,-5,815,16562,-17,-280,86,66,146,-3
578355,-2,854,16544,-22,-276,87,66,149,-5
578369,5,860,16543,-21,-280,85,67,152,-4
578383,11,834,16552,-22,-276,86,64,150,-2
578397,8,822,16558,-18,-277,83,69,152,-6
578411,8,790,16543,-20,-279,83,68,149,-5
578425,11,797,16543,-15,-279,84,67,151,-2
578439,11,815,16568,-18,-283,84,67,150,-7
578454,9,832,16541,-16,-283,88,65,150,-6
578468,22,852,16557,-19,-276,83,64,150,-2
578482,18,848,16550,-17,-282,87,65,150,-3
578496,3,825,16552,-12,-282,84,69,152,-3
578510,-6,803,16562,-14,-280,82,67,151,-3
578524,-18,797,16551,-19,-278,88,67,152,-3
578538,5,807,16573,-12,-279,90,66,152,-1
578552,21,838,16528,-18,-279,83,66,152,-3
578566,45,831,16559,-21,-276,87,67,147,-8
578580,48,821,16557,-16,-280,83,67,147,-8
578594,35,808,16527,-14,-279,83,65,151,-6
578608,28,809,16570,-16,-281,87,66,153,-5
578622,-12,832,16556,-22,-279,85,64,156,-6
578637,-20,840,16550,-16,-281,80,65,149,-4
578651,-26,832,16565,-12,-279,84,68,150,-2
578665,-23,818,16545,-12,-277,81,65,150,-4
578679,12,822,16561,-17,-278,80,68,149,-5
578693,33,827,16543,-16,-279,82,69,149,-5
578707,62,821,16539,-21,-279,84,66,153,-6
578721,54,826,16539,-21,-277,86,63,154,-9
578735,11,821,16545,-18,-280,88,64,147,-4
578749,-6,818,16555,-22,-282,91,65,150,-3
578763,-27,813,16554,-17,-280,87,68,156,-3
578778,-17,826,16547,-20,-278,88,70,149,-7
578792,2,830,16553,-14,-277,83,70,146,-5
578806,27,833,16549,-16,-277,80,68,150,-5
578820,59,836,16548,-19,-276,86,65,153,-7
578834,53,827,16560,-12,-279,84,67,148,-7
578848,12,804,16575,-19,-285,88,65,149,-4
578862,7,802,16567,-18,-281,88,66,149,-6
578876,-12,829,16550,-22,-284,86,66,149,-2
578890,-15,850,16551,-16,-276,89,67,151,-4
578904,-7,864,16557,-16,-279,85,68,154,-6
578918,-6,849,16562,-17,-277,81,68,152,-6
578932,24,814,16544,-19,-280,88,66,148,-6
578947,24,796,16562,-18,-280,83,67,150,-8
578961,29,797,16546,-18,-280,87,67,149,-5
578975,41,811,16547,-19,-276,84,65,148,-7
578989,42,836,16548,-19,-276,83,66,153,-5
579004,34,850,16541,-13,-280,88,66,154,-6
579018,-11,849,16549,-19,-282,88,67,152,-2
579032,-14,836,16560,-17,-280,86,65,150,-1
579046,-10,822,16546,-18,-281,78,66,149,-1
579060,-15,815,16544,-19,-278,86,64,152,-1
579074,10,819,16557,-18,-278,86,67,155,-5
579089,31,826,16542,-17,-277,82,65,153,-6
579103,56,857,16534,-14,-277,87,65,151,-4
579118,60,844,16565,-14,-271,85,64,150,-4
579132,22,819,16521,-14,-281,82,64,150,-5
579146,8,764,16575,-20,-281,81,64,154,-6
579160,-24,769,16561,-15,-277,84,65,151,-2
579174,-36,791,16546,-16,-281,89,67,150,-3
579188,-6,864,16554,-16,-273,88,67,152,-5
579202,15,894,16541,-13,-281,84,67,146,-4
579217,46,873,16542,-14,-280,83,67,147,-6
579231,56,807,16570,-15,-281,83,65,152,-7
579246,44,763,16563,-18,-271,83,67,152,-10
579260,11,756,16555,-22,-280,90,66,151,-7
579275,-5,775,16544,-18,-283,92,66,152,-6
579289,-35,850,16544,-16,-282,91,65,150,-5
579303,-36,892,16548,-18,-280,86,66,150,-1
579317,-16,902,16543,-19,-276,84,69,150,-2
579331,-6,876,16550,-18,-280,79,67,154,-8
579345,35,783,16552,-13,-281,80,68,151,-2
579360,50,745,16559,-18,-277,80,66,154,-2
579375,64,746,16559,-19,-279,81,64,152,-5
579390,61,781,16558,-17,-280,89,65,149,-3
579404,17,872,16567,-15,-276,85,69,150,-4
579419,-1,899,16549,-16,-282,85,68,153,-3
579433,-26,880,16560,-20,-281,81,65,151,-7
579447,-28,856,16570,-15,-278,80,69,148,-8
579461,-15,783,16544,-17,-281,81,67,154,-4
579475,6,771,16555,-15,-279,84,63,153,-6
579489,22,783,16560,-19,-276,90,63,149,-6
579504,30,813,16548,-20,-279,91,68,151,-4
579519,48,867,16559,-12,-283,87,67,152,-4
579534,23,856,16538,-16,-278,83,65,150,-5
579549,14,833,16545,-19,-282,84,67,151,-7
579564,1,778,16550,-21,-274,80,64,153,-6
579578,-1,786,16555,-13,-275,88,62,152,-6
579592,-16,814,16557,-17,-281,91,64,152,-9
579606,-16,838,16549,-14,-275,93,62,152,-3
579621,-6,872,16565,-13,-277,87,66,154,-6
579635,8,860,16568,-18,-275,81,68,152,-9
579649,43,824,16545,-16,-280,82,66,154,-6
579664,63,794,16544,-18,-284,85,65,153,-1
579679,42,772,16544,-18,-285,88,63,154,-5
579694,20,801,16560,-15,-286,88,66,151,-5
579709,-5,828,16560,-20,-282,91,66,150,-5
579723,-34,876,16554,-22,-281,85,65,152,-4
579738,-38,886,16563,-24,-282,81,66,152,-6
579753,-10,850,16548,-17,-279,80,71,150,-4
579768,3,822,16560,-17,-277,82,70,152,-7
579782,47,770,16554,-23,-279,86,62,152,-3
579797,53,776,16558,-23,-283,88,62,148,-7
579812,39,798,16556,-21,-281,88,68,151,-3
579827,8,850,16546,-19,-277,88,66,151,-3
579841,-9,868,16546,-21,-278,90,64,152,-5
579855,-25,865,16559,-17,-280,80,64,148,-7
579870,-19,846,16560,-18,-280,83,69,157,-6
579885,3,805,16548,-22,-276,84,70,152,-5
579899,17,794,16546,-23,-273,91,67,152,-5
579914,27,804,16561,-20,-279,86,65,151,-8
579929,28,830,16552,-15,-281,87,67,149,-5
579944,38,838,16551,-21,-279,84,66,148,-4
579959,37,827,16549,-21,-278,80,66,150,-2
579974,28,816,16548,-18,-277,85,66,151,-6
579989,-11,801,16548,-12,-278,87,66,154,-3
580004,-30,805,16560,-15,-280,90,65,151,-5
580018,-52,839,16550,-17,-280,88,64,151,-5
580032,-41,853,16556,-18,-281,87,66,151,-5
580047,18,856,16544,-12,-279,83,64,152,-7
580062,72,815,16549,-18,-279,85,65,153,1
580076,96,795,16558,-19,-280,82,67,152,2
580090,56,768,16555,-14,-274,89,68,154,-5
580105,23,777,16557,-14,-279,88,65,155,-5
580119,-43,830,16559,-18,-278,93,66,148,-5
580134,-60,856,16566,-17,-281,91,65,153,-5
580148,-48,885,16566,-18,-278,85,64,149,-4
580163,-24,870,16571,-21,-283,77,62,148,-5
580178,30,825,16554,-19,-279,83,64,153,-6
580192,54,787,16560,-19,-281,86,64,152,-6
580206,71,760,16546,-18,-277,90,67,153,-7
580220,63,776,16554,-18,-278,87,64,152,-5
580234,32,814,16560,-19,-280,88,68,152,-8
580248,18,840,16558,-16,-275,88,66,151,-3
580262,-39,866,16555,-19,-282,87,64,151,-5
580277,-51,862,16551,-16,-276,86,68,152,-7
580291,-54,836,16548,-20,-279,86,66,152,-5
580306,-43,821,16557,-19,-278,87,64,150,-6
580321,9,803,16570,-15,-281,88,61,150,-9
580335,59,809,16549,-19,-279,86,61,151,-9
580349,82,812,16547,-16,-276,83,67,149,-2
580363,85,825,16550,-20,-282,85,62,152,-2
580377,65,822,16544,-24,-282,86,70,152,-4
580391,37,815,16566,-13,-280,91,70,151,-7
580405,-41,823,16565,-14,-274,90,68,147,-5
580419,-59,838,16560,-19,-279,82,67,148,-6
580434,-71,863,16564,-10,-277,86,68,146,-6
580449,-18,847,16548,-15,-280,88,67,151,-9
580463,26,833,16540,-16,-278,82,67,149,-7
580477,86,809,16554,-22,-278,85,66,151,-4
580491,102,793,16548,-22,-277,82,67,152,-2
580505,80,791,16555,-18,-276,89,69,154,-6
580519,39,796,16549,-22,-281,91,67,150,-5
580533,-28,832,16537,-16,-282,85,67,152,-9
580547,-48,848,16562,-17,-280,87,69,153,-3
580562,-70,875,16549,-15,-280,85,67,151,-3
580577,-62,877,16545,-18,-276,83,67,148,-6
580591,-9,845,16567,-14,-277,84,64,146,-5
580605,29,831,16538,-17,-277,85,67,150,-7
580619,75,785,16569,-16,-277,83,62,152,-7
580633,84,770,16537,-14,-278,80,62,151,-4
580647,75,780,16565,-14,-279,86,66,154,-4
580661,55,803,16561,-15,-281,89,66,156,-4
580675,-3,855,16547,-20,-281,89,65,150,-4
580689,-38,883,16572,-17,-276,92,68,150,-4
580703,-79,892,16554,-13,-276,81,65,150,-4
580717,-77,879,16563,-16,-280,81,61,148,2
580731,-24,807,16576,-14,-275,81,65,153,-1
580745,17,766,16575,-12,-278,79,66,148,-6
580759,58,766,16556,-18,-280,85,65,150,-3
580773,100,789,16549,-18,-274,86,64,152,-3
580787,97,809,16552,-23,-280,89,67,152,-3
580801,47,858,16566,-20,-280,86,67,151,-5
580815,8,861,16562,-21,-277,90,67,151,-3
580829,-54,851,16570,-16,-282,86,66,153,-2
580843,-64,846,16567,-21,-278,83,64,154,-1
580857,-47,830,16570,-27,-279,76,63,147,-5
580871,-16,813,16605,-17,-277,86,61,149,-5
580885,51,802,16523,-25,-277,89,68,153,-5
580899,76,812,16550,-17,-273,84,67,149,-6
580913,87,837,16547,-18,-277,88,65,150,-4
580927,80,840,16541,-21,-282,88,67,154,-4
580941,22,829,16563,-21,-278,91,65,153,-5
580955,-8,809,16570,-20,-276,87,68,154,-10
580969,-60,799,16551,-14,-277,86,67,152,-4
580983,-64,824,16557,-17,-279,90,66,148,-3
580997,-43,873,16547,-18,-280,90,63,154,-3
581011,-8,893,16557,-14,-277,91,68,150,-5
581025,44,878,16549,-17,-279,85,69,150,-1
581039,69,829,16557,-14,-274,83,66,151,-6
581053,65,743,16540,-19,-281,79,67,151,-6
581067,62,726,16561,-16,-277,85,68,150,-3
581081,19,758,16544,-17,-280,92,65,149,-1
581095,-5,809,16556,-14,-280,86,68,148,-4
581109,-57,916,16554,-19,-283,85,71,147,-6
581123,-54,930,16555,-17,-276,86,66,150,-2
581137,-30,896,16548,-17,-277,82,67,149,-4
581151,4,841,16555,-13,-277,78,65,152,-2
581165,44,740,16546,-17,-281,81,69,148,-5
581179,63,721,16556,-21,-277,85,67,150,-6
581193,74,764,16565,-12,-284,94,66,149,-3
581207,67,817,16542,-18,-277,91,64,150,-5
581221,34,866,16576,-19,-278,89,65,150,-6
581235,-19,918,16570,-18,-277,88,66,152,-7
581249,-36,909,16533,-21,-277,82,64,152,-3
581263,-36,829,16560,-18,-277,84,66,150,-3
581277,-21,787,16569,-16,-279,83,65,154,-3
581291,19,755,16539,-17,-276,87,63,150,-3
581305,39,769,16552,-19,-275,90,64,149,-5
581319,55,830,16555,-21,-275,94,66,151,-6
581333,57,864,16550,-22,-281,84,61,152,-2
581347,29,879,16545,-20,-282,85,62,154,1
581361,14,854,16559,-17,-280,80,63,153,-5
581375,-21,794,16548,-19,-275,78,63,149,-4
581389,-29,777,16562,-17,-281,87,64,149,-5
581403,-36,787,16552,-19,-275,90,66,154,-4
581417,-28,818,16550,-17,-280,91,66,154,-8
581431,12,875,16542,-17,-283,91,65,154,-4
581445,29,876,16559,-17,-281,86,64,148,-2
581459,62,840,16545,-22,-277,82,63,147,-2
581473,60,808,16556,-17,-275,82,69,152,-7
581487,24,752,16548,-17,-283,82,65,147,-4
581501,4,753,16557,-20,-285,84,66,147,-4
581515,-37,819,16546,-16,-285,89,66,153,-3
581529,-40,869,16539,-20,-279,83,66,150,-4
581543,-12,913,16564,-20,-277,85,67,150,-2
581557,5,901,16536,-16,-274,81,67,155,-3
581571,43,812,16572,-20,-275,83,65,154,-6
581585,42,768,16554,-17,-279,88,64,152,-4
581599,49,735,16556,-18,-283,85,66,147,-2
581613,47,756,16556,-17,-277,88,63,153,-5
581627,39,833,16544,-20,-283,95,65,150,-6
581641,-5,871,16532,-17,-275,93,63,150,-7
581655,-20,894,16565,-15,-278,83,65,150,-8
581669,-28,876,16551,-18,-280,82,66,151,-4
581683,-21,850,16559,-19,-279,81,64,149,-3
581697,9,782,16547,-19,-281,90,66,150,-2
581711,23,768,16549,-24,-280,92,66,149,-6
581725,43,786,16564,-22,-277,89,64,148,-6
581739,44,817,16549,-18,-280,87,66,151,-8
581753,43,859,16555,-20,-278,88,64,152,-4
581767,39,869,16552,-17,-280,86,64,150,-4
581781,7,841,16557,-18,-278,85,63,150,-1
581795,-7,816,16566,-22,-278,84,68,152,-2
581809,-20,791,16563,-22,-276,88,66,151,-5
581823,-20,804,16559,-22,-279,89,66,152,-2
581837,12,828,16551,-15,-274,83,66,150,-5
581851,24,845,16547,-19,-280,79,67,154,-2
581865,39,844,16547,-17,-283,82,68,153,-3
581879,41,823,16553,-19,-277,80,69,149,-6
581893,39,787,16551,-25,-282,83,64,152,-4
581907,32,785,16562,-18,-282,85,66,151,-3
581921,-12,811,16547,-18,-282,89,65,156,-2
581935,-29,828,16547,-15,-275,86,65,155,-3
581949,-27,865,16560,-19,-278,94,71,150,-4
581963,-22,860,16558,-18,-276,90,63,148,-3
581977,22,838,16557,-17,-276,83,65,150,-3
581991,33,808,16561,-15,-271,79,63,153,-5
582005,47,779,16554,-11,-276,86,63,151,-3
582019,42,784,16560,-18,-278,89,65,146,-1
582033,21,813,16560,-17,-280,90,66,146,-1
582047,2,837,16557,-17,-278,87,66,149,-5
582061,-16,865,16556,-9,-280,80,66,148,-1
582075,-29,860,16549,-15,-280,81,66,152,-5
582089,-33,836,16560,-15,-277,83,65,153,-6
582103,-2,820,16563,-18,-280,86,65,152,-5
582117,20,802,16553,-18,-277,89,68,150,-2
582131,29,807,16558,-16,-277,85,67,153,-1
582145,38,808,16546,-17,-281,83,67,153,-3
582159,33,835,16547,-14,-274,82,63,149,2
582173,18,843,16550,-14,-278,85,65,149,-3
582187,8,826,16557,-14,-281,87,68,152,-7
582201,8,813,16548,-23,-279,85,65,155,-2
582215,-10,809,16553,-20,-276,89,66,152,1
582229,-4,815,16547,-20,-278,89,61,154,-3
582243,-4,829,16553,-15,-279,85,65,155,-6
582257,4,825,16548,-17,-281,83,71,154,-3
582271,19,833,16550,-13,-280,84,66,149,-3
582285,23,826,16551,-17,-278,81,65,148,-5
582299,35,803,16548,-18,-283,83,62,151,-5
582313,35,810,16555,-20,-278,86,59,149,-7
582327,14,816,16551,-17,-285,87,61,145,-5
582341,5,829,16551,-16,-273,91,67,153,-6
582355,-20,845,16555,-22,-277,87,66,150,-4
582369,-16,838,16560,-18,-280,81,64,152,-2
582383,-10,824,16558,-15,-276,86,66,148,-5
582397,10,818,16559,-17,-275,86,65,154,-5
582411,40,805,16552,-18,-284,83,67,149,-6
582425,45,812,16548,-19,-278,80,67,145,-3
582439,35,806,16551,-20,-273,89,65,149,3
582453,22,814,16551,-20,-279,91,66,150,1
582467,-2,831,16565,-19,-282,89,64,153,-7
582481,-6,829,16552,-15,-280,86,59,151,-9
582495,-18,830,16558,-15,-280,85,62,151,-7
582509,-11,831,16547,-19,-280,87,66,147,-4
582523,6,826,16567,-21,-278,79,66,149,-7
582537,14,815,16549,-15,-276,91,62,149,-7
582551,18,806,16543,-16,-275,88,63,153,-5
582565,27,818,16547,-17,-274,88,64,152,-6
582579,39,825,16555,-16,-283,84,66,153,-7
582593,27,827,16555,-17,-279,83,70,154,-4
582607,12,823,16552,-13,-280,85,65,149,-4
582621,-5,821,16553,-18,-280,87,68,150,-1
582635,-21,816,16559,-16,-279,88,67,152,-5
582649,-12,841,16552,-16,-278,86,67,148,-3
582663,-5,841,16546,-16,-279,86,69,148,-5
582677,24,837,16556,-21,-280,88,66,151,-5
582691,42,828,16543,-24,-279,84,69,155,-3
582705,55,807,16550,-14,-279,84,68,153,-6
582719,46,796,16551,-19,-279,88,64,153,-6
582733,19,798,16549,-22,-280,87,63,153,-5
582747,-12,804,16560,-22,-275,95,65,149,-6
582761,-43,855,16561,-21,-276,92,68,149,-3
582775,-44,869,16553,-25,-278,90,66,156,-5
582789,-7,869,16557,-24,-275,85,67,152,-5
582803,17,844,16564,-19,-280,86,67,150,-5
582817,53,794,16533,-20,-278,83,67,152,1
582831,63,775,16567,-18,-278,87,67,153,-4
582845,47,787,16550,-18,-283,86,67,151,-2
582859,31,805,16549,-17,-279,87,66,152,-7
582873,-10,866,16561,-16,-279,85,64,152,-6
582887,-28,879,16556,-18,-282,88,66,150,-2
582901,-8,869,16551,-20,-279,85,62,151,-3
582915,-2,840,16556,-16,-281,79,66,152,-3
582929,28,791,16559,-17,-277,82,61,154,-1
582943,37,777,16549,-20,-281,84,62,150,-1
582957,48,801,16558,-16,-274,92,66,150,-4
582971,21,816,16545,-17,-277,86,63,151,-4
582985,12,850,16545,-13,-281,90,64,149,-3
582999,-3,866,16549,-20,-278,86,65,150,-2
583013,3,859,16557,-16,-275,81,67,153,-1
583027,0,822,16532,-18,-279,83,67,149,-8
583041,5,806,16568,-19,-274,86,66,154,-6
583055,16,787,16561,-22,-281,87,64,149,-5
583069,20,799,16549,-12,-279,88,65,147,-5
583083,21,840,16557,-15,-278,86,66,149,-3
583097,23,845,16556,-18,-279,82,64,151,-4
583111,24,844,16545,-20,-281,85,65,150,-3
583125,19,830,16549,-15,-279,86,67,152,-2
583139,17,809,16555,-16,-277,86,63,152,-6
583153,-4,804,16547,-19,-280,83,66,152,-2
583167,-7,818,16565,-18,-283,91,66,149,-1
583181,-9,837,16564,-19,-278,87,65,149,-5
583195,6,857,16557,-22,-279,83,67,149,-5
583209,18,855,16550,-20,-277,78,65,149,-5
583223,39,808,16555,-18,-281,82,65,155,-2
583237,39,796,16576,-17,-280,82,65,154,-4
583251,18,799,16538,-15,-280,85,68,150,-5
583265,2,810,16556,-19,-281,87,66,152,-4
583279,-1,849,16555,-13,-284,86,66,150,-3
583293,-8,861,16557,-13,-280,87,66,152,-2
583307,9,859,16551,-15,-277,88,65,152,-4
583321,17,832,16555,-17,-274,82,62,150,-3
583335,27,798,16565,-19,-280,90,65,149,-2
583349,28,784,16556,-20,-276,86,68,150,1
583363,10,786,16559,-16,-283,95,63,153,-3
583377,6,809,16559,-14,-281,90,65,149,-6
583391,253,855,16548,-20,-276,86,68,148,-7
583405,6,866,16551,-21,-277,82,66,153,-2
583419,7,847,16546,-18,-278,85,67,150,-2
583433,7,825,16536,-24,-282,85,65,152,-7
583447,-2,801,16569,-19,-281,88,66,149,-6
583461,17,780,16561,-22,-281,85,65,147,-2
583475,26,792,16547,-13,-280,89,66,145,-3
583489,19,826,16545,-15,-279,84,67,147,-3
583503,17,847,16540,-20,-281,81,60,154,-3
583517,14,849,16540,-18,-278,82,62,152,-5
583531,13,846,16553,-20,-279,84,65,152,-3
583545,-8,815,16564,-20,-282,88,65,148,-4
583559,-5,807,16559,-17,-279,86,66,148,-3
583573,6,804,16553,-19,-281,84,67,152,-6
583587,18,813,16549,-17,-273,87,66,154,-5
583601,16,835,16552,-22,-280,90,63,152,-3
583615,20,834,16554,-19,-279,88,64,149,-2
583629,21,828,16555,-18,-280,87,64,152,-4
583643,12,823,16560,-18,-278,86,68,152,-4
583657,-2,807,16564,-19,-277,89,69,149,-6
583671,0,802,16550,-19,-284,85,62,147,-5
583685,-8,823,16564,-17,-281,86,64,145,-3
583699,-4,839,16563,-19,-273,84,65,147,-3
583713,19,836,16547,-15,-281,79,66,148,-4
583727,27,831,16544,-15,-278,82,63,148,-4
583741,26,813,16557,-18,-276,84,65,150,-8
583755,27,804,16559,-19,-284,85,64,149,-6
583769,11,799,16555,-21,-278,88,67,150,-4
583783,17,802,16551,-17,-281,87,65,150,-6
583797,8,841,16558,-21,-278,86,64,149,-6
583811,1,842,16561,-14,-278,81,69,148,-5
583825,5,844,16550,-17,-276,85,65,150,-6
583839,5,831,16558,-15,-280,81,65,150,-8
583853,5,806,16554,-15,-276,88,64,148,-6
583867,8,795,16565,-15,-279,89,66,150,-7
583881,11,806,16551,-20,-279,88,64,154,-4
583895,26,818,16555,-16,-280,83,62,152,-1
583909,25,831,16548,-19,-281,89,67,154,1
583923,21,836,16557,-17,-277,85,65,149,-5
583937,21,841,16552,-20,-278,85,65,148,-9
583951,3,819,16551,-15,-280,90,67,154,-2
583965,6,810,16551,-15,-278,88,65,150,-4
583979,0,812,16553,-17,-277,86,65,149,-5
583993,8,822,16553,-19,-280,83,62,148,-5
584007,19,828,16540,-10,-276,88,64,152,-4
584021,22,830,16549,-20,-281,83,64,150,-6
584035,23,821,16551,-15,-275,86,65,149,-7
584049,26,809,16545,-18,-278,86,64,150,-4
584063,13,810,16552,-17,-284,86,65,149,-4
584077,1,813,16563,-20,-281,89,67,150,-1
584091,-9,824,16545,-15,-278,91,66,152,-7
584105,-12,836,16552,-14,-282,91,65,154,-5
584119,2,849,16545,-17,-283,84,64,154,-4
584133,0,836,16538,-17,-276,85,65,153,-5
584147,13,812,16546,-22,-278,85,65,150,-3
584161,26,803,16549,-24,-278,82,67,148,-5
584175,27,808,16543,-15,-274,87,64,150,-7
584189,16,810,16551,-18,-280,86,63,148,-4
584203,12,822,16545,-19,-279,81,65,145,-1
584217,10,831,16543,-20,-281,81,64,150,-4
584231,10,847,16560,-18,-282,84,63,147,-4
584245,-1,829,16549,-14,-277,85,67,148,-2
584259,6,825,16554,-16,-275,83,67,155,-3
584273,4,813,16560,-19,-272,83,67,154,-8
584287,11,801,16557,-18,-273,85,66,148,-9
584301,22,814,16564,-17,-281,84,69,151,-1
584315,21,837,16538,-11,-281,86,68,150,-3
584329,18,836,16551,-19,-280,86,69,149,-4
584343,19,834,16552,-16,-283,82,67,150,-2
584357,8,824,16548,-16,-275,84,66,150,-2
584371,-7,825,16555,-17,-272,87,66,152,-2
584385,-2,811,16547,-20,-278,83,66,146,-6
584399,0,822,16544,-20,-282,86,64,145,-7
584413,15,836,16561,-24,-277,89,66,146,-2
584427,17,845,16557,-18,-280,84,67,148,-1
584441,31,825,16558,-17,-273,90,65,150,-1
584455,22,813,16565,-17,-275,85,69,150,-4
584469,17,806,16557,-16,-275,89,61,152,-2
584483,12,810,16557,-13,-281,86,63,152,-5
584497,1,825,16551,-24,-280,88,67,149,-6
584511,6,831,16553,-23,-280,90,68,150,-6
584525,12,838,16558,-20,-279,84,63,152,-7
584539,16,831,16556,-16,-280,84,65,147,-4
584553,26,814,16553,-17,-278,84,63,146,-5
584567,18,798,16563,-18,-278,87,65,154,-6
584581,13,801,16554,-16,-278,87,62,150,-3
584595,17,805,16553,-20,-278,83,62,148,-1
584609,18,833,16549,-17,-276,86,68,152,-6
584623,13,835,16550,-18,-279,86,66,153,-7
584637,3,830,16553,-17,-278,83,67,150,-9
584651,5,832,16559,-22,-279,84,65,149,-7
584665,-3,820,16551,-18,-278,92,65,148,-4
584679,-4,813,16558,-17,-275,85,63,147,-5
584693,9,812,16553,-21,-279,88,64,147,-6
584707,29,820,16540,-17,-279,89,65,150,-2
584721,29,831,16564,-20,-274,89,65,149,-1
584735,23,835,16546,-17,-280,84,65,148,-4
584749,19,825,16554,-15,-283,86,64,152,-5
584763,4,812,16552,-18,-278,83,64,152,-3
584777,4,809,16556,-15,-281,86,66,150,-2
584791,-2,817,16550,-19,-281,91,65,152,-4
584805,-3,826,16540,-14,-275,83,68,152,-5
584819,13,837,16545,-13,-284,86,66,150,-6
584833,17,840,16551,-14,-280,80,65,153,-4
584847,14,819,16552,-15,-278,85,65,149,-1
584861,18,814,16546,-17,-274,85,66,148,-2
584875,20,803,16551,-20,-273,84,64,149,-4
584889,7,806,16544,-18,-282,83,63,154,-4
584903,4,818,16550,-19,-280,84,65,155,-4
584917,11,824,16545,-21,-276,88,65,150,-4
584931,1,842,16542,-24,-283,87,65,151,-7
584945,6,836,16548,-23,-279,88,66,149,-1
584959,11,821,16548,-18,-279,87,66,147,-3
584973,6,814,16554,-20,-276,88,65,150,-3
584987,14,813,16549,-22,-279,87,69,148,-9
585001,16,814,16555,-17,-275,90,66,153,-7
585015,17,824,16542,-23,-279,89,66,149,-7
585029,29,829,16544,-17,-272,91,65,152,-5
585043,12,839,16548,-18,-273,83,64,152,-5
585057,3,840,16545,-20,-280,82,64,153,-7
585071,-5,832,16549,-15,-278,81,66,151,-3
585085,2,824,16549,-15,-278,85,65,150,-1
585099,-1,829,16556,-12,-281,87,65,150,-1
585113,9,836,16568,-18,-277,87,65,151,-3
585127,19,829,16542,-13,-279,87,63,152,-3
585141,17,821,16545,-17,-276,84,63,152,-6
585155,20,822,16548,-19,-274,81,68,149,-4
585169,14,812,16546,-14,-276,81,68,151,-4
585183,20,813,16548,-19,-285,86,64,152,-4
585197,2,825,16552,-23,-277,93,62,150,-2
585211,14,835,16550,-18,-276,88,62,150,-2
585225,-3,845,16551,-17,-277,88,65,150,-3
585239,2,842,16550,-19,-277,86,68,149,-5
585253,20,824,16552,-22,-280,86,67,150,-3
585267,23,821,16546,-16,-281,91,69,147,-1
585281,29,813,16556,-18,-276,84,66,146,-1
585295,24,815,16556,-20,-281,93,65,148,-3
585309,15,827,16551,-24,-277,86,64,148,-3
585323,7,832,16551,-18,-281,86,64,150,-7
585337,-5,834,16549,-13,-279,86,64,152,-3
585351,-5,831,16546,-19,-277,86,64,152,-2
585365,14,818,16558,-13,-281,90,66,150,-4
585379,16,812,16547,-17,-275,88,68,154,-2
585393,23,808,16554,-19,-279,86,66,153,-7
585407,25,816,16558,-19,-282,85,66,155,-7
585421,17,819,16551,-20,-278,90,64,151,-7
585435,19,822,16541,-18,-277,92,63,153,-5
585449,1,829,16539,-17,-279,83,64,150,-2
585463,8,826,16543,-19,-278,81,63,152,-3
585477,10,817,16552,-19,-280,85,66,152,-2
585491,5,815,16544,-16,-284,83,67,150,-3
585505,10,827,16543,-16,-279,87,64,150,-6
585519,5,825,16541,-16,-280,84,67,147,-4
585533,22,823,16542,-18,-278,82,66,153,-4
585547,32,820,16537,-15,-275,84,67,150,-5
585561,29,813,16539,-20,-279,83,64,152,-1
585575,32,812,16545,-23,-275,86,64,150,-3
585589,14,807,16555,-24,-273,89,65,152,-4
585603,6,820,16554,-17,-277,89,64,155,-3
585617,3,835,16552,-16,-281,84,65,153,-5
585631,-14,837,16549,-17,-279,85,69,152,-3
585645,-4,831,16556,-13,-281,84,66,149,-3
585659,17,824,16557,-15,-278,85,67,150,-5
585673,22,820,16547,-12,-276,88,66,147,-5
585687,17,816,16558,-15,-277,88,68,146,-2
585701,14,809,16552,-17,-281,88,67,149,-7
585715,13,812,16551,-18,-275,89,65,152,-2
585729,-1,813,16554,-21,-282,88,64,150,-4
585743,5,833,16547,-18,-278,85,63,152,-4
585757,6,833,16541,-14,-277,87,65,148,-5
585771,11,829,16540,-22,-282,92,60,151,-5
585785,11,821,16547,-21,-285,86,63,152,-4
585799,12,818,16551,-17,-282,89,67,152,-5
585813,19,828,16549,-17,-281,87,63,152,-6
585827,15,814,16543,-17,-277,89,64,153,-4
585841,21,819,16554,-17,-281,88,64,151,1
585855,11,824,16541,-14,-276,84,64,145,-6
585869,4,829,16535,-14,-277,80,64,148,-8
585883,5,822,16538,-11,-277,88,67,149,-3
585897,9,828,16538,-19,-273,84,65,148,-6
585911,4,830,16562,-16,-281,92,65,147,1
585925,5,832,16576,-23,-274,87,67,151,-4
585939,10,819,16511,-18,-280,88,67,154,-6
585953,11,816,16517,-16,-279,85,67,149,-6
585967,21,826,16551,-20,-280,81,66,151,-6
585981,35,836,16547,-16,-276,81,67,154,-7
585995,9,812,16544,-21,-275,88,64,155,-5
586009,-1,815,16528,-19,-276,88,63,151,-3
586023,8,830,16559,-19,-275,90,65,154,-4
586037,7,825,16579,-19,-282,86,65,151,-2
586051,-2,825,16529,-14,-280,81,66,154,-5
586065,13,823,16521,-17,-287,83,64,152,-4
586079,19,814,16554,-19,-284,86,63,148,-1
586093,37,818,16553,-17,-282,88,67,155,-2
586107,31,818,16552,-18,-279,84,65,153,-3
586121,9,818,16539,-22,-281,84,65,152,1
586135,1,823,16552,-18,-278,84,64,151,-4
586149,-9,827,16570,-15,-281,88,66,153,-2
586163,4,833,16561,-19,-281,81,67,152,-1
586177,17,833,16534,-15,-275,83,66,151,1
586191,23,833,16543,-16,-277,91,68,153,-4
586205,29,822,16548,-16,-282,86,68,151,-3
586219,17,811,16545,-17,-278,88,67,149,-1
586233,18,808,16540,-20,-279,89,67,150,-3
586247,7,815,16544,-21,-276,83,67,148,-5
586261,1,819,16548,-15,-274,85,65,152,-4
586275,12,825,16550,-20,-282,83,66,152,-4
586289,10,840,16530,-18,-280,84,66,148,-3
586303,7,832,16539,-18,-282,86,66,149,1
586317,2,825,16562,-22,-280,86,67,151,-4
586331,-3,823,16555,-16,-281,83,65,151,1
586345,13,828,16534,-19,-281,86,67,150,-2
586359,21,824,16536,-14,-282,86,65,151,-2
586373,20,815,16550,-22,-277,82,67,152,-3
586387,27,823,16545,-23,-282,86,70,151,-6
586401,8,824,16539,-21,-277,85,64,151,-5
586415,1,832,16539,-20,-279,90,63,151,-2
586429,4,821,16540,-17,-283,87,66,147,-4
586443,1,822,16554,-20,-281,82,66,151,-3
586457,7,822,16543,-16,-280,85,64,154,-3
586471,11,822,16532,-15,-284,84,67,153,-3
586485,28,821,16551,-18,-278,89,66,152,-5
586499,30,816,16539,-13,-277,89,62,150,-3
586513,21,820,16541,-14,-279,86,62,150,-6
586527,8,819,16536,-17,-275,89,65,149,-6
586541,3,824,16539,-17,-277,86,66,144,-2
586555,13,825,16542,-18,-280,90,68,146,-2
586569,20,817,16536,-13,-282,85,66,148,-3
586583,16,823,16534,-19,-276,85,70,150,-5
586597,13,833,16545,-19,-279,89,68,150,-5
586611,5,829,16543,-21,-273,88,67,149,-5
586625,7,825,16540,-18,-274,84,62,150,-5
586639,3,816,16532,-23,-281,90,65,152,-3
586653,10,823,16543,-16,-278,89,64,153,-3
586667,14,822,16547,-16,-277,86,65,150,-2
586681,22,822,16541,-15,-279,88,64,152,-3
586695,18,814,16534,-20,-280,80,62,154,-4
586709,9,813,16547,-18,-277,87,67,152,-1
586723,2,828,16534,-14,-281,86,66,150,-5
586737,5,825,16536,-21,-280,87,67,153,-5
586751,0,826,16532,-20,-279,84,66,151,-7
586765,1,821,16528,-19,-282,85,67,149,-5
586779,8,813,16549,-19,-280,85,64,149,-3
586793,11,819,16539,-17,-278,84,65,153,-6
586807,9,815,16529,-21,-284,92,63,149,-6
586821,14,815,16542,-15,-280,86,64,148,-5
586835,16,829,16531,-21,-279,86,68,152,-7
586849,11,826,16534,-17,-280,88,65,149,-2
586863,13,824,16538,-22,-278,82,67,150,-3
586877,7,813,16532,-19,-279,85,66,149,-2
586891,7,815,16523,-19,-277,90,62,149,-3
586905,2,822,16539,-18,-281,91,63,149,1
586919,7,825,16544,-17,-281,82,68,148,-1
586933,4,821,16540,-21,-281,86,67,147,-4
586947,11,827,16531,-17,-276,89,63,148,-3
586961,20,818,16531,-14,-272,85,66,150,-5
586975,23,814,16542,-22,-281,86,65,153,-2
586989,5,822,16544,-23,-277,89,63,152,-1
587003,5,826,16519,-18,-282,84,61,150,-2
587017,-3,828,16539,-16,-275,88,64,153,-6
587031,7,814,16547,-19,-280,92,68,150,-5
587045,15,829,16526,-13,-275,81,65,148,-4
587059,12,824,16530,-19,-274,88,65,148,-6
587073,24,827,16538,-22,-274,89,65,151,-9
587087,26,822,16527,-6,-277,90,63,148,-9
587101,11,818,16541,-11,-282,89,64,148,-9
587115,1,822,16533,-18,-281,89,70,151,-8
587129,2,826,16533,-23,-277,87,70,151,-6
587143,-2,827,16532,-22,-279,85,70,150,-6
587157,7,826,16539,-19,-278,88,64,154,-6
587171,6,836,16525,-17,-281,83,63,155,-6
587185,22,842,16543,-20,-282,89,68,150,-6
587199,24,821,16549,-21,-275,88,64,148,-6
587213,21,789,16519,-22,-281,85,62,147,-4
587227,21,793,16533,-21,-277,87,66,154,-5
587241,15,836,16528,-19,-278,86,66,152,-5
587255,15,865,16523,-18,-277,88,66,153,-5
587269,6,860,16533,-21,-280,83,66,152,-5
587283,11,827,16521,-22,-283,88,66,154,-4
587297,-2,788,16540,-20,-276,84,64,148,-2
587311,-2,787,16540,-16,-273,88,64,150,-4
587325,10,827,16536,-22,-275,92,63,153,-7
587339,16,832,16533,-19,-282,89,63,153,-9
587353,15,837,16540,-23,-278,91,62,153,-3
587367,21,837,16537,-17,-278,89,63,149,-4
587381,18,828,16546,-20,-280,85,67,150,-3
587395,17,820,16540,-15,-280,85,65,148,-3
587409,6,794,16536,-20,-279,87,66,148,-1
587423,-3,798,16535,-17,-283,90,63,150,-7
587437,-6,811,16533,-11,-282,86,68,154,-9
587451,2,847,16531,-12,-280,85,66,153,-8
587465,16,858,16530,-13,-284,84,66,155,-7
587479,11,834,16530,-18,-276,89,63,150,-3
587493,21,818,16540,-16,-280,83,67,152,-3
587507,22,789,16527,-16,-279,87,67,153,-5
587521,17,793,16533,-17,-279,88,63,152,-6
587535,10,820,16534,-13,-278,85,66,152,-5
587549,11,831,16544,-19,-278,83,66,154,-3
587563,6,844,16537,-20,-278,84,65,154,-5
587577,10,849,16537,-22,-281,83,66,150,-2
587591,7,828,16535,-17,-277,84,63,148,-4
587605,7,816,16532,-15,-280,84,65,153,-3
587619,11,796,16544,-22,-275,87,64,153,-3
587633,15,803,16544,-20,-274,88,67,147,-1
587647,14,819,16545,-15,-278,85,67,152,-5
587661,17,826,16535,-23,-278,84,64,152,-4
587675,17,839,16541,-27,-283,85,66,150,-3
587689,17,829,16552,-25,-278,85,62,150,-4
587703,4,817,16550,-18,-285,89,68,147,-5
587717,2,814,16543,-12,-278,89,69,147,-4
587731,1,811,16538,-22,-280,87,68,148,-2
587745,5,819,16549,-14,-277,85,65,152,-10
587759,10,834,16545,-15,-282,86,63,151,-9
587773,12,831,16546,-20,-282,88,66,150,-2
587787,27,827,16547,-20,-282,85,66,149,-2
587801,25,827,16551,-23,-278,89,69,150,-4
587815,17,806,16539,-17,-283,91,61,150,-2
587829,10,806,16534,-20,-279,89,64,153,-2
587843,5,827,16554,-21,-276,92,67,150,-6
587857,10,843,16550,-14,-279,83,68,152,-4
587871,6,851,16545,-16,-274,87,66,149,-6
587885,10,843,16541,-19,-281,88,69,149,-7
587899,55,926,16649,-25,-281,88,69,150,-7
587913,12,951,16565,-27,-274,83,67,149,-4
587927,-18,614,16527,-15,-280,83,64,146,-3
587941,-38,576,16420,-21,-279,86,66,154,-4
587955,2,695,16667,-18,-278,93,66,154,-2
587969,31,857,16428,-19,-286,95,70,153,-1
587983,47,981,16541,-17,-281,87,64,152,-4
587997,39,1036,16585,-24,-280,84,68,152,-3
588011,22,942,16587,-18,-279,82,66,150,-5
588025,-16,760,16555,-16,-272,82,67,150,-2
588039,-33,667,16570,-12,-281,87,64,151,-3
588053,-12,664,16573,-19,-284,93,65,152,-2
588067,-6,712,16560,-22,-271,93,64,148,-1
588081,55,952,16550,-19,-278,95,63,153,-3
588095,51,1009,16520,-20,-280,85,63,152,-2
588109,44,968,16555,-16,-278,85,66,151,-1
588123,6,843,16543,-13,-280,81,69,149,-3
588137,-9,689,16554,-24,-282,85,67,150,1
588151,-32,640,16539,-19,-278,88,65,149,-4
588165,-12,754,16561,-19,-280,92,66,149,-4
588179,-6,822,16554,-19,-275,92,65,152,-2
588193,38,979,16531,-20,-274,86,64,152,-2
588207,38,972,16527,-21,-278,88,64,153,-3
588221,27,852,16551,-22,-276,80,66,153,-4
588235,5,746,16526,-24,-272,82,65,153,-6
588249,-14,673,16569,-24,-278,87,67,154,-5
588263,-16,675,16539,-24,-273,99,67,154,-6
588277,-8,848,16538,-21,-275,87,67,153,-4
588291,7,901,16536,-17,-281,88,68,150,-5
588305,18,961,16534,-18,-278,79,69,152,-4
588319,32,915,16518,-15,-278,75,67,154,-9
588333,40,862,16551,-20,-277,76,69,154,-6
588347,13,698,16536,-24,-278,88,65,150,-4
588361,7,691,16562,-19,-278,91,69,149,-7
588375,0,758,16536,-12,-283,90,66,150,-8
588389,-1,845,16560,-20,-280,87,66,152,-2
588403,15,944,16521,-20,-277,87,66,146,-4
588417,21,964,16552,-22,-281,78,64,146,-3
588431,10,846,16540,-17,-276,81,61,148,-5
588445,4,787,16548,-14,-278,79,64,147,-2
588459,2,708,16554,-14,-275,87,69,149,-6
588473,17,733,16561,-14,-277,92,69,146,-4
588487,21,833,16535,-17,-281,89,67,147,-2
588501,23,886,16538,-16,-278,85,66,150,-4
588515,23,922,16544,-16,-277,79,67,151,-3
588529,19,891,16544,-17,-276,78,68,146,-8
588543,12,790,16550,-16,-273,82,66,147,-4
588557,7,738,16532,-17,-276,84,62,146,-1
588571,4,744,16559,-21,-276,93,66,150,-5
588585,8,791,16547,-21,-279,89,67,150,-4
588599,12,890,16545,-18,-276,86,64,150,-5
588613,20,913,16526,-12,-271,83,64,150,-4
588627,35,873,16559,-16,-274,84,65,153,-2
588641,28,819,16542,-20,-278,80,64,153,-8
588655,13,749,16562,-22,-280,86,62,152,-8
588669,1,738,16536,-16,-277,88,64,149,-5
588683,-5,803,16564,-21,-284,95,63,148,-4
588697,2,846,16546,-13,-278,93,65,146,-3
588711,1,910,16545,-19,-281,85,65,153,-5
588725,20,890,16539,-15,-280,83,65,152,-5
588739,23,829,16555,-13,-280,81,65,148,-4
588753,18,778,16550,-13,-276,85,68,148,-4
588767,16,751,16551,-13,-281,85,66,150,-5
588781,5,762,16536,-16,-279,85,65,151,-3
588795,7,798,16574,-13,-277,90,65,151,-4
588809,10,860,16546,-16,-279,88,63,149,-4
588823,18,879,16529,-28,-281,86,65,147,-6
588837,17,823,16563,-18,-283,86,66,150,-7
588851,24,808,16553,-19,-284,86,65,150,-6
588865,19,796,16542,-16,-281,92,64,151,-5
588879,7,806,16555,-16,-282,87,70,150,-4
588893,7,833,16552,-18,-280,86,69,151,-3
588907,5,841,16535,-18,-281,84,64,152,-1
588921,-12,854,16545,-16,-280,83,66,152,-5
588935,-1,848,16550,-18,-279,86,70,152,-7
588949,7,822,16546,-22,-277,86,65,147,-3
588963,6,815,16553,-18,-277,86,67,150,-5
588977,17,802,16546,-17,-279,84,68,154,-2
588991,17,809,16555,-24,-278,90,66,148,2
589005,27,826,16545,-16,-279,88,64,147,-1
589019,22,839,16561,-19,-281,86,63,148,-5
589033,24,827,16533,-22,-279,88,63,149,-2
589047,19,822,16562,-24,-273,88,69,152,-3
589061,15,799,16533,-19,-279,85,64,149,-2
589075,10,807,16555,-17,-278,87,63,149,-3
589089,8,825,16541,-22,-280,83,66,152,-5
589103,5,839,16554,-20,-275,88,64,145,-5
589117,8,831,16557,-16,-278,93,63,156,-3
589131,-4,837,16562,-17,-275,88,68,147,-2
589145,5,833,16528,-18,-276,86,70,147,-3
589159,6,823,16546,-14,-277,83,65,149,-4
589173,2,802,16542,-15,-277,85,66,152,-4
589187,19,804,16540,-18,-282,88,64,153,-8
589201,19,804,16549,-19,-284,90,63,152,-4
589215,36,806,16553,-14,-280,84,67,156,-4
589229,32,811,16538,-13,-280,87,67,150,-2
589243,16,836,16542,-16,-275,85,62,149,-2
589257,3,833,16561,-16,-281,89,70,153,-2
589271,-3,822,16532,-19,-282,86,69,153,-3
589285,-12,822,16531,-22,-277,89,65,147,-7
589299,8,829,16568,-19,-279,85,64,150,-5
589313,13,827,16554,-15,-280,82,63,154,-2
589327,32,821,16551,-22,-282,81,62,152,-3
589341,32,819,16559,-19,-280,80,65,151,-6
589355,34,807,16534,-12,-279,85,68,152,-6
589369,23,810,16549,-18,-277,88,70,155,-3
589383,-1,822,16552,-17,-279,82,68,153,-2
589397,-3,824,16519,-17,-279,86,68,150,-4
589411,-10,828,16547,-18,-272,85,67,150,-9
589425,2,824,16558,-18,-279,86,65,148,-5
589439,13,834,16530,-26,-276,86,66,150,-5
589453,21,832,16549,-24,-283,90,68,153,-2
589467,11,817,16534,-17,-272,87,67,154,-4
589481,17,825,16526,-21,-277,87,66,154,-5
589495,16,822,16563,-16,-276,89,68,149,-4
589509,10,826,16540,-20,-277,86,64,150,-5
589523,-2,818,16568,-20,-274,84,61,153,-6
589537,3,824,16563,-11,-275,83,66,154,-6
589551,15,814,16537,-15,-279,88,67,151,-3
589565,12,817,16551,-16,-277,84,65,153,-3
589579,25,817,16559,-15,-279,87,66,150,-4
589593,17,838,16537,-20,-280,90,67,149,-5
589607,10,843,16552,-21,-278,87,62,153,-6
589621,12,841,16549,-18,-277,88,66,154,-6
589635,7,825,16549,-14,-276,89,64,150,-3
589649,6,818,16548,-17,-278,84,62,150,-4
589663,11,810,16545,-20,-275,88,69,148,-3
589677,10,825,16543,-17,-283,84,66,147,-5
589691,15,821,16542,-17,-276,80,65,148,-5
589705,15,831,16553,-22,-284,85,67,152,-6
589719,21,829,16556,-22,-277,90,65,152,-5
589733,6,830,16544,-25,-278,89,64,152,-5
589747,10,825,16535,-20,-281,86,66,152,-2
589761,4,821,16560,-22,-277,84,67,148,1
589775,-1,816,16541,-19,-279,86,65,152,-5
589789,16,817,16560,-16,-287,86,66,148,-4
589803,14,822,16550,-19,-279,85,65,150,-7
589817,13,818,16554,-16,-275,86,64,150,-5
589831,10,818,16554,-19,-280,85,63,148,-4
589845,12,813,16561,-20,-278,82,67,152,1
589859,3,812,16547,-18,-277,86,62,152,-2
589873,6,823,16549,-21,-282,88,68,145,-9
589887,1,821,16541,-21,-275,85,64,147,-7
589901,9,824,16549,-13,-278,91,65,153,-3
589915,13,828,16546,-14,-278,90,69,149,-4
589929,15,820,16549,-23,-282,88,66,150,-4
589943,9,821,16549,-20,-283,91,64,152,-8
589957,3,814,16552,-15,-281,83,62,149,-7
589971,-2,815,16549,-20,-281,86,63,149,-7
589985,5,828,16562,-21,-281,90,65,153,-7
589999,16,829,16563,-18,-277,88,65,150,-8
590013,14,827,16550,-15,-280,84,65,150,-5
590027,18,831,16556,-16,-279,84,63,147,-4
590041,20,824,16546,-18,-276,88,63,150,-4
590055,0,824,16549,-23,-274,89,66,153,-3
590069,6,822,16556,-10,-283,84,67,153,1
590083,-1,828,16548,-12,-281,83,63,153,-6
590097,8,833,16550,-18,-275,86,65,154,-5
590111,11,825,16553,-22,-280,86,67,147,-5
590125,16,831,16531,-18,-280,85,68,147,-2
590139,17,825,16543,-13,-282,90,67,148,-2
590153,13,821,16541,-15,-282,86,64,147,-4
590167,10,815,16557,-19,-281,85,65,149,-2
590181,12,822,16568,-19,-278,85,69,150,-3
590195,-6,826,16541,-19,-275,88,66,149,-2
590209,2,828,16530,-19,-278,86,63,152,-2
590223,12,819,16556,-23,-276,92,66,146,-6
590237,9,823,16549,-15,-277,87,67,149,-5
590251,22,822,16556,-18,-277,89,67,149,-5
590265,20,818,16556,-17,-278,87,64,154,-5
590279,15,816,16533,-17,-274,90,64,154,-6
590293,12,819,16534,-17,-280,83,65,150,-6
590307,5,831,16560,-14,-282,89,67,146,-5
590321,15,825,16528,-16,-277,86,69,149,-2
590335,12,828,16557,-20,-279,84,66,154,1
590349,21,828,16567,-11,-279,82,65,154,-6
590363,12,813,16535,-24,-277,87,65,149,-5
590377,13,810,16544,-20,-276,84,65,150,-4
590391,10,821,16531,-21,-280,85,64,152,-4
590405,4,819,16527,-17,-281,88,65,152,-4
590419,0,825,16568,-19,-281,85,63,152,-5
590433,5,830,16543,-14,-275,82,62,155,-3
590447,10,832,16540,-19,-279,86,61,153,-2
590461,16,831,16568,-25,-277,86,62,153,-4
590475,19,822,16534,-18,-274,84,66,149,-6
590489,16,816,16542,-19,-279,88,66,151,-2
590503,18,813,16540,-20,-279,84,63,149,-5
590517,17,818,16525,-17,-274,84,62,147,-7
590531,7,823,16543,-17,-278,84,68,153,-5
590545,-2,826,16541,-17,-277,85,67,154,-8
590559,8,833,16536,-24,-282,86,66,148,-5
590573,27,833,16530,-21,-278,87,64,153,-4
590587,9,828,16543,-19,-279,86,65,156,-4
590601,5,805,16532,-17,-280,86,66,152,-2
590615,-11,804,16532,-19,-277,90,65,150,-3
590629,6,814,16544,-17,-282,82,68,152,-4
590643,16,817,16520,-19,-277,89,65,152,-5
590657,14,825,16555,-17,-286,90,69,152,-9
590671,23,825,16538,-14,-284,84,65,150,-7
590685,24,828,16531,-18,-281,87,66,152,-5
590699,17,821,16547,-21,-277,86,70,150,-8
590713,5,813,16534,-17,-280,85,69,152,-6
590727,5,813,16546,-15,-281,83,64,150,-8
590741,-2,823,16530,-20,-274,86,66,150,-3
590755,3,838,16534,-27,-280,88,67,152,-3
590769,19,831,16525,-15,-282,84,66,156,-6
590783,22,831,16519,-17,-278,80,65,150,-7
590797,16,817,16543,-17,-276,86,65,146,-4
590811,11,815,16538,-16,-277,84,65,149,-5
590825,14,810,16532,-16,-280,86,68,148,-5
590839,6,810,16539,-19,-279,86,68,150,-5
590853,15,819,16540,-20,-279,90,69,146,-3
590867,12,832,16537,-22,-272,87,68,147,-7
590881,11,831,16533,-11,-278,89,67,152,-6
590895,21,820,16523,-16,-282,82,67,152,-5
590909,16,815,16546,-16,-276,86,66,148,-7
590923,13,814,16536,-21,-279,88,64,149,-7
590937,10,817,16524,-21,-283,90,64,152,-5
590951,11,824,16544,-22,-279,87,67,154,-6
590965,9,830,16513,-16,-279,89,67,150,-7
590979,7,840,16529,-20,-277,86,64,150,-5
590993,7,836,16536,-17,-278,89,64,150,-5
591007,7,818,16513,-15,-280,89,68,154,-10
591021,4,811,16539,-16,-278,85,65,154,-6
591035,0,808,16530,-17,-276,86,67,149,-3
591049,11,806,16509,-19,-277,85,66,143,-5
591063,23,829,16550,-14,-281,88,64,147,-9
591077,22,834,16515,-16,-277,87,64,155,-9
591091,13,829,16557,-20,-280,90,65,153,-7
591105,1,828,16547,-18,-281,84,62,147,-2
591119,-4,827,16536,-22,-275,88,65,153,-3
591133,-16,810,16545,-16,-274,83,64,152,-4
591147,-3,820,16518,-18,-277,85,67,152,-3
591161,10,824,16527,-23,-278,80,65,150,1
591175,27,830,16547,-20,-282,87,69,147,-2
591189,28,833,16520,-13,-281,87,67,147,-4
591203,21,824,16529,-21,-276,89,66,149,-7
591217,14,815,16545,-23,-279,89,64,147,-2
591231,-4,814,16538,-19,-281,87,62,144,-7
591245,-3,822,16543,-16,-282,84,64,149,-3
591259,18,829,16519,-23,-283,86,65,149,-4
591273,16,828,16529,-20,-277,83,65,145,-6
591287,7,839,16563,-18,-280,89,64,148,-5
591301,2,839,16483,-17,-271,89,64,147,-3
591315,7,824,16577,-26,-281,86,66,154,-7
591329,16,814,16590,-14,-280,84,67,152,-7
591343,30,800,16498,-17,-272,84,66,151,-7
591357,27,800,16579,-20,-276,83,65,150,-4
591371,24,823,16478,-13,-282,85,67,148,-5
591385,31,832,16533,-25,-280,87,66,151,-4
591399,11,838,16530,-17,-281,89,66,149,-4
591413,1,837,16499,-24,-276,86,69,149,-5
591427,-5,834,16572,-14,-276,84,64,152,-2
591441,-20,820,16535,-15,-280,83,63,152,-2
591455,-6,814,16549,-17,-276,84,65,149,-5
591469,19,797,16559,-14,-277,87,67,153,-4
591483,34,807,16516,-20,-274,86,65,150,-5
591497,37,817,16556,-19,-275,90,64,148,-2
591511,27,836,16597,-18,-279,89,67,152,-4
591525,7,838,16464,-24,-281,88,68,152,-3
591539,-6,837,16549,-25,-277,88,71,150,-5
591553,-29,811,16533,-17,-276,90,71,147,-5
591567,-11,803,16507,-23,-273,85,64,146,-4
591581,19,811,16553,-20,-275,87,66,150,-4
591595,29,821,16517,-17,-274,94,69,149,-4
591609,45,833,16537,-20,-279,90,63,150,-4
591623,41,832,16555,-16,-276,90,61,148,-4
591637,9,815,16528,-18,-277,86,67,146,-4
591651,-4,821,16528,-16,-281,86,71,148,-5
591665,-7,806,16545,-17,-278,88,64,146,-3
591679,-4,814,16541,-24,-276,87,64,147,-5
591693,18,831,16525,-22,-274,88,63,145,-6
591707,17,837,16534,-23,-279,83,67,149,-8
591721,21,836,16539,-19,-281,87,65,148,-7
591735,13,826,16513,-21,-277,89,66,152,-7
591749,25,803,16560,-22,-281,86,69,147,-5
591763,13,808,16544,-16,-277,82,67,149,-7
591777,7,806,16543,-22,-273,83,67,147,-5
591791,7,819,16555,-20,-279,90,65,147,-4
591805,16,841,16512,-20,-282,93,67,146,-7
591819,1,844,16534,-20,-276,92,65,149,-4
591833,2,834,16552,-17,-276,89,69,152,-6
591847,-5,824,16510,-19,-273,87,69,149,-7
591861,1,805,16551,-19,-282,84,67,148,-4
591875,10,803,16536,-18,-282,89,66,152,-3
591889,18,810,16540,-16,-283,87,65,150,-3
591903,22,831,16547,-16,-281,86,69,148,-6
591917,23,828,16528,-21,-278,87,70,149,-4
591931,2,833,16545,-23,-273,85,69,152,-6
591945,-9,832,16551,-17,-279,85,67,151,-8
591959,-10,816,16538,-11,-280,87,69,149,-6
591973,-7,809,16540,-15,-281,88,67,149,-6
591987,18,813,16528,-18,-279,86,68,149,-7
592001,26,821,16533,-17,-281,88,66,149,-6
592015,37,835,16539,-15,-276,80,65,151,-7
592029,29,830,16538,-15,-279,82,65,152,-6
592043,9,821,16540,-14,-279,85,69,147,-4
592057,-5,813,16532,-18,-278,83,67,149,-5
592071,4,817,16536,-16,-282,87,64,150,-5
592085,8,817,16540,-18,-273,86,67,151,-6
592099,17,839,16536,-20,-276,82,67,149,-5
592113,20,841,16544,-22,-280,89,64,153,-4
592127,22,839,16531,-19,-275,83,68,151,-6
592141,20,823,16527,-17,-278,87,68,148,-6
592155,16,806,16541,-21,-282,92,60,151,-4
592169,5,806,16538,-20,-274,85,65,155,-3
592183,3,837,16535,-17,-273,95,67,152,-2
592197,-9,832,16537,-25,-277,87,69,152,-4
592211,6,842,16534,-18,-275,89,68,151,-3
592225,7,857,16537,-16,-276,82,63,149,-6
592239,22,824,16532,-16,-278,92,66,150,-5
592253,10,811,16522,-24,-281,87,64,150,-4
592267,5,785,16543,-19,-277,88,66,150,-6
592281,-4,788,16549,-22,-268,87,69,152,-6
592295,0,799,16556,-16,-277,93,67,154,-6
592309,27,840,16529,-14,-282,87,63,151,-7
592323,33,854,16539,-24,-278,84,65,151,-7
592337,18,837,16566,-24,-281,88,67,149,-5
592351,7,833,16540,-19,-280,88,68,151,-6
592365,-7,803,16547,-23,-274,87,68,149,-4
592379,-8,801,16552,-17,-280,92,69,152,-7
592393,-12,805,16539,-16,-278,88,67,150,-1
592407,-8,823,16554,-16,-273,91,67,151,-4
592421,-4,854,16528,-19,-275,96,70,145,-7
592435,-3,851,16539,-13,-278,88,68,147,-4
592449,-7,830,16537,-17,-277,89,66,148,-5
592463,-3,819,16536,-20,-278,89,64,150,-3
592477,-4,798,16560,-18,-279,85,65,151,-2
592491,8,794,16550,-20,-277,83,67,149,-6
592505,32,818,16542,-21,-279,87,64,150,-3
592519,44,827,16545,-18,-273,85,66,149,-7
592533,41,848,16518,-17,-277,92,65,150,-4
592547,34,838,16522,-17,-275,92,65,148,-7
592561,12,812,16536,-15,-272,86,68,148,-7
592575,6,804,16535,-12,-277,87,68,146,-6
592589,8,788,16542,-21,-279,88,67,154,-8
592603,16,793,16536,-20,-276,88,67,153,-8
592617,23,820,16553,-23,-279,86,65,153,-6
592631,39,829,16548,-24,-277,85,65,151,-5
592645,28,846,16524,-23,-275,84,66,149,-3
592659,18,837,16534,-22,-277,88,65,153,-8
592673,7,817,16533,-17,-281,90,65,150,-6
592687,-12,806,16536,-19,-282,94,66,146,-4
592701,-23,818,16541,-17,-276,87,65,149,-6
592715,9,815,16540,-24,-273,84,66,149,-4
592729,24,827,16530,-18,-275,84,66,148,-4
592743,18,827,16536,-19,-275,91,66,149,-6
592757,12,827,16546,-17,-277,85,64,146,-7
592771,0,842,16535,-15,-283,86,65,145,-3
592785,-6,832,16550,-18,-279,86,66,146,-3
592799,-17,824,16545,-17,-275,83,68,148,-3
592813,-15,809,16519,-22,-279,83,68,149,-4
592827,6,811,16552,-20,-280,82,68,149,-3
592841,11,819,16527,-19,-279,82,63,150,-5
592855,25,825,16533,-20,-283,84,65,149,-6
592869,35,832,16543,-17,-281,86,69,147,-6
592883,22,812,16525,-21,-282,88,67,147,-7
592897,8,814,16543,-20,-281,86,66,147,-6
592911,-13,817,16527,-17,-282,81,66,147,-5
592925,-11,816,16515,-22,-279,87,65,148,-5
592939,13,827,16558,-16,-281,84,66,152,-4
592953,29,830,16539,-18,-278,82,66,149,-5
592967,31,816,16549,-15,-279,86,68,152,-7
592981,28,816,16541,-13,-275,82,64,152,-3
592995,23,818,16539,-19,-282,86,62,149,-3
593009,8,814,16538,-15,-279,88,65,149,-3
593023,9,808,16539,-21,-288,86,68,143,-3
593037,-5,812,16543,-17,-279,88,70,145,-3
593051,-2,835,16538,-22,-285,84,65,153,-3
593065,5,843,16566,-13,-279,86,67,153,-3
593079,-14,829,16537,-21,-275,85,66,149,-5
593093,-9,824,16545,-23,-277,90,66,147,-4
593107,2,814,16555,-19,-277,88,68,148,-3
593121,5,813,16545,-23,-278,88,67,145,-4
593135,13,805,16557,-18,-281,85,66,144,-4
593149,27,813,16545,-22,-276,84,68,152,-5
593163,25,825,16541,-14,-275,88,68,152,-6
593177,26,836,16545,-16,-282,86,66,148,-3
593191,22,834,16528,-19,-282,89,65,147,-7
593205,-3,826,16547,-15,-279,86,66,148,-7
593219,1,830,16527,-17,-280,86,66,150,-3
593233,-4,832,16523,-19,-279,87,67,149,-4
593247,-9,822,16558,-18,-281,86,70,148,-6
593261,12,822,16543,-16,-276,84,68,146,-6
593275,17,820,16535,-20,-279,87,68,150,-1
593289,30,831,16548,-16,-279,88,67,149,-4
593303,28,825,16532,-17,-282,87,66,147,-6
593317,19,815,16557,-19,-277,87,66,152,-9
593331,8,815,16543,-21,-278,86,66,149,-10
593345,-10,808,16553,-17,-278,79,67,152,-5
593359,-15,820,16555,-19,-276,84,67,152,-5
593373,-3,834,16536,-20,-278,88,65,150,-4
593387,-6,834,16531,-19,-273,85,64,148,-5
593401,18,826,16561,-23,-275,84,65,150,-6
593415,26,832,16538,-20,-282,86,65,150,-3
593429,16,804,16555,-20,-282,87,66,154,-2
593443,18,805,16552,-22,-282,89,67,152,-5
593457,25,814,16537,-19,-281,85,68,152,-5
593471,22,814,16535,-24,-280,81,63,150,-4
593485,2,828,16539,-17,-283,88,68,150,-4
593499,8,832,16546,-21,-276,88,64,152,-4
593513,-12,836,16545,-19,-279,88,66,147,-3
593527,-5,834,16547,-16,-282,87,67,149,-4
593541,-5,820,16547,-19,-281,83,67,149,-3
593555,3,819,16553,-16,-282,86,65,146,-7
593569,18,810,16540,-15,-278,86,67,148,-3
593583,27,818,16521,-17,-277,86,67,149,-2
593597,29,842,16578,-8,-276,89,63,152,-7
593611,12,838,16517,-13,-281,92,66,153,-7
593625,9,820,16557,-14,-271,86,66,148,-4
593639,-2,814,16524,-18,-278,86,65,149,-6
593653,5,811,16536,-20,-277,88,64,149,-6
593667,0,814,16557,-19,-279,87,66,150,-5
593681,7,814,16550,-22,-282,86,66,149,-7
593695,25,833,16551,-20,-278,84,67,147,-4
593709,30,835,16553,-19,-278,82,68,149,-5
593723,27,800,16528,-18,-279,90,67,152,-1
593737,17,785,16543,-20,-281,82,67,146,-2
593751,14,806,16464,-23,-274,86,66,153,-1
593765,18,834,16541,-27,-277,84,66,147,-5
593779,-7,844,16503,-4,-275,81,67,148,-4
593793,-19,833,16380,-30,-285,86,70,150,-5
593807,2,845,16674,-4,-269,84,66,149,-7
593821,0,841,16426,-16,-281,82,67,148,-7
593835,36,835,16646,-25,-273,83,64,147,-6
593849,34,821,16599,-20,-285,86,66,150,-8
593863,52,821,16503,-18,-275,80,68,153,-10
593877,39,814,16531,-21,-278,84,70,147,-7
593891,4,825,16570,-16,-281,76,69,147,-3
593905,-31,824,16506,-18,-283,83,65,145,-7
593919,-71,814,16598,-17,-277,91,65,150,-5
593933,-86,817,16541,-17,-278,88,65,152,-2
593947,-38,849,16558,-18,-273,92,63,150,-4
593961,0,850,16562,-23,-278,91,67,147,-5
593975,94,842,16534,-22,-278,82,67,149,-5
593989,110,810,16557,-23,-275,81,65,148,-5
594003,100,768,16537,-23,-280,85,68,147,-1
594017,68,760,16553,-21,-274,90,66,146,-2
594031,21,801,16560,-20,-279,89,65,147,-4
594045,-82,843,16549,-18,-281,94,62,154,-4
594059,-107,906,16552,-21,-276,87,62,152,-4
594073,-79,917,16558,-21,-280,84,68,152,-3
594087,-35,891,16545,-24,-275,84,67,150,-5
594101,73,796,16559,-18,-276,83,65,149,-6
594115,108,757,16532,-18,-278,89,64,148,-4
594129,102,733,16546,-24,-283,92,66,147,-3
594143,71,753,16554,-20,-277,96,68,150,-2
594157,0,845,16546,-20,-279,92,68,148,-2
594171,-34,891,16520,-16,-280,87,69,147,-1
594185,-65,914,16548,-28,-281,85,64,151,-5
594199,-56,879,16554,-23,-281,77,64,150,-9
594213,-6,793,16559,-23,-279,82,65,154,-6
594227,26,753,16567,-20,-281,90,68,153,-5
594241,52,750,16541,-20,-279,93,65,149,-4
594255,63,783,16536,-21,-279,99,63,147,-6
594269,54,850,16541,-21,-283,93,65,147,-5
594283,50,869,16532,-20,-280,87,67,152,-7
594297,11,851,16560,-26,-281,79,66,152,-8
594311,-17,828,16548,-24,-278,79,66,152,-1
594325,-26,780,16557,-18,-281,86,64,148,-6
594339,-33,777,16559,-21,-279,88,63,149,-6
594353,-17,820,16557,-21,-279,88,65,150,-2
594367,1,850,16548,-17,-274,83,64,148,-2
594381,26,876,16553,-19,-274,84,65,153,-5
594395,37,857,16542,-13,-279,78,66,148,-6
594409,45,792,16554,-19,-278,81,64,147,-3
594423,33,770,16551,-17,-284,86,70,149,1
594437,-2,765,16544,-20,-284,89,71,153,-2
594451,-24,797,16544,-22,-281,90,62,148,-3
594465,-32,878,16546,-17,-276,88,63,148,-6
594479,-24,894,16547,-12,-272,84,67,151,-6
594493,-20,867,16543,-19,-278,83,68,149,-6
594507,11,820,16542,-23,-275,85,67,150,-5
594521,39,785,16553,-20,-279,77,68,149,-5
594535,59,763,16556,-22,-275,84,64,154,-5
594549,54,775,16555,-25,-279,95,65,148,-5
594563,18,821,16554,-21,-279,91,67,150,-6
594577,-2,849,16560,-20,-278,88,65,152,-9
594591,-25,875,16535,-18,-282,86,63,149,-1
594605,-31,869,16536,-19,-282,86,68,149,-1
594619,-10,821,16551,-17,-277,80,67,152,-3
594633,0,800,16550,-19,-281,86,68,153,-2
594647,42,778,16555,-18,-276,93,68,152,-1
594661,48,791,16547,-23,-279,93,69,148,-6
594675,43,831,16556,-20,-281,90,67,150,-4
594689,31,849,16529,-25,-278,86,65,153,-4
594703,7,855,16556,-17,-280,85,67,151,-1
594717,-2,837,16546,-21,-278,86,68,152,-1
594731,-8,817,16554,-19,-273,85,65,150,-3
594745,-12,804,16559,-20,-281,89,67,149,-5
594759,-3,808,16555,-20,-281,89,68,149,-4
594773,6,821,16548,-19,-279,85,70,147,-7
594787,31,837,16550,-16,-280,88,71,150,-6
594801,28,828,16539,-16,-278,87,67,145,-5
594815,31,806,16558,-15,-280,79,69,150,-5
594829,33,809,16544,-15,-283,81,66,147,-5
594843,23,818,16549,-13,-283,88,65,147,-6
594857,2,818,16559,-20,-280,89,68,148,-4
594871,-23,826,16557,-14,-275,84,66,150,-5
594885,-22,836,16558,-17,-278,83,66,153,-4
594899,11,835,16555,-15,-279,83,69,150,-2
594913,23,830,16565,-18,-279,84,68,155,-3
594927,38,810,16536,-16,-276,79,67,153,-4
594941,51,807,16543,-19,-278,86,64,149,-2
594955,38,813,16555,-20,-283,90,63,151,-4
594969,16,809,16551,-20,-280,90,67,149,-6
594983,2,815,16554,-20,-281,87,66,150,-6
594997,-8,831,16567,-23,-277,83,66,151,-5
595011,2,836,16543,-19,-275,80,65,149,-7
595025,22,831,16546,-12,-281,84,64,150,-6
595039,29,832,16553,-19,-279,83,63,151,-4
595053,33,812,16553,-16,-275,80,65,150,-5
595067,22,802,16554,-26,-279,84,65,153,-4
595081,-1,809,16552,-10,-280,93,66,151,-7
595095,0,811,16553,-12,-273,85,68,149,-3
595109,8,832,16563,-19,-282,85,63,152,-8
595123,11,839,16545,-17,-278,93,63,148,-4
595137,32,831,16547,-24,-282,87,61,149,-3
595151,36,824,16550,-20,-277,88,67,152,-5
595165,9,809,16538,-17,-274,86,67,153,-5
595179,-1,810,16545,-19,-283,89,66,152,-6
595193,-1,816,16545,-20,-281,90,64,153,-5
595207,0,820,16546,-22,-278,85,67,150,-5
595221,1,829,16553,-17,-280,83,64,148,-4
595235,7,832,16547,-15,-282,88,63,152,-6
595249,18,823,16544,-20,-275,85,68,147,-8
595263,25,817,16540,-21,-279,89,68,149,-6
595277,16,811,16537,-22,-280,90,63,151,-6
595291,10,815,16556,-18,-276,86,66,151,-7
595305,-6,819,16542,-15,-276,87,64,151,-6
595319,-5,834,16554,-18,-275,84,66,151,-6
595333,-2,842,16539,-18,-280,90,68,151,-3
595347,5,839,16547,-20,-279,89,67,149,-4
595361,7,803,16548,-16,-279,86,66,150,-3
595375,35,798,16546,-20,-279,86,67,149,-7
595389,44,807,16551,-20,-280,89,66,148,-2
595403,28,814,16543,-24,-280,85,67,150,-4
595417,23,820,16552,-20,-279,88,67,152,2
595431,11,832,16546,-21,-275,85,68,152,-2
595445,6,838,16540,-22,-279,88,67,149,-5
595459,-2,833,16549,-24,-281,88,68,151,-5
595473,-1,831,16562,-20,-277,89,70,151,-4
595487,19,805,16548,-22,-272,90,68,147,-2
595501,28,804,16544,-18,-279,89,66,149,-2
595515,32,803,16543,-16,-277,88,66,149,-5
595529,36,813,16539,-17,-280,93,65,150,-4
595543,21,832,16542,-18,-279,88,64,147,-6
595557,8,843,16542,-26,-282,86,65,149,-4
595571,3,829,16549,-20,-277,87,67,152,-3
595585,-3,828,16546,-16,-280,88,70,152,-2
595599,4,811,16540,-17,-273,90,67,148,-6
595613,13,808,16538,-21,-280,88,65,150,-9
595627,14,832,16545,-20,-277,89,66,148,-3
595641,18,840,16544,-20,-279,87,64,151,-3
595655,18,834,16538,-17,-281,85,66,149,-6
595669,16,823,16541,-14,-278,80,68,149,-5
595683,32,818,16540,-15,-279,85,65,151,-6
595697,30,812,16544,-12,-276,84,66,152,-5
595711,10,823,16547,-17,-283,82,64,150,-6
595725,-4,825,16553,-18,-279,90,66,150,-6
595739,-14,826,16548,-17,-281,87,66,148,-3
595753,-6,833,16557,-20,-280,86,66,150,-5
595767,1,830,16545,-16,-273,86,67,148,-2
595781,21,823,16542,-13,-272,82,67,149,-2
595795,33,807,16551,-17,-276,87,65,150,-4
595809,36,796,16542,-14,-278,87,65,146,-1
595823,34,809,16539,-20,-276,88,67,146,-6
595837,20,814,16545,-18,-273,90,69,148,-5
595851,9,826,16538,-21,-286,85,68,150,-4
595865,-14,839,16537,-16,-281,85,65,145,-1
595879,-15,838,16552,-18,-275,84,63,144,-1
595893,4,825,16551,-19,-276,84,65,144,-1
595907,15,814,16549,-23,-278,85,68,150,-2
595921,23,805,16547,-18,-278,84,64,155,-1
595935,26,804,16544,-12,-279,84,69,149,-8
595949,32,821,16534,-21,-275,89,66,149,-6
595963,28,829,16551,-21,-281,85,66,149,-5
595977,17,828,16544,-9,-277,84,67,148,-5
595991,11,828,16557,-12,-279,82,66,148,-4
596005,1,820,16561,-16,-276,85,64,148,-7
596019,-10,823,16554,-15,-277,83,66,147,-3
596033,3,827,16548,-18,-272,86,67,146,-5
596047,-7,825,16554,-23,-273,87,66,148,-5
596061,17,831,16541,-13,-282,82,66,149,-2
596075,26,831,16548,-17,-277,84,66,148,-5
596089,43,823,16554,-20,-278,86,67,147,-3
596103,43,814,16554,-19,-277,87,67,154,-4
596117,37,801,16550,-19,-277,87,67,153,-3
596131,30,800,16551,-23,-280,88,68,149,-3
596145,-1,819,16550,-20,-278,92,68,150,-3
596159,-15,841,16544,-16,-279,90,66,148,-3
596173,-8,854,16546,-22,-280,87,67,153,-6
596187,4,858,16547,-25,-278,84,70,149,-3
596201,27,825,16549,-15,-282,80,70,148,-2
596215,35,805,16551,-19,-280,85,65,148,-5
596229,42,796,16541,-20,-275,90,62,152,-4
596243,34,790,16536,-16,-279,87,66,147,-5
596257,30,811,16559,-21,-279,92,66,150,-5
596271,-6,830,16557,-25,-278,86,68,152,-4
596285,-6,842,16550,-19,-278,83,63,153,-9
596299,-1,843,16549,-18,-284,87,66,150,-3
596313,4,839,16557,-16,-278,85,70,148,-5
596327,22,808,16551,-18,-279,85,67,149,-6
596341,28,793,16553,-16,-281,83,66,144,-7
596355,21,803,16556,-19,-279,85,65,152,-2
596369,16,804,16560,-14,-278,88,65,148,-2
596383,15,838,16547,-19,-275,89,68,150,-3
596397,11,842,16553,-20,-282,83,66,152,-6
596411,1,836,16542,-22,-278,88,65,150,-5
596425,11,832,16549,-24,-278,88,67,152,-4
596439,4,795,16547,-16,-275,86,68,150,-1
596453,14,797,16546,-17,-276,91,66,151,-4
596467,2,820,16562,-19,-280,91,62,154,-5
596481,4,829,16553,-14,-278,86,63,148,-5
596495,10,848,16545,-19,-283,87,70,149,-3
596509,14,849,16548,-20,-283,88,67,153,-3
596523,21,817,16539,-21,-281,90,70,149,-1
596537,16,810,16549,-18,-281,86,69,149,-3
596551,18,792,16548,-20,-283,92,64,152,-4
596565,16,800,16549,-20,-283,84,65,150,-6
596579,3,822,16551,-15,-281,94,66,151,-2
596593,-1,838,16552,-17,-281,89,64,148,-5
596607,5,853,16560,-20,-279,82,66,148,-6
596621,4,849,16559,-20,-276,84,65,146,-1
596635,10,817,16552,-25,-281,82,65,146,-2
596649,15,800,16549,-23,-276,80,65,152,-6
596663,11,793,16534,-20,-279,82,67,153,-5
596677,14,803,16534,-21,-281,85,65,149,-6
596691,21,836,16557,-17,-282,84,65,148,-3
596705,2,843,16544,-18,-277,87,63,154,-6
596719,3,845,16545,-20,-279,80,64,156,-5
596733,7,839,16549,-17,-279,84,67,149,-6
596747,9,817,16549,-17,-277,87,61,150,-4
596761,7,805,16546,-15,-284,85,68,148,-5
596775,6,802,16563,-17,-280,88,66,146,-6
596789,2,817,16544,-18,-277,87,65,150,-5
596803,2,830,16549,-18,-277,82,67,153,-4
596817,17,844,16560,-22,-276,85,68,150,-5
596831,20,847,16549,-20,-277,86,66,150,-8
596845,8,829,16559,-14,-276,88,69,146,-8
596859,11,820,16550,-15,-283,87,66,147,-6
596873,3,810,16541,-18,-280,92,68,148,-7
596887,6,808,16546,-20,-277,83,68,148,-4
596901,5,821,16553,-19,-277,85,67,154,-2
596915,11,832,16547,-22,-277,88,68,155,-2
596929,16,832,16551,-20,-280,88,67,152,-4
596943,22,829,16550,-24,-282,88,64,147,-6
596957,24,809,16559,-19,-279,86,67,149,-5
596971,27,799,16552,-16,-278,89,65,150,-3
596985,3,811,16536,-18,-279,86,65,154,-3
596999,2,827,16549,-19,-278,88,64,153,-5
597013,0,835,16544,-20,-281,89,66,154,-6
597027,8,831,16541,-16,-281,88,68,152,-6
597041,18,827,16553,-19,-279,85,67,152,-5
597055,33,817,16550,-16,-278,84,68,152,-7
597069,11,808,16550,-15,-279,86,67,152,-5
597083,18,807,16560,-10,-279,90,66,153,-3
597097,18,820,16549,-17,-277,82,65,153,-5
597111,10,826,16551,-18,-285,87,68,154,-1
597125,-7,842,16543,-19,-278,84,69,154,-1
597139,7,834,16529,-20,-281,83,65,147,-4
597153,10,819,16544,-19,-280,88,62,150,-4
597167,34,814,16540,-18,-279,83,61,152,-4
597181,20,803,16548,-17,-278,88,65,149,-4
597195,5,814,16553,-15,-276,82,65,149,-4
597209,16,823,16548,-18,-280,85,62,148,-3
597223,18,824,16553,-17,-278,89,66,150,-2
597237,22,832,16553,-21,-283,86,67,149,-6
597251,22,825,16543,-15,-275,84,67,153,-6
597265,22,813,16550,-21,-280,85,70,152,-4
597279,19,811,16550,-22,-276,85,64,150,-9
597293,18,811,16547,-18,-280,86,65,147,-8
597307,15,821,16560,-18,-280,85,66,148,-8
597321,20,837,16561,-20,-277,88,65,147,-4
597335,19,838,16542,-18,-277,87,63,148,-5
597349,27,832,16554,-20,-279,85,68,153,-1
597363,11,814,16563,-9,-280,87,68,149,-3
597377,14,807,16558,-16,-282,86,67,149,-3
597391,11,806,16548,-23,-285,89,64,147,-3
597405,19,813,16541,-21,-278,84,63,145,-4
597419,19,827,16544,-24,-280,86,68,147,-8
597433,17,837,16538,-17,-279,86,70,153,-9
597447,24,841,16546,-21,-281,85,71,150,-5
597461,14,829,16558,-21,-283,84,70,148,-6
597475,11,810,16549,-14,-280,84,68,144,-6
597489,3,803,16552,-19,-277,85,72,149,-4
597503,11,811,16548,-19,-279,86,70,149,-2
597517,4,818,16549,-16,-278,87,68,149,-4
597531,8,837,16550,-18,-276,86,66,148,-3
597545,7,840,16543,-17,-279,87,65,150,-3
597559,17,837,16553,-21,-278,85,71,152,-6
597573,6,824,16552,-13,-276,91,68,150,-5
597587,14,795,16564,-21,-279,88,69,153,-6
597601,18,798,16553,-23,-278,86,69,150,-5
597615,22,808,16531,-18,-280,83,65,148,-5
597629,25,818,16548,-22,-280,86,68,147,-7
597643,21,826,16542,-18,-275,91,66,147,-7
597657,6,834,16547,-17,-282,89,68,150,-4
597671,5,831,16560,-17,-280,86,67,153,-4
597685,4,819,16533,-19,-277,83,68,152,-8
597699,14,818,16550,-24,-278,88,67,152,-9
597713,16,814,16545,-22,-277,86,68,150,-6
597727,5,812,16543,-22,-276,88,66,150,-6
597741,3,817,16553,-19,-274,90,66,152,-4
597755,18,859,16550,-13,-277,88,68,156,-9
597769,-3,818,16545,-18,-277,85,67,155,-7
597783,1,806,16521,-20,-282,86,63,156,-8
597797,13,812,16572,-12,-276,85,70,150,-7
597811,19,827,16549,-15,-279,87,70,151,-6
597825,32,837,16536,-20,-284,79,67,151,-9
597839,33,824,16558,-23,-279,87,66,150,-7
597853,17,804,16546,-19,-278,86,67,147,-7
597867,4,803,16549,-16,-276,84,67,151,-7
597881,-14,810,16557,-20,-281,88,66,150,-10
597895,-3,822,16543,-17,-278,90,64,148,-3
597909,10,855,16565,-14,-275,89,66,149,-2
597923,12,854,16562,-17,-274,82,67,149,-4
597937,15,830,16561,-18,-278,81,64,147,-7
597951,17,810,16562,-18,-280,85,63,146,-9
597965,9,795,16547,-23,-276,84,67,149,-8
597979,5,799,16556,-15,-278,92,63,151,-6
597993,5,837,16538,-20,-278,91,65,153,-7
598007,10,848,16535,-19,-275,87,65,151,-6
598021,11,844,16559,-19,-278,90,68,149,-7
598035,28,838,16557,-16,-276,82,69,149,-7
598049,18,804,16566,-16,-279,84,71,149,-7
598063,1,800,16561,-16,-281,87,68,151,-8
598077,-1,796,16555,-17,-280,91,68,149,-6
598091,0,818,16565,-19,-278,84,70,151,-4
598105,-1,832,16556,-15,-284,87,63,146,-1
598119,29,846,16557,-14,-272,88,62,150,-5
598133,36,846,16551,-19,-277,93,62,152,-6
598147,35,833,16555,-20,-279,87,66,147,-6
598161,36,809,16551,-19,-277,93,65,146,-4
598175,-8,797,16544,-18,-277,87,68,146,-3
598189,-14,798,16544,-21,-277,88,69,145,-5
598203,-16,829,16556,-16,-274,91,69,146,-7
598217,-4,836,16553,-15,-278,86,68,146,-4
598231,28,841,16541,-12,-278,87,67,148,-1
598245,27,833,16534,-11,-275,89,63,145,-4
598259,16,814,16557,-12,-274,87,65,147,-7
598273,0,807,16547,-15,-282,92,65,146,-6
598287,5,806,16543,-17,-282,92,67,145,-7
598301,14,820,16551,-20,-277,91,70,148,-6
598315,22,834,16550,-22,-278,85,69,148,-4
598329,35,838,16547,-17,-275,82,68,148,-4
598343,44,829,16548,-18,-280,83,66,153,-4
598357,32,823,16534,-17,-278,88,65,154,-7
598371,13,811,16558,-17,-276,87,66,150,-7
598385,-8,797,16562,-19,-279,91,65,153,-5
598399,-27,805,16542,-17,-275,85,66,151,-4
598413,-14,827,16544,-23,-278,94,67,153,-1
598427,14,849,16536,-18,-280,86,64,154,-5
598441,36,857,16536,-16,-278,85,64,153,-7
598455,44,838,16553,-14,-275,88,65,149,-5
598469,28,819,16548,-17,-273,84,65,148,-2
598483,8,790,16553,-20,-276,86,69,146,-4
598497,-8,778,16557,-21,-275,82,66,149,-4
598511,-8,789,16543,-22,-277,88,66,148,-6
598525,-1,839,16551,-19,-277,86,66,148,-6
598539,10,856,16550,-18,-275,87,67,147,-6
598553,22,874,16548,-15,-280,85,66,152,-5
598567,20,863,16557,-15,-278,91,71,152,-7
598581,14,805,16548,-17,-277,80,68,152,-4
598595,4,783,16542,-16,-273,90,69,150,-5
598609,10,772,16567,-18,-279,89,67,149,-4
598623,14,788,16559,-15,-279,83,61,149,-1
598637,20,841,16553,-17,-279,85,60,152,-4
598651,18,857,16557,-18,-278,86,65,150,-6
598665,3,861,16540,-17,-281,90,63,150,-5
598679,-11,846,16545,-22,-281,87,62,150,-1
598693,0,795,16553,-17,-280,84,67,150,-5
598707,6,783,16548,-20,-278,89,67,146,-5
598721,21,791,16569,-21,-283,86,69,150,-5
598735,27,802,16562,-19,-282,92,68,147,-5
598749,42,841,16546,-19,-274,90,68,147,-5
598763,33,851,16553,-14,-277,89,64,148,-6
598777,-7,837,16552,-19,-282,86,66,149,-7
598791,-25,822,16551,-19,-274,83,68,150,-4
598805,-18,798,16559,-18,-279,87,67,152,-2
598819,-8,798,16547,-14,-277,88,67,150,-3
598833,38,824,16530,-17,-279,85,66,151,-2
598847,41,831,16546,-21,-281,85,64,149,-2
598861,44,836,16564,-15,-277,91,66,155,-5
598875,34,827,16532,-18,-280,92,65,152,-5
598889,10,815,16577,-22,-281,89,66,152,-3
598903,-8,812,16553,-15,-278,93,66,147,-2
598917,-22,813,16586,-19,-280,86,66,148,-2
598931,-9,830,16557,-16,-280,85,67,150,-6
598945,-14,847,16555,-19,-282,80,70,153,-5
598959,17,847,16581,-17,-278,85,69,152,-8
598973,29,844,16523,-16,-279,91,67,147,-6
598987,34,818,16549,-19,-274,89,67,147,-6
599001,32,805,16575,-19,-281,91,67,148,-4
599015,13,785,16544,-18,-282,86,66,148,-4
599029,12,790,16548,-21,-276,86,67,147,-7
599043,-4,828,16569,-22,-280,85,66,145,-7
599057,-2,841,16551,-18,-280,92,64,147,-5
599071,-8,852,16566,-24,-274,90,65,148,-4
599085,-3,843,16550,-21,-281,84,65,147,-4
599099,12,826,16548,-22,-275,87,68,150,-5
599113,24,807,16564,-21,-279,90,66,153,-6
599127,29,795,16539,-19,-281,89,68,152,-6
599141,31,809,16563,-21,-276,91,68,149,-6
599155,22,843,16529,-19,-277,93,64,146,-3
599169,19,858,16545,-23,-280,88,66,146,-3
599183,-8,860,16565,-19,-276,89,67,148,-5
599197,-8,847,16555,-18,-281,84,70,149,-5
599211,-8,808,16553,-23,-282,85,65,152,1
599225,-2,801,16563,-21,-285,86,64,149,-3
599239,25,819,16533,-15,-279,87,66,148,-8
599253,34,824,16540,-18,-274,87,66,149,-7
599267,35,826,16545,-18,-280,93,67,150,-3
599281,21,833,16536,-17,-280,86,67,150,-5
599295,10,835,16558,-20,-282,80,66,152,-8
599309,2,824,16547,-18,-282,86,66,151,-2
599323,-7,825,16548,-17,-280,84,63,151,-4
599337,-1,830,16552,-18,-276,92,63,149,-6
599351,3,828,16554,-15,-275,85,66,150,-5
599365,17,840,16555,-18,-280,81,64,153,-3
599379,19,823,16548,-24,-279,84,69,147,-4
599393,28,824,16540,-19,-283,85,67,148,-5
599407,24,822,16571,-23,-281,87,68,149,-4
599421,14,802,16566,-21,-273,85,64,153,-4
599435,16,810,16541,-20,-279,89,67,152,-3
599449,11,840,16561,-21,-277,81,70,149,-6
599463,1,840,16552,-18,-279,92,69,149,-6
599477,-4,841,16575,-16,-281,84,67,149,-6
599491,2,836,16557,-19,-284,82,67,153,-5
599505,11,828,16555,-21,-280,88,66,152,-4
599519,13,814,16564,-16,-280,87,63,146,-6
599533,16,819,16543,-15,-279,88,66,149,-3
599547,13,814,16552,-15,-280,86,65,150,-4
599561,21,821,16547,-23,-280,86,67,152,-3
599575,18,827,16549,-22,-280,88,69,150,-4
599589,2,840,16520,-19,-278,85,66,148,-8
599603,-4,836,16527,-17,-271,84,64,146,-10
599617,-13,826,16611,-10,-280,77,64,148,-3
599631,5,820,16430,-13,-280,85,65,150,-4
599645,30,816,16655,-19,-276,84,68,153,-4
599659,29,814,16604,-11,-279,89,64,154,-6
599673,46,825,16489,-28,-282,87,64,148,-4
599687,43,821,16636,-25,-277,88,67,150,-5
599701,20,822,16489,-19,-280,90,64,155,-5
599715,9,817,16532,-22,-276,85,66,152,-5
599729,-18,832,16572,-18,-277,88,66,148,-4
599743,-11,832,16503,-22,-280,90,66,145,-5
599757,4,828,16598,-22,-280,86,70,147,-2
599771,17,829,16560,-19,-273,84,69,148,-4
599785,24,832,16543,-23,-278,88,69,150,-5
599799,37,821,16587,-19,-285,85,64,152,-5
599813,38,811,16509,-22,-278,86,67,153,-2
599827,32,808,16567,-17,-277,87,64,148,-5
599841,12,809,16533,-17,-281,86,65,147,-2
599855,5,839,16520,-17,-280,84,65,145,-1
599869,-2,842,16582,-18,-277,86,62,152,-3
599883,-4,849,16526,-14,-280,83,63,148,-7
599897,-4,842,16517,-24,-274,86,69,154,-5
599911,15,821,16573,-15,-281,88,69,153,-6
599925,30,808,16525,-18,-276,86,70,147,-6
599939,32,797,16572,-22,-279,86,72,144,-5
599953,34,801,16577,-19,-274,88,70,147,-7
599967,26,826,16531,-22,-276,88,65,150,-5
599981,21,831,16567,-15,-278,87,65,150,-5
599995,-1,838,16519,-23,-282,89,64,152,-10
600009,-8,834,16528,-18,-282,86,68,148,-8
600023,-6,837,16564,-18,-281,82,68,146,-7
600037,4,829,16532,-17,-282,82,62,146,-2
600051,28,812,16575,-18,-280,88,65,147,-4
600065,39,818,16563,-15,-278,88,66,147,-6
600079,38,821,16542,-21,-279,86,65,148,-7
600093,31,827,16560,-17,-281,89,67,150,-8
600107,1,826,16535,-15,-281,91,66,148,-5
600121,1,828,16549,-24,-279,88,65,150,-6
600135,-9,832,16546,-18,-276,84,68,149,-3
600149,-6,831,16533,-24,-280,94,66,150,-6
600163,9,832,16561,-21,-278,86,64,155,-7
600177,28,827,16540,-11,-280,84,65,145,-3
600191,40,818,16548,-14,-280,92,70,148,-5
600205,42,813,16555,-21,-274,89,68,149,-7
600219,31,812,16539,-19,-277,90,68,152,-1
600233,18,812,16547,-18,-277,87,66,149,-2
600247,3,829,16541,-20,-279,90,61,153,-2
600261,-1,840,16532,-18,-279,87,64,154,-4
600275,-6,840,16551,-18,-278,91,68,147,-3
600289,-11,830,16532,-25,-276,86,70,148,-3
600303,0,830,16554,-29,-279,82,67,153,-5
600317,25,818,16553,-20,-276,88,64,147,-6
600331,33,816,16542,-20,-273,88,65,146,-5
600345,26,818,16557,-23,-278,92,66,147,-6
600359,17,822,16536,-25,-279,90,66,148,-5
600373,18,826,16529,-19,-276,92,66,154,-5
600387,14,843,16542,-19,-280,88,63,149,-5
600401,4,838,16538,-16,-273,86,64,148,-6
600415,-3,833,16539,-16,-278,85,66,145,-4
600429,4,829,16550,-22,-277,85,68,149,-5
600443,13,827,16545,-15,-275,84,67,152,-4
600457,29,824,16534,-19,-278,87,65,149,-6
600471,31,824,16534,-20,-279,85,65,148,-7
600485,39,814,16530,-18,-274,84,72,149,-5
600499,33,819,16547,-16,-278,90,70,150,-6
600513,11,817,16537,-17,-272,86,64,151,-3
600527,-1,818,16542,-20,-272,89,61,149,-5
600541,-12,829,16563,-18,-280,89,63,148,-7
600555,-11,834,16535,-15,-275,88,67,152,-4
600569,13,840,16554,-24,-280,80,67,149,-6
600583,19,832,16569,-18,-282,84,65,151,-3
600597,29,812,16514,-18,-278,89,66,151,-2
600611,41,814,16571,-21,-283,89,69,152,-4
600625,14,808,16520,-22,-280,92,66,149,-5
600639,6,812,16537,-20,-272,85,68,146,-5
600653,0,838,16551,-12,-279,90,70,151,-3
600667,-2,841,16537,-15,-283,92,68,151,1
600681,-5,836,16550,-20,-275,89,68,151,-2
600695,3,828,16547,-16,-280,83,64,151,-6
600709,10,824,16543,-20,-280,89,68,148,-4
600723,23,815,16554,-17,-280,83,66,148,-3
600737,35,805,16545,-17,-277,89,64,150,-6
600751,9,814,16540,-16,-276,90,68,152,-4
600765,10,824,16550,-17,-280,86,63,152,-6
600779,-4,839,16538,-21,-280,88,62,154,-4
600793,1,843,16549,-19,-279,83,63,152,-7
600807,16,838,16540,-14,-276,84,68,149,-9
600821,1,825,16551,-19,-279,89,66,150,-5
600835,-1,813,16554,-18,-283,87,68,148,-6
600849,8,814,16543,-17,-281,90,68,148,-5
600863,20,816,16553,-20,-284,89,71,150,-6
600877,20,828,16551,-17,-280,88,70,153,-5
600891,26,841,16538,-18,-283,91,64,148,-3
600905,27,834,16557,-19,-279,89,67,146,-1
600919,2,825,16544,-17,-281,84,66,146,-2
600933,0,825,16544,-18,-285,87,70,148,-3
600947,-8,816,16553,-15,-281,89,70,148,-2
600961,2,817,16535,-16,-278,81,65,149,-4
600975,10,821,16557,-16,-280,84,65,150,-4
600989,26,829,16554,-19,-281,85,65,153,-5
601003,47,824,16537,-21,-277,87,63,149,-4
601017,35,823,16543,-17,-280,85,65,149,-6
601031,22,816,16535,-18,-276,88,67,152,-6
601045,14,817,16538,-15,-274,85,64,152,-6
601059,-5,825,16560,-17,-282,87,64,151,-4
601073,-12,826,16551,-15,-279,85,67,149,-2
601087,-8,835,16556,-15,-279,83,66,147,-3
601101,-1,836,16552,-13,-277,84,68,151,-5
601115,15,831,16555,-16,-280,86,66,150,-5
601129,21,820,16546,-21,-283,83,64,151,-4
601143,24,825,16554,-23,-280,88,68,151,-5
601157,20,823,16544,-17,-276,94,67,148,-3
601171,18,816,16542,-22,-280,89,65,150,-8
601185,4,825,16551,-17,-278,85,70,147,-5
601199,3,836,16545,-17,-278,83,70,149,-6
601213,-8,848,16540,-19,-277,88,68,152,-4
601227,4,839,16543,-21,-282,88,69,149,-2
601241,6,824,16557,-19,-275,84,65,147,-3
601255,15,814,16541,-20,-279,81,70,147,1
601269,23,810,16551,-18,-278,88,64,149,-5
601283,23,808,16540,-17,-279,87,65,149,-5
601297,24,823,16542,-20,-282,88,65,148,-4
601311,17,831,16553,-18,-280,89,72,149,-7
601325,6,834,16549,-16,-283,88,69,148,-3
601339,-6,834,16546,-15,-280,88,66,149,-3
601353,-10,831,16543,-20,-278,85,68,148,-3
601367,-6,825,16539,-21,-275,87,67,146,-3
601381,6,819,16540,-17,-281,91,67,146,-5
601395,25,809,16544,-18,-274,89,68,146,-4
601409,36,823,16534,-19,-287,90,66,149,-5
601423,37,823,16538,-18,-283,90,64,153,-8
601437,23,826,16549,-22,-275,89,65,153,-8
601451,8,820,16540,-22,-284,89,67,149,-4
601465,-5,825,16547,-18,-277,89,66,150,-3
601479,-4,821,16546,-12,-278,84,66,148,-3
601493,10,824,16535,-15,-277,87,69,150,-2
601507,14,824,16531,-21,-277,85,69,154,-3
601521,21,823,16542,-18,-281,83,64,149,-7
601535,18,818,16535,-19,-275,85,64,152,-11
601549,23,818,16549,-15,-280,87,68,149,-7
601563,14,811,16552,-17,-275,89,67,146,-5
601577,12,823,16534,-17,-279,88,65,151,-7
601591,5,825,16536,-19,-282,88,66,149,-4
601605,8,826,16535,-21,-276,92,67,148,-2
601619,6,829,16533,-18,-277,88,65,153,-5
601633,9,825,16552,-25,-278,89,66,149,-6
601647,14,824,16550,-18,-276,84,63,150,-5
601661,7,826,16550,-20,-280,86,64,148,-6
601675,8,825,16554,-14,-277,79,64,146,-8
601689,2,821,16549,-15,-284,90,68,144,-5
601703,0,825,16536,-15,-279,86,71,146,-7
601717,-4,825,16546,-17,-283,86,62,147,-5
601731,-1,830,16541,-16,-280,85,64,150,-7
601745,-1,836,16528,-19,-279,82,65,150,-6
601759,5,831,16552,-18,-281,91,65,150,-4
601773,14,824,16544,-17,-278,91,67,151,-1
601787,30,819,16553,-18,-273,87,68,150,-9
601801,35,822,16530,-18,-278,90,67,150,-8
601815,29,824,16546,-22,-279,88,63,149,-7
601829,22,822,16533,-18,-282,87,66,152,-7
601843,5,832,16553,-16,-277,90,65,148,-6
601857,0,831,16556,-17,-275,90,64,152,-9
601871,-7,837,16539,-20,-272,85,67,149,-8
601885,-11,829,16550,-25,-274,88,66,150,-3
601899,8,828,16551,-15,-278,90,60,150,-3
601913,19,825,16553,-22,-279,85,63,150,-7
601927,26,817,16544,-10,-279,88,67,143,-3
601941,32,825,16540,-19,-273,86,67,146,-6
601955,32,817,16544,-20,-279,82,65,150,-3
601969,22,809,16542,-16,-280,84,68,155,-4
601983,6,818,16537,-14,-275,88,70,155,-4
601997,6,820,16549,-15,-279,89,66,150,-7
602011,10,825,16534,-16,-283,85,65,149,-5
602025,-5,830,16534,-17,-278,87,65,149,-6
602039,0,834,16550,-21,-283,85,67,149,-7
602053,14,831,16538,-19,-272,83,65,152,-7
602067,18,824,16549,-18,-278,90,67,149,-5
602081,27,812,16536,-20,-283,91,66,152,-4
602095,29,808,16529,-18,-279,89,64,149,-2
602109,37,805,16547,-16,-280,88,67,148,-4
602123,30,807,16543,-23,-282,85,68,148,-6
602137,2,829,16545,-17,-276,89,67,149,-8
602151,-1,833,16549,-14,-277,84,68,150,-4
602165,-15,842,16528,-23,-275,86,69,154,-6
602179,-30,840,16545,-21,-276,87,66,153,-6
602193,-15,818,16551,-17,-276,84,65,155,-5
602207,2,818,16545,-19,-275,88,66,149,-3
602221,26,809,16548,-22,-279,85,67,150,-4
602235,33,800,16547,-20,-281,86,69,147,-4
602249,49,815,16543,-17,-279,87,71,146,-2
602263,40,826,16553,-15,-281,86,71,147,-2
602277,10,836,16545,-17,-284,83,68,149,-5
602291,-1,841,16548,-18,-277,86,67,152,-4
602305,-27,832,16540,-18,-275,85,68,148,-7
602319,-24,832,16536,-20,-276,87,64,149,-8
602333,2,819,16538,-21,-274,83,64,152,-6
602347,14,823,16539,-23,-277,86,67,148,-6
602361,35,827,16540,-18,-279,83,67,153,-2
602375,45,828,16543,-14,-274,88,64,152,-6
602389,50,824,16542,-20,-284,87,67,152,-4
602403,34,828,16553,-18,-282,85,63,147,-7
602417,6,826,16552,-21,-277,88,65,148,-6
602431,-9,828,16553,-21,-276,88,67,146,-4
602445,-14,824,16548,-20,-280,84,66,152,-6
602459,-6,822,16537,-18,-279,84,69,148,-4
602473,0,832,16541,-20,-278,88,66,146,-1
602487,8,826,16541,-21,-272,86,63,148,-4
602501,23,819,16526,-14,-283,87,68,146,-5
602515,25,821,16536,-15,-281,87,66,146,-4
602529,27,817,16549,-22,-280,85,68,151,-5
602543,7,809,16540,-20,-280,84,67,156,-4
602557,9,814,16547,-22,-279,86,70,152,-5
602571,9,828,16545,-14,-279,83,68,151,-6
602585,12,826,16543,-11,-283,86,67,148,-6
602599,-1,841,16555,-16,-279,86,66,149,-6
602613,4,836,16547,-14,-276,91,65,150,-7
602627,14,822,16542,-17,-278,83,67,148,-6
602641,17,814,16551,-20,-278,88,67,145,-4
602655,31,808,16537,-18,-277,90,64,153,-5
602669,28,804,16550,-17,-279,85,67,148,-4
602683,25,819,16535,-24,-274,86,64,148,-4
602697,19,817,16531,-16,-279,87,66,150,-5
602711,14,827,16550,-22,-279,86,64,146,-3
602725,2,829,16551,-21,-277,88,68,147,-5
602739,-12,835,16544,-21,-281,88,69,149,-1
602753,-3,827,16555,-17,-277,90,69,145,-3
602767,6,819,16545,-21,-278,93,66,146,-5
602781,18,817,16551,-17,-283,92,69,150,-6
602795,42,812,16548,-18,-283,91,68,147,-5
602809,30,821,16542,-19,-281,90,66,148,-2
602823,27,821,16554,-21,-283,88,67,153,-5
602837,19,822,16549,-22,-279,89,66,150,-2
602851,-6,830,16546,-20,-278,89,63,148,-1
602865,-15,832,16553,-22,-281,84,68,148,-3
602879,249,840,16548,-20,-280,86,65,146,-3
602893,3,840,16546,-17,-276,85,69,149,-4
602907,4,828,16539,-18,-283,90,69,150,-1
602921,19,826,16529,-15,-276,86,67,150,-7
602935,33,827,16543,-21,-280,83,68,149,-4
602949,31,820,16540,-20,-279,87,66,148,-6
602963,28,825,16544,-18,-280,87,68,150,-10
602977,21,814,16546,-22,-279,85,67,150,-8
602991,22,815,16542,-21,-286,87,62,152,-3
603005,15,823,16548,-20,-275,86,63,150,-4
603020,7,826,16550,-18,-282,81,65,148,-4
603034,-7,832,16540,-21,-279,87,67,148,-3
603048,-13,830,16556,-21,-280,83,71,150,-4
603062,4,832,16546,-13,-277,83,67,148,-1
603076,11,819,16548,-15,-280,85,67,147,-4
603090,29,814,16550,-17,-274,87,68,147,-4
603104,38,812,16548,-22,-278,83,67,148,-10
603118,27,817,16542,-20,-281,84,68,153,-9
603133,17,817,16556,-17,-277,87,66,150,-7
603147,2,825,16547,-17,-282,88,67,149,-5
603161,-4,831,16566,-18,-281,84,66,148,-4
603175,-12,822,16554,-19,-278,85,67,150,-6
603189,-7,820,16536,-20,-276,85,67,150,-7
603203,5,829,16540,-17,-278,80,65,152,-6
603217,14,829,16538,-17,-277,84,63,154,-5
603231,37,818,16552,-15,-284,83,63,152,-6
603245,24,811,16562,-20,-281,88,62,149,-6
603259,18,816,16535,-19,-277,87,62,149,-2
603273,7,827,16541,-15,-276,92,64,151,-5
603287,8,823,16550,-11,-278,87,66,153,-7
603301,1,829,16540,-20,-281,88,72,150,-8
603315,8,828,16575,-19,-281,89,67,149,-6
603329,15,825,16556,-23,-278,86,66,149,-2
603343,24,821,16544,-21,-278,83,67,148,-1
603357,24,820,16565,-21,-277,83,65,150,-2
603371,23,816,16536,-22,-277,87,68,148,-5
603385,21,818,16532,-19,-279,84,69,147,-6
603399,21,831,16553,-20,-276,88,66,148,-6
603413,12,829,16540,-23,-276,85,67,147,-5
603427,0,819,16567,-16,-285,82,69,150,-8
603441,0,819,16550,-23,-278,87,67,148,-3
603455,-4,823,16554,-21,-279,88,67,149,-4
603469,-5,821,16559,-18,-279,90,70,153,-5
603483,26,818,16550,-18,-277,87,70,155,-6
603497,35,822,16548,-20,-275,86,67,153,-7
603511,34,815,16543,-22,-280,88,65,147,1
603525,33,821,16541,-20,-281,85,64,146,-4
603539,28,824,16554,-15,-279,88,69,149,-2
603554,14,828,16551,-15,-273,85,67,149,-2
603568,-2,838,16552,-21,-277,88,66,147,-4
603582,-6,838,16563,-21,-280,87,67,147,-3
603596,-3,836,16535,-21,-279,91,65,153,-2
603610,8,830,16544,-25,-280,90,65,150,-8
603624,12,823,16545,-24,-281,90,65,150,-7
603638,34,815,16555,-21,-277,87,69,146,-3
603652,36,814,16561,-24,-280,90,69,145,-5
603666,26,829,16556,-20,-281,96,66,149,-10
603680,13,824,16538,-20,-282,91,67,149,-6
603695,19,828,16558,-19,-279,88,71,149,-5
603709,14,830,16543,-21,-281,86,65,149,-9
603724,9,830,16555,-25,-279,86,66,146,-6
603738,9,812,16557,-23,-281,88,66,147,-6
603752,8,815,16546,-23,-280,84,62,145,-6
603766,26,819,16561,-17,-282,85,61,147,-6
603780,26,815,16548,-15,-279,84,68,150,-4
603794,9,825,16536,-17,-285,90,64,152,-6
603808,17,825,16545,-21,-277,88,67,144,-8
603822,16,819,16546,-21,-284,87,64,145,-5
603837,11,822,16545,-23,-274,86,69,152,-4
603851,8,826,16547,-15,-275,88,70,150,-3
603865,10,829,16541,-17,-280,85,67,152,-1
603879,2,835,16544,-21,-282,88,68,153,-5
603893,3,840,16554,-24,-281,83,66,152,-7
603907,6,838,16543,-18,-279,87,66,152,-3
603921,22,824,16550,-17,-275,82,69,149,-2
603935,23,822,16556,-14,-278,84,70,147,-2
603950,23,810,16560,-19,-277,87,67,149,-3
603964,15,817,16552,-19,-275,87,69,153,-5
603979,12,822,16546,-23,-282,92,66,150,-3
603993,6,832,16548,-17,-278,86,66,150,-3
604007,5,831,16542,-18,-275,83,67,147,-9
604021,12,826,16552,-21,-275,86,67,149,-3
604035,20,821,16558,-16,-277,83,67,150,-5
604050,20,817,16548,-19,-276,80,66,153,-4
604064,12,819,16557,-19,-281,91,64,152,-4
604078,17,819,16563,-23,-285,86,67,150,-8
604092,7,824,16553,-14,-279,83,67,152,-10
604107,20,832,16561,-23,-281,87,66,151,-6
604121,13,827,16553,-20,-276,85,67,149,-6
604135,5,828,16542,-21,-276,87,67,150,-6
604149,1,828,16545,-18,-282,82,68,152,-5
604163,16,822,16555,-17,-278,88,69,150,-5
604177,11,820,16554,-18,-275,87,66,149,-5
604191,16,824,16560,-23,-278,88,66,150,-5
604205,13,826,16537,-19,-280,89,67,154,-5
604219,17,827,16559,-17,-276,90,70,154,-5
604233,11,823,16565,-22,-276,89,70,149,-6
604247,6,820,16540,-25,-279,84,64,153,-5
604261,9,823,16560,-21,-278,85,63,150,-4
604275,5,824,16538,-23,-280,88,67,150,-1
604289,12,828,16544,-19,-278,87,67,150,1
604304,12,828,16553,-15,-276,86,66,154,-4
604318,4,826,16545,-18,-277,83,67,149,-7
604332,14,831,16553,-22,-277,84,71,149,-5
604346,21,830,16567,-19,-280,86,65,152,-5
604360,19,824,16538,-15,-278,87,65,150,-6
604374,14,817,16551,-14,-273,91,68,149,-4
604388,12,823,16553,-18,-276,92,68,149,-1
604402,3,822,16551,-21,-276,90,65,149,-2
604416,10,828,16552,-14,-278,86,67,150,-2
604430,-2,831,16539,-18,-275,92,63,149,-4
604444,7,829,16553,-17,-279,85,65,145,-4
604458,17,826,16548,-22,-278,88,62,147,-4
604472,17,822,16544,-17,-283,84,65,152,-5
604486,7,825,16558,-20,-278,83,66,152,-4
604500,14,824,16557,-20,-276,86,69,152,-7
604514,16,830,16541,-20,-284,84,70,151,-5
604528,17,827,16546,-20,-280,81,68,148,-6
604542,22,819,16541,-14,-281,82,67,146,-8
604556,19,821,16539,-21,-278,86,67,153,-3
604570,15,820,16552,-17,-273,92,62,151,-2
604584,16,826,16550,-21,-280,85,68,153,-5
604598,11,823,16547,-20,-281,84,67,148,-4
604613,14,822,16548,-20,-279,88,68,150,-7
604627,14,831,16552,-16,-278,89,66,149,-6
604642,18,829,16558,-17,-281,83,65,149,-5
604656,22,819,16559,-16,-278,86,65,150,-5
604671,20,820,16553,-20,-277,85,65,149,-6
604685,5,822,16550,-21,-281,88,65,154,-4
604699,3,822,16543,-20,-276,86,66,152,-3
604713,10,828,16544,-20,-282,88,63,150,-5
604727,12,829,16548,-22,-283,89,65,144,-4
604742,10,818,16551,-25,-280,89,68,143,-9
604756,12,834,16560,-21,-275,84,68,149,-8
604771,26,824,16544,-18,-279,82,67,150,-7
604785,12,820,16543,-16,-277,90,63,148,-7
604800,15,820,16553,-15,-276,90,64,150,-5
604814,10,827,16538,-20,-278,91,64,153,-5
604829,12,828,16550,-20,-278,86,65,150,-4
604843,8,833,16548,-14,-284,84,66,151,-5
604857,16,834,16547,-23,-277,89,65,149,-4
604872,17,828,16564,-23,-278,86,65,147,-8
604887,14,829,16535,-22,-285,83,64,148,-7
604901,4,819,16555,-19,-278,87,65,152,-6
604915,10,820,16547,-19,-279,87,66,151,-7
604930,14,820,16546,-21,-283,88,66,152,-8
604944,14,817,16544,-17,-281,90,68,151,-5
604959,15,824,16536,-16,-277,84,68,153,-5
604973,12,823,16547,-18,-280,87,63,148,-5
604987,11,817,16557,-16,-281,86,65,152,-4
605001,13,825,16538,-18,-273,84,66,151,-5
605016,10,823,16565,-19,-278,90,68,151,-5
605030,12,832,16548,-17,-287,92,67,152,-6
605045,19,830,16557,-19,-278,83,66,147,-4
605059,13,823,16555,-13,-280,84,64,147,-3
605073,22,824,16550,-16,-276,88,66,149,-6
605087,13,824,16552,-19,-277,88,64,151,-5
605102,18,828,16541,-20,-282,84,67,152,-4
605116,9,832,16552,-16,-279,87,65,151,-4
605130,13,845,16548,-19,-280,86,65,151,-7
605145,0,825,16553,-17,-273,86,69,151,-9
605159,2,827,16555,-22,-277,87,65,152,-7
605173,18,822,16550,-22,-279,85,66,149,-5
605188,22,817,16544,-18,-280,89,64,150,2
605202,19,823,16559,-15,-274,86,65,148,-6
605217,18,823,16546,-14,-278,85,64,150,-5
605231,11,824,16555,-20,-278,79,69,150,-4
605245,10,822,16547,-20,-277,83,66,151,-4
605259,12,825,16546,-17,-281,84,62,147,-6
605274,12,827,16559,-18,-281,87,65,152,-6
605288,14,831,16562,-17,-277,86,65,154,-7
605303,10,817,16549,-16,-275,88,69,148,-4
605317,25,823,16550,-16,-282,86,69,147,-8
605332,10,822,16546,-19,-279,92,65,150,-4
605346,19,827,16542,-16,-278,86,65,150,-7
605361,9,820,16538,-18,-282,86,69,150,-8
605375,10,830,16543,-19,-280,87,66,146,-6
605390,4,827,16547,-17,-277,92,67,151,-4
605404,7,828,16549,-20,-278,89,64,151,-5
605418,9,824,16547,-21,-276,90,65,150,-6
605432,0,829,16541,-19,-276,84,66,149,-5
605446,18,823,16545,-19,-277,83,67,152,-6
605461,24,825,16545,-22,-277,85,69,146,-5
605476,16,825,16555,-15,-277,85,67,146,-6
605491,11,831,16555,-19,-280,86,64,151,-3
605506,7,821,16555,-24,-277,89,63,152,-1
605520,7,819,16550,-14,-279,88,68,150,-5
605534,8,826,16543,-20,-277,95,67,149,-7
605548,9,825,16551,-15,-274,88,65,150,-5
605562,-2,832,16551,-19,-280,90,65,147,-3
605576,-3,832,16549,-20,-278,83,65,149,-4
605590,14,818,16548,-20,-275,89,69,154,-4
605604,19,818,16544,-18,-281,88,68,155,-3
605619,6,831,16541,-18,-279,86,69,148,-7
605633,14,830,16559,-18,-281,84,67,148,-8
605647,17,825,16562,-11,-282,85,65,149,-5
605662,10,822,16551,-20,-281,85,65,149,-2
605676,12,822,16548,-25,-278,88,67,149,-5
605690,12,823,16545,-15,-279,91,66,148,-3
605704,9,822,16548,-18,-277,88,65,150,-1
605718,8,822,16557,-20,-277,86,65,152,-6
605732,12,823,16555,-19,-279,85,66,152,-7
605746,20,819,16563,-20,-277,84,70,149,-4
605760,6,827,16556,-24,-282,83,63,152,-5
605774,6,831,16551,-25,-280,90,63,153,-4
605788,18,826,16551,-19,-278,89,65,151,-5
605802,15,832,16548,-18,-272,86,65,153,-4
605816,9,826,16545,-25,-279,89,64,149,-4
605830,5,822,16553,-21,-278,90,63,152,-5
605844,16,820,16540,-13,-279,90,66,150,-8
605858,14,822,16550,-14,-283,89,67,152,-6
605872,12,821,16551,-22,-274,84,67,156,-7
605886,13,824,16547,-17,-276,81,64,151,-3
605900,11,819,16557,-18,-277,88,67,146,-2
605914,11,813,16549,-20,-281,84,65,146,-2
605928,10,817,16553,-15,-279,90,69,151,-5
605942,18,822,16556,-16,-281,89,68,151,-4
605956,15,833,16539,-19,-280,83,66,151,-6
605970,16,835,16544,-20,-280,87,65,150,-8
605984,13,821,16543,-21,-281,92,65,151,-8
605998,15,822,16539,-21,-278,92,67,151,-7
606012,10,819,16535,-25,-280,92,67,150,-6
606026,6,821,16538,-22,-280,93,66,152,-4
606040,10,821,16552,-16,-280,85,62,150,-3
606054,10,824,16568,-21,-280,87,65,152,-4
606068,14,823,16518,-18,-279,89,65,150,-5
606082,14,829,16541,-19,-279,88,67,148,-7
606096,9,823,16540,-19,-277,88,67,152,-4
606110,13,826,16540,-20,-278,86,68,154,-5
606124,5,807,16543,-15,-278,79,64,153,-7
606138,8,787,16543,-21,-284,83,66,152,-4
606152,5,781,16561,-14,-278,92,65,150,-4
606166,-34,784,16497,-21,-284,93,67,150,-6
606180,-30,835,16095,-57,-306,88,69,151,-4
606194,166,801,16850,-85,-322,85,68,153,-2
606208,271,791,16182,42,-260,67,65,154,-4
606223,138,960,15849,-56,-326,62,64,150,-5
606237,-126,988,16790,0,-247,79,64,151,-3
606251,-168,867,16324,-23,-314,97,64,151,-5
606265,-179,645,16682,-15,-247,98,64,152,-4
606279,-326,611,16703,-23,-285,97,65,149,-6
606293,-228,640,16404,-14,-265,83,66,149,-6
606307,47,931,16444,-33,-269,78,66,152,-6
606321,218,1018,16610,-13,-283,73,66,151,-6
606335,369,995,16386,-17,-272,76,68,150,-7
606349,321,874,16494,-18,-288,86,64,150,-6
606363,47,625,16521,-13,-278,93,64,150,-4
606377,-121,587,16444,-24,-287,104,67,149,-4
606391,-300,732,16654,-18,-279,95,68,149,-4
606405,-298,883,16467,-22,-284,80,68,151,-8
606419,-90,1056,16643,-25,-276,72,67,150,-5
606433,29,1062,16560,-10,-280,66,68,151,-6
606447,205,871,16564,-18,-272,75,65,146,-4
606461,205,721,16604,-16,-269,92,69,148,-7
606475,128,549,16497,-18,-284,96,65,149,-7
606490,39,575,16565,-17,-280,96,62,150,-8
606504,-79,796,16590,-17,-281,92,63,149,-7
606518,-85,932,16482,-16,-277,79,68,149,-6
606532,-48,1055,16610,-23,-282,77,65,153,-6
606546,-11,1020,16564,-14,-280,79,68,147,-7
606560,21,823,16541,-20,-277,84,67,148,-9
606574,16,719,16621,-17,-276,89,63,153,-6
606588,20,644,16494,-10,-275,94,65,150,-3
606602,26,686,16535,-17,-275,91,67,148,-2
606616,88,831,16570,-12,-278,85,64,152,-4
606630,113,898,16510,-17,-281,80,61,151,-5
606645,88,932,16557,-27,-280,79,67,152,1
606659,42,901,16564,-20,-279,88,67,148,-6
606673,-87,782,16551,-13,-279,95,66,151,-3
606687,-137,753,16579,-16,-276,98,62,150,-2
606701,-144,780,16543,-18,-270,97,64,153,-3
606715,-95,821,16557,-19,-275,96,68,149,-4
606729,90,879,16559,-18,-279,80,69,150,-6
606743,176,883,16542,-12,-278,74,63,148,-7
606757,223,794,16546,-19,-277,80,66,148,-8
606772,177,745,16546,-19,-280,88,67,152,-8
606787,-21,715,16569,-18,-282,103,66,153,-6
606801,-110,751,16554,-18,-276,94,69,153,-5
606815,-179,887,16565,-19,-282,88,66,147,-8
606829,-160,951,16561,-17,-275,84,66,148,-5
606843,-22,951,16552,-21,-276,78,64,153,-5
606857,60,897,16553,-13,-276,80,62,149,-5
606871,167,734,16542,-13,-276,80,64,147,-6
606886,162,669,16551,-16,-279,95,68,151,-6
606901,88,675,16570,-25,-280,98,67,150,-6
606915,35,730,16558,-22,-282,92,71,150,-6
606929,-40,902,16553,-18,-281,92,68,149,-3
606943,-56,954,16549,-22,-281,78,67,151,-8
606957,-66,943,16574,-20,-274,78,66,151,-8
606971,-48,893,16563,-20,-277,86,66,151,-8
606985,-28,759,16549,-15,-276,85,67,149,-7
606999,-2,717,16561,-19,-277,91,65,150,-6
607013,53,741,16565,-23,-279,89,65,151,-7
607027,81,780,16559,-22,-277,87,64,150,-5
607041,129,855,16545,-21,-278,84,68,148,-4
607056,110,868,16541,-15,-279,83,65,148,-8
607070,26,845,16548,-15,-281,81,68,148,-10
607084,-31,817,16554,-22,-276,92,68,151,-9
607098,-117,794,16556,-17,-274,92,68,148,-4
607113,-124,805,16563,-22,-277,89,66,151,-4
607128,-55,863,16556,-15,-278,90,66,149,-5
607142,16,876,16549,-16,-277,80,68,151,-7
607156,125,851,16546,-11,-275,80,65,149,-7
607171,155,780,16546,-17,-281,85,66,149,-4
607186,124,751,16549,-22,-284,86,67,148,-4
607200,-4,750,16550,-15,-285,99,68,148,-3
607214,-63,786,16549,-20,-282,96,65,148,-4
607228,-109,885,16569,-27,-283,93,64,149,-3
607242,-76,925,16568,-22,-279,79,64,151,-2
607256,-7,910,16554,-18,-279,78,64,151,-6
607270,32,859,16543,-20,-276,80,67,149,-6
607284,62,751,16556,-17,-276,92,69,150,-6
607298,89,718,16573,-21,-275,93,67,151,-6
607312,77,725,16528,-20,-279,93,66,151,-6
607326,43,775,16558,-22,-277,91,66,149,-3
607340,21,831,16555,-15,-281,83,68,149,-1
607354,-19,923,16542,-16,-281,81,69,151,1
607368,-28,921,16566,-19,-272,79,67,149,-2
607382,-44,850,16566,-17,-274,83,67,150,-5
607396,-42,807,16552,-11,-279,86,68,147,-4
607410,-25,752,16566,-21,-279,91,65,153,-6
607424,12,757,16552,-17,-280,90,66,150,-8
607438,79,821,16548,-17,-277,83,66,150,-6
607452,103,846,16556,-21,-274,85,67,149,-9
607467,92,854,16548,-15,-282,87,65,151,-5
607481,68,844,16560,-17,-278,90,64,146,-4
607495,-24,794,16566,-24,-280,92,66,147,-2
607509,-62,780,16555,-22,-279,98,66,148,-9
607523,-98,813,16561,-18,-274,95,66,147,-8
607537,-75,837,16567,-15,-278,87,68,148,-6
607551,26,869,16558,-20,-278,83,65,146,-8
607565,76,868,16557,-20,-276,84,66,152,-8
607579,118,820,16546,-16,-280,87,64,151,-6
607593,95,787,16550,-15,-272,93,66,149,-4
607607,17,745,16541,-13,-278,89,67,149,-5
607621,-24,761,16549,-13,-278,91,63,148,-4
607635,-67,840,16553,-22,-275,91,67,147,-5
607649,-53,886,16555,-24,-280,88,70,151,-3
607663,-12,923,16564,-25,-276,88,65,150,-2
607677,32,895,16538,-21,-274,86,66,150,-4
607691,80,793,16559,-18,-275,89,65,149,-2
607705,74,750,16567,-19,-276,85,65,149,-6
607719,48,719,16548,-17,-278,93,64,146,-10
607733,32,749,16555,-20,-281,94,63,152,-11
607747,-5,845,16555,-19,-281,88,66,153,-10
607761,-16,895,16548,-14,-277,90,63,150,-5
607775,-37,916,16564,-21,-281,85,63,150,-4
607789,-32,881,16540,-21,-279,83,67,148,-6
607803,-31,790,16552,-19,-276,87,67,148,-9
607817,-12,765,16561,-14,-277,86,69,147,-5
607831,5,769,16557,-16,-278,90,66,155,-3
607845,54,791,16550,-18,-277,91,64,150,-2
607859,79,815,16562,-16,-279,92,67,150,-1
607873,80,863,16544,-19,-280,90,66,149,-2
607887,73,857,16551,-20,-278,89,64,152,-4
607901,3,819,16557,-18,-282,89,65,150,-9
607915,-27,811,16560,-19,-275,86,67,153,-8
607929,-56,790,16550,-21,-275,89,68,148,-5
607943,-50,810,16555,-23,-280,90,66,150,-4
607957,18,851,16546,-19,-277,81,66,149,-3
607971,49,874,16545,-19,-273,82,68,155,-4
607985,71,847,16564,-21,-281,87,68,156,-5
607999,67,815,16561,-16,-276,83,65,146,-8
608013,42,761,16550,-18,-274,89,62,150,-5
608027,14,756,16560,-20,-277,93,72,154,-4
608041,-13,804,16551,-16,-280,88,71,150,-5
608055,-24,847,16560,-20,-276,87,69,148,-4
608069,-11,892,16563,-23,-280,90,66,151,-4
608083,-4,892,16548,-19,-280,86,65,151,-2
608097,12,824,16565,-19,-274,86,66,149,-7
608111,8,790,16563,-13,-272,85,69,148,-5
608125,17,757,16548,-18,-281,93,70,147,-3
608139,27,759,16558,-17,-280,89,64,148,-6
608153,46,824,16550,-18,-277,87,67,152,-4
608167,33,851,16537,-18,-281,89,67,150,-4
608181,19,872,16546,-20,-278,90,68,148,-5
608195,1,858,16553,-22,-277,88,67,151,-4
608209,-19,813,16547,-14,-278,89,69,147,-1
608223,-33,791,16556,-14,-274,86,69,150,-4
608237,-8,791,16570,-22,-276,87,67,148,-5
608251,14,810,16559,-22,-278,93,69,148,-4
608265,41,840,16558,-24,-279,90,67,148,-4
608279,57,849,16551,-19,-280,89,63,149,-5
608293,45,832,16551,-22,-282,89,63,153,-6
608307,21,816,16567,-17,-275,81,66,147,1
608321,2,802,16536,-15,-282,87,66,145,-4
608335,-17,792,16543,-24,-277,82,67,150,-7
608349,-14,806,16556,-19,-278,83,63,149,-5
608363,15,844,16538,-22,-283,85,62,149,-4
608377,26,854,16546,-17,-276,85,69,151,-4
608391,41,833,16551,-19,-276,87,66,154,-6
608405,47,818,16550,-21,-280,85,62,151,-4
608419,19,795,16560,-15,-276,86,64,148,-7
608433,8,787,16561,-16,-279,91,67,149,-6
608447,8,808,16534,-22,-281,89,66,147,-5
608461,6,831,16544,-18,-279,84,66,145,-4
608475,6,858,16547,-16,-275,85,67,148,-5
608489,2,856,16538,-18,-277,89,66,148,-8
608503,10,813,16543,-18,-275,90,66,147,-8
608517,2,789,16555,-19,-278,92,65,148,-4
608531,6,776,16564,-18,-282,90,65,149,-2
608545,12,791,16554,-20,-282,89,66,145,-7
608559,30,827,16541,-21,-277,89,65,149,-4
608573,35,836,16540,-15,-275,85,66,148,-4
608587,32,846,16574,-11,-282,91,64,150,-7
608601,19,841,16563,-20,-284,91,65,145,-8
608615,-10,812,16548,-20,-277,88,69,150,-4
608629,-26,802,16561,-16,-281,93,69,148,-3
608643,-9,794,16561,-18,-280,88,64,147,-4
608657,0,811,16559,-18,-279,85,63,152,-5
608671,36,838,16549,-23,-278,87,67,148,-3
608685,39,839,16556,-21,-282,84,68,152,-7
608699,37,835,16559,-17,-278,81,70,152,-9
608713,20,816,16550,-19,-280,83,68,150,-3
608727,17,780,16557,-17,-281,85,64,152,-4
608741,-4,785,16556,-19,-277,89,61,148,-6
608755,3,802,16556,-16,-282,90,65,150,-6
608769,14,841,16558,-16,-280,84,65,149,-6
608783,18,847,16560,-21,-276,87,64,150,-2
608797,17,852,16555,-14,-275,84,67,149,-4
608811,15,832,16546,-15,-283,86,66,149,-5
608825,13,797,16560,-21,-282,86,64,148,-6
608839,3,786,16560,-15,-280,86,66,148,-10
608853,10,804,16549,-13,-281,85,69,152,-6
608867,13,821,16540,-17,-278,79,68,150,-4
608881,30,851,16546,-13,-280,87,67,147,-5
608895,27,854,16539,-12,-274,80,67,152,-2
608909,5,839,16564,-21,-280,89,67,152,-2
608923,-6,820,16557,-19,-278,84,64,155,-5
608937,2,784,16543,-20,-277,87,64,153,-4
608951,-2,788,16551,-19,-276,85,66,153,-5
608965,18,813,16549,-17,-279,90,69,153,-6
608979,35,830,16550,-16,-281,91,69,148,-6
608993,29,848,16558,-22,-283,87,68,152,-4
609007,36,848,16561,-22,-276,85,70,152,-6
609021,-2,800,16558,-18,-282,88,69,150,-6
609035,-4,788,16557,-17,-280,90,65,148,-6
609049,-6,793,16562,-14,-283,83,65,147,-6
609063,-2,806,16554,-13,-282,90,63,150,-7
609077,15,842,16555,-20,-278,91,65,150,-6
609091,22,844,16563,-21,-276,89,68,153,-8
609105,22,835,16557,-22,-278,86,65,152,-6
609119,15,820,16556,-23,-280,83,65,154,-6
609133,13,803,16560,-19,-279,81,68,150,-4
609147,12,800,16547,-21,-279,88,66,150,-8
609161,5,813,16551,-14,-278,88,65,153,-5
609175,10,820,16556,-17,-274,88,72,149,-2
609189,4,831,16567,-22,-278,86,71,147,-4
609203,2,830,16567,-16,-276,88,68,152,-2
609217,-14,831,16548,-15,-274,86,65,149,-2
609231,-8,821,16547,-16,-277,85,63,150,-4
609245,0,814,16559,-14,-277,90,66,152,-6
609259,22,811,16550,-16,-274,87,70,152,-8
609273,30,815,16544,-20,-282,88,66,150,-7
609287,35,816,16560,-16,-277,90,66,148,-7
609301,21,826,16552,-16,-282,84,62,146,-7
609315,-2,827,16556,-19,-278,87,64,148,-6
609329,-15,834,16563,-13,-278,88,67,154,-8
609343,-15,827,16550,-15,-274,90,66,147,-6
609357,-10,824,16547,-21,-276,85,66,147,-6
609371,22,821,16555,-16,-278,89,68,150,-5
609385,35,818,16548,-21,-279,86,66,152,-7
609399,37,814,16561,-18,-278,88,66,152,-10
609413,23,815,16552,-18,-277,90,67,150,-6
609427,12,818,16555,-18,-279,89,70,151,-7
609441,-1,827,16553,-17,-277,86,68,147,-7
609455,-4,823,16554,-16,-276,87,67,148,-7
609469,-7,822,16552,-16,-278,89,63,146,-7
609483,-1,829,16550,-12,-279,86,64,149,-3
609497,12,818,16556,-14,-279,89,67,148,-2
609511,29,811,16547,-18,-278,95,65,148,-2
609525,29,807,16545,-14,-276,86,65,150,-4
609539,35,805,16564,-18,-278,88,68,148,-4
609553,28,806,16548,-19,-279,87,65,147,-5
609567,3,819,16559,-14,-277,83,67,147,-10
609581,-8,825,16558,-15,-279,86,68,148,-5
609595,-21,834,16548,-13,-278,84,66,148,-7
609609,-24,833,16553,-14,-276,84,66,153,-3
609623,-13,829,16567,-18,-276,88,65,149,-3
609637,19,833,16550,-18,-280,85,68,150,-2
609651,32,827,16546,-22,-276,87,66,148,-2
609665,43,804,16544,-17,-278,80,65,146,-2
609679,40,802,16546,-19,-283,87,68,150,-5
609693,19,801,16563,-21,-278,82,67,145,-2
609707,3,811,16556,-16,-279,89,65,147,-3
609721,-19,836,16553,-17,-273,91,65,154,-8
609735,-32,843,16555,-22,-275,85,65,153,-6
609749,-12,847,16548,-16,-282,87,68,149,-5
609763,2,832,16551,-16,-283,84,69,150,-4
609777,34,802,16548,-15,-281,88,68,147,-4
609791,50,791,16549,-19,-277,88,66,145,-5
609805,32,787,16559,-21,-280,88,65,148,-5
609819,24,798,16560,-23,-279,87,66,152,-3
609833,4,833,16541,-21,-285,91,67,149,-5
609847,-3,852,16558,-19,-277,87,69,146,-4
609861,-7,842,16545,-22,-281,84,69,147,-7
609875,2,836,16552,-25,-277,90,69,147,-3
609889,11,807,16556,-13,-274,88,65,147,-6
609903,27,804,16554,-18,-284,90,66,145,-4
609917,41,813,16564,-19,-280,87,66,147,-4
609931,33,811,16558,-20,-281,90,69,148,-7
609945,30,825,16545,-16,-283,87,71,146,-7
609959,13,823,16550,-20,-282,89,67,148,-3
609973,1,833,16555,-20,-273,91,65,151,-3
609987,-11,822,16549,-17,-276,88,66,150,-1
610001,-11,823,16558,-16,-277,89,67,148,-2
610015,-5,818,16568,-20,-275,88,66,151,-5
610029,4,824,16549,-14,-278,85,66,150,-4
610043,20,823,16561,-17,-273,88,64,149,-6
610057,29,823,16543,-17,-274,90,67,150,-2
610071,31,820,16557,-11,-277,90,65,149,-3
610085,12,814,16549,-16,-274,90,69,150,-5
610099,-7,814,16560,-10,-275,95,69,149,-4
610113,-16,814,16539,-10,-274,85,66,147,-6
610127,-17,824,16535,-14,-274,88,67,146,-7
610141,-6,833,16539,-11,-274,85,65,148,-5
610155,17,834,16554,-13,-277,83,66,151,-3
610169,42,829,16560,-17,-273,90,64,148,-8
610183,65,812,16533,-20,-281,89,63,149,-5
610197,64,799,16559,-20,-277,88,68,147,-3
610211,25,784,16550,-14,-278,86,68,148,-4
