10108,23,832,16532,-20,-280,87,-65,-404,-361
10123,14,822,16530,-18,-283,87,-69,-404,-363
10137,25,824,16529,-22,-281,85,-75,-401,-374
10151,23,831,16527,-21,-275,91,-68,-404,-363
10165,12,819,16527,-21,-277,83,-74,-401,-363
10179,24,833,16538,-16,-277,84,-67,-406,-364
10193,26,833,16536,-10,-279,83,-71,-404,-369
10207,20,827,16543,-20,-278,85,-66,-406,-363
10221,7,818,16525,-18,-283,81,-66,-404,-363
10236,12,820,16533,-21,-280,86,-71,-407,-366
10250,17,819,16538,-19,-283,81,-64,-402,-371
10264,21,826,16526,-20,-277,88,-72,-405,-364
10278,16,826,16522,-19,-279,91,-67,-404,-366
10292,26,827,16536,-24,-281,86,-64,-404,-360
10306,23,835,16525,-10,-275,91,-66,-401,-365
10320,21,824,16527,-16,-277,89,-67,-401,-365
10334,12,832,16533,-23,-287,84,-66,-401,-363
10348,3,801,16523,-19,-281,81,-62,-406,-364
10363,22,812,16526,-14,-277,85,-66,-401,-365
10377,15,825,16537,-22,-279,87,-69,-400,-364
10391,16,818,16527,-20,-279,88,-72,-405,-366
10405,29,819,16541,-19,-282,86,-65,-407,-368
10419,16,816,16531,-23,-284,87,-66,-407,-361
10433,25,825,16540,-20,-281,91,-65,-406,-360
10447,34,816,16545,-21,-281,91,-63,-408,-364
10461,24,815,16532,-20,-279,88,-64,-405,-368
10475,11,809,16522,-21,-282,91,-71,-404,-358
10489,23,819,16528,-17,-284,87,-69,-403,-363
10503,28,825,16535,-20,-278,83,-66,-402,-363
10517,11,829,16536,-20,-277,84,-69,-407,-362
10531,12,824,16541,-23,-282,86,-64,-407,-365
10545,25,813,16515,-15,-277,83,-66,-405,-362
10559,10,827,16535,-19,-282,86,-62,-409,-361
10573,23,820,16542,-15,-282,79,-67,-405,-363
10587,19,827,16528,-21,-279,84,-69,-409,-364
10601,21,808,16530,-21,-286,86,-67,-402,-364
10615,13,828,16525,-24,-279,85,-63,-406,-359
10629,23,825,16514,-21,-279,85,-64,-403,-365
10643,7,829,16532,-23,-279,90,-66,-402,-361
10658,-4,818,16547,-19,-280,85,-65,-404,-362
10673,5,826,16532,-16,-274,81,-67,-402,-363
10688,22,829,16534,-21,-278,85,-70,-405,-361
10702,15,821,16533,-15,-281,89,-72,-406,-361
10716,24,833,16529,-18,-277,88,-64,-403,-360
10730,14,829,16531,-28,-280,93,-67,-406,-362
10744,25,834,16528,-18,-279,90,-66,-405,-361
10758,24,831,16548,-18,-281,81,-66,-403,-363
10772,4,817,16540,-18,-281,85,-69,-400,-361
10787,6,812,16529,-13,-278,88,-65,-401,-360
10802,15,829,16535,-18,-276,81,-71,-399,-364
10816,15,828,16534,-17,-282,90,-60,-409,-362
10830,22,829,16533,-25,-280,88,-70,-404,-363
10844,15,820,16549,-17,-272,90,-62,-403,-360
10858,26,832,16550,-19,-278,91,-64,-405,-364
10872,10,806,16541,-22,-281,84,-65,-405,-365
10886,29,812,16541,-17,-275,86,-65,-403,-363
10900,31,833,16531,-20,-279,87,-73,-404,-369
10914,17,827,16530,-18,-273,84,-71,-408,-365
10928,16,832,16535,-17,-281,92,-66,-399,-364
10942,9,826,16534,-18,-285,91,-70,-404,-358
10957,9,837,16542,-9,-277,89,-65,-406,-362
10971,10,824,16544,-22,-279,86,-72,-404,-362
10985,23,825,16524,-15,-280,83,-65,-401,-362
10999,16,815,16548,-18,-279,85,-68,-406,-364
11013,16,813,16536,-20,-280,85,-71,-401,-361
11027,11,837,16531,-21,-281,88,-64,-403,-358
11041,24,829,16522,-19,-281,80,-65,-401,-363
11055,23,829,16533,-14,-278,83,-67,-403,-364
11069,11,832,16542,-14,-279,87,-73,-400,-367
11083,16,822,16532,-18,-277,84,-70,-401,-357
11097,18,821,16541,-17,-281,86,-69,-402,-360
11111,14,828,16531,-20,-278,84,-62,-404,-359
11125,24,832,16535,-21,-282,89,-67,-409,-363
11139,30,823,16552,-19,-281,89,-63,-406,-356
11153,19,818,16547,-21,-276,80,-69,-402,-366
11167,25,822,16530,-22,-280,91,-66,-401,-362
11181,17,813,16557,-22,-277,87,-63,-408,-361
11195,8,824,16526,-17,-279,87,-67,-406,-364
11210,19,821,16545,-19,-283,94,-69,-404,-358
11224,20,813,16533,-21,-275,87,-66,-409,-366
11238,26,829,16542,-17,-277,85,-64,-402,-363
11252,25,825,16532,-22,-281,83,-66,-402,-361
11266,10,824,16535,-17,-279,82,-70,-405,-365
11280,15,827,16533,-18,-275,86,-66,-401,-365
11294,40,820,16541,-23,-277,85,-66,-403,-363
11308,20,833,16533,-23,-284,90,-68,-405,-359
11322,15,829,16542,-24,-286,91,-73,-404,-363
11336,23,826,16532,-26,-282,88,-64,-407,-364
11350,13,825,16543,-17,-278,80,-67,-399,-363
11364,11,829,16525,-19,-280,84,-73,-403,-362
11378,14,832,16550,-19,-280,86,-65,-404,-363
11392,13,816,16545,-19,-274,85,-67,-407,-360
11406,30,813,16530,-15,-276,87,-69,-399,-359
11420,25,819,16535,-20,-281,89,-67,-406,-364
11434,16,810,16549,-20,-278,87,-66,-402,-367
11448,17,831,16542,-14,-283,89,-66,-406,-363
11462,25,828,16556,-17,-277,86,-69,-403,-360
11476,16,832,16530,-18,-281,85,-69,-404,-362
11490,22,832,16535,-23,-283,87,-64,-403,-364
11504,19,828,16543,-22,-277,84,-66,-405,-361
11518,27,827,16538,-19,-277,89,-68,-403,-365
11532,28,816,16540,-23,-278,88,-67,-402,-363
11546,29,822,16537,-23,-279,86,-65,-404,-359
11560,30,810,16534,-27,-279,83,-66,-407,-362
11574,18,822,16555,-16,-280,82,-65,-405,-363
11588,30,814,16550,-26,-277,88,-71,-398,-364
11602,12,804,16550,-24,-279,82,-71,-400,-365
11616,19,827,16527,-18,-276,85,-67,-405,-360
11630,23,828,16548,-22,-279,89,-68,-404,-364
11644,22,826,16519,-21,-278,84,-70,-404,-361
11658,26,818,16535,-22,-279,85,-62,-406,-362
11672,10,827,16540,-22,-277,85,-68,-401,-360
11686,23,817,16536,-19,-281,84,-71,-405,-360
11700,30,818,16534,-15,-277,80,-70,-404,-362
11714,17,822,16536,-21,-279,88,-72,-403,-363
11728,26,821,16550,-22,-278,84,-67,-400,-365
11742,24,835,16547,-26,-282,86,-63,-404,-359
11756,6,824,16543,-19,-283,89,-60,-404,-366
11770,14,826,16533,-22,-283,87,-66,-404,-365
11784,16,829,16537,-20,-278,91,-68,-398,-367
11798,30,824,16539,-27,-284,90,-63,-405,-369
11812,26,831,16546,-22,-277,91,-66,-405,-364
11826,23,818,16540,-23,-274,87,-67,-405,-367
11840,23,830,16541,-23,-280,89,-67,-406,-365
11854,18,818,16555,-15,-280,86,-65,-399,-361
11868,6,825,16546,-17,-279,86,-66,-401,-363
11882,22,832,16537,-24,-279,88,-65,-406,-365
11896,14,829,16545,-22,-277,88,-65,-403,-363
11910,12,824,16531,-19,-279,88,-69,-405,-361
11924,22,825,16525,-26,-275,89,-66,-405,-370
11938,26,824,16523,-23,-282,87,-72,-403,-364
11952,26,824,16546,-23,-281,84,-68,-405,-365
11966,39,821,16525,-20,-276,82,-67,-403,-364
11980,11,816,16546,-21,-278,87,-61,-407,-365
11994,16,807,16532,-22,-277,85,-63,-405,-364
12008,28,821,16536,-18,-278,84,-67,-402,-366
12022,4,826,16540,-19,-276,87,-63,-406,-363
12037,19,825,16543,-15,-280,82,-69,-410,-362
12051,17,814,16537,-17,-283,86,-72,-403,-364
12065,10,823,16533,-21,-280,90,-74,-405,-363
12079,12,826,16542,-19,-280,87,-68,-405,-357
12093,18,819,16541,-19,-281,86,-65,-401,-367
12107,14,819,16527,-19,-283,90,-61,-405,-363
12121,31,830,16534,-18,-276,88,-71,-403,-360
12135,20,823,16548,-17,-277,88,-63,-402,-360
12149,19,818,16532,-17,-279,84,-69,-404,-366
12163,30,826,16524,-17,-279,86,-65,-404,-366
12177,25,815,16558,-14,-281,84,-71,-404,-361
12191,20,837,16538,-12,-279,82,-62,-403,-359
12205,16,823,16551,-16,-277,88,-59,-404,-360
12219,18,827,16538,-15,-278,85,-64,-403,-365
12233,17,822,16545,-22,-279,88,-68,-407,-362
12247,10,815,16551,-22,-280,88,-63,-402,-360
12261,20,826,16540,-17,-280,86,-67,-401,-366
12275,33,833,16548,-17,-283,85,-71,-402,-365
12289,25,820,16534,-20,-283,86,-68,-405,-366
12303,8,822,16521,-23,-279,85,-67,-403,-367
12317,19,819,16539,-15,-281,89,-64,-407,-361
12331,32,816,16542,-15,-277,90,-68,-406,-366
12345,24,824,16532,-20,-280,87,-66,-405,-366
12359,8,820,16550,-13,-276,86,-68,-400,-365
12373,14,823,16541,-20,-278,86,-67,-407,-361
12387,23,825,16541,-19,-278,86,-69,-401,-359
12401,16,823,16539,-21,-281,87,-68,-408,-366
12415,22,826,16531,-19,-274,85,-71,-410,-362
12429,15,815,16549,-22,-275,86,-70,-403,-360
12443,25,823,16536,-19,-277,80,-69,-400,-366
12457,5,830,16536,-14,-276,81,-71,-401,-360
12471,15,820,16533,-14,-283,86,-68,-410,-363
12485,18,820,16537,-18,-283,83,-70,-407,-364
12499,29,824,16533,-20,-277,82,-72,-407,-365
12513,18,833,16547,-12,-274,83,-70,-404,-367
12527,19,818,16540,-20,-279,85,-64,-406,-367
12541,41,818,16544,-20,-282,82,-70,-407,-364
12555,7,835,16543,-16,-282,84,-66,-403,-363
12569,28,831,16539,-19,-281,84,-69,-405,-367
12583,34,820,16549,-21,-280,89,-63,-403,-364
12597,-4,832,16546,-22,-277,86,-66,-402,-360
12612,3,823,16547,-19,-280,79,-68,-408,-365
12626,9,826,16562,-19,-277,85,-66,-403,-366
12640,12,834,16546,-24,-281,85,-67,-403,-363
12654,27,828,16543,-18,-274,89,-66,-409,-363
12668,27,824,16534,-19,-278,86,-74,-402,-364
12682,30,825,16540,-20,-277,85,-70,-401,-360
12696,16,822,16529,-16,-278,83,-69,-401,-369
12710,20,813,16541,-19,-282,87,-67,-403,-367
12724,16,816,16539,-18,-283,86,-67,-404,-361
12738,22,827,16536,-19,-278,81,-72,-405,-360
12752,14,814,16548,-15,-278,88,-65,-400,-363
12766,27,826,16551,-16,-280,86,-64,-403,-366
12780,12,834,16539,-17,-279,78,-71,-407,-363
12794,39,828,16547,-20,-280,82,-68,-409,-360
12808,-3,815,16539,-21,-282,88,-73,-402,-362
12823,28,815,16555,-18,-280,85,-70,-398,-365
12837,9,815,16550,-21,-280,81,-67,-404,-359
12851,28,830,16555,-21,-276,84,-71,-402,-361
12865,29,819,16531,-18,-281,88,-71,-405,-360
12879,28,826,16551,-14,-282,85,-69,-403,-362
12893,9,828,16533,-21,-280,85,-63,-402,-360
12907,28,837,16553,-21,-282,83,-68,-405,-364
12921,11,830,16532,-18,-284,83,-68,-403,-362
12935,23,822,16534,-18,-279,80,-67,-403,-363
12949,21,812,16540,-13,-279,83,-71,-400,-365
12963,21,835,16534,-18,-275,83,-69,-401,-363
12977,7,833,16549,-17,-280,86,-66,-402,-362
12991,16,829,16549,-20,-284,83,-66,-401,-362
13005,27,817,16534,-16,-281,89,-64,-405,-364
13019,31,829,16538,-19,-280,91,-69,-408,-365
13033,18,826,16545,-14,-278,86,-68,-402,-367
13047,12,820,16537,-15,-276,85,-64,-403,-362
13061,25,823,16546,-19,-280,82,-63,-405,-365
13075,11,828,16542,-23,-281,89,-66,-401,-363
13089,20,831,16546,-15,-280,81,-65,-401,-360
13103,21,831,16549,-10,-278,83,-68,-402,-356
13117,11,817,16529,-15,-279,92,-71,-403,-359
13131,27,824,16548,-23,-277,87,-66,-401,-359
13145,22,810,16533,-18,-278,91,-64,-401,-368
13159,35,828,16540,-16,-281,85,-63,-413,-364
13173,11,820,16547,-19,-278,91,-67,-402,-365
13187,20,823,16547,-20,-276,88,-67,-406,-366
13201,18,827,16540,-21,-277,83,-66,-406,-363
13215,13,823,16537,-18,-275,88,-67,-405,-365
13229,27,821,16542,-18,-279,89,-69,-402,-362
13243,16,823,16534,-22,-274,83,-64,-406,-366
13257,22,823,16552,-24,-279,82,-69,-407,-361
13271,16,818,16550,-22,-281,89,-66,-402,-362
13285,11,825,16533,-14,-275,84,-70,-408,-363
13299,14,833,16544,-22,-279,85,-70,-406,-366
13313,26,824,16548,-23,-280,87,-66,-408,-360
13327,39,825,16548,-19,-280,82,-64,-402,-361
13341,32,822,16532,-21,-279,86,-65,-405,-362
13355,24,821,16547,-16,-282,88,-71,-403,-363
13369,26,821,16549,-23,-276,91,-71,-406,-369
13383,33,824,16546,-23,-280,87,-63,-403,-363
13397,20,813,16544,-20,-277,88,-70,-403,-358
13411,17,830,16536,-23,-278,90,-64,-404,-363
13425,23,816,16564,-22,-288,88,-62,-404,-363
13439,20,824,16534,-22,-276,86,-74,-400,-367
13453,16,824,16556,-18,-277,83,-66,-403,-363
13467,15,826,16540,-18,-280,92,-66,-406,-364
13481,6,822,16555,-19,-274,91,-67,-404,-366
13495,23,817,16519,-16,-282,85,-64,-402,-366
13509,13,813,16537,-15,-285,82,-66,-404,-364
13523,25,815,16549,-20,-281,89,-68,-406,-362
13537,22,823,16543,-14,-280,81,-69,-403,-364
13551,25,830,16530,-17,-279,82,-65,-403,-365
13565,16,835,16536,-22,-274,80,-70,-404,-365
13579,25,842,16541,-20,-277,83,-64,-404,-358
13593,26,823,16537,-19,-279,81,-67,-404,-359
13607,24,824,16533,-25,-278,87,-68,-401,-369
13621,18,824,16536,-20,-274,89,-70,-403,-361
13635,15,831,16530,-19,-277,82,-67,-402,-364
13649,23,824,16541,-21,-278,85,-68,-403,-361
13663,26,818,16541,-20,-282,85,-69,-403,-364
13677,28,827,16548,-19,-280,86,-58,-403,-366
13691,20,828,16543,-22,-282,87,-66,-403,-362
13705,30,831,16534,-19,-281,87,-72,-402,-364
13719,8,826,16529,-22,-274,85,-68,-404,-358
13733,16,815,16540,-18,-281,84,-68,-403,-364
13747,20,833,16522,-16,-279,84,-66,-404,-365
13761,27,829,16543,-22,-277,85,-68,-401,-365
13775,16,824,16542,-20,-277,84,-64,-406,-367
13789,11,824,16546,-20,-279,83,-65,-408,-368
13803,20,824,16552,-24,-281,86,-69,-401,-365
13817,41,820,16543,-18,-280,89,-68,-407,-369
13831,13,834,16517,-27,-270,88,-63,-403,-364
13845,12,824,16528,-24,-279,90,-68,-405,-367
13859,30,828,16547,-17,-280,91,-68,-406,-364
13873,21,834,16535,-21,-276,89,-67,-403,-366
13887,6,830,16539,-14,-277,87,-67,-401,-362
13901,17,826,16532,-17,-281,86,-71,-403,-363
13915,23,821,16529,-22,-280,85,-68,-400,-364
13929,27,833,16551,-22,-277,81,-67,-402,-359
13943,20,809,16556,-19,-279,84,-70,-406,-367
13957,17,820,16543,-13,-277,79,-68,-407,-364
13971,14,817,16547,-20,-285,87,-68,-401,-365
13985,20,826,16547,-20,-278,80,-65,-407,-361
13999,15,828,16539,-23,-275,83,-64,-401,-364
14013,5,832,16539,-15,-281,84,-66,-401,-366
14027,16,826,16530,-18,-281,85,-65,-399,-366
14041,23,821,16537,-20,-280,82,-69,-403,-364
14055,11,830,16536,-15,-282,85,-65,-406,-368
14069,22,825,16531,-20,-280,83,-71,-401,-369
14083,34,822,16546,-13,-277,85,-68,-407,-366
14097,26,818,16539,-23,-275,84,-72,-402,-370
14111,31,822,16532,-18,-281,88,-64,-403,-367
14125,17,826,16544,-16,-284,84,-64,-404,-365
14139,29,828,16536,-17,-281,86,-73,-402,-367
14153,19,821,16550,-23,-277,86,-71,-405,-365
14167,11,821,16534,-17,-282,83,-67,-397,-365
14181,16,830,16530,-16,-278,82,-70,-401,-364
14195,14,831,16526,-15,-280,87,-67,-405,-364
14209,23,812,16531,-19,-281,82,-64,-404,-366
14223,13,819,16537,-19,-278,81,-66,-407,-361
14237,42,802,16542,-21,-277,91,-69,-402,-365
14251,30,819,16537,-20,-279,85,-67,-406,-362
14265,25,819,16540,-20,-277,82,-73,-405,-363
14279,27,820,16533,-15,-282,86,-72,-409,-365
14293,2,837,16547,-23,-282,83,-69,-403,-367
14307,23,831,16537,-14,-282,88,-69,-405,-367
14321,14,830,16528,-14,-279,89,-67,-405,-364
14335,14,829,16554,-20,-282,87,-67,-401,-365
14349,13,819,16539,-19,-276,85,-70,-405,-364
14363,31,822,16528,-22,-279,87,-66,-404,-362
14377,27,820,16527,-20,-280,88,-67,-398,-365
14391,11,823,16538,-21,-279,85,-71,-402,-369
14405,25,821,16525,-18,-280,82,-69,-405,-359
14419,29,814,16531,-17,-282,88,-73,-404,-363
14433,7,833,16521,-23,-280,85,-69,-407,-364
14447,7,824,16521,-27,-282,89,-65,-401,-364
14461,13,831,16543,-18,-278,89,-71,-409,-361
14475,26,823,16532,-16,-278,82,-62,-401,-362
14489,22,823,16538,-19,-278,89,-65,-401,-368
14503,24,817,16530,-17,-279,85,-69,-403,-364
14517,21,823,16530,-16,-276,85,-69,-403,-360
14531,26,801,16518,-18,-279,81,-67,-404,-362
14545,17,810,16535,-21,-280,85,-63,-407,-364
14559,35,822,16530,-16,-280,81,-71,-398,-359
14573,19,823,16541,-20,-280,84,-64,-408,-361
14587,9,825,16539,-21,-280,85,-66,-405,-364
14601,22,827,16525,-16,-276,89,-68,-403,-365
14615,13,808,16537,-15,-279,83,-69,-402,-359
14629,16,811,16538,-17,-280,88,-71,-404,-364
14643,22,813,16516,-18,-281,88,-71,-407,-364
14657,33,811,16529,-15,-282,90,-70,-404,-367
14671,24,832,16538,-25,-273,93,-65,-405,-364
14685,8,823,16543,-18,-283,80,-66,-400,-362
14699,26,816,16531,-13,-282,86,-71,-406,-362
14713,21,833,16524,-23,-278,85,-66,-408,-357
14727,10,823,16513,-20,-280,85,-69,-405,-361
14741,12,820,16541,-18,-278,88,-63,-404,-364
14755,24,818,16543,-18,-279,87,-69,-401,-365
14769,23,811,16536,-16,-280,85,-64,-404,-363
14783,6,823,16536,-22,-281,86,-68,-401,-363
14797,22,822,16539,-23,-275,85,-68,-403,-362
14811,19,823,16533,-21,-277,89,-72,-404,-362
14825,24,827,16526,-14,-277,84,-69,-402,-367
14839,20,827,16514,-19,-280,84,-69,-402,-366
14853,26,813,16541,-20,-276,89,-67,-402,-361
14867,19,823,16529,-23,-275,89,-69,-408,-363
14881,27,825,16532,-26,-281,87,-66,-402,-364
14895,25,828,16539,-18,-280,84,-71,-401,-369
14909,24,822,16542,-18,-278,85,-70,-402,-368
14923,28,822,16533,-22,-278,89,-68,-396,-362
14937,28,820,16529,-23,-277,89,-68,-407,-365
14951,7,818,16547,-22,-282,87,-68,-404,-365
14965,15,813,16529,-20,-272,86,-70,-410,-367
14979,13,831,16522,-17,-274,83,-64,-406,-367
14993,10,810,16525,-18,-281,86,-69,-404,-374
15007,4,833,16512,-12,-278,87,-68,-402,-363
15021,10,813,16539,-17,-277,86,-70,-404,-366
15035,9,811,16532,-21,-275,86,-74,-399,-367
15049,29,816,16519,-17,-276,89,-68,-403,-362
15063,41,834,16527,-18,-280,86,-62,-404,-361
15077,60,843,16539,-13,-281,90,-66,-408,-365
15091,27,825,16540,-19,-280,85,-64,-399,-361
15105,26,811,16527,-17,-279,88,-67,-409,-368
15119,3,795,16543,-21,-278,92,-67,-407,-365
15133,-10,811,16533,-22,-274,85,-66,-404,-366
15147,-6,810,16528,-24,-281,84,-68,-404,-364
15162,-2,830,16540,-22,-277,92,-73,-401,-364
15177,9,850,16546,-20,-280,87,-66,-402,-364
15191,21,843,16531,-25,-276,88,-68,-408,-367
15205,35,819,16545,-23,-278,90,-63,-400,-363
15219,30,794,16522,-26,-276,87,-67,-403,-364
15233,23,798,16540,-23,-277,85,-63,-406,-369
15247,23,798,16545,-23,-279,85,-69,-406,-368
15261,16,828,16552,-21,-275,90,-63,-398,-367
15275,23,841,16536,-17,-280,90,-61,-402,-365
15289,9,850,16535,-18,-282,87,-64,-403,-366
15303,11,844,16534,-17,-276,90,-66,-403,-363
15317,16,814,16572,-20,-279,88,-66,-403,-365
15331,13,812,16537,-18,-280,89,-73,-406,-367
15345,33,797,16545,-9,-276,87,-64,-408,-366
15359,17,802,16551,-20,-279,89,-70,-405,-364
15373,40,835,16540,-20,-280,91,-72,-410,-367
15387,41,835,16531,-25,-278,91,-70,-403,-365
15401,41,828,16564,-21,-281,91,-67,-404,-365
15415,1,825,16525,-24,-276,89,-63,-409,-364
15429,10,829,16544,-21,-276,87,-63,-403,-366
15443,10,811,16525,-18,-279,90,-71,-401,-364
15457,-12,820,16536,-19,-278,93,-68,-404,-365
15471,17,844,16546,-22,-281,92,-67,-410,-362
15485,21,839,16547,-21,-280,87,-67,-405,-365
15499,42,826,16541,-19,-274,88,-67,-404,-365
15513,39,827,16529,-22,-277,90,-74,-399,-363
15527,28,805,16537,-25,-280,88,-66,-402,-363
15541,24,788,16543,-26,-278,91,-65,-407,-358
15555,-4,826,16539,-21,-274,89,-70,-406,-365
15569,3,826,16545,-20,-277,84,-69,-402,-363
15583,15,839,16542,-24,-279,86,-65,-403,-363
15597,14,837,16534,-23,-282,91,-68,-403,-359
15611,24,839,16543,-20,-282,90,-68,-396,-365
15625,30,813,16518,-21,-286,85,-70,-403,-361
15639,37,795,16547,-20,-279,89,-64,-408,-362
15653,42,807,16521,-20,-276,83,-69,-403,-363
15667,21,819,16545,-20,-280,86,-70,-403,-363
15681,24,816,16534,-19,-274,87,-71,-402,-367
15695,9,838,16529,-18,-278,81,-67,-403,-359
15709,9,836,16541,-19,-279,85,-71,-398,-365
15723,9,827,16528,-23,-283,82,-72,-401,-368
15737,2,819,16545,-20,-282,85,-62,-403,-360
15751,3,815,16530,-19,-280,91,-64,-407,-365
15765,8,801,16533,-20,-279,85,-69,-400,-363
15779,29,832,16550,-22,-277,87,-69,-404,-364
15793,35,821,16551,-21,-277,93,-69,-404,-360
15807,30,830,16540,-14,-283,88,-66,-407,-364
15821,23,831,16541,-22,-281,88,-68,-400,-363
15835,20,815,16530,-19,-278,87,-68,-401,-368
15849,-6,825,16542,-29,-274,86,-67,-404,-363
15864,9,818,16545,-23,-279,90,-63,-402,-361
15878,5,823,16549,-23,-278,88,-67,-403,-363
15892,26,834,16548,-20,-276,87,-72,-402,-360
15906,27,833,16545,-23,-280,84,-65,-404,-365
15920,18,840,16548,-18,-282,81,-65,-408,-359
15934,20,824,16532,-14,-280,80,-69,-405,-358
15948,25,811,16543,-16,-275,85,-66,-404,-361
15962,25,800,16543,-16,-278,88,-65,-401,-359
15976,15,804,16543,-21,-279,84,-69,-405,-365
15990,11,828,16542,-23,-282,86,-72,-405,-365
16004,22,848,16543,-17,-279,87,-70,-404,-366
16018,15,835,16541,-22,-278,83,-71,-404,-367
16032,11,838,16541,-22,-279,86,-59,-405,-366
16046,19,801,16537,-16,-279,86,-69,-406,-365
16060,38,805,16530,-19,-279,84,-67,-407,-366
16074,35,805,16537,-18,-283,84,-64,-406,-367
16088,27,818,16529,-18,-277,86,-65,-404,-366
16102,25,820,16550,-19,-276,87,-71,-405,-363
16116,4,831,16544,-24,-277,90,-68,-404,-368
16130,8,840,16539,-20,-279,87,-69,-405,-364
16144,7,831,16553,-18,-279,86,-67,-403,-356
16158,19,811,16537,-22,-273,83,-67,-406,-366
16172,-1,813,16549,-21,-277,89,-71,-406,-363
16186,18,815,16524,-14,-278,85,-70,-404,-365
16200,19,821,16549,-20,-277,89,-67,-401,-358
16214,29,840,16555,-20,-279,87,-66,-404,-354
16228,24,833,16542,-20,-279,91,-61,-403,-362
16242,22,823,16546,-17,-282,90,-68,-400,-364
16256,12,817,16537,-25,-278,87,-69,-399,-356
16270,11,812,16552,-21,-277,87,-66,-405,-362
16284,15,810,16559,-22,-273,79,-68,-403,-363
16298,-2,814,16541,-22,-278,86,-66,-403,-364
16313,15,849,16541,-19,-279,87,-67,-404,-363
16327,10,835,16548,-19,-280,88,-65,-405,-362
16341,26,835,16543,-22,-281,89,-67,-407,-364
16355,34,816,16545,-25,-282,87,-69,-401,-365
16369,31,806,16542,-23,-281,89,-67,-406,-366
16383,28,810,16549,-20,-276,93,-65,-403,-363
16397,16,817,16544,-18,-280,87,-70,-400,-363
16411,9,843,16540,-21,-278,84,-68,-404,-365
16425,16,839,16535,-17,-275,83,-68,-403,-364
16439,8,836,16545,-16,-280,84,-69,-400,-363
16453,15,840,16524,-20,-278,84,-71,-404,-361
16467,21,813,16536,-20,-276,82,-69,-407,-370
16481,32,824,16533,-14,-278,83,-69,-403,-368
16495,28,812,16553,-16,-278,82,-70,-402,-368
16509,26,823,16538,-20,-279,90,-67,-403,-363
16523,23,826,16544,-15,-279,85,-66,-406,-364
16537,26,825,16536,-15,-276,90,-69,-409,-365
16551,27,806,16538,-19,-279,83,-69,-400,-365
16565,28,823,16544,-13,-279,86,-65,-410,-368
16579,7,823,16532,-20,-271,85,-65,-406,-366
16593,11,832,16543,-20,-277,86,-68,-411,-364
16607,20,832,16553,-21,-277,85,-70,-406,-359
16621,8,827,16541,-22,-279,81,-68,-396,-364
16635,18,832,16547,-18,-278,88,-69,-402,-364
16649,32,822,16548,-21,-279,87,-68,-409,-366
16663,39,824,16541,-20,-277,90,-67,-398,-364
16677,29,811,16547,-19,-274,90,-65,-405,-365
16691,13,823,16542,-14,-279,85,-63,-407,-363
16705,2,824,16542,-15,-281,91,-62,-406,-362
16719,10,829,16538,-16,-277,90,-69,-404,-364
16733,14,843,16538,-23,-281,85,-71,-405,-364
16747,13,836,16544,-17,-278,83,-67,-404,-361
16761,18,818,16519,-20,-282,87,-70,-401,-360
16775,28,813,16541,-18,-280,88,-68,-400,-362
16789,31,817,16545,-24,-278,89,-68,-409,-362
16803,31,813,16544,-24,-279,88,-68,-403,-360
16817,24,816,16555,-21,-280,87,-73,-406,-365
16831,10,829,16536,-17,-276,90,-65,-397,-364
16845,5,831,16531,-17,-273,85,-73,-405,-367
16859,14,834,16540,-19,-277,86,-71,-403,-361
16873,7,822,16543,-20,-277,85,-68,-406,-362
16887,12,816,16549,-16,-277,88,-69,-405,-364
16901,8,810,16545,-19,-276,90,-68,-406,-359
16915,12,822,16542,-13,-273,89,-64,-404,-362
16929,30,825,16531,-17,-277,86,-67,-401,-362
16943,35,819,16532,-21,-281,83,-65,-401,-360
16957,38,822,16533,-23,-279,84,-68,-405,-366
16971,29,828,16521,-21,-278,85,-67,-403,-361
16985,31,822,16561,-18,-281,82,-67,-407,-363
16999,22,821,16538,-23,-278,84,-70,-402,-365
17013,4,824,16544,-23,-280,89,-64,-403,-365
17027,-10,814,16539,-24,-278,85,-70,-401,-361
17041,9,830,16548,-21,-281,87,-66,-400,-366
17055,9,819,16525,-20,-275,85,-65,-408,-366
17069,20,828,16536,-17,-278,91,-67,-411,-363
17083,25,820,16559,-23,-279,88,-64,-403,-366
17097,35,815,16555,-22,-279,85,-69,-410,-366
17111,27,832,16545,-19,-278,92,-66,-405,-368
17125,20,823,16539,-16,-275,87,-70,-405,-365
17139,4,823,16555,-19,-279,87,-66,-409,-365
17153,5,835,16550,-21,-275,84,-73,-402,-365
17167,10,820,16541,-21,-280,91,-67,-404,-366
17181,-1,815,16535,-22,-278,86,-65,-401,-362
17195,10,822,16542,-20,-282,82,-64,-410,-366
17209,18,812,16536,-26,-279,87,-69,-407,-365
17223,27,814,16537,-20,-276,89,-71,-399,-364
17237,38,817,16547,-21,-278,90,-71,-403,-366
17251,18,812,16528,-19,-279,92,-67,-404,-370
17265,13,813,16557,-20,-277,91,-66,-403,-364
17279,16,817,16521,-20,-279,87,-66,-405,-364
17293,17,817,16546,-16,-281,87,-72,-403,-365
17307,10,828,16573,-23,-280,89,-69,-401,-364
17321,2,836,16464,-22,-278,87,-67,-407,-362
17335,19,820,16533,-17,-280,82,-72,-406,-363
17349,8,825,16491,-19,-274,85,-64,-403,-362
17363,33,836,16566,-24,-279,85,-67,-401,-366
17377,36,798,16523,-17,-285,83,-69,-407,-358
17391,36,824,16562,-17,-273,85,-67,-405,-359
17405,17,815,16546,-19,-282,86,-67,-404,-359
17419,12,826,16551,-19,-284,92,-65,-404,-364
17433,4,830,16546,-21,-282,88,-64,-397,-363
17447,-2,827,16536,-19,-285,84,-67,-401,-360
17461,3,819,16544,-16,-281,90,-68,-402,-364
17475,14,847,16534,-17,-275,85,-62,-405,-360
17489,22,825,16546,-19,-278,87,-65,-404,-360
17503,9,819,16532,-17,-283,88,-70,-400,-357
17517,21,815,16567,-15,-276,85,-68,-401,-361
17531,-1,825,16524,-24,-277,82,-65,-409,-367
17545,-7,868,16570,-19,-272,84,-67,-402,-359
17560,1,849,16619,-18,-277,82,-68,-401,-362
17574,67,795,16535,-19,-283,86,-63,-405,-359
17588,74,792,16469,-20,-277,88,-66,-404,-364
17602,57,789,16665,-23,-282,92,-71,-402,-365
17616,27,802,16505,-14,-279,87,-65,-407,-362
17630,-22,842,16649,-28,-277,88,-68,-400,-369
17644,-20,852,16532,-20,-279,81,-73,-402,-361
17658,-1,847,16588,-23,-277,81,-74,-409,-365
17673,-9,836,16551,-21,-273,87,-69,-402,-361
17688,18,817,16537,-17,-281,86,-62,-409,-364
17702,37,808,16551,-15,-276,84,-72,-406,-362
17716,44,820,16555,-19,-280,88,-69,-407,-358
17730,47,824,16534,-20,-276,84,-72,-404,-364
17744,56,806,16534,-24,-277,80,-69,-403,-363
17758,45,808,16527,-21,-275,85,-69,-397,-363
17772,15,819,16544,-22,-278,86,-69,-399,-366
17786,11,812,16539,-19,-275,87,-73,-411,-364
17800,-15,836,16528,-18,-278,87,-68,-399,-364
17814,-24,837,16551,-20,-278,92,-70,-397,-363
17828,-6,831,16537,-20,-278,88,-64,-407,-367
17842,-4,825,16549,-16,-278,85,-68,-403,-369
17857,35,822,16528,-12,-277,82,-68,-404,-360
17871,71,811,16543,-19,-281,83,-68,-401,-361
17885,61,792,16522,-16,-279,84,-72,-397,-361
17899,44,813,16525,-17,-280,89,-66,-403,-366
17913,11,837,16530,-20,-282,86,-62,-402,-362
17927,-15,836,16536,-23,-280,84,-72,-404,-366
17941,-36,838,16537,-18,-281,82,-67,-403,-363
17955,-5,840,16540,-21,-277,84,-65,-405,-361
17970,32,833,16536,-14,-278,85,-68,-409,-365
17984,53,812,16558,-15,-282,87,-68,-404,-361
17998,59,825,16531,-21,-275,88,-65,-399,-360
18012,67,813,16540,-21,-279,89,-65,-406,-363
18026,30,818,16546,-15,-279,94,-62,-402,-361
18040,2,820,16539,-16,-276,87,-68,-406,-366
18054,-4,836,16539,-19,-281,83,-70,-402,-364
18069,-5,840,16538,-25,-279,86,-67,-404,-364
18084,17,840,16538,-16,-278,88,-67,-407,-362
18098,20,827,16546,-21,-281,86,-72,-405,-366
18112,53,832,16537,-19,-275,86,-66,-406,-364
18126,39,828,16533,-23,-283,89,-65,-405,-359
18140,35,817,16530,-20,-281,87,-65,-403,-365
18154,25,802,16536,-20,-285,87,-65,-400,-364
18168,21,821,16530,-18,-280,83,-66,-398,-365
18182,14,829,16538,-19,-279,86,-65,-406,-367
18196,15,836,16542,-21,-276,87,-70,-405,-358
18210,14,831,16527,-22,-279,86,-65,-401,-362
18224,17,831,16554,-21,-280,87,-65,-405,-364
18238,13,841,16542,-18,-275,89,-67,-405,-362
18252,9,815,16533,-22,-277,87,-69,-410,-365
18266,8,820,16547,-23,-275,83,-68,-404,-366
18280,37,811,16524,-20,-281,85,-64,-403,-366
18294,48,795,16545,-23,-279,87,-74,-405,-364
18308,32,818,16535,-23,-277,84,-67,-404,-362
18322,29,841,16521,-18,-274,85,-63,-400,-363
18336,-2,838,16524,-22,-281,85,-64,-403,-366
18351,-16,844,16551,-15,-279,81,-66,-402,-364
18365,-10,833,16554,-12,-278,83,-63,-410,-359
18379,-14,817,16529,-18,-277,87,-68,-405,-363
18393,19,809,16541,-16,-272,87,-61,-404,-368
18407,46,819,16539,-18,-276,83,-69,-406,-365
18421,46,808,16534,-22,-280,87,-67,-405,-359
18435,47,836,16546,-19,-274,88,-69,-399,-361
18449,17,830,16551,-18,-273,88,-68,-401,-362
18463,9,834,16543,-19,-277,90,-68,-402,-365
18477,-18,868,16511,-16,-265,83,-73,-404,-366
18491,-115,885,16450,-13,-256,77,-68,-404,-363
18505,61,788,16466,-14,-294,87,-68,-409,-363
18519,-25,834,16203,-6,-250,87,-67,-403,-361
18534,108,765,16794,-23,-286,86,-67,-410,-363
18548,58,809,16169,-1,-263,87,-66,-409,-367
18562,65,842,16833,-34,-281,86,-72,-406,-362
18576,34,855,16451,-10,-276,89,-64,-402,-368
18590,1,847,16654,-29,-279,85,-70,-411,-361
18604,-23,842,16584,-20,-273,85,-65,-404,-366
18618,-24,806,16571,-23,-282,90,-68,-408,-365
18632,-22,808,16597,-17,-272,84,-63,-402,-365
18646,-18,831,16549,-14,-283,84,-71,-405,-358
18660,34,829,16548,-13,-277,87,-64,-403,-366
18674,34,838,16575,-16,-280,83,-68,-399,-362
18688,63,822,16536,-14,-284,81,-69,-403,-363
18702,58,825,16561,-18,-282,80,-75,-407,-368
18716,41,793,16582,-13,-279,83,-70,-404,-364
18730,-1,808,16499,-19,-279,85,-70,-404,-363
18745,-21,808,16584,-16,-276,86,-68,-403,-362
18759,-27,857,16496,-20,-277,85,-67,-401,-361
18773,-15,858,16539,-20,-281,87,-68,-399,-365
18787,-4,861,16530,-22,-276,84,-67,-400,-361
18802,43,832,16526,-18,-274,83,-76,-401,-364
18816,55,788,16549,-22,-272,82,-70,-406,-362
18830,61,771,16550,-19,-277,81,-64,-398,-364
18844,59,803,16534,-17,-277,87,-67,-403,-363
18858,18,815,16547,-16,-281,88,-66,-405,-365
18872,12,833,16536,-19,-274,83,-71,-398,-361
18886,-35,865,16544,-21,-275,85,-66,-404,-363
18900,-30,875,16533,-23,-278,83,-65,-403,-365
18914,-10,843,16546,-25,-275,77,-68,-411,-361
18928,-10,824,16535,-17,-271,78,-66,-407,-364
18942,34,790,16553,-17,-274,86,-69,-401,-370
18956,48,785,16537,-20,-276,88,-69,-403,-363
18970,53,823,16540,-22,-282,88,-65,-405,-361
18984,47,821,16552,-20,-284,83,-68,-404,-365
18998,32,834,16562,-17,-279,81,-67,-406,-361
19012,23,833,16526,-20,-275,82,-65,-403,-364
19026,6,832,16562,-19,-275,82,-65,-400,-358
19040,-7,820,16547,-23,-281,81,-63,-405,-363
19055,-29,821,16529,-20,-282,87,-65,-404,-361
19069,-30,816,16593,-24,-280,87,-70,-403,-359
19083,9,837,16519,-19,-273,84,-67,-408,-363
19097,29,844,16533,-13,-277,84,-65,-399,-364
19111,55,823,16524,-17,-278,81,-68,-405,-360
19125,65,816,16524,-18,-280,82,-69,-405,-364
19139,48,789,16555,-21,-284,83,-68,-406,-363
19153,46,782,16569,-21,-277,82,-71,-401,-366
19167,1,829,16600,-19,-282,89,-70,-399,-361
19181,-32,848,16508,-23,-277,89,-65,-402,-364
19195,-14,874,16570,-14,-272,85,-66,-403,-361
19209,-3,860,16531,-19,-279,86,-72,-405,-359
19224,17,837,16570,-16,-280,82,-66,-400,-363
19238,36,794,16527,-18,-273,81,-70,-401,-367
19252,73,791,16548,-25,-275,89,-64,-405,-367
19266,76,788,16540,-20,-276,88,-65,-409,-363
19280,52,817,16549,-16,-274,87,-70,-400,-362
19294,32,829,16547,-14,-278,82,-69,-400,-363
19308,-13,856,16543,-13,-281,82,-66,-400,-364
19322,-20,850,16541,-16,-281,90,-68,-406,-364
19336,-16,833,16542,-13,-280,86,-68,-399,-362
19350,-12,822,16540,-17,-274,82,-65,-399,-362
19364,28,811,16536,-13,-276,86,-68,-403,-364
19378,34,801,16558,-22,-280,84,-71,-401,-365
19392,48,824,16554,-20,-278,85,-68,-407,-360
19406,40,834,16529,-19,-281,88,-71,-399,-360
19420,37,821,16550,-19,-277,88,-64,-404,-363
19434,4,829,16525,-15,-278,81,-70,-404,-361
19448,-247,823,16539,-20,-283,90,-71,-407,-361
19462,-10,816,16550,-20,-281,89,-65,-407,-367
19476,-21,839,16546,-19,-281,88,-70,-402,-366
19490,-11,841,16558,-20,-283,91,-67,-403,-362
19504,0,843,16541,-21,-275,86,-73,-405,-365
19519,49,833,16547,-18,-275,85,-70,-407,-362
19533,67,809,16543,-23,-280,84,-67,-403,-365
19547,42,804,16540,-21,-276,89,-64,-404,-363
19561,42,803,16541,-21,-274,86,-70,-404,-365
19575,17,813,16550,-20,-280,86,-67,-400,-362
19589,-1,830,16551,-20,-283,87,-69,-401,-359
19603,-16,843,16543,-13,-279,85,-66,-398,-369
19617,-20,842,16543,-20,-281,91,-70,-406,-364
19631,-5,846,16535,-17,-277,85,-72,-405,-364
19645,-3,815,16518,-22,-276,83,-69,-403,-363
19659,42,800,16534,-26,-279,87,-67,-406,-362
19673,47,805,16542,-25,-281,88,-66,-403,-365
19687,26,816,16544,-21,-279,88,-69,-401,-364
19701,35,802,16537,-18,-281,85,-62,-401,-361
19715,29,834,16541,-19,-277,83,-68,-407,-368
19729,7,832,16530,-16,-280,90,-67,-405,-356
19743,3,810,16538,-23,-280,90,-68,-405,-370
19757,-10,833,16537,-22,-284,87,-65,-400,-363
19771,11,820,16553,-22,-281,86,-68,-411,-357
19785,6,821,16535,-18,-275,84,-64,-397,-363
19799,27,819,16538,-13,-275,87,-68,-402,-361
19813,35,831,16515,-15,-278,82,-67,-403,-363
19827,45,829,16531,-15,-277,79,-71,-402,-361
19841,30,820,16539,-21,-275,82,-64,-400,-363
19855,28,814,16539,-23,-281,87,-67,-408,-361
19869,27,815,16548,-16,-278,82,-70,-406,-364
19883,2,825,16544,-18,-279,86,-67,-401,-365
19897,-4,841,16540,-19,-277,89,-66,-398,-363
19911,3,827,16535,-12,-277,83,-63,-401,-359
19925,11,847,16553,-15,-277,89,-65,-404,-360
19939,19,821,16544,-23,-286,81,-69,-402,-359
19953,13,814,16530,-19,-283,85,-68,-408,-361
19967,34,811,16543,-23,-279,86,-69,-398,-363
19981,33,806,16540,-19,-282,88,-74,-403,-357
19995,48,811,16545,-16,-278,81,-67,-399,-359
20009,19,819,16541,-16,-282,82,-66,-398,-367
20023,2,836,16551,-22,-280,81,-71,-400,-368
20037,-4,842,16543,-23,-277,79,-66,-405,-365
20051,2,832,16542,-19,-279,81,-74,-405,-356
20065,23,822,16539,-19,-278,84,-68,-403,-363
20079,18,818,16539,-16,-276,86,-69,-406,-364
20093,24,815,16545,-22,-279,86,-67,-404,-366
20107,19,813,16543,-26,-276,84,-67,-402,-362
20121,29,826,16539,-23,-279,85,-69,-406,-364
20135,29,824,16543,-19,-283,87,-69,-406,-361
20149,31,833,16544,-20,-276,86,-63,-399,-362
20163,40,830,16549,-21,-278,86,-63,-399,-359
20177,23,821,16533,-21,-283,87,-69,-405,-365
20191,4,815,16536,-19,-282,88,-67,-403,-360
20205,-7,814,16545,-20,-279,90,-66,-402,-362
20219,4,847,16537,-18,-278,87,-68,-405,-366
20233,24,839,16547,-20,-279,86,-71,-404,-359
20247,24,840,16547,-18,-282,84,-68,-403,-365
20261,41,810,16527,-20,-276,87,-69,-406,-362
20275,40,804,16538,-20,-279,83,-69,-405,-362
20289,16,807,16557,-23,-281,86,-65,-399,-364
20303,35,821,16527,-16,-281,86,-72,-405,-361
20317,11,844,16557,-16,-282,86,-69,-404,-360
20331,7,850,16549,-21,-281,88,-68,-405,-362
20345,3,845,16532,-23,-281,84,-63,-406,-367
20359,11,841,16537,-23,-279,81,-66,-407,-363
20373,10,804,16524,-20,-278,84,-65,-404,-360
20387,17,802,16526,-21,-277,86,-63,-402,-365
20401,32,804,16536,-21,-280,89,-70,-404,-360
20415,11,811,16545,-19,-278,86,-70,-410,-361
20429,32,845,16512,-19,-279,86,-69,-406,-363
20443,30,844,16538,-17,-277,89,-64,-400,-358
20457,16,826,16548,-21,-279,84,-65,-401,-367
20471,16,813,16542,-20,-282,85,-71,-403,-364
20485,7,814,16543,-22,-282,89,-70,-404,-365
20499,7,813,16538,-20,-274,88,-65,-407,-361
20513,10,818,16545,-24,-276,89,-64,-400,-365
20527,31,827,16544,-20,-279,88,-66,-401,-366
20541,18,838,16528,-23,-278,88,-65,-404,-362
20555,35,826,16540,-16,-280,81,-66,-397,-362
20569,24,818,16544,-17,-278,89,-65,-404,-366
20583,7,802,16546,-18,-280,87,-67,-402,-365
20597,-1,808,16546,-15,-279,86,-62,-410,-362
20611,-3,829,16552,-22,-278,87,-65,-404,-364
20625,3,835,16528,-19,-280,88,-64,-399,-362
20639,36,840,16534,-19,-280,85,-66,-407,-361
20653,52,842,16531,-19,-278,88,-68,-406,-360
20667,35,818,16539,-19,-279,82,-68,-403,-367
20681,38,802,16550,-22,-276,85,-66,-403,-360
20695,29,803,16526,-21,-279,88,-68,-402,-364
20709,22,803,16548,-20,-280,90,-66,-402,-360
20723,0,833,16540,-16,-282,81,-67,-402,-364
20737,-18,831,16537,-17,-282,87,-66,-404,-362
20751,-7,853,16536,-21,-280,80,-67,-401,-360
20765,-1,848,16546,-21,-278,83,-70,-402,-368
20779,4,823,16538,-15,-273,84,-67,-405,-365
20793,19,811,16543,-15,-278,84,-64,-404,-364
20807,35,805,16530,-19,-280,86,-69,-401,-363
20821,32,806,16538,-21,-276,87,-67,-402,-364
20835,30,827,16537,-18,-284,90,-70,-399,-366
20849,26,837,16545,-21,-276,88,-62,-406,-362
20863,27,838,16540,-16,-279,90,-68,-404,-365
20877,14,836,16529,-19,-282,85,-65,-399,-366
20891,3,826,16532,-18,-277,86,-72,-400,-361
20905,-7,810,16542,-21,-277,87,-66,-405,-362
20919,2,821,16544,-19,-278,87,-71,-407,-362
20933,11,817,16540,-23,-280,88,-65,-402,-369
20947,25,828,16545,-26,-280,89,-67,-403,-361
20961,31,822,16542,-24,-276,88,-67,-403,-360
20975,36,818,16541,-14,-276,82,-66,-404,-358
20989,26,806,16535,-20,-274,89,-67,-404,-362
21003,15,815,16541,-19,-281,85,-66,-401,-362
21017,2,815,16540,-21,-276,83,-71,-400,-365
21031,-1,826,16544,-24,-278,86,-66,-401,-359
21045,-5,838,16550,-22,-276,84,-69,-404,-360
21059,-18,833,16554,-22,-274,85,-66,-403,-361
21073,17,817,16535,-19,-282,87,-68,-404,-364
21087,28,819,16548,-18,-276,85,-69,-402,-366
21101,41,804,16527,-24,-274,88,-68,-404,-365
21115,54,813,16543,-19,-280,88,-66,-408,-367
21129,17,807,16537,-19,-281,89,-66,-403,-355
21143,18,824,16552,-14,-284,83,-68,-403,-365
21157,-8,841,16533,-17,-280,85,-65,-404,-360
21171,-22,835,16530,-16,-281,83,-68,-404,-369
21185,-2,815,16560,-15,-279,82,-68,-401,-361
21199,4,824,16547,-18,-277,84,-70,-398,-363
21213,34,829,16551,-16,-280,88,-66,-401,-364
21227,21,826,16546,-19,-275,87,-68,-403,-362
21241,9,826,16558,-23,-279,92,-67,-400,-365
21255,12,824,16551,-19,-277,92,-63,-401,-368
21269,22,827,16531,-20,-283,88,-67,-401,-368
21283,25,825,16545,-21,-279,83,-68,-401,-364
21297,34,811,16531,-18,-277,85,-67,-408,-360
21311,25,813,16537,-16,-276,87,-69,-398,-366
21325,35,807,16547,-19,-280,92,-68,-404,-361
21339,9,816,16546,-19,-282,88,-68,-405,-362
21353,-5,821,16542,-18,-275,90,-63,-405,-363
21367,17,835,16554,-16,-273,90,-66,-402,-364
21381,16,828,16544,-15,-279,81,-70,-402,-364
21395,35,823,16538,-16,-278,81,-66,-402,-369
21409,35,829,16550,-22,-279,86,-67,-400,-366
21423,17,823,16540,-17,-282,87,-65,-405,-363
21437,22,826,16554,-15,-280,89,-66,-406,-362
21451,-2,828,16560,-12,-281,85,-71,-408,-358
21466,-3,844,16532,-18,-280,87,-66,-403,-362
21480,1,829,16557,-17,-278,79,-72,-401,-363
21494,21,824,16539,-15,-277,88,-64,-404,-358
21508,37,820,16542,-21,-279,85,-64,-407,-360
21522,43,819,16545,-18,-281,84,-70,-404,-362
21536,38,828,16542,-20,-280,88,-69,-402,-362
21550,21,808,16541,-18,-279,88,-68,-401,-359
21564,12,820,16539,-20,-279,90,-67,-400,-359
21578,7,836,16536,-18,-280,85,-62,-399,-368
21592,21,819,16537,-19,-278,86,-72,-406,-358
21606,21,815,16539,-17,-277,91,-63,-408,-361
21620,13,824,16534,-22,-280,87,-70,-399,-360
21634,23,821,16545,-21,-275,89,-70,-403,-361
21648,27,830,16547,-19,-275,85,-72,-405,-365
21662,9,831,16547,-12,-279,82,-69,-403,-364
21676,29,824,16528,-19,-279,81,-67,-403,-363
21690,23,826,16551,-24,-281,87,-70,-404,-358
21704,26,831,16551,-19,-281,78,-69,-403,-361
21718,34,819,16543,-22,-283,81,-66,-402,-366
21732,24,823,16548,-19,-278,86,-72,-398,-366
21746,16,832,16543,-23,-278,82,-66,-400,-366
21760,-2,830,16538,-19,-282,84,-66,-398,-360
21774,10,835,16549,-14,-280,81,-67,-403,-362
21788,13,822,16556,-15,-282,82,-66,-402,-360
21802,27,815,16536,-21,-280,82,-71,-405,-359
21816,27,810,16532,-17,-281,82,-70,-406,-363
21830,44,818,16545,-22,-281,85,-71,-403,-363
21844,30,819,16544,-18,-280,83,-71,-404,-365
21858,20,815,16529,-20,-280,84,-68,-407,-362
21872,-4,824,16539,-24,-281,89,-66,-403,-360
21886,-8,836,16523,-23,-279,82,-63,-406,-365
21900,-4,830,16548,-19,-283,86,-64,-402,-365
21914,11,822,16545,-21,-278,86,-71,-397,-362
21928,29,829,16536,-18,-278,81,-68,-406,-360
21942,47,814,16537,-13,-277,83,-63,-403,-367
21956,42,815,16548,-19,-275,89,-70,-401,-366
21970,29,824,16535,-24,-275,90,-71,-405,-361
21984,29,832,16539,-14,-277,85,-68,-402,-362
21998,8,826,16541,-17,-277,83,-63,-403,-364
22012,-3,834,16547,-17,-281,82,-65,-402,-366
22026,13,820,16524,-21,-281,82,-65,-407,-363
22040,8,831,16550,-16,-279,89,-71,-404,-365
22054,31,835,16538,-17,-281,88,-64,-401,-367
22068,16,824,16537,-22,-281,90,-64,-404,-363
22082,29,834,16546,-20,-278,83,-62,-407,-364
22096,21,813,16540,-15,-279,84,-67,-401,-360
22110,27,810,16549,-24,-276,79,-65,-407,-361
22124,31,815,16532,-19,-278,82,-65,-404,-364
22138,18,809,16532,-18,-279,85,-67,-404,-364
22152,10,822,16554,-14,-276,81,-62,-403,-364
22166,15,831,16550,-21,-281,86,-66,-400,-363
22180,0,821,16533,-15,-278,83,-62,-401,-362
22194,13,829,16539,-17,-278,85,-70,-401,-367
22208,5,822,16542,-20,-281,84,-66,-406,-366
22222,33,811,16531,-16,-279,81,-66,-400,-360
22236,40,823,16540,-17,-276,81,-66,-402,-359
22250,50,825,16527,-19,-279,88,-67,-401,-363
22264,27,817,16542,-17,-275,92,-74,-405,-364
22278,1,835,16532,-15,-276,88,-70,-406,-365
22292,9,831,16535,-18,-279,90,-74,-405,-364
22306,-16,827,16547,-22,-282,86,-70,-407,-363
22320,-9,823,16539,-21,-277,78,-68,-403,-362
22334,20,831,16538,-19,-283,83,-66,-398,-363
22348,21,816,16538,-17,-278,77,-68,-404,-363
22362,30,812,16542,-16,-277,86,-62,-402,-362
22376,40,820,16531,-22,-279,86,-66,-406,-364
22390,35,816,16533,-14,-280,87,-69,-405,-363
22404,14,822,16535,-10,-277,87,-68,-405,-366
22418,18,826,16551,-17,-281,86,-67,-398,-366
22432,1,823,16547,-20,-278,81,-70,-401,-363
22446,11,822,16536,-22,-277,81,-67,-401,-362
22460,-4,820,16531,-21,-274,83,-66,-402,-364
22474,-10,830,16540,-19,-278,88,-69,-396,-371
22488,21,836,16554,-20,-277,87,-72,-403,-359
22502,15,820,16544,-17,-273,87,-67,-403,-362
22516,21,815,16555,-16,-282,84,-71,-400,-363
22530,42,800,16527,-23,-280,84,-70,-402,-366
22544,34,812,16541,-19,-277,83,-69,-408,-365
22558,42,805,16563,-14,-282,86,-67,-408,-360
22572,24,836,16525,-20,-283,82,-69,-400,-362
22586,13,828,16552,-17,-275,82,-68,-403,-363
22600,-12,834,16533,-15,-279,86,-69,-401,-364
22614,-16,831,16545,-16,-278,86,-67,-400,-365
22628,8,826,16528,-21,-277,82,-63,-401,-368
22642,34,817,16532,-18,-280,81,-69,-412,-359
22656,28,807,16542,-20,-283,81,-67,-402,-362
22670,51,808,16541,-16,-277,84,-70,-410,-365
22684,27,817,16540,-16,-275,88,-71,-403,-363
22698,25,819,16537,-16,-277,83,-68,-406,-359
22712,5,832,16536,-13,-278,89,-67,-404,-363
22726,-7,820,16535,-20,-280,87,-67,-407,-361
22740,255,834,16535,-15,-278,83,-71,-403,-361
22754,18,823,16542,-19,-281,78,-69,-402,-363
22768,34,816,16537,-17,-278,81,-70,-406,-368
22782,25,827,16549,-14,-271,82,-71,-403,-364
22796,44,820,16543,-15,-277,87,-70,-399,-366
22810,46,822,16549,-22,-275,88,-69,-405,-362
22824,21,811,16516,-19,-284,82,-67,-404,-363
22838,20,821,16541,-21,-282,85,-70,-407,-367
22852,28,815,16523,-16,-278,88,-63,-398,-361
22866,5,830,16542,-19,-275,84,-66,-401,-363
22880,4,827,16528,-19,-285,84,-71,-409,-363
22894,16,824,16536,-20,-278,89,-66,-402,-360
22908,-4,829,16532,-18,-277,83,-66,-398,-368
22922,8,824,16528,-11,-281,84,-71,-401,-363
22936,29,819,16533,-13,-276,82,-69,-400,-365
22950,29,811,16521,-17,-279,88,-67,-406,-361
22964,30,812,16538,-18,-278,85,-69,-403,-364
22978,26,820,16522,-17,-280,87,-67,-403,-368
22992,12,823,16528,-18,-278,85,-63,-404,-361
23006,-5,833,16529,-21,-279,86,-61,-404,-365
23020,3,841,16531,-16,-276,84,-67,-409,-367
23034,3,839,16531,-18,-278,82,-68,-398,-359
23048,10,833,16533,-18,-280,85,-69,-402,-364
23062,27,835,16535,-19,-280,84,-68,-399,-358
23076,36,809,16525,-19,-280,83,-68,-400,-361
23090,53,822,16529,-15,-278,82,-61,-406,-363
23104,42,808,16518,-16,-281,80,-67,-402,-362
23118,3,821,16537,-22,-281,86,-67,-405,-359
23132,18,840,16543,-18,-278,88,-62,-402,-358
23146,4,818,16528,-21,-280,83,-66,-402,-361
23160,2,831,16535,-18,-278,83,-69,-404,-363
23174,8,827,16528,-22,-279,83,-70,-404,-361
23188,32,825,16536,-16,-279,83,-64,-404,-363
23202,20,822,16531,-16,-280,82,-63,-404,-366
23216,29,820,16531,-16,-277,85,-64,-404,-364
23230,33,807,16531,-16,-279,83,-65,-406,-362
23244,26,828,16535,-13,-277,87,-69,-408,-360
23258,20,823,16529,-20,-280,86,-65,-399,-362
23272,25,821,16524,-18,-279,88,-72,-407,-359
23286,16,807,16525,-12,-279,85,-65,-405,-362
23300,11,819,16531,-21,-275,85,-64,-401,-362
23314,12,826,16506,-16,-276,84,-70,-404,-363
23328,22,835,16534,-11,-275,82,-66,-405,-363
23342,14,838,16542,-18,-276,81,-61,-401,-362
23356,19,818,16522,-13,-280,90,-66,-406,-363
23370,33,812,16531,-17,-282,85,-65,-406,-360
23384,33,818,16532,-18,-279,83,-65,-406,-360
23398,33,834,16545,-15,-278,90,-64,-406,-363
23412,22,822,16524,-14,-280,89,-71,-398,-366
23426,8,834,16533,-20,-282,85,-67,-403,-365
23440,8,824,16537,-16,-283,86,-65,-404,-366
23454,3,824,16534,-18,-278,84,-66,-402,-363
23468,9,825,16532,-16,-282,74,-69,-404,-363
23482,19,820,16528,-16,-280,81,-69,-400,-363
23496,35,823,16535,-19,-281,85,-66,-399,-361
23510,35,817,16522,-22,-280,90,-68,-402,-365
23524,12,821,16530,-21,-279,86,-59,-403,-361
23538,14,827,16526,-17,-284,89,-73,-402,-359
23552,14,832,16521,-20,-278,85,-73,-409,-361
23566,11,822,16546,-19,-280,84,-72,-402,-363
23580,15,824,16541,-16,-276,84,-71,-404,-361
23594,25,830,16523,-18,-278,90,-64,-406,-361
23608,14,814,16538,-20,-284,86,-68,-400,-362
23622,30,821,16540,-21,-282,88,-67,-409,-365
23636,21,813,16528,-23,-281,88,-66,-405,-364
23650,20,812,16528,-23,-277,86,-66,-402,-362
23664,26,834,16529,-18,-281,90,-61,-402,-355
23678,30,841,16527,-22,-279,87,-67,-400,-370
23692,24,814,16527,-21,-278,88,-70,-405,-366
23706,17,829,16532,-22,-279,91,-63,-405,-365
23720,-2,825,16538,-20,-281,83,-64,-398,-365
23734,3,813,16542,-19,-282,84,-69,-401,-363
23748,18,815,16521,-26,-279,87,-67,-402,-363
23762,29,820,16545,-21,-277,84,-63,-402,-364
23776,22,811,16537,-20,-282,89,-69,-401,-365
23790,22,830,16546,-20,-278,89,-63,-401,-363
23804,19,825,16521,-15,-279,85,-71,-403,-365
23818,24,833,16528,-21,-279,84,-67,-407,-360
23832,11,831,16524,-19,-274,83,-68,-406,-360
23846,9,823,16533,-20,-278,89,-68,-404,-362
23860,-2,835,16530,-23,-284,86,-69,-402,-359
23874,9,816,16546,-16,-281,85,-73,-401,-363
23888,6,813,16536,-19,-278,88,-64,-404,-362
23902,35,806,16536,-19,-279,88,-65,-407,-362
23916,37,824,16529,-19,-278,83,-70,-405,-364
23930,36,815,16544,-21,-274,86,-65,-402,-362
23944,25,821,16540,-23,-280,87,-71,-399,-359
23958,3,818,16531,-18,-280,83,-68,-405,-367
23972,-8,825,16539,-22,-281,89,-68,-408,-364
23986,12,831,16535,-18,-280,85,-69,-408,-363
24000,29,831,16539,-17,-278,87,-69,-405,-365
24014,24,831,16544,-23,-275,85,-68,-407,-360
24028,20,822,16534,-22,-281,87,-66,-402,-363
24042,22,826,16533,-13,-281,87,-69,-401,-365
24056,20,811,16533,-18,-281,90,-69,-407,-362
24070,26,817,16551,-19,-281,84,-68,-403,-364
24084,16,832,16542,-15,-277,82,-67,-402,-361
24098,8,828,16530,-18,-277,83,-65,-402,-366
24112,27,825,16527,-20,-279,82,-64,-405,-364
24126,18,831,16526,-18,-277,85,-65,-405,-360
24140,7,825,16546,-20,-279,83,-66,-406,-362
24154,3,829,16539,-20,-278,91,-69,-408,-362
24168,10,821,16530,-22,-282,89,-69,-404,-362
24182,33,825,16539,-19,-283,82,-75,-400,-368
24196,31,835,16536,-20,-283,86,-65,-404,-361
24210,23,821,16525,-22,-277,87,-66,-404,-366
24224,31,813,16539,-18,-283,86,-68,-407,-363
24238,21,817,16534,-17,-282,88,-68,-408,-364
24252,25,834,16526,-21,-285,90,-66,-401,-362
24266,9,830,16531,-18,-281,87,-64,-404,-362
24280,0,830,16526,-20,-274,83,-68,-406,-367
24294,0,835,16528,-28,-278,87,-67,-402,-357
24308,24,821,16526,-23,-279,87,-67,-401,-365
24322,16,822,16535,-20,-277,86,-67,-405,-365
24336,18,820,16529,-20,-277,86,-70,-406,-361
24350,40,816,16544,-19,-278,82,-62,-401,-368
24364,31,813,16533,-22,-278,90,-68,-408,-364
24378,14,820,16515,-28,-277,91,-68,-403,-362
24392,12,823,16520,-25,-282,86,-69,-406,-369
24406,4,828,16526,-20,-282,85,-73,-405,-361
24420,3,834,16534,-19,-278,88,-65,-403,-365
24434,8,838,16529,-21,-277,86,-69,-408,-361
24448,16,827,16538,-19,-278,86,-68,-405,-365
24462,29,813,16540,-19,-280,86,-67,-407,-364
24476,27,814,16535,-15,-277,86,-70,-403,-359
24490,18,823,16538,-20,-279,81,-69,-404,-365
24504,28,825,16530,-14,-278,83,-70,-403,-360
24518,22,827,16539,-17,-273,83,-65,-402,-360
24532,23,832,16527,-20,-271,88,-73,-399,-363
24546,6,829,16548,-19,-276,88,-66,-400,-361
24560,20,820,16540,-18,-279,87,-68,-405,-356
24574,22,836,16523,-21,-283,85,-68,-400,-365
24588,-3,823,16545,-18,-280,87,-71,-402,-361
24602,-1,861,16239,-14,-275,87,-58,-401,-369
24616,-47,832,16718,-25,-296,81,-69,-403,-362
24630,87,782,16545,-10,-281,92,-64,-403,-364
24644,-5,800,16238,-25,-285,88,-70,-403,-366
24658,28,802,16443,-17,-277,91,-67,-402,-361
24672,0,834,16340,-18,-279,87,-66,-404,-363
24686,3,850,16710,-20,-277,85,-70,-403,-361
24700,28,828,16607,-14,-275,91,-70,-404,-364
24714,5,841,16670,-28,-277,85,-68,-399,-361
24728,24,820,16659,-21,-281,87,-62,-406,-363
24742,30,820,16426,-18,-279,86,-72,-404,-360
24756,20,823,16634,-25,-282,87,-66,-405,-364
24770,9,811,16467,-22,-280,84,-65,-399,-360
24784,42,832,16546,-17,-276,87,-69,-405,-365
24798,23,812,16513,-12,-278,84,-69,-405,-365
24812,29,837,16501,-11,-277,86,-75,-406,-360
24826,11,827,16559,-22,-279,88,-70,-395,-363
24840,1,825,16529,-13,-281,93,-70,-407,-365
24854,-7,813,16533,-23,-280,89,-63,-407,-363
24868,5,820,16530,-19,-274,87,-70,-404,-365
24882,0,826,16414,-19,-277,87,-74,-403,-363
24896,36,832,16617,-15,-278,83,-62,-402,-366
24910,31,821,16556,-18,-280,85,-66,-401,-364
24924,29,834,16522,-18,-280,84,-69,-400,-366
24938,9,817,16453,-20,-280,88,-73,-402,-362
24952,40,808,16505,-23,-277,86,-71,-402,-365
24966,4,842,16593,-16,-273,87,-65,-403,-356
24980,-5,816,16609,-17,-274,89,-64,-409,-362
24994,0,824,16500,-19,-276,85,-64,-402,-363
25008,16,831,16523,-16,-276,87,-69,-402,-361
25022,15,826,16548,-18,-275,85,-67,-405,-358
25036,21,819,16552,-20,-278,82,-66,-398,-361
25050,25,813,16546,-19,-278,84,-64,-406,-361
25064,16,803,16537,-19,-277,84,-76,-405,-356
25078,17,816,16542,-20,-279,85,-68,-405,-366
25092,-7,834,16552,-19,-277,90,-65,-399,-363
25106,3,852,16527,-16,-276,87,-69,-402,-363
25120,4,830,16535,-16,-284,83,-66,-401,-359
25134,7,822,16532,-16,-279,87,-68,-404,-358
25148,22,806,16550,-20,-275,87,-66,-404,-366
25162,33,819,16563,-18,-279,89,-70,-404,-365
25176,42,821,16544,-15,-280,87,-67,-399,-360
25190,34,836,16542,-10,-278,89,-70,-398,-362
25204,29,820,16536,-20,-275,81,-71,-406,-359
25218,2,806,16559,-17,-272,85,-68,-404,-355
25232,9,805,16547,-19,-276,83,-68,-404,-362
25246,17,797,16503,-18,-275,87,-67,-407,-360
25260,10,835,16619,-19,-282,91,-68,-402,-368
25274,3,853,16572,-16,-280,92,-69,-397,-363
25288,38,847,16551,-16,-282,82,-70,-405,-363
25302,42,845,16560,-20,-279,88,-69,-404,-366
25316,22,833,16522,-19,-275,82,-68,-400,-355
25330,30,808,16542,-19,-275,84,-63,-405,-361
25344,21,793,16527,-18,-280,84,-69,-400,-361
25358,22,813,16575,-23,-281,89,-64,-402,-362
25372,0,814,16548,-20,-278,85,-70,-396,-361
25386,13,843,16507,-18,-274,86,-67,-406,-363
25400,0,849,16552,-17,-279,86,-65,-402,-365
25414,17,828,16536,-19,-277,89,-65,-406,-366
25428,24,804,16532,-21,-276,86,-71,-403,-368
25442,37,818,16572,-17,-282,84,-69,-404,-364
25456,23,814,16531,-20,-279,86,-69,-410,-362
25470,19,824,16528,-16,-275,82,-67,-405,-365
25484,21,807,16541,-15,-280,87,-72,-400,-360
25498,16,820,16525,-15,-278,88,-67,-403,-362
25512,41,828,16592,-23,-279,89,-63,-403,-365
25526,15,829,16535,-17,-281,86,-72,-402,-364
25540,-1,835,16547,-20,-282,84,-68,-407,-361
25554,17,820,16543,-19,-283,90,-73,-402,-364
25568,24,836,16550,-18,-279,90,-69,-400,-365
25582,22,827,16543,-20,-276,89,-69,-405,-364
25596,13,818,16509,-20,-274,89,-69,-402,-361
25610,14,819,16550,-25,-278,88,-65,-401,-365
25624,4,816,16547,-22,-280,88,-69,-404,-365
25638,11,828,16540,-18,-280,84,-70,-404,-364
25652,36,840,16518,-18,-278,86,-64,-401,-360
25666,28,828,16558,-17,-277,88,-68,-406,-363
25680,11,828,16545,-17,-277,80,-69,-408,-364
25694,23,805,16593,-22,-277,90,-65,-406,-361
25708,45,808,16567,-15,-276,88,-70,-403,-363
25722,26,805,16500,-22,-282,87,-67,-405,-357
25736,16,809,16563,-22,-278,88,-71,-406,-359
25751,22,822,16508,-18,-278,86,-68,-404,-364
25765,38,836,16548,-17,-275,82,-66,-402,-366
25779,23,832,16548,-15,-277,85,-63,-404,-367
25793,10,845,16551,-18,-283,84,-70,-404,-364
25808,7,832,16533,-17,-280,88,-64,-399,-357
25822,-11,807,16553,-17,-281,89,-65,-404,-363
25836,-10,803,16533,-23,-279,86,-71,-405,-367
25850,-7,821,16535,-18,-278,88,-67,-405,-367
25864,10,825,16528,-16,-273,83,-68,-407,-359
25878,32,833,16547,-17,-280,81,-65,-404,-366
25892,51,823,16545,-16,-278,86,-67,-406,-364
25907,55,834,16573,-16,-281,86,-67,-400,-362
25921,55,797,16550,-15,-278,87,-65,-402,-360
25935,4,802,16559,-15,-276,84,-69,-405,-364
25949,-15,823,16547,-20,-279,87,-70,-405,-359
25963,-34,842,16506,-13,-275,83,-69,-407,-365
25977,-9,854,16553,-18,-281,85,-66,-403,-358
25991,19,859,16554,-17,-277,81,-73,-407,-357
26005,24,833,16547,-16,-279,86,-63,-402,-362
26019,21,813,16581,-15,-273,85,-63,-402,-363
26033,12,796,16569,-15,-280,84,-70,-399,-367
26047,18,787,16550,-18,-278,85,-71,-406,-364
26062,11,812,16553,-16,-280,81,-69,-403,-365
26076,28,825,16543,-21,-279,84,-69,-403,-359
26090,52,868,16530,-18,-282,83,-71,-400,-365
26104,43,849,16557,-21,-280,87,-72,-400,-365
26118,35,820,16515,-19,-277,86,-69,-400,-365
26132,-15,815,16560,-18,-279,86,-74,-405,-362
26146,-10,799,16536,-17,-273,89,-66,-404,-363
26160,-13,799,16543,-16,-277,94,-67,-398,-363
26174,39,828,16509,-18,-279,81,-71,-402,-365
26188,23,853,16541,-16,-281,85,-67,-406,-366
26202,40,871,16536,-23,-279,88,-72,-403,-363
26216,35,846,16537,-21,-278,87,-70,-404,-365
26230,0,817,16536,-18,-275,90,-67,-406,-361
26244,-1,808,16535,-18,-279,89,-74,-401,-361
26258,-10,814,16550,-18,-277,89,-72,-403,-368
26272,-30,800,16552,-17,-275,83,-72,-400,-367
26286,18,805,16529,-20,-280,83,-69,-407,-362
26300,32,853,16536,-21,-281,87,-66,-405,-361
26314,70,877,16520,-15,-277,84,-73,-404,-361
26328,57,862,16529,-20,-274,83,-68,-399,-366
26342,28,826,16529,-22,-273,81,-71,-402,-370
26356,0,783,16540,-15,-282,87,-68,-405,-363
26370,-12,785,16518,-21,-280,86,-66,-398,-360
26384,-24,796,16557,-12,-279,85,-65,-400,-360
26398,-14,834,16534,-16,-278,88,-68,-400,-364
26412,33,870,16544,-13,-276,81,-63,-406,-358
26426,35,886,16549,-21,-277,82,-70,-404,-360
26440,50,824,16543,-19,-277,86,-67,-398,-360
26454,85,802,16523,-17,-276,86,-70,-405,-367
26468,17,767,16548,-24,-283,89,-70,-397,-364
26483,5,779,16545,-18,-283,83,-66,-402,-367
26497,-29,838,16542,-21,-280,83,-68,-403,-361
26511,-13,852,16543,-16,-273,86,-66,-402,-364
26525,3,893,16530,-17,-278,86,-65,-404,-367
26539,11,872,16531,-15,-281,86,-64,-407,-361
26553,7,822,16542,-21,-279,84,-68,-398,-367
26567,24,809,16528,-22,-281,82,-67,-406,-364
26581,7,764,16540,-22,-275,85,-68,-401,-361
26595,51,769,16555,-25,-280,87,-65,-404,-362
26609,47,839,16538,-17,-278,85,-68,-404,-367
26624,28,854,16542,-18,-281,83,-67,-404,-361
26638,29,874,16536,-13,-281,84,-64,-406,-363
26652,-2,866,16544,-22,-279,87,-65,-404,-361
26666,-11,829,16543,-14,-277,87,-72,-400,-363
26680,-27,795,16529,-16,-274,86,-63,-405,-361
26694,-12,789,16557,-19,-278,89,-66,-400,-357
26708,8,794,16549,-18,-278,84,-69,-406,-364
26722,76,829,16544,-17,-282,84,-67,-406,-362
26736,78,861,16518,-22,-276,85,-69,-402,-364
26750,66,844,16537,-24,-280,90,-71,-400,-364
26765,29,836,16530,-23,-277,88,-71,-396,-355
26779,-19,797,16547,-16,-282,86,-65,-401,-361
26793,-38,798,16560,-19,-281,86,-67,-397,-362
26807,-41,826,16532,-19,-279,81,-65,-403,-363
26821,-17,840,16541,-18,-278,82,-67,-403,-364
26835,35,876,16533,-15,-277,86,-68,-403,-359
26849,58,875,16536,-18,-276,82,-69,-403,-361
26863,66,831,16526,-19,-277,84,-72,-404,-366
26878,48,793,16544,-22,-277,85,-68,-407,-363
26892,9,775,16552,-15,-278,86,-67,-404,-363
26906,5,788,16529,-17,-284,88,-70,-398,-361
26920,-16,819,16542,-19,-283,90,-64,-405,-366
26934,-9,852,16543,-18,-278,90,-67,-400,-362
26948,20,891,16529,-18,-279,87,-68,-401,-360
26962,18,869,16527,-18,-277,85,-71,-403,-367
26976,9,805,16555,-18,-277,85,-70,-404,-364
26990,45,807,16537,-16,-279,86,-72,-401,-360
27004,16,774,16565,-22,-276,88,-69,-400,-360
27019,23,792,16533,-23,-278,88,-68,-403,-366
27033,18,845,16539,-20,-276,84,-68,-407,-367
27047,29,862,16551,-21,-272,86,-69,-408,-366
27061,20,865,16540,-18,-278,88,-72,-404,-355
27075,4,861,16540,-17,-282,83,-69,-402,-367
27089,-14,817,16547,-19,-278,89,-71,-406,-363
27103,6,786,16524,-23,-274,92,-69,-400,-362
27117,4,795,16538,-20,-279,89,-71,-399,-363
27131,18,804,16526,-22,-281,89,-72,-406,-365
27145,35,847,16534,-20,-279,86,-68,-399,-367
27160,40,854,16538,-18,-278,89,-69,-404,-365
27174,38,846,16555,-23,-278,85,-65,-403,-372
27188,20,815,16537,-14,-281,78,-65,-403,-366
27202,-16,791,16550,-18,-281,84,-68,-403,-368
27216,-26,805,16534,-22,-280,87,-68,-404,-365
27230,-16,820,16549,-19,-273,86,-72,-405,-360
27244,7,836,16534,-14,-277,83,-69,-408,-366
27258,22,844,16533,-23,-277,85,-72,-402,-360
27272,65,851,16529,-19,-278,87,-65,-403,-359
27286,42,832,16528,-17,-278,80,-65,-405,-363
27301,33,786,16544,-15,-274,87,-75,-399,-360
27315,11,792,16542,-17,-277,86,-72,-407,-361
27329,-6,781,16561,-19,-276,87,-69,-404,-363
27343,6,840,16532,-20,-277,88,-67,-398,-365
27357,10,863,16539,-18,-283,84,-73,-405,-360
27372,25,864,16507,-15,-280,80,-65,-404,-362
27386,30,841,16548,-20,-277,82,-66,-403,-364
27400,22,788,16536,-18,-283,78,-76,-404,-363
27414,5,784,16534,-13,-281,80,-68,-404,-361
27428,15,805,16546,-16,-279,85,-71,-403,-363
27443,29,822,16532,-16,-282,83,-70,-404,-365
27457,29,858,16542,-20,-279,88,-73,-407,-367
27471,15,865,16537,-22,-275,85,-65,-402,-366
27485,13,847,16547,-15,-282,85,-68,-406,-354
27500,7,824,16554,-16,-277,85,-68,-404,-365
27514,-1,787,16538,-19,-283,81,-71,-404,-368
27528,0,784,16567,-21,-282,84,-65,-409,-360
27542,24,812,16541,-15,-277,85,-67,-408,-364
27556,40,847,16558,-20,-277,81,-67,-407,-362
27570,50,856,16535,-20,-278,85,-65,-410,-363
27585,42,844,16536,-26,-274,82,-64,-398,-363
27599,24,808,16535,-20,-281,85,-67,-403,-363
27613,-1,811,16537,-18,-280,85,-71,-399,-367
27627,-10,809,16543,-20,-281,84,-66,-400,-366
27641,-18,828,16533,-17,-282,88,-64,-403,-366
27655,16,839,16528,-18,-279,89,-68,-407,-365
27670,16,847,16522,-18,-277,85,-61,-397,-362
27684,43,818,16528,-16,-281,86,-63,-399,-364
27698,29,811,16529,-12,-277,85,-65,-406,-364
27712,28,803,16547,-21,-276,86,-71,-399,-360
27727,25,792,16546,-19,-276,84,-66,-402,-361
27741,2,805,16550,-17,-282,85,-65,-401,-363
27755,19,823,16538,-21,-280,82,-67,-403,-361
27769,-3,855,16529,-17,-282,77,-74,-400,-360
27783,-3,854,16542,-18,-277,80,-72,-402,-364
27797,7,831,16543,-20,-280,88,-68,-401,-360
27811,1,819,16557,-19,-281,92,-68,-403,-360
27825,6,815,16547,-17,-279,86,-65,-399,-365
27839,24,813,16541,-15,-282,83,-66,-400,-364
27853,27,822,16529,-19,-280,87,-69,-404,-361
27867,18,837,16548,-12,-280,82,-62,-403,-360
27881,30,837,16547,-18,-281,85,-67,-399,-363
27896,14,838,16537,-15,-279,85,-71,-406,-363
27910,17,820,16527,-11,-276,86,-68,-410,-363
27924,5,819,16557,-12,-279,87,-66,-402,-363
27938,-9,809,16533,-23,-282,86,-72,-403,-364
27952,13,817,16538,-18,-280,87,-65,-402,-363
27967,16,828,16545,-15,-276,88,-68,-408,-360
27981,27,834,16541,-19,-277,86,-65,-403,-360
27995,23,840,16537,-14,-274,83,-66,-404,-364
28009,21,834,16546,-19,-278,88,-66,-404,-363
28024,36,808,16539,-19,-282,88,-71,-403,-365
28038,8,814,16527,-17,-280,91,-70,-406,-361
28052,6,817,16539,-16,-285,83,-67,-409,-363
28066,-3,817,16528,-12,-279,86,-73,-400,-362
28080,10,819,16548,-17,-278,89,-70,-399,-362
28094,18,845,16526,-20,-277,90,-72,-406,-367
28109,28,831,16558,-16,-283,79,-61,-404,-364
28123,42,830,16528,-17,-282,82,-70,-408,-358
28137,37,809,16552,-16,-280,88,-66,-404,-362
28151,10,800,16550,-17,-279,86,-68,-399,-364
28166,0,820,16555,-14,-278,86,-70,-402,-360
28180,17,822,16547,-14,-283,82,-73,-402,-365
28194,8,841,16529,-15,-278,85,-67,-404,-365
28208,14,843,16542,-14,-280,86,-70,-400,-361
28222,18,833,16526,-23,-282,87,-69,-409,-359
28236,11,808,16533,-22,-280,83,-67,-402,-365
28251,13,810,16524,-16,-274,82,-71,-402,-362
28265,24,802,16539,-18,-279,89,-70,-405,-359
28279,17,828,16532,-21,-279,87,-68,-405,-369
28293,20,845,16537,-22,-279,87,-69,-407,-371
28308,29,837,16535,-14,-280,87,-61,-410,-366
28322,17,833,16532,-19,-284,87,-64,-404,-362
28336,-6,827,16537,-22,-281,87,-69,-402,-362
28350,3,821,16555,-21,-276,84,-65,-408,-368
28364,-7,822,16519,-17,-278,87,-67,-400,-366
28378,13,834,16551,-16,-280,90,-68,-404,-362
28392,19,844,16531,-19,-280,86,-67,-403,-363
28406,35,832,16531,-14,-278,89,-68,-411,-367
28420,26,827,16544,-18,-282,85,-64,-408,-365
28435,14,815,16535,-22,-280,80,-68,-405,-363
28449,28,811,16550,-19,-276,84,-71,-409,-365
28463,9,801,16540,-17,-278,87,-68,-407,-362
28477,22,832,16539,-21,-275,84,-71,-399,-361
28491,8,839,16547,-18,-278,87,-68,-401,-362
28505,5,850,16545,-19,-281,89,-69,-400,-373
28519,-1,844,16532,-13,-281,86,-64,-401,-358
28533,23,827,16550,-19,-282,81,-69,-406,-365
28547,9,812,16530,-16,-273,81,-74,-403,-367
28561,33,816,16534,-12,-281,84,-67,-403,-365
28575,26,818,16540,-16,-281,89,-65,-400,-365
28589,13,831,16534,-19,-278,90,-74,-406,-367
28603,9,822,16552,-23,-283,86,-72,-401,-366
28617,16,829,16525,-18,-277,90,-66,-405,-366
28631,3,824,16540,-23,-278,93,-65,-398,-359
28645,2,820,16525,-19,-280,87,-65,-406,-361
28659,22,826,16539,-20,-279,82,-68,-400,-361
28673,3,811,16541,-19,-282,85,-63,-408,-365
28687,14,808,16539,-22,-280,85,-68,-404,-362
28701,8,819,16519,-18,-280,93,-68,-404,-361
28715,13,837,16536,-22,-278,89,-66,-403,-362
28730,19,832,16540,-15,-275,83,-69,-407,-359
28744,26,839,16543,-24,-279,85,-73,-402,-360
28758,15,829,16531,-19,-284,90,-68,-401,-361
28772,17,819,16545,-21,-281,88,-67,-406,-362
28787,15,816,16554,-20,-281,87,-60,-405,-363
28801,5,816,16529,-19,-279,89,-64,-406,-363
28815,23,835,16547,-19,-275,83,-69,-402,-357
28829,24,838,16542,-17,-276,83,-69,-405,-363
28843,39,833,16545,-20,-277,88,-64,-403,-366
28858,35,823,16521,-14,-279,86,-67,-404,-362
28872,13,812,16535,-23,-283,94,-66,-406,-365
28886,14,816,16544,-24,-280,86,-67,-402,-363
28900,-2,824,16530,-21,-280,86,-65,-405,-361
28914,8,829,16544,-22,-278,87,-69,-396,-364
28928,19,842,16544,-19,-278,86,-69,-405,-359
28942,20,838,16513,-20,-283,86,-67,-401,-366
28956,23,826,16550,-14,-279,86,-74,-401,-359
28970,32,812,16552,-17,-276,90,-68,-404,-366
28985,28,805,16526,-20,-280,83,-66,-401,-365
28999,31,805,16551,-21,-275,86,-65,-404,-362
29013,24,824,16552,-21,-272,85,-70,-399,-360
29027,-2,837,16536,-18,-274,87,-68,-400,-361
29041,16,843,16538,-22,-281,83,-67,-406,-360
29055,15,850,16538,-27,-284,90,-69,-404,-360
29069,24,833,16528,-24,-280,85,-67,-407,-365
29083,16,830,16537,-19,-274,85,-63,-406,-358
29098,13,806,16534,-24,-279,91,-67,-403,-358
29112,20,822,16557,-26,-281,90,-69,-403,-360
29126,32,822,16536,-15,-276,90,-70,-405,-365
29140,11,831,16538,-17,-280,90,-69,-404,-364
29155,19,827,16530,-18,-280,90,-66,-399,-367
29169,17,837,16533,-20,-277,87,-64,-403,-368
29183,9,823,16549,-17,-280,80,-63,-408,-368
29197,18,807,16546,-20,-279,84,-66,-404,-363
29211,12,819,16550,-26,-278,85,-66,-404,-361
29226,18,818,16536,-22,-282,89,-64,-404,-362
29240,14,849,16543,-19,-279,88,-68,-405,-360
29254,8,848,16552,-22,-275,88,-67,-400,-356
29268,19,820,16544,-21,-280,82,-67,-404,-364
29282,23,835,16554,-18,-276,84,-70,-399,-363
29297,22,808,16537,-18,-276,89,-71,-402,-361
29311,12,815,16539,-23,-282,86,-68,-401,-361
29325,4,815,16527,-18,-277,89,-68,-404,-366
29339,9,822,16548,-19,-277,86,-70,-402,-364
29353,15,838,16534,-17,-275,88,-66,-400,-363
29367,29,829,16533,-20,-276,87,-69,-404,-364
29382,20,832,16541,-23,-274,87,-64,-407,-360
29396,33,812,16529,-19,-282,86,-63,-397,-360
29410,-8,822,16545,-19,-281,86,-64,-403,-363
29424,11,818,16555,-21,-278,83,-65,-401,-360
29439,14,824,16538,-19,-275,84,-65,-408,-363
29453,0,820,16547,-21,-275,82,-64,-398,-362
29467,18,836,16532,-18,-278,84,-70,-407,-363
29481,26,831,16533,-21,-275,87,-64,-407,-359
29495,17,809,16541,-18,-278,83,-62,-398,-363
29510,20,803,16532,-18,-279,79,-71,-404,-362
29524,5,825,16540,-20,-280,85,-66,-403,-365
29538,24,821,16527,-18,-278,87,-69,-401,-367
29552,33,841,16549,-18,-284,83,-72,-402,-363
29566,7,824,16531,-19,-279,84,-70,-402,-360
29580,8,828,16539,-21,-277,84,-63,-405,-365
29594,3,814,16526,-17,-274,85,-69,-402,-359
29608,9,830,16535,-20,-279,85,-71,-401,-361
29622,10,814,16552,-18,-282,90,-72,-409,-366
29637,11,824,16533,-21,-279,87,-67,-399,-361
29651,25,824,16543,-19,-277,92,-71,-406,-361
29665,24,822,16536,-20,-278,87,-68,-405,-362
29679,23,824,16542,-18,-280,89,-65,-408,-362
29694,15,813,16545,-20,-278,87,-72,-400,-362
29708,14,812,16545,-18,-280,82,-69,-405,-362
29722,25,820,16548,-17,-280,83,-65,-404,-364
29736,10,825,16526,-21,-274,87,-66,-403,-365
29751,13,836,16535,-22,-278,89,-67,-403,-362
29765,17,829,16549,-23,-282,83,-68,-406,-362
29779,12,831,16550,-14,-278,82,-69,-406,-365
29793,22,826,16522,-18,-283,78,-70,-400,-366
29808,7,825,16551,-19,-280,89,-70,-405,-365
29822,29,806,16538,-22,-279,81,-70,-411,-363
29836,34,815,16563,-20,-279,84,-67,-405,-360
29850,17,818,16553,-17,-275,87,-71,-405,-363
29864,10,827,16551,-21,-275,86,-72,-401,-359
29879,30,828,16535,-23,-276,86,-68,-406,-359
29893,6,823,16531,-19,-279,85,-68,-403,-364
29907,5,833,16544,-22,-277,89,-69,-400,-360
29921,14,822,16535,-24,-280,87,-68,-404,-366
29935,10,829,16526,-18,-272,88,-66,-404,-357
29949,11,835,16538,-15,-278,83,-62,-404,-365
29964,14,834,16542,-20,-278,86,-65,-399,-359
29978,21,826,16556,-21,-273,81,-65,-404,-363
29992,29,821,16537,-15,-276,86,-66,-408,-354
30006,43,814,16564,-15,-280,87,-64,-405,-368
30021,33,813,16536,-17,-277,83,-70,-408,-364
30035,13,823,16545,-15,-282,84,-68,-402,-362
30049,19,831,16535,-17,-282,82,-70,-403,-364
30063,-2,843,16526,-22,-278,90,-64,-402,-362
30077,-5,846,16538,-21,-272,81,-66,-404,-362
30091,19,846,16538,-13,-281,80,-67,-404,-365
30105,1,829,16530,-19,-275,86,-61,-403,-362
30119,28,815,16533,-13,-275,84,-66,-408,-362
30133,10,808,16536,-16,-282,86,-66,-402,-360
30147,40,814,16545,-18,-274,82,-67,-403,-362
30161,36,816,16541,-22,-282,83,-67,-405,-361
30175,31,824,16534,-21,-273,83,-67,-407,-368
30189,19,832,16538,-24,-277,85,-70,-404,-362
30204,9,837,16546,-20,-282,91,-67,-405,-357
30218,-11,825,16546,-21,-275,81,-69,-403,-363
30232,-9,824,16523,-20,-276,86,-69,-404,-363
30246,-6,825,16565,-19,-280,87,-71,-401,-363
30260,24,824,16537,-17,-284,86,-65,-404,-366
30274,13,813,16531,-20,-283,92,-67,-405,-360
30288,27,830,16527,-22,-282,92,-74,-400,-361
30302,40,829,16543,-25,-274,88,-67,-402,-362
30317,40,803,16547,-21,-278,86,-66,-403,-359
30331,25,816,16539,-18,-278,88,-69,-409,-364
30345,17,830,16532,-23,-278,87,-66,-401,-362
30359,2,822,16539,-14,-280,87,-69,-403,-365
30373,7,845,16542,-16,-285,86,-70,-406,-364
30387,-16,830,16538,-20,-282,88,-67,-398,-366
30401,7,829,16557,-18,-276,89,-66,-399,-362
30415,19,827,16542,-19,-274,83,-68,-408,-365
30429,22,806,16532,-20,-278,93,-63,-407,-365
30443,57,809,16547,-21,-283,89,-70,-400,-361
30457,32,822,16548,-19,-278,83,-68,-400,-365
30471,47,820,16530,-17,-281,83,-69,-396,-365
30485,6,830,16540,-20,-282,89,-66,-405,-363
30499,-5,831,16534,-17,-276,85,-68,-405,-359
30513,-15,830,16546,-16,-276,86,-71,-405,-365
30527,-11,835,16536,-17,-282,86,-70,-401,-359
30541,4,816,16545,-19,-275,84,-73,-404,-362
30555,19,833,16532,-19,-279,83,-69,-404,-363
30570,37,827,16546,-19,-278,88,-69,-408,-364
30584,53,821,16541,-23,-278,84,-67,-407,-361
30598,52,816,16540,-15,-280,87,-75,-403,-364
30612,23,815,16538,-18,-279,88,-64,-403,-364
30626,-7,822,16539,-19,-275,81,-68,-403,-363
30640,-9,822,16526,-19,-279,84,-70,-402,-363
30654,-18,840,16545,-21,-280,84,-66,-407,-359
30668,-10,836,16546,-25,-277,89,-66,-406,-365
30682,2,834,16556,-19,-277,90,-68,-403,-357
30696,10,832,16534,-21,-281,91,-70,-397,-358
30710,30,818,16541,-24,-279,87,-64,-402,-359
30725,60,806,16543,-20,-283,83,-67,-400,-365
30739,46,817,16541,-10,-278,83,-63,-405,-364
30753,21,819,16537,-21,-278,88,-67,-402,-362
30767,9,832,16538,-19,-283,83,-68,-403,-361
30781,-14,845,16526,-22,-278,85,-72,-407,-367
30795,-14,849,16546,-18,-275,85,-68,-404,-367
30809,-16,851,16539,-23,-277,86,-66,-405,-356
30823,-32,842,16542,-22,-277,88,-71,-404,-358
30837,20,820,16530,-24,-281,85,-70,-403,-356
30852,45,805,16539,-24,-281,90,-64,-403,-359
30866,51,801,16535,-20,-275,85,-68,-407,-360
30880,61,832,16531,-26,-276,91,-64,-406,-361
30894,22,830,16542,-20,-280,89,-65,-406,-362
30909,6,832,16553,-19,-279,88,-68,-399,-362
30923,-11,841,16532,-23,-278,92,-70,-402,-366
30937,-22,829,16537,-19,-283,93,-70,-401,-369
30951,-11,835,16521,-22,-275,87,-71,-401,-363
30965,-3,826,16529,-22,-280,86,-67,-399,-356
30979,35,820,16541,-23,-278,86,-67,-400,-363
30994,61,802,16536,-18,-278,90,-74,-403,-366
31008,57,818,16538,-18,-279,93,-67,-405,-363
31022,34,819,16556,-19,-281,90,-68,-404,-362
31036,22,825,16546,-19,-279,87,-68,-407,-363
31051,-1,826,16540,-19,-281,89,-64,-402,-365
31065,5,830,16536,-21,-280,86,-69,-404,-361
31079,-4,832,16537,-22,-275,91,-71,-406,-363
31093,-4,829,16525,-19,-277,88,-68,-404,-361
31107,13,825,16545,-15,-280,88,-69,-403,-360
31122,36,819,16523,-20,-278,90,-65,-412,-359
31136,56,802,16545,-22,-284,87,-65,-402,-358
31150,48,805,16543,-22,-281,89,-68,-400,-360
31164,45,829,16556,-20,-279,81,-69,-403,-363
31179,22,825,16548,-17,-277,84,-64,-404,-355
31193,7,840,16551,-23,-279,93,-67,-402,-362
31207,-14,833,16536,-20,-280,92,-63,-400,-356
31221,-19,847,16541,-17,-278,89,-67,-403,-357
31235,-8,830,16549,-17,-275,86,-71,-403,-363
31249,25,828,16536,-27,-278,87,-68,-403,-360
31263,26,822,16543,-25,-277,89,-69,-404,-361
31278,43,821,16542,-19,-276,85,-69,-402,-360
31292,56,804,16543,-19,-279,86,-67,-404,-364
31306,33,822,16550,-22,-278,94,-62,-406,-369
31320,7,823,16551,-23,-277,85,-64,-400,-365
31334,2,836,16536,-18,-278,85,-65,-404,-357
31348,-17,842,16554,-21,-279,88,-68,-403,-361
31362,-14,826,16546,-17,-280,89,-64,-402,-362
31376,12,826,16529,-16,-280,86,-66,-405,-361
31391,17,829,16539,-15,-279,86,-69,-410,-357
31405,22,819,16531,-20,-277,87,-67,-403,-365
31419,36,813,16531,-14,-281,88,-64,-408,-364
31433,20,820,16529,-18,-277,88,-71,-403,-365
31448,24,814,16543,-17,-279,88,-66,-405,-358
31462,28,826,16542,-24,-278,85,-73,-404,-358
31476,19,830,16530,-16,-278,86,-70,-406,-364
31490,5,839,16549,-18,-276,85,-68,-408,-360
31504,7,833,16546,-17,-279,84,-68,-404,-362
31518,14,854,16535,-18,-275,85,-62,-401,-363
31533,22,820,16541,-19,-284,87,-71,-402,-362
31547,21,812,16556,-19,-276,85,-69,-408,-363
31561,41,822,16547,-19,-274,84,-69,-405,-358
31575,36,823,16539,-15,-282,82,-67,-402,-361
31589,35,812,16538,-18,-277,77,-62,-406,-365
31603,29,820,16549,-16,-276,82,-68,-406,-367
31617,-1,817,16535,-17,-281,83,-61,-404,-362
31631,-2,822,16529,-18,-275,84,-72,-404,-361
31645,-11,828,16550,-20,-278,85,-70,-409,-366
31659,-8,829,16539,-19,-279,84,-71,-410,-363
31673,12,822,16548,-17,-279,85,-68,-400,-361
31688,29,821,16544,-19,-281,82,-67,-403,-363
31702,40,804,16540,-19,-276,82,-68,-404,-361
31716,42,814,16547,-12,-273,88,-62,-407,-362
31730,36,810,16546,-17,-279,86,-70,-407,-363
31744,22,815,16538,-21,-284,80,-66,-404,-362
31758,-4,842,16541,-17,-279,83,-68,-401,-372
31772,1,832,16553,-16,-283,85,-69,-407,-359
31786,4,824,16539,-21,-283,89,-63,-403,-364
31800,0,829,16540,-17,-277,82,-64,-404,-363
31814,5,824,16548,-14,-281,87,-67,-404,-364
31828,29,835,16543,-13,-282,85,-65,-407,-361
31842,33,829,16527,-17,-282,84,-68,-405,-362
31857,29,814,16532,-16,-279,89,-57,-403,-363
31871,23,814,16565,-20,-282,86,-65,-398,-362
31885,20,820,16541,-23,-281,89,-69,-405,-369
31899,15,822,16543,-21,-281,87,-68,-405,-363
31913,17,829,16534,-20,-276,83,-65,-402,-362
31927,8,825,16549,-19,-275,85,-67,-405,-360
31941,2,835,16545,-15,-280,80,-69,-402,-361
31955,6,827,16545,-23,-279,88,-65,-410,-364
31969,13,811,16523,-24,-278,90,-66,-406,-359
31983,32,816,16548,-21,-282,81,-69,-406,-365
31997,40,820,16555,-16,-280,83,-67,-404,-359
32012,29,836,16538,-19,-277,79,-69,-410,-360
32026,17,821,16537,-15,-279,80,-64,-405,-365
32040,24,825,16535,-17,-276,90,-66,-403,-363
32054,14,831,16544,-18,-277,85,-70,-401,-361
32068,5,831,16536,-16,-279,83,-62,-403,-358
32082,2,822,16543,-15,-278,87,-68,-403,-361
32096,12,840,16529,-15,-282,84,-68,-408,-361
32110,16,830,16543,-24,-281,87,-67,-405,-362
32124,34,825,16545,-17,-278,92,-64,-408,-359
32138,36,819,16544,-13,-282,82,-69,-406,-366
32152,23,820,16536,-16,-284,85,-66,-407,-365
32166,16,824,16539,-18,-279,84,-69,-405,-363
32180,15,822,16549,-22,-282,85,-64,-399,-361
32194,0,830,16543,-10,-277,82,-66,-410,-364
32208,15,828,16542,-17,-277,81,-65,-405,-360
32223,6,846,16542,-16,-279,84,-70,-401,-361
32237,11,830,16546,-23,-283,81,-71,-403,-363
32251,16,817,16542,-15,-278,80,-68,-405,-363
32265,32,813,16553,-16,-280,83,-62,-405,-361
32279,30,826,16543,-20,-281,82,-69,-402,-362
32294,43,801,16539,-20,-276,89,-66,-401,-362
32308,31,817,16525,-18,-276,87,-68,-405,-362
32322,36,826,16536,-18,-277,86,-70,-403,-365
32336,8,837,16553,-23,-281,83,-63,-401,-366
32350,16,831,16549,-12,-283,86,-65,-401,-358
32365,2,830,16547,-16,-280,80,-67,-403,-362
32379,1,827,16538,-18,-279,82,-64,-404,-362
32393,35,827,16546,-24,-283,79,-69,-396,-363
32407,36,818,16546,-20,-283,86,-67,-399,-363
32421,34,823,16543,-21,-279,93,-69,-404,-362
32435,54,828,16554,-21,-281,89,-66,-402,-363
32450,24,840,16554,-20,-275,84,-70,-401,-368
32464,-3,834,16537,-20,-280,88,-68,-405,-363
32478,4,829,16529,-22,-280,86,-71,-406,-362
32492,-3,829,16549,-19,-274,86,-68,-404,-362
32506,9,835,16538,-20,-278,84,-66,-405,-362
32520,8,834,16534,-17,-281,89,-64,-403,-364
32534,24,836,16553,-22,-278,87,-70,-401,-362
32549,39,838,16535,-26,-277,90,-67,-402,-365
32563,37,803,16542,-20,-279,92,-70,-401,-361
32577,25,796,16531,-17,-286,86,-65,-407,-361
32591,35,813,16543,-17,-285,87,-69,-406,-359
32606,28,822,16535,-21,-280,83,-69,-398,-363
32620,18,826,16548,-24,-280,84,-68,-412,-359
32634,25,850,16529,-18,-283,87,-69,-401,-361
32648,7,843,16542,-25,-281,86,-65,-401,-362
32662,7,836,16539,-23,-277,83,-70,-401,-359
32676,11,817,16556,-22,-283,88,-66,-409,-360
32691,-2,816,16537,-16,-277,83,-73,-401,-361
32705,41,813,16544,-25,-278,85,-64,-408,-362
32719,43,807,16551,-16,-284,90,-69,-396,-363
32733,33,832,16544,-22,-275,86,-67,-404,-361
32748,25,830,16555,-24,-285,83,-69,-402,-364
32762,25,834,16539,-20,-278,89,-71,-403,-365
32776,12,828,16535,-20,-276,86,-72,-403,-360
32790,-6,834,16548,-21,-281,87,-68,-401,-357
32804,-1,811,16551,-18,-278,86,-65,-404,-363
32818,31,825,16544,-22,-276,83,-63,-405,-367
32832,22,826,16539,-21,-279,86,-72,-402,-365
32846,33,832,16540,-19,-281,87,-66,-402,-359
32861,40,832,16547,-22,-276,88,-66,-403,-359
32875,23,830,16545,-22,-281,85,-63,-403,-361
32889,27,817,16549,-22,-276,91,-74,-399,-362
32903,17,823,16520,-22,-278,93,-65,-403,-358
32918,1,823,16542,-20,-281,82,-70,-403,-363
32932,-2,832,16542,-19,-277,84,-67,-401,-366
32946,8,841,16544,-22,-273,89,-66,-402,-363
32960,26,818,16522,-18,-276,89,-68,-407,-365
32974,25,811,16551,-20,-281,88,-64,-400,-362
32988,26,818,16542,-18,-282,85,-68,-401,-367
33003,33,808,16533,-20,-281,86,-66,-405,-365
33017,21,831,16534,-21,-279,85,-69,-406,-369
33031,11,829,16536,-20,-279,90,-68,-402,-362
33045,8,838,16538,-22,-282,87,-67,-406,-362
33059,1,843,16542,-18,-279,87,-67,-404,-364
33073,12,841,16541,-14,-280,92,-65,-401,-362
33088,25,825,16542,-21,-277,86,-66,-409,-366
33102,18,822,16546,-18,-282,86,-67,-403,-362
33116,28,801,16552,-19,-280,86,-67,-406,-367
33130,41,817,16537,-20,-279,87,-69,-404,-362
33145,40,826,16537,-20,-272,83,-65,-404,-359
33159,25,826,16540,-18,-275,85,-67,-405,-367
33173,20,824,16537,-20,-282,83,-64,-398,-370
33187,12,836,16537,-17,-282,81,-65,-404,-363
33201,9,827,16538,-18,-279,84,-69,-402,-364
33215,-11,830,16540,-22,-281,82,-66,-401,-364
33229,0,824,16542,-20,-280,79,-72,-397,-358
33243,19,825,16536,-19,-276,85,-65,-409,-364
33257,31,824,16541,-18,-279,84,-65,-408,-361
33272,43,829,16538,-18,-278,84,-70,-401,-359
33286,33,819,16544,-19,-281,88,-71,-403,-358
33300,37,828,16532,-26,-279,87,-65,-401,-360
33314,14,823,16555,-23,-280,83,-67,-405,-362
33329,-4,826,16550,-19,-279,88,-69,-405,-366
33343,7,825,16544,-23,-281,90,-78,-406,-366
33357,9,830,16541,-18,-280,85,-67,-402,-366
33371,19,834,16540,-17,-277,84,-71,-397,-363
33385,17,830,16546,-19,-279,87,-64,-411,-362
33399,12,821,16533,-17,-275,82,-64,-404,-362
33414,23,812,16539,-19,-278,87,-67,-401,-362
33428,31,815,16545,-21,-278,90,-61,-403,-363
33442,29,823,16533,-18,-280,90,-71,-401,-363
33456,20,823,16536,-15,-279,84,-70,-403,-361
33471,26,835,16553,-17,-278,83,-67,-399,-364
33485,12,846,16543,-22,-283,88,-68,-399,-363
33499,20,826,16523,-22,-278,88,-68,-404,-363
33513,8,825,16545,-20,-279,82,-68,-406,-359
33527,17,817,16548,-20,-285,84,-68,-405,-368
33542,9,822,16549,-18,-274,84,-67,-407,-360
33556,35,821,16535,-13,-278,87,-60,-402,-362
33570,41,837,16537,-21,-281,86,-66,-408,-365
33584,11,828,16539,-20,-280,82,-66,-404,-358
33598,15,834,16555,-17,-278,87,-69,-400,-363
33612,10,830,16547,-21,-275,83,-69,-401,-360
33626,1,815,16549,-22,-271,82,-64,-405,-363
33640,-3,813,16556,-20,-273,86,-61,-402,-362
33654,16,824,16548,-21,-282,84,-71,-401,-360
33668,26,831,16531,-22,-274,84,-66,-404,-363
33683,24,831,16535,-17,-279,88,-70,-402,-365
33697,47,825,16524,-14,-279,88,-68,-403,-362
33711,17,816,16536,-20,-277,91,-65,-401,-362
33725,18,812,16546,-20,-277,84,-73,-401,-362
33740,12,826,16533,-19,-278,87,-68,-405,-363
33754,-2,832,16539,-22,-276,90,-67,-403,-364
33768,1,837,16558,-21,-281,85,-65,-404,-358
33782,11,842,16540,-17,-279,79,-68,-410,-362
33796,19,819,16546,-24,-280,82,-65,-408,-363
33811,23,826,16544,-22,-280,86,-71,-402,-357
33825,21,811,16538,-16,-277,81,-65,-402,-363
33839,17,824,16541,-18,-276,81,-68,-405,-368
33853,32,835,16538,-23,-281,91,-68,-399,-362
33868,16,834,16539,-21,-282,84,-67,-406,-364
33882,10,846,16544,-15,-282,84,-62,-401,-362
33896,7,842,16530,-17,-280,89,-67,-403,-362
33910,2,819,16529,-13,-280,86,-65,-401,-358
33924,1,825,16542,-18,-278,87,-67,-401,-363
33938,8,824,16530,-22,-281,87,-65,-403,-363
33952,14,827,16526,-18,-277,88,-66,-404,-358
33966,21,818,16549,-22,-278,86,-67,-406,-358
33981,26,828,16554,-17,-279,86,-64,-405,-364
33995,23,827,16546,-20,-277,85,-70,-406,-364
34009,36,825,16539,-15,-280,88,-61,-404,-359
34023,17,806,16537,-20,-280,85,-72,-401,-365
34038,2,821,16546,-11,-279,87,-61,-407,-367
34052,-7,819,16543,-17,-280,84,-64,-403,-359
34066,17,823,16523,-20,-277,86,-71,-403,-361
34080,32,822,16548,-18,-278,86,-68,-402,-359
34094,31,820,16542,-25,-275,89,-65,-409,-365
34109,33,827,16540,-19,-277,88,-66,-408,-361
34123,26,827,16540,-18,-278,83,-66,-403,-363
34137,12,828,16543,-16,-278,85,-64,-408,-358
34151,30,817,16527,-18,-280,84,-61,-406,-367
34166,14,818,16542,-17,-274,85,-66,-406,-363
34180,18,840,16537,-17,-278,86,-68,-403,-359
34194,23,835,16544,-20,-275,90,-65,-404,-360
34208,12,826,16530,-18,-275,87,-63,-405,-362
34223,9,820,16531,-23,-279,85,-67,-404,-361
34237,35,805,16531,-16,-283,83,-70,-400,-368
34251,19,820,16528,-17,-277,84,-72,-404,-361
34265,21,828,16546,-21,-277,86,-68,-405,-364
34279,29,811,16547,-28,-279,85,-70,-403,-363
34294,18,816,16550,-19,-281,81,-68,-402,-367
34308,25,828,16540,-9,-284,88,-69,-403,-360
34322,26,828,16542,-18,-281,84,-74,-412,-358
34336,-3,820,16536,-15,-280,81,-67,-401,-358
34350,11,823,16524,-19,-284,88,-70,-403,-363
34365,13,815,16545,-17,-281,89,-68,-403,-362
34379,26,825,16539,-15,-283,79,-72,-403,-358
34393,32,837,16537,-12,-285,82,-68,-404,-362
34407,24,826,16542,-18,-278,82,-67,-406,-364
34421,13,816,16544,-17,-282,84,-68,-401,-360
34435,8,826,16534,-19,-282,85,-66,-406,-359
34449,5,827,16537,-20,-281,85,-66,-402,-362
34463,11,819,16530,-18,-283,88,-67,-405,-360
34477,14,824,16534,-17,-282,86,-64,-401,-361
34491,10,831,16537,-14,-280,85,-63,-406,-363
34505,22,831,16531,-17,-276,86,-68,-402,-360
34519,17,826,16536,-16,-276,83,-65,-406,-362
34533,23,829,16542,-21,-279,86,-71,-400,-362
34547,14,817,16539,-15,-281,88,-69,-409,-368
34562,13,816,16524,-22,-277,90,-65,-405,-358
34576,24,827,16535,-21,-273,85,-68,-408,-364
34590,26,829,16527,-25,-281,90,-70,-409,-361
34604,22,814,16529,-19,-279,88,-73,-404,-362
34619,18,818,16527,-19,-274,87,-69,-402,-366
34633,6,813,16537,-25,-275,86,-66,-402,-360
34647,14,814,16532,-13,-274,83,-68,-402,-358
34661,13,817,16536,-19,-279,88,-70,-404,-358
34675,26,830,16541,-10,-283,84,-65,-401,-363
34690,29,828,16546,-21,-275,88,-67,-403,-365
34704,23,821,16546,-23,-277,86,-70,-402,-365
34718,23,824,16540,-22,-279,87,-63,-401,-363
34732,22,817,16541,-19,-277,85,-70,-405,-364
34746,10,828,16541,-18,-276,85,-67,-402,-363
34760,16,818,16529,-17,-276,81,-70,-401,-360
34774,28,827,16531,-17,-277,92,-71,-406,-361
34788,29,833,16525,-17,-278,85,-66,-400,-361
34803,23,835,16534,-24,-281,84,-65,-402,-361
34817,22,826,16528,-22,-275,86,-65,-410,-365
34831,12,836,16539,-20,-279,87,-66,-401,-361
34845,20,828,16539,-17,-279,91,-70,-406,-362
34860,20,814,16544,-21,-273,84,-65,-400,-364
34874,12,822,16547,-22,-281,88,-67,-403,-362
34888,13,827,16536,-17,-280,85,-69,-405,-362
34902,17,821,16547,-17,-277,83,-61,-403,-357
34917,25,823,16532,-20,-277,84,-68,-404,-366
34931,20,815,16546,-19,-279,87,-65,-403,-364
34945,25,820,16540,-21,-278,85,-71,-400,-365
34959,15,822,16525,-20,-284,84,-68,-399,-359
34974,22,825,16533,-22,-276,87,-71,-402,-362
34988,3,826,16539,-14,-277,83,-69,-399,-363
35002,6,823,16537,-20,-281,85,-68,-401,-358
35016,7,817,16543,-22,-276,86,-65,-402,-367
35030,23,839,16542,-28,-282,87,-66,-406,-358
35044,2,831,16543,-21,-281,89,-67,-406,-361
35058,9,822,16534,-18,-282,87,-68,-402,-363
35072,8,820,16533,-22,-284,80,-68,-398,-362
35086,21,840,16550,-19,-277,89,-66,-398,-365
35100,19,824,16525,-19,-275,88,-69,-402,-363
35115,15,821,16550,-24,-280,93,-69,-402,-366
35129,22,831,16556,-16,-276,82,-64,-401,-363
35143,24,814,16541,-22,-278,82,-71,-408,-362
35157,16,820,16534,-22,-278,86,-61,-397,-359
35172,18,835,16524,-16,-279,84,-68,-400,-357
35186,15,832,16528,-21,-278,91,-66,-406,-367
35200,10,831,16537,-20,-281,88,-62,-397,-364
35214,14,820,16555,-19,-280,86,-71,-404,-361
35228,3,831,16533,-22,-278,88,-71,-406,-364
35242,33,828,16539,-18,-277,84,-65,-403,-364
35256,23,820,16534,-19,-281,85,-72,-404,-363
35270,25,829,16547,-22,-280,84,-65,-402,-358
35284,13,838,16535,-21,-274,90,-67,-402,-363
35299,17,831,16542,-13,-273,85,-65,-404,-365
35313,14,827,16535,-23,-278,83,-63,-401,-363
35327,3,824,16545,-16,-279,86,-70,-400,-360
35341,6,816,16561,-22,-280,89,-69,-403,-363
35355,21,816,16540,-23,-274,90,-71,-402,-363
35369,22,832,16541,-20,-275,82,-68,-409,-361
35383,17,828,16534,-23,-276,87,-70,-406,-362
35397,33,821,16521,-23,-278,88,-63,-398,-368
35411,24,818,16554,-15,-276,87,-67,-400,-364
35425,27,822,16540,-16,-279,82,-67,-407,-362
35440,26,835,16527,-20,-281,85,-71,-403,-366
35454,13,825,16539,-23,-280,87,-63,-407,-361
35468,27,835,16536,-17,-279,87,-67,-407,-361
35482,22,836,16551,-17,-279,87,-63,-404,-367
35497,14,834,16537,-23,-280,90,-65,-402,-366
35511,29,827,16532,-17,-277,88,-64,-402,-360
35525,10,809,16542,-16,-276,86,-67,-400,-365
35539,11,817,16541,-19,-281,82,-70,-408,-365
35553,17,814,16528,-17,-282,83,-66,-403,-364
35567,19,828,16544,-20,-275,84,-70,-401,-364
35581,22,833,16526,-23,-278,84,-69,-406,-364
35595,30,838,16544,-22,-282,85,-67,-401,-370
35610,2,830,16533,-24,-283,86,-65,-402,-365
35624,21,819,16529,-15,-280,78,-66,-404,-366
35638,7,820,16532,-18,-278,83,-62,-401,-361
35652,39,823,16534,-21,-281,87,-61,-405,-362
35666,29,832,16539,-15,-281,86,-67,-405,-364
35680,25,819,16552,-18,-280,83,-71,-405,-362
35695,18,834,16524,-24,-281,87,-74,-402,-363
35709,20,833,16540,-17,-277,91,-71,-402,-364
35723,13,829,16537,-14,-281,93,-70,-405,-356
35737,11,820,16535,-19,-280,85,-67,-403,-364
35752,1,829,16542,-20,-275,83,-67,-401,-365
35766,16,814,16522,-18,-278,87,-67,-407,-359
35780,23,825,16526,-16,-276,87,-67,-405,-365
35794,11,830,16545,-17,-278,84,-74,-406,-367
35808,27,828,16541,-23,-281,87,-69,-397,-365
35823,9,819,16551,-20,-278,89,-64,-401,-364
35837,17,822,16565,-20,-276,87,-68,-405,-366
35851,25,826,16538,-24,-280,89,-65,-402,-364
35865,9,828,16528,-20,-275,85,-63,-404,-365
35879,13,825,16530,-22,-279,88,-67,-399,-366
35893,14,842,16535,-17,-278,87,-66,-400,-361
35908,250,813,16542,-18,-277,84,-65,-409,-359
35922,16,818,16540,-19,-283,89,-67,-401,-365
35936,6,829,16547,-18,-282,89,-64,-406,-362
35950,16,828,16539,-16,-277,86,-73,-406,-364
35965,33,817,16551,-21,-279,87,-67,-401,-362
35979,19,830,16528,-21,-279,82,-69,-404,-360
35993,8,827,16534,-18,-280,91,-67,-406,-362
36007,15,826,16538,-14,-280,87,-69,-410,-363
36021,5,832,16538,-16,-278,89,-65,-408,-361
36035,9,816,16546,-19,-280,90,-64,-399,-357
36049,17,839,16535,-24,-278,90,-64,-405,-359
36064,13,826,16540,-21,-277,91,-68,-404,-360
36078,23,830,16527,-17,-276,86,-67,-404,-365
36092,20,827,16529,-20,-279,87,-69,-405,-361
36106,31,826,16544,-20,-280,91,-68,-403,-362
36120,17,815,16521,-18,-278,86,-71,-401,-363
36134,18,817,16549,-20,-278,88,-69,-402,-364
36148,16,823,16521,-24,-277,88,-65,-404,-366
36162,19,837,16526,-19,-277,83,-69,-403,-358
36177,7,824,16548,-16,-279,81,-65,-403,-362
36191,23,819,16536,-17,-275,87,-63,-405,-363
36205,15,822,16522,-19,-277,82,-67,-404,-362
36219,23,832,16536,-15,-285,86,-68,-403,-361
36233,16,831,16529,-15,-275,83,-69,-400,-359
36248,32,841,16531,-15,-282,82,-66,-403,-361
36262,20,820,16537,-17,-283,83,-68,-404,-360
36276,4,827,16545,-18,-280,88,-64,-402,-363
36290,8,822,16547,-21,-281,88,-71,-403,-365
36304,5,836,16545,-21,-281,90,-66,-407,-360
36318,7,832,16529,-13,-278,87,-68,-402,-364
36332,21,840,16521,-20,-277,84,-71,-407,-366
36346,14,833,16543,-18,-278,88,-70,-401,-360
36360,13,815,16533,-16,-274,83,-69,-409,-366
36374,8,830,16545,-15,-287,88,-71,-405,-362
36388,10,817,16534,-21,-279,81,-64,-406,-361
36402,28,824,16535,-20,-277,87,-69,-408,-363
36416,22,822,16528,-16,-278,85,-71,-399,-364
36431,22,821,16529,-15,-278,91,-57,-403,-359
36445,1,825,16540,-20,-278,88,-71,-402,-363
36459,11,821,16529,-22,-276,86,-68,-405,-358
36473,20,812,16531,-19,-279,88,-68,-400,-368
36487,17,820,16530,-20,-280,85,-68,-400,-364
36502,14,820,16535,-15,-279,79,-70,-400,-360
36516,27,824,16534,-18,-273,86,-69,-405,-359
36530,29,829,16555,-19,-280,89,-67,-399,-362
36544,13,828,16530,-19,-279,92,-69,-402,-363
36559,11,828,16530,-17,-281,84,-67,-403,-362
36573,18,825,16531,-20,-282,86,-69,-401,-362
36587,4,825,16541,-19,-277,86,-72,-405,-362
36601,4,823,16544,-23,-278,91,-68,-407,-363
36615,25,811,16535,-20,-282,90,-70,-404,-363
36629,18,824,16518,-19,-283,91,-69,-404,-362
36644,23,825,16545,-18,-277,86,-70,-405,-365
36658,33,821,16536,-16,-277,88,-61,-403,-362
36672,23,829,16534,-20,-282,84,-71,-403,-363
36686,33,818,16536,-24,-274,84,-66,-404,-363
36701,24,834,16542,-22,-282,84,-69,-402,-360
36715,12,827,16523,-19,-277,82,-63,-409,-361
36729,6,818,16553,-12,-280,82,-68,-406,-360
36743,8,830,16543,-17,-280,85,-62,-399,-363
36757,19,841,16547,-20,-280,84,-69,-407,-361
36771,22,832,16538,-23,-278,85,-69,-407,-370
36786,20,833,16549,-22,-280,82,-63,-402,-362
36800,23,813,16531,-23,-274,87,-69,-400,-363
36814,18,821,16538,-22,-281,82,-68,-404,-364
36828,10,828,16534,-23,-282,86,-67,-401,-358
36842,14,819,16536,-13,-275,86,-72,-402,-362
36856,12,830,16540,-20,-282,88,-64,-402,-364
36870,14,844,16528,-23,-278,86,-70,-407,-363
36884,22,833,16531,-18,-282,81,-69,-401,-362
36899,25,827,16527,-14,-280,87,-63,-407,-361
36913,17,823,16543,-15,-281,86,-71,-407,-361
36927,22,826,16542,-19,-274,81,-70,-398,-365
36941,12,810,16546,-15,-276,84,-68,-406,-363
36956,15,819,16533,-17,-282,86,-68,-401,-363
36970,4,820,16548,-16,-277,84,-71,-405,-362
36984,20,836,16534,-17,-280,78,-67,-404,-361
36998,15,819,16530,-17,-281,80,-67,-404,-365
37012,26,832,16544,-17,-273,87,-69,-401,-364
37027,27,842,16538,-16,-280,85,-63,-403,-360
37041,17,827,16547,-18,-278,85,-62,-405,-364
37055,11,830,16542,-23,-277,86,-69,-402,-361
37069,16,819,16528,-20,-277,83,-69,-407,-362
37083,38,834,16536,-19,-278,85,-69,-403,-364
37097,28,835,16553,-18,-274,88,-64,-400,-366
37111,6,816,16537,-20,-278,87,-71,-398,-362
37125,-3,824,16530,-17,-279,87,-64,-401,-361
37139,24,824,16551,-18,-278,82,-66,-396,-362
37154,14,842,16527,-15,-281,80,-73,-406,-366
37168,11,826,16540,-17,-276,89,-68,-406,-363
37182,34,823,16531,-25,-279,81,-67,-400,-366
37196,27,834,16542,-17,-277,89,-72,-406,-362
37211,26,823,16534,-18,-279,82,-70,-406,-363
37225,29,830,16533,-20,-276,84,-71,-400,-365
37239,22,818,16549,-24,-282,89,-70,-407,-360
37253,10,817,16536,-15,-278,88,-68,-404,-360
37268,12,829,16551,-12,-280,86,-68,-402,-362
37282,18,827,16530,-19,-281,83,-69,-405,-360
37296,13,826,16532,-15,-275,81,-64,-400,-359
37310,12,824,16534,-20,-279,86,-61,-401,-363
37324,21,803,16545,-20,-281,86,-71,-397,-356
37338,26,825,16536,-19,-279,88,-66,-399,-362
37352,15,827,16532,-17,-278,82,-67,-402,-362
37366,15,825,16540,-19,-279,85,-67,-408,-368
37381,12,831,16541,-20,-276,85,-61,-406,-360
37395,14,819,16553,-17,-281,88,-70,-403,-363
37409,26,823,16531,-22,-279,85,-69,-407,-364
37423,4,821,16548,-19,-277,86,-67,-401,-358
37437,23,833,16547,-17,-281,87,-71,-409,-362
37452,19,838,16538,-19,-273,84,-66,-402,-364
37466,23,835,16551,-27,-278,86,-73,-398,-364
37480,16,826,16559,-19,-286,86,-63,-406,-363
37494,28,821,16538,-23,-280,86,-70,-406,-366
37509,10,816,16533,-18,-282,85,-69,-407,-363
37523,8,817,16539,-16,-283,86,-65,-406,-362
37537,14,826,16538,-18,-280,82,-64,-402,-354
37551,17,832,16552,-19,-282,85,-69,-405,-367
37565,9,830,16548,-17,-278,84,-66,-404,-358
37579,32,841,16559,-20,-280,90,-69,-402,-361
37594,13,815,16554,-17,-277,89,-67,-396,-366
37608,18,824,16545,-13,-281,89,-70,-406,-359
37622,22,811,16544,-17,-276,86,-73,-403,-363
37636,9,816,16538,-19,-278,89,-64,-402,-368
37650,13,825,16562,-22,-276,86,-65,-403,-361
37665,7,831,16544,-19,-271,82,-69,-401,-369
37679,19,821,16549,-21,-275,88,-66,-406,-363
37693,16,824,16545,-16,-280,85,-67,-403,-358
37707,9,833,16540,-15,-275,81,-63,-400,-363
37721,25,809,16544,-21,-280,80,-64,-399,-365
37735,9,819,16557,-25,-274,84,-69,-404,-367
37749,7,823,16547,-19,-280,87,-68,-404,-360
37763,7,832,16534,-25,-279,89,-66,-400,-360
37777,25,824,16531,-18,-278,85,-65,-402,-361
37792,15,835,16545,-20,-282,87,-71,-404,-366
37806,6,838,16552,-20,-280,87,-67,-406,-364
37820,3,825,16541,-21,-278,81,-64,-403,-365
37834,20,815,16565,-10,-281,85,-69,-408,-359
37848,19,826,16546,-19,-280,85,-66,-401,-359
37862,6,821,16543,-15,-277,82,-67,-403,-360
37876,15,824,16548,-13,-278,83,-65,-410,-371
37891,9,833,16520,-18,-282,84,-70,-396,-364
37905,9,823,16551,-22,-279,83,-68,-402,-364
37919,13,823,16546,-20,-280,82,-72,-405,-367
37933,24,828,16529,-15,-281,79,-69,-404,-365
37947,20,818,16546,-22,-280,84,-73,-405,-369
37961,18,828,16549,-22,-280,84,-71,-400,-359
37975,18,821,16548,-23,-281,88,-67,-400,-363
37989,18,828,16545,-16,-279,89,-67,-401,-360
38003,24,820,16525,-20,-279,82,-65,-404,-361
38017,22,816,16537,-17,-283,86,-74,-402,-358
38032,25,823,16550,-19,-277,87,-68,-398,-364
38046,28,815,16542,-17,-279,82,-66,-405,-363
38060,30,822,16542,-20,-278,88,-69,-401,-360
38074,18,823,16529,-23,-276,84,-63,-404,-359
38089,11,823,16547,-16,-281,87,-70,-405,-362
38103,8,833,16541,-15,-273,86,-67,-398,-362
38117,14,833,16539,-18,-276,87,-69,-396,-365
38131,5,827,16537,-12,-281,78,-73,-404,-364
38145,35,813,16549,-16,-284,88,-72,-398,-365
38159,19,830,16540,-19,-285,87,-68,-405,-362
38174,15,826,16545,-20,-279,86,-63,-406,-370
38188,23,836,16549,-21,-279,88,-63,-399,-362
38202,3,821,16533,-24,-280,89,-68,-405,-367
38216,19,819,16534,-22,-282,83,-68,-400,-365
38230,13,823,16541,-20,-275,87,-59,-404,-364
38245,13,822,16556,-20,-277,85,-69,-401,-363
38259,20,819,16538,-20,-279,84,-68,-405,-368
38273,28,833,16559,-23,-276,76,-69,-403,-359
38287,11,840,16534,-17,-280,84,-70,-402,-363
38301,22,830,16557,-21,-278,86,-63,-405,-358
38315,16,829,16552,-19,-277,89,-66,-403,-362
38329,33,816,16537,-21,-280,89,-61,-404,-359
38343,17,814,16539,-20,-282,86,-64,-406,-365
38358,11,816,16540,-14,-280,85,-64,-404,-362
38372,11,836,16551,-21,-282,84,-72,-403,-364
38386,15,837,16550,-19,-280,78,-70,-406,-364
38400,15,838,16543,-16,-275,84,-63,-405,-361
38415,21,834,16556,-24,-281,86,-71,-407,-367
38429,16,830,16545,-18,-283,88,-74,-401,-365
38443,20,813,16537,-19,-277,86,-67,-401,-361
38457,23,829,16536,-20,-282,89,-71,-403,-365
38472,8,815,16550,-24,-281,91,-73,-408,-362
38486,21,828,16549,-24,-277,89,-72,-402,-362
38500,25,832,16544,-18,-282,81,-66,-404,-362
38514,18,834,16553,-17,-278,83,-69,-402,-363
38528,23,823,16554,-19,-275,80,-67,-404,-362
38542,21,834,16543,-23,-278,84,-67,-410,-362
38556,16,833,16559,-23,-277,91,-70,-404,-361
38570,25,816,16557,-19,-277,85,-66,-405,-362
38584,13,816,16544,-19,-276,85,-68,-401,-359
38599,19,824,16532,-15,-272,84,-74,-406,-360
38613,17,840,16546,-16,-279,85,-64,-404,-364
38627,10,838,16538,-21,-279,81,-69,-404,-366
38641,13,836,16538,-18,-279,81,-66,-401,-360
38656,16,827,16530,-12,-283,86,-67,-400,-361
38670,10,814,16540,-17,-278,85,-67,-403,-361
38684,14,826,16552,-19,-281,86,-69,-399,-360
38698,21,816,16564,-21,-275,86,-66,-402,-362
38713,18,830,16539,-22,-276,88,-69,-400,-365
38727,24,824,16548,-19,-278,80,-65,-402,-369
38741,8,827,16548,-23,-278,86,-70,-406,-366
38755,21,826,16549,-18,-278,82,-68,-405,-356
38769,2,821,16545,-19,-275,85,-67,-400,-364
38783,11,835,16555,-17,-277,83,-69,-402,-362
38798,19,821,16540,-18,-273,81,-64,-405,-358
38812,19,827,16532,-20,-277,83,-63,-399,-369
38826,25,828,16537,-19,-280,83,-72,-401,-358
38840,25,815,16546,-23,-277,82,-71,-408,-363
38855,14,823,16541,-23,-276,89,-68,-402,-363
38869,-1,827,16547,-18,-279,86,-69,-406,-362
38883,14,818,16545,-23,-275,87,-70,-402,-362
38897,26,818,16552,-16,-276,86,-68,-405,-364
38912,14,834,16538,-20,-279,84,-68,-403,-361
38926,8,818,16553,-18,-279,88,-68,-403,-366
38940,23,831,16541,-21,-281,88,-70,-402,-358
38954,19,818,16537,-19,-281,88,-67,-402,-360
38968,31,820,16525,-20,-276,92,-70,-404,-365
38983,27,827,16527,-20,-279,84,-68,-410,-363
38997,1,825,16555,-19,-282,89,-67,-405,-359
39011,3,818,16555,-25,-275,88,-67,-410,-364
39025,15,826,16537,-23,-278,91,-71,-401,-364
39039,18,821,16538,-12,-276,83,-67,-397,-364
39053,9,831,16549,-13,-278,86,-65,-405,-360
39067,11,819,16543,-18,-281,86,-71,-403,-361
39082,12,821,16557,-16,-279,88,-63,-403,-360
39096,17,825,16537,-19,-276,85,-66,-404,-367
39110,-8,827,16526,-16,-282,91,-74,-403,-359
39124,9,822,16550,-17,-285,85,-69,-400,-364
39138,23,837,16550,-18,-282,81,-71,-402,-362
39153,11,818,16541,-9,-279,85,-64,-408,-364
39167,11,818,16525,-14,-277,89,-69,-401,-367
39181,25,824,16545,-12,-280,88,-64,-401,-365
39195,19,821,16536,-17,-278,87,-71,-404,-360
39209,9,829,16529,-17,-280,86,-69,-402,-361
39223,2,829,16546,-18,-282,87,-66,-404,-361
39237,1,827,16541,-21,-278,86,-67,-405,-363
39251,8,840,16559,-23,-274,85,-69,-406,-365
39265,11,824,16533,-15,-283,88,-67,-406,-367
39279,13,820,16546,-19,-277,86,-69,-404,-361
39293,21,822,16544,-19,-279,87,-70,-403,-368
39307,2,832,16538,-19,-281,88,-62,-398,-362
39321,19,829,16534,-19,-282,87,-71,-397,-362
39335,28,825,16544,-18,-277,85,-70,-403,-359
39349,21,836,16547,-17,-276,88,-63,-400,-361
39363,19,822,16543,-22,-274,86,-68,-405,-365
39377,19,818,16534,-15,-281,83,-64,-404,-364
39391,15,824,16541,-19,-279,83,-69,-400,-363
39406,31,812,16538,-19,-279,84,-67,-409,-365
39420,32,823,16553,-20,-276,85,-64,-398,-361
39434,17,819,16545,-16,-283,84,-69,-404,-361
39448,22,822,16543,-18,-282,84,-72,-404,-368
39463,17,837,16540,-15,-276,81,-68,-399,-364
39477,11,824,16540,-13,-279,86,-66,-401,-361
39491,15,828,16532,-21,-278,87,-68,-408,-362
39505,16,830,16543,-22,-278,89,-63,-401,-362
39519,12,821,16543,-19,-279,83,-66,-399,-364
39533,17,832,16547,-24,-275,82,-69,-406,-364
39547,8,828,16536,-15,-279,84,-64,-402,-362
39561,21,825,16538,-23,-281,86,-64,-405,-366
39575,9,817,16536,-21,-284,79,-69,-402,-369
39589,23,829,16561,-24,-281,82,-66,-404,-364
39604,34,841,16543,-23,-279,89,-71,-405,-363
39618,24,837,16523,-18,-274,85,-59,-401,-365
39632,12,824,16555,-19,-278,87,-69,-402,-365
39646,13,825,16533,-18,-280,81,-67,-401,-367
39661,11,827,16557,-16,-275,85,-65,-408,-364
39675,14,817,16530,-18,-277,85,-69,-404,-361
39689,30,837,16544,-22,-277,87,-66,-406,-367
39703,21,815,16524,-19,-278,90,-70,-405,-362
39718,25,828,16527,-16,-280,89,-69,-402,-359
39732,20,821,16534,-20,-277,91,-72,-402,-365
39746,21,827,16526,-13,-278,84,-68,-403,-361
39760,20,840,16549,-20,-280,83,-70,-402,-361
39775,12,824,16553,-19,-282,88,-63,-401,-367
39789,17,825,16546,-17,-277,88,-72,-401,-367
39803,13,823,16554,-14,-279,87,-67,-398,-366
39817,19,825,16550,-19,-277,86,-66,-403,-367
39832,19,816,16548,-19,-280,88,-68,-406,-366
39846,29,821,16557,-19,-278,84,-69,-403,-364
39860,15,817,16550,-18,-282,86,-69,-402,-363
39874,19,821,16543,-20,-280,88,-67,-406,-360
39889,19,833,16546,-16,-283,83,-69,-406,-365
39903,21,836,16541,-17,-281,84,-70,-403,-364
39917,12,815,16558,-21,-279,83,-70,-404,-363
39931,14,814,16549,-19,-280,83,-63,-405,-363
39946,31,824,16544,-16,-281,88,-72,-404,-360
39960,16,811,16541,-20,-281,85,-65,-399,-366
39974,28,822,16550,-21,-280,83,-71,-405,-361
39988,27,825,16550,-21,-278,83,-64,-403,-361
40002,4,818,16552,-18,-281,84,-69,-408,-367
40016,11,828,16541,-14,-278,89,-65,-401,-365
40030,20,826,16564,-20,-277,86,-70,-407,-365
40044,10,814,16556,-21,-280,85,-71,-403,-362
40058,16,832,16549,-24,-279,88,-63,-404,-361
40073,9,826,16555,-25,-277,86,-69,-401,-364
40087,16,840,16544,-17,-281,88,-66,-407,-363
40101,18,830,16547,-18,-282,88,-69,-401,-365
40115,24,811,16550,-22,-277,84,-70,-399,-358
40129,31,814,16531,-18,-278,83,-66,-402,-361
40144,12,815,16552,-18,-274,85,-71,-401,-364
40158,20,831,16547,-18,-281,87,-65,-402,-361
40172,4,833,16543,-14,-285,86,-66,-407,-360
40186,14,827,16551,-14,-276,87,-66,-402,-363
40200,8,820,16548,-18,-280,84,-69,-403,-365
40214,14,826,16547,-19,-276,89,-69,-403,-360
40229,25,820,16538,-15,-277,86,-70,-402,-364
40243,25,839,16535,-16,-279,86,-64,-403,-365
40257,25,819,16552,-20,-278,87,-69,-402,-368
40271,17,813,16556,-18,-279,87,-63,-400,-367
40286,7,820,16556,-22,-277,86,-68,-401,-361
40300,23,824,16547,-18,-276,83,-69,-403,-363
40314,-3,815,16546,-22,-278,82,-64,-404,-369
40328,13,823,16552,-19,-281,89,-69,-407,-365
40342,13,821,16547,-20,-280,90,-72,-400,-365
40357,9,837,16559,-20,-279,85,-63,-406,-362
40371,8,835,16547,-21,-283,84,-65,-402,-364
40385,26,827,16547,-17,-280,86,-69,-406,-366
40399,23,826,16548,-20,-276,83,-63,-402,-367
40413,19,814,16548,-17,-274,90,-65,-398,-360
40427,27,815,16541,-15,-283,88,-67,-405,-366
40442,18,819,16545,-13,-281,88,-65,-406,-365
40456,13,825,16553,-17,-278,90,-64,-397,-362
40470,20,832,16558,-15,-277,86,-67,-400,-360
40484,19,836,16539,-19,-274,84,-67,-405,-362
40499,30,822,16532,-18,-274,81,-71,-405,-365
40513,12,822,16538,-23,-275,86,-71,-405,-361
40527,23,816,16540,-18,-280,86,-68,-402,-360
40541,28,821,16539,-23,-277,92,-69,-406,-361
40556,28,821,16529,-19,-276,85,-72,-404,-360
40570,33,827,16555,-22,-276,87,-65,-401,-360
40584,13,828,16544,-24,-276,83,-69,-407,-369
40598,22,832,16539,-17,-280,85,-71,-402,-364
40613,28,834,16534,-19,-277,83,-64,-402,-366
40627,29,822,16544,-16,-278,85,-68,-403,-363
40641,15,837,16545,-19,-274,87,-65,-404,-360
40655,17,824,16531,-15,-279,83,-70,-401,-365
40670,7,818,16552,-21,-276,84,-67,-400,-367
40684,32,824,16542,-20,-276,84,-68,-402,-365
40698,26,827,16548,-16,-279,82,-70,-406,-359
40712,28,823,16544,-21,-280,81,-65,-403,-364
40726,16,837,16550,-19,-281,83,-67,-402,-361
40741,6,824,16540,-18,-281,82,-59,-406,-356
40755,6,820,16545,-14,-279,89,-68,-406,-362
40769,14,821,16548,-19,-280,82,-75,-403,-365
40783,7,836,16529,-15,-276,82,-71,-402,-359
40797,21,839,16558,-17,-276,86,-67,-403,-359
40811,12,832,16544,-16,-279,86,-75,-404,-364
40825,28,811,16534,-19,-281,83,-63,-406,-363
40840,23,817,16544,-18,-283,85,-70,-405,-362
40854,19,824,16533,-21,-275,83,-69,-400,-367
40868,11,813,16539,-18,-277,79,-70,-405,-364
40882,18,822,16567,-19,-276,83,-65,-405,-361
40896,26,826,16549,-19,-280,84,-67,-402,-367
40910,22,833,16542,-20,-280,84,-72,-407,-362
40924,9,829,16539,-19,-277,83,-67,-402,-363
40938,22,823,16548,-15,-278,81,-68,-408,-365
40952,36,832,16551,-21,-277,87,-65,-399,-357
40966,10,816,16544,-17,-277,86,-68,-406,-364
40980,20,817,16542,-15,-281,90,-66,-403,-365
40994,15,827,16544,-23,-280,90,-69,-411,-361
41008,17,829,16544,-21,-282,85,-66,-402,-367
41023,20,821,16554,-22,-277,88,-66,-400,-366
41037,15,838,16563,-20,-274,89,-66,-402,-360
41051,8,829,16559,-20,-280,84,-67,-405,-363
41065,20,825,16547,-20,-286,86,-67,-404,-363
41079,19,822,16542,-16,-282,82,-68,-405,-358
41094,26,812,16554,-15,-280,84,-67,-399,-360
41108,17,822,16529,-20,-277,85,-67,-406,-364
41122,16,835,16534,-20,-272,87,-66,-402,-362
41136,29,829,16542,-22,-276,85,-70,-406,-363
41151,5,823,16546,-24,-279,91,-68,-404,-360
41165,17,835,16542,-22,-272,87,-64,-401,-363
41179,0,816,16547,-20,-279,85,-73,-401,-365
41193,19,817,16532,-20,-277,77,-67,-408,-363
41207,14,820,16541,-17,-281,87,-72,-402,-363
41221,13,830,16549,-16,-278,83,-70,-402,-361
41236,33,816,16551,-16,-277,80,-62,-403,-364
41250,17,820,16553,-16,-275,83,-65,-402,-364
41264,18,824,16532,-14,-278,83,-68,-405,-366
41278,15,821,16541,-8,-279,81,-71,-404,-361
41292,12,833,16540,-13,-279,88,-66,-407,-364
41307,7,825,16556,-23,-275,85,-66,-405,-368
41321,20,829,16544,-20,-278,84,-64,-406,-363
41335,13,823,16527,-21,-276,81,-66,-407,-360
41349,17,830,16543,-20,-278,89,-67,-404,-363
41363,18,808,16537,-18,-275,89,-67,-404,-365
41377,24,817,16539,-15,-280,89,-67,-399,-360
41391,21,832,16541,-21,-282,86,-69,-402,-358
41405,20,817,16547,-18,-277,86,-71,-406,-362
41419,22,826,16549,-13,-282,86,-65,-404,-362
41434,19,825,16541,-19,-277,84,-64,-404,-364
41448,14,827,16537,-15,-277,85,-70,-400,-365
41462,-3,824,16557,-20,-280,84,-73,-403,-362
41476,10,832,16534,-22,-281,84,-65,-399,-365
41491,17,812,16544,-21,-281,86,-70,-406,-366
41505,-1,812,16539,-19,-280,84,-68,-405,-366
41519,26,822,16551,-20,-285,86,-67,-404,-361
41533,26,815,16552,-18,-279,84,-64,-404,-364
41548,28,821,16537,-18,-275,85,-67,-404,-366
41562,23,836,16544,-20,-281,85,-63,-401,-364
41576,23,828,16544,-18,-282,85,-69,-403,-363
41590,27,828,16546,-15,-284,86,-66,-402,-357
41605,15,825,16549,-21,-278,83,-69,-400,-367
41619,5,823,16534,-17,-272,87,-68,-404,-367
41633,16,822,16539,-20,-277,88,-70,-402,-364
41647,8,828,16549,-18,-277,86,-68,-398,-365
41661,21,835,16543,-19,-280,81,-69,-406,-364
41675,33,830,16545,-18,-283,80,-68,-406,-363
41690,42,821,16545,-24,-277,87,-66,-404,-363
41704,21,825,16524,-13,-277,82,-66,-403,-361
41718,17,817,16541,-19,-277,90,-67,-405,-361
41732,12,815,16546,-20,-274,88,-66,-403,-359
41747,15,823,16541,-19,-277,81,-65,-399,-363
41761,13,832,16539,-19,-277,84,-65,-402,-363
41775,22,842,16549,-19,-279,89,-64,-401,-356
41789,26,837,16550,-25,-277,86,-69,-403,-358
41804,26,820,16542,-17,-279,85,-68,-408,-363
41818,26,811,16531,-22,-279,84,-68,-401,-366
41832,20,811,16540,-13,-273,85,-69,-403,-365
41846,15,810,16544,-19,-272,85,-69,-406,-362
41860,23,832,16533,-19,-279,82,-68,-406,-361
41874,24,829,16543,-15,-274,85,-70,-401,-364
41888,21,838,16536,-21,-282,86,-66,-408,-360
41902,18,825,16528,-20,-279,86,-67,-405,-366
41917,15,827,16542,-15,-281,81,-69,-404,-360
41931,19,827,16552,-18,-278,85,-65,-404,-364
41945,16,814,16529,-19,-278,90,-67,-406,-356
41959,18,819,16544,-14,-283,82,-64,-407,-366
41974,33,815,16548,-17,-276,86,-65,-405,-364
41988,13,827,16540,-15,-278,86,-69,-401,-361
42002,30,827,16543,-20,-277,85,-71,-404,-367
42016,17,828,16530,-20,-279,87,-67,-407,-361
42031,3,826,16519,-16,-280,87,-68,-404,-363
42045,14,823,16541,-18,-278,86,-67,-405,-363
42059,6,826,16553,-15,-279,85,-69,-402,-364
42073,5,833,16531,-16,-282,80,-67,-406,-361
42087,21,834,16547,-20,-277,87,-69,-405,-363
42101,20,808,16534,-18,-279,85,-65,-404,-365
42115,24,817,16543,-19,-279,82,-65,-398,-358
42130,20,828,16545,-21,-280,85,-65,-403,-363
42144,5,816,16549,-18,-279,91,-70,-403,-366
42158,16,823,16537,-18,-279,85,-72,-404,-362
42172,14,830,16549,-18,-280,80,-71,-401,-364
42186,23,832,16538,-15,-275,80,-64,-408,-363
42201,8,830,16544,-19,-280,85,-65,-401,-364
42215,26,827,16540,-17,-280,88,-64,-401,-362
42229,31,825,16536,-17,-277,85,-66,-407,-359
42243,22,835,16552,-18,-277,87,-69,-404,-358
42257,17,830,16550,-22,-280,87,-69,-403,-358
42271,21,829,16557,-20,-278,80,-68,-407,-368
42285,13,825,16524,-17,-280,82,-69,-398,-361
42299,-2,823,16541,-20,-277,85,-66,-404,-363
42313,16,832,16545,-23,-280,88,-64,-409,-370
42328,18,828,16532,-24,-277,85,-61,-405,-361
42342,22,822,16540,-21,-279,91,-68,-400,-366
42356,17,819,16543,-18,-274,95,-62,-406,-360
42370,17,810,16542,-19,-276,85,-71,-397,-365
42385,21,828,16523,-18,-277,86,-69,-400,-364
42399,17,826,16549,-22,-275,88,-73,-408,-363
42413,14,821,16541,-19,-275,86,-69,-401,-359
42427,23,835,16537,-16,-280,88,-68,-405,-363
42442,15,832,16533,-20,-274,92,-67,-402,-360
42456,16,824,16538,-17,-283,86,-70,-407,-363
42470,10,820,16536,-17,-277,86,-75,-403,-363
42484,23,824,16537,-21,-277,88,-70,-403,-365
42499,0,817,16529,-24,-276,85,-64,-403,-361
42513,16,818,16535,-21,-283,87,-68,-406,-368
42527,24,821,16532,-17,-282,88,-67,-402,-364
42541,20,829,16541,-18,-281,88,-72,-402,-360
42555,25,833,16553,-22,-279,87,-69,-407,-365
42570,6,824,16545,-18,-281,85,-70,-398,-363
42584,13,819,16539,-23,-280,87,-66,-406,-363
42598,8,830,16537,-14,-282,86,-68,-403,-361
42612,15,827,16538,-20,-283,87,-68,-404,-360
42626,18,831,16546,-18,-277,83,-64,-410,-366
42640,28,833,16546,-19,-272,84,-69,-400,-360
42655,15,826,16548,-18,-278,90,-64,-408,-359
42669,19,813,16551,-17,-281,87,-65,-400,-361
42683,18,812,16527,-19,-279,88,-65,-402,-363
42697,21,824,16530,-15,-282,84,-71,-403,-366
42712,27,833,16550,-19,-278,87,-70,-405,-361
42726,23,836,16538,-19,-279,85,-70,-406,-363
42740,30,836,16534,-21,-277,84,-65,-399,-359
42754,26,829,16542,-19,-274,83,-71,-405,-364
42769,27,834,16537,-19,-278,86,-66,-400,-364
42783,9,819,16539,-24,-279,89,-65,-404,-362
42797,14,819,16522,-24,-277,83,-67,-402,-358
42811,16,821,16541,-16,-278,84,-65,-404,-364
42825,13,830,16552,-22,-280,88,-65,-400,-362
42839,16,830,16539,-22,-282,88,-68,-407,-362
42853,25,839,16548,-18,-276,87,-64,-404,-366
42867,25,827,16529,-15,-278,88,-65,-406,-358
42881,23,826,16538,-22,-275,85,-64,-403,-361
42896,5,812,16530,-22,-280,88,-66,-405,-364
42910,6,834,16529,-20,-278,91,-72,-402,-365
42924,15,830,16526,-25,-278,83,-64,-403,-363
42938,11,833,16548,-17,-278,85,-64,-400,-365
42952,14,825,16547,-20,-276,88,-64,-405,-363
42966,21,820,16542,-19,-279,87,-70,-403,-360
42981,21,827,16533,-20,-280,84,-68,-405,-361
42995,20,823,16540,-15,-283,87,-68,-404,-366
43009,20,826,16543,-21,-283,84,-67,-403,-359
43023,28,822,16533,-22,-278,86,-64,-401,-365
43038,21,827,16551,-13,-280,88,-69,-404,-364
43052,0,830,16533,-21,-276,89,-70,-407,-364
43066,23,828,16537,-19,-281,87,-66,-401,-358
43080,2,819,16539,-16,-281,84,-64,-405,-359
43094,8,829,16539,-18,-280,84,-65,-402,-361
43108,8,806,16545,-18,-283,86,-73,-400,-362
43122,15,824,16552,-19,-279,85,-70,-400,-362
43136,26,830,16532,-21,-276,85,-65,-407,-365
43150,30,819,16526,-21,-278,84,-72,-404,-367
43164,20,829,16529,-25,-278,90,-67,-403,-363
43178,20,819,16535,-23,-278,83,-65,-401,-362
43192,20,819,16532,-17,-279,80,-66,-406,-361
43207,0,824,16543,-19,-278,87,-71,-404,-365
43221,21,821,16536,-14,-279,84,-68,-401,-365
43235,22,831,16534,-17,-274,86,-68,-403,-365
43249,12,823,16545,-14,-281,82,-62,-403,-362
43263,10,821,16546,-13,-283,88,-65,-400,-364
43278,26,819,16525,-22,-283,83,-73,-405,-364
43292,25,828,16535,-18,-276,85,-70,-401,-363
43306,25,822,16540,-18,-279,83,-65,-403,-358
43320,13,832,16529,-19,-283,88,-70,-399,-364
43335,17,819,16529,-18,-276,84,-72,-403,-361
43349,18,817,16530,-20,-282,88,-71,-406,-364
43363,11,812,16534,-18,-281,90,-68,-403,-361
43377,35,835,16548,-22,-278,89,-69,-398,-367
43392,19,832,16526,-18,-276,92,-66,-407,-362
43406,22,836,16539,-27,-277,84,-64,-406,-362
43420,10,830,16538,-17,-280,83,-67,-401,-360
43434,-4,814,16549,-17,-281,87,-68,-401,-364
43448,23,822,16529,-19,-275,88,-70,-403,-358
43462,19,810,16542,-17,-277,90,-75,-406,-359
43476,15,818,16536,-20,-277,86,-64,-400,-365
43490,16,831,16515,-13,-280,87,-68,-406,-364
43505,21,817,16540,-14,-275,87,-65,-399,-359
43519,23,821,16556,-23,-282,88,-71,-404,-362
43533,6,822,16540,-21,-276,86,-67,-404,-365
43547,1,823,16543,-17,-278,86,-66,-402,-364
43561,0,814,16540,-17,-283,86,-69,-405,-367
43575,16,821,16535,-13,-280,89,-64,-405,-367
43589,20,816,16546,-18,-278,83,-66,-405,-366
43604,7,824,16553,-22,-283,91,-67,-407,-360
43618,22,834,16530,-14,-280,87,-64,-404,-365
43632,30,835,16537,-23,-280,85,-69,-398,-356
43646,13,826,16535,-21,-278,87,-69,-408,-365
43660,30,824,16528,-24,-280,85,-71,-405,-361
43675,9,826,16542,-18,-282,88,-70,-407,-361
43689,19,817,16535,-22,-282,82,-71,-404,-361
43703,9,832,16525,-15,-277,85,-62,-400,-364
43717,23,833,16538,-22,-279,87,-61,-403,-369
43731,11,829,16541,-24,-277,92,-68,-401,-365
43745,5,831,16547,-20,-274,84,-68,-406,-361
43759,30,823,16558,-25,-280,87,-63,-404,-361
43774,20,813,16521,-26,-278,81,-67,-409,-364
43788,18,823,16547,-24,-277,84,-69,-400,-367
43802,34,826,16537,-12,-278,84,-67,-406,-368
43816,8,825,16554,-22,-274,88,-67,-397,-361
43830,8,832,16539,-17,-279,81,-66,-408,-364
43844,4,830,16543,-23,-282,84,-68,-403,-365
43858,9,823,16539,-19,-280,86,-73,-407,-363
43872,18,817,16543,-25,-277,86,-69,-408,-364
43886,23,822,16535,-19,-283,84,-69,-401,-363
43900,28,818,16546,-14,-278,86,-68,-404,-363
43914,30,819,16518,-14,-280,90,-68,-407,-360
43928,18,842,16540,-22,-275,89,-67,-406,-364
43943,4,819,16544,-19,-279,88,-66,-404,-368
43957,3,828,16541,-19,-281,88,-63,-402,-361
43971,12,815,16540,-18,-283,82,-69,-408,-361
43985,-3,831,16542,-17,-280,83,-63,-404,-361
43999,7,832,16541,-18,-283,85,-65,-404,-361
44013,32,832,16548,-24,-276,83,-64,-406,-363
44027,24,828,16525,-19,-279,88,-67,-402,-359
44041,27,827,16563,-12,-282,88,-65,-402,-361
44055,20,830,16548,-18,-279,92,-70,-399,-367
44069,13,819,16526,-19,-277,87,-62,-404,-360
44083,21,810,16547,-14,-280,87,-72,-404,-360
44098,-8,828,16541,-20,-283,85,-69,-407,-354
44112,28,830,16533,-18,-280,84,-74,-403,-364
44126,-3,833,16532,-20,-282,89,-67,-406,-361
44140,19,839,16546,-19,-281,89,-71,-403,-360
44155,20,830,16530,-15,-283,88,-71,-405,-367
44169,28,812,16545,-18,-281,91,-63,-402,-361
44183,26,816,16535,-24,-280,86,-67,-405,-359
44197,29,813,16538,-20,-279,82,-67,-403,-361
44211,12,825,16538,-16,-276,88,-69,-404,-364
44225,15,828,16544,-18,-278,91,-62,-402,-362
44239,9,824,16522,-17,-280,88,-70,-404,-363
44253,14,825,16557,-19,-269,86,-69,-404,-363
44267,12,808,16540,-19,-279,83,-66,-398,-368
44281,23,820,16543,-20,-283,89,-70,-403,-360
44295,19,812,16536,-15,-278,85,-68,-400,-365
44309,26,822,16541,-17,-277,87,-65,-398,-365
44323,25,834,16544,-19,-282,84,-64,-402,-372
44338,20,817,16556,-17,-277,86,-68,-402,-365
44352,22,825,16546,-23,-279,85,-69,-403,-361
44366,11,831,16548,-21,-280,85,-70,-400,-362
44380,4,823,16545,-22,-280,87,-66,-404,-359
44394,22,813,16567,-18,-279,84,-70,-404,-366
44409,26,819,16550,-21,-283,83,-67,-405,-363
44423,11,831,16551,-18,-280,84,-65,-406,-357
44437,23,837,16540,-17,-280,84,-70,-409,-360
44451,27,818,16545,-21,-280,87,-71,-401,-367
44466,11,831,16546,-19,-279,88,-67,-405,-359
44480,9,821,16526,-17,-279,84,-67,-404,-366
44494,20,825,16533,-19,-281,82,-65,-400,-363
44508,10,821,16539,-13,-280,87,-65,-402,-357
44522,2,828,16535,-20,-280,85,-67,-405,-363
44536,23,839,16551,-16,-281,84,-73,-406,-362
44551,21,816,16531,-20,-275,86,-67,-406,-361
44565,20,836,16536,-22,-276,90,-66,-408,-362
44579,20,814,16533,-22,-279,88,-70,-402,-364
44593,47,825,16534,-25,-278,89,-69,-403,-364
44607,28,818,16539,-21,-279,89,-72,-404,-365
44621,-1,828,16544,-19,-278,86,-68,-407,-361
44635,6,839,16553,-17,-278,85,-65,-402,-362
44649,-1,844,16554,-15,-282,86,-73,-403,-364
44663,3,820,16544,-21,-280,85,-70,-404,-367
44677,16,834,16552,-15,-275,90,-68,-400,-363
44691,10,817,16546,-19,-278,90,-63,-402,-368
44705,23,810,16529,-17,-278,90,-64,-407,-360
44719,21,815,16543,-23,-275,81,-73,-404,-360
44733,20,815,16523,-21,-278,89,-70,-398,-358
44748,27,840,16549,-23,-280,88,-69,-401,-365
44762,20,829,16550,-18,-285,89,-67,-405,-363
44776,16,830,16537,-24,-279,90,-67,-402,-365
44790,3,810,16528,-19,-273,88,-70,-405,-363
44804,10,816,16537,-24,-279,87,-70,-408,-363
44819,5,819,16542,-18,-278,88,-68,-402,-365
44833,25,818,16544,-22,-280,87,-60,-399,-360
44847,22,840,16531,-17,-279,90,-70,-400,-365
44861,28,819,16558,-17,-280,84,-67,-404,-361
44875,30,821,16542,-12,-277,88,-66,-401,-365
44890,15,819,16533,-24,-282,89,-68,-400,-362
44904,13,822,16531,-19,-279,87,-69,-401,-363
44918,16,826,16542,-21,-278,84,-71,-402,-365
44932,4,830,16560,-21,-282,84,-62,-407,-358
44946,25,845,16540,-21,-280,85,-64,-401,-365
44961,8,853,16531,-18,-279,85,-68,-401,-362
44975,32,823,16545,-17,-277,83,-68,-398,-365
44989,20,828,16532,-16,-278,85,-69,-407,-361
45003,20,818,16535,-21,-276,87,-62,-402,-363
45017,25,813,16552,-18,-279,91,-68,-404,-359
45032,19,821,16539,-21,-279,85,-67,-411,-363
45046,34,817,16534,-18,-278,81,-70,-400,-364
45060,14,831,16548,-17,-286,85,-70,-403,-360
45074,8,831,16527,-20,-280,84,-70,-399,-363
45088,14,836,16546,-23,-279,87,-67,-403,-361
45102,8,813,16547,-20,-278,88,-72,-398,-362
45116,24,816,16537,-19,-278,83,-71,-402,-363
45130,19,834,16551,-22,-281,88,-70,-405,-364
45144,25,830,16553,-21,-276,89,-71,-400,-368
45158,16,829,16552,-15,-274,88,-66,-404,-360
45172,15,829,16527,-15,-277,88,-65,-400,-369
45186,14,839,16561,-19,-277,84,-68,-405,-363
45200,6,820,16541,-15,-280,81,-71,-401,-361
45214,2,822,16534,-19,-277,87,-71,-403,-357
45228,21,808,16558,-13,-279,81,-64,-407,-361
45242,10,816,16536,-16,-278,82,-65,-408,-361
45256,32,823,16549,-17,-283,82,-69,-398,-361
45270,43,836,16556,-22,-278,85,-68,-402,-361
45284,33,839,16543,-20,-280,92,-67,-402,-357
45298,9,830,16532,-17,-279,84,-69,-398,-366
45312,16,812,16536,-15,-279,82,-67,-404,-363
45327,13,812,16550,-20,-280,82,-71,-404,-364
45341,20,822,16543,-16,-284,87,-72,-403,-362
45355,27,826,16533,-15,-277,90,-72,-403,-367
45369,31,830,16535,-14,-278,87,-67,-409,-362
45384,34,842,16540,-16,-284,86,-66,-405,-360
45398,14,826,16549,-18,-278,83,-70,-406,-359
45412,32,810,16540,-19,-279,85,-60,-397,-362
45426,22,833,16538,-17,-278,86,-65,-405,-361
45441,5,809,16563,-14,-275,86,-65,-406,-359
45455,22,832,16528,-20,-278,83,-63,-402,-362
45469,10,839,16551,-20,-278,84,-69,-405,-365
45483,25,821,16529,-21,-279,87,-73,-402,-363
45497,21,826,16531,-21,-278,89,-64,-407,-360
45512,28,818,16535,-21,-278,85,-68,-400,-365
45526,0,810,16544,-16,-278,84,-69,-403,-363
45540,13,813,16551,-19,-279,91,-70,-404,-361
45554,36,809,16552,-19,-282,91,-74,-408,-361
45568,27,830,16548,-17,-275,88,-68,-404,-365
45582,17,834,16540,-21,-281,84,-66,-403,-362
45596,13,838,16556,-19,-275,86,-67,-401,-365
45610,14,837,16548,-16,-282,86,-70,-402,-359
45624,15,818,16542,-20,-276,89,-68,-408,-362
45639,19,822,16541,-16,-277,81,-63,-401,-361
45653,15,821,16538,-16,-276,88,-67,-405,-357
45667,1,813,16544,-21,-279,81,-68,-407,-365
45681,25,826,16542,-11,-282,85,-63,-405,-364
45695,22,839,16552,-16,-282,86,-67,-402,-361
45710,24,829,16530,-17,-281,84,-71,-403,-365
45724,32,820,16559,-12,-277,81,-70,-396,-365
45738,12,814,16556,-21,-279,88,-71,-402,-364
45752,9,824,16535,-16,-282,85,-73,-404,-363
45766,8,816,16549,-16,-276,81,-71,-408,-362
45780,13,820,16532,-16,-279,85,-71,-404,-361
45795,14,838,16546,-16,-279,86,-69,-406,-361
45809,25,821,16542,-19,-281,84,-63,-400,-363
45823,17,821,16534,-17,-282,89,-70,-405,-364
45837,-4,818,16548,-17,-279,94,-75,-403,-361
45851,18,802,16559,-15,-275,84,-67,-405,-359
45865,-3,817,16542,-9,-281,88,-66,-399,-361
45879,-6,835,16542,-18,-280,83,-66,-401,-364
45893,24,832,16535,-13,-278,81,-65,-404,-365
45907,32,833,16531,-18,-278,85,-72,-404,-364
45922,28,828,16543,-15,-278,85,-64,-408,-361
45936,13,822,16545,-18,-279,85,-68,-399,-364
45950,8,826,16542,-19,-279,85,-71,-403,-362
45964,17,820,16533,-16,-280,83,-69,-400,-360
45978,16,824,16531,-14,-281,88,-67,-404,-364
45993,29,835,16529,-15,-280,84,-67,-404,-358
46007,8,827,16547,-17,-276,83,-68,-403,-362
46021,28,828,16547,-20,-276,85,-67,-404,-359
46035,6,822,16542,-21,-280,83,-66,-403,-362
46049,19,818,16538,-15,-277,85,-67,-403,-358
46063,7,822,16547,-16,-281,83,-69,-407,-361
46077,32,836,16540,-19,-277,84,-69,-402,-362
46092,20,820,16544,-18,-278,82,-68,-403,-367
46106,18,827,16520,-20,-274,87,-64,-398,-362
46120,5,832,16538,-19,-275,86,-63,-405,-357
46134,17,830,16546,-24,-278,83,-60,-401,-361
46148,30,821,16520,-19,-279,84,-64,-403,-367
46163,13,820,16552,-18,-272,88,-68,-405,-363
46177,0,812,16538,-22,-279,86,-65,-404,-361
46191,4,821,16534,-22,-279,84,-69,-404,-359
46205,22,829,16544,-14,-282,88,-70,-402,-365
46219,30,828,16530,-22,-276,88,-66,-402,-357
46233,13,810,16538,-18,-278,87,-73,-402,-366
46248,5,829,16554,-18,-278,86,-70,-402,-365
46262,11,826,16526,-15,-275,93,-66,-404,-363
46276,19,823,16551,-23,-276,88,-69,-407,-367
46290,14,814,16547,-28,-278,85,-66,-401,-365
46304,15,835,16545,-18,-273,87,-69,-402,-363
46319,4,826,16547,-17,-279,88,-62,-400,-364
46333,17,816,16550,-17,-275,87,-70,-404,-361
46347,32,826,16540,-21,-278,85,-64,-399,-368
46361,22,820,16538,-25,-280,83,-64,-402,-365
46375,14,815,16542,-23,-278,82,-66,-400,-359
46389,14,827,16541,-17,-284,86,-66,-398,-369
46403,19,823,16542,-11,-282,83,-72,-407,-367
46417,21,823,16530,-20,-279,89,-66,-410,-365
46431,23,817,16517,-17,-280,87,-68,-400,-363
46446,24,815,16531,-24,-278,87,-67,-404,-361
46460,20,820,16531,-21,-279,92,-66,-407,-362
46474,-5,811,16542,-24,-270,91,-71,-403,-364
46488,7,816,16538,-17,-277,84,-67,-405,-366
46502,16,823,16525,-21,-279,88,-71,-401,-359
46517,22,825,16536,-17,-278,86,-63,-403,-366
46531,19,809,16538,-17,-278,88,-65,-404,-363
46545,13,823,16543,-15,-277,90,-71,-399,-366
46559,8,808,16541,-21,-279,86,-65,-402,-363
46573,23,824,16527,-15,-276,83,-66,-400,-362
46588,20,834,16546,-9,-282,86,-69,-406,-362
46602,19,831,16534,-13,-282,88,-72,-401,-366
46616,16,821,16541,-20,-279,85,-72,-409,-361
46630,19,825,16539,-18,-279,86,-70,-405,-367
46644,15,813,16545,-24,-280,83,-63,-401,-367
46659,12,824,16531,-23,-277,88,-71,-398,-363
46673,11,819,16528,-21,-276,90,-65,-404,-364
46687,1,829,16535,-17,-276,84,-66,-407,-361
46701,11,824,16545,-20,-275,88,-72,-398,-367
46715,22,835,16530,-24,-279,82,-72,-407,-366
46730,-1,824,16536,-19,-279,80,-66,-406,-361
46744,16,825,16557,-14,-277,89,-71,-404,-364
46758,30,809,16540,-22,-280,85,-78,-399,-366
46772,19,826,16528,-18,-280,90,-66,-403,-364
46787,29,814,16541,-18,-277,91,-67,-409,-363
46801,20,835,16537,-20,-276,86,-66,-399,-363
46815,20,834,16520,-19,-276,87,-65,-401,-358
46829,15,836,16539,-24,-280,89,-64,-401,-367
46844,20,825,16563,-22,-285,86,-67,-400,-356
46858,24,820,16531,-17,-277,83,-69,-402,-364
46872,17,818,16543,-22,-277,83,-65,-404,-361
46886,29,824,16532,-22,-278,85,-68,-404,-362
46901,10,834,16543,-18,-282,83,-69,-407,-359
46915,28,819,16531,-18,-279,83,-69,-402,-359
46929,39,821,16521,-18,-278,80,-67,-410,-363
46943,29,817,16542,-18,-282,84,-67,-404,-372
46957,18,808,16546,-21,-278,89,-65,-403,-367
46971,20,809,16538,-18,-281,84,-62,-404,-369
46985,20,824,16542,-23,-276,86,-70,-401,-367
46999,13,828,16551,-23,-281,85,-67,-400,-363
47014,9,828,16526,-19,-277,86,-60,-405,-364
47028,12,840,16535,-12,-276,88,-65,-399,-361
47042,14,820,16541,-16,-278,90,-65,-406,-365
47056,18,807,16531,-16,-282,86,-69,-403,-364
47070,25,821,16540,-23,-279,82,-68,-403,-357
47085,40,827,16564,-21,-279,83,-73,-406,-363
47099,25,827,16530,-18,-283,89,-67,-400,-365
47113,12,843,16537,-20,-279,85,-65,-400,-361
47127,9,824,16525,-19,-279,83,-69,-404,-367
47141,26,817,16534,-17,-277,86,-68,-402,-372
47156,21,826,16525,-14,-278,85,-68,-402,-355
47170,15,819,16541,-18,-281,87,-64,-402,-364
47184,12,816,16533,-21,-280,88,-67,-404,-364
47198,8,837,16538,-18,-282,87,-64,-402,-362
47212,22,813,16535,-21,-280,89,-66,-405,-363
47227,27,831,16544,-20,-283,84,-62,-402,-367
47241,17,827,16535,-20,-280,85,-65,-411,-363
47255,14,826,16536,-23,-276,90,-72,-405,-365
47269,14,805,16531,-23,-275,87,-65,-406,-366
47283,29,832,16535,-23,-283,89,-66,-403,-359
47297,17,827,16526,-19,-279,83,-64,-401,-363
47311,20,836,16542,-18,-281,87,-70,-401,-364
47325,13,829,16535,-22,-280,87,-69,-407,-361
47340,31,815,16549,-15,-279,86,-68,-401,-358
47354,18,816,16549,-15,-276,89,-67,-403,-363
47368,16,810,16544,-21,-278,84,-68,-404,-365
47382,12,808,16547,-11,-282,84,-64,-404,-363
47397,17,822,16549,-17,-281,88,-68,-405,-359
47411,17,818,16551,-17,-280,86,-69,-409,-365
47425,24,841,16537,-19,-273,85,-63,-402,-366
47439,16,832,16538,-16,-276,87,-65,-403,-357
47454,30,811,16548,-22,-272,85,-65,-406,-363
47468,9,820,16523,-19,-272,82,-64,-404,-362
47482,12,820,16546,-19,-277,86,-63,-405,-361
47496,15,824,16543,-16,-280,83,-67,-403,-362
47510,18,812,16533,-16,-283,84,-67,-400,-361
47524,8,830,16526,-19,-279,86,-64,-405,-365
47538,26,823,16540,-23,-283,90,-63,-403,-361
47552,13,823,16555,-24,-275,86,-73,-408,-362
47566,3,822,16541,-21,-273,84,-63,-400,-365
47580,2,820,16532,-17,-280,84,-66,-406,-360
47594,6,830,16538,-17,-278,86,-70,-406,-361
47608,24,822,16541,-20,-282,85,-72,-410,-366
47622,18,820,16519,-23,-279,84,-67,-405,-367
47637,20,840,16536,-19,-280,85,-66,-399,-363
47651,19,828,16545,-16,-277,87,-66,-406,-360
47665,20,827,16537,-18,-278,89,-63,-406,-365
47679,12,812,16541,-23,-285,82,-63,-406,-362
47694,4,822,16537,-23,-276,85,-68,-399,-363
47708,6,827,16529,-20,-282,83,-74,-405,-359
47722,16,838,16543,-20,-279,86,-67,-403,-362
47736,16,836,16536,-21,-282,90,-70,-406,-363
47750,22,821,16550,-16,-280,86,-64,-397,-363
47764,23,822,16530,-22,-277,86,-64,-404,-368
47779,23,818,16534,-19,-281,88,-68,-407,-362
47793,16,814,16534,-22,-282,86,-67,-400,-368
47807,3,826,16528,-18,-280,85,-64,-401,-364
47821,18,830,16541,-19,-276,84,-69,-402,-361
47835,27,820,16535,-19,-278,86,-62,-403,-363
47849,10,824,16543,-23,-276,85,-70,-405,-364
47863,-5,808,16534,-21,-280,85,-66,-398,-363
47877,14,818,16532,-21,-282,82,-72,-403,-363
47891,15,820,16538,-15,-279,86,-60,-408,-361
47906,21,813,16544,-17,-280,87,-65,-404,-360
47920,15,828,16545,-18,-280,87,-66,-408,-369
47934,26,835,16536,-12,-275,85,-65,-408,-366
47948,20,831,16516,-18,-280,88,-66,-404,-364
47963,21,830,16536,-18,-280,87,-71,-404,-365
47977,-3,823,16539,-22,-277,86,-67,-406,-360
47991,11,824,16547,-21,-281,87,-73,-403,-361
48005,16,830,16537,-16,-278,85,-70,-403,-364
48020,22,829,16527,-15,-280,84,-66,-405,-359
48034,5,821,16532,-18,-275,79,-66,-405,-360
48048,14,819,16535,-14,-277,83,-70,-408,-363
48062,30,822,16538,-18,-275,86,-68,-399,-367
48076,13,820,16541,-12,-280,85,-72,-397,-361
48090,37,824,16534,-19,-275,87,-66,-403,-366
48104,28,828,16542,-15,-277,87,-60,-403,-363
48118,10,824,16537,-17,-279,85,-72,-406,-364
48132,12,818,16528,-20,-279,84,-66,-402,-359
48147,11,827,16547,-19,-285,87,-68,-404,-365
48161,17,823,16532,-19,-278,88,-68,-399,-363
48175,17,823,16537,-16,-279,87,-67,-409,-367
48189,25,818,16524,-19,-279,89,-69,-407,-364
48203,22,816,16551,-16,-280,88,-62,-404,-363
48217,26,810,16534,-18,-278,86,-66,-405,-364
48231,18,836,16536,-20,-278,90,-71,-402,-360
48245,17,821,16544,-17,-278,90,-70,-400,-365
48260,17,833,16546,-15,-281,82,-68,-402,-365
48274,23,824,16548,-15,-278,83,-66,-405,-361
48288,8,828,16523,-14,-273,83,-67,-403,-363
48302,20,819,16542,-21,-272,87,-65,-407,-364
48316,27,822,16544,-23,-280,85,-65,-399,-359
48330,22,825,16528,-18,-278,88,-75,-411,-367
48344,19,826,16538,-21,-278,87,-69,-406,-367
48358,4,827,16545,-13,-280,88,-65,-406,-360
48372,24,830,16551,-14,-278,82,-63,-406,-365
48386,19,825,16532,-20,-280,86,-63,-408,-365
48400,25,830,16537,-20,-275,86,-70,-404,-363
48414,12,839,16550,-17,-275,90,-68,-407,-367
48428,8,821,16540,-22,-282,84,-65,-407,-361
48442,-4,819,16539,-17,-278,88,-67,-406,-364
48456,-1,814,16526,-18,-274,87,-61,-402,-365
48470,15,818,16527,-20,-276,85,-68,-406,-369
48484,26,832,16527,-17,-280,82,-65,-404,-363
48498,33,828,16533,-16,-282,90,-69,-399,-364
48512,33,825,16533,-15,-275,87,-73,-407,-361
48526,38,824,16528,-10,-277,84,-63,-405,-368
48540,0,815,16526,-16,-281,92,-67,-403,-360
48554,25,818,16534,-12,-278,87,-60,-405,-363
48568,0,826,16544,-16,-277,83,-61,-408,-362
48582,14,822,16539,-15,-284,85,-72,-401,-365
48596,19,826,16548,-15,-278,85,-67,-407,-362
48610,14,822,16553,-18,-277,86,-68,-400,-360
48624,17,822,16534,-22,-278,89,-66,-403,-364
48638,12,822,16542,-20,-278,85,-64,-405,-366
48652,13,816,16544,-18,-275,86,-70,-401,-363
48667,17,816,16536,-19,-276,87,-66,-408,-363
48681,12,829,16529,-18,-276,91,-66,-407,-367
48695,10,825,16535,-19,-278,89,-66,-399,-362
48709,14,832,16557,-21,-281,84,-68,-400,-361
48723,20,822,16542,-19,-278,85,-65,-404,-362
48737,27,820,16522,-25,-280,85,-68,-403,-365
48751,-3,822,16547,-25,-282,89,-65,-402,-364
48765,10,814,16539,-19,-278,88,-65,-402,-365
48779,11,832,16545,-13,-282,84,-65,-407,-362
48793,22,832,16524,-19,-279,86,-71,-404,-363
48807,15,841,16529,-25,-277,84,-70,-401,-369
48821,15,820,16532,-14,-277,82,-69,-407,-359
48835,36,809,16514,-21,-275,88,-65,-400,-360
48849,16,821,16551,-19,-274,81,-66,-405,-357
48863,15,830,16548,-16,-279,87,-65,-404,-363
48877,17,826,16544,-16,-278,82,-66,-402,-361
48891,15,829,16528,-17,-279,80,-68,-402,-361
48905,21,819,16540,-13,-276,85,-69,-406,-363
48919,36,818,16535,-19,-277,83,-68,-404,-361
48933,24,824,16541,-14,-281,84,-65,-402,-363
48947,23,824,16551,-15,-280,87,-70,-409,-361
48961,7,820,16540,-18,-280,87,-66,-401,-360
48975,17,819,16520,-18,-283,91,-67,-402,-362
48989,22,826,16534,-21,-280,88,-66,-404,-359
49003,20,829,16526,-16,-278,84,-69,-402,-365
49017,18,835,16541,-17,-279,90,-71,-405,-361
49031,25,834,16548,-17,-281,87,-68,-407,-362
49045,23,822,16530,-16,-276,87,-65,-404,-361
49059,1,819,16538,-20,-277,81,-67,-406,-363
49073,5,833,16551,-19,-277,85,-66,-404,-361
49087,14,836,16560,-18,-276,83,-70,-406,-362
49101,25,821,16534,-16,-278,89,-69,-406,-367
49115,9,836,16550,-18,-282,83,-67,-406,-361
49129,12,830,16533,-22,-281,87,-72,-407,-361
49143,27,814,16536,-18,-281,88,-67,-406,-357
49157,12,819,16556,-13,-276,90,-69,-402,-366
49171,6,813,16550,-16,-276,89,-71,-404,-365
49185,10,828,16531,-17,-279,88,-71,-399,-363
49199,17,824,16543,-20,-276,84,-73,-402,-362
49213,19,828,16551,-20,-284,86,-68,-403,-358
49227,15,842,16531,-18,-281,85,-68,-403,-366
49241,17,826,16534,-19,-281,84,-71,-401,-358
49255,15,810,16532,-21,-277,88,-70,-409,-366
49269,38,822,16534,-22,-277,86,-69,-400,-364
49283,21,822,16543,-18,-278,79,-67,-408,-360
49297,11,822,16524,-16,-278,82,-71,-408,-361
49311,19,838,16541,-19,-277,88,-72,-403,-362
49325,21,833,16534,-15,-279,86,-67,-405,-363
49339,28,821,16519,-17,-281,84,-72,-406,-360
49353,20,826,16532,-21,-278,87,-69,-408,-366
49367,25,815,16540,-15,-278,86,-72,-405,-361
49381,23,831,16528,-16,-279,83,-72,-402,-366
49395,14,830,16538,-14,-283,85,-62,-404,-362
49409,18,822,16528,-21,-280,88,-69,-400,-365
49423,6,833,16533,-23,-283,84,-64,-412,-367
49437,16,822,16532,-17,-273,82,-65,-406,-367
49451,14,819,16526,-20,-280,86,-70,-408,-366
49465,42,816,16543,-22,-283,84,-70,-406,-361
49479,11,813,16532,-20,-277,80,-69,-408,-358
49493,16,818,16533,-18,-283,83,-75,-406,-364
49507,11,827,16536,-15,-277,85,-58,-403,-361
49521,9,835,16537,-18,-277,82,-68,-410,-362
49535,27,826,16528,-19,-279,79,-67,-406,-365
49549,29,825,16530,-22,-277,86,-66,-404,-362
49563,19,823,16548,-20,-284,80,-66,-409,-363
49577,18,817,16517,-24,-275,89,-68,-404,-361
49591,28,810,16533,-18,-274,89,-69,-405,-360
49605,8,817,16528,-15,-277,88,-67,-406,-368
49619,27,821,16539,-20,-276,84,-71,-405,-359
49633,9,815,16521,-15,-274,80,-69,-406,-363
49647,22,822,16526,-17,-281,83,-64,-405,-363
49661,21,826,16530,-14,-282,85,-65,-402,-358
49675,19,834,16526,-17,-282,87,-66,-402,-366
49689,15,827,16540,-16,-275,89,-67,-411,-368
49703,11,811,16519,-19,-277,84,-69,-404,-364
49717,27,828,16535,-21,-276,85,-65,-401,-361
49731,23,826,16535,-22,-280,87,-71,-410,-361
49745,29,826,16529,-20,-278,86,-69,-407,-364
49759,33,829,16533,-19,-276,83,-62,-399,-357
49773,35,821,16544,-23,-279,92,-65,-403,-361
49787,21,808,16530,-22,-276,89,-68,-404,-363
49801,13,828,16529,-18,-282,86,-68,-401,-364
49815,12,819,16537,-22,-279,83,-70,-404,-363
49829,12,824,16536,-20,-277,87,-64,-403,-359
49843,25,824,16532,-18,-279,82,-64,-400,-364
49857,6,826,16538,-17,-281,85,-66,-399,-359
49871,28,827,16538,-10,-278,85,-65,-405,-367
49885,36,823,16538,-15,-278,88,-65,-402,-358
49899,29,824,16528,-19,-280,85,-67,-408,-362
49913,6,815,16537,-19,-281,87,-67,-400,-365
49927,12,820,16527,-14,-279,88,-65,-407,-362
49941,14,833,16560,-18,-282,82,-64,-405,-369
49955,10,824,16538,-15,-281,87,-67,-401,-363
49969,22,826,16546,-17,-280,83,-71,-402,-360
49983,20,821,16534,-18,-279,81,-70,-408,-358
49997,20,817,16547,-20,-283,84,-69,-407,-365
50011,13,812,16546,-14,-287,88,-66,-406,-363
50025,29,822,16545,-19,-279,88,-67,-404,-362
50039,20,824,16538,-16,-280,84,-65,-402,-360
50053,4,825,16511,-21,-282,84,-71,-402,-361
50067,20,827,16535,-21,-278,89,-72,-409,-370
50081,19,823,16531,-23,-279,90,-66,-405,-361
50095,15,822,16529,-16,-283,86,-68,-414,-359
50109,-2,830,16517,-17,-282,83,-65,-406,-366
50123,24,829,16538,-18,-276,86,-67,-402,-368
50137,21,822,16526,-17,-275,89,-71,-408,-365
50151,6,824,16542,-17,-276,79,-71,-403,-364
50165,35,827,16552,-17,-279,87,-63,-406,-365
50179,25,822,16522,-16,-281,83,-66,-406,-368
50193,21,844,16545,-20,-279,75,-69,-412,-368
50207,9,832,16543,-16,-284,87,-67,-413,-365
50221,28,825,16544,-19,-272,87,-69,-404,-363
50235,7,833,16543,-18,-275,85,-65,-400,-364
50249,17,825,16535,-21,-279,89,-65,-409,-367
50263,9,816,16544,-15,-280,86,-68,-403,-369
50277,23,825,16544,-18,-280,82,-63,-405,-369
50291,22,823,16538,-15,-284,87,-70,-404,-367
50305,29,836,16542,-16,-275,85,-69,-406,-362
50319,23,825,16550,-17,-280,85,-68,-406,-365
50333,19,830,16526,-19,-279,83,-74,-406,-364
50347,1,818,16540,-18,-282,91,-68,-404,-365
50361,23,830,16533,-25,-279,85,-72,-406,-364
50375,7,813,16542,-19,-275,85,-69,-410,-364
50389,4,821,16544,-22,-280,86,-65,-407,-363
50403,19,838,16536,-18,-282,88,-76,-408,-359
50417,15,819,16539,-21,-279,83,-68,-403,-361
50431,13,819,16532,-24,-279,87,-62,-405,-362
50445,11,828,16535,-19,-279,87,-67,-399,-364
50459,10,817,16535,-18,-279,87,-71,-404,-363
50473,35,829,16524,-21,-278,88,-68,-406,-362
50487,20,824,16543,-22,-282,89,-72,-402,-365
50501,6,829,16533,-17,-281,86,-66,-403,-364
50515,-2,824,16545,-16,-285,79,-68,-406,-357
50529,27,826,16537,-20,-280,85,-69,-405,-364
50543,12,833,16545,-16,-276,83,-67,-405,-365
50557,13,835,16537,-13,-278,84,-68,-403,-363
50571,13,825,16538,-13,-278,86,-68,-405,-363
50585,19,814,16543,-20,-277,83,-68,-403,-365
50599,27,809,16538,-20,-278,83,-68,-402,-364
50613,23,821,16541,-20,-281,85,-63,-399,-364
50627,26,836,16542,-19,-273,82,-64,-409,-361
50641,34,834,16540,-26,-278,88,-69,-406,-363
50655,16,832,16525,-21,-276,83,-67,-404,-363
50669,28,832,16546,-20,-279,84,-66,-397,-362
50683,27,825,16541,-14,-280,85,-71,-408,-361
50697,14,821,16544,-18,-277,88,-61,-404,-361
50711,23,816,16537,-15,-279,88,-68,-406,-368
50725,20,830,16533,-14,-278,84,-70,-403,-368
50739,28,822,16543,-17,-278,84,-71,-398,-363
50753,18,832,16555,-23,-272,83,-70,-403,-366
50767,21,821,16529,-17,-279,84,-75,-403,-364
50781,22,829,16531,-20,-279,90,-70,-405,-360
50795,7,819,16552,-23,-282,86,-69,-404,-365
50809,14,827,16543,-22,-277,84,-68,-404,-366
50823,21,823,16533,-15,-277,88,-63,-401,-357
50837,25,831,16542,-18,-284,90,-68,-408,-361
50851,23,829,16535,-20,-280,87,-66,-408,-369
50865,26,834,16541,-24,-278,89,-61,-398,-361
50879,33,829,16529,-17,-284,81,-75,-402,-362
50893,37,818,16524,-16,-281,88,-65,-406,-364
50907,8,831,16556,-21,-279,84,-67,-406,-365
50921,3,822,16552,-19,-280,86,-72,-402,-363
50935,11,824,16545,-16,-278,82,-66,-408,-362
50949,23,831,16536,-17,-275,84,-68,-410,-364
50963,24,822,16534,-18,-279,87,-69,-411,-362
50977,18,829,16531,-25,-275,91,-68,-405,-361
50991,21,825,16551,-22,-279,87,-67,-412,-364
51005,29,818,16538,-18,-275,85,-66,-404,-362
51019,32,811,16543,-22,-274,87,-65,-403,-358
51033,21,829,16527,-25,-276,87,-66,-406,-360
51047,10,828,16547,-22,-282,86,-66,-408,-366
51061,5,824,16527,-20,-278,89,-71,-407,-364
51075,19,832,16542,-17,-279,90,-69,-409,-368
51089,9,823,16549,-26,-277,85,-69,-405,-361
51103,21,816,16523,-23,-281,83,-65,-400,-364
51117,27,817,16537,-26,-280,90,-67,-408,-364
51131,28,834,16545,-24,-279,82,-67,-403,-362
51145,28,825,16528,-26,-279,86,-66,-405,-365
51159,38,821,16542,-24,-280,87,-70,-406,-363
51173,23,828,16543,-21,-282,81,-71,-402,-364
51187,0,818,16543,-16,-278,87,-68,-401,-361
51201,8,819,16531,-20,-276,82,-68,-401,-367
51215,14,827,16534,-20,-280,86,-68,-404,-359
51229,1,824,16529,-21,-282,90,-69,-407,-360
51243,13,815,16532,-24,-276,86,-71,-405,-363
51257,31,828,16548,-21,-276,84,-68,-405,-362
51271,24,832,16555,-21,-278,86,-69,-404,-358
51285,35,819,16533,-19,-279,87,-69,-404,-367
51299,22,817,16532,-19,-282,88,-68,-399,-362
51313,12,815,16529,-19,-282,89,-66,-407,-362
51327,4,821,16533,-17,-278,86,-68,-410,-359
51341,18,827,16542,-20,-282,85,-68,-399,-362
51355,10,828,16538,-13,-282,84,-64,-403,-367
51369,17,836,16553,-12,-281,86,-66,-410,-364
51383,22,823,16544,-21,-279,86,-68,-400,-369
51397,23,815,16523,-16,-280,85,-69,-406,-367
51411,20,822,16546,-15,-280,85,-67,-406,-360
51425,17,825,16541,-20,-276,88,-69,-405,-364
51439,19,817,16537,-19,-273,84,-68,-406,-359
51453,12,828,16536,-20,-276,85,-68,-398,-360
51467,18,823,16540,-21,-278,89,-70,-401,-359
51481,28,840,16550,-20,-280,85,-66,-403,-365
51495,27,820,16538,-17,-277,87,-64,-406,-361
51509,-4,828,16546,-23,-281,85,-73,-408,-367
51523,9,823,16548,-18,-280,86,-67,-410,-365
51537,16,830,16547,-17,-279,87,-69,-408,-368
51551,31,815,16540,-16,-281,85,-67,-403,-364
51565,14,831,16553,-23,-273,91,-65,-401,-362
51579,28,823,16552,-22,-276,91,-70,-407,-366
51593,19,822,16523,-19,-281,85,-67,-411,-366
51607,17,831,16540,-21,-278,87,-68,-407,-360
51621,10,825,16522,-15,-282,87,-67,-399,-363
51635,11,834,16533,-20,-278,85,-71,-403,-358
51649,25,826,16546,-17,-277,85,-69,-404,-360
51663,19,827,16530,-13,-282,88,-65,-405,-363
51677,21,819,16523,-18,-274,88,-72,-405,-363
51691,31,824,16522,-18,-282,88,-73,-406,-364
51705,39,823,16530,-19,-278,89,-67,-403,-366
51719,17,813,16548,-20,-282,83,-64,-409,-363
51733,24,828,16533,-17,-278,84,-66,-409,-359
51747,7,830,16541,-23,-280,89,-70,-405,-364
51761,-6,828,16541,-16,-277,86,-65,-404,-359
51775,15,841,16536,-16,-279,85,-71,-406,-360
51789,3,835,16534,-16,-278,86,-68,-402,-368
51803,28,829,16543,-13,-282,83,-66,-408,-361
51817,21,814,16536,-17,-279,87,-66,-406,-363
51831,14,817,16551,-16,-281,85,-70,-405,-364
51845,15,820,16529,-20,-279,86,-69,-403,-358
51859,18,823,16546,-20,-279,89,-69,-409,-362
51873,33,827,16541,-15,-273,89,-65,-409,-363
51887,12,819,16526,-20,-277,86,-71,-406,-357
51901,22,821,16535,-19,-277,86,-67,-406,-363
51915,12,827,16529,-21,-276,87,-68,-405,-369
51929,27,819,16530,-18,-279,86,-65,-406,-366
51943,18,831,16541,-17,-282,88,-67,-404,-360
51957,23,834,16540,-17,-275,88,-68,-405,-366
51971,20,823,16527,-20,-284,90,-72,-403,-364
51985,21,828,16534,-16,-279,87,-71,-404,-363
51999,7,839,16546,-18,-276,85,-67,-410,-364
52013,24,828,16534,-21,-284,87,-68,-404,-364
52027,20,828,16526,-19,-278,87,-67,-407,-363
52041,29,822,16535,-21,-276,83,-67,-407,-365
52055,10,825,16547,-22,-277,85,-68,-407,-367
52069,21,821,16541,-14,-280,86,-68,-405,-363
52083,25,817,16546,-20,-278,82,-66,-405,-363
52097,13,817,16530,-17,-277,84,-65,-403,-358
52111,13,817,16540,-17,-278,86,-70,-410,-361
52125,15,824,16535,-23,-278,85,-67,-406,-361
52139,24,830,16539,-17,-280,86,-71,-404,-367
52153,11,838,16537,-15,-277,85,-66,-405,-358
52167,13,820,16540,-15,-282,84,-65,-407,-368
52181,8,828,16533,-17,-279,80,-69,-411,-358
52195,1,834,16532,-18,-278,85,-69,-400,-361
52209,10,823,16542,-21,-276,91,-66,-406,-367
52223,34,833,16529,-19,-275,88,-60,-407,-366
52237,14,825,16536,-17,-278,89,-67,-403,-363
52251,18,819,16531,-18,-279,86,-67,-404,-363
52265,21,817,16533,-21,-282,89,-64,-410,-361
52279,7,813,16551,-20,-279,86,-67,-404,-364
52293,20,823,16543,-14,-276,80,-63,-405,-361
52307,13,837,16541,-17,-273,81,-65,-405,-364
52321,13,829,16533,-19,-277,89,-69,-400,-360
52335,1,825,16542,-24,-274,91,-69,-405,-358
52349,18,818,16538,-18,-280,90,-65,-402,-367
52363,26,829,16552,-18,-275,83,-73,-406,-363
52377,17,827,16547,-18,-276,89,-68,-405,-363
52391,35,822,16556,-20,-277,90,-72,-403,-366
52405,41,823,16537,-19,-281,82,-64,-408,-364
52419,21,833,16532,-21,-275,86,-64,-402,-363
52433,18,829,16535,-24,-281,87,-67,-403,-361
52447,20,832,16536,-24,-278,91,-67,-409,-366
52461,11,819,16544,-21,-282,85,-69,-406,-364
52475,11,832,16557,-22,-276,87,-67,-408,-364
52489,8,821,16536,-16,-279,87,-67,-405,-365
52503,14,827,16535,-22,-279,86,-69,-405,-362
52517,19,830,16532,-18,-280,85,-69,-406,-360
52531,28,819,16535,-14,-281,87,-66,-406,-364
52545,24,823,16537,-22,-280,86,-68,-403,-366
52559,19,830,16541,-22,-271,87,-71,-403,-365
52573,19,821,16537,-23,-276,85,-63,-411,-360
52587,17,829,16520,-19,-280,82,-70,-406,-364
52601,6,824,16539,-18,-283,88,-66,-404,-360
52615,27,823,16547,-17,-279,84,-70,-407,-364
52629,13,828,16548,-20,-277,85,-72,-405,-364
52643,20,830,16544,-18,-278,85,-67,-400,-360
52657,24,820,16536,-19,-279,86,-68,-403,-361
52671,14,832,16546,-21,-279,87,-71,-406,-363
52685,15,820,16529,-24,-278,85,-67,-406,-362
52699,17,827,16546,-24,-278,86,-70,-406,-364
52713,19,815,16554,-23,-274,83,-72,-402,-363
52727,13,827,16540,-19,-282,85,-67,-405,-360
52741,1,820,16544,-18,-277,89,-70,-404,-361
52755,7,830,16526,-9,-279,81,-68,-406,-365
52769,31,824,16543,-15,-280,84,-67,-406,-361
52783,17,821,16536,-19,-279,84,-65,-406,-364
52797,32,822,16525,-23,-281,83,-67,-403,-367
52811,21,809,16553,-22,-282,86,-70,-403,-366
52825,28,822,16543,-21,-280,85,-66,-409,-364
52839,28,830,16525,-20,-278,87,-70,-402,-360
52853,4,814,16542,-17,-274,83,-68,-405,-365
52867,10,829,16535,-15,-275,87,-70,-402,-362
52881,-3,832,16538,-20,-285,83,-66,-404,-362
52895,28,833,16530,-11,-283,84,-68,-403,-365
52909,32,822,16534,-17,-274,79,-74,-406,-364
52923,16,821,16538,-19,-277,84,-71,-400,-364
52937,12,837,16542,-10,-275,82,-71,-409,-361
52951,24,833,16536,-21,-279,82,-65,-404,-360
52965,27,830,16542,-15,-284,84,-69,-413,-360
52979,29,828,16540,-18,-282,82,-67,-405,-362
52993,7,830,16550,-18,-280,89,-67,-401,-357
53007,32,827,16564,-15,-278,86,-68,-407,-363
53021,16,824,16524,-18,-278,82,-68,-409,-362
53035,9,835,16532,-18,-280,85,-69,-405,-362
53049,11,842,16537,-16,-281,86,-69,-408,-364
53063,20,832,16556,-19,-279,83,-73,-400,-366
53077,26,830,16523,-12,-278,82,-68,-401,-359
53091,20,818,16542,-16,-275,83,-67,-404,-368
53105,15,827,16546,-14,-275,84,-72,-405,-364
53119,13,816,16537,-20,-279,86,-64,-410,-367
53133,22,820,16541,-24,-282,88,-71,-405,-366
53147,14,828,16523,-20,-274,89,-60,-405,-360
53161,10,835,16561,-16,-282,86,-71,-404,-363
53175,20,833,16534,-18,-273,86,-69,-407,-362
53189,24,830,16534,-24,-275,84,-64,-406,-360
53203,15,821,16546,-22,-277,82,-64,-413,-367
53217,26,820,16540,-19,-278,88,-74,-405,-361
53231,23,823,16548,-15,-278,85,-66,-408,-365
53245,21,822,16535,-20,-277,85,-67,-403,-362
53259,20,830,16544,-20,-275,90,-70,-404,-365
53273,6,817,16530,-22,-278,87,-70,-404,-360
53287,15,824,16543,-21,-278,86,-64,-404,-360
53301,19,815,16533,-19,-281,80,-58,-406,-359
53315,9,817,16529,-23,-280,86,-66,-404,-364
53329,19,816,16544,-16,-276,90,-71,-400,-366
53343,32,814,16533,-15,-278,79,-65,-404,-359
53357,26,819,16555,-20,-281,88,-70,-405,-360
53371,17,811,16541,-21,-282,92,-69,-398,-363
53385,29,823,16538,-19,-278,82,-68,-401,-358
53399,12,821,16526,-20,-280,85,-63,-399,-362
53413,21,827,16535,-24,-279,88,-69,-403,-359
53427,18,821,16543,-23,-274,80,-70,-406,-361
53441,19,825,16538,-23,-279,83,-65,-406,-364
53455,22,818,16526,-16,-275,85,-69,-401,-362
53469,10,825,16534,-18,-281,92,-69,-403,-364
53483,9,820,16543,-20,-280,84,-68,-399,-363
53497,28,832,16536,-13,-280,81,-63,-403,-361
53511,24,828,16526,-24,-279,85,-67,-405,-366
53525,13,821,16539,-20,-278,82,-69,-403,-363
53539,28,815,16536,-15,-277,87,-65,-410,-359
53553,15,820,16549,-15,-278,83,-74,-407,-366
53567,18,821,16527,-20,-275,85,-66,-405,-365
53581,8,821,16538,-19,-279,89,-69,-401,-359
53595,6,831,16557,-18,-278,83,-74,-403,-363
53609,33,823,16540,-24,-277,84,-67,-401,-364
53623,6,822,16554,-18,-277,86,-62,-410,-365
53637,20,827,16547,-17,-278,89,-64,-405,-363
53651,28,822,16526,-18,-277,84,-68,-406,-362
53665,34,812,16534,-17,-279,85,-69,-403,-364
53679,20,818,16533,-22,-283,89,-62,-405,-364
53693,9,818,16556,-23,-279,86,-68,-408,-366
53707,11,830,16537,-19,-279,87,-66,-402,-365
53721,27,827,16540,-19,-274,86,-69,-405,-366
53735,4,822,16539,-18,-278,84,-65,-407,-360
53749,23,823,16530,-19,-283,84,-75,-403,-365
53763,23,831,16541,-20,-279,80,-68,-405,-356
53777,32,825,16541,-19,-278,86,-71,-406,-364
53791,14,828,16543,-17,-280,84,-71,-405,-362
53805,23,816,16558,-18,-278,88,-67,-401,-363
53819,14,818,16534,-21,-277,84,-69,-403,-362
53833,22,827,16536,-22,-281,84,-69,-404,-359
53847,21,822,16550,-15,-281,84,-65,-406,-366
53861,16,833,16536,-21,-282,83,-66,-401,-364
53875,15,824,16534,-24,-277,85,-67,-407,-365
53889,23,827,16546,-19,-279,84,-67,-406,-367
53903,18,841,16541,-16,-281,87,-69,-406,-362
53917,19,823,16539,-17,-279,81,-69,-409,-360
53931,8,819,16552,-16,-279,82,-69,-410,-364
53945,20,815,16536,-19,-281,86,-66,-407,-362
53959,12,819,16545,-16,-280,84,-66,-402,-362
53973,25,824,16542,-21,-276,83,-68,-403,-358
53987,26,814,16548,-21,-279,84,-66,-408,-364
54001,24,833,16548,-21,-281,87,-72,-405,-363
54015,10,839,16540,-19,-282,84,-66,-402,-365
54029,20,833,16539,-20,-282,86,-65,-401,-361
54043,17,834,16544,-14,-278,86,-64,-400,-364
54057,15,825,16552,-19,-277,85,-69,-406,-360
54071,19,824,16545,-20,-279,88,-66,-402,-367
54085,26,824,16550,-17,-277,86,-65,-408,-365
54099,20,826,16544,-18,-278,87,-63,-407,-367
54113,10,836,16541,-18,-280,82,-65,-402,-363
54127,12,831,16549,-18,-278,83,-74,-401,-362
54141,17,822,16539,-19,-280,83,-63,-402,-357
54155,26,827,16544,-23,-273,84,-66,-399,-364
54169,4,837,16526,-20,-281,86,-64,-406,-364
54183,30,832,16541,-18,-283,88,-66,-412,-366
54197,17,835,16538,-20,-283,89,-66,-405,-364
54211,24,828,16524,-20,-279,84,-69,-402,-365
54225,17,821,16541,-20,-283,87,-70,-406,-365
54239,27,815,16551,-20,-280,90,-69,-408,-364
54253,19,832,16533,-16,-276,83,-72,-403,-361
54267,18,825,16541,-18,-278,87,-67,-399,-362
54281,16,832,16542,-18,-282,80,-66,-407,-356
54295,25,828,16535,-17,-278,86,-75,-404,-360
54309,20,830,16557,-21,-275,87,-69,-404,-365
54323,20,818,16525,-16,-278,84,-67,-404,-360
54337,26,842,16533,-15,-280,86,-71,-400,-357
54351,18,827,16539,-17,-279,88,-65,-403,-361
54365,22,819,16526,-21,-276,89,-70,-409,-359
54379,22,817,16539,-23,-281,89,-72,-402,-368
54393,12,825,16528,-19,-278,88,-70,-400,-367
54407,11,831,16544,-17,-276,84,-69,-404,-364
54421,14,826,16536,-16,-274,85,-70,-401,-363
54435,-3,828,16523,-16,-277,83,-71,-405,-361
54449,3,829,16554,-20,-281,83,-63,-404,-366
54463,29,822,16545,-18,-279,86,-71,-410,-361
54477,16,822,16553,-18,-278,86,-68,-405,-362
54491,26,825,16526,-19,-281,83,-67,-402,-363
54505,33,839,16523,-19,-277,84,-63,-405,-363
54519,21,836,16531,-20,-276,85,-70,-399,-357
54533,14,819,16528,-21,-283,87,-66,-405,-362
54547,12,819,16529,-10,-282,81,-68,-404,-363
54561,25,826,16527,-17,-279,82,-65,-404,-364
54575,19,829,16546,-20,-277,85,-68,-405,-363
54589,22,821,16549,-17,-274,84,-69,-413,-363
54603,22,833,16549,-18,-277,83,-68,-400,-364
54617,20,823,16543,-20,-278,87,-66,-404,-361
54631,8,825,16544,-18,-281,87,-69,-409,-364
54645,12,832,16540,-14,-283,84,-68,-403,-359
54659,20,811,16542,-20,-280,87,-68,-404,-361
54673,16,820,16544,-17,-279,83,-69,-404,-366
54687,16,845,16537,-23,-276,89,-66,-407,-360
54701,30,833,16541,-19,-281,82,-67,-402,-361
54715,13,825,16536,-19,-281,82,-70,-408,-366
54729,8,826,16546,-15,-276,81,-73,-403,-362
54743,11,832,16539,-19,-280,85,-60,-404,-364
54757,25,821,16541,-19,-273,88,-70,-404,-364
54771,13,821,16571,-24,-275,87,-69,-406,-359
54785,12,824,16540,-21,-276,84,-72,-405,-368
54799,22,825,16531,-21,-282,84,-67,-407,-364
54813,11,827,16546,-22,-280,89,-66,-406,-360
54827,14,822,16534,-21,-276,84,-68,-405,-357
54841,28,832,16545,-23,-275,86,-69,-407,-356
54855,14,828,16533,-19,-283,84,-66,-411,-359
54869,8,829,16548,-20,-278,85,-70,-408,-362
54883,2,826,16541,-20,-281,82,-68,-406,-362
54897,6,829,16535,-24,-279,89,-68,-398,-362
54911,21,821,16544,-23,-277,85,-63,-409,-365
54925,28,825,16531,-21,-283,82,-69,-403,-363
54939,11,821,16533,-18,-285,89,-71,-402,-364
54953,27,828,16534,-15,-284,80,-69,-406,-365
54967,15,821,16535,-19,-282,83,-65,-404,-364
54981,5,826,16544,-18,-282,88,-74,-404,-367
54995,1,830,16537,-29,-278,82,-70,-408,-363
55009,20,839,16533,-16,-280,85,-66,-403,-362
55023,12,823,16539,-18,-280,86,-68,-401,-369
55037,21,824,16539,-13,-275,81,-69,-405,-360
55051,10,825,16532,-17,-278,85,-65,-406,-359
55065,26,816,16551,-21,-284,83,-70,-403,-362
55079,31,825,16529,-27,-286,85,-66,-403,-364
55093,16,830,16536,-25,-278,88,-64,-407,-362
55107,23,822,16538,-16,-276,86,-63,-406,-365
55121,10,828,16547,-16,-282,83,-67,-401,-365
55135,22,823,16545,-21,-279,84,-69,-400,-363
55149,28,820,16532,-20,-281,87,-73,-408,-363
55163,32,823,16541,-16,-280,84,-73,-401,-366
55177,22,825,16541,-14,-283,87,-61,-404,-365
55191,17,817,16524,-21,-277,86,-68,-402,-364
55205,14,826,16529,-20,-281,87,-72,-401,-362
55219,19,816,16541,-20,-280,84,-67,-406,-366
55233,22,819,16537,-21,-279,84,-76,-400,-364
55247,28,828,16542,-17,-279,86,-71,-404,-361
55261,17,824,16537,-18,-276,86,-72,-406,-359
55275,11,832,16536,-24,-278,87,-74,-405,-363
55289,19,820,16545,-16,-279,88,-68,-406,-367
55303,10,816,16525,-15,-274,82,-66,-408,-362
55317,2,827,16537,-23,-278,78,-69,-399,-366
55331,14,819,16550,-20,-284,89,-71,-407,-364
55345,3,826,16547,-22,-276,91,-71,-408,-364
55359,6,813,16542,-15,-280,86,-75,-407,-363
55373,8,810,16529,-19,-278,85,-69,-408,-364
55387,13,808,16548,-17,-278,91,-68,-406,-364
55401,8,826,16543,-13,-276,86,-67,-403,-363
55415,17,823,16542,-16,-279,85,-68,-406,-367
55429,12,828,16530,-17,-278,84,-68,-403,-360
55443,0,828,16545,-17,-277,85,-71,-404,-361
55457,24,825,16542,-17,-277,83,-75,-404,-362
55471,14,830,16547,-18,-282,86,-67,-401,-368
55485,19,838,16540,-17,-276,88,-70,-400,-367
55499,13,818,16544,-18,-280,84,-66,-402,-369
55513,11,817,16551,-24,-282,87,-62,-405,-362
55527,24,827,16547,-20,-279,82,-70,-404,-366
55541,11,827,16553,-16,-272,84,-69,-409,-362
55555,13,821,16547,-20,-282,84,-71,-400,-363
55569,22,831,16524,-18,-278,84,-68,-406,-366
55583,11,813,16543,-21,-276,85,-67,-402,-362
55597,19,816,16533,-18,-281,88,-70,-403,-366
55611,14,829,16542,-18,-279,86,-66,-407,-365
55625,30,831,16526,-21,-279,87,-71,-404,-364
55639,27,831,16522,-16,-278,86,-60,-407,-364
55653,16,818,16544,-17,-278,83,-63,-403,-356
55667,27,827,16540,-16,-276,87,-68,-405,-367
55681,16,825,16533,-22,-282,92,-71,-407,-368
55695,18,831,16540,-15,-278,92,-65,-406,-362
55709,26,820,16531,-17,-279,85,-65,-407,-366
55723,10,819,16527,-18,-281,87,-64,-406,-358
55737,24,815,16537,-20,-276,85,-63,-410,-365
55751,16,808,16532,-17,-279,84,-63,-405,-360
55765,9,815,16534,-19,-277,81,-67,-405,-365
55779,26,826,16521,-22,-278,81,-65,-409,-355
55793,8,819,16543,-15,-279,84,-69,-405,-367
55807,16,838,16535,-21,-280,85,-71,-401,-364
55821,7,823,16546,-21,-273,88,-69,-407,-355
55835,11,816,16539,-18,-278,87,-71,-403,-362
55849,16,821,16523,-12,-282,87,-65,-405,-365
55863,14,824,16534,-16,-279,87,-75,-402,-360
55877,9,824,16536,-20,-277,89,-68,-407,-359
55891,23,814,16531,-22,-280,87,-65,-408,-362
55905,17,832,16537,-21,-279,81,-68,-409,-360
55919,4,818,16526,-19,-284,86,-71,-405,-359
55933,7,830,16543,-17,-276,92,-70,-409,-365
55947,22,828,16536,-21,-272,88,-71,-403,-359
55961,20,819,16537,-19,-278,86,-69,-409,-365
55975,1,825,16549,-19,-276,82,-66,-401,-366
55989,5,826,16533,-21,-280,89,-69,-403,-366
56003,21,818,16534,-22,-278,86,-63,-404,-366
56017,21,826,16523,-17,-279,84,-70,-402,-361
56031,14,828,16537,-19,-281,87,-68,-407,-358
56045,20,823,16532,-20,-284,86,-71,-404,-361
56059,15,815,16529,-14,-281,89,-65,-408,-361
56073,8,832,16536,-16,-272,80,-69,-407,-369
56087,18,831,16528,-21,-281,86,-70,-405,-366
56101,17,828,16533,-21,-282,83,-61,-406,-367
56115,14,827,16539,-22,-277,91,-66,-404,-364
56129,5,826,16542,-25,-278,89,-64,-406,-365
56143,13,833,16536,-17,-284,88,-66,-408,-365
56157,20,827,16541,-17,-285,88,-66,-407,-370
56171,26,826,16527,-16,-279,86,-68,-405,-364
56185,24,813,16542,-22,-284,87,-74,-410,-365
56199,9,826,16527,-19,-278,91,-67,-405,-362
56213,22,825,16536,-14,-275,86,-64,-402,-364
56227,14,814,16526,-23,-280,90,-68,-409,-362
56241,31,830,16549,-13,-278,81,-62,-411,-362
56255,9,833,16532,-16,-279,85,-71,-399,-362
56269,5,828,16535,-15,-280,86,-69,-409,-365
56283,21,826,16549,-16,-283,82,-67,-407,-362
56297,23,822,16522,-13,-280,79,-65,-401,-362
56311,25,815,16531,-19,-277,87,-65,-404,-361
56325,12,833,16535,-21,-271,89,-71,-409,-360
56339,6,836,16536,-22,-279,82,-63,-404,-360
56353,32,833,16546,-22,-280,91,-68,-408,-357
56367,12,832,16532,-18,-278,86,-71,-407,-362
56381,14,813,16538,-21,-277,91,-71,-403,-363
56395,26,822,16518,-17,-281,85,-68,-406,-364
56409,12,815,16535,-19,-281,84,-69,-399,-360
56423,13,817,16535,-16,-278,86,-70,-402,-361
56437,21,832,16547,-19,-275,85,-66,-402,-362
56451,29,831,16551,-14,-282,87,-66,-402,-364
56465,20,824,16546,-16,-281,88,-71,-404,-366
56479,20,816,16522,-16,-282,90,-70,-401,-366
56493,9,802,16528,-18,-279,90,-65,-406,-364
56507,12,808,16528,-22,-281,90,-61,-408,-366
56521,10,820,16535,-20,-279,92,-72,-401,-364
56535,11,823,16528,-17,-280,87,-66,-406,-361
56549,15,818,16533,-20,-281,90,-69,-404,-361
56563,9,835,16533,-18,-279,88,-72,-402,-364
56577,16,818,16543,-21,-278,91,-72,-404,-365
56591,17,809,16527,-21,-284,94,-68,-406,-365
56605,16,831,16539,-17,-280,89,-69,-405,-363
56619,1,827,16544,-20,-285,86,-69,-400,-366
56633,18,822,16544,-25,-282,87,-68,-406,-366
56647,22,823,16540,-22,-276,85,-71,-403,-367
56661,8,820,16535,-14,-278,86,-72,-406,-363
56675,15,817,16526,-13,-280,85,-64,-402,-365
56689,13,823,16538,-24,-280,86,-65,-402,-366
56703,27,824,16527,-20,-283,86,-73,-407,-369
56717,23,816,16533,-19,-279,84,-69,-406,-362
56731,15,826,16523,-22,-277,84,-66,-400,-363
56745,32,820,16552,-19,-281,87,-65,-407,-363
56759,21,831,16522,-22,-278,90,-72,-409,-365
56773,27,828,16527,-19,-280,89,-70,-406,-362
56787,14,835,16541,-19,-280,86,-64,-404,-361
56801,20,831,16530,-21,-284,88,-67,-404,-365
56815,5,837,16544,-19,-280,87,-67,-406,-364
56829,-13,814,16546,-18,-280,84,-66,-400,-363
56843,9,812,16538,-20,-282,83,-71,-401,-362
56857,-6,825,16532,-14,-285,81,-64,-407,-364
56872,25,831,16534,-12,-279,81,-65,-402,-362
56886,50,821,16549,-19,-278,89,-68,-404,-358
56900,53,837,16533,-20,-282,93,-72,-400,-361
56914,42,830,16540,-19,-283,92,-68,-403,-366
56928,-11,831,16517,-17,-282,87,-73,-404,-364
56942,-24,834,16557,-17,-279,87,-66,-400,-363
56956,-41,822,16535,-22,-284,84,-69,-407,-363
56970,-16,834,16529,-22,-282,83,-68,-402,-364
56984,44,843,16538,-21,-283,88,-62,-399,-367
56998,54,842,16520,-13,-280,85,-70,-403,-366
57012,52,834,16541,-16,-285,85,-71,-404,-364
57026,36,840,16522,-21,-282,87,-71,-405,-358
57040,18,795,16524,-19,-280,90,-65,-405,-364
57054,-11,805,16516,-15,-277,88,-67,-408,-372
57068,-16,814,16554,-21,-282,86,-70,-409,-366
57082,2,824,16474,-15,-270,85,-68,-405,-364
57096,19,862,16582,-14,-279,87,-67,-405,-362
57110,35,852,16497,-17,-278,84,-68,-406,-366
57124,25,849,16568,-18,-275,89,-67,-408,-362
57138,23,827,16537,-21,-274,82,-75,-410,-366
57152,33,779,16529,-14,-279,84,-68,-398,-360
57166,25,777,16544,-17,-277,87,-67,-402,-366
57180,23,796,16525,-17,-281,83,-70,-407,-359
57194,39,822,16549,-22,-277,82,-65,-397,-364
57208,32,859,16534,-16,-276,84,-69,-406,-359
57222,26,866,16556,-17,-277,86,-69,-404,-364
57236,-7,838,16537,-19,-281,86,-72,-404,-362
57251,0,825,16542,-18,-285,81,-64,-403,-364
57265,-6,799,16523,-16,-278,87,-65,-403,-363
57280,13,797,16548,-18,-275,87,-68,-405,-359
57294,31,807,16522,-16,-272,87,-73,-407,-364
57308,25,843,16533,-19,-273,82,-64,-409,-362
57322,69,859,16527,-20,-280,82,-70,-403,-361
57336,52,841,16473,-15,-283,88,-64,-402,-362
57350,31,828,16610,-23,-279,91,-65,-405,-357
57364,14,797,16514,-15,-277,87,-71,-408,-362
57378,-9,779,16591,-19,-277,84,-66,-400,-361
57393,16,805,16570,-13,-280,76,-65,-410,-358
57407,34,838,16509,-20,-279,84,-67,-405,-363
57421,27,858,16566,-17,-278,89,-69,-401,-364
57435,31,853,16521,-18,-283,88,-70,-398,-362
57449,23,844,16554,-19,-274,90,-69,-405,-359
57463,-7,805,16537,-19,-278,89,-64,-402,-362
57478,-5,793,16534,-18,-278,83,-65,-408,-362
57493,1,796,16547,-20,-276,88,-74,-406,-362
57507,31,807,16536,-20,-280,84,-68,-401,-359
57521,57,843,16524,-16,-276,88,-70,-405,-361
57535,57,852,16557,-21,-276,86,-68,-406,-364
57549,27,835,16516,-26,-281,90,-71,-400,-364
57563,9,835,16557,-19,-278,88,-65,-410,-362
57577,-27,804,16520,-20,-275,86,-70,-403,-364
57591,-37,805,16538,-19,-275,87,-68,-406,-355
57605,8,821,16540,-16,-278,83,-67,-398,-364
57619,26,824,16523,-15,-279,86,-73,-406,-360
57633,53,853,16524,-21,-283,89,-68,-404,-366
57647,47,845,16526,-22,-279,92,-69,-402,-366
57661,39,833,16537,-21,-276,87,-66,-407,-367
57675,11,812,16552,-19,-277,85,-71,-409,-368
57689,-16,782,16511,-18,-276,89,-66,-407,-363
57703,-24,787,16553,-21,-276,89,-63,-405,-365
57717,20,830,16536,-16,-279,88,-68,-406,-369
57731,33,841,16534,-23,-280,86,-66,-407,-362
57745,36,845,16536,-26,-274,86,-67,-403,-363
57759,36,835,16536,-21,-273,85,-69,-402,-364
57773,42,801,16546,-19,-274,85,-69,-403,-366
57787,16,790,16517,-17,-274,88,-69,-403,-364
57801,-3,817,16537,-21,-280,91,-67,-403,-363
57816,-7,815,16551,-18,-275,90,-67,-406,-362
57831,50,845,16535,-21,-281,85,-68,-404,-363
57845,33,850,16535,-16,-278,85,-70,-402,-366
57859,61,836,16537,-21,-279,85,-65,-403,-363
57873,55,821,16527,-22,-279,89,-67,-404,-359
57887,16,796,16550,-19,-277,86,-71,-401,-361
57901,9,803,16537,-22,-276,91,-71,-401,-365
57915,-7,822,16539,-18,-281,83,-69,-402,-362
57929,6,831,16533,-26,-277,87,-67,-405,-360
57943,1,846,16527,-18,-277,84,-68,-407,-359
57957,10,852,16541,-15,-274,84,-70,-409,-362
57971,-246,858,16525,-19,-281,83,-64,-408,-358
57985,28,839,16544,-17,-277,87,-66,-409,-362
57999,12,803,16531,-19,-277,84,-67,-401,-361
58013,41,794,16535,-19,-280,85,-69,-409,-359
58027,40,792,16525,-21,-275,86,-70,-403,-365
58041,29,810,16533,-27,-278,83,-68,-403,-361
58055,50,816,16534,-26,-277,88,-65,-409,-362
58069,23,837,16522,-18,-283,89,-70,-403,-362
58083,-4,843,16550,-17,-280,87,-68,-409,-360
58098,-35,828,16536,-14,-281,83,-75,-407,-364
58112,-25,822,16537,-16,-283,84,-68,-407,-363
58126,-22,815,16539,-18,-273,85,-72,-403,-361
58140,4,819,16521,-22,-274,85,-70,-403,-363
58154,56,811,16536,-21,-278,87,-71,-409,-364
58168,53,818,16522,-19,-281,83,-66,-404,-360
58182,49,812,16534,-23,-277,84,-72,-404,-363
58196,50,805,16542,-19,-280,91,-70,-403,-356
58210,-3,826,16535,-16,-279,85,-68,-404,-361
58224,-14,812,16510,-20,-280,83,-72,-410,-365
58238,-31,820,16542,-17,-274,84,-67,-408,-359
58252,-10,835,16520,-15,-279,86,-66,-400,-365
58266,31,841,16548,-17,-281,88,-70,-407,-362
58280,31,853,16544,-19,-277,91,-63,-409,-364
58294,49,817,16544,-19,-278,88,-66,-401,-362
58308,46,801,16518,-17,-278,88,-67,-408,-363
58322,21,795,16533,-21,-279,89,-68,-408,-363
58336,0,809,16537,-18,-280,89,-66,-406,-363
58350,-6,813,16542,-21,-277,88,-64,-403,-364
58364,10,825,16561,-19,-276,87,-72,-407,-365
58378,13,845,16539,-20,-278,83,-71,-403,-360
58392,8,844,16546,-17,-277,87,-74,-406,-363
58406,2,826,16563,-18,-284,84,-65,-403,-365
58420,27,816,16548,-15,-281,86,-68,-399,-362
58434,18,811,16516,-19,-278,88,-68,-409,-360
58448,19,803,16542,-18,-277,88,-71,-406,-361
58462,31,812,16544,-15,-274,87,-68,-409,-356
58476,52,831,16523,-22,-277,83,-74,-407,-363
58490,30,831,16534,-21,-276,80,-66,-405,-364
58504,10,856,16537,-20,-282,86,-70,-402,-363
58518,-15,840,16541,-19,-280,90,-69,-404,-364
58532,-22,823,16551,-17,-280,87,-66,-404,-364
58546,-11,812,16529,-18,-280,91,-74,-405,-361
58560,27,791,16528,-19,-273,84,-66,-403,-364
58574,56,814,16550,-13,-278,88,-67,-405,-361
58588,56,828,16533,-19,-280,87,-67,-403,-369
58602,52,826,16533,-25,-282,88,-67,-409,-363
58616,8,840,16530,-20,-281,85,-66,-406,-364
58630,-16,846,16545,-19,-281,81,-65,-408,-361
58644,-27,832,16545,-15,-277,83,-66,-402,-368
58658,-28,819,16513,-15,-273,81,-63,-405,-361
58672,22,814,16569,-25,-278,84,-68,-407,-366
58686,64,806,16540,-19,-276,84,-66,-407,-363
58700,63,822,16547,-23,-276,90,-66,-406,-362
58714,64,833,16539,-19,-277,90,-65,-400,-369
58728,37,807,16546,-19,-279,91,-71,-411,-364
58742,16,812,16545,-18,-277,80,-68,-406,-363
58756,3,806,16550,-18,-282,81,-68,-401,-359
58770,-12,804,16526,-21,-279,83,-71,-407,-362
58784,3,829,16537,-21,-278,86,-79,-402,-361
58798,-6,852,16533,-17,-274,89,-68,-403,-365
58813,-6,854,16571,-22,-278,89,-64,-404,-360
58828,15,852,16545,-17,-278,84,-66,-402,-369
58842,26,818,16554,-18,-276,85,-67,-402,-361
58856,24,804,16553,-20,-280,83,-64,-403,-365
58870,26,797,16517,-20,-278,88,-67,-406,-363
58884,44,793,16565,-16,-276,87,-70,-406,-362
58898,23,804,16498,-21,-282,85,-63,-405,-358
58912,49,819,16530,-23,-278,88,-68,-404,-361
58926,9,848,16542,-17,-275,87,-74,-406,-365
58940,13,865,16520,-17,-283,86,-69,-407,-358
58954,-4,847,16553,-11,-280,88,-69,-406,-360
58968,-10,834,16549,-15,-280,84,-69,-398,-363
58982,12,803,16529,-20,-279,85,-68,-404,-364
58996,24,791,16578,-18,-282,88,-68,-399,-362
59010,30,810,16512,-13,-279,82,-66,-399,-365
59024,29,831,16553,-22,-281,84,-68,-406,-361
59038,45,847,16548,-20,-282,84,-71,-409,-360
59052,33,843,16529,-17,-280,86,-66,-405,-361
59066,18,827,16544,-13,-281,79,-73,-408,-360
59080,-6,807,16524,-19,-276,82,-65,-404,-366
59095,-5,804,16562,-28,-276,91,-63,-401,-365
59110,-34,830,16524,-23,-282,88,-64,-404,-365
59124,-4,844,16544,-22,-279,87,-66,-403,-366
59139,14,853,16532,-24,-275,85,-73,-407,-366
59153,57,823,16548,-20,-286,79,-68,-404,-365
59167,67,800,16536,-18,-281,87,-74,-407,-360
59181,42,788,16545,-20,-279,85,-70,-401,-363
59195,42,795,16545,-18,-277,88,-67,-405,-362
59209,32,815,16548,-21,-275,81,-67,-408,-366
59223,23,832,16555,-18,-279,84,-67,-402,-366
59237,-10,863,16532,-17,-277,87,-65,-407,-365
59251,-4,876,16562,-15,-280,84,-69,-403,-361
59265,-30,847,16547,-21,-278,87,-64,-401,-365
59279,-15,806,16554,-17,-275,88,-63,-406,-365
59293,1,807,16537,-16,-276,83,-68,-408,-358
59307,11,810,16562,-21,-279,87,-66,-402,-358
59321,44,817,16547,-20,-278,87,-67,-402,-364
59335,58,831,16542,-20,-281,82,-67,-404,-362
59349,28,843,16538,-17,-280,85,-74,-402,-360
59363,42,842,16542,-18,-274,86,-63,-407,-366
59377,-9,834,16539,-22,-275,90,-71,-401,-363
59392,-4,819,16548,-23,-278,85,-70,-408,-361
59407,-15,813,16552,-21,-280,86,-72,-407,-368
59421,7,806,16536,-20,-278,86,-70,-405,-365
59435,46,838,16550,-20,-279,85,-66,-405,-364
59449,52,823,16533,-22,-275,83,-70,-404,-364
59463,67,827,16567,-23,-279,88,-66,-397,-365
59477,37,807,16544,-18,-277,85,-65,-409,-363
59491,7,825,16553,-25,-279,86,-66,-406,-365
59505,7,820,16532,-18,-279,89,-63,-405,-365
59519,-19,822,16553,-19,-277,87,-64,-406,-364
59533,-12,830,16533,-17,-279,84,-74,-404,-361
59547,3,842,16548,-23,-281,88,-66,-400,-367
59561,25,839,16553,-19,-284,81,-70,-405,-364
59575,37,835,16545,-24,-279,86,-66,-404,-365
59589,44,820,16555,-22,-280,82,-63,-412,-367
59603,28,807,16542,-19,-284,84,-73,-407,-362
59617,23,804,16560,-20,-278,85,-70,-409,-360
59631,17,832,16544,-19,-284,91,-70,-406,-360
59645,14,815,16550,-16,-281,82,-69,-403,-361
59659,22,829,16530,-21,-279,84,-70,-402,-360
59673,5,809,16557,-15,-281,85,-66,-401,-359
59687,12,815,16523,-16,-273,86,-70,-411,-364
59701,25,797,16554,-18,-279,86,-69,-407,-358
59715,19,809,16551,-21,-277,89,-63,-407,-366
59729,32,825,16535,-20,-279,86,-71,-411,-359
59743,19,837,16556,-16,-278,81,-70,-403,-362
59757,20,843,16544,-17,-278,88,-72,-402,-365
59771,5,834,16559,-20,-275,89,-66,-404,-362
59785,10,825,16538,-20,-281,91,-67,-401,-365
59799,0,824,16555,-19,-282,87,-69,-405,-363
59813,-4,807,16554,-21,-279,83,-66,-401,-361
59828,28,811,16551,-20,-278,87,-70,-401,-363
59842,54,819,16533,-19,-276,87,-66,-406,-361
59856,49,821,16544,-20,-274,85,-65,-410,-364
59870,45,827,16540,-17,-277,89,-73,-406,-362
59884,6,828,16541,-22,-276,85,-67,-404,-364
59898,-27,819,16548,-18,-273,80,-74,-408,-359
59912,-15,823,16546,-19,-280,86,-68,-408,-367
59926,-5,808,16538,-13,-276,85,-62,-402,-358
59941,13,813,16549,-18,-274,78,-69,-404,-365
59955,55,833,16531,-10,-274,85,-68,-402,-358
59969,72,819,16537,-16,-279,91,-65,-406,-360
59983,71,818,16536,-23,-283,89,-70,-403,-360
59997,41,823,16522,-20,-279,86,-63,-408,-358
60011,-18,830,16552,-17,-275,86,-67,-404,-368
60025,-37,847,16536,-18,-277,81,-72,-401,-366
60039,-31,841,16570,-22,-279,80,-69,-400,-362
60053,-22,843,16554,-18,-279,85,-68,-403,-365
60067,24,817,16555,-19,-280,87,-68,-408,-357
60081,30,824,16554,-19,-280,86,-68,-406,-365
60095,68,821,16517,-18,-275,81,-63,-408,-361
60109,51,811,16544,-19,-279,85,-67,-413,-357
60123,42,817,16537,-19,-280,89,-68,-405,-360
60137,52,820,16552,-16,-278,90,-72,-406,-358
60151,-10,818,16536,-24,-282,85,-73,-404,-361
60165,-10,839,16560,-17,-279,88,-71,-409,-361
60179,-14,842,16529,-16,-278,85,-64,-401,-361
60193,-29,845,16537,-17,-275,84,-64,-400,-362
60207,0,829,16549,-17,-277,90,-70,-405,-363
60221,22,817,16532,-17,-276,93,-70,-405,-361
60235,62,801,16547,-16,-283,85,-65,-404,-367
60249,50,806,16529,-18,-280,84,-67,-405,-362
60263,69,816,16548,-22,-279,89,-67,-412,-361
60277,27,817,16546,-20,-278,87,-70,-405,-364
60291,5,842,16563,-16,-278,87,-72,-402,-362
60305,-10,833,16545,-12,-275,86,-67,-403,-365
60319,-33,832,16538,-23,-281,85,-69,-402,-366
60333,-18,820,16541,-20,-278,83,-67,-405,-359
60347,10,816,16542,-19,-277,89,-72,-401,-368
60361,37,820,16532,-18,-274,85,-67,-404,-364
60375,51,821,16534,-23,-278,90,-66,-403,-362
60389,71,820,16545,-21,-277,89,-66,-401,-364
60403,38,812,16535,-23,-282,88,-69,-403,-366
60417,8,830,16529,-24,-282,92,-63,-402,-362
60431,-1,819,16531,-18,-278,92,-67,-402,-361
60446,-15,844,16544,-18,-276,89,-66,-405,-363
60460,-11,829,16538,-21,-278,94,-69,-406,-365
60474,13,828,16562,-18,-280,85,-73,-405,-364
60488,32,819,16550,-19,-275,85,-71,-407,-364
60502,40,816,16526,-17,-281,83,-68,-406,-367
60516,54,807,16541,-16,-279,89,-70,-402,-362
60530,35,798,16536,-14,-279,90,-76,-403,-365
60544,26,807,16527,-20,-279,84,-69,-403,-362
60558,6,821,16525,-19,-277,84,-74,-411,-362
60572,27,827,16563,-19,-280,87,-64,-403,-358
60586,-17,847,16534,-17,-281,88,-69,-403,-360
60600,-3,855,16543,-16,-271,83,-67,-405,-360
60614,-13,836,16550,-19,-281,86,-70,-404,-366
60628,0,826,16536,-20,-278,82,-68,-408,-364
60642,30,806,16563,-19,-281,82,-68,-404,-361
60656,66,783,16523,-19,-284,86,-62,-404,-363
60670,57,802,16538,-25,-286,87,-67,-404,-363
60684,67,817,16525,-23,-280,84,-65,-407,-361
60698,13,836,16529,-20,-283,85,-71,-407,-364
60712,13,837,16539,-20,-277,88,-68,-403,-363
60726,-21,849,16553,-17,-284,84,-63,-411,-359
60740,-21,854,16505,-18,-280,85,-67,-403,-366
60754,15,838,16553,-22,-281,82,-66,-396,-363
60768,11,815,16521,-14,-278,82,-70,-408,-364
60782,76,798,16559,-20,-278,86,-68,-401,-363
60796,61,806,16549,-19,-272,86,-69,-398,-361
60810,66,799,16525,-17,-281,89,-69,-404,-359
60824,23,822,16542,-20,-282,90,-65,-408,-360
60838,5,830,16519,-16,-279,81,-69,-403,-356
60852,-15,834,16544,-17,-282,83,-66,-405,-362
60866,-20,832,16542,-20,-280,86,-69,-400,-363
60880,3,835,16540,-27,-274,87,-67,-403,-360
60894,2,836,16532,-14,-277,85,-69,-400,-360
60908,12,821,16530,-22,-275,90,-67,-402,-363
60922,17,816,16528,-25,-278,82,-65,-401,-360
60936,29,815,16544,-20,-279,83,-61,-404,-361
60950,54,819,16523,-22,-279,83,-59,-407,-358
60964,57,821,16558,-22,-277,82,-73,-407,-363
60978,38,815,16522,-22,-279,87,-69,-406,-363
60992,11,822,16527,-18,-278,90,-65,-408,-360
61006,-1,824,16559,-15,-277,83,-72,-403,-363
61021,-25,838,16535,-20,-281,87,-69,-406,-357
61035,7,840,16528,-18,-276,81,-68,-401,-366
61049,26,830,16548,-16,-280,86,-64,-405,-360
61063,39,814,16536,-22,-281,87,-66,-400,-362
61077,52,813,16531,-21,-277,84,-69,-406,-367
61091,58,812,16535,-17,-278,87,-64,-407,-364
61105,49,819,16546,-21,-282,89,-70,-402,-362
61119,9,806,16530,-17,-278,85,-64,-403,-357
61133,-3,827,16551,-21,-282,87,-67,-402,-366
61148,-10,837,16540,-22,-276,85,-67,-406,-360
61162,-3,841,16546,-21,-272,85,-68,-403,-366
61177,-6,831,16545,-17,-281,84,-71,-403,-367
61192,16,814,16530,-22,-278,85,-64,-406,-359
61206,23,803,16538,-15,-278,84,-67,-404,-361
61220,38,799,16541,-22,-276,87,-69,-408,-362
61234,43,802,16535,-18,-280,90,-66,-408,-366
61248,27,837,16537,-20,-279,88,-68,-405,-361
61262,36,826,16551,-22,-279,90,-66,-405,-361
61276,9,832,16550,-21,-278,84,-70,-406,-362
61290,-2,824,16537,-21,-278,87,-71,-400,-367
61305,-4,841,16528,-15,-281,87,-69,-403,-357
61320,10,826,16529,-21,-279,86,-63,-403,-368
61334,-1,832,16540,-15,-277,88,-65,-404,-364
61348,27,814,16550,-20,-278,91,-69,-407,-361
61362,38,818,16536,-21,-279,89,-71,-404,-362
61376,38,807,16535,-20,-278,86,-67,-408,-357
61390,32,813,16537,-19,-281,85,-70,-397,-366
61404,25,825,16537,-11,-277,87,-68,-404,-359
61418,6,824,16533,-15,-281,83,-71,-406,-362
61432,5,837,16544,-17,-281,88,-68,-405,-364
61446,-2,824,16545,-17,-280,93,-69,-404,-361
61461,12,810,16536,-21,-275,86,-64,-404,-363
61475,36,805,16526,-22,-278,84,-66,-410,-363
61489,49,815,16566,-19,-279,86,-69,-409,-364
61503,42,819,16516,-21,-281,84,-72,-405,-367
61517,47,828,16547,-22,-276,87,-69,-405,-366
61531,3,819,16547,-22,-276,89,-67,-404,-362
61545,-4,832,16531,-22,-283,90,-69,-404,-358
61559,-20,833,16556,-23,-277,84,-68,-404,-365
61573,-23,834,16552,-19,-279,86,-65,-406,-360
61587,3,819,16531,-19,-284,81,-67,-406,-363
61601,24,830,16547,-21,-278,86,-69,-403,-365
61615,52,811,16531,-22,-276,89,-63,-404,-359
61629,49,804,16533,-18,-282,86,-66,-410,-359
61643,53,821,16541,-25,-277,87,-72,-404,-360
61657,35,818,16541,-23,-278,87,-72,-402,-361
61671,-17,825,16548,-19,-279,85,-71,-410,-361
61685,-23,842,16574,-14,-274,90,-70,-408,-362
61699,-42,827,16526,-23,-281,84,-63,-407,-360
61713,-17,840,16562,-18,-277,87,-64,-401,-363
61727,34,831,16529,-21,-279,89,-66,-404,-359
61741,58,821,16544,-15,-281,85,-67,-409,-364
61755,73,818,16532,-16,-277,85,-67,-404,-365
61769,63,814,16536,-19,-281,89,-67,-408,-362
61783,39,813,16548,-18,-282,87,-68,-405,-356
61797,16,814,16533,-20,-279,87,-71,-407,-361
61811,-31,813,16559,-22,-283,80,-64,-406,-361
61825,-25,821,16540,-15,-286,85,-66,-405,-359
61839,-19,851,16562,-17,-279,82,-68,-406,-362
61853,8,849,16567,-19,-278,80,-68,-403,-362
61867,55,818,16525,-17,-282,85,-66,-404,-363
61881,38,817,16555,-21,-273,86,-64,-403,-359
61895,63,806,16543,-24,-279,84,-72,-408,-361
61909,39,808,16530,-17,-279,85,-62,-408,-360
61923,18,823,16548,-21,-285,85,-67,-411,-363
61937,-14,827,16545,-17,-280,79,-70,-404,-364
61951,1,838,16548,-23,-280,80,-65,-406,-363
61965,-11,839,16539,-19,-280,90,-66,-408,-364
61979,5,837,16557,-16,-279,83,-69,-403,-363
61993,22,824,16532,-17,-279,82,-65,-408,-364
62007,39,823,16530,-22,-280,86,-67,-400,-359
62021,58,812,16543,-18,-282,88,-70,-405,-362
62035,38,796,16522,-13,-279,87,-66,-403,-361
62049,22,805,16557,-13,-277,87,-68,-400,-366
62063,4,822,16555,-16,-280,87,-65,-405,-364
62077,11,849,16541,-19,-276,84,-66,-405,-355
62091,-17,861,16530,-19,-282,86,-67,-409,-359
62105,12,842,16559,-22,-276,85,-71,-405,-364
62119,9,824,16522,-23,-280,83,-64,-402,-365
62133,41,801,16555,-17,-276,85,-65,-399,-362
62147,15,774,16549,-21,-275,83,-68,-408,-362
62161,61,793,16557,-20,-275,86,-70,-407,-364
62175,48,812,16553,-18,-278,88,-68,-406,-361
62189,29,837,16525,-18,-283,92,-70,-400,-361
62203,15,847,16547,-19,-274,89,-66,-398,-364
62217,-29,830,16544,-20,-279,87,-68,-399,-368
62231,-25,834,16542,-21,-278,88,-69,-401,-365
62245,1,812,16549,-16,-276,86,-68,-405,-358
62259,8,808,16553,-18,-280,84,-71,-402,-364
62273,44,832,16544,-18,-283,88,-68,-411,-363
62287,65,833,16544,-22,-282,90,-69,-408,-364
62301,56,845,16538,-19,-278,84,-68,-406,-367
62315,30,811,16543,-16,-274,87,-65,-404,-363
62329,3,801,16540,-17,-280,83,-67,-409,-367
62343,-11,815,16540,-19,-278,83,-69,-405,-364
62357,-32,825,16556,-20,-278,88,-71,-404,-361
62371,-18,830,16536,-18,-284,86,-70,-405,-359
62385,-18,836,16546,-16,-279,88,-65,-404,-360
62399,29,839,16547,-15,-281,84,-61,-406,-361
62413,33,840,16543,-23,-280,87,-74,-403,-357
62427,23,830,16539,-18,-280,87,-68,-405,-365
62441,37,821,16534,-21,-283,83,-73,-401,-364
62455,20,802,16556,-20,-280,87,-69,-401,-361
62469,33,820,16544,-18,-275,82,-71,-404,-367
62483,18,830,16550,-23,-283,88,-68,-403,-365
62497,21,843,16545,-16,-280,87,-68,-403,-362
62511,24,851,16534,-19,-278,83,-65,-402,-362
62525,5,839,16549,-22,-281,87,-69,-405,-365
62539,8,817,16527,-23,-278,86,-67,-406,-361
62553,29,806,16541,-27,-274,81,-62,-400,-370
62567,23,809,16544,-21,-277,84,-70,-405,-361
62581,26,832,16520,-21,-276,81,-65,-403,-364
62595,29,822,16536,-21,-278,85,-73,-406,-365
62609,13,829,16516,-22,-280,92,-67,-406,-355
62623,11,818,16566,-20,-282,91,-63,-401,-364
62637,18,805,16555,-16,-280,88,-64,-401,-362
62651,17,817,16542,-16,-285,90,-67,-407,-365
62665,23,844,16559,-23,-285,88,-70,-404,-362
62679,15,841,16515,-20,-279,88,-67,-402,-361
62693,10,829,16554,-19,-279,81,-66,-401,-365
62707,21,814,16544,-18,-277,89,-63,-403,-360
62721,16,801,16550,-22,-277,85,-65,-403,-359
62735,25,820,16550,-17,-278,88,-64,-402,-364
62749,28,811,16529,-22,-281,87,-68,-410,-360
62763,20,848,16558,-22,-279,88,-71,-408,-368
62777,6,850,16551,-22,-279,88,-68,-408,-367
62791,8,842,16527,-21,-282,85,-74,-401,-358
62805,1,840,16542,-22,-282,84,-68,-406,-370
62819,13,809,16548,-20,-277,88,-72,-404,-367
62833,16,805,16560,-13,-276,81,-67,-400,-361
62847,4,808,16552,-21,-277,84,-69,-405,-366
62861,29,834,16520,-19,-279,89,-66,-403,-366
62875,21,822,16582,-21,-284,84,-67,-401,-365
62889,18,799,16465,-13,-280,84,-68,-405,-366
62903,7,810,16524,-23,-278,81,-62,-408,-360
62917,35,810,16547,-18,-281,85,-72,-404,-363
62931,29,831,16473,-17,-279,87,-67,-402,-365
62945,31,843,16586,-13,-275,84,-66,-402,-369
62959,28,856,16510,-16,-278,87,-66,-404,-366
62973,1,831,16572,-21,-280,86,-70,-401,-356
62987,-3,805,16526,-17,-274,83,-65,-404,-364
63001,1,805,16549,-16,-279,82,-70,-406,-362
63015,13,804,16547,-17,-274,81,-68,-407,-363
63029,29,816,16546,-22,-279,83,-65,-404,-363
63043,50,840,16538,-20,-278,83,-67,-410,-364
63057,30,866,16553,-16,-282,86,-64,-406,-363
63071,11,837,16545,-24,-282,89,-65,-400,-362
63085,-14,823,16551,-18,-278,92,-70,-407,-359
63099,-24,815,16542,-14,-279,86,-69,-402,-360
63113,2,823,16554,-19,-274,82,-74,-403,-364
63127,2,816,16561,-22,-276,86,-69,-403,-364
63141,39,843,16544,-22,-279,81,-70,-408,-359
63155,54,843,16552,-20,-283,84,-70,-411,-358
63169,43,821,16528,-20,-281,92,-64,-410,-364
63183,42,808,16549,-22,-278,88,-64,-403,-361
63197,4,805,16548,-22,-277,86,-67,-406,-362
63211,9,790,16544,-26,-280,86,-69,-404,-365
63225,9,822,16535,-22,-280,81,-67,-406,-364
63239,-28,840,16536,-20,-279,83,-66,-408,-364
63253,4,859,16545,-19,-283,83,-67,-404,-368
63267,6,862,16506,-18,-276,78,-74,-410,-363
63281,14,847,16574,-22,-277,88,-73,-405,-361
63295,27,790,16518,-16,-272,85,-63,-405,-359
63309,44,801,16561,-21,-276,87,-66,-409,-359
63323,29,791,16558,-19,-280,84,-67,-403,-366
63337,19,784,16544,-23,-278,84,-73,-403,-364
63351,-1,848,16560,-15,-282,84,-66,-403,-358
63366,4,867,16548,-20,-280,90,-66,-404,-357
63380,25,858,16560,-18,-275,91,-70,-405,-367
63394,7,865,16533,-15,-275,90,-68,-405,-361
63408,13,797,16560,-17,-277,89,-66,-407,-364
63422,30,796,16536,-19,-277,83,-67,-401,-362
63436,34,797,16534,-19,-280,86,-69,-402,-364
63450,28,813,16557,-13,-280,83,-72,-403,-361
63464,59,823,16540,-17,-277,81,-64,-409,-367
63478,51,842,16570,-19,-279,85,-71,-405,-360
63492,18,852,16529,-21,-280,88,-60,-400,-366
63506,-11,849,16549,-16,-276,88,-65,-406,-364
63520,-49,832,16548,-23,-279,91,-69,-407,-364
63534,-41,825,16536,-20,-276,87,-72,-403,-357
63548,1,823,16529,-23,-275,88,-65,-408,-362
63562,22,820,16544,-18,-278,79,-66,-401,-361
63576,67,821,16546,-20,-278,85,-66,-405,-364
63590,86,819,16549,-17,-278,88,-69,-404,-361
63604,70,817,16560,-22,-279,88,-70,-404,-364
63618,49,808,16542,-21,-277,88,-70,-410,-365
63632,-16,819,16534,-17,-278,88,-69,-404,-364
63646,-39,829,16557,-20,-280,85,-70,-405,-360
63660,-54,841,16544,-17,-279,83,-68,-403,-364
63674,-52,854,16551,-22,-276,78,-69,-409,-363
63688,27,852,16526,-16,-280,85,-69,-405,-363
63702,39,836,16534,-16,-280,86,-67,-409,-365
63716,69,807,16536,-12,-279,86,-69,-404,-367
63730,79,783,16533,-15,-274,87,-66,-403,-362
63744,23,787,16553,-16,-283,84,-65,-409,-360
63758,20,798,16544,-15,-276,87,-67,-403,-362
63772,-12,830,16573,-18,-280,85,-68,-408,-362
63786,-3,851,16547,-18,-274,82,-68,-403,-365
63801,9,856,16538,-19,-281,87,-68,-404,-362
63815,26,850,16556,-17,-275,86,-67,-403,-366
63829,16,820,16539,-18,-279,91,-61,-404,-359
63843,3,815,16539,-21,-277,87,-70,-404,-358
63857,-247,798,16539,-14,-279,91,-73,-407,-359
63871,2,795,16542,-17,-281,83,-70,-403,-363
63885,-2,826,16559,-23,-279,83,-71,-403,-364
63900,41,830,16543,-20,-276,80,-62,-399,-365
63914,37,855,16544,-25,-275,87,-67,-401,-356
63928,25,830,16547,-21,-276,92,-65,-406,-361
63942,1,833,16543,-19,-278,91,-64,-400,-359
63956,-11,814,16544,-22,-279,90,-69,-403,-361
63970,-16,802,16551,-20,-280,83,-63,-402,-358
63984,32,805,16522,-18,-278,89,-68,-404,-360
63998,49,807,16554,-19,-279,86,-64,-404,-369
64012,51,834,16544,-16,-275,84,-69,-402,-364
64026,45,842,16551,-18,-280,90,-63,-410,-360
64040,3,843,16524,-18,-283,86,-63,-405,-362
64054,-17,833,16564,-17,-278,85,-70,-406,-366
64068,-20,811,16562,-20,-279,86,-71,-407,-359
64082,-15,798,16522,-15,-283,86,-63,-408,-359
64096,43,811,16546,-17,-277,87,-69,-402,-366
64110,43,824,16525,-14,-281,83,-70,-404,-364
64124,61,833,16550,-18,-276,85,-69,-409,-361
64138,68,836,16542,-20,-277,85,-61,-403,-364
64152,-14,829,16553,-14,-282,88,-67,-405,-359
64166,-24,831,16537,-17,-278,80,-64,-403,-368
64180,-53,821,16554,-21,-277,85,-67,-405,-362
64194,-46,830,16571,-19,-279,81,-72,-406,-367
64208,8,831,16521,-13,-279,85,-73,-407,-359
64222,41,824,16546,-21,-280,84,-70,-405,-357
64236,95,821,16546,-15,-283,92,-69,-409,-361
64250,92,821,16516,-17,-279,94,-68,-406,-362
64264,55,817,16562,-20,-280,90,-63,-400,-359
64278,31,792,16538,-17,-280,88,-70,-411,-361
64292,-17,791,16563,-18,-279,86,-69,-408,-370
64306,-19,802,16541,-20,-279,85,-72,-406,-359
64320,-14,841,16568,-22,-283,84,-66,-405,-361
64334,-19,863,16531,-16,-274,85,-62,-406,-363
64348,0,858,16551,-14,-279,87,-67,-402,-356
64362,14,852,16541,-17,-277,85,-67,-405,-365
64376,22,822,16551,-13,-273,78,-73,-407,-358
64390,29,788,16561,-15,-272,78,-66,-402,-362
64404,38,764,16542,-15,-280,81,-73,-403,-363
64418,59,772,16564,-18,-281,82,-67,-399,-365
64432,75,821,16524,-19,-278,85,-65,-400,-363
64446,38,863,16530,-17,-278,88,-68,-408,-362
64460,27,875,16542,-23,-278,89,-66,-408,-359
64474,-16,859,16529,-23,-277,93,-64,-408,-360
64488,-44,853,16567,-20,-282,88,-71,-406,-366
64502,-34,801,16544,-20,-281,84,-64,-404,-357
64516,-16,796,16517,-18,-280,84,-69,-401,-365
64530,47,796,16555,-20,-276,85,-71,-409,-360
64544,60,802,16543,-17,-279,88,-68,-405,-367
64558,51,848,16539,-17,-278,92,-73,-405,-361
64572,30,845,16539,-17,-278,86,-66,-403,-359
64586,-7,838,16526,-22,-277,85,-73,-401,-367
64601,-20,832,16531,-24,-275,86,-67,-404,-366
64615,-21,803,16528,-21,-275,84,-68,-405,-353
64629,-1,797,16537,-10,-277,84,-64,-403,-359
64644,61,818,16530,-17,-276,83,-69,-404,-363
64658,82,826,16534,-16,-279,89,-68,-403,-363
64672,58,844,16540,-19,-280,91,-68,-403,-359
64686,45,842,16532,-17,-282,85,-66,-400,-360
64700,-21,802,16562,-25,-278,87,-64,-405,-364
64714,-30,816,16543,-19,-281,82,-68,-406,-366
64728,-33,814,16540,-17,-276,82,-64,-407,-364
64742,-5,812,16549,-23,-278,84,-68,-411,-359
64757,24,853,16529,-15,-278,81,-68,-403,-362
64771,54,852,16546,-21,-276,88,-69,-404,-360
64785,37,837,16530,-18,-276,88,-71,-402,-365
64799,37,815,16536,-23,-276,88,-70,-399,-363
64813,24,794,16539,-18,-275,86,-67,-402,-367
64827,15,778,16541,-17,-275,84,-67,-402,-360
64841,25,794,16539,-13,-278,85,-66,-407,-364
64855,28,824,16537,-17,-275,84,-66,-404,-362
64869,12,860,16537,-24,-279,87,-71,-404,-362
64883,-4,858,16540,-22,-279,88,-71,-403,-363
64897,-4,837,16532,-17,-280,83,-64,-407,-362
64912,-6,832,16530,-15,-277,83,-69,-409,-361
64927,27,785,16538,-21,-278,84,-67,-408,-359
64941,46,784,16533,-22,-279,83,-68,-401,-362
64955,48,813,16543,-18,-280,86,-67,-405,-361
64969,55,832,16538,-19,-280,91,-68,-406,-363
64983,23,860,16545,-17,-272,89,-64,-399,-364
64997,7,846,16533,-16,-274,86,-63,-400,-361
65011,-17,828,16540,-21,-277,84,-63,-409,-360
65025,-13,818,16553,-19,-273,84,-66,-402,-366
65039,13,797,16543,-26,-279,90,-65,-404,-360
65053,20,816,16533,-22,-280,84,-66,-406,-364
65067,46,836,16528,-22,-277,90,-69,-406,-361
65081,63,842,16531,-25,-275,87,-69,-406,-361
65095,43,839,16537,-23,-274,88,-66,-406,-363
65109,26,830,16543,-19,-279,86,-66,-405,-362
65123,-2,793,16552,-18,-276,82,-71,-404,-362
65138,-6,812,16552,-16,-273,85,-65,-406,-359
65153,6,817,16523,-22,-280,92,-69,-403,-358
65167,23,833,16544,-17,-283,87,-71,-405,-360
65181,20,866,16532,-22,-275,85,-73,-402,-360
65195,33,851,16531,-19,-275,90,-68,-406,-361
65209,33,828,16541,-20,-282,85,-68,-407,-361
65223,30,820,16544,-20,-281,84,-66,-398,-361
65237,22,784,16536,-15,-277,86,-67,-405,-359
65251,34,785,16539,-13,-284,85,-69,-402,-364
65265,45,828,16545,-18,-274,88,-69,-403,-365
65279,10,829,16547,-18,-280,81,-66,-404,-359
65293,19,853,16554,-21,-278,88,-69,-400,-364
65307,13,858,16546,-25,-275,91,-72,-406,-366
65321,8,829,16553,-16,-275,86,-61,-400,-363
65335,2,810,16549,-17,-280,83,-70,-402,-362
65350,13,807,16547,-18,-282,86,-71,-404,-358
65364,26,798,16541,-16,-278,88,-69,-405,-366
65378,46,827,16542,-22,-274,88,-68,-405,-366
65392,31,846,16549,-22,-282,86,-71,-406,-365
65406,23,853,16529,-15,-275,86,-63,-401,-364
65420,-2,839,16532,-15,-273,84,-71,-409,-364
65434,-4,826,16536,-13,-282,88,-65,-403,-359
65449,-3,792,16540,-14,-280,80,-67,-408,-361
65464,5,796,16548,-24,-276,89,-68,-402,-361
65478,29,806,16537,-25,-280,90,-69,-408,-368
65492,53,843,16545,-16,-280,85,-68,-402,-361
65506,34,837,16552,-23,-283,84,-67,-406,-365
65520,9,839,16549,-16,-282,84,-66,-407,-362
65535,24,828,16535,-17,-279,89,-67,-407,-360
65549,2,808,16536,-20,-277,83,-71,-401,-364
65564,3,799,16539,-26,-275,82,-71,-401,-361
65579,12,822,16547,-17,-274,81,-67,-405,-361
65593,10,850,16555,-23,-278,92,-72,-401,-358
65607,21,833,16544,-19,-283,89,-68,-404,-368
65621,27,838,16539,-21,-280,91,-71,-405,-365
65635,22,819,16530,-16,-273,88,-60,-403,-362
65649,33,811,16536,-15,-280,87,-68,-405,-359
65663,11,797,16547,-12,-276,80,-62,-402,-363
65677,8,810,16539,-14,-279,88,-71,-407,-364
65692,31,827,16529,-19,-278,84,-69,-405,-359
65706,9,851,16538,-18,-276,89,-60,-403,-357
65721,19,854,16545,-18,-278,87,-67,-402,-364
65735,16,830,16551,-17,-278,83,-65,-402,-361
65749,26,827,16545,-17,-277,88,-70,-408,-361
65763,3,804,16545,-19,-279,92,-69,-401,-363
65777,38,814,16541,-16,-281,87,-64,-410,-366
65791,30,814,16535,-17,-280,85,-68,-402,-362
65805,29,840,16545,-19,-281,91,-69,-405,-365
65819,38,857,16538,-16,-279,88,-69,-405,-366
65833,22,850,16529,-18,-279,86,-67,-402,-362
65847,15,821,16533,-17,-277,86,-70,-403,-360
65861,8,816,16530,-22,-275,85,-64,-402,-362
65875,13,801,16525,-22,-280,85,-68,-403,-361
65889,26,805,16546,-18,-280,80,-71,-403,-357
65903,37,817,16535,-20,-281,89,-71,-406,-365
65917,37,838,16547,-20,-274,85,-69,-403,-365
65931,33,848,16533,-18,-279,85,-67,-408,-362
65945,33,833,16522,-19,-275,87,-68,-405,-363
65959,16,820,16550,-21,-283,80,-68,-408,-361
65973,16,797,16542,-19,-280,82,-68,-397,-361
65987,5,814,16532,-15,-279,83,-68,-406,-364
66001,19,840,16536,-16,-279,85,-68,-406,-363
66015,26,837,16524,-19,-279,88,-67,-402,-365
66029,18,845,16544,-20,-277,86,-62,-405,-360
66043,30,846,16531,-20,-278,83,-70,-405,-361
66057,20,814,16525,-14,-279,83,-70,-401,-364
66071,13,797,16530,-12,-277,82,-71,-403,-362
66085,20,809,16557,-17,-276,90,-63,-409,-364
66099,21,799,16536,-17,-276,89,-65,-402,-360
66113,25,840,16540,-13,-277,88,-65,-401,-357
66127,18,838,16525,-14,-282,85,-66,-402,-357
66141,12,843,16537,-19,-277,82,-70,-404,-362
66155,18,834,16534,-17,-278,83,-70,-404,-363
66169,21,824,16555,-17,-274,82,-71,-410,-358
66183,10,813,16541,-23,-277,85,-68,-402,-366
66197,32,798,16538,-16,-275,84,-67,-403,-364
66211,36,814,16526,-16,-275,82,-70,-406,-366
66225,27,836,16536,-20,-278,86,-63,-407,-364
66239,22,845,16548,-22,-279,86,-62,-401,-363
66253,6,829,16534,-14,-279,87,-67,-403,-366
66268,22,826,16526,-13,-273,84,-70,-408,-362
66282,2,819,16551,-19,-274,81,-67,-399,-362
66297,5,804,16540,-18,-281,81,-65,-405,-358
66312,17,820,16545,-16,-277,85,-63,-408,-361
66326,21,838,16534,-16,-279,90,-63,-406,-363
66340,25,846,16549,-20,-282,88,-68,-404,-367
66354,34,840,16557,-15,-275,85,-67,-410,-365
66368,22,814,16533,-22,-278,88,-63,-398,-352
66382,24,813,16538,-21,-274,83,-70,-404,-362
66396,9,805,16530,-22,-276,87,-67,-409,-361
66411,7,802,16521,-20,-280,88,-74,-403,-362
66426,31,833,16547,-13,-282,81,-70,-405,-361
66440,-8,836,16526,-13,-281,85,-64,-407,-368
66455,19,844,16535,-22,-275,88,-72,-409,-362
66469,8,831,16527,-16,-278,85,-66,-404,-363
66483,21,807,16543,-18,-277,84,-63,-409,-363
66497,24,802,16529,-20,-280,83,-69,-405,-362
66511,21,817,16546,-20,-275,82,-69,-403,-354
66525,33,814,16544,-22,-273,85,-64,-406,-359
66539,24,842,16539,-20,-283,87,-67,-402,-362
66553,10,833,16537,-22,-279,85,-66,-406,-364
66567,11,850,16533,-24,-276,87,-65,-409,-362
66581,20,821,16530,-20,-278,86,-64,-402,-365
66595,10,815,16539,-14,-276,82,-79,-402,-357
66609,17,812,16535,-14,-282,91,-64,-406,-360
66623,22,823,16534,-16,-282,85,-72,-403,-361
66637,39,826,16540,-21,-281,86,-67,-405,-364
66651,31,827,16543,-17,-284,89,-70,-406,-361
66665,20,824,16529,-23,-274,87,-72,-405,-359
66679,15,827,16531,-17,-275,83,-65,-408,-367
66693,5,828,16523,-16,-281,82,-66,-404,-360
66708,-3,815,16531,-17,-277,89,-68,-398,-363
66723,6,817,16534,-24,-277,88,-75,-407,-362
66737,19,820,16550,-17,-284,82,-63,-406,-363
66751,31,836,16537,-18,-277,88,-67,-404,-363
66765,41,837,16537,-22,-279,90,-66,-407,-360
66779,41,839,16539,-27,-276,80,-68,-407,-358
66793,27,825,16549,-27,-278,81,-62,-407,-363
66807,11,815,16543,-21,-280,84,-65,-402,-364
66821,-6,828,16542,-21,-282,88,-70,-409,-359
66836,15,817,16537,-20,-274,87,-66,-401,-363
66850,6,822,16530,-17,-281,90,-63,-406,-364
66864,-6,831,16540,-16,-278,88,-71,-402,-364
66878,25,818,16537,-18,-277,88,-77,-406,-363
66892,30,822,16523,-20,-278,86,-71,-404,-361
66906,32,819,16546,-24,-281,87,-68,-401,-363
66920,28,808,16545,-20,-276,82,-69,-404,-365
66934,12,804,16539,-18,-278,80,-67,-404,-365
66948,2,816,16525,-18,-278,81,-70,-407,-363
66963,10,850,16528,-17,-278,84,-68,-409,-364
66977,16,836,16531,-19,-280,85,-71,-399,-360
66991,15,837,16537,-17,-277,83,-68,-396,-366
67005,21,831,16529,-23,-279,82,-70,-405,-364
67019,37,805,16543,-18,-282,85,-66,-407,-361
67033,27,800,16558,-17,-276,88,-68,-407,-364
67047,27,819,16534,-16,-277,86,-64,-403,-362
67061,40,811,16530,-17,-280,86,-65,-403,-364
67075,19,840,16540,-18,-282,83,-67,-407,-363
67089,30,828,16517,-21,-282,88,-66,-405,-362
67103,4,833,16535,-17,-284,85,-69,-405,-357
67117,6,826,16547,-18,-277,80,-64,-408,-360
67131,8,801,16535,-17,-281,86,-70,-402,-359
67145,14,812,16542,-22,-278,84,-66,-406,-362
67159,21,808,16528,-22,-282,87,-65,-400,-365
67173,35,823,16531,-19,-279,84,-65,-403,-363
67187,36,845,16546,-20,-278,85,-66,-403,-362
67201,36,853,16545,-23,-281,85,-69,-402,-358
67215,25,818,16539,-18,-279,91,-64,-407,-366
67229,21,818,16534,-20,-279,90,-68,-403,-363
67243,-3,799,16551,-13,-278,84,-64,-405,-359
67258,-4,833,16551,-15,-279,85,-70,-403,-362
67272,24,837,16541,-22,-282,90,-69,-403,-359
67286,10,837,16540,-18,-277,86,-68,-410,-366
67300,35,822,16539,-21,-278,82,-64,-406,-365
67314,30,823,16526,-15,-275,81,-66,-402,-358
67328,36,816,16549,-20,-275,83,-70,-405,-363
67342,24,820,16542,-25,-278,90,-66,-401,-364
67356,25,812,16546,-18,-281,90,-69,-408,-365
67370,10,822,16535,-17,-284,87,-67,-406,-359
67384,10,837,16546,-16,-276,84,-70,-399,-362
67398,25,840,16541,-18,-276,83,-62,-403,-359
67412,14,835,16537,-19,-279,88,-75,-405,-362
67426,29,817,16539,-19,-278,83,-62,-404,-365
67440,38,811,16538,-19,-281,90,-68,-402,-364
67454,9,807,16543,-14,-277,83,-73,-406,-364
67469,24,797,16524,-18,-286,86,-71,-407,-365
67483,23,819,16530,-20,-276,85,-72,-407,-362
67497,11,835,16559,-17,-273,86,-69,-403,-359
67511,17,832,16547,-21,-278,85,-63,-405,-360
67525,19,835,16535,-21,-280,86,-76,-411,-359
67539,10,824,16529,-21,-277,88,-65,-405,-357
67553,15,821,16531,-17,-279,84,-73,-408,-360
67567,10,810,16525,-19,-279,89,-69,-408,-361
67581,13,828,16554,-22,-277,88,-68,-404,-363
67595,24,827,16550,-17,-276,87,-69,-403,-361
67609,7,849,16526,-21,-279,87,-71,-406,-362
67623,19,843,16539,-15,-284,93,-63,-399,-360
67637,23,827,16533,-19,-282,85,-73,-408,-358
67651,6,823,16540,-20,-276,86,-65,-401,-361
67666,6,815,16541,-21,-280,83,-60,-408,-364
67681,5,811,16542,-21,-276,83,-65,-411,-363
67695,21,816,16524,-17,-277,81,-64,-404,-358
67709,19,836,16538,-16,-285,85,-65,-406,-361
67723,26,828,16536,-20,-280,87,-66,-401,-369
67737,23,833,16538,-16,-276,86,-73,-407,-368
67751,15,813,16535,-15,-282,88,-62,-404,-361
67765,16,807,16550,-24,-276,85,-70,-406,-361
67779,14,814,16548,-21,-279,83,-70,-399,-364
67793,16,822,16532,-20,-276,87,-71,-401,-366
67807,16,829,16547,-20,-278,91,-67,-408,-366
67821,25,827,16542,-14,-282,87,-70,-403,-363
67835,26,833,16545,-17,-275,85,-68,-406,-358
67849,21,811,16551,-17,-276,89,-71,-406,-360
67863,21,814,16540,-19,-277,85,-66,-404,-363
67877,8,823,16538,-19,-276,87,-68,-404,-366
67892,7,815,16543,-20,-274,88,-67,-408,-367
67907,8,833,16532,-18,-282,87,-73,-406,-367
67922,18,829,16549,-17,-277,80,-68,-408,-364
67936,40,832,16536,-14,-279,82,-74,-403,-365
67950,10,820,16544,-20,-279,85,-68,-405,-359
67964,25,821,16530,-16,-276,83,-67,-405,-362
67978,14,816,16545,-17,-276,85,-65,-403,-356
67992,-1,814,16540,-17,-278,83,-70,-402,-360
68006,12,822,16528,-18,-278,84,-68,-408,-362
68020,-1,861,16535,-19,-275,85,-71,-401,-363
68035,4,858,16549,-18,-279,81,-68,-408,-363
68050,23,830,16542,-23,-275,88,-73,-402,-357
68064,20,801,16529,-19,-275,86,-66,-406,-364
68078,56,797,16550,-21,-280,90,-76,-405,-362
68092,63,786,16541,-21,-279,82,-69,-401,-365
68106,41,812,16520,-23,-274,87,-67,-404,-364
68120,38,832,16540,-22,-280,86,-61,-405,-364
68134,-31,863,16528,-19,-277,85,-69,-409,-360
68148,-39,863,16557,-20,-279,89,-65,-403,-368
68162,-44,827,16534,-20,-274,85,-66,-406,-364
68176,-12,803,16544,-20,-278,81,-68,-401,-359
68190,34,795,16529,-22,-279,84,-70,-406,-363
68204,73,805,16538,-21,-276,88,-72,-409,-363
68218,77,826,16541,-19,-278,84,-62,-407,-360
68232,77,836,16520,-17,-280,90,-67,-409,-363
68246,29,841,16544,-20,-274,88,-71,-403,-361
68260,-1,827,16533,-21,-281,85,-71,-404,-359
68275,-47,820,16544,-20,-280,88,-69,-403,-362
68289,-40,829,16545,-17,-278,86,-67,-406,-362
68303,-19,845,16539,-20,-274,87,-65,-402,-364
68317,-8,838,16549,-23,-277,88,-70,-402,-364
68332,48,845,16533,-19,-273,87,-70,-403,-364
68346,57,830,16531,-19,-276,84,-68,-406,-363
68360,64,812,16537,-20,-274,86,-69,-404,-361
68374,40,802,16550,-19,-276,86,-72,-407,-363
68388,30,800,16549,-19,-279,85,-72,-402,-360
68402,12,798,16532,-21,-278,85,-66,-407,-360
68416,9,840,16544,-21,-275,83,-68,-403,-362
68430,-14,845,16521,-17,-273,87,-67,-400,-361
68444,16,868,16556,-21,-278,87,-68,-404,-360
68458,14,858,16539,-19,-276,82,-71,-405,-362
68472,24,814,16536,-20,-279,81,-68,-402,-362
68486,30,794,16535,-19,-276,82,-67,-403,-362
68500,23,786,16542,-22,-277,86,-71,-409,-366
68514,18,807,16540,-23,-280,91,-71,-401,-362
68528,16,832,16544,-19,-281,87,-70,-409,-361
68542,15,851,16542,-16,-280,88,-67,-406,-368
68556,-2,846,16540,-22,-282,86,-67,-407,-360
68571,-4,839,16554,-25,-275,87,-67,-405,-361
68586,14,818,16551,-20,-281,92,-65,-405,-364
68600,20,790,16534,-19,-278,91,-67,-403,-360
68614,31,793,16542,-18,-278,88,-72,-403,-364
68628,47,819,16529,-18,-276,86,-63,-406,-361
68642,44,840,16540,-12,-284,92,-68,-405,-364
68656,28,844,16533,-16,-281,87,-64,-404,-362
68670,20,834,16560,-17,-278,82,-70,-403,-363
68684,10,834,16539,-12,-276,88,-65,-404,-365
68698,-16,813,16547,-20,-277,86,-65,-405,-366
68712,-8,823,16540,-17,-284,88,-70,-406,-365
68727,-12,829,16555,-19,-276,90,-64,-405,-368
68741,7,840,16549,-17,-279,87,-66,-402,-363
68756,38,834,16533,-13,-284,84,-61,-404,-361
68770,53,836,16529,-26,-283,88,-69,-401,-364
68784,50,819,16548,-24,-278,86,-69,-402,-364
68798,30,811,16542,-19,-280,89,-67,-404,-364
68812,17,814,16532,-19,-281,85,-67,-404,-362
68826,-12,822,16532,-16,-277,81,-66,-407,-362
68840,-21,837,16529,-12,-282,84,-67,-409,-364
68854,-2,840,16545,-14,-278,84,-68,-398,-366
68869,10,842,16538,-22,-279,84,-69,-407,-366
68883,11,834,16544,-26,-279,85,-71,-403,-363
68897,32,812,16551,-22,-280,88,-69,-405,-361
68911,41,794,16553,-19,-280,85,-68,-403,-365
68925,31,812,16539,-20,-279,89,-67,-409,-369
68939,18,827,16567,-21,-280,86,-67,-407,-365
68953,21,841,16534,-18,-280,89,-65,-408,-370
68967,9,870,16545,-17,-278,88,-67,-405,-364
68982,-7,840,16568,-16,-278,87,-69,-404,-364
68997,7,821,16530,-24,-278,85,-63,-402,-356
69012,-4,805,16545,-18,-274,85,-69,-406,-367
69027,17,819,16534,-24,-276,89,-67,-409,-360
69041,12,828,16545,-23,-280,89,-69,-403,-365
69055,21,832,16548,-16,-281,87,-67,-405,-361
69069,24,819,16530,-17,-278,86,-63,-403,-363
69083,8,826,16539,-20,-278,87,-68,-401,-360
69097,-3,832,16546,-22,-277,86,-69,-408,-366
69111,36,817,16531,-18,-282,83,-64,-409,-368
69125,15,816,16494,-16,-276,90,-71,-404,-364
69139,15,802,16589,-23,-285,88,-66,-407,-362
69153,22,808,16509,-21,-278,82,-69,-407,-364
69167,28,804,16571,-25,-278,88,-66,-403,-361
69181,31,844,16557,-21,-279,83,-64,-402,-366
69195,28,846,16536,-21,-274,85,-68,-402,-362
69209,43,819,16568,-21,-279,86,-65,-401,-365
69223,17,807,16518,-20,-282,88,-63,-408,-365
69237,-3,812,16560,-21,-279,88,-71,-400,-363
69252,-22,825,16530,-23,-282,84,-64,-404,-362
69266,-15,839,16551,-24,-279,84,-61,-403,-367
69280,-9,844,16546,-23,-283,85,-68,-408,-359
69295,4,850,16553,-20,-280,83,-65,-402,-364
69309,39,817,16525,-21,-276,92,-69,-405,-361
69323,37,811,16557,-22,-278,89,-66,-401,-364
69337,48,790,16531,-19,-281,89,-67,-405,-364
69351,40,783,16550,-23,-275,86,-67,-408,-359
69365,41,806,16545,-23,-277,89,-71,-407,-363
69379,22,829,16522,-20,-281,83,-70,-408,-361
69393,5,859,16558,-21,-276,88,-75,-402,-361
69408,-14,844,16530,-19,-278,86,-68,-401,-361
69422,6,824,16542,-20,-279,89,-66,-403,-359
69436,16,820,16546,-14,-277,86,-67,-399,-366
69450,29,808,16546,-19,-279,87,-65,-401,-361
69464,25,822,16536,-18,-277,92,-71,-406,-360
69478,10,827,16544,-19,-280,92,-68,-409,-366
69492,0,828,16529,-18,-283,84,-71,-404,-364
69506,8,826,16561,-20,-279,84,-66,-409,-364
69520,29,821,16533,-19,-281,85,-68,-406,-365
69534,48,815,16526,-20,-275,86,-69,-405,-363
69548,44,814,16545,-25,-279,88,-68,-407,-359
69562,37,814,16525,-18,-276,88,-65,-403,-361
69576,24,832,16538,-18,-279,89,-72,-405,-365
69590,7,830,16536,-16,-278,83,-73,-407,-370
69605,7,816,16556,-15,-282,80,-70,-408,-364
69620,-4,809,16537,-17,-277,81,-72,-403,-358
69635,20,820,16555,-19,-276,87,-69,-400,-357
69649,19,820,16541,-22,-280,87,-64,-404,-366
69663,-1,827,16551,-21,-281,90,-65,-407,-362
69677,-247,849,16530,-19,-277,89,-68,-404,-362
69691,7,843,16555,-24,-277,89,-69,-403,-367
69705,18,822,16531,-17,-283,86,-69,-402,-363
69719,23,826,16543,-15,-276,80,-72,-402,-369
69733,21,816,16538,-18,-278,87,-69,-401,-367
69747,36,809,16548,-17,-278,85,-66,-404,-366
69761,44,795,16532,-20,-276,90,-72,-403,-366
69775,-5,834,16544,-16,-279,90,-68,-400,-362
69790,-3,867,16534,-17,-279,86,-68,-402,-364
69805,-6,844,16513,-20,-275,83,-65,-406,-364
69820,20,806,16559,-16,-281,84,-69,-409,-361
69834,35,790,16535,-11,-277,84,-63,-406,-366
69848,59,795,16551,-22,-277,86,-65,-402,-364
69862,41,825,16534,-19,-278,96,-69,-408,-361
69876,21,853,16550,-21,-275,95,-66,-401,-362
69890,13,869,16530,-22,-276,87,-65,-400,-362
69904,-10,859,16545,-24,-280,90,-64,-405,-362
69918,-30,844,16549,-24,-277,84,-69,-404,-359
69932,1,818,16570,-19,-277,85,-68,-407,-365
69946,9,809,16545,-21,-279,87,-74,-409,-366
69961,28,810,16549,-19,-279,87,-64,-407,-362
69975,26,818,16563,-18,-277,85,-68,-403,-364
69989,44,827,16530,-23,-279,90,-72,-401,-362
70003,32,829,16577,-20,-278,89,-63,-408,-364
70017,33,823,16522,-21,-278,86,-68,-406,-364
70031,27,814,16556,-24,-283,87,-71,-403,-361
70045,1,815,16548,-17,-276,87,-67,-402,-365
70059,-3,830,16528,-20,-280,87,-75,-406,-361
70073,1,830,16533,-18,-281,94,-68,-405,-360
70088,24,826,16521,-18,-276,89,-68,-400,-367
70102,38,812,16598,-24,-276,92,-66,-409,-359
70116,50,807,16557,-22,-275,86,-70,-410,-365
70130,34,817,16555,-19,-278,84,-66,-405,-364
70144,34,840,16558,-15,-278,85,-59,-404,-360
70158,250,854,16550,-18,-285,87,-68,-402,-361
70172,-17,833,16543,-14,-282,86,-69,-404,-366
70186,-5,809,16542,-23,-281,90,-67,-403,-365
70201,3,806,16579,-21,-279,86,-66,-407,-363
70216,35,806,16523,-19,-275,85,-66,-406,-364
70230,48,808,16562,-22,-277,88,-69,-402,-357
70244,82,824,16507,-20,-278,83,-69,-405,-361
70258,79,805,16530,-22,-279,87,-66,-406,-361
70272,-10,841,16526,-16,-284,89,-70,-404,-361
70286,-55,855,16553,-23,-281,87,-66,-404,-359
70300,-67,854,16521,-19,-277,86,-67,-401,-363
70314,-57,871,16561,-22,-280,83,-67,-407,-361
70328,-2,845,16530,-21,-279,85,-65,-405,-361
70343,30,828,16534,-16,-279,87,-67,-404,-359
70357,87,789,16537,-16,-276,86,-60,-405,-367
70371,101,783,16505,-18,-277,84,-66,-405,-363
70385,105,786,16557,-16,-277,90,-63,-405,-361
70399,93,799,16513,-18,-277,90,-65,-403,-359
70413,-5,849,16584,-20,-282,91,-63,-403,-361
70428,-39,871,16513,-17,-280,88,-68,-405,-364
70442,-100,873,16589,-24,-286,85,-64,-404,-366
70456,-96,863,16554,-22,-281,83,-66,-406,-360
70470,-9,814,16551,-22,-282,83,-64,-411,-364
70485,38,808,16562,-19,-277,90,-67,-400,-358
70499,127,782,16541,-18,-280,85,-63,-400,-367
70513,113,782,16551,-23,-281,88,-72,-405,-362
70527,98,816,16511,-17,-281,92,-65,-406,-360
70541,83,812,16567,-20,-278,85,-71,-409,-361
70555,-19,840,16524,-18,-284,84,-65,-403,-363
70569,-49,860,16555,-21,-281,84,-69,-405,-366
70583,-99,872,16525,-19,-277,88,-63,-402,-366
70597,-78,859,16560,-18,-282,86,-66,-404,-363
70611,-6,834,16536,-15,-278,86,-69,-403,-361
70626,33,794,16556,-14,-277,87,-68,-404,-360
70640,103,797,16531,-20,-282,86,-63,-404,-359
70654,121,792,16551,-18,-279,89,-68,-404,-365
70668,89,793,16544,-17,-283,86,-70,-406,-364
70682,61,795,16543,-25,-271,91,-68,-400,-358
70696,-24,836,16545,-21,-279,89,-73,-405,-358
70710,-53,851,16541,-24,-281,92,-65,-402,-361
70724,-69,872,16554,-16,-276,92,-69,-406,-363
70738,-62,870,16526,-16,-276,83,-67,-404,-362
70752,-30,842,16555,-20,-281,92,-72,-405,-367
70766,21,841,16499,-20,-269,87,-61,-406,-362
70780,60,818,16604,-21,-283,89,-71,-407,-359
70794,97,761,16472,-15,-277,87,-67,-404,-363
70808,85,748,16617,-28,-280,92,-70,-403,-363
70822,71,792,16560,-18,-283,85,-67,-398,-361
70836,19,828,16439,-20,-285,92,-70,-404,-364
70850,-41,886,16596,-20,-276,87,-66,-402,-359
70864,-87,890,16527,-21,-278,90,-69,-399,-366
70878,-96,871,16580,-23,-279,90,-70,-404,-358
70892,-67,849,16553,-18,-276,88,-68,-403,-362
70906,10,799,16564,-20,-275,84,-65,-407,-367
70920,80,784,16541,-19,-276,82,-62,-410,-362
70934,143,804,16535,-22,-274,82,-69,-404,-360
70948,131,820,16528,-24,-273,86,-68,-404,-363
70962,92,808,16590,-17,-287,88,-72,-406,-361
70976,39,829,16480,-15,-277,83,-72,-405,-362
70990,-63,823,16624,-25,-277,88,-65,-406,-361
71004,-102,823,16565,-21,-279,86,-69,-406,-364
71018,-76,838,16568,-22,-278,83,-64,-405,-359
71032,-31,834,16601,-19,-274,81,-69,-407,-364
71046,57,845,16495,-17,-276,83,-64,-409,-362
71060,76,813,16575,-15,-277,87,-69,-403,-361
71074,125,795,16497,-19,-277,84,-66,-404,-363
71088,124,774,16544,-25,-279,81,-66,-402,-365
71102,59,790,16507,-18,-275,91,-67,-405,-364
71116,14,815,16541,-16,-283,91,-67,-401,-362
71130,-49,855,16529,-20,-277,88,-67,-400,-368
71144,-70,865,16528,-19,-278,84,-69,-404,-364
71158,-65,880,16558,-17,-275,88,-62,-403,-362
71172,-24,852,16526,-20,-278,90,-69,-401,-367
71186,4,790,16554,-21,-277,88,-73,-404,-363
71200,94,769,16520,-17,-278,91,-69,-413,-366
71214,114,764,16542,-19,-278,91,-74,-403,-364
71228,118,781,16534,-18,-276,82,-71,-408,-361
71242,80,815,16546,-21,-282,85,-64,-406,-362
71256,-3,850,16530,-23,-282,88,-64,-402,-364
71271,-53,875,16535,-21,-283,88,-75,-409,-360
71285,-97,876,16551,-22,-271,82,-65,-406,-360
71299,-98,875,16553,-19,-274,87,-64,-405,-360
71313,-118,892,16549,-17,-273,84,-71,-409,-362
71327,-62,871,16548,-19,-277,86,-67,-403,-363
71341,147,758,16524,-18,-279,85,-70,-407,-360
71355,195,717,16533,-20,-280,86,-76,-404,-359
71369,203,720,16560,-15,-278,86,-66,-404,-360
71383,138,772,16532,-20,-284,90,-66,-404,-362
71397,-17,862,16536,-22,-283,88,-67,-403,-365
71411,-101,901,16542,-17,-278,80,-66,-403,-362
71425,-147,922,16543,-18,-279,83,-65,-402,-360
71439,-134,913,16544,-24,-275,83,-65,-402,-368
71453,-67,835,16534,-20,-273,79,-67,-404,-359
71467,10,789,16541,-17,-279,85,-64,-401,-366
71481,98,775,16530,-21,-278,92,-67,-401,-362
71495,144,759,16523,-20,-276,84,-70,-405,-362
71509,150,794,16534,-17,-280,83,-66,-405,-363
71523,116,805,16543,-16,-278,85,-69,-402,-358
71537,7,826,16549,-18,-282,81,-69,-403,-364
71552,-49,822,16540,-20,-280,85,-67,-403,-361
71566,-107,856,16544,-18,-280,87,-63,-404,-362
71580,-131,848,16570,-20,-280,85,-67,-406,-363
71594,-57,850,16542,-18,-274,87,-63,-401,-363
71608,0,853,16543,-16,-276,85,-64,-410,-363
71623,109,812,16547,-16,-278,83,-69,-404,-366
71637,137,801,16533,-15,-284,82,-63,-404,-361
71651,148,764,16518,-17,-282,82,-67,-403,-363
71665,104,758,16528,-17,-283,88,-68,-405,-363
71679,-15,818,16542,-17,-280,89,-65,-403,-362
71693,-51,847,16546,-17,-278,85,-68,-407,-359
71707,-129,892,16546,-21,-279,89,-70,-404,-363
71721,-123,903,16535,-21,-280,88,-69,-402,-364
71735,-38,866,16534,-16,-281,80,-64,-412,-360
71749,2,840,16534,-19,-281,81,-69,-406,-369
71764,112,772,16555,-19,-280,82,-64,-402,-363
71778,130,745,16548,-17,-280,87,-67,-407,-359
71792,105,768,16531,-19,-283,92,-71,-406,-363
71806,77,809,16530,-25,-282,91,-65,-407,-365
71820,-22,853,16544,-21,-276,88,-71,-405,-364
71834,-48,887,16555,-19,-282,85,-71,-406,-367
71848,-87,860,16543,-14,-278,83,-67,-406,-363
71862,-71,859,16541,-20,-277,86,-66,-406,-364
71876,-25,826,16530,-19,-277,85,-67,-406,-364
71890,12,807,16538,-19,-281,91,-69,-398,-366
71904,71,791,16553,-18,-278,88,-65,-406,-365
71918,101,800,16527,-15,-275,82,-67,-401,-361
71932,97,813,16523,-14,-278,83,-65,-404,-363
71946,59,801,16538,-18,-280,82,-71,-407,-365
71960,-10,832,16536,-17,-279,79,-68,-409,-359
71974,-40,831,16533,-14,-280,84,-66,-400,-366
71988,-53,859,16536,-23,-280,84,-67,-405,-358
72002,-68,857,16541,-20,-282,88,-73,-406,-362
72016,-61,854,16538,-22,-277,83,-62,-408,-358
72030,12,847,16534,-21,-276,83,-69,-407,-365
72044,55,837,16549,-17,-277,86,-67,-405,-364
72058,112,787,16539,-16,-282,86,-68,-405,-362
72072,112,777,16520,-18,-278,85,-66,-403,-368
72086,69,785,16543,-18,-277,84,-71,-405,-362
72100,58,802,16542,-17,-281,83,-68,-407,-367
72114,-25,842,16537,-15,-280,91,-66,-403,-364
72128,-70,868,16543,-17,-283,94,-68,-400,-364
72142,-73,891,16543,-20,-282,84,-66,-403,-363
72156,-46,862,16548,-25,-280,85,-71,-403,-366
72170,18,825,16548,-19,-278,84,-68,-406,-360
72184,47,789,16546,-23,-279,81,-65,-406,-358
72198,111,771,16543,-20,-276,87,-70,-405,-363
72212,106,777,16543,-19,-284,90,-70,-401,-357
72226,75,807,16534,-19,-284,89,-72,-403,-369
72240,19,828,16527,-19,-282,88,-75,-404,-361
72254,-40,847,16542,-20,-280,81,-66,-404,-359
72268,-52,858,16553,-20,-277,77,-69,-403,-363
72282,-55,849,16544,-17,-282,80,-76,-404,-361
72296,-43,829,16547,-17,-283,85,-67,-402,-364
72310,17,809,16545,-15,-279,83,-65,-403,-366
72324,52,817,16540,-19,-280,86,-69,-407,-363
72338,89,804,16538,-17,-280,84,-66,-402,-363
72352,75,814,16525,-17,-275,86,-66,-399,-359
72366,63,823,16531,-24,-277,84,-67,-403,-358
72380,36,810,16533,-17,-283,87,-63,-405,-364
72394,-18,828,16548,-21,-278,82,-67,-401,-357
72408,-35,847,16535,-21,-278,85,-69,-403,-365
72422,-56,849,16536,-13,-279,88,-70,-399,-361
72436,-42,849,16528,-13,-273,85,-65,-401,-367
72450,-11,835,16530,-14,-276,85,-68,-408,-365
72464,26,830,16532,-18,-278,85,-65,-410,-357
72478,68,816,16540,-17,-276,82,-72,-406,-365
72492,92,774,16547,-16,-280,78,-69,-403,-365
72506,90,785,16542,-17,-277,88,-72,-402,-365
72520,35,794,16522,-18,-272,86,-65,-407,-368
72534,5,837,16541,-19,-282,91,-66,-403,-365
72549,-35,868,16537,-21,-277,88,-69,-399,-363
72563,-42,857,16546,-18,-278,80,-71,-401,-364
72577,-31,846,16552,-14,-277,82,-63,-404,-362
72591,6,827,16548,-19,-281,85,-67,-408,-358
72606,47,797,16542,-19,-281,80,-68,-400,-361
72620,74,790,16533,-18,-279,85,-62,-400,-366
72634,82,799,16545,-14,-277,89,-65,-403,-362
72648,78,815,16545,-20,-277,85,-67,-400,-361
72662,18,832,16538,-17,-279,87,-71,-402,-366
72676,0,841,16540,-16,-278,85,-63,-402,-363
72691,-35,846,16538,-18,-276,85,-73,-404,-366
72705,-35,833,16544,-19,-280,82,-67,-404,-364
72719,-7,828,16551,-17,-279,78,-64,-405,-364
72734,18,821,16537,-17,-281,87,-68,-408,-364
72748,36,816,16527,-15,-285,84,-67,-405,-366
72762,59,805,16540,-17,-278,87,-66,-403,-365
72776,72,815,16508,-23,-280,88,-67,-400,-365
72790,41,804,16540,-20,-278,88,-69,-401,-361
72804,26,815,16540,-20,-279,85,-67,-405,-368
72818,-8,821,16534,-18,-280,90,-69,-402,-369
72833,-8,832,16533,-15,-278,88,-69,-407,-364
72848,-29,844,16538,-23,-278,89,-62,-406,-364
72862,-2,841,16537,-23,-281,82,-68,-409,-362
72876,28,818,16528,-24,-279,88,-71,-405,-366
72890,47,813,16543,-22,-279,83,-67,-406,-363
72904,72,789,16535,-22,-279,84,-69,-408,-365
72918,66,806,16547,-21,-279,83,-71,-404,-363
72932,25,800,16543,-19,-278,87,-65,-402,-365
72946,15,824,16530,-19,-277,87,-65,-409,-366
72960,-22,854,16544,-23,-276,86,-74,-407,-360
72974,-33,862,16553,-19,-275,85,-71,-408,-360
72988,-19,855,16540,-19,-283,81,-72,-408,-360
73002,-22,824,16548,-14,-279,86,-66,-405,-367
73016,15,805,16553,-21,-276,84,-70,-411,-360
73030,49,803,16541,-23,-278,86,-69,-408,-362
73044,48,813,16545,-15,-280,88,-66,-401,-359
73058,41,817,16538,-18,-277,85,-67,-403,-365
73072,50,827,16540,-19,-282,84,-68,-405,-358
73086,-23,825,16521,-19,-274,84,-70,-403,-361
73100,-23,846,16520,-21,-278,87,-70,-405,-361
73114,-7,839,16537,-17,-283,81,-66,-408,-363
73129,-21,821,16542,-25,-277,84,-63,-404,-366
73143,16,822,16548,-18,-279,82,-69,-406,-367
73157,15,834,16530,-17,-278,88,-71,-400,-368
73171,54,820,16536,-15,-277,88,-69,-402,-365
73185,46,811,16538,-20,-281,88,-67,-407,-360
73199,45,812,16536,-19,-276,84,-66,-407,-365
73213,49,825,16534,-18,-279,84,-69,-405,-363
73227,11,814,16541,-15,-280,87,-69,-407,-364
73241,-4,819,16548,-20,-277,85,-69,-410,-361
73256,-19,835,16543,-16,-278,90,-65,-400,-367
73270,-23,849,16538,-19,-277,85,-67,-405,-367
73284,0,842,16547,-19,-276,85,-72,-403,-362
73298,15,835,16538,-17,-280,78,-65,-406,-364
73312,44,807,16540,-15,-280,84,-71,-403,-365
73326,47,796,16530,-14,-278,87,-64,-409,-362
73340,55,811,16562,-19,-281,85,-65,-406,-358
73354,52,813,16533,-21,-279,93,-70,-400,-364
73368,5,835,16555,-17,-276,95,-70,-407,-362
73383,-6,843,16518,-23,-273,90,-66,-403,-365
73398,-12,843,16545,-18,-279,88,-68,-409,-367
73412,-3,836,16524,-20,-274,89,-68,-400,-362
73426,4,828,16535,-21,-282,87,-63,-402,-359
73440,31,811,16549,-19,-281,86,-64,-403,-364
73454,38,813,16538,-18,-281,88,-70,-410,-364
73468,56,808,16529,-20,-279,87,-71,-410,-361
73482,32,834,16539,-20,-276,93,-67,-405,-363
73496,20,829,16537,-19,-277,80,-68,-405,-362
73510,-10,839,16526,-21,-283,86,-67,-403,-360
73524,-4,825,16536,-17,-280,84,-69,-402,-363
73538,-3,827,16543,-15,-283,86,-68,-405,-361
73553,-1,821,16537,-19,-277,85,-71,-404,-359
73568,3,829,16540,-20,-275,87,-73,-408,-360
73583,45,815,16540,-23,-280,88,-75,-405,-363
73597,25,824,16535,-23,-278,90,-68,-401,-361
73611,35,838,16549,-18,-275,85,-71,-407,-366
73625,30,815,16532,-22,-278,87,-72,-406,-366
73639,14,813,16553,-24,-281,90,-70,-405,-362
73653,1,807,16543,-16,-280,86,-72,-403,-367
73667,9,839,16548,-18,-275,83,-65,-404,-365
73681,0,837,16548,-18,-282,85,-68,-404,-361
73695,0,850,16530,-18,-276,89,-67,-407,-362
73709,28,840,16542,-20,-283,83,-67,-410,-358
73723,18,815,16543,-20,-281,85,-70,-404,-364
73737,28,810,16530,-20,-275,88,-69,-407,-360
73751,52,807,16550,-18,-277,82,-69,-404,-362
73765,19,810,16536,-20,-279,86,-71,-405,-361
73779,23,823,16543,-15,-277,87,-67,-402,-362
73793,5,828,16555,-17,-285,83,-71,-404,-358
73808,-11,825,16541,-17,-278,84,-66,-404,-366
73822,-7,832,16531,-12,-279,84,-71,-403,-366
73836,2,827,16533,-18,-282,85,-65,-401,-366
73851,25,809,16548,-21,-279,88,-63,-404,-363
73865,22,815,16529,-17,-278,82,-69,-411,-362
73879,38,828,16546,-18,-282,86,-67,-399,-361
73893,25,828,16524,-20,-282,85,-69,-401,-364
73907,39,827,16547,-20,-278,88,-68,-402,-363
73921,28,825,16533,-21,-282,90,-72,-403,-363
73935,2,822,16534,-20,-277,82,-70,-404,-360
73950,-252,811,16546,-16,-274,86,-66,-403,-361
73964,0,815,16557,-23,-281,81,-68,-403,-366
73979,11,818,16544,-21,-278,85,-75,-404,-363
73993,19,834,16549,-22,-275,81,-68,-405,-362
74007,49,829,16534,-14,-276,85,-67,-404,-363
74021,48,826,16516,-19,-277,84,-69,-404,-363
74035,26,817,16530,-19,-279,85,-63,-405,-360
74049,16,815,16543,-20,-276,90,-68,-404,-357
74063,30,827,16540,-19,-275,86,-71,-401,-367
74077,16,824,16537,-19,-280,83,-72,-404,-362
74091,10,833,16546,-18,-279,90,-67,-405,-362
74105,13,834,16540,-19,-279,84,-67,-407,-359
74119,5,834,16530,-17,-280,88,-67,-402,-362
74133,13,831,16541,-15,-274,81,-70,-402,-367
74147,33,822,16555,-18,-277,82,-67,-406,-362
74161,39,813,16555,-19,-280,83,-66,-405,-362
74175,49,798,16547,-15,-280,85,-74,-404,-366
74189,26,820,16538,-26,-280,90,-67,-405,-360
74203,32,830,16554,-19,-281,88,-63,-400,-359
74217,7,840,16540,-19,-279,85,-65,-405,-361
74232,-5,838,16559,-16,-278,84,-68,-406,-363
74246,6,829,16547,-18,-278,86,-71,-409,-362
74261,6,824,16555,-14,-276,85,-61,-403,-364
74276,15,833,16546,-21,-275,87,-73,-404,-363
74290,26,809,16556,-22,-284,90,-65,-404,-363
74304,28,829,16545,-15,-276,87,-65,-402,-365
74318,29,824,16552,-16,-284,87,-65,-406,-365
74332,9,842,16530,-18,-280,87,-61,-405,-361
74347,16,826,16560,-22,-279,84,-69,-407,-360
74361,20,827,16544,-19,-276,86,-73,-403,-363
74375,12,829,16537,-20,-284,86,-70,-405,-362
74389,-7,825,16555,-19,-278,87,-70,-406,-363
74403,20,833,16547,-19,-275,86,-63,-406,-363
74417,3,838,16531,-18,-284,87,-70,-403,-364
74431,16,821,16539,-22,-276,88,-70,-406,-357
74445,20,818,16543,-18,-278,86,-69,-402,-369
74459,41,818,16559,-19,-280,87,-66,-408,-363
74473,24,813,16553,-18,-279,84,-65,-399,-362
74487,25,818,16546,-23,-281,85,-68,-403,-362
74501,20,822,16545,-18,-278,84,-65,-403,-361
74515,24,824,16545,-16,-275,88,-68,-403,-361
74529,16,844,16537,-18,-282,89,-69,-409,-361
74543,9,834,16536,-19,-278,84,-68,-406,-361
74557,7,827,16557,-21,-279,83,-63,-404,-364
74571,14,822,16540,-21,-286,82,-67,-405,-361
74585,26,813,16546,-17,-282,78,-67,-404,-366
74599,28,817,16530,-20,-275,82,-66,-404,-357
74613,27,836,16542,-22,-277,81,-63,-407,-357
74627,24,827,16544,-19,-275,87,-67,-403,-365
74641,9,828,16552,-18,-281,89,-69,-403,-363
74656,21,829,16550,-20,-276,87,-71,-406,-365
74670,7,821,16548,-18,-278,83,-64,-402,-361
74685,8,818,16538,-19,-281,86,-69,-404,-363
74700,27,821,16538,-18,-279,86,-65,-405,-362
74714,26,837,16552,-18,-278,82,-69,-404,-363
74728,6,826,16537,-20,-279,87,-69,-408,-360
74742,17,828,16550,-18,-281,88,-68,-402,-366
74756,36,824,16547,-20,-279,87,-70,-402,-365
74770,29,832,16538,-22,-281,85,-69,-403,-366
74784,10,816,16542,-22,-279,83,-63,-405,-363
74798,16,814,16547,-19,-280,88,-69,-405,-365
74812,18,834,16547,-20,-281,91,-67,-400,-365
74826,4,825,16544,-18,-276,86,-68,-404,-358
74841,15,829,16556,-20,-276,90,-69,-407,-364
74855,13,836,16555,-23,-280,87,-67,-404,-360
74869,7,820,16544,-18,-277,86,-69,-406,-362
74883,24,805,16539,-18,-275,81,-69,-404,-362
74897,19,811,16538,-19,-278,83,-68,-400,-365
74911,17,803,16542,-21,-275,87,-66,-406,-370
74925,30,837,16551,-19,-278,90,-68,-407,-356
74939,15,829,16530,-14,-280,86,-66,-404,-360
74953,10,825,16540,-18,-279,84,-65,-405,-360
74967,11,826,16543,-21,-276,84,-66,-408,-356
74981,16,810,16549,-16,-277,81,-66,-403,-363
74995,13,813,16539,-21,-278,86,-67,-409,-362
75009,30,816,16546,-20,-280,87,-60,-408,-364
75023,11,820,16548,-19,-275,89,-70,-397,-363
75037,13,837,16546,-19,-278,85,-66,-411,-363
75051,27,828,16555,-18,-279,86,-70,-410,-363
75065,13,822,16533,-20,-278,87,-66,-402,-366
75079,14,817,16543,-22,-280,82,-68,-402,-360
75093,14,815,16551,-18,-276,88,-65,-408,-358
75107,19,827,16532,-17,-276,82,-67,-404,-363
75121,7,829,16543,-20,-278,88,-68,-407,-357
75136,20,839,16536,-21,-281,89,-69,-402,-360
75150,14,837,16551,-19,-277,85,-67,-408,-362
75164,4,820,16558,-20,-277,87,-66,-407,-363
75179,24,825,16541,-23,-278,82,-73,-407,-363
75193,14,822,16545,-17,-276,81,-71,-401,-365
75207,13,818,16545,-17,-276,83,-69,-409,-362
75221,15,811,16543,-19,-276,85,-69,-405,-366
75235,22,829,16556,-16,-278,82,-64,-405,-366
75249,34,828,16533,-13,-279,86,-73,-405,-367
75263,10,829,16555,-16,-275,82,-67,-399,-362
75277,23,823,16545,-17,-275,87,-71,-404,-361
75291,21,814,16551,-17,-282,89,-70,-404,-365
75305,10,814,16547,-21,-278,86,-71,-410,-360
75319,26,810,16546,-21,-276,84,-65,-409,-362
75333,12,813,16542,-19,-275,87,-68,-405,-362
75347,15,823,16530,-22,-280,89,-63,-406,-365
75361,17,824,16559,-17,-279,89,-64,-405,-362
75375,16,825,16554,-18,-279,89,-64,-404,-361
75389,4,807,16550,-22,-278,84,-69,-406,-364
75404,10,822,16543,-20,-273,87,-69,-404,-359
75418,-2,810,16556,-23,-279,82,-65,-404,-362
75432,9,824,16532,-21,-277,89,-69,-408,-363
75446,21,818,16541,-16,-282,87,-66,-408,-361
75460,21,818,16543,-23,-281,90,-72,-404,-358
75474,34,825,16541,-21,-275,91,-67,-408,-366
75488,14,812,16534,-19,-279,90,-67,-405,-357
75502,-2,816,16540,-17,-275,86,-67,-401,-359
75516,5,829,16563,-28,-280,85,-70,-400,-363
75531,6,816,16543,-20,-281,89,-70,-404,-361
75546,3,823,16545,-23,-278,88,-66,-405,-363
75561,11,826,16535,-22,-282,88,-67,-406,-358
75575,12,843,16536,-15,-281,85,-70,-405,-359
75589,21,811,16556,-18,-275,91,-72,-405,-354
75603,18,828,16548,-19,-279,84,-66,-404,-363
75617,27,813,16544,-23,-277,87,-67,-404,-363
75631,20,814,16535,-17,-279,88,-70,-401,-364
75645,14,815,16540,-20,-282,86,-69,-407,-356
75659,17,825,16536,-15,-281,84,-70,-406,-360
75673,15,826,16541,-13,-277,82,-73,-404,-361
75687,23,825,16544,-17,-279,85,-66,-409,-359
75701,21,824,16528,-21,-283,84,-68,-406,-362
75715,8,828,16544,-18,-281,83,-71,-408,-362
75729,11,819,16545,-12,-279,82,-68,-402,-360
75743,15,831,16547,-22,-281,84,-68,-403,-362
75757,12,814,16549,-23,-276,86,-67,-407,-359
75771,17,823,16551,-18,-281,82,-69,-405,-360
75785,15,830,16539,-16,-279,84,-70,-404,-363
75799,7,823,16538,-23,-279,86,-68,-411,-362
75814,1,829,16544,-18,-277,89,-68,-404,-358
75829,-7,820,16549,-21,-276,86,-66,-405,-359
75843,9,819,16554,-22,-277,87,-68,-410,-363
75858,18,821,16557,-21,-278,87,-72,-408,-362
75872,12,830,16549,-17,-279,85,-66,-406,-361
75886,13,817,16544,-21,-275,85,-64,-400,-359
75900,30,820,16545,-16,-276,85,-68,-409,-367
75914,16,818,16536,-19,-277,84,-70,-403,-358
75928,20,820,16539,-15,-275,89,-65,-404,-365
75942,-7,827,16542,-21,-279,87,-67,-401,-364
75956,4,816,16526,-19,-275,84,-65,-400,-364
75971,7,838,16540,-18,-277,88,-68,-404,-364
75986,1,821,16546,-24,-281,82,-68,-404,-366
76001,31,825,16547,-21,-279,87,-71,-410,-364
76015,26,809,16537,-21,-277,85,-69,-406,-362
76029,31,819,16544,-20,-277,91,-72,-410,-362
76043,27,819,16562,-21,-281,84,-66,-404,-362
76057,20,821,16543,-22,-277,88,-68,-402,-361
76071,10,822,16537,-16,-282,84,-67,-410,-362
76085,26,821,16529,-20,-275,88,-64,-408,-363
76099,15,826,16548,-23,-274,86,-69,-408,-360
76113,12,821,16530,-22,-275,90,-65,-406,-362
76127,29,826,16554,-17,-283,86,-70,-403,-363
76141,22,822,16553,-15,-278,92,-71,-405,-362
76155,27,821,16533,-18,-282,87,-72,-406,-365
76169,33,815,16544,-16,-276,87,-67,-405,-366
76183,20,829,16545,-16,-281,90,-65,-403,-371
76197,24,826,16535,-18,-279,86,-67,-407,-366
76211,18,818,16546,-22,-277,85,-69,-409,-364
76225,12,835,16552,-18,-286,85,-64,-402,-362
76239,1,822,16548,-20,-280,88,-67,-400,-362
76254,21,820,16562,-22,-278,89,-62,-404,-366
76268,22,817,16541,-17,-277,85,-70,-404,-365
76282,8,825,16531,-15,-279,88,-64,-406,-365
76296,16,835,16535,-17,-280,89,-72,-402,-365
76310,19,822,16559,-17,-278,86,-70,-403,-363
76324,30,825,16552,-16,-275,83,-69,-407,-361
76338,17,813,16544,-17,-274,86,-64,-404,-361
76352,17,823,16543,-22,-278,84,-71,-404,-361
76366,17,822,16535,-18,-279,84,-67,-405,-361
76380,10,822,16542,-18,-281,90,-61,-405,-364
76394,20,818,16540,-20,-281,81,-70,-402,-358
76408,21,832,16550,-13,-281,84,-66,-405,-357
76422,23,823,16538,-20,-276,85,-70,-404,-359
76436,22,826,16549,-14,-274,88,-62,-405,-362
76450,23,819,16537,-16,-279,84,-65,-402,-362
76464,24,821,16546,-21,-282,85,-69,-408,-363
76478,23,820,16543,-18,-280,90,-63,-401,-363
76492,2,835,16546,-17,-272,86,-65,-401,-362
76506,12,835,16553,-9,-280,82,-74,-406,-365
76521,15,820,16547,-14,-272,85,-66,-405,-365
76535,20,832,16542,-20,-277,88,-70,-403,-364
76549,23,821,16542,-17,-278,89,-72,-403,-366
76563,15,817,16538,-16,-281,82,-65,-403,-363
76577,24,827,16544,-19,-282,87,-69,-406,-360
76591,19,822,16548,-16,-284,84,-70,-407,-364
76605,16,822,16545,-16,-282,85,-67,-409,-362
76619,15,815,16551,-12,-276,87,-69,-404,-361
76633,22,818,16523,-20,-279,82,-69,-405,-364
76647,20,820,16557,-19,-281,80,-67,-400,-361
76661,12,820,16566,-20,-283,84,-62,-406,-360
76675,7,825,16546,-19,-277,85,-71,-402,-368
76690,9,819,16534,-22,-278,88,-65,-405,-364
76705,13,836,16550,-20,-278,85,-66,-406,-361
76719,6,819,16550,-18,-273,84,-63,-407,-360
76734,16,816,16536,-15,-278,82,-71,-399,-361
76748,21,818,16549,-14,-276,83,-70,-401,-361
76762,19,816,16543,-12,-280,79,-64,-402,-361
76776,17,819,16544,-16,-280,84,-70,-406,-362
76790,11,826,16538,-20,-278,81,-64,-408,-361
76804,6,821,16566,-17,-275,81,-68,-408,-361
76819,15,832,16537,-17,-276,81,-65,-400,-362
76833,1,817,16549,-17,-277,85,-64,-403,-362
76847,8,822,16534,-16,-283,81,-65,-406,-366
76861,19,832,16554,-18,-278,86,-65,-405,-363
76875,14,819,16545,-19,-282,84,-66,-404,-366
76889,14,835,16533,-21,-279,82,-71,-407,-361
76903,13,814,16552,-20,-277,86,-69,-402,-360
76917,21,818,16552,-23,-280,83,-70,-413,-364
76931,2,811,16551,-18,-282,86,-70,-405,-365
76946,13,811,16547,-17,-282,87,-69,-400,-364
76960,29,812,16551,-21,-283,88,-72,-405,-362
76974,10,816,16542,-19,-278,87,-71,-404,-367
76988,8,818,16532,-19,-277,84,-62,-408,-373
77002,14,830,16535,-21,-277,83,-69,-410,-360
77016,18,828,16533,-17,-276,86,-65,-403,-362
77030,17,822,16555,-16,-277,85,-74,-404,-358
77044,22,814,16558,-21,-275,85,-71,-403,-363
77058,7,824,16534,-18,-276,89,-68,-404,-363
77072,29,822,16541,-17,-279,81,-64,-404,-361
77086,24,836,16538,-16,-277,81,-72,-411,-366
77100,26,818,16548,-19,-276,85,-68,-408,-363
77114,16,820,16554,-21,-276,86,-68,-405,-362
77128,15,820,16539,-18,-281,88,-67,-402,-363
77142,18,826,16551,-19,-281,91,-66,-402,-366
77156,12,828,16550,-21,-283,82,-67,-403,-365
77170,18,822,16542,-17,-280,86,-67,-403,-363
77184,20,838,16540,-19,-283,85,-68,-407,-356
77198,15,826,16547,-18,-283,91,-68,-402,-364
77212,19,824,16540,-22,-279,83,-71,-402,-363
77226,12,821,16544,-17,-283,91,-70,-398,-364
77240,23,817,16551,-22,-277,88,-69,-405,-363
77254,15,809,16553,-22,-277,86,-63,-404,-364
77268,22,814,16539,-25,-280,88,-62,-410,-360
77282,23,820,16548,-19,-277,89,-71,-402,-364
77296,21,812,16559,-19,-276,86,-69,-405,-362
77310,19,822,16544,-22,-280,91,-65,-407,-364
77324,18,834,16541,-23,-277,87,-65,-405,-359
77338,21,829,16538,-18,-283,84,-69,-407,-361
77352,16,827,16548,-18,-273,84,-68,-407,-365
77366,18,830,16551,-18,-282,83,-70,-407,-367
77380,14,822,16542,-21,-280,87,-70,-403,-364
77394,10,836,16534,-23,-274,91,-69,-402,-362
77408,15,823,16554,-22,-275,90,-77,-403,-362
77422,9,837,16543,-26,-284,88,-71,-403,-359
77437,4,826,16545,-19,-276,82,-69,-409,-363
77452,15,818,16544,-21,-279,82,-68,-403,-365
77466,0,820,16533,-24,-278,83,-64,-405,-363
77481,19,819,16537,-19,-277,83,-68,-402,-363
77495,12,821,16523,-18,-281,84,-66,-403,-363
77509,29,826,16545,-25,-284,89,-67,-404,-362
77523,14,822,16541,-18,-280,82,-69,-404,-365
77537,19,823,16536,-17,-278,88,-68,-404,-362
77551,7,825,16538,-20,-279,83,-67,-408,-370
77566,14,832,16545,-19,-278,83,-67,-403,-360
77580,7,823,16540,-23,-279,88,-66,-408,-365
77594,15,823,16530,-15,-283,79,-65,-407,-364
77608,17,826,16566,-18,-277,80,-69,-398,-366
77622,23,825,16537,-19,-275,83,-67,-406,-365
77636,13,835,16540,-18,-276,84,-67,-403,-369
77650,8,822,16546,-18,-280,86,-69,-403,-353
77664,19,821,16550,-17,-279,90,-69,-399,-364
77678,8,807,16559,-24,-279,90,-69,-400,-361
77693,0,829,16551,-20,-285,86,-68,-405,-360
77708,14,820,16547,-15,-279,86,-72,-405,-364
77722,24,832,16535,-16,-282,85,-68,-403,-365
77736,18,816,16532,-19,-280,83,-66,-406,-367
77750,14,829,16541,-20,-280,87,-69,-408,-366
77764,13,823,16535,-19,-279,89,-68,-409,-364
77778,22,837,16533,-18,-280,83,-75,-404,-361
77792,14,824,16542,-21,-281,85,-69,-408,-364
77806,23,832,16538,-18,-282,89,-71,-405,-366
77820,15,822,16535,-18,-277,89,-67,-403,-362
77834,10,825,16528,-17,-276,85,-67,-404,-365
77848,23,825,16546,-22,-280,87,-67,-408,-363
77862,14,822,16535,-19,-279,87,-66,-401,-358
77876,19,824,16539,-17,-282,86,-69,-401,-364
77890,24,821,16533,-18,-281,88,-69,-402,-364
77904,25,816,16528,-21,-280,89,-68,-402,-365
77918,17,821,16538,-18,-279,87,-67,-403,-361
77932,18,832,16540,-15,-278,89,-66,-403,-362
77946,8,823,16549,-15,-280,84,-71,-405,-362
77961,18,830,16536,-22,-282,87,-68,-403,-365
77975,19,818,16545,-20,-276,86,-69,-403,-368
77989,11,822,16542,-17,-277,90,-71,-406,-364
78003,20,827,16538,-20,-280,85,-70,-409,-365
78017,15,834,16540,-13,-278,80,-72,-408,-364
78031,25,834,16535,-18,-280,83,-69,-403,-368
78045,10,826,16529,-18,-282,84,-66,-399,-371
78059,13,838,16540,-16,-279,85,-71,-404,-365
78073,24,822,16554,-19,-273,87,-68,-406,-362
78087,10,819,16545,-10,-275,87,-66,-407,-364
78101,17,824,16558,-16,-277,88,-69,-404,-357
78115,17,826,16533,-18,-280,89,-69,-406,-361
78129,9,816,16540,-20,-278,84,-63,-404,-367
78144,35,813,16534,-18,-280,88,-68,-404,-362
78158,30,820,16529,-17,-277,82,-71,-407,-363
78172,23,830,16547,-21,-276,83,-63,-401,-362
78186,10,835,16547,-21,-277,87,-66,-405,-357
78200,12,822,16535,-19,-280,87,-65,-396,-366
78214,9,826,16539,-17,-283,86,-64,-401,-363
78229,4,835,16540,-16,-283,86,-70,-405,-361
78244,11,826,16548,-17,-281,82,-67,-402,-357
78258,4,832,16538,-16,-278,83,-67,-404,-362
78272,16,828,16524,-19,-279,87,-61,-408,-360
78286,38,815,16556,-21,-279,84,-65,-405,-364
78300,18,820,16536,-19,-277,86,-64,-398,-364
78314,11,820,16539,-17,-280,89,-67,-398,-366
78328,8,846,16517,-17,-279,86,-67,-401,-360
78342,13,821,16547,-21,-277,86,-70,-402,-364
78356,23,831,16545,-21,-276,86,-66,-404,-360
78370,21,826,16532,-19,-277,86,-64,-404,-366
78384,30,821,16546,-17,-278,86,-69,-404,-361
78398,25,825,16529,-17,-279,84,-67,-404,-361
78412,25,813,16550,-18,-284,85,-64,-401,-364
78426,18,834,16534,-19,-280,86,-71,-407,-360
78440,14,816,16556,-16,-280,86,-74,-405,-359
78454,9,834,16549,-21,-273,87,-62,-407,-358
78468,-6,831,16535,-12,-275,84,-69,-403,-360
78482,5,831,16541,-17,-279,83,-66,-398,-360
78497,24,821,16547,-17,-278,84,-63,-408,-360
78511,25,813,16546,-20,-281,88,-71,-410,-354
78525,17,812,16543,-18,-281,88,-68,-406,-366
78539,29,825,16530,-21,-277,87,-67,-400,-362
78553,30,815,16543,-23,-278,87,-66,-407,-361
78567,14,816,16551,-20,-280,83,-64,-407,-360
78581,24,836,16542,-19,-277,83,-64,-398,-360
78595,0,832,16536,-16,-279,88,-67,-400,-360
78609,20,826,16535,-23,-275,89,-62,-405,-363
78623,16,833,16535,-17,-275,85,-68,-402,-362
78637,13,827,16563,-17,-281,83,-68,-407,-359
78651,29,806,16539,-18,-276,82,-64,-408,-364
78665,23,814,16529,-14,-278,85,-62,-402,-360
78679,21,824,16541,-18,-278,84,-66,-396,-368
78693,30,824,16530,-19,-278,84,-66,-403,-360
78707,20,819,16533,-19,-277,84,-75,-402,-363
78721,26,829,16528,-11,-281,90,-69,-403,-362
78735,8,842,16540,-17,-277,83,-71,-404,-361
78749,11,824,16561,-19,-279,85,-62,-405,-359
78763,17,832,16552,-19,-281,85,-70,-403,-363
78777,4,824,16538,-18,-282,89,-67,-410,-366
78792,30,819,16539,-17,-284,89,-69,-409,-362
78806,4,818,16534,-20,-278,85,-70,-406,-363
78820,21,823,16524,-20,-277,83,-67,-399,-363
78834,28,820,16541,-19,-284,85,-66,-403,-364
78848,7,821,16548,-22,-277,86,-68,-403,-360
78863,5,839,16546,-19,-278,87,-69,-400,-359
78878,23,818,16533,-17,-277,82,-70,-404,-368
78892,10,818,16539,-19,-275,81,-73,-403,-367
78906,14,812,16538,-21,-275,86,-65,-408,-361
78920,38,825,16525,-10,-278,83,-66,-401,-367
78934,30,830,16535,-15,-280,86,-72,-403,-363
78948,32,827,16546,-19,-278,86,-70,-405,-363
78962,5,835,16546,-14,-279,87,-65,-406,-361
78976,8,836,16548,-19,-276,81,-67,-401,-361
78990,8,822,16553,-16,-278,82,-70,-404,-364
79004,17,815,16548,-17,-276,86,-71,-403,-364
79018,-2,811,16553,-22,-277,84,-65,-403,-364
79032,10,825,16568,-16,-279,80,-65,-399,-363
79046,15,830,16538,-17,-276,82,-70,-409,-358
79060,17,834,16534,-16,-278,84,-66,-404,-367
79074,37,828,16549,-20,-279,85,-71,-399,-365
79088,20,818,16545,-17,-277,81,-68,-408,-367
79102,16,810,16539,-17,-277,81,-72,-404,-361
79116,14,794,16530,-16,-278,87,-69,-401,-368
79130,12,825,16544,-16,-279,89,-68,-406,-365
79144,8,824,16541,-16,-275,84,-70,-402,-367
79158,16,846,16523,-18,-279,85,-66,-408,-361
79172,31,839,16521,-19,-280,85,-73,-403,-364
79186,26,832,16547,-25,-280,81,-69,-405,-362
79200,21,808,16533,-20,-279,86,-68,-400,-361
79214,-5,801,16553,-18,-276,89,-69,-404,-364
79228,8,814,16544,-15,-283,87,-66,-405,-364
79242,42,826,16535,-17,-279,82,-68,-404,-365
79256,41,824,16554,-21,-278,87,-70,-402,-368
79270,45,834,16520,-18,-280,82,-68,-399,-360
79284,28,840,16552,-20,-276,86,-62,-408,-361
79298,24,826,16521,-17,-279,83,-64,-406,-360
79312,3,830,16539,-13,-275,82,-70,-407,-361
79326,2,811,16536,-20,-288,84,-65,-404,-361
79340,12,825,16530,-15,-281,80,-72,-402,-363
79354,22,813,16531,-19,-280,85,-66,-407,-366
79368,17,836,16557,-18,-278,85,-67,-400,-365
79382,41,832,16535,-13,-279,88,-70,-406,-363
79396,39,827,16533,-19,-278,91,-64,-406,-362
79410,16,810,16546,-17,-282,86,-67,-406,-365
79424,3,810,16547,-14,-279,88,-66,-406,-364
79439,-5,819,16533,-18,-280,87,-67,-405,-359
79453,11,823,16530,-18,-280,80,-70,-403,-361
79467,17,836,16534,-23,-276,85,-66,-405,-359
79481,25,849,16542,-16,-276,87,-66,-403,-360
79495,23,834,16539,-17,-280,82,-66,-401,-363
79509,20,827,16531,-14,-279,89,-66,-409,-360
79523,17,823,16524,-14,-286,88,-67,-406,-361
79537,12,799,16539,-18,-276,86,-66,-402,-357
79551,22,819,16528,-18,-277,85,-67,-404,-366
79565,7,825,16545,-20,-280,87,-67,-404,-359
79580,13,834,16550,-20,-275,89,-69,-402,-361
79594,18,830,16527,-18,-281,88,-66,-405,-360
79608,12,826,16533,-16,-281,90,-71,-403,-360
79622,24,813,16533,-14,-277,87,-68,-400,-361
79636,29,813,16541,-19,-276,90,-69,-399,-362
79650,35,816,16529,-19,-277,87,-66,-402,-358
79664,12,829,16554,-16,-278,91,-66,-401,-358
79678,23,825,16535,-20,-280,86,-66,-402,-359
79692,27,825,16530,-17,-279,91,-69,-407,-361
79706,12,828,16531,-17,-276,88,-63,-409,-357
79720,13,820,16525,-18,-279,85,-68,-412,-362
79734,5,819,16550,-20,-277,82,-64,-404,-358
79749,-3,823,16540,-13,-280,86,-67,-402,-365
79763,16,821,16539,-22,-280,89,-63,-400,-361
79777,23,837,16547,-16,-276,83,-70,-404,-361
79791,57,834,16537,-12,-280,84,-69,-404,-360
79805,36,820,16530,-18,-280,85,-72,-406,-359
79819,15,821,16552,-14,-275,89,-68,-406,-361
79833,12,826,16531,-19,-283,90,-73,-402,-366
79847,-3,829,16540,-15,-279,87,-69,-404,-363
79861,4,816,16535,-24,-278,86,-65,-406,-358
79875,8,835,16550,-18,-281,87,-65,-405,-357
79889,6,821,16540,-17,-278,86,-66,-401,-366
79903,28,822,16545,-16,-277,87,-71,-404,-362
79917,29,813,16568,-20,-275,86,-68,-408,-363
79931,22,817,16530,-18,-278,90,-71,-403,-365
79945,18,811,16545,-19,-281,87,-69,-408,-365
79959,6,818,16552,-22,-279,89,-66,-405,-366
79974,-12,835,16560,-19,-276,87,-67,-408,-364
79988,-10,826,16544,-22,-273,81,-69,-407,-364
80002,-5,833,16555,-23,-278,82,-66,-401,-362
80016,5,829,16540,-17,-278,85,-74,-407,-359
80031,25,822,16534,-20,-280,88,-68,-404,-361
80045,19,813,16543,-19,-280,86,-68,-396,-364
80059,36,801,16554,-16,-275,82,-70,-404,-364
80073,23,818,16543,-10,-282,86,-69,-399,-359
80087,25,824,16547,-19,-283,80,-69,-406,-360
80101,11,826,16535,-19,-282,84,-70,-400,-366
80115,8,816,16532,-17,-277,86,-71,-407,-359
80129,9,827,16539,-15,-279,85,-72,-404,-362
80143,1,811,16519,-17,-277,90,-70,-405,-361
80157,6,817,16536,-19,-282,91,-65,-404,-363
80171,18,821,16535,-21,-273,86,-72,-403,-364
80185,8,819,16544,-19,-277,80,-69,-406,-366
80199,31,826,16549,-20,-284,88,-69,-402,-360
80213,53,821,16543,-18,-280,88,-66,-406,-364
80227,27,816,16527,-19,-280,86,-67,-410,-362
80241,23,829,16547,-20,-277,86,-69,-400,-363
80255,0,828,16543,-17,-272,82,-68,-403,-366
80269,-7,826,16547,-22,-284,85,-69,-404,-366
80283,3,825,16533,-21,-281,86,-70,-403,-358
80297,8,831,16546,-21,-279,90,-71,-402,-362
80311,30,839,16539,-22,-280,86,-73,-400,-359
80325,23,817,16525,-19,-279,85,-64,-399,-363
80339,25,820,16539,-16,-278,85,-67,-402,-363
80353,29,809,16536,-16,-278,86,-71,-403,-359
80367,16,824,16531,-13,-278,88,-67,-404,-361
80381,13,825,16541,-18,-278,90,-70,-404,-360
80395,15,829,16546,-17,-280,86,-73,-402,-365
80409,-1,814,16531,-21,-279,88,-69,-403,-360
80423,4,833,16537,-21,-281,87,-67,-405,-360
80437,14,833,16542,-17,-282,90,-67,-401,-366
80451,24,829,16548,-15,-273,85,-65,-404,-361
80465,30,831,16532,-17,-280,83,-64,-405,-362
80479,29,818,16543,-23,-279,84,-68,-398,-362
80493,21,810,16533,-18,-277,80,-67,-406,-364
80507,3,820,16524,-19,-279,87,-66,-400,-364
80521,13,821,16538,-17,-276,86,-69,-405,-358
80535,11,837,16523,-17,-280,83,-67,-402,-363
80549,6,826,16555,-12,-282,82,-74,-406,-360
80563,19,816,16521,-16,-283,86,-70,-407,-365
80577,18,828,16536,-17,-279,88,-67,-401,-361
80591,8,827,16545,-24,-279,82,-69,-405,-363
80605,26,808,16528,-13,-277,80,-72,-406,-360
80619,39,812,16554,-14,-279,83,-69,-404,-361
80633,14,829,16530,-18,-280,85,-67,-402,-363
80647,31,829,16536,-19,-276,87,-75,-403,-360
80661,7,833,16539,-19,-279,88,-70,-405,-362
80675,3,831,16539,-21,-284,90,-62,-406,-367
80689,3,834,16543,-16,-271,84,-67,-409,-362
80703,6,828,16541,-16,-276,85,-72,-404,-364
80717,29,816,16540,-16,-276,82,-68,-403,-369
80731,44,819,16546,-18,-281,89,-72,-406,-366
80745,35,822,16538,-20,-276,87,-68,-405,-355
80759,27,829,16522,-17,-278,80,-68,-404,-363
80773,22,834,16532,-22,-272,90,-70,-404,-364
80787,16,839,16536,-15,-276,84,-68,-400,-358
80801,-2,815,16524,-14,-279,87,-65,-402,-361
80815,-1,825,16550,-19,-278,83,-74,-405,-363
80829,-3,818,16530,-14,-277,89,-69,-406,-361
80844,22,835,16548,-15,-280,87,-72,-409,-365
80858,20,830,16526,-12,-279,86,-72,-405,-362
80872,25,833,16535,-17,-282,85,-64,-406,-360
80886,23,829,16540,-15,-278,87,-71,-406,-364
80900,18,817,16534,-16,-279,89,-69,-407,-363
80914,7,817,16538,-19,-283,88,-71,-408,-364
80928,9,820,16528,-15,-283,85,-65,-404,-360
80942,15,839,16534,-24,-280,89,-62,-402,-363
80956,13,826,16537,-21,-275,84,-66,-408,-365
80970,11,830,16549,-20,-274,84,-69,-411,-358
80984,18,822,16537,-22,-277,84,-67,-406,-363
80998,14,816,16525,-20,-280,88,-65,-404,-362
81012,12,829,16550,-21,-283,89,-73,-407,-362
81026,13,812,16554,-19,-279,82,-66,-402,-359
81040,28,826,16541,-16,-275,83,-73,-405,-356
81054,23,813,16534,-17,-274,77,-67,-403,-362
81068,19,809,16539,-14,-278,86,-65,-405,-356
81082,24,824,16534,-14,-275,86,-66,-407,-362
81096,16,824,16544,-16,-273,83,-68,-402,-360
81110,2,820,16537,-15,-282,86,-65,-404,-363
81124,6,827,16556,-22,-275,84,-71,-406,-360
81138,-6,815,16532,-23,-280,87,-68,-404,-366
81152,19,816,16529,-22,-277,89,-70,-405,-358
81166,13,824,16531,-20,-275,86,-71,-407,-364
81180,15,834,16535,-17,-278,87,-70,-405,-360
81194,20,825,16523,-15,-281,88,-71,-405,-364
81208,41,823,16519,-18,-282,87,-71,-408,-362
81222,26,816,16543,-19,-276,87,-70,-408,-364
81236,13,823,16520,-16,-274,87,-71,-400,-366
81250,9,809,16553,-17,-284,90,-72,-404,-364
81264,23,823,16535,-16,-280,89,-67,-403,-364
81278,11,830,16554,-18,-277,86,-66,-404,-366
81292,12,831,16545,-21,-273,91,-68,-406,-364
81306,11,828,16539,-18,-277,84,-66,-401,-366
81320,16,824,16555,-15,-277,84,-68,-409,-367
81334,23,829,16541,-17,-278,86,-69,-404,-362
81348,16,816,16543,-24,-280,86,-66,-412,-358
81362,24,820,16533,-17,-281,84,-68,-407,-362
81376,27,821,16550,-19,-279,84,-64,-408,-361
81390,8,823,16543,-18,-274,85,-68,-402,-361
81404,17,830,16551,-23,-275,86,-68,-408,-361
81418,13,828,16531,-19,-278,86,-69,-404,-365
81432,5,816,16537,-20,-275,86,-66,-401,-365
81446,16,813,16540,-19,-278,86,-68,-404,-363
81460,28,816,16547,-19,-283,79,-75,-404,-364
81474,15,814,16547,-14,-277,78,-73,-401,-368
81488,35,821,16523,-22,-280,86,-67,-406,-364
81502,33,820,16548,-18,-280,89,-66,-403,-362
81516,27,822,16541,-15,-278,87,-61,-404,-363
81530,26,830,16540,-13,-280,83,-71,-402,-364
81544,4,833,16536,-14,-278,85,-66,-406,-363
81558,1,824,16541,-17,-275,81,-65,-407,-362
81572,18,824,16541,-19,-279,88,-70,-406,-365
81586,18,816,16552,-17,-275,83,-73,-401,-363
81600,33,829,16532,-15,-279,84,-67,-410,-365
81614,37,834,16543,-14,-284,89,-68,-411,-360
81628,42,809,16548,-13,-280,90,-67,-406,-360
81642,10,811,16549,-18,-275,86,-67,-409,-363
81656,24,809,16533,-20,-284,86,-72,-407,-364
81670,-4,831,16529,-17,-275,85,-67,-401,-367
81684,5,830,16531,-19,-272,82,-69,-396,-363
81698,20,833,16538,-16,-275,87,-72,-406,-360
81712,-3,842,16545,-20,-274,81,-68,-406,-357
81726,16,826,16525,-24,-284,87,-69,-401,-369
81740,32,827,16534,-14,-278,87,-76,-401,-370
81754,25,818,16533,-16,-279,90,-69,-408,-357
81768,25,810,16531,-15,-274,85,-66,-398,-363
81782,11,814,16534,-16,-278,81,-64,-404,-362
81796,9,813,16550,-19,-282,84,-66,-403,-365
81810,19,838,16518,-20,-283,84,-70,-406,-362
81824,2,840,16546,-20,-279,90,-70,-404,-368
81838,12,836,16529,-17,-270,86,-64,-404,-366
81852,-4,828,16551,-13,-279,85,-70,-403,-364
81866,13,835,16535,-17,-278,85,-73,-405,-361
81880,13,823,16523,-17,-278,84,-70,-404,-365
81894,21,814,16558,-19,-278,85,-66,-401,-366
81908,24,819,16519,-18,-278,85,-66,-400,-365
81922,33,820,16541,-21,-278,89,-65,-403,-364
81936,27,826,16517,-21,-282,89,-67,-403,-361
81950,-3,834,16546,-19,-281,90,-72,-405,-363
81965,8,833,16542,-22,-281,94,-69,-406,-370
81979,-3,830,16548,-20,-281,90,-73,-404,-364
81993,9,837,16530,-17,-279,86,-70,-402,-362
82007,19,812,16528,-19,-282,89,-65,-405,-370
82021,16,821,16542,-17,-277,87,-70,-400,-366
82035,46,820,16533,-11,-280,92,-71,-405,-366
82049,34,836,16542,-12,-278,89,-70,-406,-363
82063,12,820,16549,-20,-276,85,-67,-404,-361
82077,15,819,16537,-21,-276,85,-69,-408,-361
82091,5,829,16518,-14,-281,85,-68,-406,-363
82105,6,821,16540,-19,-277,86,-71,-403,-364
82119,14,836,16538,-16,-277,88,-64,-406,-361
82133,20,819,16522,-21,-284,87,-65,-405,-362
82147,27,831,16540,-16,-276,84,-66,-405,-363
82161,26,833,16537,-13,-275,83,-69,-407,-367
82175,41,818,16533,-22,-282,87,-69,-410,-359
82189,15,828,16546,-18,-279,84,-69,-409,-361
82203,13,814,16529,-24,-277,85,-71,-405,-362
82217,28,835,16526,-22,-276,87,-66,-402,-366
82231,10,823,16531,-18,-279,86,-64,-401,-367
82245,16,819,16541,-10,-273,88,-65,-406,-363
82259,15,838,16556,-17,-277,90,-71,-407,-361
82273,5,818,16536,-22,-276,81,-68,-402,-363
82287,11,830,16524,-19,-278,85,-61,-409,-361
82301,27,828,16537,-19,-281,88,-67,-403,-364
82315,28,820,16528,-24,-274,88,-69,-409,-364
82329,22,825,16527,-20,-279,95,-68,-403,-362
82343,20,826,16550,-21,-283,87,-68,-405,-360
82357,17,834,16531,-20,-278,84,-63,-401,-363
82371,35,830,16544,-16,-282,91,-69,-411,-360
82385,16,840,16524,-17,-281,89,-71,-406,-365
82399,4,833,16537,-17,-277,92,-68,-409,-368
82413,12,818,16533,-14,-281,92,-69,-402,-363
82427,7,823,16538,-25,-276,85,-66,-406,-362
82441,20,812,16536,-18,-281,82,-67,-406,-363
82455,28,809,16527,-16,-278,84,-71,-404,-361
82469,26,817,16521,-22,-279,82,-69,-402,-363
82483,26,823,16519,-17,-282,82,-67,-407,-364
82497,28,824,16537,-17,-281,82,-68,-401,-367
82511,1,819,16558,-17,-280,88,-67,-406,-368
82525,17,834,16530,-17,-278,84,-66,-402,-366
82539,17,818,16528,-20,-279,92,-72,-408,-360
82553,16,811,16537,-21,-280,81,-62,-403,-363
82567,17,826,16551,-21,-279,84,-65,-405,-360
82581,11,829,16539,-24,-281,82,-72,-402,-365
82595,12,823,16542,-22,-281,82,-68,-408,-362
82609,17,825,16536,-18,-280,86,-66,-410,-364
82623,10,832,16522,-14,-277,85,-66,-400,-362
82637,33,831,16538,-21,-276,84,-66,-396,-363
82651,19,819,16548,-21,-279,87,-66,-402,-364
82665,12,831,16537,-11,-282,81,-64,-403,-362
82679,6,826,16534,-20,-278,83,-72,-407,-364
82693,5,844,16530,-17,-280,84,-62,-408,-360
82707,16,826,16542,-20,-275,82,-62,-406,-364
82721,17,822,16537,-17,-278,79,-62,-405,-361
82735,18,821,16535,-20,-278,85,-68,-403,-368
82749,14,836,16540,-21,-276,82,-69,-402,-361
82763,13,823,16548,-14,-279,83,-66,-406,-363
82777,4,826,16524,-12,-281,88,-64,-407,-362
82791,10,831,16542,-16,-281,87,-66,-401,-361
82805,13,822,16530,-19,-281,87,-64,-405,-362
82819,19,831,16535,-12,-280,87,-69,-409,-362
82833,23,816,16535,-17,-280,79,-65,-402,-364
82847,12,821,16526,-18,-281,84,-64,-404,-365
82861,18,817,16548,-19,-274,84,-64,-399,-366
82875,35,819,16548,-16,-278,82,-67,-410,-360
82889,22,821,16531,-15,-280,79,-70,-405,-362
82903,18,819,16520,-17,-284,87,-67,-407,-364
82917,18,835,16536,-23,-278,88,-64,-409,-365
82931,14,835,16535,-14,-275,85,-68,-406,-363
82945,10,827,16524,-12,-276,76,-69,-405,-361
82959,27,818,16538,-19,-284,85,-69,-406,-367
82973,21,830,16542,-19,-276,83,-72,-404,-366
82987,30,818,16533,-20,-275,87,-65,-408,-362
83001,33,826,16543,-15,-279,87,-68,-406,-359
83015,20,828,16527,-18,-283,83,-64,-409,-361
83029,8,810,16541,-13,-283,84,-67,-405,-364
83043,4,814,16534,-20,-283,84,-63,-409,-367
83057,23,823,16538,-20,-277,77,-66,-406,-362
83071,23,827,16524,-18,-279,86,-69,-405,-365
83085,2,821,16553,-19,-279,86,-70,-401,-362
83099,16,823,16535,-19,-280,83,-64,-405,-360
83113,2,831,16535,-16,-281,85,-68,-402,-362
83127,20,820,16527,-14,-279,86,-70,-406,-366
83141,19,830,16541,-17,-277,84,-66,-396,-365
83155,13,817,16539,-21,-279,87,-71,-402,-367
83169,12,820,16532,-23,-274,83,-69,-410,-364
83183,19,824,16530,-17,-279,86,-67,-406,-370
83197,19,824,16544,-16,-281,88,-67,-406,-363
83211,26,822,16536,-14,-279,85,-73,-408,-364
83225,15,815,16525,-12,-280,93,-72,-407,-366
83239,24,828,16536,-12,-279,81,-69,-403,-360
83253,18,836,16540,-19,-276,82,-69,-409,-364
83267,16,813,16543,-17,-280,84,-66,-402,-366
83281,5,829,16546,-16,-279,84,-73,-402,-365
83295,-3,828,16530,-9,-279,84,-70,-404,-363
83309,5,811,16542,-15,-278,87,-71,-406,-361
83324,9,839,16525,-16,-276,85,-71,-404,-359
83338,11,822,16531,-16,-276,82,-68,-403,-356
83352,4,823,16534,-16,-276,81,-68,-398,-362
83366,22,829,16530,-15,-281,86,-65,-400,-365
83380,16,823,16543,-18,-281,82,-68,-405,-363
83394,27,820,16516,-13,-275,85,-70,-406,-363
83408,20,811,16529,-16,-271,88,-65,-406,-364
83422,4,838,16539,-13,-279,84,-68,-402,-365
83436,5,835,16547,-20,-280,85,-68,-402,-358
83450,18,826,16528,-16,-281,87,-65,-407,-362
83464,15,824,16531,-14,-282,83,-69,-407,-364
83478,26,811,16531,-20,-282,86,-65,-399,-364
83492,22,817,16537,-14,-276,83,-70,-408,-360
83506,28,826,16539,-14,-280,81,-69,-402,-361
83520,34,827,16533,-13,-280,88,-69,-400,-365
83534,11,818,16529,-15,-278,85,-68,-406,-363
83548,23,835,16547,-15,-276,84,-69,-403,-361
83562,23,831,16517,-16,-277,86,-70,-406,-365
83576,12,834,16536,-14,-275,87,-68,-403,-359
83590,13,835,16539,-17,-282,82,-74,-407,-365
83604,10,815,16528,-12,-282,86,-70,-405,-361
83618,7,815,16525,-19,-278,85,-68,-402,-366
83632,25,831,16563,-22,-279,86,-71,-406,-363
83646,21,820,16533,-15,-286,86,-67,-404,-364
83660,22,829,16544,-18,-279,80,-72,-402,-364
83674,18,815,16550,-20,-281,88,-64,-403,-364
83688,26,824,16535,-21,-277,89,-69,-405,-362
83702,18,817,16538,-24,-276,82,-70,-408,-359
83716,30,814,16544,-21,-279,84,-64,-405,-360
83730,20,823,16528,-17,-277,83,-70,-404,-366
83744,7,825,16539,-20,-281,87,-65,-403,-361
83758,24,830,16519,-19,-282,85,-68,-403,-357
83772,14,816,16533,-16,-282,83,-67,-406,-361
83786,16,821,16526,-18,-279,85,-63,-404,-364
83800,11,819,16536,-21,-280,82,-67,-403,-362
83814,18,835,16525,-18,-275,84,-65,-406,-365
83828,19,806,16538,-13,-282,83,-73,-406,-365
83842,5,821,16531,-13,-278,90,-63,-408,-363
83856,17,839,16530,-15,-276,85,-65,-406,-363
83870,22,824,16525,-16,-278,85,-64,-405,-367
83884,22,825,16538,-17,-282,82,-70,-405,-365
83898,17,828,16528,-19,-282,85,-70,-403,-358
83912,19,820,16520,-15,-278,87,-71,-401,-368
83926,19,816,16532,-21,-279,90,-67,-409,-359
83940,16,819,16535,-14,-284,86,-70,-404,-364
83954,19,834,16540,-17,-279,86,-67,-400,-363
83968,15,834,16540,-17,-278,85,-72,-404,-359
83982,16,829,16518,-19,-282,81,-73,-402,-361
83996,16,821,16535,-15,-282,89,-65,-404,-358
84010,14,826,16535,-13,-277,84,-70,-409,-361
84024,6,822,16527,-21,-279,88,-65,-406,-359
84038,29,831,16534,-20,-276,84,-67,-400,-364
84052,19,817,16535,-22,-274,82,-65,-401,-357
84066,13,823,16544,-16,-277,85,-74,-403,-363
84080,19,823,16537,-19,-277,86,-67,-403,-368
84094,20,821,16529,-19,-281,82,-73,-405,-364
84108,16,812,16542,-14,-278,87,-63,-409,-363
84122,17,820,16542,-18,-278,88,-68,-404,-363
84136,27,822,16534,-19,-276,87,-65,-406,-362
84150,21,824,16536,-16,-278,85,-66,-402,-360
84164,22,824,16542,-16,-279,85,-69,-403,-362
84178,27,829,16523,-22,-280,87,-69,-405,-362
84192,30,816,16542,-21,-281,87,-69,-401,-362
84206,25,820,16530,-17,-277,88,-70,-405,-360
84220,17,827,16536,-19,-276,90,-69,-408,-364
84234,22,826,16522,-17,-281,87,-70,-406,-360
84248,24,815,16524,-18,-277,85,-68,-409,-362
84262,17,829,16538,-18,-281,84,-65,-400,-366
84276,20,836,16529,-18,-279,84,-63,-406,-363
84290,17,831,16538,-15,-280,87,-67,-402,-359
84304,14,827,16540,-13,-278,87,-69,-406,-363
84318,13,831,16540,-18,-279,85,-70,-404,-360
84332,26,816,16532,-19,-280,87,-68,-401,-361
84346,12,818,16518,-15,-281,84,-67,-406,-363
84360,24,825,16530,-18,-278,88,-69,-405,-365
84374,19,821,16528,-16,-278,81,-60,-406,-364
84388,12,824,16532,-19,-278,79,-73,-404,-364
84402,10,824,16541,-14,-276,80,-68,-403,-367
84416,22,824,16536,-19,-276,83,-68,-405,-358
84430,25,818,16542,-15,-278,87,-70,-404,-362
84444,19,819,16532,-20,-279,82,-65,-405,-360
84458,15,828,16530,-13,-276,81,-63,-405,-364
84472,27,846,16540,-16,-278,81,-67,-402,-357
84486,19,832,16533,-17,-282,83,-70,-410,-362
84500,19,823,16522,-23,-283,88,-74,-406,-362
84514,13,828,16544,-14,-279,79,-69,-404,-360
84528,13,821,16535,-19,-277,87,-70,-408,-363
84542,7,815,16540,-16,-278,88,-66,-401,-358
84556,23,826,16534,-18,-273,79,-68,-408,-369
84570,19,827,16517,-21,-278,91,-64,-401,-366
84584,18,835,16551,-18,-282,85,-68,-404,-363
84598,23,832,16531,-22,-281,86,-66,-404,-362
84612,19,829,16540,-19,-279,83,-68,-404,-365
84626,19,816,16531,-17,-285,85,-71,-403,-365
84640,10,828,16542,-21,-279,86,-70,-403,-367
84654,14,827,16525,-20,-279,89,-69,-408,-363
84668,28,822,16535,-20,-280,88,-71,-401,-362
84682,13,819,16532,-16,-284,87,-68,-406,-364
84696,23,828,16531,-14,-282,85,-67,-408,-360
84710,26,823,16527,-17,-278,82,-70,-402,-361
84724,23,828,16530,-21,-277,82,-69,-404,-362
84738,11,819,16511,-16,-279,87,-72,-405,-362
84752,18,833,16546,-22,-279,82,-66,-407,-362
84766,9,820,16536,-20,-282,84,-67,-405,-368
84780,23,815,16538,-17,-274,86,-71,-403,-360
84794,9,825,16537,-14,-275,80,-68,-405,-362
84808,23,819,16541,-20,-282,87,-67,-401,-364
84822,0,830,16547,-17,-280,85,-67,-403,-358
84836,17,819,16537,-22,-275,84,-67,-402,-364
84850,35,821,16523,-16,-277,81,-68,-405,-362
84864,28,831,16508,-18,-281,81,-75,-404,-359
84878,18,818,16533,-19,-279,87,-76,-403,-363
84892,24,822,16535,-15,-280,82,-72,-406,-358
84906,14,829,16525,-17,-278,86,-67,-407,-364
84920,13,823,16541,-14,-278,85,-74,-407,-361
84934,7,835,16528,-17,-280,89,-67,-404,-365
84948,16,825,16527,-18,-275,89,-69,-413,-363
84962,28,813,16540,-18,-280,84,-69,-405,-366
84976,15,836,16533,-18,-272,83,-61,-405,-363
84990,18,820,16534,-17,-275,88,-69,-405,-363
85004,19,835,16539,-19,-278,84,-71,-401,-358
85018,8,830,16525,-19,-280,89,-68,-405,-362
85032,19,809,16516,-21,-279,83,-73,-400,-363
85046,18,824,16541,-20,-283,92,-69,-405,-362
85060,12,832,16544,-20,-285,88,-76,-403,-366
85074,25,827,16532,-21,-280,88,-68,-401,-366
85088,25,820,16540,-17,-277,84,-66,-402,-359
85102,11,825,16546,-18,-282,83,-72,-403,-366
85116,15,831,16535,-16,-278,83,-71,-407,-362
85130,30,829,16515,-13,-283,84,-66,-400,-365
85144,12,808,16514,-17,-277,80,-68,-405,-360
85158,30,803,16533,-20,-275,84,-68,-403,-359
85172,19,823,16527,-18,-277,85,-71,-406,-362
85186,20,824,16515,-16,-279,81,-66,-408,-365
85200,21,820,16516,-19,-279,79,-70,-406,-358
85214,30,837,16536,-16,-276,87,-69,-409,-362
85228,20,824,16544,-18,-272,88,-67,-403,-369
85242,14,804,16541,-14,-278,87,-63,-406,-360
85256,11,811,16537,-13,-278,84,-68,-406,-361
85270,18,827,16542,-21,-278,82,-64,-405,-368
85284,28,831,16536,-19,-279,83,-70,-407,-364
85298,18,828,16533,-13,-281,86,-67,-408,-366
85312,21,822,16520,-13,-274,82,-75,-407,-357
85326,4,826,16536,-20,-279,88,-69,-407,-360
85340,6,824,16531,-20,-280,89,-69,-405,-361
85354,20,830,16520,-18,-276,88,-70,-401,-361
85368,19,825,16531,-20,-278,88,-73,-410,-360
85382,14,825,16536,-15,-278,85,-64,-404,-360
85396,39,817,16534,-16,-277,89,-66,-399,-360
85410,3,821,16534,-19,-280,88,-67,-400,-358
85424,9,832,16550,-20,-280,88,-68,-405,-368
85438,14,825,16552,-16,-277,81,-67,-407,-361
85452,36,826,16527,-20,-279,85,-64,-406,-363
85466,24,834,16533,-17,-278,81,-69,-409,-366
85480,16,831,16518,-14,-282,88,-67,-406,-367
85494,29,835,16544,-14,-278,85,-69,-405,-365
85508,20,834,16517,-18,-278,83,-69,-407,-361
85522,13,818,16528,-17,-281,87,-65,-408,-363
85536,24,824,16527,-16,-274,85,-63,-406,-363
85550,13,828,16532,-22,-278,86,-68,-398,-358
85564,15,825,16533,-22,-281,84,-70,-404,-365
85578,11,818,16535,-21,-276,84,-67,-406,-368
85592,15,815,16533,-19,-279,82,-67,-407,-365
85606,10,830,16542,-13,-278,84,-71,-404,-359
85620,15,817,16547,-17,-273,85,-69,-404,-364
85634,2,824,16539,-18,-276,80,-67,-402,-365
85648,18,825,16523,-18,-277,85,-69,-402,-358
85662,23,818,16540,-22,-276,85,-68,-402,-363
85676,25,821,16544,-19,-279,78,-71,-407,-359
85690,21,830,16526,-19,-272,82,-73,-411,-367
85704,26,826,16548,-18,-280,89,-66,-401,-358
85718,29,822,16541,-17,-280,87,-69,-402,-368
85732,14,831,16543,-19,-278,85,-65,-401,-361
85746,26,815,16536,-11,-277,82,-70,-408,-360
85760,3,808,16542,-19,-281,87,-67,-408,-365
85774,26,818,16538,-18,-276,85,-68,-402,-361
85788,21,831,16530,-19,-274,83,-68,-406,-364
85802,15,834,16523,-19,-279,87,-64,-403,-365
85816,20,835,16540,-16,-277,87,-69,-411,-366
85830,28,830,16539,-16,-282,84,-68,-402,-361
85844,25,832,16525,-20,-283,88,-72,-402,-361
85858,9,811,16545,-18,-278,92,-68,-402,-367
85872,12,824,16537,-25,-276,85,-66,-405,-366
85886,22,825,16545,-17,-275,85,-60,-405,-361
85900,9,825,16537,-19,-274,88,-69,-405,-362
85914,17,829,16532,-23,-276,91,-69,-405,-366
85928,25,838,16555,-19,-282,82,-66,-399,-360
85942,17,817,16537,-14,-277,81,-73,-408,-362
85956,20,817,16532,-15,-274,86,-70,-404,-363
85970,17,816,16520,-20,-276,80,-65,-405,-363
85984,19,831,16541,-16,-274,85,-68,-409,-362
85998,14,833,16533,-16,-274,84,-62,-400,-364
86012,23,825,16547,-15,-276,89,-66,-398,-363
86026,3,818,16525,-20,-280,88,-68,-409,-366
86040,19,824,16532,-18,-278,84,-64,-406,-367
86054,14,816,16537,-19,-275,85,-69,-399,-365
86068,17,823,16536,-14,-281,85,-67,-409,-370
86082,15,813,16538,-20,-280,85,-65,-407,-363
86096,6,818,16523,-19,-281,83,-65,-409,-363
86110,14,823,16530,-18,-281,84,-70,-399,-365
86124,22,827,16537,-21,-276,88,-66,-407,-363
86138,28,818,16535,-19,-276,91,-69,-407,-360
86152,23,820,16542,-22,-279,87,-69,-404,-367
86166,31,814,16535,-19,-280,88,-66,-404,-363
86180,2,815,16533,-12,-277,84,-62,-404,-363
86194,8,832,16525,-24,-283,87,-75,-407,-364
86208,15,828,16546,-20,-280,84,-68,-404,-365
86222,7,832,16536,-19,-278,88,-71,-401,-361
86236,18,828,16538,-20,-279,90,-68,-403,-361
86250,17,819,16534,-17,-277,81,-68,-399,-358
86264,36,822,16538,-17,-277,87,-72,-405,-360
86278,21,809,16524,-15,-279,87,-71,-404,-367
86292,19,820,16535,-18,-273,86,-67,-403,-366
86306,24,824,16540,-18,-280,84,-67,-402,-366
86320,18,825,16533,-19,-279,86,-67,-405,-362
86334,16,835,16552,-15,-277,89,-67,-409,-360
86348,12,820,16537,-20,-279,86,-64,-405,-365
86362,7,819,16533,-17,-282,88,-72,-405,-360
86376,6,832,16545,-16,-279,86,-73,-403,-363
86390,18,820,16526,-18,-283,87,-64,-403,-364
86404,10,819,16525,-18,-281,84,-66,-403,-362
86418,28,838,16535,-18,-275,87,-63,-406,-363
86432,6,820,16538,-17,-282,85,-74,-406,-364
86446,17,814,16542,-19,-278,82,-64,-404,-366
86460,18,825,16545,-18,-278,78,-65,-407,-363
86474,35,819,16533,-17,-280,83,-64,-407,-364
86488,20,821,16535,-22,-282,88,-69,-405,-365
86502,24,822,16542,-19,-282,86,-67,-401,-360
86516,38,826,16540,-16,-280,87,-68,-399,-364
86530,21,821,16546,-14,-278,86,-70,-403,-362
86544,14,826,16536,-15,-283,88,-58,-407,-366
86558,23,830,16550,-20,-273,87,-71,-404,-363
86572,7,823,16526,-15,-278,81,-68,-405,-362
86586,29,829,16542,-17,-281,85,-67,-405,-365
86600,13,826,16538,-19,-280,86,-71,-400,-369
86614,20,830,16542,-17,-280,90,-72,-402,-362
86628,21,827,16532,-21,-281,87,-73,-405,-361
86642,-13,844,16541,-26,-280,83,-67,-406,-362
86656,4,836,16528,-19,-278,84,-69,-410,-363
86670,25,822,16533,-17,-276,85,-71,-404,-365
86684,21,815,16548,-21,-281,85,-67,-402,-361
86698,38,810,16529,-23,-277,90,-67,-404,-364
86712,22,813,16543,-15,-280,86,-73,-405,-367
86726,35,820,16540,-20,-281,81,-64,-403,-364
86740,19,817,16538,-19,-277,90,-68,-400,-361
86754,27,827,16545,-16,-277,84,-68,-400,-361
86768,12,816,16535,-17,-276,85,-68,-406,-368
86782,5,810,16524,-19,-283,86,-68,-405,-364
86796,8,824,16549,-13,-279,86,-66,-410,-364
86810,16,831,16556,-16,-278,87,-68,-401,-363
86824,-2,828,16543,-16,-277,86,-66,-403,-367
86838,8,824,16537,-21,-275,88,-60,-403,-363
86852,20,828,16538,-22,-281,83,-74,-405,-363
86866,27,819,16538,-23,-278,90,-65,-408,-364
86880,57,829,16539,-18,-278,91,-72,-403,-360
86894,33,813,16541,-23,-277,88,-64,-403,-364
86908,18,816,16543,-15,-280,90,-71,-402,-361
86922,7,837,16536,-21,-279,92,-68,-404,-363
86936,11,832,16545,-19,-282,88,-69,-401,-362
86950,-2,830,16568,-17,-277,85,-68,-406,-365
86965,9,830,16538,-14,-277,87,-64,-407,-364
86979,27,820,16540,-23,-281,83,-70,-406,-368
86993,36,806,16538,-21,-280,85,-67,-404,-359
87007,34,818,16538,-20,-275,88,-63,-403,-366
87021,33,823,16532,-23,-280,86,-67,-403,-356
87035,30,826,16540,-21,-276,88,-66,-401,-360
87049,7,851,16537,-22,-277,83,-71,-405,-363
87063,-10,829,16546,-23,-279,88,-68,-406,-362
87077,6,827,16545,-15,-275,85,-72,-403,-367
87091,13,825,16543,-14,-279,84,-65,-407,-356
87105,22,821,16545,-13,-279,84,-64,-403,-360
87119,13,831,16532,-21,-276,82,-68,-407,-363
87133,24,821,16531,-19,-281,83,-59,-407,-363
87147,10,830,16539,-20,-279,89,-65,-405,-366
87161,24,817,16527,-18,-274,86,-65,-402,-362
87175,11,810,16544,-16,-284,81,-68,-403,-365
87189,16,819,16519,-13,-278,83,-67,-399,-363
87203,30,818,16551,-18,-277,88,-68,-406,-359
87217,16,833,16543,-23,-281,84,-67,-408,-363
87231,5,836,16545,-22,-277,85,-65,-407,-364
87245,13,833,16543,-21,-277,88,-65,-404,-364
87259,-2,830,16538,-19,-281,82,-67,-405,-363
87273,22,816,16549,-15,-276,84,-68,-405,-359
87287,20,811,16533,-18,-276,85,-65,-403,-363
87301,36,817,16533,-19,-278,85,-66,-404,-361
87315,23,814,16553,-21,-279,84,-71,-401,-364
87329,30,831,16543,-22,-279,84,-73,-410,-362
87343,22,840,16540,-19,-282,86,-68,-408,-360
87357,16,827,16548,-18,-279,86,-68,-405,-359
87371,8,834,16535,-22,-278,84,-69,-406,-363
87385,7,838,16567,-20,-282,79,-69,-404,-362
87399,26,809,16538,-16,-277,81,-68,-406,-370
87413,30,812,16553,-18,-279,79,-66,-404,-358
87427,32,810,16534,-15,-278,81,-64,-402,-359
87441,39,822,16537,-15,-275,84,-66,-404,-364
87455,27,820,16553,-14,-282,88,-69,-408,-359
87469,-4,834,16553,-20,-277,86,-70,-407,-364
87483,0,834,16545,-20,-280,87,-64,-408,-366
87497,12,811,16542,-13,-279,84,-71,-406,-365
87511,23,823,16548,-16,-272,85,-71,-408,-366
87525,9,824,16540,-15,-279,88,-67,-407,-363
87539,22,827,16556,-15,-278,86,-68,-402,-361
87553,17,819,16542,-17,-280,86,-65,-408,-367
87567,31,830,16539,-21,-278,86,-66,-400,-363
87581,21,825,16534,-19,-277,85,-71,-405,-360
87595,13,825,16554,-18,-276,85,-63,-403,-361
87609,-4,829,16533,-16,-280,83,-67,-407,-361
87624,19,831,16535,-18,-279,88,-70,-409,-359
87638,6,831,16539,-15,-284,89,-67,-401,-357
87652,10,827,16549,-18,-281,89,-65,-404,-364
87666,19,823,16551,-19,-282,89,-68,-398,-361
87680,16,822,16540,-23,-278,86,-68,-403,-362
87694,22,817,16546,-22,-281,88,-68,-406,-358
87708,25,810,16546,-18,-276,90,-72,-406,-364
87722,24,797,16551,-19,-273,81,-69,-405,-355
87736,27,825,16576,-22,-279,82,-67,-406,-362
87750,29,833,16546,-16,-278,87,-68,-406,-361
87764,6,840,16538,-19,-279,85,-70,-402,-360
87778,1,831,16551,-17,-278,86,-71,-406,-363
87792,10,827,16541,-13,-275,83,-67,-406,-365
87806,16,827,16547,-20,-283,82,-68,-412,-362
87820,29,812,16531,-18,-281,84,-69,-409,-359
87834,26,820,16540,-18,-279,87,-65,-408,-358
87848,36,822,16556,-20,-282,85,-68,-402,-361
87862,30,830,16525,-18,-276,84,-66,-405,-361
87876,14,821,16537,-16,-281,86,-64,-402,-358
87890,21,816,16533,-16,-281,90,-71,-403,-359
87904,14,824,16538,-26,-279,88,-68,-405,-362
87918,7,813,16553,-19,-277,85,-65,-403,-363
87932,19,824,16545,-17,-279,86,-68,-404,-363
87946,17,821,16540,-13,-280,81,-70,-407,-358
87960,27,828,16543,-17,-280,85,-64,-404,-362
87974,35,825,16540,-21,-282,85,-65,-402,-366
87988,10,817,16550,-16,-278,86,-61,-405,-368
88002,26,821,16542,-18,-281,86,-73,-402,-364
88016,21,823,16550,-18,-280,87,-64,-408,-361
88030,14,822,16546,-17,-277,87,-65,-398,-361
88044,15,827,16554,-20,-276,87,-65,-400,-360
88058,5,824,16544,-18,-275,88,-65,-404,-363
88073,18,824,16551,-18,-276,85,-74,-406,-362
88087,6,825,16537,-21,-282,83,-70,-404,-359
88101,18,822,16533,-12,-280,80,-69,-403,-368
88115,20,816,16550,-20,-274,86,-70,-406,-358
88129,22,824,16537,-15,-278,87,-68,-405,-361
88143,16,815,16540,-21,-280,84,-70,-404,-361
88157,9,821,16549,-17,-276,81,-70,-407,-363
88171,9,824,16540,-19,-277,84,-67,-409,-367
88185,6,834,16545,-24,-282,89,-70,-401,-361
88199,8,824,16549,-22,-281,87,-67,-404,-362
88213,19,824,16535,-19,-280,87,-69,-404,-361
88227,33,810,16536,-20,-277,85,-69,-403,-363
88241,58,804,16527,-19,-283,83,-67,-400,-360
88255,45,814,16544,-13,-283,82,-67,-413,-363
88269,29,827,16557,-19,-282,81,-64,-407,-367
88283,8,833,16541,-20,-282,83,-69,-402,-362
88297,-15,839,16541,-18,-282,82,-72,-402,-362
88311,-33,853,16522,-21,-274,82,-69,-402,-358
88325,-24,839,16538,-17,-280,86,-72,-406,-360
88339,-2,844,16554,-17,-282,87,-67,-402,-360
88354,27,826,16528,-21,-272,90,-70,-403,-369
88368,47,809,16533,-22,-277,90,-71,-405,-368
88382,51,795,16537,-14,-281,86,-66,-407,-368
88396,45,798,16506,-17,-280,82,-72,-400,-360
88410,40,824,16532,-18,-278,85,-66,-408,-360
88424,22,826,16523,-19,-278,84,-72,-402,-361
88438,5,830,16532,-26,-279,88,-70,-405,-363
88452,-12,838,16547,-21,-284,87,-69,-406,-361
88466,-22,838,16541,-21,-279,85,-68,-408,-359
88480,-20,849,16540,-17,-281,89,-70,-407,-364
88494,-8,823,16558,-9,-275,78,-69,-404,-371
88508,47,809,16725,-20,-285,84,-73,-409,-362
88522,5,794,16670,-18,-273,85,-70,-404,-367
88536,101,827,16532,-23,-283,82,-69,-400,-361
88550,158,821,16694,-23,-274,87,-69,-407,-365
88564,77,805,16462,-15,-281,92,-70,-406,-358
88578,33,791,16617,-20,-281,95,-72,-405,-359
88592,-84,814,16462,-19,-280,84,-66,-404,-355
88606,-92,845,16542,-25,-284,82,-68,-404,-365
88620,-69,858,16510,-11,-280,82,-72,-400,-364
88634,-16,871,16512,-17,-278,82,-67,-398,-364
88648,35,854,16513,-15,-279,84,-66,-404,-364
88662,86,827,16500,-18,-278,86,-69,-404,-361
88676,62,774,16530,-14,-277,89,-68,-409,-367
88690,61,783,16532,-14,-282,91,-71,-404,-359
88704,22,770,16531,-13,-277,78,-71,-405,-367
88718,26,798,16522,-19,-278,76,-72,-403,-360
88732,16,853,16552,-10,-280,79,-70,-402,-370
88746,24,873,16524,-15,-279,81,-66,-403,-357
88760,-12,869,16571,-19,-279,88,-70,-403,-363
88774,-7,853,16509,-21,-280,85,-68,-403,-363
88788,6,803,16566,-20,-279,85,-62,-408,-363
88802,-10,791,16558,-19,-276,88,-67,-406,-363
88816,21,782,16542,-18,-282,83,-62,-404,-362
88830,55,801,16550,-20,-277,86,-65,-405,-362
88844,83,826,16536,-18,-281,82,-69,-402,-364
88858,84,844,16545,-17,-272,87,-65,-408,-361
88872,43,853,16568,-15,-280,86,-68,-408,-365
88886,-17,836,16597,-18,-281,86,-70,-401,-361
88900,-54,833,16482,-20,-274,86,-70,-407,-364
88914,-84,837,16605,-19,-280,86,-70,-404,-360
88928,-37,844,16613,-20,-285,79,-66,-407,-363
88942,75,832,16521,-23,-276,84,-68,-407,-362
88956,78,808,16535,-20,-276,86,-65,-404,-363
88970,95,786,16555,-19,-278,82,-69,-405,-365
88984,71,787,16510,-14,-274,90,-76,-404,-363
88998,30,802,16585,-22,-282,93,-73,-402,-361
89012,-18,831,16554,-20,-281,87,-68,-406,-358
89026,-50,856,16551,-25,-283,85,-59,-405,-364
89040,-36,869,16569,-21,-278,80,-68,-403,-363
89054,-20,852,16540,-17,-279,85,-68,-408,-366
89068,30,825,16574,-22,-279,88,-69,-402,-365
89082,58,792,16515,-15,-277,86,-69,-408,-364
89096,69,779,16553,-18,-275,86,-71,-407,-363
89110,52,792,16528,-20,-279,86,-70,-401,-368
89124,40,805,16527,-20,-277,89,-66,-411,-365
89138,16,849,16535,-20,-277,84,-66,-402,-363
89152,1,859,16528,-23,-283,83,-71,-400,-363
89166,-27,837,16571,-18,-279,84,-67,-400,-356
89180,-33,844,16552,-18,-279,85,-66,-400,-364
89194,-23,826,16530,-16,-281,88,-68,-407,-358
89208,-18,827,16544,-18,-278,91,-62,-400,-363
89222,25,829,16535,-17,-277,84,-65,-402,-357
89236,56,808,16540,-18,-279,87,-66,-402,-358
89250,76,807,16534,-21,-280,81,-69,-404,-362
89264,76,807,16539,-17,-276,83,-69,-405,-363
89278,67,822,16517,-16,-279,85,-69,-398,-365
89292,8,826,16557,-14,-275,86,-66,-401,-361
89306,-26,841,16520,-19,-276,86,-65,-404,-364
89320,-60,828,16539,-18,-279,85,-69,-409,-366
89334,-55,838,16549,-16,-283,82,-63,-401,-361
89348,11,835,16542,-15,-276,81,-64,-408,-361
89362,41,831,16544,-22,-280,84,-70,-406,-367
89376,80,821,16534,-17,-275,83,-68,-404,-364
89390,73,804,16529,-18,-278,90,-68,-404,-360
89404,151,836,16505,-13,-279,87,-66,-405,-361
89418,-10,780,16574,-17,-280,88,-63,-400,-360
89432,-54,801,16507,-15,-276,86,-68,-406,-363
89446,-69,829,16542,-18,-287,87,-67,-402,-366
89460,-58,864,16566,-22,-277,84,-66,-405,-361
89474,-20,869,16464,-23,-276,81,-65,-403,-365
89488,51,839,16600,-14,-278,81,-66,-408,-362
89502,67,833,16496,-12,-277,81,-71,-403,-367
89516,70,792,16577,-21,-279,91,-69,-406,-359
89530,51,772,16510,-14,-281,92,-68,-412,-366
89544,45,796,16574,-18,-280,82,-70,-399,-362
89558,11,807,16531,-15,-275,80,-71,-400,-363
89572,10,845,16550,-16,-277,77,-65,-404,-365
89586,-1,856,16555,-18,-280,79,-67,-405,-366
89600,3,860,16548,-16,-281,87,-66,-400,-362
89615,-12,850,16557,-14,-277,87,-69,-405,-366
89629,-5,814,16538,-20,-278,90,-66,-400,-362
89643,3,792,16559,-22,-273,89,-65,-403,-364
89657,45,801,16529,-19,-277,86,-70,-405,-365
89671,57,803,16544,-18,-279,82,-66,-406,-366
89685,82,828,16541,-19,-278,83,-72,-407,-370
89699,72,838,16553,-12,-279,85,-67,-404,-364
89713,23,837,16547,-15,-277,88,-67,-405,-367
89727,-28,843,16576,-20,-278,87,-67,-408,-366
89741,-54,845,16543,-21,-277,85,-65,-404,-365
89755,-48,834,16548,-17,-278,81,-69,-408,-365
89769,-1,827,16533,-17,-277,82,-59,-401,-364
89783,59,831,16550,-15,-281,85,-70,-404,-361
89797,91,805,16541,-21,-278,86,-71,-404,-361
89811,95,814,16538,-22,-277,91,-73,-403,-363
89825,77,809,16549,-18,-277,89,-69,-406,-368
89839,17,812,16533,-19,-282,85,-70,-400,-367
89853,-16,819,16562,-17,-278,86,-67,-405,-363
89867,-56,833,16543,-16,-279,86,-67,-401,-360
89881,-50,857,16539,-21,-276,86,-71,-405,-361
89895,3,851,16560,-20,-275,86,-64,-408,-360
89909,37,844,16544,-21,-279,87,-67,-402,-363
89923,64,827,16546,-19,-276,87,-70,-409,-365
89937,66,808,16533,-20,-281,91,-69,-405,-362
89951,50,794,16542,-23,-283,93,-65,-407,-368
89965,35,800,16544,-19,-279,88,-67,-405,-365
89979,6,821,16531,-20,-277,89,-69,-409,-361
89993,-6,838,16542,-17,-278,84,-63,-404,-363
90007,-4,856,16552,-20,-274,86,-68,-401,-367
90022,-1,856,16531,-21,-277,85,-68,-400,-362
90036,2,831,16533,-19,-280,86,-67,-407,-363
90050,-1,827,16545,-17,-276,88,-72,-403,-367
90064,23,814,16538,-19,-275,87,-68,-404,-367
90078,24,810,16536,-18,-281,81,-67,-400,-364
90092,60,801,16544,-21,-275,80,-68,-403,-362
90106,59,808,16539,-20,-278,84,-69,-404,-364
90120,43,826,16528,-17,-277,84,-67,-402,-359
90134,18,843,16539,-15,-275,80,-69,-404,-364
90148,-20,838,16551,-11,-283,87,-65,-407,-363
90162,-47,851,16550,-16,-279,87,-70,-404,-360
90176,-39,830,16554,-18,-281,86,-72,-400,-359
90190,-15,825,16544,-20,-279,83,-69,-409,-363
90204,52,810,16550,-23,-277,83,-66,-400,-369
90218,59,814,16548,-22,-280,85,-69,-414,-365
90232,76,817,16525,-18,-281,84,-66,-409,-362
90246,60,811,16549,-16,-281,87,-66,-403,-360
90260,9,812,16537,-16,-279,85,-71,-403,-370
90274,-3,819,16538,-18,-279,87,-69,-402,-363
90288,-25,844,16552,-18,-280,85,-70,-406,-361
90302,-20,852,16548,-20,-277,81,-70,-402,-362
90316,1,839,16542,-22,-282,80,-67,-406,-359
90330,35,825,16551,-20,-274,82,-68,-407,-360
90344,65,817,16545,-15,-281,85,-66,-409,-361
90358,62,803,16548,-23,-277,87,-66,-403,-365
90372,44,790,16562,-21,-277,85,-64,-406,-362
90386,30,804,16544,-17,-285,84,-69,-405,-366
90400,7,808,16542,-17,-282,90,-68,-403,-357
90414,-1,836,16535,-23,-279,87,-68,-403,-364
90428,4,842,16548,-21,-282,86,-70,-405,-364
90443,5,848,16552,-20,-280,78,-59,-396,-362
90458,4,834,16530,-12,-276,87,-70,-404,-362
90473,7,814,16543,-17,-281,88,-61,-404,-358
90488,21,806,16563,-15,-279,86,-72,-407,-364
90502,39,805,16552,-16,-277,88,-65,-402,-361
90516,55,799,16549,-23,-283,93,-67,-407,-362
90530,38,809,16537,-23,-279,88,-67,-403,-364
90544,23,850,16552,-18,-280,87,-69,-405,-355
90558,16,830,16551,-22,-282,90,-69,-400,-360
90572,-11,837,16540,-23,-279,91,-73,-403,-361
90586,-14,834,16553,-19,-276,89,-64,-403,-360
90600,-6,834,16552,-19,-277,87,-65,-405,-362
90614,1,821,16550,-14,-277,84,-70,-408,-363
90628,53,817,16553,-12,-280,88,-69,-404,-366
90642,69,823,16535,-17,-275,89,-72,-406,-362
90656,73,819,16541,-23,-276,85,-67,-406,-364
90670,31,815,16541,-19,-278,92,-64,-406,-361
90684,-2,828,16547,-18,-277,86,-68,-402,-358
90698,-10,826,16540,-24,-276,83,-72,-406,-360
90712,-22,845,16535,-17,-279,87,-65,-403,-359
90726,-14,849,16534,-22,-278,81,-67,-404,-360
90740,-3,830,16541,-24,-280,87,-66,-403,-361
90754,35,832,16538,-16,-275,86,-69,-407,-363
90768,60,816,16534,-21,-277,84,-67,-409,-365
90782,53,810,16537,-18,-279,90,-69,-409,-364
90796,34,815,16541,-18,-281,86,-66,-406,-363
90810,11,821,16537,-18,-278,84,-68,-407,-360
90824,14,819,16540,-21,-276,86,-70,-405,-361
90838,11,837,16545,-24,-282,83,-69,-411,-363
90852,8,836,16540,-20,-277,81,-66,-408,-363
90866,-7,842,16544,-17,-281,83,-70,-407,-357
90880,6,836,16536,-17,-279,87,-73,-409,-358
90894,21,831,16539,-13,-280,80,-63,-408,-364
90908,28,818,16539,-9,-279,89,-72,-400,-364
90923,28,810,16546,-20,-279,85,-71,-408,-361
90937,34,800,16544,-19,-280,79,-70,-403,-361
90951,49,805,16543,-16,-278,84,-68,-401,-364
90965,39,831,16541,-14,-280,79,-65,-404,-363
90979,4,847,16535,-17,-275,84,-68,-405,-359
90993,-3,840,16550,-20,-280,83,-70,-405,-363
91008,-13,831,16538,-14,-278,85,-66,-403,-359
91022,-9,830,16544,-21,-280,84,-66,-399,-358
91036,20,822,16540,-19,-276,87,-72,-406,-359
91050,22,804,16532,-15,-278,84,-66,-402,-359
91064,49,810,16531,-16,-276,85,-66,-407,-361
91078,38,818,16536,-13,-280,87,-75,-404,-365
91092,32,835,16535,-22,-275,83,-64,-403,-358
91106,16,826,16549,-16,-277,83,-65,-404,-362
91120,-7,834,16528,-20,-279,81,-70,-403,-363
91134,-32,833,16540,-20,-280,80,-67,-404,-365
91148,0,831,16537,-17,-279,83,-65,-404,-360
91162,21,831,16533,-14,-276,85,-66,-405,-358
91176,42,816,16546,-20,-279,86,-68,-401,-356
91190,46,822,16543,-22,-281,86,-65,-402,-358
91204,49,804,16533,-22,-281,89,-67,-408,-360
91218,42,814,16539,-21,-281,88,-65,-404,-364
91232,11,816,16534,-23,-282,84,-68,-411,-367
91246,15,826,16535,-16,-277,85,-65,-409,-364
91260,11,832,16531,-18,-275,85,-63,-407,-360
91274,3,830,16537,-17,-280,79,-67,-403,-363
91288,19,837,16530,-18,-278,85,-70,-402,-360
91302,28,836,16528,-14,-283,83,-71,-404,-363
91316,27,821,16536,-15,-283,83,-68,-403,-369
91330,24,808,16534,-12,-279,83,-63,-409,-365
91344,31,816,16522,-18,-275,84,-66,-403,-368
91358,30,806,16531,-21,-279,84,-69,-407,-362
91372,31,812,16541,-17,-276,85,-64,-396,-362
91386,27,829,16531,-20,-282,85,-66,-403,-361
91400,19,847,16532,-18,-280,90,-72,-400,-362
91414,-8,817,16535,-19,-278,90,-66,-410,-356
91428,-3,839,16552,-18,-277,86,-73,-407,-363
91442,3,825,16540,-16,-278,86,-65,-402,-363
91457,12,806,16537,-16,-276,82,-67,-399,-364
91471,25,807,16536,-11,-278,80,-63,-401,-361
91485,60,818,16552,-24,-279,85,-68,-402,-361
91499,46,813,16526,-21,-277,92,-73,-405,-366
91513,33,822,16524,-13,-281,85,-67,-404,-362
91527,10,822,16548,-14,-280,84,-70,-400,-364
91541,8,837,16541,-16,-279,90,-68,-407,-363
91555,-11,823,16538,-20,-277,84,-71,-405,-363
91569,-11,834,16528,-19,-276,91,-71,-401,-363
91583,12,813,16533,-19,-282,92,-71,-403,-364
91597,44,829,16530,-21,-276,89,-73,-405,-363
91611,45,836,16517,-18,-276,89,-65,-404,-362
91625,49,824,16535,-18,-277,87,-67,-401,-364
91639,34,817,16546,-20,-281,88,-66,-405,-363
91653,18,812,16532,-21,-282,90,-64,-403,-360
91667,8,822,16547,-16,-280,90,-70,-406,-362
91682,24,831,16537,-18,-277,88,-67,-403,-361
91696,-8,827,16533,-20,-281,86,-70,-407,-368
91710,7,833,16536,-16,-278,91,-65,-406,-360
91724,22,842,16542,-19,-279,83,-71,-403,-360
91738,10,826,16545,-16,-277,82,-74,-405,-367
91752,34,810,16538,-15,-285,88,-66,-407,-362
91766,34,808,16550,-17,-279,85,-68,-405,-371
91780,36,815,16541,-16,-278,83,-69,-403,-365
91794,35,818,16534,-18,-277,78,-66,-404,-362
91808,22,832,16535,-24,-275,86,-69,-409,-363
91822,6,836,16527,-20,-283,93,-68,-409,-364
91836,-8,841,16549,-15,-279,88,-70,-401,-365
91850,1,835,16536,-14,-274,85,-66,-403,-364
91864,10,820,16545,-16,-281,89,-68,-405,-366
91878,12,819,16537,-13,-278,85,-68,-399,-363
91892,33,815,16533,-21,-280,83,-72,-406,-362
91906,52,806,16541,-17,-281,87,-70,-406,-360
91920,26,817,16543,-22,-281,85,-65,-405,-362
91934,39,821,16534,-22,-279,83,-66,-405,-367
91948,3,827,16547,-15,-280,87,-61,-403,-361
91963,-1,835,16531,-17,-276,89,-63,-409,-364
91978,-2,826,16548,-17,-279,82,-64,-404,-364
91992,4,832,16528,-12,-279,85,-68,-404,-360
92006,33,823,16530,-16,-277,82,-65,-404,-362
92020,47,822,16547,-26,-278,82,-69,-406,-358
92034,46,817,16540,-16,-276,88,-64,-405,-362
92048,37,811,16544,-18,-277,88,-71,-406,-365
92062,26,818,16538,-17,-280,88,-67,-404,-361
92076,26,822,16529,-19,-274,87,-66,-403,-368
92090,-5,833,16544,-21,-279,84,-68,-404,-364
92105,3,824,16535,-20,-278,85,-64,-406,-374
92119,17,838,16525,-23,-279,85,-63,-406,-357
92133,18,840,16547,-19,-278,90,-67,-402,-362
92147,18,825,16539,-18,-280,85,-69,-405,-362
92161,31,818,16555,-15,-274,83,-69,-402,-365
92175,27,812,16524,-21,-278,88,-64,-408,-366
92189,48,810,16553,-23,-279,83,-72,-411,-364
92203,13,819,16549,-15,-279,85,-66,-406,-362
92217,25,818,16538,-17,-280,84,-62,-405,-365
92231,-2,843,16537,-13,-280,85,-68,-399,-364
92245,2,843,16537,-15,-274,86,-70,-408,-367
92259,13,828,16537,-19,-276,86,-70,-409,-363
92273,-4,819,16543,-19,-275,84,-65,-409,-365
92287,7,813,16544,-12,-274,83,-67,-403,-368
92302,28,819,16536,-11,-277,83,-68,-400,-362
92316,29,833,16538,-16,-280,87,-66,-407,-367
92330,34,834,16521,-17,-276,83,-61,-407,-361
92344,12,823,16541,-22,-279,87,-67,-403,-365
92358,27,827,16533,-16,-278,87,-69,-401,-357
92372,-247,818,16539,-16,-281,88,-66,-405,-369
92386,3,824,16550,-21,-282,90,-63,-405,-366
92401,-7,829,16545,-17,-279,90,-63,-405,-367
92415,12,816,16542,-13,-278,83,-70,-407,-359
92429,36,830,16534,-20,-279,80,-69,-405,-365
92443,45,828,16554,-19,-280,81,-64,-405,-360
92457,33,820,16537,-14,-271,83,-74,-407,-364
92471,33,825,16545,-18,-279,84,-63,-403,-369
92485,22,813,16550,-16,-274,83,-70,-405,-362
92499,1,827,16534,-17,-280,86,-63,-402,-363
92513,15,831,16554,-13,-281,88,-66,-403,-362
92527,31,818,16548,-12,-273,83,-65,-402,-366
92541,5,833,16538,-17,-282,84,-67,-411,-362
92555,25,837,16546,-19,-281,81,-66,-406,-367
92569,23,830,16530,-19,-282,91,-70,-404,-362
92583,34,811,16529,-21,-279,80,-67,-402,-362
92597,41,803,16544,-16,-280,86,-68,-404,-366
92611,26,807,16541,-20,-280,80,-68,-403,-356
92625,34,815,16542,-13,-279,83,-66,-411,-360
92639,18,838,16554,-13,-281,82,-69,-407,-365
92653,11,831,16538,-8,-280,85,-63,-409,-361
92668,8,836,16541,-17,-285,90,-70,-408,-358
92683,-4,832,16541,-14,-280,90,-65,-404,-365
92697,1,819,16556,-16,-280,87,-73,-403,-363
92711,14,810,16547,-14,-280,86,-61,-410,-362
92725,32,813,16552,-12,-280,83,-70,-402,-364
92739,36,806,16531,-14,-282,89,-67,-401,-363
92753,30,806,16546,-19,-280,86,-68,-405,-366
92767,31,839,16549,-16,-281,90,-71,-399,-363
92781,20,831,16539,-17,-280,92,-68,-404,-364
92795,8,835,16544,-13,-279,83,-73,-407,-362
92809,0,826,16528,-18,-276,85,-68,-399,-361
92823,-1,819,16535,-12,-274,78,-64,-408,-364
92837,14,826,16546,-23,-279,83,-74,-404,-363
92851,29,820,16540,-24,-276,86,-66,-401,-358
92865,41,823,16538,-22,-280,87,-67,-406,-361
92879,26,817,16533,-21,-279,86,-69,-401,-359
92893,30,828,16545,-18,-277,81,-69,-405,-361
92907,22,822,16531,-19,-279,87,-72,-403,-365
92921,34,809,16546,-14,-276,87,-69,-404,-368
92935,15,831,16538,-14,-277,87,-66,-400,-360
92949,20,820,16543,-17,-279,81,-64,-405,-365
92963,14,837,16542,-16,-281,87,-70,-404,-360
92977,31,839,16540,-13,-280,86,-66,-404,-367
92991,17,836,16526,-13,-280,85,-68,-408,-363
93005,18,819,16565,-19,-278,84,-70,-399,-360
93019,26,802,16543,-23,-279,86,-71,-404,-363
93033,17,820,16533,-20,-275,87,-71,-410,-365
93047,34,815,16525,-23,-280,88,-68,-407,-364
93061,15,830,16537,-18,-280,87,-67,-408,-361
93075,15,823,16544,-17,-282,82,-69,-405,-359
93089,3,839,16555,-20,-279,89,-65,-402,-368
93103,11,833,16525,-21,-282,90,-63,-405,-365
93117,21,824,16543,-19,-281,82,-68,-406,-365
93131,20,820,16538,-19,-278,82,-71,-403,-362
93145,34,804,16545,-20,-279,84,-70,-400,-364
93159,35,820,16549,-18,-274,79,-70,-402,-365
93173,32,810,16538,-22,-275,82,-75,-406,-365
93187,21,828,16545,-20,-277,85,-75,-403,-361
93201,18,827,16540,-18,-282,86,-66,-402,-360
93215,-1,819,16534,-14,-279,88,-63,-404,-362
93229,5,824,16561,-20,-280,86,-66,-405,-366
93243,22,816,16548,-21,-278,87,-66,-405,-367
93257,30,813,16551,-18,-277,85,-63,-401,-365
93271,26,824,16536,-18,-279,88,-68,-407,-363
93285,22,826,16522,-18,-280,80,-63,-400,-363
93299,19,831,16547,-23,-276,89,-67,-403,-365
93313,23,826,16551,-16,-278,94,-70,-407,-361
93327,15,819,16552,-13,-277,84,-70,-412,-365
93341,23,818,16544,-16,-281,85,-72,-403,-366
93355,1,823,16531,-19,-279,85,-70,-403,-368
93369,-1,822,16537,-14,-274,84,-69,-403,-362
93383,29,818,16544,-17,-277,85,-65,-407,-368
93397,35,819,16543,-12,-273,82,-70,-406,-364
93411,10,824,16545,-15,-275,85,-66,-407,-365
93425,37,825,16543,-18,-279,88,-69,-409,-365
93439,31,813,16554,-17,-279,82,-66,-404,-362
93453,15,819,16539,-23,-282,83,-68,-401,-360
93467,29,827,16540,-16,-280,87,-69,-402,-358
93481,9,819,16534,-12,-279,80,-66,-410,-365
93495,13,827,16535,-16,-277,88,-67,-402,-362
93509,1,831,16551,-16,-279,86,-68,-402,-360
93524,13,835,16547,-21,-278,86,-67,-406,-363
93538,6,825,16528,-14,-282,84,-70,-405,-362
93552,22,823,16538,-17,-281,81,-64,-403,-366
93566,49,811,16531,-17,-277,90,-70,-409,-364
93580,26,826,16535,-15,-279,89,-69,-403,-364
93594,29,822,16551,-17,-278,87,-67,-406,-366
93608,13,817,16535,-19,-277,86,-69,-402,-356
93622,20,824,16537,-17,-281,89,-70,-405,-364
93636,-2,837,16530,-20,-276,81,-70,-406,-366
93650,-2,819,16529,-21,-278,85,-63,-405,-366
93664,19,808,16550,-13,-277,90,-69,-405,-365
93678,7,810,16536,-20,-278,80,-68,-405,-365
93692,36,820,16556,-22,-277,84,-66,-405,-356
93706,22,830,16529,-20,-280,83,-67,-408,-362
93720,25,818,16531,-19,-275,86,-71,-407,-366
93734,27,820,16538,-20,-277,80,-64,-403,-363
93748,15,837,16531,-16,-284,82,-66,-409,-364
93762,5,816,16542,-19,-275,85,-70,-402,-357
93776,14,814,16531,-20,-281,88,-70,-405,-360
93790,16,836,16560,-19,-276,86,-68,-405,-366
93804,17,832,16532,-19,-277,89,-69,-405,-363
93818,25,830,16554,-20,-280,89,-65,-404,-361
93832,21,819,16542,-22,-279,81,-64,-406,-366
93846,22,816,16542,-16,-272,83,-72,-407,-361
93860,38,805,16556,-19,-275,83,-72,-408,-365
93874,17,816,16542,-18,-274,85,-65,-407,-365
93888,27,822,16533,-17,-280,85,-67,-405,-362
93902,9,823,16528,-18,-280,89,-70,-405,-359
93917,5,825,16539,-18,-282,87,-70,-407,-360
93932,13,831,16544,-17,-279,87,-66,-405,-360
93946,15,836,16533,-18,-284,86,-68,-406,-366
93960,24,831,16547,-20,-280,84,-69,-408,-367
93974,28,829,16535,-15,-278,80,-68,-409,-360
93988,35,818,16536,-23,-281,84,-64,-402,-362
94002,18,823,16538,-22,-278,82,-69,-404,-364
94016,30,807,16542,-17,-275,84,-67,-406,-361
94030,16,822,16536,-17,-279,87,-66,-404,-363
94044,16,824,16554,-22,-278,88,-67,-409,-369
94058,8,840,16550,-24,-282,87,-73,-402,-365
94072,19,821,16553,-22,-275,92,-67,-403,-361
94086,19,826,16541,-20,-279,89,-73,-401,-365
94100,7,818,16536,-24,-277,87,-69,-407,-363
94114,21,812,16546,-21,-278,86,-65,-402,-367
94128,30,824,16538,-18,-277,85,-65,-403,-366
94142,34,822,16540,-15,-279,82,-66,-405,-363
94156,13,818,16539,-13,-277,85,-65,-404,-361
94170,23,822,16540,-18,-281,90,-66,-400,-362
94184,10,823,16552,-19,-284,85,-66,-401,-363
94198,21,831,16540,-20,-276,89,-68,-403,-360
94212,4,821,16549,-12,-279,84,-72,-406,-359
94226,19,825,16526,-22,-280,84,-66,-402,-360
94240,7,826,16541,-15,-280,85,-66,-406,-366
94254,15,837,16528,-17,-279,86,-72,-408,-364
94268,26,824,16548,-24,-277,83,-68,-407,-366
94282,32,825,16534,-24,-278,87,-66,-401,-365
94296,30,818,16547,-9,-281,85,-65,-403,-360
94310,31,818,16531,-20,-282,85,-71,-402,-364
94324,24,821,16527,-21,-279,86,-69,-404,-364
94338,6,835,16541,-17,-280,91,-70,-407,-365
94353,12,829,16549,-18,-278,86,-62,-406,-367
94367,-6,833,16527,-18,-278,87,-63,-403,-360
94381,31,820,16533,-17,-281,85,-69,-401,-365
94395,16,821,16535,-17,-273,84,-68,-402,-363
94409,22,811,16547,-14,-277,86,-69,-400,-365
94423,20,831,16559,-17,-283,84,-69,-407,-363
94437,19,821,16554,-19,-279,83,-65,-408,-364
94451,25,825,16543,-18,-274,80,-67,-400,-357
94465,13,832,16547,-20,-283,85,-65,-403,-362
94479,1,811,16553,-19,-276,83,-70,-404,-358
94493,20,817,16561,-17,-281,85,-68,-407,-360
94507,26,816,16549,-22,-280,84,-67,-403,-361
94521,18,818,16535,-21,-277,88,-62,-403,-361
94535,22,832,16529,-17,-281,85,-64,-410,-362
94549,40,826,16535,-16,-277,85,-73,-407,-358
94563,29,820,16541,-21,-274,85,-68,-404,-367
94577,24,828,16541,-24,-282,88,-65,-412,-359
94591,23,833,16529,-21,-281,89,-67,-407,-368
94605,-3,812,16542,-21,-277,92,-66,-407,-357
94619,14,827,16533,-21,-278,91,-68,-410,-363
94633,17,833,16543,-16,-271,85,-62,-408,-362
94647,10,836,16555,-19,-277,84,-65,-404,-362
94661,26,840,16535,-21,-278,85,-70,-402,-365
94675,20,833,16549,-16,-280,86,-66,-406,-359
94689,9,830,16531,-18,-281,90,-68,-403,-362
94703,28,819,16541,-19,-284,84,-62,-409,-363
94717,25,816,16540,-18,-278,86,-67,-407,-363
94731,14,817,16547,-19,-274,86,-69,-410,-360
94745,12,824,16541,-25,-282,83,-67,-401,-362
94759,20,837,16565,-18,-278,89,-71,-405,-366
94773,8,839,16533,-12,-279,84,-74,-403,-365
94788,10,821,16539,-14,-278,92,-66,-404,-366
94802,14,815,16541,-16,-283,86,-64,-406,-366
94816,24,815,16538,-22,-280,86,-67,-404,-366
94830,23,818,16534,-19,-278,85,-62,-404,-371
94844,29,828,16538,-20,-278,82,-68,-402,-367
94858,20,829,16539,-22,-277,83,-71,-402,-360
94872,6,821,16528,-20,-281,91,-66,-407,-357
94886,12,819,16546,-18,-275,85,-65,-405,-357
94900,-1,823,16537,-16,-279,88,-70,-407,-360
94914,16,818,16550,-19,-275,92,-65,-401,-362
94928,4,812,16535,-19,-277,86,-70,-407,-364
94942,27,823,16531,-19,-278,90,-65,-402,-364
94956,18,825,16534,-20,-277,92,-63,-405,-365
94970,8,830,16535,-16,-278,90,-70,-406,-364
94984,31,823,16543,-23,-282,91,-64,-402,-361
94998,13,818,16535,-18,-278,83,-71,-403,-360
95012,15,825,16536,-20,-276,87,-68,-405,-369
95026,7,829,16530,-19,-277,90,-63,-402,-362
95040,18,819,16534,-19,-278,85,-68,-405,-366
95054,8,824,16530,-22,-284,86,-64,-406,-364
95068,17,831,16546,-19,-283,87,-68,-406,-363
95082,15,833,16549,-19,-278,87,-68,-404,-364
95096,10,824,16547,-23,-280,87,-65,-404,-368
95110,29,830,16532,-20,-279,84,-68,-404,-362
95124,10,806,16526,-25,-280,82,-68,-402,-365
95138,26,822,16535,-20,-283,89,-71,-408,-367
95152,13,823,16531,-17,-281,82,-69,-408,-357
95166,17,821,16543,-22,-279,81,-66,-404,-365
95180,13,817,16526,-12,-274,83,-67,-406,-359
95194,24,835,16532,-17,-274,84,-67,-408,-360
95208,28,833,16552,-15,-276,84,-70,-404,-365
95222,9,821,16538,-18,-277,80,-71,-413,-366
95236,10,833,16532,-14,-274,87,-66,-400,-362
95250,6,808,16524,-17,-282,87,-70,-405,-361
95264,20,831,16543,-17,-276,85,-66,-408,-363
95278,16,827,16540,-23,-277,88,-69,-401,-370
95292,5,822,16530,-15,-280,84,-71,-406,-363
95306,5,835,16541,-22,-279,87,-65,-403,-361
95320,27,820,16546,-15,-276,87,-66,-403,-359
95334,9,829,16532,-20,-280,87,-68,-407,-363
95348,18,821,16553,-17,-280,88,-64,-406,-359
95362,18,829,16542,-19,-277,85,-71,-406,-363
95376,19,820,16538,-15,-275,83,-65,-408,-368
95390,18,825,16540,-20,-275,86,-70,-407,-367
95404,15,823,16532,-17,-276,87,-70,-405,-365
95418,6,827,16546,-18,-282,88,-70,-406,-364
95432,16,828,16554,-15,-278,84,-66,-403,-367
95446,13,824,16538,-15,-281,87,-67,-404,-365
95460,16,821,16526,-14,-276,83,-67,-404,-362
95474,9,820,16522,-18,-275,87,-74,-406,-364
95488,9,824,16547,-20,-280,87,-66,-407,-363
95502,13,834,16541,-20,-277,87,-66,-404,-369
95516,20,824,16549,-22,-276,86,-70,-406,-367
95530,26,830,16535,-19,-276,81,-69,-405,-363
95544,29,821,16527,-14,-279,86,-64,-406,-365
95558,27,819,16538,-16,-279,87,-66,-409,-365
95572,-4,823,16524,-19,-283,90,-66,-406,-367
95586,3,830,16537,-23,-276,89,-76,-405,-361
95601,15,820,16543,-20,-281,86,-69,-402,-368
95615,16,819,16532,-20,-282,85,-70,-406,-363
95629,21,833,16544,-18,-281,83,-65,-405,-368
95643,24,828,16525,-19,-281,83,-73,-400,-360
95657,16,826,16525,-19,-279,87,-65,-407,-363
95671,26,818,16533,-19,-276,86,-69,-405,-367
95685,13,816,16539,-17,-278,87,-70,-401,-365
95699,5,819,16539,-21,-279,89,-69,-413,-363
95713,7,822,16533,-14,-278,84,-66,-407,-361
95727,10,823,16542,-20,-284,87,-68,-408,-358
95741,25,820,16527,-26,-282,83,-66,-397,-365
95755,16,825,16538,-18,-279,83,-70,-404,-364
95769,24,826,16536,-14,-277,82,-69,-411,-361
95783,10,816,16538,-16,-275,85,-70,-404,-364
95797,21,821,16538,-20,-279,84,-62,-410,-360
95811,9,822,16539,-16,-281,86,-69,-407,-363
95825,22,826,16542,-19,-276,83,-70,-401,-362
95839,23,814,16550,-17,-278,83,-67,-407,-359
95853,17,828,16533,-18,-279,85,-73,-404,-365
95867,22,819,16540,-21,-278,88,-68,-408,-365
95881,27,826,16533,-20,-272,84,-67,-408,-358
95895,12,815,16536,-15,-278,85,-68,-404,-364
95909,19,831,16543,-22,-275,82,-66,-402,-356
95923,23,820,16531,-20,-281,81,-69,-409,-365
95937,29,821,16535,-16,-279,87,-67,-406,-362
95951,16,817,16537,-17,-273,84,-66,-406,-364
95965,21,830,16541,-14,-275,82,-65,-399,-365
95979,20,825,16538,-20,-280,84,-68,-406,-361
95993,22,822,16537,-14,-278,89,-73,-404,-366
96007,-12,816,16538,-19,-285,84,-73,-406,-365
96021,-3,825,16541,-13,-276,87,-73,-403,-365
96035,19,829,16538,-21,-279,84,-72,-401,-368
96049,24,825,16529,-18,-280,86,-64,-404,-362
96063,29,815,16539,-15,-280,84,-64,-409,-365
96077,24,823,16548,-16,-282,88,-71,-402,-363
96091,41,821,16533,-18,-279,83,-66,-405,-360
96105,14,819,16546,-22,-281,81,-65,-404,-362
96119,26,823,16533,-20,-283,87,-66,-408,-361
96133,25,824,16542,-16,-283,81,-71,-401,-367
96147,21,813,16535,-18,-276,87,-66,-404,-361
96161,23,826,16537,-17,-280,80,-70,-401,-363
96175,17,819,16537,-19,-284,86,-72,-405,-362
96189,8,826,16538,-19,-282,85,-67,-405,-363
96203,12,823,16526,-23,-280,83,-72,-401,-366
96217,15,829,16539,-18,-277,84,-70,-407,-363
96231,24,816,16536,-20,-281,88,-64,-405,-364
96245,17,823,16550,-19,-274,88,-69,-404,-365
96259,26,820,16538,-17,-275,86,-69,-404,-368
96273,18,823,16550,-16,-280,82,-65,-411,-362
96287,20,831,16536,-17,-280,86,-68,-404,-362
96301,33,813,16546,-17,-281,86,-69,-408,-366
96315,8,834,16538,-21,-279,82,-73,-404,-361
96329,22,825,16531,-22,-277,82,-71,-405,-365
96343,18,827,16539,-23,-272,80,-65,-404,-364
96357,11,814,16536,-20,-280,84,-68,-405,-369
96371,32,828,16537,-16,-278,88,-68,-402,-360
96385,15,813,16532,-15,-276,87,-66,-407,-365
96399,10,821,16525,-19,-284,92,-69,-404,-361
96413,27,829,16532,-20,-275,87,-68,-403,-363
96427,10,828,16524,-15,-277,91,-67,-403,-367
96441,17,827,16545,-20,-279,88,-68,-401,-366
96455,7,827,16536,-15,-280,85,-67,-403,-361
96469,22,820,16541,-16,-280,82,-70,-407,-367
96483,27,829,16536,-15,-279,82,-65,-405,-359
96497,28,814,16543,-20,-276,83,-69,-406,-361
96511,31,821,16534,-19,-280,89,-66,-403,-368
96525,5,817,16542,-19,-283,80,-69,-400,-366
96539,9,814,16542,-18,-277,85,-72,-409,-368
96553,4,817,16549,-17,-282,87,-69,-400,-362
96567,17,830,16529,-17,-279,90,-69,-404,-360
96581,27,810,16531,-17,-278,84,-66,-404,-362
96595,21,814,16539,-18,-282,85,-70,-406,-363
96609,28,825,16530,-13,-273,83,-70,-404,-362
96623,10,839,16542,-23,-273,85,-71,-406,-367
96637,19,831,16551,-21,-279,83,-68,-406,-367
96651,14,832,16530,-20,-282,86,-66,-406,-367
96665,14,825,16534,-19,-275,87,-66,-410,-364
96679,14,826,16535,-24,-274,87,-62,-401,-361
96693,17,838,16534,-22,-276,88,-70,-405,-365
96707,23,832,16534,-19,-280,86,-71,-406,-369
96721,22,818,16541,-17,-279,90,-66,-402,-368
96735,7,820,16528,-17,-279,87,-70,-407,-362
96749,30,823,16535,-16,-280,85,-62,-409,-364
96763,14,830,16541,-21,-272,88,-69,-401,-361
96777,8,826,16523,-18,-276,85,-69,-402,-361
96791,35,820,16535,-23,-276,82,-73,-405,-360
96805,14,818,16531,-21,-277,88,-68,-406,-366
96819,13,828,16534,-15,-277,90,-64,-399,-367
96833,8,825,16544,-16,-277,88,-71,-404,-365
96847,14,822,16530,-16,-277,88,-69,-396,-364
96861,25,826,16541,-15,-279,90,-72,-407,-362
96875,20,822,16542,-15,-280,89,-67,-407,-363
96889,25,821,16533,-21,-278,86,-65,-406,-363
96903,29,818,16529,-20,-283,87,-69,-405,-358
96917,11,827,16541,-20,-280,84,-70,-402,-365
96931,15,835,16542,-22,-278,92,-68,-401,-367
96945,5,820,16533,-25,-278,82,-67,-400,-364
96959,18,824,16522,-18,-282,88,-67,-403,-364
96973,10,815,16556,-20,-281,87,-70,-402,-362
96987,14,827,16519,-19,-283,89,-67,-405,-367
97001,18,823,16531,-16,-277,85,-68,-407,-367
97015,26,830,16553,-17,-278,86,-69,-407,-368
97029,27,834,16536,-19,-277,89,-64,-403,-364
97043,10,813,16537,-18,-278,82,-69,-405,-365
97057,26,820,16526,-18,-279,80,-70,-400,-361
97071,14,815,16531,-18,-275,90,-71,-413,-362
97085,16,819,16530,-17,-277,92,-65,-411,-369
97099,26,817,16545,-21,-278,88,-72,-403,-364
97113,20,819,16536,-15,-281,87,-68,-402,-363
97127,38,830,16537,-16,-281,87,-70,-405,-364
97141,36,838,16533,-16,-281,84,-69,-408,-362
97155,11,824,16536,-15,-277,85,-65,-406,-362
97169,16,818,16526,-16,-277,90,-68,-407,-367
97183,3,826,16530,-25,-278,84,-59,-400,-367
97197,14,830,16539,-21,-283,87,-67,-404,-360
97211,23,818,16547,-18,-279,86,-71,-408,-363
97225,18,817,16520,-25,-281,85,-69,-404,-359
97239,21,828,16544,-17,-280,89,-69,-407,-369
97253,21,837,16545,-16,-283,86,-68,-404,-362
97267,9,827,16529,-20,-283,87,-62,-404,-365
97281,13,811,16534,-16,-282,83,-70,-403,-363
97295,26,825,16533,-18,-278,85,-71,-403,-363
97309,13,830,16548,-22,-277,85,-68,-405,-367
97323,11,830,16537,-14,-274,83,-66,-405,-371
97337,21,823,16543,-19,-282,85,-71,-404,-362
97351,12,827,16546,-19,-278,86,-66,-398,-366
97365,31,817,16530,-18,-276,85,-69,-406,-361
97379,11,826,16522,-18,-277,82,-69,-405,-362
97393,14,837,16535,-20,-275,84,-67,-406,-361
97407,12,831,16539,-18,-280,89,-67,-400,-368
97421,33,831,16521,-25,-274,85,-72,-405,-364
97435,27,830,16528,-18,-276,87,-68,-398,-363
97449,7,816,16526,-20,-274,87,-68,-404,-363
97463,23,826,16540,-15,-274,86,-68,-408,-365
97477,3,810,16554,-21,-280,93,-67,-406,-362
97491,24,826,16540,-14,-279,85,-70,-410,-368
97505,10,823,16531,-21,-279,89,-70,-403,-365
97519,24,830,16547,-16,-276,87,-68,-405,-366
97533,27,829,16549,-19,-276,90,-67,-402,-364
97547,21,839,16533,-18,-283,87,-67,-407,-365
97561,21,826,16539,-19,-281,88,-69,-404,-363
97575,25,817,16541,-14,-280,88,-65,-406,-361
97589,14,818,16534,-22,-277,86,-65,-406,-366
97603,28,826,16532,-19,-276,89,-67,-405,-366
97617,13,821,16549,-22,-278,87,-67,-402,-365
97631,41,826,16527,-16,-278,87,-68,-404,-363
97645,31,822,16547,-18,-279,83,-73,-407,-367
97659,12,826,16552,-16,-279,86,-73,-413,-365
97673,18,830,16536,-18,-277,84,-69,-407,-368
97687,26,822,16542,-16,-278,87,-67,-405,-362
97701,20,821,16520,-17,-284,86,-64,-405,-363
97715,15,823,16542,-16,-280,84,-64,-406,-363
97729,31,812,16531,-15,-277,85,-65,-404,-360
97743,20,828,16532,-20,-277,84,-68,-405,-363
97757,13,818,16545,-17,-281,83,-68,-400,-359
97771,22,823,16536,-16,-282,85,-72,-405,-362
97785,12,823,16531,-20,-284,85,-68,-398,-357
97799,29,827,16547,-18,-276,87,-68,-402,-363
97813,7,827,16548,-20,-279,85,-63,-402,-367
97827,16,825,16528,-14,-277,87,-67,-405,-366
97841,26,812,16522,-16,-277,83,-68,-406,-367
97855,11,817,16552,-13,-280,87,-75,-399,-360
97869,18,828,16559,-17,-276,86,-68,-409,-365
97883,30,811,16546,-16,-279,88,-70,-410,-364
97897,23,819,16536,-21,-281,86,-64,-404,-370
97911,12,823,16545,-17,-278,89,-64,-400,-365
97925,21,818,16544,-21,-279,84,-69,-402,-361
97939,11,813,16541,-21,-281,85,-69,-407,-361
97953,17,817,16531,-25,-274,84,-69,-403,-361
97967,19,838,16554,-19,-277,90,-69,-407,-364
97981,38,826,16534,-13,-280,88,-64,-408,-365
97995,21,819,16539,-22,-279,87,-72,-398,-360
98009,18,821,16549,-21,-280,84,-67,-401,-362
98023,4,809,16532,-17,-285,89,-71,-403,-364
98037,21,826,16540,-15,-275,87,-67,-407,-365
98051,30,830,16543,-18,-276,86,-69,-404,-363
98065,10,828,16540,-16,-279,84,-69,-406,-364
98079,15,832,16550,-13,-278,88,-65,-403,-367
98093,23,832,16553,-18,-282,88,-67,-407,-364
98107,15,817,16548,-17,-275,86,-69,-401,-365
98121,16,815,16544,-22,-281,82,-63,-404,-366
98135,11,817,16541,-22,-280,85,-66,-402,-362
98149,23,825,16538,-19,-280,86,-68,-403,-364
98163,18,820,16548,-20,-274,84,-62,-404,-361
98177,22,820,16542,-18,-280,86,-71,-403,-362
98191,15,828,16544,-16,-276,89,-70,-402,-360
98205,18,821,16523,-20,-276,85,-70,-405,-369
98219,22,820,16539,-18,-278,82,-62,-406,-366
98233,24,812,16540,-18,-277,86,-68,-406,-363
98247,3,814,16531,-23,-280,82,-66,-403,-364
98261,13,819,16549,-18,-276,81,-69,-405,-368
98275,9,826,16544,-18,-278,87,-64,-407,-364
98289,11,826,16534,-16,-281,85,-64,-400,-359
98303,9,832,16532,-12,-281,91,-72,-406,-366
98317,18,821,16530,-20,-275,86,-69,-403,-362
98331,21,823,16551,-19,-276,91,-70,-402,-366
98345,20,837,16542,-20,-273,87,-65,-404,-363
98359,25,823,16549,-20,-276,85,-67,-404,-365
98373,5,822,16531,-22,-283,87,-64,-410,-359
98387,22,828,16546,-18,-279,86,-59,-409,-366
98401,9,830,16543,-16,-277,87,-65,-405,-362
98415,3,825,16539,-15,-277,85,-66,-402,-366
98429,31,829,16543,-21,-277,82,-71,-403,-365
98443,17,822,16551,-23,-279,81,-70,-403,-362
98457,27,821,16532,-16,-276,88,-68,-405,-364
98471,21,829,16540,-15,-278,87,-67,-408,-364
98485,32,821,16528,-19,-277,80,-68,-403,-367
98499,20,818,16533,-19,-275,87,-61,-406,-367
98513,8,826,16550,-17,-278,87,-62,-403,-358
98527,18,831,16534,-20,-276,92,-66,-403,-368
98541,11,815,16539,-23,-279,80,-70,-406,-362
98555,8,823,16535,-18,-280,82,-70,-406,-369
98569,13,819,16542,-19,-282,84,-61,-401,-367
98583,9,825,16522,-18,-280,80,-66,-405,-364
98597,22,836,16562,-23,-282,80,-68,-409,-363
98611,31,828,16549,-23,-280,81,-68,-403,-364
98625,17,814,16514,-16,-280,83,-69,-404,-366
98639,27,824,16533,-22,-280,85,-68,-406,-364
98653,13,826,16559,-18,-280,89,-68,-406,-364
98667,23,820,16534,-15,-279,87,-69,-409,-357
98681,31,814,16537,-21,-275,83,-68,-407,-359
98695,11,823,16526,-18,-275,86,-68,-408,-363
98709,20,826,16505,-18,-276,87,-66,-407,-363
98723,21,824,16568,-27,-277,89,-68,-404,-364
98737,19,815,16541,-19,-283,91,-64,-404,-365
98751,16,815,16515,-26,-279,85,-69,-404,-361
98765,13,809,16537,-24,-281,90,-69,-400,-363
98779,23,825,16538,-17,-279,88,-68,-404,-363
98793,24,808,16536,-17,-283,86,-72,-402,-362
98807,17,822,16554,-23,-277,89,-69,-407,-356
98821,23,812,16520,-19,-280,91,-68,-404,-362
98835,9,822,16542,-19,-282,90,-68,-408,-365
98849,15,829,16554,-21,-278,87,-69,-403,-364
98863,22,831,16525,-22,-278,83,-67,-406,-367
98877,17,826,16541,-21,-280,88,-67,-405,-363
98891,15,823,16560,-17,-279,82,-67,-405,-363
98905,28,821,16528,-17,-276,90,-67,-408,-364
98919,22,827,16537,-22,-280,91,-69,-400,-359
98933,16,822,16546,-21,-279,91,-68,-408,-365
98947,26,826,16540,-25,-276,85,-70,-401,-363
98961,33,825,16536,-28,-278,86,-65,-404,-364
98975,17,817,16531,-20,-278,86,-68,-406,-359
98989,21,823,16528,-26,-280,83,-69,-405,-364
99003,10,812,16569,-16,-282,86,-70,-402,-365
99017,20,824,16547,-17,-278,88,-70,-400,-361
99031,9,822,16535,-21,-278,85,-69,-399,-362
99045,28,840,16542,-17,-281,85,-65,-400,-366
99059,17,826,16540,-18,-278,84,-65,-409,-358
99073,23,825,16540,-18,-283,86,-64,-409,-360
99087,14,815,16535,-17,-278,87,-67,-398,-364
99101,15,820,16531,-17,-277,88,-70,-403,-362
99115,23,820,16512,-18,-280,87,-69,-406,-365
99129,15,830,16562,-18,-277,83,-66,-411,-362
99143,25,816,16544,-24,-274,84,-67,-405,-365
99157,7,811,16554,-19,-287,86,-64,-402,-365
99171,20,830,16552,-24,-279,89,-70,-404,-367
99185,17,826,16567,-21,-276,92,-67,-402,-361
99199,9,831,16532,-23,-277,84,-70,-399,-362
99213,15,818,16546,-22,-279,83,-71,-402,-362
99227,16,826,16537,-19,-278,81,-72,-413,-373
99241,23,833,16576,-19,-280,86,-69,-405,-362
99255,24,815,16527,-16,-277,82,-67,-402,-369
99269,22,812,16553,-18,-278,88,-69,-403,-365
99283,18,818,16567,-18,-276,83,-66,-404,-362
99297,42,823,16547,-19,-279,86,-73,-404,-360
99311,14,830,16538,-19,-283,83,-65,-405,-362
99325,23,833,16523,-17,-282,87,-69,-403,-359
99339,22,825,16521,-19,-276,86,-70,-403,-362
99353,14,824,16564,-16,-280,83,-64,-408,-362
99367,18,813,16541,-20,-274,85,-68,-404,-360
99381,20,810,16517,-17,-278,85,-68,-404,-363
99395,23,813,16546,-23,-283,86,-69,-402,-362
99409,21,825,16554,-18,-278,84,-72,-405,-364
99423,10,829,16556,-22,-280,83,-66,-406,-363
99437,14,822,16514,-18,-284,85,-64,-405,-364
99451,16,830,16524,-21,-277,89,-66,-406,-366
99465,10,830,16557,-16,-281,90,-65,-404,-362
99479,16,815,16556,-21,-274,88,-66,-407,-362
99493,23,821,16527,-19,-279,85,-65,-405,-356
99507,8,810,16547,-22,-277,87,-68,-408,-364
99521,14,822,16546,-16,-285,86,-65,-400,-360
99535,18,821,16558,-15,-277,90,-63,-403,-361
99549,24,819,16546,-18,-277,89,-65,-400,-363
99563,24,826,16542,-20,-281,83,-63,-403,-365
99577,9,818,16547,-22,-278,85,-66,-407,-367
99591,19,817,16537,-17,-281,91,-70,-405,-364
99605,8,822,16551,-24,-283,80,-70,-405,-363
99619,17,806,16542,-18,-277,84,-66,-401,-362
99633,20,804,16555,-19,-277,83,-71,-402,-365
99647,25,826,16541,-19,-280,91,-71,-407,-362
99661,27,826,16539,-16,-280,85,-65,-404,-362
99675,35,820,16522,-24,-279,84,-66,-408,-363
99689,20,829,16541,-26,-274,86,-62,-406,-359
99703,17,817,16546,-17,-280,88,-64,-401,-365
99717,18,818,16528,-19,-280,87,-65,-409,-365
99731,10,819,16537,-18,-281,84,-65,-408,-364
99745,20,822,16540,-14,-280,83,-70,-404,-359
99759,7,839,16543,-14,-276,88,-70,-405,-361
99773,26,839,16524,-10,-278,87,-68,-403,-357
99787,30,837,16560,-19,-276,83,-71,-406,-359
99801,16,817,16584,-19,-278,85,-72,-398,-360
99815,23,803,16511,-12,-277,85,-66,-402,-366
99829,14,806,16541,-17,-279,86,-65,-403,-364
99843,23,812,16552,-24,-279,85,-66,-402,-361
99857,0,817,16554,-20,-280,87,-69,-399,-362
99871,14,837,16536,-19,-279,87,-66,-402,-362
99885,24,831,16538,-18,-283,85,-63,-403,-358
99899,33,829,16546,-19,-277,85,-69,-399,-367
99913,32,826,16569,-18,-280,83,-69,-401,-359
99927,21,807,16513,-15,-278,90,-67,-402,-363
99941,19,816,16519,-19,-281,92,-71,-403,-361
99955,21,820,16558,-21,-277,81,-66,-408,-363
99969,19,826,16526,-20,-279,86,-69,-405,-367
99983,30,821,16552,-20,-275,88,-66,-409,-367
99997,19,832,16538,-15,-280,86,-66,-399,-363
100011,17,832,16530,-20,-275,84,-71,-401,-363
100025,22,819,16555,-21,-277,92,-67,-400,-363
100039,10,825,16554,-15,-277,87,-70,-409,-359
100053,10,827,16518,-17,-274,86,-67,-410,-360
100067,22,819,16542,-25,-281,85,-70,-408,-366
100081,24,839,16558,-23,-279,88,-70,-406,-360
100095,13,831,16544,-22,-283,86,-64,-406,-366
100109,23,836,16527,-20,-279,83,-70,-402,-365
100123,24,817,16534,-14,-278,84,-67,-411,-367
100137,12,833,16548,-20,-282,86,-66,-405,-368
100151,25,816,16560,-18,-280,84,-72,-412,-358
100165,15,821,16523,-16,-279,89,-67,-404,-362
100179,15,831,16529,-23,-281,90,-69,-408,-360
100193,24,829,16549,-15,-284,84,-67,-398,-365
100207,30,836,16559,-16,-277,86,-68,-404,-365
100221,23,828,16535,-23,-284,86,-66,-406,-363
100235,27,810,16548,-17,-279,88,-61,-402,-362
100249,0,819,16548,-22,-278,89,-64,-401,-367
100263,-2,826,16544,-18,-283,87,-67,-407,-366
100277,-3,831,16531,-17,-282,91,-64,-404,-364
100291,28,827,16520,-22,-277,91,-66,-405,-363
100305,21,828,16561,-23,-282,89,-73,-402,-359
100319,17,833,16541,-21,-279,81,-70,-405,-362
100333,30,820,16523,-17,-275,92,-66,-412,-363
100347,12,820,16547,-19,-278,89,-72,-410,-366
100361,18,823,16553,-16,-277,85,-66,-406,-369
100375,6,827,16534,-17,-278,86,-68,-411,-365
100389,3,823,16565,-20,-276,88,-65,-404,-366
100403,2,849,16570,-18,-276,85,-69,-406,-364
100417,16,827,16545,-19,-279,86,-73,-402,-362
100431,38,826,16546,-12,-280,84,-65,-405,-362
100445,19,805,16575,-18,-275,87,-71,-408,-362
100459,17,813,16526,-21,-279,85,-64,-407,-365
100473,30,819,16508,-16,-282,85,-65,-400,-362
100487,30,824,16537,-24,-275,88,-72,-406,-360
100501,18,843,16529,-22,-279,92,-70,-404,-362
100515,18,839,16566,-22,-279,88,-69,-404,-359
100529,17,826,16550,-16,-283,85,-70,-407,-362
100543,20,816,16530,-17,-276,86,-67,-396,-365
100557,10,804,16575,-19,-277,85,-73,-404,-370
100571,10,818,16532,-21,-280,87,-73,-404,-368
100585,21,817,16523,-13,-280,87,-62,-406,-363
100599,28,832,16540,-20,-273,85,-71,-403,-365
100613,17,830,16541,-19,-282,84,-68,-408,-363
100627,25,826,16542,-23,-281,82,-72,-405,-362
100641,26,825,16533,-22,-279,87,-68,-400,-362
100655,24,799,16526,-16,-279,84,-67,-403,-360
100669,15,816,16548,-17,-275,81,-68,-406,-369
100683,21,829,16539,-24,-276,85,-65,-401,-363
100697,35,846,16530,-21,-276,87,-67,-410,-364
100711,32,831,16548,-17,-277,85,-70,-409,-361
100725,18,837,16548,-21,-280,91,-65,-405,-363
100739,12,819,16534,-18,-283,88,-70,-406,-366
100753,19,818,16540,-20,-277,88,-70,-407,-360
100767,7,822,16538,-21,-283,91,-70,-405,-368
100781,14,823,16546,-23,-281,92,-64,-404,-367
100795,32,838,16552,-21,-277,83,-68,-406,-368
100809,8,847,16521,-18,-283,87,-67,-405,-359
100823,9,837,16532,-23,-279,88,-68,-407,-361
100837,26,833,16553,-21,-274,85,-68,-409,-367
100851,27,816,16542,-19,-276,87,-70,-401,-366
100865,7,806,16538,-16,-277,89,-62,-406,-359
100879,28,809,16525,-15,-280,81,-69,-402,-366
100893,24,818,16563,-17,-278,89,-61,-404,-361
100907,16,833,16537,-21,-275,87,-69,-406,-365
100921,31,844,16526,-19,-275,89,-61,-400,-363
100935,16,832,16577,-21,-276,86,-68,-405,-365
100949,25,814,16510,-12,-275,85,-70,-399,-361
100963,9,810,16491,-17,-277,86,-67,-402,-365
100977,12,817,16567,-18,-282,88,-63,-406,-364
100991,9,809,16548,-16,-279,83,-67,-400,-369
101005,25,811,16533,-19,-279,83,-66,-408,-368
101019,28,829,16528,-22,-276,81,-64,-404,-362
101033,38,832,16525,-21,-274,91,-73,-410,-361
101047,23,838,16562,-21,-279,86,-68,-407,-362
101061,1,825,16510,-20,-279,88,-68,-410,-360
101075,6,813,16515,-18,-279,88,-68,-400,-360
101089,4,815,16565,-21,-283,85,-67,-406,-367
101103,11,825,16535,-16,-280,85,-69,-406,-356
101117,33,833,16547,-16,-278,84,-67,-407,-364
101131,46,839,16523,-18,-280,87,-71,-410,-366
101145,27,826,16554,-22,-275,88,-62,-404,-364
101159,18,816,16560,-21,-277,90,-67,-401,-365
101173,16,824,16528,-14,-283,89,-66,-402,-364
101187,18,810,16529,-21,-277,86,-70,-404,-364
101201,-251,817,16561,-21,-277,86,-66,-404,-365
101215,7,823,16556,-24,-278,88,-66,-403,-362
101229,22,842,16544,-22,-277,87,-71,-404,-366
101243,26,823,16527,-17,-283,90,-66,-407,-367
101257,18,842,16539,-21,-279,87,-66,-405,-365
101271,19,811,16561,-21,-276,88,-62,-402,-362
101285,15,805,16546,-18,-277,85,-66,-399,-361
101299,13,803,16534,-14,-283,84,-64,-407,-359
101313,11,816,16522,-19,-277,90,-64,-404,-360
101327,16,839,16547,-17,-277,89,-66,-401,-365
101341,10,848,16532,-17,-280,87,-71,-406,-361
101355,18,833,16529,-18,-277,85,-68,-399,-363
101369,20,838,16529,-19,-276,85,-67,-410,-360
101383,6,807,16536,-19,-276,89,-71,-399,-362
101397,30,809,16531,-22,-272,87,-61,-410,-360
101411,27,826,16521,-21,-279,84,-68,-402,-368
101425,29,817,16527,-25,-275,85,-72,-412,-366
101439,28,843,16550,-20,-278,87,-66,-404,-362
101453,39,829,16527,-16,-280,86,-67,-402,-364
101467,10,824,16522,-20,-274,88,-72,-408,-367
101481,13,806,16539,-17,-279,88,-67,-409,-366
101495,6,819,16540,-21,-276,87,-69,-405,-359
101509,7,827,16569,-22,-282,85,-70,-405,-362
101523,14,820,16538,-16,-280,89,-67,-404,-365
101537,21,829,16500,-20,-279,88,-70,-403,-364
101551,30,825,16576,-18,-277,90,-66,-406,-363
101565,32,804,16548,-16,-282,87,-71,-403,-361
101579,36,818,16512,-19,-273,85,-68,-401,-363
101593,20,813,16550,-18,-275,85,-64,-404,-362
101607,1,826,16552,-16,-279,90,-69,-402,-360
101621,9,837,16554,-17,-275,88,-67,-408,-364
101635,10,823,16517,-20,-273,86,-63,-407,-361
101649,11,833,16537,-17,-278,83,-69,-404,-364
101663,20,810,16553,-23,-275,89,-70,-399,-361
101677,47,820,16541,-19,-276,89,-69,-409,-362
101691,37,814,16546,-24,-283,85,-67,-407,-359
101705,30,813,16535,-24,-280,88,-73,-402,-359
101719,29,820,16549,-21,-283,86,-69,-403,-364
101733,15,820,16560,-20,-280,89,-68,-405,-361
101747,6,816,16531,-14,-279,80,-61,-400,-364
101761,10,838,16548,-12,-278,86,-69,-404,-366
101775,9,832,16546,-23,-279,88,-69,-401,-363
101789,10,812,16527,-17,-278,88,-65,-402,-358
101803,24,828,16554,-17,-282,88,-65,-401,-368
101817,19,809,16546,-18,-279,87,-64,-410,-365
101831,26,820,16541,-20,-278,85,-73,-407,-359
101845,26,833,16552,-15,-284,80,-65,-401,-362
101859,24,814,16538,-12,-279,85,-65,-400,-364
101873,34,822,16539,-19,-281,87,-69,-402,-364
101887,19,821,16530,-23,-280,87,-69,-409,-364
101901,6,837,16536,-18,-275,87,-65,-405,-362
101915,5,827,16535,-15,-279,86,-68,-404,-365
101929,7,818,16533,-23,-280,82,-62,-402,-363
101943,27,825,16538,-19,-276,85,-71,-405,-359
101957,13,821,16542,-16,-280,83,-67,-402,-363
101971,25,829,16536,-18,-273,90,-64,-405,-361
101985,31,823,16531,-18,-280,86,-65,-404,-358
101999,24,812,16545,-16,-276,82,-65,-404,-361
102013,11,818,16530,-21,-278,88,-69,-402,-363
102027,16,826,16521,-24,-279,85,-68,-400,-364
102041,17,834,16552,-18,-280,84,-67,-406,-367
102055,1,829,16548,-19,-276,87,-69,-410,-363
102069,18,819,16510,-13,-277,84,-66,-405,-359
102083,16,820,16541,-17,-283,85,-69,-400,-363
102097,33,823,16552,-15,-279,85,-74,-401,-362
102111,41,820,16516,-17,-279,83,-65,-405,-365
102125,44,798,16530,-22,-281,84,-65,-398,-367
102139,29,818,16544,-20,-277,87,-67,-409,-363
102153,26,836,16543,-19,-278,90,-67,-401,-362
102167,2,831,16541,-21,-280,89,-67,-410,-362
102181,7,832,16533,-15,-275,83,-65,-409,-359
102195,7,826,16521,-15,-277,84,-65,-404,-361
102209,16,817,16548,-17,-277,87,-67,-407,-363
102223,22,825,16538,-16,-283,83,-68,-410,-362
102237,30,821,16532,-15,-277,84,-68,-408,-365
102251,30,821,16530,-19,-275,88,-70,-400,-363
102265,34,827,16553,-19,-279,80,-63,-405,-364
102279,18,833,16542,-18,-281,81,-63,-408,-363
102293,6,818,16539,-18,-280,83,-71,-403,-364
102307,10,821,16533,-13,-283,81,-67,-406,-363
102321,7,810,16543,-20,-276,84,-69,-408,-367
102335,0,828,16534,-16,-276,84,-67,-404,-363
102349,13,831,16536,-18,-284,88,-69,-409,-358
102363,14,827,16549,-19,-280,81,-65,-409,-364
102377,22,822,16547,-12,-279,84,-64,-406,-368
102391,26,823,16539,-11,-281,86,-63,-408,-367
102405,19,822,16540,-19,-274,87,-67,-406,-364
102419,8,820,16543,-17,-272,87,-70,-403,-370
102433,12,801,16556,-15,-279,84,-67,-404,-365
102447,20,815,16537,-21,-279,80,-70,-402,-367
102461,25,820,16532,-19,-280,84,-72,-400,-364
102475,14,821,16539,-17,-279,86,-70,-410,-368
102489,23,826,16553,-16,-279,84,-67,-407,-365
102503,15,821,16546,-20,-278,85,-66,-407,-365
102517,10,826,16546,-21,-280,82,-70,-401,-365
102531,39,807,16533,-18,-279,84,-66,-402,-362
102545,36,832,16553,-18,-279,89,-72,-404,-363
102559,27,835,16545,-25,-280,86,-69,-406,-365
102573,18,825,16546,-19,-277,88,-68,-403,-366
102587,20,823,16541,-27,-281,91,-67,-405,-368
102601,5,820,16544,-21,-278,90,-71,-404,-362
102615,0,831,16559,-17,-277,87,-63,-408,-359
102629,16,804,16529,-19,-274,87,-69,-407,-361
102643,18,804,16526,-20,-277,87,-63,-403,-361
102657,15,814,16568,-18,-281,86,-69,-405,-361
102671,24,824,16565,-18,-282,86,-66,-409,-358
102685,31,827,16504,-18,-278,87,-67,-404,-364
102699,35,824,16531,-17,-278,85,-69,-408,-364
102713,25,837,16557,-18,-277,88,-66,-404,-363
102727,8,825,16532,-15,-275,83,-69,-400,-362
102741,-3,820,16531,-13,-277,87,-68,-405,-364
102755,-9,815,16530,-21,-278,86,-73,-401,-366
102769,16,819,16532,-22,-280,81,-67,-401,-360
102783,28,816,16544,-23,-278,82,-66,-402,-364
102797,20,827,16511,-15,-284,87,-67,-406,-360
102811,30,810,16529,-11,-283,86,-69,-409,-366
102825,17,821,16568,-15,-281,84,-66,-404,-363
102839,26,820,16546,-14,-277,85,-67,-406,-366
102853,10,819,16528,-18,-276,88,-68,-404,-364
102867,7,818,16536,-20,-278,82,-64,-405,-360
102881,22,823,16541,-15,-280,83,-69,-403,-365
102895,-6,831,16552,-11,-280,86,-73,-403,-365
102909,41,828,16532,-22,-278,87,-66,-407,-360
102923,20,825,16523,-16,-281,81,-68,-398,-364
102937,35,810,16544,-16,-279,90,-69,-409,-364
102951,33,821,16554,-17,-280,86,-68,-405,-364
102965,26,816,16527,-18,-271,84,-70,-402,-366
102979,31,826,16538,-21,-278,87,-67,-403,-359
102993,26,834,16537,-24,-279,87,-73,-403,-362
103007,13,840,16540,-21,-277,86,-60,-403,-361
103021,13,833,16536,-24,-275,84,-68,-400,-362
103035,17,827,16539,-15,-273,83,-69,-405,-360
103049,20,819,16540,-21,-278,85,-67,-406,-364
103063,14,829,16537,-22,-279,92,-70,-406,-362
103077,24,825,16532,-15,-275,88,-69,-403,-361
103091,18,819,16535,-22,-278,88,-69,-402,-360
103105,23,839,16541,-16,-280,86,-66,-402,-363
103119,8,830,16557,-20,-279,83,-72,-404,-358
103133,23,823,16525,-15,-278,84,-64,-405,-367
103147,21,818,16533,-20,-276,83,-70,-406,-369
103161,12,831,16547,-22,-279,85,-65,-405,-360
103175,-17,821,16546,-16,-283,83,-68,-405,-364
103189,16,831,16535,-19,-280,82,-68,-406,-366
103203,12,824,16518,-22,-275,83,-71,-407,-366
103217,32,828,16561,-19,-281,89,-67,-406,-363
103231,24,821,16484,-17,-282,85,-69,-405,-366
103245,33,825,16514,-20,-280,83,-71,-405,-365
103259,24,819,16544,-20,-284,88,-66,-399,-366
103273,19,831,16546,-18,-273,92,-65,-406,-367
103287,-13,834,16539,-19,-278,80,-69,-408,-365
103301,-2,834,16543,-19,-273,85,-72,-405,-361
103315,20,830,16538,-16,-279,83,-67,-406,-364
103329,21,821,16548,-18,-277,84,-73,-404,-364
103343,18,826,16535,-23,-282,86,-68,-408,-360
103357,23,820,16514,-16,-273,85,-65,-409,-362
103371,23,819,16562,-23,-279,88,-69,-412,-363
103385,27,808,16531,-17,-276,85,-74,-405,-361
103399,26,830,16525,-14,-276,85,-62,-407,-361
103413,20,834,16528,-12,-278,83,-70,-407,-366
103427,11,827,16532,-19,-279,88,-64,-406,-356
103441,1,820,16544,-25,-276,85,-68,-405,-362
103455,2,831,16546,-21,-273,88,-66,-398,-366
103469,21,818,16530,-22,-267,89,-70,-406,-362
103483,5,833,16532,-15,-279,85,-65,-406,-363
103497,19,809,16555,-21,-277,88,-70,-400,-361
103511,14,831,16550,-21,-280,86,-70,-403,-366
103525,25,822,16545,-18,-283,88,-62,-402,-365
103539,33,813,16543,-20,-285,87,-66,-406,-366
103553,16,827,16550,-23,-277,89,-68,-408,-365
103567,27,832,16541,-23,-282,92,-70,-401,-362
103581,15,822,16525,-22,-282,86,-71,-409,-362
103595,22,826,16536,-24,-281,83,-65,-405,-360
103609,15,838,16550,-22,-286,86,-66,-404,-364
103623,20,828,16529,-20,-281,88,-65,-407,-367
103637,13,823,16546,-17,-275,86,-69,-405,-361
103651,24,823,16547,-14,-278,86,-72,-401,-362
103665,38,811,16537,-21,-275,85,-67,-408,-362
103679,21,821,16543,-20,-280,85,-67,-404,-359
103693,29,819,16536,-15,-280,89,-66,-406,-367
103707,6,834,16541,-19,-273,87,-75,-406,-367
103721,7,838,16552,-20,-280,87,-68,-411,-364
103735,5,839,16545,-17,-275,85,-70,-404,-361
103749,25,821,16526,-16,-275,86,-71,-407,-360
103763,24,827,16549,-20,-278,85,-67,-405,-358
103777,24,812,16533,-22,-281,89,-70,-404,-362
103791,39,811,16507,-23,-278,86,-69,-397,-360
103805,12,818,16551,-21,-277,89,-70,-405,-360
103819,21,823,16557,-20,-278,89,-70,-407,-357
103833,20,827,16517,-23,-282,87,-73,-402,-365
103847,18,818,16533,-20,-278,91,-66,-405,-359
103861,19,821,16526,-19,-280,90,-70,-404,-358
103875,4,818,16539,-18,-275,86,-64,-407,-361
103889,11,819,16554,-18,-278,91,-65,-400,-363
103903,20,820,16516,-14,-277,90,-74,-406,-365
103917,20,823,16538,-21,-277,90,-65,-406,-367
103931,26,831,16555,-19,-276,91,-68,-406,-361
103945,20,823,16539,-20,-276,87,-66,-407,-358
103959,20,826,16529,-20,-282,87,-62,-401,-365
103973,26,827,16536,-14,-279,86,-71,-410,-361
103987,20,823,16533,-15,-274,92,-70,-405,-364
104001,18,831,16531,-20,-277,88,-69,-409,-363
104015,5,834,16537,-21,-277,85,-64,-409,-359
104029,6,820,16538,-25,-276,85,-63,-406,-365
104043,31,821,16534,-21,-278,87,-69,-402,-361
104057,17,812,16548,-22,-274,84,-66,-404,-362
104071,31,809,16524,-20,-279,83,-64,-408,-363
104085,37,819,16531,-21,-280,83,-69,-407,-357
104099,17,821,16537,-18,-282,87,-71,-408,-362
104113,10,827,16544,-11,-279,91,-71,-410,-362
104127,15,833,16537,-17,-279,86,-72,-402,-360
104141,11,836,16541,-23,-277,85,-68,-408,-366
104155,10,831,16527,-22,-277,90,-66,-408,-365
104169,5,833,16540,-16,-278,85,-65,-403,-361
104183,27,820,16532,-15,-278,86,-65,-408,-363
104197,19,812,16532,-16,-283,84,-66,-405,-363
104211,16,823,16546,-17,-278,87,-71,-409,-364
104225,24,833,16542,-17,-275,82,-66,-402,-359
104239,16,832,16522,-17,-277,88,-67,-406,-366
104253,13,813,16524,-17,-276,88,-67,-408,-361
104267,22,830,16564,-19,-276,82,-67,-404,-366
104281,14,816,16560,-20,-281,82,-66,-406,-360
104295,19,818,16528,-19,-278,84,-71,-399,-363
104309,9,824,16540,-22,-278,86,-66,-403,-362
104323,26,824,16527,-18,-277,91,-69,-404,-361
104337,16,835,16523,-17,-273,85,-68,-401,-364
104351,19,834,16546,-19,-278,87,-70,-405,-361
104365,34,837,16535,-18,-281,84,-68,-406,-362
104379,25,827,16538,-18,-277,86,-70,-405,-362
104393,29,823,16560,-16,-277,85,-69,-402,-368
104407,15,838,16552,-18,-281,90,-69,-406,-361
104421,10,816,16540,-22,-278,90,-73,-402,-366
104435,21,828,16539,-23,-280,86,-69,-402,-362
104449,20,825,16536,-16,-278,87,-65,-402,-363
104463,25,819,16528,-20,-279,86,-69,-406,-368
104477,29,822,16554,-16,-276,84,-66,-403,-364
104491,39,815,16554,-15,-283,90,-63,-407,-365
104505,19,819,16532,-24,-280,90,-64,-400,-362
104519,24,812,16535,-15,-278,85,-68,-407,-358
104533,9,821,16522,-17,-280,85,-72,-403,-362
104547,18,827,16542,-20,-277,84,-70,-410,-362
104561,15,822,16539,-19,-280,85,-64,-404,-360
104575,28,824,16541,-16,-277,84,-77,-406,-363
104589,21,815,16536,-15,-277,89,-68,-408,-357
104603,10,821,16552,-18,-275,83,-70,-401,-361
104617,28,817,16540,-22,-280,85,-67,-405,-363
104631,22,817,16530,-19,-282,87,-73,-403,-367
104645,15,825,16544,-15,-280,82,-66,-403,-367
104659,28,825,16548,-22,-276,85,-70,-403,-360
104673,19,825,16535,-18,-281,85,-69,-403,-363
104687,10,822,16535,-15,-280,86,-69,-405,-360
104701,9,822,16532,-23,-273,86,-70,-403,-363
104715,33,808,16574,-19,-272,82,-71,-405,-362
104729,48,796,16469,-22,-284,87,-67,-408,-360
104743,50,790,16670,-23,-285,87,-68,-408,-360
104757,27,825,16454,-17,-280,90,-70,-406,-359
104771,15,862,16605,-19,-280,88,-69,-406,-357
104785,-7,862,16523,-20,-275,84,-63,-401,-359
104799,16,837,16577,-21,-280,86,-65,-404,-365
104813,-2,845,16523,-21,-275,84,-70,-409,-365
104827,-14,830,16532,-21,-282,80,-65,-407,-364
104841,-15,820,16593,-22,-281,82,-70,-410,-370
104855,30,788,16551,-14,-273,86,-70,-404,-365
104869,53,791,16511,-20,-277,86,-70,-400,-361
104883,90,810,16565,-17,-275,84,-69,-404,-350
104897,87,813,16535,-13,-278,89,-70,-410,-360
104911,48,835,16543,-20,-276,86,-67,-407,-363
104925,8,831,16566,-21,-281,86,-68,-406,-366
104939,-24,828,16526,-18,-282,91,-72,-406,-363
104953,-41,829,16541,-19,-276,89,-66,-407,-359
104967,-39,840,16536,-18,-279,88,-68,-405,-364
104981,-8,826,16518,-19,-277,86,-61,-412,-354
104995,29,840,16557,-18,-278,85,-69,-407,-358
105009,62,820,16532,-15,-276,90,-70,-404,-359
105023,63,809,16520,-15,-281,83,-62,-397,-359
105037,81,801,16553,-18,-282,82,-67,-409,-365
105051,15,809,16534,-20,-277,85,-69,-410,-360
105065,14,816,16555,-15,-278,86,-67,-410,-368
105079,-20,844,16535,-22,-283,91,-67,-403,-362
105093,-32,856,16526,-17,-279,92,-68,-405,-361
105107,-19,860,16539,-23,-281,89,-64,-406,-365
105121,-3,847,16542,-20,-275,88,-67,-402,-361
105135,28,817,16529,-18,-278,85,-71,-404,-363
105149,44,795,16552,-18,-278,84,-70,-406,-359
105163,56,793,16530,-15,-284,90,-70,-402,-366
105177,46,795,16521,-22,-278,88,-75,-408,-364
105191,60,816,16548,-18,-278,85,-66,-409,-364
105205,20,827,16548,-19,-277,82,-71,-411,-361
105219,5,855,16539,-20,-279,85,-71,-405,-367
105233,-26,854,16533,-15,-279,85,-66,-405,-359
105247,-26,843,16545,-23,-275,82,-65,-404,-369
105261,20,813,16538,-20,-280,80,-65,-409,-360
105275,11,811,16529,-18,-277,83,-68,-402,-365
105289,44,807,16540,-17,-277,87,-67,-404,-363
105303,60,806,16538,-23,-281,82,-66,-406,-364
105317,46,839,16532,-18,-280,87,-67,-408,-362
105331,47,824,16539,-21,-277,86,-67,-403,-359
105345,21,833,16545,-19,-283,85,-69,-402,-360
105359,-15,831,16548,-23,-279,94,-67,-409,-364
105373,-24,829,16548,-17,-276,88,-69,-402,-363
105387,-22,838,16540,-16,-278,91,-65,-404,-362
105401,17,832,16547,-15,-280,87,-70,-406,-363
105415,16,822,16541,-17,-279,84,-66,-403,-367
105429,64,816,16537,-14,-282,86,-68,-399,-366
105443,67,820,16546,-22,-280,88,-74,-406,-361
105457,42,792,16532,-16,-282,84,-71,-402,-359
105471,34,808,16535,-22,-276,83,-72,-405,-365
105485,-13,823,16564,-22,-285,88,-63,-403,-369
105499,-23,843,16556,-18,-282,89,-67,-400,-359
105513,-18,854,16581,-19,-283,86,-67,-402,-364
105527,-16,872,16547,-13,-277,87,-66,-407,-363
105541,21,827,16545,-20,-277,94,-66,-404,-362
105555,37,816,16555,-18,-274,84,-71,-402,-363
105569,52,787,16547,-15,-276,88,-66,-405,-365
105583,64,787,16533,-14,-279,90,-70,-404,-365
105597,39,802,16560,-19,-277,88,-66,-403,-361
105611,29,818,16552,-21,-280,86,-65,-410,-367
105625,-17,872,16541,-13,-281,85,-66,-403,-362
105639,-26,861,16553,-16,-280,89,-67,-403,-359
105653,-30,854,16522,-20,-278,89,-63,-405,-361
105667,-14,827,16533,-15,-282,81,-63,-405,-361
105681,-6,813,16536,-20,-276,85,-68,-409,-364
105695,47,797,16527,-21,-283,85,-63,-405,-362
105709,50,803,16548,-14,-278,86,-69,-404,-359
105723,70,809,16540,-16,-281,84,-69,-407,-367
105737,57,819,16538,-14,-282,86,-67,-407,-364
105751,29,829,16530,-19,-277,81,-67,-404,-362
105765,-12,816,16550,-17,-278,85,-69,-405,-360
105779,-33,832,16537,-15,-282,91,-67,-401,-360
105793,-38,828,16546,-18,-276,87,-61,-405,-365
105807,-11,836,16528,-17,-279,87,-66,-404,-360
105821,15,836,16539,-17,-276,89,-68,-411,-364
105835,38,827,16543,-20,-280,86,-72,-405,-365
105849,75,817,16550,-20,-281,87,-70,-404,-362
105863,71,802,16529,-17,-280,90,-68,-405,-361
105877,59,802,16531,-22,-276,82,-68,-406,-362
105891,5,818,16546,-11,-280,88,-72,-409,-361
105905,1,825,16534,-17,-278,87,-69,-404,-366
105919,-40,858,16545,-20,-273,83,-65,-400,-362
105933,-38,857,16546,-24,-280,85,-71,-405,-359
105947,0,847,16543,-26,-273,86,-70,-408,-365
105961,21,829,16545,-19,-271,90,-69,-405,-364
105975,43,793,16526,-18,-281,89,-62,-408,-364
105989,71,783,16533,-24,-276,88,-70,-404,-362
106003,64,793,16521,-25,-277,82,-70,-405,-364
106017,51,804,16557,-19,-277,86,-67,-403,-364
106031,5,840,16535,-19,-284,87,-65,-409,-361
106045,-9,854,16536,-18,-282,84,-70,-404,-366
106059,-21,847,16542,-12,-279,83,-68,-403,-360
106073,-24,832,16546,-19,-277,84,-73,-408,-361
106087,-24,818,16532,-17,-273,90,-66,-404,-367
106101,6,810,16539,-12,-278,87,-69,-403,-364
106115,30,812,16562,-17,-281,84,-70,-408,-366
106129,76,824,16557,-17,-279,86,-67,-410,-363
106143,69,814,16548,-17,-283,86,-71,-408,-359
106157,48,823,16540,-20,-277,84,-67,-409,-362
106171,32,816,16547,-23,-280,90,-66,-403,-362
106185,2,820,16535,-18,-278,84,-64,-402,-364
106199,-10,820,16555,-18,-279,81,-64,-406,-359
106213,-11,838,16533,-18,-280,83,-70,-407,-362
106227,-4,834,16538,-23,-279,90,-71,-406,-360
106241,18,836,16535,-20,-277,86,-72,-404,-359
106255,39,828,16529,-23,-279,84,-72,-403,-359
106269,47,806,16532,-17,-281,85,-68,-407,-366
106283,50,803,16525,-16,-279,82,-71,-409,-359
106297,48,809,16535,-21,-276,85,-72,-401,-359
106311,24,807,16541,-18,-276,90,-72,-408,-365
106325,-11,831,16538,-14,-281,90,-65,-406,-361
106339,-26,842,16531,-21,-280,87,-67,-409,-362
106353,-1,859,16547,-17,-275,89,-67,-405,-359
106367,3,847,16566,-20,-280,86,-70,-410,-360
106381,36,818,16530,-24,-280,85,-69,-410,-367
106395,42,812,16558,-15,-276,85,-66,-407,-363
106409,68,799,16544,-18,-280,85,-72,-400,-360
106423,46,802,16540,-20,-280,86,-64,-407,-361
106437,29,828,16539,-14,-280,84,-69,-406,-364
106451,22,832,16540,-11,-280,90,-64,-400,-365
106465,0,839,16543,-16,-280,89,-65,-405,-363
106479,-5,839,16535,-17,-279,84,-68,-408,-365
106493,-5,836,16548,-15,-282,86,-66,-404,-359
106507,5,805,16532,-17,-276,86,-74,-405,-362
106521,12,819,16543,-14,-279,90,-65,-404,-361
106535,26,806,16543,-15,-276,89,-70,-406,-359
106549,53,815,16530,-13,-279,88,-71,-406,-364
106563,45,812,16530,-17,-283,84,-69,-404,-364
106577,44,814,16530,-18,-279,84,-68,-410,-366
106591,4,829,16538,-22,-280,87,-66,-400,-361
106605,6,815,16553,-20,-282,88,-67,-406,-362
106619,-16,817,16540,-23,-283,90,-62,-409,-360
106633,-19,824,16538,-18,-276,87,-72,-407,-362
106647,5,837,16544,-14,-276,89,-72,-407,-366
106661,16,832,16540,-14,-277,83,-69,-408,-363
106675,50,820,16557,-18,-279,80,-67,-402,-357
106689,48,802,16535,-21,-281,80,-66,-408,-362
106703,49,807,16528,-17,-280,80,-69,-403,-359
106717,47,810,16533,-21,-282,84,-64,-406,-362
106731,10,803,16532,-16,-279,86,-72,-405,-358
106745,-5,834,16529,-13,-277,84,-71,-404,-363
106759,-29,846,16544,-20,-277,84,-68,-401,-359
106773,-13,842,16538,-19,-277,88,-68,-407,-367
106787,12,830,16528,-22,-278,88,-66,-405,-361
106801,11,804,16537,-20,-277,89,-68,-410,-365
106815,42,799,16541,-15,-277,87,-68,-404,-359
106829,57,790,16540,-18,-279,85,-71,-406,-362
106843,47,806,16537,-18,-281,85,-69,-404,-363
106857,13,825,16532,-17,-277,80,-70,-404,-361
106871,12,834,16548,-19,-279,91,-68,-404,-366
106885,9,831,16544,-24,-276,88,-69,-406,-358
106899,3,826,16524,-15,-280,83,-65,-410,-366
106913,-5,828,16538,-21,-280,86,-68,-403,-366
106927,2,822,16545,-20,-280,88,-71,-406,-366
106941,22,825,16543,-17,-278,90,-69,-405,-361
106955,48,814,16552,-22,-280,85,-69,-406,-364
106969,43,807,16530,-16,-277,90,-65,-404,-360
106983,68,815,16556,-18,-278,85,-65,-409,-365
106997,18,816,16537,-16,-277,85,-70,-408,-363
107011,11,821,16549,-17,-285,85,-68,-406,-363
107025,7,829,16545,-21,-281,83,-69,-403,-364
107039,-7,817,16525,-20,-278,87,-70,-410,-366
107053,-4,833,16533,-18,-278,89,-72,-406,-363
107067,-1,842,16542,-15,-276,85,-69,-410,-367
107081,34,826,16532,-18,-275,83,-68,-403,-357
107095,43,815,16532,-16,-285,81,-68,-408,-364
107109,46,795,16541,-19,-281,87,-60,-408,-364
107123,44,797,16526,-19,-280,83,-70,-406,-359
107137,6,817,16535,-20,-282,89,-67,-407,-363
107151,14,819,16544,-15,-277,87,-67,-405,-365
107165,-23,827,16559,-19,-278,86,-66,-406,-364
107179,2,832,16526,-23,-280,87,-70,-407,-363
107193,-1,832,16543,-16,-287,83,-70,-403,-363
107207,11,829,16544,-22,-277,86,-68,-406,-359
107221,27,803,16533,-19,-273,85,-71,-403,-362
107235,43,809,16542,-16,-278,89,-64,-404,-361
107249,44,810,16548,-24,-273,91,-69,-404,-362
107263,39,819,16544,-20,-278,91,-68,-403,-360
107277,15,832,16536,-20,-280,88,-66,-405,-360
107291,-2,836,16547,-22,-279,85,-69,-404,-359
107305,-16,833,16543,-16,-278,89,-72,-406,-364
107319,-3,847,16523,-17,-278,91,-69,-405,-363
107333,3,831,16536,-16,-277,88,-67,-408,-363
107347,13,820,16539,-19,-283,85,-70,-403,-364
107361,38,822,16532,-19,-281,86,-64,-403,-361
107375,48,810,16535,-14,-277,84,-69,-406,-366
107389,34,820,16538,-18,-280,87,-67,-406,-365
107403,40,808,16530,-18,-281,84,-67,-403,-364
107417,32,815,16549,-17,-278,87,-61,-404,-362
107431,9,822,16551,-20,-280,83,-67,-407,-363
107445,-2,821,16530,-20,-278,84,-65,-407,-363
107459,-6,822,16540,-21,-276,86,-67,-402,-361
107473,-7,833,16537,-13,-281,85,-72,-406,-363
107487,9,829,16551,-20,-276,84,-65,-404,-361
107501,25,830,16534,-18,-277,85,-61,-403,-363
107515,28,810,16525,-16,-282,89,-72,-403,-366
107529,46,809,16540,-22,-278,85,-68,-402,-359
107543,36,805,16527,-17,-279,91,-69,-408,-357
107557,25,816,16528,-20,-285,86,-66,-406,-362
107571,11,825,16540,-16,-278,85,-70,-404,-366
107585,9,832,16537,-15,-277,88,-68,-407,-364
107599,-5,845,16527,-14,-276,86,-66,-404,-363
107613,10,823,16539,-17,-275,91,-64,-406,-358
107627,24,812,16521,-26,-278,89,-65,-405,-359
107641,30,804,16537,-24,-276,89,-67,-408,-364
107655,42,811,16526,-22,-277,90,-64,-406,-360
107669,41,804,16521,-22,-278,89,-69,-398,-357
107683,30,821,16531,-25,-280,94,-69,-404,-362
107697,20,838,16543,-22,-279,86,-64,-406,-364
107711,7,826,16527,-24,-281,85,-68,-403,-362
107725,1,829,16525,-18,-280,89,-65,-400,-366
107739,1,828,16553,-19,-275,85,-68,-407,-358
107753,5,818,16532,-17,-279,84,-63,-409,-355
107767,18,810,16537,-14,-276,93,-63,-403,-361
107781,20,820,16529,-14,-281,91,-70,-406,-359
107795,40,823,16532,-21,-283,88,-68,-406,-363
107809,36,812,16534,-23,-278,85,-69,-402,-359
107823,37,814,16543,-13,-279,86,-64,-410,-362
107837,18,820,16541,-21,-281,87,-69,-403,-362
107851,16,825,16526,-19,-275,85,-63,-401,-358
107865,4,829,16547,-22,-282,87,-68,-402,-362
107879,19,835,16548,-19,-282,87,-69,-404,-359
107893,2,838,16530,-21,-277,84,-67,-401,-362
107907,-1,824,16537,-15,-277,90,-69,-402,-365
107921,37,812,16545,-11,-277,88,-66,-409,-361
107935,36,814,16531,-18,-280,88,-70,-404,-360
107949,38,814,16553,-16,-278,89,-64,-411,-362
107963,30,801,16529,-17,-281,85,-71,-408,-361
107977,23,829,16540,-15,-281,91,-68,-411,-362
107991,11,824,16543,-17,-281,85,-67,-403,-355
108005,10,837,16537,-21,-279,85,-66,-403,-361
108019,0,844,16533,-20,-280,87,-70,-399,-363
108033,7,829,16538,-18,-277,84,-70,-404,-363
108047,31,817,16535,-23,-278,82,-70,-406,-360
108061,40,806,16533,-22,-280,84,-63,-403,-358
108075,42,805,16533,-22,-275,85,-68,-408,-365
108089,24,809,16530,-20,-276,93,-70,-407,-363
108103,33,825,16555,-22,-276,90,-65,-409,-365
108117,2,834,16537,-13,-277,87,-68,-401,-361
108131,4,827,16546,-18,-280,84,-62,-404,-366
108145,10,827,16540,-17,-282,87,-62,-406,-364
108159,6,822,16542,-17,-274,88,-66,-408,-362
108173,28,838,16531,-18,-276,85,-68,-404,-363
108187,23,827,16551,-19,-278,88,-68,-403,-363
108201,38,808,16542,-16,-278,87,-67,-406,-356
108215,33,828,16551,-19,-275,84,-69,-406,-365
108229,33,811,16532,-13,-277,84,-71,-407,-362
108243,26,827,16543,-19,-270,87,-70,-403,-363
108257,19,821,16547,-15,-280,83,-64,-402,-362
108271,1,828,16539,-20,-282,86,-69,-415,-364
108285,-3,838,16550,-20,-276,85,-70,-404,-362
108299,14,836,16549,-16,-281,85,-71,-407,-362
108313,9,826,16539,-20,-281,84,-67,-404,-363
108327,4,825,16550,-17,-280,84,-70,-406,-358
108341,21,812,16542,-14,-281,89,-71,-406,-361
108355,31,819,16525,-16,-275,83,-68,-400,-366
108369,21,804,16544,-19,-281,86,-64,-406,-362
108383,36,817,16536,-22,-281,85,-68,-402,-356
108397,20,829,16540,-14,-276,89,-72,-404,-360
108411,9,825,16545,-14,-280,84,-64,-403,-360
108425,5,840,16554,-19,-284,85,-70,-403,-364
108439,27,828,16542,-15,-282,88,-66,-411,-363
108453,8,830,16531,-23,-277,88,-68,-405,-364
108467,29,810,16532,-16,-277,86,-67,-402,-366
108481,39,816,16542,-16,-277,84,-69,-406,-359
108495,33,827,16544,-21,-277,84,-67,-406,-366
108509,33,827,16527,-17,-279,87,-65,-402,-361
108523,27,827,16542,-20,-276,83,-70,-410,-361
108537,35,818,16541,-21,-282,88,-64,-405,-364
108551,6,822,16551,-20,-280,86,-70,-408,-361
108565,8,813,16546,-18,-277,85,-66,-406,-362
108579,0,818,16540,-18,-278,87,-59,-403,-362
108593,11,828,16534,-15,-272,89,-73,-409,-367
108607,33,813,16533,-21,-280,85,-67,-407,-356
108621,20,819,16532,-17,-279,88,-64,-402,-363
108635,39,816,16539,-21,-276,86,-67,-405,-366
108649,29,809,16545,-22,-279,86,-66,-403,-359
108663,21,813,16545,-20,-279,83,-67,-404,-361
108677,11,816,16528,-23,-281,85,-67,-402,-362
108691,16,838,16547,-18,-277,85,-69,-407,-355
108705,12,832,16546,-19,-281,82,-68,-400,-365
108719,14,832,16543,-18,-273,88,-64,-402,-369
108733,25,833,16555,-24,-272,88,-69,-405,-364
108747,17,814,16543,-18,-281,83,-68,-406,-362
108761,31,821,16540,-21,-278,89,-64,-409,-361
108775,31,811,16550,-13,-283,90,-70,-403,-358
108789,26,811,16542,-15,-278,87,-65,-405,-366
108803,34,815,16538,-23,-281,84,-66,-402,-361
108817,8,820,16545,-21,-280,83,-65,-402,-360
108831,23,842,16552,-21,-280,81,-69,-405,-360
108845,10,833,16542,-18,-277,81,-67,-403,-358
108859,17,840,16553,-21,-279,86,-68,-405,-359
108873,23,819,16530,-23,-276,83,-68,-403,-362
108887,12,805,16542,-14,-279,83,-64,-405,-369
108901,41,831,16536,-22,-274,89,-68,-407,-362
108915,32,814,16535,-20,-278,89,-65,-404,-366
108929,35,820,16541,-21,-286,87,-66,-405,-366
108943,23,820,16549,-18,-274,88,-68,-411,-362
108957,16,828,16537,-19,-277,89,-66,-401,-359
108971,16,834,16529,-19,-279,85,-70,-412,-361
108985,17,817,16535,-21,-281,88,-70,-401,-358
108999,10,834,16554,-21,-276,90,-69,-412,-366
109013,16,834,16543,-15,-280,91,-71,-405,-362
109027,11,822,16550,-23,-279,89,-69,-410,-361
109041,26,826,16549,-17,-278,87,-72,-408,-362
109055,22,827,16551,-21,-279,86,-63,-405,-364
109069,43,819,16518,-19,-277,85,-73,-404,-359
109083,29,827,16536,-17,-278,85,-65,-404,-361
109097,16,826,16525,-20,-278,86,-66,-407,-361
109111,22,819,16544,-17,-280,80,-66,-404,-365
109125,20,833,16556,-18,-279,89,-68,-409,-363
109139,-2,833,16531,-19,-275,89,-67,-400,-368
109153,7,841,16552,-18,-279,87,-66,-403,-361
109167,24,825,16552,-18,-277,87,-69,-406,-365
109181,29,824,16548,-17,-280,83,-70,-407,-359
109195,22,811,16542,-19,-284,86,-64,-409,-365
109209,16,807,16537,-17,-280,84,-69,-404,-365
109223,14,827,16541,-18,-275,84,-72,-400,-362
109237,19,821,16536,-20,-278,87,-67,-406,-363
109251,20,829,16532,-20,-280,82,-69,-402,-362
109265,8,838,16538,-14,-279,89,-67,-403,-364
109279,16,828,16545,-20,-281,86,-66,-406,-363
109293,18,831,16542,-13,-280,85,-64,-411,-368
109307,10,823,16546,-17,-276,84,-64,-402,-366
109321,29,825,16544,-19,-277,79,-68,-408,-364
109335,27,826,16547,-16,-279,80,-68,-406,-363
109349,9,810,16567,-16,-279,81,-59,-406,-361
109363,33,819,16538,-15,-280,85,-66,-400,-364
109377,26,816,16548,-16,-279,89,-64,-406,-360
109391,17,840,16536,-19,-275,86,-73,-405,-364
109405,2,819,16532,-22,-278,90,-67,-405,-365
109419,0,815,16544,-20,-282,89,-67,-403,-363
109433,8,810,16537,-15,-279,89,-63,-406,-360
109447,11,827,16530,-22,-282,88,-66,-400,-362
109461,25,821,16525,-24,-279,86,-72,-404,-365
109475,28,821,16554,-20,-279,84,-67,-403,-365
109489,16,820,16544,-19,-274,85,-67,-410,-364
109503,36,827,16545,-18,-279,84,-68,-406,-363
109517,17,829,16530,-16,-283,88,-72,-402,-361
109531,15,815,16532,-19,-278,86,-63,-408,-362
109545,21,821,16539,-14,-280,88,-69,-404,-364
109559,13,829,16533,-19,-279,86,-63,-403,-362
109573,9,824,16541,-22,-281,86,-67,-403,-364
109587,24,823,16536,-19,-278,89,-64,-407,-361
109601,20,832,16555,-22,-278,93,-67,-402,-363
109615,27,818,16551,-21,-280,84,-67,-405,-364
109629,10,811,16539,-19,-279,86,-70,-402,-362
109643,32,825,16551,-25,-282,85,-66,-400,-361
109657,24,822,16549,-23,-277,89,-73,-407,-360
109671,18,834,16551,-19,-284,84,-64,-409,-363
109685,21,816,16557,-18,-281,86,-65,-408,-366
109699,14,831,16552,-23,-280,88,-69,-408,-360
109713,17,823,16536,-21,-276,84,-72,-408,-362
109727,2,824,16550,-17,-277,87,-69,-405,-360
109741,24,816,16532,-16,-270,83,-66,-403,-361
109755,12,822,16545,-18,-274,86,-73,-410,-365
109769,28,814,16537,-20,-275,89,-64,-408,-360
109783,16,834,16540,-13,-276,83,-73,-409,-362
109797,27,824,16531,-22,-275,83,-72,-406,-362
109811,9,828,16530,-21,-285,90,-67,-402,-365
109825,27,835,16550,-21,-277,85,-67,-406,-358
109839,9,822,16539,-18,-280,86,-68,-404,-358
109853,5,831,16550,-23,-283,81,-69,-411,-362
109867,26,826,16552,-22,-282,86,-68,-407,-361
109881,16,831,16535,-19,-280,87,-69,-406,-359
109895,18,829,16533,-19,-278,86,-62,-408,-363
109909,29,829,16537,-22,-277,86,-65,-409,-363
109923,19,811,16534,-17,-276,83,-72,-406,-362
109937,29,824,16550,-16,-276,87,-66,-408,-368
109951,22,830,16551,-22,-284,82,-64,-403,-362
109965,21,824,16549,-18,-278,85,-69,-403,-360
109979,11,821,16545,-19,-282,86,-69,-403,-359
109993,24,827,16535,-20,-281,90,-67,-407,-361
110007,14,822,16528,-20,-278,87,-68,-405,-360
110021,24,824,16545,-22,-277,91,-67,-407,-364
110035,23,827,16533,-18,-277,89,-69,-408,-363
110049,15,817,16518,-23,-280,90,-70,-405,-363
110063,32,810,16548,-22,-279,85,-67,-400,-361
110077,25,821,16541,-19,-280,81,-71,-405,-364
110091,1,830,16532,-19,-277,86,-70,-403,-361
110105,7,822,16536,-19,-274,86,-69,-404,-363
110119,12,830,16541,-24,-272,87,-62,-401,-366
110133,14,814,16536,-15,-276,83,-61,-403,-365
110147,20,812,16531,-18,-279,85,-66,-407,-360
110161,28,825,16556,-16,-279,81,-69,-403,-361
110175,26,816,16525,-18,-279,84,-72,-406,-362
110189,16,825,16548,-22,-277,84,-65,-411,-361
110203,29,822,16551,-21,-275,84,-70,-405,-367
110217,33,825,16538,-16,-281,85,-68,-410,-360
110231,17,817,16536,-16,-280,87,-67,-406,-359
110245,16,820,16559,-17,-277,90,-67,-402,-360
110259,30,819,16542,-22,-275,87,-64,-406,-362
110273,2,823,16548,-17,-276,87,-61,-409,-360
110287,30,825,16556,-14,-277,86,-66,-405,-365
110301,14,830,16555,-13,-282,85,-69,-402,-364
110315,24,823,16552,-17,-280,87,-66,-407,-362
110329,28,827,16535,-17,-279,89,-75,-404,-357
110343,4,821,16537,-19,-279,87,-71,-408,-359
110357,14,825,16537,-21,-275,85,-68,-408,-361
110371,16,816,16546,-19,-280,87,-63,-404,-358
110385,15,826,16542,-23,-280,87,-68,-402,-365
110399,13,833,16540,-23,-277,85,-71,-407,-361
110413,26,823,16536,-17,-276,84,-70,-410,-358
110427,32,829,16541,-18,-280,87,-71,-405,-359
110441,22,818,16547,-13,-276,83,-71,-404,-360
110455,29,813,16554,-23,-274,84,-68,-403,-364
110469,22,820,16532,-24,-279,86,-69,-406,-364
110483,13,820,16537,-20,-279,86,-66,-404,-363
110497,25,829,16528,-21,-278,85,-73,-403,-362
110511,20,816,16532,-22,-278,87,-69,-405,-358
110525,8,812,16550,-22,-274,83,-70,-411,-364
110539,24,824,16531,-18,-275,85,-69,-408,-362
110553,30,823,16521,-17,-276,85,-65,-406,-361
110567,16,828,16534,-16,-273,85,-68,-407,-358
110581,21,815,16544,-21,-276,85,-70,-407,-366
110595,13,806,16524,-23,-280,89,-65,-405,-361
110609,17,821,16537,-19,-274,86,-70,-402,-366
110623,23,823,16560,-20,-280,85,-68,-409,-367
110637,15,820,16530,-19,-283,83,-63,-403,-365
110651,8,826,16543,-14,-278,87,-66,-412,-365
110665,14,822,16557,-21,-279,86,-69,-409,-363
110679,14,828,16541,-21,-280,89,-72,-406,-366
110693,4,821,16533,-20,-283,87,-67,-398,-365
110707,15,830,16537,-21,-283,83,-65,-403,-364
110721,17,825,16541,-22,-281,82,-69,-404,-366
110735,24,821,16538,-16,-281,88,-63,-407,-369
110749,17,826,16546,-16,-282,86,-72,-403,-363
110763,18,812,16538,-20,-279,84,-71,-405,-361
110777,15,832,16536,-21,-281,88,-68,-406,-364
110791,7,824,16540,-22,-276,80,-71,-405,-369
110805,12,837,16543,-16,-277,82,-65,-407,-361
110819,18,816,16553,-16,-281,87,-67,-409,-362
110833,8,822,16543,-17,-280,84,-70,-409,-365
110847,21,829,16526,-15,-277,84,-67,-402,-364
110861,26,806,16538,-18,-276,85,-68,-409,-366
110875,27,815,16530,-13,-279,86,-70,-405,-364
110889,23,821,16525,-21,-276,84,-72,-401,-366
110903,23,827,16544,-21,-279,83,-68,-406,-367
110917,39,833,16552,-18,-283,85,-69,-402,-363
110931,24,827,16547,-18,-273,81,-74,-405,-362
110945,2,830,16534,-20,-280,87,-66,-406,-363
110959,24,808,16545,-17,-274,85,-66,-408,-364
110973,18,831,16533,-19,-277,85,-72,-406,-361
110987,13,813,16534,-19,-279,88,-70,-405,-369
111001,26,822,16536,-20,-274,87,-71,-409,-366
111015,10,821,16539,-20,-274,82,-68,-404,-367
111029,24,825,16540,-24,-279,92,-61,-406,-366
111043,18,809,16546,-22,-276,92,-73,-405,-363
111057,22,812,16533,-19,-277,92,-72,-401,-362
111071,15,823,16551,-22,-279,84,-69,-407,-362
111085,15,830,16537,-19,-275,91,-69,-404,-369
111099,9,821,16537,-22,-282,83,-68,-402,-360
111113,17,827,16548,-17,-277,85,-72,-407,-367
111127,19,827,16539,-22,-276,83,-67,-406,-360
111141,22,821,16535,-17,-280,91,-71,-408,-366
111155,8,823,16546,-17,-276,82,-69,-401,-365
111169,19,803,16539,-18,-275,84,-71,-408,-358
111183,31,823,16540,-18,-280,85,-58,-406,-363
111197,30,815,16538,-18,-274,89,-67,-403,-362
111211,27,837,16546,-12,-281,88,-71,-406,-360
111225,11,829,16539,-16,-278,78,-67,-405,-366
111239,19,822,16546,-18,-281,84,-68,-401,-361
111253,21,825,16541,-18,-279,85,-65,-401,-359
111267,21,817,16548,-22,-278,89,-73,-403,-362
111281,26,819,16549,-19,-281,87,-63,-404,-361
111295,32,823,16527,-14,-277,89,-66,-402,-363
111309,22,820,16538,-20,-275,85,-71,-407,-361
111323,10,823,16547,-19,-279,90,-66,-402,-363
111337,21,814,16541,-19,-275,91,-72,-405,-363
111351,19,825,16551,-21,-273,88,-63,-407,-361
111365,11,827,16545,-21,-280,91,-65,-412,-356
111379,10,820,16546,-19,-279,90,-66,-401,-360
111393,35,811,16541,-23,-281,87,-67,-405,-358
111407,1,821,16553,-24,-277,84,-68,-404,-366
111421,13,823,16547,-25,-279,87,-69,-406,-362
111435,25,826,16530,-19,-277,89,-71,-413,-363
111449,24,827,16536,-21,-279,88,-72,-402,-364
111463,15,833,16537,-20,-281,86,-67,-402,-362
111477,25,820,16548,-16,-277,88,-64,-402,-363
111491,31,821,16553,-17,-277,87,-70,-403,-364
111505,18,837,16535,-22,-276,88,-64,-409,-368
111519,30,829,16542,-20,-278,86,-69,-403,-360
111533,22,827,16552,-17,-277,85,-70,-406,-359
111547,31,827,16538,-21,-277,81,-65,-403,-367
111561,29,837,16544,-15,-274,87,-73,-399,-365
111575,17,815,16550,-18,-276,85,-70,-401,-364
111589,16,820,16552,-17,-277,85,-67,-407,-362
111603,8,817,16548,-16,-278,82,-71,-409,-363
111617,30,814,16536,-16,-279,85,-70,-406,-364
111631,10,831,16555,-20,-278,89,-63,-405,-360
111645,23,823,16535,-23,-272,88,-64,-409,-363
111659,27,814,16546,-21,-276,85,-67,-403,-357
111673,28,814,16513,-12,-279,87,-62,-399,-360
111687,29,804,16587,-10,-277,87,-62,-408,-363
111701,27,832,16505,-18,-284,81,-62,-412,-359
111715,21,818,16584,-16,-281,79,-68,-404,-359
111729,14,835,16499,-19,-281,88,-66,-408,-363
111743,5,818,16567,-18,-280,86,-72,-407,-365
111757,4,827,16522,-14,-277,88,-69,-398,-358
111771,23,827,16541,-16,-282,84,-65,-410,-363
111785,16,816,16505,-20,-279,87,-71,-404,-360
111799,20,819,16544,-23,-279,90,-64,-404,-354
111813,38,822,16523,-16,-279,83,-72,-402,-362
111827,30,820,16536,-19,-279,85,-67,-410,-361
111841,20,816,16523,-15,-277,86,-73,-402,-365
111855,5,820,16535,-16,-280,81,-70,-409,-360
111869,-2,817,16528,-20,-280,82,-64,-408,-359
111883,8,824,16526,-14,-277,83,-67,-407,-361
111897,4,825,16540,-19,-282,87,-71,-403,-362
111911,12,832,16520,-25,-277,87,-65,-407,-365
111925,31,814,16547,-17,-280,89,-74,-407,-363
111939,37,815,16518,-22,-277,86,-71,-402,-365
111953,33,815,16531,-25,-279,82,-68,-410,-360
111967,36,810,16531,-17,-278,87,-64,-402,-368
111981,32,815,16549,-18,-280,88,-70,-400,-369
111995,3,821,16531,-13,-278,86,-66,-403,-363
112009,0,831,16535,-18,-276,87,-73,-401,-362
112023,2,826,16530,-17,-274,87,-66,-405,-357
112037,3,828,16537,-20,-282,88,-71,-403,-364
112051,19,824,16550,-19,-282,89,-69,-407,-364
112065,18,831,16539,-15,-281,81,-59,-407,-363
112079,41,826,16546,-21,-285,87,-66,-409,-365
112093,26,817,16547,-16,-276,85,-67,-405,-366
112107,30,820,16533,-20,-275,90,-66,-409,-361
112121,32,823,16528,-18,-281,84,-66,-409,-363
112135,17,825,16525,-17,-280,87,-70,-409,-366
112149,3,845,16537,-21,-278,88,-73,-404,-362
112163,-2,828,16537,-19,-278,88,-65,-409,-363
112177,1,822,16544,-20,-277,87,-67,-408,-362
112191,19,811,16578,-18,-279,87,-72,-409,-358
112205,23,808,16509,-21,-275,87,-66,-401,-360
112219,24,815,16621,-28,-278,83,-71,-406,-360
112233,34,823,16575,-17,-276,83,-69,-399,-361
112247,35,816,16533,-18,-279,86,-64,-405,-364
112261,23,813,16572,-23,-274,86,-68,-405,-362
112275,18,818,16541,-22,-279,91,-65,-406,-363
112289,14,827,16556,-25,-280,89,-66,-405,-362
112303,22,828,16521,-15,-275,88,-71,-405,-365
112317,23,812,16551,-17,-279,89,-72,-403,-363
112331,21,829,16529,-20,-280,85,-67,-405,-365
112345,31,811,16558,-21,-279,85,-69,-408,-362
112359,33,826,16507,-18,-279,90,-64,-408,-361
112373,21,821,16561,-19,-276,82,-68,-408,-363
112387,22,813,16549,-24,-274,85,-68,-403,-366
112401,28,810,16539,-19,-281,86,-68,-407,-361
112415,10,814,16556,-19,-276,89,-67,-406,-363
112429,6,815,16520,-18,-280,84,-69,-406,-364
112443,2,823,16556,-24,-281,89,-69,-406,-367
112457,7,838,16529,-26,-280,88,-66,-407,-363
112471,9,819,16540,-20,-275,85,-73,-405,-365
112485,30,839,16537,-19,-278,84,-63,-403,-358
112499,21,818,16548,-19,-281,82,-69,-408,-363
112513,30,814,16539,-13,-279,85,-70,-403,-363
112527,28,819,16546,-21,-278,91,-63,-405,-359
112541,25,826,16533,-19,-278,84,-69,-404,-364
112555,18,829,16538,-24,-279,88,-71,-408,-363
112569,0,827,16536,-16,-276,90,-73,-405,-360
112583,0,836,16518,-21,-275,89,-67,-405,-364
112597,32,823,16549,-21,-283,89,-69,-407,-369
112611,6,809,16542,-17,-279,86,-62,-406,-357
112625,29,812,16528,-23,-278,81,-67,-401,-362
112639,26,820,16551,-23,-278,81,-68,-405,-367
112653,19,816,16549,-21,-277,88,-74,-408,-365
112667,26,822,16516,-21,-276,88,-65,-406,-362
112681,17,829,16529,-23,-279,84,-67,-401,-360
112695,24,833,16522,-20,-282,87,-67,-403,-360
112709,-1,820,16540,-19,-279,87,-71,-404,-362
112723,15,824,16546,-16,-281,87,-61,-404,-364
112737,14,823,16536,-24,-276,87,-71,-404,-362
112751,15,823,16539,-15,-282,85,-71,-406,-359
112765,15,819,16532,-24,-275,91,-65,-408,-360
112779,28,818,16529,-22,-283,86,-63,-407,-365
112793,31,816,16543,-17,-282,87,-61,-401,-363
112807,27,807,16532,-17,-282,84,-67,-408,-361
112821,22,815,16545,-21,-278,86,-69,-409,-363
112835,13,824,16542,-15,-281,86,-68,-406,-365
112849,-4,822,16542,-20,-280,83,-68,-410,-361
112863,8,825,16540,-23,-279,84,-69,-403,-361
112877,18,828,16534,-18,-283,83,-72,-404,-361
112891,27,822,16543,-16,-278,81,-66,-407,-360
112905,31,824,16549,-23,-282,86,-67,-406,-364
112919,42,795,16546,-20,-277,88,-67,-404,-359
112933,20,810,16529,-15,-276,82,-71,-409,-362
112947,13,804,16543,-18,-280,87,-66,-405,-361
112961,7,814,16546,-19,-274,84,-66,-407,-363
112975,23,834,16530,-18,-277,93,-63,-403,-366
112989,23,821,16544,-17,-286,88,-70,-410,-363
113003,2,824,16550,-14,-276,90,-73,-409,-363
113017,18,828,16531,-18,-282,91,-71,-406,-361
113031,34,819,16535,-18,-281,87,-63,-409,-365
113045,8,815,16518,-18,-278,87,-65,-404,-360
113059,26,816,16540,-17,-276,87,-66,-407,-361
113073,16,829,16537,-20,-280,86,-72,-409,-364
113087,23,824,16551,-23,-276,89,-66,-407,-361
113101,30,824,16542,-22,-277,87,-70,-409,-364
113115,7,830,16551,-15,-279,85,-67,-401,-363
113129,27,827,16524,-17,-276,86,-63,-408,-361
113143,14,817,16531,-17,-278,82,-70,-401,-363
113157,23,812,16547,-15,-273,85,-71,-402,-362
113171,28,814,16525,-21,-275,85,-66,-410,-362
113185,45,819,16527,-16,-274,86,-70,-407,-364
113199,6,829,16530,-20,-278,85,-64,-404,-362
113213,30,827,16542,-21,-276,87,-71,-405,-357
113227,14,832,16546,-12,-280,86,-66,-406,-359
113241,14,816,16546,-22,-277,84,-67,-404,-361
113255,13,830,16531,-12,-278,85,-67,-405,-363
113269,13,822,16551,-14,-278,86,-69,-408,-363
113283,21,818,16530,-22,-283,86,-69,-403,-359
113297,31,815,16548,-20,-280,84,-71,-403,-365
113311,29,832,16542,-20,-282,89,-68,-398,-358
113325,37,822,16541,-21,-278,88,-72,-406,-363
113339,25,829,16525,-19,-276,88,-69,-398,-370
113353,21,822,16524,-15,-279,87,-67,-405,-362
113367,15,825,16525,-20,-282,84,-69,-402,-359
113381,28,819,16535,-17,-282,90,-64,-407,-365
113395,3,819,16541,-15,-277,83,-67,-404,-364
113409,18,829,16514,-15,-278,88,-70,-406,-365
113423,13,830,16556,-17,-278,86,-66,-405,-363
113437,36,817,16542,-20,-278,87,-70,-410,-362
113451,32,811,16542,-14,-279,88,-74,-408,-366
113465,14,827,16537,-13,-275,85,-67,-409,-361
113479,19,822,16556,-16,-276,88,-67,-405,-366
113493,3,823,16539,-17,-276,87,-63,-404,-364
113507,0,833,16538,-13,-277,86,-71,-403,-358
113521,0,824,16548,-22,-276,87,-67,-401,-369
113535,1,823,16533,-21,-275,93,-65,-402,-360
113549,14,819,16534,-21,-278,88,-68,-404,-361
113563,11,811,16544,-24,-279,82,-68,-404,-358
113577,27,812,16533,-23,-280,90,-71,-405,-363
113591,20,807,16532,-20,-279,91,-70,-404,-360
113605,32,829,16540,-17,-275,89,-69,-404,-359
113619,18,831,16526,-17,-276,89,-69,-404,-363
113633,21,829,16529,-17,-280,90,-71,-404,-362
113647,11,836,16542,-21,-275,87,-68,-407,-359
113661,20,830,16544,-21,-278,87,-76,-404,-361
113675,30,820,16532,-18,-277,84,-65,-403,-365
113689,18,821,16537,-17,-276,86,-69,-407,-359
113703,24,820,16533,-17,-278,83,-66,-402,-365
113717,24,826,16524,-14,-281,87,-67,-401,-358
113731,26,834,16547,-20,-274,83,-72,-407,-363
113745,28,828,16539,-17,-283,88,-65,-404,-360
113759,23,811,16534,-20,-281,86,-70,-410,-358
113773,33,819,16532,-16,-274,85,-65,-399,-359
113787,20,814,16528,-20,-278,88,-67,-404,-366
113801,9,822,16537,-16,-278,87,-73,-404,-363
113815,14,825,16536,-18,-284,88,-65,-404,-361
113829,0,826,16538,-19,-277,83,-68,-406,-363
113843,12,829,16539,-19,-275,87,-68,-409,-363
113857,23,826,16539,-15,-282,83,-68,-402,-368
113871,23,816,16522,-22,-278,83,-70,-408,-363
113885,38,806,16525,-19,-280,86,-70,-406,-363
113899,35,822,16550,-19,-280,88,-64,-399,-362
113913,28,823,16541,-24,-280,87,-67,-407,-362
113927,12,818,16534,-20,-283,87,-70,-405,-362
113941,24,821,16531,-18,-280,87,-69,-401,-369
113955,24,828,16540,-18,-276,89,-74,-403,-362
113969,8,822,16546,-19,-275,86,-67,-401,-363
113983,10,811,16541,-23,-279,88,-69,-404,-361
113997,16,821,16536,-21,-273,84,-65,-405,-361
114011,33,811,16554,-19,-278,87,-67,-400,-362
114025,30,827,16516,-21,-271,87,-64,-406,-365
114039,20,822,16543,-20,-278,87,-69,-410,-362
114053,22,836,16538,-17,-278,85,-60,-399,-366
114067,29,827,16545,-16,-283,88,-65,-401,-365
114081,19,822,16535,-21,-276,84,-67,-403,-365
114095,11,813,16538,-15,-276,85,-69,-406,-366
114109,14,814,16536,-17,-277,82,-62,-399,-364
114123,8,822,16540,-21,-279,83,-70,-404,-364
114137,17,825,16535,-20,-278,86,-67,-403,-365
114151,26,826,16530,-18,-279,88,-61,-407,-363
114165,22,816,16539,-16,-280,89,-66,-401,-364
114179,7,817,16495,-21,-281,86,-70,-401,-359
114193,31,803,16565,-19,-279,90,-70,-400,-368
114207,40,822,16499,-14,-284,88,-69,-406,-362
114221,25,813,16551,-21,-282,89,-68,-409,-365
114235,-5,834,16529,-17,-277,87,-65,-408,-363
114249,15,823,16546,-18,-276,86,-68,-404,-366
114263,12,835,16502,-18,-276,88,-62,-405,-362
114277,8,823,16530,-13,-276,86,-70,-411,-366
114291,16,820,16522,-14,-274,84,-67,-396,-361
114305,39,822,16533,-16,-276,85,-67,-401,-365
114319,26,818,16530,-19,-279,85,-69,-404,-361
114333,10,831,16546,-21,-276,86,-68,-409,-365
114347,14,817,16546,-24,-277,80,-69,-405,-364
114361,4,822,16528,-14,-280,83,-67,-401,-361
114375,12,829,16526,-18,-277,84,-69,-402,-362
114389,21,809,16531,-18,-272,86,-69,-404,-358
114403,16,816,16530,-20,-279,87,-67,-406,-364
114417,27,811,16538,-14,-274,84,-69,-404,-370
114431,38,811,16518,-16,-272,84,-67,-404,-364
114445,17,835,16542,-19,-283,87,-68,-403,-366
114459,32,811,16527,-21,-277,90,-72,-413,-360
114473,25,814,16545,-22,-274,86,-69,-402,-360
114487,25,815,16525,-17,-277,84,-71,-402,-360
114501,4,803,16523,-18,-281,83,-68,-403,-361
114515,21,819,16529,-20,-280,82,-65,-405,-367
114529,3,823,16531,-23,-283,91,-68,-403,-369
114543,20,830,16527,-14,-284,88,-65,-409,-364
114557,14,827,16533,-17,-278,83,-72,-404,-359
114571,43,827,16533,-14,-278,76,-71,-406,-364
114585,33,833,16527,-18,-278,84,-73,-404,-357
114599,17,807,16525,-15,-279,82,-68,-405,-362
114613,30,820,16547,-14,-283,84,-67,-403,-362
114627,18,824,16542,-19,-278,87,-66,-405,-363
114641,6,819,16541,-18,-278,85,-67,-406,-361
114655,5,828,16536,-15,-276,82,-64,-403,-356
114669,3,823,16548,-14,-283,88,-69,-410,-359
114683,14,821,16535,-19,-281,86,-66,-407,-365
114697,24,823,16541,-18,-279,95,-62,-408,-363
114711,33,814,16536,-14,-276,89,-63,-401,-366
114725,25,825,16549,-10,-279,88,-70,-404,-362
114739,22,817,16540,-24,-277,91,-62,-400,-361
114753,20,820,16537,-23,-284,85,-67,-406,-364
114767,11,820,16537,-13,-277,85,-72,-406,-362
114781,23,814,16527,-16,-275,84,-67,-408,-361
114795,4,829,16534,-19,-278,92,-68,-404,-363
114809,20,829,16543,-19,-277,92,-67,-406,-364
114823,21,827,16542,-20,-277,89,-72,-402,-367
114837,28,826,16532,-20,-278,83,-70,-403,-363
114851,32,818,16538,-11,-284,88,-67,-406,-362
114865,23,813,16542,-17,-271,90,-66,-406,-361
114879,17,820,16547,-14,-275,88,-67,-401,-367
114893,27,806,16530,-19,-274,90,-66,-408,-362
114907,8,837,16544,-11,-278,82,-71,-401,-366
114921,11,828,16540,-16,-282,88,-72,-399,-361
114935,11,825,16549,-21,-280,88,-67,-404,-359
114949,6,820,16543,-19,-279,85,-68,-406,-358
114963,13,820,16534,-20,-280,87,-63,-402,-363
114977,10,822,16533,-15,-283,82,-65,-404,-363
114991,30,821,16544,-19,-280,83,-65,-405,-366
115005,30,818,16533,-23,-278,88,-71,-402,-362
115019,16,819,16547,-17,-280,81,-67,-404,-367
115033,35,817,16545,-14,-279,84,-65,-404,-363
115047,21,831,16546,-21,-281,90,-65,-400,-364
115061,6,830,16549,-21,-277,87,-67,-402,-359
115075,3,823,16550,-19,-281,85,-66,-403,-360
115089,17,830,16543,-22,-277,88,-68,-405,-363
115103,21,834,16542,-22,-279,84,-66,-405,-361
115117,11,819,16541,-23,-279,89,-68,-407,-362
115131,32,804,16544,-15,-283,87,-64,-406,-366
115145,21,820,16544,-21,-278,87,-63,-401,-366
115159,40,815,16544,-22,-280,84,-66,-406,-362
115173,18,812,16547,-15,-277,87,-68,-402,-357
115187,18,823,16556,-14,-278,88,-70,-409,-366
115201,13,822,16542,-20,-276,86,-68,-405,-365
115215,18,827,16554,-18,-276,87,-70,-408,-362
115229,5,815,16531,-12,-278,88,-74,-406,-369
115243,6,814,16541,-16,-272,84,-63,-402,-365
115257,16,821,16539,-25,-275,84,-71,-404,-366
115271,33,806,16552,-19,-282,90,-69,-408,-362
115285,25,813,16538,-15,-278,86,-68,-403,-366
115299,15,808,16544,-17,-282,88,-63,-406,-359
115313,28,818,16549,-22,-282,90,-71,-407,-362
115327,32,821,16532,-18,-279,89,-71,-402,-357
115341,15,821,16544,-20,-278,85,-70,-406,-363
115355,18,835,16553,-20,-276,86,-69,-406,-362
115369,22,827,16523,-16,-278,84,-66,-406,-359
115383,20,831,16538,-19,-280,86,-65,-406,-367
115397,18,822,16543,-19,-279,87,-62,-402,-360
115411,30,807,16524,-19,-276,85,-67,-407,-359
115425,17,828,16543,-23,-276,85,-69,-406,-366
115439,13,805,16530,-21,-280,85,-64,-405,-362
115453,12,818,16549,-14,-280,83,-64,-403,-366
115467,32,821,16534,-18,-281,84,-66,-409,-368
115481,21,811,16533,-16,-282,85,-65,-408,-365
115495,-8,819,16531,-20,-278,83,-68,-406,-359
115509,15,822,16551,-16,-277,86,-68,-407,-360
115523,18,818,16545,-16,-277,89,-69,-403,-357
115537,19,822,16547,-13,-277,87,-67,-406,-365
115551,39,826,16524,-17,-276,89,-69,-401,-366
115565,11,817,16558,-20,-280,84,-71,-402,-363
115579,23,828,16532,-18,-282,84,-69,-404,-363
115593,20,823,16544,-25,-281,88,-67,-401,-361
115607,31,812,16545,-16,-273,88,-65,-407,-363
115621,24,813,16533,-17,-279,82,-70,-406,-363
115635,0,812,16559,-17,-280,84,-68,-402,-361
115649,6,819,16531,-16,-275,90,-69,-403,-360
115663,14,831,16535,-17,-278,89,-68,-402,-368
115677,28,819,16550,-20,-278,82,-66,-404,-364
115691,17,821,16543,-21,-276,86,-69,-405,-357
115705,34,819,16537,-19,-274,88,-73,-403,-362
115719,20,811,16542,-17,-283,85,-69,-404,-367
115733,36,808,16539,-13,-278,83,-69,-408,-358
115747,26,811,16528,-12,-278,86,-72,-402,-364
115761,25,817,16552,-15,-280,87,-70,-400,-362
115775,14,832,16539,-16,-278,84,-68,-406,-359
115789,17,823,16545,-17,-276,85,-66,-406,-370
115803,17,828,16545,-16,-276,85,-69,-402,-363
115817,11,836,16552,-14,-281,84,-65,-402,-363
115831,17,820,16539,-14,-280,88,-66,-407,-353
115845,7,816,16551,-15,-281,92,-60,-404,-364
115859,25,822,16526,-15,-275,79,-63,-406,-369
115873,16,831,16546,-14,-276,87,-71,-405,-358
115887,11,812,16533,-21,-278,91,-64,-409,-362
115901,22,821,16547,-19,-284,87,-64,-407,-366
115915,19,822,16546,-22,-280,93,-68,-408,-364
115929,7,823,16552,-17,-280,92,-70,-402,-363
115943,21,815,16521,-19,-280,85,-64,-407,-363
115957,16,824,16547,-25,-280,85,-70,-402,-366
115971,9,816,16538,-21,-276,86,-65,-406,-368
115985,23,819,16542,-18,-280,89,-73,-410,-359
115999,22,824,16546,-18,-281,84,-64,-405,-362
116013,30,822,16540,-15,-279,87,-72,-407,-359
116027,20,820,16538,-17,-281,93,-64,-407,-365
116041,9,816,16551,-21,-277,92,-72,-403,-362
116055,28,838,16544,-16,-277,84,-68,-402,-365
116069,20,818,16542,-20,-280,87,-61,-402,-370
116083,12,822,16544,-21,-277,88,-67,-400,-359
116097,13,822,16534,-13,-277,86,-65,-405,-365
116111,14,822,16541,-13,-280,86,-68,-401,-367
116125,13,815,16537,-22,-278,83,-68,-402,-358
116139,33,822,16546,-17,-280,83,-65,-402,-363
116153,27,817,16517,-16,-281,84,-70,-400,-369
116167,15,821,16540,-17,-280,85,-71,-407,-363
116181,27,809,16543,-18,-284,89,-67,-406,-364
116195,8,823,16539,-19,-278,88,-65,-407,-363
116209,8,821,16539,-21,-278,82,-66,-405,-365
116223,22,828,16541,-19,-275,87,-69,-405,-364
116237,17,836,16543,-19,-279,85,-66,-407,-361
116251,15,834,16538,-22,-281,87,-68,-407,-360
116265,29,827,16546,-14,-281,86,-64,-403,-364
116279,16,822,16540,-10,-275,84,-71,-396,-363
116293,20,811,16542,-15,-282,84,-66,-405,-361
116307,5,821,16556,-16,-282,87,-68,-404,-359
116321,14,824,16538,-17,-276,85,-68,-406,-365
116335,16,836,16542,-19,-281,89,-62,-404,-360
116349,18,811,16551,-19,-282,86,-61,-405,-363
116363,25,814,16531,-17,-281,86,-66,-409,-364
116377,20,836,16539,-22,-278,85,-66,-410,-365
116391,24,822,16537,-19,-276,82,-68,-405,-366
116405,16,819,16555,-23,-277,90,-70,-406,-362
116419,2,821,16550,-17,-279,86,-67,-408,-364
116433,34,826,16542,-21,-281,84,-64,-403,-365
116447,31,815,16544,-23,-276,89,-72,-405,-366
116461,9,822,16538,-19,-279,90,-66,-407,-364
116475,28,816,16529,-22,-281,91,-72,-403,-362
116489,17,822,16541,-19,-282,87,-65,-411,-363
116503,3,827,16530,-21,-280,87,-68,-403,-357
116517,9,814,16525,-16,-276,89,-68,-410,-365
116531,29,824,16539,-23,-278,86,-73,-403,-359
116545,28,817,16543,-20,-275,86,-67,-407,-361
116559,24,816,16548,-22,-276,88,-70,-400,-360
116573,31,828,16545,-18,-274,86,-75,-407,-356
116587,10,819,16533,-22,-279,87,-68,-401,-363
116601,10,810,16563,-16,-280,83,-70,-408,-363
116615,14,822,16542,-18,-283,88,-66,-400,-364
116629,2,827,16546,-19,-280,84,-66,-400,-361
116643,11,824,16548,-14,-274,90,-69,-405,-357
116657,14,825,16551,-20,-274,86,-71,-401,-361
116671,27,822,16526,-19,-283,84,-68,-406,-365
116685,21,820,16530,-20,-279,82,-63,-404,-365
116699,13,819,16549,-21,-280,82,-69,-405,-362
116713,21,829,16534,-16,-276,85,-66,-404,-364
116727,17,826,16543,-19,-280,88,-67,-405,-363
116741,28,812,16551,-14,-281,89,-69,-403,-361
116755,10,823,16526,-18,-272,89,-73,-406,-364
116769,8,815,16536,-17,-280,84,-69,-405,-361
116783,15,823,16535,-20,-281,89,-69,-400,-365
116797,10,819,16546,-21,-275,88,-70,-398,-364
116811,15,811,16546,-14,-280,87,-68,-409,-363
116825,17,830,16548,-20,-276,85,-68,-408,-363
116839,27,820,16540,-18,-278,86,-68,-405,-361
116853,36,829,16534,-18,-278,83,-71,-405,-366
116867,20,829,16557,-19,-283,88,-71,-403,-367
116881,6,824,16552,-16,-278,86,-66,-401,-360
116895,17,829,16532,-19,-280,88,-66,-405,-359
116909,7,826,16530,-20,-278,86,-71,-401,-363
116923,3,834,16534,-19,-278,87,-66,-403,-363
116937,23,822,16556,-19,-282,91,-66,-405,-352
116951,27,821,16538,-16,-276,85,-66,-405,-355
116965,21,813,16535,-17,-281,84,-63,-408,-361
116979,27,808,16540,-19,-275,84,-63,-401,-364
116993,29,814,16527,-19,-276,84,-73,-406,-365
117007,17,829,16517,-18,-281,85,-63,-408,-358
117021,15,828,16538,-23,-279,88,-68,-410,-363
117035,32,834,16538,-22,-280,87,-67,-403,-360
117049,13,814,16543,-18,-279,87,-68,-403,-360
117063,4,819,16549,-16,-273,87,-64,-407,-363
117077,4,817,16558,-16,-277,87,-67,-405,-362
117091,8,818,16547,-18,-278,82,-70,-404,-360
117105,27,808,16541,-15,-284,87,-65,-407,-365
117119,36,828,16550,-17,-277,87,-71,-405,-362
117133,29,818,16550,-13,-280,84,-68,-405,-363
117147,21,826,16533,-14,-273,87,-67,-400,-361
117161,26,816,16530,-17,-278,82,-71,-403,-360
117175,30,820,16531,-19,-278,86,-69,-401,-363
117189,19,817,16553,-20,-276,84,-68,-404,-361
117203,9,823,16536,-21,-283,86,-66,-407,-363
117217,3,829,16543,-19,-279,88,-67,-400,-361
117231,19,839,16540,-16,-279,84,-73,-403,-360
117245,15,828,16531,-18,-281,87,-66,-407,-362
117259,32,818,16549,-20,-275,87,-67,-400,-365
117273,22,811,16553,-15,-282,87,-67,-404,-362
117287,16,812,16547,-17,-279,85,-69,-403,-366
117301,41,808,16547,-14,-275,86,-66,-409,-365
117315,11,818,16540,-18,-275,85,-67,-406,-360
117329,14,826,16533,-15,-280,86,-70,-401,-365
117343,2,824,16549,-30,-277,83,-76,-399,-362
117357,17,821,16550,-26,-279,88,-69,-402,-360
117371,12,816,16540,-20,-277,84,-70,-403,-360
117385,16,812,16541,-18,-277,88,-61,-402,-363
117399,17,814,16549,-16,-277,93,-67,-404,-364
117413,30,815,16542,-17,-277,90,-64,-405,-363
117427,16,830,16526,-14,-272,88,-67,-406,-361
117441,37,835,16538,-20,-282,92,-68,-407,-360
117455,24,828,16547,-18,-281,88,-64,-408,-359
117469,21,821,16541,-20,-283,92,-69,-404,-358
117483,16,822,16548,-18,-280,86,-70,-406,-366
117497,25,810,16549,-17,-281,88,-70,-406,-366
117511,26,822,16544,-18,-279,89,-73,-405,-363
117525,17,824,16553,-20,-276,82,-66,-403,-365
117539,16,835,16546,-12,-283,83,-66,-404,-359
117553,27,828,16533,-23,-282,86,-68,-408,-362
117567,27,818,16544,-14,-283,89,-67,-404,-366
117581,24,821,16529,-15,-276,83,-70,-408,-363
117595,29,822,16538,-20,-276,82,-72,-402,-359
117609,22,814,16539,-21,-277,90,-67,-406,-366
117623,16,836,16544,-15,-276,83,-66,-406,-363
117637,31,841,16533,-19,-277,84,-66,-409,-364
117651,13,834,16548,-16,-280,82,-65,-401,-365
117665,25,830,16544,-20,-278,85,-68,-409,-360
117679,27,822,16549,-21,-277,87,-70,-404,-362
117693,18,805,16545,-21,-277,85,-65,-403,-362
117707,31,801,16530,-26,-273,84,-64,-405,-362
117721,33,821,16552,-26,-278,85,-67,-402,-362
117735,36,829,16550,-19,-281,85,-68,-404,-361
117749,20,824,16549,-17,-275,90,-69,-407,-366
117763,10,827,16534,-15,-281,86,-70,-409,-361
117777,-2,820,16541,-22,-278,89,-68,-400,-357
117791,10,823,16535,-17,-277,83,-65,-407,-362
117805,34,813,16545,-17,-276,86,-62,-402,-366
117819,25,816,16530,-16,-274,88,-62,-405,-363
117833,37,831,16539,-21,-278,89,-68,-401,-363
117847,33,824,16531,-17,-277,85,-70,-406,-366
117861,10,826,16542,-19,-275,91,-69,-405,-365
117875,22,831,16540,-17,-278,87,-71,-407,-361
117889,25,826,16527,-15,-278,89,-63,-403,-358
117903,6,814,16533,-21,-280,90,-71,-407,-362
117917,14,813,16541,-17,-280,85,-66,-406,-364
117931,18,818,16546,-19,-276,86,-68,-404,-362
117945,4,831,16540,-19,-280,91,-62,-403,-360
117959,18,824,16548,-21,-277,90,-67,-410,-361
117973,22,819,16542,-19,-278,84,-62,-412,-358
117987,24,825,16532,-18,-281,86,-67,-407,-365
118001,35,804,16542,-19,-281,89,-67,-404,-367
118015,27,817,16536,-15,-274,88,-66,-405,-360
118029,35,809,16536,-20,-277,88,-67,-404,-360
118043,14,824,16540,-20,-281,89,-66,-407,-364
118057,9,829,16542,-16,-280,88,-60,-404,-367
118071,2,833,16555,-17,-278,84,-71,-401,-368
118085,6,829,16537,-16,-280,84,-64,-411,-362
118099,20,824,16527,-14,-277,82,-65,-402,-361
118113,21,807,16551,-21,-276,85,-72,-403,-367
118127,16,823,16546,-21,-275,87,-66,-406,-360
118141,30,816,16530,-23,-278,88,-63,-408,-358
118155,28,829,16540,-22,-283,86,-62,-404,-360
118169,28,835,16550,-18,-274,90,-64,-396,-362
118183,13,818,16537,-19,-278,89,-66,-407,-364
118197,11,818,16556,-17,-279,86,-64,-402,-364
118211,22,824,16547,-22,-280,87,-69,-404,-360
118225,25,814,16543,-18,-277,85,-63,-403,-368
118239,15,815,16536,-17,-277,86,-71,-410,-365
118253,10,843,16538,-16,-280,90,-74,-407,-364
118267,11,825,16545,-19,-273,92,-63,-403,-364
118281,15,833,16540,-23,-274,84,-62,-402,-365
118295,15,816,16533,-19,-279,84,-70,-405,-368
118309,22,816,16529,-18,-278,90,-67,-406,-369
118323,16,818,16544,-14,-279,84,-71,-406,-364
118337,2,822,16534,-18,-279,86,-70,-404,-364
118351,13,831,16544,-18,-279,91,-68,-404,-359
118365,24,836,16533,-14,-274,83,-64,-403,-365
118379,22,826,16541,-21,-280,84,-69,-406,-360
118393,20,824,16548,-19,-278,84,-66,-399,-362
118407,11,816,16544,-16,-284,86,-67,-410,-360
118421,27,809,16545,-18,-285,87,-69,-396,-370
118435,24,809,16551,-20,-280,90,-70,-408,-359
118449,18,818,16568,-19,-278,88,-71,-405,-364
118463,26,827,16554,-20,-281,85,-65,-399,-361
118477,21,829,16534,-17,-279,86,-72,-405,-360
118491,6,827,16549,-20,-279,88,-67,-410,-364
118505,-9,817,16545,-16,-279,81,-70,-399,-365
118519,11,817,16541,-20,-281,80,-69,-408,-363
118533,17,820,16554,-15,-273,84,-70,-404,-365
118547,24,830,16532,-23,-277,87,-65,-404,-363
118561,22,829,16546,-18,-276,85,-66,-410,-364
118575,13,833,16543,-21,-273,87,-73,-407,-363
118589,13,819,16549,-21,-280,86,-74,-406,-360
118603,16,810,16543,-21,-278,84,-65,-406,-361
118617,13,811,16541,-17,-281,89,-69,-404,-360
118631,18,818,16551,-17,-277,84,-62,-400,-363
118645,0,814,16538,-20,-271,87,-66,-402,-364
118659,26,827,16546,-13,-274,86,-64,-399,-359
118673,16,839,16552,-18,-279,90,-70,-404,-364
118687,12,831,16555,-19,-276,90,-69,-407,-364
118701,13,811,16546,-15,-275,87,-68,-404,-360
118715,6,834,16534,-21,-280,89,-69,-403,-362
118729,18,812,16544,-22,-277,87,-68,-408,-362
118743,11,831,16548,-16,-279,85,-66,-406,-366
118757,19,813,16526,-17,-278,81,-66,-405,-363
118771,32,815,16547,-16,-281,83,-64,-403,-361
118785,17,831,16564,-18,-279,80,-61,-406,-360
118799,26,833,16534,-18,-277,85,-65,-407,-359
118813,22,817,16549,-15,-281,84,-69,-400,-360
118827,21,817,16544,-22,-284,83,-70,-408,-361
118841,4,825,16541,-18,-281,82,-66,-406,-364
118855,25,818,16545,-21,-282,86,-68,-405,-356
118869,23,824,16540,-17,-279,88,-76,-408,-357
118883,31,829,16526,-19,-275,87,-69,-404,-364
118897,24,830,16557,-15,-277,86,-62,-411,-358
118911,16,817,16536,-18,-280,88,-66,-406,-363
118925,25,823,16540,-20,-273,82,-70,-411,-364
118939,16,821,16547,-18,-278,85,-70,-401,-364
118953,9,818,16530,-16,-279,94,-64,-401,-360
118967,28,827,16541,-15,-274,90,-69,-398,-363
118981,34,818,16539,-19,-278,83,-65,-404,-355
118995,19,834,16534,-14,-272,85,-64,-405,-361
119009,18,832,16539,-19,-277,81,-67,-404,-358
119023,3,827,16537,-24,-278,90,-68,-405,-358
119037,18,817,16546,-17,-280,88,-69,-404,-362
119051,23,801,16542,-16,-273,86,-65,-406,-361
119065,16,822,16537,-20,-282,87,-67,-403,-362
119079,17,820,16539,-20,-275,90,-64,-405,-363
119093,19,834,16551,-18,-280,84,-66,-407,-366
119107,21,835,16521,-18,-278,87,-70,-401,-365
119121,0,818,16541,-17,-277,85,-75,-404,-365
119135,28,817,16534,-16,-280,86,-66,-404,-361
119149,26,809,16546,-19,-275,84,-64,-400,-359
119163,23,819,16532,-17,-276,84,-65,-401,-366
119177,11,834,16546,-15,-282,87,-63,-408,-359
119191,9,828,16546,-16,-282,83,-71,-401,-366
119205,21,833,16536,-19,-280,84,-65,-405,-365
119219,26,821,16547,-18,-281,88,-67,-405,-360
119233,25,815,16532,-19,-277,87,-68,-404,-364
119247,17,817,16551,-23,-279,88,-67,-410,-366
119261,4,815,16538,-21,-278,85,-67,-406,-364
119275,8,826,16544,-17,-278,89,-66,-402,-359
119289,16,833,16548,-16,-282,87,-66,-400,-359
119303,30,830,16535,-18,-281,87,-64,-404,-368
119317,10,823,16559,-22,-278,87,-63,-403,-360
119331,27,821,16534,-17,-278,84,-65,-406,-356
119345,27,817,16531,-22,-280,85,-64,-405,-357
119359,16,809,16557,-18,-275,82,-62,-403,-363
119373,20,817,16537,-17,-277,87,-69,-404,-367
119387,6,832,16534,-16,-282,86,-66,-403,-365
119401,19,828,16530,-21,-282,86,-66,-401,-359
119415,18,829,16546,-20,-280,85,-68,-404,-361
119429,21,816,16546,-20,-276,85,-63,-406,-357
119443,23,823,16528,-20,-279,83,-70,-408,-363
119457,12,811,16546,-11,-280,86,-73,-404,-361
119471,29,823,16532,-16,-277,87,-67,-404,-365
119485,22,829,16536,-19,-280,90,-68,-407,-366
119499,31,823,16557,-22,-279,91,-66,-405,-359
119513,22,823,16533,-25,-281,91,-68,-405,-362
119527,22,835,16533,-20,-278,87,-72,-402,-360
119541,18,831,16545,-25,-281,88,-67,-400,-364
119555,17,827,16521,-18,-276,85,-70,-405,-361
119569,11,812,16538,-16,-278,84,-70,-405,-360
119583,23,818,16551,-18,-276,88,-72,-402,-361
119597,21,821,16544,-16,-273,87,-67,-405,-365
119611,14,826,16542,-15,-281,88,-65,-407,-359
119625,30,836,16531,-20,-279,83,-69,-406,-364
119639,23,823,16545,-18,-279,83,-70,-405,-364
119653,22,813,16552,-19,-276,86,-69,-403,-361
119667,24,820,16535,-19,-279,88,-72,-409,-363
119681,16,830,16543,-17,-277,85,-68,-404,-358
119695,20,824,16539,-18,-278,85,-69,-406,-364
119709,12,828,16535,-19,-275,87,-66,-401,-360
119723,21,816,16532,-19,-274,86,-67,-404,-358
119737,27,814,16537,-17,-282,88,-67,-403,-355
119751,17,822,16534,-15,-280,85,-69,-402,-362
119765,22,821,16520,-18,-280,90,-68,-399,-359
119779,26,823,16548,-15,-283,86,-68,-407,-360
119793,23,818,16541,-16,-275,85,-65,-404,-358
119807,19,824,16531,-20,-279,89,-69,-410,-361
119821,26,814,16544,-20,-279,80,-68,-406,-364
119835,14,834,16535,-17,-280,82,-64,-405,-361
119849,7,815,16536,-20,-282,91,-66,-396,-360
119863,22,821,16546,-23,-280,87,-67,-405,-363
119877,14,823,16559,-17,-275,84,-68,-402,-364
119891,14,828,16547,-21,-280,88,-63,-408,-361
119905,18,821,16532,-15,-274,81,-67,-402,-363
119919,11,820,16534,-20,-279,85,-66,-401,-366
119933,16,812,16533,-21,-279,82,-68,-401,-359
119947,8,828,16540,-25,-278,88,-66,-411,-361
119961,13,811,16528,-23,-275,94,-68,-408,-363
119975,15,817,16546,-24,-279,81,-73,-402,-361
119989,6,816,16541,-16,-280,89,-65,-407,-366
120003,19,820,16515,-21,-279,90,-60,-405,-359
120017,28,832,16518,-19,-275,86,-64,-403,-362
120031,11,820,16543,-15,-274,87,-62,-405,-364
120045,15,829,16539,-20,-280,84,-69,-406,-360
120059,11,823,16528,-17,-276,86,-67,-404,-361
120073,12,820,16528,-19,-281,83,-70,-407,-361
120087,17,825,16527,-17,-277,84,-63,-405,-363
120101,13,813,16527,-23,-279,88,-69,-404,-361
120115,24,827,16534,-16,-274,87,-73,-408,-359
120129,16,816,16528,-18,-277,88,-71,-407,-358
120143,20,821,16539,-12,-280,88,-68,-409,-363
120157,5,812,16540,-18,-280,85,-65,-405,-356
120171,34,810,16543,-17,-278,85,-65,-409,-362
120185,21,813,16519,-19,-280,85,-67,-405,-360
120199,1,820,16527,-15,-284,86,-66,-407,-360
120213,15,830,16545,-18,-281,86,-66,-403,-365
120227,13,821,16527,-24,-276,85,-68,-411,-363
120241,21,824,16518,-22,-280,84,-67,-406,-360
120255,0,833,16537,-20,-278,82,-60,-405,-360
120269,10,820,16530,-21,-274,86,-68,-405,-366
120283,12,816,16554,-17,-281,80,-66,-402,-365
120297,35,814,16527,-21,-274,87,-68,-400,-360
120311,10,825,16532,-21,-272,91,-66,-402,-360
120325,20,826,16528,-22,-279,87,-70,-400,-359
120339,23,827,16539,-20,-279,90,-67,-402,-361
120353,20,823,16534,-17,-278,88,-69,-401,-363
120367,14,832,16533,-17,-280,87,-67,-407,-364
120381,11,831,16539,-16,-278,91,-66,-407,-364
120395,12,813,16530,-14,-283,84,-61,-403,-364
120409,19,826,16552,-16,-282,87,-65,-401,-369
120423,20,826,16544,-20,-280,88,-70,-402,-364
120437,16,822,16539,-19,-280,90,-67,-407,-363
120451,31,823,16538,-15,-278,87,-70,-399,-361
120465,14,812,16546,-15,-279,89,-64,-404,-358
120479,22,818,16534,-17,-275,85,-61,-402,-360
120493,16,810,16544,-12,-280,83,-64,-403,-358
120507,29,817,16539,-17,-280,86,-68,-405,-356
120521,19,824,16527,-17,-281,85,-73,-409,-361
120535,10,837,16527,-18,-275,85,-67,-404,-364
120549,10,839,16541,-14,-281,82,-69,-407,-359
120563,24,822,16529,-17,-284,83,-70,-410,-361
120577,15,810,16530,-17,-279,85,-72,-404,-361
120591,25,820,16519,-21,-278,86,-68,-404,-362
120605,23,818,16528,-15,-284,86,-68,-409,-360
120619,24,811,16527,-19,-278,83,-62,-405,-368
120633,16,821,16525,-14,-280,87,-68,-406,-363
120647,24,826,16539,-14,-276,85,-65,-403,-357
120661,18,818,16535,-23,-282,88,-68,-406,-360
120675,7,826,16537,-24,-284,82,-69,-406,-366
120689,18,823,16527,-19,-282,87,-67,-406,-366
120703,21,819,16531,-21,-276,87,-70,-405,-365
120717,20,821,16516,-22,-282,85,-70,-405,-360
120731,38,815,16523,-15,-276,82,-69,-405,-361
120745,28,815,16540,-19,-279,83,-71,-406,-360
120759,16,822,16536,-13,-282,90,-72,-403,-361
120773,14,828,16534,-17,-283,85,-71,-406,-361
120787,7,832,16554,-13,-283,86,-67,-404,-360
120801,20,810,16520,-24,-284,78,-69,-404,-361
120815,10,836,16538,-20,-276,82,-67,-404,-364
120829,23,811,16528,-16,-283,86,-67,-404,-366
120843,30,814,16532,-13,-281,86,-70,-407,-361
120857,14,846,16534,-16,-273,87,-66,-410,-365
120871,33,826,16547,-21,-278,88,-65,-403,-367
120885,39,818,16539,-16,-284,88,-68,-403,-363
120899,29,823,16538,-18,-277,88,-65,-408,-360
120913,8,819,16536,-20,-277,84,-71,-405,-364
120927,29,832,16543,-21,-280,82,-60,-400,-362
120941,16,831,16542,-22,-281,86,-65,-404,-364
120955,20,835,16547,-19,-284,84,-70,-413,-364
120969,11,831,16535,-16,-277,87,-67,-405,-360
120983,21,834,16542,-21,-277,90,-66,-404,-362
120997,22,822,16529,-18,-279,86,-67,-401,-359
121011,46,816,16537,-21,-273,88,-71,-407,-362
121025,23,819,16538,-20,-278,86,-65,-404,-361
121039,19,829,16539,-20,-282,84,-66,-404,-362
121053,24,818,16530,-21,-278,81,-64,-405,-363
121067,8,836,16546,-16,-277,84,-70,-405,-367
121081,18,828,16534,-16,-276,78,-64,-405,-361
121095,18,829,16545,-17,-277,82,-60,-401,-361
121109,15,821,16531,-13,-280,93,-69,-399,-366
121123,9,819,16533,-23,-280,83,-70,-401,-358
121137,26,814,16526,-21,-281,86,-70,-406,-365
121151,10,810,16533,-19,-281,92,-62,-404,-358
121165,26,817,16543,-12,-276,88,-68,-406,-358
121179,25,818,16551,-20,-277,87,-70,-405,-363
121193,25,824,16541,-18,-281,85,-66,-404,-357
121207,43,819,16549,-18,-275,87,-65,-407,-364
121221,18,821,16540,-17,-279,83,-68,-406,-358
121235,7,824,16538,-22,-280,90,-70,-405,-359
121249,-5,830,16515,-13,-276,82,-67,-405,-358
121263,9,823,16546,-13,-282,89,-69,-405,-365
121277,11,817,16513,-14,-281,86,-73,-408,-363
121291,19,821,16527,-15,-274,83,-69,-409,-362
121305,38,827,16540,-21,-283,90,-68,-403,-360
121319,31,819,16540,-17,-278,84,-70,-402,-363
121333,30,809,16537,-19,-277,87,-67,-401,-361
121347,20,826,16549,-13,-277,83,-65,-408,-362
121361,12,821,16541,-15,-279,88,-67,-408,-358
121375,26,829,16529,-19,-281,87,-71,-405,-365
121389,6,821,16533,-19,-281,87,-63,-405,-360
121403,17,815,16538,-18,-278,81,-69,-407,-364
121417,22,828,16544,-20,-279,89,-67,-405,-362
121431,20,826,16539,-22,-283,85,-65,-406,-360
121445,20,805,16530,-20,-278,88,-63,-407,-357
121459,23,821,16545,-21,-278,84,-70,-411,-363
121473,16,811,16546,-17,-278,81,-68,-407,-360
121487,29,820,16534,-17,-276,85,-66,-406,-369
121501,18,824,16539,-16,-277,87,-70,-403,-361
121515,25,819,16532,-13,-278,83,-66,-404,-360
121529,16,824,16536,-11,-272,91,-68,-405,-362
121543,24,825,16531,-16,-275,88,-68,-405,-360
121557,33,827,16543,-15,-275,84,-68,-407,-362
121571,31,813,16543,-15,-277,89,-67,-400,-358
121585,29,825,16550,-21,-280,84,-69,-408,-361
121599,15,813,16544,-21,-279,86,-64,-407,-366
121613,41,820,16548,-17,-277,89,-64,-404,-366
121627,17,828,16534,-21,-279,86,-68,-405,-360
121641,14,826,16519,-22,-279,88,-63,-403,-364
121655,12,822,16529,-20,-284,88,-68,-407,-363
121669,3,824,16527,-14,-282,87,-69,-404,-361
121683,11,831,16550,-14,-277,86,-68,-400,-363
121697,16,830,16526,-14,-282,88,-67,-406,-362
121711,22,825,16548,-18,-276,84,-65,-409,-364
121725,31,821,16546,-18,-274,79,-65,-404,-363
121739,20,823,16529,-16,-280,84,-69,-403,-362
121753,38,812,16535,-15,-278,83,-69,-406,-356
121767,15,816,16555,-20,-277,78,-66,-398,-359
121781,7,822,16545,-17,-278,85,-74,-403,-362
121795,17,827,16535,-16,-276,83,-69,-406,-360
121809,15,819,16544,-20,-277,83,-67,-407,-361
121823,16,826,16542,-20,-274,86,-69,-402,-363
121837,27,833,16546,-18,-280,88,-69,-404,-359
121851,30,813,16543,-13,-278,84,-68,-409,-361
121865,5,812,16538,-16,-274,85,-64,-403,-358
121879,6,816,16545,-16,-282,83,-65,-404,-362
121893,22,818,16546,-14,-284,85,-65,-406,-361
121907,11,825,16545,-20,-284,88,-67,-403,-358
121921,23,833,16539,-18,-281,86,-70,-406,-360
121935,11,828,16556,-19,-276,86,-71,-405,-362
121949,-2,832,16549,-12,-273,87,-66,-405,-363
121963,22,822,16551,-17,-279,91,-63,-405,-359
121977,24,814,16549,-17,-276,89,-64,-399,-360
121991,19,816,16556,-21,-274,87,-67,-404,-361
122005,16,816,16552,-23,-278,90,-66,-403,-367
122019,39,814,16525,-19,-278,87,-69,-402,-360
122033,25,830,16554,-16,-276,86,-63,-402,-366
122047,8,822,16526,-19,-276,84,-73,-405,-364
122061,26,815,16567,-16,-277,83,-68,-404,-358
122075,14,815,16529,-19,-269,84,-68,-405,-364
122089,7,813,16536,-23,-278,83,-63,-404,-363
122103,10,813,16562,-17,-277,89,-62,-401,-366
122117,27,821,16545,-11,-276,87,-69,-406,-360
122131,34,824,16547,-18,-277,86,-70,-406,-364
122145,32,830,16543,-18,-278,86,-69,-406,-365
122159,20,823,16533,-17,-278,85,-73,-403,-357
122173,22,806,16523,-22,-278,88,-70,-410,-361
122187,23,810,16542,-18,-280,89,-72,-399,-361
122201,17,817,16531,-14,-279,92,-64,-407,-363
122215,24,820,16538,-15,-283,85,-66,-400,-360
122229,15,830,16543,-12,-281,87,-68,-400,-361
122243,28,839,16526,-13,-278,81,-70,-401,-366
122257,23,836,16556,-18,-279,87,-69,-403,-361
122271,8,819,16514,-15,-273,86,-67,-405,-363
122285,28,806,16575,-23,-280,83,-69,-406,-365
122299,21,815,16543,-20,-275,88,-71,-408,-363
122313,30,811,16568,-19,-280,86,-69,-404,-360
122327,9,827,16517,-25,-279,89,-67,-408,-362
122341,19,823,16566,-20,-277,90,-67,-402,-365
122355,34,840,16526,-14,-278,84,-67,-405,-362
122369,9,828,16573,-20,-281,86,-69,-407,-358
122383,23,818,16528,-15,-276,84,-69,-400,-366
122397,12,819,16549,-25,-279,90,-66,-403,-363
122411,19,813,16552,-19,-281,87,-67,-406,-363
122425,30,835,16553,-18,-279,83,-67,-403,-359
122439,25,832,16541,-19,-281,90,-65,-405,-362
122453,21,834,16543,-18,-279,87,-65,-402,-362
122467,20,829,16548,-22,-273,86,-69,-404,-363
122481,9,828,16556,-21,-280,84,-65,-402,-361
122495,25,819,16538,-22,-272,83,-68,-406,-363
122509,25,815,16550,-18,-280,89,-69,-402,-367
122523,24,813,16571,-20,-280,86,-63,-399,-363
122537,8,820,16515,-14,-281,84,-67,-406,-359
122551,18,824,16571,-20,-281,83,-71,-409,-362
122565,23,823,16523,-16,-278,88,-67,-408,-356
122579,22,828,16540,-15,-276,86,-69,-408,-361
122593,10,823,16557,-15,-276,87,-69,-403,-363
122607,11,825,16561,-19,-280,82,-69,-404,-365
122621,19,817,16559,-17,-280,84,-67,-404,-367
122635,19,837,16533,-21,-278,84,-71,-406,-365
122649,13,834,16550,-20,-279,81,-68,-402,-364
122663,11,824,16536,-14,-276,81,-68,-408,-363
122677,15,823,16547,-20,-280,88,-68,-405,-362
122691,23,817,16525,-20,-283,84,-64,-406,-362
122705,14,814,16543,-21,-280,89,-70,-405,-364
122719,17,830,16533,-21,-280,86,-68,-410,-359
122733,20,824,16539,-12,-273,82,-69,-405,-362
122747,17,828,16538,-22,-281,80,-68,-407,-360
122761,18,831,16541,-21,-283,79,-76,-412,-363
122775,32,826,16534,-20,-277,89,-67,-405,-369
122789,29,816,16538,-21,-280,92,-71,-403,-366
122803,14,811,16531,-18,-278,88,-64,-403,-363
122817,13,817,16545,-22,-273,87,-72,-405,-364
122831,29,819,16539,-17,-274,83,-71,-401,-365
122845,28,827,16536,-16,-281,86,-68,-400,-361
122859,9,829,16550,-18,-282,92,-70,-403,-364
122873,17,821,16536,-23,-281,90,-70,-404,-358
122887,15,816,16542,-18,-282,86,-65,-407,-363
122901,37,815,16539,-14,-274,87,-72,-403,-358
122915,26,815,16541,-20,-277,86,-70,-406,-358
122929,19,804,16535,-17,-276,85,-72,-398,-366
122943,27,830,16532,-22,-280,89,-62,-406,-361
122957,12,827,16532,-16,-277,87,-69,-403,-363
122971,19,826,16544,-18,-280,83,-69,-406,-365
122985,22,828,16524,-20,-281,86,-74,-407,-364
122999,17,818,16556,-18,-276,85,-66,-410,-356
123013,18,811,16551,-23,-277,85,-70,-405,-364
123027,19,815,16544,-19,-281,89,-69,-406,-358
123041,21,820,16555,-19,-283,93,-68,-407,-366
123055,18,835,16532,-17,-282,86,-66,-407,-361
123069,24,828,16551,-15,-275,82,-62,-410,-366
123083,30,828,16528,-19,-278,87,-67,-405,-366
123097,17,822,16541,-16,-278,89,-68,-404,-357
123111,8,812,16545,-19,-278,87,-71,-397,-364
123125,11,813,16548,-25,-278,90,-69,-403,-357
123139,22,831,16558,-24,-272,86,-68,-405,-368
123153,14,820,16548,-16,-278,86,-63,-403,-365
123167,30,826,16546,-16,-275,84,-62,-397,-362
123181,31,828,16543,-15,-276,84,-71,-404,-362
123195,23,807,16560,-19,-278,85,-67,-404,-361
123209,10,818,16543,-19,-276,83,-63,-401,-362
123223,1,816,16548,-19,-275,83,-65,-406,-359
123237,6,811,16560,-13,-280,77,-67,-402,-360
123251,6,823,16556,-13,-272,85,-68,-404,-368
123265,46,829,16505,-18,-276,83,-69,-403,-365
123279,47,835,16564,-18,-280,80,-74,-406,-363
123293,34,819,16528,-11,-280,85,-68,-413,-361
123307,30,809,16533,-14,-278,87,-68,-406,-359
123321,14,802,16524,-21,-277,89,-66,-403,-363
123335,-7,800,16542,-22,-279,94,-64,-401,-361
123349,4,837,16530,-17,-279,83,-64,-406,-365
123363,13,840,16538,-20,-278,86,-68,-407,-366
123377,26,843,16521,-22,-279,87,-68,-407,-365
123391,37,845,16519,-12,-279,90,-68,-404,-358
123405,45,820,16519,-20,-280,86,-66,-408,-363
123419,44,798,16528,-14,-272,84,-67,-408,-363
123433,25,791,16534,-13,-280,86,-67,-405,-363
123447,26,810,16538,-19,-278,82,-65,-408,-361
123461,7,824,16528,-22,-279,85,-65,-403,-360
123475,-5,852,16537,-13,-282,87,-65,-407,-361
123489,4,848,16526,-19,-281,80,-67,-399,-365
123503,-6,837,16535,-14,-279,81,-64,-404,-365
123517,9,823,16515,-16,-278,87,-62,-399,-359
123531,37,804,16551,-14,-282,85,-63,-402,-360
123545,34,797,16533,-13,-281,85,-70,-403,-360
123559,35,807,16515,-17,-283,84,-66,-400,-361
123573,28,818,16531,-19,-278,87,-69,-407,-360
123587,32,830,16542,-20,-279,86,-71,-405,-365
123601,39,833,16518,-18,-277,82,-70,-403,-364
123615,10,831,16537,-16,-276,87,-71,-400,-360
123629,-7,821,16529,-19,-279,86,-65,-404,-363
123643,-1,811,16529,-19,-281,82,-68,-408,-358
123657,4,821,16527,-19,-276,86,-68,-407,-362
123671,21,831,16513,-20,-281,92,-71,-400,-364
123685,24,833,16522,-21,-273,91,-64,-405,-362
123699,44,832,16549,-16,-276,87,-64,-405,-361
123713,51,841,16520,-17,-279,83,-67,-402,-355
123727,30,816,16525,-18,-279,87,-71,-407,-359
123741,22,792,16533,-21,-277,87,-68,-403,-361
123755,-8,807,16528,-22,-281,89,-70,-403,-361
123769,4,826,16533,-21,-277,85,-66,-406,-359
123783,9,840,16522,-18,-279,89,-67,-409,-361
123797,11,837,16522,-14,-279,88,-68,-404,-362
123811,26,846,16528,-20,-274,82,-65,-406,-358
123825,23,818,16525,-22,-276,87,-67,-401,-361
123839,34,799,16532,-15,-277,90,-71,-403,-362
123853,33,795,16535,-13,-274,88,-67,-411,-362
123867,23,812,16525,-21,-279,86,-66,-403,-358
123881,31,821,16528,-19,-277,81,-64,-410,-364
123895,5,838,16549,-15,-281,84,-67,-406,-357
123909,-14,856,16532,-16,-283,87,-67,-401,-362
123923,2,837,16529,-17,-280,90,-73,-399,-366
123937,17,831,16541,-15,-282,84,-67,-402,-360
123951,23,811,16537,-20,-276,83,-66,-405,-363
123965,23,811,16534,-25,-278,82,-66,-408,-360
123979,37,823,16531,-21,-282,84,-67,-405,-362
123993,27,825,16545,-18,-280,85,-71,-400,-359
124007,38,833,16533,-21,-279,84,-70,-409,-363
124021,17,822,16523,-15,-277,89,-67,-401,-363
124035,16,828,16536,-20,-277,85,-66,-403,-359
124049,3,823,16519,-18,-275,85,-70,-403,-362
124063,0,826,16542,-23,-283,90,-73,-406,-361
124077,14,820,16549,-19,-276,87,-70,-407,-366
124091,11,813,16536,-22,-280,86,-67,-409,-360
124105,36,844,16531,-17,-280,87,-68,-406,-363
124119,32,818,16534,-19,-274,88,-68,-400,-358
124133,33,817,16536,-17,-279,91,-68,-406,-370
124147,25,813,16523,-21,-281,86,-65,-400,-360
124161,15,820,16525,-20,-275,84,-65,-408,-361
124175,3,816,16542,-20,-279,85,-69,-401,-361
124189,18,833,16529,-15,-280,94,-63,-407,-368
124203,-9,832,16530,-22,-275,86,-66,-402,-363
124217,12,834,16550,-21,-281,86,-68,-404,-366
124231,21,833,16548,-18,-284,83,-69,-405,-363
124245,33,808,16525,-21,-278,81,-67,-408,-362
124259,40,802,16543,-20,-278,87,-70,-398,-368
124273,46,795,16527,-22,-283,87,-64,-406,-359
124287,18,814,16531,-17,-279,86,-69,-404,-360
124301,22,815,16535,-15,-278,82,-70,-404,-371
124315,16,832,16542,-16,-273,81,-62,-403,-358
124329,-1,839,16534,-19,-278,81,-67,-411,-361
124343,11,822,16533,-17,-279,85,-62,-407,-363
124357,-1,828,16535,-17,-281,90,-69,-404,-362
124371,16,820,16531,-14,-280,87,-71,-403,-360
124385,24,805,16529,-14,-280,81,-62,-406,-366
124399,44,821,16518,-23,-278,88,-69,-396,-362
124413,25,818,16539,-17,-271,87,-71,-402,-371
124427,37,834,16545,-18,-275,78,-77,-400,-359
124441,20,819,16540,-24,-276,84,-66,-402,-359
124455,21,816,16546,-19,-280,86,-67,-401,-367
124469,17,820,16539,-18,-278,86,-65,-403,-365
124483,14,810,16542,-14,-278,86,-69,-411,-364
124497,5,813,16527,-14,-280,85,-68,-404,-366
124511,11,838,16536,-15,-278,85,-65,-405,-363
124525,45,832,16533,-11,-282,82,-68,-401,-361
124539,39,821,16544,-20,-278,83,-68,-403,-359
124553,38,823,16532,-16,-280,83,-70,-407,-364
124567,35,811,16536,-20,-282,86,-72,-399,-359
124581,9,806,16550,-14,-276,86,-69,-402,-360
124595,9,819,16526,-23,-279,84,-69,-407,-362
124609,12,842,16546,-20,-275,87,-70,-404,-360
124623,2,837,16528,-20,-285,86,-63,-407,-361
124637,9,845,16538,-19,-277,87,-67,-403,-362
124651,29,827,16528,-18,-278,87,-65,-401,-362
124665,18,817,16534,-22,-279,85,-66,-402,-365
124679,29,811,16542,-19,-275,88,-65,-401,-362
124693,21,804,16550,-21,-276,86,-73,-406,-361
124707,31,811,16530,-16,-282,87,-66,-400,-358
124721,16,828,16546,-19,-280,90,-65,-401,-364
124735,25,831,16538,-21,-277,85,-68,-405,-363
124749,11,828,16540,-20,-277,86,-67,-409,-362
124763,1,831,16548,-15,-277,86,-62,-404,-363
124777,22,833,16559,-14,-285,87,-71,-409,-365
124791,26,810,16563,-21,-283,88,-70,-404,-358
124805,17,810,16537,-14,-281,86,-64,-407,-363
124819,22,818,16535,-9,-280,82,-67,-406,-362
124833,30,834,16532,-16,-276,80,-67,-409,-359
124847,28,824,16533,-13,-278,82,-73,-400,-360
124861,9,832,16522,-21,-277,84,-63,-400,-365
124875,13,826,16535,-16,-274,86,-64,-408,-363
124889,10,813,16544,-18,-281,87,-67,-406,-357
124903,7,812,16551,-16,-277,80,-64,-408,-363
124917,13,825,16550,-17,-277,81,-68,-405,-362
124931,20,829,16539,-15,-282,86,-66,-407,-365
124945,18,807,16538,-21,-277,86,-69,-407,-355
124959,54,827,16548,-24,-278,84,-64,-405,-361
124973,23,813,16528,-16,-279,88,-65,-404,-364
124987,15,813,16529,-19,-280,86,-70,-406,-361
125001,8,820,16551,-20,-275,91,-66,-408,-359
125015,27,823,16542,-19,-277,89,-71,-409,-366
125029,6,841,16548,-25,-283,89,-70,-405,-361
125043,5,830,16550,-18,-278,86,-67,-404,-361
125057,25,825,16539,-20,-278,86,-64,-403,-366
125071,6,823,16544,-16,-279,84,-67,-407,-363
125085,28,824,16542,-16,-281,82,-70,-402,-360
125099,28,811,16535,-19,-280,86,-66,-402,-364
125113,14,818,16547,-19,-278,83,-63,-402,-359
125127,20,819,16530,-11,-278,87,-72,-408,-361
125141,17,832,16528,-21,-277,87,-69,-413,-362
125155,19,824,16538,-18,-278,88,-64,-406,-354
125169,33,843,16538,-23,-280,93,-68,-406,-359
125183,7,829,16540,-20,-283,89,-68,-406,-363
125197,2,812,16549,-21,-279,83,-73,-409,-361
125211,15,812,16547,-22,-282,86,-65,-403,-362
125225,15,812,16546,-15,-273,86,-71,-404,-356
125239,35,817,16534,-17,-275,82,-63,-407,-359
125253,37,811,16536,-19,-280,85,-66,-405,-362
125267,13,816,16521,-20,-279,88,-66,-405,-363
125281,13,826,16526,-15,-277,86,-64,-404,-358
125295,24,812,16538,-18,-279,86,-63,-404,-357
125309,11,821,16549,-16,-280,86,-66,-403,-360
125323,8,829,16537,-17,-280,85,-61,-407,-359
125337,7,821,16533,-18,-274,87,-68,-406,-358
125351,5,836,16521,-18,-278,82,-67,-411,-361
125365,19,822,16538,-21,-282,84,-70,-409,-365
125379,37,820,16536,-20,-276,88,-68,-405,-359
125393,31,827,16549,-19,-276,82,-64,-407,-366
125407,25,809,16544,-15,-278,88,-63,-407,-361
125421,11,814,16555,-20,-277,83,-71,-405,-366
125435,-3,821,16541,-20,-278,88,-71,-403,-366
125449,19,837,16545,-23,-276,88,-68,-402,-363
125463,1,832,16536,-18,-279,90,-65,-403,-359
125477,6,836,16538,-13,-279,84,-62,-408,-362
125491,27,824,16532,-13,-281,87,-69,-411,-365
125505,20,801,16540,-11,-279,88,-62,-405,-362
125519,39,810,16541,-16,-280,91,-72,-404,-365
125533,29,816,16547,-18,-276,92,-65,-408,-366
125547,27,830,16536,-20,-281,87,-65,-403,-363
125561,26,823,16541,-17,-276,87,-68,-408,-365
125575,15,838,16530,-16,-278,90,-64,-403,-358
125589,7,843,16546,-18,-279,88,-64,-407,-360
125603,16,826,16531,-17,-276,82,-68,-408,-361
125617,14,834,16532,-15,-274,88,-66,-404,-361
125631,3,810,16546,-19,-278,85,-69,-404,-361
125645,13,809,16526,-21,-278,88,-69,-408,-359
125659,17,808,16546,-17,-279,87,-71,-409,-365
125673,22,826,16516,-18,-278,83,-65,-402,-358
125687,26,824,16575,-21,-275,81,-68,-403,-363
125701,12,828,16526,-22,-275,82,-64,-409,-359
125715,22,815,16564,-19,-277,85,-73,-408,-361
125729,4,827,16522,-18,-278,86,-71,-408,-359
125743,-3,829,16556,-18,-279,88,-66,-407,-360
125757,19,816,16529,-15,-278,87,-69,-406,-356
125771,27,836,16566,-20,-275,87,-71,-403,-361
125785,25,821,16537,-16,-275,84,-66,-406,-364
125799,41,821,16544,-17,-282,85,-68,-404,-362
125813,23,814,16551,-21,-277,85,-69,-405,-355
125827,9,813,16542,-16,-282,83,-63,-403,-361
125841,3,824,16563,-21,-278,90,-66,-403,-360
125855,-2,824,16550,-14,-276,82,-67,-403,-362
125869,8,825,16529,-14,-283,80,-64,-405,-363
125883,19,840,16560,-13,-278,86,-61,-404,-356
125897,20,826,16548,-19,-278,88,-71,-404,-363
125911,22,805,16541,-19,-276,91,-62,-403,-361
125925,28,805,16550,-18,-278,89,-62,-405,-363
125939,39,813,16531,-17,-280,87,-68,-405,-365
125953,21,832,16547,-16,-280,88,-64,-402,-358
125967,17,815,16532,-19,-283,88,-62,-407,-359
125981,18,835,16553,-18,-271,85,-66,-406,-365
125995,6,839,16543,-20,-271,86,-71,-408,-367
126009,-2,816,16555,-17,-280,86,-68,-403,-358
126023,22,809,16540,-20,-276,81,-68,-401,-359
126037,25,814,16541,-19,-282,89,-65,-405,-360
126051,43,802,16536,-23,-279,91,-67,-404,-361
126065,32,811,16530,-18,-280,85,-66,-401,-363
126079,30,820,16546,-18,-282,82,-68,-399,-363
126093,28,838,16537,-18,-277,85,-65,-407,-355
126107,26,815,16554,-18,-277,83,-71,-406,-359
126121,6,825,16548,-19,-279,85,-65,-403,-361
126135,9,834,16538,-24,-274,86,-68,-406,-368
126149,10,824,16559,-16,-274,86,-68,-406,-361
126163,12,827,16545,-18,-270,86,-66,-406,-361
126177,16,833,16550,-20,-275,85,-69,-399,-359
126191,25,823,16551,-19,-279,84,-77,-400,-366
126205,32,816,16551,-23,-282,94,-69,-401,-364
126219,15,824,16528,-23,-277,87,-70,-408,-363
126233,33,801,16552,-22,-281,90,-74,-404,-367
126247,27,814,16535,-24,-281,89,-67,-404,-367
126261,20,834,16549,-27,-280,90,-65,-404,-358
126275,-3,839,16544,-20,-278,91,-69,-403,-361
126289,15,822,16550,-23,-276,89,-67,-406,-361
126303,14,840,16554,-23,-278,86,-67,-402,-359
126317,19,841,16549,-21,-278,83,-65,-405,-363
126331,32,810,16542,-15,-275,91,-70,-404,-361
126345,40,813,16537,-18,-283,87,-65,-408,-359
126359,25,813,16549,-18,-285,85,-65,-406,-360
126373,24,822,16548,-22,-282,83,-68,-396,-364
126387,12,835,16541,-17,-279,89,-64,-404,-365
126401,18,830,16538,-11,-276,86,-67,-407,-358
126415,4,838,16546,-22,-277,89,-70,-410,-361
126429,10,832,16541,-21,-284,89,-68,-405,-360
126443,24,816,16563,-20,-279,85,-70,-403,-357
126457,17,819,16526,-21,-279,87,-70,-404,-360
126471,25,814,16532,-14,-279,91,-63,-404,-363
126485,26,814,16549,-18,-276,90,-63,-403,-358
126499,23,814,16538,-18,-276,91,-66,-408,-361
126513,20,824,16550,-21,-279,90,-68,-407,-364
126527,24,826,16546,-16,-276,87,-66,-407,-360
126541,17,819,16538,-19,-280,87,-69,-408,-360
126555,3,824,16543,-18,-282,87,-68,-403,-365
126569,0,828,16543,-11,-279,88,-67,-408,-360
126583,1,827,16544,-19,-275,86,-66,-409,-362
126597,34,833,16543,-21,-276,85,-70,-400,-364
126611,28,828,16548,-23,-277,87,-66,-404,-360
126625,34,826,16551,-18,-280,92,-66,-408,-366
126639,44,825,16533,-18,-283,90,-64,-407,-363
126653,29,814,16541,-17,-278,84,-66,-404,-363
126667,16,814,16546,-19,-279,88,-71,-402,-359
126681,9,832,16549,-23,-277,88,-65,-405,-365
126695,12,820,16561,-22,-277,91,-63,-401,-364
126709,14,827,16542,-23,-280,86,-70,-407,-365
126723,12,832,16525,-23,-278,87,-68,-407,-361
126737,36,821,16542,-18,-277,86,-68,-402,-367
126751,28,819,16549,-16,-282,86,-68,-409,-366
126765,40,800,16544,-18,-280,89,-67,-407,-365
126779,22,800,16551,-22,-280,84,-65,-407,-360
126793,24,819,16537,-16,-279,87,-68,-403,-358
126807,25,833,16541,-18,-275,88,-64,-405,-363
126821,5,838,16547,-19,-277,87,-70,-405,-361
126835,-1,835,16545,-21,-281,86,-68,-406,-361
126849,18,827,16541,-16,-282,91,-63,-407,-360
126863,23,829,16561,-19,-284,88,-63,-400,-362
126877,36,812,16530,-16,-280,83,-62,-407,-355
126891,35,813,16542,-19,-274,85,-66,-400,-365
126905,34,815,16546,-18,-282,87,-66,-411,-365
126919,29,838,16543,-16,-276,87,-67,-400,-359
126933,13,834,16551,-18,-279,85,-67,-405,-363
126947,14,824,16544,-22,-279,84,-70,-402,-365
126961,17,821,16553,-17,-275,88,-69,-400,-357
126975,8,808,16539,-13,-277,90,-68,-408,-362
126989,0,832,16559,-16,-283,82,-67,-402,-359
127003,7,823,16541,-13,-274,85,-64,-408,-356
127017,2,834,16535,-19,-278,88,-65,-403,-362
127031,23,827,16537,-22,-279,90,-64,-401,-359
127045,49,824,16531,-20,-278,82,-66,-407,-364
127059,24,814,16534,-18,-277,85,-67,-408,-363
127073,4,823,16541,-19,-281,90,-65,-403,-362
127087,24,817,16540,-16,-279,93,-71,-405,-364
127101,7,816,16553,-12,-279,88,-63,-405,-362
127115,21,829,16539,-16,-277,85,-66,-407,-367
127129,15,831,16533,-15,-279,87,-67,-407,-361
127143,19,824,16547,-18,-282,85,-70,-404,-361
127157,32,827,16541,-17,-280,82,-67,-411,-361
127171,42,818,16552,-18,-279,87,-73,-407,-364
127185,37,819,16531,-22,-277,81,-64,-406,-361
127199,18,826,16536,-22,-275,87,-70,-405,-357
127213,22,812,16523,-18,-277,87,-66,-405,-360
127227,19,834,16529,-18,-281,88,-69,-403,-368
127241,24,842,16533,-23,-278,90,-69,-402,-359
127255,4,833,16538,-14,-280,85,-64,-403,-363
127269,3,821,16550,-19,-281,83,-72,-404,-357
127283,11,824,16547,-21,-280,84,-63,-403,-361
127297,18,818,16543,-14,-279,89,-67,-408,-363
127311,39,815,16539,-15,-282,86,-63,-405,-363
127325,34,815,16545,-18,-281,83,-61,-398,-360
127339,21,814,16542,-21,-284,89,-69,-402,-362
127353,26,823,16547,-21,-282,89,-71,-409,-364
127367,24,819,16541,-23,-277,85,-65,-407,-361
127381,-3,830,16531,-21,-280,86,-66,-411,-361
127395,10,826,16542,-21,-277,86,-68,-403,-366
127409,11,821,16555,-17,-280,89,-67,-407,-359
127423,0,832,16544,-20,-283,87,-68,-400,-360
127437,35,833,16532,-19,-278,86,-71,-409,-362
127451,31,821,16541,-15,-280,86,-70,-407,-365
127465,28,812,16528,-17,-282,89,-69,-402,-356
127479,26,822,16541,-23,-275,90,-65,-406,-365
127493,22,827,16535,-21,-278,88,-65,-411,-366
127507,12,816,16548,-20,-277,87,-69,-406,-362
127521,16,823,16546,-17,-280,87,-69,-404,-358
127535,-8,826,16548,-19,-275,82,-67,-403,-364
127549,22,841,16530,-22,-277,89,-72,-402,-361
127563,11,822,16561,-19,-278,87,-64,-406,-361
127577,31,812,16541,-15,-283,88,-67,-402,-362
127591,38,815,16545,-21,-280,83,-65,-404,-362
127605,29,821,16565,-21,-279,83,-67,-406,-359
127619,31,817,16551,-19,-281,82,-73,-402,-360
127633,18,805,16531,-15,-281,81,-63,-405,-364
127647,24,827,16559,-12,-279,80,-66,-403,-362
127661,14,816,16528,-10,-286,81,-68,-403,-357
127675,24,835,16555,-15,-278,83,-61,-406,-363
127689,10,821,16539,-19,-278,83,-68,-404,-363
127703,18,825,16533,-19,-275,82,-68,-404,-362
127717,33,820,16576,-19,-278,84,-67,-409,-365
127731,30,825,16529,-15,-276,87,-69,-406,-364
127745,28,819,16551,-22,-278,85,-63,-402,-370
127759,21,823,16531,-20,-275,89,-69,-403,-359
127773,29,827,16534,-22,-282,85,-67,-407,-361
127787,5,828,16535,-23,-276,84,-67,-405,-365
127801,9,830,16556,-16,-280,84,-69,-413,-359
127815,21,819,16530,-19,-281,86,-69,-398,-357
127829,20,830,16539,-18,-275,91,-70,-407,-362
127843,31,830,16539,-19,-281,93,-73,-409,-362
127857,24,822,16549,-17,-282,92,-68,-405,-369
127871,20,825,16557,-26,-281,89,-66,-406,-361
127885,38,817,16539,-22,-280,89,-66,-406,-355
127899,42,814,16540,-20,-280,88,-68,-403,-362
127913,2,819,16553,-20,-278,86,-69,-406,-361
127927,5,828,16547,-18,-278,85,-66,-404,-364
127941,16,826,16557,-13,-282,90,-63,-403,-362
127955,28,827,16532,-21,-278,89,-69,-408,-363
127969,19,834,16560,-22,-276,91,-65,-401,-361
127983,25,811,16527,-24,-281,89,-71,-405,-361
127997,24,818,16550,-25,-282,87,-67,-404,-365
128011,15,811,16539,-21,-281,86,-73,-405,-359
128025,19,817,16534,-20,-278,89,-66,-406,-363
128039,7,833,16538,-17,-281,89,-70,-406,-363
128053,14,835,16544,-18,-278,88,-68,-405,-365
128067,-4,827,16536,-18,-277,83,-62,-402,-357
128081,17,839,16539,-18,-277,88,-65,-409,-360
128095,22,816,16527,-18,-275,90,-64,-396,-363
128109,22,812,16538,-11,-279,87,-70,-405,-365
128123,22,824,16543,-21,-278,89,-68,-408,-363
128137,17,816,16535,-17,-276,88,-69,-402,-363
128151,11,839,16538,-22,-280,85,-68,-407,-362
128165,15,832,16531,-18,-282,81,-70,-402,-364
128179,16,824,16532,-23,-277,88,-61,-402,-360
128193,11,815,16530,-24,-280,85,-65,-406,-360
128207,6,808,16554,-16,-280,91,-67,-405,-363
128221,14,819,16558,-21,-276,86,-71,-409,-364
128235,13,838,16525,-15,-278,83,-66,-404,-366
128249,24,835,16541,-19,-278,89,-69,-403,-364
128263,26,828,16536,-23,-278,86,-60,-408,-360
128277,36,825,16541,-21,-283,81,-69,-403,-360
128291,34,833,16538,-20,-279,90,-63,-415,-361
128305,17,819,16530,-15,-278,86,-67,-402,-361
128319,36,825,16553,-15,-278,85,-70,-403,-362
128333,8,813,16527,-21,-280,85,-68,-405,-361
128347,5,826,16537,-18,-276,88,-66,-406,-360
128361,21,822,16542,-16,-280,87,-65,-405,-362
128375,19,827,16539,-19,-282,90,-67,-408,-361
128389,23,824,16535,-19,-276,89,-71,-407,-368
128403,27,812,16540,-18,-283,86,-71,-405,-363
128417,17,817,16524,-19,-276,85,-69,-408,-361
128431,30,825,16529,-19,-278,87,-71,-410,-366
128445,12,821,16553,-19,-282,87,-64,-397,-357
128459,13,835,16552,-19,-281,89,-73,-408,-362
128473,16,837,16548,-22,-281,92,-66,-407,-366
128487,20,826,16543,-25,-277,90,-66,-409,-364
128501,20,828,16546,-19,-276,88,-67,-406,-357
128515,22,809,16518,-15,-278,87,-64,-403,-363
128529,34,828,16547,-19,-277,83,-70,-397,-362
128543,24,809,16546,-19,-277,84,-67,-402,-362
128557,27,819,16545,-18,-282,88,-72,-401,-361
128571,26,826,16544,-22,-280,84,-73,-404,-362
128585,12,840,16540,-25,-279,87,-69,-400,-365
128599,19,835,16539,-23,-278,85,-69,-408,-361
128613,18,822,16536,-14,-276,86,-65,-408,-362
128627,-3,832,16545,-21,-278,86,-68,-405,-364
128641,18,834,16558,-22,-278,92,-65,-406,-362
128655,9,835,16525,-21,-275,86,-65,-405,-367
128669,37,824,16541,-24,-281,90,-60,-410,-364
128683,21,809,16534,-17,-278,85,-68,-407,-360
128697,19,816,16540,-18,-275,85,-66,-407,-364
128711,17,826,16549,-18,-279,84,-71,-406,-363
128725,10,821,16549,-17,-276,85,-67,-408,-366
128739,21,819,16542,-20,-275,84,-66,-406,-364
128753,15,827,16551,-11,-279,89,-64,-401,-359
128767,11,818,16554,-19,-277,89,-71,-404,-361
128781,15,813,16546,-16,-276,89,-68,-402,-365
128795,16,818,16527,-20,-276,90,-66,-405,-359
128809,23,824,16537,-19,-279,87,-70,-407,-362
128823,42,810,16562,-22,-281,86,-68,-403,-363
128837,30,816,16557,-25,-275,86,-64,-403,-359
128851,23,824,16540,-18,-278,82,-63,-404,-365
128865,27,818,16577,-20,-273,83,-65,-408,-362
128879,19,817,16513,-17,-275,87,-69,-403,-365
128893,19,824,16544,-15,-276,87,-73,-407,-365
128907,16,829,16543,-13,-277,86,-69,-406,-357
128921,25,819,16547,-22,-278,82,-60,-404,-366
128935,9,820,16536,-15,-277,84,-65,-405,-365
128949,23,817,16544,-17,-279,88,-69,-404,-357
128963,32,824,16534,-24,-283,88,-68,-401,-361
128977,25,825,16533,-17,-280,87,-66,-407,-360
128991,27,808,16533,-23,-280,84,-68,-405,-365
129005,21,818,16538,-24,-278,84,-61,-409,-356
129019,7,821,16549,-16,-278,88,-67,-412,-364
129033,19,820,16502,-20,-280,92,-62,-408,-365
129047,22,827,16569,-18,-278,91,-69,-405,-360
129061,13,831,16506,-20,-278,89,-69,-406,-360
129075,18,820,16548,-19,-277,88,-63,-408,-363
129089,31,816,16526,-19,-275,84,-71,-407,-361
129103,29,814,16546,-21,-281,84,-70,-405,-363
129117,14,820,16519,-13,-279,85,-74,-407,-362
129131,23,810,16550,-19,-276,86,-63,-402,-356
129145,16,826,16529,-22,-282,88,-71,-406,-362
129159,35,818,16543,-20,-280,85,-68,-410,-363
129173,1,822,16540,-14,-282,85,-69,-399,-358
129187,11,827,16553,-17,-277,88,-68,-405,-358
129201,6,835,16534,-20,-277,87,-63,-407,-360
129215,32,821,16531,-14,-275,88,-63,-407,-365
129229,24,820,16538,-16,-280,94,-68,-404,-358
129243,11,810,16510,-21,-283,85,-65,-409,-364
129257,26,823,16555,-21,-280,83,-73,-405,-362
129271,5,830,16521,-18,-283,86,-67,-403,-365
129285,31,819,16572,-15,-278,85,-73,-404,-365
129299,8,823,16517,-19,-277,86,-66,-406,-361
129313,11,817,16551,-23,-283,87,-67,-410,-358
129327,7,835,16535,-21,-279,85,-68,-406,-360
129341,14,816,16545,-16,-280,84,-66,-402,-361
129355,14,817,16551,-22,-275,84,-66,-403,-366
129369,21,814,16548,-14,-278,83,-68,-403,-357
129383,27,824,16544,-15,-280,84,-67,-405,-357
129397,26,839,16550,-15,-279,88,-64,-401,-360
129411,22,837,16552,-20,-282,89,-65,-404,-356
129425,17,829,16544,-15,-279,86,-67,-404,-362
129439,22,823,16530,-20,-280,83,-72,-400,-362
129453,10,812,16536,-18,-275,89,-70,-404,-358
129467,22,804,16557,-14,-279,88,-65,-408,-362
129481,9,816,16546,-18,-279,81,-69,-405,-364
129495,19,839,16563,-14,-278,89,-69,-402,-356
129509,21,823,16549,-18,-281,83,-65,-409,-361
129523,25,814,16515,-15,-277,86,-68,-408,-359
129537,4,815,16544,-12,-280,82,-68,-404,-363
129551,8,827,16557,-19,-284,80,-60,-400,-358
129565,14,822,16553,-19,-277,88,-74,-408,-357
129579,19,828,16547,-20,-277,92,-67,-402,-365
129593,16,822,16554,-20,-280,86,-68,-411,-365
129607,5,840,16540,-18,-278,86,-65,-405,-358
129621,18,824,16537,-21,-281,90,-67,-406,-362
129635,19,807,16547,-15,-277,93,-64,-404,-361
129649,26,817,16542,-17,-278,86,-67,-404,-364
129663,33,811,16548,-18,-281,84,-67,-405,-360
129677,14,810,16536,-20,-278,81,-68,-405,-362
129691,9,838,16536,-20,-274,87,-71,-404,-365
129705,37,824,16545,-20,-281,88,-65,-407,-355
129719,13,826,16544,-16,-278,84,-73,-403,-360
129733,16,821,16548,-14,-279,82,-67,-403,-360
129747,12,818,16545,-11,-282,84,-68,-399,-365
129761,28,816,16542,-16,-280,83,-65,-409,-364
129775,4,813,16536,-22,-275,85,-68,-406,-362
129789,24,814,16541,-18,-273,83,-63,-405,-363
129803,21,828,16533,-16,-277,88,-66,-407,-362
129817,16,824,16543,-18,-280,89,-67,-401,-363
129831,17,824,16555,-19,-276,89,-65,-407,-362
129845,26,823,16538,-17,-276,87,-68,-407,-360
129859,28,821,16544,-21,-284,88,-63,-405,-361
129873,10,814,16539,-17,-277,87,-66,-404,-358
129887,34,827,16559,-23,-279,85,-67,-400,-363
129901,7,822,16553,-15,-282,84,-62,-406,-358
129915,5,817,16544,-16,-280,87,-69,-404,-359
129929,24,832,16557,-19,-283,87,-66,-408,-366
129943,17,830,16547,-21,-280,93,-62,-402,-365
129957,28,808,16555,-24,-277,88,-69,-409,-357
129971,14,815,16542,-20,-279,87,-68,-404,-358
129985,10,825,16539,-21,-277,86,-71,-407,-359
129999,1,820,16541,-23,-276,87,-65,-405,-359
130013,19,819,16546,-21,-282,85,-67,-405,-357
130027,27,822,16531,-23,-277,88,-73,-402,-366
130041,13,823,16549,-22,-273,93,-65,-406,-360
130055,18,813,16544,-21,-283,90,-69,-396,-365
130069,27,819,16540,-20,-273,88,-68,-407,-362
130083,12,820,16547,-20,-274,90,-69,-403,-362
130097,7,809,16544,-19,-279,89,-70,-401,-361
130111,9,828,16544,-18,-277,90,-68,-404,-357
130125,20,818,16562,-18,-275,85,-67,-401,-365
130139,0,815,16571,-15,-282,88,-66,-404,-359
130153,9,827,16529,-13,-275,85,-68,-407,-359
130167,8,815,16557,-15,-275,84,-71,-400,-372
130181,22,823,16531,-17,-273,85,-70,-402,-364
130195,28,814,16550,-16,-280,87,-66,-399,-360
130209,33,808,16521,-19,-279,85,-59,-400,-359
130223,47,813,16561,-20,-279,87,-72,-404,-359
130237,19,822,16535,-16,-271,89,-67,-405,-354
130251,1,813,16547,-20,-278,85,-71,-402,-362
130265,3,824,16546,-17,-276,84,-62,-406,-361
130279,-15,824,16551,-19,-277,81,-70,-405,-367
130293,2,841,16536,-19,-281,80,-64,-399,-360
130307,9,835,16536,-19,-279,85,-69,-407,-363
130321,24,819,16541,-21,-275,86,-68,-401,-367
130335,40,816,16522,-16,-277,86,-68,-405,-361
130349,47,823,16530,-19,-274,84,-66,-408,-366
130363,52,811,16530,-19,-279,82,-60,-406,-359
130377,21,809,16542,-16,-279,84,-67,-408,-358
130391,15,826,16543,-18,-278,86,-64,-407,-363
130405,-8,844,16554,-22,-275,87,-67,-402,-364
130419,-9,842,16556,-20,-276,86,-67,-407,-359
130433,4,826,16546,-12,-277,87,-65,-401,-362
130447,13,821,16553,-19,-275,90,-70,-407,-359
130461,4,812,16564,-17,-282,89,-66,-407,-361
130475,38,815,16556,-19,-280,89,-69,-403,-355
130489,40,822,16557,-19,-279,90,-68,-401,-364
130503,32,820,16551,-25,-278,88,-68,-403,-358
130517,41,817,16551,-18,-276,87,-72,-404,-365
130531,13,820,16540,-18,-283,86,-71,-404,-363
130545,19,834,16552,-24,-277,82,-72,-404,-360
130559,-3,834,16552,-23,-278,83,-68,-407,-362
130573,-9,825,16550,-15,-281,88,-68,-399,-367
130587,11,823,16539,-18,-278,84,-71,-409,-361
130601,31,827,16563,-17,-275,89,-61,-407,-364
130615,46,812,16545,-17,-277,84,-60,-404,-360
130629,33,822,16533,-19,-277,86,-72,-406,-364
130643,39,812,16542,-15,-276,86,-68,-404,-356
130657,31,817,16542,-18,-279,88,-70,-406,-359
130671,13,826,16549,-20,-281,84,-68,-401,-362
130685,7,821,16548,-22,-282,87,-70,-405,-356
130699,-5,827,16554,-17,-282,81,-70,-404,-359
130713,2,843,16524,-16,-282,85,-65,-406,-357
130727,9,834,16550,-18,-277,87,-70,-406,-358
130741,17,833,16533,-21,-274,85,-63,-406,-362
130755,27,818,16534,-19,-279,87,-64,-405,-359
130769,38,804,16542,-19,-279,86,-66,-408,-358
130783,35,814,16538,-20,-275,83,-69,-404,-357
130797,38,814,16540,-23,-280,84,-63,-403,-363
130811,15,831,16557,-13,-279,86,-65,-403,-361
130825,12,825,16550,-20,-278,88,-62,-405,-358
130839,2,839,16549,-19,-282,87,-68,-404,-360
130853,-9,835,16535,-16,-278,82,-69,-400,-362
130867,20,813,16539,-21,-278,84,-70,-402,-363
130881,22,822,16545,-20,-277,86,-67,-406,-361
130895,33,804,16548,-19,-279,86,-64,-404,-363
130909,32,811,16532,-23,-283,81,-63,-410,-364
130923,45,811,16553,-20,-280,87,-69,-404,-362
130937,25,825,16541,-20,-279,82,-70,-410,-357
130951,19,814,16553,-20,-273,87,-69,-402,-357
130965,-4,819,16528,-21,-278,85,-74,-402,-360
130979,0,826,16544,-18,-281,85,-69,-406,-360
130993,-2,825,16534,-20,-279,85,-71,-406,-361
131007,6,813,16524,-16,-283,90,-69,-404,-358
131021,35,829,16552,-16,-281,80,-66,-400,-362
131035,31,811,16533,-21,-278,84,-67,-406,-368
131049,46,816,16545,-22,-279,86,-65,-401,-357
131063,38,816,16543,-14,-280,88,-69,-406,-365
131077,19,814,16551,-21,-278,87,-68,-409,-363
131091,24,816,16547,-21,-278,86,-65,-401,-358
131105,4,832,16547,-19,-276,80,-65,-403,-359
131119,-1,827,16549,-24,-282,83,-68,-405,-350
131133,1,821,16540,-20,-279,86,-63,-405,-360
131147,11,825,16546,-14,-283,85,-69,-405,-365
131161,34,819,16545,-18,-278,83,-67,-405,-359
131175,33,816,16542,-20,-277,86,-68,-409,-359
131189,35,809,16549,-21,-278,85,-71,-404,-363
131203,32,807,16553,-17,-277,81,-67,-404,-360
131217,24,822,16539,-19,-277,88,-69,-407,-363
131231,22,813,16540,-22,-283,83,-65,-406,-356
131245,-8,833,16548,-20,-278,87,-68,-397,-363
131259,-8,827,16559,-22,-279,85,-65,-403,-357
131273,2,827,16545,-17,-276,90,-61,-409,-361
131287,14,821,16536,-22,-275,90,-64,-401,-362
131301,17,815,16551,-22,-278,86,-68,-402,-362
131315,21,822,16537,-22,-277,86,-67,-408,-363
131329,45,819,16545,-16,-279,89,-67,-405,-363
131343,18,811,16542,-14,-281,84,-63,-401,-365
131357,22,832,16542,-14,-278,90,-72,-403,-368
131371,-2,836,16538,-18,-279,90,-70,-400,-364
131385,4,825,16548,-17,-276,85,-67,-404,-362
131399,-4,833,16557,-14,-279,84,-76,-401,-362
131413,23,821,16529,-17,-280,83,-72,-404,-362
131427,3,824,16546,-17,-277,86,-69,-399,-364
131441,16,827,16556,-21,-277,87,-66,-408,-363
131455,41,827,16547,-13,-273,85,-70,-405,-363
131469,31,821,16548,-23,-280,84,-66,-406,-361
131483,33,828,16557,-20,-281,86,-66,-402,-363
131497,19,818,16550,-22,-276,87,-70,-403,-365
131511,17,825,16540,-17,-281,86,-70,-406,-359
131525,19,829,16536,-19,-282,88,-68,-402,-361
131539,-1,826,16555,-25,-279,86,-71,-401,-359
131553,7,833,16557,-18,-282,87,-67,-403,-361
131567,11,823,16557,-23,-282,87,-67,-409,-363
131581,19,828,16536,-23,-283,83,-73,-404,-354
131595,36,820,16545,-20,-279,89,-64,-407,-362
131609,43,824,16548,-19,-277,87,-65,-403,-360
131623,27,812,16545,-21,-283,84,-66,-408,-358
131637,28,816,16556,-14,-277,84,-69,-406,-364
131651,2,832,16534,-15,-274,88,-67,-408,-359
131665,17,832,16545,-15,-279,85,-65,-399,-359
131679,6,826,16553,-20,-281,85,-65,-402,-364
131693,-9,831,16553,-16,-278,86,-69,-401,-361
131707,25,820,16555,-25,-280,91,-71,-401,-360
131721,17,839,16534,-23,-282,90,-69,-399,-357
131735,45,817,16551,-22,-274,89,-64,-403,-356
131749,39,813,16552,-22,-278,88,-69,-401,-364
131763,38,821,16532,-20,-278,87,-68,-406,-361
131777,32,823,16545,-19,-281,85,-70,-409,-365
131791,21,819,16546,-21,-277,81,-65,-399,-363
131805,14,823,16541,-14,-280,82,-64,-401,-364
131819,22,821,16555,-20,-279,86,-68,-404,-365
131833,22,833,16547,-21,-280,88,-66,-405,-365
131847,18,823,16538,-17,-279,90,-69,-405,-363
131861,28,819,16535,-14,-279,89,-72,-401,-361
131875,18,821,16542,-16,-276,88,-69,-404,-356
131889,27,827,16543,-17,-275,85,-66,-401,-365
131903,43,827,16555,-22,-283,95,-66,-405,-360
131917,11,810,16553,-22,-278,87,-65,-404,-360
131931,18,808,16539,-22,-273,89,-74,-408,-362
131945,8,827,16525,-18,-281,88,-70,-403,-360
131959,17,823,16541,-18,-284,85,-65,-406,-366
131973,-1,828,16563,-20,-275,88,-65,-403,-363
131987,4,835,16547,-21,-280,87,-69,-406,-362
132001,37,827,16542,-19,-282,87,-67,-404,-361
132015,31,819,16543,-13,-279,88,-72,-406,-360
132029,44,825,16540,-22,-277,84,-70,-402,-361
132043,28,811,16539,-24,-275,87,-65,-407,-360
132057,30,811,16538,-20,-277,87,-68,-399,-356
132071,0,824,16548,-19,-276,85,-70,-402,-359
132085,16,809,16548,-18,-273,87,-67,-405,-369
132099,3,824,16548,-15,-275,87,-72,-404,-360
132113,2,840,16539,-16,-281,88,-67,-399,-364
132127,8,817,16533,-17,-277,84,-65,-404,-366
132141,42,819,16537,-19,-282,83,-66,-406,-362
132155,22,828,16528,-16,-273,88,-60,-405,-364
132169,35,817,16540,-16,-278,87,-65,-410,-357
132183,30,812,16546,-19,-276,87,-62,-406,-363
132197,29,813,16540,-17,-278,84,-70,-406,-362
132211,16,832,16530,-21,-279,85,-63,-401,-366
132225,254,830,16541,-15,-282,86,-62,-403,-364
132239,-1,831,16545,-17,-272,85,-64,-402,-363
132253,8,825,16544,-18,-274,88,-67,-407,-358
132267,3,834,16543,-17,-275,87,-62,-404,-359
132281,9,821,16536,-21,-281,85,-59,-406,-361
132295,41,818,16544,-24,-278,84,-63,-406,-364
132309,40,824,16553,-21,-281,93,-68,-407,-360
132323,29,821,16543,-23,-278,88,-64,-400,-356
132337,26,806,16549,-14,-280,84,-65,-407,-366
132351,19,817,16543,-18,-275,84,-68,-405,-355
132365,9,835,16544,-18,-278,84,-67,-405,-361
132379,22,824,16538,-19,-279,82,-62,-401,-360
132393,6,842,16537,-22,-276,85,-69,-400,-359
132407,12,825,16540,-20,-276,87,-66,-406,-360
132421,13,816,16547,-17,-275,86,-67,-404,-366
132435,24,826,16534,-16,-274,83,-68,-406,-359
132449,30,815,16543,-19,-277,85,-67,-405,-357
132463,25,823,16546,-19,-283,84,-59,-405,-356
132477,22,821,16532,-18,-280,89,-67,-405,-362
132491,15,832,16540,-22,-275,87,-69,-409,-366
132505,-8,825,16541,-16,-275,86,-66,-407,-365
132519,11,831,16551,-19,-278,87,-62,-404,-363
132533,-7,831,16541,-16,-283,94,-65,-403,-361
132547,24,822,16553,-16,-278,85,-66,-407,-363
132561,32,821,16542,-19,-276,88,-69,-408,-367
132575,27,813,16535,-16,-278,87,-66,-406,-360
132589,36,817,16540,-21,-273,88,-65,-405,-363
132603,31,822,16554,-24,-276,82,-67,-410,-363
132617,31,822,16527,-21,-274,87,-69,-404,-361
132631,24,824,16552,-26,-276,86,-65,-403,-358
132645,6,828,16553,-24,-277,87,-66,-409,-364
132659,-1,832,16540,-19,-286,85,-69,-405,-362
132673,12,828,16551,-19,-277,86,-68,-405,-361
132687,9,819,16533,-17,-278,87,-68,-407,-365
132701,20,817,16537,-18,-280,88,-65,-402,-365
132715,28,818,16550,-24,-280,85,-68,-404,-361
132729,35,821,16543,-19,-283,88,-67,-405,-362
132743,39,826,16542,-14,-279,84,-68,-404,-358
132757,32,815,16537,-17,-283,89,-68,-398,-362
132771,33,827,16536,-17,-279,84,-68,-403,-361
132785,12,828,16539,-24,-279,88,-67,-402,-364
132799,-3,822,16547,-18,-279,89,-59,-404,-362
132813,11,823,16558,-18,-283,90,-71,-403,-360
132827,20,826,16548,-16,-279,95,-72,-405,-365
132841,23,821,16534,-18,-274,89,-66,-407,-363
132855,24,825,16534,-17,-283,89,-63,-405,-365
132869,29,823,16539,-17,-284,87,-68,-407,-361
132883,33,812,16545,-23,-277,93,-65,-404,-362
132897,14,818,16544,-16,-279,89,-67,-404,-357
132911,31,819,16559,-18,-279,88,-69,-406,-361
132925,20,816,16542,-19,-281,88,-67,-404,-357
132939,15,839,16524,-18,-276,86,-64,-408,-366
132953,11,823,16557,-17,-274,87,-70,-407,-355
132967,9,823,16555,-21,-277,90,-67,-407,-360
132981,43,817,16551,-21,-274,92,-64,-406,-364
132995,25,819,16545,-20,-277,91,-65,-410,-363
133009,21,821,16531,-23,-277,87,-67,-403,-366
133023,38,811,16543,-19,-275,86,-71,-405,-365
133037,13,831,16531,-23,-277,86,-66,-403,-361
133051,24,833,16525,-19,-273,88,-70,-405,-364
133065,10,833,16541,-22,-280,86,-66,-409,-364
133079,10,821,16534,-20,-280,94,-64,-406,-363
133093,16,829,16551,-15,-280,87,-70,-407,-361
133107,18,827,16553,-16,-273,86,-66,-407,-362
133121,16,824,16536,-21,-277,88,-62,-404,-362
133135,27,819,16544,-20,-279,82,-63,-410,-363
133149,48,815,16545,-20,-279,90,-64,-406,-360
133163,20,814,16542,-19,-283,88,-62,-403,-357
133177,37,828,16540,-18,-278,85,-67,-402,-363
133191,14,822,16529,-18,-279,90,-67,-404,-370
133205,2,831,16542,-18,-279,88,-63,-404,-358
133219,-3,827,16551,-20,-280,87,-63,-411,-363
133233,10,829,16540,-22,-273,84,-69,-403,-362
133247,5,823,16536,-20,-279,86,-66,-401,-363
133261,15,823,16533,-22,-278,88,-66,-403,-360
133275,27,827,16528,-18,-277,85,-62,-404,-360
133289,32,819,16535,-17,-278,93,-68,-405,-365
133303,23,814,16548,-20,-277,89,-63,-401,-364
133317,27,824,16538,-21,-281,88,-63,-409,-358
133331,22,821,16529,-15,-281,85,-67,-404,-365
133345,6,833,16537,-17,-276,93,-62,-406,-364
133359,16,837,16533,-18,-282,88,-70,-402,-365
133373,16,823,16549,-18,-276,82,-68,-405,-360
133387,17,825,16554,-14,-277,85,-63,-405,-364
133401,17,823,16526,-18,-281,82,-66,-406,-363
133415,38,814,16544,-21,-276,86,-61,-403,-361
133429,29,817,16544,-18,-276,92,-62,-403,-365
133443,33,820,16532,-14,-277,87,-64,-403,-365
133457,24,818,16537,-22,-275,85,-71,-404,-363
133471,20,823,16544,-17,-276,87,-67,-406,-358
133485,30,834,16558,-18,-278,86,-68,-403,-363
133499,-1,818,16544,-23,-278,85,-62,-400,-365
133513,12,828,16532,-20,-283,81,-68,-400,-364
133527,12,819,16534,-22,-282,86,-68,-406,-364
133541,12,828,16526,-23,-280,88,-62,-407,-360
133555,19,825,16548,-20,-279,89,-69,-404,-361
133569,37,825,16545,-17,-277,86,-68,-404,-357
133583,20,822,16542,-17,-281,85,-66,-401,-359
133597,17,823,16543,-21,-284,85,-65,-404,-362
133611,31,819,16548,-20,-276,84,-64,-403,-359
133625,14,824,16548,-20,-272,90,-67,-400,-363
133639,6,826,16553,-15,-276,85,-70,-409,-362
133653,12,819,16546,-18,-275,82,-66,-408,-363
133667,23,825,16555,-17,-276,85,-72,-402,-363
133681,31,817,16562,-17,-276,81,-68,-403,-360
133695,43,818,16554,-17,-281,85,-67,-406,-357
133709,18,825,16545,-17,-280,87,-65,-403,-363
133723,23,812,16545,-24,-281,88,-67,-406,-355
133737,33,815,16555,-16,-279,87,-75,-404,-360
133751,15,821,16532,-17,-279,88,-66,-408,-365
133765,15,829,16565,-21,-282,84,-64,-399,-365
133779,11,831,16556,-18,-278,94,-69,-406,-366
133793,24,829,16543,-21,-279,91,-60,-402,-365
133807,8,835,16551,-20,-276,91,-67,-403,-362
133821,24,816,16551,-14,-277,90,-65,-402,-364
133835,28,830,16544,-15,-276,90,-65,-396,-359
133849,20,821,16550,-22,-276,91,-67,-399,-361
133863,24,811,16534,-17,-279,82,-62,-402,-361
133877,26,829,16548,-22,-278,86,-67,-405,-361
133891,23,837,16543,-20,-279,85,-67,-406,-364
133905,4,832,16555,-22,-272,92,-65,-401,-365
133919,10,829,16558,-19,-276,91,-69,-402,-362
133933,16,840,16549,-21,-273,86,-69,-398,-367
133947,2,815,16557,-16,-284,90,-64,-405,-360
133961,27,812,16548,-25,-281,89,-68,-401,-363
133975,24,828,16550,-22,-277,88,-68,-404,-362
133989,26,817,16542,-20,-276,88,-66,-402,-360
134003,28,814,16552,-18,-275,93,-67,-407,-369
134017,24,812,16553,-15,-277,83,-66,-399,-365
134031,31,821,16553,-19,-281,83,-69,-401,-362
134045,24,823,16549,-21,-275,83,-68,-407,-360
134059,8,810,16538,-18,-278,92,-66,-405,-363
134073,23,828,16545,-17,-280,90,-68,-403,-361
134087,24,830,16551,-20,-277,89,-64,-406,-365
134101,24,823,16547,-23,-277,93,-63,-404,-361
134115,37,828,16527,-16,-278,88,-70,-399,-357
134129,25,823,16540,-16,-274,86,-64,-401,-356
134143,32,815,16530,-21,-277,85,-71,-402,-365
134157,19,811,16543,-20,-282,89,-66,-403,-363
134171,3,815,16578,-24,-279,88,-70,-403,-362
134185,25,815,16558,-20,-277,83,-65,-397,-365
134199,9,834,16516,-16,-281,88,-67,-404,-362
134213,13,820,16555,-18,-275,88,-66,-403,-365
134227,24,825,16541,-20,-279,91,-67,-404,-362
134241,27,831,16555,-22,-276,83,-67,-404,-363
134255,22,833,16527,-18,-280,83,-69,-402,-357
134269,18,826,16535,-13,-282,88,-71,-400,-372
134283,19,819,16568,-22,-283,88,-64,-406,-364
134297,2,830,16575,-15,-279,84,-68,-400,-366
134311,6,812,16540,-16,-280,83,-65,-400,-365
134325,12,806,16544,-19,-274,83,-72,-400,-363
134339,34,824,16531,-14,-276,82,-67,-397,-363
134353,31,825,16556,-15,-274,83,-67,-402,-363
134367,35,827,16544,-13,-280,85,-62,-404,-363
134381,29,819,16539,-17,-282,85,-65,-407,-363
134395,6,813,16543,-21,-282,89,-67,-404,-363
134409,21,816,16555,-20,-277,89,-63,-399,-364
134423,8,820,16534,-20,-275,86,-67,-405,-365
134437,18,822,16532,-15,-275,88,-67,-399,-362
134451,6,824,16563,-18,-276,86,-69,-403,-362
134465,28,821,16552,-23,-277,87,-67,-406,-366
134479,30,829,16526,-16,-276,85,-68,-404,-362
134493,8,813,16548,-16,-278,83,-67,-407,-363
134507,9,821,16544,-22,-279,92,-68,-401,-361
134521,11,817,16538,-21,-280,87,-64,-402,-366
134535,10,829,16544,-13,-276,79,-73,-406,-362
134549,19,834,16553,-22,-280,84,-69,-401,-357
134563,7,829,16536,-15,-280,85,-70,-405,-364
134577,16,847,16539,-18,-278,85,-67,-401,-365
134591,25,823,16538,-21,-281,90,-65,-409,-367
134605,11,817,16539,-27,-278,87,-56,-405,-362
134619,18,804,16529,-20,-278,86,-62,-400,-364
134633,18,818,16564,-18,-279,85,-66,-400,-364
134647,30,819,16542,-18,-276,85,-66,-401,-362
134661,20,823,16550,-21,-281,88,-69,-405,-361
134675,18,825,16533,-16,-278,91,-61,-400,-354
134689,16,826,16547,-17,-279,87,-72,-400,-362
134703,12,814,16539,-17,-282,91,-64,-402,-363
134717,-6,816,16543,-19,-282,86,-66,-402,-363
134731,12,812,16537,-20,-281,89,-60,-404,-362
134745,18,822,16542,-21,-279,85,-62,-402,-366
134759,9,819,16546,-14,-278,84,-65,-405,-363
134773,25,823,16537,-14,-276,81,-66,-406,-360
134787,29,841,16528,-18,-281,91,-63,-397,-359
134801,26,819,16542,-20,-278,85,-65,-400,-364
134815,5,826,16585,-22,-276,88,-67,-403,-360
134829,3,802,16548,-9,-279,91,-67,-402,-364
134843,0,809,16523,-16,-272,87,-68,-401,-365
134857,32,821,16515,-15,-278,85,-65,-404,-365
134871,26,826,16560,-21,-279,85,-62,-400,-360
134885,27,834,16559,-21,-276,87,-65,-402,-363
134899,18,829,16513,-21,-281,85,-68,-404,-361
134913,23,816,16512,-21,-281,88,-66,-406,-363
134927,1,819,16564,-21,-281,85,-68,-401,-369
134941,14,804,16560,-21,-280,84,-66,-407,-362
134955,2,817,16544,-18,-280,83,-62,-402,-359
134969,6,822,16521,-20,-279,84,-65,-403,-364
134983,35,831,16535,-20,-282,89,-67,-404,-369
134997,30,832,16561,-18,-280,86,-66,-403,-364
135011,33,817,16532,-17,-276,87,-68,-400,-363
135025,18,818,16528,-19,-276,84,-68,-404,-364
135039,0,819,16549,-17,-279,86,-62,-402,-362
135053,9,811,16566,-21,-279,82,-64,-405,-361
135067,14,832,16525,-17,-281,85,-66,-404,-368
135081,37,814,16537,-15,-278,82,-70,-404,-361
135095,31,836,16546,-19,-276,86,-68,-405,-359
135109,32,825,16546,-20,-273,87,-66,-403,-362
135123,15,810,16539,-14,-278,89,-71,-403,-365
135137,20,823,16513,-16,-281,86,-64,-404,-362
135151,9,811,16547,-21,-279,87,-69,-404,-365
135165,11,816,16558,-26,-282,86,-65,-403,-359
135179,35,828,16531,-20,-282,86,-65,-408,-362
135193,10,827,16526,-17,-279,82,-67,-403,-358
135207,19,830,16546,-21,-277,90,-71,-407,-366
135221,18,812,16550,-22,-279,88,-67,-400,-364
135235,11,822,16535,-19,-279,84,-68,-409,-365
135249,9,799,16528,-16,-278,86,-68,-403,-365
135263,17,818,16549,-12,-283,86,-68,-402,-365
135277,12,815,16555,-19,-279,90,-66,-407,-357
135291,32,834,16550,-19,-286,83,-66,-401,-361
135305,32,826,16540,-20,-281,89,-65,-404,-358
135319,37,827,16550,-19,-276,84,-70,-402,-363
135333,17,830,16555,-21,-281,82,-67,-402,-361
135347,10,815,16534,-16,-279,85,-66,-405,-364
135361,6,805,16537,-15,-281,92,-69,-406,-361
135375,24,817,16543,-23,-279,86,-64,-408,-362
135389,31,823,16555,-22,-273,84,-64,-406,-363
135403,24,822,16552,-20,-276,85,-67,-403,-364
135417,28,821,16551,-22,-280,85,-69,-400,-367
135431,20,817,16545,-19,-274,88,-68,-402,-362
135445,5,821,16547,-21,-277,86,-69,-397,-360
135459,19,819,16532,-26,-278,83,-60,-399,-358
135473,7,824,16534,-14,-275,84,-66,-401,-364
135487,20,836,16544,-13,-281,87,-66,-401,-361
135501,19,838,16547,-16,-279,84,-67,-404,-359
135515,13,824,16523,-18,-274,87,-69,-401,-361
135529,5,832,16544,-12,-279,85,-66,-400,-368
135543,8,821,16555,-15,-281,85,-67,-397,-361
135557,22,805,16551,-21,-276,84,-69,-406,-362
135571,32,814,16526,-19,-277,89,-63,-405,-364
135585,23,818,16528,-20,-279,85,-61,-402,-359
135599,35,821,16534,-15,-279,85,-66,-400,-367
135613,14,840,16536,-18,-278,83,-65,-402,-367
135627,23,829,16535,-16,-272,83,-65,-403,-360
135641,10,822,16553,-18,-277,91,-71,-404,-363
135655,9,821,16539,-17,-272,87,-67,-404,-359
135669,11,829,16524,-23,-280,84,-68,-404,-360
135683,7,820,16534,-17,-278,82,-64,-400,-361
135697,39,828,16543,-13,-279,84,-73,-398,-366
135711,47,831,16556,-18,-276,87,-65,-402,-361
135725,16,822,16539,-18,-281,89,-65,-400,-363
135739,25,824,16533,-21,-276,85,-65,-405,-359
135753,1,814,16540,-13,-279,87,-65,-405,-364
135767,1,824,16549,-17,-282,90,-69,-403,-360
135781,7,826,16540,-23,-280,84,-70,-402,-362
135795,8,826,16537,-20,-279,87,-71,-404,-361
135809,13,823,16550,-17,-280,88,-66,-405,-364
135823,29,827,16546,-18,-279,86,-71,-406,-363
135837,25,823,16550,-18,-278,91,-68,-407,-360
135851,16,823,16552,-18,-279,89,-62,-398,-361
135865,20,810,16541,-25,-280,89,-63,-406,-366
135879,15,815,16538,-18,-277,88,-70,-397,-362
135893,9,811,16553,-19,-282,86,-66,-405,-364
135907,18,832,16550,-22,-280,86,-65,-399,-365
135921,22,819,16543,-22,-277,93,-65,-402,-362
135935,21,825,16543,-24,-277,88,-66,-404,-362
135949,2,820,16548,-21,-276,87,-70,-403,-366
135963,0,824,16548,-22,-276,85,-68,-400,-363
135977,19,815,16534,-21,-276,87,-66,-406,-362
135991,36,809,16537,-22,-277,92,-69,-407,-361
136005,25,820,16552,-16,-275,90,-63,-407,-357
136019,23,827,16518,-15,-274,92,-65,-406,-360
136033,17,822,16537,-18,-279,87,-66,-404,-360
136047,25,827,16566,-16,-279,88,-72,-402,-361
136061,11,824,16548,-17,-277,88,-68,-403,-362
136075,19,820,16526,-19,-282,84,-64,-406,-360
136089,5,806,16526,-19,-278,84,-68,-403,-360
136103,12,835,16555,-23,-274,89,-65,-399,-361
136117,27,829,16536,-22,-278,87,-67,-401,-364
136131,24,822,16522,-18,-282,81,-66,-404,-363
136145,35,828,16533,-17,-280,80,-60,-407,-367
136159,7,821,16562,-20,-279,89,-69,-401,-364
136173,16,830,16551,-18,-276,83,-65,-401,-367
136187,10,816,16518,-20,-277,86,-64,-403,-364
136201,18,824,16536,-20,-282,84,-68,-399,-364
136215,21,841,16540,-19,-278,89,-60,-409,-363
136229,22,835,16551,-25,-281,91,-64,-403,-362
136243,15,841,16548,-21,-278,84,-64,-398,-367
136257,23,828,16541,-24,-275,85,-63,-401,-363
136271,19,812,16542,-21,-281,84,-65,-401,-362
136285,17,808,16555,-13,-279,85,-69,-404,-360
136299,6,822,16553,-22,-270,85,-67,-399,-363
136313,10,826,16541,-24,-276,84,-68,-404,-361
136327,26,832,16547,-18,-284,83,-65,-403,-362
136341,27,836,16542,-17,-278,86,-65,-404,-364
136355,29,833,16546,-17,-273,86,-68,-407,-366
136369,10,809,16534,-20,-277,84,-71,-399,-362
136383,8,820,16533,-24,-272,85,-67,-407,-363
136397,32,829,16544,-21,-280,91,-65,-403,-362
136411,39,808,16531,-25,-273,87,-63,-404,-365
136425,27,838,16549,-11,-279,87,-70,-405,-364
136439,47,824,16535,-21,-275,80,-64,-402,-361
136453,19,826,16546,-19,-279,80,-73,-401,-363
136467,9,839,16530,-18,-277,86,-66,-406,-361
136481,9,819,16550,-18,-281,84,-68,-403,-361
136495,5,814,16551,-20,-280,85,-63,-403,-363
136509,12,814,16555,-16,-278,84,-63,-407,-363
136523,26,827,16540,-18,-276,83,-64,-400,-363
136537,29,832,16547,-14,-273,85,-63,-406,-358
136551,23,831,16550,-19,-279,86,-68,-403,-360
136565,16,819,16544,-24,-282,88,-66,-404,-361
136579,14,819,16521,-25,-279,81,-67,-402,-364
136593,23,808,16547,-11,-281,85,-65,-399,-365
136607,6,821,16548,-14,-279,84,-65,-402,-360
136621,14,836,16543,-15,-282,83,-69,-402,-359
136635,22,833,16551,-16,-279,87,-63,-398,-363
136649,27,826,16527,-20,-278,80,-61,-400,-362
136663,12,826,16527,-24,-283,84,-68,-400,-364
136677,21,826,16557,-20,-282,84,-67,-404,-365
136691,21,818,16534,-22,-279,85,-65,-402,-364
136705,22,815,16527,-21,-281,84,-60,-400,-363
136719,14,817,16543,-22,-279,87,-67,-402,-361
136733,31,813,16543,-22,-270,85,-64,-405,-362
136747,13,832,16544,-19,-278,90,-64,-399,-361
136761,3,825,16533,-27,-277,91,-63,-399,-365
136775,21,832,16528,-23,-277,88,-63,-404,-364
136789,-1,838,16527,-17,-280,84,-60,-400,-360
136803,7,815,16562,-20,-273,88,-69,-400,-363
136817,16,800,16537,-20,-280,86,-62,-407,-366
136831,29,815,16522,-24,-282,88,-66,-400,-358
136845,30,825,16548,-23,-279,87,-70,-401,-359
136859,22,828,16555,-15,-278,86,-67,-402,-357
136873,21,837,16536,-23,-275,88,-74,-403,-361
136887,-4,820,16526,-19,-277,85,-76,-400,-362
136901,5,820,16548,-20,-281,89,-65,-402,-364
136915,20,823,16561,-15,-276,86,-67,-396,-363
136929,-8,812,16561,-15,-276,85,-66,-401,-364
136943,12,820,16531,-24,-283,83,-65,-404,-362
136957,28,827,16539,-23,-280,85,-64,-405,-368
136971,37,829,16561,-12,-274,84,-69,-402,-361
136985,30,816,16531,-19,-279,85,-66,-402,-368
136999,10,827,16530,-22,-281,86,-70,-402,-362
137013,20,822,16533,-18,-276,85,-66,-402,-361
137027,-4,811,16544,-20,-277,81,-66,-403,-366
137041,-12,813,16543,-21,-276,85,-73,-403,-359
137055,13,819,16527,-15,-275,85,-66,-400,-362
137069,20,830,16528,-15,-285,86,-70,-405,-363
137083,29,826,16548,-20,-277,83,-58,-404,-363
137097,31,814,16535,-21,-276,83,-64,-404,-363
137111,42,811,16529,-16,-276,84,-68,-401,-360
137125,27,817,16550,-18,-275,89,-67,-402,-361
137139,21,818,16548,-21,-280,92,-69,-401,-364
137153,12,815,16530,-19,-278,87,-69,-403,-367
137167,11,816,16547,-20,-281,81,-66,-402,-362
137181,16,824,16544,-18,-275,83,-68,-404,-360
137195,8,828,16540,-16,-283,83,-70,-408,-359
137209,11,827,16541,-18,-280,87,-65,-401,-361
137223,17,817,16538,-18,-276,84,-70,-399,-363
137237,27,816,16545,-17,-278,86,-67,-401,-367
137251,22,807,16554,-19,-273,83,-70,-402,-370
137265,18,822,16555,-17,-277,85,-60,-405,-367
137279,25,822,16533,-16,-271,90,-69,-405,-364
137293,15,820,16541,-16,-279,90,-62,-404,-358
137307,23,813,16549,-17,-277,88,-63,-404,-360
137321,17,833,16546,-21,-278,87,-69,-402,-360
137335,6,820,16537,-22,-279,85,-66,-401,-362
137349,26,818,16543,-17,-282,84,-60,-402,-363
137363,27,805,16544,-17,-280,88,-69,-402,-361
137377,22,827,16549,-16,-282,87,-64,-410,-360
137391,25,828,16539,-13,-277,79,-63,-404,-364
137405,30,818,16536,-20,-277,88,-69,-405,-361
137419,26,833,16552,-20,-276,89,-66,-404,-371
137433,12,821,16552,-15,-277,86,-64,-400,-365
137447,7,820,16554,-17,-283,84,-62,-405,-364
137461,22,819,16534,-22,-282,93,-63,-403,-362
137475,27,821,16531,-19,-278,87,-69,-401,-364
137489,20,822,16560,-17,-278,83,-67,-407,-359
137503,29,832,16539,-20,-280,87,-72,-405,-358
137517,27,813,16529,-20,-275,83,-66,-405,-359
137531,22,810,16541,-17,-282,85,-66,-407,-359
137545,19,809,16554,-19,-277,93,-66,-403,-364
137559,13,820,16532,-18,-274,87,-65,-403,-364
137573,7,823,16535,-21,-274,83,-62,-407,-357
137587,14,824,16558,-21,-280,86,-64,-405,-358
137601,18,829,16551,-17,-277,85,-67,-397,-361
137615,16,818,16530,-19,-277,88,-63,-404,-360
137629,36,817,16542,-19,-279,89,-64,-403,-364
137643,29,823,16551,-20,-279,86,-65,-401,-360
137657,29,800,16548,-20,-283,88,-65,-404,-365
137671,20,816,16550,-22,-280,86,-70,-401,-363
137685,35,831,16541,-24,-280,89,-65,-405,-358
137699,11,828,16536,-20,-281,89,-63,-405,-368
137713,12,832,16551,-22,-277,93,-64,-403,-358
137727,5,822,16548,-19,-274,89,-64,-403,-359
137741,6,824,16556,-16,-281,89,-66,-400,-358
137755,16,813,16531,-20,-277,90,-64,-402,-361
137769,-1,822,16543,-19,-279,84,-67,-399,-361
137783,26,824,16543,-19,-277,90,-68,-408,-367
137797,22,832,16546,-16,-277,88,-64,-402,-369
137811,20,811,16549,-21,-279,86,-72,-401,-367
137825,29,827,16555,-19,-278,88,-66,-402,-362
137839,15,826,16530,-20,-278,89,-68,-405,-365
137853,21,845,16529,-17,-280,85,-65,-403,-358
137867,6,823,16541,-21,-277,88,-62,-401,-360
137881,-4,828,16555,-17,-279,84,-69,-405,-358
137895,2,817,16541,-11,-281,87,-60,-407,-364
137909,2,832,16523,-19,-278,83,-65,-401,-367
137923,29,810,16545,-20,-277,87,-62,-407,-363
137937,23,821,16534,-21,-278,85,-66,-404,-360
137951,22,820,16537,-16,-278,86,-63,-402,-362
137965,14,829,16537,-15,-281,92,-67,-403,-359
137979,5,823,16547,-21,-282,88,-65,-400,-363
137993,9,821,16548,-21,-272,87,-61,-406,-367
138007,11,824,16556,-16,-278,81,-63,-402,-360
138021,13,823,16537,-18,-281,89,-66,-401,-361
138035,14,819,16553,-14,-273,85,-66,-406,-362
138049,10,821,16549,-24,-276,88,-72,-405,-368
138063,29,817,16548,-16,-278,88,-66,-403,-357
138077,39,812,16538,-19,-278,86,-67,-403,-362
138091,24,818,16541,-18,-280,86,-64,-404,-363
138105,24,820,16536,-19,-276,88,-70,-403,-365
138119,25,811,16544,-15,-276,81,-63,-405,-365
138133,31,822,16540,-22,-278,87,-67,-406,-366
138147,6,830,16537,-19,-281,86,-67,-401,-361
138161,-5,829,16555,-20,-279,88,-65,-402,-359
138175,19,820,16540,-11,-280,87,-70,-403,-359
138189,11,808,16535,-14,-278,81,-66,-400,-365
138203,14,817,16532,-13,-280,86,-65,-402,-365
138217,24,818,16534,-18,-274,87,-69,-404,-361
138231,29,828,16553,-21,-281,92,-64,-402,-365
138245,7,824,16555,-19,-281,84,-68,-405,-364
138259,30,825,16559,-18,-281,82,-67,-400,-364
138273,8,826,16544,-20,-271,85,-70,-404,-359
138287,9,836,16559,-24,-279,83,-62,-402,-360
138301,6,824,16533,-17,-279,86,-66,-404,-360
138315,12,820,16543,-15,-279,87,-62,-397,-367
138329,8,810,16530,-20,-279,87,-62,-397,-361
138343,25,816,16538,-22,-274,86,-65,-400,-360
138357,12,819,16554,-15,-272,85,-66,-398,-361
138371,21,823,16548,-18,-276,85,-65,-407,-361
138385,24,812,16520,-15,-281,81,-65,-402,-359
138399,16,812,16539,-18,-281,87,-67,-404,-357
138413,6,814,16542,-18,-279,89,-70,-404,-362
138427,8,817,16535,-21,-279,89,-73,-408,-363
138441,14,823,16541,-23,-284,87,-64,-407,-363
138455,10,811,16535,-20,-277,87,-66,-409,-365
138469,13,824,16530,-20,-275,87,-68,-399,-366
138483,14,816,16555,-16,-282,88,-64,-401,-368
138497,21,819,16531,-18,-277,85,-72,-404,-365
138511,34,808,16535,-14,-275,85,-68,-403,-363
138525,21,811,16557,-17,-281,86,-70,-405,-361
138539,24,826,16535,-22,-278,91,-69,-405,-358
138553,8,821,16533,-17,-280,87,-67,-406,-361
138567,4,830,16548,-16,-281,87,-60,-400,-368
138581,1,815,16548,-19,-280,88,-68,-408,-361
138595,25,818,16538,-17,-281,82,-62,-403,-360
138609,21,822,16533,-18,-282,85,-65,-405,-360
138623,17,823,16544,-17,-277,89,-66,-401,-360
138637,21,823,16541,-17,-278,87,-72,-404,-356
138651,1,818,16537,-15,-275,87,-70,-402,-362
138665,23,818,16545,-16,-281,85,-66,-402,-363
138679,-1,819,16550,-15,-278,86,-67,-402,-363
138693,15,824,16545,-18,-276,87,-66,-407,-368
138707,22,831,16547,-23,-278,86,-67,-405,-369
138721,10,820,16552,-18,-280,87,-70,-403,-361
138735,15,829,16525,-21,-277,89,-69,-410,-368
138749,19,831,16555,-16,-278,82,-70,-403,-360
138763,26,823,16562,-13,-281,85,-67,-397,-360
138777,34,808,16534,-13,-277,83,-63,-400,-365
138791,27,820,16538,-16,-279,85,-66,-405,-362
138805,20,817,16546,-17,-274,87,-64,-404,-365
138819,19,823,16530,-20,-270,87,-67,-402,-361
138833,20,826,16558,-16,-277,87,-71,-402,-363
138847,1,823,16547,-23,-280,89,-69,-398,-364
138861,19,821,16537,-20,-277,91,-65,-400,-361
138875,7,825,16538,-20,-279,89,-67,-410,-367
138889,16,814,16545,-14,-277,89,-67,-403,-360
138903,17,807,16537,-19,-279,89,-65,-408,-360
138917,16,815,16545,-17,-283,88,-68,-407,-363
138931,20,835,16540,-21,-281,86,-68,-403,-363
138945,28,822,16529,-19,-278,86,-68,-403,-359
138959,26,824,16557,-18,-276,86,-64,-406,-366
138973,19,816,16546,-15,-275,86,-68,-401,-363
138987,15,837,16553,-16,-280,87,-66,-400,-359
139001,15,825,16530,-19,-279,82,-67,-403,-358
139015,6,834,16544,-21,-279,83,-63,-399,-363
139029,40,823,16542,-26,-283,88,-66,-401,-360
139043,25,807,16542,-22,-282,84,-67,-406,-362
139057,21,813,16535,-24,-278,90,-63,-407,-360
139071,24,824,16527,-22,-278,88,-68,-404,-362
139085,25,823,16542,-18,-281,86,-64,-405,-362
139099,24,822,16556,-24,-278,85,-71,-409,-366
139113,12,826,16544,-19,-280,92,-65,-405,-361
139127,16,826,16560,-21,-277,86,-62,-404,-359
139141,4,831,16539,-21,-276,84,-64,-404,-365
139155,4,826,16540,-19,-283,83,-66,-403,-362
139169,18,820,16534,-18,-283,86,-60,-406,-363
139183,20,818,16537,-16,-285,91,-63,-404,-367
139197,23,829,16545,-23,-281,89,-62,-403,-362
139211,22,838,16534,-17,-279,90,-66,-400,-360
139225,20,816,16544,-17,-275,88,-67,-406,-360
139239,27,826,16544,-17,-277,84,-59,-404,-367
139253,8,819,16532,-17,-280,90,-66,-405,-361
139267,8,815,16534,-25,-277,94,-65,-408,-358
139281,12,825,16538,-18,-282,89,-66,-408,-359
139295,7,823,16553,-17,-284,83,-67,-404,-367
139309,17,833,16540,-21,-280,90,-65,-397,-362
139323,13,816,16552,-19,-280,86,-65,-400,-361
139337,16,815,16542,-19,-271,88,-69,-403,-361
139351,18,821,16548,-20,-276,91,-66,-402,-367
139365,21,827,16528,-15,-282,84,-62,-405,-361
139379,19,815,16523,-19,-279,86,-68,-403,-368
139393,4,824,16541,-16,-277,88,-72,-404,-364
139407,14,830,16542,-18,-275,85,-67,-403,-363
139421,5,828,16546,-16,-281,81,-66,-405,-360
139435,14,818,16557,-16,-281,85,-64,-405,-366
139449,27,824,16539,-18,-278,79,-71,-404,-358
139463,7,816,16543,-19,-279,85,-70,-399,-356
139477,36,824,16538,-19,-284,87,-73,-405,-359
139491,27,826,16543,-19,-278,87,-70,-407,-363
139505,27,824,16537,-23,-279,85,-70,-407,-365
139519,21,835,16551,-19,-276,88,-64,-410,-360
139533,8,831,16543,-19,-279,84,-64,-405,-358
139547,8,826,16552,-21,-280,89,-69,-402,-364
139561,12,825,16548,-22,-282,87,-67,-406,-362
139575,14,824,16551,-20,-279,83,-62,-400,-362
139589,26,814,16532,-21,-281,85,-67,-403,-361
139603,25,819,16536,-21,-277,81,-68,-402,-362
139617,20,823,16540,-20,-281,88,-61,-403,-363
139631,21,831,16543,-16,-280,84,-62,-403,-362
139645,3,831,16553,-14,-279,90,-70,-404,-366
139659,14,816,16522,-17,-280,87,-65,-401,-360
139673,25,825,16554,-17,-277,87,-61,-402,-361
139687,19,832,16531,-21,-279,89,-65,-401,-356
139701,-6,827,16501,-18,-282,89,-65,-403,-361
139715,14,838,16589,-19,-281,84,-66,-407,-361
139729,25,838,16562,-18,-278,83,-68,-407,-362
139743,33,828,16523,-19,-280,86,-68,-406,-361
139757,17,814,16557,-21,-275,90,-61,-408,-358
139771,30,813,16524,-14,-277,84,-63,-401,-366
139785,6,812,16532,-18,-275,85,-63,-407,-362
139799,17,823,16547,-18,-279,88,-68,-397,-364
139813,17,819,16522,-17,-276,81,-64,-405,-360
139827,27,829,16567,-22,-283,84,-64,-403,-361
139841,-1,828,16561,-24,-280,84,-65,-400,-361
139855,1,843,16546,-21,-275,89,-65,-404,-366
139869,11,823,16529,-23,-280,90,-67,-407,-367
139883,14,809,16561,-20,-280,85,-65,-396,-370
139897,20,814,16537,-14,-279,86,-70,-404,-366
139911,22,828,16539,-16,-281,81,-63,-403,-363
139925,22,825,16542,-19,-280,80,-68,-403,-360
139939,14,841,16539,-20,-277,82,-68,-402,-358
139953,7,828,16563,-15,-280,82,-63,-403,-369
139967,-5,822,16551,-22,-274,86,-65,-404,-361
139981,-2,829,16539,-16,-280,87,-64,-401,-364
139995,12,819,16524,-16,-280,85,-59,-399,-363
140009,3,825,16560,-17,-276,91,-70,-399,-364
140023,13,819,16552,-15,-279,85,-69,-403,-358
140037,33,829,16546,-16,-279,83,-64,-401,-364
140051,25,816,16535,-17,-279,84,-67,-402,-357
140065,27,823,16559,-16,-281,84,-63,-400,-360
140079,32,815,16519,-14,-277,81,-67,-404,-360
140093,13,822,16522,-14,-275,85,-64,-406,-362
140107,18,814,16527,-15,-274,88,-65,-402,-361
140121,8,833,16528,-21,-280,86,-66,-401,-359
140135,21,830,16553,-25,-280,86,-68,-404,-359
140149,26,829,16547,-18,-276,90,-69,-404,-366
140163,28,818,16534,-18,-277,86,-70,-405,-359
140177,23,815,16567,-22,-281,87,-61,-403,-362
140191,19,809,16558,-17,-278,89,-68,-409,-357
140205,14,811,16521,-22,-279,88,-67,-402,-358
140219,21,818,16540,-18,-283,85,-58,-403,-364
140233,31,828,16560,-20,-279,85,-68,-408,-356
140247,20,824,16542,-19,-279,86,-65,-400,-363
140261,10,822,16547,-16,-282,84,-69,-405,-362
140275,8,819,16551,-15,-274,90,-63,-399,-357
140289,23,828,16542,-21,-277,84,-74,-401,-362
140303,25,817,16529,-18,-281,84,-65,-402,-366
140317,7,823,16536,-21,-283,84,-64,-403,-361
140331,15,821,16520,-21,-284,81,-65,-406,-366
140345,32,828,16539,-19,-283,86,-67,-404,-365
140359,24,830,16553,-16,-279,87,-68,-403,-363
140373,13,829,16547,-16,-270,88,-66,-411,-356
140387,20,824,16552,-20,-276,89,-75,-402,-369
140401,26,811,16541,-16,-280,87,-70,-400,-362
140415,12,811,16541,-18,-279,86,-64,-404,-365
140429,14,819,16557,-21,-278,87,-66,-405,-361
140443,6,821,16551,-19,-275,81,-75,-409,-361
140457,14,827,16536,-20,-275,84,-60,-402,-361
140471,23,830,16539,-16,-275,88,-62,-403,-360
140485,14,822,16548,-16,-275,90,-62,-403,-363
140499,14,813,16529,-17,-275,89,-70,-404,-364
140513,15,814,16527,-15,-279,87,-60,-405,-363
140527,13,819,16551,-21,-280,88,-68,-406,-362
140541,16,821,16540,-21,-276,89,-66,-401,-363
140555,18,828,16540,-22,-276,85,-70,-397,-358
140569,12,823,16540,-25,-278,85,-67,-409,-359
140583,11,815,16532,-17,-283,83,-64,-403,-361
140597,28,819,16545,-19,-277,90,-64,-407,-361
140611,22,817,16539,-16,-275,88,-61,-399,-367
140625,20,817,16532,-22,-278,84,-66,-402,-359
140639,23,825,16552,-19,-275,92,-65,-400,-364
140653,11,821,16543,-14,-278,88,-69,-399,-363
140667,27,834,16532,-21,-276,85,-66,-402,-362
140681,37,834,16543,-21,-280,84,-68,-405,-365
140695,13,817,16539,-18,-280,85,-63,-407,-356
140709,23,809,16526,-17,-276,82,-66,-399,-365
140723,17,819,16553,-19,-279,88,-66,-403,-355
140737,20,821,16557,-14,-281,89,-64,-406,-359
140751,22,817,16540,-21,-278,86,-67,-406,-364
140765,28,827,16536,-23,-279,85,-65,-403,-366
140779,19,823,16552,-18,-279,86,-66,-406,-366
140793,16,825,16534,-13,-281,88,-63,-405,-361
140807,19,816,16559,-15,-280,86,-63,-405,-360
140821,2,824,16532,-19,-276,82,-65,-401,-366
140835,15,814,16512,-20,-281,82,-66,-396,-362
140849,13,831,16559,-21,-281,86,-65,-403,-365
140863,17,833,16551,-18,-281,86,-71,-404,-366
140877,35,808,16530,-14,-278,82,-66,-408,-367
140891,26,821,16551,-17,-277,83,-74,-397,-357
140905,5,809,16539,-14,-280,85,-63,-403,-367
140919,18,820,16559,-21,-283,93,-70,-399,-365
140933,5,822,16534,-22,-278,88,-69,-406,-361
140947,0,817,16529,-18,-276,84,-71,-404,-363
140961,19,832,16529,-24,-276,85,-68,-403,-363
140975,11,832,16555,-19,-273,85,-65,-400,-360
140989,21,831,16546,-18,-278,83,-70,-399,-361
141003,22,821,16535,-17,-281,86,-67,-408,-371
141017,35,827,16547,-17,-281,87,-65,-404,-359
141031,25,817,16538,-14,-274,87,-64,-404,-363
141045,1,826,16548,-15,-280,88,-68,-406,-362
141059,2,819,16534,-19,-281,88,-67,-408,-365
141073,6,831,16534,-19,-275,81,-69,-404,-359
141087,-3,824,16547,-17,-280,84,-69,-401,-362
141101,10,826,16540,-15,-279,83,-67,-396,-364
141115,19,819,16546,-15,-280,84,-62,-406,-365
141129,17,812,16532,-19,-280,83,-66,-406,-363
141143,14,816,16545,-16,-280,84,-62,-401,-358
141157,10,810,16537,-14,-278,87,-64,-402,-358
141171,22,814,16546,-15,-277,84,-71,-403,-363
141185,25,808,16543,-18,-278,87,-69,-404,-363
141199,24,820,16544,-19,-280,90,-66,-401,-363
141213,10,825,16561,-20,-280,88,-71,-400,-364
141227,20,827,16526,-19,-278,84,-61,-404,-363
141241,6,815,16536,-18,-279,84,-66,-402,-360
141255,11,825,16558,-22,-275,85,-65,-402,-364
141269,13,828,16513,-17,-276,87,-68,-401,-359
141283,21,826,16560,-17,-281,82,-67,-405,-364
141297,24,829,16546,-18,-276,87,-68,-402,-360
141311,21,817,16529,-21,-278,88,-64,-401,-354
141325,19,826,16553,-20,-281,89,-68,-401,-362
141339,16,831,16543,-23,-278,83,-66,-403,-361
141353,8,814,16524,-15,-277,86,-70,-404,-361
141367,7,823,16542,-18,-279,87,-60,-403,-366
141381,7,827,16532,-18,-280,92,-71,-405,-362
141395,10,832,16535,-19,-279,91,-66,-403,-361
141409,22,822,16570,-19,-275,91,-59,-400,-363
141423,34,832,16532,-18,-282,84,-61,-408,-362
141437,23,824,16536,-19,-284,83,-66,-402,-358
141451,20,815,16554,-16,-275,86,-66,-402,-358
141465,13,813,16530,-20,-277,83,-66,-405,-360
141479,3,834,16563,-14,-280,90,-64,-405,-364
141493,12,836,16579,-17,-278,87,-62,-404,-364
141507,20,826,16524,-20,-277,82,-70,-400,-360
141521,16,833,16549,-19,-278,85,-67,-401,-361
141535,15,817,16538,-11,-278,84,-68,-407,-363
141549,26,815,16521,-18,-279,83,-67,-404,-358
141563,36,815,16567,-20,-283,84,-65,-407,-364
141577,22,812,16535,-14,-277,86,-61,-404,-370
141591,20,817,16545,-17,-283,86,-70,-399,-359
141605,16,822,16558,-18,-278,85,-68,-406,-363
141619,19,827,16524,-15,-283,90,-65,-406,-359
141633,11,819,16508,-22,-278,87,-65,-400,-361
141647,19,832,16540,-15,-278,85,-70,-405,-362
141661,12,812,16541,-13,-277,83,-63,-405,-364
141675,7,814,16539,-17,-280,86,-65,-406,-359
141689,2,812,16556,-19,-281,85,-64,-402,-365
141703,23,814,16561,-13,-277,84,-64,-408,-360
141717,26,834,16542,-19,-281,85,-58,-405,-357
141731,24,823,16571,-19,-279,89,-63,-401,-359
141745,27,833,16517,-19,-282,84,-69,-405,-355
141759,21,819,16530,-15,-279,83,-62,-397,-364
141773,8,834,16571,-21,-276,84,-67,-404,-365
141787,34,816,16538,-21,-281,89,-67,-399,-363
141801,23,822,16549,-15,-280,83,-73,-401,-363
141815,12,829,16571,-22,-282,89,-62,-403,-363
141829,15,834,16525,-21,-278,87,-65,-401,-365
141843,30,825,16540,-22,-276,84,-66,-404,-361
141857,17,813,16537,-18,-276,85,-65,-397,-366
141871,7,801,16518,-17,-278,86,-67,-405,-363
141885,21,821,16567,-18,-280,84,-65,-399,-362
141899,23,813,16541,-24,-280,90,-65,-405,-359
141913,5,829,16529,-16,-282,86,-65,-405,-359
141927,5,822,16566,-13,-279,88,-68,-398,-361
141941,10,817,16531,-18,-279,85,-65,-401,-359
141955,19,826,16535,-18,-277,85,-66,-406,-361
141969,31,812,16565,-24,-280,85,-71,-405,-361
141983,15,822,16538,-18,-283,89,-65,-402,-360
141997,11,823,16550,-21,-281,85,-65,-402,-367
142011,20,824,16567,-22,-280,87,-67,-406,-365
142025,17,832,16527,-19,-281,88,-60,-406,-357
142039,19,830,16535,-15,-280,87,-62,-402,-363
142053,14,829,16541,-17,-276,85,-66,-405,-359
142067,15,819,16527,-17,-280,86,-68,-407,-367
142081,23,820,16524,-16,-278,84,-67,-404,-361
142095,19,812,16557,-17,-280,89,-64,-401,-359
142109,9,817,16527,-19,-280,85,-64,-408,-362
142123,17,828,16531,-18,-278,85,-73,-404,-364
142137,33,822,16557,-15,-278,87,-59,-402,-365
142151,25,814,16507,-21,-284,87,-68,-401,-362
142165,0,825,16537,-23,-280,84,-69,-405,-365
142179,12,813,16531,-15,-283,84,-68,-406,-364
142193,11,825,16517,-20,-283,87,-64,-409,-363
142207,9,820,16568,-21,-274,87,-68,-401,-358
142221,5,831,16563,-15,-279,88,-65,-404,-366
142235,18,822,16517,-16,-277,84,-66,-404,-360
142249,27,807,16564,-15,-274,92,-65,-407,-365
142263,12,821,16537,-17,-278,89,-63,-405,-363
142277,31,818,16516,-26,-277,83,-66,-398,-357
142291,21,815,16562,-22,-276,87,-65,-410,-364
142305,10,821,16553,-20,-276,88,-67,-402,-366
142319,17,823,16530,-15,-275,87,-65,-404,-362
142333,17,828,16565,-17,-277,90,-65,-408,-365
142347,16,826,16526,-20,-278,86,-67,-407,-368
142361,19,824,16515,-23,-272,89,-67,-405,-366
142375,12,823,16560,-17,-276,86,-64,-401,-363
142389,22,817,16511,-17,-281,83,-64,-401,-362
142403,14,818,16549,-18,-273,84,-67,-410,-365
142417,14,828,16576,-17,-283,82,-63,-402,-366
142431,5,823,16514,-14,-279,84,-64,-405,-363
142445,32,824,16544,-18,-277,86,-71,-403,-363
142459,8,820,16562,-22,-282,83,-65,-404,-360
142473,17,839,16519,-18,-276,85,-68,-404,-369
142487,11,820,16565,-16,-278,89,-64,-405,-364
142501,14,821,16562,-17,-278,87,-70,-403,-364
142515,15,829,16514,-19,-283,90,-65,-403,-363
142529,14,814,16554,-15,-275,90,-61,-404,-362
142543,13,813,16552,-24,-283,87,-61,-405,-364
142557,30,817,16528,-21,-282,84,-67,-402,-365
142571,34,822,16536,-15,-278,87,-66,-398,-366
142585,17,824,16536,-19,-280,91,-67,-401,-359
142599,23,829,16515,-17,-275,84,-67,-404,-359
142613,8,827,16555,-21,-277,87,-69,-400,-360
142627,12,818,16549,-17,-274,88,-63,-403,-366
142641,24,838,16523,-22,-272,83,-66,-403,-363
142655,14,821,16568,-14,-276,86,-67,-404,-359
142669,22,834,16543,-22,-279,86,-67,-403,-359
142683,24,827,16539,-22,-276,89,-64,-406,-365
142697,26,830,16570,-23,-282,89,-59,-409,-361
142711,33,806,16533,-21,-279,90,-66,-405,-360
142725,16,823,16553,-17,-277,85,-67,-407,-360
142739,15,834,16555,-17,-280,82,-68,-408,-364
142753,14,832,16528,-20,-279,85,-59,-405,-357
142767,29,818,16536,-22,-281,88,-67,-402,-359
142781,11,829,16554,-23,-278,86,-67,-403,-357
142795,19,812,16518,-14,-277,90,-64,-404,-361
142809,18,820,16548,-18,-281,87,-66,-401,-362
142823,17,828,16557,-22,-281,86,-66,-406,-360
142837,22,814,16537,-14,-278,86,-62,-401,-360
142851,18,809,16544,-18,-279,86,-68,-400,-360
142865,19,825,16546,-21,-277,84,-73,-402,-361
142879,16,818,16522,-16,-275,85,-67,-404,-360
142893,21,823,16542,-19,-281,85,-71,-403,-364
142907,19,816,16565,-21,-276,84,-63,-409,-362
142921,20,817,16524,-16,-277,84,-67,-398,-359
142935,11,827,16556,-17,-285,88,-62,-404,-362
142949,29,827,16519,-24,-277,80,-63,-409,-366
142963,38,823,16522,-23,-279,84,-63,-405,-359
142977,31,825,16551,-21,-280,84,-60,-403,-361
142991,22,815,16537,-15,-278,87,-71,-401,-363
143005,17,833,16532,-18,-275,89,-65,-407,-360
143019,3,819,16552,-14,-280,86,-66,-405,-360
143033,19,824,16563,-17,-281,86,-65,-405,-364
143047,18,827,16531,-19,-280,85,-66,-404,-361
143061,7,818,16566,-18,-275,89,-66,-406,-365
143075,12,825,16530,-19,-277,87,-64,-406,-357
143089,28,812,16529,-15,-279,87,-70,-410,-359
143103,22,820,16551,-22,-278,86,-64,-402,-363
143117,30,825,16526,-16,-282,88,-68,-400,-363
143131,11,826,16550,-24,-279,87,-65,-405,-361
143145,16,820,16560,-17,-281,82,-65,-406,-359
143159,18,827,16536,-21,-280,84,-60,-402,-362
143173,15,825,16534,-22,-280,87,-68,-402,-362
143187,-3,827,16548,-18,-271,84,-65,-405,-364
143201,17,821,16526,-17,-279,87,-60,-406,-364
143215,8,830,16570,-17,-280,86,-67,-399,-358
143229,19,833,16551,-15,-278,88,-64,-404,-362
143243,22,826,16512,-18,-278,90,-62,-406,-361
143257,10,814,16560,-17,-281,81,-64,-400,-363
143271,2,827,16539,-13,-273,81,-66,-402,-363
143285,16,824,16524,-15,-278,81,-66,-408,-363
143299,24,823,16549,-18,-277,90,-68,-401,-359
143313,15,827,16547,-17,-277,85,-63,-403,-357
143327,10,820,16538,-19,-281,91,-65,-413,-356
143341,4,818,16567,-18,-274,89,-68,-406,-357
143355,9,818,16517,-20,-276,88,-63,-403,-364
143369,10,830,16516,-18,-275,82,-67,-402,-363
143383,12,826,16549,-15,-280,86,-62,-407,-362
143397,29,826,16540,-19,-279,90,-70,-399,-364
143411,17,824,16520,-20,-281,89,-66,-406,-362
143425,13,829,16552,-17,-271,88,-66,-398,-363
143439,1,828,16546,-20,-280,85,-61,-401,-363
143453,10,824,16529,-26,-275,86,-68,-410,-360
143467,5,827,16551,-20,-275,89,-67,-403,-361
143481,24,834,16534,-19,-280,87,-66,-403,-360
143495,16,817,16532,-19,-277,88,-68,-405,-362
143509,22,806,16556,-17,-277,82,-61,-409,-358
143523,27,825,16529,-18,-276,87,-68,-403,-360
143537,25,812,16558,-19,-276,84,-63,-402,-359
143551,6,817,16572,-16,-281,92,-66,-403,-364
143565,6,826,16509,-17,-276,94,-66,-407,-362
143579,14,819,16556,-25,-275,89,-69,-406,-363
143593,25,825,16538,-24,-283,88,-62,-400,-370
143607,11,818,16531,-22,-280,90,-70,-404,-362
143621,20,822,16570,-21,-274,84,-65,-403,-360
143635,16,824,16549,-16,-279,85,-66,-402,-368
143649,18,820,16529,-15,-279,81,-73,-402,-366
143663,24,823,16557,-16,-280,80,-63,-397,-363
143677,19,817,16530,-10,-278,87,-65,-405,-363
143691,20,821,16524,-12,-278,83,-64,-406,-365
143705,25,819,16569,-20,-277,83,-67,-402,-362
143719,18,816,16557,-20,-280,83,-66,-405,-370
143733,1,834,16538,-22,-283,87,-66,-401,-363
143747,15,820,16568,-19,-281,88,-67,-406,-363
143761,6,822,16521,-18,-283,84,-64,-403,-364
143775,16,822,16534,-25,-281,85,-67,-405,-361
143789,12,828,16550,-19,-277,87,-65,-402,-364
143803,17,823,16534,-16,-278,89,-68,-411,-364
143817,16,829,16560,-18,-277,94,-68,-408,-358
143831,6,818,16563,-19,-278,92,-59,-407,-367
143845,18,817,16544,-19,-277,88,-63,-405,-366
143859,22,820,16559,-19,-278,91,-61,-404,-364
143873,8,825,16568,-17,-273,86,-67,-401,-364
143887,18,829,16533,-13,-282,87,-61,-407,-362
143901,13,825,16537,-17,-277,88,-66,-405,-357
143915,13,820,16544,-22,-278,87,-63,-402,-366
143929,26,827,16522,-18,-279,86,-66,-399,-366
143943,7,821,16556,-22,-276,85,-70,-405,-364
143957,8,828,16546,-20,-278,86,-60,-402,-358
143971,2,819,16530,-19,-280,86,-66,-399,-361
143985,14,812,16559,-19,-275,88,-66,-402,-366
143999,10,822,16534,-15,-280,93,-69,-406,-363
144013,18,818,16523,-20,-278,90,-59,-401,-368
144027,19,811,16563,-18,-278,85,-69,-399,-363
144041,19,826,16548,-18,-279,85,-69,-401,-361
144055,25,824,16533,-16,-282,86,-69,-405,-365
144069,34,817,16545,-16,-281,89,-66,-404,-362
144083,21,818,16522,-21,-275,87,-67,-409,-364
144097,19,817,16530,-15,-279,83,-65,-406,-361
144111,27,831,16561,-17,-280,83,-62,-404,-361
144125,20,818,16533,-16,-279,86,-66,-407,-363
144139,4,822,16535,-21,-275,86,-65,-403,-361
144153,12,814,16571,-17,-281,90,-65,-402,-358
144167,12,821,16511,-16,-278,86,-65,-401,-362
144181,13,820,16541,-14,-278,85,-63,-406,-363
144195,17,803,16540,-17,-277,88,-68,-400,-362
144209,30,824,16534,-21,-276,82,-68,-404,-365
144223,16,831,16554,-21,-273,82,-62,-405,-364
144237,20,822,16567,-22,-280,82,-66,-408,-361
144251,26,830,16523,-18,-275,86,-64,-407,-369
144265,5,817,16549,-19,-277,85,-59,-404,-364
144279,2,826,16539,-15,-283,82,-68,-405,-363
144293,7,830,16524,-24,-278,83,-67,-405,-363
144307,11,818,16549,-22,-279,80,-67,-401,-361
144321,14,820,16533,-19,-276,86,-64,-403,-363
144335,7,828,16511,-16,-280,86,-64,-410,-366
144349,20,821,16560,-18,-276,85,-68,-404,-364
144363,22,805,16544,-22,-279,90,-68,-403,-362
144377,26,822,16517,-22,-280,84,-65,-403,-359
144391,10,815,16570,-19,-282,86,-64,-404,-364
144405,33,820,16532,-20,-275,88,-64,-403,-361
144419,26,824,16524,-21,-276,90,-64,-406,-367
144433,28,832,16555,-22,-281,86,-70,-404,-363
144447,12,828,16538,-23,-274,86,-63,-400,-365
144461,26,811,16537,-17,-281,83,-66,-401,-362
144475,29,819,16573,-19,-279,86,-65,-404,-362
144489,28,821,16537,-17,-280,87,-65,-408,-363
144503,27,817,16521,-17,-280,88,-67,-401,-366
144517,20,825,16550,-15,-283,89,-63,-406,-361
144531,15,825,16531,-19,-277,89,-62,-405,-364
144545,18,817,16526,-18,-282,90,-68,-407,-363
144559,26,814,16555,-18,-279,84,-68,-408,-358
144573,13,816,16528,-16,-280,84,-63,-403,-359
144587,16,811,16542,-19,-278,90,-61,-401,-357
144601,22,830,16545,-22,-286,92,-67,-406,-359
144615,20,819,16537,-19,-277,86,-68,-404,-365
144629,18,828,16559,-24,-282,87,-65,-403,-364
144643,11,816,16556,-16,-274,87,-66,-403,-362
144657,15,813,16516,-18,-276,85,-66,-400,-365
144671,18,826,16541,-18,-277,86,-66,-402,-364
144685,18,815,16511,-17,-279,83,-64,-406,-360
144699,4,821,16524,-17,-278,82,-68,-409,-360
144713,25,833,16557,-17,-278,89,-69,-408,-366
144727,24,819,16533,-19,-277,88,-64,-405,-359
144741,26,826,16525,-19,-278,88,-65,-407,-362
144755,12,817,16562,-16,-278,84,-65,-402,-360
144769,30,835,16543,-22,-279,89,-61,-399,-363
144783,29,835,16540,-17,-277,92,-65,-404,-361
144797,24,809,16559,-22,-283,86,-65,-401,-360
144811,23,819,16509,-20,-275,89,-67,-403,-365
144825,27,824,16527,-21,-279,88,-70,-400,-363
144839,14,821,16548,-19,-279,88,-70,-401,-364
144853,7,830,16528,-17,-277,91,-65,-405,-364
144867,14,821,16559,-24,-275,87,-62,-406,-362
144881,13,817,16551,-17,-281,87,-68,-402,-359
144895,31,824,16526,-20,-283,91,-66,-408,-360
144909,6,829,16542,-22,-281,91,-61,-404,-362
144923,21,830,16550,-17,-275,83,-69,-405,-364
144937,20,822,16530,-22,-280,86,-63,-404,-359
144951,26,823,16548,-23,-280,87,-65,-404,-362
144965,18,808,16551,-18,-276,90,-62,-400,-361
144979,15,813,16528,-23,-279,91,-61,-406,-358
144993,21,826,16558,-24,-275,90,-72,-407,-364
145007,19,821,16530,-17,-279,82,-67,-408,-359
145021,14,822,16525,-17,-279,85,-69,-403,-356
145035,23,818,16556,-20,-280,87,-67,-406,-358
145049,28,822,16551,-12,-277,85,-64,-403,-360
145063,19,814,16525,-23,-283,85,-63,-402,-361
145077,26,814,16557,-17,-276,84,-70,-401,-363
145091,18,834,16533,-19,-279,88,-63,-402,-367
145105,35,809,16546,-20,-275,82,-68,-401,-362
145119,9,823,16551,-17,-276,81,-64,-403,-361
145133,11,825,16525,-20,-279,82,-67,-401,-362
145147,14,832,16550,-23,-283,89,-64,-404,-354
145161,2,833,16568,-21,-273,88,-65,-403,-362
145175,19,821,16541,-14,-278,87,-67,-404,-358
145189,24,829,16530,-20,-280,82,-70,-404,-357
145203,22,823,16576,-25,-277,90,-63,-403,-364
145217,32,829,16530,-18,-281,85,-65,-404,-365
145231,25,814,16524,-18,-279,87,-69,-402,-359
145245,19,817,16557,-16,-272,84,-62,-402,-356
145259,10,828,16526,-15,-281,85,-68,-406,-360
145273,30,832,16554,-16,-276,81,-68,-401,-361
145287,15,823,16577,-21,-278,80,-62,-401,-363
145301,6,830,16523,-17,-280,80,-65,-405,-366
145315,21,813,16533,-15,-275,80,-68,-400,-363
145329,24,814,16539,-16,-282,88,-70,-405,-363
145343,12,824,16535,-21,-279,88,-65,-404,-362
145357,31,836,16543,-23,-280,87,-67,-400,-355
145371,33,819,16544,-16,-279,87,-68,-405,-356
145385,30,819,16531,-16,-283,91,-61,-405,-363
145399,21,820,16548,-20,-279,88,-66,-401,-369
145413,13,820,16538,-20,-281,85,-65,-403,-368
145427,8,826,16524,-16,-280,88,-71,-402,-364
145441,7,823,16559,-21,-280,85,-70,-401,-365
145455,25,818,16544,-21,-279,85,-63,-405,-361
145469,32,823,16521,-17,-278,90,-67,-402,-360
145483,16,825,16555,-22,-278,87,-63,-402,-363
145497,35,824,16530,-18,-281,92,-68,-401,-359
145511,20,812,16524,-19,-278,91,-68,-403,-364
145525,14,816,16554,-20,-279,87,-61,-406,-362
145539,10,832,16523,-14,-281,90,-67,-404,-362
145553,16,823,16547,-17,-275,83,-62,-401,-364
145567,11,820,16556,-18,-278,87,-61,-405,-365
145581,4,829,16515,-19,-279,86,-59,-402,-362
145595,23,817,16544,-17,-275,85,-66,-406,-365
145609,13,815,16526,-20,-276,88,-63,-402,-359
145623,21,824,16528,-22,-280,83,-61,-406,-364
145637,26,821,16522,-21,-278,88,-65,-402,-364
145651,14,821,16564,-21,-281,93,-67,-402,-363
145665,21,825,16535,-22,-280,89,-65,-402,-366
145679,18,830,16560,-21,-275,88,-63,-406,-364
145693,23,823,16545,-21,-282,90,-65,-405,-362
145707,29,817,16527,-20,-278,85,-61,-407,-366
145721,1,822,16535,-18,-280,91,-66,-404,-367
145735,24,810,16560,-22,-281,90,-65,-400,-363
145749,9,821,16545,-18,-279,86,-65,-403,-363
145763,14,827,16552,-24,-276,89,-69,-400,-358
145777,21,825,16538,-21,-276,83,-63,-403,-363
145791,14,826,16537,-21,-275,86,-67,-405,-364
145805,9,817,16563,-21,-280,90,-64,-405,-360
145819,21,828,16539,-19,-276,81,-66,-401,-362
145833,10,825,16521,-22,-277,81,-69,-400,-363
145847,13,824,16547,-22,-282,91,-68,-407,-368
145861,25,818,16532,-22,-276,92,-67,-405,-358
145875,10,820,16541,-18,-281,84,-68,-401,-361
145889,13,822,16569,-19,-280,90,-68,-398,-361
145903,21,836,16523,-23,-274,85,-70,-400,-361
145917,15,812,16540,-23,-278,90,-62,-407,-363
145931,5,821,16545,-22,-279,87,-64,-403,-360
145945,22,826,16535,-18,-276,86,-63,-406,-359
145959,23,825,16551,-20,-280,86,-70,-405,-359
145973,28,837,16546,-24,-276,88,-68,-404,-358
145987,24,824,16537,-18,-274,86,-62,-401,-365
146001,17,815,16556,-21,-277,87,-67,-401,-362
146015,24,827,16543,-20,-281,89,-65,-409,-362
146029,16,818,16524,-15,-278,83,-65,-401,-362
146043,10,817,16560,-15,-276,87,-70,-405,-364
146057,25,824,16557,-18,-280,86,-64,-402,-359
146071,11,819,16551,-19,-273,86,-65,-401,-366
146085,8,838,16545,-19,-279,87,-68,-405,-361
146099,16,821,16547,-20,-281,82,-67,-404,-360
146113,11,819,16515,-18,-276,87,-69,-406,-360
146127,14,825,16554,-18,-283,87,-65,-403,-363
146141,33,822,16542,-22,-281,87,-62,-408,-362
146155,25,826,16531,-17,-283,87,-67,-405,-366
146169,16,833,16543,-17,-279,87,-66,-402,-363
146183,20,826,16559,-20,-276,82,-64,-403,-358
146197,15,819,16544,-18,-277,87,-63,-401,-363
146211,28,815,16545,-24,-275,88,-68,-405,-360
146225,11,822,16544,-18,-278,88,-64,-407,-363
146239,6,831,16534,-20,-279,85,-58,-408,-361
146253,14,826,16562,-18,-280,88,-65,-405,-359
146267,27,825,16527,-18,-276,86,-65,-401,-365
146281,22,820,16545,-19,-280,87,-62,-403,-361
146295,24,828,16558,-21,-274,86,-61,-408,-362
146309,22,818,16535,-15,-278,87,-63,-402,-361
146323,33,822,16528,-15,-278,86,-62,-397,-361
146337,8,811,16548,-16,-279,91,-68,-407,-362
146351,12,819,16536,-19,-278,85,-67,-405,-366
146365,26,830,16557,-12,-284,83,-70,-397,-362
146379,28,820,16553,-16,-274,85,-70,-401,-359
146393,13,825,16528,-19,-276,86,-63,-407,-366
146407,31,815,16550,-23,-276,85,-67,-403,-362
146421,26,828,16538,-16,-280,88,-67,-402,-361
146435,16,826,16547,-20,-278,89,-67,-405,-360
146449,39,819,16561,-21,-282,87,-63,-401,-362
146463,25,819,16549,-22,-276,91,-65,-405,-365
146477,29,826,16524,-20,-281,82,-66,-404,-364
146491,24,824,16544,-20,-277,81,-66,-408,-360
146505,11,818,16560,-16,-276,89,-64,-403,-368
146519,10,823,16521,-13,-281,86,-63,-405,-361
146533,18,817,16540,-23,-279,90,-66,-400,-363
146547,23,814,16542,-17,-277,85,-67,-406,-366
146561,20,825,16527,-15,-279,87,-71,-402,-358
146575,15,819,16550,-20,-275,87,-65,-406,-360
146589,18,809,16547,-20,-278,80,-63,-400,-362
146603,26,820,16534,-16,-280,85,-65,-401,-365
146617,24,831,16561,-16,-282,80,-65,-402,-359
146631,21,823,16515,-16,-278,77,-69,-404,-363
146645,21,821,16527,-23,-275,82,-63,-401,-365
146659,28,809,16567,-22,-278,86,-63,-397,-362
146673,26,836,16532,-24,-277,88,-66,-405,-362
146687,24,813,16538,-17,-279,86,-62,-402,-361
146701,14,825,16563,-18,-281,84,-64,-406,-363
146715,14,829,16510,-15,-282,87,-68,-404,-360
146729,30,815,16529,-17,-280,84,-65,-402,-362
146743,25,828,16547,-24,-278,86,-64,-404,-364
146757,16,828,16521,-23,-280,87,-63,-403,-361
146771,17,823,16555,-17,-275,88,-69,-404,-365
146785,21,829,16567,-16,-275,88,-64,-402,-360
146799,22,820,16533,-19,-281,83,-66,-401,-365
146813,22,827,16543,-20,-275,84,-67,-406,-362
146827,3,810,16541,-23,-280,87,-61,-406,-362
146841,22,824,16518,-19,-281,88,-66,-404,-361
146855,14,817,16544,-21,-276,86,-66,-408,-367
146869,15,817,16559,-23,-277,85,-65,-401,-364
146883,11,820,16526,-16,-278,87,-66,-400,-367
146897,14,812,16553,-16,-278,88,-65,-407,-365
146911,6,815,16526,-19,-281,85,-68,-403,-361
146925,16,821,16528,-24,-272,89,-61,-399,-362
146939,27,825,16543,-23,-280,85,-68,-399,-357
146953,24,820,16530,-18,-281,83,-67,-404,-361
146967,24,828,16515,-16,-281,88,-67,-403,-366
146981,21,822,16548,-16,-281,88,-63,-399,-365
146995,12,826,16546,-14,-278,85,-62,-404,-363
147009,31,837,16532,-18,-275,83,-63,-405,-364
147023,31,814,16562,-17,-274,85,-64,-406,-364
147037,18,825,16527,-20,-283,81,-62,-407,-363
147051,17,819,16527,-16,-280,79,-65,-407,-361
147065,23,830,16559,-19,-281,80,-68,-402,-363
147079,27,825,16538,-24,-279,83,-63,-404,-360
147093,22,826,16525,-13,-278,84,-64,-404,-356
147107,25,815,16566,-15,-281,80,-63,-407,-364
147121,32,829,16518,-18,-279,83,-70,-405,-363
147135,20,819,16519,-16,-278,83,-67,-403,-364
147149,16,820,16548,-19,-278,88,-67,-405,-361
147163,22,816,16532,-16,-280,85,-67,-401,-362
147177,19,828,16552,-16,-277,84,-69,-404,-364
147191,17,834,16568,-16,-277,85,-65,-402,-363
147205,21,822,16522,-16,-279,85,-64,-403,-360
147219,12,835,16542,-16,-281,88,-68,-403,-365
147233,12,829,16537,-18,-282,86,-62,-404,-365
147247,8,823,16527,-20,-278,82,-66,-402,-359
147261,31,840,16556,-16,-276,86,-69,-401,-365
147275,14,819,16537,-18,-275,87,-64,-406,-361
147289,23,822,16524,-20,-276,85,-66,-404,-361
147303,30,828,16552,-25,-277,88,-69,-397,-361
147317,16,817,16534,-16,-280,84,-66,-409,-362
147331,20,830,16532,-21,-283,84,-65,-407,-361
147345,16,815,16571,-15,-281,86,-66,-399,-362
147359,23,817,16541,-18,-278,89,-68,-404,-366
147373,9,833,16561,-19,-276,85,-68,-408,-362
147387,24,816,16558,-24,-281,87,-60,-400,-360
147401,31,819,16561,-15,-280,89,-63,-404,-363
147415,16,824,16519,-18,-280,88,-61,-400,-362
147429,23,805,16570,-20,-279,80,-66,-401,-360
147443,5,824,16535,-15,-278,85,-68,-404,-365
147457,8,834,16523,-16,-273,88,-67,-409,-358
147471,8,829,16564,-20,-278,87,-70,-409,-369
147485,5,829,16523,-16,-280,85,-68,-398,-366
147499,14,830,16542,-18,-284,86,-67,-402,-366
147513,25,820,16564,-23,-277,80,-61,-404,-363
147527,7,814,16534,-17,-277,80,-63,-403,-369
147541,16,814,16544,-18,-276,84,-64,-400,-365
147555,23,823,16551,-15,-276,83,-69,-399,-361
147569,25,828,16515,-18,-280,80,-62,-401,-358
147583,22,826,16538,-16,-280,85,-67,-405,-366
147597,14,823,16559,-19,-280,89,-66,-403,-366
147611,10,828,16521,-16,-279,82,-63,-404,-364
147625,13,824,16550,-14,-277,85,-62,-404,-364
147639,16,825,16527,-18,-281,81,-65,-404,-365
147653,22,824,16506,-20,-281,82,-67,-407,-364
147667,16,812,16574,-23,-279,86,-62,-403,-360
147681,20,826,16562,-20,-279,80,-67,-404,-362
147695,27,825,16527,-17,-279,84,-67,-401,-359
147709,26,819,16572,-20,-278,83,-64,-405,-365
147723,21,822,16540,-22,-278,87,-66,-408,-362
147737,14,830,16522,-21,-278,90,-65,-408,-359
147751,30,823,16569,-16,-280,85,-69,-403,-359
147765,10,829,16545,-20,-276,87,-64,-406,-364
147779,17,832,16551,-21,-279,91,-62,-407,-362
147793,7,823,16566,-20,-276,84,-60,-405,-364
147807,18,819,16522,-15,-274,90,-67,-400,-361
147821,16,812,16534,-16,-278,90,-64,-404,-359
147835,27,815,16564,-21,-281,88,-64,-406,-363
147849,30,823,16529,-20,-277,89,-68,-404,-365
147863,9,830,16538,-20,-280,82,-67,-404,-360
147877,34,824,16564,-21,-282,85,-70,-406,-364
147891,25,821,16533,-23,-273,90,-65,-404,-363
147905,7,827,16573,-16,-278,85,-70,-404,-359
147919,12,818,16568,-19,-279,85,-62,-407,-360
147933,30,824,16539,-16,-279,89,-64,-406,-361
147947,21,815,16543,-16,-278,85,-60,-400,-364
147961,7,821,16541,-17,-278,83,-64,-400,-360
147975,33,825,16518,-13,-277,85,-69,-407,-362
147989,20,823,16545,-20,-276,87,-67,-406,-363
148003,27,828,16556,-18,-280,90,-70,-402,-363
148017,21,820,16519,-20,-284,87,-68,-404,-364
148031,14,832,16567,-20,-275,86,-69,-402,-361
148045,15,835,16523,-21,-278,89,-65,-403,-365
148059,18,835,16505,-22,-276,89,-68,-403,-363
148073,23,830,16576,-17,-278,84,-65,-401,-364
148087,22,819,16545,-21,-280,91,-63,-408,-364
148101,25,834,16532,-20,-279,87,-66,-402,-361
148115,11,806,16568,-18,-277,87,-68,-398,-367
148129,23,836,16533,-15,-279,88,-67,-401,-364
148143,30,814,16529,-22,-279,85,-67,-407,-364
148157,8,819,16550,-20,-284,88,-63,-399,-364
148171,9,829,16533,-17,-279,86,-63,-401,-360
148185,10,842,16575,-17,-280,84,-65,-400,-364
148199,10,836,16571,-20,-277,90,-62,-405,-360
148213,20,826,16514,-19,-277,85,-67,-397,-365
148227,17,819,16538,-14,-276,84,-69,-407,-366
148241,16,823,16539,-16,-272,82,-62,-405,-362
148255,11,818,16527,-16,-277,84,-63,-400,-360
148269,17,821,16536,-14,-274,79,-68,-401,-361
148283,23,817,16548,-14,-278,84,-69,-407,-362
148297,25,827,16523,-17,-278,87,-66,-402,-365
148311,24,824,16538,-18,-278,82,-66,-404,-366
148325,12,834,16568,-14,-278,85,-68,-401,-367
148339,10,829,16520,-14,-279,85,-67,-405,-363
148353,9,820,16546,-23,-274,86,-64,-402,-362
148367,23,816,16564,-16,-282,82,-68,-399,-363
148381,18,811,16527,-21,-277,87,-64,-401,-369
148395,5,819,16573,-14,-280,84,-61,-410,-360
148409,24,815,16552,-13,-280,85,-68,-398,-363
148423,4,834,16530,-25,-275,86,-60,-406,-363
148437,2,830,16564,-21,-279,89,-65,-400,-365
148451,16,819,16530,-24,-277,87,-74,-404,-360
148465,10,823,16528,-22,-276,81,-68,-402,-364
148479,21,826,16563,-13,-276,87,-66,-408,-363
148493,13,818,16554,-16,-275,82,-61,-406,-364
148507,26,815,16552,-19,-280,87,-68,-406,-361
148521,16,822,16565,-16,-283,89,-63,-408,-366
148535,24,815,16514,-21,-277,89,-64,-399,-360
148549,20,828,16532,-23,-277,88,-68,-409,-360
148563,21,828,16550,-17,-279,87,-68,-404,-363
148577,17,824,16519,-15,-277,86,-67,-405,-363
148591,32,826,16545,-21,-282,88,-62,-407,-359
148605,4,827,16578,-23,-282,90,-60,-406,-362
148619,6,830,16531,-18,-281,83,-62,-401,-365
148633,14,815,16550,-19,-275,83,-64,-403,-364
148647,3,811,16527,-14,-279,90,-68,-405,-357
148661,20,831,16533,-21,-280,86,-67,-402,-367
148675,23,814,16581,-23,-279,84,-65,-407,-364
148689,37,821,16565,-18,-278,83,-70,-405,-359
148703,10,828,16532,-17,-273,81,-65,-407,-365
148717,12,822,16551,-21,-279,87,-65,-403,-362
148731,6,813,16556,-18,-283,86,-66,-408,-363
148745,14,832,16524,-20,-277,86,-65,-407,-361
148759,14,816,16535,-23,-279,86,-60,-407,-364
148773,12,819,16535,-14,-276,84,-69,-405,-363
148787,29,817,16512,-15,-281,87,-68,-399,-364
148801,26,832,16567,-21,-280,87,-69,-401,-357
148815,24,821,16547,-16,-273,84,-69,-405,-358
148829,21,817,16527,-22,-276,84,-65,-401,-359
148843,27,825,16555,-21,-280,92,-61,-396,-365
148857,21,830,16525,-16,-277,84,-62,-406,-364
148871,4,823,16519,-14,-280,91,-67,-407,-368
148885,14,826,16552,-18,-284,89,-67,-400,-364
148899,13,823,16527,-19,-278,91,-65,-405,-361
148913,14,826,16532,-18,-276,84,-69,-403,-363
148927,25,817,16569,-14,-278,79,-64,-401,-365
148941,22,813,16513,-20,-276,84,-64,-408,-364
148955,26,829,16534,-20,-278,91,-71,-407,-365
148969,16,824,16565,-17,-277,90,-72,-409,-364
148983,18,818,16517,-15,-278,86,-66,-405,-364
148997,22,820,16560,-18,-276,87,-65,-403,-366
149011,8,826,16549,-19,-278,88,-69,-403,-358
149025,8,823,16519,-22,-274,85,-66,-401,-368
149039,12,839,16549,-19,-278,87,-69,-401,-366
149053,12,823,16549,-15,-277,90,-68,-406,-365
149067,12,823,16530,-14,-277,85,-62,-402,-361
149081,19,825,16551,-20,-277,85,-61,-405,-360
149095,11,813,16555,-17,-276,82,-64,-398,-360
149109,46,818,16527,-19,-275,89,-62,-402,-368
149123,26,814,16554,-16,-277,85,-62,-400,-370
149137,28,832,16548,-16,-279,84,-62,-406,-359
149151,24,820,16526,-17,-283,85,-66,-399,-360
149165,3,830,16546,-16,-284,87,-61,-402,-364
149179,16,815,16539,-19,-278,91,-70,-406,-360
149193,20,826,16530,-20,-279,88,-64,-402,-359
149207,24,812,16556,-22,-277,91,-70,-403,-366
149221,26,828,16532,-20,-278,90,-64,-402,-360
149235,36,815,16534,-15,-281,84,-69,-406,-360
149249,30,814,16553,-17,-281,83,-67,-400,-360
149263,34,824,16545,-24,-281,89,-70,-401,-366
149277,37,837,16547,-22,-273,87,-69,-404,-368
149291,25,822,16548,-15,-279,85,-66,-397,-365
149305,13,828,16525,-21,-281,88,-66,-398,-362
149319,17,821,16553,-16,-274,86,-65,-399,-361
149333,10,828,16550,-28,-274,88,-67,-407,-362
149347,22,822,16540,-15,-281,88,-64,-402,-363
149361,21,813,16539,-17,-274,89,-62,-403,-364
149375,22,823,16535,-20,-280,90,-64,-401,-364
149389,22,826,16545,-22,-279,88,-63,-404,-361
149403,16,829,16545,-19,-281,85,-70,-400,-361
149417,37,830,16537,-20,-275,89,-69,-403,-364
149431,14,814,16521,-23,-278,92,-69,-400,-367
149445,26,832,16546,-18,-274,88,-65,-407,-357
149459,28,817,16542,-21,-277,87,-63,-404,-363
149473,15,819,16532,-18,-279,86,-66,-404,-368
149487,13,806,16542,-10,-277,88,-65,-409,-362
149501,0,827,16555,-19,-280,86,-66,-405,-360
149515,10,815,16527,-21,-277,89,-67,-403,-356
149529,14,812,16546,-19,-274,85,-67,-402,-358
149543,10,834,16548,-16,-278,85,-66,-396,-362
149557,15,832,16563,-18,-279,86,-64,-403,-360
149571,10,836,16523,-19,-278,84,-63,-401,-364
149585,8,836,16538,-20,-278,88,-61,-405,-365
149599,28,819,16539,-20,-280,84,-63,-402,-360
149613,13,816,16554,-22,-277,80,-66,-401,-360
149627,27,816,16546,-18,-276,86,-64,-406,-361
149641,11,829,16543,-17,-273,86,-67,-405,-362
149655,26,813,16548,-23,-278,86,-67,-407,-363
149669,19,832,16524,-22,-280,89,-63,-409,-367
149683,28,824,16552,-24,-278,88,-61,-406,-362
149697,20,829,16536,-20,-280,88,-65,-404,-361
149711,-4,821,16540,-20,-277,84,-64,-402,-360
149725,17,823,16547,-17,-279,82,-63,-398,-361
149739,16,837,16542,-17,-280,89,-60,-403,-361
149753,7,823,16539,-26,-276,88,-65,-402,-364
149767,25,826,16541,-19,-278,87,-70,-406,-366
149781,34,817,16542,-19,-277,83,-66,-406,-360
149795,7,813,16540,-20,-279,86,-69,-400,-360
149809,26,821,16542,-19,-278,91,-70,-407,-365
149823,20,818,16537,-16,-282,90,-72,-403,-362
149837,13,822,16547,-15,-283,89,-68,-406,-363
149851,5,826,16551,-18,-276,88,-64,-403,-361
149865,22,821,16545,-18,-285,85,-67,-402,-365
149879,25,826,16556,-24,-278,86,-62,-403,-366
149893,14,809,16551,-27,-275,88,-63,-401,-361
149907,19,821,16529,-19,-278,89,-64,-409,-359
149921,28,827,16539,-20,-271,86,-61,-403,-362
149935,16,816,16545,-14,-276,84,-67,-400,-362
149949,22,828,16537,-16,-280,93,-64,-403,-358
149963,15,823,16548,-23,-277,86,-65,-401,-358
149977,19,827,16537,-18,-282,82,-70,-409,-361
149991,11,815,16531,-17,-276,85,-67,-401,-365
150005,27,815,16546,-20,-279,85,-66,-404,-355
150019,25,805,16547,-18,-280,87,-70,-398,-362
150033,21,831,16543,-18,-277,83,-61,-408,-357
150047,11,816,16553,-16,-278,86,-65,-404,-362
150061,24,826,16550,-21,-280,88,-63,-406,-361
150075,26,826,16547,-24,-280,87,-64,-403,-361
150089,21,829,16543,-17,-274,87,-65,-405,-359
150103,22,823,16532,-17,-282,85,-66,-404,-364
150117,-2,822,16536,-19,-278,87,-64,-403,-358
150131,16,814,16551,-20,-279,87,-64,-403,-362
150145,13,817,16546,-14,-279,85,-66,-404,-361
150159,24,812,16558,-18,-274,90,-65,-406,-364
150173,17,816,16549,-22,-279,88,-63,-410,-361
150187,27,825,16521,-17,-281,82,-66,-406,-365
150201,22,826,16541,-23,-277,82,-64,-399,-360
150215,24,819,16568,-9,-276,81,-67,-400,-362
150229,22,817,16543,-17,-277,86,-71,-404,-363
150243,16,816,16549,-21,-275,87,-69,-404,-362
150257,22,826,16564,-20,-283,92,-63,-405,-360
150271,21,826,16544,-18,-283,84,-62,-404,-367
150285,14,824,16549,-17,-278,81,-65,-402,-356
150299,17,822,16536,-16,-283,82,-64,-400,-358
150313,22,819,16526,-20,-273,79,-65,-402,-360
150327,13,828,16551,-20,-279,86,-61,-398,-363
150341,24,809,16552,-17,-281,85,-65,-404,-366
150355,24,812,16540,-23,-279,84,-63,-401,-363
150369,26,822,16555,-17,-283,88,-70,-406,-363
150383,12,822,16537,-22,-278,85,-68,-402,-362
150397,4,815,16537,-17,-280,87,-65,-406,-365
150411,17,828,16546,-11,-272,86,-67,-407,-363
150425,20,825,16541,-20,-278,85,-63,-405,-363
150439,22,821,16544,-19,-277,80,-68,-407,-364
150453,9,825,16546,-21,-280,89,-71,-404,-365
150467,32,815,16542,-14,-279,87,-64,-401,-363
150481,25,820,16532,-17,-280,81,-64,-401,-362
150495,21,817,16544,-22,-279,86,-66,-401,-363
150509,4,838,16539,-22,-277,82,-63,-403,-354
150523,20,821,16544,-15,-279,88,-67,-402,-360
150537,23,824,16545,-20,-283,86,-62,-402,-362
150551,14,807,16545,-21,-282,87,-67,-405,-363
150565,2,823,16534,-20,-282,85,-63,-404,-358
150579,13,842,16556,-26,-282,85,-64,-400,-361
150593,6,825,16536,-18,-276,91,-68,-406,-361
150607,6,817,16551,-19,-279,85,-67,-403,-363
150621,30,810,16557,-10,-279,80,-67,-401,-359
150635,19,826,16541,-17,-279,84,-63,-407,-364
150649,25,825,16555,-20,-280,82,-65,-405,-364
150663,24,818,16548,-20,-278,87,-68,-402,-360
150677,8,816,16533,-19,-277,86,-69,-398,-361
150691,8,823,16548,-17,-281,90,-66,-404,-362
150705,4,817,16550,-20,-277,83,-68,-405,-357
150719,11,827,16538,-19,-280,87,-62,-401,-363
150733,11,818,16547,-19,-276,88,-68,-399,-363
150747,26,807,16542,-21,-278,83,-62,-406,-362
150761,29,823,16558,-14,-279,88,-63,-403,-359
150775,11,823,16529,-16,-279,88,-70,-406,-361
150789,14,810,16543,-18,-278,84,-69,-406,-362
150803,19,822,16543,-19,-281,86,-66,-406,-364
150817,18,821,16547,-14,-279,86,-63,-404,-362
150831,18,817,16554,-17,-281,83,-63,-403,-364
150845,20,820,16545,-17,-278,82,-69,-405,-371
150859,24,821,16567,-15,-278,86,-71,-406,-366
150873,18,828,16543,-17,-276,84,-61,-402,-360
150887,10,829,16546,-14,-279,86,-60,-402,-364
150901,27,827,16553,-20,-280,85,-64,-403,-362
150915,26,824,16545,-20,-278,84,-63,-404,-365
150929,17,820,16543,-16,-276,89,-66,-407,-363
150943,23,824,16545,-16,-277,84,-62,-407,-359
150957,19,819,16536,-16,-281,83,-67,-402,-367
150971,28,822,16548,-19,-280,88,-64,-401,-360
150985,18,833,16536,-16,-281,87,-68,-401,-361
150999,24,819,16541,-17,-280,85,-70,-399,-365
151013,20,823,16562,-19,-285,85,-64,-401,-365
151027,17,824,16518,-21,-279,83,-66,-400,-369
151041,16,825,16551,-16,-277,86,-66,-405,-362
151055,13,815,16554,-24,-281,85,-63,-401,-368
151069,28,815,16544,-22,-280,85,-67,-405,-365
151083,16,821,16547,-19,-279,87,-63,-405,-362
151097,6,823,16551,-17,-278,85,-68,-400,-365
151111,9,823,16546,-22,-274,86,-68,-406,-359
151125,2,830,16534,-18,-278,83,-66,-405,-368
151139,25,838,16539,-20,-279,90,-62,-408,-362
151153,20,823,16537,-19,-273,94,-65,-403,-361
151167,14,823,16554,-22,-282,85,-61,-399,-365
151181,37,824,16529,-21,-281,88,-59,-409,-364
151195,19,828,16557,-23,-274,82,-64,-404,-363
151209,9,817,16548,-25,-279,88,-68,-408,-358
151223,18,818,16543,-18,-275,88,-61,-405,-360
151237,23,823,16534,-22,-275,84,-69,-402,-364
151251,12,816,16533,-19,-284,86,-64,-401,-360
151265,10,824,16548,-21,-278,84,-69,-410,-361
151279,16,825,16546,-13,-279,86,-71,-405,-359
151293,29,824,16538,-18,-278,81,-63,-405,-363
151307,30,812,16554,-20,-277,84,-61,-405,-363
151321,24,814,16541,-20,-282,86,-66,-399,-366
151335,13,821,16541,-22,-276,91,-69,-406,-365
151349,11,820,16538,-19,-275,88,-63,-406,-362
151363,10,831,16553,-23,-283,84,-62,-400,-363
151377,14,822,16545,-18,-282,84,-67,-401,-360
151391,12,818,16538,-12,-276,85,-64,-405,-363
151405,26,831,16547,-12,-280,84,-70,-406,-358
151419,11,818,16540,-16,-282,87,-69,-406,-364
151433,20,825,16552,-23,-277,82,-70,-406,-363
151447,17,824,16543,-24,-277,85,-66,-400,-361
151461,17,827,16562,-12,-270,84,-68,-404,-358
151475,33,816,16544,-15,-275,87,-67,-400,-367
151489,20,823,16540,-15,-276,88,-65,-402,-366
151503,24,817,16549,-17,-275,87,-60,-399,-361
151517,6,831,16549,-17,-282,87,-60,-407,-364
151531,-6,814,16549,-18,-276,87,-65,-403,-362
151545,14,830,16548,-17,-280,85,-69,-400,-367
151559,23,817,16546,-15,-279,85,-68,-404,-367
151573,23,831,16540,-21,-278,84,-70,-397,-367
151587,16,812,16544,-19,-276,87,-65,-398,-359
151601,25,822,16561,-16,-278,87,-66,-405,-360
151615,29,814,16533,-19,-271,82,-64,-404,-365
151629,3,820,16540,-22,-281,87,-66,-400,-359
151643,17,824,16539,-17,-277,86,-66,-406,-361
151657,9,820,16550,-19,-279,85,-68,-404,-360
151671,-3,829,16551,-24,-275,86,-68,-403,-361
151685,23,822,16550,-20,-281,88,-63,-407,-365
151699,21,817,16559,-23,-276,87,-62,-406,-358
151713,11,819,16538,-19,-279,87,-67,-400,-361
151727,14,826,16541,-19,-278,83,-66,-407,-360
151741,20,823,16533,-23,-277,87,-61,-399,-361
151755,22,816,16552,-22,-280,87,-66,-404,-362
151769,5,819,16547,-16,-276,85,-69,-402,-361
151783,29,826,16544,-12,-277,81,-63,-400,-360
151797,11,808,16552,-20,-281,81,-63,-403,-364
151811,20,834,16546,-19,-279,86,-65,-404,-364
151825,26,824,16543,-17,-277,86,-64,-405,-358
151839,29,812,16539,-19,-277,86,-67,-405,-358
151853,20,823,16533,-16,-276,83,-64,-402,-361
151867,15,824,16551,-20,-275,84,-64,-398,-361
151881,20,826,16558,-18,-276,88,-64,-405,-363
151895,20,825,16541,-24,-280,88,-63,-402,-364
151909,15,823,16556,-20,-277,80,-61,-401,-359
151923,12,824,16546,-21,-275,87,-66,-401,-362
151937,6,822,16539,-22,-276,81,-63,-401,-365
151951,19,821,16557,-19,-283,81,-65,-398,-359
151965,19,835,16553,-23,-282,84,-65,-402,-359
151979,11,833,16539,-18,-280,85,-71,-404,-361
151993,7,824,16551,-18,-278,87,-68,-399,-362
152007,32,830,16540,-18,-283,84,-65,-401,-361
152021,30,812,16544,-21,-278,87,-67,-404,-366
152035,14,829,16543,-20,-279,85,-64,-401,-363
152049,9,821,16531,-23,-278,81,-64,-405,-363
152063,27,824,16547,-18,-281,90,-59,-407,-356
152077,13,834,16560,-22,-279,94,-65,-408,-363
152091,7,823,16545,-16,-276,88,-62,-403,-357
152105,19,838,16536,-17,-283,87,-69,-406,-362
152119,16,810,16551,-16,-276,87,-62,-401,-363
152133,31,821,16531,-16,-273,87,-65,-406,-357
152147,22,831,16548,-18,-281,87,-69,-404,-366
152161,28,816,16524,-18,-279,87,-68,-404,-359
152175,26,817,16554,-21,-281,82,-64,-407,-364
152189,8,812,16546,-22,-283,89,-68,-409,-365
152203,19,825,16541,-21,-279,90,-64,-401,-362
152217,17,824,16546,-18,-278,88,-67,-401,-366
152231,15,822,16547,-27,-279,90,-70,-395,-363
152245,19,823,16550,-18,-274,87,-63,-401,-363
152259,14,817,16548,-15,-276,85,-65,-404,-362
152273,15,810,16540,-15,-280,88,-57,-404,-363
152287,25,826,16525,-18,-279,89,-68,-401,-364
152301,25,820,16552,-23,-280,91,-70,-400,-356
152315,32,829,16530,-12,-278,89,-70,-400,-363
152329,26,818,16557,-15,-276,89,-63,-404,-359
152343,13,832,16545,-21,-277,89,-65,-401,-365
152357,19,831,16546,-16,-281,89,-64,-403,-360
152371,20,810,16540,-16,-280,85,-65,-403,-359
152385,22,832,16536,-18,-281,81,-69,-401,-365
152399,18,835,16547,-16,-277,87,-60,-404,-368
152413,27,806,16525,-18,-278,91,-64,-403,-367
152427,11,817,16533,-14,-283,89,-61,-406,-364
152441,21,826,16553,-15,-281,89,-65,-400,-361
152455,9,825,16542,-19,-277,87,-65,-403,-370
152469,21,818,16543,-12,-278,84,-66,-399,-362
152483,19,815,16543,-15,-275,88,-65,-402,-362
152497,14,825,16549,-15,-273,90,-65,-402,-365
152511,9,825,16532,-11,-275,84,-71,-404,-363
152525,16,814,16547,-18,-279,88,-64,-401,-362
152539,13,829,16542,-16,-278,85,-70,-407,-359
152553,20,826,16532,-18,-275,84,-68,-404,-363
152567,16,822,16528,-16,-278,84,-62,-400,-359
152581,17,811,16539,-17,-276,87,-65,-405,-364
152595,27,829,16547,-16,-277,85,-63,-402,-365
152609,13,818,16540,-20,-278,88,-61,-406,-370
152623,20,822,16535,-16,-280,88,-66,-406,-363
152637,18,824,16539,-21,-282,89,-61,-408,-368
152651,14,821,16539,-20,-277,87,-66,-399,-364
152665,30,815,16536,-25,-280,84,-63,-405,-361
152679,14,815,16542,-22,-273,86,-65,-402,-364
152693,26,828,16533,-18,-275,86,-70,-407,-359
152707,25,827,16544,-15,-277,89,-65,-405,-365
152721,6,828,16549,-16,-277,84,-68,-408,-361
152735,29,825,16540,-12,-276,87,-64,-403,-365
152749,20,831,16544,-17,-277,81,-61,-402,-363
152763,15,834,16550,-19,-276,84,-61,-403,-361
152777,15,831,16546,-20,-278,87,-63,-407,-362
152791,27,830,16542,-20,-282,84,-67,-404,-365
152805,22,821,16521,-19,-281,85,-68,-401,-364
152819,17,837,16524,-21,-281,84,-70,-404,-364
152833,15,817,16539,-20,-278,85,-64,-403,-367
152847,30,818,16528,-26,-280,83,-67,-400,-360
152861,30,816,16533,-20,-279,85,-64,-403,-361
152875,11,816,16533,-23,-278,87,-66,-400,-362
152889,26,833,16537,-15,-281,91,-66,-394,-360
152903,15,820,16527,-14,-278,90,-66,-401,-365
152917,22,821,16537,-13,-275,85,-66,-404,-361
152931,10,828,16539,-17,-275,80,-65,-402,-363
152945,16,823,16528,-21,-275,83,-62,-403,-368
152959,19,816,16540,-21,-275,86,-63,-401,-364
152973,17,831,16518,-18,-277,89,-67,-407,-357
152987,28,828,16548,-21,-278,91,-65,-406,-363
153001,16,823,16533,-16,-278,89,-63,-408,-363
153015,10,832,16541,-23,-281,84,-66,-407,-362
153029,21,825,16545,-16,-277,83,-61,-401,-362
153043,11,836,16548,-21,-280,85,-66,-408,-362
153057,25,824,16543,-17,-280,86,-59,-405,-362
153071,22,820,16550,-18,-280,86,-67,-408,-365
153085,13,829,16542,-18,-278,88,-63,-402,-358
153099,19,819,16536,-18,-280,89,-65,-405,-362
153113,14,828,16537,-21,-279,90,-66,-397,-365
153127,13,818,16552,-17,-278,86,-67,-404,-364
153141,15,829,16546,-20,-279,87,-64,-406,-365
153155,27,826,16543,-18,-279,87,-68,-400,-362
153169,15,825,16538,-16,-280,86,-64,-405,-362
153183,16,823,16533,-20,-280,89,-67,-401,-361
153197,12,821,16541,-18,-279,87,-64,-405,-368
153211,12,827,16555,-16,-274,86,-69,-406,-358
153225,36,819,16544,-17,-276,83,-69,-406,-364
153239,4,830,16540,-21,-281,90,-64,-406,-365
153253,23,832,16554,-20,-279,85,-68,-404,-364
153267,30,823,16549,-20,-276,83,-69,-403,-363
153281,13,818,16544,-18,-277,83,-69,-402,-365
153295,30,808,16539,-16,-278,88,-64,-407,-363
153309,10,831,16535,-24,-278,82,-67,-408,-359
153323,28,821,16531,-24,-276,84,-66,-404,-365
153337,10,812,16523,-15,-281,84,-65,-404,-360
153351,23,825,16554,-17,-281,82,-65,-404,-362
153365,13,822,16555,-20,-283,83,-62,-408,-362
153379,11,830,16540,-23,-281,83,-66,-408,-360
153393,22,829,16540,-19,-278,86,-61,-406,-363
153407,13,821,16532,-21,-279,89,-70,-400,-357
153421,8,824,16551,-19,-279,88,-65,-406,-360
153435,21,831,16544,-18,-276,89,-64,-404,-364
153449,25,835,16534,-22,-282,88,-64,-401,-359
153463,23,832,16534,-19,-276,88,-64,-400,-362
153477,40,817,16549,-17,-278,87,-69,-405,-361
153491,0,814,16546,-17,-279,85,-67,-401,-364
153505,17,823,16547,-21,-283,88,-65,-403,-359
153519,14,825,16538,-20,-274,85,-65,-405,-363
153533,13,826,16541,-18,-280,90,-64,-407,-363
153547,27,834,16532,-19,-276,88,-64,-400,-363
153561,19,820,16551,-21,-279,87,-59,-404,-364
153575,35,823,16543,-18,-281,88,-67,-398,-368
153589,12,826,16554,-21,-274,84,-73,-407,-362
153603,5,824,16542,-18,-278,86,-65,-401,-360
153617,22,824,16528,-23,-277,88,-62,-403,-364
153631,14,824,16550,-17,-277,87,-64,-405,-362
153645,11,827,16551,-14,-280,86,-63,-402,-362
153659,23,817,16534,-16,-276,88,-68,-406,-364
153673,36,819,16535,-20,-276,85,-66,-401,-365
153687,24,822,16549,-24,-280,88,-64,-401,-361
153701,25,819,16546,-23,-275,89,-66,-407,-357
153715,22,826,16539,-22,-273,82,-66,-407,-362
153729,18,823,16536,-21,-276,87,-67,-407,-364
153743,7,828,16548,-14,-277,87,-67,-403,-358
153757,10,829,16554,-14,-280,90,-61,-402,-361
153771,25,813,16541,-21,-282,84,-68,-405,-361
153785,31,826,16539,-16,-276,80,-62,-402,-361
153799,15,828,16540,-21,-278,85,-67,-405,-366
153813,26,821,16549,-17,-276,83,-69,-400,-361
153827,26,823,16543,-19,-283,83,-65,-402,-361
153841,13,822,16553,-19,-280,81,-70,-404,-361
153855,7,831,16544,-16,-281,83,-70,-403,-358
153869,22,824,16538,-14,-276,84,-69,-400,-361
153883,12,818,16546,-12,-280,82,-64,-405,-362
153897,16,837,16525,-18,-277,84,-64,-400,-367
153911,17,815,16546,-18,-271,86,-64,-404,-361
153925,27,827,16553,-14,-278,84,-67,-406,-359
153939,16,829,16543,-17,-281,88,-69,-405,-362
153953,33,837,16533,-21,-279,87,-66,-401,-363
153967,11,825,16538,-19,-281,84,-61,-400,-365
153981,21,828,16562,-18,-277,83,-64,-407,-359
153995,11,831,16551,-17,-274,87,-62,-401,-360
154009,12,832,16538,-19,-276,88,-66,-401,-362
154023,14,818,16555,-16,-278,84,-70,-402,-369
154037,23,822,16546,-18,-277,87,-62,-406,-362
154051,19,822,16541,-18,-282,85,-62,-401,-362
154065,27,819,16556,-17,-280,87,-66,-404,-362
154079,18,827,16551,-16,-281,88,-65,-403,-363
154093,15,825,16542,-20,-277,86,-60,-406,-363
154107,14,830,16540,-25,-273,88,-69,-405,-361
154121,29,819,16541,-17,-279,88,-68,-400,-360
154135,20,823,16552,-16,-273,80,-64,-404,-366
154149,23,825,16546,-15,-279,84,-65,-409,-363
154163,20,826,16550,-17,-282,90,-65,-401,-357
154177,17,821,16537,-17,-279,87,-62,-405,-364
154191,17,828,16553,-16,-278,84,-66,-403,-365
154205,22,818,16554,-17,-281,84,-65,-402,-359
154219,19,822,16567,-23,-274,83,-68,-410,-362
154233,21,819,16557,-23,-282,94,-64,-403,-364
154247,26,827,16560,-20,-279,84,-68,-400,-367
154261,17,818,16557,-17,-279,91,-65,-400,-361
154275,27,819,16541,-15,-280,88,-66,-405,-367
154289,37,814,16548,-17,-282,87,-63,-401,-363
154303,10,817,16553,-19,-277,89,-67,-408,-359
154317,19,817,16540,-22,-280,90,-62,-403,-358
154331,21,828,16557,-22,-276,89,-63,-407,-365
154345,37,821,16552,-18,-274,80,-64,-405,-363
154359,29,815,16555,-18,-278,84,-60,-401,-362
154373,30,830,16530,-25,-276,84,-68,-403,-359
154387,41,809,16532,-16,-280,84,-67,-405,-366
154401,25,819,16550,-17,-278,88,-62,-409,-359
154415,8,826,16541,-15,-277,83,-63,-404,-359
154429,18,832,16548,-17,-281,86,-62,-402,-364
154443,8,816,16553,-23,-279,88,-69,-405,-364
154457,23,816,16560,-21,-282,79,-67,-401,-363
154471,21,833,16541,-22,-281,87,-65,-405,-359
154485,19,822,16535,-21,-282,86,-65,-402,-360
154499,35,822,16550,-22,-276,89,-64,-403,-357
154513,16,830,16538,-18,-276,83,-66,-406,-360
154527,12,831,16546,-17,-276,88,-61,-399,-361
154541,20,832,16554,-18,-279,84,-64,-403,-362
154555,13,827,16558,-21,-279,82,-66,-400,-364
154569,15,826,16536,-20,-279,88,-65,-403,-364
154583,32,823,16540,-15,-281,85,-63,-402,-365
154597,19,825,16556,-16,-278,84,-64,-404,-363
154611,19,819,16548,-18,-278,85,-65,-406,-361
154625,19,831,16532,-20,-279,85,-65,-406,-357
154639,25,831,16531,-12,-279,91,-68,-402,-359
154653,30,825,16543,-12,-276,85,-61,-408,-361
154667,25,831,16556,-19,-279,84,-59,-400,-357
154681,20,824,16550,-18,-278,81,-65,-408,-358
154695,24,830,16548,-16,-278,82,-68,-401,-366
154709,4,822,16547,-17,-282,86,-66,-402,-365
154723,18,820,16553,-20,-283,88,-68,-404,-364
154737,19,818,16542,-14,-279,83,-64,-405,-361
154751,2,821,16537,-13,-286,85,-65,-405,-358
154765,15,825,16546,-13,-273,85,-67,-404,-362
154779,13,839,16537,-19,-277,84,-64,-404,-355
154793,31,837,16519,-16,-279,92,-65,-406,-359
154807,16,822,16542,-17,-279,83,-65,-401,-363
154821,23,818,16541,-19,-280,80,-63,-402,-364
154835,11,825,16540,-22,-283,86,-64,-401,-357
154849,16,821,16531,-22,-279,81,-69,-408,-360
154863,19,830,16550,-20,-273,89,-67,-406,-360
154877,19,830,16544,-18,-281,88,-66,-402,-361
154891,10,817,16549,-18,-276,86,-65,-397,-362
154905,23,825,16556,-20,-278,87,-70,-411,-362
154919,15,829,16544,-21,-283,85,-67,-403,-362
154933,15,811,16535,-21,-280,86,-65,-401,-357
154947,6,816,16545,-21,-276,86,-66,-405,-361
154961,12,805,16537,-15,-280,91,-66,-399,-358
154975,23,826,16552,-21,-274,82,-62,-403,-363
154989,15,829,16529,-19,-279,82,-63,-403,-362
155003,23,828,16538,-13,-276,83,-64,-409,-358
155017,22,821,16547,-20,-275,84,-64,-404,-364
155031,32,832,16542,-16,-278,84,-67,-405,-358
155045,28,813,16538,-21,-274,84,-65,-405,-366
155059,9,821,16562,-24,-284,86,-66,-402,-364
155073,18,827,16557,-16,-277,84,-67,-401,-362
155087,26,825,16539,-19,-277,82,-67,-402,-363
155101,21,835,16545,-20,-276,90,-66,-405,-360
155115,18,825,16539,-25,-277,90,-68,-405,-358
155129,-4,820,16549,-18,-278,84,-70,-405,-362
155143,12,834,16542,-19,-281,88,-70,-399,-364
155157,18,829,16530,-17,-275,83,-66,-404,-360
155171,23,813,16547,-19,-274,87,-62,-403,-360
155185,27,823,16525,-18,-278,83,-65,-405,-364
155199,20,826,16537,-16,-279,85,-63,-401,-366
155213,22,829,16537,-14,-275,83,-69,-402,-366
155227,10,827,16545,-15,-278,84,-63,-401,-363
155241,12,823,16552,-17,-275,86,-60,-403,-362
155255,13,831,16532,-24,-275,89,-66,-404,-367
155269,10,830,16546,-22,-279,89,-67,-399,-362
155283,6,814,16530,-22,-276,90,-66,-398,-364
155297,12,827,16548,-18,-281,92,-67,-404,-362
155311,35,823,16541,-19,-276,91,-69,-404,-366
155325,25,836,16547,-24,-279,92,-65,-404,-362
155339,28,832,16549,-25,-284,93,-60,-409,-360
155353,20,821,16540,-26,-278,89,-64,-400,-365
155367,30,823,16543,-24,-273,89,-71,-404,-367
155381,15,820,16551,-16,-279,82,-71,-398,-357
155395,11,829,16526,-25,-275,84,-65,-403,-360
155409,28,831,16543,-23,-275,88,-65,-402,-361
155423,13,811,16546,-25,-280,92,-67,-396,-363
155437,21,824,16543,-24,-281,88,-65,-405,-361
155451,24,820,16544,-20,-279,83,-66,-400,-357
155465,22,812,16539,-17,-277,83,-62,-401,-362
155479,13,819,16548,-17,-278,81,-67,-402,-361
155493,29,818,16536,-16,-280,91,-63,-401,-367
155507,13,827,16540,-15,-281,89,-63,-404,-363
155521,30,828,16544,-17,-281,84,-62,-405,-359
155535,10,824,16538,-18,-277,94,-60,-399,-358
155549,-2,831,16539,-14,-276,89,-74,-406,-367
155563,19,824,16540,-21,-275,89,-72,-403,-367
155577,20,823,16534,-18,-280,89,-68,-402,-368
155591,31,823,16535,-21,-279,95,-62,-401,-361
155605,43,821,16529,-21,-279,90,-64,-402,-360
155619,25,819,16543,-21,-276,87,-69,-403,-358
155633,23,826,16536,-19,-278,84,-64,-403,-359
155647,22,821,16530,-19,-273,88,-64,-397,-362
155661,22,836,16539,-16,-278,88,-67,-405,-361
155675,13,837,16545,-14,-276,88,-63,-400,-360
155689,15,828,16544,-18,-278,90,-65,-404,-363
155703,13,824,16545,-16,-280,89,-67,-399,-361
155717,17,827,16537,-21,-275,90,-64,-406,-360
155731,14,829,16532,-17,-279,91,-71,-407,-365
155745,16,809,16534,-19,-277,84,-68,-405,-358
155759,20,814,16541,-19,-278,88,-67,-401,-362
155773,21,831,16537,-22,-278,87,-63,-400,-360
155787,28,812,16537,-17,-275,86,-63,-401,-364
155801,13,813,16540,-17,-279,81,-61,-402,-363
155815,14,809,16539,-19,-279,83,-67,-398,-358
155829,17,831,16544,-15,-277,87,-69,-411,-359
155843,12,833,16541,-22,-278,83,-68,-403,-362
155857,5,838,16551,-14,-282,87,-66,-401,-362
155871,23,818,16542,-16,-280,87,-63,-404,-367
155885,14,823,16528,-13,-279,86,-72,-407,-362
155899,21,818,16543,-20,-278,85,-65,-410,-364
155913,24,824,16550,-17,-281,87,-66,-404,-362
155927,11,822,16543,-16,-284,82,-65,-410,-363
155941,19,834,16534,-19,-277,85,-66,-402,-363
155955,14,829,16527,-21,-279,85,-72,-405,-359
155969,13,820,16544,-18,-282,89,-71,-404,-363
155983,20,833,16543,-19,-280,88,-63,-404,-361
155997,28,822,16542,-24,-279,87,-66,-408,-360
156011,26,823,16542,-21,-278,90,-67,-402,-358
156025,28,825,16524,-18,-283,87,-66,-399,-367
156039,29,817,16536,-11,-276,87,-61,-403,-363
156053,16,820,16538,-17,-280,84,-65,-402,-366
156067,27,827,16530,-18,-276,86,-66,-406,-362
156081,21,834,16546,-14,-275,88,-63,-407,-366
156095,11,831,16528,-24,-275,87,-64,-404,-364
156109,21,825,16542,-22,-274,89,-59,-404,-362
156123,21,825,16531,-20,-275,87,-71,-406,-360
156137,22,833,16530,-16,-280,87,-71,-405,-366
156151,27,815,16535,-23,-278,91,-56,-403,-363
156165,13,823,16543,-18,-277,91,-64,-403,-363
156179,26,830,16527,-19,-276,87,-67,-407,-359
156193,22,830,16536,-16,-278,88,-65,-405,-364
156207,24,824,16531,-16,-283,86,-65,-401,-363
156221,17,824,16541,-14,-278,93,-64,-401,-359
156235,24,830,16532,-22,-274,82,-70,-402,-362
156249,24,835,16542,-21,-281,86,-69,-406,-364
156263,7,827,16527,-18,-282,90,-67,-403,-362
156277,23,832,16530,-16,-280,83,-67,-396,-360
156291,31,816,16550,-15,-281,83,-60,-404,-360
156305,27,828,16544,-19,-281,91,-67,-408,-369
156319,18,826,16539,-21,-281,89,-71,-410,-360
156333,21,826,16542,-16,-280,89,-66,-404,-361
156347,14,812,16543,-20,-276,87,-70,-402,-358
156361,19,828,16546,-18,-283,82,-66,-405,-362
156375,14,834,16541,-25,-279,83,-65,-404,-364
156389,12,827,16534,-22,-285,92,-66,-404,-361
156403,13,827,16545,-20,-281,90,-68,-406,-365
156417,32,826,16533,-21,-273,84,-64,-404,-367
156431,23,818,16552,-19,-275,83,-67,-399,-366
156445,34,821,16530,-18,-279,89,-69,-405,-360
156459,23,816,16549,-19,-279,89,-70,-404,-357
156473,10,833,16555,-21,-279,85,-63,-403,-362
156487,21,804,16540,-16,-280,89,-70,-405,-367
156501,22,818,16534,-14,-279,87,-72,-408,-361
156515,0,830,16546,-16,-278,83,-64,-396,-359
156529,19,829,16543,-21,-281,83,-68,-404,-358
156543,29,827,16539,-21,-279,86,-66,-403,-364
156557,13,824,16543,-19,-282,88,-63,-402,-358
156571,30,829,16546,-19,-276,90,-65,-406,-362
156585,27,800,16544,-20,-277,85,-68,-408,-356
156599,22,825,16542,-16,-275,87,-64,-402,-358
156613,22,828,16536,-20,-274,87,-61,-403,-362
156627,19,830,16537,-20,-273,89,-68,-403,-363
156641,15,829,16529,-17,-277,87,-67,-404,-354
156655,16,825,16549,-20,-280,88,-70,-397,-359
156669,4,823,16537,-19,-273,85,-65,-399,-365
156683,8,829,16554,-20,-278,84,-66,-407,-365
156697,24,826,16551,-16,-278,86,-71,-404,-361
156711,31,812,16545,-20,-278,83,-63,-399,-365
156725,19,825,16539,-20,-279,87,-66,-405,-363
156739,24,836,16512,-13,-275,83,-66,-407,-360
156753,12,824,16556,-24,-278,86,-66,-404,-366
156767,4,822,16553,-22,-279,88,-68,-402,-360
156781,14,818,16546,-22,-277,85,-66,-402,-364
156795,11,823,16539,-19,-282,81,-68,-408,-362
156809,10,819,16546,-16,-280,88,-68,-411,-363
156823,15,820,16542,-17,-283,89,-65,-403,-363
156837,7,834,16521,-25,-281,89,-65,-401,-359
156851,45,823,16541,-19,-281,88,-60,-407,-362
156865,18,817,16523,-14,-278,87,-68,-404,-362
156879,16,814,16537,-21,-284,88,-65,-408,-360
156893,21,834,16542,-15,-283,83,-70,-405,-362
156907,13,825,16545,-19,-279,82,-62,-404,-364
156921,15,821,16554,-15,-274,80,-63,-404,-357
156935,17,838,16554,-21,-271,84,-67,-402,-361
156949,16,826,16538,-19,-280,85,-60,-402,-363
156963,17,825,16546,-16,-280,87,-63,-404,-360
156977,17,826,16547,-22,-281,85,-68,-405,-362
156991,39,823,16544,-14,-282,85,-61,-406,-360
157005,21,825,16557,-20,-279,87,-64,-401,-365
157019,12,818,16516,-21,-277,85,-62,-401,-361
157033,10,824,16561,-21,-278,84,-70,-400,-361
157047,15,831,16547,-18,-277,81,-64,-405,-364
157061,11,826,16566,-16,-275,85,-64,-400,-361
157075,14,826,16539,-18,-276,89,-69,-403,-359
157089,25,831,16548,-16,-279,81,-60,-405,-361
157103,18,822,16540,-15,-279,82,-64,-405,-367
157117,16,825,16532,-20,-285,89,-66,-405,-362
157131,29,812,16547,-17,-280,86,-69,-403,-361
157145,35,819,16545,-18,-278,86,-63,-398,-360
157159,24,829,16538,-16,-278,86,-69,-402,-363
157173,0,815,16546,-19,-279,89,-70,-400,-361
157187,18,823,16524,-16,-280,87,-64,-407,-358
157201,26,824,16518,-18,-280,88,-63,-407,-359
157215,16,824,16541,-16,-279,88,-67,-401,-361
157229,14,816,16544,-20,-283,93,-70,-400,-359
157243,20,825,16536,-18,-280,90,-68,-406,-359
157257,34,836,16549,-13,-280,84,-69,-402,-357
157271,28,830,16531,-19,-279,87,-62,-406,-357
157285,23,813,16547,-16,-277,83,-61,-400,-357
157299,22,826,16538,-14,-281,83,-62,-399,-358
157313,25,829,16525,-12,-283,91,-63,-404,-355
157327,16,823,16542,-19,-275,84,-69,-403,-357
157341,13,827,16530,-15,-282,85,-67,-407,-359
157355,19,829,16535,-17,-278,83,-62,-404,-362
157369,22,825,16547,-16,-274,86,-67,-406,-362
157383,21,822,16552,-20,-281,85,-68,-402,-358
157397,5,824,16547,-19,-275,85,-66,-401,-362
157411,39,823,16538,-18,-275,91,-58,-406,-362
157425,32,808,16535,-21,-274,88,-69,-406,-364
157439,39,826,16534,-19,-275,86,-69,-403,-362
157453,15,821,16543,-22,-275,86,-65,-406,-361
157467,15,834,16543,-14,-280,89,-66,-405,-359
157481,23,819,16542,-18,-276,90,-66,-402,-366
157495,15,822,16546,-20,-280,84,-68,-405,-359
157509,17,826,16559,-20,-278,85,-64,-404,-360
157523,26,819,16545,-16,-281,85,-60,-400,-360
157537,36,829,16553,-19,-279,86,-67,-403,-355
157551,22,821,16550,-23,-278,85,-63,-400,-365
157565,14,816,16540,-28,-279,81,-63,-405,-364
157579,16,823,16560,-14,-280,89,-66,-403,-359
157593,8,827,16545,-19,-277,88,-71,-405,-363
157607,6,819,16541,-19,-278,85,-65,-402,-362
157621,14,812,16541,-15,-281,90,-63,-403,-363
157635,18,833,16540,-16,-276,88,-61,-402,-364
157649,27,824,16540,-24,-277,88,-63,-407,-364
157663,7,826,16545,-19,-278,86,-64,-401,-362
157677,16,816,16543,-15,-278,86,-62,-402,-360
157691,29,815,16550,-18,-282,84,-67,-403,-358
157705,25,826,16541,-21,-283,89,-64,-406,-358
157719,25,828,16557,-24,-281,91,-69,-408,-362
157733,14,818,16555,-22,-278,87,-62,-406,-362
157747,24,817,16553,-17,-278,83,-62,-407,-365
157761,10,815,16540,-19,-280,91,-68,-398,-362
157775,10,824,16532,-20,-282,88,-66,-403,-360
157789,9,820,16538,-19,-277,86,-67,-405,-360
157803,22,827,16527,-16,-273,83,-64,-403,-361
157817,24,820,16546,-19,-278,90,-66,-404,-364
157831,23,819,16541,-17,-280,88,-71,-407,-359
157845,20,827,16543,-19,-275,88,-67,-398,-356
157859,23,823,16546,-20,-284,84,-66,-410,-361
157873,8,821,16542,-22,-278,87,-60,-408,-368
157887,16,824,16551,-26,-275,87,-65,-407,-359
157901,15,823,16544,-24,-282,82,-64,-405,-365
157915,20,820,16546,-19,-280,87,-69,-406,-359
157929,14,818,16537,-18,-279,81,-59,-401,-363
157943,23,815,16542,-19,-281,86,-63,-408,-361
157957,22,820,16531,-22,-282,85,-61,-402,-362
157971,14,823,16539,-17,-276,85,-63,-402,-362
157985,28,827,16560,-22,-279,79,-64,-406,-364
157999,17,826,16541,-12,-279,84,-68,-406,-364
158013,11,818,16551,-23,-282,87,-61,-405,-358
158027,21,821,16551,-19,-279,82,-70,-399,-362
158041,20,834,16541,-19,-278,86,-65,-404,-361
158055,22,815,16548,-17,-278,87,-62,-400,-362
158069,17,828,16546,-15,-277,80,-68,-404,-358
158083,24,814,16538,-19,-275,82,-66,-405,-358
158097,13,838,16543,-18,-276,86,-60,-400,-361
158111,26,826,16541,-23,-274,85,-66,-403,-364
158125,24,818,16539,-18,-275,86,-61,-404,-360
158139,15,826,16532,-17,-276,93,-64,-403,-366
158153,17,824,16534,-18,-280,87,-68,-399,-365
158167,14,837,16542,-19,-276,83,-65,-402,-359
158181,15,827,16545,-17,-276,83,-68,-405,-362
158195,4,824,16545,-16,-280,84,-65,-407,-355
158209,18,828,16565,-18,-279,85,-68,-400,-360
158223,33,823,16544,-18,-276,84,-66,-403,-363
158237,45,826,16536,-11,-279,89,-66,-402,-365
158251,30,815,16541,-18,-275,85,-68,-402,-364
158265,22,811,16562,-13,-280,88,-66,-401,-360
158279,28,817,16552,-23,-278,86,-63,-405,-363
158293,27,828,16539,-21,-281,84,-67,-406,-362
158307,17,833,16541,-15,-280,84,-67,-406,-362
158321,6,818,16539,-16,-278,87,-67,-406,-363
158335,16,829,16538,-20,-277,89,-66,-408,-362
158349,4,825,16557,-22,-279,85,-64,-404,-361
158363,9,833,16533,-24,-278,89,-69,-403,-360
158377,26,829,16526,-19,-278,85,-63,-406,-363
158391,24,818,16541,-19,-284,86,-67,-402,-365
158405,12,819,16537,-18,-280,85,-63,-410,-362
158419,17,815,16539,-21,-282,83,-66,-403,-363
158433,19,830,16554,-22,-275,82,-64,-399,-362
158447,9,824,16538,-20,-279,86,-67,-405,-360
158461,15,829,16547,-23,-280,86,-69,-407,-367
158475,32,835,16525,-18,-278,88,-61,-396,-361
158489,21,821,16534,-20,-276,87,-68,-405,-365
158503,35,817,16527,-17,-279,85,-65,-400,-362
158517,26,824,16537,-21,-280,87,-65,-401,-368
158531,35,811,16542,-18,-276,84,-67,-405,-357
158545,7,814,16547,-18,-285,85,-67,-405,-365
158559,17,816,16546,-17,-281,84,-70,-399,-362
158573,24,837,16537,-14,-282,86,-67,-399,-363
158587,16,821,16545,-16,-278,86,-64,-402,-365
158601,17,828,16554,-23,-278,83,-66,-404,-369
158615,17,815,16531,-21,-276,90,-67,-405,-362
158629,26,832,16544,-19,-277,77,-62,-399,-362
158643,15,812,16535,-17,-277,87,-67,-401,-360
158657,28,821,16541,-19,-281,87,-64,-406,-362
158671,36,831,16550,-17,-279,86,-62,-402,-362
158685,14,827,16549,-16,-277,89,-67,-403,-363
158699,28,822,16538,-17,-276,88,-67,-405,-362
158713,24,822,16543,-21,-276,88,-68,-405,-358
158727,23,830,16535,-21,-280,86,-66,-398,-365
158741,16,828,16558,-17,-284,87,-66,-404,-359
158755,14,824,16543,-24,-280,86,-64,-403,-361
158769,23,827,16541,-16,-276,87,-63,-406,-363
158783,28,822,16538,-19,-278,84,-62,-403,-368
158797,27,822,16545,-20,-273,88,-68,-409,-363
158811,17,816,16556,-23,-281,88,-64,-407,-363
158825,34,830,16551,-19,-279,83,-67,-402,-356
158839,19,831,16540,-24,-283,85,-61,-406,-361
158853,27,834,16556,-15,-279,92,-66,-402,-362
158867,14,823,16540,-9,-275,89,-61,-401,-364
158881,10,835,16557,-18,-281,84,-65,-405,-365
158895,20,834,16542,-14,-281,86,-71,-403,-362
158909,14,828,16549,-19,-279,83,-59,-404,-358
158923,24,819,16531,-21,-279,91,-62,-401,-361
158937,33,816,16530,-15,-280,88,-69,-404,-362
158951,25,814,16554,-16,-276,86,-64,-407,-360
158965,17,815,16557,-14,-278,91,-65,-403,-365
158979,31,814,16553,-13,-279,88,-59,-405,-364
158993,18,824,16548,-18,-277,86,-59,-403,-362
159007,14,819,16543,-19,-280,87,-64,-398,-361
159021,21,822,16559,-19,-271,89,-69,-401,-361
159035,12,822,16543,-16,-277,85,-70,-401,-364
159049,24,817,16528,-16,-275,83,-58,-402,-364
159063,35,818,16551,-17,-278,83,-65,-404,-371
159077,34,818,16547,-17,-278,85,-64,-406,-357
159091,19,827,16540,-19,-279,88,-65,-407,-362
159105,19,826,16539,-17,-274,88,-71,-406,-362
159119,26,820,16546,-21,-277,89,-67,-405,-360
159133,20,827,16537,-18,-277,87,-68,-402,-361
159147,11,835,16544,-17,-279,84,-69,-407,-362
159161,19,825,16537,-19,-277,85,-65,-404,-357
159175,22,823,16527,-21,-279,90,-66,-401,-359
159189,24,830,16529,-18,-281,84,-66,-403,-364
159203,29,818,16548,-16,-278,86,-67,-399,-362
159217,22,818,16538,-12,-276,87,-66,-401,-360
159231,24,820,16539,-16,-276,82,-66,-405,-360
159245,25,820,16535,-16,-281,81,-64,-400,-358
159259,14,823,16543,-24,-280,85,-63,-403,-363
159273,24,826,16540,-16,-280,83,-67,-403,-360
159287,14,822,16527,-21,-280,88,-66,-405,-367
159301,27,827,16542,-18,-277,85,-64,-403,-360
159315,12,826,16539,-18,-275,86,-60,-402,-359
159329,15,825,16532,-20,-280,84,-66,-402,-361
159343,13,824,16533,-19,-276,89,-71,-402,-355
159357,23,830,16539,-20,-278,83,-66,-402,-362
159371,27,811,16533,-21,-278,86,-71,-399,-362
159385,20,821,16535,-22,-277,88,-62,-401,-358
159399,24,823,16539,-19,-277,87,-66,-404,-361
159413,11,826,16544,-17,-275,83,-61,-404,-358
159427,22,829,16531,-18,-275,86,-64,-404,-358
159441,10,832,16533,-20,-279,86,-66,-405,-363
159455,31,814,16541,-20,-277,88,-66,-404,-366
159469,16,820,16541,-17,-280,90,-68,-406,-365
159483,23,819,16541,-21,-278,85,-71,-403,-363
159497,20,816,16553,-15,-274,84,-66,-404,-358
159511,12,821,16547,-20,-282,80,-65,-404,-363
159525,32,829,16540,-19,-282,85,-66,-405,-365
159539,27,817,16542,-19,-275,88,-68,-400,-361
159553,22,829,16541,-20,-276,89,-68,-399,-362
159567,19,823,16529,-18,-278,88,-63,-402,-359
159581,24,828,16543,-14,-278,86,-66,-402,-361
159595,33,815,16546,-19,-277,83,-59,-408,-363
159609,18,806,16541,-18,-282,86,-69,-403,-360
159623,23,817,16553,-19,-278,87,-66,-405,-361
159637,19,824,16547,-20,-282,88,-65,-403,-360
159651,41,823,16525,-15,-280,86,-65,-403,-361
159665,19,830,16536,-23,-276,90,-65,-408,-366
159679,6,821,16520,-21,-281,87,-65,-395,-361
159693,18,832,16533,-17,-277,90,-63,-401,-362
159707,13,838,16530,-17,-281,87,-61,-404,-365
159721,11,826,16537,-22,-283,84,-64,-406,-363
159735,0,818,16548,-21,-277,92,-65,-408,-361
159749,20,827,16518,-21,-279,90,-69,-402,-361
159763,25,830,16549,-22,-277,87,-66,-401,-363
159777,14,817,16542,-17,-277,89,-63,-403,-356
159791,1,820,16524,-18,-279,84,-62,-404,-364
159805,19,819,16520,-18,-280,85,-61,-405,-360
159819,18,817,16559,-14,-277,83,-64,-404,-361
159833,14,827,16537,-21,-279,84,-66,-404,-359
159847,15,835,16548,-20,-280,90,-73,-402,-364
159861,20,827,16551,-21,-283,90,-66,-404,-360
159875,23,835,16553,-19,-280,90,-57,-406,-367
159889,31,821,16545,-25,-279,90,-62,-403,-359
159903,34,820,16543,-19,-279,88,-65,-405,-361
159917,32,811,16532,-24,-276,84,-65,-404,-362
159931,23,820,16533,-20,-277,85,-66,-401,-363
159945,14,830,16526,-19,-280,86,-65,-404,-356
159959,12,823,16537,-20,-283,91,-64,-400,-364
159973,30,836,16548,-19,-277,93,-63,-406,-361
159987,17,826,16535,-16,-280,85,-65,-400,-364
160001,20,819,16540,-17,-280,86,-67,-402,-365
160015,11,829,16548,-20,-283,85,-63,-401,-361
160029,25,817,16536,-20,-282,83,-62,-405,-363
160043,20,824,16533,-17,-280,85,-65,-402,-362
160057,16,827,16533,-20,-276,88,-66,-401,-363
160071,15,811,16541,-16,-277,84,-62,-405,-364
160085,11,835,16544,-17,-276,81,-62,-408,-362
160099,18,813,16528,-20,-279,87,-61,-405,-364
160113,0,823,16513,-22,-280,87,-64,-401,-365
160127,5,811,16544,-16,-274,85,-65,-403,-360
160141,3,813,16544,-16,-276,87,-63,-405,-362
160155,17,833,16539,-20,-278,87,-66,-401,-361
160169,10,807,16528,-16,-277,82,-65,-406,-360
160183,30,835,16538,-17,-275,86,-67,-405,-364
160197,28,817,16544,-16,-276,85,-62,-403,-361
160211,27,826,16531,-21,-278,87,-64,-398,-365
160225,26,813,16529,-19,-278,85,-65,-399,-361
160239,13,824,16537,-20,-280,85,-60,-404,-362
160253,14,815,16540,-19,-273,85,-69,-403,-364
160267,13,829,16546,-14,-275,86,-63,-408,-358
160281,7,827,16538,-20,-278,87,-67,-403,-365
160295,8,834,16541,-20,-277,88,-65,-406,-361
160309,22,823,16537,-21,-278,83,-63,-404,-363
160323,15,824,16519,-21,-280,91,-61,-405,-365
160337,12,810,16542,-24,-277,89,-68,-408,-365
160351,26,828,16547,-17,-280,89,-60,-407,-359
160365,31,820,16532,-12,-281,86,-71,-402,-363
160379,12,840,16520,-16,-282,87,-70,-409,-362
160393,17,817,16528,-22,-282,83,-67,-401,-360
160407,14,827,16531,-14,-282,80,-65,-403,-363
160421,11,824,16549,-20,-278,88,-71,-403,-359
160435,22,817,16553,-14,-276,81,-66,-403,-364
160449,22,818,16532,-21,-276,86,-65,-404,-357
160463,14,828,16525,-21,-282,85,-66,-400,-360
160477,22,817,16531,-14,-278,85,-64,-407,-358
160491,31,821,16528,-19,-276,83,-68,-404,-364
160505,22,820,16530,-20,-278,84,-64,-407,-362
160519,26,820,16526,-21,-281,85,-62,-396,-365
160533,3,822,16526,-18,-274,84,-65,-403,-362
160547,16,825,16545,-21,-280,84,-62,-404,-360
160561,20,824,16533,-20,-279,85,-69,-403,-360
160575,6,825,16526,-23,-278,85,-65,-403,-362
160589,24,826,16535,-20,-275,85,-66,-399,-365
160603,15,813,16528,-17,-275,87,-69,-406,-361
160617,16,807,16530,-23,-278,83,-64,-400,-361
160631,9,823,16521,-19,-281,83,-64,-405,-361
160645,16,831,16542,-20,-278,87,-67,-403,-362
160659,14,824,16539,-17,-283,88,-63,-407,-365
160673,29,826,16527,-18,-281,87,-61,-408,-359
160687,19,837,16536,-15,-275,89,-60,-407,-365
160701,13,830,16544,-16,-279,87,-64,-403,-367
160715,32,828,16535,-17,-275,84,-68,-401,-364
160729,17,814,16543,-18,-280,85,-61,-404,-360
160743,27,824,16545,-14,-280,86,-66,-406,-361
160757,23,826,16531,-17,-281,85,-61,-402,-366
160771,10,816,16544,-24,-281,84,-65,-404,-358
160785,25,823,16530,-15,-280,88,-63,-403,-362
160799,31,826,16527,-15,-275,84,-63,-403,-364
160813,19,824,16547,-14,-279,85,-68,-408,-358
160827,16,817,16538,-17,-276,89,-68,-396,-361
160841,17,821,16551,-19,-279,97,-65,-404,-364
160855,4,832,16543,-18,-284,88,-66,-406,-362
160869,9,819,16547,-18,-275,81,-65,-406,-364
160883,30,816,16546,-17,-282,86,-60,-398,-362
160897,20,829,16534,-18,-282,83,-68,-403,-366
160911,28,810,16532,-13,-277,86,-64,-405,-363
160925,22,820,16535,-17,-275,91,-65,-403,-367
160939,13,820,16535,-13,-277,82,-63,-408,-364
160953,1,815,16543,-12,-279,84,-67,-404,-358
160967,8,821,16524,-19,-276,81,-65,-403,-365
160981,6,820,16530,-22,-280,82,-63,-401,-364
160995,16,833,16550,-21,-281,83,-63,-395,-364
161009,18,822,16532,-18,-282,84,-63,-400,-363
161023,28,829,16534,-13,-280,83,-69,-400,-358
161037,25,813,16533,-16,-277,82,-67,-402,-359
161051,19,823,16535,-14,-283,86,-65,-407,-370
161065,16,832,16527,-21,-276,86,-69,-404,-358
161079,16,818,16537,-14,-280,84,-68,-402,-365
161093,15,840,16527,-17,-277,86,-70,-401,-360
161107,22,821,16537,-17,-279,85,-69,-403,-358
161121,36,821,16542,-24,-275,89,-65,-398,-359
161135,17,815,16538,-21,-279,82,-68,-400,-365
161149,20,799,16554,-21,-281,88,-73,-401,-358
161163,21,802,16534,-16,-276,89,-66,-404,-363
161177,22,811,16550,-14,-282,89,-65,-405,-365
161191,16,816,16536,-17,-274,92,-68,-403,-360
161205,18,826,16539,-17,-277,86,-70,-404,-366
161219,23,823,16538,-18,-279,87,-67,-408,-362
161233,27,822,16540,-21,-276,83,-55,-406,-360
161247,16,824,16526,-19,-277,87,-63,-404,-358
161261,16,815,16538,-19,-277,90,-63,-402,-361
161275,5,824,16547,-23,-275,90,-65,-406,-361
161289,31,827,16541,-19,-277,89,-65,-405,-361
161303,20,816,16541,-21,-273,84,-63,-401,-361
161317,9,814,16535,-17,-279,89,-66,-404,-367
161331,16,833,16540,-18,-282,85,-69,-406,-361
161345,26,816,16545,-14,-284,83,-71,-409,-360
161359,16,819,16539,-20,-279,86,-68,-401,-360
161373,15,827,16535,-21,-283,90,-65,-402,-359
161387,22,812,16525,-22,-274,83,-63,-404,-362
161401,20,820,16552,-21,-279,82,-66,-401,-362
161415,8,830,16524,-16,-277,79,-68,-403,-366
161429,16,828,16547,-20,-275,86,-69,-402,-359
161443,15,814,16523,-25,-278,87,-67,-405,-363
161457,15,817,16536,-14,-276,86,-62,-408,-360
161471,15,820,16541,-17,-279,86,-72,-409,-362
161485,3,825,16546,-19,-276,84,-62,-407,-363
161499,8,811,16537,-16,-278,82,-64,-402,-362
161513,17,834,16530,-15,-277,87,-61,-402,-362
161527,16,825,16558,-19,-279,88,-62,-406,-359
161541,22,823,16536,-21,-279,88,-66,-402,-362
161555,24,818,16538,-18,-273,85,-57,-403,-361
161569,14,817,16533,-18,-280,84,-66,-402,-359
161583,18,828,16550,-22,-279,82,-69,-407,-362
161597,20,807,16534,-15,-276,84,-62,-405,-365
161611,17,816,16532,-16,-278,86,-65,-410,-362
161625,27,821,16533,-17,-278,88,-64,-401,-366
161639,28,819,16546,-20,-274,86,-71,-405,-363
161653,27,818,16529,-23,-277,82,-68,-404,-361
161667,17,826,16529,-22,-275,88,-65,-399,-358
161681,4,832,16547,-18,-276,85,-64,-406,-360
161695,18,819,16540,-20,-278,87,-65,-403,-365
161709,25,836,16549,-23,-276,81,-64,-410,-359
161723,9,829,16543,-16,-285,83,-63,-401,-364
161737,21,828,16535,-18,-279,83,-67,-404,-368
161751,29,818,16539,-18,-278,86,-65,-405,-359
161765,18,822,16526,-20,-284,85,-65,-399,-363
161779,35,816,16549,-20,-280,84,-64,-403,-365
161793,23,818,16532,-18,-278,83,-65,-401,-367
161807,20,819,16538,-18,-280,84,-62,-401,-364
161821,20,826,16524,-23,-276,83,-63,-406,-361
161835,-5,826,16537,-14,-283,91,-68,-402,-366
161849,9,816,16529,-15,-284,85,-64,-404,-364
161863,34,821,16536,-17,-280,82,-63,-405,-371
161877,16,819,16538,-19,-283,84,-60,-404,-366
161891,18,817,16553,-19,-276,83,-68,-401,-363
161905,14,818,16562,-20,-279,85,-63,-403,-362
161919,31,825,16533,-14,-279,85,-67,-406,-358
161933,12,826,16539,-17,-278,88,-61,-405,-359
161947,17,814,16531,-23,-276,86,-66,-403,-361
161961,19,827,16541,-21,-277,89,-69,-400,-360
161975,20,830,16540,-18,-281,88,-62,-407,-364
161989,8,816,16540,-19,-278,83,-68,-402,-358
162003,13,814,16525,-19,-279,89,-69,-403,-367
162017,-2,814,16539,-15,-277,83,-61,-407,-361
162031,22,821,16558,-18,-279,87,-63,-402,-365
162045,24,809,16535,-17,-279,82,-64,-404,-362
162059,25,829,16554,-13,-281,86,-66,-404,-365
162073,21,825,16543,-15,-276,90,-64,-401,-365
162087,13,831,16538,-18,-277,83,-70,-402,-365
162101,27,823,16534,-17,-276,87,-69,-405,-360
162115,12,821,16547,-16,-280,83,-67,-406,-360
162129,6,825,16547,-20,-278,84,-62,-407,-359
162143,18,820,16536,-25,-278,87,-64,-403,-361
162157,31,824,16551,-15,-281,88,-60,-399,-357
162171,19,818,16540,-14,-278,87,-66,-408,-366
162185,34,823,16557,-17,-278,88,-65,-404,-360
162199,17,815,16547,-20,-279,88,-64,-399,-363
162213,8,827,16529,-14,-276,86,-67,-405,-361
162227,30,821,16544,-15,-275,85,-70,-406,-364
162241,-3,826,16557,-19,-279,85,-65,-400,-364
162255,15,831,16548,-20,-276,81,-64,-404,-363
162269,14,827,16550,-21,-278,85,-64,-399,-364
162283,29,822,16538,-17,-277,86,-62,-407,-364
162297,14,820,16548,-19,-276,85,-68,-407,-364
162311,25,822,16550,-18,-278,85,-65,-404,-366
162325,19,814,16535,-13,-279,89,-65,-399,-361
162339,15,823,16551,-15,-281,84,-64,-407,-359
162353,32,825,16530,-16,-278,82,-67,-398,-368
162367,6,823,16549,-17,-281,85,-60,-397,-359
162381,26,817,16544,-14,-278,81,-66,-410,-363
162395,17,818,16548,-18,-281,85,-61,-405,-357
162409,4,822,16536,-20,-281,85,-65,-402,-364
162423,18,820,16535,-21,-278,93,-69,-405,-362
162437,26,820,16545,-18,-278,91,-61,-402,-360
162451,13,814,16549,-23,-273,91,-66,-406,-364
162465,8,826,16537,-14,-278,85,-67,-405,-365
162479,33,826,16538,-22,-276,85,-61,-402,-362
162493,20,826,16542,-14,-279,84,-68,-404,-364
162507,14,828,16542,-21,-279,87,-67,-407,-364
162521,21,818,16542,-19,-282,84,-69,-406,-364
162535,21,822,16525,-20,-276,84,-62,-401,-362
162549,21,827,16536,-17,-277,87,-65,-403,-362
162563,19,818,16547,-17,-281,87,-64,-403,-367
162577,34,821,16545,-18,-278,91,-69,-401,-363
162591,29,828,16544,-21,-279,87,-65,-403,-361
162605,3,813,16540,-16,-280,85,-61,-407,-359
162619,17,810,16537,-15,-279,88,-66,-407,-362
162633,34,821,16551,-16,-279,84,-66,-403,-365
162647,13,821,16525,-25,-280,87,-65,-406,-360
162661,21,822,16536,-19,-278,89,-63,-402,-361
162675,13,821,16538,-18,-284,86,-58,-402,-355
162689,15,817,16528,-24,-276,81,-61,-406,-360
162703,16,816,16541,-17,-276,88,-69,-401,-363
162717,20,829,16535,-23,-276,88,-59,-404,-358
162731,24,818,16561,-21,-278,93,-64,-403,-360
162745,12,828,16548,-17,-281,88,-69,-402,-359
162759,20,824,16544,-17,-279,91,-65,-407,-363
162773,28,824,16537,-11,-279,86,-66,-399,-357
162787,19,814,16550,-16,-276,86,-64,-405,-361
162801,30,834,16539,-17,-272,81,-67,-405,-364
162815,3,836,16536,-22,-276,83,-66,-399,-358
162829,25,825,16528,-16,-278,86,-68,-406,-367
162843,12,812,16539,-24,-279,87,-64,-401,-363
162857,23,831,16534,-21,-278,88,-66,-403,-362
162871,20,826,16547,-15,-278,80,-65,-403,-363
162885,30,828,16542,-17,-274,87,-68,-403,-353
162899,27,838,16545,-15,-280,90,-68,-403,-356
162913,20,819,16534,-21,-273,84,-63,-404,-356
162927,12,825,16549,-19,-278,88,-63,-410,-365
162941,10,824,16535,-23,-279,85,-59,-404,-362
162955,19,819,16539,-20,-283,91,-62,-405,-360
162969,16,834,16538,-19,-278,82,-62,-406,-361
162983,16,817,16553,-20,-279,90,-66,-404,-360
162997,16,821,16526,-21,-279,88,-72,-405,-363
163011,21,827,16560,-25,-276,88,-64,-398,-360
163025,21,824,16554,-25,-278,91,-66,-405,-365
163039,21,821,16525,-19,-274,88,-66,-406,-364
163053,6,820,16546,-20,-278,85,-63,-402,-360
163067,28,822,16540,-17,-275,90,-66,-402,-361
163081,11,829,16542,-19,-278,85,-66,-405,-364
163095,20,820,16547,-22,-276,88,-64,-407,-361
163109,28,840,16532,-20,-278,88,-66,-401,-363
163123,32,828,16538,-21,-275,84,-63,-402,-355
163137,12,807,16541,-19,-282,88,-67,-405,-364
163151,13,820,16532,-19,-274,90,-63,-405,-358
163165,27,825,16538,-18,-276,85,-70,-403,-359
163179,23,837,16542,-15,-281,87,-69,-399,-365
163193,18,829,16550,-19,-283,85,-68,-404,-361
163207,17,812,16538,-19,-283,84,-67,-410,-363
163221,8,816,16539,-19,-275,91,-72,-408,-361
163235,37,819,16545,-15,-277,89,-66,-405,-363
163249,18,833,16544,-19,-271,89,-64,-402,-363
163263,20,827,16533,-19,-281,91,-68,-404,-362
163277,20,820,16545,-20,-277,89,-63,-402,-362
163291,40,828,16553,-18,-276,92,-67,-403,-365
163305,21,834,16548,-21,-280,88,-66,-402,-364
163319,19,820,16533,-24,-280,92,-66,-402,-360
163333,15,828,16538,-20,-273,88,-63,-405,-359
163347,29,824,16542,-19,-275,86,-66,-405,-364
163361,26,828,16541,-19,-278,86,-63,-400,-367
163375,6,823,16530,-15,-277,88,-61,-398,-364
163389,23,829,16537,-20,-279,88,-70,-410,-364
163403,34,820,16557,-15,-272,87,-67,-399,-362
163417,21,816,16546,-22,-277,90,-70,-401,-355
163431,7,819,16534,-16,-279,89,-63,-404,-362
163445,28,828,16532,-18,-279,89,-68,-401,-362
163459,25,800,16546,-21,-278,86,-70,-407,-361
163473,13,811,16543,-17,-276,87,-63,-404,-363
163487,35,828,16543,-19,-277,83,-68,-399,-361
163501,11,831,16539,-15,-278,80,-67,-407,-363
163515,20,833,16535,-16,-282,88,-67,-406,-358
163529,13,823,16550,-19,-282,92,-63,-404,-362
163543,31,824,16536,-20,-277,90,-62,-403,-361
163557,3,811,16563,-23,-275,89,-62,-409,-362
163571,23,829,16541,-21,-283,89,-64,-410,-361
163585,32,829,16547,-18,-283,86,-65,-407,-358
163599,26,817,16533,-21,-278,88,-64,-409,-363
163613,4,833,16553,-18,-280,87,-65,-405,-359
163627,16,820,16548,-18,-277,86,-68,-400,-360
163641,14,823,16539,-18,-275,85,-69,-405,-367
163655,10,830,16547,-21,-281,87,-66,-401,-363
163669,19,823,16538,-18,-279,86,-67,-406,-365
163683,8,824,16547,-20,-278,90,-69,-404,-361
163697,33,825,16551,-15,-283,86,-66,-401,-361
163711,25,823,16537,-16,-275,85,-71,-404,-360
163725,19,822,16540,-17,-279,89,-64,-406,-362
163739,28,820,16555,-16,-277,87,-68,-403,-364
163753,35,821,16546,-18,-278,90,-60,-405,-364
163767,25,830,16549,-18,-279,87,-64,-401,-361
163781,26,824,16521,-17,-281,88,-63,-402,-359
163795,5,814,16547,-21,-279,88,-62,-401,-362
163809,14,818,16536,-19,-276,85,-64,-400,-361
163823,22,828,16547,-18,-277,88,-64,-405,-354
163837,18,815,16546,-18,-279,88,-63,-408,-362
163851,10,837,16539,-17,-278,86,-69,-408,-355
163865,21,818,16534,-18,-275,87,-63,-405,-358
163879,32,823,16537,-16,-279,82,-68,-407,-362
163893,12,824,16555,-10,-278,83,-68,-403,-362
163907,13,817,16548,-13,-278,86,-64,-404,-356
163921,25,824,16542,-18,-282,83,-68,-404,-362
163935,9,827,16555,-19,-283,84,-63,-400,-357
163949,20,830,16552,-20,-277,86,-61,-406,-364
163963,13,834,16552,-20,-277,92,-64,-401,-363
163977,19,834,16544,-20,-282,88,-64,-401,-363
163991,24,819,16555,-17,-276,90,-61,-401,-360
164005,8,815,16540,-18,-281,87,-65,-404,-362
164019,1,824,16534,-17,-280,86,-68,-399,-364
164033,25,824,16550,-18,-277,85,-62,-406,-359
164047,27,828,16555,-17,-282,89,-66,-404,-359
164061,11,819,16543,-15,-279,83,-63,-401,-367
164075,22,817,16542,-16,-275,84,-64,-401,-359
164089,11,824,16556,-22,-279,85,-64,-403,-361
164103,22,833,16546,-20,-277,87,-69,-399,-356
164117,14,815,16552,-18,-277,90,-71,-401,-358
164131,8,813,16543,-20,-279,92,-61,-406,-359
164145,19,829,16540,-22,-275,91,-63,-405,-357
164159,18,837,16546,-18,-280,87,-62,-400,-365
164173,4,817,16540,-16,-280,84,-71,-406,-362
164187,24,829,16538,-16,-271,86,-65,-404,-364
164201,17,826,16536,-23,-278,86,-65,-397,-363
164215,19,822,16556,-17,-281,86,-65,-406,-361
164229,18,827,16553,-15,-277,86,-65,-406,-364
164243,33,828,16543,-15,-282,85,-66,-408,-362
164257,14,832,16549,-23,-280,87,-71,-407,-364
164271,31,829,16552,-25,-276,88,-60,-406,-364
164285,26,821,16544,-18,-278,88,-62,-397,-365
164299,19,835,16550,-20,-278,88,-66,-403,-359
164313,32,838,16533,-20,-276,86,-63,-402,-360
164327,20,820,16549,-20,-279,87,-67,-406,-364
164341,10,818,16544,-19,-273,82,-67,-405,-364
164355,15,811,16548,-15,-284,85,-65,-399,-366
164369,8,821,16550,-19,-279,83,-67,-405,-360
164383,19,815,16533,-23,-281,86,-64,-407,-367
164397,13,833,16555,-19,-282,82,-63,-407,-361
164411,15,827,16549,-21,-280,80,-67,-403,-365
164425,29,829,16562,-15,-273,85,-64,-402,-365
164439,19,824,16543,-19,-280,79,-66,-400,-359
164453,22,819,16543,-23,-277,84,-68,-400,-365
164467,11,820,16545,-18,-277,87,-66,-404,-360
164481,19,821,16544,-21,-279,87,-66,-405,-365
164495,19,823,16541,-16,-281,86,-63,-401,-362
164509,10,828,16537,-18,-283,86,-75,-400,-366
164523,18,822,16531,-20,-286,86,-64,-406,-361
164537,20,815,16541,-21,-281,86,-65,-406,-366
164551,17,819,16545,-14,-276,93,-67,-404,-363
164565,16,820,16559,-16,-278,86,-69,-402,-365
164579,21,829,16550,-22,-275,87,-68,-399,-363
164593,18,837,16543,-21,-279,82,-69,-406,-361
164607,22,827,16563,-18,-277,89,-66,-405,-364
164621,22,825,16534,-18,-278,89,-66,-407,-363
164635,20,834,16541,-22,-280,88,-68,-405,-362
164649,20,833,16554,-15,-277,85,-65,-409,-358
164663,14,822,16550,-23,-276,87,-72,-407,-361
164677,27,828,16557,-19,-277,85,-68,-403,-364
164691,19,813,16543,-22,-275,81,-66,-400,-363
164705,26,820,16538,-20,-278,84,-62,-402,-363
164719,18,831,16548,-15,-284,84,-66,-397,-365
164733,19,821,16537,-18,-278,89,-61,-395,-363
164747,19,818,16549,-17,-276,85,-64,-402,-361
164761,3,825,16545,-21,-281,88,-62,-397,-365
164775,20,819,16528,-21,-278,91,-60,-406,-360
164789,19,826,16556,-15,-276,84,-68,-403,-359
164803,24,823,16539,-16,-281,86,-65,-404,-362
164817,19,828,16542,-20,-280,86,-61,-403,-360
164831,15,825,16542,-22,-280,88,-65,-409,-357
164845,25,825,16535,-18,-280,85,-65,-407,-357
164859,16,812,16522,-18,-279,90,-63,-407,-359
164873,21,811,16530,-20,-281,85,-63,-402,-361
164887,19,819,16544,-22,-281,86,-66,-400,-365
164901,9,830,16553,-18,-279,86,-69,-404,-361
164915,19,826,16542,-13,-276,85,-62,-403,-363
164929,27,821,16527,-19,-278,83,-66,-404,-363
164943,18,823,16542,-24,-281,85,-60,-405,-365
164957,9,825,16542,-17,-280,89,-66,-401,-358
164971,27,831,16540,-18,-276,89,-68,-406,-364
164985,19,821,16530,-25,-277,91,-64,-397,-361
164999,7,822,16544,-18,-276,93,-68,-402,-357
165013,13,825,16529,-23,-278,88,-66,-407,-361
165027,18,825,16554,-19,-277,90,-61,-400,-361
165041,19,838,16547,-18,-283,85,-69,-403,-361
165055,25,818,16535,-24,-277,92,-66,-407,-360
165069,13,828,16548,-23,-281,85,-65,-406,-368
165083,17,830,16543,-23,-280,86,-69,-405,-366
165097,29,815,16529,-17,-281,84,-65,-406,-362
165111,15,829,16545,-17,-286,87,-64,-404,-361
165125,30,828,16543,-19,-279,90,-66,-409,-366
165139,17,828,16523,-20,-276,87,-63,-402,-359
165153,26,826,16522,-21,-283,86,-65,-403,-364
165167,7,818,16544,-17,-282,88,-65,-404,-357
165181,21,828,16527,-14,-281,86,-69,-398,-361
165195,14,820,16545,-19,-282,89,-64,-405,-365
165209,16,827,16534,-14,-278,83,-68,-403,-362
165223,20,827,16536,-19,-280,88,-60,-402,-358
165237,28,832,16537,-16,-277,95,-63,-404,-362
165251,11,821,16547,-19,-280,92,-67,-401,-359
165265,32,815,16555,-16,-278,86,-68,-400,-362
165279,19,819,16551,-19,-275,86,-68,-407,-362
165293,8,816,16538,-18,-278,85,-67,-406,-358
165307,34,826,16540,-15,-283,91,-66,-406,-364
165321,16,836,16566,-12,-278,87,-71,-406,-358
165335,8,821,16515,-19,-284,85,-70,-407,-359
165349,25,828,16535,-23,-279,88,-65,-402,-359
165363,11,824,16532,-20,-276,88,-63,-404,-359
165377,26,828,16542,-23,-276,86,-67,-401,-361
165391,14,830,16542,-21,-279,84,-67,-404,-363
165405,8,825,16527,-23,-278,92,-61,-405,-361
165419,21,827,16545,-22,-274,88,-64,-406,-359
165433,19,831,16544,-20,-277,86,-62,-406,-358
165447,26,827,16534,-18,-274,84,-62,-401,-359
165461,27,822,16535,-16,-276,86,-59,-406,-360
165475,8,831,16544,-19,-278,83,-62,-406,-361
165489,23,825,16541,-21,-282,86,-61,-404,-356
165503,24,827,16539,-15,-274,87,-68,-407,-365
165517,14,826,16534,-15,-277,86,-65,-409,-360
165531,6,820,16552,-13,-278,87,-69,-409,-360
165545,33,837,16541,-18,-286,89,-67,-402,-366
165559,12,827,16533,-16,-278,87,-62,-402,-363
165573,35,825,16540,-16,-283,90,-67,-402,-364
165587,15,821,16531,-20,-276,86,-68,-410,-366
165601,17,826,16515,-12,-278,90,-63,-406,-364
165615,30,824,16551,-21,-281,86,-62,-407,-366
165629,13,821,16529,-20,-279,90,-65,-399,-361
165643,24,824,16528,-25,-275,89,-68,-403,-362
165657,11,823,16539,-19,-277,87,-68,-397,-366
165671,19,816,16542,-20,-280,89,-62,-403,-357
165685,21,823,16531,-17,-279,87,-69,-405,-361
165699,23,821,16543,-19,-276,87,-64,-405,-358
165713,20,829,16545,-21,-279,88,-66,-405,-360
165727,16,822,16535,-20,-278,87,-68,-407,-364
165741,20,820,16540,-18,-279,84,-70,-401,-362
165755,14,819,16548,-22,-277,85,-67,-401,-362
165769,36,822,16541,-20,-280,85,-64,-403,-360
165783,11,824,16544,-20,-284,85,-65,-405,-360
165797,18,820,16519,-23,-276,86,-66,-406,-362
165811,18,820,16526,-19,-279,84,-65,-404,-359
165825,25,827,16539,-15,-278,84,-59,-405,-359
165839,18,827,16537,-18,-274,87,-67,-401,-359
165853,33,812,16542,-14,-274,88,-71,-408,-360
165867,31,809,16547,-16,-276,89,-66,-403,-360
165881,22,817,16539,-20,-277,82,-67,-399,-360
165895,24,819,16528,-17,-283,88,-62,-407,-360
165909,23,817,16540,-20,-282,90,-67,-403,-359
165923,10,824,16543,-18,-274,90,-63,-404,-358
165937,20,813,16547,-22,-280,85,-62,-406,-364
165951,13,823,16557,-17,-278,87,-68,-404,-359
165965,15,832,16536,-19,-274,86,-65,-405,-363
165979,20,819,16540,-18,-278,89,-62,-410,-367
165993,18,821,16540,-23,-280,85,-67,-408,-360
166007,23,833,16535,-22,-276,83,-65,-406,-366
166021,14,827,16532,-22,-281,87,-63,-405,-361
166035,16,835,16545,-22,-275,84,-64,-402,-360
166049,29,838,16545,-19,-278,86,-68,-403,-365
166063,13,826,16533,-20,-281,87,-68,-410,-363
166077,14,824,16531,-14,-281,82,-62,-408,-363
166091,13,831,16538,-18,-280,83,-65,-405,-366
166105,14,807,16553,-16,-280,87,-66,-406,-360
166119,12,827,16527,-18,-277,83,-64,-401,-362
166133,18,830,16540,-16,-282,83,-60,-399,-361
166147,26,823,16534,-19,-278,85,-66,-397,-357
166161,22,822,16531,-15,-275,86,-68,-406,-366
166175,4,813,16561,-20,-281,83,-66,-402,-363
166189,21,828,16539,-17,-280,80,-66,-402,-364
166203,11,819,16535,-15,-280,86,-61,-403,-365
166217,11,835,16542,-21,-280,86,-67,-406,-366
166231,16,827,16543,-11,-283,84,-66,-400,-364
166245,33,825,16543,-18,-283,88,-64,-404,-363
166259,17,833,16529,-23,-280,88,-61,-400,-363
166273,16,828,16537,-22,-277,87,-63,-404,-365
166287,22,821,16545,-18,-279,83,-68,-404,-361
166301,29,814,16536,-17,-280,86,-69,-403,-361
166315,16,820,16542,-22,-281,86,-59,-397,-364
166329,17,818,16519,-18,-282,86,-67,-401,-358
166343,9,821,16534,-18,-279,86,-61,-402,-365
166357,21,818,16547,-17,-275,83,-65,-404,-363
166371,23,834,16548,-15,-284,88,-65,-409,-363
166385,15,822,16536,-13,-280,86,-67,-402,-364
166399,3,821,16539,-16,-281,80,-65,-408,-359
166413,14,824,16541,-14,-280,83,-66,-403,-363
166427,16,827,16559,-21,-282,82,-64,-407,-366
166441,25,823,16539,-17,-280,82,-66,-401,-366
166455,15,815,16537,-15,-277,86,-61,-403,-366
166469,15,824,16549,-20,-271,87,-66,-397,-360
166483,32,821,16543,-17,-278,81,-65,-401,-362
166497,18,820,16527,-24,-279,86,-63,-403,-365
166511,14,820,16534,-16,-280,89,-63,-403,-364
166525,10,823,16543,-18,-281,86,-64,-402,-363
166539,18,830,16549,-17,-279,85,-61,-405,-366
166553,22,821,16537,-18,-276,84,-66,-402,-361
166567,19,826,16538,-16,-280,83,-65,-405,-365
166581,18,825,16524,-22,-275,85,-70,-406,-360
166595,29,827,16535,-24,-279,85,-66,-406,-365
166609,32,814,16527,-16,-280,86,-64,-408,-361
166623,5,819,16530,-16,-280,91,-68,-406,-361
166637,13,814,16551,-15,-277,85,-66,-401,-363
166651,10,834,16539,-18,-279,84,-68,-402,-362
166665,31,826,16536,-26,-276,85,-64,-402,-365
166679,18,827,16549,-25,-276,89,-61,-399,-361
166693,23,828,16547,-23,-281,91,-66,-405,-362
166707,15,825,16544,-22,-273,89,-64,-402,-364
166721,22,823,16534,-17,-275,91,-62,-408,-363
166735,18,818,16545,-17,-273,86,-63,-406,-361
166749,32,825,16521,-15,-278,84,-71,-403,-359
166763,24,834,16543,-19,-278,89,-63,-404,-361
166777,29,830,16529,-15,-283,87,-65,-403,-359
166791,34,820,16543,-18,-278,87,-62,-405,-368
166805,21,819,16535,-14,-278,87,-65,-405,-364
166819,13,821,16546,-14,-273,90,-66,-400,-362
166833,10,837,16532,-19,-272,85,-64,-406,-358
166847,15,816,16542,-19,-277,81,-63,-401,-357
166861,26,827,16548,-16,-280,89,-63,-400,-365
166875,32,816,16545,-17,-278,86,-63,-396,-362
166889,20,822,16539,-21,-280,90,-72,-404,-363
166903,13,818,16539,-18,-277,89,-63,-409,-364
166917,16,831,16544,-13,-277,91,-71,-404,-362
166931,32,818,16532,-20,-279,89,-64,-402,-362
166945,19,828,16527,-23,-277,87,-62,-404,-362
166959,16,829,16541,-20,-281,90,-67,-406,-361
166973,16,828,16545,-21,-286,89,-64,-403,-365
166987,26,834,16544,-16,-279,87,-64,-404,-364
167001,12,815,16551,-19,-281,87,-62,-404,-361
167015,26,825,16550,-18,-280,85,-64,-407,-362
167029,26,819,16539,-17,-276,87,-69,-407,-363
167043,27,822,16524,-15,-284,93,-65,-400,-362
167057,23,817,16546,-19,-283,85,-68,-406,-359
167071,28,826,16547,-20,-277,86,-66,-402,-358
167085,22,827,16549,-17,-276,86,-67,-404,-361
167099,15,825,16535,-22,-280,85,-67,-403,-364
167113,25,820,16535,-23,-280,89,-72,-402,-366
167127,27,831,16543,-21,-279,94,-66,-403,-361
167141,19,816,16544,-20,-276,89,-65,-409,-366
167155,19,824,16562,-15,-277,88,-66,-403,-360
167169,28,833,16554,-15,-281,84,-62,-398,-364
167183,11,831,16537,-18,-274,86,-65,-403,-364
167197,23,816,16539,-19,-278,82,-65,-399,-366
167211,21,819,16543,-14,-281,83,-63,-403,-365
167225,16,826,16551,-14,-279,87,-68,-403,-360
167239,12,821,16543,-16,-274,87,-64,-402,-362
167253,32,827,16533,-21,-276,84,-68,-405,-366
167267,12,833,16550,-20,-280,83,-64,-402,-367
167281,17,813,16527,-21,-282,86,-65,-403,-367
167295,16,825,16552,-21,-277,82,-65,-403,-365
167309,18,832,16552,-20,-279,84,-67,-407,-362
167323,34,827,16524,-13,-275,85,-64,-405,-360
167337,27,823,16547,-13,-273,81,-71,-403,-363
167351,25,821,16564,-17,-279,90,-66,-404,-358
167365,18,825,16550,-23,-277,84,-69,-408,-361
167379,27,819,16547,-23,-280,87,-67,-409,-365
167393,20,820,16531,-19,-279,86,-65,-399,-363
167407,20,830,16544,-19,-279,88,-64,-406,-358
167421,12,834,16553,-18,-274,88,-70,-404,-364
167435,20,839,16543,-21,-282,88,-71,-407,-364
167449,10,821,16538,-20,-276,86,-64,-406,-361
167463,12,822,16537,-19,-280,84,-66,-397,-362
167477,25,818,16532,-25,-281,86,-67,-401,-364
167491,24,818,16551,-21,-281,83,-68,-406,-363
167505,18,830,16530,-25,-278,85,-70,-400,-361
167519,14,832,16558,-21,-277,88,-65,-406,-361
167533,21,830,16539,-20,-275,88,-68,-401,-359
167547,23,835,16540,-22,-279,87,-66,-406,-362
167561,21,829,16534,-24,-276,91,-69,-404,-361
167575,32,816,16538,-23,-274,92,-64,-406,-359
167589,30,837,16536,-21,-281,85,-64,-403,-362
167603,17,819,16543,-19,-272,87,-70,-404,-363
167617,13,819,16555,-14,-275,85,-64,-410,-361
167631,22,819,16546,-19,-279,83,-63,-403,-357
167645,12,819,16520,-17,-282,89,-70,-404,-359
167659,1,822,16537,-21,-278,88,-63,-408,-358
167673,19,826,16540,-21,-278,87,-63,-403,-362
167687,16,818,16533,-18,-277,86,-65,-404,-363
167701,19,823,16530,-24,-279,87,-60,-403,-360
167715,23,840,16538,-17,-276,84,-67,-404,-362
167729,27,831,16539,-22,-282,89,-65,-407,-366
167743,24,828,16532,-21,-277,86,-64,-401,-365
167757,13,813,16550,-17,-280,92,-66,-404,-364
167771,10,808,16536,-17,-277,83,-67,-405,-362
167785,24,819,16529,-22,-280,89,-68,-402,-363
167799,22,826,16545,-18,-285,82,-69,-402,-362
167813,21,829,16535,-21,-276,90,-66,-400,-364
167827,17,816,16541,-17,-276,85,-64,-408,-361
167841,21,820,16547,-17,-279,90,-65,-404,-360
167855,28,821,16529,-17,-276,87,-71,-405,-358
167869,31,816,16538,-21,-281,86,-66,-406,-364
167883,27,821,16529,-20,-276,87,-64,-401,-362
167897,19,819,16525,-19,-276,88,-62,-401,-361
167911,25,834,16545,-19,-282,87,-66,-403,-358
167925,19,824,16544,-16,-274,88,-61,-404,-364
167939,11,832,16532,-15,-276,89,-66,-404,-363
167953,18,821,16547,-20,-278,85,-68,-404,-362
167967,30,815,16555,-20,-276,87,-59,-406,-366
167981,22,809,16534,-20,-279,86,-65,-405,-360
167995,14,813,16549,-18,-280,89,-66,-404,-365
168009,35,811,16549,-15,-278,88,-63,-405,-362
168023,15,824,16536,-23,-279,89,-68,-407,-369
168037,23,822,16551,-19,-276,92,-65,-405,-363
168051,8,825,16541,-14,-279,84,-68,-399,-360
168065,11,832,16551,-19,-281,86,-63,-399,-363
168079,10,824,16542,-17,-280,90,-62,-403,-364
168093,19,824,16542,-17,-280,90,-70,-408,-362
168107,13,817,16544,-16,-275,82,-66,-400,-361
168121,16,822,16542,-10,-273,87,-69,-404,-365
168135,35,829,16540,-17,-280,86,-70,-405,-366
168149,20,828,16544,-21,-278,84,-66,-401,-365
168163,31,821,16533,-19,-280,87,-66,-400,-367
168177,4,825,16549,-21,-280,87,-66,-401,-363
168191,8,821,16548,-24,-279,87,-66,-407,-362
168205,9,816,16531,-27,-273,85,-63,-403,-363
168219,7,824,16546,-23,-275,87,-66,-405,-364
168233,5,828,16550,-18,-279,87,-63,-407,-364
168247,13,837,16543,-19,-275,90,-64,-403,-368
168261,25,827,16542,-18,-275,87,-64,-401,-363
168275,35,822,16547,-16,-282,84,-66,-403,-367
168289,16,818,16540,-13,-278,84,-69,-407,-360
168303,23,815,16540,-15,-279,81,-65,-405,-369
168317,11,821,16555,-18,-279,81,-68,-403,-362
168331,25,821,16563,-17,-278,95,-62,-407,-364
168345,5,825,16542,-22,-283,88,-59,-399,-360
168359,30,838,16551,-20,-272,87,-69,-400,-363
168373,10,826,16542,-14,-281,85,-65,-404,-364
168387,13,824,16535,-13,-284,85,-62,-401,-363
168401,27,817,16546,-19,-281,93,-62,-398,-357
168415,19,820,16543,-26,-281,87,-58,-404,-363
168429,28,824,16553,-20,-282,86,-65,-403,-364
168443,25,830,16549,-26,-280,91,-63,-399,-362
168457,25,830,16517,-17,-280,87,-66,-403,-361
168471,25,823,16539,-17,-276,82,-64,-402,-361
168485,31,834,16554,-19,-275,84,-62,-401,-360
168499,0,819,16557,-17,-280,82,-72,-404,-358
168513,18,812,16529,-19,-278,85,-64,-404,-366
168527,19,822,16535,-14,-278,81,-65,-408,-364
168541,18,832,16541,-18,-281,81,-66,-405,-361
168555,21,830,16543,-19,-282,85,-69,-402,-362
168569,21,827,16546,-21,-271,84,-67,-406,-362
168583,16,824,16536,-20,-280,86,-66,-402,-364
168597,22,822,16553,-16,-278,82,-66,-407,-359
168611,15,816,16559,-17,-281,82,-65,-402,-362
168625,17,818,16564,-19,-280,87,-66,-401,-358
168639,9,820,16544,-19,-274,84,-63,-404,-363
168653,11,829,16546,-22,-281,85,-67,-404,-359
168667,19,825,16552,-18,-281,82,-67,-406,-364
168681,28,836,16532,-18,-276,86,-63,-403,-364
168695,25,822,16547,-18,-280,86,-66,-410,-362
168709,26,816,16519,-15,-282,83,-67,-404,-360
168723,24,824,16552,-16,-273,85,-63,-401,-365
168737,23,820,16541,-18,-280,86,-67,-405,-365
168751,15,827,16532,-13,-281,87,-65,-404,-366
168765,8,843,16540,-18,-273,86,-61,-405,-361
168779,13,833,16544,-15,-280,89,-65,-405,-362
168793,17,834,16552,-17,-273,88,-71,-399,-367
168807,20,827,16539,-20,-281,87,-62,-404,-359
168821,31,819,16532,-16,-277,81,-63,-407,-359
168835,22,812,16550,-15,-275,87,-67,-403,-365
168849,44,829,16544,-15,-275,87,-62,-404,-362
168863,26,825,16533,-21,-278,84,-62,-405,-364
168877,12,835,16538,-18,-277,85,-64,-398,-363
168891,24,826,16543,-20,-279,90,-71,-403,-362
168905,21,823,16530,-18,-277,89,-61,-404,-364
168919,23,831,16543,-18,-278,85,-64,-402,-359
168933,2,823,16540,-21,-282,91,-65,-407,-362
168947,22,816,16551,-20,-281,85,-71,-402,-362
168961,30,832,16541,-18,-280,85,-66,-406,-363
168975,18,813,16531,-18,-281,85,-66,-403,-364
168989,43,834,16548,-20,-271,85,-64,-404,-361
169003,21,839,16545,-19,-280,80,-66,-403,-359
169017,12,811,16545,-21,-278,84,-64,-404,-362
169031,2,817,16543,-17,-277,90,-69,-406,-362
169045,5,821,16544,-15,-281,88,-63,-408,-366
169059,16,822,16544,-24,-278,88,-67,-407,-364
169073,12,824,16545,-24,-273,88,-67,-403,-365
169087,5,823,16541,-15,-278,84,-68,-404,-367
169101,28,821,16542,-13,-277,86,-64,-405,-362
169115,19,823,16542,-18,-280,88,-64,-407,-362
169129,16,825,16540,-18,-279,88,-65,-408,-359
169143,31,827,16542,-15,-278,89,-69,-406,-365
169157,25,835,16548,-16,-279,91,-67,-405,-364
169171,20,824,16541,-23,-281,93,-69,-405,-362
169185,9,829,16539,-21,-277,86,-69,-407,-365
169199,10,823,16531,-17,-278,89,-63,-402,-360
169213,22,821,16540,-18,-281,90,-65,-402,-369
169227,25,817,16550,-19,-277,92,-69,-404,-368
169241,11,800,16541,-20,-280,87,-71,-408,-360
169255,27,809,16541,-18,-277,87,-66,-404,-365
169269,36,821,16533,-23,-279,82,-64,-407,-361
169283,25,827,16550,-19,-281,83,-68,-405,-368
169297,20,831,16549,-14,-281,83,-58,-406,-359
169311,18,822,16546,-16,-278,84,-65,-406,-361
169325,18,838,16558,-16,-284,85,-65,-401,-363
169339,7,821,16554,-22,-278,86,-65,-405,-363
169353,17,826,16535,-13,-278,86,-62,-404,-364
169367,34,821,16547,-11,-281,87,-66,-408,-363
169381,31,822,16528,-14,-277,90,-71,-403,-367
169395,3,826,16528,-19,-283,89,-65,-407,-363
169409,22,816,16528,-26,-277,87,-70,-405,-364
169423,12,812,16540,-17,-281,83,-66,-404,-363
169437,16,840,16542,-19,-279,82,-65,-406,-361
169451,23,816,16532,-17,-282,83,-68,-401,-358
169465,0,820,16555,-19,-278,86,-65,-404,-360
169479,24,833,16545,-15,-279,89,-66,-400,-358
169494,13,834,16545,-21,-277,86,-69,-409,-360
169508,17,834,16546,-19,-276,89,-65,-406,-363
169522,18,821,16558,-24,-280,86,-67,-403,-362
169536,22,819,16563,-20,-279,82,-65,-403,-363
169550,36,809,16540,-18,-283,91,-62,-407,-362
169564,21,817,16543,-20,-287,85,-66,-403,-370
169579,24,824,16554,-20,-280,84,-64,-402,-358
169593,25,823,16554,-18,-281,81,-66,-402,-362
169607,12,828,16552,-19,-275,84,-66,-406,-364
169621,24,827,16559,-21,-274,86,-65,-407,-366
169635,22,820,16546,-19,-278,83,-63,-407,-362
169649,24,810,16538,-19,-281,87,-60,-401,-361
169663,11,821,16551,-19,-279,83,-65,-402,-360
169677,21,827,16554,-21,-278,87,-65,-401,-362
169691,19,828,16538,-23,-280,89,-65,-405,-362
169705,26,833,16550,-19,-279,92,-65,-399,-358
169719,18,817,16538,-23,-274,84,-64,-401,-358
169733,6,825,16546,-23,-277,85,-67,-404,-362
169747,19,814,16537,-18,-278,86,-68,-405,-363
169761,18,836,16539,-19,-279,84,-67,-406,-365
169775,19,830,16542,-22,-278,86,-64,-402,-359
169789,24,826,16540,-22,-273,86,-63,-404,-363
169804,22,812,16534,-21,-277,85,-60,-398,-360
169819,26,820,16545,-13,-279,86,-63,-407,-360
169834,35,823,16545,-17,-280,86,-67,-405,-365
169848,15,806,16551,-22,-281,82,-67,-400,-364
169862,13,828,16553,-14,-279,90,-65,-401,-363
169877,14,822,16544,-16,-281,86,-60,-401,-364
169892,15,835,16536,-19,-281,87,-75,-403,-363
169907,16,816,16564,-20,-280,91,-64,-402,-369
169922,15,828,16549,-18,-278,88,-65,-405,-363
169937,18,830,16545,-20,-275,82,-68,-401,-362
169952,30,825,16529,-21,-275,87,-69,-404,-365
169967,33,822,16537,-19,-276,84,-63,-404,-360
169982,14,821,16557,-16,-273,91,-66,-403,-366
169997,27,827,16556,-17,-277,90,-67,-408,-356
170012,24,813,16538,-22,-281,88,-67,-406,-362
170027,36,819,16544,-23,-281,88,-63,-404,-359
170042,7,814,16544,-21,-279,85,-64,-406,-362
170056,27,814,16559,-19,-272,86,-62,-405,-368
170070,15,823,16543,-23,-275,86,-74,-402,-360
170085,9,825,16546,-22,-280,90,-63,-399,-367
170099,12,823,16552,-23,-277,88,-62,-407,-365
170114,10,827,16535,-22,-277,83,-60,-404,-365
170129,25,814,16539,-19,-275,88,-67,-408,-361
170144,35,830,16549,-19,-280,87,-68,-407,-365
170159,19,815,16535,-15,-282,84,-65,-404,-365
170174,26,812,16560,-17,-277,91,-65,-405,-363
170189,22,835,16527,-22,-274,87,-64,-401,-361
170204,23,832,16549,-22,-280,84,-67,-401,-360
170219,10,830,16554,-16,-278,85,-65,-408,-360
170234,18,825,16531,-18,-282,85,-64,-400,-364
170249,13,822,16556,-18,-276,88,-63,-405,-361
170264,21,814,16547,-16,-281,86,-62,-399,-367
170279,5,823,16561,-20,-278,87,-63,-407,-361
170293,11,827,16538,-14,-277,88,-66,-397,-364
170308,13,835,16548,-21,-283,83,-65,-402,-361
170322,30,820,16555,-14,-281,94,-63,-401,-359
170337,18,823,16557,-14,-275,92,-71,-406,-362
170351,22,826,16542,-21,-279,82,-64,-409,-364
170366,17,826,16539,-17,-283,88,-67,-402,-366
170380,18,832,16535,-15,-280,88,-67,-403,-358
170395,27,827,16537,-16,-276,84,-66,-403,-362
170409,25,830,16550,-19,-280,88,-64,-399,-360
170424,31,823,16548,-24,-282,86,-69,-405,-364
170438,23,812,16553,-19,-272,88,-66,-404,-365
170453,33,823,16530,-20,-282,90,-73,-396,-367
170467,23,833,16554,-21,-278,85,-62,-398,-363
170482,23,821,16541,-16,-272,89,-61,-401,-367
170496,9,819,16540,-19,-279,86,-66,-403,-360
170510,18,821,16547,-20,-279,89,-69,-401,-364
170525,33,818,16554,-17,-279,89,-63,-399,-361
170540,19,832,16532,-21,-284,83,-67,-405,-357
170555,28,815,16542,-20,-278,84,-61,-405,-361
170570,24,820,16543,-15,-278,86,-65,-400,-360
170585,15,823,16530,-17,-278,87,-65,-401,-363
170600,12,833,16548,-16,-277,83,-65,-401,-364
170615,20,832,16556,-20,-280,82,-73,-397,-366
170630,10,840,16534,-16,-276,84,-62,-405,-361
170645,24,823,16535,-17,-282,86,-69,-403,-363
170660,22,815,16547,-19,-277,87,-64,-405,-364
170675,21,824,16546,-19,-279,87,-73,-406,-361
170690,34,826,16546,-19,-278,81,-65,-405,-361
170705,10,825,16552,-17,-274,90,-61,-403,-364
170720,14,824,16552,-22,-278,83,-64,-404,-360
170735,10,825,16552,-19,-281,89,-63,-404,-359
170750,21,822,16539,-19,-281,85,-62,-404,-358
170765,23,820,16559,-23,-279,84,-64,-399,-363
170780,4,822,16547,-18,-285,87,-64,-402,-359
170794,23,825,16551,-21,-280,86,-67,-404,-361
170808,32,821,16556,-19,-277,86,-59,-398,-366
170823,29,823,16546,-24,-279,83,-69,-407,-364
170837,23,824,16541,-15,-278,87,-66,-402,-363
170852,-1,828,16536,-20,-276,84,-60,-403,-361
170866,15,822,16543,-20,-278,86,-68,-405,-363
170881,28,821,16548,-18,-275,82,-68,-406,-357
170895,20,830,16543,-18,-279,86,-65,-402,-359
170910,17,813,16544,-14,-281,90,-62,-405,-361
170924,20,825,16556,-20,-279,83,-67,-402,-359
170939,33,828,16553,-16,-281,88,-64,-403,-368
170953,12,822,16537,-17,-280,83,-74,-401,-360
170968,25,821,16533,-15,-276,83,-70,-406,-360
170982,7,813,16562,-19,-277,88,-56,-404,-364
170996,33,809,16540,-23,-283,87,-69,-402,-360
171011,23,830,16545,-16,-282,85,-66,-401,-365
171026,19,824,16561,-18,-281,87,-65,-404,-364
171041,8,830,16540,-16,-281,85,-66,-406,-363
171055,16,832,16555,-12,-281,85,-68,-407,-363
171070,19,816,16548,-17,-276,84,-64,-404,-362
171084,25,830,16538,-16,-281,88,-62,-402,-355
171099,28,825,16542,-19,-279,86,-66,-404,-361
171113,11,824,16542,-20,-279,83,-67,-406,-363
171128,17,826,16549,-16,-280,85,-68,-403,-363
171142,10,820,16552,-17,-278,89,-61,-404,-365
171157,15,831,16546,-13,-276,85,-64,-400,-365
171171,6,818,16554,-15,-278,84,-62,-407,-360
171185,25,827,16545,-17,-279,80,-64,-405,-364
171200,23,816,16548,-19,-277,80,-63,-406,-359
171215,22,818,16539,-15,-280,88,-68,-404,-366
171230,23,826,16548,-21,-277,81,-70,-404,-367
171245,26,811,16540,-17,-280,80,-69,-397,-356
171260,17,818,16554,-15,-276,83,-63,-408,-359
171275,25,839,16545,-17,-276,85,-68,-405,-365
171290,16,818,16542,-15,-275,85,-66,-406,-364
171305,21,819,16527,-25,-283,80,-62,-404,-358
171320,13,819,16540,-20,-275,81,-66,-403,-362
171335,21,821,16551,-18,-280,83,-67,-399,-362
171350,21,821,16542,-21,-278,88,-67,-399,-357
171365,26,817,16531,-14,-280,91,-69,-402,-359
171380,11,831,16554,-21,-287,89,-67,-402,-360
171395,4,807,16561,-23,-284,89,-69,-404,-363
171409,22,827,16530,-18,-282,86,-67,-403,-361
171423,18,827,16542,-15,-280,90,-71,-400,-357
171438,12,823,16535,-20,-276,87,-63,-400,-356
171452,27,823,16539,-20,-273,86,-65,-402,-360
171467,14,826,16556,-19,-280,88,-67,-404,-362
171481,22,824,16541,-24,-279,87,-64,-408,-366
171496,5,824,16544,-17,-282,90,-68,-404,-364
171510,28,821,16540,-18,-277,86,-61,-405,-366
171525,17,826,16550,-21,-278,84,-67,-404,-361
171540,29,825,16546,-13,-281,86,-66,-401,-363
171555,26,830,16547,-15,-277,82,-70,-405,-364
171570,14,823,16550,-21,-273,84,-67,-403,-361
171585,7,835,16545,-19,-276,89,-68,-400,-362
171599,19,825,16551,-19,-281,85,-62,-406,-361
171613,23,823,16541,-19,-279,84,-65,-400,-362
171628,19,824,16534,-16,-280,88,-64,-403,-360
171642,20,832,16535,-14,-272,87,-66,-406,-362
171657,19,841,16551,-12,-276,89,-65,-400,-363
171671,24,824,16552,-15,-280,83,-68,-405,-362
171686,27,817,16547,-17,-279,87,-63,-405,-359
171700,30,818,16559,-15,-276,85,-60,-402,-367
171715,21,817,16549,-16,-277,90,-69,-402,-362
171729,26,830,16549,-14,-281,87,-66,-405,-361
171744,23,830,16552,-18,-277,81,-65,-403,-367
171758,13,837,16543,-23,-283,90,-58,-406,-363
171773,22,815,16536,-19,-276,84,-62,-399,-359
171787,30,819,16555,-24,-278,83,-62,-403,-358
171802,20,829,16528,-17,-278,86,-70,-403,-361
171816,8,820,16546,-24,-279,80,-66,-403,-359
171830,25,826,16543,-18,-278,83,-70,-405,-357
171845,29,833,16554,-25,-283,87,-59,-406,-361
171860,24,819,16540,-21,-282,85,-64,-404,-366
171875,11,825,16548,-19,-282,85,-66,-405,-361
171890,26,831,16545,-16,-280,91,-66,-403,-362
171905,16,818,16539,-17,-277,83,-67,-404,-368
171920,24,823,16537,-18,-277,83,-66,-403,-354
171935,13,831,16537,-20,-280,88,-63,-405,-365
171950,14,832,16538,-17,-282,81,-67,-407,-365
171965,24,829,16558,-16,-274,92,-65,-406,-361
171980,14,827,16550,-20,-280,90,-61,-401,-365
171995,21,825,16538,-18,-277,83,-63,-405,-361
172010,22,829,16533,-21,-274,87,-65,-399,-371
172025,15,818,16540,-20,-277,87,-66,-396,-363
172040,31,822,16543,-20,-278,89,-67,-402,-359
172055,22,817,16547,-23,-278,90,-57,-404,-361
172070,18,817,16539,-15,-274,83,-70,-405,-357
172085,11,846,16558,-25,-280,89,-61,-400,-362
172100,16,828,16535,-21,-276,92,-64,-406,-366
172115,14,824,16547,-21,-282,82,-64,-412,-362
172130,14,829,16546,-20,-285,90,-69,-401,-365
172145,24,823,16540,-19,-284,89,-68,-407,-363
172160,19,828,16532,-23,-274,86,-67,-401,-361
172175,7,822,16532,-22,-284,85,-66,-405,-361
172189,18,832,16548,-18,-279,86,-68,-400,-363
172204,15,823,16544,-20,-276,89,-67,-402,-363
172218,30,813,16545,-20,-279,86,-64,-400,-367
172233,21,823,16538,-22,-279,84,-66,-404,-362
172247,31,813,16537,-20,-284,86,-64,-404,-362
172262,19,825,16548,-17,-284,87,-71,-403,-363
172276,12,828,16523,-13,-277,86,-71,-405,-363
172291,33,830,16533,-13,-277,87,-64,-405,-365
172305,22,823,16542,-18,-279,84,-63,-406,-363
172320,0,821,16528,-14,-283,88,-63,-407,-361
172334,28,829,16545,-16,-277,87,-67,-405,-364
172349,9,833,16549,-17,-279,88,-62,-403,-360
172363,28,824,16537,-19,-284,85,-62,-401,-363
172377,29,832,16542,-25,-276,88,-64,-405,-365
172392,19,821,16535,-26,-279,86,-62,-403,-366
172406,28,833,16543,-21,-277,85,-63,-402,-363
172421,23,819,16541,-18,-279,87,-62,-399,-367
172435,26,831,16552,-17,-275,87,-65,-402,-358
172450,10,832,16543,-20,-278,86,-67,-403,-362
172464,11,820,16552,-17,-274,87,-70,-404,-360
172479,15,825,16543,-20,-277,88,-66,-406,-360
172493,20,820,16545,-12,-278,88,-64,-399,-364
172508,13,808,16546,-15,-280,81,-62,-399,-365
172522,13,818,16542,-18,-276,87,-67,-404,-367
172537,14,817,16536,-19,-278,85,-69,-402,-362
172551,6,814,16533,-18,-278,88,-64,-408,-362
172565,22,830,16538,-21,-281,91,-63,-404,-361
172580,15,827,16565,-15,-285,91,-64,-400,-365
172595,26,828,16549,-20,-283,86,-68,-404,-361
172610,28,820,16540,-15,-284,84,-64,-402,-365
172625,28,819,16547,-25,-280,91,-65,-404,-357
172640,16,823,16546,-26,-276,88,-62,-401,-362
172655,19,820,16542,-18,-281,88,-64,-406,-363
172670,14,829,16545,-16,-278,88,-64,-408,-358
172685,20,818,16528,-19,-277,86,-70,-401,-362
172700,16,824,16552,-22,-282,84,-67,-407,-365
172715,20,826,16561,-18,-280,84,-68,-402,-363
172730,13,818,16539,-21,-285,88,-65,-401,-359
172745,24,803,16548,-21,-280,87,-68,-406,-365
172760,22,821,16532,-20,-276,91,-66,-403,-362
172775,14,827,16552,-18,-277,87,-69,-402,-361
172790,18,834,16542,-15,-275,86,-68,-401,-359
172805,34,822,16542,-18,-280,87,-63,-401,-360
172820,31,813,16533,-17,-278,82,-67,-404,-363
172835,31,829,16539,-17,-277,90,-63,-408,-363
172850,13,818,16546,-14,-279,84,-61,-407,-366
172865,8,815,16551,-15,-283,85,-69,-406,-365
172879,15,827,16533,-19,-280,83,-61,-410,-360
172893,11,823,16538,-19,-273,88,-69,-402,-360
172908,17,831,16528,-17,-284,89,-63,-406,-357
172922,29,821,16552,-20,-279,86,-67,-402,-367
172937,25,833,16533,-18,-279,87,-68,-402,-360
172951,28,819,16537,-15,-282,87,-66,-407,-364
172966,25,832,16545,-19,-273,85,-69,-405,-361
172980,4,818,16549,-17,-277,87,-65,-405,-360
172994,29,823,16559,-11,-277,84,-63,-403,-363
173008,7,821,16549,-23,-274,82,-67,-400,-361
173022,19,820,16534,-22,-277,86,-66,-402,-369
173037,21,813,16563,-20,-278,85,-70,-403,-363
173051,32,836,16526,-15,-278,88,-64,-401,-358
173066,26,826,16556,-20,-280,85,-74,-404,-365
173080,27,834,16529,-18,-279,90,-63,-402,-359
173095,14,821,16536,-19,-275,89,-64,-404,-361
173109,13,824,16534,-16,-280,87,-66,-409,-363
173124,27,827,16554,-23,-279,84,-66,-403,-358
173138,15,834,16532,-20,-281,84,-61,-404,-364
173153,20,827,16538,-17,-274,87,-68,-406,-363
173167,10,830,16539,-20,-279,87,-68,-403,-366
173182,21,826,16545,-20,-284,83,-68,-405,-361
173196,16,825,16541,-20,-279,85,-64,-407,-361
173211,28,827,16536,-22,-277,85,-62,-400,-363
173225,10,826,16542,-22,-278,86,-70,-402,-360
173239,22,821,16532,-21,-279,89,-64,-405,-363
173253,19,821,16544,-20,-280,84,-63,-403,-361
173268,23,817,16534,-18,-278,84,-68,-400,-366
173282,11,809,16532,-21,-278,86,-68,-405,-363
173297,20,833,16544,-15,-283,90,-64,-404,-365
173311,8,835,16538,-15,-277,85,-70,-402,-366
173325,24,823,16537,-18,-279,85,-66,-403,-366
173339,16,822,16543,-19,-277,86,-69,-402,-360
173354,16,820,16542,-20,-275,85,-66,-399,-360
173368,6,818,16536,-18,-277,85,-67,-407,-365
173382,25,818,16548,-17,-280,89,-71,-404,-360
173396,19,823,16538,-25,-278,90,-66,-399,-361
173410,20,819,16533,-22,-277,91,-69,-401,-361
173424,28,815,16554,-22,-274,87,-68,-398,-364
173438,1,823,16523,-19,-275,86,-67,-407,-362
173452,17,820,16519,-16,-279,81,-60,-409,-363
173466,29,829,16535,-11,-276,83,-63,-401,-364
173480,11,823,16554,-20,-279,84,-62,-407,-361
173494,43,820,16543,-27,-277,89,-65,-404,-363
173508,26,825,16532,-22,-277,83,-67,-406,-363
173522,17,825,16550,-20,-277,89,-63,-406,-366
173536,25,816,16541,-20,-277,84,-69,-404,-362
173550,29,825,16534,-21,-283,85,-64,-405,-360
173564,19,824,16529,-19,-277,82,-64,-401,-364
173578,16,830,16532,-22,-281,86,-59,-400,-366
173592,21,832,16542,-18,-271,84,-67,-403,-364
173606,19,829,16547,-21,-281,86,-62,-405,-367
173620,21,821,16540,-19,-278,88,-68,-405,-367
173634,23,829,16552,-21,-279,88,-65,-405,-362
173648,24,819,16531,-22,-278,86,-66,-400,-365
173662,20,807,16542,-22,-283,83,-72,-410,-365
173676,27,817,16548,-21,-276,86,-67,-400,-362
173690,10,825,16542,-17,-275,88,-64,-401,-361
173704,19,815,16528,-17,-274,87,-64,-397,-358
173718,16,825,16541,-15,-279,81,-66,-402,-365
173732,17,830,16531,-22,-282,82,-65,-400,-362
173746,14,831,16538,-14,-281,88,-71,-408,-357
173760,23,815,16524,-19,-279,84,-70,-401,-356
173774,11,820,16534,-21,-281,88,-62,-399,-360
173788,37,814,16545,-22,-277,87,-65,-400,-360
173802,37,815,16529,-25,-284,90,-67,-402,-364
173816,19,821,16535,-22,-275,84,-70,-406,-356
173830,40,822,16544,-19,-282,88,-58,-402,-357
173844,9,828,16534,-21,-277,83,-62,-404,-366
173858,8,813,16537,-23,-274,86,-65,-410,-366
173872,13,820,16540,-19,-281,86,-63,-403,-362
173886,28,811,16547,-21,-278,86,-66,-403,-358
173900,17,822,16527,-18,-280,84,-65,-406,-362
173914,16,822,16534,-18,-282,86,-69,-404,-363
173928,33,805,16524,-18,-283,88,-65,-405,-362
173942,18,820,16534,-18,-277,85,-63,-397,-363
173956,29,821,16537,-22,-279,88,-69,-405,-363
173970,27,824,16527,-19,-276,86,-67,-400,-366
173984,8,809,16517,-21,-275,90,-67,-408,-364
173998,21,815,16527,-20,-281,89,-60,-402,-362
174012,10,821,16538,-21,-280,78,-60,-404,-364
174027,8,823,16544,-18,-278,83,-70,-400,-364
174041,17,835,16541,-19,-278,83,-71,-407,-365
174055,22,821,16540,-17,-281,83,-71,-403,-362
174069,14,820,16530,-21,-278,82,-64,-401,-364
174083,25,818,16555,-20,-279,88,-69,-397,-363
174097,27,823,16533,-23,-279,87,-65,-405,-361
174111,25,828,16531,-18,-277,86,-66,-403,-363
174125,25,825,16543,-12,-280,86,-64,-402,-364
174139,10,828,16546,-17,-278,91,-66,-403,-358
174153,16,828,16541,-17,-278,86,-70,-405,-360
174167,19,827,16533,-23,-281,86,-65,-399,-368
174181,19,833,16536,-22,-279,92,-68,-400,-360
174195,28,825,16528,-21,-279,88,-66,-402,-361
174209,25,819,16536,-22,-279,85,-70,-401,-368
174223,16,839,16535,-20,-277,87,-63,-408,-365
174237,24,817,16552,-26,-275,89,-65,-406,-364
174251,8,825,16544,-20,-276,85,-66,-406,-366
174265,15,819,16535,-19,-280,82,-66,-404,-362
174279,12,820,16539,-20,-283,87,-61,-403,-362
174293,17,816,16552,-23,-279,90,-66,-405,-362
174307,16,825,16538,-21,-282,86,-69,-405,-361
174321,5,802,16544,-20,-279,85,-66,-402,-360
174335,35,817,16524,-19,-277,89,-67,-406,-361
174349,30,818,16537,-15,-280,86,-69,-403,-363
174363,30,817,16536,-21,-280,88,-68,-398,-364
174377,25,828,16535,-20,-277,90,-69,-408,-360
174391,23,819,16548,-21,-279,85,-66,-399,-362
174405,17,817,16532,-18,-281,89,-67,-404,-361
174419,19,820,16547,-17,-279,85,-69,-402,-359
174433,14,832,16526,-21,-285,88,-61,-404,-364
174447,21,832,16558,-21,-279,85,-71,-407,-366
174461,12,828,16542,-19,-278,84,-67,-403,-363
174475,15,819,16528,-25,-278,83,-65,-402,-359
174489,26,834,16551,-19,-279,87,-63,-407,-363
174503,6,818,16534,-22,-276,82,-70,-404,-362
174517,20,819,16529,-18,-278,85,-70,-405,-366
174531,10,827,16543,-23,-284,90,-65,-405,-368
174545,20,825,16519,-20,-279,88,-67,-405,-363
174559,21,821,16534,-18,-281,85,-68,-405,-365
174573,9,822,16542,-16,-276,86,-70,-411,-363
174587,4,818,16540,-18,-283,84,-61,-403,-358
174601,20,821,16546,-23,-284,89,-71,-405,-364
174615,20,824,16546,-19,-281,85,-69,-405,-362
174629,18,821,16533,-16,-280,85,-68,-406,-363
174643,24,828,16543,-22,-279,85,-69,-403,-362
174658,25,822,16540,-21,-275,88,-64,-405,-364
174672,22,836,16538,-16,-277,88,-67,-402,-361
174686,18,825,16542,-13,-280,90,-65,-403,-362
174700,7,814,16531,-20,-276,88,-67,-405,-362
174714,16,815,16532,-21,-275,86,-67,-401,-364
174728,18,823,16521,-17,-281,86,-65,-408,-358
174742,9,819,16547,-22,-279,87,-61,-406,-360
174756,18,834,16528,-22,-280,89,-68,-405,-358
174770,20,815,16541,-20,-276,87,-66,-405,-361
174784,20,820,16543,-18,-280,86,-64,-402,-362
174798,16,821,16539,-22,-284,88,-68,-405,-360
174813,25,820,16520,-20,-277,92,-69,-405,-364
174827,13,829,16552,-16,-280,90,-66,-400,-364
174841,4,827,16551,-17,-278,86,-68,-404,-366
174855,20,826,16544,-15,-277,83,-62,-403,-362
174869,27,832,16536,-17,-274,80,-64,-402,-361
174883,16,838,16536,-16,-281,84,-65,-401,-361
174897,32,831,16537,-18,-275,81,-67,-404,-360
174911,23,817,16550,-19,-277,90,-64,-402,-361
174925,1,816,16548,-17,-279,90,-68,-404,-355
174939,8,817,16551,-14,-277,83,-67,-400,-356
174953,20,831,16554,-14,-283,91,-61,-402,-362
174967,17,832,16532,-15,-278,80,-65,-400,-365
174981,15,829,16535,-12,-277,81,-64,-403,-361
174995,20,828,16550,-16,-278,84,-66,-397,-362
175009,22,807,16537,-19,-273,89,-69,-402,-360
175023,11,834,16543,-16,-279,92,-63,-408,-365
175037,11,837,16542,-19,-278,89,-62,-399,-367
175051,33,821,16545,-20,-285,89,-65,-407,-358
175065,14,831,16546,-16,-282,93,-59,-401,-362
175079,18,835,16550,-19,-282,84,-65,-407,-364
175093,12,825,16530,-17,-276,87,-61,-404,-367
175107,18,828,16546,-16,-274,86,-58,-399,-367
175121,21,827,16549,-19,-275,87,-59,-401,-367
175135,16,818,16542,-19,-273,82,-64,-397,-365
175149,12,821,16555,-17,-278,88,-69,-404,-365
175163,24,828,16552,-19,-277,89,-64,-404,-361
175177,15,813,16550,-11,-274,84,-71,-402,-364
175191,20,831,16545,-16,-280,86,-68,-403,-363
175205,17,828,16539,-16,-278,82,-64,-403,-362
175219,21,833,16551,-19,-278,84,-67,-404,-358
175233,20,829,16542,-20,-283,85,-66,-402,-361
175247,10,826,16535,-21,-280,86,-69,-405,-360
175261,15,829,16540,-18,-282,87,-66,-400,-364
175275,20,834,16542,-20,-274,91,-66,-403,-366
175289,7,821,16539,-21,-281,89,-67,-402,-362
175303,11,825,16530,-20,-273,91,-66,-408,-361
175317,26,826,16519,-17,-276,86,-67,-408,-361
175331,36,811,16543,-23,-277,83,-65,-404,-362
175345,17,825,16554,-18,-277,88,-63,-401,-364
175359,23,826,16546,-20,-279,88,-64,-407,-366
175373,6,836,16539,-18,-276,86,-62,-402,-364
175387,11,828,16536,-17,-277,83,-68,-402,-365
175401,24,821,16536,-21,-277,89,-62,-402,-360
175415,24,824,16556,-20,-280,84,-67,-401,-362
175429,31,830,16535,-19,-278,85,-67,-410,-360
175443,17,821,16526,-20,-279,85,-66,-404,-364
175457,16,824,16545,-17,-277,87,-66,-406,-365
175471,13,827,16547,-24,-278,85,-66,-401,-362
175485,11,826,16542,-17,-275,89,-66,-407,-359
175499,16,828,16541,-21,-278,87,-61,-405,-362
175513,15,827,16558,-21,-282,86,-68,-407,-360
175527,1,832,16551,-25,-279,87,-72,-405,-362
175541,23,807,16543,-19,-273,84,-64,-401,-365
175555,12,826,16559,-19,-281,87,-66,-403,-360
175569,31,831,16529,-15,-276,87,-66,-402,-360
175583,17,833,16536,-19,-280,94,-68,-403,-360
175597,21,827,16549,-13,-278,85,-63,-402,-365
175612,23,825,16535,-20,-273,83,-65,-402,-362
175626,30,826,16537,-26,-277,91,-63,-406,-361
175641,2,829,16542,-24,-278,87,-64,-403,-363
175655,10,826,16540,-14,-283,91,-61,-399,-363
175669,7,818,16544,-14,-280,89,-64,-404,-367
175683,16,816,16548,-15,-279,81,-62,-408,-365
175697,3,826,16529,-20,-279,84,-65,-399,-361
175711,21,819,16546,-13,-278,84,-63,-410,-359
175725,24,829,16551,-16,-279,84,-58,-404,-363
175739,34,824,16558,-17,-276,89,-67,-404,-366
175753,23,823,16547,-21,-282,92,-67,-402,-361
175767,19,837,16541,-25,-276,91,-65,-404,-362
175781,20,825,16530,-21,-275,91,-65,-404,-360
175795,21,836,16560,-14,-277,86,-59,-403,-364
175809,6,824,16535,-19,-273,87,-66,-401,-362
175823,18,816,16538,-18,-277,84,-63,-404,-363
175838,10,822,16551,-23,-281,91,-64,-408,-363
175852,34,817,16541,-22,-279,84,-67,-403,-361
175867,22,822,16540,-20,-280,88,-66,-409,-360
175881,28,826,16556,-20,-285,93,-68,-408,-363
175896,18,817,16548,-17,-276,85,-65,-405,-361
175910,11,820,16532,-20,-286,84,-64,-403,-365
175925,5,814,16548,-20,-285,83,-65,-401,-361
175939,17,823,16555,-19,-280,83,-61,-407,-363
175953,14,820,16549,-15,-280,91,-60,-402,-362
175967,8,825,16535,-22,-280,92,-65,-398,-363
175981,3,821,16535,-18,-276,86,-68,-402,-363
175995,20,821,16548,-15,-278,88,-63,-396,-360
176009,18,825,16547,-21,-280,87,-67,-404,-357
176023,22,819,16519,-18,-280,89,-67,-404,-359
176037,16,826,16546,-21,-287,89,-64,-404,-366
176051,26,828,16558,-19,-282,90,-71,-404,-365
176065,19,828,16548,-16,-278,88,-62,-408,-362
176079,18,825,16539,-19,-280,83,-64,-402,-361
176093,15,827,16548,-19,-277,84,-67,-407,-361
176107,28,830,16544,-19,-283,86,-62,-404,-364
176121,18,817,16546,-19,-277,85,-70,-400,-361
176135,17,816,16533,-18,-281,84,-61,-402,-360
176149,20,823,16533,-22,-281,85,-64,-404,-364
176163,35,823,16543,-18,-278,82,-70,-410,-363
176177,32,837,16549,-17,-277,84,-66,-404,-370
176191,20,822,16537,-17,-282,88,-64,-402,-364
176205,22,821,16544,-15,-273,88,-66,-404,-362
176219,15,817,16534,-16,-282,85,-67,-401,-366
176233,14,828,16556,-14,-281,87,-61,-406,-366
176247,26,822,16528,-15,-279,83,-67,-405,-364
176261,14,821,16537,-19,-277,85,-67,-401,-364
176275,27,812,16531,-15,-278,83,-64,-404,-360
176289,19,820,16532,-18,-279,89,-63,-407,-363
176303,38,820,16526,-20,-273,88,-68,-404,-365
176317,23,820,16528,-19,-280,84,-60,-403,-363
176331,15,825,16538,-19,-276,83,-66,-406,-364
176345,16,824,16538,-20,-275,90,-70,-402,-366
176359,11,814,16543,-22,-282,85,-68,-403,-366
176373,9,818,16545,-20,-277,85,-62,-405,-361
176387,24,830,16539,-19,-278,91,-66,-405,-366
176402,30,831,16546,-18,-279,85,-62,-409,-364
176416,20,820,16544,-19,-280,86,-67,-402,-362
176431,24,821,16520,-22,-280,88,-67,-403,-358
176445,18,818,16535,-24,-279,88,-65,-402,-366
176460,10,828,16554,-19,-275,82,-65,-403,-364
176474,17,828,16538,-18,-278,82,-68,-405,-366
176489,8,824,16528,-18,-280,84,-64,-408,-359
176503,11,824,16533,-22,-281,87,-66,-400,-360
176517,24,833,16540,-21,-279,86,-71,-399,-366
176531,15,823,16536,-16,-281,88,-68,-403,-364
176545,18,815,16548,-19,-278,90,-69,-404,-362
176559,22,812,16532,-18,-275,90,-69,-405,-366
176573,25,826,16538,-16,-276,84,-69,-402,-363
176587,20,832,16542,-19,-279,85,-65,-401,-366
176601,26,814,16539,-19,-279,85,-67,-403,-359
176615,20,827,16542,-19,-278,89,-60,-403,-363
176629,22,822,16548,-18,-280,85,-65,-408,-365
176643,21,816,16546,-24,-279,82,-61,-407,-364
176657,8,831,16539,-19,-277,85,-66,-408,-364
176671,23,815,16540,-22,-278,83,-68,-400,-362
176685,23,817,16531,-22,-276,82,-63,-405,-362
176700,19,824,16535,-20,-277,83,-66,-402,-365
176714,25,827,16549,-18,-280,89,-66,-404,-363
176729,16,820,16539,-16,-281,86,-64,-396,-364
176743,16,812,16544,-17,-281,86,-59,-405,-363
176758,15,824,16541,-21,-278,85,-69,-403,-369
176772,22,835,16539,-18,-281,87,-66,-400,-361
176787,26,817,16543,-23,-277,93,-69,-408,-361
176801,18,834,16541,-16,-277,91,-70,-406,-362
176816,30,819,16534,-15,-278,81,-72,-404,-365
176830,29,831,16534,-15,-276,86,-67,-410,-361
176845,30,824,16548,-20,-278,89,-66,-403,-360
176859,20,828,16541,-22,-279,90,-68,-402,-365
176874,18,828,16554,-23,-276,88,-67,-400,-359
176888,-3,814,16537,-14,-280,86,-65,-407,-362
176902,12,828,16540,-14,-279,87,-62,-407,-367
176916,24,815,16547,-24,-279,92,-63,-402,-366
176931,15,827,16543,-22,-280,94,-63,-402,-365
176945,25,834,16536,-17,-278,82,-67,-404,-360
176960,16,821,16538,-19,-277,84,-61,-402,-363
176974,34,819,16550,-20,-277,84,-62,-409,-366
176989,19,819,16534,-22,-278,89,-65,-409,-363
177003,19,823,16555,-18,-278,86,-64,-402,-357
177018,18,815,16542,-18,-284,85,-61,-406,-359
177032,13,841,16548,-16,-283,90,-70,-404,-363
177047,23,830,16551,-22,-276,86,-67,-402,-368
177061,7,824,16541,-19,-276,86,-68,-407,-361
177075,22,827,16541,-14,-275,83,-70,-402,-359
177089,21,825,16538,-17,-277,85,-64,-401,-359
177103,22,826,16529,-16,-279,87,-63,-402,-362
177117,36,813,16544,-21,-282,86,-62,-400,-362
177131,20,823,16540,-20,-281,85,-64,-404,-359
177145,22,819,16540,-21,-280,85,-65,-406,-363
177159,24,828,16544,-21,-273,88,-65,-403,-357
177173,16,825,16538,-21,-275,85,-59,-401,-366
177187,17,816,16540,-19,-279,89,-69,-405,-364
177201,15,826,16531,-17,-280,87,-66,-405,-360
177215,13,821,16528,-11,-280,84,-63,-409,-371
177229,17,825,16550,-17,-278,85,-63,-399,-364
177243,16,837,16527,-18,-278,83,-67,-403,-364
177257,17,823,16553,-28,-282,89,-63,-402,-361
177271,19,819,16533,-18,-283,89,-68,-403,-365
177285,16,823,16541,-16,-275,84,-65,-407,-367
177299,10,828,16543,-15,-280,84,-68,-405,-357
177313,28,825,16557,-21,-277,84,-68,-401,-363
177327,24,830,16537,-19,-278,91,-62,-403,-361
177341,15,832,16529,-21,-283,80,-68,-406,-362
177355,9,826,16558,-19,-275,80,-64,-407,-358
177369,26,818,16541,-18,-278,81,-66,-399,-359
177383,22,819,16544,-14,-277,87,-65,-400,-364
177398,25,828,16544,-15,-280,87,-65,-402,-358
177412,29,824,16547,-20,-280,83,-65,-394,-360
177427,19,831,16553,-20,-274,88,-61,-403,-360
177441,24,832,16533,-17,-276,88,-66,-406,-357
177456,10,825,16531,-21,-282,86,-63,-401,-360
177470,19,828,16548,-14,-282,85,-67,-403,-362
177485,14,841,16550,-21,-279,86,-61,-405,-363
177499,20,826,16535,-20,-279,83,-66,-406,-361
177514,20,830,16517,-23,-277,86,-67,-400,-358
177528,20,820,16536,-18,-275,85,-63,-402,-360
177543,22,823,16533,-19,-277,83,-64,-406,-364
177557,27,819,16537,-20,-278,84,-58,-402,-358
177571,38,820,16538,-16,-278,84,-62,-409,-359
177585,29,816,16533,-17,-278,88,-67,-406,-360
177600,20,822,16549,-18,-278,86,-63,-405,-356
177614,21,819,16549,-22,-279,84,-65,-400,-359
177629,8,831,16532,-18,-281,88,-66,-408,-359
177643,24,835,16550,-16,-282,84,-67,-411,-361
177657,15,816,16529,-16,-273,85,-70,-404,-365
177671,26,829,16545,-15,-274,86,-60,-402,-363
177685,8,824,16537,-16,-280,83,-66,-407,-361
177699,29,818,16541,-18,-278,81,-66,-399,-360
177713,12,823,16539,-19,-281,85,-69,-402,-365
177728,9,828,16529,-17,-283,86,-71,-407,-362
177742,21,819,16536,-19,-275,83,-67,-399,-364
177756,12,827,16531,-15,-278,84,-63,-402,-366
177770,19,828,16548,-15,-279,87,-67,-403,-364
177784,16,822,16539,-19,-279,93,-62,-408,-366
177798,34,824,16547,-14,-281,86,-67,-406,-357
177812,28,823,16532,-21,-279,87,-64,-402,-369
177826,29,830,16523,-19,-276,84,-64,-401,-359
177840,14,822,16536,-18,-276,87,-70,-404,-363
177854,26,821,16550,-17,-277,88,-58,-402,-367
177868,22,830,16540,-13,-281,88,-63,-403,-360
177882,25,825,16557,-20,-285,86,-69,-405,-361
177896,25,822,16537,-22,-278,85,-65,-405,-365
177910,21,836,16531,-22,-276,86,-62,-403,-366
177924,10,835,16542,-19,-277,84,-63,-405,-365
177938,22,819,16541,-21,-275,87,-60,-404,-369
177952,18,822,16537,-18,-279,88,-67,-403,-366
177966,34,822,16541,-16,-278,84,-65,-403,-363
177980,40,821,16543,-17,-276,84,-63,-401,-366
177994,16,821,16536,-18,-282,87,-70,-406,-360
178008,19,826,16534,-19,-279,88,-63,-402,-358
178022,28,826,16557,-19,-279,88,-63,-401,-362
178036,6,828,16538,-17,-281,89,-62,-404,-363
178050,19,819,16551,-21,-280,87,-64,-403,-362
178064,11,819,16538,-20,-281,86,-61,-405,-363
178079,15,825,16546,-15,-281,83,-67,-405,-363
178093,21,818,16547,-11,-278,84,-66,-403,-362
178108,26,821,16542,-18,-275,87,-67,-404,-363
178122,25,822,16539,-20,-282,91,-66,-406,-363
178137,10,830,16546,-15,-281,86,-66,-405,-365
178151,22,841,16531,-22,-277,85,-63,-404,-363
178166,21,820,16542,-18,-278,91,-67,-404,-361
178180,17,825,16535,-15,-283,90,-68,-405,-364
178195,20,815,16542,-15,-278,89,-67,-401,-364
178209,24,821,16541,-20,-277,85,-66,-398,-362
178224,11,823,16547,-16,-275,85,-67,-399,-360
178238,28,824,16542,-15,-275,89,-64,-406,-363
178253,21,811,16546,-18,-276,84,-67,-409,-362
178267,29,829,16547,-21,-281,83,-62,-405,-361
178281,13,823,16539,-22,-282,86,-65,-403,-364
178295,27,826,16546,-25,-280,89,-64,-399,-360
178310,18,827,16531,-20,-276,86,-64,-405,-359
178324,21,819,16539,-20,-279,84,-64,-401,-364
178339,-1,826,16540,-17,-281,88,-64,-402,-364
178353,15,816,16539,-23,-278,84,-62,-403,-363
178367,28,817,16553,-20,-279,89,-66,-403,-359
178381,22,822,16555,-15,-284,86,-63,-403,-368
178396,28,834,16538,-17,-280,86,-68,-397,-360
178410,15,811,16531,-16,-278,85,-64,-403,-364
178425,14,829,16549,-17,-279,88,-62,-405,-366
178439,12,829,16538,-15,-276,92,-68,-401,-364
178454,16,826,16557,-21,-279,86,-65,-403,-363
178468,19,826,16553,-18,-278,90,-63,-405,-366
178483,16,821,16567,-20,-274,85,-66,-406,-360
178497,24,826,16533,-22,-278,83,-62,-399,-363
178512,23,824,16547,-19,-282,87,-65,-400,-362
178526,20,823,16553,-23,-279,86,-65,-397,-360
178541,7,817,16542,-23,-274,84,-66,-403,-362
178555,7,827,16553,-20,-277,89,-63,-403,-358
178569,21,816,16545,-19,-279,85,-65,-400,-369
178584,17,821,16554,-22,-280,88,-69,-404,-364
178598,23,819,16550,-23,-280,85,-71,-405,-359
178612,11,827,16528,-16,-278,83,-67,-402,-363
178626,32,822,16546,-18,-276,82,-70,-400,-366
178641,18,833,16538,-16,-279,90,-65,-396,-364
178655,16,819,16523,-22,-274,89,-66,-405,-359
178670,14,825,16547,-19,-278,90,-68,-399,-361
178684,14,825,16535,-17,-280,87,-63,-403,-365
178699,16,818,16540,-18,-280,85,-69,-398,-366
178713,15,831,16534,-18,-282,88,-67,-402,-362
178728,26,827,16553,-22,-279,86,-68,-403,-364
178742,24,827,16552,-18,-277,85,-67,-405,-365
178757,13,826,16529,-18,-276,89,-65,-401,-366
178771,20,817,16538,-17,-284,86,-68,-401,-363
178786,30,824,16535,-20,-279,87,-69,-410,-366
178800,16,829,16532,-22,-277,89,-65,-400,-363
178815,34,819,16529,-21,-277,88,-63,-402,-361
178829,16,818,16538,-20,-274,85,-62,-404,-363
178843,22,815,16540,-20,-283,87,-67,-402,-361
178857,36,821,16545,-18,-282,82,-69,-407,-363
178872,26,810,16536,-17,-280,86,-64,-403,-360
178886,17,823,16542,-15,-279,88,-61,-402,-360
178901,18,817,16538,-12,-281,84,-71,-400,-364
178915,20,815,16541,-15,-275,85,-63,-403,-356
178929,24,826,16533,-21,-279,89,-62,-399,-364
178943,28,820,16537,-15,-277,89,-60,-401,-362
178958,14,818,16542,-19,-275,89,-62,-405,-366
178972,23,824,16550,-18,-273,89,-57,-400,-364
178986,23,821,16546,-17,-278,87,-66,-408,-366
179000,6,822,16541,-21,-279,85,-67,-406,-364
179014,17,819,16540,-15,-278,88,-64,-406,-360
179028,14,822,16534,-13,-282,86,-61,-402,-366
179042,15,823,16545,-20,-278,88,-67,-405,-361
179056,10,821,16550,-18,-282,87,-65,-402,-363
179070,15,812,16542,-25,-280,87,-67,-402,-362
179084,24,819,16553,-20,-279,87,-62,-404,-365
179098,23,817,16544,-20,-282,80,-64,-405,-360
179112,19,825,16544,-19,-281,85,-70,-404,-367
179126,24,827,16535,-18,-279,81,-66,-404,-359
179140,30,822,16544,-18,-279,83,-60,-406,-361
179154,27,840,16550,-19,-281,82,-66,-404,-364
179168,17,816,16533,-14,-281,82,-66,-402,-364
179182,30,843,16541,-13,-287,81,-63,-403,-366
179196,26,815,16547,-21,-278,83,-63,-407,-363
179210,29,831,16530,-17,-280,86,-67,-403,-359
179224,22,817,16545,-16,-276,83,-66,-405,-362
179238,19,827,16537,-22,-277,84,-61,-403,-363
179252,13,821,16541,-17,-278,90,-63,-406,-361
179266,17,830,16541,-15,-277,86,-63,-402,-360
179280,8,823,16542,-17,-278,82,-66,-403,-361
179294,26,825,16545,-17,-278,88,-69,-402,-362
179308,22,831,16544,-15,-274,88,-66,-403,-360
179322,11,832,16541,-17,-281,85,-66,-405,-359
179336,29,825,16542,-21,-279,89,-60,-399,-362
179350,20,819,16529,-20,-276,84,-68,-401,-367
179364,20,821,16536,-22,-279,87,-71,-402,-362
179378,27,818,16541,-19,-281,90,-67,-403,-359
179392,8,816,16548,-21,-279,90,-62,-409,-363
179406,26,827,16544,-16,-281,83,-64,-407,-359
179420,24,822,16535,-20,-278,85,-65,-399,-367
179434,17,822,16548,-18,-274,88,-66,-403,-361
179448,13,826,16528,-20,-279,86,-63,-398,-360
179462,12,820,16542,-20,-281,80,-61,-401,-360
179476,23,825,16552,-19,-277,82,-64,-404,-364
179490,21,810,16547,-17,-278,82,-69,-404,-363
179504,9,829,16537,-16,-276,86,-61,-402,-364
179518,25,827,16536,-21,-278,86,-64,-405,-361
179532,31,807,16540,-24,-281,87,-65,-404,-363
179546,13,821,16538,-23,-274,84,-64,-407,-361
179560,13,830,16530,-19,-283,88,-66,-402,-368
179574,20,825,16519,-17,-282,80,-63,-405,-362
179588,16,829,16539,-16,-278,84,-67,-402,-364
179602,19,835,16535,-18,-282,85,-66,-396,-360
179616,24,814,16542,-18,-283,91,-65,-407,-363
179630,17,830,16548,-19,-280,87,-69,-398,-359
179644,38,809,16543,-22,-280,89,-65,-405,-363
179658,12,831,16541,-22,-277,82,-69,-405,-362
179672,17,823,16546,-21,-279,85,-69,-405,-361
179686,29,834,16540,-18,-281,85,-68,-405,-361
179700,29,819,16550,-10,-281,86,-64,-411,-363
179714,23,825,16519,-19,-280,86,-63,-403,-362
179728,15,828,16560,-20,-276,88,-59,-401,-361
179742,25,827,16534,-17,-276,85,-65,-405,-362
179756,32,839,16554,-24,-280,93,-65,-404,-361
179770,22,821,16541,-19,-278,83,-61,-402,-359
179784,23,828,16561,-21,-277,85,-67,-404,-364
179798,18,824,16534,-22,-272,86,-70,-406,-368
179812,20,828,16531,-13,-280,85,-66,-402,-360
179826,-1,820,16524,-20,-276,87,-64,-405,-362
179840,4,830,16537,-23,-277,83,-69,-404,-370
179854,26,805,16537,-18,-279,88,-62,-407,-359
179868,19,828,16550,-18,-277,88,-61,-403,-358
179882,21,822,16552,-19,-280,87,-68,-403,-361
179896,17,826,16535,-20,-277,85,-68,-407,-366
179910,22,821,16548,-14,-273,91,-61,-401,-361
179924,16,824,16546,-19,-279,91,-65,-404,-365
179938,20,837,16543,-24,-280,91,-72,-404,-360
179952,15,825,16551,-20,-278,88,-65,-405,-360
179966,18,810,16545,-17,-280,87,-69,-400,-359
179980,30,826,16547,-22,-276,88,-64,-407,-360
179994,19,812,16541,-16,-281,88,-67,-406,-363
180008,20,822,16545,-20,-280,83,-67,-405,-364
180022,19,835,16543,-21,-282,86,-64,-402,-364
180036,14,825,16532,-24,-280,87,-62,-400,-355
180050,26,820,16548,-18,-280,84,-63,-400,-359
180064,28,814,16542,-20,-283,87,-62,-405,-359
180078,23,827,16549,-22,-280,88,-62,-406,-367
180092,18,832,16554,-20,-276,87,-69,-405,-360
180106,11,827,16542,-18,-276,90,-64,-405,-366
180120,27,828,16533,-23,-278,88,-67,-407,-363
180134,9,831,16547,-23,-281,86,-70,-400,-357
180148,18,807,16531,-22,-282,85,-61,-406,-356
180162,16,830,16538,-18,-282,84,-63,-403,-365
180176,17,817,16541,-17,-278,84,-65,-405,-368
180190,9,819,16541,-19,-278,88,-69,-403,-361
180204,30,820,16552,-20,-275,93,-66,-405,-361
180218,32,820,16538,-17,-275,83,-70,-411,-364
180232,21,826,16552,-17,-277,86,-66,-398,-358
180246,19,832,16535,-23,-278,84,-67,-404,-363
180260,17,835,16540,-15,-279,88,-69,-404,-364
180274,14,814,16538,-21,-280,82,-64,-405,-363
180288,13,817,16533,-21,-280,85,-65,-402,-362
180302,27,812,16548,-13,-278,85,-69,-403,-366
180316,14,813,16540,-18,-285,85,-68,-405,-363
180330,19,820,16537,-18,-275,86,-65,-406,-365
180344,13,827,16545,-15,-277,84,-66,-405,-362
180358,14,810,16559,-21,-280,85,-64,-405,-367
180372,30,823,16547,-17,-275,85,-68,-406,-367
180386,14,822,16543,-22,-277,87,-64,-403,-360
180400,12,831,16549,-14,-280,86,-68,-403,-364
180414,9,836,16544,-10,-279,84,-63,-403,-364
180428,9,829,16541,-16,-277,89,-69,-403,-366
180442,7,821,16541,-16,-279,84,-61,-403,-364
180456,34,818,16537,-18,-274,86,-63,-402,-364
180470,23,826,16548,-15,-280,83,-67,-403,-369
180484,28,818,16534,-19,-278,83,-64,-403,-364
180498,23,823,16537,-20,-282,88,-65,-404,-360
180512,38,823,16545,-18,-283,87,-70,-406,-361
180526,17,832,16545,-15,-283,87,-64,-400,-363
180540,12,819,16542,-25,-283,88,-69,-404,-364
180554,17,819,16536,-19,-280,85,-68,-402,-365
180568,14,837,16546,-21,-276,84,-64,-403,-361
180582,16,819,16534,-17,-278,86,-68,-403,-359
180596,25,816,16541,-19,-281,86,-66,-403,-366
180610,28,830,16533,-19,-275,86,-66,-405,-356
180624,28,833,16532,-15,-279,85,-64,-403,-361
180638,21,824,16533,-20,-280,88,-67,-402,-363
180652,33,828,16548,-16,-285,84,-67,-404,-362
180666,19,832,16547,-16,-284,81,-66,-404,-362
180680,22,829,16557,-18,-278,86,-64,-406,-359
180694,35,831,16540,-21,-275,82,-70,-402,-366
180708,10,830,16555,-14,-277,83,-68,-402,-362
180722,22,827,16538,-17,-277,87,-72,-400,-363
180736,23,828,16548,-17,-277,84,-62,-406,-358
180750,24,827,16556,-18,-278,86,-68,-403,-356
180764,36,826,16529,-20,-279,86,-66,-404,-365
180778,25,826,16544,-18,-278,85,-66,-405,-361
180792,22,830,16537,-15,-275,87,-65,-400,-362
180806,20,813,16553,-18,-278,86,-69,-401,-360
180820,27,832,16531,-19,-281,86,-67,-406,-362
180834,14,819,16547,-20,-281,87,-59,-400,-362
180848,13,818,16545,-16,-278,88,-67,-402,-363
180862,31,817,16547,-22,-281,88,-65,-404,-364
180876,27,827,16535,-20,-274,86,-64,-405,-363
180890,10,821,16547,-17,-277,89,-64,-402,-367
180904,18,821,16540,-20,-279,89,-62,-402,-366
180918,17,834,16541,-20,-274,86,-65,-398,-360
180932,35,835,16541,-20,-278,80,-63,-406,-368
180946,33,822,16541,-21,-283,87,-63,-403,-361
180960,16,818,16556,-24,-277,88,-62,-401,-362
180974,14,815,16538,-19,-277,86,-66,-400,-362
180988,10,830,16539,-16,-276,81,-62,-407,-361
181002,21,826,16525,-19,-283,86,-65,-402,-367
181016,15,823,16529,-19,-280,84,-67,-408,-364
181030,30,821,16537,-22,-280,82,-71,-406,-366
181044,38,809,16532,-17,-277,85,-72,-402,-365
181058,4,820,16552,-18,-280,83,-63,-400,-363
181072,29,819,16543,-16,-280,83,-69,-404,-366
181086,29,821,16544,-21,-277,83,-68,-406,-365
181100,25,833,16535,-19,-280,82,-64,-407,-361
181114,13,818,16549,-20,-279,89,-58,-403,-367
181128,14,830,16541,-22,-274,89,-67,-404,-362
181142,22,836,16536,-22,-276,86,-64,-408,-365
181156,10,830,16529,-15,-277,88,-66,-404,-365
181170,21,819,16527,-19,-275,88,-65,-405,-362
181184,31,823,16541,-18,-278,88,-63,-394,-365
181198,16,817,16540,-20,-280,86,-68,-404,-360
181212,21,823,16520,-18,-279,83,-62,-407,-365
181226,28,833,16534,-19,-279,86,-66,-405,-363
181240,15,825,16543,-18,-277,84,-64,-405,-371
181254,3,827,16553,-14,-280,90,-68,-402,-363
181269,21,822,16533,-23,-279,92,-64,-404,-358
181283,17,829,16538,-20,-276,82,-65,-401,-365
181297,22,829,16546,-23,-281,83,-68,-399,-362
181311,16,823,16551,-21,-280,83,-65,-404,-367
181325,22,827,16535,-18,-277,87,-63,-401,-360
181339,10,833,16535,-15,-278,92,-62,-403,-366
181353,25,823,16556,-15,-280,88,-65,-404,-359
181367,13,818,16554,-17,-279,80,-66,-399,-359
181381,24,819,16542,-12,-282,87,-66,-404,-364
181395,17,816,16555,-16,-278,89,-65,-403,-361
181409,20,830,16525,-16,-282,86,-64,-403,-364
181423,10,828,16541,-16,-280,80,-63,-404,-367
181437,14,834,16541,-16,-280,88,-67,-400,-358
181451,28,822,16544,-17,-280,89,-61,-404,-359
181465,30,828,16548,-25,-280,85,-68,-400,-362
181479,29,824,16547,-18,-276,83,-61,-403,-362
181493,36,823,16521,-15,-279,86,-61,-403,-360
181507,21,828,16529,-17,-278,87,-64,-402,-364
181521,21,827,16529,-17,-280,84,-65,-404,-367
181535,13,811,16533,-21,-280,87,-66,-402,-365
181549,6,818,16539,-17,-275,89,-63,-406,-363
181563,16,824,16545,-18,-273,88,-63,-403,-361
181577,17,823,16543,-15,-278,84,-63,-400,-366
181591,17,818,16536,-22,-280,84,-66,-404,-360
181605,27,828,16544,-18,-273,88,-69,-402,-357
181619,9,811,16529,-14,-279,88,-66,-405,-362
181634,6,828,16535,-20,-281,83,-65,-407,-363
181649,24,824,16539,-15,-279,81,-63,-405,-362
181663,7,825,16543,-16,-276,86,-66,-403,-360
181678,11,832,16554,-11,-278,86,-69,-406,-363
181692,15,813,16528,-18,-280,85,-69,-403,-362
181706,26,831,16539,-15,-283,88,-66,-409,-365
181720,28,817,16557,-20,-281,87,-67,-407,-359
181734,18,829,16532,-19,-279,86,-70,-403,-368
181748,32,828,16555,-15,-280,83,-66,-406,-362
181762,14,825,16535,-16,-277,84,-69,-407,-363
181776,30,815,16559,-21,-280,91,-63,-406,-363
181790,19,815,16541,-19,-281,89,-70,-406,-359
181804,5,824,16530,-15,-280,90,-64,-403,-364
181818,19,827,16560,-16,-275,85,-66,-405,-363
181832,21,835,16550,-23,-279,84,-67,-403,-365
181846,23,827,16551,-18,-282,85,-67,-400,-358
181860,33,827,16543,-17,-278,85,-65,-402,-358
181874,19,817,16528,-20,-280,83,-63,-406,-362
181888,29,819,16550,-15,-281,84,-62,-406,-362
181902,12,821,16554,-17,-283,84,-65,-405,-359
181916,7,823,16532,-17,-281,85,-69,-410,-361
181931,25,830,16550,-16,-281,86,-66,-407,-361
181945,22,824,16549,-17,-280,86,-72,-408,-367
181959,5,825,16560,-16,-276,82,-71,-405,-365
181973,33,827,16537,-18,-276,84,-64,-407,-362
181987,19,826,16537,-20,-277,88,-65,-404,-361
182001,15,831,16543,-22,-273,86,-63,-400,-361
182015,16,822,16542,-18,-276,85,-69,-403,-364
182029,27,830,16534,-20,-281,87,-64,-401,-364
182043,13,814,16553,-21,-274,87,-66,-404,-365
182057,10,813,16545,-15,-276,88,-69,-406,-360
182071,13,829,16530,-16,-278,89,-64,-402,-362
182085,10,829,16544,-21,-283,86,-64,-402,-357
182099,20,832,16543,-18,-280,88,-67,-405,-364
182113,11,820,16538,-15,-277,87,-67,-404,-363
182127,6,820,16532,-18,-278,85,-68,-403,-359
182141,20,828,16543,-18,-278,88,-65,-404,-358
182155,33,830,16546,-12,-277,85,-60,-406,-357
182169,20,831,16544,-19,-278,84,-62,-401,-363
182183,29,829,16530,-13,-282,83,-65,-405,-362
182197,26,819,16549,-18,-276,82,-68,-401,-364
182211,16,834,16543,-13,-278,79,-63,-405,-367
182225,16,826,16540,-17,-282,84,-68,-405,-363
182239,21,830,16537,-16,-280,83,-67,-405,-361
182253,23,817,16544,-12,-279,84,-63,-403,-361
182267,16,829,16544,-17,-277,87,-66,-407,-361
182281,27,816,16538,-20,-279,83,-65,-403,-362
182295,33,823,16531,-11,-276,86,-59,-396,-358
182309,27,821,16515,-20,-276,83,-60,-401,-361
182323,26,817,16540,-13,-278,87,-63,-403,-358
182337,5,823,16544,-17,-281,86,-60,-405,-360
182351,19,825,16552,-16,-284,85,-67,-403,-359
182365,21,824,16534,-19,-277,84,-66,-404,-360
182379,26,828,16548,-15,-281,81,-64,-405,-359
182393,28,824,16552,-15,-280,84,-68,-407,-360
182407,24,822,16557,-18,-277,84,-63,-409,-366
182421,10,825,16535,-12,-280,83,-68,-404,-359
182435,35,820,16530,-20,-279,86,-60,-398,-367
182449,27,820,16538,-18,-277,87,-68,-400,-360
182463,27,818,16535,-22,-280,87,-64,-403,-358
182477,23,829,16532,-22,-279,83,-69,-406,-358
182491,29,821,16541,-21,-278,83,-64,-399,-363
182505,16,826,16548,-18,-274,83,-64,-404,-367
182519,11,836,16541,-18,-278,91,-69,-402,-360
182533,27,830,16547,-18,-280,89,-64,-400,-362
182547,21,830,16551,-20,-279,87,-68,-402,-365
182561,15,827,16544,-19,-273,82,-67,-407,-363
182575,24,826,16541,-19,-276,81,-61,-406,-362
182589,14,817,16541,-20,-272,84,-70,-401,-361
182603,17,832,16542,-23,-275,85,-65,-401,-360
182617,27,823,16531,-20,-279,85,-67,-405,-365
182631,27,819,16543,-13,-276,85,-68,-400,-362
182645,19,822,16550,-17,-278,85,-64,-401,-362
182659,25,823,16535,-21,-279,88,-63,-405,-360
182673,23,826,16551,-18,-282,87,-69,-404,-362
182687,14,834,16539,-19,-280,91,-60,-404,-366
182701,28,824,16528,-20,-277,86,-68,-403,-362
182715,29,817,16524,-16,-278,85,-68,-399,-362
182729,20,827,16542,-15,-280,82,-65,-409,-369
182743,22,816,16542,-16,-277,86,-67,-405,-360
182757,18,827,16539,-19,-277,86,-64,-400,-364
182771,14,826,16541,-17,-279,84,-66,-403,-363
182785,16,827,16546,-20,-282,89,-67,-399,-362
182799,19,814,16551,-17,-278,87,-67,-403,-362
182813,21,824,16539,-18,-275,83,-67,-403,-360
182827,10,824,16531,-21,-274,83,-64,-405,-361
182841,19,821,16536,-20,-279,84,-63,-405,-364
182855,5,820,16531,-19,-280,85,-61,-403,-362
182870,22,826,16526,-14,-278,87,-69,-401,-362
182884,32,828,16554,-16,-275,86,-69,-406,-366
182898,31,818,16538,-18,-280,84,-69,-399,-362
182912,19,831,16550,-24,-276,86,-67,-396,-360
182926,23,825,16544,-15,-277,83,-68,-404,-366
182940,15,826,16541,-18,-278,89,-69,-400,-358
182954,20,826,16546,-19,-276,83,-67,-403,-363
182968,28,811,16551,-19,-280,87,-63,-403,-361
182982,13,828,16531,-16,-280,86,-64,-404,-363
182996,18,815,16553,-24,-273,82,-63,-401,-361
183010,17,826,16530,-14,-280,87,-64,-399,-363
183024,2,822,16544,-19,-279,88,-62,-400,-361
183038,28,814,16544,-24,-278,86,-63,-400,-366
183052,7,822,16541,-22,-279,84,-67,-403,-360
183067,20,830,16551,-22,-278,89,-62,-403,-364
183081,35,834,16547,-19,-278,89,-69,-403,-361
183095,13,829,16542,-17,-284,85,-61,-403,-362
183109,27,821,16533,-18,-278,87,-68,-404,-360
183123,20,828,16547,-21,-278,84,-61,-404,-362
183137,23,830,16546,-17,-284,85,-69,-399,-363
183151,34,822,16533,-14,-280,89,-70,-409,-366
183165,18,830,16530,-23,-278,85,-74,-403,-355
183179,20,824,16548,-17,-278,91,-67,-398,-363
183193,20,820,16543,-17,-276,89,-68,-404,-360
183207,19,821,16546,-18,-279,87,-68,-399,-366
183221,21,821,16536,-22,-276,87,-67,-407,-363
183235,20,818,16554,-19,-277,79,-63,-401,-363
183249,25,817,16551,-14,-280,90,-66,-399,-363
183263,21,828,16540,-13,-281,92,-67,-407,-364
183277,24,827,16545,-19,-284,89,-63,-404,-360
183291,18,821,16536,-21,-277,85,-68,-406,-362
183305,24,822,16543,-15,-277,90,-64,-402,-358
183319,27,820,16549,-15,-283,87,-61,-399,-363
183333,15,831,16544,-13,-280,91,-65,-400,-365
183347,13,827,16531,-21,-277,87,-65,-400,-363
183361,33,822,16539,-18,-273,88,-59,-401,-361
183375,14,819,16537,-16,-280,84,-65,-404,-357
183389,11,824,16549,-17,-278,85,-67,-410,-358
183403,13,809,16547,-20,-281,89,-69,-407,-360
183417,15,820,16518,-19,-277,85,-60,-408,-366
183431,5,824,16529,-18,-280,86,-63,-402,-366
183445,25,828,16533,-16,-281,87,-67,-409,-362
183459,18,826,16552,-16,-280,92,-69,-402,-360
183473,11,819,16539,-24,-274,85,-66,-407,-359
183487,18,830,16544,-19,-279,87,-58,-402,-358
183501,18,811,16536,-16,-279,86,-67,-401,-364
183515,17,834,16537,-16,-279,86,-69,-404,-364
183529,3,826,16532,-16,-274,86,-62,-400,-360
183544,20,831,16541,-15,-276,85,-69,-401,-362
183558,17,837,16537,-18,-274,86,-62,-404,-355
183572,29,824,16536,-17,-280,87,-67,-412,-362
183586,16,826,16557,-16,-276,86,-66,-402,-360
183600,14,829,16557,-17,-280,84,-66,-403,-362
183614,23,826,16544,-19,-279,83,-64,-404,-364
183628,24,812,16548,-21,-275,83,-61,-404,-362
183642,26,824,16547,-19,-276,84,-65,-401,-367
183656,29,820,16524,-19,-274,88,-65,-402,-362
183670,20,832,16541,-16,-280,84,-60,-406,-363
183684,22,817,16536,-15,-279,85,-66,-404,-361
183698,20,839,16537,-17,-280,89,-65,-401,-359
183712,12,833,16540,-24,-277,86,-64,-403,-364
183726,17,823,16536,-13,-279,81,-68,-396,-360
183740,15,822,16547,-15,-277,85,-64,-403,-362
183754,23,820,16550,-18,-273,84,-64,-401,-355
183768,16,824,16530,-22,-279,88,-61,-402,-362
183782,25,822,16534,-13,-277,84,-64,-404,-366
183796,19,823,16537,-14,-276,86,-63,-406,-363
183810,18,820,16534,-18,-279,92,-64,-404,-362
183824,12,828,16545,-18,-283,90,-67,-400,-361
183838,25,818,16554,-14,-278,90,-62,-402,-364
183852,27,820,16535,-20,-281,87,-63,-401,-361
183866,18,823,16532,-19,-279,88,-71,-404,-361
183880,19,829,16544,-22,-281,83,-67,-404,-358
183894,25,830,16531,-18,-278,84,-67,-403,-360
183908,17,834,16537,-12,-276,84,-66,-405,-360
183922,18,829,16538,-19,-280,86,-64,-405,-361
183936,24,829,16531,-18,-277,82,-66,-405,-359
183950,23,814,16539,-17,-275,87,-67,-405,-358
183964,15,832,16534,-20,-278,84,-69,-405,-362
183978,25,828,16544,-15,-280,83,-69,-406,-368
183992,18,816,16540,-23,-280,86,-63,-404,-362
184006,17,822,16519,-23,-282,85,-69,-406,-361
184020,19,822,16550,-19,-278,83,-71,-401,-364
184034,27,829,16546,-18,-277,87,-68,-405,-359
184048,21,817,16529,-21,-278,87,-61,-404,-363
184062,18,827,16517,-14,-277,87,-67,-407,-363
184076,32,824,16544,-15,-277,83,-66,-405,-361
184090,20,826,16528,-17,-280,81,-63,-402,-361
184104,10,832,16545,-19,-277,85,-59,-401,-363
184118,23,831,16540,-14,-278,85,-64,-402,-360
184132,22,817,16541,-13,-278,81,-67,-402,-364
184146,16,817,16536,-17,-281,85,-69,-407,-360
184160,21,813,16528,-16,-282,83,-61,-407,-360
184174,19,823,16537,-16,-277,87,-66,-400,-366
184188,13,823,16526,-17,-277,84,-70,-403,-358
184202,25,828,16531,-15,-279,83,-66,-405,-359
184216,11,820,16533,-17,-276,86,-66,-404,-364
184230,12,828,16544,-16,-274,80,-63,-401,-360
184244,6,833,16548,-18,-277,85,-69,-405,-359
184259,13,823,16535,-16,-277,86,-64,-401,-361
184273,12,823,16544,-17,-279,82,-62,-402,-362
184287,26,829,16544,-15,-280,85,-66,-406,-363
184301,27,812,16533,-15,-276,85,-65,-405,-360
184315,20,826,16535,-18,-280,84,-68,-401,-358
184329,22,826,16542,-17,-278,84,-63,-398,-360
184343,22,828,16537,-15,-276,89,-64,-403,-359
184357,28,839,16528,-20,-279,89,-67,-405,-365
184371,19,821,16533,-20,-274,89,-63,-409,-363
184385,13,830,16530,-16,-281,90,-64,-405,-364
184399,25,832,16549,-25,-279,85,-66,-404,-360
184413,32,825,16524,-24,-278,84,-65,-399,-359
184427,23,820,16541,-22,-279,83,-64,-406,-360
184441,24,828,16553,-18,-276,83,-63,-402,-364
184455,31,823,16528,-20,-276,85,-63,-407,-365
184469,19,826,16547,-18,-282,81,-66,-404,-358
184483,17,823,16551,-15,-281,85,-67,-401,-366
184497,15,828,16540,-17,-279,79,-65,-398,-362
184511,15,826,16534,-17,-282,91,-64,-404,-360
184525,23,826,16541,-19,-279,86,-64,-404,-361
184539,22,825,16547,-16,-275,82,-64,-406,-362
184553,24,830,16553,-20,-278,85,-66,-397,-365
184567,19,822,16535,-14,-279,84,-67,-402,-358
184581,15,821,16535,-19,-282,84,-70,-403,-360
184595,27,826,16532,-20,-280,84,-60,-400,-359
184609,22,821,16541,-20,-278,84,-67,-401,-363
184623,19,828,16540,-18,-276,85,-67,-404,-362
184637,13,813,16523,-15,-279,83,-62,-405,-362
184651,23,830,16530,-13,-278,87,-64,-396,-360
184665,18,823,16534,-16,-281,86,-65,-407,-362
184679,10,812,16532,-18,-280,85,-65,-402,-360
184693,31,825,16529,-14,-277,85,-67,-409,-359
184707,25,822,16531,-18,-279,83,-66,-404,-362
184721,23,822,16538,-18,-278,87,-70,-400,-362
184735,29,822,16534,-18,-271,83,-70,-404,-359
184749,26,834,16531,-22,-279,87,-66,-407,-363
184763,22,825,16536,-16,-280,85,-62,-405,-363
184777,20,840,16534,-17,-278,87,-65,-401,-360
184791,19,812,16536,-21,-280,88,-64,-402,-361
184805,26,822,16544,-21,-279,88,-65,-402,-358
184819,21,817,16517,-24,-280,86,-69,-401,-359
184833,26,828,16547,-18,-279,87,-68,-405,-363
184847,28,827,16539,-18,-276,86,-61,-404,-362
184861,41,832,16544,-20,-277,87,-69,-404,-362
184875,20,830,16543,-13,-274,88,-63,-403,-365
184889,16,820,16526,-21,-280,83,-64,-409,-363
184903,14,816,16555,-24,-280,86,-65,-403,-359
184917,5,835,16565,-16,-277,90,-64,-398,-361
184931,15,824,16537,-17,-276,83,-62,-407,-368
184945,11,826,16530,-13,-280,86,-66,-404,-362
184959,19,828,16542,-9,-279,85,-67,-400,-366
184973,26,824,16533,-20,-275,87,-64,-400,-363
184987,21,833,16537,-22,-279,86,-66,-405,-363
185001,18,823,16533,-17,-278,86,-67,-402,-360
185015,22,820,16540,-15,-279,84,-65,-402,-364
185029,12,821,16526,-13,-279,84,-63,-400,-357
185043,14,822,16539,-17,-277,85,-63,-401,-363
185057,8,830,16539,-16,-277,82,-74,-406,-365
185071,19,826,16541,-14,-278,89,-68,-407,-361
185085,17,819,16542,-16,-275,84,-66,-406,-363
185099,21,825,16542,-19,-275,83,-66,-402,-363
185113,30,822,16538,-15,-284,87,-65,-406,-361
185127,16,830,16551,-18,-282,82,-63,-403,-362
185141,19,836,16557,-17,-273,87,-68,-402,-361
185155,25,819,16546,-21,-277,88,-65,-399,-361
185169,29,833,16534,-15,-280,90,-65,-399,-355
185183,15,823,16543,-18,-284,82,-69,-400,-367
185197,21,830,16552,-14,-283,85,-66,-404,-362
185211,0,815,16541,-16,-277,81,-67,-402,-362
185225,30,818,16547,-11,-278,89,-66,-398,-362
185239,16,833,16543,-22,-279,87,-64,-403,-356
185253,34,820,16554,-16,-281,82,-62,-403,-366
185267,12,825,16540,-12,-279,88,-68,-401,-366
185281,29,810,16538,-18,-269,90,-63,-402,-364
185295,11,832,16536,-21,-277,87,-65,-400,-363
185309,20,819,16545,-15,-283,84,-69,-404,-364
185323,17,817,16553,-20,-278,83,-68,-405,-364
185337,21,828,16551,-19,-279,86,-62,-398,-359
185351,24,821,16536,-18,-278,81,-65,-405,-356
185365,15,821,16540,-18,-273,84,-64,-396,-363
185379,15,822,16548,-18,-280,89,-65,-407,-356
185393,11,816,16549,-21,-277,87,-63,-400,-360
185407,6,820,16537,-17,-278,86,-62,-402,-361
185421,19,827,16548,-13,-279,87,-65,-404,-362
185435,15,816,16546,-17,-279,84,-65,-401,-364
185449,16,812,16534,-21,-281,85,-66,-404,-361
185463,17,836,16537,-19,-274,86,-69,-404,-363
185477,13,829,16545,-14,-274,89,-68,-401,-360
185491,23,821,16547,-15,-273,86,-65,-404,-368
185505,14,827,16553,-14,-281,86,-74,-402,-364
185519,16,827,16532,-14,-279,83,-64,-400,-362
185533,7,820,16551,-15,-282,87,-70,-400,-368
185547,17,826,16526,-18,-279,89,-64,-407,-363
185561,12,821,16538,-22,-279,83,-61,-407,-360
185575,22,816,16528,-18,-280,85,-68,-398,-366
185589,15,825,16537,-18,-278,92,-67,-403,-361
185603,15,820,16530,-21,-277,86,-64,-406,-363
185617,17,827,16541,-18,-279,86,-64,-402,-363
185631,25,832,16544,-18,-284,88,-65,-404,-361
185645,24,828,16543,-21,-281,87,-69,-402,-360
185659,20,829,16547,-21,-280,88,-62,-403,-365
185673,22,821,16542,-15,-278,85,-67,-396,-363
185687,23,832,16539,-17,-280,83,-61,-402,-363
185701,25,820,16544,-17,-282,87,-71,-401,-360
185715,24,826,16542,-16,-276,87,-69,-406,-360
185729,19,820,16553,-19,-281,84,-66,-400,-365
185743,21,829,16558,-18,-276,86,-68,-406,-363
185757,16,832,16549,-17,-275,81,-65,-405,-363
185771,12,819,16532,-15,-284,88,-72,-398,-359
185785,28,823,16546,-23,-281,87,-72,-403,-358
185799,17,817,16562,-22,-276,84,-64,-401,-362
185813,30,830,16560,-21,-276,89,-70,-404,-363
185827,8,810,16545,-19,-276,85,-63,-406,-362
185841,16,823,16537,-19,-276,86,-66,-408,-358
185855,23,829,16548,-22,-277,93,-64,-401,-366
185869,23,817,16545,-19,-277,89,-68,-403,-363
185883,18,828,16546,-15,-278,87,-63,-402,-361
185897,17,823,16556,-19,-284,88,-71,-402,-367
185911,26,827,16545,-22,-276,87,-65,-399,-364
185925,11,823,16552,-15,-277,84,-69,-399,-359
185939,13,820,16545,-21,-281,84,-67,-407,-361
185953,42,831,16556,-12,-280,83,-64,-403,-363
185967,22,822,16557,-18,-283,86,-63,-404,-362
185981,18,816,16534,-15,-281,88,-62,-401,-359
185995,17,832,16547,-12,-281,80,-69,-407,-361
186009,15,812,16564,-18,-287,85,-63,-403,-361
186023,7,819,16525,-20,-279,88,-64,-400,-369
186038,20,814,16552,-15,-278,89,-71,-409,-358
186052,6,820,16547,-15,-281,82,-65,-404,-368
186066,17,822,16555,-18,-280,85,-63,-406,-364
186080,26,824,16536,-13,-278,88,-66,-405,-363
186094,18,829,16536,-21,-279,87,-64,-398,-358
186108,13,816,16557,-18,-277,86,-71,-401,-366
186122,28,826,16541,-18,-273,87,-62,-404,-367
186136,24,822,16552,-15,-282,87,-61,-402,-361
186150,21,825,16546,-22,-283,87,-63,-401,-366
186164,22,818,16530,-22,-282,85,-65,-405,-368
186178,11,834,16534,-24,-278,89,-63,-397,-366
186192,28,825,16543,-18,-275,83,-66,-401,-362
186206,17,826,16549,-14,-275,90,-69,-404,-361
186220,10,809,16540,-21,-281,88,-66,-408,-363
186234,18,821,16554,-19,-276,82,-63,-406,-359
186248,8,836,16543,-17,-279,87,-65,-403,-359
186262,23,824,16541,-16,-278,89,-66,-406,-363
186276,25,823,16542,-19,-280,84,-64,-402,-361
186290,21,820,16540,-16,-279,85,-60,-403,-362
186304,17,827,16550,-18,-278,86,-59,-399,-361
186318,18,825,16553,-26,-278,90,-66,-405,-357
186332,22,816,16553,-14,-276,86,-64,-404,-360
186346,19,816,16535,-20,-277,89,-65,-403,-363
186360,13,826,16540,-19,-273,88,-63,-403,-360
186374,23,819,16562,-21,-278,85,-68,-404,-360
186388,27,833,16553,-18,-280,82,-69,-407,-361
186402,19,823,16551,-16,-280,86,-63,-404,-361
186416,1,821,16562,-19,-279,89,-63,-402,-361
186430,14,813,16542,-15,-278,88,-65,-402,-361
186444,13,826,16529,-21,-278,85,-63,-404,-362
186458,14,833,16546,-22,-280,82,-68,-399,-367
186472,9,816,16537,-16,-275,82,-58,-407,-361
186486,28,823,16532,-17,-277,84,-67,-405,-360
186500,32,828,16547,-17,-279,88,-64,-401,-359
186514,33,816,16536,-18,-279,87,-65,-398,-360
186528,10,818,16554,-13,-281,87,-67,-401,-360
186542,20,825,16536,-16,-277,85,-67,-403,-361
186556,12,825,16547,-19,-276,84,-69,-403,-362
186570,28,820,16543,-20,-281,86,-65,-400,-362
186584,20,812,16561,-12,-279,85,-65,-403,-363
186598,12,820,16555,-23,-283,82,-63,-405,-360
186612,24,834,16548,-14,-281,82,-67,-404,-363
186626,28,827,16533,-18,-281,81,-61,-405,-357
186640,13,832,16538,-16,-280,85,-63,-402,-365
186654,20,819,16534,-19,-277,85,-70,-402,-365
186668,34,827,16551,-17,-279,85,-70,-402,-359
186682,14,826,16558,-17,-283,87,-68,-406,-361
186696,8,824,16544,-19,-279,85,-69,-405,-364
186710,14,839,16558,-24,-278,88,-65,-401,-362
186724,12,833,16535,-23,-281,86,-63,-403,-366
186738,16,827,16533,-22,-281,86,-64,-404,-367
186752,15,840,16536,-14,-279,81,-68,-400,-359
186766,23,818,16550,-20,-279,81,-63,-406,-363
186780,28,824,16546,-16,-278,82,-62,-403,-362
186794,16,820,16549,-14,-274,81,-68,-409,-362
186808,18,809,16554,-16,-275,86,-65,-403,-357
186822,18,824,16548,-20,-278,87,-67,-399,-365
186836,27,821,16547,-19,-285,88,-73,-405,-362
186850,8,822,16542,-15,-276,91,-70,-403,-358
186864,17,826,16548,-16,-277,87,-70,-400,-363
186878,25,821,16557,-12,-282,87,-63,-401,-360
186892,17,829,16543,-12,-280,89,-63,-402,-365
186906,8,828,16532,-19,-280,88,-67,-403,-361
186920,21,819,16545,-15,-282,87,-66,-403,-363
186934,21,830,16548,-19,-278,84,-70,-400,-363
186948,17,825,16530,-20,-277,84,-66,-403,-357
186962,17,815,16534,-17,-280,88,-70,-406,-365
186976,34,832,16542,-19,-280,95,-69,-403,-361
186990,10,836,16543,-20,-283,85,-66,-404,-366
187004,30,829,16531,-26,-280,86,-63,-407,-361
187018,21,830,16537,-16,-283,84,-63,-405,-361
187032,8,818,16552,-26,-281,86,-65,-402,-366
187047,16,824,16559,-14,-279,84,-64,-403,-362
187061,12,831,16542,-18,-279,92,-71,-401,-365
187075,9,826,16541,-12,-277,88,-63,-400,-357
187089,16,817,16540,-17,-278,83,-64,-403,-359
187103,18,828,16563,-13,-275,85,-67,-403,-365
187117,27,824,16555,-16,-276,83,-64,-402,-363
187131,11,815,16539,-14,-280,87,-64,-403,-366
187145,26,822,16535,-25,-278,86,-70,-408,-359
187159,11,821,16544,-23,-278,84,-62,-401,-365
187173,28,814,16545,-18,-275,84,-68,-405,-361
187187,16,821,16548,-17,-284,85,-65,-401,-360
187201,19,808,16532,-18,-282,85,-69,-407,-357
187215,14,823,16550,-17,-279,89,-69,-401,-362
187229,13,819,16553,-14,-285,84,-64,-403,-360
187243,15,826,16560,-18,-278,83,-63,-405,-365
187257,21,808,16555,-20,-277,85,-62,-400,-364
187271,22,829,16543,-19,-279,88,-62,-403,-362
187285,23,832,16548,-19,-279,85,-65,-400,-361
187299,2,820,16533,-16,-280,88,-64,-406,-366
187314,21,827,16539,-21,-282,83,-68,-403,-359
187328,18,822,16542,-17,-280,87,-62,-406,-358
187342,29,820,16556,-22,-279,87,-65,-398,-361
187356,23,825,16549,-18,-285,88,-70,-402,-359
187370,18,833,16542,-16,-276,82,-69,-402,-365
187384,25,814,16533,-17,-277,90,-68,-409,-364
187398,17,816,16557,-21,-282,89,-73,-403,-363
187412,21,820,16536,-13,-278,86,-66,-403,-365
187426,18,836,16543,-19,-275,85,-63,-404,-364
187440,19,824,16549,-23,-278,84,-68,-403,-361
187454,11,830,16567,-15,-277,87,-66,-402,-364
187468,7,827,16535,-22,-276,84,-68,-404,-369
187482,20,821,16539,-16,-277,88,-66,-405,-362
187496,14,837,16548,-18,-281,86,-65,-404,-362
187510,23,826,16546,-19,-279,87,-66,-407,-363
187524,9,811,16549,-25,-281,84,-62,-402,-366
187538,23,822,16549,-16,-279,87,-67,-401,-364
187552,35,821,16548,-20,-282,86,-63,-406,-364
187566,18,822,16543,-20,-279,86,-60,-406,-363
187580,23,826,16547,-20,-278,85,-64,-401,-359
187594,10,818,16555,-20,-281,89,-70,-403,-364
187608,26,828,16534,-21,-281,84,-65,-400,-364
187622,21,832,16548,-18,-279,90,-63,-403,-359
187636,20,829,16553,-19,-279,85,-65,-399,-363
187650,27,823,16541,-19,-279,88,-68,-406,-361
187664,30,814,16532,-11,-276,88,-69,-398,-357
187678,32,819,16549,-19,-283,84,-70,-400,-362
187692,4,825,16551,-11,-276,84,-68,-405,-361
187706,7,824,16539,-17,-279,87,-66,-402,-362
187720,19,815,16552,-23,-281,90,-68,-405,-364
187734,15,832,16551,-20,-280,86,-67,-406,-361
187748,10,815,16551,-19,-279,87,-62,-401,-361
187762,17,816,16543,-20,-276,89,-60,-404,-353
187776,30,834,16541,-17,-275,88,-65,-404,-360
187790,19,819,16543,-17,-281,85,-62,-397,-361
187804,21,804,16548,-24,-282,87,-64,-402,-361
187818,25,818,16544,-24,-283,89,-65,-400,-358
187832,23,826,16562,-15,-280,88,-67,-403,-364
187846,13,833,16537,-16,-278,83,-63,-402,-365
187860,21,831,16536,-13,-278,88,-60,-402,-370
187874,24,820,16550,-14,-280,87,-67,-403,-362
187888,8,819,16547,-16,-277,83,-64,-403,-371
187902,7,827,16548,-19,-278,84,-62,-403,-359
187917,9,814,16538,-14,-282,87,-66,-405,-364
187931,10,809,16551,-19,-276,86,-64,-400,-359
187945,24,818,16552,-13,-279,87,-67,-402,-363
187959,21,819,16553,-15,-278,86,-67,-407,-363
187973,25,821,16552,-10,-277,85,-67,-400,-359
187987,27,813,16553,-16,-278,85,-64,-401,-367
188001,16,829,16536,-17,-282,93,-67,-403,-361
188015,12,823,16553,-17,-274,88,-63,-405,-363
188029,23,822,16540,-21,-282,88,-68,-400,-365
188043,48,822,16550,-16,-280,83,-64,-406,-363
188057,33,819,16555,-14,-280,88,-61,-402,-362
188071,8,825,16562,-19,-284,87,-66,-411,-362
188085,15,817,16556,-14,-281,90,-68,-405,-362
188099,17,823,16550,-13,-276,88,-64,-401,-363
188113,17,826,16562,-17,-280,86,-71,-403,-361
188127,19,831,16549,-14,-278,89,-66,-402,-367
188141,19,820,16544,-24,-274,84,-64,-404,-369
188155,12,822,16549,-20,-277,87,-69,-405,-363
188169,19,821,16546,-18,-279,86,-66,-404,-360
188183,20,818,16544,-15,-283,89,-70,-404,-359
188197,23,822,16549,-16,-285,83,-68,-407,-362
188211,20,817,16538,-19,-280,83,-68,-400,-365
188225,23,825,16553,-17,-278,84,-63,-404,-361
188239,31,824,16552,-16,-279,87,-63,-402,-359
188253,6,835,16538,-15,-281,80,-68,-403,-362
188267,14,819,16549,-16,-279,84,-69,-403,-362
188281,35,820,16550,-16,-279,85,-67,-403,-362
188295,20,824,16557,-19,-276,89,-63,-403,-361
188309,32,817,16560,-22,-276,88,-64,-408,-367
188323,38,832,16553,-20,-279,89,-69,-401,-362
188337,10,824,16537,-19,-281,85,-70,-404,-362
188351,14,819,16537,-17,-281,88,-63,-404,-362
188365,17,825,16559,-17,-281,87,-61,-404,-367
188379,5,828,16543,-18,-281,86,-63,-409,-363
188394,13,818,16553,-24,-279,85,-66,-403,-360
188408,23,814,16566,-17,-276,85,-66,-403,-355
188422,22,823,16542,-18,-278,88,-67,-408,-361
188436,14,819,16543,-12,-279,87,-63,-403,-363
188450,25,832,16557,-17,-283,82,-68,-398,-366
188464,18,821,16547,-20,-277,92,-67,-402,-365
188478,19,820,16532,-23,-278,86,-63,-407,-364
188492,14,820,16552,-18,-280,86,-67,-404,-359
188506,20,837,16544,-23,-284,84,-63,-403,-360
188520,6,842,16535,-14,-283,86,-68,-403,-367
188534,21,827,16536,-18,-276,84,-64,-405,-363
188548,24,827,16554,-23,-277,87,-67,-399,-365
188562,30,821,16560,-20,-273,81,-66,-403,-363
188576,26,816,16538,-23,-276,82,-70,-410,-363
188590,10,812,16540,-21,-277,82,-66,-403,-358
188604,8,805,16540,-18,-281,89,-64,-405,-361
188618,11,824,16541,-18,-282,87,-66,-404,-363
188632,28,828,16545,-17,-277,85,-66,-400,-364
188646,19,813,16548,-15,-273,82,-61,-402,-363
188660,14,816,16551,-13,-277,85,-63,-403,-361
188674,21,824,16555,-15,-276,85,-66,-404,-361
188688,19,821,16556,-18,-279,84,-66,-403,-359
188702,34,818,16558,-22,-283,80,-67,-405,-361
188716,22,818,16551,-15,-283,89,-66,-401,-362
188730,33,824,16541,-23,-279,91,-65,-402,-365
188744,9,833,16555,-16,-277,84,-64,-404,-356
188758,21,819,16539,-13,-277,85,-62,-399,-363
188772,2,824,16549,-16,-280,87,-63,-404,-364
188787,8,819,16546,-18,-280,86,-61,-401,-361
188801,19,827,16559,-22,-280,92,-63,-407,-363
188815,26,822,16542,-14,-274,92,-61,-403,-364
188829,25,828,16536,-17,-280,89,-67,-404,-360
188843,29,813,16539,-17,-274,85,-64,-405,-360
188857,36,829,16537,-18,-279,85,-66,-409,-367
188871,40,831,16544,-19,-278,89,-66,-406,-359
188885,20,819,16534,-21,-278,87,-68,-405,-361
188899,12,813,16547,-21,-279,84,-62,-399,-361
188913,6,817,16535,-18,-274,85,-68,-403,-366
188927,12,822,16541,-17,-275,83,-69,-405,-359
188941,23,825,16542,-11,-277,83,-69,-401,-364
188955,26,822,16549,-16,-279,85,-71,-403,-364
188969,35,823,16530,-23,-277,85,-66,-404,-358
188983,6,813,16553,-13,-279,87,-63,-397,-357
188997,17,819,16535,-22,-280,87,-61,-401,-360
189011,31,829,16551,-22,-277,82,-64,-400,-361
189025,13,816,16540,-17,-284,83,-64,-410,-360
189039,18,821,16549,-19,-278,87,-66,-402,-362
189053,16,833,16554,-18,-277,86,-62,-406,-361
189067,12,834,16546,-21,-278,83,-67,-401,-362
189081,20,829,16542,-16,-276,82,-64,-399,-360
189095,14,826,16534,-15,-278,83,-72,-400,-361
189109,22,825,16534,-10,-276,84,-65,-401,-360
189123,24,815,16539,-14,-276,78,-65,-402,-364
189137,26,818,16539,-21,-280,82,-70,-405,-359
189151,26,828,16561,-21,-280,85,-67,-401,-357
189165,21,825,16527,-17,-283,80,-68,-403,-358
189179,14,824,16540,-17,-277,82,-68,-405,-357
189193,9,834,16559,-14,-281,81,-70,-408,-358
189208,11,830,16533,-18,-276,89,-65,-403,-359
189222,23,828,16547,-20,-280,85,-62,-397,-359
189236,16,823,16546,-18,-280,80,-66,-403,-365
189250,29,819,16544,-15,-279,83,-66,-402,-362
189264,23,822,16554,-13,-281,82,-66,-401,-362
189278,32,822,16536,-17,-278,85,-70,-402,-362
189292,23,812,16552,-14,-277,84,-64,-399,-362
189306,10,825,16538,-17,-278,86,-61,-399,-363
189320,10,836,16535,-14,-280,83,-64,-405,-365
189334,3,824,16553,-15,-278,83,-62,-400,-363
189348,15,838,16540,-19,-282,82,-70,-412,-359
189362,12,830,16553,-18,-274,86,-65,-403,-362
189376,5,836,16544,-12,-281,87,-62,-402,-364
189391,36,815,16545,-13,-279,90,-62,-400,-360
189405,35,819,16549,-17,-283,87,-63,-405,-359
189419,27,825,16553,-15,-282,84,-64,-408,-363
189433,30,827,16533,-16,-282,91,-73,-402,-361
189447,28,817,16544,-20,-279,83,-63,-402,-367
189461,18,834,16536,-16,-279,90,-71,-409,-367
189475,4,825,16527,-15,-282,83,-64,-402,-361
189489,11,819,16538,-23,-276,84,-65,-401,-361
189503,20,824,16550,-20,-283,85,-63,-399,-369
189517,8,827,16550,-25,-276,90,-61,-402,-365
189531,27,817,16539,-21,-277,87,-66,-408,-360
189545,19,829,16549,-12,-275,81,-68,-402,-364
189559,22,815,16535,-21,-277,88,-70,-405,-363
189573,27,814,16549,-17,-275,90,-65,-404,-365
189587,12,822,16550,-19,-284,87,-65,-404,-362
189601,14,825,16549,-18,-278,86,-67,-401,-360
189615,27,823,16547,-19,-278,85,-64,-404,-360
189629,5,831,16532,-16,-274,84,-69,-400,-362
189643,11,814,16559,-18,-277,86,-63,-400,-364
189657,19,820,16544,-19,-280,84,-64,-406,-355
189671,25,829,16525,-18,-278,88,-69,-404,-367
189685,27,826,16535,-18,-277,87,-65,-410,-359
189699,17,828,16545,-22,-283,85,-64,-403,-362
189713,22,822,16552,-20,-277,87,-63,-403,-365
189727,2,826,16549,-19,-278,85,-65,-403,-364
189741,6,833,16541,-21,-278,87,-69,-404,-364
189755,253,826,16556,-15,-280,85,-62,-403,-361
189769,22,841,16542,-18,-281,89,-66,-404,-364
189783,12,827,16550,-17,-280,87,-68,-404,-364
189797,24,822,16557,-17,-277,81,-64,-407,-358
189811,21,811,16536,-18,-275,85,-64,-409,-363
189825,23,813,16540,-18,-280,86,-66,-401,-361
189839,20,817,16549,-20,-281,82,-66,-407,-364
189853,13,809,16548,-16,-282,84,-63,-404,-360
189867,22,822,16553,-14,-281,87,-65,-399,-362
189881,4,827,16554,-16,-281,86,-68,-401,-365
189895,23,842,16548,-16,-275,83,-71,-402,-362
189909,17,840,16540,-17,-280,84,-69,-400,-359
189923,22,819,16548,-17,-276,87,-67,-404,-364
189937,16,819,16552,-18,-278,92,-69,-401,-361
189951,40,821,16558,-19,-277,87,-63,-401,-359
189965,27,816,16553,-18,-279,85,-66,-403,-361
189979,33,825,16550,-19,-279,88,-65,-403,-361
189993,31,813,16547,-17,-273,83,-66,-400,-360
190007,13,829,16545,-19,-281,88,-62,-403,-365
190021,3,825,16549,-18,-280,88,-64,-403,-359
190035,19,815,16566,-15,-278,86,-66,-406,-367
190049,22,830,16553,-23,-277,88,-69,-406,-358
190063,12,828,16539,-20,-278,87,-63,-406,-363
190077,19,825,16544,-20,-276,89,-69,-404,-363
190091,30,816,16546,-21,-281,89,-59,-403,-365
190105,11,811,16555,-20,-276,86,-68,-401,-365
190119,22,811,16564,-17,-281,85,-70,-402,-363
190133,16,830,16541,-15,-277,83,-70,-398,-360
190147,14,825,16547,-15,-272,85,-66,-405,-363
190161,2,824,16548,-18,-279,89,-64,-404,-359
190175,-5,836,16548,-18,-279,90,-66,-404,-359
190189,31,835,16552,-16,-275,83,-64,-408,-362
190203,14,825,16550,-22,-279,82,-63,-403,-360
190217,15,829,16548,-19,-279,87,-66,-404,-358
190231,39,828,16535,-21,-279,84,-67,-404,-363
190245,28,830,16556,-17,-278,89,-68,-402,-359
190259,40,828,16550,-22,-277,84,-70,-401,-362
190273,19,825,16538,-19,-277,91,-65,-400,-364
190287,6,830,16545,-18,-280,88,-65,-399,-365
190301,18,827,16532,-15,-278,86,-71,-401,-363
190315,19,822,16529,-19,-275,87,-62,-401,-363
190329,13,829,16551,-19,-275,82,-64,-402,-363
190343,9,815,16539,-20,-281,89,-64,-405,-361
190357,24,820,16548,-15,-277,87,-63,-399,-358
190371,41,816,16548,-21,-277,87,-67,-404,-363
190385,20,813,16532,-22,-279,87,-69,-403,-359
190399,20,828,16539,-18,-280,88,-59,-404,-361
190413,23,827,16565,-17,-273,91,-60,-403,-358
190427,10,828,16531,-22,-279,88,-64,-401,-358
190441,7,824,16553,-25,-283,86,-72,-404,-366
190455,27,826,16558,-18,-279,86,-65,-407,-364
190469,10,829,16552,-18,-278,85,-64,-403,-359
190483,-1,836,16548,-22,-278,85,-69,-406,-360
190497,20,816,16558,-13,-277,86,-62,-404,-358
190511,25,821,16561,-17,-277,89,-67,-403,-361
190525,29,820,16544,-16,-279,88,-66,-400,-361
190539,22,816,16533,-20,-281,84,-63,-402,-368
190553,27,828,16558,-13,-278,86,-66,-403,-359
190567,16,833,16546,-21,-279,88,-58,-399,-365
190581,12,830,16544,-22,-281,87,-59,-407,-358
190595,9,822,16559,-22,-276,91,-67,-402,-358
190609,9,822,16549,-20,-278,91,-64,-402,-359
190623,13,834,16549,-18,-278,84,-62,-408,-363
190637,20,828,16547,-24,-283,88,-64,-401,-367
190651,17,816,16556,-18,-284,89,-62,-398,-365
190665,22,811,16560,-15,-278,86,-67,-402,-356
190679,21,836,16551,-19,-279,89,-66,-406,-362
190693,22,822,16556,-22,-277,87,-64,-398,-361
190707,11,821,16552,-19,-280,87,-65,-405,-360
190721,17,824,16553,-23,-283,80,-66,-408,-356
190735,-1,826,16568,-17,-281,87,-67,-399,-356
190749,20,826,16543,-20,-280,85,-66,-400,-358
190763,19,822,16557,-21,-279,91,-62,-402,-357
190777,19,822,16543,-16,-276,91,-67,-400,-362
190791,31,820,16551,-14,-280,86,-62,-401,-362
190805,34,817,16532,-17,-283,90,-68,-402,-360
190819,11,822,16542,-19,-279,90,-68,-402,-356
190833,18,825,16549,-18,-282,90,-62,-399,-363
190847,29,813,16547,-18,-277,84,-65,-402,-359
190861,6,817,16537,-16,-275,87,-66,-401,-363
190875,16,824,16559,-17,-280,85,-68,-402,-360
190889,9,834,16538,-23,-279,85,-65,-405,-362
190903,20,830,16545,-18,-281,83,-72,-402,-366
190917,31,816,16568,-22,-280,87,-66,-404,-361
190931,22,834,16553,-21,-274,85,-66,-405,-358
190945,24,815,16554,-26,-271,88,-68,-402,-362
190959,13,819,16556,-20,-281,85,-67,-402,-365
190973,32,810,16542,-18,-282,91,-64,-403,-355
190987,19,826,16551,-19,-280,88,-71,-403,-359
191001,15,819,16541,-20,-281,86,-62,-412,-359
191015,7,815,16534,-25,-277,88,-66,-405,-362
191029,14,814,16536,-22,-277,91,-66,-399,-363
191043,17,811,16538,-21,-280,89,-68,-406,-355
191057,27,818,16556,-23,-277,88,-69,-408,-360
191071,24,823,16565,-22,-278,86,-66,-403,-361
191085,25,826,16561,-18,-286,91,-67,-405,-357
191099,25,824,16560,-15,-278,87,-70,-407,-360
191113,35,814,16525,-17,-275,88,-70,-403,-361
191127,10,835,16550,-16,-280,88,-64,-400,-354
191141,10,837,16536,-17,-279,84,-63,-402,-362
191155,17,813,16541,-15,-283,87,-65,-406,-365
191169,19,819,16553,-23,-277,87,-68,-407,-361
191183,24,822,16540,-17,-278,88,-65,-404,-363
191197,8,824,16552,-20,-276,95,-68,-405,-362
191211,24,818,16550,-18,-278,88,-64,-403,-362
191225,32,831,16567,-22,-277,81,-61,-402,-365
191239,26,822,16553,-22,-275,88,-66,-405,-363
191253,21,814,16548,-24,-280,89,-69,-404,-367
191267,-5,825,16558,-19,-276,90,-72,-407,-363
191281,10,821,16543,-18,-281,86,-63,-406,-360
191295,8,844,16545,-19,-276,88,-67,-407,-364
191309,12,830,16552,-22,-280,84,-66,-402,-356
191323,28,828,16544,-19,-279,83,-64,-404,-358
191337,22,836,16558,-22,-277,89,-67,-406,-357
191351,29,825,16541,-23,-281,87,-61,-404,-360
191365,26,815,16549,-20,-280,87,-66,-403,-367
191379,22,825,16551,-15,-276,89,-64,-403,-362
191393,11,839,16547,-14,-281,88,-67,-409,-364
191407,9,832,16544,-19,-281,91,-68,-403,-364
191421,16,824,16549,-22,-280,87,-65,-404,-362
191435,3,824,16538,-15,-283,89,-64,-402,-367
191449,28,820,16539,-22,-279,89,-64,-407,-360
191463,37,825,16540,-16,-280,83,-67,-398,-362
191477,26,821,16542,-20,-279,82,-63,-403,-361
191491,16,810,16556,-19,-280,82,-67,-403,-360
191505,29,822,16554,-22,-282,80,-71,-404,-363
191519,26,816,16554,-18,-279,88,-64,-400,-367
191533,16,828,16545,-18,-279,85,-64,-404,-364
191547,-5,825,16543,-25,-280,85,-66,-401,-357
191561,0,833,16554,-20,-283,85,-72,-399,-357
191575,15,826,16551,-21,-278,84,-64,-404,-364
191589,22,820,16537,-22,-276,90,-62,-400,-361
191603,11,829,16544,-19,-276,90,-67,-400,-360
191617,21,816,16546,-17,-273,86,-66,-406,-364
191631,29,813,16544,-18,-277,84,-60,-400,-361
191645,32,821,16544,-22,-277,82,-66,-397,-362
191659,40,818,16544,-22,-280,90,-66,-400,-359
191673,20,832,16533,-25,-281,87,-64,-405,-362
191687,24,832,16534,-20,-278,87,-64,-402,-358
191701,5,826,16528,-22,-281,85,-65,-403,-361
191715,8,825,16537,-18,-278,90,-65,-400,-363
191729,0,835,16538,-23,-277,88,-70,-404,-363
191743,15,822,16550,-22,-282,84,-62,-405,-362
191757,25,806,16535,-22,-276,81,-58,-408,-361
191771,29,826,16530,-22,-277,84,-68,-407,-359
191785,18,820,16534,-17,-276,87,-69,-403,-353
191799,30,821,16551,-20,-278,88,-63,-404,-363
191813,18,824,16550,-17,-278,81,-64,-404,-367
191827,9,830,16548,-17,-279,86,-65,-400,-361
191841,23,832,16547,-13,-281,83,-65,-402,-359
191855,20,829,16560,-19,-279,89,-70,-405,-361
191869,10,833,16539,-18,-282,87,-67,-398,-362
191883,25,817,16536,-20,-279,90,-67,-405,-360
191897,23,817,16548,-15,-277,81,-63,-409,-361
191911,36,825,16545,-15,-275,85,-67,-405,-364
191925,7,810,16541,-28,-279,81,-70,-400,-361
191939,19,817,16533,-19,-282,92,-68,-409,-361
191953,4,826,16566,-21,-283,85,-69,-405,-360
191967,4,826,16556,-19,-280,88,-65,-406,-363
191981,8,838,16545,-23,-282,83,-67,-399,-365
191995,13,833,16551,-16,-283,84,-67,-405,-361
192009,15,827,16563,-20,-277,82,-66,-398,-362
192023,18,822,16549,-23,-278,89,-66,-404,-361
192037,12,830,16545,-16,-279,86,-66,-395,-361
192051,18,807,16540,-25,-282,83,-62,-408,-358
192065,21,818,16541,-16,-283,85,-64,-402,-365
192079,27,822,16544,-14,-277,82,-64,-399,-361
192093,12,822,16551,-17,-277,83,-66,-405,-357
192107,1,832,16556,-15,-281,87,-65,-401,-362
192121,14,821,16540,-15,-278,83,-62,-399,-358
192135,7,816,16548,-17,-278,82,-68,-400,-366
192149,15,824,16555,-15,-278,85,-67,-399,-362
192163,26,825,16556,-16,-276,85,-67,-403,-358
192177,25,824,16548,-9,-276,82,-66,-403,-359
192191,33,821,16567,-16,-277,85,-67,-402,-365
192205,34,820,16544,-13,-279,84,-60,-408,-365
192219,23,830,16552,-17,-279,87,-68,-402,-362
192233,11,823,16552,-14,-279,83,-62,-400,-362
192247,13,829,16563,-16,-277,83,-66,-404,-367
192261,21,837,16552,-16,-274,84,-65,-397,-363
192275,14,815,16548,-17,-277,83,-64,-401,-362
192289,11,822,16536,-16,-280,86,-69,-407,-361
192303,41,820,16536,-17,-277,90,-62,-402,-363
192317,32,818,16545,-15,-277,85,-63,-402,-362
192331,36,824,16544,-19,-277,83,-66,-405,-364
192345,39,818,16541,-15,-283,81,-64,-402,-356
192359,11,821,16544,-19,-275,86,-67,-401,-362
192373,19,824,16551,-14,-279,88,-65,-401,-362
192387,6,816,16551,-15,-279,83,-65,-405,-362
192401,3,828,16534,-18,-280,84,-63,-407,-360
192415,2,832,16551,-19,-283,91,-69,-403,-363
192429,8,836,16543,-17,-278,83,-68,-400,-353
192443,22,822,16543,-17,-277,87,-66,-400,-359
192457,26,824,16548,-20,-279,86,-65,-407,-361
192471,31,820,16543,-23,-274,89,-67,-403,-364
192485,16,818,16553,-20,-279,95,-60,-400,-363
192499,19,822,16560,-21,-281,86,-61,-406,-363
192513,23,836,16552,-22,-277,89,-67,-404,-359
192527,17,827,16543,-21,-283,88,-68,-403,-364
192541,18,827,16547,-24,-277,88,-63,-404,-361
192555,7,817,16553,-21,-283,87,-66,-405,-365
192569,18,829,16553,-25,-281,87,-66,-401,-360
192583,29,821,16542,-20,-278,85,-67,-403,-362
192597,17,817,16563,-18,-279,86,-64,-404,-362
192611,39,808,16547,-20,-282,89,-65,-402,-357
192625,20,816,16541,-14,-277,84,-66,-402,-359
192639,17,819,16542,-18,-282,83,-66,-402,-359
192653,19,835,16548,-20,-282,84,-65,-402,-362
192667,19,820,16549,-17,-276,82,-61,-403,-365
192681,19,827,16560,-15,-280,84,-60,-406,-361
192695,2,819,16550,-16,-277,85,-64,-400,-360
192709,9,823,16535,-18,-280,88,-68,-402,-363
192723,30,833,16534,-23,-277,88,-70,-408,-360
192737,37,820,16535,-20,-277,86,-70,-404,-362
192751,26,827,16559,-22,-272,86,-68,-402,-360
192765,22,817,16551,-18,-279,87,-71,-410,-362
192779,11,823,16547,-18,-273,78,-66,-402,-360
192793,1,819,16545,-19,-278,84,-67,-403,-357
192807,4,829,16536,-13,-282,85,-70,-398,-358
192821,18,840,16558,-14,-284,84,-63,-402,-360
192835,1,838,16546,-15,-277,87,-70,-400,-364
192849,10,837,16534,-20,-279,82,-71,-402,-361
192863,28,819,16544,-18,-271,85,-63,-407,-361
192877,25,817,16536,-23,-274,83,-65,-407,-364
192891,34,817,16572,-27,-278,83,-68,-400,-363
192905,34,826,16560,-17,-273,88,-65,-401,-362
192919,20,841,16539,-20,-279,88,-67,-403,-364
192933,7,827,16562,-20,-275,88,-62,-403,-363
192947,17,841,16537,-17,-276,82,-67,-401,-360
192961,10,834,16544,-17,-274,84,-67,-403,-361
192975,7,831,16545,-17,-280,86,-68,-407,-366
192989,21,832,16533,-18,-276,80,-64,-406,-362
193003,31,813,16535,-20,-282,83,-70,-400,-364
193017,17,813,16545,-14,-279,88,-64,-405,-357
193031,12,813,16550,-19,-280,83,-63,-401,-361
193045,31,814,16529,-18,-278,89,-68,-406,-365
193059,26,822,16542,-19,-280,88,-69,-401,-364
193073,26,823,16539,-23,-279,86,-68,-399,-362
193087,7,838,16542,-20,-282,84,-70,-408,-364
193101,19,832,16555,-20,-281,88,-69,-408,-361
193115,21,819,16548,-14,-279,83,-58,-403,-361
193129,11,817,16549,-18,-276,86,-69,-406,-361
193143,27,831,16566,-14,-283,89,-64,-404,-358
193157,29,815,16548,-21,-281,84,-64,-402,-368
193171,31,810,16537,-19,-280,85,-64,-406,-360
193185,32,824,16551,-19,-279,78,-69,-398,-359
193199,21,829,16563,-19,-281,84,-62,-406,-362
193213,11,818,16557,-15,-277,84,-63,-404,-361
193227,25,822,16571,-14,-278,86,-71,-402,-357
193241,17,836,16540,-15,-277,83,-70,-401,-358
193255,11,822,16545,-17,-283,92,-64,-397,-359
193269,18,831,16536,-21,-278,94,-66,-406,-360
193283,25,820,16537,-20,-275,86,-66,-404,-364
193297,28,831,16538,-21,-275,85,-63,-402,-359
193311,33,808,16532,-18,-275,85,-68,-402,-361
193325,35,821,16551,-22,-275,86,-63,-400,-363
193339,26,826,16539,-21,-278,87,-70,-401,-365
193353,22,822,16536,-18,-281,90,-64,-399,-362
193367,16,823,16546,-13,-280,82,-67,-403,-359
193381,18,827,16548,-20,-276,88,-65,-400,-361
193395,17,835,16548,-17,-281,85,-66,-401,-365
193409,9,817,16547,-14,-281,87,-67,-400,-363
193423,31,831,16535,-18,-278,86,-69,-401,-362
193437,14,823,16549,-16,-281,82,-63,-403,-363
193451,24,829,16534,-14,-278,87,-62,-405,-361
193465,27,818,16530,-11,-277,84,-60,-402,-358
193479,24,830,16544,-15,-278,87,-63,-406,-367
193493,27,829,16550,-21,-282,86,-60,-402,-362
193507,24,822,16536,-16,-279,84,-61,-408,-366
193521,5,821,16531,-17,-275,87,-69,-407,-364
193535,13,825,16537,-23,-280,87,-69,-399,-362
193549,14,829,16536,-14,-274,83,-63,-401,-359
193563,19,829,16538,-15,-278,85,-63,-401,-359
193577,34,820,16537,-17,-275,86,-63,-406,-360
193591,26,826,16545,-18,-281,86,-71,-406,-362
193605,30,817,16552,-13,-280,83,-66,-408,-368
193619,13,830,16550,-16,-276,90,-64,-402,-362
193633,7,808,16537,-20,-282,82,-67,-402,-363
193647,6,828,16548,-15,-275,81,-65,-401,-359
193661,7,812,16537,-23,-278,85,-66,-403,-362
193675,11,828,16532,-15,-278,85,-71,-405,-365
193689,24,820,16546,-14,-281,80,-65,-402,-355
193703,40,810,16555,-19,-277,87,-68,-400,-359
193717,37,816,16538,-16,-284,90,-65,-402,-365
193731,35,819,16553,-14,-277,86,-64,-402,-362
193745,32,823,16535,-20,-280,90,-66,-399,-363
193759,24,834,16544,-21,-281,87,-68,-400,-369
193773,21,825,16541,-22,-276,83,-66,-406,-359
193787,13,829,16546,-16,-282,84,-67,-407,-363
193801,24,818,16553,-14,-278,84,-65,-402,-363
193815,0,839,16542,-16,-277,86,-69,-402,-363
193829,12,823,16540,-18,-277,85,-63,-403,-363
193843,11,816,16551,-20,-273,88,-64,-400,-361
193857,29,818,16543,-13,-275,86,-67,-400,-364
193871,33,831,16562,-15,-281,90,-63,-392,-358
193885,30,812,16534,-18,-277,86,-61,-400,-365
193899,10,821,16547,-17,-278,84,-67,-400,-363
193913,30,816,16534,-20,-281,83,-62,-404,-360
193927,14,821,16546,-18,-285,83,-63,-403,-362
193941,5,817,16538,-17,-283,83,-65,-405,-365
193955,17,830,16557,-15,-280,88,-67,-403,-361
193969,4,820,16539,-16,-279,84,-70,-406,-363
193983,19,825,16543,-15,-278,81,-64,-402,-357
193997,24,817,16543,-16,-274,86,-66,-408,-357
194011,9,826,16550,-20,-279,84,-68,-405,-360
194025,26,835,16543,-16,-279,87,-68,-406,-369
194039,24,827,16526,-24,-278,87,-66,-395,-360
194053,16,837,16536,-21,-279,86,-62,-405,-359
194067,22,835,16545,-18,-276,90,-61,-404,-362
194081,8,816,16552,-13,-273,87,-62,-399,-363
194095,13,831,16529,-20,-274,88,-64,-403,-360
194109,20,826,16560,-22,-275,88,-65,-401,-360
194123,35,828,16535,-19,-282,92,-64,-401,-360
194137,18,813,16539,-17,-278,83,-65,-404,-364
194151,20,822,16535,-19,-279,87,-67,-403,-360
194165,32,828,16542,-18,-272,84,-71,-404,-360
194179,15,822,16545,-19,-279,89,-68,-408,-362
194193,4,826,16534,-20,-276,87,-63,-396,-359
194207,0,826,16545,-26,-277,91,-64,-405,-361
194221,-2,817,16540,-16,-279,93,-70,-407,-364
194235,3,830,16548,-22,-279,83,-67,-405,-361
194249,18,820,16539,-21,-280,83,-65,-400,-363
194263,23,826,16540,-20,-276,82,-68,-405,-361
194277,31,816,16551,-18,-278,83,-64,-398,-358
194291,27,819,16540,-20,-280,87,-65,-407,-357
194305,39,823,16526,-17,-284,85,-70,-403,-363
194319,19,823,16550,-18,-282,84,-66,-404,-361
194333,8,825,16553,-17,-277,85,-63,-403,-364
194347,9,808,16534,-18,-275,91,-64,-402,-365
194361,10,821,16530,-25,-275,86,-68,-401,-358
194375,3,818,16528,-28,-274,91,-62,-409,-361
194389,28,824,16540,-23,-277,90,-68,-405,-361
194403,17,815,16552,-22,-281,84,-63,-406,-358
194417,34,827,16527,-24,-282,89,-67,-402,-356
194431,26,822,16532,-17,-281,88,-67,-403,-362
194445,8,821,16538,-24,-278,86,-65,-400,-362
194459,21,829,16519,-18,-282,86,-68,-405,-359
194473,1,820,16554,-16,-280,85,-69,-406,-357
194487,-1,822,16536,-13,-279,83,-68,-403,-362
194501,1,821,16537,-21,-277,85,-61,-401,-367
194515,11,823,16554,-22,-279,84,-62,-406,-363
194529,21,818,16535,-17,-279,82,-65,-402,-360
194543,23,830,16548,-15,-278,83,-66,-399,-367
194557,12,819,16543,-21,-279,84,-64,-402,-359
194571,26,811,16553,-22,-274,85,-58,-399,-362
194585,20,808,16534,-19,-279,89,-67,-406,-362
194599,7,823,16543,-20,-276,89,-71,-407,-362
194613,17,822,16531,-15,-280,82,-70,-403,-366
194627,19,822,16522,-17,-278,84,-64,-404,-361
194641,5,826,16547,-18,-278,84,-63,-400,-362
194655,21,821,16532,-17,-283,89,-68,-405,-363
194669,17,819,16546,-16,-282,91,-63,-405,-360
194683,31,823,16529,-20,-280,86,-66,-403,-356
194697,20,817,16544,-14,-275,85,-58,-405,-359
194711,23,817,16541,-18,-273,81,-61,-401,-366
194725,36,816,16541,-17,-284,89,-66,-406,-362
194739,36,837,16547,-19,-280,87,-58,-404,-355
194753,-6,817,16543,-22,-282,83,-61,-405,-363
194767,13,839,16544,-14,-276,81,-67,-400,-364
194781,9,829,16549,-13,-278,88,-65,-400,-362
194795,30,836,16545,-12,-274,88,-65,-404,-360
194809,11,823,16532,-21,-276,88,-68,-406,-357
194823,10,817,16558,-17,-282,84,-66,-402,-361
194837,24,820,16555,-16,-278,83,-63,-397,-362
194851,13,830,16542,-20,-281,84,-66,-403,-365
194865,34,829,16533,-16,-277,86,-65,-405,-365
194879,5,813,16535,-17,-278,85,-67,-405,-365
194893,22,823,16540,-15,-280,86,-68,-405,-365
194907,7,818,16556,-17,-276,85,-64,-402,-362
194921,16,824,16552,-18,-278,80,-64,-409,-357
194935,5,815,16534,-21,-281,89,-62,-405,-363
194949,6,818,16535,-20,-276,89,-63,-401,-364
194963,27,831,16537,-20,-281,87,-66,-401,-361
194977,36,825,16541,-21,-278,87,-67,-400,-362
194991,27,803,16544,-19,-276,88,-65,-398,-359
195005,13,805,16548,-19,-280,86,-65,-399,-358
195019,7,836,16567,-22,-279,86,-65,-402,-362
195033,2,833,16566,-25,-274,85,-66,-402,-361
195047,15,819,16545,-21,-283,82,-62,-408,-359
195061,5,820,16536,-17,-282,82,-71,-406,-358
195075,7,837,16544,-16,-280,84,-63,-410,-358
195089,22,834,16545,-11,-278,85,-64,-407,-357
195103,27,814,16529,-20,-283,89,-63,-407,-361
195117,30,815,16545,-19,-279,86,-67,-402,-367
195131,25,817,16544,-17,-280,86,-69,-406,-363
195145,25,809,16554,-20,-277,87,-68,-407,-364
195159,25,819,16564,-20,-276,82,-65,-405,-362
195173,14,831,16545,-13,-280,87,-70,-408,-362
195187,18,829,16544,-19,-280,82,-68,-399,-366
195201,25,833,16549,-17,-279,86,-70,-406,-366
195215,2,823,16553,-19,-278,91,-67,-404,-359
195229,24,819,16536,-15,-273,87,-65,-405,-363
195243,27,817,16531,-21,-277,80,-70,-404,-362
195257,24,810,16548,-17,-279,86,-62,-413,-358
195271,38,823,16537,-15,-280,86,-61,-400,-361
195285,19,824,16540,-19,-282,91,-67,-401,-364
195299,7,815,16537,-22,-281,84,-70,-410,-363
195313,2,817,16552,-13,-276,84,-68,-405,-361
195327,6,826,16554,-21,-277,84,-66,-404,-363
195341,8,832,16535,-23,-276,87,-63,-405,-357
195355,26,826,16544,-16,-276,90,-65,-406,-366
195369,23,823,16527,-21,-278,90,-66,-398,-365
195383,11,824,16548,-17,-272,84,-67,-399,-360
195397,24,832,16527,-15,-279,88,-63,-406,-358
195411,23,822,16539,-17,-279,84,-66,-402,-361
195425,10,821,16541,-22,-280,83,-66,-402,-361
195439,6,813,16538,-25,-276,87,-65,-399,-368
195453,18,822,16515,-19,-281,88,-71,-400,-357
195467,5,825,16549,-18,-280,92,-70,-404,-358
195481,19,831,16540,-19,-278,85,-67,-400,-357
195495,18,835,16540,-20,-275,87,-64,-401,-358
195509,33,826,16548,-20,-273,80,-69,-403,-361
195523,17,814,16535,-18,-280,86,-65,-405,-365
195537,21,824,16558,-20,-284,81,-68,-401,-362
195551,22,823,16538,-17,-285,86,-73,-401,-364
195565,31,823,16554,-15,-280,83,-71,-400,-366
195579,15,824,16538,-16,-279,85,-65,-401,-365
195593,11,823,16555,-15,-275,87,-67,-403,-357
195607,5,846,16525,-18,-283,90,-67,-404,-360
195621,29,834,16542,-19,-281,92,-64,-405,-362
195635,32,828,16542,-17,-282,87,-68,-408,-362
195649,16,830,16533,-19,-280,87,-66,-402,-362
195663,24,822,16550,-21,-277,87,-64,-403,-362
195677,15,816,16548,-21,-279,82,-70,-401,-358
195691,41,829,16554,-18,-282,88,-64,-401,-369
195705,44,827,16554,-15,-275,88,-66,-404,-362
195719,30,823,16536,-20,-283,86,-64,-401,-360
195733,13,833,16555,-16,-275,88,-60,-398,-362
195747,-6,826,16553,-19,-278,89,-69,-399,-362
195761,16,831,16539,-19,-281,93,-66,-402,-359
195775,23,832,16553,-19,-274,86,-65,-407,-362
195789,16,825,16543,-17,-275,84,-66,-404,-362
195803,35,837,16535,-20,-277,83,-69,-403,-363
195817,32,832,16547,-17,-270,87,-63,-397,-363
195831,30,814,16527,-20,-277,86,-65,-401,-366
195845,23,826,16546,-20,-277,87,-67,-405,-360
195859,-8,824,16533,-15,-279,92,-68,-400,-362
195873,21,822,16533,-22,-277,88,-67,-404,-363
195887,17,819,16527,-12,-279,88,-65,-401,-364
195901,12,825,16533,-15,-275,85,-66,-404,-365
195915,13,830,16541,-13,-284,83,-65,-402,-358
195929,11,828,16536,-18,-278,86,-68,-400,-361
195943,41,821,16525,-16,-271,84,-69,-401,-361
195957,16,815,16531,-15,-277,83,-67,-401,-363
195971,18,822,16545,-16,-277,82,-65,-405,-361
195985,24,831,16550,-13,-276,82,-62,-397,-364
195999,21,829,16551,-18,-279,86,-64,-403,-362
196013,2,826,16548,-12,-272,86,-66,-401,-364
196027,20,823,16543,-18,-277,86,-68,-401,-364
196041,16,832,16541,-13,-279,89,-67,-405,-363
196055,35,818,16550,-12,-281,87,-64,-402,-365
196069,24,818,16526,-22,-280,89,-64,-401,-363
196083,16,819,16547,-24,-279,87,-67,-398,-359
196097,28,828,16549,-19,-279,89,-67,-404,-369
196111,24,826,16541,-16,-281,89,-66,-402,-362
196125,23,831,16544,-18,-285,89,-62,-409,-362
196139,18,823,16538,-16,-279,91,-66,-399,-365
196153,17,827,16533,-13,-284,85,-60,-402,-364
196167,7,819,16552,-18,-278,83,-63,-403,-359
196181,28,822,16536,-15,-274,81,-64,-399,-363
196195,16,833,16549,-18,-277,89,-63,-402,-359
196209,16,819,16543,-17,-277,87,-71,-397,-360
196223,21,829,16539,-19,-280,88,-63,-397,-359
196237,34,823,16535,-24,-279,89,-66,-406,-364
196251,39,820,16539,-22,-276,84,-68,-404,-367
196265,15,823,16531,-15,-273,88,-68,-403,-366
196279,10,812,16533,-14,-278,86,-67,-400,-362
196293,9,816,16547,-21,-273,86,-69,-402,-363
196307,11,827,16534,-18,-280,83,-67,-399,-365
196321,27,838,16532,-21,-275,84,-68,-404,-362
196335,-8,817,16555,-15,-278,84,-65,-401,-364
196349,25,817,16547,-16,-276,84,-63,-400,-358
196363,28,817,16531,-17,-280,85,-70,-404,-366
196377,18,813,16536,-17,-277,81,-63,-408,-362
196391,17,826,16535,-15,-283,81,-67,-407,-361
196405,22,811,16544,-18,-281,86,-70,-401,-362
196419,12,825,16549,-16,-277,85,-63,-399,-365
196433,12,836,16532,-15,-276,87,-64,-399,-353
196447,11,828,16537,-22,-278,86,-68,-397,-359
196461,8,818,16526,-21,-272,89,-65,-401,-359
196475,24,827,16545,-24,-278,89,-64,-402,-362
196489,9,815,16529,-15,-277,89,-62,-401,-362
196503,30,818,16530,-18,-279,87,-63,-408,-355
196517,27,812,16541,-17,-279,83,-71,-402,-364
196531,30,822,16537,-19,-280,86,-64,-403,-366
196545,27,824,16527,-18,-280,85,-65,-406,-363
196559,25,819,16532,-19,-274,82,-63,-401,-359
196573,20,825,16530,-18,-278,85,-68,-405,-358
196587,23,825,16531,-16,-279,88,-66,-403,-365
196601,1,825,16531,-24,-276,83,-72,-406,-359
196615,16,833,16547,-26,-276,87,-66,-407,-362
196629,34,820,16544,-19,-278,84,-63,-402,-363
196643,13,824,16533,-16,-280,86,-64,-401,-365
196657,26,820,16558,-22,-276,84,-70,-405,-360
196671,17,834,16530,-23,-279,88,-67,-403,-356
196685,21,827,16542,-15,-275,83,-64,-402,-358
196699,17,825,16547,-19,-279,81,-64,-403,-357
196713,13,819,16523,-18,-278,86,-69,-402,-356
196727,14,833,16548,-23,-275,87,-68,-406,-362
196741,9,814,16540,-20,-280,87,-66,-404,-359
196755,20,822,16545,-18,-280,86,-62,-399,-360
196769,20,824,16546,-16,-279,86,-65,-401,-363
196783,21,819,16540,-23,-277,82,-67,-405,-358
196797,22,819,16544,-24,-275,85,-65,-405,-356
196811,19,827,16543,-18,-277,94,-66,-402,-359
196825,20,827,16546,-14,-280,94,-66,-401,-358
196839,7,833,16548,-12,-278,87,-58,-401,-365
196853,26,821,16549,-16,-279,84,-70,-404,-365
196867,10,826,16530,-18,-275,87,-69,-402,-361
196881,6,827,16543,-19,-275,89,-65,-404,-358
196895,28,831,16539,-21,-276,87,-71,-404,-367
196909,13,833,16555,-19,-279,87,-64,-402,-357
196923,24,813,16536,-22,-276,87,-61,-405,-363
196937,30,816,16543,-20,-279,94,-61,-400,-361
196951,25,823,16540,-20,-279,84,-66,-402,-364
196965,26,833,16542,-13,-277,84,-69,-399,-365
196979,14,828,16545,-17,-279,84,-70,-403,-360
196993,15,822,16532,-20,-279,86,-74,-406,-361
197007,16,822,16546,-22,-277,86,-63,-397,-361
197021,27,823,16535,-19,-280,84,-67,-401,-359
197035,10,822,16537,-22,-280,90,-67,-403,-361
197049,18,820,16537,-17,-273,85,-68,-400,-366
197063,9,811,16535,-18,-276,89,-65,-401,-357
197077,34,815,16545,-20,-278,86,-62,-399,-359
197091,26,823,16538,-24,-279,92,-65,-402,-357
197105,15,825,16545,-22,-277,91,-63,-400,-365
197119,24,826,16538,-22,-278,89,-64,-402,-365
197133,12,839,16534,-17,-278,92,-61,-407,-364
197147,5,830,16545,-20,-277,94,-67,-401,-361
197161,15,817,16536,-20,-279,87,-66,-406,-360
197175,24,821,16533,-26,-284,90,-64,-406,-362
197189,8,831,16533,-20,-281,84,-67,-408,-364
197203,26,829,16545,-18,-277,87,-68,-397,-365
197217,26,819,16551,-16,-278,85,-68,-407,-363
197231,17,820,16553,-16,-275,86,-64,-402,-363
197245,19,819,16531,-21,-279,85,-70,-403,-363
197259,2,831,16525,-19,-283,82,-69,-405,-364
197273,16,828,16544,-17,-281,89,-66,-404,-362
197287,18,827,16533,-12,-281,87,-73,-401,-358
197301,20,835,16550,-24,-286,87,-68,-402,-363
197315,15,822,16545,-19,-279,88,-66,-404,-362
197329,19,830,16547,-20,-283,88,-70,-404,-363
197343,35,818,16535,-19,-286,83,-67,-402,-366
197357,28,821,16537,-17,-281,86,-63,-403,-358
197371,26,817,16533,-16,-279,83,-60,-404,-364
197385,4,817,16553,-17,-282,89,-58,-404,-364
197399,12,834,16531,-21,-278,89,-69,-397,-359
197413,28,813,16550,-18,-275,89,-65,-402,-362
197427,9,833,16537,-19,-274,84,-66,-403,-363
197441,9,819,16531,-19,-277,88,-70,-400,-367
197455,20,824,16535,-21,-278,81,-66,-403,-358
197469,22,822,16537,-18,-284,84,-66,-399,-364
197483,20,819,16535,-20,-278,89,-63,-405,-364
197497,42,830,16537,-17,-275,88,-68,-402,-361
197511,20,813,16543,-21,-275,88,-65,-402,-360
197525,32,812,16534,-17,-282,86,-59,-405,-359
197539,15,826,16545,-17,-276,87,-60,-404,-360
197553,4,829,16536,-21,-273,90,-68,-404,-364
197567,7,830,16539,-20,-279,86,-64,-406,-360
197581,13,812,16542,-17,-276,87,-68,-399,-361
197595,8,826,16539,-19,-278,87,-68,-399,-360
197609,24,831,16538,-15,-283,86,-67,-406,-360
197623,14,827,16541,-14,-279,86,-66,-402,-358
197637,19,830,16524,-16,-274,91,-66,-406,-358
197651,21,831,16552,-16,-284,87,-65,-400,-363
197665,20,819,16544,-16,-272,83,-60,-399,-362
197679,23,823,16551,-19,-277,85,-62,-399,-361
197693,17,834,16534,-20,-277,92,-70,-400,-362
197707,25,823,16541,-18,-279,86,-64,-404,-362
197721,12,815,16549,-17,-278,87,-68,-403,-359
197735,20,819,16535,-15,-280,83,-68,-404,-362
197749,27,813,16544,-22,-278,85,-73,-403,-361
197763,29,817,16542,-23,-276,90,-69,-405,-362
197777,9,817,16541,-19,-280,90,-69,-401,-359
197791,16,820,16551,-16,-283,82,-62,-403,-361
197805,14,827,16528,-20,-280,86,-63,-405,-365
197819,16,828,16532,-17,-282,81,-67,-405,-364
197833,12,831,16541,-18,-279,86,-71,-400,-362
197847,9,833,16540,-15,-275,93,-65,-402,-355
197861,-2,824,16553,-18,-278,88,-63,-404,-358
197875,18,824,16552,-21,-278,88,-70,-406,-363
197889,23,828,16538,-18,-280,88,-65,-405,-367
197903,29,825,16531,-20,-278,87,-68,-408,-359
197917,21,823,16540,-20,-278,85,-61,-403,-365
197931,17,817,16541,-16,-279,83,-70,-403,-356
197945,8,817,16527,-22,-274,85,-62,-401,-360
197959,23,812,16537,-19,-277,91,-70,-404,-358
197973,14,834,16542,-17,-279,92,-68,-406,-357
197987,15,838,16542,-15,-279,83,-70,-402,-362
198001,22,826,16554,-14,-279,83,-60,-399,-359
198015,14,834,16552,-20,-279,86,-65,-407,-358
198029,23,825,16540,-18,-278,86,-65,-402,-361
198043,27,807,16542,-19,-277,86,-70,-404,-362
198057,14,826,16535,-21,-275,88,-66,-401,-365
198071,31,813,16532,-18,-279,88,-65,-404,-359
198085,11,827,16546,-18,-280,83,-65,-402,-357
198099,10,818,16531,-15,-279,86,-64,-402,-359
198113,8,829,16552,-18,-280,83,-68,-407,-356
198127,18,826,16535,-19,-284,87,-62,-402,-361
198141,13,828,16532,-16,-276,87,-65,-404,-357
198155,19,817,16549,-15,-277,87,-66,-403,-364
198169,33,835,16545,-8,-281,82,-61,-404,-362
198183,36,810,16546,-17,-278,80,-64,-406,-361
198197,32,808,16538,-17,-277,91,-63,-399,-362
198211,34,822,16541,-21,-280,89,-65,-400,-366
198225,19,820,16529,-19,-277,80,-65,-401,-364
198239,9,827,16545,-20,-276,84,-67,-403,-357
198253,7,822,16537,-15,-278,87,-63,-404,-354
198267,12,823,16537,-15,-280,87,-68,-408,-364
198281,20,812,16537,-23,-278,86,-63,-405,-361
198295,23,819,16554,-19,-278,89,-66,-399,-362
198309,24,805,16534,-17,-280,85,-64,-407,-361
198323,25,811,16536,-17,-283,83,-62,-404,-362
198337,15,809,16536,-22,-275,90,-65,-399,-363
198351,16,825,16550,-17,-278,89,-66,-406,-359
198365,18,819,16551,-17,-279,91,-67,-399,-361
198379,18,818,16531,-21,-279,87,-66,-403,-362
198393,9,821,16552,-19,-280,87,-70,-402,-357
198407,8,826,16528,-19,-278,86,-64,-405,-365
198421,19,822,16529,-18,-275,86,-63,-402,-361
198435,20,818,16551,-18,-278,88,-65,-400,-361
198449,24,806,16535,-13,-276,87,-68,-402,-361
198463,26,816,16545,-18,-274,84,-67,-405,-362
198477,3,821,16549,-19,-281,87,-64,-399,-361
198491,32,835,16547,-18,-275,85,-64,-408,-364
198505,32,823,16555,-23,-277,88,-67,-408,-359
198519,17,823,16555,-18,-284,89,-65,-403,-355
198533,22,822,16541,-18,-277,87,-69,-403,-361
198547,12,819,16542,-21,-279,84,-68,-402,-365
198561,15,829,16544,-23,-282,87,-64,-402,-357
198575,31,815,16535,-14,-277,89,-64,-397,-360
198589,28,814,16544,-21,-280,85,-68,-402,-359
198603,29,830,16548,-15,-283,86,-67,-402,-361
198617,14,819,16553,-20,-281,83,-63,-402,-362
198631,26,823,16543,-17,-277,82,-61,-401,-364
198645,25,822,16563,-16,-279,87,-68,-402,-364
198659,20,825,16538,-19,-280,88,-63,-402,-359
198673,7,825,16553,-20,-281,88,-64,-406,-363
198687,26,817,16534,-17,-280,90,-66,-404,-358
198701,13,836,16551,-20,-276,87,-67,-403,-366
198715,26,810,16556,-23,-277,83,-65,-402,-359
198729,22,818,16556,-20,-276,83,-66,-404,-362
198743,33,820,16540,-23,-275,89,-60,-405,-359
198757,8,828,16544,-20,-281,89,-66,-402,-358
198771,21,824,16544,-20,-280,85,-61,-403,-360
198785,26,818,16545,-20,-278,85,-66,-405,-363
198799,21,824,16535,-18,-280,86,-66,-401,-358
198813,3,832,16539,-14,-278,86,-64,-401,-362
198827,19,821,16546,-19,-276,86,-67,-404,-366
198841,10,831,16549,-12,-279,84,-65,-402,-360
198855,20,835,16563,-16,-279,84,-66,-403,-367
198869,11,821,16542,-14,-282,90,-64,-407,-358
198883,16,816,16557,-14,-279,88,-66,-397,-360
198897,22,810,16548,-18,-279,82,-62,-403,-358
198911,18,812,16530,-16,-280,88,-68,-405,-361
198925,16,822,16549,-20,-286,84,-67,-405,-362
198939,16,828,16538,-23,-282,85,-65,-398,-362
198953,11,823,16547,-16,-281,89,-61,-405,-363
198967,31,839,16550,-21,-281,85,-67,-400,-368
198981,33,830,16553,-17,-275,87,-66,-407,-358
198995,11,815,16552,-19,-277,88,-69,-408,-360
199009,29,834,16546,-21,-278,90,-63,-408,-367
199023,11,824,16551,-19,-282,91,-67,-402,-361
199037,12,828,16546,-21,-281,86,-61,-402,-365
199051,10,821,16539,-20,-273,91,-62,-407,-362
199065,15,835,16552,-22,-280,92,-70,-394,-359
199079,10,828,16547,-27,-281,89,-66,-403,-363
199093,21,818,16543,-20,-279,88,-70,-404,-360
199107,25,846,16554,-20,-282,91,-67,-404,-362
199121,17,819,16538,-15,-279,88,-65,-404,-359
199135,13,824,16529,-15,-276,90,-69,-402,-362
199149,24,833,16537,-20,-278,88,-69,-405,-360
199163,24,831,16541,-23,-276,91,-65,-408,-361
199177,25,819,16550,-18,-279,90,-60,-401,-364
199191,17,812,16548,-14,-277,87,-66,-401,-360
199205,17,828,16546,-20,-281,88,-63,-409,-364
199219,17,835,16551,-16,-280,86,-64,-397,-364
199233,20,829,16532,-14,-277,89,-70,-402,-361
199247,22,825,16546,-16,-276,89,-68,-405,-362
199261,11,821,16539,-13,-282,90,-67,-399,-362
199275,29,819,16548,-21,-276,86,-62,-401,-363
199289,30,828,16566,-21,-278,89,-62,-400,-359
199303,32,828,16540,-15,-278,85,-61,-404,-367
199317,12,828,16563,-20,-279,83,-64,-403,-362
199331,20,821,16555,-18,-278,89,-62,-403,-361
199345,24,831,16551,-17,-281,84,-68,-407,-364
199359,31,832,16525,-22,-280,85,-67,-404,-362
199373,17,824,16546,-20,-280,81,-65,-406,-361
199387,25,839,16542,-23,-282,83,-70,-406,-357
199401,16,819,16539,-15,-276,88,-66,-399,-361
199415,39,819,16539,-20,-280,86,-67,-399,-363
199429,21,818,16557,-24,-279,87,-71,-399,-360
199443,9,822,16551,-17,-282,87,-66,-403,-367
199457,21,820,16545,-18,-279,90,-70,-405,-364
199471,26,821,16554,-17,-277,88,-58,-401,-360
199485,21,818,16537,-21,-280,88,-65,-401,-361
199499,9,842,16547,-23,-280,89,-67,-404,-360
199513,14,831,16541,-17,-279,88,-66,-405,-362
199527,20,831,16547,-17,-275,86,-72,-404,-362
199541,17,822,16541,-15,-276,85,-67,-401,-360
199555,20,820,16539,-19,-278,93,-64,-407,-364
199569,25,837,16539,-16,-276,88,-67,-403,-366
199583,21,819,16537,-20,-276,81,-65,-400,-367
199597,18,811,16540,-18,-275,85,-65,-406,-360
199611,15,820,16534,-21,-277,86,-68,-405,-372
199625,37,828,16533,-17,-279,91,-68,-403,-361
199639,-4,823,16537,-15,-282,83,-70,-406,-366
199653,24,833,16542,-14,-279,84,-65,-404,-358
199667,16,830,16527,-21,-279,89,-70,-400,-361
199681,28,837,16525,-20,-275,88,-65,-404,-363
199695,7,823,16550,-22,-279,86,-70,-406,-360
199709,20,824,16537,-17,-283,87,-63,-406,-359
199723,23,828,16545,-15,-281,86,-66,-401,-367
199737,26,817,16537,-12,-282,90,-61,-406,-359
199751,10,829,16544,-18,-281,87,-62,-399,-360
199765,8,826,16526,-21,-279,84,-65,-406,-361
199779,8,828,16543,-18,-279,83,-66,-403,-357
199793,26,830,16541,-20,-275,83,-67,-399,-363
199807,9,824,16537,-19,-276,85,-63,-404,-356
199821,10,817,16537,-19,-282,92,-67,-402,-358
199835,30,829,16535,-18,-275,86,-66,-408,-361
199849,13,826,16556,-27,-278,83,-72,-406,-362
199863,18,830,16533,-17,-280,86,-61,-402,-359
199877,10,831,16535,-18,-278,87,-69,-401,-359
199891,10,825,16543,-14,-278,85,-68,-402,-365
199905,26,809,16538,-18,-279,87,-65,-402,-359
199919,25,821,16548,-17,-275,85,-66,-407,-357
199933,15,826,16545,-17,-274,85,-66,-403,-359
199947,16,833,16531,-22,-274,86,-65,-402,-363
199961,11,824,16541,-18,-281,85,-66,-406,-362
199975,14,817,16550,-20,-282,87,-69,-405,-363
199989,18,813,16551,-23,-280,86,-67,-399,-363
200003,26,829,16550,-22,-281,82,-65,-400,-367
200017,29,836,16539,-21,-282,87,-61,-407,-356
200031,20,831,16542,-16,-274,88,-69,-402,-357
200045,16,819,16552,-22,-282,88,-65,-403,-363
200059,16,817,16545,-23,-279,90,-65,-401,-361
200073,22,834,16549,-18,-278,84,-65,-404,-357
200087,28,827,16542,-22,-280,86,-67,-403,-362
200101,47,815,16554,-20,-281,86,-73,-405,-359
200115,33,827,16543,-21,-278,86,-66,-401,-369
200129,26,819,16540,-24,-277,86,-67,-403,-365
200143,16,824,16540,-18,-278,90,-67,-403,-362
200157,13,830,16542,-23,-273,86,-66,-400,-361
200171,30,834,16558,-17,-282,89,-65,-405,-357
200185,8,830,16533,-18,-278,88,-67,-401,-360
200199,18,821,16536,-17,-272,84,-64,-400,-367
200213,18,814,16540,-17,-276,88,-70,-404,-365
200227,18,831,16548,-22,-282,88,-68,-407,-361
200241,17,832,16547,-25,-281,88,-66,-402,-360
200255,6,814,16549,-12,-278,85,-67,-407,-357
200269,25,799,16541,-14,-277,88,-67,-401,-360
200283,20,832,16529,-18,-279,83,-61,-398,-367
200297,38,833,16539,-18,-278,87,-63,-404,-362
200311,5,828,16547,-16,-279,91,-66,-402,-363
200325,20,829,16533,-25,-281,92,-66,-403,-365
200339,25,833,16542,-17,-277,90,-69,-402,-362
200353,22,819,16553,-17,-277,88,-67,-400,-359
200367,17,831,16552,-24,-279,85,-62,-403,-361
200381,23,837,16550,-22,-274,87,-65,-404,-362
200395,25,821,16539,-20,-273,85,-68,-403,-363
200409,10,825,16547,-21,-284,83,-67,-401,-363
200423,30,825,16536,-22,-279,83,-67,-406,-360
200437,20,821,16556,-21,-279,86,-69,-399,-361
200451,15,821,16552,-17,-282,84,-66,-400,-364
200465,19,829,16538,-21,-281,88,-67,-406,-360
200479,15,825,16544,-22,-277,92,-63,-399,-356
200493,12,823,16551,-20,-278,89,-69,-404,-359
200507,23,819,16539,-16,-276,85,-68,-410,-364
200521,26,815,16536,-21,-279,87,-74,-402,-364
200535,35,818,16554,-17,-278,85,-67,-402,-361
200549,23,818,16540,-18,-275,84,-63,-405,-366
200563,16,815,16543,-22,-279,80,-69,-401,-364
200577,12,822,16540,-17,-279,87,-66,-408,-363
200591,9,832,16540,-20,-282,85,-63,-404,-360
200605,22,824,16548,-14,-277,86,-63,-405,-361
200619,20,826,16538,-15,-281,88,-62,-405,-362
200633,33,812,16538,-19,-279,85,-67,-402,-366
200647,19,816,16536,-20,-276,89,-63,-408,-363
200661,27,824,16547,-21,-277,90,-66,-402,-361
200675,17,831,16537,-21,-281,91,-67,-402,-361
200689,27,805,16545,-18,-281,83,-64,-403,-361
200703,30,812,16543,-17,-283,80,-67,-399,-365
200717,19,834,16550,-23,-279,84,-63,-399,-360
200731,32,830,16544,-19,-279,84,-66,-398,-359
200745,19,821,16546,-17,-277,84,-64,-404,-360
200759,9,822,16550,-16,-280,79,-61,-401,-356
200773,33,823,16548,-23,-278,92,-66,-406,-369
200787,23,813,16546,-17,-279,84,-68,-402,-360
200801,21,823,16545,-19,-280,87,-73,-397,-364
200815,14,812,16542,-20,-275,85,-67,-407,-365
200829,22,820,16542,-25,-282,87,-69,-404,-358
200843,22,824,16543,-21,-281,85,-65,-403,-362
200857,11,819,16538,-17,-278,89,-66,-399,-360
200871,18,824,16540,-13,-277,83,-66,-405,-357
200885,17,821,16535,-23,-280,89,-63,-401,-365
200899,31,814,16550,-19,-279,83,-65,-403,-364
200913,24,815,16540,-14,-276,91,-66,-403,-360
200927,33,819,16539,-17,-279,89,-67,-402,-365
200941,23,828,16539,-15,-277,84,-68,-402,-362
200955,19,833,16530,-14,-276,82,-70,-406,-361
200969,9,818,16526,-17,-280,87,-64,-407,-357
200983,10,814,16546,-22,-273,86,-70,-403,-365
200997,17,817,16547,-24,-279,82,-60,-401,-365
201011,18,831,16537,-19,-276,81,-67,-407,-360
201025,16,832,16558,-21,-275,92,-63,-404,-360
201039,23,819,16538,-21,-279,87,-64,-402,-365
201053,36,827,16538,-18,-279,87,-66,-400,-361
201067,22,810,16546,-23,-279,86,-68,-409,-358
201081,18,809,16550,-23,-280,87,-64,-405,-362
201095,25,825,16545,-14,-281,89,-60,-404,-364
201109,15,821,16536,-21,-277,90,-66,-402,-363
201123,-1,816,16545,-16,-277,89,-64,-400,-367
201137,14,822,16545,-14,-278,86,-65,-403,-360
201151,17,824,16550,-19,-280,91,-63,-399,-361
201165,37,832,16536,-16,-278,81,-64,-400,-358
201179,23,824,16556,-16,-276,84,-62,-405,-361
201193,29,811,16547,-21,-281,85,-66,-404,-365
201207,32,816,16532,-13,-280,78,-64,-407,-362
201221,14,825,16550,-16,-278,82,-67,-402,-365
201235,37,821,16543,-15,-282,84,-67,-404,-363
201249,13,827,16547,-21,-276,87,-73,-403,-360
201263,20,830,16560,-20,-280,89,-65,-402,-367
201277,10,811,16539,-21,-280,91,-65,-407,-360
201291,17,825,16543,-17,-278,88,-67,-405,-363
201305,26,830,16548,-18,-277,87,-62,-403,-358
201319,21,826,16535,-20,-277,87,-58,-402,-360
201333,11,818,16555,-19,-276,85,-66,-401,-363
201347,9,814,16544,-22,-274,86,-64,-403,-363
201361,30,820,16553,-21,-281,88,-65,-404,-359
201375,32,817,16530,-15,-275,87,-69,-401,-359
201389,0,829,16550,-17,-283,94,-62,-402,-362
201403,6,820,16543,-15,-279,83,-68,-401,-357
201417,19,832,16548,-21,-278,85,-63,-405,-366
201431,11,827,16543,-19,-278,88,-65,-408,-361
201445,8,808,16537,-12,-277,90,-64,-401,-367
201459,27,827,16528,-19,-273,86,-67,-401,-366
201473,32,828,16542,-18,-281,89,-70,-401,-362
201487,21,818,16542,-17,-280,88,-64,-401,-360
201501,28,833,16539,-17,-276,85,-65,-404,-359
201515,23,836,16541,-20,-279,89,-71,-404,-367
201529,22,819,16530,-21,-274,86,-66,-408,-364
201543,15,838,16540,-23,-277,87,-68,-403,-359
201557,27,833,16543,-16,-281,86,-65,-406,-356
201571,15,824,16527,-20,-279,85,-67,-400,-362
201585,24,822,16540,-17,-281,85,-65,-399,-365
201599,18,816,16550,-20,-277,87,-65,-406,-363
201613,31,828,16534,-14,-279,88,-71,-404,-364
201627,27,822,16526,-20,-276,85,-62,-401,-364
201641,15,826,16542,-23,-279,88,-63,-407,-360
201655,24,806,16550,-25,-282,89,-66,-407,-360
201669,11,822,16532,-21,-279,87,-64,-399,-362
201683,26,833,16535,-24,-273,89,-62,-400,-363
201697,27,818,16534,-22,-270,89,-68,-405,-367
201711,11,825,16531,-22,-277,91,-63,-408,-367
201725,17,826,16558,-20,-281,87,-67,-406,-361
201739,26,819,16532,-10,-278,82,-65,-401,-360
201753,16,821,16546,-17,-277,84,-61,-404,-361
201767,7,829,16541,-24,-278,85,-71,-405,-357
201781,22,819,16553,-21,-279,83,-68,-406,-364
201795,11,832,16541,-17,-277,89,-65,-406,-358
201809,10,828,16536,-20,-277,85,-63,-404,-356
201823,19,830,16530,-19,-280,90,-60,-401,-364
201837,14,828,16530,-18,-282,83,-69,-401,-361
201851,9,828,16537,-15,-279,81,-70,-408,-363
201865,36,825,16531,-18,-282,84,-63,-407,-368
201879,19,823,16525,-11,-279,84,-62,-395,-363
201893,30,827,16526,-18,-278,81,-61,-402,-360
201907,19,824,16537,-14,-281,82,-64,-407,-364
201921,19,825,16529,-17,-283,87,-68,-406,-362
201935,33,829,16537,-18,-281,88,-67,-404,-362
201949,20,824,16541,-19,-280,84,-63,-401,-362
201963,13,832,16536,-18,-277,82,-65,-402,-360
201977,14,825,16540,-17,-282,85,-67,-406,-363
201991,20,822,16529,-18,-276,85,-65,-404,-360
202005,33,836,16543,-15,-273,86,-63,-400,-359
202019,35,821,16523,-28,-281,83,-64,-405,-368
202033,25,818,16518,-17,-280,86,-72,-408,-355
202047,30,832,16545,-16,-278,87,-62,-401,-362
202061,31,825,16542,-18,-280,88,-67,-409,-363
202075,26,820,16545,-22,-276,85,-61,-397,-360
202089,13,817,16535,-18,-275,84,-65,-402,-363
202103,28,832,16547,-17,-276,91,-72,-404,-357
202117,31,823,16530,-15,-276,86,-64,-403,-361
202131,14,821,16536,-22,-279,88,-70,-405,-362
202145,15,818,16531,-19,-280,84,-65,-403,-361
202159,13,820,16539,-20,-273,93,-62,-403,-364
202173,30,814,16542,-24,-278,89,-68,-400,-359
202187,17,825,16530,-19,-281,85,-67,-403,-363
202201,19,832,16536,-19,-274,87,-61,-402,-365
202215,10,826,16548,-22,-277,89,-69,-401,-362
202229,21,832,16557,-16,-277,85,-62,-407,-361
202243,19,828,16529,-18,-273,84,-58,-402,-356
202257,26,831,16538,-13,-283,87,-65,-404,-362
202271,24,825,16552,-19,-275,88,-68,-403,-363
202285,31,823,16534,-14,-273,86,-65,-398,-363
202299,13,828,16542,-19,-278,87,-64,-402,-364
202313,22,823,16546,-21,-278,87,-66,-403,-362
202327,25,810,16536,-20,-274,85,-69,-401,-363
202341,25,832,16520,-21,-278,90,-67,-403,-363
202355,19,814,16542,-24,-280,86,-62,-401,-362
202369,9,830,16537,-22,-274,83,-67,-402,-362
202383,7,838,16544,-21,-276,86,-64,-405,-363
202397,18,829,16536,-19,-281,88,-69,-402,-361
202411,2,837,16531,-19,-281,84,-66,-407,-364
202425,24,823,16544,-23,-280,91,-63,-408,-363
202439,18,817,16525,-16,-276,86,-63,-402,-367
202453,33,829,16543,-14,-279,82,-67,-406,-361
202467,19,824,16543,-16,-275,91,-68,-408,-362
202481,12,817,16528,-17,-276,87,-68,-402,-359
202495,18,823,16535,-18,-279,84,-66,-401,-363
202509,11,825,16551,-15,-273,85,-65,-405,-367
202523,8,819,16535,-12,-274,83,-68,-399,-362
202537,10,834,16542,-17,-282,89,-68,-409,-361
202551,20,825,16532,-19,-277,91,-68,-408,-360
202565,18,818,16532,-14,-277,83,-64,-403,-364
202579,25,823,16536,-12,-278,87,-64,-403,-367
202593,25,818,16533,-23,-283,84,-70,-412,-366
202607,24,822,16530,-19,-281,80,-66,-407,-360
202621,19,820,16543,-22,-277,89,-64,-400,-362
202635,30,819,16527,-21,-273,82,-63,-410,-363
202649,18,827,16538,-16,-280,83,-65,-403,-360
202663,17,819,16548,-18,-278,81,-67,-400,-360
202677,8,829,16529,-15,-277,85,-61,-401,-360
202691,20,824,16538,-16,-278,87,-69,-402,-358
202705,20,809,16530,-17,-276,88,-64,-403,-363
202719,17,835,16531,-13,-277,83,-71,-406,-362
202733,17,826,16527,-18,-279,87,-65,-402,-359
202747,16,814,16523,-18,-277,85,-65,-401,-365
202761,17,813,16547,-19,-280,82,-66,-407,-366
202775,18,825,16558,-21,-281,81,-61,-407,-363
202789,8,824,16537,-20,-282,85,-66,-403,-363
202803,15,818,16537,-19,-280,91,-66,-405,-358
202817,19,838,16537,-17,-279,88,-61,-401,-364
202831,34,817,16534,-16,-277,86,-66,-400,-367
202845,20,837,16540,-18,-275,83,-65,-404,-359
202859,5,828,16539,-18,-279,83,-65,-398,-361
202873,32,830,16531,-17,-275,83,-61,-408,-363
202887,18,817,16539,-21,-279,89,-63,-403,-364
202901,21,828,16524,-21,-277,87,-68,-403,-365
202915,13,835,16526,-19,-278,84,-64,-402,-364
202929,18,826,16540,-18,-278,82,-67,-402,-362
202943,17,825,16532,-18,-278,83,-70,-407,-365
202957,4,823,16532,-19,-278,86,-61,-400,-362
202971,17,816,16542,-18,-278,92,-66,-399,-364
202985,19,816,16540,-20,-274,90,-66,-403,-364
202999,23,830,16553,-20,-273,87,-66,-404,-364
203013,27,821,16550,-15,-275,83,-66,-409,-367
203027,31,815,16544,-16,-277,82,-62,-407,-362
203041,26,824,16539,-15,-279,86,-70,-402,-358
203055,20,823,16538,-19,-274,87,-64,-403,-354
203069,15,827,16535,-18,-276,88,-62,-404,-364
203083,37,820,16528,-14,-273,87,-70,-404,-363
203097,36,820,16533,-15,-280,92,-63,-411,-358
203111,23,827,16516,-14,-280,86,-67,-397,-363
203125,16,825,16541,-15,-278,83,-67,-408,-362
203139,21,827,16532,-14,-283,83,-67,-407,-360
203153,29,817,16533,-14,-277,84,-69,-405,-359
203167,17,814,16550,-20,-277,89,-64,-404,-357
203181,10,823,16542,-18,-280,85,-66,-405,-362
203195,18,828,16529,-25,-276,82,-68,-401,-367
203209,11,830,16542,-19,-279,84,-69,-403,-361
203223,30,824,16539,-15,-278,87,-61,-402,-360
203237,20,827,16533,-15,-276,83,-59,-403,-360
203251,17,821,16523,-17,-273,83,-66,-402,-361
203265,25,818,16538,-19,-275,82,-63,-405,-366
203279,25,824,16539,-19,-281,80,-70,-404,-360
203293,17,824,16543,-19,-278,82,-68,-402,-359
203307,28,821,16523,-18,-275,84,-65,-405,-362
203321,23,820,16550,-18,-277,89,-70,-400,-363
203335,28,832,16521,-19,-275,89,-66,-403,-364
203349,12,820,16530,-21,-280,86,-66,-399,-359
203363,16,838,16523,-26,-277,88,-62,-399,-363
203377,24,844,16531,-20,-279,88,-68,-404,-367
203391,8,826,16545,-14,-274,90,-67,-400,-362
203405,15,829,16529,-18,-275,87,-66,-402,-364
203419,22,828,16530,-21,-274,86,-66,-406,-367
203433,26,818,16547,-19,-281,81,-68,-398,-368
203447,30,815,16541,-14,-280,84,-64,-405,-366
203461,14,819,16533,-15,-280,82,-68,-405,-363
203475,24,817,16550,-16,-282,87,-65,-407,-361
203489,19,822,16541,-17,-279,83,-63,-398,-363
203503,30,811,16533,-14,-278,82,-64,-404,-361
203517,14,816,16539,-16,-279,86,-66,-404,-361
203531,17,823,16536,-13,-280,89,-63,-397,-361
203545,30,814,16520,-13,-282,88,-67,-401,-363
203559,15,817,16539,-21,-277,85,-61,-399,-366
203573,27,832,16542,-20,-278,92,-73,-401,-358
203587,24,829,16516,-17,-275,83,-61,-405,-358
203601,13,840,16545,-23,-279,92,-63,-398,-360
203615,19,823,16537,-20,-277,84,-63,-405,-363
203629,34,828,16545,-22,-275,84,-63,-404,-363
203643,25,809,16535,-20,-279,88,-62,-399,-360
203657,12,820,16530,-23,-284,86,-61,-401,-364
203671,6,828,16549,-22,-280,87,-64,-402,-356
203685,29,823,16531,-17,-278,89,-66,-404,-362
203699,25,824,16540,-17,-276,87,-64,-405,-361
203713,39,817,16547,-17,-279,88,-64,-404,-361
203727,24,826,16525,-18,-274,86,-67,-406,-361
203741,20,820,16528,-19,-279,83,-65,-405,-363
203755,20,827,16536,-17,-277,86,-65,-405,-363
203769,23,820,16542,-19,-276,86,-64,-403,-358
203783,16,818,16536,-20,-277,86,-63,-406,-364
203797,18,832,16537,-18,-283,89,-67,-402,-360
203811,21,830,16540,-20,-275,91,-65,-404,-359
203825,26,822,16551,-16,-279,87,-66,-401,-360
203839,24,828,16529,-16,-276,87,-67,-396,-362
203853,29,816,16542,-15,-277,81,-64,-403,-362
203867,24,815,16528,-19,-273,86,-57,-403,-365
203881,19,827,16535,-14,-280,85,-67,-403,-359
203895,32,823,16554,-20,-277,81,-66,-402,-361
203909,16,833,16536,-24,-282,86,-62,-403,-360
203923,8,824,16538,-18,-280,83,-71,-408,-367
203937,5,828,16539,-19,-277,88,-65,-404,-359
203951,20,829,16531,-18,-278,82,-65,-405,-364
203965,19,841,16544,-17,-281,80,-70,-404,-362
203979,12,829,16547,-22,-279,87,-65,-403,-365
203993,33,810,16536,-24,-279,88,-67,-401,-367
204007,35,833,16547,-15,-276,86,-65,-399,-363
204021,23,827,16544,-20,-278,88,-64,-398,-357
204035,17,826,16545,-14,-278,88,-65,-395,-358
204049,23,818,16548,-18,-281,89,-69,-401,-363
204063,14,826,16548,-19,-276,85,-65,-409,-360
204077,24,825,16536,-18,-272,87,-65,-399,-363
204091,11,822,16542,-15,-279,84,-72,-402,-364
204105,21,822,16536,-16,-282,85,-64,-404,-360
204119,9,820,16526,-13,-279,85,-66,-406,-368
204133,10,835,16528,-16,-276,84,-64,-402,-361
204147,14,824,16547,-13,-280,85,-64,-399,-360
204161,28,822,16537,-15,-280,83,-63,-403,-360
204175,19,811,16531,-14,-278,83,-64,-402,-361
204189,25,828,16540,-16,-275,82,-65,-403,-361
204203,36,835,16541,-16,-275,83,-64,-401,-358
204217,14,826,16533,-22,-281,88,-64,-401,-367
204231,20,829,16535,-23,-281,89,-60,-406,-363
204245,23,829,16541,-19,-281,83,-61,-405,-366
204259,19,821,16537,-14,-279,81,-66,-401,-365
204273,30,822,16530,-19,-279,82,-67,-399,-360
204287,26,831,16540,-19,-276,83,-66,-409,-363
204301,22,823,16554,-20,-279,86,-70,-404,-360
204315,30,835,16528,-21,-277,87,-62,-403,-360
204329,20,826,16531,-18,-278,80,-64,-401,-360
204343,16,810,16532,-19,-273,84,-67,-398,-361
204357,14,825,16548,-15,-279,86,-68,-396,-360
204371,26,822,16534,-12,-280,84,-71,-402,-359
204385,22,831,16547,-16,-278,87,-67,-402,-354
204399,11,813,16539,-11,-280,82,-62,-403,-361
204413,23,818,16525,-15,-280,85,-70,-404,-360
204427,25,822,16544,-14,-280,85,-67,-407,-363
204441,21,812,16542,-18,-277,86,-66,-401,-360
204455,22,834,16532,-16,-272,83,-60,-402,-363
204469,11,836,16540,-16,-275,87,-67,-402,-363
204483,17,820,16544,-15,-276,83,-64,-404,-363
204497,21,826,16533,-17,-277,89,-67,-400,-363
204511,24,821,16528,-21,-281,86,-62,-402,-365
204525,25,818,16548,-20,-274,87,-66,-401,-360
204539,17,814,16537,-14,-278,87,-64,-404,-363
204553,25,823,16530,-18,-280,84,-62,-402,-363
204567,24,828,16549,-19,-278,82,-65,-402,-359
204581,19,805,16536,-18,-284,80,-67,-402,-359
204595,14,832,16527,-15,-279,82,-67,-402,-363
204609,22,830,16536,-18,-282,86,-72,-404,-361
204623,9,835,16541,-19,-279,88,-66,-403,-359
204637,11,831,16536,-17,-274,87,-68,-402,-357
204651,17,833,16535,-23,-277,85,-65,-402,-360
204665,28,827,16542,-21,-277,86,-66,-403,-367
204679,17,819,16537,-17,-276,85,-66,-402,-362
204693,7,832,16534,-18,-275,84,-68,-396,-357
204707,30,821,16550,-19,-279,87,-67,-401,-365
204721,26,815,16536,-19,-275,81,-66,-403,-362
204735,39,831,16538,-20,-276,88,-68,-400,-364
204749,16,833,16540,-20,-276,89,-63,-395,-357
204763,22,830,16552,-15,-275,85,-61,-402,-361
204777,29,835,16534,-20,-283,83,-67,-404,-361
204791,19,822,16547,-17,-278,87,-68,-404,-361
204805,24,820,16541,-20,-278,85,-65,-401,-359
204819,26,823,16535,-17,-283,86,-64,-401,-363
204833,33,836,16544,-16,-276,81,-65,-404,-363
204847,14,828,16543,-16,-280,87,-64,-402,-365
204861,32,842,16562,-16,-276,81,-70,-404,-362
204875,17,829,16536,-19,-280,84,-68,-402,-360
204889,10,838,16544,-25,-277,88,-70,-402,-368
204903,21,828,16552,-21,-276,90,-64,-404,-364
204917,17,827,16546,-20,-276,84,-64,-399,-362
204931,9,823,16527,-19,-277,87,-61,-397,-364
204945,29,815,16543,-14,-279,88,-65,-406,-362
204959,9,816,16549,-14,-279,86,-64,-405,-363
204973,34,823,16550,-18,-276,82,-69,-407,-366
204987,28,824,16538,-21,-283,88,-66,-404,-362
205001,20,820,16538,-20,-277,89,-69,-401,-364
205015,13,819,16561,-20,-275,89,-66,-401,-360
205029,11,817,16538,-19,-275,88,-68,-401,-364
205043,18,827,16548,-14,-279,84,-62,-402,-362
205057,15,818,16541,-19,-281,85,-68,-404,-361
205071,19,837,16550,-20,-280,87,-60,-400,-362
205085,14,819,16536,-22,-274,85,-67,-403,-361
205099,6,829,16543,-20,-274,85,-65,-406,-356
205113,36,826,16563,-11,-277,82,-70,-407,-356
205127,31,827,16531,-15,-278,86,-65,-406,-362
205141,15,815,16536,-19,-280,86,-64,-400,-361
205155,9,816,16543,-19,-277,83,-65,-405,-356
205169,14,824,16527,-19,-276,84,-68,-404,-359
205183,23,826,16533,-14,-275,83,-61,-405,-365
205197,22,819,16534,-16,-275,84,-68,-402,-358
205211,30,829,16525,-13,-277,85,-66,-403,-361
205225,24,821,16539,-14,-282,85,-64,-401,-366
205239,18,809,16538,-17,-277,81,-66,-400,-355
205253,20,820,16536,-17,-281,85,-66,-405,-362
205267,28,815,16555,-14,-279,86,-64,-407,-358
205281,28,824,16539,-11,-276,87,-65,-405,-359
205295,19,828,16547,-17,-277,90,-66,-404,-364
205309,31,828,16541,-19,-279,89,-66,-401,-356
205323,22,820,16526,-15,-277,82,-67,-401,-364
205337,11,826,16546,-17,-283,86,-69,-409,-364
205351,17,822,16539,-18,-275,84,-58,-403,-364
205365,33,823,16538,-24,-279,86,-68,-402,-361
205379,19,828,16529,-17,-281,87,-68,-403,-361
205393,36,840,16544,-17,-280,84,-64,-406,-359
205407,9,824,16549,-12,-280,87,-68,-406,-362
205421,25,823,16536,-15,-284,87,-67,-402,-363
205435,25,823,16547,-18,-275,83,-67,-402,-358
205449,13,818,16552,-22,-275,82,-63,-403,-359
205463,16,821,16545,-17,-275,87,-66,-408,-360
205477,22,825,16539,-22,-279,90,-62,-407,-361
205491,18,819,16517,-19,-278,90,-61,-404,-363
205505,27,818,16550,-16,-274,86,-65,-406,-366
205519,21,825,16545,-21,-278,84,-64,-403,-361
205533,17,832,16534,-21,-277,84,-63,-403,-367
205547,14,817,16565,-16,-278,85,-69,-404,-364
205561,30,818,16542,-14,-280,84,-71,-403,-361
205575,20,819,16541,-22,-276,87,-61,-402,-361
205589,19,826,16531,-19,-277,86,-68,-407,-360
205603,15,824,16548,-12,-279,83,-62,-404,-359
205617,12,842,16529,-18,-275,80,-66,-400,-361
205631,23,819,16546,-19,-277,86,-66,-406,-361
205645,28,832,16540,-20,-277,87,-65,-401,-362
205659,37,819,16548,-13,-277,84,-65,-403,-361
205673,13,821,16554,-16,-277,84,-66,-401,-359
205687,9,820,16545,-21,-281,84,-72,-402,-361
205701,27,827,16540,-15,-279,90,-68,-406,-360
205715,30,825,16544,-16,-276,85,-66,-406,-363
205729,14,822,16530,-18,-276,90,-62,-405,-363
205743,11,825,16543,-20,-273,85,-64,-404,-362
205757,19,827,16546,-20,-279,85,-66,-403,-361
205771,14,825,16555,-21,-280,85,-68,-400,-366
205785,36,828,16533,-21,-277,84,-66,-405,-356
205799,24,828,16546,-21,-276,85,-65,-400,-359
205813,31,832,16544,-14,-281,78,-69,-404,-364
205827,15,821,16548,-15,-278,83,-66,-405,-363
205841,29,840,16553,-16,-281,86,-65,-404,-361
205855,30,827,16535,-15,-282,85,-67,-401,-355
205869,16,830,16549,-24,-277,85,-66,-408,-362
205883,8,832,16536,-18,-276,81,-65,-405,-360
205897,12,832,16558,-19,-277,89,-65,-400,-356
205911,8,837,16556,-14,-281,90,-67,-406,-360
205925,36,807,16540,-20,-278,84,-66,-407,-360
205939,26,811,16530,-18,-275,85,-64,-404,-361
205953,11,820,16542,-20,-277,86,-66,-401,-365
205967,27,822,16546,-12,-281,83,-68,-402,-364
205981,18,817,16551,-23,-276,85,-69,-406,-364
205995,23,821,16535,-17,-281,88,-67,-402,-364
206009,25,833,16536,-14,-275,80,-64,-397,-365
206023,22,828,16531,-15,-280,81,-62,-404,-359
206037,17,816,16536,-17,-284,87,-63,-409,-361
206051,1,811,16545,-15,-281,87,-66,-412,-363
206065,21,818,16555,-21,-284,86,-64,-405,-360
206079,19,827,16552,-19,-283,85,-71,-403,-363
206093,34,809,16538,-18,-276,85,-71,-405,-358
206107,14,820,16541,-24,-280,90,-65,-402,-366
206121,12,823,16550,-20,-280,82,-63,-405,-366
206135,26,828,16555,-19,-276,82,-60,-403,-363
206149,21,835,16546,-22,-278,82,-67,-397,-361
206163,12,825,16543,-17,-279,81,-68,-402,-362
206177,26,833,16557,-23,-282,87,-58,-400,-364
206191,25,821,16555,-17,-283,88,-66,-402,-362
206205,16,825,16550,-17,-277,89,-66,-404,-360
206219,17,830,16550,-16,-279,86,-66,-404,-360
206233,3,821,16537,-15,-278,86,-72,-399,-366
206247,22,835,16545,-14,-274,91,-65,-402,-362
206261,18,826,16549,-17,-280,87,-69,-404,-363
206275,29,826,16536,-19,-281,87,-64,-397,-364
206289,23,809,16550,-18,-281,92,-63,-404,-366
206303,8,823,16534,-16,-269,88,-65,-401,-366
206317,-1,815,16531,-19,-278,87,-66,-403,-364
206331,17,825,16552,-20,-276,81,-66,-401,-360
206345,29,827,16554,-20,-283,88,-66,-401,-360
206359,22,824,16557,-18,-280,87,-65,-405,-362
206373,23,831,16550,-14,-276,84,-64,-406,-356
206387,18,813,16551,-18,-276,87,-67,-400,-362
206401,16,820,16555,-14,-280,84,-69,-402,-361
206415,22,822,16534,-19,-278,84,-65,-395,-364
206429,15,839,16529,-16,-283,83,-63,-403,-366
206443,19,825,16546,-13,-280,86,-69,-399,-368
206457,11,821,16543,-19,-280,87,-71,-408,-363
206471,21,820,16551,-17,-279,84,-63,-400,-360
206485,14,820,16538,-16,-280,85,-60,-402,-362
206499,3,823,16532,-21,-275,83,-63,-402,-362
206513,29,824,16528,-20,-277,86,-69,-405,-368
206527,31,821,16556,-21,-277,85,-63,-406,-361
206541,37,830,16538,-20,-276,85,-67,-406,-367
206555,24,828,16558,-18,-276,86,-67,-402,-363
206569,20,832,16542,-15,-274,85,-67,-402,-359
206583,18,824,16540,-20,-278,86,-72,-402,-364
206597,23,813,16548,-14,-275,85,-67,-402,-360
206611,17,825,16544,-19,-274,82,-72,-400,-358
206625,25,830,16548,-22,-277,83,-66,-403,-359
206639,27,824,16556,-15,-279,86,-66,-402,-359
206653,17,831,16528,-16,-276,85,-70,-401,-363
206667,14,829,16527,-17,-279,84,-68,-408,-355
206681,18,824,16544,-16,-280,86,-68,-401,-364
206695,18,823,16536,-23,-277,81,-69,-405,-363
206709,20,816,16538,-22,-282,82,-64,-403,-366
206723,16,818,16535,-21,-280,86,-67,-401,-362
206737,22,837,16542,-18,-274,86,-63,-403,-367
206751,33,826,16546,-20,-281,87,-60,-401,-360
206765,14,818,16552,-19,-277,86,-64,-400,-362
206779,16,830,16526,-21,-276,89,-68,-400,-367
206793,27,830,16555,-13,-281,85,-65,-402,-363
206807,10,822,16550,-20,-275,85,-68,-401,-363
206821,28,821,16533,-21,-280,82,-64,-406,-364
206835,24,821,16550,-23,-282,84,-61,-402,-360
206849,22,820,16536,-18,-277,84,-66,-406,-364
206863,13,823,16542,-21,-278,87,-68,-404,-364
206877,17,816,16547,-18,-280,82,-67,-399,-364
206891,9,823,16533,-18,-279,85,-63,-409,-362
206905,19,823,16518,-17,-276,83,-64,-402,-361
206919,24,828,16532,-17,-277,85,-63,-404,-359
206933,19,824,16556,-19,-275,87,-62,-400,-359
206947,23,826,16553,-15,-278,89,-69,-399,-363
206961,13,829,16549,-19,-280,85,-63,-400,-361
206975,23,820,16541,-22,-283,88,-64,-405,-358
206989,11,845,16533,-17,-282,88,-63,-403,-361
207003,26,815,16543,-16,-278,88,-62,-409,-361
207017,13,819,16533,-18,-282,86,-66,-407,-364
207031,11,814,16546,-19,-277,84,-64,-404,-355
207045,36,829,16550,-15,-277,89,-61,-402,-362
207059,16,822,16548,-17,-285,84,-70,-402,-359
207073,26,834,16521,-21,-279,88,-68,-407,-364
207087,21,822,16541,-23,-279,89,-65,-399,-367
207101,27,817,16542,-18,-282,85,-63,-403,-364
207115,29,822,16551,-15,-278,84,-67,-406,-363
207129,27,829,16513,-24,-278,88,-65,-407,-361
207143,22,822,16545,-22,-279,92,-66,-405,-362
207157,29,821,16539,-23,-276,87,-65,-404,-363
207171,25,835,16538,-21,-281,83,-69,-400,-364
207185,21,818,16541,-15,-280,87,-68,-400,-366
207199,21,826,16519,-17,-277,84,-65,-398,-366
207213,17,838,16542,-16,-278,87,-66,-400,-359
207227,15,823,16531,-17,-275,88,-69,-403,-363
207241,29,818,16547,-20,-279,86,-65,-405,-362
207255,13,830,16535,-15,-279,90,-63,-403,-363
207269,11,825,16546,-15,-278,89,-68,-402,-358
207283,20,831,16539,-16,-273,92,-66,-407,-361
207297,12,818,16531,-16,-282,94,-60,-402,-361
207311,25,818,16549,-18,-279,86,-65,-402,-361
207325,27,823,16544,-17,-281,87,-64,-406,-367
207339,29,822,16533,-15,-283,81,-60,-403,-361
207353,19,815,16525,-14,-281,86,-69,-399,-362
207367,18,809,16544,-18,-276,89,-65,-403,-358
207381,14,830,16538,-25,-274,88,-65,-405,-364
207395,15,824,16526,-19,-278,90,-70,-401,-361
207409,19,825,16525,-22,-278,89,-67,-403,-365
207423,29,817,16551,-18,-282,87,-69,-403,-361
207437,18,809,16540,-19,-278,88,-68,-407,-366
207451,19,826,16532,-21,-279,87,-69,-398,-363
207465,22,825,16543,-19,-282,85,-66,-401,-366
207479,35,826,16542,-18,-276,87,-65,-405,-364
207493,29,824,16538,-12,-280,85,-67,-400,-362
207507,18,831,16540,-21,-278,88,-66,-403,-365
207521,15,831,16545,-18,-279,87,-62,-403,-358
207535,20,830,16547,-20,-281,90,-63,-400,-364
207549,4,819,16521,-19,-281,90,-67,-403,-367
207563,16,824,16538,-18,-276,89,-65,-406,-361
207577,11,825,16549,-20,-277,87,-76,-402,-361
207591,26,822,16528,-19,-279,82,-68,-408,-363
207605,27,825,16542,-17,-278,86,-65,-398,-362
207619,14,824,16510,-24,-279,85,-58,-406,-363
207633,14,821,16539,-21,-281,86,-72,-404,-364
207647,16,833,16548,-22,-279,88,-66,-403,-365
207661,10,817,16548,-19,-280,89,-65,-395,-355
207675,2,807,16554,-18,-277,89,-67,-401,-363
207689,15,807,16531,-21,-288,85,-64,-402,-361
207703,39,827,16536,-20,-279,87,-64,-399,-362
207717,13,830,16532,-10,-277,85,-68,-399,-365
207731,12,817,16547,-16,-279,83,-65,-404,-364
207745,17,818,16550,-15,-277,86,-61,-399,-362
207759,28,819,16543,-11,-278,88,-67,-402,-362
207773,32,837,16534,-18,-276,87,-65,-406,-361
207787,15,814,16527,-17,-276,84,-71,-401,-360
207801,21,829,16537,-19,-278,92,-67,-403,-364
207815,17,823,16539,-18,-280,86,-65,-409,-362
207829,22,825,16544,-17,-278,86,-63,-409,-358
207843,17,833,16558,-19,-280,84,-64,-401,-365
207857,19,825,16547,-21,-280,88,-66,-405,-361
207871,24,819,16537,-20,-280,87,-63,-398,-362
207885,19,815,16541,-15,-276,87,-64,-397,-362
207899,7,816,16540,-24,-275,90,-66,-401,-366
207913,14,840,16533,-21,-282,88,-67,-403,-363
207927,15,836,16536,-19,-280,91,-65,-405,-365
207941,13,816,16543,-21,-278,83,-64,-405,-369
207955,31,824,16551,-20,-275,79,-63,-405,-362
207969,22,828,16541,-21,-279,87,-63,-398,-364
207983,25,822,16528,-20,-273,87,-67,-400,-366
207997,23,832,16545,-25,-280,85,-63,-406,-358
208011,22,833,16530,-19,-283,85,-66,-397,-359
208025,38,824,16545,-17,-283,92,-64,-405,-360
208039,21,832,16544,-21,-274,84,-66,-402,-365
208053,5,815,16536,-15,-281,83,-59,-404,-360
208067,21,807,16539,-16,-279,80,-60,-402,-360
208081,16,839,16539,-15,-277,88,-65,-405,-364
208095,7,818,16534,-16,-284,87,-69,-402,-363
208109,3,827,16527,-20,-282,83,-69,-401,-361
208123,24,831,16546,-18,-280,82,-64,-401,-361
208137,35,827,16538,-17,-282,95,-70,-402,-362
208151,13,813,16549,-20,-277,83,-64,-400,-362
208165,14,818,16572,-19,-280,81,-62,-408,-367
208179,15,823,16536,-19,-276,85,-68,-405,-366
208193,17,818,16540,-19,-277,84,-67,-403,-364
208207,24,828,16534,-19,-279,87,-66,-402,-362
208221,23,820,16546,-24,-281,85,-67,-402,-365
208235,21,822,16546,-17,-277,86,-65,-396,-361
208249,10,819,16529,-18,-276,85,-70,-404,-366
208263,23,826,16541,-16,-281,88,-71,-399,-367
208277,26,816,16541,-15,-279,84,-64,-404,-366
208291,19,820,16544,-17,-285,84,-64,-406,-362
208305,16,822,16534,-15,-283,86,-66,-399,-362
208319,25,827,16538,-22,-280,85,-64,-406,-365
208333,23,825,16542,-20,-283,83,-66,-410,-359
208347,25,827,16547,-14,-278,86,-64,-404,-364
208361,21,824,16528,-22,-280,87,-63,-406,-367
208375,12,826,16539,-17,-282,89,-63,-400,-357
208389,24,815,16540,-18,-279,87,-66,-396,-367
208403,23,822,16555,-15,-277,85,-62,-401,-365
208417,17,826,16547,-11,-281,88,-65,-407,-360
208431,35,816,16530,-17,-281,88,-69,-401,-367
208445,13,831,16562,-22,-280,92,-64,-404,-361
208459,12,827,16542,-21,-280,85,-68,-403,-361
208473,15,825,16541,-21,-283,86,-66,-405,-361
208487,22,833,16541,-17,-278,88,-70,-400,-363
208501,22,822,16554,-20,-275,83,-66,-405,-361
208515,25,819,16548,-16,-277,81,-64,-408,-362
208529,5,824,16556,-21,-280,86,-62,-402,-364
208543,32,821,16556,-16,-279,87,-63,-404,-363
208557,29,834,16548,-17,-280,88,-64,-404,-370
208571,19,809,16532,-19,-281,85,-65,-404,-359
208585,28,822,16543,-26,-279,87,-64,-404,-365
208599,6,823,16541,-16,-281,83,-66,-407,-364
208613,27,816,16536,-15,-282,82,-65,-404,-362
208627,21,817,16546,-17,-278,81,-64,-407,-362
208641,15,835,16533,-21,-278,85,-69,-396,-361
208655,31,824,16545,-18,-277,82,-67,-401,-365
208669,15,826,16541,-22,-278,81,-68,-402,-366
208683,9,830,16541,-17,-280,87,-64,-404,-363
208697,24,825,16534,-15,-274,83,-67,-406,-361
208711,29,825,16534,-16,-281,84,-69,-405,-364
208725,16,816,16542,-16,-280,89,-67,-409,-360
208739,25,819,16532,-22,-277,85,-70,-404,-363
208753,14,836,16539,-16,-276,86,-64,-411,-363
208767,7,822,16540,-21,-276,84,-65,-404,-359
208781,19,829,16536,-12,-282,86,-71,-405,-360
208795,12,823,16536,-17,-280,84,-69,-405,-360
208809,29,813,16548,-18,-282,87,-66,-399,-368
208823,19,822,16542,-16,-280,89,-67,-405,-357
208837,18,826,16550,-19,-277,85,-64,-409,-365
208851,13,815,16537,-17,-274,85,-63,-403,-363
208865,23,823,16543,-18,-277,89,-68,-409,-361
208879,17,832,16534,-18,-283,90,-69,-410,-361
208893,28,823,16541,-14,-280,90,-70,-402,-364
208907,18,827,16535,-14,-276,82,-62,-402,-360
208921,18,814,16541,-17,-283,88,-66,-403,-363
208935,23,831,16554,-14,-278,80,-63,-404,-364
208949,9,831,16548,-20,-278,85,-66,-403,-363
208963,27,825,16542,-19,-282,84,-63,-407,-361
208977,22,824,16537,-20,-275,84,-65,-406,-360
208991,23,821,16555,-23,-279,87,-73,-401,-364
209005,23,822,16531,-19,-280,88,-71,-405,-366
209019,30,823,16548,-15,-277,90,-67,-401,-360
209033,12,821,16549,-16,-284,88,-69,-402,-365
209047,4,817,16543,-20,-276,86,-66,-402,-362
209061,25,835,16536,-22,-277,86,-64,-400,-361
209075,18,813,16529,-14,-280,86,-68,-404,-364
209089,13,820,16544,-19,-280,86,-66,-403,-360
209103,18,817,16544,-16,-279,82,-67,-400,-363
209117,22,811,16534,-13,-276,86,-65,-406,-365
209131,31,819,16538,-16,-276,87,-64,-404,-356
209145,25,822,16542,-14,-280,86,-71,-401,-364
209159,24,827,16537,-23,-278,87,-65,-404,-367
209173,12,825,16562,-21,-276,81,-61,-408,-364
209187,25,827,16530,-17,-276,85,-63,-405,-362
209201,13,835,16543,-22,-273,88,-66,-403,-363
209215,16,823,16562,-20,-278,87,-65,-403,-364
209229,12,823,16557,-22,-276,88,-69,-400,-364
209243,28,829,16538,-12,-278,85,-73,-406,-363
209257,19,832,16536,-13,-278,87,-64,-401,-361
209271,23,823,16538,-21,-278,82,-67,-405,-361
209285,24,816,16542,-23,-273,82,-60,-403,-357
209299,12,823,16555,-18,-280,86,-68,-403,-365
209313,29,829,16535,-15,-282,85,-71,-402,-363
209327,25,818,16544,-13,-279,86,-69,-401,-363
209341,35,827,16558,-17,-275,85,-68,-406,-366
209355,22,826,16538,-20,-281,93,-66,-405,-364
209369,28,815,16544,-22,-273,81,-68,-402,-359
209383,20,816,16545,-15,-282,80,-66,-405,-363
209397,20,821,16537,-14,-278,84,-64,-403,-367
209411,33,825,16543,-18,-274,81,-64,-405,-361
209425,8,826,16537,-22,-277,82,-71,-402,-360
209439,21,844,16535,-19,-276,88,-65,-405,-362
209453,17,821,16544,-21,-277,83,-66,-407,-363
209467,11,815,16553,-15,-276,81,-64,-407,-360
209481,21,826,16555,-19,-277,88,-65,-405,-360
209495,34,810,16537,-13,-277,83,-66,-404,-364
209509,23,817,16544,-18,-282,86,-64,-404,-361
209523,19,835,16540,-18,-280,84,-64,-404,-363
209537,27,817,16545,-13,-278,84,-68,-402,-363
209551,14,827,16541,-16,-278,83,-63,-397,-359
209565,21,819,16549,-22,-281,88,-64,-400,-361
209579,18,834,16534,-17,-283,87,-72,-405,-362
209593,23,820,16543,-20,-280,86,-66,-403,-362
209607,3,812,16537,-21,-282,80,-67,-399,-359
209621,10,826,16546,-19,-280,86,-69,-399,-362
209635,34,823,16547,-18,-279,86,-62,-401,-364
209649,26,825,16551,-23,-281,86,-65,-404,-359
209663,7,826,16548,-27,-277,87,-64,-405,-360
209677,13,814,16532,-16,-280,87,-67,-401,-367
209691,26,824,16558,-16,-278,88,-63,-399,-362
209705,36,824,16531,-19,-280,89,-65,-403,-360
209719,37,825,16531,-21,-273,87,-64,-399,-359
209733,25,833,16562,-19,-278,87,-68,-400,-364
209747,1,831,16528,-17,-278,90,-61,-403,-364
209761,24,826,16547,-22,-277,85,-67,-405,-363
209775,13,818,16553,-21,-277,86,-62,-403,-364
209789,29,825,16538,-21,-275,92,-64,-410,-363
209803,21,821,16546,-24,-275,87,-69,-399,-367
209817,28,815,16544,-22,-278,84,-63,-405,-362
209831,18,824,16527,-22,-275,83,-66,-408,-368
209845,23,839,16546,-27,-275,86,-66,-405,-364
209859,23,833,16530,-14,-284,83,-71,-402,-361
209873,31,839,16540,-17,-280,86,-66,-405,-364
209887,25,822,16540,-19,-278,82,-65,-408,-363
209901,13,815,16535,-23,-282,86,-68,-407,-362
209915,17,832,16535,-22,-279,85,-65,-401,-364
209929,13,836,16540,-19,-279,87,-66,-404,-364
209943,21,822,16532,-14,-276,85,-66,-404,-364
209957,8,825,16537,-21,-276,86,-59,-401,-364
209971,14,816,16548,-20,-282,85,-66,-406,-360
209985,12,825,16537,-19,-277,88,-68,-404,-361
209999,12,816,16534,-18,-279,86,-64,-403,-355
210013,8,822,16531,-22,-278,82,-68,-401,-365
210027,18,832,16554,-20,-281,89,-65,-403,-357
210041,21,826,16537,-16,-276,85,-68,-405,-368
210055,26,834,16545,-20,-286,86,-73,-402,-365
210069,19,840,16526,-19,-280,89,-71,-407,-363
210083,16,828,16546,-22,-277,88,-69,-401,-363
210097,20,821,16540,-16,-278,88,-69,-403,-362
210111,24,818,16535,-18,-279,79,-64,-401,-363
210125,9,836,16542,-16,-282,83,-67,-401,-365
210139,27,829,16538,-18,-280,86,-58,-404,-365
210153,17,830,16538,-18,-275,83,-64,-401,-359
210167,12,830,16531,-11,-277,86,-66,-399,-364
210181,26,816,16529,-17,-280,83,-68,-403,-356
210195,24,817,16539,-17,-276,85,-65,-403,-359
210209,18,820,16540,-23,-279,83,-66,-404,-362
210223,26,821,16529,-21,-280,84,-71,-400,-364
210237,19,835,16521,-17,-278,81,-65,-402,-356
210251,5,819,16537,-16,-280,84,-67,-411,-365
210265,24,828,16546,-14,-275,82,-68,-402,-363
210279,9,826,16520,-17,-275,86,-63,-404,-366
210293,21,822,16538,-14,-279,84,-64,-401,-365
210307,17,823,16528,-13,-278,84,-64,-407,-363
210321,22,823,16545,-19,-278,86,-69,-405,-362
210335,24,821,16542,-20,-278,90,-67,-403,-368
210349,14,824,16532,-14,-276,86,-64,-400,-359
210363,19,826,16554,-16,-283,85,-63,-401,-365
210377,23,826,16540,-22,-279,91,-68,-402,-364
210391,11,832,16537,-19,-277,85,-64,-404,-357
210405,14,817,16540,-19,-279,87,-61,-405,-368
210419,23,813,16541,-14,-272,82,-67,-406,-360
210433,20,830,16553,-19,-275,85,-62,-405,-359
210447,6,822,16541,-25,-278,90,-67,-404,-359
210461,21,838,16542,-20,-273,89,-66,-402,-358
210475,19,820,16532,-18,-277,84,-62,-404,-361
210489,27,821,16548,-25,-278,89,-67,-399,-364
210503,15,816,16548,-23,-280,87,-63,-408,-356
210517,18,820,16533,-10,-283,88,-67,-403,-362
210531,23,832,16536,-19,-281,89,-68,-399,-361
210545,22,835,16544,-21,-280,89,-65,-403,-363
210559,7,831,16533,-21,-281,87,-61,-402,-365
210573,33,840,16537,-25,-279,89,-63,-403,-358
210587,23,830,16541,-17,-276,84,-67,-406,-364
210601,13,822,16536,-18,-281,90,-68,-406,-363
210615,25,822,16544,-16,-277,85,-68,-401,-358
210629,15,828,16541,-18,-277,86,-62,-404,-364
210643,41,833,16540,-17,-281,91,-65,-404,-364
210657,12,816,16543,-18,-280,85,-59,-403,-363
210671,28,824,16536,-24,-279,84,-64,-398,-357
210685,26,824,16540,-19,-279,84,-67,-401,-361
210699,29,827,16546,-25,-272,89,-64,-402,-361
210713,8,830,16538,-19,-280,83,-61,-402,-365
210727,15,825,16541,-17,-281,87,-67,-408,-369
210741,21,811,16542,-19,-283,86,-72,-401,-360
210755,21,836,16552,-13,-280,85,-65,-408,-366
210769,21,832,16542,-16,-283,83,-68,-409,-362
210783,32,831,16530,-19,-284,87,-61,-408,-363
210797,29,820,16528,-22,-279,88,-66,-404,-366
210811,13,823,16539,-19,-279,88,-64,-404,-368
210825,29,825,16541,-22,-278,84,-61,-403,-360
210839,19,822,16547,-25,-282,88,-73,-404,-363
210853,25,820,16532,-22,-279,89,-59,-404,-359
210867,18,815,16557,-13,-278,84,-63,-408,-359
210881,19,827,16538,-13,-282,89,-65,-402,-370
210895,25,822,16536,-18,-275,89,-63,-405,-361
210909,38,816,16538,-19,-278,87,-58,-403,-362
210923,31,820,16543,-15,-275,88,-64,-401,-359
210937,30,818,16552,-21,-275,82,-62,-404,-367
210951,26,815,16541,-19,-273,87,-66,-407,-364
210965,22,828,16527,-17,-281,92,-63,-403,-364
210979,15,832,16532,-14,-273,86,-66,-402,-364
210993,14,842,16545,-18,-281,83,-66,-404,-368
211007,24,824,16541,-19,-282,86,-64,-401,-360
211021,18,837,16544,-16,-277,90,-67,-399,-356
211035,14,818,16533,-23,-278,92,-64,-401,-365
211049,21,812,16533,-17,-282,82,-67,-399,-365
211063,17,825,16533,-18,-277,87,-69,-399,-364
211077,28,823,16542,-15,-280,85,-66,-403,-359
211091,26,817,16551,-17,-286,87,-58,-407,-362
211105,15,824,16546,-14,-278,88,-63,-403,-362
211119,5,812,16550,-16,-276,86,-66,-402,-361
211133,20,835,16547,-15,-281,86,-66,-409,-364
211147,16,820,16548,-17,-282,81,-60,-400,-368
211161,22,818,16538,-21,-278,86,-64,-406,-360
211175,21,831,16545,-21,-281,82,-66,-399,-366
211189,23,826,16517,-22,-283,88,-65,-403,-362
211203,37,821,16543,-19,-282,85,-68,-402,-362
211217,23,814,16531,-20,-279,87,-70,-401,-359
211231,34,823,16543,-20,-279,87,-63,-403,-358
211245,24,823,16537,-16,-276,90,-64,-408,-361
211259,14,817,16546,-18,-277,87,-65,-407,-367
211273,7,835,16554,-17,-278,87,-62,-401,-363
211287,9,829,16548,-19,-276,89,-67,-402,-364
211301,28,829,16542,-19,-276,84,-64,-405,-366
211315,6,821,16547,-21,-280,84,-71,-400,-367
211329,20,826,16556,-17,-282,85,-64,-402,-368
211343,25,827,16540,-16,-279,84,-64,-403,-364
211357,12,820,16547,-16,-282,85,-65,-403,-364
211371,23,825,16545,-18,-278,90,-63,-409,-363
211385,27,819,16550,-18,-275,89,-65,-402,-363
211399,36,824,16528,-22,-279,87,-63,-404,-362
211413,14,832,16547,-16,-279,86,-69,-408,-362
211427,8,823,16545,-14,-278,84,-67,-399,-364
211441,14,822,16545,-6,-278,82,-66,-403,-359
211455,18,827,16536,-13,-274,82,-71,-405,-363
211469,12,823,16553,-18,-280,85,-64,-399,-363
211483,18,817,16542,-17,-278,87,-67,-404,-363
211497,15,807,16549,-14,-282,88,-59,-401,-357
211511,8,828,16545,-17,-280,84,-68,-406,-360
211525,20,833,16545,-15,-282,87,-62,-402,-361
211539,6,831,16535,-14,-280,89,-68,-398,-366
211553,15,825,16544,-19,-284,83,-64,-406,-362
211567,19,815,16539,-22,-282,90,-65,-405,-354
211581,16,822,16545,-17,-281,83,-64,-404,-359
211595,28,825,16537,-18,-284,85,-64,-401,-362
211609,15,825,16533,-18,-276,85,-59,-403,-361
211623,26,827,16536,-15,-280,87,-64,-403,-359
211637,26,827,16528,-20,-279,89,-64,-403,-363
211651,12,831,16545,-15,-278,87,-61,-409,-365
211665,15,821,16535,-17,-275,83,-69,-410,-360
211679,16,822,16550,-16,-278,85,-65,-400,-363
211693,17,824,16537,-14,-277,86,-65,-402,-360
211707,26,838,16534,-17,-280,81,-64,-402,-364
211721,15,831,16537,-15,-274,83,-67,-406,-364
211735,18,836,16541,-21,-278,83,-72,-408,-360
211749,31,821,16546,-20,-282,83,-66,-402,-364
211763,26,813,16549,-23,-277,83,-64,-403,-365
211777,3,820,16541,-25,-276,89,-70,-403,-362
211791,27,830,16533,-15,-281,83,-64,-403,-365
211805,1,823,16535,-9,-277,82,-69,-403,-363
211819,24,831,16540,-13,-278,83,-68,-403,-365
211833,24,825,16544,-18,-279,82,-69,-397,-361
211847,29,818,16525,-14,-275,86,-69,-405,-365
211861,24,808,16539,-19,-281,89,-67,-400,-365
211875,37,816,16539,-21,-282,84,-65,-397,-362
211889,39,814,16545,-19,-283,84,-65,-402,-361
211903,32,811,16537,-15,-278,87,-65,-396,-362
211917,15,824,16549,-13,-283,85,-62,-404,-363
211931,10,830,16529,-17,-281,83,-61,-406,-363
211945,15,834,16541,-13,-281,83,-67,-399,-364
211959,21,825,16539,-18,-280,84,-69,-402,-361
211973,10,825,16546,-19,-279,85,-64,-410,-358
211987,20,823,16543,-19,-276,86,-66,-404,-359
212001,35,818,16531,-19,-278,82,-65,-407,-359
212015,37,809,16547,-19,-277,81,-70,-405,-355
212029,13,819,16549,-19,-283,86,-67,-407,-365
212043,21,827,16533,-22,-279,84,-62,-405,-364
212057,15,816,16545,-17,-281,87,-64,-404,-358
212071,6,822,16532,-13,-278,87,-68,-403,-362
212085,17,823,16528,-18,-281,89,-68,-405,-358
212099,23,834,16521,-18,-275,81,-68,-404,-357
212113,13,810,16537,-17,-278,82,-67,-407,-359
212127,20,827,16535,-19,-284,83,-65,-405,-364
212141,28,819,16541,-19,-276,81,-66,-406,-359
212155,37,825,16560,-16,-276,83,-66,-405,-360
212169,40,828,16535,-20,-277,85,-64,-403,-365
212183,18,822,16525,-20,-281,85,-65,-406,-362
212197,21,818,16531,-17,-279,85,-63,-403,-365
212211,10,812,16543,-17,-278,81,-61,-406,-365
212225,10,827,16544,-16,-280,86,-67,-405,-361
212239,17,825,16537,-18,-277,86,-64,-408,-363
212253,11,825,16531,-19,-279,88,-60,-403,-366
212267,13,822,16545,-17,-273,85,-66,-407,-364
212281,1,812,16557,-18,-278,82,-65,-402,-358
212295,22,820,16535,-21,-281,82,-70,-401,-366
212309,30,810,16536,-14,-279,85,-66,-405,-360
212323,28,817,16539,-14,-275,87,-66,-403,-361
212337,32,842,16528,-12,-274,86,-67,-406,-369
212351,10,829,16525,-14,-275,83,-66,-399,-364
212365,35,819,16531,-20,-278,85,-63,-401,-362
212379,20,829,16545,-16,-279,84,-67,-404,-365
212393,26,821,16531,-18,-281,79,-67,-406,-362
212407,29,812,16517,-22,-281,86,-65,-407,-358
212421,15,817,16548,-24,-277,84,-69,-406,-365
212435,23,812,16541,-21,-273,85,-68,-403,-360
212449,18,823,16541,-18,-275,86,-66,-404,-363
212463,29,822,16542,-19,-280,88,-65,-401,-364
212477,16,828,16543,-17,-277,86,-62,-403,-365
212491,21,811,16536,-17,-280,87,-70,-405,-361
212505,10,819,16535,-16,-280,81,-56,-401,-361
212519,11,827,16534,-17,-278,78,-66,-402,-363
212533,20,838,16537,-18,-278,88,-67,-403,-362
212547,14,835,16535,-22,-277,92,-60,-401,-361
212561,26,820,16536,-23,-280,88,-69,-401,-362
212575,12,837,16545,-21,-281,87,-66,-402,-360
212589,28,823,16537,-19,-273,87,-67,-403,-360
212603,18,829,16525,-19,-278,87,-66,-403,-364
212617,16,813,16546,-17,-280,85,-66,-403,-367
212631,11,815,16559,-22,-282,86,-59,-402,-364
212645,21,817,16527,-18,-283,87,-61,-403,-360
212659,29,822,16535,-25,-281,89,-69,-408,-364
212673,26,827,16529,-24,-274,89,-68,-411,-363
212687,24,815,16561,-25,-276,86,-66,-405,-361
212701,25,819,16551,-18,-277,86,-68,-405,-362
212715,30,836,16535,-20,-279,84,-66,-404,-361
212729,19,825,16540,-21,-281,84,-68,-405,-361
212743,16,825,16527,-22,-275,89,-66,-400,-364
212757,16,825,16540,-19,-275,88,-69,-406,-360
212771,31,833,16547,-16,-274,86,-68,-401,-371
212785,18,822,16547,-20,-274,87,-66,-405,-364
212799,12,814,16538,-18,-277,85,-66,-405,-362
212813,21,828,16544,-20,-279,87,-68,-404,-364
212827,24,819,16542,-19,-278,84,-68,-400,-356
212841,15,824,16527,-14,-281,83,-65,-397,-362
212855,13,825,16521,-23,-276,88,-70,-401,-362
212869,34,834,16535,-21,-278,89,-68,-409,-364
212883,14,814,16536,-19,-278,84,-64,-405,-363
212897,19,823,16523,-19,-277,87,-73,-406,-365
212911,30,827,16539,-18,-284,88,-61,-401,-354
212925,25,820,16533,-20,-277,86,-67,-401,-364
212939,18,821,16535,-20,-283,90,-68,-406,-365
212953,20,817,16525,-16,-281,85,-68,-406,-360
212967,30,830,16535,-17,-276,87,-69,-407,-361
212981,32,826,16527,-19,-273,82,-68,-401,-362
212995,16,834,16533,-19,-278,82,-66,-404,-363
213009,26,817,16537,-22,-278,85,-72,-405,-367
213023,5,821,16540,-16,-274,87,-67,-405,-362
213037,10,824,16534,-22,-279,85,-66,-403,-368
213051,3,823,16533,-17,-274,85,-64,-405,-362
213065,7,838,16531,-17,-281,86,-71,-402,-362
213079,25,815,16541,-19,-277,89,-65,-398,-360
213093,24,819,16530,-20,-278,81,-68,-404,-364
213107,22,820,16535,-13,-275,80,-71,-403,-364
213121,14,819,16534,-17,-277,89,-65,-405,-364
213135,19,834,16543,-17,-279,90,-67,-405,-361
213149,11,824,16547,-18,-276,87,-63,-399,-361
213163,12,820,16535,-14,-279,86,-74,-405,-358
213177,14,837,16534,-15,-277,89,-67,-405,-364
213191,21,828,16538,-16,-276,85,-68,-400,-363
213205,19,817,16537,-17,-281,87,-65,-403,-364
213219,17,807,16531,-22,-280,85,-63,-402,-362
213233,20,821,16546,-20,-276,89,-72,-399,-357
213247,28,819,16527,-19,-281,89,-66,-406,-366
213261,19,823,16532,-17,-278,88,-63,-402,-366
213275,17,815,16532,-18,-279,87,-69,-403,-363
213289,16,817,16529,-19,-286,87,-68,-400,-361
213303,17,830,16542,-21,-281,87,-65,-400,-363
213317,21,827,16523,-20,-277,88,-65,-404,-364
213331,19,815,16538,-25,-279,84,-62,-407,-356
213345,21,821,16533,-15,-279,90,-65,-402,-366
213359,16,821,16524,-15,-279,84,-67,-404,-360
213373,27,813,16541,-23,-282,88,-68,-403,-365
213387,20,826,16532,-18,-276,85,-68,-401,-362
213401,9,832,16520,-17,-281,88,-68,-406,-360
213415,33,837,16536,-16,-281,85,-67,-398,-362
213429,28,816,16537,-20,-280,87,-69,-406,-359
213443,14,823,16536,-21,-276,84,-67,-406,-363
213457,23,820,16518,-17,-277,83,-70,-410,-361
213471,23,836,16523,-20,-276,81,-67,-397,-360
213485,9,817,16533,-19,-276,89,-64,-398,-363
213499,10,830,16537,-19,-271,83,-68,-407,-365
213513,32,832,16539,-20,-276,84,-67,-402,-362
213527,19,820,16541,-19,-280,82,-65,-401,-362
213541,19,824,16539,-20,-280,78,-65,-407,-363
213555,12,818,16549,-19,-280,82,-66,-404,-363
213569,24,824,16532,-12,-279,82,-68,-402,-361
213583,20,824,16540,-16,-274,83,-65,-398,-365
213597,19,818,16546,-18,-278,88,-67,-404,-364
213611,17,823,16548,-20,-277,85,-66,-401,-365
213625,34,820,16539,-20,-281,87,-63,-408,-365
213639,23,814,16548,-11,-279,88,-67,-407,-360
213653,18,824,16544,-17,-277,85,-66,-406,-368
213667,13,821,16540,-13,-275,88,-67,-399,-361
213681,27,832,16530,-18,-281,86,-69,-401,-364
213695,17,819,16538,-14,-279,87,-63,-404,-355
213709,20,814,16550,-17,-280,83,-63,-404,-363
213723,26,819,16548,-13,-278,83,-67,-407,-363
213737,15,821,16560,-17,-276,86,-59,-406,-360
213751,27,817,16540,-19,-276,82,-68,-401,-360
213765,19,809,16539,-18,-276,85,-61,-406,-362
213779,26,825,16522,-18,-273,85,-67,-403,-360
213793,12,831,16535,-17,-282,83,-69,-400,-361
213807,22,820,16537,-17,-277,87,-66,-399,-362
213821,4,822,16532,-17,-274,85,-71,-404,-363
213835,30,828,16559,-16,-278,84,-63,-403,-367
213849,19,812,16540,-25,-274,89,-66,-400,-359
213863,27,824,16530,-26,-274,90,-64,-403,-360
213877,27,826,16550,-15,-278,88,-63,-406,-360
213891,27,824,16542,-23,-273,82,-68,-407,-365
213905,24,829,16535,-17,-282,83,-64,-405,-363
213919,31,828,16550,-17,-282,88,-63,-405,-360
213933,10,817,16554,-24,-280,85,-63,-401,-355
213947,4,832,16541,-13,-279,85,-62,-404,-363
213961,16,823,16537,-22,-281,84,-59,-403,-362
213975,9,820,16540,-18,-276,87,-68,-406,-368
213989,21,824,16539,-15,-275,85,-70,-401,-358
214003,15,831,16543,-13,-280,87,-65,-407,-357
214017,26,824,16556,-17,-275,83,-65,-403,-361
214031,25,831,16547,-13,-278,84,-65,-401,-365
214045,20,814,16546,-25,-280,88,-62,-406,-358
214059,24,818,16553,-18,-280,85,-65,-401,-363
214073,15,836,16543,-17,-284,86,-65,-402,-368
214087,24,830,16546,-22,-278,86,-64,-402,-360
214101,15,820,16538,-20,-281,82,-68,-409,-354
214115,38,813,16543,-21,-280,83,-65,-402,-366
214129,21,829,16554,-21,-276,82,-66,-407,-367
214143,15,822,16546,-11,-277,85,-65,-401,-360
214157,11,810,16549,-17,-276,91,-65,-402,-360
214171,20,833,16529,-19,-275,80,-67,-403,-358
214185,19,820,16536,-15,-278,87,-65,-403,-360
214199,26,827,16544,-14,-277,85,-62,-406,-361
214213,40,815,16558,-16,-282,88,-63,-405,-360
214227,45,815,16545,-17,-280,87,-68,-400,-361
214241,38,822,16538,-14,-276,88,-61,-404,-363
214255,28,828,16549,-18,-277,85,-60,-401,-362
214269,21,821,16552,-21,-281,89,-64,-399,-366
214283,22,831,16539,-22,-275,91,-68,-402,-364
214297,19,823,16544,-21,-276,87,-65,-402,-363
214311,15,831,16533,-21,-276,86,-65,-406,-363
214325,21,822,16544,-19,-275,85,-73,-406,-365
214339,17,824,16551,-17,-279,87,-68,-404,-362
214353,13,820,16549,-14,-279,80,-65,-405,-363
214367,31,814,16550,-18,-274,86,-70,-402,-362
214381,28,819,16534,-15,-279,87,-70,-398,-362
214395,26,820,16540,-18,-282,92,-65,-405,-358
214409,14,824,16536,-16,-276,88,-68,-402,-361
214423,25,833,16538,-21,-281,87,-66,-403,-357
214437,26,822,16551,-21,-280,90,-70,-404,-362
214451,6,833,16534,-19,-280,89,-74,-401,-365
214465,27,821,16530,-20,-284,84,-67,-404,-358
214479,32,826,16533,-15,-280,83,-71,-401,-360
214493,23,814,16535,-10,-280,86,-67,-400,-362
214507,18,824,16554,-17,-280,81,-68,-403,-364
214521,21,840,16543,-17,-277,85,-70,-403,-362
214535,23,814,16558,-19,-281,88,-63,-405,-361
214549,20,827,16544,-17,-284,87,-71,-399,-360
214563,19,823,16531,-15,-278,85,-66,-404,-363
214577,12,833,16532,-16,-279,85,-65,-401,-363
214591,24,825,16546,-15,-276,90,-67,-402,-359
214605,24,827,16535,-14,-274,84,-58,-408,-358
214619,13,826,16548,-18,-282,86,-64,-404,-367
214633,16,835,16527,-18,-280,87,-64,-405,-352
214647,13,825,16541,-21,-280,87,-68,-405,-360
214661,17,841,16530,-18,-277,86,-67,-405,-356
214675,30,827,16547,-18,-276,84,-69,-409,-361
214689,16,815,16539,-18,-275,83,-64,-406,-364
214703,22,822,16525,-16,-279,86,-66,-403,-361
214717,23,832,16554,-18,-274,87,-67,-402,-357
214731,13,827,16529,-19,-276,86,-64,-406,-360
214745,19,832,16545,-23,-278,82,-64,-405,-362
214759,12,827,16542,-20,-277,85,-64,-404,-357
214773,18,809,16541,-18,-279,88,-66,-402,-358
214787,1,828,16539,-20,-276,87,-67,-405,-363
214801,20,816,16532,-22,-276,87,-69,-400,-358
214815,26,819,16529,-20,-274,84,-67,-399,-358
214829,21,815,16524,-20,-275,85,-66,-402,-363
214843,18,817,16526,-22,-279,86,-63,-405,-364
214857,8,817,16540,-10,-280,86,-60,-400,-361
214871,23,844,16534,-9,-278,81,-64,-402,-361
214885,18,819,16541,-14,-278,88,-68,-406,-361
214899,18,819,16523,-13,-278,88,-61,-403,-359
214913,20,836,16538,-18,-279,84,-64,-401,-366
214927,22,833,16534,-22,-283,89,-67,-404,-359
214941,13,822,16537,-17,-280,83,-69,-406,-366
214955,24,823,16529,-24,-281,82,-62,-403,-362
214969,15,825,16527,-17,-282,81,-64,-404,-364
214983,17,820,16526,-19,-281,80,-61,-403,-365
214997,14,821,16554,-17,-275,86,-65,-401,-358
215011,26,829,16538,-15,-278,86,-65,-409,-363
215025,18,829,16534,-15,-287,85,-66,-403,-360
215039,27,831,16550,-16,-280,82,-64,-400,-362
215053,18,831,16534,-18,-276,93,-63,-408,-362
215067,18,829,16540,-19,-274,87,-63,-408,-360
215081,27,828,16536,-19,-275,87,-72,-403,-361
215095,25,824,16511,-21,-280,91,-66,-404,-365
215109,9,818,16536,-14,-281,86,-69,-401,-362
215123,22,839,16540,-20,-283,87,-67,-406,-366
215137,12,825,16541,-17,-276,82,-66,-406,-366
215151,2,835,16539,-17,-276,83,-64,-405,-364
215165,15,824,16538,-15,-275,82,-67,-403,-364
215179,14,828,16549,-19,-276,90,-67,-403,-362
215193,21,819,16540,-16,-277,84,-67,-404,-364
215207,20,820,16525,-16,-278,85,-64,-404,-366
215221,20,823,16550,-17,-275,87,-66,-401,-364
215235,24,820,16540,-11,-275,83,-62,-401,-364
215249,13,827,16538,-18,-281,83,-66,-405,-360
215263,13,837,16533,-13,-274,86,-63,-405,-361
215277,10,822,16535,-23,-274,82,-61,-409,-366
215291,29,829,16530,-19,-279,79,-64,-398,-362
215305,18,816,16550,-16,-280,85,-67,-397,-359
215319,37,817,16564,-13,-276,83,-69,-401,-362
215333,22,820,16550,-14,-284,85,-69,-402,-364
215347,16,821,16542,-24,-280,84,-71,-407,-365
215361,25,817,16535,-21,-281,84,-67,-405,-363
215375,17,817,16523,-18,-278,87,-63,-403,-364
215389,9,823,16560,-20,-279,83,-63,-405,-361
215403,19,813,16542,-18,-282,87,-64,-405,-363
215417,27,829,16554,-24,-279,83,-63,-401,-365
215431,31,822,16531,-18,-277,87,-68,-400,-363
215445,19,819,16540,-15,-284,87,-66,-408,-367
215459,8,826,16559,-12,-279,85,-65,-405,-357
215473,18,822,16536,-16,-278,87,-70,-402,-364
215487,18,828,16548,-22,-283,80,-64,-403,-360
215501,25,826,16546,-13,-278,78,-67,-409,-361
215515,13,825,16538,-13,-279,78,-68,-399,-364
215529,18,831,16537,-16,-281,87,-64,-400,-360
215543,19,824,16544,-21,-278,84,-67,-401,-366
215557,20,818,16544,-21,-277,85,-68,-404,-363
215571,18,822,16543,-19,-283,81,-65,-402,-358
215585,19,821,16543,-18,-275,84,-66,-398,-366
215599,24,829,16540,-23,-279,87,-68,-406,-366
215613,28,821,16541,-20,-276,84,-68,-405,-362
215627,25,811,16540,-20,-278,91,-67,-405,-361
215641,11,814,16546,-17,-282,88,-65,-401,-362
215655,7,823,16551,-10,-277,88,-65,-398,-366
215669,30,830,16530,-17,-274,81,-63,-406,-358
215683,22,826,16533,-17,-279,83,-57,-404,-362
215697,25,826,16548,-17,-278,84,-66,-401,-359
215711,24,815,16529,-14,-277,87,-65,-406,-367
215725,7,818,16546,-19,-277,84,-67,-402,-366
215739,39,825,16550,-15,-274,85,-65,-398,-361
215753,16,830,16532,-15,-274,85,-64,-398,-358
215767,17,825,16536,-18,-279,85,-69,-400,-361
215781,20,832,16525,-16,-279,88,-67,-404,-364
215795,31,822,16541,-14,-280,83,-69,-407,-360
215809,15,828,16536,-15,-280,83,-66,-400,-363
215823,2,837,16541,-19,-273,84,-69,-404,-359
215837,31,814,16552,-23,-279,88,-65,-404,-365
215851,12,837,16539,-18,-282,84,-65,-399,-363
215865,27,832,16531,-14,-274,88,-69,-407,-359
215879,20,830,16544,-15,-280,90,-67,-403,-363
215893,27,815,16538,-17,-281,87,-62,-403,-363
215907,15,818,16541,-18,-275,87,-64,-409,-365
215921,23,822,16540,-18,-282,91,-66,-401,-359
215935,21,819,16549,-18,-278,90,-67,-405,-360
215949,14,823,16546,-23,-277,84,-66,-404,-359
215963,15,830,16536,-19,-278,91,-66,-401,-357
215977,20,819,16551,-20,-281,86,-66,-405,-362
215991,15,823,16543,-16,-281,91,-66,-400,-363
216005,28,830,16536,-22,-278,89,-65,-406,-363
216019,26,827,16542,-22,-277,89,-69,-406,-362
216033,31,830,16547,-18,-278,93,-67,-403,-358
216047,25,827,16556,-20,-283,87,-66,-405,-363
216061,33,833,16537,-21,-281,86,-64,-402,-362
216075,29,825,16540,-14,-280,89,-67,-402,-368
216089,22,821,16534,-16,-280,87,-66,-405,-363
216103,9,832,16540,-13,-281,84,-64,-403,-366
216117,25,835,16541,-21,-279,91,-62,-400,-366
216131,17,825,16548,-16,-277,85,-62,-398,-361
216145,10,825,16543,-16,-279,88,-67,-402,-361
216159,25,831,16544,-18,-283,86,-62,-402,-363
216173,13,818,16539,-15,-279,86,-65,-411,-359
216187,28,819,16541,-18,-284,89,-62,-403,-359
216201,24,829,16532,-22,-282,89,-64,-407,-364
216215,32,816,16532,-14,-277,84,-65,-402,-364
216229,29,823,16529,-17,-279,85,-61,-404,-359
216243,26,821,16537,-24,-280,85,-65,-403,-366
216257,11,836,16530,-17,-279,85,-65,-408,-362
216271,16,828,16536,-15,-279,92,-68,-408,-365
216285,20,816,16543,-21,-280,89,-68,-403,-369
216299,18,840,16538,-11,-277,82,-69,-406,-366
216313,23,833,16535,-16,-280,85,-66,-408,-361
216327,12,822,16541,-15,-280,83,-65,-402,-363
216341,27,821,16551,-17,-278,82,-67,-401,-370
216355,21,821,16540,-8,-283,86,-71,-401,-359
216369,24,830,16546,-12,-276,84,-64,-403,-360
216383,35,823,16542,-18,-279,83,-62,-404,-362
216397,17,822,16534,-13,-277,85,-66,-409,-360
216411,6,830,16544,-19,-281,86,-68,-398,-361
216425,15,835,16555,-18,-280,86,-65,-403,-358
216439,18,825,16539,-14,-279,85,-67,-396,-366
216453,34,818,16547,-15,-277,85,-63,-405,-360
216467,12,827,16543,-19,-276,83,-69,-406,-362
216481,23,830,16550,-18,-277,83,-71,-407,-364
216495,33,831,16546,-16,-277,88,-63,-403,-361
216509,3,819,16545,-18,-279,87,-66,-402,-367
216523,27,828,16548,-22,-278,87,-67,-407,-362
216537,12,826,16533,-27,-277,92,-68,-403,-362
216551,19,819,16533,-21,-278,85,-66,-409,-365
216565,10,822,16541,-26,-275,82,-70,-406,-361
216579,26,827,16545,-20,-278,82,-61,-400,-366
216593,28,822,16532,-17,-282,81,-65,-403,-363
216607,17,819,16537,-19,-278,84,-67,-408,-360
216621,16,818,16523,-10,-280,84,-72,-404,-366
216635,20,830,16552,-15,-278,85,-62,-401,-361
216649,17,835,16547,-15,-278,84,-69,-406,-363
216663,27,821,16540,-17,-282,82,-70,-405,-364
216677,29,818,16543,-17,-275,87,-70,-404,-367
216691,21,827,16534,-16,-276,86,-62,-400,-362
216705,5,822,16543,-14,-279,84,-66,-406,-357
216719,25,837,16525,-13,-281,86,-66,-404,-360
216733,21,819,16532,-19,-277,87,-67,-405,-359
216747,27,826,16541,-18,-280,84,-65,-406,-357
216761,15,824,16553,-21,-278,81,-64,-403,-366
216775,28,833,16535,-15,-279,87,-65,-410,-367
216789,10,817,16528,-18,-279,83,-67,-402,-367
216803,16,827,16541,-14,-275,87,-68,-401,-361
216817,30,821,16540,-14,-276,84,-66,-402,-368
216831,31,828,16544,-20,-275,85,-66,-406,-364
216845,15,822,16542,-15,-278,83,-66,-402,-365
216859,4,824,16544,-16,-277,83,-67,-402,-357
216873,14,814,16523,-22,-278,90,-64,-399,-360
216887,12,833,16549,-18,-280,89,-65,-402,-360
216901,35,831,16544,-19,-276,89,-60,-401,-364
216915,4,822,16537,-22,-281,82,-70,-402,-356
216929,13,825,16549,-21,-279,85,-65,-400,-363
216943,17,829,16551,-18,-278,86,-63,-399,-362
216957,22,845,16540,-17,-280,89,-62,-402,-358
216971,17,832,16533,-19,-282,85,-70,-405,-362
216985,41,817,16531,-21,-277,87,-68,-405,-359
216999,26,824,16535,-16,-278,89,-70,-404,-363
217013,19,834,16538,-16,-279,88,-62,-402,-363
217027,7,833,16549,-18,-282,86,-66,-406,-354
217041,19,823,16539,-19,-279,83,-68,-402,-362
217055,20,822,16562,-17,-277,86,-73,-407,-361
217069,16,827,16542,-18,-277,82,-70,-405,-357
217083,17,825,16542,-22,-282,82,-63,-400,-361
217097,23,830,16549,-17,-277,85,-61,-399,-364
217111,21,831,16532,-15,-282,88,-66,-399,-362
217125,32,822,16540,-18,-275,91,-63,-407,-362
217139,8,817,16531,-18,-280,88,-66,-402,-359
217153,15,819,16534,-18,-275,86,-63,-404,-360
217167,20,823,16553,-22,-275,84,-64,-403,-367
217181,16,835,16530,-19,-275,90,-67,-402,-364
217195,8,817,16532,-19,-277,85,-70,-402,-358
217209,20,822,16550,-18,-279,89,-67,-408,-361
217223,25,824,16519,-20,-280,89,-62,-407,-363
217237,6,836,16550,-22,-278,84,-66,-405,-361
217251,26,824,16531,-21,-278,88,-65,-399,-364
217265,26,820,16538,-24,-278,89,-66,-403,-363
217279,17,832,16534,-24,-280,88,-66,-403,-364
217293,20,822,16536,-24,-280,91,-68,-398,-359
217307,24,837,16549,-16,-281,83,-64,-401,-365
217321,14,812,16543,-19,-279,85,-69,-406,-362
217335,17,825,16554,-18,-277,87,-65,-406,-359
217349,8,831,16546,-14,-272,89,-65,-397,-363
217363,13,824,16543,-17,-282,81,-66,-406,-362
217377,23,831,16554,-18,-284,87,-69,-400,-359
217391,8,832,16540,-17,-274,82,-67,-402,-362
217405,26,827,16541,-19,-278,83,-61,-400,-367
217419,36,821,16548,-16,-281,84,-65,-403,-363
217433,22,832,16530,-20,-277,89,-70,-406,-361
217447,35,816,16542,-20,-280,86,-65,-398,-360
217461,20,817,16550,-13,-280,82,-63,-406,-362
217475,19,828,16561,-18,-283,82,-63,-404,-358
217489,19,824,16540,-16,-279,83,-67,-402,-363
217503,19,824,16530,-16,-280,85,-69,-403,-360
217517,12,828,16554,-13,-279,85,-70,-401,-360
217531,29,830,16526,-16,-278,86,-64,-401,-362
217545,18,822,16541,-19,-277,89,-67,-407,-367
217559,16,822,16568,-13,-276,89,-66,-401,-361
217573,18,821,16534,-20,-283,85,-72,-402,-363
217587,22,824,16546,-19,-277,86,-65,-405,-366
217601,27,822,16547,-16,-278,88,-67,-401,-366
217615,25,818,16537,-21,-282,90,-65,-400,-365
217629,19,830,16547,-17,-277,87,-67,-410,-362
217643,37,825,16550,-24,-275,87,-60,-403,-361
217657,6,814,16541,-18,-281,85,-65,-408,-361
217671,16,831,16548,-17,-276,88,-72,-405,-360
217685,21,813,16524,-15,-276,84,-66,-404,-364
217699,16,816,16537,-12,-274,84,-64,-402,-362
217713,21,832,16543,-21,-279,89,-65,-400,-359
217727,30,824,16541,-14,-281,89,-65,-404,-365
217741,15,828,16542,-17,-280,85,-62,-405,-364
217755,25,819,16529,-11,-276,82,-66,-404,-362
217769,19,806,16545,-18,-278,83,-71,-403,-363
217783,25,826,16536,-21,-277,87,-65,-398,-364
217797,8,811,16531,-15,-278,79,-69,-398,-357
217811,15,828,16541,-16,-278,84,-69,-404,-360
217825,13,814,16543,-17,-277,86,-65,-407,-364
217839,20,818,16559,-22,-279,82,-61,-405,-362
217853,35,831,16553,-22,-277,87,-66,-399,-362
217867,24,822,16539,-18,-277,83,-67,-399,-360
217881,9,837,16531,-23,-280,86,-61,-403,-357
217895,18,821,16535,-18,-280,84,-66,-400,-368
217909,25,833,16538,-23,-280,86,-71,-403,-360
217923,27,832,16532,-13,-280,83,-69,-404,-363
217937,8,828,16533,-17,-277,86,-62,-408,-361
217951,19,819,16536,-14,-279,82,-61,-404,-360
217965,21,826,16538,-13,-282,85,-66,-398,-364
217979,22,814,16535,-18,-275,85,-69,-406,-362
217993,4,824,16550,-19,-279,82,-67,-405,-364
218007,22,823,16536,-17,-278,84,-67,-405,-363
218021,19,832,16548,-15,-270,85,-63,-404,-358
218035,27,827,16548,-18,-279,86,-63,-407,-363
218049,5,832,16548,-19,-279,86,-66,-402,-361
218063,28,820,16523,-19,-278,85,-66,-402,-358
218077,10,814,16549,-15,-279,88,-64,-407,-361
218091,29,816,16546,-22,-284,83,-62,-409,-360
218105,29,825,16540,-25,-276,87,-63,-401,-359
218119,17,817,16532,-16,-280,78,-68,-403,-367
218133,19,831,16552,-15,-280,78,-64,-405,-367
218147,26,820,16537,-23,-278,92,-71,-400,-362
218161,17,833,16538,-19,-280,89,-63,-399,-365
218175,24,819,16554,-17,-277,84,-68,-403,-362
218189,14,826,16541,-14,-275,82,-66,-403,-361
218203,17,826,16533,-18,-279,88,-67,-407,-361
218217,20,824,16555,-15,-275,85,-68,-406,-366
218231,2,807,16535,-16,-278,85,-67,-402,-368
218245,21,818,16537,-15,-278,84,-69,-404,-357
218259,15,819,16546,-22,-278,85,-71,-404,-364
218273,21,818,16518,-18,-280,86,-65,-406,-359
218287,22,825,16534,-16,-277,83,-67,-403,-360
218301,26,818,16534,-19,-278,82,-71,-408,-364
218315,9,821,16539,-18,-283,85,-68,-405,-362
218329,8,820,16542,-18,-278,86,-69,-407,-361
218343,26,821,16548,-14,-280,88,-60,-403,-361
218357,28,816,16532,-20,-280,90,-68,-400,-358
218371,19,818,16544,-20,-280,84,-66,-405,-359
218385,21,828,16526,-22,-276,84,-66,-406,-361
218399,20,827,16543,-20,-278,87,-74,-404,-359
218413,22,816,16529,-19,-281,80,-65,-406,-368
218427,8,820,16546,-23,-280,86,-65,-402,-365
218441,8,827,16534,-19,-283,84,-65,-402,-358
218455,23,831,16538,-17,-276,84,-65,-405,-361
218469,9,829,16551,-26,-275,89,-66,-405,-362
218483,16,827,16543,-24,-275,86,-66,-405,-365
218497,18,825,16533,-19,-278,88,-66,-407,-359
218511,13,820,16547,-17,-278,88,-68,-403,-362
218525,18,818,16529,-18,-282,81,-61,-403,-361
218539,16,824,16538,-19,-278,86,-65,-406,-364
218553,26,819,16540,-14,-281,81,-67,-404,-361
218567,19,821,16539,-16,-281,89,-60,-404,-362
218581,24,826,16529,-19,-274,84,-64,-403,-362
218595,12,820,16533,-22,-277,85,-67,-406,-364
218609,10,814,16540,-19,-280,89,-63,-403,-366
218623,19,830,16539,-12,-277,83,-66,-408,-359
218637,16,827,16536,-19,-275,90,-67,-409,-363
218651,17,827,16543,-13,-278,87,-64,-407,-357
218665,32,820,16528,-15,-277,86,-67,-402,-359
218679,21,817,16541,-13,-279,88,-69,-407,-362
218693,18,812,16548,-19,-273,85,-70,-407,-358
218707,14,817,16527,-19,-277,79,-62,-405,-359
218721,3,816,16549,-14,-282,90,-71,-400,-362
218735,11,820,16541,-18,-280,91,-64,-400,-360
218749,33,820,16539,-15,-276,87,-67,-405,-367
218763,18,820,16543,-20,-281,85,-65,-402,-364
218777,7,836,16544,-22,-275,84,-66,-403,-361
218791,29,824,16545,-17,-283,87,-66,-405,-364
218805,16,813,16541,-15,-277,88,-68,-401,-361
218819,21,830,16536,-21,-279,92,-62,-402,-363
218833,17,837,16527,-18,-280,86,-65,-401,-361
218847,14,828,16542,-15,-278,84,-66,-403,-359
218861,20,832,16529,-16,-282,84,-65,-405,-364
218875,21,824,16516,-17,-281,88,-69,-406,-356
218889,18,819,16534,-22,-275,87,-64,-402,-360
218903,26,818,16537,-15,-275,83,-60,-403,-361
218917,13,832,16536,-17,-277,82,-65,-408,-363
218931,34,813,16526,-20,-274,87,-64,-405,-359
218945,22,832,16530,-25,-280,89,-63,-404,-358
218959,18,820,16543,-19,-280,86,-66,-405,-364
218973,19,830,16548,-19,-278,86,-67,-396,-362
218987,15,832,16541,-22,-281,88,-64,-402,-363
219001,18,828,16547,-16,-275,87,-65,-401,-366
219015,7,820,16544,-24,-277,86,-69,-404,-363
219029,26,816,16532,-16,-279,84,-65,-407,-360
219043,15,820,16546,-21,-279,90,-68,-408,-363
219057,21,814,16525,-18,-280,90,-64,-401,-361
219071,17,824,16543,-13,-280,88,-64,-407,-360
219085,25,834,16532,-18,-282,88,-68,-404,-364
219099,31,822,16533,-19,-276,87,-63,-407,-363
219113,17,822,16540,-16,-278,86,-67,-402,-361
219127,17,819,16527,-15,-279,85,-70,-403,-360
219141,17,825,16539,-13,-276,93,-66,-401,-356
219155,12,824,16525,-17,-286,87,-62,-402,-364
219169,15,815,16541,-16,-277,85,-66,-404,-365
219183,30,821,16532,-19,-276,83,-69,-404,-364
219197,21,821,16543,-15,-281,86,-66,-405,-363
219211,26,824,16531,-15,-279,86,-70,-399,-362
219225,9,828,16531,-25,-284,88,-64,-408,-367
219239,4,836,16552,-21,-279,87,-62,-400,-362
219253,14,829,16531,-18,-281,85,-64,-402,-362
219267,6,818,16542,-20,-278,84,-63,-400,-365
219281,2,824,16552,-18,-275,83,-59,-405,-364
219295,9,824,16536,-14,-280,82,-62,-403,-362
219309,26,827,16543,-16,-275,82,-65,-405,-363
219323,15,821,16548,-19,-281,87,-64,-403,-361
219337,19,823,16536,-16,-279,87,-65,-402,-360
219351,6,817,16536,-18,-283,89,-61,-400,-364
219365,9,824,16532,-18,-277,84,-71,-405,-368
219379,17,805,16520,-18,-279,89,-64,-405,-364
219393,19,818,16541,-15,-280,88,-66,-401,-366
219407,19,818,16525,-15,-277,86,-65,-402,-364
219421,21,828,16543,-16,-276,86,-69,-404,-361
219435,26,823,16539,-17,-276,86,-61,-402,-366
219449,18,836,16535,-17,-275,84,-63,-404,-362
219463,13,821,16547,-16,-281,86,-66,-405,-360
219477,38,831,16535,-14,-281,84,-69,-398,-366
219491,24,810,16527,-19,-279,84,-66,-402,-362
219505,20,825,16539,-18,-281,81,-65,-408,-362
219519,28,816,16528,-20,-277,87,-67,-402,-365
219533,19,828,16550,-23,-279,86,-67,-400,-361
219547,13,831,16534,-14,-278,86,-66,-406,-364
219561,8,817,16538,-17,-280,83,-68,-407,-362
219575,20,835,16547,-20,-281,89,-65,-406,-363
219589,16,836,16519,-18,-280,85,-63,-401,-360
219603,18,835,16541,-14,-276,80,-64,-405,-364
219617,19,831,16546,-11,-280,85,-67,-405,-367
219631,21,825,16535,-17,-277,80,-64,-402,-361
219645,30,828,16544,-16,-279,85,-60,-397,-362
219659,28,827,16538,-21,-276,82,-71,-402,-368
219673,18,822,16539,-17,-276,88,-68,-404,-363
219687,16,822,16536,-15,-280,88,-69,-402,-359
219701,19,839,16526,-15,-279,87,-69,-399,-360
219715,23,823,16528,-17,-274,86,-64,-399,-360
219729,16,820,16536,-21,-278,89,-66,-403,-365
219743,16,834,16545,-18,-279,88,-64,-410,-361
219757,32,829,16529,-22,-274,83,-70,-404,-363
219771,17,831,16542,-18,-277,83,-70,-402,-359
219785,20,821,16531,-20,-279,84,-67,-407,-364
219799,3,818,16538,-16,-276,88,-66,-405,-361
219813,11,824,16535,-21,-275,87,-65,-407,-363
219827,23,823,16549,-20,-279,90,-65,-405,-358
219841,27,823,16535,-16,-277,85,-70,-406,-360
219855,30,833,16539,-20,-281,87,-63,-408,-362
219869,27,818,16539,-17,-275,83,-63,-401,-365
219883,19,829,16549,-19,-279,89,-66,-400,-364
219897,30,811,16548,-15,-278,88,-62,-403,-365
219911,36,823,16537,-20,-278,86,-63,-403,-357
219925,16,830,16543,-17,-277,83,-67,-405,-361
219939,15,822,16539,-18,-280,85,-72,-401,-363
219953,19,823,16542,-20,-273,88,-68,-404,-363
219967,22,821,16530,-16,-277,86,-62,-401,-360
219981,21,825,16526,-16,-275,87,-65,-395,-363
219995,31,823,16542,-21,-280,84,-69,-404,-360
220009,10,829,16529,-21,-282,93,-61,-401,-360
220023,17,824,16547,-17,-283,86,-68,-405,-367
220037,15,835,16548,-16,-274,85,-64,-403,-364
220051,24,820,16541,-17,-276,88,-64,-402,-362
220065,25,824,16543,-20,-282,86,-70,-402,-367
220079,20,815,16542,-20,-278,83,-68,-403,-360
220093,12,835,16541,-20,-280,84,-62,-402,-363
220107,14,833,16554,-15,-281,87,-67,-404,-366
220121,12,820,16534,-17,-279,86,-66,-403,-363
220135,17,820,16532,-16,-279,87,-62,-403,-358
220149,15,826,16542,-17,-282,86,-70,-407,-360
220163,31,827,16542,-14,-280,88,-55,-410,-369
220177,32,815,16547,-19,-282,86,-59,-402,-356
220191,25,818,16540,-23,-278,81,-63,-407,-365
220205,26,821,16544,-20,-279,85,-64,-401,-364
220219,13,818,16533,-24,-279,84,-66,-400,-364
220233,23,838,16551,-16,-280,84,-69,-405,-360
220247,13,834,16545,-15,-281,90,-65,-404,-368
220261,12,818,16537,-20,-280,92,-65,-403,-363
220275,15,826,16529,-17,-279,87,-65,-401,-364
220289,25,832,16533,-19,-281,84,-66,-403,-365
220303,42,831,16540,-24,-277,85,-64,-402,-365
220317,33,817,16526,-14,-278,85,-62,-405,-362
220331,9,819,16540,-22,-279,80,-61,-405,-357
220345,7,832,16544,-18,-280,84,-70,-403,-360
220359,29,820,16543,-16,-278,82,-62,-405,-362
220373,15,834,16540,-15,-283,88,-61,-403,-360
220387,29,820,16535,-11,-281,87,-63,-401,-362
220401,22,825,16541,-20,-282,85,-67,-402,-363
220415,36,819,16547,-20,-283,85,-69,-402,-363
220429,19,823,16558,-17,-275,87,-63,-399,-363
220443,8,823,16533,-17,-279,87,-60,-403,-358
220457,18,816,16543,-18,-283,88,-66,-403,-365
220471,27,823,16538,-22,-277,86,-68,-403,-361
220485,36,826,16536,-22,-278,92,-66,-404,-359
220499,17,827,16536,-22,-281,88,-65,-401,-363
220513,21,829,16522,-15,-279,86,-68,-404,-354
220527,10,826,16537,-17,-280,86,-64,-402,-359
220541,27,817,16534,-14,-271,87,-70,-401,-362
220555,26,821,16553,-22,-281,89,-64,-401,-362
220569,28,820,16535,-18,-279,86,-63,-406,-360
220583,27,823,16543,-15,-276,87,-67,-404,-361
220597,22,829,16548,-17,-283,86,-60,-402,-356
220611,28,825,16553,-13,-281,85,-69,-405,-362
220625,15,820,16532,-16,-277,85,-59,-404,-364
220639,14,820,16540,-21,-277,89,-67,-403,-366
220653,33,820,16530,-20,-274,87,-68,-402,-361
220667,20,833,16538,-19,-274,89,-68,-406,-356
220681,32,827,16551,-17,-281,90,-68,-402,-364
220695,20,821,16544,-18,-281,89,-66,-398,-358
220709,24,828,16537,-15,-281,84,-67,-400,-356
220723,16,830,16527,-22,-279,89,-68,-405,-361
220737,17,816,16535,-17,-275,82,-66,-401,-358
220751,24,816,16541,-19,-279,85,-65,-402,-362
220765,17,831,16539,-15,-276,82,-60,-402,-364
220779,19,821,16525,-17,-275,84,-65,-407,-362
220793,14,824,16544,-22,-281,84,-67,-397,-362
220807,41,831,16530,-17,-281,89,-62,-399,-360
220821,9,827,16548,-17,-277,82,-68,-404,-358
220835,34,824,16538,-22,-278,88,-62,-404,-362
220849,20,822,16549,-20,-283,85,-67,-404,-364
220863,19,811,16540,-17,-278,87,-67,-401,-362
220877,21,822,16538,-19,-279,89,-68,-404,-360
220891,12,822,16559,-18,-277,84,-68,-400,-360
220905,4,827,16522,-22,-279,84,-69,-403,-361
220919,9,817,16545,-17,-278,87,-64,-403,-362
220933,24,822,16538,-19,-278,85,-72,-401,-367
220947,27,819,16547,-22,-277,86,-71,-403,-365
220961,21,837,16558,-18,-281,89,-62,-405,-361
220975,21,818,16531,-19,-274,86,-64,-405,-365
220989,28,827,16541,-19,-271,85,-64,-403,-362
221003,21,814,16543,-20,-275,89,-66,-406,-356
221017,30,825,16539,-22,-277,86,-68,-405,-360
221031,35,809,16537,-21,-277,79,-69,-404,-364
221045,10,825,16536,-17,-285,85,-67,-406,-363
221059,12,825,16541,-19,-278,84,-65,-403,-364
221073,16,835,16546,-14,-276,85,-62,-404,-361
221087,31,811,16526,-14,-277,82,-66,-406,-366
221101,28,821,16531,-16,-283,85,-65,-403,-362
221115,23,828,16535,-13,-282,86,-69,-404,-357
221129,27,825,16540,-19,-278,83,-60,-405,-368
221143,21,819,16532,-17,-277,82,-63,-407,-368
221157,24,826,16548,-17,-281,84,-63,-405,-360
221171,27,826,16549,-18,-280,87,-61,-402,-364
221185,10,820,16534,-19,-277,87,-66,-402,-363
221199,17,814,16533,-20,-279,87,-67,-404,-364
221213,21,820,16528,-21,-278,86,-68,-403,-363
221227,21,824,16537,-21,-280,84,-64,-403,-366
221241,19,827,16528,-19,-277,83,-68,-404,-360
221255,21,825,16546,-17,-279,84,-62,-402,-362
221269,31,835,16536,-18,-281,89,-64,-406,-366
221283,25,836,16539,-20,-280,87,-59,-404,-359
221297,10,824,16552,-17,-277,91,-68,-401,-359
221311,29,820,16529,-13,-282,86,-67,-404,-363
221325,26,822,16549,-14,-283,81,-65,-406,-363
221339,21,835,16545,-16,-281,81,-62,-401,-364
221353,19,821,16532,-14,-278,89,-66,-406,-363
221367,20,823,16545,-17,-282,84,-70,-402,-367
221381,16,819,16538,-19,-277,84,-68,-404,-367
221395,20,828,16520,-9,-280,87,-68,-408,-359
221409,22,832,16529,-16,-281,90,-65,-397,-361
221423,27,821,16551,-21,-282,89,-70,-402,-365
221437,24,829,16540,-19,-282,86,-65,-401,-362
221451,13,828,16542,-15,-277,88,-67,-400,-364
221465,20,823,16543,-16,-282,89,-66,-407,-360
221479,18,813,16544,-16,-282,81,-66,-401,-364
221493,32,826,16546,-20,-277,83,-65,-406,-365
221507,23,833,16553,-18,-274,89,-63,-401,-360
221521,25,826,16536,-18,-283,87,-64,-403,-359
221535,10,828,16547,-19,-275,84,-70,-405,-364
221549,16,812,16540,-21,-280,84,-66,-407,-361
221563,7,822,16517,-22,-277,88,-72,-403,-364
221577,20,826,16526,-15,-281,81,-68,-403,-364
221591,16,828,16533,-21,-279,89,-65,-400,-364
221605,22,827,16533,-19,-280,90,-64,-401,-365
221619,17,824,16543,-22,-276,87,-71,-406,-358
221633,18,831,16530,-27,-274,90,-63,-404,-364
221647,30,823,16541,-15,-284,85,-63,-400,-366
221661,8,820,16521,-15,-281,89,-67,-401,-363
221675,22,822,16548,-20,-275,84,-59,-403,-364
221689,28,834,16538,-20,-277,86,-65,-401,-366
221703,11,825,16529,-16,-278,83,-66,-408,-365
221717,10,827,16538,-16,-280,80,-67,-401,-358
221731,7,825,16553,-15,-276,85,-66,-399,-365
221745,15,826,16549,-12,-284,88,-69,-401,-365
221759,30,825,16548,-18,-283,85,-70,-403,-367
221773,24,835,16540,-19,-278,86,-64,-406,-364
221787,23,832,16544,-22,-282,85,-64,-401,-363
221801,26,818,16541,-18,-279,88,-70,-403,-362
221815,14,821,16532,-13,-277,84,-65,-401,-358
221829,18,821,16546,-18,-278,85,-68,-404,-364
221843,8,832,16540,-15,-280,83,-66,-404,-365
221857,18,827,16537,-20,-280,84,-69,-406,-367
221871,11,818,16546,-15,-276,85,-63,-407,-364
221885,22,828,16534,-14,-278,84,-65,-406,-365
221899,28,827,16528,-17,-279,88,-67,-406,-364
221913,20,837,16529,-15,-280,90,-63,-408,-359
221927,17,822,16531,-19,-277,85,-63,-404,-364
221941,24,824,16538,-14,-283,85,-71,-404,-362
221955,17,817,16538,-14,-279,83,-62,-404,-362
221969,23,822,16537,-19,-275,82,-67,-403,-361
221983,22,820,16542,-21,-279,81,-67,-403,-361
221997,6,827,16535,-21,-279,82,-65,-404,-364
222011,19,826,16542,-21,-277,87,-68,-408,-365
222025,19,829,16541,-19,-281,89,-66,-406,-365
222039,17,828,16531,-20,-278,88,-67,-404,-361
222053,20,822,16526,-22,-279,85,-64,-396,-363
222067,14,816,16524,-15,-277,84,-65,-406,-360
222081,35,822,16545,-20,-281,87,-67,-402,-361
222095,33,822,16523,-14,-284,83,-61,-403,-359
222109,21,836,16529,-15,-279,86,-64,-407,-362
222123,17,830,16525,-18,-275,87,-62,-408,-366
222137,23,831,16542,-14,-281,84,-64,-409,-361
222151,31,827,16535,-19,-279,86,-65,-407,-360
222165,7,816,16525,-18,-276,88,-61,-409,-366
222179,32,819,16546,-21,-280,87,-61,-404,-363
222193,21,826,16530,-20,-275,86,-67,-402,-360
222207,26,823,16524,-13,-282,82,-66,-403,-365
222221,13,818,16524,-17,-276,86,-65,-404,-359
222235,31,823,16516,-16,-281,90,-63,-404,-362
222249,26,825,16526,-19,-278,86,-62,-408,-358
222263,17,838,16536,-25,-279,89,-67,-403,-363
222277,20,838,16516,-23,-280,85,-68,-405,-367
222291,10,820,16542,-27,-277,89,-67,-402,-360
222305,20,828,16533,-21,-279,86,-62,-405,-363
222319,5,828,16539,-17,-279,92,-62,-403,-367
222333,21,833,16531,-13,-280,83,-65,-404,-363
222347,9,816,16530,-22,-280,87,-64,-404,-366
222361,6,819,16532,-24,-277,85,-69,-401,-361
222375,19,826,16526,-14,-276,90,-63,-406,-363
222389,16,824,16518,-18,-276,89,-71,-399,-359
222403,11,828,16545,-19,-281,81,-69,-405,-366
222417,21,831,16533,-17,-282,83,-65,-408,-364
222431,22,835,16531,-17,-280,87,-68,-402,-363
222445,28,836,16539,-19,-280,85,-65,-400,-368
222459,28,834,16521,-17,-279,86,-62,-403,-362
222473,23,837,16542,-16,-276,84,-64,-405,-364
222487,34,831,16534,-21,-277,84,-70,-405,-361
222501,24,827,16525,-20,-286,83,-63,-404,-361
222515,13,825,16518,-19,-279,84,-62,-405,-362
222529,27,827,16534,-18,-281,87,-68,-397,-359
222543,15,827,16551,-22,-278,90,-70,-403,-362
222557,19,819,16533,-21,-276,89,-63,-405,-367
222571,14,829,16538,-15,-280,90,-67,-410,-363
222585,16,814,16535,-19,-276,88,-62,-405,-362
222599,22,822,16527,-18,-278,86,-65,-401,-363
222613,33,826,16535,-20,-282,89,-61,-406,-363
222627,29,824,16528,-25,-276,87,-61,-395,-361
222641,29,833,16533,-22,-276,88,-68,-407,-370
222655,36,831,16536,-18,-277,84,-61,-400,-358
222669,25,825,16531,-24,-274,81,-65,-402,-363
222683,11,819,16531,-20,-280,85,-64,-403,-364
222697,4,822,16536,-18,-281,87,-62,-404,-368
222711,19,839,16533,-17,-278,85,-68,-406,-367
222725,20,813,16549,-21,-282,87,-65,-400,-361
222739,9,822,16528,-21,-285,90,-69,-402,-358
222753,34,817,16529,-26,-276,89,-69,-404,-363
222767,37,825,16546,-17,-277,86,-64,-404,-363
222781,23,822,16530,-23,-277,91,-61,-402,-358
222795,14,817,16535,-22,-280,86,-62,-401,-361
222809,12,818,16531,-18,-282,87,-69,-404,-360
222823,25,819,16538,-19,-278,87,-65,-408,-365
222837,25,817,16538,-18,-278,89,-68,-408,-363
222851,19,825,16533,-21,-285,89,-68,-406,-361
222865,13,833,16523,-21,-280,86,-63,-406,-362
222879,27,827,16541,-22,-281,83,-64,-406,-361
222893,21,821,16543,-21,-279,90,-70,-403,-365
222907,26,823,16529,-16,-278,86,-63,-403,-366
222921,16,829,16533,-15,-285,86,-67,-402,-367
222935,26,814,16521,-22,-284,87,-65,-401,-360
222949,20,824,16522,-19,-279,86,-66,-400,-364
222963,24,825,16529,-13,-277,82,-68,-405,-370
222977,14,824,16514,-22,-286,90,-63,-404,-362
222991,8,833,16526,-18,-281,86,-58,-405,-362
223005,12,833,16540,-12,-275,86,-67,-405,-361
223019,17,828,16523,-19,-277,82,-67,-400,-360
223033,22,827,16527,-19,-278,88,-64,-406,-368
223047,8,824,16536,-17,-278,84,-67,-401,-364
223061,27,823,16513,-17,-281,88,-70,-405,-357
223075,19,814,16509,-19,-277,90,-68,-407,-363
223089,19,821,16530,-20,-280,87,-65,-405,-364
223103,11,831,16531,-21,-276,89,-70,-403,-365
223117,17,824,16530,-17,-277,76,-62,-399,-357
223131,23,827,16512,-21,-281,82,-65,-402,-366
223145,27,819,16530,-21,-280,87,-66,-402,-356
223159,-2,828,16519,-21,-275,89,-68,-404,-360
223173,16,822,16527,-14,-282,87,-61,-402,-359
223187,22,824,16532,-14,-281,83,-65,-403,-362
223201,20,823,16537,-19,-278,85,-69,-405,-362
223215,7,820,16531,-15,-278,82,-69,-408,-362
223229,9,826,16528,-17,-279,84,-70,-405,-362
223243,7,825,16527,-24,-281,87,-64,-407,-364
223257,24,824,16525,-17,-276,88,-64,-403,-363
223271,28,826,16537,-17,-279,85,-65,-400,-364
223285,14,831,16553,-13,-278,83,-63,-405,-360
223299,28,830,16525,-15,-278,82,-67,-405,-365
223313,21,828,16527,-22,-274,88,-67,-402,-364
223327,10,828,16529,-24,-278,83,-63,-402,-365
223341,35,814,16536,-21,-277,88,-70,-403,-365
223355,21,813,16540,-24,-283,86,-63,-403,-366
223369,19,826,16525,-19,-283,83,-68,-401,-362
223383,4,817,16542,-20,-276,85,-62,-402,-360
223397,15,820,16535,-15,-279,88,-69,-405,-360
223411,18,818,16545,-21,-280,82,-69,-406,-365
223425,12,831,16542,-15,-275,83,-66,-402,-359
223439,23,823,16525,-20,-279,87,-65,-406,-364
223453,25,819,16529,-21,-275,83,-63,-405,-360
223467,31,822,16533,-22,-275,87,-65,-401,-359
223481,26,831,16515,-17,-282,85,-68,-408,-367
223495,22,817,16545,-19,-280,87,-65,-405,-360
223509,17,829,16535,-20,-279,85,-64,-405,-365
223523,29,835,16529,-19,-279,89,-63,-405,-363
223537,31,825,16544,-20,-275,88,-68,-402,-361
223551,11,831,16531,-20,-278,90,-67,-407,-361
223565,9,826,16523,-23,-283,92,-64,-402,-360
223579,8,828,16541,-20,-281,90,-64,-401,-362
223593,15,829,16529,-21,-277,87,-73,-405,-364
223607,12,824,16536,-21,-281,94,-67,-401,-363
223621,31,800,16543,-16,-279,86,-63,-403,-360
223635,22,819,16533,-15,-281,88,-68,-405,-361
223649,28,817,16525,-18,-279,85,-63,-405,-363
223663,17,825,16539,-20,-280,86,-67,-399,-361
223677,15,824,16533,-18,-282,88,-67,-403,-362
223691,9,817,16540,-18,-275,87,-63,-405,-364
223705,5,832,16550,-16,-278,85,-65,-401,-364
223719,19,822,16539,-17,-279,87,-68,-405,-365
223733,25,819,16542,-16,-276,83,-65,-407,-366
223747,21,828,16550,-19,-280,88,-66,-405,-361
223761,23,815,16531,-19,-284,87,-65,-405,-361
223775,37,815,16539,-18,-279,89,-60,-405,-359
223789,12,827,16534,-19,-276,88,-65,-396,-364
223803,39,827,16535,-15,-275,93,-67,-406,-359
223817,18,823,16519,-15,-273,90,-71,-407,-370
223831,20,830,16539,-18,-279,88,-64,-405,-361
223845,22,829,16558,-15,-281,84,-63,-404,-361
223859,28,825,16528,-20,-282,82,-64,-400,-358
223873,16,819,16537,-19,-275,89,-68,-403,-359
223887,10,810,16514,-21,-277,89,-66,-402,-365
223901,13,816,16562,-15,-275,82,-64,-395,-364
223915,31,831,16530,-19,-278,88,-71,-406,-358
223929,23,824,16539,-18,-278,86,-67,-398,-363
223943,13,822,16539,-17,-278,92,-66,-401,-366
223957,25,824,16535,-20,-283,91,-71,-401,-361
223971,18,816,16541,-18,-279,87,-68,-408,-360
223985,20,820,16525,-20,-276,87,-63,-400,-363
223999,23,817,16549,-22,-274,85,-67,-402,-365
224013,18,818,16520,-15,-275,85,-64,-403,-358
224027,27,833,16530,-16,-277,89,-62,-401,-359
224041,34,830,16526,-18,-277,92,-65,-403,-361
224055,33,814,16536,-22,-273,86,-63,-401,-363
224069,19,833,16533,-20,-279,90,-62,-398,-363
224083,15,828,16526,-15,-282,87,-66,-396,-364
224097,9,813,16530,-20,-281,86,-64,-399,-360
224111,13,835,16537,-22,-279,83,-67,-404,-358
224125,25,823,16529,-24,-274,85,-65,-402,-363
224139,16,840,16524,-21,-279,85,-64,-406,-363
224153,10,818,16535,-21,-276,84,-66,-403,-363
224167,18,823,16540,-17,-281,85,-65,-408,-364
224181,22,827,16528,-21,-283,85,-67,-402,-362
224195,32,820,16530,-18,-278,88,-66,-402,-358
224209,21,808,16538,-20,-280,86,-67,-401,-363
224223,23,837,16528,-18,-278,88,-68,-403,-363
224237,12,833,16532,-24,-276,85,-65,-400,-361
224251,13,821,16544,-27,-279,91,-66,-410,-359
224265,26,828,16533,-15,-279,87,-69,-404,-365
224279,49,826,16543,-18,-279,86,-61,-401,-369
224293,14,820,16533,-12,-280,85,-65,-401,-361
224307,21,816,16539,-21,-283,82,-62,-406,-365
224321,45,821,16527,-20,-276,83,-65,-403,-360
224335,23,828,16534,-18,-277,83,-66,-405,-362
224349,29,824,16549,-20,-285,87,-65,-408,-360
224363,25,824,16542,-13,-276,86,-72,-404,-367
224377,5,835,16510,-19,-275,86,-63,-405,-360
224391,18,827,16550,-18,-283,84,-65,-404,-362
224405,5,823,16549,-19,-275,86,-63,-406,-363
224419,22,822,16524,-19,-277,90,-68,-400,-359
224433,27,820,16530,-18,-277,86,-61,-402,-367
224447,31,833,16532,-18,-277,84,-63,-407,-361
224461,15,820,16532,-15,-277,84,-60,-403,-360
224475,12,822,16522,-15,-283,85,-67,-403,-365
224489,32,821,16534,-15,-278,81,-75,-406,-362
224503,27,819,16538,-19,-280,82,-64,-406,-361
224517,19,828,16534,-16,-282,87,-67,-404,-363
224531,9,830,16535,-16,-287,85,-63,-407,-361
224545,18,827,16534,-16,-277,80,-71,-400,-360
224559,25,822,16521,-17,-278,86,-68,-401,-362
224573,27,819,16528,-15,-274,86,-64,-403,-361
224587,38,827,16525,-20,-279,85,-65,-403,-361
224601,23,822,16545,-18,-281,86,-64,-401,-361
224615,15,837,16533,-20,-278,84,-66,-406,-361
224629,9,835,16538,-15,-281,87,-68,-402,-361
224643,18,817,16549,-21,-277,84,-64,-405,-363
224657,18,831,16544,-16,-279,86,-62,-398,-368
224671,24,836,16550,-20,-277,83,-66,-405,-363
224685,22,829,16526,-20,-278,87,-65,-402,-363
224699,19,820,16537,-16,-276,85,-67,-396,-361
224713,34,825,16535,-10,-277,85,-61,-403,-360
224727,15,824,16535,-11,-273,88,-63,-408,-362
224741,23,820,16537,-16,-279,90,-67,-400,-364
224755,23,827,16537,-19,-273,85,-67,-401,-365
224769,10,821,16549,-16,-270,91,-60,-401,-359
224783,17,826,16543,-15,-276,89,-64,-402,-362
224797,21,832,16527,-19,-279,92,-67,-408,-365
224811,16,826,16536,-20,-282,91,-66,-401,-361
224825,9,831,16539,-24,-283,89,-62,-407,-363
224839,14,820,16533,-19,-276,90,-65,-404,-365
224853,18,828,16538,-20,-279,88,-66,-405,-365
224867,16,830,16545,-22,-277,87,-66,-404,-363
224881,19,811,16541,-16,-279,87,-64,-405,-364
224895,21,822,16534,-18,-281,91,-68,-405,-364
224909,31,827,16532,-17,-277,83,-66,-405,-364
224923,24,824,16536,-19,-280,83,-67,-404,-364
224937,15,829,16536,-18,-280,81,-61,-403,-363
224951,19,847,16535,-20,-280,87,-63,-403,-363
224965,16,818,16541,-15,-278,83,-65,-403,-358
224979,18,829,16536,-15,-279,85,-63,-404,-365
224993,29,827,16529,-18,-276,86,-68,-408,-367
225007,12,823,16546,-19,-277,88,-59,-403,-363
225021,28,824,16533,-21,-274,88,-65,-402,-362
225035,20,828,16528,-19,-277,88,-65,-404,-361
225049,24,808,16543,-21,-279,81,-66,-404,-357
225063,13,834,16539,-22,-281,89,-72,-405,-364
225077,15,823,16533,-19,-284,84,-67,-408,-366
225091,19,829,16537,-19,-285,84,-67,-400,-360
225105,25,812,16533,-20,-279,84,-73,-407,-363
225119,3,814,16537,-18,-277,82,-65,-400,-364
225133,16,832,16531,-18,-285,84,-62,-403,-360
225147,16,831,16526,-17,-276,83,-67,-401,-358
225161,14,828,16528,-21,-278,89,-64,-407,-361
225175,18,823,16547,-19,-276,82,-65,-407,-361
225189,27,832,16526,-20,-275,81,-70,-400,-361
225203,20,816,16524,-15,-276,84,-69,-403,-360
225217,11,822,16535,-16,-275,86,-60,-400,-362
225231,9,829,16549,-18,-281,87,-58,-400,-363
225245,22,821,16530,-19,-277,85,-67,-402,-363
225259,17,826,16524,-18,-279,83,-59,-403,-361
225273,24,832,16546,-18,-275,82,-69,-403,-364
225287,31,819,16528,-16,-279,86,-67,-409,-365
225301,7,822,16541,-18,-276,91,-68,-402,-360
225315,13,820,16543,-21,-278,86,-71,-403,-364
225329,28,820,16529,-17,-281,84,-66,-405,-362
225343,13,817,16523,-17,-280,87,-65,-407,-358
225357,16,823,16526,-15,-280,84,-61,-402,-362
225371,21,823,16537,-21,-274,85,-64,-398,-364
225385,5,825,16524,-20,-275,85,-67,-403,-362
225399,21,815,16535,-16,-276,88,-62,-402,-362
225413,25,822,16527,-16,-281,84,-65,-404,-363
225427,29,824,16523,-19,-276,90,-65,-402,-362
225441,15,811,16532,-20,-279,88,-63,-403,-362
225455,18,819,16533,-22,-281,85,-68,-403,-358
225469,23,827,16529,-22,-281,82,-63,-403,-366
225483,25,818,16535,-24,-278,85,-64,-404,-360
225497,0,815,16546,-25,-284,85,-67,-405,-359
225511,20,827,16544,-27,-275,88,-66,-403,-359
225525,3,820,16538,-21,-281,82,-68,-398,-367
225539,24,834,16531,-25,-274,81,-63,-406,-363
225553,15,829,16529,-21,-274,88,-72,-405,-367
225567,16,819,16523,-22,-279,85,-63,-406,-365
225581,36,816,16527,-16,-279,87,-64,-405,-361
225595,21,828,16530,-16,-279,85,-65,-402,-366
225609,14,819,16536,-22,-282,89,-66,-403,-359
225623,20,818,16530,-19,-278,90,-63,-403,-365
225637,18,828,16544,-17,-276,83,-68,-407,-362
225651,16,828,16538,-19,-280,91,-68,-405,-359
225665,0,831,16526,-25,-279,89,-69,-401,-361
225679,17,827,16546,-22,-281,87,-62,-402,-358
225693,22,818,16562,-19,-280,92,-62,-406,-361
225707,16,834,16530,-20,-280,88,-65,-407,-357
225721,25,832,16532,-14,-278,81,-68,-403,-365
225735,30,823,16542,-19,-278,86,-67,-401,-361
225749,28,830,16529,-15,-277,86,-65,-405,-359
225763,28,832,16521,-20,-284,89,-66,-401,-362
225777,14,811,16527,-17,-282,83,-63,-403,-361
225791,10,833,16535,-13,-282,85,-68,-406,-360
225805,12,827,16547,-15,-281,86,-61,-406,-356
225819,14,829,16528,-11,-277,87,-69,-400,-367
225833,33,824,16536,-16,-282,84,-65,-404,-363
225847,30,813,16515,-19,-280,86,-60,-407,-362
225861,22,829,16526,-20,-277,82,-68,-399,-358
225875,30,823,16545,-17,-277,83,-62,-402,-358
225889,29,823,16539,-19,-274,89,-64,-405,-361
225903,7,835,16524,-21,-279,90,-67,-401,-366
225917,2,827,16540,-14,-277,88,-65,-405,-359
225931,27,828,16531,-19,-280,88,-66,-403,-364
225945,12,827,16524,-20,-277,86,-62,-397,-361
225959,11,823,16541,-11,-279,88,-61,-406,-364
225973,12,820,16546,-17,-276,84,-66,-396,-362
225987,26,811,16531,-16,-278,87,-68,-399,-362
226001,22,825,16551,-15,-278,86,-61,-407,-365
226015,15,822,16540,-16,-277,81,-62,-400,-361
226029,30,828,16544,-17,-280,83,-67,-400,-357
226043,23,830,16550,-15,-280,86,-67,-405,-360
226057,32,816,16542,-23,-276,86,-62,-403,-364
226071,18,820,16548,-14,-278,89,-62,-405,-368
226085,13,829,16549,-17,-278,84,-66,-403,-363
226099,13,827,16532,-16,-275,83,-63,-405,-364
226113,21,827,16538,-15,-283,83,-66,-409,-366
226127,19,810,16549,-13,-272,82,-64,-405,-365
226141,7,835,16534,-14,-275,86,-63,-401,-360
226155,12,823,16542,-18,-281,86,-66,-404,-361
226169,22,821,16542,-22,-279,83,-63,-406,-360
226183,9,826,16554,-9,-280,92,-60,-398,-366
226197,15,830,16546,-15,-280,88,-65,-404,-362
226211,24,830,16541,-15,-283,84,-64,-408,-364
226225,3,824,16543,-16,-278,82,-63,-407,-367
226239,14,825,16532,-20,-281,85,-65,-407,-357
226253,24,827,16539,-19,-279,86,-69,-401,-364
226267,32,826,16545,-18,-278,83,-67,-402,-361
226281,31,824,16532,-21,-283,86,-69,-398,-367
226295,18,827,16541,-17,-280,83,-69,-397,-361
226309,19,823,16541,-16,-278,79,-65,-398,-360
226323,26,818,16537,-16,-282,83,-62,-410,-361
226337,22,817,16527,-16,-278,84,-66,-401,-360
226351,10,814,16535,-18,-282,85,-68,-407,-357
226365,19,812,16545,-16,-283,84,-65,-399,-363
226379,27,818,16526,-19,-284,87,-69,-407,-363
226393,13,836,16543,-18,-276,84,-68,-397,-368
226407,17,826,16533,-18,-278,84,-63,-405,-368
226421,19,825,16542,-17,-279,84,-63,-405,-366
226435,14,827,16546,-16,-278,86,-68,-406,-363
226449,22,820,16554,-20,-275,84,-65,-399,-364
226463,27,804,16549,-24,-283,83,-67,-405,-366
226477,10,813,16543,-20,-282,89,-70,-400,-361
226491,18,832,16552,-16,-276,84,-65,-403,-360
226505,18,819,16541,-18,-281,85,-66,-400,-364
226519,12,837,16530,-17,-279,87,-65,-397,-360
226533,15,835,16542,-14,-280,86,-67,-401,-367
226547,18,827,16538,-18,-279,85,-67,-403,-364
226561,26,828,16544,-15,-276,82,-70,-403,-363
226575,15,823,16529,-16,-278,82,-64,-407,-358
226589,9,820,16537,-20,-283,93,-67,-404,-364
226603,29,815,16537,-19,-278,85,-66,-402,-364
226617,27,825,16547,-21,-279,82,-66,-401,-364
226631,15,828,16534,-18,-281,85,-64,-404,-358
226645,18,814,16533,-22,-279,88,-64,-402,-365
226659,30,827,16544,-20,-277,89,-65,-403,-359
226673,20,821,16539,-15,-276,89,-66,-413,-361
226687,30,820,16540,-17,-275,82,-65,-402,-361
226701,25,830,16543,-18,-281,89,-67,-403,-359
226715,10,830,16537,-19,-282,86,-69,-407,-359
226729,26,831,16545,-19,-280,86,-66,-402,-368
226743,16,837,16536,-18,-283,78,-64,-402,-360
226757,20,826,16540,-16,-277,87,-68,-402,-358
226771,10,820,16530,-17,-276,87,-69,-408,-360
226785,21,821,16522,-13,-278,84,-66,-402,-363
226799,27,822,16544,-21,-278,90,-67,-404,-362
226813,30,822,16540,-15,-276,85,-65,-406,-357
226827,23,836,16545,-16,-278,88,-71,-405,-365
226841,12,820,16556,-18,-276,80,-67,-406,-359
226855,21,826,16539,-15,-278,85,-65,-406,-362
226869,24,822,16528,-11,-281,85,-65,-402,-365
226883,8,827,16542,-20,-276,85,-64,-400,-363
226897,13,825,16536,-15,-277,84,-59,-404,-362
226911,28,820,16538,-19,-276,83,-64,-408,-359
226925,26,823,16524,-20,-274,86,-65,-406,-359
226939,16,827,16539,-20,-279,87,-65,-404,-364
226953,22,824,16539,-21,-277,85,-72,-402,-361
226967,12,824,16541,-19,-277,87,-71,-403,-366
226981,8,818,16541,-15,-280,87,-70,-405,-364
226995,23,806,16539,-22,-276,88,-70,-405,-365
227009,7,826,16531,-18,-272,91,-60,-402,-366
227023,25,836,16526,-18,-281,89,-58,-399,-367
227037,20,835,16534,-15,-277,93,-69,-405,-363
227051,18,815,16541,-19,-277,89,-65,-404,-364
227065,28,820,16541,-20,-280,85,-69,-401,-366
227079,19,842,16531,-24,-279,89,-65,-401,-360
227093,21,831,16527,-21,-278,94,-65,-404,-362
227107,23,822,16544,-17,-281,85,-69,-407,-364
227121,19,824,16538,-11,-278,90,-66,-404,-363
227135,11,825,16541,-9,-280,84,-66,-396,-360
227149,21,824,16542,-18,-283,84,-70,-405,-363
227163,12,837,16525,-23,-280,90,-70,-402,-366
227177,22,835,16543,-16,-277,89,-65,-400,-363
227191,30,824,16550,-20,-272,87,-62,-404,-363
227205,23,826,16533,-17,-275,85,-64,-403,-365
227219,24,832,16544,-15,-277,87,-63,-402,-363
227233,34,822,16535,-23,-280,89,-65,-403,-365
227247,29,825,16556,-18,-279,88,-64,-405,-361
227261,12,813,16527,-14,-278,82,-64,-404,-362
227275,22,821,16535,-19,-275,86,-62,-403,-366
227289,19,826,16525,-20,-278,86,-69,-402,-367
227303,21,815,16546,-14,-281,88,-63,-403,-364
227317,30,827,16544,-27,-275,84,-66,-401,-362
227331,23,828,16530,-23,-281,88,-69,-403,-368
227345,22,824,16540,-20,-284,91,-64,-406,-362
227359,29,828,16529,-21,-283,86,-68,-405,-362
227373,25,821,16530,-23,-278,88,-63,-405,-368
227387,24,823,16540,-23,-274,85,-64,-403,-365
227401,4,820,16540,-23,-278,82,-67,-403,-368
227415,-1,829,16548,-17,-279,85,-65,-405,-364
227429,21,828,16541,-22,-283,82,-64,-399,-361
227443,21,828,16545,-19,-279,86,-63,-402,-364
227457,11,820,16530,-19,-278,90,-64,-402,-364
227471,12,812,16540,-24,-277,85,-67,-402,-356
227485,10,826,16508,-25,-277,81,-69,-406,-366
227499,20,815,16532,-18,-277,88,-69,-405,-366
227513,21,819,16543,-19,-277,83,-65,-405,-363
227527,24,825,16545,-20,-275,82,-66,-402,-362
227541,24,829,16528,-18,-282,83,-67,-402,-360
227555,15,817,16541,-18,-273,84,-69,-408,-362
227569,12,817,16549,-20,-280,86,-61,-403,-363
227583,26,817,16543,-19,-279,88,-71,-402,-362
227597,35,821,16537,-16,-277,80,-69,-404,-362
227611,21,824,16519,-15,-281,85,-67,-406,-366
227625,19,819,16543,-16,-277,82,-65,-408,-361
227639,23,829,16536,-22,-279,86,-64,-409,-364
227653,11,819,16538,-19,-282,87,-61,-401,-366
227667,25,820,16543,-20,-281,88,-62,-403,-364
227681,26,822,16538,-16,-279,87,-66,-403,-364
227695,20,820,16533,-16,-278,84,-65,-407,-364
227709,23,819,16544,-21,-278,86,-67,-406,-361
227723,18,831,16530,-18,-275,86,-67,-402,-364
227737,19,828,16539,-16,-273,86,-66,-404,-362
227751,23,836,16533,-15,-276,84,-64,-398,-366
227765,20,834,16562,-15,-280,88,-69,-403,-360
227779,33,840,16533,-14,-284,86,-64,-405,-363
227793,18,825,16544,-17,-278,88,-64,-401,-367
227807,30,817,16521,-17,-277,85,-65,-399,-366
227821,27,814,16540,-13,-276,88,-67,-403,-362
227835,21,825,16545,-22,-276,90,-66,-402,-365
227849,18,819,16526,-23,-277,87,-64,-402,-358
227863,9,824,16548,-23,-278,82,-66,-401,-364
227877,14,813,16532,-22,-282,83,-66,-397,-362
227891,19,817,16537,-16,-279,87,-68,-403,-361
227905,24,810,16549,-17,-274,91,-71,-411,-361
227919,20,825,16536,-20,-276,87,-63,-404,-362
227933,19,835,16538,-17,-277,87,-66,-403,-362
227947,11,824,16528,-15,-280,87,-64,-404,-363
227961,18,817,16543,-15,-279,79,-64,-401,-357
227975,8,831,16538,-20,-280,83,-69,-408,-363
227989,25,825,16547,-18,-275,80,-71,-401,-367
228003,19,835,16539,-13,-281,86,-63,-403,-364
228017,12,825,16530,-17,-281,85,-63,-402,-362
228031,14,822,16530,-17,-279,85,-67,-398,-365
228045,25,825,16525,-19,-282,86,-66,-404,-364
228059,19,823,16541,-20,-280,86,-68,-407,-365
228073,35,823,16512,-21,-278,84,-65,-407,-365
228087,9,825,16532,-18,-277,84,-69,-403,-369
228101,14,830,16533,-20,-280,84,-68,-402,-361
228115,19,822,16542,-19,-281,85,-66,-406,-361
228129,16,827,16533,-22,-279,89,-67,-402,-365
228143,23,826,16546,-15,-278,89,-61,-403,-362
228157,21,815,16536,-19,-280,84,-69,-408,-371
228171,31,830,16540,-17,-282,85,-67,-398,-364
228185,17,834,16549,-20,-276,84,-64,-405,-366
228199,9,816,16542,-15,-281,85,-62,-404,-359
228213,12,826,16547,-19,-279,86,-68,-400,-359
228227,15,836,16548,-16,-276,84,-67,-401,-359
228241,11,829,16550,-21,-278,87,-70,-402,-367
228255,14,820,16546,-17,-279,82,-66,-402,-364
228269,12,824,16542,-13,-278,85,-67,-403,-366
228283,15,827,16533,-16,-279,87,-64,-410,-366
228297,16,816,16545,-17,-273,82,-74,-402,-365
228311,27,825,16548,-15,-275,84,-63,-405,-363
228325,13,817,16543,-14,-279,82,-60,-410,-361
228339,31,829,16544,-10,-272,86,-63,-405,-361
228353,20,809,16529,-20,-276,86,-68,-408,-362
228367,28,819,16552,-19,-278,90,-65,-406,-358
228381,18,826,16527,-14,-274,84,-71,-404,-365
228395,30,836,16552,-13,-277,84,-71,-404,-361
228409,22,834,16553,-19,-281,86,-68,-402,-359
228423,20,825,16525,-17,-276,85,-63,-406,-365
228437,15,825,16551,-15,-279,87,-64,-401,-364
228451,24,823,16531,-16,-279,81,-69,-411,-363
228465,23,831,16536,-18,-274,83,-61,-403,-363
228479,25,828,16536,-19,-277,84,-68,-402,-361
228493,14,816,16545,-14,-284,83,-68,-404,-361
228507,23,825,16526,-16,-275,84,-66,-407,-360
228521,28,826,16544,-22,-276,82,-69,-410,-360
228535,8,823,16532,-18,-278,87,-64,-400,-361
228549,33,814,16529,-16,-281,86,-66,-401,-366
228563,31,833,16566,-18,-279,85,-64,-399,-359
228577,14,829,16537,-19,-276,87,-63,-405,-361
228591,30,823,16535,-15,-277,90,-71,-406,-361
228605,16,822,16536,-14,-276,88,-67,-405,-361
228619,20,823,16540,-17,-275,85,-64,-400,-363
228633,15,826,16526,-10,-279,84,-66,-406,-363
228647,27,815,16540,-21,-281,91,-68,-410,-362
228661,26,821,16527,-22,-280,88,-66,-403,-361
228675,6,834,16546,-16,-280,81,-66,-397,-359
228689,20,822,16544,-16,-272,81,-61,-403,-360
228703,25,830,16541,-15,-271,85,-67,-401,-366
228717,12,825,16548,-16,-278,84,-63,-402,-357
228731,36,809,16554,-16,-280,82,-62,-402,-360
228745,27,817,16532,-16,-280,84,-62,-405,-359
228759,23,818,16539,-21,-280,86,-72,-404,-358
228773,31,825,16547,-17,-275,87,-64,-407,-360
228787,-3,821,16549,-14,-279,87,-69,-408,-362
228801,27,820,16531,-15,-278,86,-64,-403,-366
228815,24,825,16545,-20,-280,87,-66,-401,-359
228829,34,824,16543,-20,-277,89,-67,-408,-365
228843,22,830,16550,-22,-272,84,-66,-403,-365
228857,19,813,16558,-24,-277,84,-63,-400,-358
228871,27,822,16543,-18,-278,92,-66,-402,-363
228885,22,817,16552,-19,-275,86,-66,-406,-357
228899,18,829,16542,-15,-276,83,-66,-409,-359
228913,13,825,16539,-17,-275,84,-62,-403,-355
228927,25,821,16547,-16,-277,88,-66,-401,-364
228941,30,821,16550,-18,-276,84,-59,-406,-365
228955,26,825,16548,-20,-274,89,-59,-405,-363
228969,9,822,16539,-16,-277,84,-63,-409,-367
228983,9,822,16548,-18,-280,87,-67,-407,-366
228997,23,829,16548,-18,-279,84,-63,-403,-364
229011,10,816,16543,-19,-280,82,-67,-403,-362
229025,25,832,16543,-18,-277,83,-66,-404,-362
229039,26,813,16546,-19,-276,80,-66,-398,-366
229053,17,823,16549,-20,-274,89,-64,-402,-364
229067,24,816,16541,-11,-279,87,-61,-406,-362
229081,20,817,16534,-14,-278,85,-66,-405,-365
229095,27,822,16558,-16,-281,88,-69,-402,-363
229109,20,814,16536,-15,-280,84,-69,-402,-364
229123,14,813,16544,-12,-281,81,-64,-400,-364
229137,12,818,16547,-16,-279,84,-64,-406,-365
229151,13,821,16561,-16,-277,84,-66,-403,-363
229165,11,819,16532,-14,-280,82,-65,-406,-362
229179,17,815,16533,-15,-278,88,-69,-406,-364
229193,23,840,16548,-21,-281,85,-67,-409,-364
229207,12,823,16546,-17,-275,83,-67,-403,-364
229221,10,835,16537,-19,-285,84,-66,-404,-366
229235,23,815,16539,-18,-282,87,-66,-401,-359
229249,14,817,16544,-19,-281,84,-68,-405,-365
229263,29,823,16555,-22,-281,84,-68,-401,-366
229277,19,833,16551,-12,-277,82,-66,-405,-365
229291,21,825,16539,-13,-277,83,-69,-410,-363
229305,31,823,16542,-17,-282,90,-65,-399,-363
229319,18,822,16533,-18,-278,84,-65,-401,-357
229333,9,821,16540,-18,-279,81,-69,-401,-365
229347,15,825,16543,-16,-277,86,-68,-406,-364
229361,33,820,16530,-15,-276,84,-63,-403,-364
229375,26,819,16534,-16,-276,82,-62,-406,-360
229389,29,830,16536,-19,-276,85,-63,-404,-365
229403,11,825,16556,-21,-281,84,-69,-409,-363
229417,18,823,16548,-15,-278,84,-67,-404,-362
229431,20,814,16526,-17,-274,89,-67,-406,-360
229445,33,827,16544,-18,-278,88,-65,-402,-363
229459,32,823,16561,-17,-275,87,-67,-406,-361
229473,22,826,16540,-14,-274,83,-62,-406,-362
229487,22,826,16542,-23,-278,87,-67,-406,-359
229501,-8,818,16546,-18,-283,86,-64,-409,-359
229515,29,825,16548,-19,-280,86,-68,-397,-366
229529,27,819,16564,-20,-282,84,-69,-403,-360
229543,26,835,16534,-13,-282,85,-68,-402,-363
229557,12,828,16546,-20,-276,83,-65,-401,-360
229571,18,817,16530,-16,-280,84,-69,-402,-362
229585,7,820,16547,-20,-281,84,-66,-406,-368
229599,36,821,16543,-10,-277,87,-65,-405,-364
229613,16,822,16530,-15,-282,88,-63,-401,-363
229627,19,815,16532,-15,-281,82,-66,-404,-365
229641,5,841,16545,-16,-278,87,-67,-399,-362
229655,16,827,16531,-15,-283,82,-61,-404,-363
229669,11,823,16534,-14,-282,83,-67,-403,-365
229683,23,812,16537,-15,-277,80,-67,-405,-364
229697,26,834,16551,-19,-277,85,-68,-403,-360
229711,15,832,16545,-12,-281,87,-67,-400,-363
229725,23,823,16556,-18,-280,85,-65,-402,-361
229739,22,821,16550,-18,-282,82,-66,-402,-362
229753,25,826,16556,-23,-281,84,-69,-403,-366
229767,16,821,16549,-15,-276,83,-62,-406,-368
229781,15,828,16556,-18,-281,86,-66,-400,-361
229795,15,832,16540,-13,-277,87,-70,-406,-360
229809,27,832,16545,-15,-278,90,-62,-406,-368
229823,4,815,16542,-17,-278,86,-63,-405,-359
229837,32,815,16544,-21,-276,85,-67,-404,-367
229851,29,814,16541,-19,-284,86,-63,-406,-361
229865,15,820,16546,-17,-273,89,-71,-404,-360
229879,13,836,16533,-17,-275,85,-63,-408,-360
229893,27,835,16533,-17,-277,84,-66,-403,-356
229907,15,825,16556,-19,-278,84,-66,-399,-364
229921,15,845,16544,-18,-277,83,-61,-401,-372
229935,2,819,16540,-21,-278,83,-61,-404,-364
229949,22,822,16544,-21,-274,87,-65,-401,-367
229963,22,826,16548,-21,-279,85,-65,-402,-359
229977,21,828,16551,-19,-280,85,-66,-406,-365
229991,14,830,16545,-18,-277,84,-67,-400,-362
230005,26,820,16545,-15,-277,87,-67,-407,-364
230019,33,815,16563,-15,-274,84,-70,-399,-363
230033,21,815,16537,-16,-275,82,-69,-406,-357
230047,24,828,16542,-21,-278,83,-67,-405,-361
230061,14,825,16555,-17,-279,85,-65,-407,-366
230075,13,813,16545,-18,-278,83,-70,-406,-359
230089,25,821,16542,-24,-279,87,-70,-399,-362
230103,37,825,16536,-20,-272,85,-66,-408,-361
230117,22,824,16550,-17,-274,89,-66,-406,-361
230131,9,831,16534,-22,-276,89,-64,-396,-361
230145,24,821,16541,-19,-282,85,-66,-402,-365
230159,14,827,16544,-20,-278,88,-67,-404,-365
230173,27,829,16550,-18,-280,87,-65,-404,-361
230187,16,823,16550,-18,-278,85,-66,-397,-357
230201,17,823,16546,-18,-272,83,-69,-401,-363
230215,24,820,16557,-19,-278,89,-67,-403,-358
230229,8,826,16538,-22,-280,81,-65,-399,-360
230243,9,827,16567,-18,-279,86,-73,-405,-366
230257,18,830,16567,-17,-278,88,-64,-405,-369
230271,25,822,16532,-19,-279,93,-69,-404,-367
230285,15,820,16520,-14,-277,81,-71,-407,-354
230299,27,828,16551,-15,-277,84,-62,-401,-361
230313,24,823,16550,-16,-282,89,-66,-398,-367
230327,23,823,16536,-14,-280,85,-63,-404,-360
230341,29,826,16548,-17,-275,83,-64,-402,-369
230355,27,824,16537,-17,-274,84,-67,-400,-367
230369,26,832,16537,-17,-280,85,-62,-404,-361
230383,10,820,16551,-18,-280,83,-68,-405,-362
230397,25,823,16533,-21,-281,83,-62,-411,-361
230411,11,815,16555,-16,-279,83,-66,-411,-364
230425,29,827,16549,-17,-277,81,-66,-402,-366
230439,27,820,16533,-20,-277,87,-66,-403,-365
230453,18,830,16554,-21,-278,90,-66,-401,-362
230467,24,828,16547,-17,-278,87,-69,-403,-356
230481,24,820,16552,-15,-279,82,-62,-405,-361
230495,29,819,16546,-17,-277,83,-61,-405,-367
230509,22,826,16550,-14,-279,84,-65,-405,-362
230523,2,825,16544,-18,-280,87,-66,-395,-366
230537,22,822,16558,-13,-280,88,-66,-398,-364
230551,4,829,16547,-17,-277,86,-64,-401,-359
230565,14,832,16541,-22,-278,86,-62,-406,-363
230579,14,831,16549,-23,-278,91,-63,-411,-361
230593,26,825,16549,-18,-277,85,-65,-406,-362
230607,17,828,16552,-18,-279,87,-63,-402,-365
230621,26,811,16552,-21,-274,85,-67,-402,-363
230635,12,820,16544,-20,-277,88,-69,-400,-362
230649,23,826,16534,-20,-279,92,-65,-409,-361
230663,32,817,16551,-17,-277,82,-66,-397,-368
230677,13,827,16551,-19,-277,80,-66,-405,-364
230691,7,826,16547,-14,-278,81,-66,-405,-359
230705,20,815,16541,-17,-275,83,-65,-404,-360
230719,9,828,16545,-17,-278,80,-68,-403,-364
230733,15,823,16573,-19,-275,84,-62,-407,-366
230747,17,822,16552,-17,-282,90,-68,-403,-364
230761,15,842,16550,-15,-279,90,-66,-403,-366
230775,21,821,16548,-16,-272,85,-67,-405,-358
230789,30,827,16550,-18,-275,86,-62,-400,-369
230803,13,828,16540,-19,-282,85,-61,-405,-370
230817,21,812,16555,-20,-281,86,-65,-401,-357
230831,31,818,16563,-24,-282,88,-65,-404,-361
230845,-1,816,16538,-14,-284,82,-65,-408,-359
230859,10,825,16549,-13,-280,80,-68,-398,-360
230873,10,829,16552,-19,-283,82,-60,-404,-364
230887,24,827,16550,-22,-278,83,-62,-401,-361
230901,31,842,16556,-19,-276,85,-70,-404,-360
230915,29,826,16547,-22,-276,87,-70,-406,-361
230929,33,815,16570,-17,-278,89,-66,-404,-360
230943,31,823,16557,-14,-283,89,-70,-402,-361
230957,24,827,16548,-15,-281,84,-65,-408,-359
230971,23,822,16548,-23,-274,82,-66,-409,-366
230985,27,834,16532,-15,-275,89,-71,-401,-360
230999,18,825,16546,-15,-278,82,-68,-402,-362
231013,23,824,16535,-15,-279,83,-73,-406,-357
231027,14,832,16545,-18,-278,90,-66,-404,-360
231041,24,825,16543,-19,-278,84,-68,-404,-359
231055,18,814,16543,-19,-277,85,-66,-405,-365
231069,16,823,16554,-20,-280,82,-66,-405,-361
231083,28,824,16516,-19,-282,83,-63,-405,-365
231097,17,834,16564,-16,-279,86,-63,-404,-361
231111,16,818,16552,-19,-281,86,-62,-398,-367
231125,21,822,16541,-20,-281,85,-71,-405,-362
231139,17,816,16539,-15,-278,89,-66,-401,-365
231153,25,833,16547,-17,-280,91,-65,-408,-365
231167,15,828,16541,-18,-276,87,-60,-403,-363
231181,9,821,16540,-13,-281,83,-65,-398,-359
231195,23,819,16539,-11,-278,88,-70,-402,-359
231209,29,818,16547,-17,-277,87,-60,-402,-366
231223,26,817,16558,-23,-280,83,-63,-403,-362
231237,25,829,16526,-17,-278,87,-70,-403,-360
231251,16,830,16536,-16,-276,80,-64,-405,-367
231265,24,815,16552,-18,-281,80,-64,-409,-371
231279,21,814,16525,-17,-280,87,-70,-400,-364
231293,15,816,16544,-18,-278,83,-67,-404,-363
231307,33,837,16555,-18,-280,87,-67,-408,-366
231321,18,827,16555,-24,-276,89,-70,-405,-357
231335,24,820,16549,-19,-275,84,-71,-399,-356
231349,24,825,16560,-18,-281,87,-63,-402,-357
231363,15,823,16531,-14,-277,89,-71,-409,-362
231377,10,821,16553,-14,-278,88,-66,-401,-364
231391,22,821,16535,-15,-278,85,-66,-399,-362
231405,28,819,16544,-16,-278,81,-62,-404,-363
231419,38,828,16555,-16,-279,86,-68,-405,-360
231433,0,832,16548,-16,-278,86,-64,-404,-363
231447,22,825,16555,-20,-276,87,-68,-401,-364
231461,17,817,16559,-21,-277,89,-66,-405,-364
231475,26,814,16542,-16,-278,83,-68,-401,-366
231489,22,830,16525,-17,-276,83,-63,-405,-361
231503,17,819,16555,-18,-274,82,-63,-405,-362
231517,32,829,16534,-16,-275,85,-67,-409,-363
231531,15,822,16540,-16,-278,89,-70,-404,-365
231545,23,827,16558,-21,-279,85,-69,-409,-365
231559,15,812,16529,-21,-275,86,-61,-399,-361
231573,21,827,16547,-17,-278,88,-63,-402,-362
231587,7,838,16548,-21,-280,88,-67,-403,-360
231601,20,833,16546,-25,-279,85,-64,-400,-367
231615,26,829,16548,-20,-278,87,-58,-402,-358
231629,16,824,16541,-19,-280,88,-66,-410,-361
231643,22,820,16522,-14,-276,88,-68,-407,-362
231657,24,825,16535,-18,-279,88,-66,-403,-360
231671,14,827,16554,-19,-280,88,-67,-402,-362
231685,16,836,16542,-15,-277,84,-62,-411,-362
231699,35,821,16536,-20,-281,85,-66,-405,-363
231713,25,835,16563,-24,-281,84,-65,-404,-361
231727,26,820,16534,-21,-276,89,-65,-404,-368
231741,21,830,16560,-19,-280,81,-67,-402,-363
231755,6,819,16544,-17,-273,81,-64,-406,-363
231769,16,820,16536,-15,-276,82,-66,-406,-360
231783,16,833,16559,-17,-274,89,-64,-403,-361
231797,26,828,16534,-15,-281,86,-66,-405,-357
231812,27,826,16539,-12,-279,86,-66,-404,-365
231826,7,823,16552,-17,-278,91,-66,-397,-362
231840,25,823,16542,-14,-275,85,-64,-403,-363
231854,5,820,16529,-13,-278,83,-61,-402,-364
231868,27,818,16540,-14,-280,86,-61,-401,-360
231883,31,823,16536,-16,-277,86,-67,-405,-363
231898,26,823,16541,-18,-275,89,-66,-405,-358
231913,28,819,16552,-21,-280,84,-66,-405,-361
231928,30,820,16545,-13,-278,80,-68,-400,-362
231943,12,823,16535,-17,-276,86,-61,-403,-360
231958,27,818,16559,-19,-282,88,-67,-402,-358
231973,11,825,16539,-22,-278,84,-70,-412,-364
231988,24,829,16542,-21,-275,87,-63,-401,-361
232003,35,824,16552,-21,-279,85,-70,-403,-364
232018,11,813,16552,-13,-275,83,-71,-402,-365
232033,30,824,16532,-21,-275,85,-59,-398,-364
232048,19,818,16537,-17,-277,83,-66,-406,-364
232063,9,817,16548,-13,-281,84,-63,-406,-358
232077,18,827,16559,-18,-276,87,-62,-400,-358
232091,24,837,16535,-20,-279,88,-63,-399,-359
232106,16,824,16534,-11,-283,87,-66,-403,-361
232120,27,824,16554,-19,-276,91,-61,-401,-363
232135,20,833,16541,-17,-278,87,-66,-405,-365
232149,26,830,16545,-18,-281,85,-66,-406,-363
232164,19,822,16557,-19,-274,84,-67,-407,-360
232178,26,827,16555,-22,-281,83,-65,-400,-362
232193,16,823,16545,-21,-278,85,-70,-406,-363
232207,16,823,16532,-22,-278,84,-68,-403,-369
232222,14,822,16532,-20,-278,86,-64,-399,-361
232236,9,832,16556,-16,-275,86,-68,-407,-359
232250,29,832,16538,-18,-281,88,-65,-408,-359
232265,6,827,16526,-14,-276,83,-67,-402,-361
232279,32,812,16559,-28,-286,85,-62,-404,-360
232294,14,830,16548,-21,-279,91,-68,-407,-358
232308,15,826,16547,-19,-281,88,-67,-404,-365
232323,27,825,16543,-17,-277,86,-70,-406,-361
232337,11,821,16533,-14,-278,87,-66,-407,-359
232352,18,815,16552,-23,-273,85,-67,-402,-357
232366,19,816,16551,-20,-276,82,-65,-401,-361
232381,20,825,16536,-13,-281,85,-63,-403,-361
232395,22,825,16543,-17,-276,82,-64,-403,-362
232410,27,826,16554,-23,-284,84,-67,-399,-356
232424,34,825,16538,-18,-278,84,-68,-407,-359
232439,27,814,16547,-12,-281,80,-64,-403,-362
232453,21,824,16545,-17,-281,85,-62,-402,-362
232468,32,835,16542,-14,-275,88,-65,-402,-359
232482,18,820,16551,-15,-280,85,-63,-404,-358
232497,20,826,16539,-19,-277,84,-65,-404,-361
232511,13,824,16549,-14,-277,83,-66,-403,-359
232526,33,811,16550,-18,-282,86,-65,-404,-358
232540,12,837,16526,-22,-282,82,-63,-402,-363
232555,31,832,16537,-21,-278,84,-65,-403,-362
232569,33,825,16550,-19,-279,88,-68,-406,-358
232584,36,813,16536,-18,-278,84,-70,-401,-362
232598,22,818,16530,-17,-280,83,-65,-403,-360
232613,13,833,16534,-18,-281,90,-67,-406,-361
232627,7,819,16538,-18,-282,86,-67,-399,-362
232641,4,834,16550,-18,-283,85,-65,-400,-359
232655,17,829,16543,-15,-277,85,-67,-399,-359
232669,16,830,16555,-19,-277,84,-62,-403,-354
232684,30,827,16545,-17,-279,85,-68,-404,-361
232698,33,821,16549,-22,-280,86,-69,-405,-357
232713,18,833,16537,-18,-278,87,-65,-400,-353
232727,31,820,16551,-21,-280,84,-62,-401,-358
232742,12,823,16548,-16,-281,82,-62,-404,-366
232756,23,824,16549,-11,-281,83,-68,-402,-369
232771,19,826,16549,-18,-279,84,-68,-406,-360
232785,25,822,16537,-17,-284,90,-62,-405,-362
232800,8,822,16552,-14,-279,90,-66,-410,-361
232814,4,812,16542,-21,-273,87,-68,-409,-364
232828,37,822,16537,-20,-276,84,-66,-408,-359
232843,24,832,16555,-22,-280,79,-62,-408,-359
232857,32,799,16559,-14,-277,81,-65,-408,-361
232872,24,806,16545,-16,-284,90,-65,-400,-361
232886,23,824,16542,-11,-274,88,-64,-408,-361
232901,29,822,16560,-21,-275,84,-63,-399,-359
232915,20,819,16558,-20,-276,86,-67,-407,-360
232930,7,813,16552,-18,-275,84,-72,-407,-361
232944,24,831,16534,-16,-275,86,-66,-405,-355
232959,27,838,16539,-18,-280,88,-64,-406,-364
232974,32,838,16550,-18,-281,81,-67,-403,-365
232989,26,818,16532,-17,-279,82,-64,-406,-359
233004,30,824,16562,-18,-284,91,-65,-400,-360
233019,29,823,16548,-22,-280,87,-62,-402,-360
233034,39,814,16549,-19,-276,84,-62,-408,-361
233049,13,825,16556,-16,-279,84,-64,-403,-363
233064,24,831,16547,-16,-278,87,-62,-404,-360
233079,17,817,16561,-12,-282,85,-66,-405,-364
233094,31,817,16545,-18,-283,82,-62,-404,-365
233109,14,826,16544,-11,-278,83,-61,-404,-361
233124,23,828,16562,-15,-277,83,-64,-404,-363
233139,20,834,16542,-13,-275,87,-62,-407,-361
233154,26,833,16537,-18,-280,82,-69,-402,-360
233169,24,830,16532,-14,-277,81,-66,-403,-362
233184,23,815,16541,-18,-278,84,-62,-406,-361
233199,28,828,16551,-16,-286,86,-64,-404,-359
233214,17,819,16560,-15,-279,89,-68,-404,-361
233229,21,818,16552,-23,-276,84,-67,-406,-364
233244,14,832,16548,-20,-282,90,-67,-402,-368
233259,25,820,16532,-17,-277,86,-64,-410,-361
233274,19,822,16548,-24,-276,86,-64,-407,-364
233289,25,820,16548,-18,-280,88,-68,-402,-361
233304,16,825,16552,-18,-274,88,-66,-400,-364
233319,11,813,16548,-16,-275,86,-65,-404,-366
233334,21,832,16524,-19,-274,84,-63,-399,-365
233349,18,827,16526,-21,-278,84,-70,-405,-366
233364,15,833,16560,-18,-278,89,-61,-402,-362
233379,26,827,16541,-24,-278,82,-68,-401,-360
233394,25,820,16535,-18,-285,79,-66,-403,-364
233409,27,814,16547,-16,-284,88,-70,-401,-361
233424,18,829,16543,-18,-277,85,-69,-401,-360
233439,29,819,16535,-15,-279,84,-62,-399,-363
233454,22,821,16564,-15,-275,85,-74,-402,-355
233469,24,820,16544,-19,-279,90,-64,-397,-366
233484,21,831,16532,-22,-279,86,-63,-403,-361
233499,18,826,16527,-20,-281,92,-65,-400,-363
233514,14,823,16556,-19,-276,85,-65,-405,-364
233529,7,816,16565,-19,-280,87,-69,-408,-363
233543,23,820,16531,-19,-274,88,-67,-407,-362
233557,20,822,16536,-16,-272,92,-62,-406,-363
233572,26,823,16533,-17,-282,83,-71,-407,-361
233586,20,822,16553,-13,-277,85,-62,-403,-359
233601,20,825,16560,-16,-281,83,-65,-403,-361
233615,18,832,16542,-14,-277,87,-63,-401,-365
233630,9,825,16527,-17,-280,88,-64,-404,-358
233644,20,830,16551,-17,-280,85,-64,-406,-360
233659,25,813,16548,-23,-279,89,-65,-399,-363
233674,37,830,16549,-16,-280,88,-67,-400,-361
233688,12,827,16549,-16,-279,85,-69,-401,-361
233703,23,837,16554,-18,-280,85,-67,-405,-358
233718,15,835,16538,-15,-280,85,-62,-402,-363
233733,11,816,16542,-19,-277,85,-69,-405,-366
233748,19,835,16536,-20,-280,87,-67,-404,-361
233763,18,821,16539,-18,-281,87,-63,-401,-367
233777,11,835,16547,-18,-279,83,-70,-400,-362
233792,33,819,16548,-16,-279,83,-65,-405,-367
233807,22,823,16549,-15,-281,84,-67,-404,-363
233822,15,829,16544,-19,-280,84,-63,-404,-364
233837,13,833,16547,-25,-281,86,-72,-403,-362
233851,14,817,16541,-20,-275,89,-66,-404,-363
233865,30,807,16552,-20,-282,87,-61,-405,-366
233879,13,824,16536,-15,-281,78,-67,-402,-359
233893,19,828,16543,-24,-282,83,-63,-402,-363
233907,15,829,16539,-19,-277,81,-65,-400,-362
233921,22,827,16551,-18,-280,83,-68,-404,-360
233935,26,818,16538,-19,-275,86,-69,-403,-365
233949,24,810,16545,-15,-277,81,-69,-403,-363
233963,23,817,16547,-18,-279,89,-64,-404,-364
233977,20,821,16552,-19,-283,84,-61,-407,-359
233991,31,823,16549,-20,-279,84,-63,-405,-361
234005,23,826,16553,-17,-280,83,-69,-399,-366
234019,23,841,16546,-20,-275,81,-65,-400,-360
234033,10,835,16537,-13,-274,85,-69,-404,-364
234047,12,822,16538,-18,-283,84,-67,-410,-363
234061,22,815,16521,-22,-274,90,-71,-403,-361
234075,26,819,16562,-16,-284,87,-66,-404,-361
234089,16,820,16543,-14,-283,86,-63,-407,-360
234103,26,821,16549,-10,-276,88,-64,-404,-363
234117,9,822,16556,-17,-278,85,-69,-403,-361
234131,19,825,16560,-18,-277,84,-67,-404,-363
234145,30,830,16538,-20,-279,86,-66,-407,-363
234159,9,827,16549,-17,-279,83,-63,-405,-361
234173,17,823,16548,-19,-280,85,-66,-407,-367
234187,-6,823,16533,-17,-276,82,-64,-401,-363
234201,8,818,16542,-20,-280,81,-68,-405,-364
234215,14,829,16541,-18,-276,83,-64,-405,-364
234229,10,825,16545,-16,-276,86,-65,-405,-365
234243,34,821,16530,-12,-282,87,-70,-405,-366
234257,22,831,16532,-22,-281,89,-69,-400,-363
234271,16,823,16545,-21,-281,87,-62,-405,-364
234285,28,815,16541,-20,-279,86,-67,-399,-359
234299,21,842,16537,-20,-279,88,-68,-402,-360
234313,14,819,16521,-19,-277,85,-69,-403,-360
234327,17,829,16538,-18,-276,85,-64,-404,-366
234341,17,826,16550,-22,-280,83,-62,-403,-361
234355,13,832,16526,-9,-278,83,-62,-401,-367
234369,25,811,16551,-16,-280,85,-67,-400,-363
234383,18,818,16530,-16,-277,84,-66,-402,-369
234397,16,815,16540,-22,-275,85,-67,-400,-363
234411,30,829,16531,-16,-281,82,-66,-405,-363
234425,9,818,16545,-19,-280,88,-65,-404,-361
234439,4,829,16546,-18,-279,86,-65,-401,-364
234453,20,838,16558,-19,-278,89,-67,-401,-357
234467,31,826,16534,-14,-272,87,-69,-404,-363
234481,19,830,16531,-15,-278,84,-67,-400,-360
234495,22,826,16532,-14,-279,82,-67,-399,-369
234509,25,833,16530,-21,-284,87,-63,-402,-360
234523,25,834,16540,-19,-280,86,-71,-403,-365
234537,22,819,16534,-21,-278,83,-67,-399,-363
234551,18,815,16546,-20,-275,85,-67,-399,-364
234565,10,832,16542,-19,-281,84,-64,-400,-365
234579,13,825,16537,-23,-279,86,-65,-402,-362
234593,17,828,16533,-19,-276,86,-70,-404,-364
234607,25,821,16554,-14,-277,92,-61,-402,-365
234621,22,831,16551,-11,-279,83,-62,-402,-362
234635,21,838,16513,-17,-278,83,-63,-407,-361
234649,33,821,16538,-20,-280,87,-64,-403,-362
234663,23,824,16532,-19,-272,87,-67,-401,-361
234677,22,819,16529,-24,-276,90,-64,-401,-365
234691,5,821,16546,-21,-274,84,-73,-401,-362
234705,27,824,16532,-15,-279,86,-63,-404,-365
234720,10,823,16543,-18,-278,84,-64,-400,-362
234734,11,826,16537,-20,-277,81,-67,-406,-362
234748,16,826,16541,-19,-274,82,-68,-407,-367
234762,11,817,16546,-18,-272,83,-69,-401,-367
234776,24,818,16556,-18,-276,82,-67,-403,-361
234790,29,818,16542,-15,-278,86,-66,-401,-361
234804,26,819,16532,-21,-279,92,-63,-400,-362
234818,19,833,16549,-19,-274,88,-67,-406,-364
234832,17,829,16528,-18,-277,84,-69,-400,-362
234846,13,830,16525,-19,-276,81,-64,-403,-361
234860,-4,817,16542,-19,-277,87,-62,-401,-362
234874,25,830,16536,-21,-281,86,-63,-398,-367
234888,23,833,16521,-16,-283,90,-59,-401,-365
234902,20,829,16533,-17,-279,87,-66,-397,-364
234916,10,816,16531,-16,-279,86,-66,-409,-361
234930,30,814,16550,-20,-281,88,-72,-401,-366
234944,40,818,16543,-18,-279,84,-65,-404,-362
234958,20,823,16544,-23,-286,86,-68,-406,-366
234972,31,812,16547,-22,-280,89,-60,-397,-361
234986,15,820,16554,-18,-281,82,-64,-405,-357
235000,17,833,16541,-21,-276,83,-61,-403,-359
235014,6,822,16545,-19,-280,81,-64,-402,-359
235028,10,825,16552,-19,-279,85,-68,-408,-362
235042,17,829,16529,-22,-279,87,-64,-405,-360
235056,34,822,16553,-16,-275,85,-65,-404,-358
235070,29,829,16529,-17,-283,88,-68,-401,-363
235084,24,811,16529,-17,-284,84,-68,-403,-356
235098,19,821,16549,-20,-278,83,-64,-401,-363
235112,20,823,16541,-18,-278,89,-68,-409,-360
235126,22,834,16538,-18,-280,88,-66,-402,-363
235140,20,815,16550,-19,-280,86,-63,-402,-366
235154,10,827,16526,-18,-279,87,-67,-401,-363
235168,17,826,16532,-21,-277,91,-67,-411,-364
235182,27,813,16538,-21,-277,86,-64,-409,-361
235196,27,835,16535,-21,-280,83,-62,-409,-364
235210,36,829,16535,-20,-278,84,-60,-405,-365
235224,10,820,16548,-20,-282,91,-70,-405,-360
235238,31,827,16529,-16,-279,82,-65,-404,-358
235252,20,825,16530,-18,-280,84,-66,-400,-364
235266,6,840,16537,-19,-276,89,-66,-407,-364
235280,8,819,16528,-21,-278,84,-65,-402,-359
235294,14,811,16513,-16,-274,85,-62,-406,-359
235308,17,823,16531,-16,-277,82,-68,-406,-359
235322,34,831,16543,-24,-279,86,-65,-402,-360
235336,19,822,16539,-15,-283,87,-64,-403,-364
235350,25,821,16542,-19,-276,84,-66,-402,-360
235364,38,824,16532,-20,-273,89,-66,-401,-359
235378,20,826,16529,-19,-280,89,-66,-404,-362
235392,15,819,16533,-21,-276,85,-71,-399,-355
235406,19,822,16533,-16,-279,88,-68,-406,-362
235420,13,831,16529,-21,-281,85,-66,-403,-361
235434,16,823,16535,-21,-279,87,-72,-404,-363
235448,7,831,16543,-13,-276,80,-65,-399,-362
235462,25,823,16551,-16,-279,87,-66,-400,-366
235477,16,823,16531,-18,-276,79,-60,-401,-359
235491,28,808,16539,-21,-281,90,-63,-402,-360
235506,18,821,16544,-12,-282,88,-63,-403,-364
235520,20,824,16538,-19,-277,89,-66,-397,-361
235535,11,813,16534,-17,-279,84,-67,-406,-361
235549,9,826,16538,-15,-277,89,-61,-404,-363
235563,32,827,16533,-21,-277,87,-63,-410,-360
235577,21,827,16523,-17,-278,83,-68,-398,-361
235591,9,825,16533,-19,-279,81,-65,-400,-361
235605,38,808,16528,-16,-281,86,-67,-400,-361
235619,25,832,16541,-17,-279,87,-60,-400,-359
235634,19,813,16539,-17,-280,87,-65,-401,-363
235648,27,828,16539,-18,-274,82,-64,-401,-363
235663,24,827,16541,-19,-279,89,-66,-400,-365
235677,11,823,16537,-20,-282,88,-64,-403,-361
235692,12,823,16533,-17,-278,87,-62,-402,-361
235706,20,818,16531,-22,-276,89,-67,-400,-362
235721,23,828,16528,-19,-278,88,-64,-406,-362
235735,23,833,16526,-18,-276,87,-64,-402,-365
235750,27,826,16533,-21,-278,89,-72,-404,-363
235764,17,824,16547,-18,-275,82,-62,-405,-363
235779,28,818,16536,-20,-277,85,-64,-402,-362
235793,16,816,16559,-20,-275,84,-67,-404,-365
235808,34,819,16541,-14,-284,86,-67,-403,-360
235822,18,822,16535,-19,-282,85,-62,-407,-361
235837,13,820,16534,-12,-278,88,-66,-406,-358
235851,20,826,16535,-18,-278,86,-63,-399,-357
235866,26,839,16532,-24,-274,86,-65,-401,-358
235880,25,821,16526,-19,-279,81,-59,-408,-358
235895,13,822,16553,-17,-279,81,-64,-409,-364
235909,31,819,16524,-21,-278,87,-63,-401,-365
235924,21,817,16525,-17,-284,84,-62,-407,-361
235938,8,817,16546,-22,-280,84,-65,-404,-361
235952,19,819,16548,-23,-277,85,-71,-402,-366
235966,4,824,16528,-19,-280,92,-71,-405,-359
235980,-1,827,16540,-19,-282,86,-72,-405,-364
235994,24,816,16535,-19,-278,85,-66,-399,-362
236008,26,824,16530,-16,-278,88,-69,-400,-364
236023,28,824,16545,-16,-279,81,-73,-402,-366
236037,8,818,16549,-18,-275,85,-64,-403,-361
236051,13,839,16533,-20,-277,85,-59,-400,-365
236065,18,827,16541,-24,-281,81,-69,-403,-355
236079,31,835,16538,-20,-277,88,-67,-403,-365
236093,23,834,16535,-19,-278,86,-66,-405,-364
236107,14,825,16531,-16,-284,87,-65,-402,-360
236121,8,819,16539,-18,-285,81,-64,-404,-363
236135,12,821,16535,-20,-279,88,-62,-403,-364
236150,23,820,16542,-19,-275,86,-68,-406,-360
236164,37,824,16525,-14,-277,85,-66,-406,-362
236179,17,826,16538,-21,-278,85,-68,-407,-362
236193,7,815,16531,-22,-284,84,-63,-408,-366
236207,13,824,16545,-19,-281,86,-67,-403,-362
236221,28,827,16535,-17,-281,86,-65,-404,-365
236235,15,827,16548,-12,-277,85,-62,-400,-364
236249,16,831,16543,-18,-277,86,-66,-404,-366
236263,8,826,16539,-22,-278,85,-61,-406,-363
236277,5,831,16542,-21,-284,84,-65,-401,-363
236291,21,819,16529,-18,-282,85,-65,-404,-364
236305,28,825,16535,-16,-280,86,-64,-402,-366
236319,23,819,16547,-16,-279,86,-64,-405,-360
236333,22,824,16535,-23,-282,87,-64,-404,-365
236347,14,824,16542,-16,-281,84,-63,-405,-362
236361,25,818,16546,-17,-276,88,-63,-400,-361
236375,22,821,16559,-16,-281,86,-71,-400,-363
236389,31,828,16540,-14,-280,84,-67,-408,-360
236403,19,823,16530,-18,-280,83,-67,-405,-361
236417,6,815,16533,-22,-279,88,-67,-404,-364
236431,20,828,16526,-22,-279,83,-64,-406,-361
236445,7,827,16523,-18,-280,93,-63,-399,-364
236459,17,813,16530,-19,-283,95,-64,-399,-362
236473,25,817,16547,-16,-276,82,-62,-399,-358
236487,33,828,16544,-14,-276,88,-68,-400,-358
236501,19,824,16539,-17,-276,83,-62,-402,-359
236515,22,824,16538,-17,-279,84,-65,-402,-366
236529,23,829,16534,-19,-279,82,-67,-408,-362
236543,30,823,16539,-15,-281,86,-66,-404,-365
236557,14,825,16555,-13,-281,90,-69,-402,-361
236571,13,826,16550,-18,-278,82,-68,-404,-363
236585,27,818,16544,-19,-269,85,-63,-401,-364
236599,17,821,16529,-20,-277,85,-64,-405,-362
236613,31,829,16523,-16,-278,83,-63,-401,-366
236627,23,817,16544,-20,-278,87,-66,-405,-358
236641,18,816,16540,-22,-274,88,-63,-403,-364
236655,24,822,16534,-18,-286,85,-73,-405,-361
236669,12,835,16549,-18,-279,83,-67,-404,-361
236683,28,833,16529,-15,-281,87,-68,-406,-356
236697,20,824,16524,-17,-276,87,-60,-407,-359
236711,24,824,16540,-20,-280,87,-66,-403,-360
236725,17,824,16548,-17,-284,84,-67,-405,-362
236739,21,828,16549,-21,-280,83,-69,-405,-360
236753,8,817,16537,-19,-278,87,-64,-403,-362
236767,9,817,16539,-17,-278,87,-64,-401,-363
236781,21,825,16528,-20,-275,85,-62,-397,-366
236795,13,839,16539,-12,-277,81,-67,-403,-362
236809,31,822,16538,-17,-276,89,-65,-405,-364
236823,16,822,16544,-16,-276,86,-65,-400,-362
236837,7,823,16547,-17,-273,88,-68,-406,-361
236851,17,828,16548,-19,-279,85,-67,-400,-363
236865,23,820,16557,-20,-275,88,-60,-404,-356
236880,14,818,16541,-21,-279,84,-68,-404,-363
236894,27,836,16534,-15,-281,82,-62,-401,-359
236909,9,811,16540,-13,-273,87,-66,-408,-361
236923,23,820,16548,-19,-278,86,-63,-403,-361
236937,6,825,16536,-22,-283,89,-67,-407,-363
236951,14,823,16553,-24,-279,88,-66,-400,-365
236965,8,830,16539,-19,-275,91,-63,-399,-360
236979,23,819,16539,-23,-275,87,-64,-401,-362
236993,17,822,16545,-16,-276,87,-65,-410,-362
237007,29,835,16538,-18,-280,89,-66,-404,-365
237021,6,821,16529,-12,-276,90,-66,-404,-365
237035,37,821,16544,-17,-274,88,-65,-401,-360
237050,22,813,16528,-22,-277,85,-65,-407,-361
237064,17,830,16542,-19,-279,85,-64,-401,-365
237078,11,840,16544,-24,-276,87,-62,-401,-367
237092,26,824,16538,-17,-273,84,-63,-404,-369
237107,8,822,16551,-19,-281,92,-63,-408,-358
237121,25,832,16549,-19,-284,86,-67,-401,-363
237135,26,828,16547,-18,-283,84,-66,-405,-363
237149,22,821,16531,-17,-276,85,-64,-405,-364
237163,23,824,16542,-14,-278,85,-64,-399,-359
237177,31,827,16541,-21,-278,83,-70,-403,-368
237191,16,818,16539,-17,-281,81,-64,-403,-362
237205,22,825,16550,-18,-277,84,-63,-404,-360
237219,13,829,16544,-16,-275,87,-66,-406,-360
237233,12,835,16551,-20,-275,81,-64,-401,-360
237247,26,838,16541,-21,-276,79,-63,-407,-358
237261,31,821,16515,-21,-281,79,-63,-405,-363
237275,24,827,16554,-21,-280,85,-66,-401,-365
237289,26,829,16537,-20,-279,89,-61,-403,-360
237303,15,827,16540,-21,-276,90,-68,-399,-365
237317,20,835,16550,-22,-279,88,-70,-404,-359
237331,30,834,16547,-18,-278,85,-70,-404,-367
237345,10,814,16539,-18,-282,84,-67,-406,-360
237359,15,827,16547,-15,-280,87,-64,-405,-365
237373,24,825,16545,-17,-280,84,-66,-401,-362
237387,25,833,16554,-15,-271,83,-66,-403,-362
237401,17,835,16531,-19,-280,85,-62,-400,-366
237415,24,811,16534,-22,-279,88,-64,-407,-363
237429,31,824,16530,-14,-276,84,-62,-405,-363
237443,34,831,16552,-17,-280,88,-62,-401,-358
237457,16,822,16535,-16,-276,85,-66,-405,-365
237471,30,830,16528,-21,-278,86,-65,-403,-365
237485,-3,829,16551,-16,-281,85,-64,-403,-363
237499,6,831,16543,-14,-277,83,-72,-400,-362
237513,16,821,16547,-18,-280,84,-65,-408,-360
237527,9,829,16529,-16,-275,82,-67,-397,-361
237541,22,827,16542,-15,-276,82,-63,-401,-362
237555,22,811,16541,-15,-276,80,-66,-405,-365
237569,30,815,16539,-18,-277,88,-62,-401,-364
237583,20,816,16538,-28,-279,89,-66,-399,-363
237597,38,816,16550,-19,-280,87,-66,-409,-363
237611,16,832,16534,-18,-278,89,-70,-406,-361
237625,0,828,16545,-18,-276,87,-71,-405,-364
237639,12,829,16546,-18,-277,87,-61,-396,-363
237653,16,820,16536,-20,-279,90,-62,-402,-365
237667,17,817,16538,-22,-274,88,-66,-398,-360
237681,23,829,16524,-21,-279,94,-64,-402,-361
237695,18,816,16544,-18,-277,87,-65,-400,-366
237709,22,831,16545,-17,-280,88,-69,-408,-363
237723,38,825,16532,-22,-279,87,-69,-406,-359
237737,38,834,16529,-18,-277,83,-71,-401,-361
237751,34,831,16545,-17,-280,85,-68,-397,-362
237765,11,813,16547,-19,-277,82,-64,-407,-367
237779,16,827,16539,-17,-282,88,-60,-400,-366
237793,5,818,16541,-16,-279,84,-68,-402,-358
237807,7,822,16565,-18,-285,83,-67,-404,-362
237821,21,820,16533,-19,-279,86,-62,-401,-361
237835,18,826,16536,-15,-276,88,-65,-410,-363
237849,18,818,16529,-18,-276,88,-65,-408,-362
237863,19,813,16533,-21,-279,92,-67,-405,-358
237877,29,822,16540,-15,-277,87,-64,-406,-358
237891,10,821,16532,-17,-279,93,-65,-408,-364
237905,20,818,16534,-15,-279,87,-61,-401,-365
237919,8,827,16541,-18,-279,87,-66,-402,-365
237933,27,821,16530,-22,-279,87,-64,-405,-362
237947,18,815,16536,-12,-276,85,-71,-402,-357
237961,8,824,16544,-17,-281,85,-72,-401,-360
237975,21,831,16550,-15,-281,88,-68,-406,-358
237989,29,816,16531,-17,-278,87,-66,-400,-365
238003,18,819,16540,-19,-282,89,-66,-402,-363
238017,29,828,16545,-18,-276,83,-64,-407,-362
238031,19,823,16538,-17,-280,89,-67,-404,-363
238045,20,829,16531,-14,-277,87,-63,-409,-360
238059,18,826,16528,-16,-280,85,-66,-405,-361
238073,12,819,16521,-18,-280,86,-60,-402,-364
238087,14,822,16527,-16,-279,86,-66,-407,-361
238101,24,830,16529,-16,-280,84,-57,-403,-365
238115,32,821,16539,-17,-281,89,-68,-404,-363
238129,33,824,16539,-20,-281,88,-65,-400,-370
238143,16,818,16524,-15,-280,86,-67,-401,-359
238157,26,821,16522,-27,-284,85,-63,-400,-369
238171,26,825,16544,-19,-281,86,-61,-402,-359
238185,9,824,16535,-15,-279,86,-69,-402,-358
238199,23,812,16544,-24,-275,86,-63,-405,-363
238213,11,825,16540,-11,-277,84,-65,-402,-367
238227,33,821,16528,-18,-281,80,-63,-407,-362
238241,21,815,16550,-20,-275,86,-66,-403,-368
238255,22,829,16543,-19,-277,91,-67,-405,-365
238269,36,819,16542,-18,-279,92,-67,-404,-358
238283,12,826,16551,-10,-275,86,-62,-400,-365
238297,31,817,16536,-22,-278,81,-65,-406,-359
238311,33,830,16551,-17,-279,84,-62,-400,-359
238325,17,819,16549,-17,-276,86,-74,-402,-358
238339,10,823,16535,-10,-280,87,-69,-409,-366
238353,29,824,16531,-16,-287,82,-67,-404,-356
238367,18,831,16537,-18,-279,83,-65,-407,-363
238381,30,819,16527,-15,-280,90,-59,-407,-364
238395,22,820,16542,-15,-278,81,-63,-402,-364
238409,12,812,16536,-20,-275,87,-62,-402,-360
238423,26,815,16545,-20,-279,84,-71,-401,-352
238437,19,836,16552,-18,-278,88,-65,-401,-361
238451,13,825,16556,-17,-278,84,-70,-400,-364
238465,12,827,16538,-21,-281,87,-65,-407,-364
238479,25,825,16550,-16,-281,83,-64,-401,-358
238493,17,819,16522,-22,-279,86,-71,-399,-361
238507,22,812,16535,-21,-281,90,-63,-407,-360
238521,30,816,16541,-16,-281,86,-72,-406,-360
238535,38,826,16542,-21,-278,85,-65,-403,-358
238549,29,811,16528,-13,-276,86,-66,-403,-363
238563,28,811,16537,-15,-274,87,-67,-402,-360
238577,26,827,16545,-12,-276,82,-66,-407,-361
238591,20,816,16540,-18,-279,86,-64,-406,-365
238605,19,817,16522,-11,-274,86,-60,-404,-365
238619,22,813,16539,-20,-282,90,-71,-406,-361
238633,9,824,16532,-16,-275,81,-65,-407,-360
238648,31,817,16538,-18,-275,82,-68,-405,-364
238662,21,817,16536,-17,-274,81,-70,-400,-363
238676,32,817,16541,-19,-277,84,-64,-405,-358
238690,25,827,16554,-19,-275,83,-64,-401,-369
238704,18,815,16533,-16,-280,92,-69,-408,-364
238718,13,817,16529,-20,-275,84,-66,-404,-362
238732,17,820,16537,-17,-276,84,-66,-407,-362
238746,6,830,16539,-16,-279,83,-63,-402,-363
238761,12,840,16536,-18,-281,84,-69,-399,-366
238775,14,825,16536,-17,-276,81,-64,-405,-360
238789,18,812,16537,-16,-280,84,-71,-400,-362
238803,28,830,16537,-14,-275,89,-61,-403,-366
238817,21,815,16541,-17,-274,90,-68,-405,-364
238831,33,816,16547,-15,-278,83,-70,-406,-362
238845,44,826,16538,-12,-276,85,-64,-407,-365
238859,19,822,16545,-17,-282,87,-67,-406,-358
238873,11,820,16545,-18,-277,83,-62,-403,-363
238887,9,812,16553,-21,-282,86,-68,-405,-363
238902,8,835,16550,-14,-280,87,-66,-403,-364
238917,14,825,16533,-17,-280,87,-65,-405,-363
238931,26,814,16535,-19,-279,84,-62,-405,-367
238945,21,814,16541,-17,-282,82,-71,-406,-363
238959,27,821,16555,-11,-279,90,-66,-403,-365
238973,32,815,16529,-18,-277,84,-70,-404,-362
238987,19,823,16537,-20,-276,83,-62,-400,-367
239001,30,827,16536,-18,-278,86,-62,-403,-361
239015,12,821,16548,-22,-279,83,-65,-405,-364
239029,8,824,16543,-22,-278,85,-68,-404,-362
239044,17,835,16546,-25,-280,86,-65,-400,-361
239058,20,814,16541,-16,-279,84,-67,-402,-367
239072,34,820,16546,-21,-283,90,-73,-406,-362
239086,19,819,16541,-16,-285,85,-67,-406,-362
239100,19,825,16528,-19,-284,85,-67,-406,-358
239114,28,817,16540,-16,-280,77,-68,-404,-366
239128,26,820,16534,-16,-276,87,-71,-402,-363
239142,25,821,16541,-19,-276,85,-69,-408,-356
239156,16,825,16551,-21,-280,82,-63,-409,-366
239170,20,827,16537,-14,-275,84,-69,-403,-363
239184,24,814,16542,-20,-283,88,-64,-404,-362
239198,10,826,16555,-18,-281,85,-64,-403,-362
239212,31,824,16536,-19,-275,89,-62,-405,-363
239226,8,829,16533,-23,-282,89,-60,-407,-356
239241,-1,812,16537,-15,-281,88,-68,-405,-361
239256,32,824,16526,-19,-281,89,-64,-406,-360
239270,36,820,16529,-15,-282,85,-64,-402,-363
239284,20,828,16533,-20,-276,82,-64,-409,-364
239298,31,830,16544,-20,-277,79,-62,-404,-365
239312,26,830,16532,-12,-282,86,-65,-403,-362
239326,15,823,16546,-16,-278,87,-66,-411,-365
239340,30,822,16530,-19,-277,86,-59,-403,-360
239354,18,829,16555,-21,-277,88,-63,-405,-361
239368,13,834,16547,-14,-276,86,-67,-406,-361
239382,34,825,16531,-18,-275,82,-67,-404,-358
239396,24,813,16526,-14,-278,86,-64,-401,-361
239410,22,818,16541,-16,-276,86,-67,-401,-364
239424,18,815,16541,-13,-280,83,-66,-409,-363
239438,17,816,16542,-12,-277,83,-65,-403,-362
239452,15,827,16531,-19,-278,85,-66,-407,-364
239466,20,828,16528,-20,-275,86,-61,-406,-361
239480,25,832,16531,-15,-278,84,-66,-404,-358
239494,21,816,16532,-19,-278,88,-60,-407,-367
239508,14,814,16544,-21,-280,86,-67,-409,-368
239522,32,820,16530,-16,-278,86,-64,-404,-361
239536,28,819,16541,-17,-277,90,-66,-400,-364
239550,20,823,16523,-21,-280,86,-66,-408,-363
239564,27,833,16540,-24,-282,87,-71,-403,-362
239578,25,824,16540,-18,-276,87,-69,-408,-366
239592,25,832,16542,-21,-277,85,-67,-406,-364
239606,13,824,16543,-18,-277,84,-67,-403,-361
239620,6,829,16539,-20,-285,82,-65,-402,-364
239635,10,824,16540,-12,-284,84,-67,-405,-362
239649,22,828,16524,-17,-277,85,-66,-405,-360
239663,33,817,16527,-16,-272,88,-63,-401,-363
239677,29,823,16521,-17,-277,85,-67,-405,-359
239691,25,815,16543,-16,-281,87,-66,-401,-360
239705,26,831,16555,-16,-279,86,-69,-401,-358
239719,23,831,16534,-20,-281,91,-69,-410,-360
239733,16,823,16532,-10,-279,89,-67,-402,-361
239747,18,823,16548,-19,-277,86,-66,-407,-360
239761,11,834,16539,-18,-280,82,-65,-403,-357
239775,21,828,16533,-19,-277,86,-68,-403,-361
239789,13,836,16527,-20,-279,84,-58,-401,-361
239803,20,828,16546,-19,-279,87,-69,-402,-363
239817,20,818,16538,-14,-275,88,-64,-403,-361
239831,15,836,16548,-17,-277,83,-63,-406,-358
239845,19,827,16537,-16,-281,81,-67,-405,-362
239859,14,815,16525,-18,-280,85,-66,-404,-364
239873,15,831,16541,-20,-279,89,-61,-404,-362
239887,37,822,16533,-21,-278,88,-66,-406,-362
239901,18,823,16535,-18,-279,82,-69,-405,-359
239915,28,821,16543,-19,-278,88,-67,-408,-361
239929,25,818,16532,-20,-272,90,-68,-406,-362
239943,23,826,16546,-24,-281,89,-63,-401,-366
239957,14,831,16538,-16,-277,90,-72,-406,-361
239971,7,816,16535,-23,-276,89,-65,-401,-362
239985,0,827,16538,-22,-280,89,-59,-401,-359
240000,23,819,16538,-19,-276,89,-66,-401,-360
240014,43,824,16545,-16,-279,81,-64,-400,-364
240028,29,830,16553,-20,-277,80,-66,-406,-365
240042,20,827,16529,-20,-279,87,-64,-400,-364
240056,8,828,16534,-17,-280,81,-60,-404,-362
240070,13,825,16532,-17,-280,88,-68,-405,-364
240084,18,836,16536,-16,-278,85,-61,-403,-363
240098,8,832,16536,-16,-278,81,-67,-407,-362
240113,7,831,16529,-21,-276,88,-67,-402,-359
240128,28,823,16537,-15,-282,86,-67,-408,-360
240142,17,816,16531,-19,-285,84,-68,-400,-360
240156,26,823,16551,-16,-279,82,-69,-403,-356
240170,19,817,16543,-17,-280,84,-67,-409,-364
240184,12,813,16544,-15,-284,87,-63,-403,-362
240198,8,824,16519,-19,-277,83,-61,-405,-364
240213,24,833,16543,-17,-276,80,-66,-405,-361
240227,26,816,16526,-19,-279,86,-69,-408,-361
240241,26,827,16547,-18,-281,89,-61,-402,-362
240255,12,831,16537,-21,-277,90,-64,-403,-363
240269,21,824,16531,-19,-286,87,-67,-409,-365
240283,22,830,16526,-20,-276,80,-64,-400,-365
240297,17,816,16545,-24,-279,88,-66,-405,-362
240311,16,834,16521,-23,-276,87,-62,-403,-365
240325,28,822,16546,-11,-277,87,-72,-403,-365
240339,21,832,16538,-15,-282,87,-62,-403,-355
240353,24,814,16538,-16,-282,89,-59,-406,-360
240367,11,822,16523,-16,-277,85,-66,-405,-362
240381,7,823,16548,-15,-279,84,-67,-400,-362
240396,13,823,16554,-15,-276,90,-65,-404,-366
240410,15,836,16539,-21,-279,84,-67,-400,-357
240424,19,827,16537,-22,-282,87,-66,-407,-362
240438,22,833,16540,-24,-282,86,-60,-404,-357
240452,26,825,16537,-15,-286,90,-59,-397,-354
240466,26,830,16542,-17,-278,85,-62,-402,-363
240480,13,827,16555,-18,-277,87,-62,-408,-364
240494,18,821,16540,-16,-281,86,-66,-403,-363
240508,20,822,16542,-14,-280,80,-68,-402,-361
240522,18,825,16535,-15,-274,86,-61,-405,-356
240536,9,832,16538,-19,-277,91,-63,-402,-357
240550,31,832,16527,-17,-280,81,-63,-404,-361
240564,21,830,16528,-20,-273,78,-63,-403,-359
240578,17,825,16535,-18,-275,86,-66,-404,-366
240592,11,821,16551,-17,-280,89,-68,-403,-362
240606,30,820,16544,-18,-284,82,-67,-404,-366
240620,15,823,16541,-15,-281,84,-64,-400,-363
240634,38,823,16547,-14,-277,81,-59,-403,-360
240648,18,820,16538,-15,-278,85,-62,-401,-362
240662,25,815,16524,-21,-277,85,-66,-397,-363
240676,14,820,16551,-18,-277,86,-66,-402,-364
240690,28,824,16541,-19,-281,85,-63,-404,-360
240704,6,828,16536,-17,-281,82,-69,-404,-360
240718,34,817,16546,-14,-277,86,-60,-403,-365
240732,22,821,16525,-17,-277,88,-67,-405,-362
240746,22,836,16533,-14,-278,82,-63,-408,-362
240760,18,809,16550,-10,-277,84,-63,-409,-360
240774,37,822,16541,-15,-281,84,-62,-404,-360
240788,12,824,16541,-15,-274,84,-64,-399,-361
240802,14,817,16545,-14,-272,84,-63,-404,-363
240816,20,826,16542,-22,-283,85,-61,-408,-362
240830,9,818,16542,-19,-280,87,-65,-402,-360
240844,37,826,16531,-20,-278,89,-67,-406,-361
240858,30,828,16543,-21,-281,84,-64,-404,-366
240872,27,820,16533,-16,-275,86,-65,-402,-366
240886,9,818,16548,-19,-277,89,-69,-404,-364
240900,38,816,16528,-19,-279,87,-63,-404,-366
240914,17,820,16542,-15,-275,85,-65,-399,-362
240928,26,826,16551,-20,-280,84,-59,-405,-360
240942,26,820,16540,-21,-277,86,-68,-400,-364
240956,13,831,16533,-15,-279,78,-63,-399,-362
240970,18,824,16536,-15,-278,84,-65,-402,-358
240984,22,827,16519,-14,-283,86,-67,-404,-360
240998,14,830,16540,-16,-274,84,-65,-401,-366
241012,14,819,16546,-15,-277,87,-70,-399,-363
241026,23,818,16533,-18,-277,87,-70,-404,-362
241040,25,819,16527,-19,-279,83,-65,-404,-360
241054,16,826,16522,-17,-283,89,-66,-411,-365
241068,29,820,16542,-16,-278,88,-66,-408,-360
241082,21,827,16532,-17,-279,89,-66,-402,-363
241096,24,824,16523,-17,-282,86,-66,-401,-369
241110,13,824,16526,-20,-279,82,-61,-406,-368
241124,18,821,16535,-16,-275,86,-70,-404,-359
241138,18,826,16533,-16,-281,85,-68,-403,-364
241152,24,832,16540,-20,-281,83,-66,-406,-358
241166,26,815,16534,-21,-282,88,-63,-405,-364
241180,15,828,16530,-20,-281,82,-66,-406,-364
241194,20,829,16527,-17,-279,87,-65,-402,-362
241208,29,828,16545,-15,-277,83,-64,-406,-361
241222,11,839,16526,-16,-277,89,-62,-404,-363
241236,3,829,16533,-12,-277,84,-65,-399,-370
241250,18,826,16541,-16,-284,87,-65,-404,-364
241264,22,816,16531,-19,-276,84,-65,-397,-361
241278,29,827,16541,-15,-280,80,-67,-407,-364
241292,19,823,16533,-18,-281,88,-59,-397,-361
241306,26,818,16537,-22,-280,89,-63,-402,-366
241320,12,823,16541,-17,-279,88,-65,-406,-358
241334,26,833,16525,-20,-284,85,-67,-403,-362
241348,20,833,16538,-14,-281,83,-66,-400,-368
241362,17,823,16529,-23,-279,85,-65,-403,-362
241376,26,829,16521,-18,-282,84,-65,-405,-358
241390,37,829,16548,-24,-280,85,-71,-402,-359
241404,3,829,16526,-17,-281,78,-64,-404,-364
241418,19,824,16538,-12,-279,85,-66,-407,-367
241432,11,821,16527,-19,-279,88,-65,-404,-359
241446,18,822,16521,-21,-283,86,-64,-407,-362
241460,17,820,16551,-15,-278,84,-69,-404,-359
241474,32,818,16540,-18,-276,93,-66,-401,-364
241488,19,829,16538,-17,-284,83,-66,-406,-362
241502,30,820,16527,-21,-281,80,-63,-406,-362
241516,26,829,16545,-15,-282,86,-65,-400,-365
241530,20,808,16536,-21,-278,83,-67,-404,-363
241544,9,822,16523,-12,-276,84,-66,-408,-360
241558,17,831,16531,-17,-279,81,-64,-402,-364
241572,13,830,16537,-19,-282,86,-63,-402,-367
241586,32,824,16525,-18,-280,85,-69,-405,-358
241600,22,817,16538,-17,-279,81,-68,-406,-360
241614,12,817,16522,-17,-279,86,-69,-405,-364
241628,17,816,16540,-20,-278,82,-68,-404,-362
241642,36,811,16524,-26,-283,86,-66,-401,-363
241656,10,829,16529,-19,-277,88,-67,-405,-360
241670,20,834,16537,-15,-277,84,-63,-408,-363
241684,23,822,16529,-20,-281,91,-63,-406,-361
241698,19,827,16517,-16,-281,83,-67,-405,-362
241712,21,834,16540,-16,-277,82,-65,-405,-367
241726,23,815,16528,-13,-281,82,-67,-400,-368
241740,20,820,16532,-18,-276,90,-61,-406,-364
241754,17,825,16532,-16,-275,87,-67,-404,-364
241768,14,825,16535,-12,-281,88,-64,-399,-359
241782,19,818,16520,-15,-275,89,-58,-405,-363
241796,22,829,16551,-18,-277,85,-62,-399,-364
241810,21,817,16557,-16,-277,80,-66,-401,-359
241824,17,820,16522,-23,-274,85,-65,-403,-370
241838,18,824,16540,-18,-280,85,-66,-405,-361
241852,17,820,16533,-21,-279,80,-64,-408,-364
241866,20,829,16535,-16,-279,91,-67,-409,-363
241880,17,831,16552,-20,-282,94,-63,-404,-361
241894,12,826,16530,-17,-276,89,-69,-403,-360
241908,29,829,16540,-14,-278,84,-63,-402,-360
241922,15,814,16527,-15,-280,84,-68,-406,-363
241936,25,826,16527,-18,-282,84,-65,-411,-361
241950,32,817,16546,-18,-281,86,-64,-404,-364
241964,31,809,16536,-19,-280,90,-64,-403,-365
241978,29,821,16533,-19,-273,83,-67,-404,-363
241992,15,817,16534,-20,-279,88,-62,-408,-361
242006,23,815,16537,-23,-278,90,-62,-405,-361
242020,11,801,16538,-19,-280,83,-67,-405,-357
242034,15,820,16536,-20,-280,84,-69,-404,-365
242048,27,823,16532,-18,-281,82,-65,-403,-363
242062,29,836,16514,-18,-278,83,-60,-403,-366
242076,4,831,16526,-16,-276,89,-67,-410,-362
242091,4,823,16545,-24,-278,85,-61,-405,-363
242105,20,831,16523,-15,-282,84,-62,-404,-361
242119,35,817,16532,-14,-283,86,-66,-406,-361
242133,23,822,16531,-20,-278,82,-66,-402,-363
242147,30,824,16516,-13,-280,84,-62,-407,-363
242161,33,822,16551,-14,-278,85,-63,-405,-367
242175,21,822,16527,-24,-276,83,-70,-403,-360
242189,20,835,16527,-25,-277,89,-66,-397,-363
242203,28,822,16537,-16,-276,90,-63,-405,-364
242217,25,832,16516,-20,-281,89,-65,-403,-361
242231,38,818,16532,-13,-277,85,-66,-405,-365
242245,21,817,16527,-12,-274,85,-67,-404,-358
242259,16,827,16541,-13,-277,83,-61,-405,-358
242273,10,833,16528,-13,-274,84,-69,-406,-360
242287,24,832,16536,-18,-279,92,-64,-407,-366
242301,26,827,16537,-17,-277,82,-63,-407,-361
242315,12,817,16534,-17,-283,89,-68,-407,-362
242329,4,835,16546,-18,-279,86,-67,-404,-364
242343,17,818,16536,-21,-276,90,-67,-400,-364
242357,18,825,16528,-21,-280,91,-68,-405,-362
242371,17,829,16532,-19,-278,84,-69,-403,-364
242385,16,820,16530,-19,-279,86,-67,-410,-356
242399,23,818,16547,-19,-279,88,-64,-405,-361
242413,20,822,16542,-17,-281,82,-69,-403,-364
242427,13,826,16536,-19,-277,82,-64,-405,-361
242441,13,824,16542,-18,-275,85,-67,-406,-364
242455,25,828,16534,-21,-284,85,-65,-401,-361
242469,25,828,16532,-26,-281,88,-66,-400,-363
242483,9,826,16547,-16,-282,87,-70,-407,-363
242497,21,838,16535,-17,-280,87,-56,-401,-363
242511,23,818,16543,-18,-277,88,-63,-405,-362
242525,27,820,16549,-14,-274,87,-74,-400,-363
242539,26,826,16546,-21,-273,87,-66,-404,-360
242553,15,821,16520,-22,-278,88,-65,-405,-360
242567,30,819,16534,-19,-281,86,-68,-406,-361
242581,9,826,16534,-20,-277,84,-63,-404,-356
242596,22,837,16540,-17,-279,89,-68,-400,-360
242610,29,825,16535,-19,-276,83,-65,-404,-366
242624,31,815,16543,-20,-278,89,-66,-404,-355
242638,15,820,16539,-26,-282,87,-72,-399,-360
242652,19,810,16543,-19,-275,82,-64,-403,-359
242666,11,825,16540,-19,-276,87,-70,-401,-357
242680,20,826,16525,-19,-280,89,-70,-399,-360
242694,23,839,16551,-21,-280,91,-72,-403,-362
242708,14,822,16536,-23,-277,85,-64,-400,-358
242722,27,816,16534,-19,-281,85,-67,-402,-359
242736,14,819,16549,-19,-276,87,-64,-401,-361
242750,21,827,16535,-22,-279,87,-65,-402,-361
242764,20,813,16527,-16,-276,88,-64,-407,-362
242778,24,824,16536,-23,-280,85,-70,-402,-364
242792,16,827,16537,-17,-279,87,-69,-404,-361
242806,15,829,16526,-15,-275,83,-59,-402,-364
242820,20,826,16531,-18,-279,85,-66,-403,-363
242834,27,817,16535,-16,-281,91,-65,-406,-360
242848,17,820,16542,-23,-277,92,-64,-405,-363
242862,22,819,16536,-16,-283,86,-62,-403,-364
242876,21,817,16547,-19,-278,84,-70,-399,-359
242890,18,817,16548,-20,-277,85,-62,-405,-362
242904,22,816,16532,-15,-279,83,-67,-403,-363
242918,21,834,16525,-16,-279,90,-64,-405,-364
242932,7,827,16525,-23,-277,85,-71,-404,-359
242946,27,816,16523,-22,-278,88,-74,-402,-361
242960,22,829,16539,-24,-274,84,-63,-401,-361
242974,24,821,16532,-18,-274,89,-60,-404,-361
242988,24,823,16533,-20,-280,90,-66,-404,-365
243002,12,827,16530,-24,-281,81,-64,-400,-363
243016,14,817,16532,-20,-281,82,-65,-407,-363
243030,27,836,16527,-18,-282,83,-62,-398,-363
243044,21,824,16533,-20,-280,87,-67,-405,-361
243058,29,820,16545,-20,-278,87,-74,-402,-366
243072,23,821,16532,-21,-278,84,-66,-408,-360
243086,17,819,16538,-16,-277,87,-68,-401,-356
243100,25,831,16552,-19,-277,87,-66,-405,-363
243114,21,822,16539,-21,-276,87,-69,-400,-362
243128,23,834,16519,-17,-276,84,-61,-400,-362
243142,27,819,16541,-17,-280,85,-64,-402,-362
243156,10,815,16523,-19,-275,83,-65,-405,-360
243170,5,822,16527,-17,-279,89,-69,-404,-362
243184,18,829,16518,-18,-276,87,-65,-407,-366
243198,13,823,16519,-13,-274,87,-62,-407,-361
243212,26,830,16537,-21,-275,84,-63,-406,-365
243226,23,829,16538,-20,-279,91,-66,-405,-363
243240,20,830,16534,-26,-279,86,-59,-404,-361
243254,25,820,16537,-24,-282,87,-64,-403,-362
243268,21,814,16530,-23,-274,87,-64,-406,-361
243282,14,816,16525,-18,-275,82,-66,-406,-366
243296,16,838,16529,-17,-279,80,-64,-402,-354
243310,29,820,16534,-17,-277,80,-67,-407,-369
243324,8,833,16532,-18,-272,85,-62,-400,-362
243338,5,825,16533,-21,-284,85,-63,-406,-367
243353,27,819,16537,-19,-281,89,-63,-404,-360
243367,20,826,16531,-19,-277,86,-66,-407,-356
243381,25,810,16517,-16,-280,90,-62,-400,-366
243395,28,826,16522,-18,-279,89,-64,-405,-361
243409,22,824,16535,-18,-278,85,-66,-407,-359
243423,9,817,16518,-21,-279,82,-69,-405,-364
243437,13,826,16531,-21,-278,86,-61,-404,-363
243451,41,810,16523,-16,-281,89,-64,-407,-362
243465,14,820,16536,-20,-281,87,-66,-405,-364
243479,13,811,16537,-16,-280,89,-71,-403,-364
243493,12,817,16532,-19,-279,82,-60,-404,-364
243507,9,824,16525,-15,-277,85,-66,-410,-357
243521,16,816,16530,-22,-276,85,-68,-407,-361
243535,34,821,16523,-17,-278,83,-67,-401,-366
243549,16,826,16539,-17,-277,84,-67,-403,-363
243563,30,833,16529,-16,-276,84,-69,-404,-363
243577,6,815,16533,-18,-275,86,-64,-406,-365
243591,20,812,16529,-13,-277,83,-64,-408,-366
243605,14,834,16539,-18,-280,85,-68,-402,-365
243619,12,827,16531,-20,-279,84,-71,-404,-366
243633,19,836,16537,-11,-281,83,-68,-401,-364
243647,9,816,16528,-15,-276,86,-64,-405,-362
243661,32,821,16540,-15,-281,88,-63,-402,-362
243675,16,825,16537,-16,-280,89,-66,-404,-361
243689,17,821,16523,-10,-274,80,-71,-400,-363
243703,28,822,16539,-23,-279,80,-67,-401,-357
243717,27,825,16530,-18,-277,83,-67,-401,-362
243731,18,832,16539,-21,-275,83,-63,-409,-362
243745,18,816,16533,-19,-272,86,-65,-403,-364
243759,17,823,16523,-21,-277,85,-66,-404,-365
243773,6,823,16534,-18,-282,88,-61,-403,-360
243787,21,817,16545,-12,-277,86,-68,-403,-363
243801,24,824,16533,-21,-281,87,-67,-402,-367
243815,17,829,16541,-17,-282,81,-64,-403,-360
243829,33,835,16526,-21,-278,80,-62,-400,-362
243843,27,824,16534,-19,-277,84,-70,-406,-357
243857,15,830,16532,-15,-280,87,-68,-406,-361
243871,21,817,16532,-20,-279,84,-63,-401,-357
243885,13,822,16531,-19,-277,87,-64,-401,-363
243899,9,827,16530,-19,-276,84,-67,-401,-360
243913,13,821,16533,-21,-276,86,-64,-402,-361
243927,12,829,16546,-17,-278,83,-70,-409,-362
243941,30,812,16531,-22,-278,83,-69,-400,-358
243955,38,832,16536,-19,-276,86,-67,-401,-365
243969,22,827,16545,-17,-281,88,-64,-401,-361
243983,24,817,16523,-19,-281,86,-66,-407,-359
243997,18,829,16517,-17,-278,88,-62,-403,-363
244011,15,829,16530,-17,-278,89,-63,-404,-361
244025,22,817,16542,-18,-275,80,-65,-402,-362
244039,26,826,16531,-16,-271,84,-69,-400,-362
244053,1,819,16521,-13,-280,87,-69,-406,-367
244067,24,830,16538,-22,-283,84,-66,-402,-360
244081,20,834,16534,-19,-285,85,-65,-400,-358
244095,28,829,16533,-18,-281,83,-66,-406,-365
244109,32,824,16535,-16,-278,84,-64,-408,-359
244123,5,822,16516,-14,-279,89,-65,-407,-365
244137,25,827,16541,-12,-280,81,-62,-404,-358
244151,16,828,16545,-16,-276,79,-65,-404,-359
244165,19,827,16525,-15,-283,80,-65,-404,-366
244179,10,811,16532,-12,-277,85,-64,-403,-360
244193,17,826,16530,-16,-279,84,-69,-406,-364
244207,31,824,16530,-20,-281,82,-66,-404,-364
244221,16,837,16522,-17,-278,82,-59,-405,-364
244235,24,827,16545,-16,-280,86,-67,-403,-358
244249,19,820,16534,-22,-278,83,-63,-398,-366
244263,29,825,16532,-14,-276,89,-64,-405,-366
244277,10,827,16534,-18,-280,82,-64,-404,-363
244291,24,837,16522,-19,-280,84,-70,-400,-362
244305,19,821,16536,-17,-277,86,-67,-408,-365
244319,18,818,16555,-24,-278,89,-63,-399,-362
244333,12,825,16529,-20,-279,83,-64,-402,-359
244347,17,815,16519,-17,-277,83,-67,-402,-354
244361,31,822,16541,-18,-282,85,-63,-402,-359
244375,23,826,16529,-22,-277,85,-66,-409,-363
244389,27,812,16540,-14,-278,84,-68,-405,-359
244403,21,815,16537,-16,-281,85,-66,-400,-358
244417,31,825,16538,-18,-279,85,-68,-403,-361
244431,28,811,16535,-17,-277,86,-70,-406,-360
244445,26,816,16560,-21,-278,87,-69,-401,-361
244459,28,832,16538,-17,-279,82,-66,-403,-365
244473,15,826,16529,-16,-280,83,-62,-402,-364
244487,24,833,16549,-17,-276,84,-62,-402,-359
244501,18,813,16552,-16,-277,86,-62,-404,-365
244515,34,826,16542,-18,-285,84,-66,-405,-362
244529,27,821,16545,-22,-283,87,-68,-402,-362
244543,18,825,16518,-17,-277,85,-60,-401,-360
244557,24,831,16525,-20,-280,81,-68,-407,-365
244571,6,838,16542,-19,-277,82,-71,-408,-362
244585,31,842,16536,-23,-278,88,-60,-403,-360
244599,3,825,16540,-20,-281,87,-64,-400,-363
244613,29,817,16536,-22,-279,84,-62,-404,-361
244627,10,814,16524,-23,-277,88,-65,-404,-365
244641,21,825,16544,-23,-280,90,-67,-402,-363
244655,33,822,16538,-20,-280,89,-72,-401,-363
244669,20,816,16543,-19,-281,92,-67,-401,-360
244683,32,823,16546,-18,-278,85,-63,-400,-359
244697,32,823,16530,-20,-279,88,-65,-404,-367
244711,22,814,16542,-17,-277,89,-64,-405,-365
244725,7,827,16539,-19,-280,88,-69,-402,-364
244739,14,820,16542,-20,-276,83,-60,-405,-364
244753,28,824,16527,-21,-281,83,-66,-405,-361
244767,38,825,16540,-19,-279,80,-71,-406,-362
244781,40,833,16533,-17,-279,81,-60,-405,-362
244795,20,824,16535,-20,-279,91,-61,-410,-363
244809,28,825,16538,-25,-274,91,-65,-404,-364
244823,30,813,16547,-12,-277,84,-73,-401,-360
244837,10,816,16527,-19,-278,91,-68,-401,-366
244851,13,826,16541,-16,-281,90,-65,-402,-366
244865,30,833,16540,-16,-276,89,-70,-402,-363
244879,22,828,16537,-15,-277,86,-67,-403,-364
244893,20,827,16539,-16,-273,88,-68,-403,-361
244907,13,831,16542,-17,-274,86,-65,-401,-366
244921,30,815,16543,-16,-274,89,-67,-399,-362
244935,28,824,16536,-15,-276,89,-70,-400,-364
244949,27,820,16524,-20,-278,86,-67,-404,-366
244963,18,819,16525,-16,-282,82,-69,-403,-360
244977,19,828,16544,-19,-281,87,-69,-404,-362
244991,14,825,16528,-22,-283,87,-69,-404,-364
245005,9,830,16540,-17,-281,91,-57,-404,-363
245019,35,825,16534,-18,-276,89,-66,-400,-358
245033,9,833,16532,-22,-276,88,-62,-403,-365
245047,12,818,16553,-21,-278,84,-61,-400,-364
245061,23,825,16541,-22,-281,92,-67,-407,-363
245075,21,821,16555,-21,-280,92,-68,-397,-360
245089,15,819,16541,-16,-274,81,-68,-402,-360
245103,10,817,16533,-11,-280,85,-64,-400,-365
245117,11,824,16530,-17,-280,88,-60,-403,-361
245131,20,824,16545,-19,-282,88,-60,-406,-363
245145,22,821,16528,-16,-281,87,-64,-405,-367
245159,19,829,16529,-15,-278,85,-68,-407,-361
245173,12,828,16537,-18,-275,84,-64,-406,-364
245187,15,820,16535,-17,-278,89,-68,-404,-361
245201,20,823,16539,-19,-278,85,-64,-403,-364
245215,21,830,16527,-15,-284,85,-68,-405,-366
245229,8,814,16534,-17,-275,83,-64,-404,-359
245243,17,826,16547,-19,-275,84,-67,-406,-364
245257,28,822,16546,-19,-277,89,-69,-401,-363
245271,21,819,16545,-17,-277,85,-63,-408,-360
245285,26,815,16547,-21,-280,86,-64,-410,-365
245299,6,817,16524,-19,-277,88,-71,-405,-360
245313,25,822,16532,-22,-280,87,-64,-401,-365
245327,14,829,16526,-22,-282,85,-64,-405,-360
245341,19,817,16548,-21,-277,90,-63,-404,-362
245355,27,831,16554,-16,-279,89,-64,-403,-364
245369,12,818,16542,-19,-282,86,-61,-409,-364
245383,27,818,16528,-18,-281,86,-64,-399,-360
245397,21,837,16549,-20,-278,85,-65,-405,-361
245411,24,823,16542,-21,-275,87,-65,-395,-364
245425,6,820,16534,-19,-279,89,-68,-404,-360
245439,15,831,16534,-15,-276,88,-71,-402,-363
245453,19,822,16539,-19,-277,85,-64,-400,-363
245467,19,823,16532,-16,-279,91,-69,-399,-361
245481,17,827,16556,-15,-278,89,-65,-401,-360
245495,8,816,16541,-17,-280,87,-65,-405,-364
245509,22,829,16533,-17,-275,84,-64,-402,-359
245523,15,817,16535,-20,-274,80,-66,-402,-363
245537,21,829,16534,-19,-275,86,-67,-406,-367
245551,16,827,16545,-14,-276,88,-69,-402,-360
245565,12,829,16535,-19,-275,87,-64,-404,-361
245579,15,824,16544,-16,-280,87,-61,-404,-363
245593,17,818,16544,-15,-275,87,-71,-408,-365
245607,21,812,16546,-21,-276,87,-64,-404,-366
245621,21,826,16547,-21,-281,88,-66,-401,-358
245635,18,823,16546,-16,-279,86,-65,-406,-363
245649,25,811,16531,-18,-284,84,-61,-402,-360
245663,21,818,16533,-13,-281,86,-65,-405,-358
245677,39,820,16537,-17,-277,84,-65,-402,-363
245691,18,817,16550,-17,-279,81,-64,-407,-363
245705,10,833,16555,-20,-280,86,-65,-404,-358
245719,18,817,16542,-21,-277,89,-63,-403,-356
245733,18,819,16548,-21,-279,83,-63,-407,-361
245747,35,828,16545,-18,-280,83,-65,-401,-359
245761,14,824,16545,-23,-281,85,-66,-408,-364
245775,8,829,16556,-19,-273,89,-70,-402,-367
245789,19,832,16542,-21,-274,86,-64,-403,-360
245803,15,826,16564,-20,-279,87,-64,-406,-362
245817,25,831,16539,-19,-282,83,-60,-401,-364
245831,17,828,16543,-19,-282,85,-66,-406,-361
245845,27,824,16551,-22,-276,90,-63,-399,-357
245859,20,825,16526,-20,-283,84,-64,-403,-361
245873,28,822,16544,-11,-273,82,-66,-404,-362
245887,22,828,16542,-16,-280,86,-68,-406,-359
245901,24,841,16537,-18,-279,86,-65,-403,-362
245915,12,814,16528,-18,-275,81,-66,-402,-364
245929,16,824,16526,-13,-279,84,-68,-405,-365
245943,20,810,16540,-18,-279,89,-62,-401,-361
245957,16,832,16543,-20,-279,88,-63,-401,-365
245971,16,827,16545,-19,-283,84,-66,-408,-364
245985,7,813,16548,-18,-277,86,-69,-400,-356
245999,13,820,16558,-15,-274,89,-66,-403,-361
246013,32,828,16536,-16,-282,82,-68,-402,-364
246027,21,825,16537,-21,-280,89,-64,-406,-364
246041,18,833,16542,-17,-275,92,-62,-409,-366
246055,15,820,16540,-22,-275,84,-67,-398,-364
246069,28,827,16549,-19,-280,86,-63,-404,-364
246083,18,809,16534,-19,-282,83,-68,-404,-362
246097,18,833,16538,-19,-285,92,-64,-403,-363
246111,26,830,16547,-11,-277,88,-63,-407,-358
246125,21,823,16542,-16,-275,85,-65,-405,-360
246139,28,822,16550,-17,-280,84,-69,-404,-362
246153,16,816,16548,-16,-279,83,-62,-403,-364
246167,25,825,16546,-21,-282,80,-66,-403,-361
246181,24,808,16530,-18,-280,90,-65,-409,-357
246195,18,817,16547,-20,-272,86,-66,-406,-364
246209,18,833,16521,-16,-278,86,-67,-399,-365
246223,32,826,16549,-15,-278,91,-67,-408,-357
246237,15,828,16537,-25,-279,86,-68,-400,-363
246251,19,823,16540,-21,-282,87,-66,-407,-364
246265,20,821,16549,-19,-279,85,-63,-400,-362
246279,15,814,16531,-14,-275,83,-65,-403,-361
246293,17,823,16548,-19,-280,82,-68,-398,-360
246307,15,827,16544,-12,-280,83,-65,-401,-358
246321,21,825,16553,-12,-276,86,-67,-403,-360
246335,23,827,16534,-16,-275,82,-65,-403,-360
246349,29,828,16536,-13,-280,89,-67,-406,-358
246363,15,825,16547,-21,-280,89,-64,-402,-365
246377,18,820,16531,-25,-284,88,-67,-405,-362
246391,28,824,16535,-15,-275,86,-66,-404,-363
246405,17,823,16541,-25,-282,89,-67,-403,-366
246419,22,824,16535,-21,-280,92,-64,-403,-360
246433,31,816,16545,-23,-277,89,-66,-401,-368
246447,26,825,16538,-19,-280,84,-66,-407,-364
246461,15,817,16526,-19,-277,85,-61,-397,-363
246475,21,806,16537,-15,-276,83,-63,-405,-363
246489,21,816,16535,-16,-278,84,-71,-403,-365
246503,14,832,16528,-19,-279,91,-66,-405,-362
246517,15,828,16543,-17,-282,83,-66,-400,-364
246531,25,816,16539,-22,-282,82,-65,-405,-359
246545,19,820,16534,-25,-277,84,-69,-399,-362
246559,2,823,16537,-15,-279,82,-67,-404,-364
246573,2,821,16533,-19,-278,89,-63,-406,-363
246587,18,833,16547,-16,-280,86,-69,-401,-362
246601,14,826,16549,-16,-280,86,-61,-405,-361
246615,22,822,16531,-16,-280,88,-63,-403,-367
246629,19,814,16549,-19,-277,89,-69,-408,-363
246643,11,820,16536,-21,-278,88,-61,-406,-361
246657,29,817,16547,-12,-276,86,-70,-400,-363
246671,27,821,16542,-17,-278,85,-62,-408,-367
246685,20,826,16529,-11,-281,88,-66,-405,-365
246699,19,824,16545,-20,-281,84,-62,-407,-364
246713,13,816,16543,-20,-278,86,-68,-405,-361
246727,24,825,16545,-18,-278,86,-66,-404,-364
246741,19,830,16541,-17,-276,83,-68,-405,-361
246755,25,820,16525,-13,-278,85,-67,-406,-361
246769,20,836,16529,-18,-279,81,-65,-403,-358
246783,9,818,16529,-17,-275,83,-65,-408,-367
246797,20,807,16528,-16,-282,88,-68,-402,-361
246811,14,820,16536,-15,-279,90,-63,-402,-366
246825,21,833,16549,-18,-279,87,-68,-402,-360
246839,20,825,16557,-18,-277,83,-70,-402,-365
246853,25,825,16540,-19,-276,82,-59,-404,-362
246867,12,822,16546,-19,-278,87,-70,-403,-365
246881,21,827,16551,-12,-280,87,-66,-406,-359
246895,18,830,16534,-17,-275,90,-68,-405,-360
246909,15,825,16535,-16,-279,84,-66,-403,-367
246923,19,822,16537,-13,-282,86,-61,-407,-366
246937,20,827,16551,-17,-277,88,-65,-398,-366
246951,16,833,16537,-15,-278,84,-70,-405,-357
246965,16,818,16530,-18,-276,82,-64,-408,-366
246979,40,811,16547,-14,-276,85,-65,-403,-362
246993,32,830,16537,-20,-279,84,-67,-404,-359
247007,28,811,16540,-15,-274,85,-63,-406,-364
247021,18,819,16534,-19,-277,90,-65,-407,-369
247035,28,829,16531,-21,-280,87,-69,-404,-365
247049,23,827,16525,-18,-279,87,-63,-406,-366
247063,6,822,16542,-17,-275,87,-68,-408,-365
247077,18,822,16536,-19,-280,84,-66,-407,-362
247091,20,811,16547,-17,-273,85,-65,-405,-367
247105,11,819,16529,-19,-278,83,-67,-405,-361
247119,25,831,16539,-17,-281,76,-64,-401,-368
247133,21,836,16543,-15,-279,84,-67,-406,-356
247147,27,815,16537,-16,-281,85,-65,-409,-359
247161,20,831,16541,-19,-280,86,-63,-403,-367
247175,16,828,16545,-19,-276,82,-66,-400,-366
247189,22,819,16552,-19,-278,86,-65,-401,-360
247203,10,825,16544,-22,-283,83,-63,-403,-365
247217,23,826,16541,-20,-280,89,-65,-406,-364
247231,29,824,16538,-17,-279,89,-69,-402,-363
247245,32,838,16519,-20,-274,84,-63,-404,-364
247259,22,823,16554,-18,-277,86,-65,-405,-360
247273,20,821,16530,-21,-279,83,-68,-406,-367
247287,19,814,16537,-17,-278,83,-67,-406,-362
247301,16,825,16532,-15,-283,85,-69,-399,-369
247315,17,828,16534,-14,-279,85,-64,-403,-364
247329,28,825,16541,-18,-276,85,-67,-406,-361
247343,18,826,16537,-12,-275,84,-69,-404,-366
247357,11,825,16548,-19,-277,84,-65,-406,-368
247371,17,817,16551,-14,-273,81,-67,-409,-362
247385,14,820,16534,-21,-276,81,-66,-407,-369
247399,23,804,16538,-16,-279,84,-65,-403,-362
247413,23,823,16536,-15,-279,83,-65,-407,-367
247427,18,830,16550,-16,-273,92,-65,-404,-365
247441,25,832,16542,-20,-275,86,-69,-405,-361
247455,2,827,16547,-17,-275,83,-69,-406,-368
247469,24,824,16541,-17,-279,87,-65,-406,-363
247483,15,824,16539,-22,-276,82,-61,-409,-372
247497,20,825,16552,-19,-279,86,-69,-397,-361
247511,29,833,16545,-19,-279,83,-58,-409,-365
247525,4,823,16540,-18,-276,80,-61,-406,-358
247539,16,822,16547,-16,-282,87,-64,-400,-359
247553,33,824,16538,-18,-279,84,-63,-402,-366
247567,21,840,16526,-21,-271,86,-64,-410,-359
247581,21,822,16549,-23,-281,82,-64,-403,-362
247595,17,822,16538,-15,-283,90,-67,-402,-364
247609,14,827,16550,-20,-277,87,-61,-398,-366
247623,9,824,16564,-19,-278,88,-70,-401,-364
247637,29,825,16545,-20,-279,88,-66,-400,-362
247651,28,811,16540,-19,-277,85,-69,-403,-362
247665,24,824,16543,-17,-276,84,-64,-408,-366
247679,27,823,16545,-20,-281,82,-67,-407,-363
247693,32,835,16560,-20,-278,90,-67,-400,-360
247707,4,823,16536,-19,-279,91,-65,-406,-364
247721,26,829,16547,-16,-275,89,-62,-403,-364
247735,13,826,16546,-9,-274,84,-66,-399,-359
247749,20,825,16541,-13,-280,82,-65,-406,-357
247763,7,811,16546,-14,-280,86,-67,-400,-362
247777,9,812,16528,-18,-274,82,-64,-399,-363
247791,22,831,16529,-18,-274,84,-67,-407,-363
247805,16,822,16535,-20,-278,85,-66,-401,-361
247819,19,826,16530,-22,-276,87,-66,-403,-362
247833,10,823,16531,-17,-280,86,-66,-405,-362
247847,31,826,16532,-18,-277,82,-65,-406,-354
247861,36,828,16546,-17,-277,83,-69,-408,-364
247875,18,827,16551,-19,-273,83,-60,-404,-366
247889,16,823,16540,-21,-279,86,-69,-404,-365
247903,11,825,16535,-17,-281,89,-65,-404,-359
247917,7,830,16538,-17,-279,87,-61,-404,-366
247931,13,814,16536,-20,-280,86,-63,-402,-365
247945,2,810,16527,-18,-281,87,-62,-409,-362
247959,22,824,16539,-15,-276,86,-68,-405,-359
247973,15,823,16547,-18,-277,89,-67,-403,-365
247987,29,819,16547,-18,-281,86,-70,-404,-363
248001,29,835,16523,-22,-276,85,-67,-402,-357
248015,10,823,16539,-18,-282,80,-67,-405,-362
248029,22,820,16527,-17,-282,85,-66,-405,-364
248043,9,829,16527,-19,-274,86,-61,-406,-360
248057,16,823,16547,-22,-281,85,-59,-401,-362
248071,27,832,16531,-22,-277,86,-66,-400,-366
248085,17,819,16535,-14,-277,82,-68,-403,-363
248099,24,824,16532,-22,-277,91,-68,-402,-365
248113,17,815,16534,-19,-281,86,-67,-407,-359
248127,31,815,16535,-20,-282,88,-67,-403,-359
248141,5,830,16536,-18,-279,83,-61,-403,-364
248155,12,820,16532,-24,-279,86,-65,-407,-362
248169,18,827,16532,-13,-276,82,-65,-403,-363
248183,13,822,16544,-17,-275,85,-65,-399,-363
248197,26,828,16543,-18,-274,90,-64,-402,-362
248211,32,818,16543,-17,-282,93,-66,-402,-361
248225,27,810,16543,-19,-281,86,-66,-404,-362
248239,14,828,16534,-15,-280,84,-62,-402,-364
248253,19,815,16552,-15,-278,83,-58,-405,-361
248267,30,822,16550,-17,-277,83,-64,-403,-359
248281,7,824,16538,-16,-281,84,-62,-404,-362
248295,29,834,16539,-16,-287,87,-67,-400,-363
248309,10,818,16530,-14,-282,82,-67,-405,-363
248323,15,823,16537,-21,-277,86,-63,-409,-360
248337,25,817,16540,-15,-280,87,-67,-403,-361
248351,10,814,16548,-19,-279,86,-63,-410,-362
248365,14,827,16542,-17,-281,84,-65,-403,-360
248379,37,823,16538,-24,-279,89,-69,-407,-358
248393,16,809,16537,-19,-276,85,-69,-402,-364
248407,39,832,16534,-11,-276,81,-69,-404,-366
248421,25,821,16538,-14,-276,80,-60,-402,-363
248435,22,804,16546,-21,-278,89,-70,-404,-363
248449,19,812,16529,-16,-281,83,-63,-404,-360
248463,8,815,16546,-21,-278,88,-61,-401,-363
248477,11,815,16556,-19,-278,86,-63,-407,-361
248491,42,829,16531,-18,-283,86,-68,-402,-362
248505,13,835,16550,-15,-280,88,-69,-405,-364
248519,16,823,16525,-18,-279,85,-64,-401,-366
248533,20,831,16530,-19,-274,86,-60,-402,-364
248547,12,827,16541,-13,-277,86,-64,-403,-363
248561,15,824,16539,-20,-279,85,-59,-405,-356
248575,12,822,16545,-19,-276,87,-60,-411,-366
248589,10,832,16543,-18,-277,87,-64,-405,-360
248603,24,824,16558,-18,-276,86,-61,-403,-360
248617,28,829,16540,-14,-277,88,-64,-402,-366
248631,17,812,16544,-19,-284,86,-66,-408,-362
248645,27,831,16539,-17,-279,87,-67,-406,-359
248659,11,824,16540,-19,-279,85,-60,-401,-363
248673,14,828,16543,-19,-276,87,-63,-404,-361
248687,30,835,16536,-19,-277,88,-69,-404,-365
248701,14,833,16544,-19,-282,85,-68,-403,-364
248715,22,812,16548,-18,-281,88,-62,-401,-361
248729,19,821,16552,-19,-280,88,-64,-404,-360
248743,7,829,16546,-16,-276,87,-62,-403,-361
248757,20,821,16544,-17,-281,89,-63,-404,-362
248771,22,830,16540,-16,-275,86,-61,-401,-360
248785,19,831,16543,-19,-277,93,-64,-408,-364
248799,24,821,16551,-17,-279,87,-65,-401,-358
248813,22,821,16538,-17,-278,85,-59,-406,-355
248827,22,829,16548,-16,-276,86,-68,-402,-363
248841,17,828,16539,-16,-279,85,-65,-407,-366
248855,5,820,16541,-17,-276,85,-62,-401,-358
248869,22,817,16541,-17,-278,80,-67,-405,-363
248883,12,825,16554,-20,-277,88,-67,-400,-361
248897,23,815,16543,-20,-280,93,-65,-401,-366
248911,10,816,16534,-19,-279,89,-62,-405,-367
248925,24,834,16541,-16,-279,84,-65,-404,-362
248939,19,816,16563,-17,-270,81,-63,-409,-360
248953,24,824,16537,-17,-276,86,-63,-401,-363
248967,21,825,16549,-19,-281,85,-63,-402,-362
248981,18,822,16544,-19,-278,84,-64,-404,-364
248995,22,834,16552,-14,-280,85,-62,-404,-361
249009,20,822,16541,-20,-279,86,-65,-407,-362
249023,17,823,16550,-11,-276,80,-65,-407,-361
249037,19,826,16536,-14,-281,84,-63,-406,-359
249051,21,833,16538,-18,-278,88,-64,-404,-364
249065,16,817,16551,-15,-279,85,-62,-405,-359
249079,28,821,16554,-23,-281,89,-67,-402,-359
249093,21,820,16550,-18,-283,86,-64,-400,-364
249107,24,824,16533,-20,-276,83,-65,-401,-359
249121,8,821,16550,-18,-278,83,-64,-400,-354
249135,31,822,16539,-20,-275,84,-68,-401,-366
249149,9,830,16536,-19,-280,86,-61,-402,-363
249163,25,818,16519,-18,-276,85,-63,-403,-366
249177,20,826,16554,-17,-276,85,-63,-401,-362
249191,22,830,16537,-15,-283,86,-69,-407,-361
249205,27,830,16540,-14,-280,80,-65,-402,-360
249219,25,811,16535,-17,-274,85,-63,-403,-363
249233,4,830,16539,-14,-278,85,-64,-407,-361
249247,14,828,16549,-20,-278,87,-66,-400,-362
249261,18,823,16533,-15,-275,82,-64,-406,-366
249275,21,818,16548,-13,-282,83,-68,-407,-358
249289,24,823,16527,-18,-276,81,-64,-400,-360
249303,17,827,16548,-18,-282,84,-65,-403,-364
249317,20,831,16540,-14,-279,82,-68,-404,-366
249331,17,824,16548,-15,-275,82,-71,-401,-355
249345,13,831,16537,-20,-276,85,-66,-410,-365
249359,19,824,16546,-17,-278,88,-65,-404,-359
249373,26,824,16547,-18,-275,84,-64,-406,-360
249387,9,835,16550,-18,-278,81,-61,-407,-363
249401,8,829,16543,-15,-280,83,-66,-406,-363
249415,21,823,16541,-17,-274,82,-68,-403,-362
249429,17,822,16542,-18,-280,84,-65,-409,-360
249443,26,835,16534,-18,-282,80,-63,-402,-360
249457,15,822,16552,-20,-280,83,-70,-404,-360
249471,14,831,16529,-16,-276,84,-63,-402,-367
249485,16,812,16537,-13,-279,86,-67,-404,-360
249499,32,834,16535,-14,-277,84,-67,-407,-359
249513,25,821,16550,-17,-283,85,-64,-400,-359
249527,17,831,16529,-19,-279,85,-63,-403,-365
249541,21,829,16548,-14,-279,84,-65,-403,-364
249555,14,821,16566,-15,-277,81,-64,-403,-361
249569,12,819,16538,-16,-278,83,-67,-406,-360
249583,10,818,16535,-21,-284,89,-64,-405,-361
249597,33,818,16525,-18,-278,82,-67,-399,-364
249611,21,817,16535,-17,-276,87,-62,-404,-359
249625,17,828,16555,-15,-280,90,-62,-400,-359
249639,24,831,16552,-21,-275,83,-59,-403,-361
249653,12,829,16527,-19,-275,85,-65,-408,-358
249667,15,811,16538,-14,-273,82,-65,-406,-364
249681,7,815,16533,-20,-280,83,-62,-402,-360
249695,15,835,16550,-21,-278,88,-65,-409,-361
249709,16,835,16536,-18,-280,87,-65,-404,-360
249723,26,806,16536,-22,-275,90,-60,-403,-366
249737,22,819,16535,-23,-276,86,-64,-405,-362
249751,9,835,16543,-14,-275,83,-70,-414,-361
249765,3,816,16532,-19,-274,85,-66,-406,-357
249779,15,821,16542,-17,-276,86,-65,-405,-362
249793,27,826,16550,-23,-284,87,-59,-401,-363
249807,11,827,16553,-17,-276,86,-64,-401,-366
249821,6,826,16534,-24,-279,92,-70,-403,-362
249835,22,822,16540,-20,-278,85,-64,-403,-356
249849,16,823,16549,-18,-279,83,-62,-410,-362
249863,19,831,16529,-16,-282,84,-69,-399,-360
249877,15,824,16537,-16,-281,85,-67,-407,-362
249891,-6,827,16537,-21,-280,87,-63,-402,-357
249905,23,824,16532,-19,-275,88,-66,-403,-361
249919,12,818,16547,-19,-276,89,-65,-406,-361
249933,27,825,16545,-14,-281,87,-64,-400,-356
249947,16,831,16538,-19,-279,87,-65,-403,-365
249961,25,830,16540,-16,-280,86,-63,-400,-359
249975,27,820,16536,-14,-275,86,-70,-404,-364
249989,-3,819,16532,-17,-273,84,-63,-398,-359
250003,28,829,16551,-23,-275,85,-69,-397,-363
250017,20,827,16536,-19,-277,83,-62,-405,-360
250031,21,820,16539,-16,-277,85,-64,-404,-362
250045,23,817,16541,-19,-281,85,-68,-399,-358
250059,17,818,16550,-22,-279,82,-65,-400,-360
250073,12,816,16531,-24,-276,80,-64,-406,-364
250087,23,819,16551,-18,-279,90,-62,-404,-359
250101,16,819,16544,-16,-276,86,-67,-403,-359
250115,31,823,16537,-16,-274,87,-63,-407,-362
250129,11,821,16540,-18,-279,85,-67,-407,-360
250143,19,822,16535,-17,-281,83,-58,-402,-366
250157,11,831,16547,-19,-278,85,-66,-404,-360
250171,19,825,16538,-19,-278,85,-64,-408,-359
250185,29,822,16547,-18,-279,85,-66,-405,-358
250199,16,812,16525,-17,-281,88,-60,-404,-362
250213,10,802,16542,-19,-280,90,-60,-402,-363
250227,3,828,16547,-18,-276,87,-61,-405,-362
250241,33,833,16538,-16,-276,86,-62,-401,-362
250255,28,825,16531,-16,-281,82,-63,-401,-360
250269,26,828,16547,-18,-282,86,-64,-406,-361
250283,14,819,16547,-24,-278,84,-61,-404,-364
250297,25,827,16535,-18,-277,83,-67,-404,-363
250311,15,815,16546,-19,-280,87,-69,-405,-364
250325,18,824,16533,-21,-276,84,-66,-402,-361
250339,17,832,16536,-17,-278,80,-65,-402,-364
250353,22,827,16544,-18,-276,84,-66,-407,-359
250367,25,825,16536,-20,-280,83,-68,-405,-356
250381,15,816,16532,-13,-275,91,-62,-402,-359
250395,4,822,16541,-13,-276,88,-67,-405,-363
250409,35,821,16531,-15,-280,87,-66,-406,-359
250423,30,824,16538,-11,-277,85,-65,-402,-360
250437,6,823,16533,-17,-277,81,-61,-408,-358
250451,21,834,16542,-15,-277,84,-67,-402,-362
250465,19,829,16537,-16,-279,86,-61,-405,-362
250479,11,825,16546,-19,-273,83,-68,-401,-358
250493,14,826,16536,-18,-279,86,-62,-401,-359
250507,13,832,16545,-16,-281,84,-65,-401,-366
250521,20,828,16541,-19,-278,88,-62,-400,-365
250535,17,810,16533,-20,-277,83,-68,-400,-359
250549,19,826,16539,-18,-280,84,-65,-407,-363
250563,27,839,16540,-22,-277,86,-65,-406,-366
250577,19,830,16551,-21,-282,84,-69,-398,-358
250591,23,836,16531,-18,-278,86,-67,-405,-364
250605,30,821,16544,-19,-276,80,-70,-406,-362
250619,10,819,16528,-21,-276,83,-65,-405,-359
250633,26,826,16538,-21,-283,86,-64,-398,-360
250647,12,824,16541,-16,-280,86,-66,-404,-365
250661,9,818,16530,-17,-279,82,-63,-401,-362
250675,9,824,16532,-17,-279,89,-62,-402,-359
250689,13,824,16548,-16,-281,84,-65,-403,-360
250703,24,826,16530,-12,-275,83,-64,-405,-361
250717,22,817,16540,-19,-279,82,-65,-402,-360
250731,24,826,16553,-15,-281,85,-63,-401,-360
250745,25,818,16527,-19,-278,80,-61,-406,-363
250759,23,827,16538,-14,-276,79,-69,-403,-363
250773,20,822,16547,-14,-281,85,-62,-401,-358
250787,30,827,16540,-17,-279,87,-64,-405,-360
250801,18,824,16536,-12,-284,86,-66,-405,-364
250815,2,818,16536,-13,-279,83,-63,-400,-366
250829,12,818,16541,-20,-277,82,-64,-405,-360
250843,25,825,16537,-20,-279,88,-64,-411,-367
250857,18,812,16532,-15,-275,90,-71,-401,-364
250871,26,836,16544,-18,-277,86,-65,-406,-361
250885,16,826,16533,-20,-279,86,-63,-403,-361
250899,9,829,16529,-21,-279,85,-64,-408,-359
250913,38,823,16536,-19,-279,82,-64,-401,-364
250927,24,825,16533,-20,-281,80,-68,-406,-364
250941,14,824,16532,-15,-279,81,-67,-404,-365
250955,16,811,16538,-17,-280,86,-70,-405,-365
250969,30,828,16540,-18,-272,84,-65,-403,-364
250983,16,822,16522,-17,-280,83,-63,-402,-360
250997,20,828,16539,-20,-279,87,-67,-403,-361
251011,30,824,16547,-22,-280,89,-59,-405,-366
251025,15,818,16557,-16,-277,86,-70,-398,-361
251039,19,818,16539,-19,-283,85,-60,-400,-360
251053,23,824,16541,-12,-274,83,-64,-405,-363
251067,37,819,16544,-19,-280,90,-64,-399,-362
251081,6,814,16542,-17,-281,88,-65,-402,-356
251095,14,825,16536,-18,-276,87,-61,-400,-360
251109,29,819,16537,-18,-285,90,-63,-399,-363
251123,23,824,16534,-13,-278,86,-67,-402,-364
251137,21,815,16526,-18,-275,89,-68,-407,-367
251151,15,821,16546,-17,-278,85,-65,-404,-367
251165,8,829,16541,-19,-276,82,-63,-399,-361
251179,14,822,16545,-18,-279,82,-69,-405,-364
251193,6,820,16530,-15,-279,87,-59,-401,-363
251207,22,813,16532,-21,-280,84,-63,-401,-364
251221,19,824,16529,-17,-275,86,-62,-401,-364
251235,26,821,16537,-17,-275,83,-63,-402,-360
251249,20,813,16535,-17,-277,88,-63,-404,-365
251263,16,823,16540,-16,-278,83,-65,-406,-357
251277,12,824,16547,-19,-286,83,-63,-407,-362
251291,16,826,16551,-19,-275,88,-65,-400,-365
251305,20,842,16532,-15,-278,84,-66,-402,-364
251319,20,817,16533,-24,-279,87,-65,-403,-362
251333,5,823,16541,-19,-278,86,-66,-405,-364
251347,2,829,16537,-19,-280,83,-67,-400,-363
251361,15,827,16532,-20,-281,89,-64,-396,-362
251375,21,819,16528,-20,-279,84,-64,-399,-367
251389,15,811,16537,-19,-276,85,-64,-397,-368
251403,19,820,16549,-17,-275,85,-68,-401,-368
251417,14,830,16545,-18,-275,86,-64,-405,-359
251431,11,810,16543,-13,-277,88,-65,-408,-368
251445,30,823,16538,-13,-278,85,-66,-403,-362
251459,8,816,16528,-21,-276,84,-64,-403,-364
251473,14,831,16530,-20,-274,84,-68,-406,-364
251487,19,834,16548,-20,-275,82,-64,-404,-364
251501,18,842,16541,-18,-278,84,-62,-407,-361
251515,18,824,16541,-19,-278,84,-68,-407,-361
251529,18,824,16538,-15,-276,87,-67,-407,-364
251543,21,820,16547,-22,-276,85,-60,-401,-361
251557,16,838,16534,-20,-281,87,-62,-405,-365
251571,10,830,16546,-22,-281,87,-66,-399,-365
251585,25,823,16533,-17,-275,83,-66,-406,-361
251599,23,827,16541,-17,-277,84,-65,-407,-358
251613,23,820,16563,-16,-277,81,-64,-406,-359
251627,24,829,16538,-17,-280,82,-62,-403,-360
251641,15,815,16558,-15,-282,84,-63,-400,-368
251655,14,822,16541,-22,-282,87,-75,-407,-361
251669,11,822,16553,-20,-282,84,-62,-405,-364
251683,19,822,16553,-21,-280,88,-63,-405,-361
251697,14,822,16538,-18,-279,87,-65,-404,-364
251711,16,819,16540,-16,-279,89,-65,-405,-360
251725,10,811,16533,-15,-279,85,-66,-398,-365
251739,27,833,16547,-18,-281,84,-65,-404,-364
251753,23,817,16548,-18,-275,85,-64,-403,-361
251767,26,825,16537,-18,-274,85,-59,-404,-360
251781,21,829,16547,-16,-279,84,-65,-400,-359
251795,15,817,16543,-23,-280,83,-66,-401,-356
251809,27,812,16539,-19,-281,87,-65,-406,-363
251823,21,821,16547,-19,-280,84,-66,-400,-366
251837,16,829,16564,-15,-278,86,-68,-400,-360
251851,10,828,16543,-17,-277,86,-69,-402,-365
251865,4,816,16550,-16,-280,84,-68,-405,-365
251879,23,817,16535,-14,-278,86,-63,-402,-362
251893,25,821,16556,-17,-277,83,-63,-399,-366
251907,31,814,16540,-19,-278,87,-63,-401,-366
251921,33,825,16544,-19,-277,83,-63,-403,-365
251935,17,819,16547,-15,-280,89,-66,-407,-359
251949,34,828,16552,-16,-281,90,-70,-406,-366
251963,21,815,16549,-16,-279,80,-66,-402,-363
251977,3,837,16544,-18,-281,83,-65,-400,-361
251991,12,824,16542,-20,-283,85,-66,-401,-361
252005,18,824,16549,-19,-280,87,-64,-405,-356
252019,20,815,16540,-18,-281,87,-65,-408,-358
252033,33,821,16540,-19,-280,88,-61,-406,-362
252047,19,823,16541,-18,-275,86,-66,-403,-362
252061,15,817,16529,-19,-283,86,-60,-405,-363
252075,21,819,16553,-22,-276,89,-64,-399,-362
252089,31,820,16549,-18,-278,87,-61,-406,-361
252103,15,825,16544,-17,-277,87,-60,-404,-357
252117,13,827,16554,-18,-275,87,-69,-403,-361
252131,19,827,16538,-17,-278,90,-64,-408,-366
252145,11,829,16533,-21,-280,92,-71,-403,-360
252159,6,827,16535,-22,-276,89,-62,-401,-363
252173,18,813,16548,-21,-278,90,-69,-401,-363
252187,25,830,16551,-23,-277,90,-63,-403,-360
252201,15,818,16560,-18,-277,88,-63,-408,-362
252215,23,809,16549,-20,-282,87,-66,-397,-360
252229,21,830,16545,-14,-281,88,-61,-402,-361
252243,23,825,16527,-19,-277,85,-64,-400,-359
252257,24,815,16562,-20,-281,88,-65,-404,-362
252271,19,816,16551,-24,-277,88,-61,-403,-364
252285,27,831,16543,-19,-276,88,-60,-397,-361
252299,29,822,16552,-19,-277,86,-66,-408,-358
252313,20,818,16554,-15,-279,86,-60,-400,-358
252327,24,822,16538,-20,-282,90,-68,-406,-363
252341,16,828,16547,-16,-279,85,-68,-405,-364
252355,31,820,16547,-16,-278,87,-63,-401,-365
252369,18,814,16560,-18,-276,82,-62,-398,-362
252383,19,833,16540,-18,-278,84,-68,-407,-360
252397,21,817,16551,-20,-281,85,-65,-400,-359
252411,24,838,16536,-17,-278,86,-65,-401,-364
252425,23,828,16559,-17,-281,81,-61,-406,-360
252439,10,814,16561,-23,-277,92,-63,-402,-364
252453,20,816,16542,-17,-283,84,-65,-407,-357
252467,11,825,16552,-15,-283,84,-63,-400,-363
252481,11,819,16538,-12,-276,81,-62,-399,-367
252495,26,828,16553,-19,-282,80,-68,-401,-360
252509,21,827,16534,-19,-280,88,-61,-404,-361
252523,20,833,16535,-19,-278,91,-66,-402,-361
252537,19,833,16541,-17,-277,87,-65,-402,-358
252551,23,813,16537,-13,-278,86,-62,-402,-361
252565,30,824,16552,-18,-279,86,-61,-399,-363
252579,25,813,16549,-22,-282,86,-58,-400,-364
252593,15,808,16542,-22,-276,84,-62,-398,-367
252607,25,820,16545,-17,-280,87,-63,-402,-369
252621,17,827,16536,-21,-275,88,-68,-405,-363
252635,25,830,16543,-23,-281,86,-63,-408,-361
252649,19,835,16553,-25,-280,85,-64,-406,-361
252663,17,820,16538,-20,-278,87,-67,-401,-366
252677,6,812,16537,-23,-280,90,-63,-400,-362
252691,32,825,16536,-19,-283,88,-61,-403,-357
252705,3,829,16546,-18,-281,85,-63,-406,-363
252719,4,832,16535,-23,-277,87,-67,-401,-362
252733,33,825,16539,-20,-285,89,-68,-401,-357
252747,18,824,16543,-15,-279,86,-68,-402,-360
252761,14,823,16552,-17,-279,89,-60,-403,-362
252775,15,826,16542,-19,-278,90,-68,-402,-362
252789,38,812,16550,-19,-281,88,-63,-403,-364
252803,25,836,16532,-18,-276,89,-70,-403,-357
252817,15,813,16541,-14,-275,87,-65,-399,-359
252831,22,828,16554,-17,-279,85,-60,-405,-366
252845,15,821,16543,-19,-277,85,-59,-405,-363
252859,28,829,16547,-16,-280,83,-66,-409,-359
252873,13,827,16547,-19,-274,83,-62,-401,-369
252887,24,827,16549,-17,-276,86,-63,-403,-359
252901,23,816,16551,-13,-276,85,-68,-404,-360
252915,12,815,16550,-20,-280,85,-61,-401,-360
252929,14,831,16539,-17,-282,86,-67,-398,-364
252943,32,841,16540,-16,-277,89,-58,-404,-364
252957,17,827,16543,-20,-277,86,-64,-399,-360
252971,25,830,16544,-18,-277,88,-65,-404,-361
252985,10,822,16551,-19,-273,86,-64,-401,-367
252999,22,838,16544,-21,-280,83,-68,-412,-361
253013,20,827,16550,-18,-278,91,-64,-406,-358
253027,27,822,16540,-18,-276,88,-63,-401,-362
253041,25,834,16549,-18,-278,87,-60,-402,-367
253055,26,820,16532,-18,-281,87,-64,-404,-363
253069,14,821,16543,-18,-282,81,-64,-404,-364
253083,17,833,16534,-20,-279,82,-74,-399,-360
253097,21,826,16553,-18,-275,81,-67,-403,-358
253111,24,825,16559,-15,-282,84,-68,-404,-363
253125,18,813,16555,-13,-280,85,-62,-403,-361
253139,11,820,16545,-16,-278,80,-66,-406,-365
253153,21,825,16540,-13,-277,88,-57,-402,-363
253167,20,820,16548,-18,-278,87,-68,-407,-370
253181,29,818,16546,-21,-280,86,-64,-403,-362
253195,31,818,16545,-17,-275,83,-65,-402,-357
253209,23,826,16551,-21,-281,87,-70,-407,-361
253223,17,830,16551,-16,-279,82,-67,-403,-361
253237,17,822,16551,-20,-280,85,-63,-403,-363
253251,19,822,16541,-15,-278,87,-67,-401,-363
253265,9,820,16536,-18,-279,86,-62,-406,-361
253279,27,838,16554,-16,-281,82,-62,-407,-366
253293,30,832,16563,-21,-275,86,-68,-404,-363
253307,28,813,16535,-15,-277,88,-61,-401,-362
253321,11,819,16554,-15,-281,86,-65,-403,-355
253335,13,833,16544,-18,-279,82,-63,-399,-365
253349,8,831,16527,-21,-279,88,-61,-406,-359
253363,26,829,16527,-18,-280,90,-65,-401,-358
253377,30,814,16536,-20,-281,89,-70,-404,-360
253391,20,821,16535,-23,-282,86,-66,-404,-361
253405,6,827,16543,-21,-283,85,-64,-400,-360
253419,19,816,16555,-21,-275,85,-66,-400,-359
253433,24,827,16559,-21,-283,88,-69,-407,-357
253447,19,825,16521,-17,-281,84,-67,-405,-362
253461,11,825,16536,-18,-274,92,-70,-403,-361
253475,19,839,16541,-19,-282,87,-66,-400,-362
253489,22,820,16539,-22,-277,86,-65,-403,-364
253503,20,824,16553,-22,-279,81,-67,-402,-361
253517,30,828,16541,-19,-278,85,-68,-406,-363
253531,12,827,16560,-22,-278,89,-67,-401,-360
253545,17,817,16532,-20,-281,90,-67,-403,-365
253559,16,822,16539,-17,-282,87,-65,-404,-358
253573,21,821,16546,-18,-280,87,-65,-400,-361
253587,25,823,16533,-20,-281,86,-67,-405,-364
253601,16,816,16535,-16,-280,82,-63,-404,-357
253615,23,815,16549,-18,-278,83,-63,-402,-364
253629,25,814,16557,-22,-279,82,-69,-404,-361
253643,15,823,16541,-24,-278,89,-58,-402,-363
253657,22,825,16548,-20,-278,87,-65,-407,-363
253671,17,830,16538,-17,-274,84,-67,-405,-359
253685,17,815,16544,-18,-278,86,-63,-402,-362
253699,2,821,16555,-14,-277,88,-59,-406,-363
253713,10,821,16539,-18,-280,83,-71,-402,-356
253727,17,826,16537,-21,-276,83,-64,-401,-364
253741,9,832,16541,-16,-277,84,-65,-406,-364
253755,17,821,16528,-14,-279,87,-68,-408,-362
253769,12,833,16538,-18,-274,82,-63,-402,-364
253783,20,826,16549,-10,-277,87,-63,-404,-363
253797,4,830,16544,-15,-282,86,-61,-398,-364
253811,20,829,16554,-19,-277,79,-64,-402,-363
253825,22,821,16546,-23,-282,81,-64,-395,-360
253839,20,830,16543,-24,-281,83,-68,-401,-358
253853,8,831,16560,-21,-279,85,-67,-405,-360
253867,14,827,16531,-22,-282,89,-65,-399,-364
253881,10,826,16546,-19,-278,85,-62,-402,-357
253895,21,813,16532,-12,-279,87,-64,-402,-364
253909,19,825,16541,-20,-283,85,-63,-405,-364
253923,27,811,16547,-19,-278,88,-68,-395,-363
253937,26,815,16534,-21,-277,90,-67,-400,-360
253951,19,809,16545,-16,-274,85,-67,-403,-361
253965,10,824,16540,-23,-280,86,-67,-407,-361
253979,12,821,16545,-17,-277,87,-66,-402,-368
253993,21,824,16545,-19,-279,89,-61,-400,-367
254007,27,827,16546,-21,-275,84,-61,-404,-361
254021,3,828,16544,-18,-279,87,-66,-401,-361
254035,16,823,16546,-17,-276,86,-64,-401,-360
254049,13,814,16545,-17,-278,87,-59,-403,-359
254063,11,823,16546,-16,-280,82,-67,-403,-358
254077,7,816,16537,-18,-279,83,-65,-408,-359
254091,15,825,16531,-15,-274,92,-63,-394,-357
254105,19,831,16544,-20,-282,83,-63,-401,-368
254119,7,833,16532,-19,-277,85,-66,-405,-362
254133,14,818,16530,-17,-279,87,-61,-399,-361
254147,24,823,16532,-17,-280,84,-65,-402,-363
254161,28,823,16531,-18,-276,83,-67,-408,-357
254175,8,825,16548,-21,-278,80,-67,-400,-366
254189,15,827,16544,-26,-283,87,-65,-399,-361
254203,26,816,16546,-20,-281,86,-62,-402,-366
254217,10,828,16525,-14,-281,83,-66,-407,-363
254231,15,834,16550,-18,-283,83,-69,-396,-363
254245,6,835,16553,-15,-275,84,-59,-401,-361
254259,17,833,16534,-16,-279,84,-64,-405,-361
254273,9,810,16544,-19,-278,83,-60,-405,-364
254287,17,823,16546,-21,-276,84,-67,-403,-359
254301,15,827,16550,-22,-280,87,-64,-400,-359
254315,23,815,16543,-23,-275,92,-66,-408,-361
254329,33,824,16528,-26,-280,93,-66,-402,-362
254343,16,827,16546,-18,-278,90,-67,-403,-359
254357,18,818,16534,-20,-276,93,-57,-404,-366
254371,-3,825,16533,-19,-276,91,-64,-405,-361
254385,22,815,16545,-18,-282,86,-68,-403,-360
254399,18,817,16532,-22,-276,87,-63,-404,-361
254413,22,814,16552,-22,-277,87,-63,-404,-361
254427,11,814,16545,-16,-283,92,-68,-397,-363
254441,26,836,16550,-15,-278,86,-63,-399,-364
254455,18,827,16533,-22,-275,86,-66,-401,-365
254469,23,822,16534,-20,-279,89,-68,-404,-355
254483,27,827,16552,-17,-281,85,-60,-401,-360
254497,18,825,16558,-16,-280,84,-66,-406,-360
254511,27,817,16543,-17,-278,90,-66,-404,-359
254525,26,828,16551,-16,-275,89,-68,-401,-361
254539,25,827,16542,-19,-283,81,-64,-404,-365
254553,18,826,16547,-15,-278,86,-63,-405,-357
254567,7,818,16532,-14,-280,83,-64,-407,-360
254581,16,826,16534,-18,-280,82,-63,-405,-360
254595,0,813,16544,-18,-282,84,-67,-406,-361
254609,20,821,16542,-23,-285,91,-66,-406,-364
254623,25,820,16539,-16,-283,85,-66,-404,-358
254637,16,816,16546,-17,-278,84,-66,-400,-358
254651,19,815,16550,-14,-278,83,-65,-402,-358
254665,24,823,16559,-20,-275,85,-66,-403,-363
254679,25,820,16528,-12,-274,81,-64,-402,-368
254693,16,827,16549,-16,-278,84,-63,-399,-362
254707,20,836,16544,-16,-280,87,-65,-402,-359
254721,8,819,16532,-20,-278,81,-66,-400,-363
254735,15,820,16552,-18,-279,87,-62,-400,-359
254749,29,821,16551,-16,-279,85,-60,-405,-361
254763,27,823,16543,-23,-274,86,-69,-400,-358
254777,10,829,16546,-14,-281,89,-66,-405,-361
254791,20,815,16562,-20,-283,87,-59,-405,-364
254805,18,822,16563,-20,-277,90,-61,-404,-366
254819,24,818,16547,-20,-281,86,-65,-401,-364
254833,25,817,16559,-18,-278,83,-66,-402,-363
254847,13,830,16540,-15,-282,83,-61,-404,-363
254861,25,818,16537,-17,-279,87,-66,-402,-363
254875,30,825,16553,-20,-278,89,-66,-406,-360
254889,19,827,16545,-16,-280,85,-65,-401,-359
254903,27,831,16548,-16,-274,89,-66,-403,-364
254917,21,836,16555,-17,-271,84,-64,-402,-364
254931,23,821,16535,-19,-281,88,-64,-403,-364
254945,14,825,16543,-18,-277,85,-66,-405,-364
254959,29,833,16544,-11,-280,82,-72,-406,-362
254973,24,819,16546,-14,-280,80,-66,-405,-359
254987,9,814,16549,-18,-276,83,-67,-403,-365
255001,12,814,16546,-14,-277,88,-66,-404,-359
255015,9,831,16552,-14,-273,89,-66,-405,-362
255029,26,808,16539,-12,-276,84,-62,-400,-365
255043,-2,823,16539,-18,-278,87,-67,-404,-359
255057,15,828,16538,-21,-283,89,-64,-405,-360
255071,8,831,16544,-17,-277,85,-63,-399,-361
255085,18,827,16535,-21,-272,86,-62,-403,-363
255099,26,817,16545,-15,-274,87,-68,-404,-360
255113,19,823,16543,-20,-279,87,-62,-406,-367
255127,23,818,16547,-18,-282,86,-66,-401,-364
255141,23,814,16539,-16,-279,88,-62,-400,-368
255155,24,819,16546,-19,-279,82,-62,-406,-363
255169,29,825,16537,-14,-282,86,-60,-403,-363
255183,13,822,16532,-19,-273,87,-63,-405,-362
255197,0,811,16542,-18,-275,82,-63,-403,-364
255211,19,828,16543,-17,-276,82,-64,-410,-362
255225,18,831,16551,-18,-274,85,-67,-403,-356
255239,19,836,16549,-18,-277,91,-70,-401,-360
255253,14,825,16537,-15,-277,84,-69,-399,-360
255267,26,823,16538,-22,-275,86,-66,-397,-366
255281,19,828,16531,-15,-278,79,-64,-401,-366
255295,20,816,16560,-18,-278,79,-63,-403,-365
255309,24,817,16546,-15,-279,88,-70,-399,-360
255323,17,816,16543,-21,-278,86,-65,-399,-364
255337,18,815,16544,-15,-277,85,-70,-402,-362
255351,16,820,16536,-17,-278,91,-63,-403,-366
255365,30,832,16533,-18,-281,89,-62,-408,-362
255379,14,830,16539,-15,-278,87,-61,-400,-363
255393,31,820,16544,-19,-283,86,-64,-402,-357
255407,21,829,16531,-16,-278,90,-66,-405,-362
255421,23,822,16547,-19,-271,89,-62,-406,-361
255435,27,826,16547,-13,-278,86,-66,-404,-360
255449,24,817,16543,-14,-283,88,-64,-404,-362
255463,18,826,16549,-14,-273,83,-59,-409,-365
255477,17,830,16554,-17,-279,85,-65,-396,-366
255491,14,814,16560,-18,-277,86,-68,-401,-363
255505,12,826,16540,-20,-275,83,-65,-406,-364
255519,10,819,16552,-13,-277,83,-69,-402,-360
255533,23,818,16545,-12,-273,81,-67,-404,-365
255547,13,827,16533,-20,-274,85,-67,-401,-361
255561,34,814,16533,-19,-277,87,-64,-403,-363
255575,17,822,16541,-19,-277,85,-57,-402,-364
255589,18,816,16552,-16,-277,85,-62,-406,-359
255603,20,828,16533,-15,-280,84,-65,-400,-362
255617,23,819,16547,-14,-277,85,-62,-406,-367
255631,3,823,16531,-11,-279,88,-68,-399,-359
255645,9,822,16540,-19,-276,87,-70,-396,-364
255659,17,831,16544,-18,-278,84,-70,-394,-367
255673,17,821,16531,-11,-281,86,-61,-400,-357
255687,8,839,16553,-18,-277,81,-62,-407,-359
255701,17,826,16545,-15,-279,86,-59,-403,-365
255715,20,836,16525,-16,-283,90,-69,-405,-359
255729,35,826,16539,-22,-274,82,-61,-402,-363
255743,13,824,16546,-20,-277,84,-65,-399,-367
255757,10,827,16542,-15,-285,85,-60,-397,-362
255771,24,822,16543,-18,-275,86,-67,-399,-361
255785,10,823,16533,-12,-275,83,-63,-407,-361
255799,23,823,16534,-19,-281,84,-67,-403,-363
255813,9,827,16546,-22,-285,84,-61,-400,-362
255827,10,824,16536,-25,-282,89,-63,-401,-364
255841,16,828,16531,-18,-283,83,-66,-399,-360
255855,6,817,16532,-17,-278,84,-66,-405,-364
255869,18,830,16534,-20,-283,91,-66,-399,-366
255883,22,840,16543,-20,-281,82,-64,-405,-362
255897,20,833,16529,-18,-280,89,-68,-400,-363
255911,23,828,16541,-18,-275,87,-63,-402,-364
255925,12,823,16557,-19,-279,86,-60,-404,-364
255939,12,831,16542,-11,-281,87,-61,-399,-359
255953,18,822,16528,-20,-281,87,-64,-400,-361
255967,20,822,16552,-19,-276,90,-68,-403,-363
255981,16,813,16539,-20,-277,85,-62,-405,-368
255995,15,814,16553,-15,-276,86,-65,-409,-361
256009,11,811,16543,-22,-278,88,-63,-401,-364
256023,27,821,16540,-23,-280,89,-65,-400,-359
256037,26,824,16537,-23,-279,90,-68,-404,-358
256051,13,837,16558,-20,-273,86,-65,-404,-366
256065,25,826,16530,-17,-275,91,-63,-407,-364
256079,18,820,16543,-20,-282,91,-66,-407,-363
256093,12,829,16528,-20,-277,86,-68,-405,-366
256107,20,822,16546,-13,-281,83,-66,-405,-367
256121,23,834,16533,-20,-270,85,-63,-403,-360
256135,14,815,16546,-24,-279,86,-66,-404,-367
256149,14,818,16546,-14,-278,85,-62,-404,-365
256163,20,817,16538,-20,-277,87,-66,-401,-363
256177,26,832,16533,-19,-281,88,-61,-403,-359
256191,17,827,16541,-19,-283,82,-71,-407,-355
256205,28,816,16539,-18,-277,84,-63,-406,-363
256219,14,827,16544,-19,-273,82,-61,-404,-359
256233,8,822,16564,-17,-278,86,-63,-404,-365
256247,11,839,16528,-19,-277,86,-66,-405,-364
256261,16,834,16548,-15,-278,89,-64,-402,-359
256275,27,823,16562,-16,-278,83,-66,-405,-357
256289,12,814,16541,-18,-279,86,-65,-403,-360
256303,21,822,16544,-20,-286,84,-64,-404,-357
256317,7,828,16548,-19,-277,84,-69,-400,-363
256331,24,830,16534,-21,-277,85,-67,-403,-360
256345,33,811,16527,-14,-283,86,-65,-404,-366
256359,19,821,16536,-18,-273,81,-71,-402,-362
256373,4,825,16550,-16,-280,83,-64,-398,-359
256387,14,825,16527,-16,-280,87,-64,-400,-361
256401,24,827,16525,-21,-281,83,-67,-404,-369
256415,19,830,16543,-18,-278,85,-63,-404,-362
256429,15,820,16553,-19,-277,83,-66,-404,-362
256443,19,827,16548,-14,-278,90,-68,-410,-361
256457,26,813,16548,-17,-279,84,-62,-405,-362
256471,25,829,16531,-16,-280,84,-67,-399,-360
256485,28,833,16536,-17,-281,87,-65,-404,-361
256499,23,819,16544,-16,-276,81,-62,-404,-365
256513,5,819,16546,-18,-279,85,-60,-403,-362
256527,20,834,16537,-14,-275,87,-66,-407,-362
256541,17,828,16534,-17,-278,87,-60,-402,-368
256555,11,830,16527,-18,-273,84,-63,-403,-363
256569,28,822,16538,-19,-284,84,-63,-403,-364
256583,19,831,16545,-14,-282,86,-67,-403,-360
256597,24,829,16541,-16,-278,88,-71,-400,-360
256611,22,822,16539,-9,-280,83,-68,-403,-362
256625,19,828,16545,-20,-286,84,-66,-398,-366
256639,23,824,16544,-22,-278,88,-62,-400,-361
256653,12,822,16541,-15,-278,85,-67,-404,-363
256667,16,823,16545,-15,-277,80,-64,-401,-360
256681,25,830,16543,-15,-277,87,-61,-405,-359
256695,26,819,16545,-15,-280,86,-63,-407,-362
256709,6,823,16557,-17,-278,81,-62,-399,-359
256723,10,836,16550,-18,-277,85,-62,-398,-365
256737,19,814,16540,-22,-280,87,-64,-401,-361
256751,11,818,16548,-15,-278,84,-65,-400,-364
256765,19,814,16538,-18,-281,83,-65,-403,-360
256779,32,819,16544,-22,-282,83,-63,-402,-362
256793,21,822,16534,-17,-283,84,-69,-401,-362
256807,30,811,16539,-19,-282,85,-61,-402,-359
256821,14,821,16546,-19,-277,84,-67,-407,-362
256835,-3,828,16535,-14,-277,84,-65,-405,-359
256849,9,824,16546,-10,-285,81,-60,-403,-361
256863,5,827,16540,-14,-278,87,-66,-403,-363
256877,6,815,16549,-18,-272,86,-68,-401,-366
256891,2,821,16545,-14,-279,90,-63,-403,-361
256905,9,830,16559,-16,-279,90,-63,-405,-359
256919,8,826,16555,-17,-282,85,-62,-401,-363
256933,29,810,16530,-14,-280,87,-68,-406,-361
256947,24,828,16542,-18,-280,84,-66,-405,-362
256961,35,833,16570,-16,-275,92,-64,-399,-360
256975,26,823,16545,-23,-281,88,-67,-399,-361
256989,18,814,16546,-19,-281,91,-63,-402,-365
257003,24,824,16550,-15,-281,87,-66,-402,-364
257017,36,824,16550,-18,-279,86,-66,-404,-356
257031,25,815,16550,-14,-282,87,-60,-401,-360
257045,27,818,16524,-20,-279,88,-65,-403,-364
257059,27,817,16549,-16,-277,78,-62,-402,-364
257073,18,828,16544,-21,-277,86,-65,-405,-364
257087,27,825,16547,-8,-280,81,-62,-403,-359
257101,31,823,16548,-12,-276,82,-61,-408,-361
257115,19,817,16541,-23,-279,86,-65,-404,-357
257129,25,821,16551,-24,-284,86,-69,-400,-359
257143,21,823,16547,-19,-275,90,-64,-404,-358
257157,27,831,16524,-23,-281,92,-68,-405,-361
257171,10,827,16544,-23,-280,90,-61,-403,-361
257185,26,813,16542,-18,-281,86,-63,-403,-365
257199,16,829,16528,-17,-277,83,-58,-405,-359
257213,10,819,16564,-17,-278,86,-61,-402,-366
257227,20,829,16548,-13,-280,87,-67,-402,-362
257241,15,817,16536,-12,-281,86,-63,-400,-361
257255,23,824,16557,-18,-282,88,-66,-399,-359
257269,18,822,16558,-23,-281,83,-61,-404,-361
257283,21,819,16535,-19,-283,90,-65,-406,-361
257297,12,826,16557,-15,-278,87,-65,-400,-368
257311,15,828,16558,-21,-273,86,-66,-407,-365
257325,17,826,16542,-18,-274,83,-64,-399,-360
257339,24,819,16561,-22,-278,83,-65,-403,-359
257353,26,832,16534,-18,-277,86,-62,-402,-361
257367,24,826,16535,-22,-276,86,-66,-402,-363
257381,26,821,16564,-22,-278,87,-69,-405,-364
257395,39,830,16559,-18,-272,86,-64,-398,-360
257409,18,828,16549,-18,-275,83,-61,-402,-368
257423,28,833,16545,-15,-277,84,-67,-406,-358
257437,15,834,16548,-14,-274,82,-64,-401,-359
257451,14,832,16546,-16,-281,87,-64,-404,-361
257465,17,819,16534,-12,-277,86,-65,-405,-361
257479,19,816,16529,-15,-280,85,-61,-400,-364
257493,18,822,16548,-12,-278,80,-65,-407,-364
257507,30,821,16540,-15,-279,85,-65,-400,-362
257521,21,831,16539,-16,-280,85,-62,-402,-362
257535,31,830,16545,-9,-276,86,-67,-405,-365
257549,18,817,16543,-18,-279,87,-62,-404,-364
257563,21,825,16539,-19,-280,85,-65,-404,-365
257577,26,832,16550,-21,-278,87,-66,-404,-359
257591,19,834,16546,-15,-279,88,-61,-406,-360
257605,11,812,16552,-21,-280,89,-59,-403,-362
257619,17,822,16541,-18,-278,91,-59,-405,-359
257633,20,828,16547,-20,-277,84,-60,-404,-363
257647,5,831,16538,-17,-276,83,-67,-402,-363
257661,16,828,16548,-16,-282,88,-63,-403,-365
257675,16,834,16549,-14,-281,84,-60,-403,-360
257689,13,833,16552,-15,-275,86,-70,-401,-363
257703,13,832,16555,-22,-278,86,-68,-398,-364
257717,26,822,16557,-21,-276,86,-63,-402,-360
257731,23,828,16538,-19,-276,87,-67,-405,-359
257745,13,815,16550,-24,-272,87,-63,-409,-363
257759,29,835,16547,-16,-279,87,-64,-410,-362
257773,24,829,16548,-13,-279,88,-65,-404,-362
257787,26,828,16533,-19,-279,85,-66,-403,-359
257801,27,827,16529,-20,-276,85,-64,-404,-362
257815,25,823,16532,-18,-279,88,-64,-403,-364
257829,27,813,16546,-17,-279,85,-72,-403,-360
257843,29,826,16560,-17,-281,84,-69,-403,-361
257857,26,843,16561,-13,-278,83,-59,-408,-360
257871,29,820,16534,-17,-281,90,-63,-408,-362
257885,19,826,16549,-17,-277,85,-64,-406,-360
257899,24,831,16543,-19,-277,82,-64,-408,-358
257913,24,822,16549,-19,-273,84,-62,-405,-360
257927,16,820,16541,-19,-278,88,-66,-405,-364
257941,16,826,16548,-13,-276,86,-65,-404,-364
257955,22,825,16559,-16,-281,83,-67,-403,-360
257969,22,829,16536,-19,-273,87,-64,-401,-360
257983,21,828,16555,-16,-285,83,-66,-401,-361
257997,18,830,16548,-18,-283,87,-65,-402,-364
258011,32,835,16560,-24,-278,86,-63,-402,-357
258025,20,814,16530,-25,-275,86,-68,-402,-361
258039,16,835,16552,-18,-279,88,-68,-404,-361
258053,31,828,16558,-23,-282,88,-64,-399,-358
258067,23,834,16540,-21,-277,87,-63,-403,-359
258081,15,817,16548,-17,-275,83,-63,-398,-366
258095,26,821,16544,-13,-279,88,-61,-399,-358
258109,32,813,16535,-14,-277,87,-67,-406,-366
258123,17,822,16551,-17,-281,83,-60,-402,-361
258137,9,836,16549,-16,-275,84,-69,-404,-360
258151,15,816,16557,-18,-279,89,-64,-399,-364
258165,8,827,16563,-20,-278,88,-61,-405,-360
258179,11,816,16555,-16,-273,85,-64,-400,-362
258193,20,821,16555,-19,-279,88,-65,-400,-363
258207,22,814,16556,-19,-280,86,-62,-401,-364
258221,29,821,16550,-18,-280,85,-64,-399,-364
258235,4,833,16566,-17,-276,87,-63,-406,-364
258249,12,826,16547,-19,-275,85,-65,-401,-356
258263,13,812,16548,-23,-280,85,-61,-400,-364
258277,23,822,16554,-20,-273,83,-62,-401,-358
258291,11,818,16556,-20,-279,87,-68,-406,-359
258305,13,816,16536,-11,-280,92,-66,-405,-361
258319,24,824,16543,-15,-277,85,-67,-403,-363
258333,13,818,16556,-15,-274,80,-66,-401,-359
258347,15,819,16547,-17,-273,86,-66,-407,-363
258361,33,822,16537,-16,-279,85,-63,-400,-356
258375,32,828,16550,-19,-276,82,-61,-404,-361
258389,24,823,16541,-17,-283,89,-65,-401,-365
258403,24,824,16543,-18,-280,87,-67,-406,-361
258417,24,833,16540,-21,-277,88,-59,-401,-365
258431,1,818,16543,-20,-279,85,-62,-401,-360
258445,18,822,16556,-24,-277,87,-66,-400,-360
258459,20,827,16539,-23,-284,87,-64,-403,-362
258473,34,823,16522,-21,-277,86,-60,-405,-360
258487,25,813,16545,-19,-274,88,-60,-411,-357
258501,35,827,16538,-15,-281,90,-68,-404,-364
258515,26,821,16560,-21,-275,89,-62,-400,-365
258529,29,818,16542,-16,-277,84,-65,-403,-362
258543,17,827,16541,-12,-277,87,-66,-401,-363
258557,19,824,16543,-17,-280,85,-66,-402,-363
258571,20,833,16546,-15,-278,83,-65,-397,-364
258585,23,818,16554,-21,-282,91,-65,-403,-362
258599,27,820,16535,-23,-278,84,-68,-404,-356
258613,29,811,16543,-18,-280,86,-67,-400,-361
258627,10,814,16559,-18,-278,84,-67,-401,-366
258641,12,828,16546,-21,-276,85,-71,-404,-362
258655,31,829,16557,-20,-277,85,-65,-403,-361
258669,9,821,16547,-19,-279,86,-67,-401,-364
258683,15,827,16552,-17,-275,85,-67,-400,-362
258697,10,823,16549,-18,-279,87,-66,-402,-359
258711,11,813,16550,-17,-277,89,-65,-401,-367
258725,26,827,16541,-15,-275,84,-60,-401,-363
258739,21,813,16558,-18,-279,85,-63,-402,-364
258753,31,818,16545,-23,-278,89,-64,-409,-359
258767,35,821,16548,-12,-278,86,-65,-410,-360
258781,23,831,16549,-16,-282,87,-64,-406,-361
258795,9,834,16551,-16,-275,82,-70,-404,-363
258809,8,828,16543,-18,-277,85,-70,-402,-361
258823,25,829,16551,-16,-281,80,-65,-408,-362
258837,18,824,16552,-14,-276,84,-67,-407,-362
258851,28,827,16564,-20,-279,90,-65,-402,-359
258865,22,818,16549,-17,-281,87,-67,-408,-360
258879,21,810,16547,-11,-278,87,-63,-400,-358
258893,33,819,16541,-19,-281,90,-63,-402,-359
258907,24,802,16549,-22,-280,88,-65,-404,-362
258921,23,813,16540,-17,-275,80,-65,-405,-363
258935,2,822,16546,-23,-276,85,-65,-407,-361
258949,12,821,16546,-17,-274,84,-62,-404,-360
258963,13,823,16555,-18,-276,92,-66,-398,-361
258977,-1,818,16563,-16,-278,88,-67,-401,-358
258991,21,826,16544,-16,-278,88,-67,-400,-364
259005,23,818,16540,-18,-280,91,-63,-406,-362
259019,14,827,16539,-17,-279,88,-62,-407,-363
259033,27,818,16535,-18,-275,87,-69,-405,-362
259047,28,809,16548,-23,-276,85,-71,-400,-363
259061,24,815,16545,-17,-281,83,-63,-404,-358
259075,5,828,16563,-20,-279,88,-66,-401,-354
259089,15,825,16547,-19,-280,84,-61,-395,-364
259103,16,818,16548,-18,-282,87,-64,-404,-359
259117,11,820,16550,-15,-276,86,-68,-402,-362
259131,27,821,16543,-19,-278,85,-70,-405,-357
259145,14,837,16548,-13,-281,81,-62,-404,-360
259159,9,829,16550,-14,-277,83,-64,-400,-366
259173,23,824,16550,-20,-282,91,-62,-407,-362
259187,16,838,16547,-20,-280,85,-65,-400,-358
259201,10,816,16548,-19,-277,87,-63,-400,-368
259215,24,823,16548,-15,-275,90,-63,-396,-359
259229,11,810,16542,-23,-278,87,-61,-406,-360
259243,6,831,16552,-20,-283,83,-69,-405,-363
259257,11,812,16565,-18,-281,86,-66,-401,-361
259271,15,808,16556,-16,-280,84,-61,-403,-364
259285,9,820,16549,-18,-279,84,-67,-404,-359
259299,20,825,16539,-15,-277,88,-64,-405,-368
259313,22,823,16553,-21,-277,86,-64,-403,-364
259327,20,822,16552,-19,-280,89,-65,-401,-364
259341,25,819,16537,-16,-277,86,-69,-404,-363
259355,17,817,16543,-17,-276,82,-66,-404,-361
259369,2,816,16544,-16,-274,85,-66,-405,-356
259383,21,820,16546,-12,-278,86,-60,-407,-366
259397,17,819,16560,-24,-274,82,-67,-402,-364
259411,16,829,16555,-17,-275,83,-69,-403,-361
259425,30,824,16551,-15,-276,84,-65,-403,-362
259439,31,829,16538,-16,-277,85,-63,-404,-359
259453,15,830,16545,-16,-280,88,-63,-403,-362
259467,6,828,16553,-17,-279,88,-62,-400,-362
259481,26,825,16537,-14,-277,90,-64,-399,-358
259495,15,821,16556,-17,-275,88,-63,-401,-363
259509,11,820,16554,-16,-278,85,-68,-406,-368
259523,14,837,16549,-13,-282,82,-69,-404,-357
259537,21,828,16537,-15,-280,83,-59,-402,-364
259551,15,823,16531,-14,-282,87,-65,-402,-366
259565,23,821,16553,-20,-279,85,-62,-407,-363
259579,18,830,16551,-18,-278,86,-61,-405,-365
259593,22,814,16554,-20,-280,84,-68,-403,-365
259607,18,814,16563,-23,-283,88,-65,-406,-359
259621,17,818,16559,-21,-278,79,-62,-403,-363
259635,27,822,16539,-24,-279,81,-64,-404,-355
259649,12,821,16549,-17,-275,84,-64,-406,-361
259663,13,823,16563,-16,-276,83,-62,-402,-363
259677,11,823,16540,-23,-280,87,-63,-407,-360
259691,20,822,16544,-18,-279,87,-68,-404,-365
259705,12,818,16544,-15,-274,88,-65,-401,-367
259719,8,827,16547,-21,-281,85,-69,-404,-361
259733,19,824,16550,-16,-278,88,-64,-406,-363
259747,22,832,16553,-16,-275,83,-68,-402,-366
259761,24,831,16544,-15,-277,83,-60,-406,-360
259775,11,833,16551,-22,-276,82,-65,-402,-362
259789,11,815,16543,-22,-276,83,-66,-397,-365
259803,16,809,16554,-14,-281,89,-67,-406,-360
259817,20,824,16543,-19,-274,81,-63,-403,-364
259831,13,819,16553,-19,-280,82,-69,-407,-364
259845,27,827,16553,-23,-283,90,-65,-402,-361
259859,13,830,16540,-22,-279,82,-64,-404,-363
259873,15,818,16540,-18,-282,83,-64,-399,-359
259887,21,826,16550,-17,-280,85,-65,-402,-365
259901,24,828,16541,-17,-276,89,-65,-405,-362
259915,14,804,16543,-21,-281,85,-65,-407,-361
259929,12,812,16550,-23,-283,84,-65,-410,-360
259943,24,826,16551,-15,-277,85,-59,-398,-356
259957,16,816,16549,-14,-280,80,-62,-406,-360
259971,32,823,16536,-18,-279,83,-70,-410,-358
259985,21,824,16548,-16,-279,85,-63,-399,-359
259999,19,827,16532,-15,-281,85,-69,-401,-358
260013,23,829,16548,-14,-278,82,-70,-404,-360
260027,27,824,16547,-12,-275,79,-63,-406,-360
260041,23,831,16538,-19,-280,81,-64,-403,-361
260055,26,822,16559,-14,-275,80,-64,-402,-362
260069,19,818,16534,-15,-281,83,-65,-404,-359
260083,9,832,16550,-13,-281,88,-61,-401,-358
260097,23,826,16574,-12,-280,85,-64,-401,-368
260111,22,822,16538,-18,-279,81,-62,-402,-362
260125,32,821,16547,-17,-278,85,-65,-406,-363
260139,22,827,16546,-17,-276,83,-61,-407,-365
260153,20,822,16544,-19,-277,82,-64,-404,-360
260167,16,820,16553,-19,-274,85,-64,-408,-363
260181,16,825,16552,-14,-278,87,-64,-404,-366
260195,18,834,16558,-12,-279,89,-65,-405,-363
260209,29,811,16547,-17,-274,82,-68,-404,-363
260223,13,830,16561,-19,-278,86,-63,-405,-359
260237,18,824,16548,-13,-275,86,-66,-404,-360
260251,10,827,16549,-19,-276,86,-62,-406,-359
260265,9,824,16546,-23,-276,83,-67,-405,-367
260279,14,817,16550,-18,-276,87,-68,-404,-362
260293,21,817,16530,-17,-281,81,-63,-401,-363
260307,13,811,16543,-19,-280,83,-66,-404,-366
260321,18,824,16549,-20,-281,89,-65,-405,-361
260335,17,819,16545,-17,-274,87,-60,-403,-365
260349,19,825,16541,-18,-279,83,-57,-405,-360
260363,34,834,16552,-15,-278,84,-65,-404,-362
260377,24,822,16550,-17,-280,79,-65,-407,-354
260391,24,820,16539,-22,-285,84,-70,-403,-359
260405,27,827,16547,-16,-282,84,-67,-405,-362
260419,23,821,16544,-19,-281,84,-63,-402,-364
260433,32,819,16548,-19,-277,87,-65,-405,-357
260447,25,816,16538,-22,-278,89,-65,-406,-359
260461,18,826,16543,-20,-276,83,-65,-404,-363
260475,20,832,16565,-16,-278,85,-64,-407,-362
260489,15,821,16557,-21,-278,85,-66,-398,-361
260503,8,823,16560,-18,-280,85,-63,-406,-358
260517,12,816,16545,-19,-284,89,-63,-398,-364
260531,15,817,16555,-23,-277,90,-62,-404,-365
260545,19,821,16543,-23,-277,90,-63,-406,-362
260559,14,824,16552,-19,-277,88,-64,-402,-362
260573,22,832,16536,-20,-278,87,-64,-406,-359
260587,15,831,16539,-21,-278,86,-69,-404,-364
260601,1,825,16556,-14,-277,85,-63,-402,-358
260615,10,827,16544,-18,-277,86,-64,-400,-360
260629,28,831,16532,-21,-281,87,-65,-407,-361
260643,22,835,16563,-22,-272,91,-65,-408,-362
260657,24,832,16538,-14,-283,83,-61,-403,-359
260671,16,818,16551,-15,-283,84,-65,-409,-361
260685,27,816,16545,-18,-275,85,-67,-403,-360
260699,17,814,16550,-20,-283,88,-62,-399,-359
260713,6,839,16556,-21,-279,86,-63,-403,-364
260727,20,808,16555,-15,-274,87,-68,-403,-362
260741,23,812,16542,-13,-279,88,-61,-400,-364
260755,20,820,16557,-23,-278,90,-65,-409,-359
260769,23,814,16557,-20,-277,86,-63,-406,-361
260783,14,818,16540,-19,-282,86,-65,-404,-362
260797,20,822,16557,-18,-276,84,-60,-401,-353
260811,11,819,16558,-15,-281,86,-66,-404,-363
260825,27,825,16551,-13,-277,88,-63,-403,-366
260839,18,819,16537,-19,-280,91,-67,-397,-366
260853,27,821,16537,-18,-278,82,-63,-410,-364
260867,12,831,16545,-18,-280,82,-65,-399,-359
260881,6,828,16552,-16,-276,83,-58,-405,-359
260895,34,823,16536,-16,-279,83,-65,-408,-366
260909,17,819,16547,-13,-273,85,-65,-402,-361
260923,15,818,16548,-11,-282,88,-66,-401,-362
260937,26,822,16560,-19,-279,88,-61,-405,-367
260951,21,818,16553,-20,-281,87,-64,-402,-363
260965,17,817,16544,-21,-271,86,-61,-405,-359
260979,25,812,16543,-18,-281,89,-63,-400,-368
260993,9,830,16555,-18,-282,88,-64,-408,-365
261007,23,822,16538,-15,-278,88,-65,-402,-364
261021,19,830,16542,-19,-284,89,-68,-403,-364
261035,24,815,16551,-22,-277,86,-64,-403,-363
261049,16,822,16543,-20,-274,87,-63,-405,-362
261063,8,827,16554,-22,-273,85,-63,-404,-364
261077,14,831,16536,-20,-279,87,-70,-401,-362
261091,31,833,16541,-16,-280,88,-63,-403,-362
261105,26,829,16553,-18,-281,87,-65,-404,-361
261119,25,817,16550,-16,-278,86,-61,-404,-360
261133,13,818,16548,-20,-277,85,-66,-399,-361
261147,13,833,16547,-18,-272,86,-69,-405,-364
261161,10,812,16543,-16,-277,84,-67,-398,-360
261175,11,818,16544,-18,-275,85,-64,-404,-356
261189,29,824,16533,-16,-276,82,-63,-406,-360
261203,23,812,16537,-22,-281,85,-71,-403,-362
261217,11,824,16551,-18,-279,87,-65,-404,-361
261231,20,820,16542,-19,-277,83,-62,-404,-363
261245,11,823,16542,-18,-278,86,-67,-404,-361
261259,32,823,16533,-15,-278,87,-62,-403,-359
261273,20,821,16541,-16,-281,86,-64,-405,-362
261287,15,811,16534,-13,-281,82,-64,-407,-356
261301,2,812,16548,-22,-280,87,-63,-410,-363
261315,4,820,16545,-18,-275,81,-66,-406,-361
261329,13,822,16546,-18,-281,86,-65,-405,-360
261343,13,825,16548,-20,-278,84,-64,-399,-363
261357,19,824,16528,-17,-278,87,-62,-402,-363
261371,19,819,16554,-19,-281,87,-66,-404,-363
261385,34,826,16547,-22,-278,82,-65,-410,-356
261399,14,817,16555,-19,-276,86,-63,-407,-363
261413,32,831,16543,-15,-282,90,-59,-400,-363
261427,12,816,16545,-22,-280,87,-61,-401,-364
261441,11,816,16550,-17,-280,89,-63,-401,-363
261455,32,819,16550,-14,-279,87,-67,-405,-357
261469,16,807,16553,-17,-277,87,-62,-406,-359
261483,35,829,16553,-17,-279,83,-65,-402,-362
261497,18,820,16546,-20,-276,85,-65,-405,-361
261511,13,831,16543,-20,-275,86,-66,-403,-363
261525,42,823,16547,-15,-277,85,-64,-406,-365
261539,18,820,16532,-18,-279,81,-60,-404,-362
261553,24,816,16550,-19,-279,83,-65,-407,-362
261567,20,822,16547,-13,-277,87,-67,-400,-365
261581,44,822,16536,-21,-280,86,-64,-401,-365
261595,34,820,16546,-19,-279,86,-64,-402,-358
261609,17,835,16541,-18,-282,85,-67,-405,-362
261623,7,830,16527,-20,-278,89,-61,-405,-361
261637,9,816,16547,-20,-281,85,-69,-406,-361
261651,12,820,16532,-17,-279,85,-60,-404,-362
261665,29,822,16548,-21,-281,90,-67,-402,-362
261679,11,823,16541,-15,-282,83,-63,-404,-357
261693,24,814,16539,-19,-282,83,-65,-404,-362
261707,14,829,16541,-19,-275,88,-65,-399,-360
261721,29,815,16554,-14,-278,91,-63,-402,-365
261735,18,834,16546,-21,-277,85,-67,-407,-362
261749,17,814,16537,-16,-280,85,-66,-403,-367
261763,18,820,16540,-16,-278,82,-65,-399,-364
261777,22,813,16550,-16,-279,80,-69,-405,-366
261791,29,822,16544,-22,-277,84,-64,-410,-361
261805,17,833,16551,-22,-276,87,-63,-402,-362
261819,19,827,16535,-20,-279,87,-69,-399,-363
261833,21,815,16540,-16,-278,86,-63,-408,-365
261847,17,825,16552,-18,-280,88,-65,-411,-361
261861,28,811,16550,-17,-284,87,-69,-407,-362
261875,23,829,16546,-24,-280,86,-60,-401,-364
261889,14,818,16552,-16,-279,87,-61,-406,-359
261903,6,823,16551,-24,-276,86,-64,-403,-364
261917,13,829,16554,-18,-280,87,-67,-401,-361
261931,26,810,16543,-13,-279,85,-62,-405,-363
261945,19,828,16545,-14,-279,88,-65,-401,-366
261959,18,823,16542,-15,-277,83,-64,-406,-362
261973,21,822,16534,-18,-279,87,-64,-405,-360
261987,22,827,16548,-16,-280,81,-59,-403,-357
262001,21,809,16552,-21,-279,89,-69,-405,-357
262015,15,821,16537,-29,-276,84,-64,-403,-359
262029,16,819,16545,-17,-274,84,-61,-404,-361
262043,33,821,16561,-18,-279,88,-69,-408,-357
262057,21,827,16539,-19,-280,83,-69,-405,-363
262071,26,816,16538,-21,-282,84,-64,-403,-363
262085,18,821,16555,-16,-280,86,-63,-407,-364
262099,1,821,16545,-10,-277,83,-70,-402,-363
262113,13,828,16545,-18,-277,88,-61,-402,-359
262127,19,827,16542,-16,-277,87,-63,-405,-361
262141,25,822,16558,-17,-277,90,-62,-404,-364
262155,22,821,16555,-17,-279,91,-63,-402,-360
262169,18,810,16551,-14,-283,87,-65,-403,-365
262183,15,817,16521,-15,-278,85,-63,-406,-364
262197,19,811,16560,-20,-274,84,-66,-399,-360
262211,20,829,16544,-19,-275,84,-65,-402,-358
262225,18,824,16543,-10,-277,91,-69,-409,-365
262239,9,826,16548,-16,-276,89,-61,-399,-369
262253,24,828,16540,-18,-279,87,-71,-405,-359
262267,20,819,16565,-17,-282,86,-67,-405,-358
262281,22,815,16550,-13,-277,90,-63,-397,-361
262295,6,822,16546,-19,-274,83,-67,-399,-361
262309,16,821,16537,-21,-283,86,-66,-400,-361
262323,15,813,16546,-15,-278,86,-64,-408,-367
262337,17,825,16545,-16,-281,87,-61,-403,-359
262351,14,826,16532,-16,-279,85,-64,-402,-365
262365,28,810,16530,-21,-275,84,-63,-400,-359
262379,17,838,16551,-20,-280,86,-65,-406,-362
262393,16,815,16545,-13,-280,83,-63,-399,-360
262407,19,824,16547,-15,-279,87,-59,-403,-358
262421,21,824,16524,-16,-279,85,-59,-404,-360
262435,25,825,16535,-16,-274,90,-68,-404,-359
262449,20,829,16550,-15,-280,83,-65,-404,-369
262463,30,822,16544,-22,-280,88,-63,-401,-363
262477,17,820,16546,-24,-278,85,-68,-402,-362
262491,31,821,16534,-25,-276,85,-62,-406,-359
262505,8,826,16549,-25,-278,84,-64,-402,-360
262519,16,826,16549,-23,-282,84,-63,-399,-364
262533,13,816,16531,-17,-276,85,-64,-401,-364
262547,20,831,16555,-17,-278,87,-62,-402,-366
262561,16,826,16535,-16,-280,87,-68,-405,-359
262575,13,833,16539,-22,-280,83,-67,-407,-360
262589,24,835,16536,-19,-279,86,-66,-402,-364
262603,17,826,16549,-20,-277,85,-66,-404,-364
262617,21,817,16564,-21,-275,86,-70,-399,-361
262631,26,829,16545,-17,-279,88,-62,-401,-361
262645,30,808,16552,-17,-276,84,-65,-404,-360
262659,29,815,16546,-12,-279,87,-66,-401,-364
262673,17,816,16541,-12,-285,82,-61,-404,-359
262687,20,826,16549,-19,-279,86,-66,-397,-363
262701,19,834,16535,-21,-282,84,-67,-402,-367
262715,20,815,16553,-20,-282,85,-64,-400,-359
262729,5,826,16552,-15,-273,81,-68,-404,-360
262743,21,831,16545,-22,-276,86,-65,-399,-363
262757,31,822,16540,-20,-280,90,-63,-405,-358
262771,21,836,16539,-22,-276,83,-65,-400,-361
262785,16,821,16550,-14,-283,86,-72,-403,-365
262799,40,816,16543,-15,-280,91,-62,-407,-358
262813,20,829,16545,-19,-276,87,-65,-401,-359
262827,29,813,16545,-16,-276,89,-62,-401,-362
262841,7,824,16543,-19,-275,88,-62,-403,-363
262855,7,826,16544,-16,-284,87,-60,-406,-359
262869,19,840,16534,-21,-282,89,-67,-403,-362
262883,24,825,16550,-22,-279,85,-58,-399,-361
262897,16,825,16533,-21,-275,84,-67,-402,-359
262911,11,836,16542,-19,-274,85,-67,-407,-359
262925,8,828,16518,-23,-276,83,-64,-402,-364
262939,16,817,16529,-19,-277,90,-66,-407,-357
262953,27,834,16542,-18,-275,83,-68,-406,-365
262967,11,819,16548,-19,-279,84,-66,-405,-356
262981,21,830,16533,-17,-278,88,-66,-405,-360
262995,20,830,16529,-19,-273,86,-66,-402,-364
263009,19,829,16538,-18,-277,87,-66,-409,-360
263023,20,820,16543,-19,-275,88,-63,-403,-366
263037,24,824,16518,-14,-277,87,-63,-402,-363
263051,25,823,16544,-21,-278,89,-63,-411,-363
263065,7,820,16534,-21,-281,89,-65,-401,-357
263079,12,816,16547,-20,-275,82,-63,-402,-361
263093,26,819,16532,-24,-278,90,-69,-404,-360
263107,26,818,16534,-22,-275,88,-64,-404,-362
263121,31,826,16523,-16,-275,84,-67,-405,-363
263135,22,832,16560,-18,-281,90,-67,-400,-364
263149,19,818,16525,-19,-283,88,-61,-405,-360
263163,27,817,16556,-18,-281,84,-69,-404,-364
263177,11,834,16533,-17,-278,88,-67,-399,-367
263191,18,817,16530,-22,-277,91,-62,-404,-360
263205,15,839,16528,-15,-276,80,-65,-402,-360
263219,23,831,16538,-13,-282,86,-66,-405,-359
263233,21,809,16545,-19,-271,89,-67,-403,-363
263247,18,818,16534,-23,-279,91,-62,-406,-360
263261,18,824,16527,-14,-280,87,-64,-401,-358
263275,20,825,16530,-19,-278,86,-59,-397,-358
263289,25,831,16530,-25,-279,92,-69,-401,-361
263303,29,825,16544,-17,-279,87,-71,-407,-361
263317,36,822,16534,-19,-277,90,-69,-405,-359
263331,10,828,16538,-22,-277,90,-71,-401,-368
263345,21,830,16540,-26,-278,89,-60,-398,-362
263359,15,822,16545,-20,-278,82,-69,-403,-362
263373,28,826,16548,-17,-282,81,-65,-400,-359
263387,11,821,16541,-23,-279,91,-63,-400,-366
263401,21,820,16533,-21,-279,91,-68,-404,-360
263415,30,819,16524,-21,-284,87,-65,-398,-368
263429,22,827,16546,-24,-276,84,-61,-402,-360
263443,29,811,16537,-14,-274,88,-70,-406,-363
263457,14,824,16539,-22,-277,88,-60,-400,-364
263471,38,823,16558,-14,-282,83,-63,-406,-362
263485,10,821,16539,-15,-280,86,-64,-395,-362
263499,21,820,16548,-21,-277,83,-65,-406,-366
263513,28,830,16540,-15,-279,86,-63,-402,-361
263527,23,824,16552,-24,-277,84,-65,-400,-368
263541,11,834,16524,-26,-280,83,-60,-407,-361
263555,22,820,16552,-17,-274,87,-62,-404,-364
263569,15,817,16539,-19,-282,82,-62,-399,-365
263583,19,813,16536,-25,-278,85,-62,-407,-360
263597,28,825,16547,-17,-279,88,-70,-407,-365
263611,16,834,16530,-19,-279,85,-64,-403,-363
263625,26,812,16541,-11,-275,84,-66,-400,-361
263639,17,822,16539,-15,-276,80,-64,-403,-362
263653,19,817,16549,-18,-281,87,-60,-405,-366
263667,23,820,16537,-20,-278,86,-66,-406,-367
263681,25,828,16552,-19,-278,84,-60,-408,-368
263695,36,819,16538,-16,-276,91,-63,-402,-365
263709,14,820,16523,-24,-274,88,-64,-406,-360
263723,23,825,16542,-17,-278,85,-61,-404,-363
263737,35,829,16519,-18,-279,90,-60,-403,-366
263751,16,827,16524,-14,-276,91,-65,-399,-360
263765,29,829,16533,-21,-278,88,-66,-402,-365
263779,27,822,16543,-21,-279,90,-66,-405,-363
263793,29,815,16542,-19,-278,85,-62,-404,-359
263807,19,821,16549,-18,-282,88,-64,-405,-359
263821,24,822,16521,-16,-281,79,-59,-401,-362
263835,24,821,16546,-14,-284,82,-65,-404,-361
263849,13,818,16540,-20,-280,81,-61,-404,-358
263863,11,814,16523,-20,-280,86,-66,-403,-368
263877,26,827,16527,-23,-282,91,-66,-401,-359
263891,8,828,16551,-18,-280,85,-68,-405,-359
263905,21,821,16541,-14,-279,81,-65,-407,-366
263919,20,814,16524,-24,-277,84,-67,-402,-361
263933,22,810,16559,-21,-278,84,-63,-402,-360
263947,21,826,16536,-21,-274,87,-66,-399,-366
263961,30,823,16526,-21,-280,88,-61,-412,-362
263975,24,830,16530,-15,-276,86,-61,-408,-368
263989,17,822,16538,-20,-275,86,-64,-406,-357
264003,0,842,16538,-10,-283,83,-63,-401,-364
264017,36,825,16530,-22,-277,89,-63,-404,-361
264031,15,817,16547,-19,-275,86,-65,-402,-364
264045,13,827,16542,-17,-274,85,-64,-400,-358
264059,19,826,16537,-24,-274,90,-69,-403,-363
264073,19,825,16539,-20,-276,84,-63,-403,-363
264087,17,814,16527,-18,-281,85,-63,-401,-361
264101,27,821,16547,-17,-275,84,-63,-402,-364
264115,27,818,16545,-23,-282,85,-68,-402,-356
264129,24,832,16546,-23,-278,89,-61,-404,-360
264143,9,836,16543,-22,-280,88,-67,-405,-362
264157,22,819,16552,-15,-287,89,-61,-402,-361
264171,10,820,16539,-21,-275,87,-65,-404,-361
264185,18,820,16543,-15,-280,87,-70,-398,-368
264199,34,823,16528,-19,-278,80,-64,-401,-361
264213,19,819,16548,-16,-276,86,-58,-407,-369
264227,31,825,16540,-19,-276,84,-69,-403,-363
264241,27,816,16544,-18,-284,80,-63,-401,-359
264255,20,826,16549,-20,-278,88,-62,-402,-364
264269,19,819,16549,-17,-281,87,-66,-402,-360
264283,18,819,16542,-17,-279,90,-64,-406,-359
264297,18,817,16554,-20,-279,85,-69,-407,-365
264311,30,817,16533,-14,-277,84,-63,-403,-369
264325,17,827,16559,-19,-280,84,-65,-401,-360
264339,19,825,16559,-19,-280,87,-60,-401,-361
264353,18,829,16525,-18,-281,83,-62,-402,-359
264367,10,829,16543,-20,-280,87,-62,-403,-361
264381,32,820,16535,-16,-281,89,-64,-405,-361
264395,24,830,16556,-15,-277,84,-66,-407,-365
264409,7,825,16537,-16,-282,88,-67,-407,-360
264423,14,836,16544,-21,-276,85,-63,-405,-364
264437,13,838,16539,-13,-283,87,-61,-405,-364
264451,24,833,16556,-16,-279,83,-65,-398,-361
264465,19,823,16554,-17,-279,83,-64,-402,-364
264479,18,828,16539,-19,-280,88,-66,-404,-360
264493,12,830,16536,-21,-271,87,-60,-403,-363
264507,23,816,16562,-20,-281,82,-60,-409,-364
264521,11,829,16523,-21,-278,83,-61,-406,-360
264535,31,838,16534,-28,-278,84,-68,-405,-363
264549,19,818,16542,-19,-281,86,-62,-407,-360
264563,7,825,16536,-17,-279,83,-63,-401,-365
264577,19,824,16542,-18,-277,87,-63,-405,-359
264591,16,832,16545,-13,-281,86,-67,-398,-360
264605,21,835,16544,-15,-279,83,-64,-402,-359
264619,27,834,16551,-16,-280,86,-62,-406,-356
264633,32,820,16538,-17,-279,83,-60,-401,-368
264647,32,832,16526,-15,-272,83,-66,-404,-356
264661,22,826,16537,-17,-280,83,-67,-404,-363
264675,12,826,16549,-20,-280,82,-66,-401,-363
264689,25,822,16541,-16,-276,87,-68,-401,-364
264703,16,830,16551,-14,-281,89,-67,-401,-361
264717,11,825,16544,-17,-281,82,-64,-402,-362
264731,20,820,16537,-19,-273,81,-65,-400,-361
264745,22,820,16552,-19,-277,89,-61,-405,-362
264759,36,820,16548,-23,-277,91,-58,-405,-359
264773,18,824,16534,-18,-275,84,-61,-397,-362
264787,30,828,16538,-19,-279,85,-67,-403,-363
264801,29,816,16543,-22,-277,92,-63,-407,-359
264815,10,824,16541,-19,-279,85,-62,-405,-363
264829,22,818,16537,-17,-278,83,-65,-405,-365
264843,26,823,16537,-18,-276,82,-65,-407,-363
264857,20,821,16529,-13,-281,88,-63,-407,-366
264871,25,833,16547,-12,-281,91,-64,-405,-360
264885,18,811,16557,-19,-275,87,-66,-408,-365
264899,17,825,16545,-21,-276,89,-64,-402,-364
264913,14,832,16530,-26,-275,90,-59,-408,-362
264927,-7,824,16543,-14,-273,84,-62,-398,-360
264941,20,827,16549,-21,-277,88,-60,-403,-361
264955,21,834,16553,-21,-279,86,-65,-404,-364
264969,28,815,16543,-23,-280,85,-62,-403,-364
264983,28,816,16560,-12,-273,86,-66,-402,-363
264997,18,819,16566,-18,-276,88,-59,-403,-367
265011,15,825,16548,-19,-278,86,-66,-403,-360
265025,22,821,16546,-15,-276,79,-63,-404,-370
265039,23,827,16544,-18,-278,90,-68,-403,-361
265053,14,808,16543,-15,-279,91,-62,-398,-361
265067,13,832,16555,-19,-276,88,-62,-404,-363
265081,27,821,16543,-20,-274,87,-64,-407,-364
265095,28,828,16551,-19,-277,84,-60,-406,-360
265109,20,839,16563,-18,-280,86,-70,-400,-360
265123,31,826,16553,-23,-272,87,-63,-403,-361
265137,2,830,16529,-19,-278,91,-63,-402,-362
265151,21,836,16541,-21,-280,86,-65,-407,-370
265165,31,828,16548,-23,-281,84,-61,-402,-366
265179,12,820,16544,-19,-275,81,-62,-404,-366
265193,19,821,16541,-17,-276,84,-64,-405,-369
265207,30,827,16542,-18,-277,87,-62,-401,-361
265221,18,817,16534,-21,-279,86,-67,-411,-362
265235,23,826,16547,-22,-278,87,-65,-401,-362
265249,7,827,16549,-22,-276,82,-61,-400,-363
265263,25,828,16537,-16,-281,87,-60,-407,-366
265277,24,819,16542,-14,-279,87,-68,-397,-365
265291,13,817,16554,-12,-281,85,-64,-402,-365
265305,2,823,16537,-15,-280,83,-65,-403,-360
265319,18,814,16542,-20,-279,86,-65,-403,-364
265333,29,813,16550,-17,-280,89,-60,-408,-360
265347,32,824,16539,-15,-280,88,-63,-407,-365
265361,26,824,16552,-11,-281,85,-57,-401,-359
265375,18,818,16540,-10,-281,90,-66,-404,-361
265389,28,832,16559,-24,-282,87,-66,-403,-365
265403,17,824,16542,-20,-275,90,-59,-406,-363
265417,31,824,16548,-19,-279,88,-67,-406,-360
265431,23,828,16562,-19,-281,83,-64,-401,-364
265445,27,827,16532,-16,-278,86,-68,-404,-366
265459,22,826,16522,-14,-278,86,-61,-403,-361
265473,2,822,16555,-17,-278,84,-61,-398,-360
265487,38,816,16527,-16,-281,84,-64,-404,-360
265501,17,815,16542,-14,-283,84,-64,-404,-361
265515,30,815,16542,-14,-276,84,-63,-401,-354
265529,12,823,16547,-15,-279,85,-59,-402,-360
265543,13,826,16552,-19,-275,87,-64,-408,-355
265557,23,817,16533,-20,-275,83,-65,-401,-361
265571,13,821,16541,-21,-279,88,-66,-402,-363
265585,33,813,16552,-22,-279,85,-63,-403,-366
265599,12,829,16543,-21,-276,81,-67,-403,-358
265613,16,822,16551,-15,-279,81,-64,-405,-364
265627,12,824,16550,-14,-275,87,-66,-403,-364
265641,11,815,16534,-17,-279,84,-64,-399,-364
265655,13,824,16544,-20,-280,87,-65,-402,-370
265669,12,823,16548,-16,-282,81,-64,-404,-366
265683,21,836,16537,-18,-279,87,-66,-403,-362
265697,10,834,16551,-17,-282,87,-64,-404,-363
265711,10,826,16543,-17,-280,82,-66,-401,-367
265725,23,814,16532,-21,-281,84,-58,-401,-360
265739,20,820,16545,-22,-283,88,-68,-402,-362
265753,31,818,16527,-19,-277,86,-64,-409,-361
265767,25,817,16546,-20,-276,91,-57,-406,-358
265781,22,827,16551,-19,-280,83,-71,-399,-365
265795,19,821,16537,-20,-277,87,-67,-403,-361
265809,17,843,16535,-17,-278,87,-60,-407,-361
265823,16,825,16543,-17,-275,87,-66,-401,-361
265837,16,821,16551,-20,-280,85,-65,-402,-361
265851,23,824,16552,-13,-278,78,-72,-407,-364
265865,16,830,16539,-19,-279,86,-59,-404,-358
265879,26,816,16554,-22,-274,88,-59,-406,-359
265893,21,817,16543,-25,-277,80,-61,-404,-361
265907,11,839,16545,-16,-276,83,-59,-402,-362
265921,19,818,16550,-12,-282,84,-69,-401,-363
265935,19,823,16525,-14,-284,85,-67,-405,-362
265949,14,826,16546,-17,-279,84,-63,-408,-362
265963,26,830,16543,-18,-281,87,-63,-402,-366
265977,13,818,16547,-20,-274,84,-66,-400,-367
265991,32,832,16541,-13,-276,81,-65,-406,-367
266005,32,826,16550,-13,-281,85,-69,-402,-359
266019,24,812,16541,-15,-276,87,-70,-405,-358
266033,19,828,16537,-20,-275,89,-63,-405,-360
266047,25,821,16543,-17,-275,83,-64,-404,-359
266061,29,814,16541,-20,-276,86,-67,-401,-364
266075,22,817,16528,-17,-274,85,-66,-404,-365
266089,7,837,16535,-17,-278,87,-65,-404,-364
266103,11,826,16544,-15,-282,81,-61,-402,-360
266117,14,815,16519,-20,-280,80,-65,-398,-362
266131,34,813,16539,-15,-278,88,-65,-406,-359
266145,14,813,16552,-15,-282,84,-60,-404,-363
266159,23,828,16532,-16,-278,87,-62,-395,-362
266173,25,824,16559,-16,-280,90,-61,-401,-361
266187,30,824,16527,-13,-279,87,-68,-405,-367
266201,32,824,16517,-19,-278,87,-61,-402,-361
266215,26,822,16533,-18,-281,89,-59,-400,-365
266229,9,834,16530,-18,-277,92,-65,-403,-363
266243,11,830,16538,-22,-278,86,-62,-409,-364
266257,17,837,16556,-20,-275,83,-64,-400,-355
266271,10,826,16545,-17,-277,89,-64,-406,-363
266285,11,823,16537,-20,-284,90,-64,-404,-361
266299,20,830,16543,-15,-277,88,-67,-410,-364
266313,23,822,16550,-23,-280,87,-70,-405,-363
266327,17,833,16549,-21,-281,87,-65,-405,-362
266341,23,819,16545,-17,-279,84,-67,-406,-365
266355,18,829,16535,-14,-280,89,-64,-408,-360
266369,6,817,16544,-18,-280,84,-59,-397,-362
266383,30,829,16544,-21,-278,84,-67,-407,-362
266397,13,832,16552,-18,-284,88,-66,-409,-364
266411,25,816,16534,-21,-276,90,-58,-401,-362
266425,21,826,16531,-24,-277,86,-70,-401,-367
266439,16,821,16548,-16,-276,86,-62,-398,-358
266453,11,818,16535,-19,-280,83,-62,-405,-365
266467,15,823,16534,-22,-283,84,-62,-403,-363
266481,13,821,16545,-18,-277,87,-68,-401,-360
266495,31,820,16533,-14,-272,89,-67,-400,-363
266509,6,814,16545,-17,-279,83,-66,-405,-361
266523,37,832,16544,-17,-280,87,-66,-404,-365
266537,18,829,16538,-19,-274,82,-65,-412,-367
266551,8,828,16542,-14,-280,86,-63,-404,-362
266565,25,835,16549,-18,-284,92,-64,-398,-364
266579,30,824,16545,-17,-275,89,-63,-401,-362
266593,36,831,16541,-18,-273,89,-66,-408,-360
266607,11,810,16535,-23,-281,88,-62,-406,-358
266621,32,823,16540,-15,-275,89,-61,-403,-360
266635,16,827,16540,-21,-281,88,-61,-404,-360
266649,18,833,16530,-20,-279,87,-63,-401,-357
266663,30,836,16548,-21,-278,86,-64,-410,-364
266677,21,832,16543,-18,-279,86,-68,-400,-359
266691,23,815,16543,-16,-275,83,-67,-406,-360
266705,24,823,16530,-22,-277,82,-61,-407,-363
266719,17,825,16550,-22,-280,80,-68,-404,-362
266733,20,815,16543,-21,-278,85,-59,-403,-361
266747,22,817,16556,-23,-277,86,-65,-406,-362
266761,27,817,16522,-22,-274,85,-62,-401,-362
266775,17,825,16544,-17,-278,83,-65,-405,-367
266789,18,826,16541,-18,-280,89,-64,-407,-359
266803,24,817,16556,-22,-279,93,-64,-400,-359
266817,42,819,16537,-22,-278,91,-63,-406,-361
266831,7,816,16545,-17,-278,89,-65,-407,-360
266845,10,827,16544,-18,-274,93,-64,-400,-363
266859,30,825,16535,-21,-278,92,-59,-400,-358
266873,23,821,16538,-24,-281,89,-66,-403,-362
266887,28,830,16547,-14,-274,87,-67,-398,-365
266901,13,828,16558,-14,-280,85,-62,-408,-359
266915,15,825,16558,-14,-278,86,-62,-405,-364
266929,9,822,16539,-22,-280,83,-64,-400,-360
266943,32,825,16553,-15,-281,86,-65,-403,-356
266957,-3,831,16542,-19,-278,86,-64,-401,-357
266971,35,818,16542,-20,-279,90,-67,-405,-364
266985,28,820,16547,-16,-277,85,-64,-405,-363
266999,16,825,16532,-19,-279,87,-65,-403,-361
267013,20,826,16549,-17,-273,82,-58,-401,-362
267027,23,827,16548,-19,-278,82,-63,-405,-360
267041,26,817,16550,-23,-281,90,-64,-399,-359
267055,12,822,16549,-18,-278,89,-71,-403,-364
267069,22,818,16541,-19,-281,85,-68,-397,-360
267083,9,832,16540,-23,-278,88,-64,-400,-364
267097,16,821,16548,-17,-276,84,-60,-407,-364
267111,6,814,16536,-24,-285,86,-59,-401,-362
267125,29,825,16544,-18,-277,85,-63,-405,-364
267139,16,829,16550,-18,-282,88,-66,-404,-360
267153,26,830,16554,-22,-278,87,-62,-402,-359
267167,31,824,16545,-20,-277,85,-67,-400,-359
267181,25,806,16558,-19,-281,84,-65,-405,-363
267195,21,837,16567,-11,-276,84,-62,-405,-361
267209,18,825,16535,-16,-279,84,-61,-400,-363
267223,20,825,16563,-18,-277,88,-62,-406,-361
267237,25,822,16539,-20,-279,84,-62,-400,-358
267251,21,828,16560,-14,-279,85,-66,-402,-359
267265,21,828,16535,-20,-281,83,-64,-404,-365
267279,22,824,16551,-18,-279,84,-64,-402,-363
267293,18,830,16547,-26,-276,84,-60,-403,-358
267307,14,823,16543,-21,-280,90,-63,-406,-357
267321,19,830,16550,-14,-280,85,-62,-403,-363
267335,22,827,16558,-15,-282,80,-61,-401,-362
267349,22,821,16543,-16,-278,87,-64,-404,-362
267363,10,827,16557,-14,-279,86,-66,-406,-365
267377,31,820,16543,-22,-279,88,-66,-404,-363
267391,14,826,16557,-25,-279,85,-68,-405,-364
267405,5,834,16555,-17,-279,82,-64,-403,-359
267419,14,818,16555,-17,-280,82,-62,-397,-360
267433,21,811,16531,-21,-281,90,-63,-402,-362
267447,31,812,16566,-21,-276,87,-67,-404,-357
267461,18,823,16542,-18,-277,88,-56,-404,-360
267475,-1,815,16541,-14,-277,85,-63,-402,-363
267489,29,841,16536,-17,-281,85,-63,-408,-357
267503,8,829,16547,-24,-279,88,-62,-405,-361
267517,22,820,16537,-21,-281,86,-67,-405,-362
267531,17,821,16543,-18,-281,86,-62,-404,-360
267545,16,824,16542,-18,-279,90,-64,-408,-362
267559,7,815,16563,-17,-274,84,-69,-406,-366
267573,41,817,16546,-17,-273,85,-63,-405,-364
267587,30,831,16535,-14,-278,87,-66,-403,-357
267601,28,831,16528,-19,-276,84,-64,-406,-361
267615,21,823,16547,-18,-277,89,-64,-406,-362
267629,21,824,16537,-16,-278,83,-66,-409,-363
267643,11,809,16532,-15,-275,83,-66,-403,-365
267657,3,824,16539,-15,-286,84,-66,-404,-363
267671,18,835,16548,-19,-278,75,-66,-406,-364
267685,21,825,16543,-13,-281,86,-63,-407,-358
267699,8,826,16533,-11,-277,84,-65,-400,-362
267713,31,828,16538,-11,-278,84,-62,-408,-359
267727,8,820,16544,-20,-284,81,-62,-408,-361
267741,19,805,16543,-17,-280,90,-62,-409,-362
267755,20,820,16529,-14,-276,86,-62,-404,-356
267769,10,814,16538,-18,-278,87,-66,-402,-364
267783,30,838,16561,-17,-279,85,-64,-406,-358
267797,13,831,16538,-20,-277,87,-62,-404,-361
267811,19,820,16530,-24,-277,89,-63,-404,-357
267825,8,826,16528,-21,-280,84,-66,-407,-361
267839,11,812,16548,-16,-277,87,-68,-404,-366
267853,19,815,16527,-14,-279,90,-69,-406,-358
267867,17,825,16538,-15,-279,90,-58,-403,-357
267881,23,818,16549,-14,-276,91,-66,-401,-363
267895,26,836,16543,-13,-280,84,-67,-404,-361
267909,27,834,16528,-20,-274,85,-63,-403,-361
267923,20,831,16525,-24,-279,85,-68,-404,-363
267937,21,829,16541,-22,-276,86,-66,-408,-366
267951,19,817,16535,-26,-273,87,-64,-398,-356
267965,14,819,16530,-25,-273,89,-65,-405,-364
267979,12,822,16551,-14,-279,89,-65,-406,-365
267993,14,820,16547,-15,-275,87,-62,-405,-363
268007,17,832,16541,-18,-278,84,-66,-402,-362
268021,25,834,16538,-23,-279,88,-64,-407,-364
268035,23,818,16539,-19,-277,87,-61,-402,-359
268049,16,820,16547,-21,-280,79,-64,-401,-362
268063,10,813,16546,-15,-285,83,-64,-399,-359
268077,34,817,16531,-18,-280,86,-65,-409,-357
268091,20,819,16549,-16,-281,84,-70,-406,-365
268105,7,830,16548,-20,-279,87,-62,-401,-359
268119,16,832,16536,-23,-280,81,-71,-400,-357
268133,23,826,16544,-14,-279,86,-63,-406,-360
268147,29,815,16539,-18,-276,84,-59,-407,-360
268161,28,822,16544,-16,-280,83,-64,-404,-361
268175,20,816,16541,-17,-278,81,-61,-398,-361
268189,20,826,16545,-17,-278,84,-60,-400,-361
268203,26,830,16553,-14,-282,84,-64,-408,-364
268217,27,828,16538,-16,-278,84,-63,-403,-359
268231,8,838,16538,-11,-281,84,-65,-399,-367
268245,10,828,16537,-16,-283,85,-62,-404,-365
268259,16,821,16546,-14,-278,87,-64,-402,-359
268273,5,825,16539,-16,-276,86,-64,-404,-359
268287,9,818,16539,-24,-279,90,-59,-407,-365
268301,11,830,16526,-17,-281,89,-64,-401,-361
268315,17,830,16548,-11,-279,85,-62,-403,-363
268329,17,833,16540,-20,-281,93,-65,-401,-367
268343,31,827,16538,-16,-281,89,-63,-403,-362
268357,20,832,16553,-23,-278,89,-61,-402,-366
268371,24,830,16542,-14,-277,88,-63,-399,-361
268385,10,820,16546,-14,-280,86,-62,-407,-362
268399,16,826,16555,-17,-284,84,-63,-402,-361
268413,24,828,16550,-18,-280,84,-63,-405,-366
268427,13,831,16540,-17,-276,87,-64,-399,-362
268441,14,827,16547,-15,-283,84,-63,-401,-362
268455,10,830,16539,-19,-273,86,-67,-406,-358
268469,24,824,16544,-15,-278,90,-61,-403,-366
268483,16,817,16531,-18,-280,89,-56,-401,-363
268497,19,810,16538,-11,-281,84,-57,-402,-360
268511,8,817,16552,-14,-280,87,-60,-400,-358
268525,18,826,16539,-14,-280,86,-57,-405,-363
268539,26,824,16557,-23,-272,79,-62,-404,-361
268553,25,818,16539,-16,-282,83,-66,-403,-365
268567,17,816,16528,-19,-281,82,-68,-403,-363
268581,14,816,16550,-18,-280,81,-64,-400,-358
268595,29,814,16542,-22,-282,85,-61,-403,-364
268609,7,811,16538,-26,-276,83,-65,-404,-369
268623,5,824,16554,-26,-274,84,-63,-401,-362
268637,21,836,16531,-18,-276,84,-63,-403,-361
268651,19,823,16541,-18,-280,86,-64,-406,-362
268665,20,824,16530,-14,-282,82,-64,-405,-359
268679,13,817,16537,-19,-280,91,-65,-401,-358
268693,30,822,16545,-17,-282,86,-66,-410,-362
268707,20,830,16532,-20,-274,89,-65,-404,-361
268721,24,824,16542,-16,-276,86,-63,-403,-362
268735,13,819,16532,-25,-279,89,-61,-403,-364
268749,27,817,16526,-23,-280,85,-65,-408,-362
268763,33,833,16543,-23,-281,86,-67,-404,-361
268777,12,822,16553,-23,-273,87,-66,-401,-363
268791,22,828,16536,-18,-276,87,-63,-398,-366
268805,30,812,16531,-18,-277,83,-65,-406,-359
268819,9,827,16544,-20,-279,85,-66,-396,-359
268833,22,832,16547,-21,-277,89,-67,-401,-361
268847,16,827,16542,-17,-284,87,-67,-401,-360
268861,27,829,16535,-18,-277,90,-64,-401,-363
268875,13,824,16531,-16,-280,84,-64,-408,-365
268889,12,814,16554,-17,-283,83,-63,-401,-364
268903,13,818,16537,-13,-276,85,-64,-400,-363
268917,22,819,16549,-22,-280,88,-67,-404,-359
268931,6,830,16542,-19,-278,82,-62,-405,-359
268945,20,827,16544,-18,-279,83,-63,-407,-366
268959,34,834,16546,-17,-278,87,-67,-402,-362
268973,21,830,16534,-15,-281,87,-63,-402,-362
268987,13,825,16541,-16,-280,87,-64,-405,-365
269001,14,824,16530,-18,-280,87,-71,-406,-365
269015,18,825,16547,-18,-278,89,-66,-406,-361
269029,25,830,16525,-18,-275,85,-65,-408,-360
269043,23,827,16547,-11,-278,83,-64,-405,-362
269057,20,835,16534,-18,-279,84,-58,-401,-364
269071,11,828,16542,-14,-277,88,-67,-401,-365
269085,32,821,16535,-17,-279,80,-63,-403,-364
269099,24,820,16542,-19,-278,87,-62,-397,-366
269113,20,829,16541,-18,-281,87,-65,-402,-360
269127,13,822,16534,-18,-280,84,-62,-407,-361
269141,30,815,16535,-22,-277,86,-68,-404,-366
269155,18,828,16519,-18,-278,85,-64,-401,-363
269169,25,825,16548,-17,-276,83,-62,-400,-359
269183,10,825,16548,-15,-279,86,-62,-402,-363
269197,6,825,16527,-17,-278,87,-66,-401,-362
269211,12,811,16551,-12,-277,82,-64,-405,-359
269225,8,834,16534,-18,-280,85,-63,-399,-358
269239,9,823,16541,-20,-272,85,-61,-402,-366
269253,24,835,16539,-20,-274,90,-65,-401,-361
269267,13,827,16535,-14,-276,86,-61,-404,-361
269281,11,825,16537,-19,-283,91,-64,-403,-362
269295,17,842,16558,-22,-277,85,-68,-405,-362
269309,6,812,16541,-23,-278,88,-66,-399,-366
269323,22,823,16543,-20,-279,85,-64,-401,-365
269337,17,831,16532,-15,-277,87,-67,-403,-362
269351,25,822,16546,-16,-283,82,-63,-408,-362
269365,27,831,16537,-16,-276,86,-64,-399,-363
269379,18,823,16540,-15,-278,80,-64,-406,-360
269393,22,820,16542,-16,-278,84,-63,-400,-364
269407,18,818,16543,-16,-279,86,-64,-407,-360
269421,23,824,16534,-20,-283,88,-61,-403,-364
269435,16,815,16551,-25,-278,89,-61,-404,-364
269449,23,820,16528,-21,-276,86,-67,-405,-361
269463,26,824,16539,-20,-283,85,-67,-405,-362
269477,22,833,16534,-22,-276,91,-73,-407,-363
269491,7,819,16535,-20,-275,92,-67,-400,-362
269505,25,820,16542,-18,-281,87,-64,-401,-367
269519,35,825,16525,-21,-282,87,-66,-402,-361
269533,20,816,16525,-20,-283,88,-67,-403,-361
269547,22,824,16542,-13,-277,87,-68,-404,-362
269561,19,821,16524,-17,-277,86,-65,-403,-361
269575,14,819,16536,-16,-275,83,-62,-409,-360
269589,12,826,16530,-19,-279,84,-65,-401,-368
269603,16,822,16530,-22,-279,87,-67,-403,-364
269617,19,825,16551,-16,-280,82,-64,-403,-361
269631,32,825,16544,-20,-279,81,-60,-402,-363
269645,4,828,16542,-22,-277,81,-64,-410,-361
269659,10,821,16538,-17,-275,88,-62,-401,-364
269673,19,817,16535,-22,-276,89,-60,-406,-364
269687,23,813,16535,-16,-278,87,-67,-405,-362
269701,25,815,16539,-17,-280,85,-66,-400,-361
269715,14,829,16527,-16,-282,88,-62,-401,-357
269729,24,834,16539,-18,-286,89,-66,-398,-358
269743,13,818,16538,-25,-283,84,-65,-403,-365
269757,16,830,16549,-18,-279,85,-65,-407,-358
269771,18,824,16526,-15,-279,89,-67,-408,-360
269785,25,818,16535,-15,-279,85,-62,-399,-361
269799,36,829,16531,-14,-285,85,-68,-402,-359
269813,20,815,16549,-17,-284,86,-66,-403,-365
269827,23,820,16537,-18,-275,81,-64,-404,-360
269841,20,821,16536,-19,-277,81,-63,-403,-364
269855,11,833,16536,-20,-279,86,-64,-403,-361
269869,28,823,16537,-21,-276,84,-65,-404,-362
269883,31,835,16537,-19,-278,90,-64,-401,-357
269897,20,812,16537,-16,-283,87,-62,-400,-360
269911,23,827,16548,-13,-272,86,-60,-403,-361
269925,25,822,16528,-17,-276,84,-59,-406,-361
269939,27,827,16538,-20,-278,85,-66,-407,-360
269953,27,816,16544,-19,-276,84,-61,-405,-363
269967,33,813,16541,-21,-279,89,-67,-402,-364
269981,35,824,16538,-18,-279,88,-65,-400,-361
269995,23,840,16555,-14,-273,85,-71,-402,-365
270009,18,820,16523,-18,-277,87,-66,-404,-365
270023,24,828,16540,-18,-276,84,-66,-400,-362
270037,11,830,16540,-18,-278,89,-66,-407,-362
270051,24,818,16540,-16,-278,88,-68,-403,-359
270065,25,830,16522,-23,-277,90,-64,-403,-364
270079,25,846,16537,-18,-273,89,-63,-397,-364
270093,11,825,16546,-18,-277,87,-66,-403,-357
270107,40,821,16537,-16,-277,84,-62,-405,-360
270121,20,827,16532,-20,-275,91,-61,-403,-365
270135,15,830,16535,-25,-277,86,-65,-402,-364
270149,33,824,16549,-18,-282,85,-65,-405,-358
270163,17,822,16543,-14,-278,84,-63,-409,-362
270177,17,830,16540,-18,-279,88,-64,-402,-360
270191,20,825,16537,-14,-278,86,-65,-403,-366
270205,27,824,16543,-18,-278,89,-65,-401,-362
270219,13,822,16536,-21,-280,82,-64,-403,-367
270233,15,826,16536,-25,-278,86,-62,-402,-361
270247,28,820,16537,-14,-280,84,-68,-403,-362
270261,19,825,16538,-14,-277,87,-63,-406,-361
270275,19,821,16539,-16,-276,84,-57,-401,-365
270289,28,822,16534,-18,-282,84,-60,-404,-364
270303,20,821,16525,-17,-279,82,-68,-404,-360
270317,12,826,16555,-15,-282,81,-62,-404,-367
270331,18,821,16550,-18,-277,85,-64,-403,-365
270345,11,830,16532,-16,-277,82,-65,-407,-363
270359,20,818,16535,-20,-278,89,-58,-405,-363
270373,16,818,16532,-16,-279,88,-64,-402,-360
270387,28,822,16526,-19,-280,89,-71,-403,-360
270401,19,823,16533,-20,-279,85,-62,-404,-367
270415,36,833,16527,-25,-271,86,-61,-407,-364
270429,30,811,16543,-16,-272,85,-66,-401,-364
270443,20,827,16545,-16,-277,89,-62,-405,-364
270457,13,820,16543,-17,-282,87,-66,-404,-356
270471,22,825,16546,-19,-276,87,-66,-401,-365
270485,9,816,16535,-20,-282,89,-60,-411,-367
270499,23,826,16534,-19,-279,88,-58,-402,-367
270513,22,810,16530,-18,-279,80,-64,-411,-364
270527,21,813,16545,-24,-281,85,-61,-403,-361
270541,25,827,16528,-22,-277,83,-62,-403,-367
270555,23,816,16546,-22,-279,86,-64,-401,-361
270569,11,824,16535,-19,-279,86,-60,-409,-369
270583,16,819,16547,-19,-281,84,-61,-404,-363
270597,11,810,16524,-17,-278,89,-73,-397,-362
270611,3,816,16536,-17,-282,86,-66,-405,-363
270625,-3,814,16528,-17,-275,85,-67,-402,-359
270639,17,827,16530,-13,-275,90,-66,-403,-363
270653,32,826,16536,-16,-278,84,-66,-409,-367
270667,27,820,16544,-18,-276,87,-64,-403,-363
270681,26,823,16526,-18,-280,85,-63,-405,-367
270695,33,822,16542,-17,-280,82,-61,-405,-362
270709,11,819,16529,-14,-278,84,-62,-400,-364
270723,19,815,16521,-14,-281,82,-65,-399,-362
270737,9,829,16538,-16,-280,83,-62,-402,-360
270751,22,809,16528,-18,-280,87,-61,-401,-364
270765,33,834,16532,-21,-281,80,-63,-403,-364
270779,22,810,16537,-21,-276,84,-68,-401,-364
270793,26,818,16530,-18,-274,80,-68,-406,-360
270807,36,818,16544,-17,-276,82,-63,-404,-361
270821,22,825,16537,-21,-278,85,-64,-407,-360
270835,32,823,16541,-24,-278,88,-62,-396,-366
270849,26,823,16533,-24,-278,90,-56,-404,-361
270863,2,821,16535,-18,-277,84,-64,-400,-364
270877,16,819,16528,-16,-283,86,-64,-404,-364
270891,26,827,16525,-20,-280,87,-65,-405,-362
270905,17,824,16551,-15,-277,85,-64,-401,-363
270919,15,837,16548,-11,-279,85,-62,-404,-361
270933,20,831,16540,-15,-280,88,-67,-399,-359
270947,16,823,16532,-14,-278,87,-67,-407,-368
270961,20,831,16547,-20,-277,86,-64,-404,-364
270975,14,820,16549,-12,-280,84,-63,-402,-361
270989,23,828,16553,-19,-275,83,-58,-404,-361
271003,8,826,16542,-19,-278,83,-65,-401,-365
271017,13,830,16545,-21,-279,87,-65,-404,-364
271031,11,827,16529,-13,-280,86,-65,-401,-357
271045,8,841,16544,-18,-280,88,-68,-409,-364
271059,34,824,16532,-19,-278,86,-64,-401,-363
271073,24,821,16539,-14,-281,81,-61,-408,-360
271087,26,823,16553,-16,-273,89,-62,-402,-359
271101,19,812,16548,-17,-276,82,-63,-404,-364
271115,14,811,16541,-17,-275,91,-60,-400,-365
271129,-4,824,16542,-16,-279,89,-66,-406,-364
271143,10,820,16537,-27,-278,92,-66,-397,-359
271157,4,826,16535,-19,-278,85,-61,-404,-365
271171,23,823,16548,-19,-277,86,-64,-400,-362
271185,13,818,16544,-20,-280,83,-64,-399,-363
271199,20,828,16544,-17,-277,88,-62,-405,-361
271213,13,819,16541,-17,-282,83,-67,-408,-361
271227,16,819,16535,-19,-278,84,-64,-405,-366
271241,39,823,16541,-16,-279,82,-63,-407,-363
271255,18,814,16541,-17,-273,83,-65,-402,-360
271269,12,828,16550,-21,-277,87,-70,-402,-360
271283,16,818,16546,-15,-278,86,-68,-399,-368
271297,22,826,16538,-15,-278,90,-59,-405,-357
271311,27,837,16540,-18,-280,89,-66,-405,-361
271325,8,832,16525,-19,-275,92,-66,-404,-361
271339,23,823,16538,-21,-275,89,-63,-403,-358
271353,13,822,16554,-20,-277,88,-68,-402,-363
271367,40,813,16539,-16,-270,85,-62,-404,-360
271381,23,821,16534,-17,-279,84,-63,-403,-359
271395,32,821,16545,-21,-283,84,-66,-404,-362
271409,21,828,16546,-17,-282,87,-60,-407,-356
271423,20,827,16535,-17,-279,81,-69,-402,-360
271437,0,817,16542,-14,-279,84,-60,-406,-360
271451,21,828,16545,-15,-274,86,-69,-398,-358
271465,17,818,16537,-16,-273,84,-65,-397,-363
271479,30,828,16538,-15,-280,84,-67,-402,-362
271493,26,827,16538,-15,-276,84,-64,-408,-364
271507,21,817,16531,-15,-281,89,-66,-402,-361
271521,26,836,16538,-13,-280,87,-64,-404,-362
271535,28,818,16543,-16,-278,83,-64,-403,-360
271549,15,814,16542,-21,-282,88,-65,-408,-366
271563,23,829,16550,-18,-277,84,-65,-404,-364
271577,11,833,16549,-15,-278,84,-66,-405,-361
271591,6,819,16534,-16,-278,84,-65,-400,-362
271605,20,828,16538,-17,-276,87,-63,-400,-358
271619,27,824,16543,-18,-279,87,-63,-403,-361
271633,25,813,16539,-18,-279,82,-71,-404,-362
271647,38,820,16542,-18,-279,84,-62,-410,-365
271661,31,830,16533,-15,-276,86,-66,-404,-363
271675,34,825,16532,-11,-275,84,-62,-405,-363
271689,22,830,16536,-16,-277,87,-60,-403,-365
271703,8,823,16543,-14,-280,88,-62,-398,-366
271717,13,827,16544,-16,-277,91,-63,-401,-366
271731,29,818,16543,-20,-275,86,-66,-405,-358
271745,38,833,16529,-18,-278,86,-65,-401,-368
271759,21,830,16543,-16,-276,90,-66,-403,-364
271773,30,826,16541,-18,-276,88,-61,-404,-365
271787,35,808,16523,-18,-277,85,-67,-400,-360
271801,38,831,16534,-16,-278,80,-67,-403,-363
271815,27,827,16535,-15,-282,86,-61,-398,-368
271829,20,828,16526,-18,-278,87,-67,-406,-368
271844,16,832,16539,-18,-278,84,-67,-404,-361
271858,23,830,16560,-18,-274,83,-61,-405,-368
271872,19,815,16551,-18,-276,87,-61,-407,-361
271886,3,837,16535,-15,-276,86,-64,-406,-363
271900,28,825,16542,-15,-280,87,-61,-401,-358
271914,41,822,16529,-18,-280,88,-64,-402,-365
271929,31,827,16534,-19,-279,88,-66,-405,-361
271943,19,827,16557,-20,-282,85,-58,-403,-358
271957,14,833,16537,-19,-273,83,-66,-403,-359
271971,16,827,16538,-19,-277,83,-67,-401,-361
271986,9,827,16542,-23,-281,85,-65,-408,-364
272000,7,832,16539,-19,-279,85,-60,-401,-357
272014,22,826,16557,-16,-281,84,-58,-399,-360
272029,23,827,16555,-23,-279,86,-66,-407,-360
272043,24,825,16555,-18,-273,89,-66,-403,-361
272058,19,833,16521,-19,-277,87,-68,-407,-362
272072,23,813,16537,-15,-276,91,-67,-404,-358
272087,18,829,16542,-23,-280,89,-65,-403,-365
272101,27,823,16544,-14,-275,93,-62,-407,-356
272116,10,832,16559,-17,-279,93,-66,-399,-367
272130,14,821,16537,-20,-278,90,-68,-406,-367
272145,17,814,16544,-19,-279,87,-66,-400,-361
272159,17,825,16561,-19,-275,88,-66,-402,-366
272174,28,830,16536,-18,-274,83,-62,-400,-362
272188,46,823,16536,-18,-276,88,-63,-401,-362
272203,29,822,16543,-19,-279,85,-65,-405,-362
272217,22,828,16539,-20,-282,86,-63,-401,-362
272232,23,825,16552,-22,-280,83,-67,-404,-363
272246,14,836,16542,-9,-282,86,-68,-402,-363
272260,7,818,16538,-14,-279,88,-61,-407,-364
272274,18,831,16535,-13,-276,89,-69,-409,-356
272288,3,833,16548,-20,-277,90,-62,-403,-360
272302,5,825,16559,-26,-276,82,-67,-407,-366
272316,30,820,16542,-23,-281,87,-67,-403,-364
272330,27,828,16544,-20,-280,88,-63,-404,-360
272345,42,827,16547,-24,-279,81,-65,-403,-363
272359,34,829,16553,-16,-281,84,-63,-407,-365
272374,20,822,16543,-22,-280,83,-62,-409,-364
272388,15,827,16554,-17,-277,81,-61,-406,-361
272403,15,830,16543,-12,-276,85,-64,-404,-362
272417,31,825,16548,-17,-278,81,-68,-403,-360
272432,19,828,16533,-17,-279,86,-71,-399,-366
272446,12,841,16528,-21,-279,84,-62,-402,-364
272461,24,813,16551,-22,-281,87,-70,-400,-364
272475,29,826,16530,-19,-276,86,-66,-400,-362
272490,20,819,16535,-20,-278,84,-64,-403,-367
272504,21,816,16549,-21,-274,89,-66,-406,-362
272519,23,827,16532,-23,-280,86,-66,-408,-360
272533,14,829,16553,-16,-284,88,-60,-401,-363
272548,5,830,16541,-15,-280,89,-71,-401,-367
272562,11,818,16541,-19,-280,82,-62,-403,-366
272577,33,822,16539,-20,-276,83,-59,-401,-364
272592,16,833,16541,-21,-280,83,-61,-407,-357
272607,28,823,16549,-15,-275,85,-67,-399,-358
272622,29,819,16548,-20,-277,89,-65,-404,-362
272637,34,828,16549,-18,-276,88,-59,-401,-359
272652,21,828,16537,-16,-277,89,-69,-406,-364
272667,18,825,16541,-20,-279,85,-63,-401,-365
272682,13,836,16550,-20,-280,86,-61,-406,-369
272697,18,817,16555,-21,-279,87,-66,-401,-367
272712,17,830,16545,-22,-274,86,-64,-406,-365
272727,25,827,16533,-14,-278,89,-65,-400,-366
272742,24,821,16547,-15,-277,87,-67,-406,-361
272757,15,822,16541,-22,-277,85,-68,-404,-368
272772,22,831,16538,-20,-279,90,-68,-396,-366
272787,16,832,16545,-17,-274,87,-63,-403,-364
272802,26,825,16542,-22,-280,86,-65,-403,-362
272817,25,817,16541,-15,-276,83,-62,-403,-363
272832,17,823,16556,-19,-275,83,-65,-400,-363
272847,17,827,16554,-16,-279,85,-65,-407,-359
272862,13,816,16552,-14,-281,83,-63,-401,-362
272877,25,834,16536,-20,-281,87,-59,-406,-366
272892,27,813,16555,-21,-277,85,-64,-401,-363
272907,26,821,16545,-19,-280,88,-63,-403,-358
272922,13,821,16548,-18,-282,85,-64,-398,-361
272937,20,817,16549,-21,-283,91,-66,-400,-362
272952,10,829,16531,-16,-281,86,-65,-402,-368
272967,12,828,16544,-16,-279,87,-68,-404,-360
272982,10,822,16557,-13,-278,87,-63,-403,-363
272997,21,830,16542,-18,-279,90,-68,-406,-362
273012,24,811,16542,-15,-277,91,-64,-404,-364
273027,35,806,16517,-18,-280,86,-65,-407,-365
273042,37,810,16534,-19,-276,85,-65,-402,-360
273057,28,834,16545,-21,-278,84,-67,-405,-361
273072,28,823,16552,-19,-283,87,-60,-401,-362
273087,14,823,16532,-16,-279,83,-66,-404,-362
273102,4,827,16541,-19,-277,88,-59,-404,-359
273116,2,828,16546,-15,-279,81,-65,-406,-362
273130,7,830,16549,-17,-281,83,-65,-398,-366
273144,13,818,16535,-18,-279,87,-63,-400,-362
273158,23,822,16538,-21,-280,86,-63,-407,-361
273173,28,824,16551,-19,-273,87,-61,-402,-362
273187,43,817,16539,-23,-272,87,-59,-406,-359
273202,28,824,16549,-23,-278,91,-60,-405,-362
273216,30,816,16535,-21,-276,86,-66,-405,-359
273231,16,831,16546,-21,-283,86,-60,-402,-361
273245,13,833,16537,-21,-277,85,-67,-403,-362
273260,2,821,16546,-23,-277,84,-65,-400,-364
273274,31,830,16528,-19,-276,85,-65,-405,-363
273289,34,816,16536,-24,-277,93,-63,-402,-365
273304,21,819,16548,-14,-274,85,-64,-400,-362
273319,36,809,16540,-21,-277,85,-64,-406,-359
273334,14,817,16555,-16,-282,84,-62,-404,-364
273349,14,830,16548,-16,-277,88,-67,-403,-366
273364,12,841,16559,-17,-275,90,-69,-403,-358
273379,15,825,16540,-11,-282,89,-63,-403,-357
273394,4,827,16553,-19,-280,85,-67,-408,-363
273408,30,827,16552,-17,-277,87,-61,-399,-363
273423,29,808,16549,-14,-275,81,-64,-400,-365
273437,31,831,16536,-13,-282,86,-62,-403,-360
273452,30,808,16533,-14,-282,90,-61,-401,-365
273466,34,824,16557,-16,-280,85,-66,-405,-362
273480,26,826,16535,-17,-283,86,-65,-402,-363
273494,20,824,16547,-22,-281,84,-63,-400,-364
273509,17,829,16543,-8,-278,84,-64,-404,-363
273523,19,827,16537,-16,-275,84,-67,-405,-359
273538,13,827,16535,-20,-276,89,-68,-402,-359
273552,15,815,16539,-17,-279,86,-68,-408,-363
273567,27,819,16550,-19,-283,85,-65,-402,-365
273582,33,825,16540,-17,-275,85,-61,-406,-359
273597,14,826,16559,-17,-282,84,-63,-406,-364
273612,5,830,16552,-16,-278,87,-62,-402,-359
273626,15,822,16548,-20,-278,87,-60,-408,-366
273640,17,833,16538,-18,-276,87,-66,-407,-362
273654,-1,833,16561,-21,-277,84,-60,-404,-363
273668,15,820,16557,-13,-276,85,-68,-409,-366
273682,16,828,16550,-14,-279,87,-65,-404,-363
273696,12,833,16534,-18,-279,86,-62,-403,-357
273710,24,822,16550,-17,-274,89,-67,-400,-358
273724,23,823,16544,-21,-278,85,-64,-409,-363
273738,19,823,16540,-16,-275,88,-67,-403,-358
273752,32,821,16537,-20,-275,84,-70,-394,-365
273766,30,817,16543,-21,-280,89,-65,-400,-362
273780,9,813,16537,-13,-278,87,-53,-403,-361
273794,13,824,16546,-16,-277,84,-67,-408,-365
273808,0,838,16552,-17,-279,88,-71,-407,-366
273822,23,826,16541,-24,-277,84,-65,-406,-362
273836,13,824,16541,-22,-281,84,-60,-403,-362
273850,15,814,16556,-12,-280,83,-68,-404,-361
273864,21,818,16531,-19,-281,86,-63,-405,-365
273878,20,812,16532,-16,-279,92,-66,-404,-362
273892,21,821,16531,-16,-275,84,-63,-399,-359
273906,9,827,16540,-19,-273,85,-62,-401,-360
273920,10,835,16547,-20,-277,87,-67,-407,-364
273934,8,836,16543,-18,-278,79,-65,-407,-369
273948,24,837,16528,-16,-280,86,-65,-400,-361
273962,21,814,16536,-14,-280,84,-61,-400,-366
273976,14,815,16554,-17,-277,90,-61,-403,-361
273990,21,818,16548,-15,-279,85,-66,-405,-362
274004,40,818,16556,-17,-283,89,-64,-406,-362
274018,23,824,16547,-21,-277,84,-65,-404,-363
274032,25,822,16551,-15,-275,88,-68,-405,-360
274046,14,827,16535,-19,-278,83,-64,-408,-361
274060,11,827,16538,-20,-278,81,-62,-402,-363
274074,12,829,16550,-20,-282,89,-62,-402,-364
274088,20,824,16554,-20,-279,88,-62,-401,-358
274102,18,821,16545,-26,-280,85,-65,-403,-365
274116,33,823,16536,-18,-283,84,-63,-401,-368
274130,31,822,16550,-17,-277,85,-63,-399,-359
274144,30,816,16542,-16,-280,82,-65,-402,-360
274158,34,816,16535,-17,-281,86,-65,-403,-361
274172,13,827,16542,-20,-280,85,-63,-401,-363
274187,13,827,16536,-16,-275,85,-65,-404,-362
274201,10,826,16543,-17,-276,81,-64,-407,-357
274215,14,842,16534,-13,-279,87,-62,-407,-364
274229,20,814,16530,-19,-277,84,-65,-403,-358
274243,8,831,16548,-20,-280,81,-64,-407,-365
274257,23,827,16540,-22,-276,84,-63,-403,-360
274271,39,828,16548,-21,-280,88,-61,-400,-363
274285,38,821,16543,-11,-276,85,-62,-407,-364
274299,22,808,16535,-16,-275,83,-62,-407,-359
274313,17,814,16549,-19,-278,85,-64,-401,-361
274327,3,825,16535,-19,-280,85,-64,-406,-359
274341,13,829,16533,-19,-276,84,-67,-402,-362
274355,11,830,16550,-19,-277,87,-62,-404,-358
274369,24,823,16534,-17,-278,81,-67,-405,-361
274383,10,822,16552,-18,-275,85,-64,-404,-368
274397,21,823,16556,-17,-283,86,-58,-405,-357
274411,27,822,16542,-16,-276,85,-62,-406,-363
274425,25,825,16530,-18,-278,83,-67,-402,-365
274439,23,816,16546,-18,-279,86,-67,-406,-360
274453,18,825,16545,-19,-280,90,-65,-401,-363
274467,3,823,16521,-18,-278,89,-63,-404,-366
274481,20,823,16537,-16,-280,86,-63,-403,-366
274495,-5,821,16546,-15,-280,87,-62,-405,-365
274509,18,823,16531,-16,-281,85,-62,-403,-362
274523,29,828,16555,-14,-280,86,-61,-404,-362
274537,28,821,16552,-16,-278,85,-66,-400,-364
274551,28,817,16537,-18,-283,81,-69,-405,-367
274565,31,828,16547,-22,-276,81,-68,-406,-364
274579,32,836,16543,-16,-283,78,-63,-403,-358
274593,18,828,16541,-16,-281,85,-68,-403,-359
274607,16,818,16530,-20,-278,81,-68,-403,-360
274621,9,821,16543,-19,-277,83,-65,-411,-369
274635,16,836,16554,-20,-278,85,-63,-401,-367
274649,-2,827,16549,-16,-276,86,-66,-401,-365
274663,36,822,16548,-13,-277,84,-63,-403,-361
274677,20,818,16544,-18,-281,89,-60,-405,-361
274691,20,826,16537,-21,-280,86,-64,-403,-365
274705,16,819,16549,-17,-277,85,-61,-402,-362
274719,20,825,16537,-18,-276,86,-68,-398,-358
274733,16,825,16546,-17,-277,84,-60,-406,-362
274747,16,836,16548,-19,-283,90,-63,-398,-364
274761,15,825,16540,-18,-276,87,-65,-406,-362
274775,22,827,16541,-17,-279,89,-61,-406,-362
274789,23,834,16535,-19,-281,82,-66,-402,-363
274804,23,824,16545,-15,-276,91,-68,-402,-360
274818,27,817,16531,-17,-278,88,-63,-403,-368
274832,23,827,16533,-19,-279,88,-63,-404,-365
274846,13,813,16545,-21,-281,87,-63,-400,-360
274861,33,836,16559,-20,-278,85,-67,-405,-357
274875,10,817,16539,-18,-283,78,-65,-406,-364
274890,21,828,16543,-20,-282,86,-64,-401,-361
274904,15,821,16546,-15,-279,87,-62,-402,-364
274919,6,826,16546,-17,-277,86,-68,-402,-357
274933,15,823,16555,-18,-280,88,-62,-400,-363
274947,18,815,16550,-19,-282,88,-68,-403,-363
274961,21,817,16532,-22,-284,88,-65,-404,-361
274975,14,822,16541,-20,-278,82,-61,-401,-363
274989,30,831,16550,-17,-279,80,-74,-404,-357
275003,22,830,16541,-16,-279,84,-63,-402,-361
275017,16,815,16548,-20,-276,84,-63,-404,-370
275031,19,821,16550,-18,-283,87,-66,-401,-362
275045,9,825,16534,-14,-280,84,-63,-399,-361
275059,21,826,16550,-14,-279,84,-68,-407,-365
275074,23,816,16529,-21,-280,88,-64,-404,-362
275088,24,818,16531,-19,-277,85,-64,-401,-367
275103,19,823,16543,-13,-278,84,-65,-402,-364
275117,11,825,16530,-17,-280,83,-63,-404,-372
275132,34,823,16546,-22,-275,88,-62,-404,-362
275146,15,831,16545,-22,-283,85,-67,-410,-359
275161,9,813,16535,-18,-284,90,-65,-406,-365
275175,24,823,16528,-18,-279,85,-69,-400,-359
275189,9,827,16544,-15,-275,87,-72,-404,-358
275203,-8,829,16548,-22,-279,85,-70,-401,-363
275217,21,820,16542,-13,-279,85,-64,-401,-360
275232,22,816,16547,-14,-275,88,-67,-406,-363
275246,18,818,16531,-19,-279,88,-63,-411,-362
275261,23,823,16553,-25,-279,88,-64,-402,-360
275275,13,808,16541,-21,-279,90,-66,-405,-363
275290,29,826,16558,-17,-277,88,-66,-404,-364
275304,10,826,16560,-17,-280,90,-68,-403,-362
275319,17,821,16545,-14,-277,92,-68,-405,-363
275333,1,828,16539,-22,-277,81,-66,-404,-359
275347,10,819,16537,-21,-275,86,-67,-403,-360
275361,20,827,16540,-17,-275,82,-59,-407,-359
275375,26,814,16546,-19,-279,84,-66,-406,-363
275389,27,817,16539,-15,-277,87,-64,-406,-365
275403,25,818,16551,-21,-275,87,-64,-397,-364
275417,31,812,16550,-19,-284,83,-68,-403,-361
275431,23,819,16558,-20,-278,83,-64,-408,-361
275445,14,822,16539,-19,-281,84,-63,-403,-364
275459,16,816,16547,-22,-278,82,-64,-412,-363
275473,1,815,16564,-21,-280,84,-67,-401,-363
275487,18,832,16539,-17,-278,89,-63,-408,-360
275502,33,824,16525,-21,-280,86,-64,-401,-363
275516,35,825,16541,-20,-278,82,-63,-399,-363
275531,19,827,16532,-19,-278,86,-64,-406,-361
275545,23,820,16550,-19,-274,83,-65,-399,-366
275560,18,819,16550,-19,-283,84,-62,-400,-366
275574,18,813,16543,-17,-282,85,-68,-399,-365
275589,17,830,16539,-23,-278,86,-65,-400,-364
275603,16,819,16541,-16,-281,81,-65,-406,-360
275618,3,841,16543,-18,-281,82,-64,-404,-363
275632,22,817,16529,-17,-278,87,-63,-405,-360
275646,22,833,16542,-19,-279,90,-63,-410,-363
275660,20,821,16556,-18,-280,87,-59,-405,-365
275674,18,815,16532,-16,-281,87,-65,-404,-362
275688,25,813,16532,-21,-275,89,-64,-405,-356
275702,22,828,16547,-20,-276,86,-61,-406,-364
275716,9,822,16558,-16,-279,84,-67,-401,-359
275730,12,827,16535,-17,-282,90,-66,-404,-357
275745,4,825,16546,-17,-279,85,-63,-398,-366
275759,28,826,16552,-19,-279,86,-62,-405,-365
275773,9,823,16550,-22,-276,85,-65,-403,-364
275787,14,816,16533,-20,-282,88,-64,-398,-364
275801,34,818,16548,-16,-279,87,-64,-402,-364
275816,28,838,16535,-10,-282,86,-65,-402,-365
275830,18,818,16547,-20,-276,87,-65,-400,-363
275844,14,821,16541,-19,-275,91,-61,-403,-361
275858,17,825,16542,-18,-281,88,-67,-400,-359
275873,20,832,16551,-18,-280,82,-61,-407,-360
275887,20,826,16535,-18,-278,86,-62,-402,-363
275902,18,827,16551,-14,-274,85,-65,-403,-361
275916,17,821,16547,-18,-278,87,-59,-407,-364
275931,38,816,16528,-22,-277,89,-63,-404,-360
275945,28,822,16545,-18,-281,92,-68,-402,-360
275960,28,827,16547,-20,-279,82,-68,-408,-359
275974,15,819,16550,-19,-273,79,-64,-406,-361
275989,17,817,16536,-17,-276,83,-65,-402,-363
276003,11,827,16518,-24,-278,82,-61,-409,-365
276018,26,819,16537,-20,-274,90,-65,-400,-362
276032,23,824,16528,-22,-278,89,-60,-406,-361
276047,23,832,16554,-19,-283,88,-64,-400,-361
276061,6,820,16537,-18,-281,87,-68,-398,-357
276075,22,826,16541,-13,-280,87,-65,-404,-363
276089,13,828,16540,-18,-275,87,-66,-404,-362
276103,21,813,16537,-16,-274,87,-61,-403,-365
276117,19,827,16527,-17,-280,88,-68,-405,-356
276131,24,827,16547,-21,-279,85,-63,-400,-368
276145,22,830,16544,-17,-283,86,-63,-404,-363
276159,31,826,16544,-20,-278,84,-63,-401,-359
276173,34,822,16539,-20,-276,87,-66,-404,-358
276187,16,830,16542,-23,-273,87,-62,-403,-358
276201,24,810,16538,-19,-279,81,-62,-408,-362
276215,34,822,16548,-17,-282,87,-59,-405,-362
276229,22,819,16539,-20,-280,83,-63,-405,-361
276243,22,821,16543,-15,-279,82,-64,-403,-364
276257,20,844,16543,-21,-278,88,-59,-399,-364
276271,19,820,16541,-15,-276,83,-66,-405,-360
276285,30,828,16535,-20,-282,84,-63,-403,-361
276299,9,839,16540,-14,-274,84,-65,-403,-359
276313,18,825,16522,-20,-277,83,-63,-406,-362
276327,11,828,16541,-19,-280,89,-66,-405,-364
276342,20,809,16539,-22,-276,91,-62,-399,-358
276356,35,818,16541,-21,-278,86,-61,-402,-365
276371,24,827,16540,-16,-277,83,-64,-411,-359
276385,29,829,16548,-20,-278,87,-61,-403,-362
276399,29,822,16547,-22,-278,86,-58,-401,-361
276413,12,825,16550,-20,-283,90,-63,-405,-362
276428,-1,825,16529,-24,-280,84,-64,-405,-363
276442,17,830,16560,-16,-278,85,-65,-407,-359
276457,9,832,16545,-19,-276,84,-62,-403,-365
276471,23,831,16539,-20,-275,83,-67,-406,-358
276485,25,830,16538,-20,-276,84,-61,-406,-364
276499,26,826,16550,-18,-277,86,-70,-406,-363
276513,18,824,16544,-11,-280,87,-63,-405,-364
276527,26,825,16544,-16,-280,86,-66,-401,-360
276541,23,835,16545,-18,-279,90,-66,-403,-361
276555,23,833,16536,-18,-276,89,-66,-404,-361
276569,13,831,16532,-16,-280,87,-66,-407,-361
276583,27,824,16547,-24,-275,89,-70,-402,-361
276597,10,827,16558,-21,-277,87,-72,-402,-360
276611,23,827,16521,-18,-275,86,-64,-404,-363
276625,10,810,16537,-21,-278,85,-62,-403,-361
276639,21,834,16546,-19,-278,86,-58,-399,-354
276653,24,827,16535,-19,-273,86,-61,-404,-357
276667,13,815,16538,-19,-278,84,-67,-407,-364
276681,18,833,16539,-17,-282,84,-62,-401,-359
276695,11,815,16546,-22,-282,86,-67,-408,-355
276709,17,821,16524,-22,-279,85,-59,-401,-359
276723,11,831,16549,-18,-279,83,-62,-403,-361
276737,20,824,16539,-19,-275,87,-61,-404,-363
276751,15,805,16529,-16,-277,84,-61,-402,-362
276765,31,820,16553,-14,-279,82,-61,-406,-363
276779,22,824,16532,-17,-278,87,-65,-409,-366
276793,28,814,16537,-14,-276,87,-62,-403,-366
276807,28,818,16535,-16,-281,91,-63,-404,-364
276821,15,821,16528,-21,-276,88,-60,-396,-365
276835,23,821,16544,-22,-276,82,-67,-401,-365
276849,19,831,16548,-12,-278,85,-67,-406,-363
276863,12,834,16545,-20,-280,86,-64,-403,-359
276877,24,815,16532,-19,-276,88,-63,-405,-364
276891,24,810,16538,-16,-275,89,-68,-403,-362
276905,23,808,16533,-18,-279,93,-63,-403,-360
276919,31,819,16533,-19,-274,83,-64,-409,-365
276933,23,813,16533,-20,-280,88,-65,-404,-361
276947,15,822,16533,-21,-281,88,-62,-400,-360
276961,5,819,16541,-15,-286,88,-65,-402,-363
276975,35,826,16529,-16,-282,86,-60,-404,-357
276989,24,829,16547,-17,-281,85,-67,-407,-364
277003,24,817,16528,-22,-279,90,-63,-405,-364
277017,14,817,16548,-19,-277,84,-66,-404,-363
277031,24,813,16557,-22,-275,91,-58,-405,-362
277045,24,838,16553,-15,-280,86,-67,-403,-363
277059,10,820,16532,-19,-278,86,-69,-397,-365
277073,33,831,16534,-13,-276,92,-68,-404,-357
277087,16,836,16551,-17,-277,91,-59,-403,-361
277101,19,819,16542,-16,-276,90,-66,-405,-360
277115,24,819,16536,-18,-281,95,-66,-404,-360
277129,15,824,16537,-21,-275,84,-69,-404,-364
277143,15,817,16546,-23,-279,81,-63,-411,-357
277157,15,826,16521,-17,-273,84,-65,-405,-358
277171,16,829,16542,-15,-272,90,-65,-403,-361
277185,13,825,16540,-17,-278,87,-64,-401,-360
277199,25,829,16531,-22,-282,85,-64,-407,-364
277213,23,823,16544,-15,-275,89,-66,-405,-359
277227,3,823,16531,-23,-280,91,-62,-409,-360
277241,14,823,16526,-16,-277,89,-64,-405,-364
277255,28,835,16551,-14,-273,84,-64,-407,-357
277269,8,828,16540,-18,-278,88,-62,-402,-360
277283,17,825,16538,-16,-279,93,-61,-403,-358
277297,17,812,16560,-16,-282,88,-64,-403,-358
277311,27,823,16536,-12,-282,86,-66,-408,-364
277325,13,821,16544,-22,-275,87,-67,-406,-363
277339,32,817,16530,-17,-281,87,-67,-405,-360
277353,20,824,16545,-16,-284,87,-63,-401,-360
277367,5,836,16535,-21,-280,87,-63,-399,-361
277381,30,823,16532,-22,-281,87,-65,-405,-362
277395,17,826,16534,-18,-278,85,-66,-396,-362
277409,27,834,16542,-14,-275,87,-69,-411,-366
277423,25,816,16538,-18,-278,86,-63,-402,-368
277437,13,824,16531,-15,-277,83,-63,-401,-360
277451,17,822,16536,-20,-278,87,-65,-404,-361
277465,17,818,16539,-19,-276,84,-65,-401,-361
277479,14,826,16540,-20,-278,89,-64,-404,-362
277493,28,828,16555,-21,-277,90,-69,-401,-359
277507,15,817,16518,-15,-284,91,-64,-399,-359
277521,14,832,16531,-13,-276,86,-62,-406,-359
277535,30,836,16546,-22,-275,86,-63,-397,-361
277549,9,817,16538,-17,-275,84,-62,-405,-359
277563,22,833,16531,-13,-275,82,-66,-402,-356
277577,24,818,16542,-13,-278,86,-60,-402,-364
277591,12,827,16550,-19,-275,87,-58,-404,-358
277605,32,827,16530,-13,-279,85,-66,-407,-361
277619,30,815,16549,-18,-281,84,-66,-400,-356
277633,20,819,16531,-19,-277,84,-62,-401,-358
277647,13,824,16544,-14,-273,84,-62,-409,-362
277661,24,820,16536,-16,-279,81,-58,-408,-366
277675,23,833,16539,-13,-282,87,-61,-405,-356
277689,9,819,16528,-17,-278,82,-65,-404,-364
277703,12,833,16549,-19,-275,86,-62,-404,-362
277717,27,819,16530,-18,-276,88,-59,-398,-366
277731,27,820,16544,-22,-280,88,-64,-403,-368
277745,18,823,16547,-17,-280,91,-63,-399,-362
277759,27,826,16531,-17,-277,88,-67,-402,-364
277773,29,814,16551,-19,-282,92,-66,-406,-359
277787,22,840,16537,-13,-281,87,-60,-404,-368
277801,19,818,16544,-18,-282,87,-65,-403,-360
277815,21,831,16551,-17,-280,85,-62,-404,-360
277829,3,826,16529,-22,-282,92,-62,-403,-362
277843,18,842,16541,-21,-278,89,-66,-402,-363
277857,11,835,16530,-17,-281,83,-60,-409,-357
277871,16,830,16544,-15,-278,84,-63,-404,-367
277885,31,814,16556,-23,-279,91,-65,-409,-362
277899,23,818,16542,-22,-282,89,-65,-406,-366
277913,26,822,16536,-20,-276,84,-61,-400,-363
277927,19,820,16552,-17,-281,85,-58,-398,-365
277941,18,840,16545,-20,-279,93,-65,-403,-364
277955,14,820,16549,-16,-275,86,-66,-407,-359
277969,26,835,16539,-19,-280,85,-62,-397,-360
277983,12,819,16543,-21,-281,91,-63,-405,-361
277997,23,822,16535,-12,-276,86,-65,-404,-360
278011,18,831,16521,-17,-279,86,-62,-406,-364
278025,29,847,16545,-21,-277,84,-63,-401,-360
278039,30,822,16536,-17,-274,88,-67,-405,-358
278053,29,815,16533,-26,-284,88,-60,-402,-361
278067,21,824,16555,-20,-276,85,-70,-404,-365
278081,17,821,16535,-18,-279,87,-63,-405,-361
278095,22,831,16542,-20,-278,86,-69,-403,-369
278109,17,829,16549,-14,-282,90,-61,-404,-359
278123,19,820,16542,-19,-280,84,-70,-402,-364
278137,17,821,16555,-16,-277,86,-67,-409,-365
278151,19,822,16539,-18,-279,83,-62,-405,-362
278165,32,827,16547,-19,-280,87,-69,-404,-361
278179,19,826,16537,-17,-276,85,-59,-400,-363
278193,25,829,16522,-17,-274,86,-59,-402,-365
278207,8,819,16543,-21,-278,92,-63,-402,-364
278221,24,830,16558,-19,-270,85,-62,-397,-362
278235,11,830,16526,-20,-279,90,-65,-405,-365
278249,16,818,16536,-23,-280,89,-70,-405,-360
278263,32,834,16527,-17,-278,89,-60,-400,-360
278277,30,826,16549,-19,-278,87,-65,-402,-364
278291,9,823,16549,-17,-278,86,-72,-401,-370
278306,13,827,16522,-16,-278,90,-63,-403,-361
278320,17,811,16535,-26,-280,82,-65,-406,-360
278334,18,811,16537,-19,-279,86,-64,-404,-365
278348,8,826,16542,-19,-275,89,-70,-402,-362
278363,19,823,16532,-20,-280,85,-61,-403,-364
278377,10,819,16537,-21,-281,87,-64,-408,-364
278391,29,818,16536,-16,-275,90,-59,-401,-362
278405,17,820,16536,-18,-278,85,-58,-403,-363
278419,17,827,16544,-21,-281,88,-64,-404,-366
278433,17,816,16540,-18,-276,79,-66,-407,-361
278447,17,830,16540,-15,-283,84,-67,-407,-360
278461,29,841,16543,-19,-281,85,-64,-407,-367
278475,13,823,16541,-17,-274,87,-68,-400,-362
278489,30,826,16524,-18,-276,87,-63,-409,-361
278503,26,816,16542,-21,-277,85,-65,-407,-364
278517,24,842,16549,-20,-279,83,-61,-406,-359
278531,19,823,16541,-22,-278,85,-66,-407,-363
278545,17,813,16529,-16,-280,85,-62,-406,-362
278559,19,838,16545,-18,-282,86,-63,-401,-365
278573,16,821,16547,-13,-280,83,-61,-405,-361
278587,31,825,16536,-20,-276,89,-68,-406,-361
278601,25,828,16523,-19,-277,86,-68,-405,-363
278615,27,825,16551,-16,-276,88,-68,-405,-361
278629,15,810,16554,-17,-273,82,-63,-400,-356
278643,22,824,16542,-21,-277,81,-66,-402,-362
278657,16,825,16534,-16,-281,86,-65,-402,-363
278671,15,831,16541,-16,-276,84,-63,-405,-361
278685,29,814,16550,-19,-278,92,-63,-402,-361
278699,26,822,16547,-17,-281,93,-64,-399,-362
278713,19,815,16533,-18,-275,86,-63,-406,-366
278727,23,829,16544,-16,-281,90,-63,-399,-357
278741,11,833,16551,-21,-278,86,-63,-405,-367
278755,23,826,16546,-22,-278,91,-62,-404,-361
278769,11,824,16551,-22,-279,90,-69,-405,-362
278783,24,822,16529,-20,-282,90,-63,-406,-361
278797,23,834,16542,-23,-283,85,-65,-399,-365
278811,26,831,16556,-23,-281,86,-66,-405,-358
278825,18,823,16536,-17,-281,85,-68,-400,-361
278839,39,816,16539,-17,-276,85,-68,-401,-360
278853,20,827,16562,-20,-277,89,-66,-401,-363
278867,16,813,16539,-14,-277,83,-64,-402,-362
278881,23,827,16534,-20,-281,86,-70,-403,-365
278895,8,832,16527,-24,-282,86,-63,-401,-365
278910,23,823,16536,-23,-280,85,-64,-407,-364
278924,16,831,16530,-21,-279,85,-64,-401,-363
278938,19,823,16544,-18,-277,91,-61,-401,-369
278952,16,833,16542,-19,-276,86,-66,-403,-367
278966,27,825,16528,-18,-279,86,-62,-397,-364
278980,28,825,16532,-18,-278,84,-69,-404,-362
278994,21,817,16549,-15,-279,90,-60,-404,-362
279008,31,821,16538,-18,-284,85,-64,-400,-362
279022,26,829,16563,-18,-275,84,-67,-403,-362
279036,13,818,16544,-19,-280,84,-65,-402,-361
279050,30,817,16562,-20,-280,89,-70,-406,-362
279064,18,829,16545,-15,-276,85,-65,-399,-365
279078,15,827,16546,-17,-280,87,-67,-404,-362
279092,10,828,16541,-18,-278,87,-63,-398,-359
279106,34,830,16539,-19,-280,81,-61,-400,-365
279120,15,819,16548,-19,-276,85,-64,-403,-358
279134,33,817,16534,-22,-277,83,-65,-402,-365
279148,26,827,16558,-16,-279,89,-65,-399,-366
279162,1,823,16556,-15,-281,86,-62,-406,-361
279176,20,822,16546,-24,-283,83,-63,-405,-361
279190,13,810,16544,-20,-283,88,-64,-402,-362
279204,27,828,16554,-21,-279,85,-60,-403,-360
279218,-5,818,16542,-18,-275,86,-63,-403,-364
279232,4,826,16534,-24,-277,89,-67,-403,-362
279247,12,832,16539,-16,-274,86,-68,-407,-367
279261,23,828,16554,-17,-280,88,-61,-401,-360
279275,16,820,16536,-20,-280,87,-68,-401,-359
279289,24,818,16536,-21,-278,85,-66,-403,-365
279303,19,835,16546,-23,-278,86,-62,-406,-361
279317,27,822,16543,-16,-276,83,-63,-403,-357
279331,17,829,16546,-20,-279,84,-62,-399,-363
279345,10,822,16534,-19,-277,83,-61,-400,-367
279359,15,827,16540,-14,-278,81,-67,-402,-359
279373,25,834,16551,-16,-284,87,-64,-403,-366
279387,21,820,16543,-16,-280,89,-60,-404,-358
279401,24,828,16540,-18,-279,86,-64,-402,-362
279415,29,830,16537,-16,-276,87,-65,-403,-364
279429,41,826,16540,-21,-283,86,-62,-405,-360
279443,7,827,16538,-21,-277,87,-64,-399,-361
279458,24,832,16543,-23,-276,89,-60,-404,-365
279472,10,822,16529,-17,-275,82,-69,-404,-363
279486,7,822,16531,-16,-278,87,-63,-404,-362
279501,17,827,16545,-18,-273,88,-62,-404,-357
279515,20,820,16539,-20,-277,86,-61,-404,-366
279529,26,829,16537,-22,-278,84,-66,-404,-361
279543,-2,827,16538,-19,-278,85,-66,-401,-364
279557,21,824,16538,-14,-281,83,-63,-406,-362
279571,13,824,16542,-15,-282,86,-66,-405,-366
279585,26,822,16544,-14,-277,86,-71,-404,-363
279599,26,829,16547,-18,-277,85,-57,-407,-362
279613,16,834,16545,-17,-279,81,-66,-407,-360
279627,15,833,16543,-17,-276,86,-68,-405,-362
279641,10,827,16548,-19,-280,88,-62,-402,-357
279655,26,824,16547,-20,-275,89,-64,-406,-362
279669,18,821,16542,-16,-279,90,-63,-406,-357
279683,6,828,16538,-19,-275,89,-65,-407,-361
279697,21,813,16543,-19,-281,89,-64,-403,-361
279711,13,820,16553,-22,-280,87,-67,-404,-364
279725,25,815,16546,-19,-279,80,-60,-405,-366
279739,20,821,16551,-15,-276,89,-66,-397,-361
279753,31,821,16537,-17,-273,91,-60,-410,-363
279767,20,828,16548,-20,-276,87,-61,-402,-367
279781,19,825,16538,-16,-273,90,-64,-402,-359
279795,11,829,16523,-13,-280,88,-63,-406,-363
279809,21,821,16531,-17,-277,83,-62,-401,-360
279823,16,822,16552,-21,-277,90,-63,-407,-365
279837,21,825,16539,-12,-278,89,-66,-400,-363
279851,18,833,16550,-18,-280,86,-64,-403,-367
279865,24,815,16541,-19,-278,87,-71,-406,-364
279879,19,821,16542,-14,-275,89,-67,-407,-365
279893,6,829,16536,-19,-281,83,-64,-403,-364
279907,12,829,16542,-18,-282,85,-64,-400,-364
279921,7,839,16549,-16,-282,85,-69,-403,-362
279935,31,828,16553,-16,-279,83,-65,-406,-364
279949,18,832,16544,-19,-273,82,-64,-405,-360
279963,4,819,16538,-16,-278,84,-64,-405,-360
279977,36,830,16539,-14,-281,90,-67,-406,-361
279991,10,823,16550,-23,-281,87,-65,-408,-365
280005,44,833,16544,-19,-275,87,-65,-412,-360
280019,16,819,16540,-15,-276,89,-66,-402,-359
280033,37,832,16554,-16,-277,85,-62,-403,-357
280047,7,837,16551,-17,-282,85,-65,-401,-361
280061,20,814,16539,-20,-280,83,-60,-405,-365
280075,9,822,16556,-17,-280,83,-58,-403,-362
280089,20,819,16538,-16,-277,86,-67,-404,-361
280103,32,813,16541,-15,-277,84,-66,-405,-365
280117,17,824,16528,-14,-275,84,-62,-401,-363
280131,26,825,16545,-19,-278,88,-60,-408,-368
280145,24,825,16545,-23,-279,87,-65,-400,-362
280159,14,828,16534,-17,-277,86,-61,-403,-360
280173,11,827,16568,-20,-279,88,-64,-410,-361
280187,27,821,16544,-20,-281,89,-62,-402,-360
280201,13,830,16542,-18,-280,86,-62,-404,-363
280215,16,822,16526,-20,-279,88,-68,-402,-364
280229,22,825,16538,-22,-279,87,-66,-402,-365
280243,15,835,16535,-18,-278,87,-67,-399,-362
280257,19,811,16554,-18,-278,81,-66,-400,-364
280271,24,822,16532,-15,-281,81,-62,-402,-361
280285,31,828,16524,-14,-276,82,-61,-403,-364
280299,23,826,16543,-19,-273,85,-64,-404,-365
280313,22,819,16537,-19,-276,90,-69,-405,-362
280327,7,823,16555,-19,-280,87,-69,-404,-362
280341,15,824,16547,-21,-277,88,-67,-405,-360
280355,9,816,16539,-23,-279,87,-64,-403,-358
280369,25,817,16529,-24,-271,85,-60,-403,-364
280383,21,826,16554,-16,-279,89,-67,-407,-360
280397,25,817,16543,-18,-279,85,-68,-401,-361
280411,28,824,16555,-21,-279,88,-61,-406,-359
280425,23,825,16535,-17,-278,91,-60,-409,-360
280439,25,832,16545,-17,-283,88,-65,-402,-362
280453,20,833,16540,-15,-280,86,-64,-403,-364
280467,26,831,16544,-20,-278,84,-65,-402,-364
280481,21,834,16545,-15,-280,82,-61,-400,-360
280495,23,813,16540,-19,-279,85,-70,-406,-363
280509,9,827,16550,-20,-275,86,-64,-400,-361
280523,36,823,16540,-20,-274,83,-62,-405,-364
280537,14,824,16543,-23,-276,89,-68,-401,-361
280551,30,818,16530,-21,-273,86,-64,-401,-365
280565,22,824,16554,-19,-281,85,-62,-409,-365
280579,44,835,16533,-15,-277,81,-62,-404,-364
280593,24,828,16550,-15,-282,87,-62,-399,-359
280607,10,825,16542,-15,-282,87,-62,-405,-359
280621,27,832,16541,-22,-279,87,-63,-401,-361
280635,16,830,16534,-19,-271,89,-67,-407,-365
280649,25,825,16554,-21,-276,84,-70,-402,-363
280663,24,824,16541,-22,-280,87,-66,-405,-368
280677,23,814,16542,-19,-281,86,-60,-407,-362
280691,31,824,16544,-20,-278,91,-66,-402,-363
280705,13,829,16537,-12,-280,86,-66,-400,-362
280719,19,819,16546,-14,-276,81,-66,-402,-365
280733,29,826,16535,-12,-279,82,-66,-402,-363
280747,31,828,16564,-10,-284,84,-65,-405,-361
280761,13,823,16541,-19,-276,82,-64,-401,-362
280775,16,831,16537,-18,-278,85,-60,-405,-360
280789,23,837,16553,-20,-280,88,-63,-402,-365
280803,29,826,16538,-19,-278,86,-59,-406,-366
280817,21,827,16534,-21,-279,84,-64,-405,-365
280831,14,825,16549,-20,-280,85,-63,-397,-363
280845,15,820,16548,-19,-278,84,-70,-405,-362
280859,17,824,16553,-21,-279,86,-68,-403,-359
280873,13,830,16554,-16,-280,84,-63,-405,-363
280887,21,820,16551,-13,-275,85,-64,-404,-363
280901,25,824,16543,-15,-278,85,-61,-405,-360
280915,28,828,16546,-22,-278,84,-63,-403,-363
280929,25,828,16546,-13,-279,87,-64,-399,-366
280943,14,820,16549,-13,-280,86,-65,-400,-361
280957,15,817,16534,-17,-274,85,-64,-400,-363
280971,23,831,16555,-18,-281,89,-65,-404,-365
280985,19,826,16547,-10,-280,86,-60,-404,-363
280999,18,833,16545,-18,-277,89,-63,-400,-364
281013,14,825,16530,-17,-279,89,-64,-402,-364
281027,16,834,16544,-16,-276,81,-67,-408,-361
281041,15,829,16553,-13,-276,82,-64,-401,-365
281055,20,823,16542,-17,-274,86,-64,-399,-362
281069,24,826,16546,-18,-272,81,-68,-401,-363
281083,24,812,16555,-14,-273,83,-67,-407,-361
281097,15,835,16544,-15,-281,89,-65,-404,-363
281111,9,821,16544,-15,-282,85,-63,-401,-365
281125,26,820,16529,-15,-283,86,-65,-401,-358
281139,27,823,16552,-18,-278,82,-58,-404,-365
281153,8,820,16547,-21,-278,86,-68,-404,-361
281167,27,821,16542,-17,-279,86,-63,-405,-365
281181,22,826,16549,-17,-277,85,-67,-405,-356
281195,25,827,16549,-19,-276,77,-63,-409,-358
281209,29,814,16548,-21,-281,82,-61,-401,-364
281223,33,819,16551,-21,-279,84,-62,-405,-355
281237,20,811,16538,-17,-276,85,-64,-404,-365
281251,35,816,16546,-21,-275,88,-63,-399,-358
281265,18,818,16531,-16,-280,81,-65,-403,-358
281279,24,824,16542,-15,-282,90,-56,-403,-361
281293,14,812,16556,-18,-283,88,-60,-397,-363
281307,22,824,16539,-20,-276,80,-67,-403,-363
281321,14,829,16555,-17,-282,83,-63,-406,-361
281335,7,817,16552,-15,-280,79,-66,-402,-361
281349,31,834,16526,-19,-279,83,-62,-406,-366
281363,17,828,16538,-14,-282,85,-61,-407,-357
281377,17,820,16535,-19,-278,85,-60,-402,-360
281391,9,828,16543,-21,-278,85,-67,-404,-365
281405,31,828,16549,-25,-277,87,-64,-398,-362
281419,8,823,16555,-23,-280,88,-66,-402,-360
281433,24,822,16527,-22,-277,87,-66,-405,-360
281447,26,805,16546,-23,-279,88,-65,-402,-360
281461,22,823,16554,-17,-279,88,-69,-403,-359
281475,10,836,16554,-15,-272,86,-62,-405,-365
281489,14,831,16535,-18,-285,91,-69,-409,-356
281503,22,829,16552,-19,-277,88,-67,-404,-364
281517,26,820,16543,-19,-273,84,-64,-404,-365
281531,16,825,16522,-15,-275,86,-65,-397,-355
281545,5,825,16561,-14,-276,86,-67,-407,-366
281559,13,819,16547,-16,-278,87,-72,-409,-362
281573,24,819,16548,-15,-278,88,-60,-406,-362
281587,23,812,16555,-24,-274,84,-61,-405,-361
281601,5,836,16533,-19,-281,91,-61,-406,-363
281615,21,819,16553,-18,-277,88,-60,-404,-363
281629,9,812,16545,-21,-274,86,-63,-404,-366
281644,17,830,16542,-23,-279,89,-63,-404,-363
281658,11,828,16540,-20,-280,88,-64,-407,-359
281672,17,830,16546,-23,-280,83,-64,-411,-364
281686,7,821,16536,-17,-280,88,-63,-403,-365
281700,12,832,16540,-15,-280,82,-63,-406,-364
281714,17,819,16537,-19,-277,83,-65,-404,-368
281728,27,830,16564,-18,-280,85,-62,-402,-362
281742,24,818,16560,-17,-280,87,-63,-400,-366
281756,24,823,16539,-16,-280,88,-63,-403,-360
281770,16,832,16551,-18,-281,88,-66,-401,-364
281784,18,833,16551,-16,-278,84,-65,-408,-364
281798,25,828,16551,-14,-281,83,-62,-406,-362
281812,12,818,16525,-12,-283,87,-67,-404,-359
281826,20,815,16541,-16,-274,87,-66,-401,-362
281840,13,833,16531,-18,-278,84,-66,-404,-359
281854,16,829,16542,-14,-280,85,-64,-408,-364
281868,39,828,16531,-17,-275,84,-65,-405,-364
281882,33,824,16528,-16,-280,87,-68,-406,-361
281896,22,832,16542,-21,-280,86,-65,-406,-363
281910,28,823,16541,-17,-280,82,-65,-401,-362
281924,4,825,16520,-19,-280,85,-65,-403,-359
281939,22,824,16545,-12,-280,81,-61,-402,-361
281953,12,824,16543,-18,-278,87,-72,-405,-358
281967,13,819,16547,-21,-282,83,-60,-403,-362
281981,19,822,16542,-17,-277,86,-66,-404,-364
281995,22,823,16535,-18,-280,86,-67,-403,-360
282009,32,819,16540,-18,-285,86,-65,-405,-361
282023,18,822,16548,-24,-281,88,-66,-406,-363
282037,13,822,16547,-19,-282,88,-66,-403,-362
282051,14,822,16533,-15,-277,83,-64,-402,-361
282065,29,825,16536,-19,-280,85,-67,-403,-357
282079,9,821,16534,-20,-278,84,-62,-404,-357
282093,15,830,16545,-20,-279,82,-62,-406,-362
282107,23,827,16533,-20,-276,80,-61,-406,-358
282121,3,822,16548,-23,-281,84,-66,-402,-364
282135,18,824,16560,-16,-278,84,-63,-405,-361
282149,16,827,16547,-19,-274,91,-65,-408,-360
282163,31,817,16537,-18,-278,89,-65,-401,-359
282177,41,819,16537,-22,-283,88,-67,-400,-363
282191,28,816,16549,-18,-277,85,-63,-404,-359
282205,28,829,16549,-16,-274,89,-66,-404,-365
282219,11,821,16541,-15,-275,87,-65,-409,-362
282233,13,829,16552,-20,-280,87,-67,-406,-365
282247,22,822,16542,-24,-281,84,-67,-406,-361
282261,8,825,16554,-15,-280,83,-64,-403,-357
282275,18,819,16543,-17,-276,87,-65,-402,-368
282289,22,827,16552,-17,-275,87,-60,-402,-359
282303,23,825,16545,-21,-279,85,-67,-404,-363
282317,34,817,16542,-21,-275,84,-66,-403,-370
282331,50,827,16542,-19,-275,85,-61,-403,-366
282345,24,826,16537,-19,-277,86,-72,-406,-368
282359,13,817,16546,-16,-284,90,-59,-405,-356
282373,19,821,16537,-22,-286,88,-61,-404,-369
282387,15,837,16555,-21,-276,87,-63,-403,-358
282401,22,831,16534,-22,-279,87,-65,-403,-358
282415,32,817,16555,-23,-277,88,-64,-404,-364
282429,30,823,16556,-19,-280,87,-67,-404,-358
282443,29,816,16549,-24,-281,87,-66,-399,-362
282457,32,820,16543,-21,-277,85,-69,-398,-362
282471,29,823,16543,-13,-273,86,-65,-406,-365
282485,24,827,16546,-17,-277,86,-66,-405,-367
282499,15,829,16543,-17,-278,92,-68,-405,-363
282513,29,823,16554,-17,-277,85,-64,-402,-363
282527,3,821,16547,-21,-278,88,-65,-397,-363
282541,15,816,16551,-19,-275,87,-66,-400,-366
282555,6,828,16540,-24,-280,86,-63,-398,-360
282569,13,843,16535,-23,-277,84,-64,-404,-363
282583,30,824,16555,-21,-276,88,-66,-404,-360
282597,21,821,16544,-20,-280,87,-66,-403,-359
282611,33,822,16545,-17,-280,86,-69,-407,-358
282625,7,825,16553,-23,-279,83,-65,-403,-358
282639,21,820,16535,-19,-275,87,-63,-405,-362
282653,10,825,16554,-17,-273,86,-66,-400,-366
282667,9,834,16545,-19,-279,87,-69,-407,-358
282681,20,831,16541,-20,-273,89,-67,-402,-355
282695,3,830,16544,-19,-279,86,-65,-398,-359
282709,18,822,16536,-22,-279,87,-63,-404,-359
282723,6,821,16541,-23,-280,89,-63,-403,-363
282737,23,824,16543,-19,-276,88,-66,-408,-360
282751,16,807,16551,-23,-277,87,-66,-403,-358
282765,7,821,16544,-19,-277,86,-69,-403,-363
282779,10,827,16561,-18,-276,88,-62,-399,-363
282793,13,829,16537,-22,-282,89,-68,-410,-361
282807,22,818,16542,-15,-276,87,-67,-404,-358
282821,29,817,16544,-19,-276,81,-64,-400,-363
282835,22,813,16550,-18,-279,82,-64,-402,-363
282849,18,820,16548,-20,-281,85,-65,-404,-365
282863,14,828,16551,-16,-282,85,-70,-404,-360
282877,23,813,16539,-17,-281,86,-62,-403,-361
282891,20,831,16555,-21,-278,88,-67,-402,-360
282905,16,820,16544,-13,-276,88,-62,-402,-357
282919,6,839,16530,-19,-276,82,-62,-404,-357
282933,15,828,16549,-16,-274,86,-65,-398,-366
282947,7,817,16533,-18,-280,85,-65,-402,-357
282961,20,821,16550,-17,-274,87,-67,-406,-361
282975,14,827,16533,-21,-280,84,-69,-402,-360
282989,32,820,16553,-12,-278,86,-64,-398,-362
283003,29,816,16546,-12,-277,82,-66,-402,-362
283017,30,826,16549,-25,-276,86,-64,-396,-361
283031,26,833,16545,-19,-279,89,-66,-395,-366
283045,24,827,16549,-18,-276,82,-67,-403,-365
283059,12,825,16557,-17,-277,83,-68,-406,-362
283073,13,813,16559,-17,-278,88,-62,-408,-360
283087,16,824,16554,-20,-276,85,-64,-404,-362
283101,29,824,16539,-19,-277,88,-62,-403,-361
283115,20,822,16547,-15,-279,84,-64,-406,-359
283129,27,826,16557,-15,-278,87,-63,-403,-363
283143,33,821,16544,-16,-283,84,-68,-404,-362
283157,20,816,16517,-22,-278,90,-63,-404,-358
283171,22,817,16537,-18,-276,88,-71,-404,-360
283185,25,820,16548,-20,-276,89,-64,-398,-363
283199,23,828,16535,-20,-276,84,-64,-407,-359
283213,5,831,16540,-15,-279,87,-66,-401,-362
283227,14,830,16541,-10,-283,86,-66,-407,-359
283241,23,832,16558,-21,-276,91,-61,-403,-362
283255,24,812,16541,-20,-279,91,-63,-401,-362
283269,25,829,16532,-17,-279,89,-68,-403,-359
283283,17,820,16530,-14,-279,85,-64,-400,-361
283297,25,820,16545,-11,-278,84,-66,-401,-361
283311,14,824,16529,-16,-278,85,-56,-403,-359
283325,33,827,16545,-18,-277,84,-65,-404,-360
283339,16,826,16535,-11,-277,85,-65,-407,-360
283353,25,826,16539,-15,-276,92,-67,-404,-363
283367,22,823,16533,-17,-277,90,-62,-400,-361
283381,19,817,16554,-19,-277,90,-62,-403,-361
283395,21,830,16546,-20,-281,87,-65,-403,-359
283409,27,821,16539,-19,-279,88,-66,-404,-363
283423,32,828,16537,-16,-276,89,-62,-407,-361
283437,23,829,16545,-17,-275,85,-71,-398,-362
283451,16,812,16548,-17,-276,91,-66,-403,-363
283465,22,807,16553,-17,-277,85,-67,-405,-361
283479,17,817,16543,-16,-276,89,-62,-407,-360
283493,20,819,16538,-17,-283,87,-65,-406,-364
283507,25,831,16532,-14,-283,87,-69,-404,-363
283521,13,835,16551,-18,-278,86,-65,-403,-369
283535,20,835,16559,-15,-282,86,-63,-410,-365
283549,20,824,16538,-18,-283,83,-65,-406,-360
283563,14,827,16539,-20,-277,83,-62,-402,-367
283577,19,828,16539,-18,-277,82,-66,-402,-360
283591,19,812,16548,-17,-277,83,-61,-402,-365
283605,18,823,16556,-20,-279,86,-59,-401,-364
283619,10,821,16550,-22,-284,89,-63,-406,-364
283633,7,829,16547,-21,-274,88,-65,-404,-360
283647,31,827,16562,-18,-277,93,-68,-406,-361
283661,37,817,16541,-21,-282,90,-66,-404,-362
283675,30,830,16549,-17,-281,84,-66,-399,-359
283689,29,822,16545,-21,-283,89,-68,-404,-367
283703,34,827,16557,-22,-276,88,-65,-409,-367
283717,16,822,16541,-20,-275,82,-64,-406,-362
283731,17,829,16549,-21,-277,83,-62,-406,-359
283745,37,822,16542,-22,-277,85,-70,-407,-363
283759,15,822,16563,-19,-272,87,-66,-404,-362
283773,15,827,16545,-16,-282,85,-62,-401,-360
283787,24,824,16542,-21,-279,90,-67,-400,-365
283801,4,817,16547,-26,-276,86,-63,-403,-362
283815,31,822,16555,-21,-278,91,-65,-404,-362
283829,18,827,16547,-24,-277,84,-62,-406,-359
283843,18,830,16552,-20,-280,86,-69,-402,-363
283857,21,834,16550,-17,-281,89,-67,-406,-364
283871,15,820,16546,-23,-278,80,-67,-403,-363
283885,24,827,16537,-18,-277,91,-66,-403,-366
283899,28,822,16565,-18,-278,86,-67,-402,-357
283913,15,815,16548,-17,-280,85,-64,-407,-362
283927,15,823,16552,-19,-278,87,-62,-402,-366
283941,17,827,16542,-13,-283,85,-63,-405,-364
283955,22,826,16545,-20,-278,83,-61,-401,-358
283969,23,826,16539,-15,-279,89,-68,-402,-359
283983,13,821,16547,-12,-282,86,-66,-407,-364
283997,25,813,16526,-22,-275,87,-67,-409,-362
284011,20,826,16533,-20,-279,84,-64,-406,-360
284025,11,819,16539,-20,-276,83,-62,-404,-364
284039,17,831,16542,-15,-279,84,-61,-402,-356
284053,10,826,16544,-17,-281,89,-65,-403,-365
284067,20,835,16538,-16,-277,85,-65,-405,-363
284081,10,820,16535,-18,-277,87,-60,-403,-354
284095,12,827,16545,-17,-283,87,-59,-406,-364
284109,-2,822,16541,-21,-282,90,-60,-404,-362
284123,25,821,16548,-18,-280,89,-62,-404,-358
284137,16,818,16536,-18,-277,87,-69,-404,-363
284151,19,809,16552,-17,-276,89,-63,-406,-362
284165,25,818,16542,-19,-278,84,-55,-400,-366
284179,28,821,16535,-17,-279,86,-64,-399,-362
284193,30,824,16535,-13,-279,87,-65,-401,-363
284207,8,826,16542,-18,-282,91,-65,-406,-361
284221,28,814,16537,-22,-276,87,-68,-403,-358
284235,5,826,16532,-24,-276,87,-59,-400,-361
284249,5,825,16543,-24,-277,86,-66,-404,-365
284263,22,826,16513,-22,-275,88,-63,-402,-362
284277,19,812,16534,-18,-277,86,-69,-402,-360
284291,23,829,16542,-21,-282,88,-63,-405,-363
284305,37,819,16547,-21,-273,89,-66,-404,-363
284319,18,824,16547,-18,-277,86,-65,-401,-360
284333,26,836,16551,-23,-279,89,-67,-400,-361
284347,19,828,16546,-17,-278,83,-64,-407,-360
284361,35,812,16549,-23,-280,83,-62,-405,-362
284375,33,825,16544,-13,-280,85,-59,-404,-359
284389,14,826,16538,-19,-276,84,-63,-409,-360
284403,24,817,16554,-14,-281,83,-62,-404,-360
284417,4,821,16554,-13,-276,86,-70,-401,-358
284431,20,829,16531,-18,-277,85,-62,-400,-362
284445,22,817,16549,-20,-278,85,-63,-397,-361
284459,25,841,16553,-17,-278,81,-60,-400,-361
284473,11,837,16550,-19,-276,84,-61,-409,-365
284487,53,837,16547,-21,-281,86,-65,-405,-361
284501,14,824,16536,-17,-278,87,-71,-401,-362
284515,19,826,16540,-14,-277,85,-67,-405,-360
284529,10,832,16543,-20,-281,84,-62,-406,-364
284543,16,817,16545,-16,-274,89,-63,-399,-364
284557,12,829,16544,-18,-278,90,-58,-405,-360
284571,22,818,16549,-20,-278,88,-62,-404,-356
284585,20,826,16552,-21,-277,85,-63,-407,-363
284599,11,823,16556,-15,-278,82,-67,-402,-361
284613,23,819,16548,-15,-275,84,-65,-403,-360
284627,22,820,16551,-14,-275,87,-62,-405,-359
284641,20,819,16527,-18,-281,88,-60,-402,-362
284655,17,829,16535,-19,-277,89,-70,-401,-363
284669,26,827,16537,-16,-279,88,-66,-405,-355
284683,14,816,16550,-14,-276,85,-68,-403,-363
284697,17,831,16551,-19,-279,90,-63,-401,-359
284711,20,824,16554,-21,-279,90,-61,-401,-358
284725,23,834,16544,-20,-279,84,-65,-403,-363
284739,22,824,16549,-21,-280,84,-67,-405,-363
284753,18,829,16554,-20,-279,87,-67,-405,-363
284767,14,822,16548,-20,-272,85,-63,-400,-357
284781,15,826,16545,-16,-277,84,-64,-401,-354
284795,23,823,16538,-13,-280,82,-65,-400,-359
284809,19,830,16546,-18,-282,87,-64,-403,-361
284823,23,827,16527,-18,-279,84,-65,-400,-361
284837,14,819,16540,-22,-277,83,-68,-398,-365
284851,10,823,16540,-24,-278,85,-65,-402,-362
284865,12,809,16539,-17,-279,82,-62,-409,-360
284879,17,825,16536,-20,-280,85,-68,-401,-357
284893,6,816,16539,-16,-279,85,-64,-401,-360
284907,16,833,16550,-16,-275,86,-61,-403,-362
284921,22,824,16545,-14,-282,84,-66,-403,-361
284935,14,817,16538,-15,-278,86,-66,-401,-362
284949,17,832,16533,-21,-278,86,-67,-400,-364
284963,16,822,16542,-19,-277,85,-63,-401,-359
284977,31,827,16539,-19,-279,90,-66,-404,-359
284991,22,827,16535,-20,-278,87,-64,-400,-356
285005,23,827,16560,-22,-282,84,-59,-399,-358
285019,23,820,16548,-15,-280,79,-61,-406,-368
285033,28,820,16529,-19,-276,82,-61,-403,-360
285047,9,831,16555,-23,-283,88,-64,-399,-360
285061,26,818,16549,-14,-277,83,-62,-403,-359
285075,20,826,16555,-18,-279,86,-68,-404,-362
285089,35,820,16545,-21,-275,89,-63,-398,-364
285103,25,836,16544,-16,-275,91,-61,-406,-358
285117,21,828,16562,-20,-273,87,-62,-401,-363
285131,22,824,16544,-20,-278,88,-67,-405,-357
285145,13,806,16539,-18,-280,83,-64,-402,-359
285159,36,812,16539,-21,-279,88,-64,-401,-359
285173,21,819,16543,-18,-279,84,-68,-401,-360
285187,9,821,16545,-18,-280,83,-67,-402,-360
285201,27,839,16547,-20,-275,82,-62,-408,-363
285215,12,820,16555,-17,-280,87,-71,-403,-360
285229,11,816,16550,-17,-287,86,-63,-405,-364
285243,34,832,16553,-16,-281,90,-63,-402,-361
285257,14,816,16549,-20,-281,85,-65,-404,-359
285271,23,827,16549,-16,-279,82,-62,-403,-366
285285,14,828,16545,-17,-278,89,-63,-406,-363
285299,21,818,16539,-20,-276,85,-61,-406,-364
285313,11,821,16544,-18,-275,82,-65,-403,-363
285327,17,832,16546,-14,-280,85,-61,-394,-357
285341,7,822,16538,-17,-282,88,-66,-406,-356
285355,11,825,16539,-14,-282,86,-60,-402,-360
285369,21,829,16531,-14,-282,86,-64,-409,-360
285383,19,812,16557,-20,-277,85,-67,-400,-366
285397,23,812,16549,-13,-279,77,-67,-403,-360
285411,12,823,16558,-24,-278,85,-64,-406,-358
285425,30,824,16552,-22,-282,86,-66,-403,-355
285439,21,835,16553,-20,-280,82,-67,-401,-364
285453,9,823,16538,-20,-279,87,-65,-399,-362
285467,26,823,16536,-20,-276,86,-65,-405,-364
285481,18,830,16546,-20,-276,85,-70,-407,-365
285495,24,835,16546,-20,-278,88,-60,-408,-358
285509,19,831,16546,-19,-281,90,-63,-403,-363
285523,25,822,16548,-17,-278,84,-63,-405,-364
285537,20,818,16561,-15,-279,86,-60,-404,-364
285551,22,811,16540,-14,-275,90,-59,-401,-360
285565,17,830,16524,-20,-283,87,-61,-407,-361
285579,39,836,16537,-23,-276,86,-64,-402,-359
285593,20,840,16527,-16,-275,85,-63,-405,-363
285607,12,834,16555,-12,-279,83,-65,-408,-361
285621,21,814,16531,-19,-278,84,-69,-406,-360
285635,20,830,16543,-21,-276,89,-63,-405,-359
285649,23,821,16549,-17,-281,84,-64,-411,-364
285663,16,826,16542,-17,-280,89,-67,-401,-364
285677,23,809,16538,-26,-279,85,-67,-403,-364
285691,33,830,16547,-23,-277,84,-64,-399,-361
285705,27,817,16541,-15,-283,81,-69,-404,-358
285719,28,810,16545,-13,-277,86,-63,-405,-358
285733,28,823,16523,-22,-278,83,-62,-403,-361
285747,16,832,16547,-14,-273,84,-64,-410,-362
285761,20,814,16549,-13,-275,85,-60,-400,-359
285775,19,823,16534,-16,-279,85,-61,-405,-365
285789,26,821,16527,-14,-282,87,-63,-402,-356
285803,21,823,16540,-17,-282,86,-61,-401,-362
285817,32,826,16537,-20,-276,83,-65,-405,-361
285831,26,823,16536,-23,-276,82,-63,-404,-366
285845,25,821,16543,-18,-278,89,-66,-410,-357
285859,21,819,16545,-18,-283,87,-65,-405,-361
285873,10,826,16545,-15,-281,85,-62,-402,-358
285887,20,824,16543,-20,-277,84,-68,-404,-357
285901,21,824,16543,-18,-281,89,-65,-401,-360
285915,39,827,16537,-22,-278,92,-70,-405,-362
285929,16,827,16548,-23,-280,90,-66,-406,-361
285943,16,806,16531,-21,-284,86,-63,-399,-357
285957,24,826,16546,-16,-276,86,-63,-404,-361
285971,22,821,16555,-20,-276,88,-67,-402,-364
285985,21,831,16526,-17,-275,91,-67,-405,-359
285999,17,826,16542,-20,-278,89,-66,-401,-358
286013,5,817,16523,-18,-280,85,-66,-404,-359
286027,12,835,16538,-19,-282,88,-65,-398,-365
286041,20,828,16544,-15,-278,92,-64,-398,-363
286055,11,820,16541,-12,-280,88,-66,-402,-359
286069,26,831,16545,-18,-278,88,-65,-406,-360
286083,15,833,16536,-22,-282,89,-62,-405,-363
286097,25,820,16550,-15,-281,85,-64,-400,-359
286111,30,820,16547,-15,-280,86,-67,-406,-358
286125,18,825,16546,-20,-282,86,-64,-403,-362
286139,20,821,16552,-18,-280,89,-64,-399,-359
286153,19,830,16541,-22,-276,88,-65,-403,-361
286167,22,820,16543,-14,-280,87,-61,-406,-359
286181,3,840,16563,-19,-279,88,-65,-401,-360
286195,21,832,16536,-21,-276,85,-67,-405,-361
286209,16,824,16538,-17,-277,85,-63,-404,-365
286223,31,816,16537,-15,-279,88,-60,-403,-363
286237,5,816,16537,-20,-280,87,-64,-402,-363
286251,14,815,16536,-15,-279,85,-69,-404,-363
286265,18,824,16542,-16,-270,89,-67,-404,-363
286279,26,817,16546,-20,-278,87,-61,-406,-364
286293,14,815,16543,-19,-277,90,-64,-404,-363
286307,20,821,16535,-15,-279,88,-66,-400,-361
286321,28,834,16544,-22,-280,88,-64,-399,-361
286335,14,818,16552,-19,-284,84,-68,-407,-358
286349,28,835,16538,-24,-274,90,-66,-407,-358
286363,17,807,16537,-17,-285,84,-57,-402,-364
286377,25,820,16560,-22,-277,84,-64,-406,-365
286391,24,824,16547,-17,-277,83,-63,-400,-363
286405,10,828,16540,-16,-280,84,-67,-407,-367
286419,12,831,16542,-21,-281,86,-67,-403,-364
286433,28,819,16542,-18,-277,85,-64,-407,-364
286447,34,827,16553,-18,-279,80,-61,-401,-357
286461,18,827,16541,-13,-278,79,-62,-404,-358
286475,21,822,16549,-19,-280,88,-65,-405,-365
286489,19,821,16560,-23,-282,83,-64,-398,-361
286503,25,822,16552,-19,-279,83,-60,-405,-361
286517,27,824,16532,-14,-280,80,-65,-402,-360
286531,27,828,16540,-17,-274,83,-64,-405,-363
286545,5,830,16551,-23,-280,89,-62,-405,-359
286559,15,822,16562,-18,-282,88,-61,-408,-359
286573,24,822,16538,-20,-280,88,-65,-402,-361
286587,25,820,16556,-18,-275,86,-62,-404,-361
286601,20,823,16534,-14,-279,86,-65,-404,-358
286615,16,822,16542,-15,-278,83,-64,-399,-361
286629,27,822,16557,-23,-279,87,-65,-404,-355
286643,26,825,16544,-17,-285,85,-65,-403,-361
286657,27,824,16554,-20,-277,88,-61,-404,-364
286671,15,817,16547,-15,-281,87,-70,-404,-360
286685,15,830,16546,-21,-282,84,-63,-406,-358
286699,10,829,16538,-19,-276,86,-66,-398,-359
286713,22,829,16532,-22,-284,89,-64,-403,-360
286727,12,819,16534,-18,-282,85,-63,-403,-365
286741,25,827,16539,-18,-278,87,-62,-404,-361
286755,30,818,16551,-16,-276,85,-68,-403,-358
286769,36,818,16537,-22,-275,84,-71,-402,-358
286783,34,830,16551,-18,-277,87,-66,-403,-357
286797,17,814,16541,-19,-280,89,-58,-401,-365
286811,19,815,16566,-20,-278,84,-66,-402,-362
286825,22,820,16540,-15,-278,90,-61,-401,-360
286839,17,829,16550,-20,-275,83,-69,-405,-358
286853,15,826,16547,-16,-281,90,-66,-405,-364
286867,14,822,16540,-13,-277,89,-63,-405,-362
286881,39,822,16541,-15,-277,88,-63,-402,-360
286895,19,826,16538,-16,-276,85,-68,-409,-364
286909,18,823,16544,-22,-279,83,-65,-402,-356
286923,16,833,16525,-18,-277,83,-67,-407,-361
286937,26,827,16540,-18,-276,90,-62,-406,-360
286951,25,830,16551,-15,-282,86,-62,-405,-357
286965,20,821,16538,-16,-273,88,-63,-406,-362
286979,18,839,16539,-22,-280,87,-60,-403,-362
286993,22,826,16538,-18,-281,88,-63,-411,-367
287007,24,831,16527,-18,-279,87,-60,-403,-360
287021,14,824,16541,-22,-278,86,-64,-400,-364
287035,33,825,16533,-20,-278,87,-62,-407,-364
287049,12,819,16536,-14,-272,86,-65,-405,-362
287063,31,830,16543,-22,-274,80,-65,-402,-366
287077,13,816,16536,-24,-278,88,-70,-407,-358
287091,22,820,16546,-18,-273,83,-61,-408,-362
287105,19,830,16532,-16,-279,82,-63,-406,-364
287119,13,822,16540,-14,-277,80,-61,-399,-361
287133,20,823,16538,-16,-274,80,-63,-402,-358
287147,31,822,16546,-18,-279,88,-63,-401,-362
287161,35,828,16532,-17,-281,89,-61,-398,-361
287175,30,819,16529,-18,-279,82,-61,-402,-360
287189,14,822,16552,-17,-277,82,-65,-400,-362
287203,0,828,16535,-14,-281,89,-59,-397,-362
287217,18,824,16525,-19,-279,83,-62,-407,-362
287231,13,829,16541,-17,-279,90,-64,-405,-358
287245,14,839,16550,-15,-276,86,-64,-399,-362
287259,7,826,16534,-19,-279,85,-62,-403,-365
287273,23,834,16529,-18,-279,87,-63,-404,-359
287287,15,814,16527,-13,-282,87,-67,-402,-360
287301,19,825,16554,-13,-280,87,-66,-400,-361
287315,10,816,16524,-17,-282,86,-65,-401,-358
287329,17,829,16538,-19,-276,83,-60,-407,-359
287343,23,826,16551,-18,-279,85,-61,-403,-358
287357,23,835,16542,-14,-275,86,-67,-400,-362
287371,36,821,16545,-11,-275,86,-69,-400,-359
287385,29,832,16527,-14,-281,86,-66,-403,-355
287399,27,829,16544,-18,-274,81,-63,-406,-361
287413,24,827,16521,-11,-279,83,-66,-400,-363
287427,32,826,16548,-15,-275,83,-62,-404,-359
287441,14,835,16540,-14,-281,83,-66,-399,-361
287455,13,814,16531,-21,-277,86,-62,-403,-363
287469,24,828,16540,-20,-280,84,-63,-406,-363
287483,14,825,16551,-22,-281,87,-60,-404,-358
287497,12,842,16535,-16,-275,85,-61,-401,-359
287511,23,823,16543,-14,-278,88,-61,-409,-359
287525,13,828,16550,-15,-277,84,-67,-401,-363
287539,14,830,16543,-16,-282,84,-62,-402,-360
287553,11,837,16539,-14,-278,78,-63,-398,-358
287567,24,829,16531,-17,-278,83,-66,-402,-357
287581,26,812,16539,-17,-276,84,-65,-409,-362
287595,15,825,16538,-16,-280,83,-63,-405,-365
287609,19,817,16530,-20,-278,84,-63,-410,-354
287623,31,828,16536,-14,-276,84,-64,-402,-360
287637,27,820,16547,-16,-283,87,-68,-406,-358
287651,31,824,16521,-18,-281,90,-66,-408,-360
287665,29,825,16546,-21,-279,83,-62,-404,-360
287679,3,819,16528,-16,-282,87,-65,-400,-360
287693,21,824,16540,-20,-274,86,-64,-401,-364
287707,16,828,16534,-19,-276,84,-64,-404,-365
287721,15,828,16528,-14,-279,84,-64,-405,-354
287735,20,827,16535,-12,-281,85,-64,-403,-360
287749,26,821,16537,-19,-285,80,-69,-398,-359
287763,23,823,16544,-14,-280,87,-65,-408,-358
287777,5,820,16546,-21,-279,88,-68,-400,-361
287791,15,820,16522,-18,-276,90,-68,-409,-359
287805,13,826,16543,-13,-280,89,-67,-397,-364
287819,12,817,16529,-23,-278,86,-68,-402,-358
287833,25,825,16540,-14,-279,84,-64,-400,-366
287847,22,823,16541,-15,-273,84,-66,-401,-362
287861,16,826,16524,-20,-279,83,-66,-405,-361
287875,19,822,16543,-18,-278,85,-67,-401,-360
287889,23,818,16542,-24,-281,89,-65,-404,-359
287903,29,819,16540,-15,-276,87,-66,-405,-362
287917,25,816,16545,-17,-276,83,-66,-404,-359
287931,29,825,16555,-19,-278,80,-69,-402,-363
287945,8,831,16537,-16,-277,86,-70,-401,-358
287959,23,820,16526,-19,-272,79,-66,-399,-362
287973,26,824,16522,-11,-280,86,-69,-402,-363
287987,10,830,16540,-15,-276,88,-66,-400,-361
288001,14,842,16540,-19,-278,88,-65,-406,-365
288015,18,824,16536,-23,-281,85,-66,-403,-356
288029,20,830,16536,-15,-277,84,-63,-402,-362
288043,17,824,16554,-14,-274,89,-66,-405,-365
288057,13,820,16549,-19,-280,81,-64,-407,-363
288071,24,817,16528,-23,-272,89,-64,-401,-361
288085,17,822,16544,-19,-276,84,-64,-405,-362
288099,12,813,16533,-18,-272,81,-67,-406,-362
288113,25,829,16524,-14,-276,87,-66,-406,-360
288127,22,830,16529,-20,-276,86,-68,-399,-360
288141,12,827,16535,-13,-280,87,-63,-406,-362
288155,25,831,16545,-14,-280,80,-65,-398,-360
288169,16,819,16542,-19,-280,84,-63,-406,-365
288183,21,823,16533,-25,-277,87,-64,-404,-359
288197,24,824,16543,-15,-275,83,-61,-407,-357
288211,19,817,16535,-16,-281,82,-66,-402,-364
288225,22,831,16553,-17,-277,83,-69,-402,-360
288239,29,816,16544,-18,-274,84,-58,-402,-364
288253,21,827,16527,-14,-280,89,-65,-404,-359
288267,13,826,16528,-22,-279,85,-61,-407,-356
288281,8,823,16531,-14,-278,81,-64,-398,-363
288295,25,819,16541,-17,-278,86,-62,-404,-366
288309,33,832,16534,-19,-278,81,-61,-406,-360
288323,33,821,16535,-23,-283,88,-71,-407,-362
288337,22,823,16547,-18,-280,84,-67,-402,-365
288351,11,840,16540,-18,-275,85,-67,-408,-359
288365,11,820,16543,-18,-279,85,-66,-400,-362
288379,25,824,16537,-15,-276,87,-66,-403,-361
288393,19,830,16551,-18,-275,85,-65,-399,-358
288407,26,826,16529,-16,-278,83,-69,-399,-363
288421,17,823,16549,-12,-284,87,-64,-399,-361
288435,24,818,16549,-13,-275,82,-62,-401,-360
288449,14,826,16538,-20,-279,87,-70,-402,-366
288463,19,828,16534,-13,-278,81,-66,-403,-357
288477,27,807,16541,-19,-273,80,-67,-404,-359
288491,17,828,16539,-18,-281,90,-62,-402,-356
288505,11,822,16540,-19,-279,87,-64,-403,-358
288519,12,821,16527,-16,-280,89,-63,-402,-363
288533,12,823,16539,-21,-281,83,-66,-400,-359
288547,10,820,16542,-24,-277,83,-65,-403,-363
288561,20,827,16542,-19,-282,93,-56,-397,-360
288575,33,824,16542,-18,-279,90,-62,-403,-362
288589,36,812,16540,-17,-270,88,-63,-396,-368
288603,38,814,16551,-18,-272,84,-63,-401,-362
288617,32,825,16558,-20,-278,86,-64,-404,-350
288631,23,819,16532,-13,-276,90,-63,-401,-360
288645,31,827,16525,-20,-279,90,-64,-402,-362
288659,23,813,16550,-17,-280,84,-60,-403,-359
288673,6,826,16542,-19,-278,89,-64,-401,-360
288687,7,822,16541,-20,-282,91,-66,-401,-361
288701,3,825,16538,-18,-278,90,-64,-404,-359
288715,17,820,16542,-17,-280,87,-67,-408,-361
288729,25,836,16539,-17,-280,87,-62,-403,-358
288743,16,828,16526,-16,-278,86,-63,-406,-361
288757,16,832,16535,-23,-283,87,-66,-398,-359
288771,19,827,16524,-19,-281,87,-64,-409,-364
288785,28,827,16535,-15,-276,90,-67,-404,-358
288799,7,816,16541,-15,-277,87,-64,-407,-362
288813,-5,822,16529,-14,-273,86,-61,-404,-360
288827,21,824,16547,-14,-274,84,-63,-401,-362
288841,24,825,16546,-23,-280,84,-60,-403,-360
288855,37,819,16541,-16,-278,88,-64,-402,-362
288869,18,821,16532,-15,-278,82,-63,-398,-364
288883,33,823,16521,-19,-281,86,-62,-405,-360
288897,16,816,16538,-22,-277,84,-65,-399,-358
288911,6,813,16531,-20,-277,85,-65,-404,-366
288925,10,829,16535,-19,-277,85,-64,-410,-360
288939,20,812,16546,-16,-282,87,-67,-401,-361
288953,23,816,16550,-18,-285,85,-67,-396,-361
288967,18,821,16548,-23,-280,88,-64,-405,-358
288981,18,819,16534,-25,-277,82,-63,-402,-361
288995,21,825,16547,-14,-275,83,-58,-399,-355
289009,14,821,16548,-14,-276,85,-63,-404,-364
289023,33,827,16536,-16,-277,81,-62,-404,-363
289037,5,836,16531,-18,-278,85,-65,-403,-362
289051,23,836,16549,-15,-279,86,-61,-410,-360
289065,26,829,16552,-21,-278,84,-62,-401,-357
289079,13,830,16550,-22,-278,84,-64,-408,-365
289093,2,827,16547,-18,-275,81,-65,-405,-361
289107,26,829,16540,-15,-280,84,-65,-406,-356
289121,34,820,16540,-13,-279,80,-68,-405,-360
289135,22,824,16544,-13,-275,85,-64,-401,-362
289149,12,822,16545,-19,-281,91,-67,-402,-362
289163,22,816,16544,-19,-278,89,-60,-405,-362
289177,24,816,16549,-23,-277,83,-62,-402,-360
289191,19,827,16548,-14,-277,84,-66,-403,-360
289205,13,824,16539,-20,-276,89,-63,-400,-360
289219,12,823,16552,-19,-278,88,-62,-408,-360
289233,12,818,16542,-15,-279,85,-64,-403,-358
289247,18,820,16552,-19,-276,81,-67,-405,-362
289261,21,817,16526,-19,-276,84,-64,-400,-359
289275,29,826,16533,-14,-275,83,-60,-402,-360
289289,14,820,16552,-19,-281,90,-62,-410,-365
289303,22,819,16550,-16,-279,89,-65,-402,-360
289317,19,828,16537,-22,-278,87,-61,-400,-366
289331,24,826,16549,-18,-277,90,-64,-405,-364
289345,17,827,16528,-18,-276,88,-62,-405,-357
289359,16,823,16544,-20,-278,87,-64,-401,-358
289373,19,826,16538,-17,-274,81,-60,-401,-358
289387,17,824,16543,-16,-276,81,-60,-404,-365
289401,23,829,16543,-18,-278,93,-64,-403,-363
289415,28,827,16535,-19,-275,89,-65,-408,-366
289429,26,823,16543,-22,-277,86,-68,-404,-364
289443,25,825,16545,-20,-277,88,-68,-405,-358
289457,17,826,16538,-14,-279,84,-63,-400,-363
289471,17,817,16543,-17,-280,85,-61,-401,-361
289485,7,840,16541,-19,-284,83,-59,-403,-360
289499,21,819,16550,-11,-283,83,-72,-405,-361
289513,24,827,16542,-13,-280,88,-61,-407,-365
289527,20,831,16541,-18,-277,83,-63,-411,-357
289541,25,825,16535,-22,-280,82,-68,-403,-362
289555,16,812,16535,-12,-277,82,-63,-409,-359
289569,28,823,16546,-19,-277,84,-64,-407,-362
289583,23,826,16538,-20,-277,79,-65,-400,-353
289597,23,825,16547,-20,-277,82,-66,-402,-363
289611,17,830,16549,-22,-280,86,-63,-400,-358
289625,9,828,16548,-20,-280,86,-63,-407,-366
289639,30,824,16541,-13,-279,83,-66,-398,-363
289653,8,829,16551,-17,-279,87,-60,-401,-363
289667,26,827,16546,-17,-280,86,-64,-400,-361
289681,25,824,16549,-18,-279,85,-65,-399,-362
289695,18,811,16553,-22,-276,88,-68,-402,-359
289709,21,829,16557,-15,-279,87,-67,-407,-362
289723,39,834,16551,-19,-276,87,-69,-405,-367
289737,18,828,16551,-17,-280,89,-60,-402,-362
289751,20,820,16542,-24,-277,87,-68,-398,-368
289765,17,823,16547,-13,-275,87,-60,-407,-358
289779,16,818,16548,-21,-280,89,-56,-405,-361
289793,27,815,16548,-19,-278,89,-63,-401,-360
289807,18,819,16544,-21,-278,87,-59,-403,-365
289821,23,823,16546,-19,-280,91,-63,-400,-361
289835,22,822,16536,-20,-282,89,-59,-405,-360
289849,23,827,16560,-16,-278,86,-68,-404,-361
289863,26,825,16552,-19,-278,84,-67,-403,-366
289877,13,823,16543,-19,-273,84,-68,-404,-362
289891,30,832,16542,-20,-278,84,-60,-403,-367
289905,19,834,16548,-15,-276,85,-64,-403,-359
289919,7,812,16542,-15,-274,87,-65,-410,-356
289933,29,824,16557,-17,-279,87,-62,-408,-364
289947,28,817,16534,-18,-278,82,-67,-407,-362
289961,31,823,16539,-19,-276,87,-63,-404,-362
289975,25,813,16556,-21,-280,84,-65,-401,-366
289989,18,814,16538,-18,-277,87,-66,-406,-370
290003,32,829,16552,-18,-276,84,-64,-400,-359
290017,14,816,16549,-20,-275,86,-71,-404,-357
290031,18,821,16544,-19,-275,83,-67,-408,-359
290045,8,814,16545,-18,-276,88,-61,-412,-362
290059,15,811,16546,-18,-279,86,-64,-408,-360
290073,22,826,16533,-18,-281,86,-63,-403,-360
290087,26,822,16545,-17,-277,90,-67,-402,-365
290101,18,825,16539,-15,-281,88,-63,-402,-360
290115,26,821,16541,-14,-275,87,-64,-405,-359
290129,8,824,16539,-17,-274,82,-66,-404,-359
290143,23,832,16543,-20,-282,88,-64,-404,-359
290157,15,818,16528,-17,-275,85,-59,-405,-360
290171,12,825,16559,-21,-278,89,-68,-404,-357
290185,10,829,16526,-16,-281,89,-69,-401,-361
290199,19,839,16544,-20,-278,88,-66,-401,-367
290213,24,817,16561,-16,-281,85,-66,-403,-364
290227,15,821,16535,-21,-280,84,-63,-406,-358
290241,26,836,16553,-15,-274,84,-64,-397,-363
290255,19,805,16525,-18,-280,81,-59,-407,-361
290269,26,809,16534,-13,-276,84,-62,-405,-360
290283,14,817,16553,-19,-274,88,-68,-405,-363
290297,18,827,16555,-16,-279,85,-64,-404,-364
290311,15,820,16558,-17,-278,83,-65,-403,-366
290325,10,836,16536,-14,-278,82,-63,-401,-364
290339,16,831,16542,-20,-280,83,-67,-405,-359
290353,35,835,16543,-16,-282,82,-66,-400,-364
290367,26,826,16545,-19,-279,82,-62,-401,-363
290381,22,811,16549,-21,-275,86,-60,-401,-363
290395,35,817,16542,-21,-273,90,-63,-400,-362
290409,35,823,16534,-17,-277,89,-65,-400,-357
290423,24,830,16538,-16,-279,87,-69,-405,-363
290437,33,829,16536,-20,-277,89,-64,-406,-360
290451,11,819,16548,-22,-277,87,-61,-401,-362
290465,19,820,16554,-16,-273,83,-60,-405,-363
290479,10,808,16560,-16,-275,88,-61,-402,-363
290493,17,825,16542,-19,-279,82,-70,-402,-358
290507,12,828,16551,-17,-276,84,-64,-406,-360
290521,21,828,16548,-19,-277,85,-59,-405,-357
290535,28,823,16555,-22,-277,87,-68,-399,-360
290549,22,830,16556,-17,-275,84,-61,-403,-365
290563,26,820,16540,-21,-277,86,-61,-400,-358
290577,29,824,16543,-16,-275,90,-68,-404,-359
290591,1,817,16551,-24,-276,88,-61,-408,-362
290605,7,808,16546,-18,-280,86,-62,-402,-359
290619,13,846,16552,-11,-282,85,-64,-405,-356
290633,15,827,16554,-14,-275,84,-65,-400,-364
290647,14,814,16540,-16,-276,83,-68,-401,-363
290661,36,818,16545,-18,-274,83,-67,-402,-364
290675,16,829,16546,-14,-277,82,-64,-405,-363
290689,17,813,16542,-15,-281,85,-68,-401,-363
290703,40,824,16555,-15,-281,86,-62,-403,-364
290717,11,830,16549,-16,-274,86,-65,-405,-364
290731,25,830,16558,-21,-280,87,-61,-404,-367
290745,10,841,16544,-15,-276,84,-66,-406,-360
290759,15,835,16552,-18,-277,82,-63,-401,-361
290773,8,814,16539,-17,-279,84,-62,-405,-360
290787,19,814,16545,-19,-276,85,-63,-404,-360
290801,18,818,16546,-21,-279,93,-64,-401,-354
290815,10,816,16554,-18,-281,88,-64,-404,-363
290829,24,816,16553,-21,-273,88,-62,-407,-356
290843,17,807,16536,-20,-274,87,-63,-406,-359
290857,32,831,16544,-20,-279,87,-67,-404,-359
290871,10,828,16542,-20,-282,88,-62,-403,-358
290885,7,819,16550,-17,-280,91,-61,-407,-361
290899,16,815,16546,-19,-278,91,-66,-406,-359
290913,19,816,16546,-20,-279,89,-63,-403,-362
290927,22,833,16541,-18,-278,88,-68,-402,-360
290941,35,822,16554,-23,-279,84,-60,-401,-358
290955,25,834,16545,-19,-275,86,-60,-403,-361
290969,32,821,16541,-22,-279,88,-67,-405,-359
290983,22,812,16551,-21,-272,86,-66,-401,-360
290997,22,823,16551,-21,-276,86,-63,-404,-365
291011,11,819,16540,-17,-275,87,-66,-403,-368
291025,16,832,16546,-19,-278,85,-62,-404,-362
291039,7,817,16541,-19,-278,91,-60,-401,-362
291053,17,827,16542,-17,-283,84,-65,-400,-356
291067,17,812,16539,-19,-276,86,-62,-404,-364
291081,28,814,16538,-18,-280,89,-67,-402,-363
291095,37,808,16551,-14,-276,87,-67,-402,-358
291109,22,824,16549,-15,-277,90,-65,-402,-364
291123,39,817,16545,-17,-277,89,-61,-407,-363
291137,19,829,16544,-19,-278,88,-59,-402,-364
291151,4,829,16557,-18,-280,84,-62,-402,-361
291165,16,834,16553,-13,-280,86,-68,-401,-361
291179,4,819,16542,-17,-282,84,-65,-402,-363
291193,13,810,16559,-15,-277,85,-64,-402,-362
291207,21,816,16555,-19,-278,84,-66,-403,-358
291221,22,819,16543,-16,-278,86,-66,-409,-364
291235,26,827,16542,-20,-278,88,-61,-404,-360
291249,19,813,16550,-21,-281,90,-63,-402,-362
291263,23,836,16548,-23,-280,89,-67,-408,-360
291277,31,823,16541,-24,-279,84,-62,-402,-364
291291,18,828,16538,-23,-279,86,-63,-405,-367
291305,20,819,16549,-21,-280,83,-63,-405,-361
291319,19,827,16558,-16,-275,89,-69,-400,-363
291333,12,826,16556,-23,-276,90,-68,-410,-362
291347,21,831,16566,-20,-278,86,-66,-406,-361
291361,33,823,16534,-16,-274,86,-59,-401,-362
291375,43,828,16547,-21,-278,86,-67,-404,-366
291389,32,817,16550,-22,-275,85,-63,-404,-361
291403,24,821,16552,-17,-276,88,-62,-404,-364
291417,21,823,16564,-15,-269,84,-65,-402,-357
291431,10,839,16539,-16,-277,84,-60,-404,-358
291445,24,829,16544,-16,-279,84,-65,-401,-366
291459,17,825,16551,-23,-280,87,-66,-401,-363
291473,15,827,16549,-22,-281,87,-65,-404,-365
291487,26,825,16552,-25,-283,83,-63,-402,-363
291501,20,814,16550,-23,-279,89,-66,-400,-362
291515,35,824,16561,-20,-279,88,-70,-402,-359
291529,26,824,16546,-14,-277,81,-67,-402,-365
291543,27,825,16552,-17,-278,88,-66,-401,-358
291557,15,836,16548,-17,-278,85,-68,-407,-361
291571,12,822,16556,-15,-277,86,-63,-404,-359
291585,19,830,16559,-18,-278,85,-68,-403,-363
291599,9,837,16553,-18,-280,85,-61,-403,-360
291613,22,817,16535,-9,-271,87,-64,-403,-354
291627,16,822,16552,-16,-277,84,-64,-402,-366
291641,15,818,16546,-17,-276,87,-64,-402,-359
291655,18,813,16558,-16,-279,85,-65,-401,-357
291669,19,838,16565,-17,-275,79,-62,-404,-365
291683,17,818,16540,-16,-279,85,-66,-407,-362
291697,25,815,16557,-17,-278,87,-60,-401,-365
291711,13,821,16546,-22,-276,82,-63,-402,-364
291725,20,819,16555,-9,-275,84,-73,-402,-359
291739,14,813,16545,-18,-281,86,-72,-405,-363
291753,11,824,16542,-13,-279,87,-64,-404,-358
291767,25,823,16558,-16,-280,87,-64,-406,-359
291781,21,816,16557,-14,-277,84,-62,-402,-359
291795,16,821,16533,-12,-273,80,-61,-404,-363
291809,26,814,16557,-22,-275,82,-64,-403,-357
291823,14,826,16547,-18,-278,85,-66,-407,-363
291837,16,823,16549,-16,-281,90,-64,-403,-365
291851,3,826,16549,-16,-278,89,-62,-400,-360
291865,15,833,16527,-21,-279,85,-64,-406,-363
291879,14,822,16556,-15,-276,92,-65,-406,-361
291893,18,825,16546,-20,-275,91,-65,-403,-360
291907,15,829,16549,-17,-278,91,-60,-402,-361
291921,26,814,16542,-17,-277,90,-63,-406,-360
291935,25,824,16558,-16,-274,89,-65,-406,-357
291949,18,815,16552,-16,-275,83,-62,-402,-358
291963,8,819,16546,-17,-274,79,-67,-404,-359
291977,1,822,16546,-14,-278,86,-65,-403,-358
291991,9,833,16561,-18,-280,84,-68,-403,-363
292005,22,823,16535,-20,-279,90,-66,-404,-363
292019,8,819,16544,-18,-280,83,-63,-402,-362
292033,28,823,16546,-20,-279,83,-67,-403,-356
292047,13,813,16540,-20,-275,88,-68,-402,-360
292061,20,821,16556,-20,-275,81,-65,-402,-365
292075,15,812,16545,-18,-280,88,-74,-404,-361
292089,19,819,16555,-21,-280,86,-69,-400,-361
292103,15,823,16559,-15,-281,90,-66,-404,-362
292117,17,811,16546,-19,-280,86,-66,-402,-364
292131,3,818,16544,-17,-276,85,-67,-410,-354
292145,17,823,16553,-16,-277,86,-66,-406,-361
292159,21,822,16559,-13,-277,84,-63,-399,-361
292173,6,814,16556,-17,-277,85,-64,-403,-365
292187,29,810,16545,-16,-274,83,-66,-403,-362
292201,36,815,16543,-18,-277,85,-68,-406,-360
292215,10,837,16548,-14,-276,83,-62,-404,-362
292229,27,826,16540,-17,-279,87,-64,-403,-362
292243,14,824,16551,-21,-277,82,-63,-397,-362
292257,14,825,16533,-19,-277,85,-64,-404,-366
292271,12,824,16553,-18,-279,88,-72,-403,-362
292285,12,831,16535,-25,-275,87,-62,-404,-363
292299,18,827,16550,-20,-276,87,-64,-399,-361
292313,18,824,16538,-21,-276,82,-62,-404,-363
292327,34,811,16546,-17,-272,92,-62,-405,-362
292341,24,816,16548,-19,-279,93,-63,-403,-362
292355,44,816,16558,-13,-277,89,-65,-403,-361
292369,32,825,16544,-14,-275,86,-64,-406,-357
292383,17,824,16555,-19,-276,87,-67,-403,-360
292397,18,827,16549,-18,-275,88,-63,-404,-365
292411,14,823,16544,-19,-279,83,-67,-408,-356
292425,21,818,16540,-20,-278,90,-65,-400,-361
292439,23,827,16549,-16,-279,86,-64,-405,-363
292453,20,829,16539,-16,-279,83,-72,-402,-357
292467,21,833,16541,-15,-278,88,-62,-401,-354
292481,18,833,16550,-15,-275,87,-63,-402,-361
292495,17,833,16549,-20,-280,85,-68,-400,-359
292509,17,826,16538,-18,-282,82,-66,-405,-366
292523,27,823,16550,-15,-281,89,-64,-402,-360
292537,18,823,16545,-16,-285,80,-58,-400,-360
292551,17,834,16556,-15,-281,90,-62,-399,-361
292565,16,828,16539,-16,-278,85,-61,-405,-361
292579,21,817,16548,-17,-275,85,-65,-403,-358
292593,22,824,16544,-18,-275,83,-68,-402,-358
292607,21,823,16537,-13,-280,84,-59,-408,-363
292621,25,820,16550,-17,-281,87,-65,-401,-362
292635,22,831,16550,-11,-281,83,-62,-404,-352
292649,26,818,16537,-21,-279,86,-62,-402,-362
292663,4,818,16539,-18,-280,86,-68,-399,-366
292677,-3,830,16552,-20,-278,89,-63,-400,-363
292691,10,825,16560,-20,-278,84,-67,-404,-357
292705,21,829,16534,-21,-273,93,-63,-397,-364
292719,29,834,16558,-23,-280,90,-65,-402,-366
292733,26,817,16557,-19,-278,84,-65,-410,-361
292747,32,809,16548,-22,-274,83,-67,-401,-358
292761,26,816,16556,-19,-277,87,-63,-401,-358
292775,26,826,16556,-18,-276,82,-59,-402,-364
292789,25,827,16559,-14,-279,83,-62,-402,-367
292803,35,828,16542,-16,-280,84,-61,-403,-358
292817,3,823,16567,-12,-277,86,-59,-401,-362
292831,-1,829,16545,-17,-276,85,-67,-400,-363
292845,19,822,16544,-20,-283,89,-65,-403,-363
292859,13,825,16549,-17,-279,83,-64,-399,-360
292873,27,824,16543,-13,-275,82,-65,-404,-365
292887,29,823,16550,-20,-281,91,-59,-402,-363
292901,18,829,16555,-26,-285,81,-66,-404,-360
292915,29,815,16535,-22,-278,88,-62,-402,-356
292929,33,826,16556,-13,-279,85,-66,-404,-361
292943,22,828,16528,-15,-275,88,-68,-403,-365
292957,13,823,16544,-22,-278,88,-59,-408,-362
292971,17,819,16570,-21,-281,84,-61,-401,-363
292985,14,829,16548,-15,-276,86,-67,-402,-361
292999,1,816,16544,-9,-279,89,-65,-400,-360
293013,18,829,16556,-15,-277,84,-61,-408,-356
293027,5,815,16549,-17,-276,88,-60,-399,-362
293041,12,831,16537,-19,-277,88,-66,-408,-361
293055,16,814,16545,-18,-280,89,-62,-405,-354
293069,16,823,16545,-17,-278,86,-63,-404,-361
293083,20,825,16557,-15,-282,89,-67,-402,-360
293097,14,836,16556,-13,-281,85,-62,-403,-355
293111,21,835,16560,-18,-276,84,-71,-404,-360
293125,19,822,16549,-21,-277,85,-61,-402,-357
293139,12,830,16546,-14,-274,85,-69,-405,-360
293153,25,828,16546,-13,-280,86,-67,-402,-358
293167,16,819,16535,-23,-276,89,-69,-407,-361
293181,22,829,16555,-18,-275,88,-62,-403,-356
293195,14,824,16542,-18,-274,89,-58,-405,-363
293209,35,817,16555,-19,-282,89,-62,-404,-360
293223,6,824,16552,-18,-278,83,-62,-401,-362
293237,20,823,16543,-24,-281,84,-60,-405,-361
293251,5,819,16554,-19,-277,91,-73,-404,-364
293265,3,834,16541,-17,-277,83,-64,-402,-362
293279,20,834,16552,-18,-277,84,-65,-403,-362
293293,39,818,16551,-18,-274,85,-61,-402,-358
293307,28,814,16535,-14,-275,85,-63,-406,-358
293321,23,828,16536,-16,-275,88,-64,-406,-358
293335,25,819,16557,-20,-279,81,-66,-409,-365
293349,16,810,16559,-19,-277,78,-65,-405,-362
293363,-1,823,16540,-13,-276,88,-63,-396,-361
293377,14,827,16528,-15,-274,87,-62,-403,-365
293391,10,815,16553,-16,-275,81,-66,-406,-362
293405,31,836,16545,-16,-280,77,-66,-407,-368
293419,5,827,16528,-22,-277,85,-67,-401,-359
293433,17,820,16534,-14,-279,86,-64,-408,-357
293447,20,830,16542,-16,-279,86,-67,-409,-361
293461,26,819,16536,-22,-277,89,-61,-402,-359
293475,36,818,16551,-21,-278,88,-68,-403,-356
293489,37,823,16532,-15,-278,86,-61,-406,-359
293503,23,825,16550,-18,-276,86,-63,-406,-363
293517,24,841,16538,-21,-280,91,-66,-405,-357
293531,17,825,16534,-12,-275,86,-61,-404,-362
293545,13,827,16559,-15,-280,87,-66,-400,-362
293559,11,820,16542,-18,-281,81,-61,-402,-365
293573,32,826,16539,-19,-279,86,-66,-406,-361
293587,23,833,16557,-20,-281,86,-65,-399,-365
293601,22,822,16541,-18,-282,77,-64,-403,-363
293615,19,831,16544,-14,-281,79,-66,-397,-363
293629,25,823,16558,-16,-278,84,-65,-402,-359
293643,13,829,16547,-14,-276,85,-65,-401,-362
293657,14,823,16546,-18,-281,86,-59,-401,-358
293671,-2,816,16534,-19,-281,82,-69,-406,-359
293685,4,825,16541,-18,-282,88,-65,-399,-358
293699,21,818,16537,-19,-281,81,-65,-402,-361
293713,24,831,16547,-16,-279,84,-64,-404,-366
293727,41,824,16553,-16,-277,89,-66,-401,-363
293741,29,821,16539,-20,-278,84,-63,-402,-360
293755,21,822,16536,-21,-281,82,-64,-401,-362
293769,15,823,16538,-19,-281,82,-64,-400,-360
293783,12,832,16560,-14,-277,83,-66,-407,-357
293797,27,819,16547,-16,-280,83,-67,-404,-364
293811,18,833,16534,-25,-278,87,-68,-404,-362
293825,10,822,16530,-18,-281,85,-69,-401,-360
293839,40,823,16535,-18,-277,84,-67,-408,-361
293853,31,824,16547,-17,-275,83,-62,-400,-364
293867,15,807,16542,-16,-278,89,-61,-402,-362
293881,28,815,16544,-15,-280,89,-65,-403,-362
293895,23,820,16541,-22,-275,92,-65,-407,-363
293909,16,825,16554,-18,-276,85,-64,-408,-360
293923,1,832,16554,-18,-280,83,-66,-408,-362
293937,17,815,16547,-13,-278,88,-65,-398,-359
293951,14,832,16545,-21,-278,85,-68,-407,-363
293965,10,829,16553,-20,-278,85,-63,-400,-358
293979,29,830,16545,-20,-278,81,-62,-404,-363
293993,23,816,16543,-18,-277,82,-63,-407,-360
294007,26,827,16532,-18,-274,81,-63,-403,-361
294021,18,810,16537,-16,-279,87,-65,-405,-356
294035,16,814,16553,-14,-281,86,-67,-402,-363
294049,3,833,16549,-17,-277,86,-64,-403,-358
294063,18,830,16534,-20,-276,84,-62,-403,-360
294077,14,820,16549,-20,-271,86,-61,-401,-360
294091,2,816,16547,-14,-277,87,-67,-403,-363
294105,32,822,16546,-15,-276,85,-62,-407,-359
294119,12,817,16547,-19,-280,88,-67,-404,-363
294133,31,824,16551,-17,-277,86,-74,-405,-362
294147,39,824,16552,-21,-282,85,-68,-402,-362
294161,32,822,16537,-14,-281,82,-60,-397,-359
294175,26,813,16537,-14,-281,87,-68,-406,-368
294189,27,833,16541,-15,-282,86,-66,-399,-359
294203,36,821,16564,-13,-278,87,-62,-405,-360
294217,11,814,16543,-17,-278,87,-60,-398,-361
294231,10,828,16534,-15,-279,85,-64,-406,-363
294245,27,834,16543,-14,-280,89,-64,-406,-364
294259,31,824,16544,-22,-275,89,-63,-399,-360
294273,25,816,16540,-18,-280,85,-67,-405,-365
294287,17,823,16549,-18,-276,84,-63,-405,-364
294301,10,824,16544,-19,-280,88,-61,-405,-361
294315,18,839,16550,-21,-280,83,-67,-402,-361
294329,19,825,16526,-19,-275,88,-63,-402,-363
294343,21,826,16545,-17,-281,89,-63,-400,-362
294357,18,828,16530,-14,-280,83,-69,-402,-362
294371,19,827,16538,-17,-280,87,-62,-402,-362
294385,13,824,16544,-21,-278,86,-61,-399,-364
294399,25,827,16553,-20,-278,89,-68,-403,-363
294413,43,819,16548,-20,-278,86,-61,-402,-359
294427,21,819,16539,-21,-277,87,-67,-404,-366
294441,26,825,16533,-21,-280,84,-65,-402,-359
294455,21,833,16543,-15,-280,85,-62,-402,-364
294469,25,838,16550,-23,-279,84,-65,-408,-360
294483,29,834,16541,-21,-277,85,-69,-403,-368
294497,24,829,16535,-15,-279,83,-64,-408,-362
294511,14,818,16549,-20,-280,86,-68,-407,-360
294525,11,828,16545,-20,-275,86,-67,-408,-359
294539,21,832,16558,-17,-276,82,-63,-404,-360
294553,27,825,16556,-17,-282,85,-61,-403,-359
294567,23,816,16534,-13,-282,83,-66,-408,-366
294581,4,826,16551,-15,-281,86,-64,-403,-362
294595,20,822,16549,-18,-273,85,-59,-404,-364
294609,33,817,16546,-16,-278,82,-63,-403,-361
294623,21,833,16551,-20,-276,83,-65,-406,-361
294637,12,819,16540,-21,-280,87,-56,-403,-367
294651,35,831,16560,-18,-280,81,-65,-409,-362
294665,10,813,16545,-19,-280,83,-71,-401,-361
294679,11,824,16550,-19,-273,85,-60,-402,-362
294693,28,817,16564,-19,-278,89,-64,-404,-362
294707,16,834,16525,-18,-274,87,-71,-405,-355
294721,23,820,16548,-15,-276,85,-64,-405,-360
294735,17,820,16546,-22,-279,89,-63,-403,-360
294749,26,822,16561,-19,-276,86,-70,-402,-362
294763,7,817,16540,-20,-272,89,-64,-404,-362
294777,12,835,16545,-16,-278,79,-66,-399,-362
294791,35,822,16545,-15,-279,87,-64,-406,-352
294805,16,829,16539,-14,-277,85,-64,-404,-363
294819,19,822,16533,-17,-278,83,-61,-401,-363
294833,15,817,16539,-20,-277,87,-64,-398,-363
294847,29,823,16532,-20,-280,87,-64,-396,-364
294861,30,819,16542,-23,-273,84,-65,-405,-363
294875,33,830,16535,-18,-274,85,-68,-406,-365
294889,8,819,16543,-18,-282,87,-62,-404,-364
294903,26,816,16544,-21,-279,89,-62,-401,-362
294917,21,821,16526,-21,-275,88,-67,-400,-363
294931,15,829,16556,-18,-280,90,-61,-404,-363
294945,25,805,16550,-17,-277,84,-64,-406,-361
294959,25,821,16541,-12,-275,84,-67,-404,-364
294973,26,832,16541,-18,-278,89,-63,-407,-363
294987,18,820,16547,-17,-278,83,-65,-404,-363
295001,14,819,16555,-22,-282,87,-69,-402,-359
295015,14,826,16530,-18,-280,81,-65,-400,-363
295029,19,817,16543,-13,-277,83,-67,-402,-364
295043,31,823,16537,-21,-280,85,-62,-402,-362
295057,8,822,16540,-18,-275,81,-60,-407,-358
295071,19,831,16541,-20,-275,86,-65,-400,-364
295085,21,821,16540,-17,-284,85,-70,-402,-358
295099,15,826,16542,-19,-282,83,-63,-402,-360
295113,16,823,16542,-17,-277,86,-67,-403,-361
295127,25,827,16543,-17,-278,84,-61,-399,-360
295141,12,814,16537,-16,-276,83,-67,-404,-365
295155,25,812,16552,-22,-277,86,-65,-401,-359
295169,16,822,16552,-21,-278,85,-68,-404,-361
295183,19,817,16533,-16,-282,86,-66,-404,-362
295197,20,831,16557,-19,-275,84,-67,-402,-363
295211,18,836,16544,-13,-282,85,-68,-405,-360
295225,7,823,16550,-18,-279,85,-64,-403,-360
295239,23,825,16548,-18,-275,87,-63,-404,-362
295253,27,827,16543,-20,-280,85,-65,-402,-364
295267,25,814,16550,-19,-280,85,-66,-404,-363
295281,26,817,16562,-15,-278,87,-64,-406,-363
295295,33,821,16548,-11,-278,82,-66,-404,-356
295309,20,817,16543,-16,-276,86,-66,-404,-358
295323,35,823,16556,-18,-279,88,-67,-406,-363
295337,4,821,16540,-21,-278,87,-65,-402,-360
295351,24,822,16539,-21,-278,89,-61,-405,-359
295365,15,822,16552,-23,-274,88,-64,-402,-362
295379,16,823,16540,-18,-278,85,-65,-401,-362
295393,20,818,16560,-13,-277,89,-72,-402,-363
295407,13,816,16541,-18,-281,89,-62,-403,-364
295421,21,816,16544,-19,-282,87,-65,-401,-362
295435,23,811,16561,-15,-283,84,-65,-402,-362
295449,25,823,16543,-22,-283,90,-65,-408,-364
295463,33,818,16548,-16,-277,85,-62,-402,-364
295477,22,826,16542,-16,-281,83,-67,-402,-361
295491,19,826,16550,-15,-280,85,-68,-413,-361
295505,13,830,16544,-13,-278,78,-67,-405,-363
295519,31,829,16552,-21,-280,90,-59,-408,-360
295533,11,815,16536,-17,-277,87,-62,-401,-365
295547,25,818,16551,-17,-275,82,-68,-403,-364
295561,14,826,16550,-20,-277,89,-69,-400,-364
295575,19,821,16553,-20,-279,83,-67,-403,-364
295589,25,832,16541,-22,-274,89,-62,-407,-363
295603,13,833,16538,-20,-275,87,-61,-402,-359
295617,11,822,16542,-19,-280,82,-60,-402,-362
295631,28,824,16552,-17,-278,90,-63,-400,-363
295645,22,821,16530,-25,-278,87,-64,-403,-358
295659,30,834,16547,-20,-279,87,-65,-403,-361
295673,33,835,16536,-17,-283,81,-61,-409,-362
295687,18,820,16527,-18,-274,82,-64,-406,-363
295701,11,825,16534,-15,-279,80,-60,-401,-356
295715,4,829,16549,-12,-280,85,-64,-405,-357
295729,29,823,16540,-16,-277,84,-62,-404,-361
295743,14,831,16553,-14,-277,84,-66,-404,-361
295757,10,826,16547,-17,-276,86,-67,-405,-362
295771,8,815,16540,-15,-280,84,-68,-405,-364
295785,21,822,16556,-13,-281,89,-67,-405,-361
295799,20,827,16543,-15,-281,85,-63,-403,-363
295813,8,814,16536,-18,-277,82,-64,-404,-362
295827,30,819,16533,-15,-281,80,-68,-403,-360
295841,31,815,16550,-17,-283,89,-59,-405,-367
295855,-5,822,16554,-21,-276,83,-65,-402,-364
295869,13,818,16535,-24,-279,83,-65,-408,-362
295883,4,830,16556,-15,-278,91,-62,-400,-363
295897,27,818,16534,-19,-276,87,-63,-400,-360
295911,11,827,16534,-22,-278,85,-65,-403,-363
295925,17,819,16546,-22,-277,83,-65,-409,-356
295939,19,816,16550,-16,-279,90,-60,-400,-361
295953,19,817,16539,-19,-281,89,-65,-403,-361
295967,9,813,16560,-21,-275,88,-66,-404,-360
295981,27,823,16549,-18,-279,88,-65,-405,-357
295995,10,826,16552,-17,-284,88,-69,-404,-360
296009,19,826,16553,-25,-278,85,-64,-404,-358
296023,7,824,16541,-17,-274,84,-63,-402,-363
296037,32,837,16529,-19,-278,87,-64,-398,-361
296051,12,820,16542,-15,-273,81,-68,-400,-364
296065,11,818,16529,-16,-274,86,-66,-400,-361
296079,21,822,16538,-19,-281,86,-67,-402,-362
296093,11,826,16543,-19,-275,86,-64,-402,-363
296107,28,826,16552,-13,-281,88,-68,-402,-367
296121,23,831,16537,-20,-281,85,-61,-400,-357
296135,16,832,16557,-18,-277,84,-65,-401,-359
296149,24,834,16542,-17,-279,84,-61,-403,-362
296163,37,821,16539,-11,-282,85,-64,-404,-362
296177,17,830,16556,-16,-280,80,-64,-402,-361
296191,17,819,16548,-11,-278,81,-64,-401,-362
296205,12,832,16552,-18,-277,82,-71,-405,-365
296219,9,823,16536,-16,-281,85,-62,-402,-355
296233,9,817,16534,-18,-282,82,-63,-407,-360
296247,25,824,16543,-16,-280,83,-62,-402,-361
296261,17,822,16531,-19,-281,86,-61,-404,-359
296275,20,818,16528,-15,-277,87,-64,-400,-363
296289,21,826,16551,-14,-279,83,-64,-404,-361
296303,21,831,16549,-17,-280,83,-61,-405,-362
296317,31,830,16535,-10,-280,86,-63,-408,-362
296331,-3,831,16551,-8,-282,84,-65,-403,-361
296345,33,821,16542,-16,-279,87,-66,-401,-359
296359,20,840,16550,-19,-277,85,-67,-404,-362
296373,24,828,16544,-18,-277,82,-58,-407,-356
296387,28,830,16531,-20,-277,77,-65,-403,-365
296401,22,816,16563,-21,-283,85,-63,-403,-366
296415,18,819,16541,-16,-280,83,-62,-406,-358
296429,26,825,16539,-20,-281,86,-65,-402,-361
296443,9,838,16563,-19,-278,83,-63,-405,-354
296457,15,823,16522,-20,-274,86,-69,-407,-362
296471,6,837,16553,-18,-278,92,-61,-403,-360
296485,31,825,16545,-12,-276,83,-61,-406,-367
296499,24,816,16533,-15,-283,83,-67,-399,-357
296513,20,825,16547,-20,-281,88,-64,-404,-364
296527,27,827,16531,-17,-278,83,-60,-399,-359
296541,21,827,16530,-21,-276,86,-63,-401,-365
296555,21,826,16555,-19,-279,84,-64,-404,-366
296569,18,830,16549,-13,-276,83,-68,-405,-361
296583,10,816,16552,-17,-281,83,-64,-402,-360
296597,19,826,16553,-19,-279,85,-66,-404,-359
296611,23,832,16535,-14,-276,82,-64,-403,-363
296625,15,826,16558,-24,-277,86,-66,-400,-358
296639,20,820,16526,-17,-277,84,-60,-403,-358
296653,32,810,16547,-15,-281,79,-61,-410,-361
296667,17,827,16533,-16,-275,81,-66,-400,-361
296681,30,821,16555,-11,-277,85,-68,-400,-360
296695,20,810,16555,-17,-276,91,-61,-404,-362
296709,15,836,16538,-16,-278,84,-67,-404,-361
296723,21,820,16554,-18,-277,82,-67,-406,-361
296737,17,821,16541,-20,-281,83,-65,-406,-363
296751,20,838,16546,-19,-282,87,-65,-398,-363
296765,27,827,16536,-20,-276,92,-62,-402,-364
296779,17,820,16528,-21,-271,89,-68,-405,-365
296793,29,814,16532,-20,-277,87,-64,-404,-367
296807,22,815,16549,-16,-275,84,-61,-399,-362
296821,24,824,16543,-16,-277,83,-66,-404,-354
296835,34,833,16556,-15,-279,85,-67,-403,-367
296849,28,827,16531,-21,-277,92,-70,-403,-362
296863,12,829,16548,-13,-275,87,-65,-403,-363
296877,14,839,16546,-16,-274,85,-66,-403,-361
296891,4,820,16548,-21,-280,81,-67,-403,-359
296905,18,823,16553,-19,-277,82,-63,-398,-363
296919,22,816,16534,-17,-275,85,-64,-404,-367
296933,16,816,16540,-21,-281,88,-67,-403,-358
296947,21,823,16551,-19,-277,86,-70,-401,-355
296961,11,818,16542,-18,-274,83,-60,-408,-361
296975,23,815,16529,-11,-275,84,-66,-403,-364
296989,17,818,16551,-12,-278,83,-65,-403,-361
297003,18,823,16545,-15,-274,80,-64,-406,-363
297017,13,822,16545,-15,-278,87,-64,-405,-368
297031,15,827,16531,-16,-284,88,-68,-405,-355
297045,14,823,16527,-23,-279,82,-62,-406,-360
297059,27,822,16550,-22,-281,85,-75,-403,-357
297073,27,826,16526,-18,-274,90,-65,-399,-364
297087,30,817,16545,-13,-279,89,-63,-400,-363
297101,30,831,16535,-17,-280,87,-63,-405,-360
297115,28,828,16541,-18,-275,90,-64,-399,-362
297129,24,821,16559,-19,-278,83,-64,-406,-362
297143,10,833,16538,-16,-276,88,-63,-404,-366
297157,8,835,16556,-17,-280,84,-64,-402,-360
297171,6,829,16541,-15,-279,89,-62,-405,-362
297185,31,837,16545,-19,-275,82,-69,-405,-364
297199,29,821,16543,-22,-278,85,-66,-402,-360
297213,19,819,16532,-17,-279,93,-61,-404,-360
297227,26,830,16553,-19,-278,89,-69,-402,-360
297241,33,827,16535,-13,-276,89,-64,-401,-366
297255,20,836,16555,-18,-278,90,-66,-404,-360
297269,14,837,16533,-18,-274,88,-62,-404,-359
297283,14,836,16539,-19,-277,87,-68,-407,-362
297297,11,822,16542,-15,-284,83,-64,-406,-361
297311,25,818,16543,-24,-281,90,-64,-408,-357
297325,20,811,16545,-23,-275,86,-61,-407,-364
297339,15,813,16544,-26,-277,88,-65,-403,-365
297353,12,822,16546,-14,-278,84,-65,-403,-365
297367,7,825,16553,-16,-281,82,-65,-412,-366
297381,20,816,16553,-17,-277,89,-65,-402,-364
297395,30,817,16544,-19,-279,80,-65,-399,-366
297409,-4,822,16531,-17,-279,89,-67,-404,-360
297423,13,824,16537,-18,-278,91,-65,-403,-368
297437,23,810,16536,-15,-276,81,-63,-408,-363
297451,27,817,16535,-18,-280,83,-63,-402,-365
297465,27,825,16550,-19,-280,82,-67,-410,-366
297479,8,829,16539,-21,-277,85,-67,-396,-366
297493,22,815,16543,-20,-283,84,-68,-403,-361
297507,11,830,16541,-17,-279,85,-62,-408,-361
297521,24,820,16524,-19,-280,88,-69,-399,-361
297535,11,827,16553,-16,-279,90,-63,-408,-363
297549,12,818,16528,-12,-277,85,-61,-405,-359
297563,34,823,16544,-20,-277,90,-61,-400,-359
297577,18,829,16556,-21,-275,82,-65,-407,-362
297591,26,822,16538,-19,-279,85,-62,-410,-364
297605,22,828,16554,-20,-280,86,-65,-401,-360
297619,13,807,16541,-14,-280,87,-63,-402,-362
297633,22,823,16533,-14,-283,91,-65,-406,-362
297647,11,827,16543,-15,-277,89,-65,-404,-364
297661,26,829,16546,-14,-276,85,-65,-402,-365
297675,28,844,16546,-20,-275,84,-67,-399,-361
297689,12,827,16546,-17,-283,85,-62,-402,-359
297703,10,829,16535,-21,-275,87,-67,-402,-361
297717,20,828,16548,-23,-277,86,-67,-402,-362
297731,16,831,16531,-17,-274,81,-63,-402,-364
297745,26,832,16539,-16,-273,85,-68,-411,-360
297759,8,826,16549,-15,-276,83,-62,-408,-365
297773,13,817,16550,-15,-278,87,-66,-406,-362
297787,20,820,16548,-15,-283,85,-64,-409,-362
297801,27,818,16558,-19,-280,85,-64,-405,-362
297815,10,826,16529,-12,-275,78,-62,-401,-359
297829,40,822,16554,-18,-277,84,-66,-401,-364
297843,24,832,16541,-13,-275,84,-65,-405,-363
297857,15,818,16555,-18,-277,84,-65,-399,-360
297871,12,816,16542,-13,-278,84,-66,-403,-360
297885,22,822,16544,-16,-280,83,-63,-407,-363
297899,11,830,16546,-13,-280,82,-64,-402,-365
297913,25,818,16545,-18,-276,83,-65,-400,-364
297927,34,815,16559,-19,-278,87,-68,-401,-359
297941,18,818,16542,-12,-279,87,-65,-402,-355
297955,9,828,16539,-14,-280,87,-69,-403,-360
297969,22,829,16547,-23,-281,83,-66,-404,-365
297983,16,824,16546,-23,-277,86,-67,-404,-368
297997,17,822,16538,-18,-281,89,-63,-407,-363
298011,25,823,16556,-20,-280,91,-64,-403,-360
298025,34,824,16537,-15,-274,86,-62,-398,-363
298039,24,829,16542,-13,-275,84,-62,-405,-360
298053,11,825,16541,-16,-277,85,-65,-404,-363
298067,20,827,16550,-16,-280,85,-64,-400,-363
298081,17,823,16544,-17,-280,94,-60,-405,-360
298095,23,834,16541,-22,-275,90,-69,-407,-367
298109,17,815,16551,-19,-281,87,-67,-400,-365
298123,10,828,16559,-23,-280,82,-65,-407,-360
298137,23,828,16533,-15,-280,81,-58,-410,-363
298151,18,832,16548,-18,-278,88,-68,-397,-360
298165,37,816,16545,-19,-279,84,-65,-404,-362
298179,15,823,16524,-18,-275,87,-66,-403,-361
298193,14,830,16541,-20,-277,90,-69,-405,-356
298207,19,822,16544,-19,-278,90,-66,-402,-365
298221,27,833,16528,-17,-280,79,-69,-405,-360
298235,27,823,16546,-17,-279,84,-63,-403,-362
298249,25,833,16542,-20,-278,87,-68,-399,-362
298263,9,821,16544,-18,-278,88,-63,-405,-362
298277,24,822,16548,-15,-275,88,-66,-402,-358
298291,30,818,16546,-17,-275,82,-61,-407,-363
298305,23,830,16554,-20,-277,83,-63,-399,-366
298319,24,825,16554,-16,-280,82,-62,-405,-361
298333,16,825,16532,-13,-275,82,-61,-406,-362
298347,21,828,16546,-22,-280,85,-62,-401,-366
298361,20,816,16562,-17,-281,86,-69,-403,-365
298375,29,821,16549,-19,-278,86,-65,-401,-360
298389,8,833,16541,-17,-279,86,-64,-401,-360
298403,30,823,16546,-24,-281,83,-66,-401,-364
298417,14,829,16530,-19,-282,87,-66,-402,-361
298431,26,838,16548,-10,-279,87,-67,-406,-362
298445,25,824,16542,-16,-275,84,-69,-406,-361
298459,13,823,16547,-14,-274,82,-65,-400,-359
298473,17,818,16539,-16,-276,81,-67,-408,-361
298487,4,821,16550,-15,-275,88,-65,-406,-360
298501,22,834,16540,-14,-285,85,-67,-404,-363
298515,30,832,16540,-16,-279,86,-67,-404,-361
298529,21,829,16541,-18,-275,85,-62,-403,-362
298543,15,823,16542,-15,-278,84,-67,-405,-369
298557,20,823,16543,-18,-284,90,-68,-407,-361
298571,20,823,16540,-20,-277,83,-60,-403,-364
298585,19,815,16539,-16,-278,90,-65,-400,-362
298599,5,829,16548,-12,-281,84,-62,-403,-361
298613,19,825,16546,-14,-275,86,-67,-400,-361
298627,34,815,16559,-19,-279,82,-69,-404,-356
298641,20,828,16550,-15,-278,82,-64,-407,-366
298655,17,830,16553,-16,-278,79,-63,-402,-362
298669,27,819,16524,-16,-284,84,-65,-405,-362
298683,23,803,16552,-18,-279,83,-66,-404,-362
298697,3,826,16547,-18,-280,89,-65,-409,-363
298711,5,816,16545,-14,-285,85,-60,-401,-359
298725,18,833,16534,-18,-282,83,-67,-406,-364
298739,22,824,16533,-16,-279,83,-65,-403,-364
298753,22,828,16530,-18,-278,87,-63,-399,-365
298767,23,808,16538,-17,-280,88,-66,-402,-359
298781,25,816,16529,-14,-277,89,-64,-400,-362
298795,30,832,16540,-13,-280,86,-68,-397,-358
298809,19,828,16552,-24,-276,82,-66,-406,-362
298823,27,825,16545,-18,-278,89,-69,-404,-365
298837,30,821,16537,-20,-277,83,-66,-397,-367
298851,15,822,16549,-19,-280,86,-68,-398,-362
298865,21,801,16541,-18,-279,83,-62,-402,-358
298879,23,829,16542,-18,-275,82,-65,-403,-361
298893,14,821,16531,-16,-280,87,-62,-402,-362
298907,23,832,16544,-17,-276,84,-62,-404,-359
298921,20,836,16542,-20,-276,88,-64,-398,-365
298935,22,832,16540,-14,-278,87,-66,-404,-359
298949,9,813,16532,-20,-280,85,-62,-408,-360
298963,25,823,16536,-21,-273,86,-66,-399,-360
298977,3,826,16524,-19,-280,85,-65,-400,-367
298991,23,812,16542,-20,-278,92,-63,-401,-359
299005,20,818,16537,-18,-280,87,-65,-403,-361
299019,19,817,16547,-19,-278,90,-65,-400,-363
299033,26,826,16539,-22,-273,82,-71,-405,-363
299047,11,830,16541,-15,-274,86,-67,-401,-361
299061,18,827,16541,-18,-278,88,-64,-403,-360
299075,21,820,16551,-17,-274,88,-60,-405,-366
299089,19,825,16545,-18,-274,89,-61,-401,-362
299103,13,819,16539,-19,-277,84,-61,-403,-365
299117,20,817,16531,-17,-275,81,-64,-401,-366
299131,24,825,16532,-13,-273,84,-62,-402,-361
299145,23,828,16542,-20,-281,86,-61,-405,-363
299159,21,838,16520,-16,-282,87,-64,-399,-365
299173,22,826,16544,-17,-279,85,-64,-405,-362
299187,29,815,16536,-20,-277,87,-56,-408,-360
299201,20,816,16552,-15,-276,89,-64,-405,-365
299215,20,831,16532,-24,-280,89,-69,-403,-361
299229,23,825,16548,-19,-281,84,-63,-404,-364
299243,6,824,16545,-14,-278,85,-66,-406,-366
299257,21,829,16548,-18,-279,87,-69,-404,-362
299271,44,820,16549,-19,-279,86,-63,-402,-359
299285,16,818,16564,-20,-279,85,-65,-407,-363
299299,20,830,16548,-23,-280,82,-62,-401,-361
299313,20,832,16553,-20,-278,89,-65,-406,-363
299327,24,817,16549,-20,-278,92,-62,-404,-358
299341,18,825,16545,-18,-276,86,-65,-399,-360
299355,27,827,16566,-17,-275,85,-69,-400,-364
299369,32,830,16531,-14,-279,86,-59,-405,-359
299383,9,824,16547,-19,-280,87,-65,-403,-359
299397,23,824,16539,-21,-278,85,-63,-403,-369
299411,14,818,16534,-16,-280,87,-66,-405,-367
299425,26,825,16527,-19,-282,87,-69,-403,-366
299439,10,819,16546,-17,-272,85,-63,-405,-365
299453,15,826,16526,-15,-276,88,-64,-403,-365
299467,25,828,16528,-22,-280,86,-64,-402,-362
299481,18,823,16546,-23,-276,84,-66,-409,-359
299495,13,833,16548,-18,-279,87,-63,-400,-358
299509,24,821,16542,-21,-273,86,-65,-404,-360
299523,40,824,16528,-15,-281,93,-69,-409,-366
299537,24,826,16544,-14,-278,89,-64,-400,-361
299551,17,831,16548,-20,-276,79,-60,-404,-361
299565,29,809,16543,-20,-279,87,-62,-400,-361
299579,34,821,16535,-10,-283,85,-67,-405,-362
299593,27,824,16534,-21,-279,85,-64,-404,-362
299607,21,822,16534,-20,-281,87,-63,-404,-360
299621,18,827,16542,-20,-277,87,-64,-401,-366
299635,15,825,16551,-18,-279,89,-65,-406,-360
299649,20,821,16542,-18,-279,87,-68,-403,-358
299663,16,821,16530,-22,-279,89,-67,-398,-358
299677,31,823,16537,-17,-281,89,-60,-405,-360
299691,14,826,16524,-21,-280,83,-62,-405,-361
299705,22,820,16530,-19,-279,83,-63,-405,-358
299719,18,825,16538,-19,-284,81,-67,-399,-365
299733,18,819,16542,-15,-282,85,-64,-404,-356
299747,15,821,16544,-17,-280,83,-66,-401,-362
299761,8,821,16549,-22,-273,81,-71,-403,-360
299775,19,833,16562,-18,-274,88,-64,-408,-359
299789,13,810,16543,-15,-275,85,-64,-406,-361
299803,24,821,16547,-23,-282,84,-65,-404,-360
299817,25,805,16543,-23,-278,83,-64,-403,-359
299831,14,821,16526,-20,-278,88,-68,-405,-364
299845,5,823,16530,-16,-276,88,-61,-399,-363
299859,12,821,16534,-13,-276,83,-64,-400,-356
299873,14,822,16540,-21,-273,87,-61,-404,-360
299887,12,825,16537,-16,-280,87,-64,-404,-356
299901,34,829,16534,-23,-279,87,-69,-401,-361
299915,15,815,16543,-18,-279,85,-70,-401,-357
299929,23,817,16542,-22,-277,85,-63,-404,-365
299943,22,824,16542,-20,-275,83,-65,-405,-359
299957,25,804,16545,-19,-279,84,-62,-405,-364
299971,18,813,16537,-19,-281,84,-63,-405,-361
299985,8,834,16531,-18,-277,88,-63,-401,-359
299999,3,824,16538,-19,-281,86,-67,-403,-357
300013,15,826,16551,-26,-279,88,-65,-405,-356
300027,29,826,16541,-17,-280,88,-62,-401,-363
300041,5,825,16543,-22,-280,90,-62,-400,-360
300055,22,822,16535,-16,-276,90,-61,-404,-364
300069,18,828,16540,-21,-276,88,-65,-405,-359
300083,23,825,16533,-12,-280,87,-64,-411,-362
300097,23,817,16544,-16,-276,87,-60,-404,-362
300111,18,821,16547,-16,-279,87,-65,-401,-359
300125,19,820,16547,-15,-281,80,-70,-404,-366
300139,22,819,16532,-21,-275,86,-66,-402,-358
300153,7,819,16538,-14,-280,80,-65,-409,-361
300167,19,818,16539,-20,-278,78,-60,-405,-359
300181,-3,828,16543,-20,-274,87,-59,-404,-359
300195,5,818,16553,-21,-277,87,-65,-403,-364
300209,26,817,16540,-16,-273,85,-67,-408,-362
300223,18,816,16543,-18,-275,82,-65,-404,-365
300237,22,830,16545,-16,-279,87,-65,-404,-365
300251,25,822,16544,-24,-278,88,-63,-401,-357
300265,14,824,16546,-18,-276,87,-63,-405,-364
300279,30,822,16537,-15,-275,88,-68,-404,-362
300293,16,820,16533,-20,-274,86,-65,-401,-362
300307,27,823,16537,-17,-273,86,-64,-403,-358
300321,10,823,16532,-18,-279,84,-64,-398,-364
300335,12,812,16522,-17,-276,84,-61,-402,-363
300349,30,818,16538,-22,-279,87,-60,-406,-363
300363,8,817,16532,-19,-274,84,-64,-406,-360
300377,17,840,16548,-22,-273,87,-62,-407,-354
300391,17,830,16547,-12,-276,85,-69,-403,-361
300405,30,824,16534,-11,-281,84,-58,-400,-357
300419,18,820,16548,-18,-278,85,-67,-402,-356
300433,8,825,16533,-14,-279,85,-63,-402,-360
300447,7,830,16559,-20,-280,87,-64,-401,-363
300461,24,818,16529,-19,-274,83,-58,-404,-363
300475,20,813,16532,-21,-282,88,-67,-398,-363
300489,29,818,16544,-18,-280,83,-59,-401,-358
300503,26,826,16521,-20,-278,89,-65,-403,-362
300517,22,818,16526,-17,-282,85,-65,-403,-367
300531,13,829,16528,-21,-278,86,-67,-404,-367
300545,19,821,16553,-14,-280,84,-63,-401,-368
300559,10,818,16548,-17,-281,88,-63,-402,-365
300573,17,828,16529,-17,-279,84,-67,-397,-367
300587,22,813,16536,-21,-276,87,-63,-398,-363
300601,17,821,16552,-19,-278,88,-68,-408,-365
300615,34,818,16530,-16,-277,87,-61,-408,-365
300629,23,813,16543,-18,-279,85,-70,-399,-363
300643,30,818,16565,-17,-276,91,-69,-403,-362
300657,3,825,16539,-17,-277,85,-64,-401,-362
300671,22,831,16543,-17,-278,84,-62,-402,-360
300685,6,820,16544,-19,-274,89,-61,-396,-361
300699,8,827,16533,-21,-276,88,-63,-404,-360
300713,7,815,16534,-19,-281,84,-65,-406,-359
300727,23,832,16535,-17,-276,89,-65,-403,-366
300741,12,829,16552,-21,-278,85,-68,-403,-360
300755,22,836,16535,-19,-280,87,-63,-409,-361
300769,27,822,16542,-16,-278,83,-66,-402,-366
300783,25,821,16558,-20,-277,88,-62,-408,-361
300797,23,825,16546,-17,-278,84,-64,-400,-363
300811,22,818,16534,-16,-273,87,-61,-405,-360
300825,18,826,16542,-15,-281,78,-62,-402,-358
300839,23,817,16537,-23,-279,84,-63,-403,-362
300853,3,822,16538,-12,-273,85,-63,-401,-361
300867,21,832,16543,-22,-279,88,-65,-403,-365
300881,17,812,16539,-12,-283,86,-67,-404,-358
300895,13,818,16556,-18,-280,87,-68,-402,-363
300909,16,831,16539,-14,-280,85,-65,-401,-364
300923,4,833,16542,-19,-272,87,-64,-404,-361
300937,25,824,16553,-16,-277,84,-70,-403,-359
300951,27,819,16537,-19,-281,85,-63,-403,-355
300965,26,834,16538,-18,-281,85,-60,-403,-368
300979,8,811,16551,-16,-279,87,-63,-406,-360
300993,9,826,16532,-15,-281,82,-61,-399,-364
301007,21,821,16535,-17,-277,85,-68,-403,-359
301021,14,813,16538,-16,-279,85,-69,-403,-366
301035,20,829,16547,-19,-280,84,-62,-406,-359
301049,16,825,16543,-16,-278,86,-66,-409,-361
301063,40,824,16536,-18,-275,87,-64,-402,-367
301077,18,821,16536,-12,-279,86,-64,-402,-362
301091,8,817,16549,-14,-280,84,-61,-401,-361
301105,12,831,16542,-13,-282,83,-70,-405,-359
301119,8,831,16545,-21,-277,87,-68,-403,-363
301133,19,834,16558,-19,-281,83,-68,-401,-359
301147,12,810,16543,-19,-278,83,-68,-403,-361
301161,19,821,16541,-21,-276,87,-68,-399,-360
301175,13,810,16543,-13,-281,84,-62,-404,-366
301189,24,822,16527,-11,-275,79,-71,-405,-364
301203,12,822,16542,-17,-282,84,-65,-401,-366
301217,24,815,16554,-20,-281,87,-67,-401,-362
301231,18,821,16548,-15,-283,85,-63,-397,-361
301245,8,819,16538,-17,-278,82,-64,-401,-361
301259,15,820,16541,-19,-280,87,-66,-404,-363
301273,26,819,16547,-14,-282,86,-68,-401,-363
301287,12,812,16554,-12,-282,82,-65,-406,-360
301301,23,813,16558,-17,-280,84,-66,-402,-361
301315,46,832,16540,-19,-281,86,-64,-402,-361
301329,29,829,16532,-14,-283,83,-63,-405,-361
301343,10,832,16532,-18,-283,83,-62,-399,-360
301357,20,828,16549,-15,-274,82,-65,-407,-363
301371,21,817,16534,-19,-278,85,-67,-402,-368
301385,16,830,16550,-22,-279,88,-63,-408,-362
301399,3,827,16540,-17,-281,83,-61,-399,-362
301413,21,820,16532,-15,-276,87,-61,-405,-364
301427,11,822,16539,-15,-280,88,-66,-407,-363
301441,20,825,16536,-16,-273,82,-65,-397,-363
301455,20,830,16537,-20,-273,85,-66,-406,-366
301469,12,826,16534,-17,-277,88,-63,-398,-364
301483,28,820,16538,-14,-277,86,-62,-402,-361
301497,23,825,16538,-15,-280,89,-64,-403,-363
301511,23,820,16541,-18,-273,88,-65,-405,-363
301525,29,826,16537,-18,-278,85,-67,-400,-365
301539,20,829,16529,-26,-279,85,-66,-402,-362
301553,15,826,16540,-25,-280,86,-68,-404,-356
301567,10,815,16540,-22,-283,91,-65,-402,-362
301581,25,819,16543,-19,-281,89,-67,-399,-360
301595,32,817,16550,-16,-280,82,-65,-403,-364
301609,16,821,16546,-19,-278,87,-61,-403,-360
301623,28,819,16555,-13,-278,84,-63,-399,-364
301637,28,821,16543,-15,-280,89,-69,-402,-361
301651,14,831,16553,-14,-278,88,-61,-403,-362
301665,37,828,16545,-13,-282,87,-63,-405,-360
301679,11,827,16548,-20,-277,84,-63,-410,-361
301693,3,826,16541,-15,-284,80,-62,-403,-360
301707,22,815,16538,-16,-279,81,-63,-401,-361
301721,25,816,16533,-20,-277,85,-62,-404,-362
301735,13,818,16546,-19,-277,86,-63,-404,-363
301749,24,820,16568,-20,-279,86,-61,-406,-362
301763,-1,827,16531,-22,-282,86,-61,-401,-358
301777,12,817,16551,-19,-283,84,-65,-404,-358
301791,12,837,16531,-24,-281,82,-66,-407,-360
301805,18,836,16535,-20,-278,86,-62,-400,-360
301819,9,835,16543,-19,-279,79,-63,-411,-360
301833,16,834,16528,-22,-275,85,-62,-404,-362
301847,13,825,16556,-18,-279,89,-61,-403,-361
301861,12,825,16545,-16,-280,83,-62,-407,-365
301875,25,819,16544,-18,-281,81,-62,-405,-360
301889,20,817,16534,-17,-282,86,-61,-407,-359
301903,11,817,16547,-15,-281,88,-66,-402,-360
301917,29,825,16538,-18,-276,84,-65,-405,-360
301931,15,833,16561,-14,-277,88,-63,-403,-360
301945,13,832,16532,-23,-276,86,-66,-406,-361
301959,18,827,16554,-24,-276,82,-65,-410,-369
301973,24,826,16528,-20,-281,88,-66,-406,-365
301987,29,817,16517,-17,-275,87,-69,-409,-367
302001,27,826,16539,-17,-281,86,-69,-402,-356
302015,25,812,16547,-22,-279,84,-64,-407,-362
302029,31,817,16539,-18,-276,81,-58,-407,-360
302043,31,834,16534,-20,-278,87,-57,-409,-356
302057,28,816,16552,-21,-276,85,-67,-401,-362
302071,26,827,16539,-20,-276,85,-64,-406,-362
302085,7,827,16541,-15,-279,86,-66,-406,-362
302099,25,815,16536,-16,-281,87,-61,-399,-362
302113,20,820,16550,-19,-274,86,-65,-407,-360
302127,28,824,16544,-11,-280,86,-63,-405,-363
302141,27,813,16540,-18,-281,80,-68,-403,-362
302155,15,822,16545,-18,-278,84,-70,-407,-358
302169,8,825,16543,-20,-283,89,-63,-406,-362
302183,9,820,16538,-22,-273,84,-69,-402,-359
302197,22,819,16550,-19,-278,81,-60,-404,-355
302211,16,825,16550,-15,-279,85,-61,-403,-365
302225,30,826,16530,-22,-277,87,-62,-405,-363
302239,14,811,16529,-17,-278,86,-65,-406,-365
302253,2,829,16547,-13,-281,84,-69,-403,-357
302267,16,815,16553,-19,-282,85,-62,-405,-362
302281,21,819,16544,-21,-279,83,-63,-407,-362
302295,24,804,16539,-15,-278,85,-66,-400,-358
302309,17,820,16532,-16,-277,82,-62,-402,-365
302323,28,817,16550,-14,-279,84,-61,-406,-361
302337,13,815,16535,-15,-278,85,-72,-403,-361
302351,23,818,16535,-16,-277,88,-62,-400,-363
302365,11,829,16563,-19,-279,85,-69,-402,-366
302379,32,817,16545,-16,-277,85,-69,-400,-361
302393,33,822,16545,-17,-277,80,-66,-404,-367
302407,20,825,16536,-16,-281,87,-66,-403,-360
302421,15,827,16544,-18,-277,88,-67,-403,-358
302435,14,826,16553,-16,-283,85,-69,-406,-362
302449,22,815,16545,-13,-281,85,-67,-400,-362
302463,23,829,16544,-16,-281,87,-65,-406,-361
302477,19,807,16531,-23,-276,84,-66,-410,-361
302491,32,821,16535,-17,-277,83,-70,-403,-365
302505,13,818,16533,-11,-280,83,-65,-402,-361
302519,21,821,16543,-11,-282,83,-66,-405,-358
302533,21,817,16553,-18,-279,84,-64,-400,-361
302547,28,814,16542,-16,-280,85,-67,-400,-364
302561,18,822,16543,-16,-280,86,-66,-406,-360
302575,23,826,16539,-17,-276,85,-66,-402,-359
302589,28,817,16541,-20,-284,82,-65,-398,-368
302603,13,829,16537,-20,-281,87,-68,-407,-365
302617,27,819,16528,-17,-279,88,-66,-402,-364
302631,29,821,16544,-22,-284,84,-67,-407,-360
302645,22,819,16551,-17,-279,90,-64,-404,-361
302659,12,820,16545,-15,-276,85,-63,-407,-362
302673,11,818,16540,-19,-277,84,-65,-402,-369
302687,14,822,16543,-17,-274,86,-66,-403,-365
302701,27,831,16557,-20,-278,87,-68,-408,-364
302715,20,814,16550,-20,-275,90,-58,-405,-361
302729,16,821,16542,-19,-276,83,-67,-404,-367
302743,16,828,16540,-22,-278,82,-65,-404,-364
302757,19,833,16538,-19,-283,90,-65,-408,-365
302771,22,834,16535,-20,-276,87,-64,-400,-360
302785,19,811,16536,-18,-274,87,-65,-404,-361
302799,16,819,16551,-18,-277,89,-67,-403,-365
302813,10,821,16547,-23,-276,84,-67,-404,-360
302827,21,830,16542,-18,-276,85,-63,-401,-363
302841,27,829,16530,-19,-278,87,-67,-401,-362
302855,33,829,16546,-17,-276,83,-63,-403,-366
302869,34,829,16536,-16,-281,86,-62,-407,-361
302883,15,811,16537,-15,-280,84,-63,-404,-363
302897,13,829,16539,-19,-279,84,-63,-399,-359
302911,15,821,16553,-9,-281,83,-61,-405,-362
302925,20,822,16531,-17,-277,87,-65,-400,-355
302939,21,819,16558,-19,-281,87,-65,-404,-365
302953,17,823,16539,-14,-281,90,-63,-407,-367
302967,18,830,16532,-17,-278,83,-67,-404,-364
302981,10,820,16534,-12,-279,86,-58,-402,-367
302995,15,826,16534,-19,-275,90,-63,-407,-360
303009,14,810,16546,-17,-272,84,-64,-406,-363
303023,18,825,16542,-20,-277,87,-64,-404,-360
303037,20,818,16556,-21,-281,89,-67,-398,-364
303051,47,834,16559,-14,-275,81,-66,-402,-365
303065,28,819,16532,-20,-274,87,-66,-405,-366
303079,23,811,16561,-21,-279,88,-67,-407,-366
303093,7,827,16542,-20,-275,84,-63,-403,-365
303107,15,832,16541,-21,-279,90,-69,-402,-369
303121,20,825,16540,-18,-277,86,-67,-410,-365
303135,17,823,16540,-27,-277,86,-68,-405,-361
303149,12,822,16544,-22,-279,90,-62,-401,-363
303163,25,821,16556,-17,-274,87,-64,-399,-360
303177,12,826,16535,-16,-276,84,-68,-402,-362
303191,12,830,16536,-16,-278,83,-62,-405,-358
303205,21,828,16546,-20,-279,83,-63,-404,-365
303219,17,830,16551,-21,-278,87,-64,-404,-362
303233,15,831,16538,-19,-286,80,-65,-404,-357
303247,28,823,16543,-15,-278,83,-67,-406,-362
303261,21,814,16537,-19,-273,89,-66,-410,-363
303275,23,816,16545,-15,-275,91,-65,-403,-363
303289,15,823,16529,-20,-276,92,-69,-405,-360
303303,4,820,16562,-13,-278,82,-69,-399,-360
303317,20,831,16549,-13,-277,87,-64,-403,-355
303331,22,820,16538,-15,-279,86,-68,-402,-361
303345,12,831,16550,-16,-279,83,-66,-405,-367
303359,14,811,16530,-19,-278,87,-64,-405,-364
303373,25,816,16552,-14,-281,82,-66,-398,-361
303387,23,827,16549,-16,-279,88,-61,-405,-361
303401,20,821,16532,-17,-276,79,-66,-403,-363
303415,18,809,16562,-22,-273,87,-66,-399,-360
303429,19,818,16559,-14,-281,86,-65,-402,-368
303443,22,811,16531,-17,-277,84,-64,-409,-362
303457,21,809,16540,-18,-278,88,-66,-408,-363
303471,3,816,16534,-16,-276,87,-63,-406,-361
303485,12,815,16550,-14,-278,86,-66,-405,-363
303499,18,825,16539,-17,-279,87,-64,-404,-363
303513,20,830,16541,-17,-282,83,-64,-403,-359
303527,20,818,16539,-18,-279,82,-66,-402,-357
303541,5,825,16548,-18,-274,85,-68,-397,-359
303555,34,818,16529,-15,-282,85,-66,-397,-366
303569,9,824,16525,-17,-274,85,-63,-408,-357
303583,7,828,16545,-19,-283,83,-65,-402,-358
303597,27,819,16567,-19,-281,86,-67,-404,-361
303611,17,828,16557,-22,-284,81,-65,-405,-363
303625,18,819,16539,-17,-275,83,-65,-401,-364
303639,19,831,16543,-22,-275,82,-61,-404,-364
303653,24,817,16544,-20,-279,88,-64,-401,-360
303667,27,810,16541,-17,-279,88,-64,-406,-364
303681,24,822,16552,-16,-279,88,-66,-408,-363
303695,32,820,16547,-19,-283,87,-70,-402,-363
303709,23,823,16547,-18,-276,85,-61,-397,-360
303723,14,825,16530,-17,-273,83,-65,-403,-360
303737,9,828,16536,-22,-280,91,-64,-401,-364
303751,31,821,16542,-13,-276,87,-68,-409,-355
303765,10,818,16545,-15,-279,85,-69,-401,-368
303779,31,813,16530,-17,-279,88,-68,-404,-358
303793,21,823,16525,-19,-280,85,-67,-402,-366
303807,19,828,16546,-17,-280,84,-59,-399,-364
303821,23,816,16550,-18,-278,87,-63,-401,-358
303835,12,827,16540,-24,-278,85,-65,-402,-362
303849,22,820,16538,-15,-277,85,-61,-408,-360
303863,12,825,16525,-21,-280,88,-68,-405,-365
303877,17,822,16532,-20,-279,86,-62,-405,-360
303891,8,814,16569,-17,-281,79,-63,-401,-364
303905,14,810,16545,-19,-276,83,-63,-406,-363
303919,14,818,16551,-23,-282,89,-62,-403,-360
303933,24,820,16540,-16,-279,88,-64,-406,-360
303947,24,836,16532,-15,-278,87,-64,-405,-362
303961,25,821,16557,-19,-275,84,-64,-404,-365
303975,29,829,16549,-19,-278,91,-64,-403,-360
303989,16,821,16544,-16,-278,86,-63,-404,-361
304003,16,824,16545,-19,-274,84,-61,-407,-359
304017,15,821,16538,-20,-278,82,-62,-405,-363
304031,23,816,16541,-16,-278,86,-63,-399,-360
304045,22,822,16538,-17,-277,91,-62,-401,-362
304059,9,826,16547,-19,-281,83,-57,-409,-358
304073,17,809,16540,-21,-277,82,-66,-401,-361
304087,8,825,16533,-14,-277,84,-61,-400,-362
304101,21,818,16555,-18,-279,85,-66,-403,-363
304115,20,823,16548,-16,-278,82,-62,-402,-363
304129,12,820,16536,-16,-281,83,-62,-405,-366
304143,19,830,16538,-17,-278,85,-62,-405,-358
304157,17,824,16558,-21,-281,80,-64,-404,-360
304171,25,824,16539,-16,-281,86,-64,-404,-360
304185,25,817,16545,-13,-283,85,-60,-401,-363
304199,19,813,16545,-9,-283,86,-66,-400,-363
304213,24,820,16547,-21,-279,84,-63,-399,-360
304227,23,826,16539,-16,-282,85,-60,-404,-362
304241,12,817,16535,-21,-279,83,-61,-401,-361
304255,13,827,16530,-17,-281,88,-66,-403,-361
304269,13,827,16559,-18,-278,87,-65,-403,-356
304283,18,829,16540,-14,-281,84,-69,-403,-359
304297,26,823,16543,-15,-283,83,-73,-400,-359
304311,15,814,16555,-15,-278,79,-64,-407,-362
304325,20,822,16549,-19,-278,89,-62,-405,-359
304339,19,820,16546,-12,-276,84,-61,-402,-361
304353,40,835,16527,-24,-280,88,-67,-410,-357
304367,24,818,16543,-19,-280,85,-70,-399,-356
304381,29,812,16536,-15,-279,83,-65,-408,-365
304395,26,813,16541,-13,-275,84,-56,-406,-362
304409,19,823,16545,-19,-281,87,-69,-407,-364
304423,21,820,16537,-14,-277,86,-66,-398,-365
304437,27,819,16528,-18,-280,90,-63,-405,-360
304451,22,823,16539,-14,-281,90,-63,-402,-356
304465,18,817,16545,-14,-274,86,-58,-409,-355
304479,26,825,16542,-12,-276,85,-59,-402,-365
304493,22,825,16539,-18,-280,85,-63,-401,-356
304507,26,832,16558,-19,-278,88,-67,-404,-358
304521,5,813,16540,-16,-278,84,-62,-399,-362
304535,28,832,16533,-17,-276,86,-61,-402,-359
304549,34,816,16518,-18,-280,83,-61,-403,-363
304563,22,817,16549,-26,-285,84,-66,-404,-364
304577,21,818,16533,-20,-278,82,-66,-405,-360
304591,30,816,16539,-14,-279,81,-66,-404,-356
304605,4,812,16564,-11,-275,86,-65,-408,-363
304619,21,815,16550,-11,-276,82,-63,-405,-364
304633,26,814,16555,-15,-283,84,-67,-401,-360
304647,17,824,16543,-17,-277,80,-65,-401,-367
304661,17,829,16539,-19,-276,83,-58,-404,-368
304675,16,817,16537,-17,-281,86,-61,-400,-364
304689,7,835,16544,-21,-280,90,-68,-402,-357
304703,23,819,16552,-19,-278,88,-65,-408,-363
304717,3,819,16536,-19,-279,90,-60,-401,-364
304731,19,824,16554,-17,-281,87,-60,-400,-368
304745,35,830,16538,-13,-281,85,-72,-404,-356
304759,25,830,16556,-19,-278,87,-68,-403,-368
304773,29,834,16557,-19,-276,86,-66,-402,-364
304787,16,811,16541,-14,-276,88,-68,-398,-363
304801,19,826,16554,-18,-282,87,-65,-405,-361
304815,16,827,16533,-19,-280,86,-64,-403,-361
304829,14,820,16551,-14,-275,84,-67,-406,-360
304843,24,825,16547,-14,-279,88,-64,-405,-359
304857,23,820,16541,-15,-275,87,-63,-401,-365
304871,12,823,16542,-19,-280,86,-60,-400,-357
304885,20,839,16547,-20,-280,82,-66,-401,-359
304899,6,831,16549,-17,-279,88,-72,-403,-361
304913,20,814,16533,-17,-282,86,-62,-402,-359
304927,11,818,16542,-9,-274,82,-62,-400,-369
304941,25,827,16541,-16,-279,88,-65,-406,-356
304955,34,830,16547,-16,-278,87,-66,-398,-363
304969,15,816,16547,-17,-271,83,-70,-401,-364
304983,7,825,16554,-15,-276,85,-69,-399,-362
304997,27,819,16536,-18,-281,83,-64,-401,-359
305011,11,823,16548,-16,-282,83,-59,-403,-361
305025,17,812,16536,-19,-279,83,-65,-401,-361
305039,28,823,16533,-20,-282,84,-61,-405,-358
305053,22,829,16559,-19,-274,84,-63,-398,-365
305067,20,821,16542,-19,-276,84,-71,-403,-359
305081,24,830,16541,-18,-282,83,-68,-405,-362
305095,9,817,16532,-18,-276,87,-64,-403,-363
305109,16,816,16548,-18,-278,81,-61,-400,-365
305123,19,824,16553,-14,-276,82,-64,-402,-363
305137,11,828,16547,-18,-276,83,-64,-404,-361
305151,32,815,16541,-21,-282,81,-66,-403,-360
305165,6,833,16538,-20,-279,82,-62,-404,-360
305179,15,821,16555,-26,-278,83,-61,-402,-363
305193,35,829,16535,-21,-279,87,-67,-407,-356
305207,20,821,16553,-19,-277,87,-65,-409,-360
305221,16,821,16549,-15,-278,83,-68,-402,-362
305235,22,830,16536,-18,-280,84,-61,-402,-362
305249,18,829,16563,-15,-278,86,-65,-399,-363
305263,17,821,16551,-17,-279,86,-60,-405,-360
305277,28,823,16544,-16,-277,89,-64,-407,-363
305291,9,821,16537,-21,-276,85,-67,-407,-361
305305,15,825,16547,-20,-276,87,-70,-404,-357
305319,8,818,16554,-20,-278,85,-65,-406,-362
305333,11,817,16544,-20,-277,88,-61,-403,-362
305347,20,828,16529,-15,-281,90,-67,-410,-367
305361,21,813,16542,-15,-279,89,-66,-405,-364
305375,15,815,16545,-16,-279,84,-65,-405,-361
305389,21,828,16551,-25,-281,86,-66,-404,-363
305403,18,822,16546,-14,-277,85,-66,-403,-363
305417,13,814,16541,-23,-274,86,-60,-406,-362
305431,24,824,16537,-15,-277,90,-62,-403,-364
305445,30,811,16534,-14,-280,86,-68,-403,-361
305459,18,821,16567,-16,-285,81,-67,-402,-362
305473,24,836,16554,-19,-281,82,-67,-398,-361
305487,16,834,16541,-15,-278,88,-63,-406,-361
305501,20,828,16541,-19,-274,86,-62,-404,-359
305515,23,824,16540,-16,-281,86,-67,-409,-363
305529,31,815,16553,-14,-277,79,-66,-409,-367
305543,3,824,16548,-20,-279,86,-69,-399,-357
305557,16,819,16534,-20,-280,83,-70,-407,-363
305571,24,818,16554,-19,-281,82,-62,-399,-358
305585,29,835,16531,-21,-282,86,-70,-402,-359
305599,14,829,16557,-16,-280,86,-61,-402,-361
305613,31,825,16559,-18,-276,84,-61,-404,-359
305627,26,822,16550,-13,-282,86,-59,-404,-357
305641,34,827,16551,-16,-277,88,-68,-406,-366
305655,36,819,16546,-15,-279,84,-62,-405,-364
305669,18,836,16547,-13,-276,80,-65,-401,-364
305683,11,812,16550,-13,-276,86,-66,-406,-361
305697,27,831,16544,-17,-281,84,-63,-398,-365
305711,20,817,16546,-20,-276,89,-70,-406,-364
305725,27,820,16532,-20,-279,86,-69,-402,-359
305739,27,828,16538,-14,-277,86,-64,-402,-364
305753,19,817,16545,-14,-276,84,-66,-407,-362
305767,16,829,16539,-16,-275,84,-67,-405,-361
305781,14,821,16534,-17,-280,82,-63,-399,-364
305795,28,826,16559,-17,-280,86,-64,-403,-355
305809,35,818,16558,-10,-280,89,-64,-403,-359
305823,23,810,16545,-17,-283,79,-64,-404,-361
305837,19,822,16547,-20,-280,79,-67,-402,-363
305851,29,825,16533,-15,-276,88,-64,-406,-365
305865,18,819,16548,-12,-278,88,-67,-401,-367
305879,20,828,16537,-17,-281,85,-66,-401,-352
305893,19,823,16541,-20,-278,83,-67,-402,-361
305907,15,831,16554,-15,-280,79,-69,-403,-364
305921,23,817,16542,-21,-277,84,-68,-404,-362
305935,24,817,16524,-17,-277,83,-69,-403,-357
305949,18,833,16542,-14,-280,79,-66,-404,-366
305963,15,832,16550,-20,-278,84,-63,-403,-359
305977,22,816,16551,-13,-278,85,-62,-402,-356
305991,18,814,16550,-15,-275,80,-63,-405,-358
306005,20,830,16543,-18,-274,79,-62,-404,-363
306019,19,817,16535,-19,-280,83,-71,-404,-360
306033,20,810,16551,-16,-278,87,-66,-403,-365
306047,22,809,16558,-13,-282,83,-63,-408,-367
306061,26,820,16538,-17,-282,88,-63,-405,-362
306075,18,827,16532,-18,-276,80,-62,-398,-363
306089,15,823,16534,-16,-276,84,-61,-409,-364
306103,18,821,16548,-20,-279,85,-63,-405,-359
306117,23,817,16551,-12,-278,81,-66,-405,-361
306131,24,829,16545,-15,-277,87,-61,-402,-360
306145,16,807,16535,-15,-279,86,-72,-402,-365
306159,12,817,16541,-17,-278,84,-65,-404,-357
306173,15,820,16545,-16,-282,84,-61,-407,-364
306187,29,823,16548,-20,-281,85,-61,-401,-358
306201,15,823,16549,-20,-276,82,-63,-401,-359
306215,15,820,16553,-16,-279,87,-62,-402,-364
306229,13,829,16538,-17,-280,85,-66,-408,-365
306243,25,828,16536,-18,-280,80,-63,-403,-360
306257,37,827,16548,-18,-282,80,-66,-407,-365
306271,10,814,16545,-19,-279,82,-66,-406,-360
306285,23,827,16540,-18,-279,91,-61,-405,-363
306299,16,818,16529,-20,-278,85,-63,-402,-367
306313,20,814,16547,-12,-276,79,-62,-405,-360
306327,11,833,16549,-16,-277,86,-61,-402,-363
306341,10,839,16537,-25,-284,85,-69,-404,-362
306355,13,830,16538,-17,-282,81,-65,-405,-365
306369,15,823,16548,-17,-278,90,-66,-400,-360
306383,21,829,16542,-18,-278,90,-70,-401,-367
306397,3,819,16555,-17,-279,88,-63,-400,-362
306411,24,826,16542,-16,-284,85,-66,-405,-354
306425,33,824,16557,-14,-279,83,-61,-404,-360
306439,23,822,16536,-21,-273,82,-69,-403,-362
306453,19,826,16540,-16,-278,82,-60,-403,-357
306467,23,814,16550,-12,-284,84,-57,-402,-361
306481,14,832,16544,-18,-279,82,-65,-401,-362
306495,14,836,16547,-17,-283,87,-60,-405,-362
306509,26,825,16545,-15,-279,83,-63,-400,-359
306523,17,833,16535,-19,-278,88,-66,-404,-359
306537,24,833,16538,-20,-274,84,-67,-404,-357
306551,24,826,16534,-13,-281,84,-62,-406,-359
306565,23,824,16544,-12,-280,89,-66,-403,-361
306579,27,833,16538,-16,-281,85,-67,-403,-362
306593,10,819,16551,-22,-281,84,-63,-403,-356
306607,40,820,16541,-17,-280,81,-64,-402,-363
306621,15,818,16541,-20,-278,87,-63,-402,-362
306635,19,818,16550,-17,-275,87,-66,-404,-361
306649,14,833,16548,-16,-277,86,-62,-401,-359
306663,22,819,16547,-20,-277,87,-63,-408,-364
306677,14,828,16559,-22,-281,87,-63,-403,-362
306691,31,827,16549,-12,-278,84,-69,-407,-356
306705,17,816,16557,-17,-272,84,-63,-403,-363
306719,12,818,16540,-13,-279,83,-66,-400,-359
306733,11,825,16541,-20,-275,86,-68,-399,-359
306747,27,818,16536,-15,-279,86,-63,-402,-360
306761,12,817,16535,-21,-284,92,-65,-405,-362
306775,24,836,16556,-16,-281,92,-66,-403,-361
306789,14,819,16540,-22,-278,90,-63,-403,-362
306803,31,823,16540,-16,-278,78,-64,-402,-362
306817,14,821,16534,-20,-278,87,-64,-401,-359
306831,23,823,16541,-17,-282,89,-64,-401,-364
306845,31,823,16559,-19,-276,85,-66,-400,-363
306859,26,832,16558,-19,-273,77,-69,-407,-364
306873,15,835,16538,-15,-278,90,-67,-402,-359
306887,34,810,16536,-20,-276,87,-62,-399,-362
306901,15,818,16535,-22,-282,88,-64,-408,-363
306915,10,817,16540,-16,-279,86,-67,-406,-359
306929,21,825,16555,-16,-279,88,-62,-407,-359
306943,23,832,16527,-17,-278,84,-69,-402,-359
306957,22,825,16556,-19,-278,90,-61,-405,-360
306971,19,820,16568,-21,-274,82,-66,-399,-358
306985,15,814,16544,-20,-278,85,-64,-407,-360
306999,19,819,16548,-18,-281,90,-66,-405,-360
307013,19,837,16544,-19,-279,88,-64,-411,-359
307027,21,819,16563,-19,-285,86,-68,-402,-355
307041,22,822,16542,-20,-281,87,-65,-400,-364
307055,22,832,16558,-16,-279,87,-68,-404,-362
307069,17,828,16545,-20,-276,86,-70,-404,-357
307083,10,821,16556,-18,-279,82,-67,-402,-362
307097,14,814,16536,-18,-284,84,-66,-399,-361
307111,33,833,16553,-15,-283,89,-58,-400,-360
307125,26,817,16547,-16,-280,87,-61,-395,-363
307139,19,829,16529,-17,-279,90,-61,-405,-367
307153,15,829,16541,-20,-280,88,-65,-405,-361
307167,15,830,16531,-17,-277,88,-59,-407,-357
307181,18,834,16544,-18,-278,88,-63,-398,-363
307195,38,830,16536,-15,-279,89,-67,-402,-365
307209,21,819,16537,-18,-280,81,-61,-403,-359
307223,12,817,16536,-16,-278,85,-62,-402,-361
307237,12,821,16547,-16,-276,92,-62,-405,-355
307251,29,823,16540,-16,-277,85,-65,-398,-365
307265,24,824,16541,-14,-281,86,-65,-405,-360
307279,21,820,16556,-15,-282,87,-64,-406,-362
307293,18,821,16531,-15,-283,81,-66,-408,-361
307307,26,824,16548,-19,-274,85,-63,-405,-363
307321,27,826,16547,-20,-278,86,-65,-401,-364
307335,26,822,16551,-22,-271,83,-59,-403,-359
307349,28,822,16529,-23,-275,88,-60,-402,-361
307363,19,830,16554,-18,-274,88,-63,-403,-360
307377,18,809,16535,-26,-280,87,-61,-407,-366
307391,16,831,16538,-24,-278,80,-64,-405,-360
307405,28,827,16546,-17,-277,84,-66,-402,-362
307419,32,825,16523,-18,-277,82,-60,-404,-361
307433,4,821,16541,-14,-276,86,-68,-403,-364
307447,6,827,16537,-24,-280,82,-65,-401,-356
307461,13,823,16548,-16,-280,83,-66,-404,-362
307475,30,831,16531,-17,-279,85,-65,-404,-355
307489,3,828,16541,-16,-274,84,-65,-407,-366
307503,25,820,16539,-19,-279,86,-62,-408,-358
307517,22,825,16537,-12,-280,86,-63,-401,-361
307531,11,820,16537,-19,-277,88,-65,-405,-363
307545,15,823,16537,-16,-280,81,-71,-405,-362
307559,21,818,16534,-11,-278,84,-68,-401,-359
307573,25,827,16543,-18,-276,84,-65,-405,-361
307587,16,829,16533,-22,-278,84,-66,-401,-361
307601,19,826,16549,-20,-279,85,-66,-407,-360
307615,22,825,16540,-20,-278,82,-63,-402,-360
307629,14,825,16539,-17,-283,83,-63,-402,-364
307643,16,822,16541,-17,-280,84,-59,-403,-360
307657,10,823,16540,-17,-273,82,-67,-402,-368
307671,20,824,16539,-26,-277,77,-61,-406,-359
307685,11,830,16546,-18,-279,85,-65,-406,-361
307699,9,827,16547,-21,-281,87,-62,-404,-360
307713,18,822,16539,-18,-277,85,-63,-403,-357
307727,28,826,16540,-18,-276,85,-64,-409,-358
307741,16,820,16539,-14,-276,85,-58,-399,-354
307755,6,821,16536,-15,-275,81,-72,-408,-359
307769,14,834,16546,-18,-277,84,-65,-406,-361
307783,21,827,16544,-23,-281,87,-69,-404,-360
307797,26,830,16537,-18,-279,86,-68,-404,-360
307811,19,819,16552,-19,-279,83,-68,-406,-364
307825,24,836,16541,-16,-282,88,-66,-403,-363
307839,23,824,16542,-18,-277,88,-66,-402,-360
307853,18,816,16552,-15,-278,83,-65,-407,-363
307867,21,831,16536,-16,-282,86,-65,-401,-366
307881,20,836,16546,-16,-275,82,-69,-402,-361
307895,25,819,16548,-17,-279,85,-62,-399,-363
307909,15,825,16537,-22,-281,88,-63,-406,-360
307923,9,820,16539,-18,-272,83,-65,-408,-364
307937,29,813,16541,-20,-277,85,-62,-401,-359
307951,27,826,16536,-21,-279,87,-66,-406,-364
307965,27,824,16543,-11,-278,83,-69,-398,-360
307979,32,828,16550,-17,-279,85,-67,-399,-362
307993,20,812,16545,-17,-282,87,-64,-402,-363
308007,29,824,16531,-18,-277,87,-64,-401,-360
308021,38,821,16540,-15,-279,86,-69,-401,-367
308035,21,817,16552,-20,-274,83,-63,-405,-366
308049,20,826,16537,-18,-277,86,-64,-404,-362
308063,16,818,16545,-18,-280,85,-66,-399,-359
308077,21,832,16545,-18,-279,88,-67,-408,-359
308091,12,823,16542,-18,-283,88,-72,-410,-360
308105,26,813,16540,-18,-281,84,-62,-403,-365
308119,17,824,16540,-13,-274,80,-64,-402,-365
308133,18,831,16542,-17,-281,88,-67,-403,-358
308147,22,813,16536,-17,-276,91,-62,-409,-361
308161,25,823,16535,-20,-278,84,-66,-399,-358
308175,18,838,16544,-14,-280,85,-66,-404,-360
308189,27,819,16528,-16,-278,82,-65,-401,-362
308203,13,830,16536,-11,-277,90,-65,-406,-361
308217,6,822,16534,-15,-277,86,-63,-404,-365
308231,21,824,16534,-20,-275,83,-63,-402,-361
308245,13,809,16549,-20,-281,85,-62,-404,-358
308259,26,827,16548,-16,-278,86,-63,-407,-360
308273,14,823,16532,-17,-276,88,-63,-405,-365
308287,28,829,16529,-20,-277,88,-65,-399,-362
308301,12,819,16536,-18,-280,88,-61,-404,-363
308315,13,820,16542,-23,-277,87,-66,-403,-361
308329,25,814,16533,-23,-274,88,-69,-400,-362
308343,18,825,16548,-20,-281,84,-62,-408,-358
308357,-4,824,16548,-19,-275,85,-66,-399,-364
308371,15,821,16536,-17,-280,85,-66,-402,-360
308385,31,818,16542,-17,-277,87,-64,-404,-359
308399,20,822,16516,-13,-276,83,-63,-402,-360
308413,16,827,16528,-13,-279,86,-64,-399,-364
308427,10,830,16535,-18,-282,92,-63,-399,-356
308441,15,827,16541,-21,-282,87,-72,-401,-361
308455,26,809,16555,-22,-283,87,-65,-404,-358
308469,20,821,16532,-18,-283,83,-62,-398,-358
308483,20,824,16529,-15,-279,82,-63,-402,-355
308497,14,817,16542,-15,-281,86,-66,-407,-365
308511,10,826,16547,-17,-280,85,-61,-407,-365
308525,23,827,16531,-20,-281,83,-69,-398,-357
308539,24,832,16547,-25,-280,84,-69,-406,-365
308553,18,814,16543,-19,-277,83,-67,-405,-362
308567,6,816,16546,-17,-276,84,-63,-405,-360
308581,19,820,16540,-15,-278,89,-65,-400,-361
308595,19,828,16519,-18,-280,87,-65,-401,-361
308609,13,835,16556,-22,-280,90,-70,-401,-359
308623,19,829,16548,-22,-276,87,-64,-401,-361
308637,22,832,16536,-15,-280,87,-61,-406,-357
308651,14,821,16544,-18,-278,83,-63,-404,-362
308665,36,834,16543,-20,-281,87,-64,-404,-366
308679,22,825,16528,-14,-278,84,-64,-405,-363
308693,18,826,16548,-17,-278,87,-62,-404,-364
308707,14,826,16521,-16,-273,80,-69,-401,-363
308721,29,824,16535,-17,-281,84,-68,-401,-353
308735,4,836,16545,-16,-280,87,-64,-402,-359
308749,21,831,16528,-19,-281,79,-65,-404,-362
308763,20,826,16560,-21,-279,82,-67,-404,-360
308777,15,827,16528,-16,-283,85,-69,-403,-353
308791,21,816,16532,-17,-278,83,-63,-408,-358
308805,2,825,16553,-20,-278,89,-64,-403,-362
308819,25,834,16530,-12,-276,82,-67,-406,-361
308833,13,814,16540,-16,-275,84,-64,-406,-358
308847,21,805,16564,-16,-280,82,-65,-400,-359
308861,27,826,16518,-19,-281,88,-66,-402,-363
308875,24,828,16528,-15,-279,89,-66,-406,-359
308889,11,818,16542,-19,-282,88,-65,-408,-365
308903,13,824,16536,-15,-278,92,-65,-400,-360
308917,26,817,16536,-21,-280,83,-68,-405,-360
308931,27,824,16528,-19,-277,90,-66,-404,-363
308945,20,828,16524,-19,-285,85,-66,-399,-359
308959,23,812,16548,-13,-283,84,-65,-403,-362
308973,21,819,16536,-12,-280,82,-67,-404,-363
308987,17,816,16535,-18,-277,87,-60,-403,-364
309001,21,815,16535,-22,-279,86,-65,-404,-363
309015,22,820,16534,-15,-279,89,-69,-406,-367
309029,11,819,16540,-13,-279,82,-66,-402,-362
309043,13,817,16547,-14,-276,82,-65,-408,-362
309057,12,829,16543,-20,-275,79,-66,-400,-358
309071,17,831,16550,-18,-273,84,-68,-405,-360
309085,21,809,16541,-21,-276,82,-64,-408,-364
309099,22,815,16535,-20,-276,83,-67,-406,-363
309113,26,825,16536,-20,-281,86,-68,-402,-363
309127,23,823,16543,-18,-281,88,-66,-407,-360
309141,26,822,16537,-17,-277,86,-69,-404,-364
309155,13,834,16531,-11,-278,85,-63,-405,-359
309169,21,834,16529,-16,-277,85,-63,-402,-359
309183,7,812,16549,-18,-274,80,-63,-401,-360
309197,33,832,16523,-19,-276,80,-66,-403,-364
309211,21,826,16538,-17,-277,83,-66,-402,-364
309225,27,823,16552,-13,-272,80,-67,-405,-365
309239,14,836,16531,-15,-281,80,-62,-402,-362
309253,16,815,16530,-19,-277,85,-65,-401,-361
309267,7,819,16543,-20,-276,86,-61,-406,-361
309281,7,830,16534,-20,-281,89,-65,-406,-363
309295,22,829,16547,-18,-280,86,-61,-401,-363
309309,16,828,16525,-15,-279,85,-66,-406,-362
309323,3,823,16549,-16,-283,86,-64,-404,-360
309337,13,812,16546,-17,-280,85,-65,-400,-361
309351,19,823,16531,-15,-275,90,-60,-407,-357
309365,14,824,16542,-16,-281,86,-67,-407,-360
309379,37,818,16536,-14,-277,80,-69,-405,-367
309393,20,826,16542,-19,-280,86,-68,-406,-360
309407,31,814,16538,-19,-277,86,-67,-404,-359
309421,20,831,16563,-19,-274,82,-63,-405,-365
309435,25,825,16536,-19,-277,85,-65,-404,-364
309449,16,821,16534,-17,-277,83,-64,-402,-361
309463,24,829,16533,-19,-280,86,-65,-406,-360
309477,17,819,16533,-18,-275,83,-67,-409,-365
309491,21,822,16538,-17,-278,91,-67,-403,-359
309505,3,826,16526,-18,-276,86,-60,-402,-363
309519,15,828,16528,-19,-278,88,-62,-406,-360
309533,34,826,16531,-12,-279,82,-61,-397,-365
309547,9,817,16544,-20,-278,88,-61,-400,-362
309561,10,822,16546,-17,-282,85,-60,-405,-360
309575,28,823,16544,-16,-280,86,-65,-409,-366
309589,-1,818,16536,-17,-281,86,-63,-405,-356
309603,24,809,16545,-17,-277,84,-62,-404,-361
309617,23,807,16544,-23,-277,86,-63,-399,-366
309631,28,827,16538,-17,-278,83,-62,-399,-368
309645,15,818,16533,-17,-280,84,-69,-404,-359
309659,11,822,16538,-18,-276,84,-62,-410,-360
309673,12,824,16558,-19,-279,82,-64,-404,-360
309687,16,817,16538,-12,-277,84,-66,-402,-364
309701,18,824,16548,-12,-280,83,-62,-401,-363
309715,7,819,16552,-16,-283,80,-66,-403,-359
309729,20,820,16520,-16,-278,84,-67,-406,-363
309743,11,825,16534,-17,-279,80,-64,-401,-363
309757,19,830,16549,-11,-279,82,-61,-398,-360
309771,16,832,16530,-15,-279,85,-69,-401,-364
309785,12,821,16547,-22,-276,83,-67,-407,-362
309799,26,827,16535,-14,-277,88,-71,-407,-360
309813,37,820,16544,-19,-276,87,-65,-403,-364
309827,10,810,16556,-12,-279,90,-67,-400,-361
309841,16,825,16523,-15,-278,84,-68,-400,-361
309855,21,815,16537,-12,-277,84,-62,-402,-365
309869,18,823,16545,-15,-279,84,-62,-406,-364
309883,9,821,16521,-18,-279,84,-65,-400,-365
309897,27,831,16530,-15,-277,87,-65,-402,-362
309911,29,817,16527,-15,-275,84,-63,-402,-366
309925,7,838,16540,-23,-275,86,-67,-402,-359
309939,29,822,16550,-18,-279,82,-65,-407,-361
309953,32,819,16523,-16,-275,87,-65,-401,-360
309967,16,824,16536,-14,-272,82,-65,-405,-363
309981,18,832,16540,-19,-281,83,-68,-400,-360
309995,18,829,16535,-17,-276,87,-66,-406,-361
310009,30,827,16552,-14,-276,84,-60,-402,-364
310023,23,821,16528,-20,-281,81,-62,-405,-362
310037,20,830,16552,-13,-277,80,-72,-401,-362
310051,-7,826,16541,-14,-279,83,-69,-401,-363
310065,21,817,16545,-11,-278,88,-65,-408,-364
310079,31,826,16554,-13,-278,85,-60,-403,-361
310093,28,821,16548,-19,-278,88,-64,-405,-361
310107,9,825,16534,-22,-283,85,-70,-403,-360