[0.069s] [34mcolcon[0m [1;30mDEBUG[0m [32mCommand line arguments: ['/usr/bin/colcon', 'build', '--packages-select', 'traffic_crossing_assistant'][0m
[0.069s] [34mcolcon[0m [1;30mDEBUG[0m [32mParsed command line arguments: Namespace(log_base=None, log_level=None, verb_name='build', build_base='build', install_base='install', merge_install=False, symlink_install=False, test_result_base=None, continue_on_error=False, executor='parallel', parallel_workers=22, event_handlers=None, ignore_user_meta=False, metas=['./colcon.meta'], base_paths=['.'], packages_ignore=None, packages_ignore_regex=None, paths=None, packages_up_to=None, packages_up_to_regex=None, packages_above=None, packages_above_and_dependencies=None, packages_above_depth=None, packages_select_by_dep=None, packages_skip_by_dep=None, packages_skip_up_to=None, packages_select_build_failed=False, packages_skip_build_finished=False, packages_select_test_failures=False, packages_skip_test_passed=False, packages_select=['traffic_crossing_assistant'], packages_skip=None, packages_select_regex=None, packages_skip_regex=None, packages_start=None, packages_end=None, allow_overriding=[], cmake_args=None, cmake_target=None, cmake_target_skip_unavailable=False, cmake_clean_cache=False, cmake_clean_first=False, cmake_force_configure=False, ament_cmake_args=None, catkin_cmake_args=None, catkin_skip_building_tests=False, verb_parser=<colcon_defaults.argument_parser.defaults.DefaultArgumentsDecorator object at 0x74e5e0916ec0>, verb_extension=<colcon_core.verb.build.BuildVerb object at 0x74e5e09168f0>, main=<bound method BuildVerb.main of <colcon_core.verb.build.BuildVerb object at 0x74e5e09168f0>>)[0m
[0.222s] [34mcolcon.colcon_core.package_discovery[0m [1;30mLevel 1[0m discover_packages(colcon_meta) check parameters
[0.222s] [34mcolcon.colcon_core.package_discovery[0m [1;30mLevel 1[0m discover_packages(recursive) check parameters
[0.222s] [34mcolcon.colcon_core.package_discovery[0m [1;30mLevel 1[0m discover_packages(ignore) check parameters
[0.222s] [34mcolcon.colcon_core.package_discovery[0m [1;30mLevel 1[0m discover_packages(path) check parameters
[0.222s] [34mcolcon.colcon_core.package_discovery[0m [1;30mLevel 1[0m discover_packages(colcon_meta) discover
[0.222s] [34mcolcon.colcon_core.package_discovery[0m [1;30mLevel 1[0m discover_packages(recursive) discover
[0.222s] [34mcolcon.colcon_core.package_discovery[0m [1;30mINFO[0m Crawling recursively for packages in '/home/sophie/visionaid-1'
[0.222s] [34mcolcon.colcon_core.package_identification[0m [1;30mLevel 1[0m _identify(.) by extensions ['ignore', 'ignore_ament_install']
[0.222s] [34mcolcon.colcon_core.package_identification[0m [1;30mLevel 1[0m _identify(.) by extension 'ignore'
[0.222s] [34mcolcon.colcon_core.package_identification[0m [1;30mLevel 1[0m _identify(.) by extension 'ignore_ament_install'
[0.222s] [34mcolcon.colcon_core.package_identification[0m [1;30mLevel 1[0m _identify(.) by extensions ['colcon_pkg']
[0.223s] [34mcolcon.colcon_core.package_identification[0m [1;30mLevel 1[0m _identify(.) by extension 'colcon_pkg'
[0.223s] [34mcolcon.colcon_core.package_identification[0m [1;30mLevel 1[0m _identify(.) by extensions ['colcon_meta']
[0.223s] [34mcolcon.colcon_core.package_identification[0m [1;30mLevel 1[0m _identify(.) by extension 'colcon_meta'
[0.223s] [34mcolcon.colcon_core.package_identification[0m [1;30mLevel 1[0m _identify(.) by extensions ['ros']
[0.223s] [34mcolcon.colcon_core.package_identification[0m [1;30mLevel 1[0m _identify(.) by extension 'ros'
[0.231s] [34mcolcon.colcon_core.package_identification[0m [1;30mLevel 1[0m _identify(.) by extensions ['cmake', 'python']
[0.231s] [34mcolcon.colcon_core.package_identification[0m [1;30mLevel 1[0m _identify(.) by extension 'cmake'
[0.231s] [34mcolcon.colcon_core.package_identification[0m [1;30mLevel 1[0m _identify(.) by extension 'python'
[0.231s] [34mcolcon.colcon_core.package_identification[0m [1;30mLevel 1[0m _identify(.) by extensions ['python_setup_py']
[0.231s] [34mcolcon.colcon_core.package_identification[0m [1;30mLevel 1[0m _identify(.) by extension 'python_setup_py'
[0.231s] [34mcolcon.colcon_core.package_identification[0m [1;30mLevel 1[0m _identify(build) by extensions ['ignore', 'ignore_ament_install']
[0.231s] [34mcolcon.colcon_core.package_identification[0m [1;30mLevel 1[0m _identify(build) by extension 'ignore'
[0.231s] [34mcolcon.colcon_core.package_identification[0m [1;30mLevel 1[0m _identify(build) ignored
[0.231s] [34mcolcon.colcon_core.package_identification[0m [1;30mLevel 1[0m _identify(detection_images) by extensions ['ignore', 'ignore_ament_install']
[0.231s] [34mcolcon.colcon_core.package_identification[0m [1;30mLevel 1[0m _identify(detection_images) by extension 'ignore'
[0.231s] [34mcolcon.colcon_core.package_identification[0m [1;30mLevel 1[0m _identify(detection_images) by extension 'ignore_ament_install'
[0.231s] [34mcolcon.colcon_core.package_identification[0m [1;30mLevel 1[0m _identify(detection_images) by extensions ['colcon_pkg']
[0.231s] [34mcolcon.colcon_core.package_identification[0m [1;30mLevel 1[0m _identify(detection_images) by extension 'colcon_pkg'
[0.231s] [34mcolcon.colcon_core.package_identification[0m [1;30mLevel 1[0m _identify(detection_images) by extensions ['colcon_meta']
[0.231s] [34mcolcon.colcon_core.package_identification[0m [1;30mLevel 1[0m _identify(detection_images) by extension 'colcon_meta'
[0.231s] [34mcolcon.colcon_core.package_identification[0m [1;30mLevel 1[0m _identify(detection_images) by extensions ['ros']
[0.231s] [34mcolcon.colcon_core.package_identification[0m [1;30mLevel 1[0m _identify(detection_images) by extension 'ros'
[0.232s] [34mcolcon.colcon_core.package_identification[0m [1;30mLevel 1[0m _identify(detection_images) by extensions ['cmake', 'python']
[0.232s] [34mcolcon.colcon_core.package_identification[0m [1;30mLevel 1[0m _identify(detection_images) by extension 'cmake'
[0.232s] [34mcolcon.colcon_core.package_identification[0m [1;30mLevel 1[0m _identify(detection_images) by extension 'python'
[0.232s] [34mcolcon.colcon_core.package_identification[0m [1;30mLevel 1[0m _identify(detection_images) by extensions ['python_setup_py']
[0.232s] [34mcolcon.colcon_core.package_identification[0m [1;30mLevel 1[0m _identify(detection_images) by extension 'python_setup_py'
[0.232s] [34mcolcon.colcon_core.package_identification[0m [1;30mLevel 1[0m _identify(install) by extensions ['ignore', 'ignore_ament_install']
[0.232s] [34mcolcon.colcon_core.package_identification[0m [1;30mLevel 1[0m _identify(install) by extension 'ignore'
[0.232s] [34mcolcon.colcon_core.package_identification[0m [1;30mLevel 1[0m _identify(install) ignored
[0.232s] [34mcolcon.colcon_core.package_identification[0m [1;30mLevel 1[0m _identify(isaac_ros_ws) by extensions ['ignore', 'ignore_ament_install']
[0.232s] [34mcolcon.colcon_core.package_identification[0m [1;30mLevel 1[0m _identify(isaac_ros_ws) by extension 'ignore'
[0.232s] [34mcolcon.colcon_core.package_identification[0m [1;30mLevel 1[0m _identify(isaac_ros_ws) by extension 'ignore_ament_install'
[0.232s] [34mcolcon.colcon_core.package_identification[0m [1;30mLevel 1[0m _identify(isaac_ros_ws) by extensions ['colcon_pkg']
[0.232s] [34mcolcon.colcon_core.package_identification[0m [1;30mLevel 1[0m _identify(isaac_ros_ws) by extension 'colcon_pkg'
[0.232s] [34mcolcon.colcon_core.package_identification[0m [1;30mLevel 1[0m _identify(isaac_ros_ws) by extensions ['colcon_meta']
[0.232s] [34mcolcon.colcon_core.package_identification[0m [1;30mLevel 1[0m _identify(isaac_ros_ws) by extension 'colcon_meta'
[0.232s] [34mcolcon.colcon_core.package_identification[0m [1;30mLevel 1[0m _identify(isaac_ros_ws) by extensions ['ros']
[0.232s] [34mcolcon.colcon_core.package_identification[0m [1;30mLevel 1[0m _identify(isaac_ros_ws) by extension 'ros'
[0.232s] [34mcolcon.colcon_core.package_identification[0m [1;30mLevel 1[0m _identify(isaac_ros_ws) by extensions ['cmake', 'python']
[0.232s] [34mcolcon.colcon_core.package_identification[0m [1;30mLevel 1[0m _identify(isaac_ros_ws) by extension 'cmake'
[0.232s] [34mcolcon.colcon_core.package_identification[0m [1;30mLevel 1[0m _identify(isaac_ros_ws) by extension 'python'
[0.232s] [34mcolcon.colcon_core.package_identification[0m [1;30mLevel 1[0m _identify(isaac_ros_ws) by extensions ['python_setup_py']
[0.232s] [34mcolcon.colcon_core.package_identification[0m [1;30mLevel 1[0m _identify(isaac_ros_ws) by extension 'python_setup_py'
[0.232s] [34mcolcon.colcon_core.package_identification[0m [1;30mLevel 1[0m _identify(isaac_ros_ws/build) by extensions ['ignore', 'ignore_ament_install']
[0.232s] [34mcolcon.colcon_core.package_identification[0m [1;30mLevel 1[0m _identify(isaac_ros_ws/build) by extension 'ignore'
[0.232s] [34mcolcon.colcon_core.package_identification[0m [1;30mLevel 1[0m _identify(isaac_ros_ws/build) ignored
[0.232s] [34mcolcon.colcon_core.package_identification[0m [1;30mLevel 1[0m _identify(isaac_ros_ws/install) by extensions ['ignore', 'ignore_ament_install']
[0.232s] [34mcolcon.colcon_core.package_identification[0m [1;30mLevel 1[0m _identify(isaac_ros_ws/install) by extension 'ignore'
[0.232s] [34mcolcon.colcon_core.package_identification[0m [1;30mLevel 1[0m _identify(isaac_ros_ws/install) ignored
[0.232s] [34mcolcon.colcon_core.package_identification[0m [1;30mLevel 1[0m _identify(isaac_ros_ws/log) by extensions ['ignore', 'ignore_ament_install']
[0.232s] [34mcolcon.colcon_core.package_identification[0m [1;30mLevel 1[0m _identify(isaac_ros_ws/log) by extension 'ignore'
[0.232s] [34mcolcon.colcon_core.package_identification[0m [1;30mLevel 1[0m _identify(isaac_ros_ws/log) ignored
[0.232s] [34mcolcon.colcon_core.package_identification[0m [1;30mLevel 1[0m _identify(isaac_ros_ws/src) by extensions ['ignore', 'ignore_ament_install']
[0.232s] [34mcolcon.colcon_core.package_identification[0m [1;30mLevel 1[0m _identify(isaac_ros_ws/src) by extension 'ignore'
[0.233s] [34mcolcon.colcon_core.package_identification[0m [1;30mLevel 1[0m _identify(isaac_ros_ws/src) by extension 'ignore_ament_install'
[0.233s] [34mcolcon.colcon_core.package_identification[0m [1;30mLevel 1[0m _identify(isaac_ros_ws/src) by extensions ['colcon_pkg']
[0.233s] [34mcolcon.colcon_core.package_identification[0m [1;30mLevel 1[0m _identify(isaac_ros_ws/src) by extension 'colcon_pkg'
[0.233s] [34mcolcon.colcon_core.package_identification[0m [1;30mLevel 1[0m _identify(isaac_ros_ws/src) by extensions ['colcon_meta']
[0.233s] [34mcolcon.colcon_core.package_identification[0m [1;30mLevel 1[0m _identify(isaac_ros_ws/src) by extension 'colcon_meta'
[0.233s] [34mcolcon.colcon_core.package_identification[0m [1;30mLevel 1[0m _identify(isaac_ros_ws/src) by extensions ['ros']
[0.233s] [34mcolcon.colcon_core.package_identification[0m [1;30mLevel 1[0m _identify(isaac_ros_ws/src) by extension 'ros'
[0.233s] [34mcolcon.colcon_core.package_identification[0m [1;30mLevel 1[0m _identify(isaac_ros_ws/src) by extensions ['cmake', 'python']
[0.233s] [34mcolcon.colcon_core.package_identification[0m [1;30mLevel 1[0m _identify(isaac_ros_ws/src) by extension 'cmake'
[0.233s] [34mcolcon.colcon_core.package_identification[0m [1;30mLevel 1[0m _identify(isaac_ros_ws/src) by extension 'python'
[0.233s] [34mcolcon.colcon_core.package_identification[0m [1;30mLevel 1[0m _identify(isaac_ros_ws/src) by extensions ['python_setup_py']
[0.233s] [34mcolcon.colcon_core.package_identification[0m [1;30mLevel 1[0m _identify(isaac_ros_ws/src) by extension 'python_setup_py'
[0.233s] [34mcolcon.colcon_core.package_identification[0m [1;30mLevel 1[0m _identify(isaac_ros_ws/src/assistive_navigation_core) by extensions ['ignore', 'ignore_ament_install']
[0.233s] [34mcolcon.colcon_core.package_identification[0m [1;30mLevel 1[0m _identify(isaac_ros_ws/src/assistive_navigation_core) by extension 'ignore'
[0.233s] [34mcolcon.colcon_core.package_identification[0m [1;30mLevel 1[0m _identify(isaac_ros_ws/src/assistive_navigation_core) by extension 'ignore_ament_install'
[0.233s] [34mcolcon.colcon_core.package_identification[0m [1;30mLevel 1[0m _identify(isaac_ros_ws/src/assistive_navigation_core) by extensions ['colcon_pkg']
[0.233s] [34mcolcon.colcon_core.package_identification[0m [1;30mLevel 1[0m _identify(isaac_ros_ws/src/assistive_navigation_core) by extension 'colcon_pkg'
[0.233s] [34mcolcon.colcon_core.package_identification[0m [1;30mLevel 1[0m _identify(isaac_ros_ws/src/assistive_navigation_core) by extensions ['colcon_meta']
[0.233s] [34mcolcon.colcon_core.package_identification[0m [1;30mLevel 1[0m _identify(isaac_ros_ws/src/assistive_navigation_core) by extension 'colcon_meta'
[0.233s] [34mcolcon.colcon_core.package_identification[0m [1;30mLevel 1[0m _identify(isaac_ros_ws/src/assistive_navigation_core) by extensions ['ros']
[0.233s] [34mcolcon.colcon_core.package_identification[0m [1;30mLevel 1[0m _identify(isaac_ros_ws/src/assistive_navigation_core) by extension 'ros'
[0.234s] [34mcolcon.colcon_core.package_identification[0m [1;30mDEBUG[0m [32mPackage 'isaac_ros_ws/src/assistive_navigation_core' with type 'ros.ament_python' and name 'assistive_navigation_core'[0m
[0.234s] [34mcolcon.colcon_core.package_identification[0m [1;30mLevel 1[0m _identify(isaac_ros_ws/src/gps_navigation_system) by extensions ['ignore', 'ignore_ament_install']
[0.235s] [34mcolcon.colcon_core.package_identification[0m [1;30mLevel 1[0m _identify(isaac_ros_ws/src/gps_navigation_system) by extension 'ignore'
[0.235s] [34mcolcon.colcon_core.package_identification[0m [1;30mLevel 1[0m _identify(isaac_ros_ws/src/gps_navigation_system) by extension 'ignore_ament_install'
[0.235s] [34mcolcon.colcon_core.package_identification[0m [1;30mLevel 1[0m _identify(isaac_ros_ws/src/gps_navigation_system) by extensions ['colcon_pkg']
[0.235s] [34mcolcon.colcon_core.package_identification[0m [1;30mLevel 1[0m _identify(isaac_ros_ws/src/gps_navigation_system) by extension 'colcon_pkg'
[0.235s] [34mcolcon.colcon_core.package_identification[0m [1;30mLevel 1[0m _identify(isaac_ros_ws/src/gps_navigation_system) by extensions ['colcon_meta']
[0.235s] [34mcolcon.colcon_core.package_identification[0m [1;30mLevel 1[0m _identify(isaac_ros_ws/src/gps_navigation_system) by extension 'colcon_meta'
[0.235s] [34mcolcon.colcon_core.package_identification[0m [1;30mLevel 1[0m _identify(isaac_ros_ws/src/gps_navigation_system) by extensions ['ros']
[0.235s] [34mcolcon.colcon_core.package_identification[0m [1;30mLevel 1[0m _identify(isaac_ros_ws/src/gps_navigation_system) by extension 'ros'
[0.235s] [34mcolcon.colcon_core.package_identification[0m [1;30mDEBUG[0m [32mPackage 'isaac_ros_ws/src/gps_navigation_system' with type 'ros.ament_python' and name 'gps_navigation_system'[0m
[0.235s] [34mcolcon.colcon_core.package_identification[0m [1;30mLevel 1[0m _identify(isaac_ros_ws/src/isaac_ros_benchmark) by extensions ['ignore', 'ignore_ament_install']
[0.235s] [34mcolcon.colcon_core.package_identification[0m [1;30mLevel 1[0m _identify(isaac_ros_ws/src/isaac_ros_benchmark) by extension 'ignore'
[0.235s] [34mcolcon.colcon_core.package_identification[0m [1;30mLevel 1[0m _identify(isaac_ros_ws/src/isaac_ros_benchmark) by extension 'ignore_ament_install'
[0.235s] [34mcolcon.colcon_core.package_identification[0m [1;30mLevel 1[0m _identify(isaac_ros_ws/src/isaac_ros_benchmark) by extensions ['colcon_pkg']
[0.235s] [34mcolcon.colcon_core.package_identification[0m [1;30mLevel 1[0m _identify(isaac_ros_ws/src/isaac_ros_benchmark) by extension 'colcon_pkg'
[0.235s] [34mcolcon.colcon_core.package_identification[0m [1;30mLevel 1[0m _identify(isaac_ros_ws/src/isaac_ros_benchmark) by extensions ['colcon_meta']
[0.235s] [34mcolcon.colcon_core.package_identification[0m [1;30mLevel 1[0m _identify(isaac_ros_ws/src/isaac_ros_benchmark) by extension 'colcon_meta'
[0.235s] [34mcolcon.colcon_core.package_identification[0m [1;30mLevel 1[0m _identify(isaac_ros_ws/src/isaac_ros_benchmark) by extensions ['ros']
[0.235s] [34mcolcon.colcon_core.package_identification[0m [1;30mLevel 1[0m _identify(isaac_ros_ws/src/isaac_ros_benchmark) by extension 'ros'
[0.235s] [34mcolcon.colcon_core.package_identification[0m [1;30mLevel 1[0m _identify(isaac_ros_ws/src/isaac_ros_benchmark) by extensions ['cmake', 'python']
[0.235s] [34mcolcon.colcon_core.package_identification[0m [1;30mLevel 1[0m _identify(isaac_ros_ws/src/isaac_ros_benchmark) by extension 'cmake'
[0.235s] [34mcolcon.colcon_core.package_identification[0m [1;30mLevel 1[0m _identify(isaac_ros_ws/src/isaac_ros_benchmark) by extension 'python'
[0.235s] [34mcolcon.colcon_core.package_identification[0m [1;30mLevel 1[0m _identify(isaac_ros_ws/src/isaac_ros_benchmark) by extensions ['python_setup_py']
[0.235s] [34mcolcon.colcon_core.package_identification[0m [1;30mLevel 1[0m _identify(isaac_ros_ws/src/isaac_ros_benchmark) by extension 'python_setup_py'
[0.235s] [34mcolcon.colcon_core.package_identification[0m [1;30mLevel 1[0m _identify(isaac_ros_ws/src/isaac_ros_common) by extensions ['ignore', 'ignore_ament_install']
[0.236s] [34mcolcon.colcon_core.package_identification[0m [1;30mLevel 1[0m _identify(isaac_ros_ws/src/isaac_ros_common) by extension 'ignore'
[0.236s] [34mcolcon.colcon_core.package_identification[0m [1;30mLevel 1[0m _identify(isaac_ros_ws/src/isaac_ros_common) by extension 'ignore_ament_install'
[0.236s] [34mcolcon.colcon_core.package_identification[0m [1;30mLevel 1[0m _identify(isaac_ros_ws/src/isaac_ros_common) by extensions ['colcon_pkg']
[0.236s] [34mcolcon.colcon_core.package_identification[0m [1;30mLevel 1[0m _identify(isaac_ros_ws/src/isaac_ros_common) by extension 'colcon_pkg'
[0.236s] [34mcolcon.colcon_core.package_identification[0m [1;30mLevel 1[0m _identify(isaac_ros_ws/src/isaac_ros_common) by extensions ['colcon_meta']
[0.236s] [34mcolcon.colcon_core.package_identification[0m [1;30mLevel 1[0m _identify(isaac_ros_ws/src/isaac_ros_common) by extension 'colcon_meta'
[0.236s] [34mcolcon.colcon_core.package_identification[0m [1;30mLevel 1[0m _identify(isaac_ros_ws/src/isaac_ros_common) by extensions ['ros']
[0.236s] [34mcolcon.colcon_core.package_identification[0m [1;30mLevel 1[0m _identify(isaac_ros_ws/src/isaac_ros_common) by extension 'ros'
[0.236s] [34mcolcon.colcon_core.package_identification[0m [1;30mLevel 1[0m _identify(isaac_ros_ws/src/isaac_ros_common) by extensions ['cmake', 'python']
[0.236s] [34mcolcon.colcon_core.package_identification[0m [1;30mLevel 1[0m _identify(isaac_ros_ws/src/isaac_ros_common) by extension 'cmake'
[0.236s] [34mcolcon.colcon_core.package_identification[0m [1;30mLevel 1[0m _identify(isaac_ros_ws/src/isaac_ros_common) by extension 'python'
[0.236s] [34mcolcon.colcon_core.package_identification[0m [1;30mLevel 1[0m _identify(isaac_ros_ws/src/isaac_ros_common) by extensions ['python_setup_py']
[0.236s] [34mcolcon.colcon_core.package_identification[0m [1;30mLevel 1[0m _identify(isaac_ros_ws/src/isaac_ros_common) by extension 'python_setup_py'
[0.236s] [34mcolcon.colcon_core.package_identification[0m [1;30mLevel 1[0m _identify(isaac_ros_ws/src/isaac_ros_dnn_inference) by extensions ['ignore', 'ignore_ament_install']
[0.236s] [34mcolcon.colcon_core.package_identification[0m [1;30mLevel 1[0m _identify(isaac_ros_ws/src/isaac_ros_dnn_inference) by extension 'ignore'
[0.236s] [34mcolcon.colcon_core.package_identification[0m [1;30mLevel 1[0m _identify(isaac_ros_ws/src/isaac_ros_dnn_inference) by extension 'ignore_ament_install'
[0.236s] [34mcolcon.colcon_core.package_identification[0m [1;30mLevel 1[0m _identify(isaac_ros_ws/src/isaac_ros_dnn_inference) by extensions ['colcon_pkg']
[0.236s] [34mcolcon.colcon_core.package_identification[0m [1;30mLevel 1[0m _identify(isaac_ros_ws/src/isaac_ros_dnn_inference) by extension 'colcon_pkg'
[0.236s] [34mcolcon.colcon_core.package_identification[0m [1;30mLevel 1[0m _identify(isaac_ros_ws/src/isaac_ros_dnn_inference) by extensions ['colcon_meta']
[0.236s] [34mcolcon.colcon_core.package_identification[0m [1;30mLevel 1[0m _identify(isaac_ros_ws/src/isaac_ros_dnn_inference) by extension 'colcon_meta'
[0.236s] [34mcolcon.colcon_core.package_identification[0m [1;30mLevel 1[0m _identify(isaac_ros_ws/src/isaac_ros_dnn_inference) by extensions ['ros']
[0.236s] [34mcolcon.colcon_core.package_identification[0m [1;30mLevel 1[0m _identify(isaac_ros_ws/src/isaac_ros_dnn_inference) by extension 'ros'
[0.236s] [34mcolcon.colcon_core.package_identification[0m [1;30mLevel 1[0m _identify(isaac_ros_ws/src/isaac_ros_dnn_inference) by extensions ['cmake', 'python']
[0.236s] [34mcolcon.colcon_core.package_identification[0m [1;30mLevel 1[0m _identify(isaac_ros_ws/src/isaac_ros_dnn_inference) by extension 'cmake'
[0.236s] [34mcolcon.colcon_core.package_identification[0m [1;30mLevel 1[0m _identify(isaac_ros_ws/src/isaac_ros_dnn_inference) by extension 'python'
[0.236s] [34mcolcon.colcon_core.package_identification[0m [1;30mLevel 1[0m _identify(isaac_ros_ws/src/isaac_ros_dnn_inference) by extensions ['python_setup_py']
[0.236s] [34mcolcon.colcon_core.package_identification[0m [1;30mLevel 1[0m _identify(isaac_ros_ws/src/isaac_ros_dnn_inference) by extension 'python_setup_py'
[0.236s] [34mcolcon.colcon_core.package_identification[0m [1;30mLevel 1[0m _identify(isaac_ros_ws/src/isaac_ros_image_pipeline) by extensions ['ignore', 'ignore_ament_install']
[0.236s] [34mcolcon.colcon_core.package_identification[0m [1;30mLevel 1[0m _identify(isaac_ros_ws/src/isaac_ros_image_pipeline) by extension 'ignore'
[0.236s] [34mcolcon.colcon_core.package_identification[0m [1;30mLevel 1[0m _identify(isaac_ros_ws/src/isaac_ros_image_pipeline) by extension 'ignore_ament_install'
[0.236s] [34mcolcon.colcon_core.package_identification[0m [1;30mLevel 1[0m _identify(isaac_ros_ws/src/isaac_ros_image_pipeline) by extensions ['colcon_pkg']
[0.236s] [34mcolcon.colcon_core.package_identification[0m [1;30mLevel 1[0m _identify(isaac_ros_ws/src/isaac_ros_image_pipeline) by extension 'colcon_pkg'
[0.236s] [34mcolcon.colcon_core.package_identification[0m [1;30mLevel 1[0m _identify(isaac_ros_ws/src/isaac_ros_image_pipeline) by extensions ['colcon_meta']
[0.236s] [34mcolcon.colcon_core.package_identification[0m [1;30mLevel 1[0m _identify(isaac_ros_ws/src/isaac_ros_image_pipeline) by extension 'colcon_meta'
[0.236s] [34mcolcon.colcon_core.package_identification[0m [1;30mLevel 1[0m _identify(isaac_ros_ws/src/isaac_ros_image_pipeline) by extensions ['ros']
[0.236s] [34mcolcon.colcon_core.package_identification[0m [1;30mLevel 1[0m _identify(isaac_ros_ws/src/isaac_ros_image_pipeline) by extension 'ros'
[0.236s] [34mcolcon.colcon_core.package_identification[0m [1;30mLevel 1[0m _identify(isaac_ros_ws/src/isaac_ros_image_pipeline) by extensions ['cmake', 'python']
[0.236s] [34mcolcon.colcon_core.package_identification[0m [1;30mLevel 1[0m _identify(isaac_ros_ws/src/isaac_ros_image_pipeline) by extension 'cmake'
[0.236s] [34mcolcon.colcon_core.package_identification[0m [1;30mLevel 1[0m _identify(isaac_ros_ws/src/isaac_ros_image_pipeline) by extension 'python'
[0.236s] [34mcolcon.colcon_core.package_identification[0m [1;30mLevel 1[0m _identify(isaac_ros_ws/src/isaac_ros_image_pipeline) by extensions ['python_setup_py']
[0.236s] [34mcolcon.colcon_core.package_identification[0m [1;30mLevel 1[0m _identify(isaac_ros_ws/src/isaac_ros_image_pipeline) by extension 'python_setup_py'
[0.236s] [34mcolcon.colcon_core.package_identification[0m [1;30mLevel 1[0m _identify(isaac_ros_ws/src/isaac_ros_nitros) by extensions ['ignore', 'ignore_ament_install']
[0.237s] [34mcolcon.colcon_core.package_identification[0m [1;30mLevel 1[0m _identify(isaac_ros_ws/src/isaac_ros_nitros) by extension 'ignore'
[0.237s] [34mcolcon.colcon_core.package_identification[0m [1;30mLevel 1[0m _identify(isaac_ros_ws/src/isaac_ros_nitros) by extension 'ignore_ament_install'
[0.237s] [34mcolcon.colcon_core.package_identification[0m [1;30mLevel 1[0m _identify(isaac_ros_ws/src/isaac_ros_nitros) by extensions ['colcon_pkg']
[0.237s] [34mcolcon.colcon_core.package_identification[0m [1;30mLevel 1[0m _identify(isaac_ros_ws/src/isaac_ros_nitros) by extension 'colcon_pkg'
[0.237s] [34mcolcon.colcon_core.package_identification[0m [1;30mLevel 1[0m _identify(isaac_ros_ws/src/isaac_ros_nitros) by extensions ['colcon_meta']
[0.237s] [34mcolcon.colcon_core.package_identification[0m [1;30mLevel 1[0m _identify(isaac_ros_ws/src/isaac_ros_nitros) by extension 'colcon_meta'
[0.237s] [34mcolcon.colcon_core.package_identification[0m [1;30mLevel 1[0m _identify(isaac_ros_ws/src/isaac_ros_nitros) by extensions ['ros']
[0.237s] [34mcolcon.colcon_core.package_identification[0m [1;30mLevel 1[0m _identify(isaac_ros_ws/src/isaac_ros_nitros) by extension 'ros'
[0.237s] [34mcolcon.colcon_core.package_identification[0m [1;30mLevel 1[0m _identify(isaac_ros_ws/src/isaac_ros_nitros) by extensions ['cmake', 'python']
[0.237s] [34mcolcon.colcon_core.package_identification[0m [1;30mLevel 1[0m _identify(isaac_ros_ws/src/isaac_ros_nitros) by extension 'cmake'
[0.237s] [34mcolcon.colcon_core.package_identification[0m [1;30mLevel 1[0m _identify(isaac_ros_ws/src/isaac_ros_nitros) by extension 'python'
[0.237s] [34mcolcon.colcon_core.package_identification[0m [1;30mLevel 1[0m _identify(isaac_ros_ws/src/isaac_ros_nitros) by extensions ['python_setup_py']
[0.237s] [34mcolcon.colcon_core.package_identification[0m [1;30mLevel 1[0m _identify(isaac_ros_ws/src/isaac_ros_nitros) by extension 'python_setup_py'
[0.237s] [34mcolcon.colcon_core.package_identification[0m [1;30mLevel 1[0m _identify(isaac_ros_ws/src/isaac_ros_visual_odometry) by extensions ['ignore', 'ignore_ament_install']
[0.237s] [34mcolcon.colcon_core.package_identification[0m [1;30mLevel 1[0m _identify(isaac_ros_ws/src/isaac_ros_visual_odometry) by extension 'ignore'
[0.237s] [34mcolcon.colcon_core.package_identification[0m [1;30mLevel 1[0m _identify(isaac_ros_ws/src/isaac_ros_visual_odometry) by extension 'ignore_ament_install'
[0.237s] [34mcolcon.colcon_core.package_identification[0m [1;30mLevel 1[0m _identify(isaac_ros_ws/src/isaac_ros_visual_odometry) by extensions ['colcon_pkg']
[0.237s] [34mcolcon.colcon_core.package_identification[0m [1;30mLevel 1[0m _identify(isaac_ros_ws/src/isaac_ros_visual_odometry) by extension 'colcon_pkg'
[0.237s] [34mcolcon.colcon_core.package_identification[0m [1;30mLevel 1[0m _identify(isaac_ros_ws/src/isaac_ros_visual_odometry) by extensions ['colcon_meta']
[0.237s] [34mcolcon.colcon_core.package_identification[0m [1;30mLevel 1[0m _identify(isaac_ros_ws/src/isaac_ros_visual_odometry) by extension 'colcon_meta'
[0.237s] [34mcolcon.colcon_core.package_identification[0m [1;30mLevel 1[0m _identify(isaac_ros_ws/src/isaac_ros_visual_odometry) by extensions ['ros']
[0.237s] [34mcolcon.colcon_core.package_identification[0m [1;30mLevel 1[0m _identify(isaac_ros_ws/src/isaac_ros_visual_odometry) by extension 'ros'
[0.237s] [34mcolcon.colcon_core.package_identification[0m [1;30mLevel 1[0m _identify(isaac_ros_ws/src/isaac_ros_visual_odometry) by extensions ['cmake', 'python']
[0.237s] [34mcolcon.colcon_core.package_identification[0m [1;30mLevel 1[0m _identify(isaac_ros_ws/src/isaac_ros_visual_odometry) by extension 'cmake'
[0.237s] [34mcolcon.colcon_core.package_identification[0m [1;30mLevel 1[0m _identify(isaac_ros_ws/src/isaac_ros_visual_odometry) by extension 'python'
[0.237s] [34mcolcon.colcon_core.package_identification[0m [1;30mLevel 1[0m _identify(isaac_ros_ws/src/isaac_ros_visual_odometry) by extensions ['python_setup_py']
[0.237s] [34mcolcon.colcon_core.package_identification[0m [1;30mLevel 1[0m _identify(isaac_ros_ws/src/isaac_ros_visual_odometry) by extension 'python_setup_py'
[0.237s] [34mcolcon.colcon_core.package_identification[0m [1;30mLevel 1[0m _identify(isaac_ros_ws/src/ros2_benchmark) by extensions ['ignore', 'ignore_ament_install']
[0.237s] [34mcolcon.colcon_core.package_identification[0m [1;30mLevel 1[0m _identify(isaac_ros_ws/src/ros2_benchmark) by extension 'ignore'
[0.237s] [34mcolcon.colcon_core.package_identification[0m [1;30mLevel 1[0m _identify(isaac_ros_ws/src/ros2_benchmark) by extension 'ignore_ament_install'
[0.237s] [34mcolcon.colcon_core.package_identification[0m [1;30mLevel 1[0m _identify(isaac_ros_ws/src/ros2_benchmark) by extensions ['colcon_pkg']
[0.237s] [34mcolcon.colcon_core.package_identification[0m [1;30mLevel 1[0m _identify(isaac_ros_ws/src/ros2_benchmark) by extension 'colcon_pkg'
[0.237s] [34mcolcon.colcon_core.package_identification[0m [1;30mLevel 1[0m _identify(isaac_ros_ws/src/ros2_benchmark) by extensions ['colcon_meta']
[0.237s] [34mcolcon.colcon_core.package_identification[0m [1;30mLevel 1[0m _identify(isaac_ros_ws/src/ros2_benchmark) by extension 'colcon_meta'
[0.237s] [34mcolcon.colcon_core.package_identification[0m [1;30mLevel 1[0m _identify(isaac_ros_ws/src/ros2_benchmark) by extensions ['ros']
[0.237s] [34mcolcon.colcon_core.package_identification[0m [1;30mLevel 1[0m _identify(isaac_ros_ws/src/ros2_benchmark) by extension 'ros'
[0.237s] [34mcolcon.colcon_core.package_identification[0m [1;30mLevel 1[0m _identify(isaac_ros_ws/src/ros2_benchmark) by extensions ['cmake', 'python']
[0.237s] [34mcolcon.colcon_core.package_identification[0m [1;30mLevel 1[0m _identify(isaac_ros_ws/src/ros2_benchmark) by extension 'cmake'
[0.237s] [34mcolcon.colcon_core.package_identification[0m [1;30mLevel 1[0m _identify(isaac_ros_ws/src/ros2_benchmark) by extension 'python'
[0.237s] [34mcolcon.colcon_core.package_identification[0m [1;30mLevel 1[0m _identify(isaac_ros_ws/src/ros2_benchmark) by extensions ['python_setup_py']
[0.237s] [34mcolcon.colcon_core.package_identification[0m [1;30mLevel 1[0m _identify(isaac_ros_ws/src/ros2_benchmark) by extension 'python_setup_py'
[0.238s] [34mcolcon.colcon_core.package_identification[0m [1;30mLevel 1[0m _identify(isaac_ros_ws/src/scene_description_system) by extensions ['ignore', 'ignore_ament_install']
[0.238s] [34mcolcon.colcon_core.package_identification[0m [1;30mLevel 1[0m _identify(isaac_ros_ws/src/scene_description_system) by extension 'ignore'
[0.238s] [34mcolcon.colcon_core.package_identification[0m [1;30mLevel 1[0m _identify(isaac_ros_ws/src/scene_description_system) by extension 'ignore_ament_install'
[0.238s] [34mcolcon.colcon_core.package_identification[0m [1;30mLevel 1[0m _identify(isaac_ros_ws/src/scene_description_system) by extensions ['colcon_pkg']
[0.238s] [34mcolcon.colcon_core.package_identification[0m [1;30mLevel 1[0m _identify(isaac_ros_ws/src/scene_description_system) by extension 'colcon_pkg'
[0.238s] [34mcolcon.colcon_core.package_identification[0m [1;30mLevel 1[0m _identify(isaac_ros_ws/src/scene_description_system) by extensions ['colcon_meta']
[0.238s] [34mcolcon.colcon_core.package_identification[0m [1;30mLevel 1[0m _identify(isaac_ros_ws/src/scene_description_system) by extension 'colcon_meta'
[0.238s] [34mcolcon.colcon_core.package_identification[0m [1;30mLevel 1[0m _identify(isaac_ros_ws/src/scene_description_system) by extensions ['ros']
[0.238s] [34mcolcon.colcon_core.package_identification[0m [1;30mLevel 1[0m _identify(isaac_ros_ws/src/scene_description_system) by extension 'ros'
[0.238s] [34mcolcon.colcon_core.package_identification[0m [1;30mDEBUG[0m [32mPackage 'isaac_ros_ws/src/scene_description_system' with type 'ros.ament_python' and name 'scene_description_system'[0m
[0.238s] [34mcolcon.colcon_core.package_identification[0m [1;30mLevel 1[0m _identify(isaac_ros_ws/src/shared_interfaces) by extensions ['ignore', 'ignore_ament_install']
[0.238s] [34mcolcon.colcon_core.package_identification[0m [1;30mLevel 1[0m _identify(isaac_ros_ws/src/shared_interfaces) by extension 'ignore'
[0.238s] [34mcolcon.colcon_core.package_identification[0m [1;30mLevel 1[0m _identify(isaac_ros_ws/src/shared_interfaces) by extension 'ignore_ament_install'
[0.238s] [34mcolcon.colcon_core.package_identification[0m [1;30mLevel 1[0m _identify(isaac_ros_ws/src/shared_interfaces) by extensions ['colcon_pkg']
[0.238s] [34mcolcon.colcon_core.package_identification[0m [1;30mLevel 1[0m _identify(isaac_ros_ws/src/shared_interfaces) by extension 'colcon_pkg'
[0.238s] [34mcolcon.colcon_core.package_identification[0m [1;30mLevel 1[0m _identify(isaac_ros_ws/src/shared_interfaces) by extensions ['colcon_meta']
[0.238s] [34mcolcon.colcon_core.package_identification[0m [1;30mLevel 1[0m _identify(isaac_ros_ws/src/shared_interfaces) by extension 'colcon_meta'
[0.238s] [34mcolcon.colcon_core.package_identification[0m [1;30mLevel 1[0m _identify(isaac_ros_ws/src/shared_interfaces) by extensions ['ros']
[0.238s] [34mcolcon.colcon_core.package_identification[0m [1;30mLevel 1[0m _identify(isaac_ros_ws/src/shared_interfaces) by extension 'ros'
[0.239s] [34mcolcon.colcon_core.package_identification[0m [1;30mDEBUG[0m [32mPackage 'isaac_ros_ws/src/shared_interfaces' with type 'ros.ament_cmake' and name 'shared_interfaces'[0m
[0.239s] [34mcolcon.colcon_core.package_identification[0m [1;30mLevel 1[0m _identify(isaac_ros_ws/src/traffic_crossing_assistant) by extensions ['ignore', 'ignore_ament_install']
[0.239s] [34mcolcon.colcon_core.package_identification[0m [1;30mLevel 1[0m _identify(isaac_ros_ws/src/traffic_crossing_assistant) by extension 'ignore'
[0.239s] [34mcolcon.colcon_core.package_identification[0m [1;30mLevel 1[0m _identify(isaac_ros_ws/src/traffic_crossing_assistant) by extension 'ignore_ament_install'
[0.239s] [34mcolcon.colcon_core.package_identification[0m [1;30mLevel 1[0m _identify(isaac_ros_ws/src/traffic_crossing_assistant) by extensions ['colcon_pkg']
[0.239s] [34mcolcon.colcon_core.package_identification[0m [1;30mLevel 1[0m _identify(isaac_ros_ws/src/traffic_crossing_assistant) by extension 'colcon_pkg'
[0.239s] [34mcolcon.colcon_core.package_identification[0m [1;30mLevel 1[0m _identify(isaac_ros_ws/src/traffic_crossing_assistant) by extensions ['colcon_meta']
[0.239s] [34mcolcon.colcon_core.package_identification[0m [1;30mLevel 1[0m _identify(isaac_ros_ws/src/traffic_crossing_assistant) by extension 'colcon_meta'
[0.239s] [34mcolcon.colcon_core.package_identification[0m [1;30mLevel 1[0m _identify(isaac_ros_ws/src/traffic_crossing_assistant) by extensions ['ros']
[0.239s] [34mcolcon.colcon_core.package_identification[0m [1;30mLevel 1[0m _identify(isaac_ros_ws/src/traffic_crossing_assistant) by extension 'ros'
[0.239s] [34mcolcon.colcon_core.package_identification[0m [1;30mDEBUG[0m [32mPackage 'isaac_ros_ws/src/traffic_crossing_assistant' with type 'ros.ament_python' and name 'traffic_crossing_assistant'[0m
[0.240s] [34mcolcon.colcon_core.package_identification[0m [1;30mLevel 1[0m _identify(isaac_ros_ws/src/vlm_scene_understanding) by extensions ['ignore', 'ignore_ament_install']
[0.240s] [34mcolcon.colcon_core.package_identification[0m [1;30mLevel 1[0m _identify(isaac_ros_ws/src/vlm_scene_understanding) by extension 'ignore'
[0.240s] [34mcolcon.colcon_core.package_identification[0m [1;30mLevel 1[0m _identify(isaac_ros_ws/src/vlm_scene_understanding) by extension 'ignore_ament_install'
[0.240s] [34mcolcon.colcon_core.package_identification[0m [1;30mLevel 1[0m _identify(isaac_ros_ws/src/vlm_scene_understanding) by extensions ['colcon_pkg']
[0.240s] [34mcolcon.colcon_core.package_identification[0m [1;30mLevel 1[0m _identify(isaac_ros_ws/src/vlm_scene_understanding) by extension 'colcon_pkg'
[0.240s] [34mcolcon.colcon_core.package_identification[0m [1;30mLevel 1[0m _identify(isaac_ros_ws/src/vlm_scene_understanding) by extensions ['colcon_meta']
[0.240s] [34mcolcon.colcon_core.package_identification[0m [1;30mLevel 1[0m _identify(isaac_ros_ws/src/vlm_scene_understanding) by extension 'colcon_meta'
[0.240s] [34mcolcon.colcon_core.package_identification[0m [1;30mLevel 1[0m _identify(isaac_ros_ws/src/vlm_scene_understanding) by extensions ['ros']
[0.240s] [34mcolcon.colcon_core.package_identification[0m [1;30mLevel 1[0m _identify(isaac_ros_ws/src/vlm_scene_understanding) by extension 'ros'
[0.240s] [34mcolcon.colcon_core.package_identification[0m [1;30mDEBUG[0m [32mPackage 'isaac_ros_ws/src/vlm_scene_understanding' with type 'ros.ament_python' and name 'vlm_scene_understanding'[0m
[0.240s] [34mcolcon.colcon_core.package_identification[0m [1;30mLevel 1[0m _identify(isaac_ros_ws/src/yolov8_detection) by extensions ['ignore', 'ignore_ament_install']
[0.240s] [34mcolcon.colcon_core.package_identification[0m [1;30mLevel 1[0m _identify(isaac_ros_ws/src/yolov8_detection) by extension 'ignore'
[0.240s] [34mcolcon.colcon_core.package_identification[0m [1;30mLevel 1[0m _identify(isaac_ros_ws/src/yolov8_detection) by extension 'ignore_ament_install'
[0.240s] [34mcolcon.colcon_core.package_identification[0m [1;30mLevel 1[0m _identify(isaac_ros_ws/src/yolov8_detection) by extensions ['colcon_pkg']
[0.240s] [34mcolcon.colcon_core.package_identification[0m [1;30mLevel 1[0m _identify(isaac_ros_ws/src/yolov8_detection) by extension 'colcon_pkg'
[0.240s] [34mcolcon.colcon_core.package_identification[0m [1;30mLevel 1[0m _identify(isaac_ros_ws/src/yolov8_detection) by extensions ['colcon_meta']
[0.240s] [34mcolcon.colcon_core.package_identification[0m [1;30mLevel 1[0m _identify(isaac_ros_ws/src/yolov8_detection) by extension 'colcon_meta'
[0.240s] [34mcolcon.colcon_core.package_identification[0m [1;30mLevel 1[0m _identify(isaac_ros_ws/src/yolov8_detection) by extensions ['ros']
[0.240s] [34mcolcon.colcon_core.package_identification[0m [1;30mLevel 1[0m _identify(isaac_ros_ws/src/yolov8_detection) by extension 'ros'
[0.242s] [34mcolcon.colcon_core.package_identification[0m [1;30mDEBUG[0m [32mPackage 'isaac_ros_ws/src/yolov8_detection' with type 'ros.ament_python' and name 'yolov8_detection'[0m
[0.242s] [34mcolcon.colcon_core.package_identification[0m [1;30mLevel 1[0m _identify(log) by extensions ['ignore', 'ignore_ament_install']
[0.242s] [34mcolcon.colcon_core.package_identification[0m [1;30mLevel 1[0m _identify(log) by extension 'ignore'
[0.242s] [34mcolcon.colcon_core.package_identification[0m [1;30mLevel 1[0m _identify(log) ignored
[0.242s] [34mcolcon.colcon_core.package_identification[0m [1;30mLevel 1[0m _identify(models) by extensions ['ignore', 'ignore_ament_install']
[0.243s] [34mcolcon.colcon_core.package_identification[0m [1;30mLevel 1[0m _identify(models) by extension 'ignore'
[0.243s] [34mcolcon.colcon_core.package_identification[0m [1;30mLevel 1[0m _identify(models) by extension 'ignore_ament_install'
[0.243s] [34mcolcon.colcon_core.package_identification[0m [1;30mLevel 1[0m _identify(models) by extensions ['colcon_pkg']
[0.243s] [34mcolcon.colcon_core.package_identification[0m [1;30mLevel 1[0m _identify(models) by extension 'colcon_pkg'
[0.243s] [34mcolcon.colcon_core.package_identification[0m [1;30mLevel 1[0m _identify(models) by extensions ['colcon_meta']
[0.243s] [34mcolcon.colcon_core.package_identification[0m [1;30mLevel 1[0m _identify(models) by extension 'colcon_meta'
[0.243s] [34mcolcon.colcon_core.package_identification[0m [1;30mLevel 1[0m _identify(models) by extensions ['ros']
[0.243s] [34mcolcon.colcon_core.package_identification[0m [1;30mLevel 1[0m _identify(models) by extension 'ros'
[0.243s] [34mcolcon.colcon_core.package_identification[0m [1;30mLevel 1[0m _identify(models) by extensions ['cmake', 'python']
[0.243s] [34mcolcon.colcon_core.package_identification[0m [1;30mLevel 1[0m _identify(models) by extension 'cmake'
[0.243s] [34mcolcon.colcon_core.package_identification[0m [1;30mLevel 1[0m _identify(models) by extension 'python'
[0.243s] [34mcolcon.colcon_core.package_identification[0m [1;30mLevel 1[0m _identify(models) by extensions ['python_setup_py']
[0.243s] [34mcolcon.colcon_core.package_identification[0m [1;30mLevel 1[0m _identify(models) by extension 'python_setup_py'
[0.243s] [34mcolcon.colcon_core.package_identification[0m [1;30mLevel 1[0m _identify(models/yolov8) by extensions ['ignore', 'ignore_ament_install']
[0.243s] [34mcolcon.colcon_core.package_identification[0m [1;30mLevel 1[0m _identify(models/yolov8) by extension 'ignore'
[0.243s] [34mcolcon.colcon_core.package_identification[0m [1;30mLevel 1[0m _identify(models/yolov8) by extension 'ignore_ament_install'
[0.243s] [34mcolcon.colcon_core.package_identification[0m [1;30mLevel 1[0m _identify(models/yolov8) by extensions ['colcon_pkg']
[0.243s] [34mcolcon.colcon_core.package_identification[0m [1;30mLevel 1[0m _identify(models/yolov8) by extension 'colcon_pkg'
[0.243s] [34mcolcon.colcon_core.package_identification[0m [1;30mLevel 1[0m _identify(models/yolov8) by extensions ['colcon_meta']
[0.243s] [34mcolcon.colcon_core.package_identification[0m [1;30mLevel 1[0m _identify(models/yolov8) by extension 'colcon_meta'
[0.243s] [34mcolcon.colcon_core.package_identification[0m [1;30mLevel 1[0m _identify(models/yolov8) by extensions ['ros']
[0.243s] [34mcolcon.colcon_core.package_identification[0m [1;30mLevel 1[0m _identify(models/yolov8) by extension 'ros'
[0.243s] [34mcolcon.colcon_core.package_identification[0m [1;30mLevel 1[0m _identify(models/yolov8) by extensions ['cmake', 'python']
[0.243s] [34mcolcon.colcon_core.package_identification[0m [1;30mLevel 1[0m _identify(models/yolov8) by extension 'cmake'
[0.243s] [34mcolcon.colcon_core.package_identification[0m [1;30mLevel 1[0m _identify(models/yolov8) by extension 'python'
[0.243s] [34mcolcon.colcon_core.package_identification[0m [1;30mLevel 1[0m _identify(models/yolov8) by extensions ['python_setup_py']
[0.243s] [34mcolcon.colcon_core.package_identification[0m [1;30mLevel 1[0m _identify(models/yolov8) by extension 'python_setup_py'
[0.243s] [34mcolcon.colcon_core.package_identification[0m [1;30mLevel 1[0m _identify(models/yolov8/17class) by extensions ['ignore', 'ignore_ament_install']
[0.243s] [34mcolcon.colcon_core.package_identification[0m [1;30mLevel 1[0m _identify(models/yolov8/17class) by extension 'ignore'
[0.243s] [34mcolcon.colcon_core.package_identification[0m [1;30mLevel 1[0m _identify(models/yolov8/17class) by extension 'ignore_ament_install'
[0.243s] [34mcolcon.colcon_core.package_identification[0m [1;30mLevel 1[0m _identify(models/yolov8/17class) by extensions ['colcon_pkg']
[0.243s] [34mcolcon.colcon_core.package_identification[0m [1;30mLevel 1[0m _identify(models/yolov8/17class) by extension 'colcon_pkg'
[0.243s] [34mcolcon.colcon_core.package_identification[0m [1;30mLevel 1[0m _identify(models/yolov8/17class) by extensions ['colcon_meta']
[0.243s] [34mcolcon.colcon_core.package_identification[0m [1;30mLevel 1[0m _identify(models/yolov8/17class) by extension 'colcon_meta'
[0.243s] [34mcolcon.colcon_core.package_identification[0m [1;30mLevel 1[0m _identify(models/yolov8/17class) by extensions ['ros']
[0.243s] [34mcolcon.colcon_core.package_identification[0m [1;30mLevel 1[0m _identify(models/yolov8/17class) by extension 'ros'
[0.243s] [34mcolcon.colcon_core.package_identification[0m [1;30mLevel 1[0m _identify(models/yolov8/17class) by extensions ['cmake', 'python']
[0.243s] [34mcolcon.colcon_core.package_identification[0m [1;30mLevel 1[0m _identify(models/yolov8/17class) by extension 'cmake'
[0.243s] [34mcolcon.colcon_core.package_identification[0m [1;30mLevel 1[0m _identify(models/yolov8/17class) by extension 'python'
[0.244s] [34mcolcon.colcon_core.package_identification[0m [1;30mLevel 1[0m _identify(models/yolov8/17class) by extensions ['python_setup_py']
[0.244s] [34mcolcon.colcon_core.package_identification[0m [1;30mLevel 1[0m _identify(models/yolov8/17class) by extension 'python_setup_py'
[0.244s] [34mcolcon.colcon_core.package_identification[0m [1;30mLevel 1[0m _identify(models/yolov8/17class/backup) by extensions ['ignore', 'ignore_ament_install']
[0.244s] [34mcolcon.colcon_core.package_identification[0m [1;30mLevel 1[0m _identify(models/yolov8/17class/backup) by extension 'ignore'
[0.244s] [34mcolcon.colcon_core.package_identification[0m [1;30mLevel 1[0m _identify(models/yolov8/17class/backup) by extension 'ignore_ament_install'
[0.244s] [34mcolcon.colcon_core.package_identification[0m [1;30mLevel 1[0m _identify(models/yolov8/17class/backup) by extensions ['colcon_pkg']
[0.244s] [34mcolcon.colcon_core.package_identification[0m [1;30mLevel 1[0m _identify(models/yolov8/17class/backup) by extension 'colcon_pkg'
[0.244s] [34mcolcon.colcon_core.package_identification[0m [1;30mLevel 1[0m _identify(models/yolov8/17class/backup) by extensions ['colcon_meta']
[0.244s] [34mcolcon.colcon_core.package_identification[0m [1;30mLevel 1[0m _identify(models/yolov8/17class/backup) by extension 'colcon_meta'
[0.244s] [34mcolcon.colcon_core.package_identification[0m [1;30mLevel 1[0m _identify(models/yolov8/17class/backup) by extensions ['ros']
[0.244s] [34mcolcon.colcon_core.package_identification[0m [1;30mLevel 1[0m _identify(models/yolov8/17class/backup) by extension 'ros'
[0.244s] [34mcolcon.colcon_core.package_identification[0m [1;30mLevel 1[0m _identify(models/yolov8/17class/backup) by extensions ['cmake', 'python']
[0.244s] [34mcolcon.colcon_core.package_identification[0m [1;30mLevel 1[0m _identify(models/yolov8/17class/backup) by extension 'cmake'
[0.244s] [34mcolcon.colcon_core.package_identification[0m [1;30mLevel 1[0m _identify(models/yolov8/17class/backup) by extension 'python'
[0.244s] [34mcolcon.colcon_core.package_identification[0m [1;30mLevel 1[0m _identify(models/yolov8/17class/backup) by extensions ['python_setup_py']
[0.244s] [34mcolcon.colcon_core.package_identification[0m [1;30mLevel 1[0m _identify(models/yolov8/17class/backup) by extension 'python_setup_py'
[0.244s] [34mcolcon.colcon_core.package_identification[0m [1;30mLevel 1[0m _identify(models/yolov8/old) by extensions ['ignore', 'ignore_ament_install']
[0.244s] [34mcolcon.colcon_core.package_identification[0m [1;30mLevel 1[0m _identify(models/yolov8/old) by extension 'ignore'
[0.244s] [34mcolcon.colcon_core.package_identification[0m [1;30mLevel 1[0m _identify(models/yolov8/old) by extension 'ignore_ament_install'
[0.244s] [34mcolcon.colcon_core.package_identification[0m [1;30mLevel 1[0m _identify(models/yolov8/old) by extensions ['colcon_pkg']
[0.244s] [34mcolcon.colcon_core.package_identification[0m [1;30mLevel 1[0m _identify(models/yolov8/old) by extension 'colcon_pkg'
[0.244s] [34mcolcon.colcon_core.package_identification[0m [1;30mLevel 1[0m _identify(models/yolov8/old) by extensions ['colcon_meta']
[0.244s] [34mcolcon.colcon_core.package_identification[0m [1;30mLevel 1[0m _identify(models/yolov8/old) by extension 'colcon_meta'
[0.244s] [34mcolcon.colcon_core.package_identification[0m [1;30mLevel 1[0m _identify(models/yolov8/old) by extensions ['ros']
[0.244s] [34mcolcon.colcon_core.package_identification[0m [1;30mLevel 1[0m _identify(models/yolov8/old) by extension 'ros'
[0.244s] [34mcolcon.colcon_core.package_identification[0m [1;30mLevel 1[0m _identify(models/yolov8/old) by extensions ['cmake', 'python']
[0.244s] [34mcolcon.colcon_core.package_identification[0m [1;30mLevel 1[0m _identify(models/yolov8/old) by extension 'cmake'
[0.244s] [34mcolcon.colcon_core.package_identification[0m [1;30mLevel 1[0m _identify(models/yolov8/old) by extension 'python'
[0.244s] [34mcolcon.colcon_core.package_identification[0m [1;30mLevel 1[0m _identify(models/yolov8/old) by extensions ['python_setup_py']
[0.244s] [34mcolcon.colcon_core.package_identification[0m [1;30mLevel 1[0m _identify(models/yolov8/old) by extension 'python_setup_py'
[0.244s] [34mcolcon.colcon_core.package_identification[0m [1;30mLevel 1[0m _identify(obj_detect) by extensions ['ignore', 'ignore_ament_install']
[0.244s] [34mcolcon.colcon_core.package_identification[0m [1;30mLevel 1[0m _identify(obj_detect) by extension 'ignore'
[0.244s] [34mcolcon.colcon_core.package_identification[0m [1;30mLevel 1[0m _identify(obj_detect) by extension 'ignore_ament_install'
[0.244s] [34mcolcon.colcon_core.package_identification[0m [1;30mLevel 1[0m _identify(obj_detect) by extensions ['colcon_pkg']
[0.244s] [34mcolcon.colcon_core.package_identification[0m [1;30mLevel 1[0m _identify(obj_detect) by extension 'colcon_pkg'
[0.244s] [34mcolcon.colcon_core.package_identification[0m [1;30mLevel 1[0m _identify(obj_detect) by extensions ['colcon_meta']
[0.244s] [34mcolcon.colcon_core.package_identification[0m [1;30mLevel 1[0m _identify(obj_detect) by extension 'colcon_meta'
[0.244s] [34mcolcon.colcon_core.package_identification[0m [1;30mLevel 1[0m _identify(obj_detect) by extensions ['ros']
[0.244s] [34mcolcon.colcon_core.package_identification[0m [1;30mLevel 1[0m _identify(obj_detect) by extension 'ros'
[0.245s] [34mcolcon.colcon_core.package_identification[0m [1;30mLevel 1[0m _identify(obj_detect) by extensions ['cmake', 'python']
[0.245s] [34mcolcon.colcon_core.package_identification[0m [1;30mLevel 1[0m _identify(obj_detect) by extension 'cmake'
[0.245s] [34mcolcon.colcon_core.package_identification[0m [1;30mLevel 1[0m _identify(obj_detect) by extension 'python'
[0.245s] [34mcolcon.colcon_core.package_identification[0m [1;30mLevel 1[0m _identify(obj_detect) by extensions ['python_setup_py']
[0.245s] [34mcolcon.colcon_core.package_identification[0m [1;30mLevel 1[0m _identify(obj_detect) by extension 'python_setup_py'
[0.245s] [34mcolcon.colcon_core.package_identification[0m [1;30mLevel 1[0m _identify(obj_detect/src) by extensions ['ignore', 'ignore_ament_install']
[0.245s] [34mcolcon.colcon_core.package_identification[0m [1;30mLevel 1[0m _identify(obj_detect/src) by extension 'ignore'
[0.245s] [34mcolcon.colcon_core.package_identification[0m [1;30mLevel 1[0m _identify(obj_detect/src) by extension 'ignore_ament_install'
[0.245s] [34mcolcon.colcon_core.package_identification[0m [1;30mLevel 1[0m _identify(obj_detect/src) by extensions ['colcon_pkg']
[0.245s] [34mcolcon.colcon_core.package_identification[0m [1;30mLevel 1[0m _identify(obj_detect/src) by extension 'colcon_pkg'
[0.245s] [34mcolcon.colcon_core.package_identification[0m [1;30mLevel 1[0m _identify(obj_detect/src) by extensions ['colcon_meta']
[0.245s] [34mcolcon.colcon_core.package_identification[0m [1;30mLevel 1[0m _identify(obj_detect/src) by extension 'colcon_meta'
[0.245s] [34mcolcon.colcon_core.package_identification[0m [1;30mLevel 1[0m _identify(obj_detect/src) by extensions ['ros']
[0.245s] [34mcolcon.colcon_core.package_identification[0m [1;30mLevel 1[0m _identify(obj_detect/src) by extension 'ros'
[0.245s] [34mcolcon.colcon_core.package_identification[0m [1;30mLevel 1[0m _identify(obj_detect/src) by extensions ['cmake', 'python']
[0.245s] [34mcolcon.colcon_core.package_identification[0m [1;30mLevel 1[0m _identify(obj_detect/src) by extension 'cmake'
[0.245s] [34mcolcon.colcon_core.package_identification[0m [1;30mLevel 1[0m _identify(obj_detect/src) by extension 'python'
[0.245s] [34mcolcon.colcon_core.package_identification[0m [1;30mLevel 1[0m _identify(obj_detect/src) by extensions ['python_setup_py']
[0.245s] [34mcolcon.colcon_core.package_identification[0m [1;30mLevel 1[0m _identify(obj_detect/src) by extension 'python_setup_py'
[0.245s] [34mcolcon.colcon_core.package_identification[0m [1;30mLevel 1[0m _identify(ros2_ws) by extensions ['ignore', 'ignore_ament_install']
[0.245s] [34mcolcon.colcon_core.package_identification[0m [1;30mLevel 1[0m _identify(ros2_ws) by extension 'ignore'
[0.245s] [34mcolcon.colcon_core.package_identification[0m [1;30mLevel 1[0m _identify(ros2_ws) by extension 'ignore_ament_install'
[0.245s] [34mcolcon.colcon_core.package_identification[0m [1;30mLevel 1[0m _identify(ros2_ws) by extensions ['colcon_pkg']
[0.245s] [34mcolcon.colcon_core.package_identification[0m [1;30mLevel 1[0m _identify(ros2_ws) by extension 'colcon_pkg'
[0.245s] [34mcolcon.colcon_core.package_identification[0m [1;30mLevel 1[0m _identify(ros2_ws) by extensions ['colcon_meta']
[0.245s] [34mcolcon.colcon_core.package_identification[0m [1;30mLevel 1[0m _identify(ros2_ws) by extension 'colcon_meta'
[0.245s] [34mcolcon.colcon_core.package_identification[0m [1;30mLevel 1[0m _identify(ros2_ws) by extensions ['ros']
[0.245s] [34mcolcon.colcon_core.package_identification[0m [1;30mLevel 1[0m _identify(ros2_ws) by extension 'ros'
[0.245s] [34mcolcon.colcon_core.package_identification[0m [1;30mLevel 1[0m _identify(ros2_ws) by extensions ['cmake', 'python']
[0.245s] [34mcolcon.colcon_core.package_identification[0m [1;30mLevel 1[0m _identify(ros2_ws) by extension 'cmake'
[0.245s] [34mcolcon.colcon_core.package_identification[0m [1;30mLevel 1[0m _identify(ros2_ws) by extension 'python'
[0.245s] [34mcolcon.colcon_core.package_identification[0m [1;30mLevel 1[0m _identify(ros2_ws) by extensions ['python_setup_py']
[0.245s] [34mcolcon.colcon_core.package_identification[0m [1;30mLevel 1[0m _identify(ros2_ws) by extension 'python_setup_py'
[0.245s] [34mcolcon.colcon_core.package_identification[0m [1;30mLevel 1[0m _identify(ros2_ws/build) by extensions ['ignore', 'ignore_ament_install']
[0.245s] [34mcolcon.colcon_core.package_identification[0m [1;30mLevel 1[0m _identify(ros2_ws/build) by extension 'ignore'
[0.245s] [34mcolcon.colcon_core.package_identification[0m [1;30mLevel 1[0m _identify(ros2_ws/build) ignored
[0.245s] [34mcolcon.colcon_core.package_identification[0m [1;30mLevel 1[0m _identify(ros2_ws/install) by extensions ['ignore', 'ignore_ament_install']
[0.245s] [34mcolcon.colcon_core.package_identification[0m [1;30mLevel 1[0m _identify(ros2_ws/install) by extension 'ignore'
[0.246s] [34mcolcon.colcon_core.package_identification[0m [1;30mLevel 1[0m _identify(ros2_ws/install) ignored
[0.246s] [34mcolcon.colcon_core.package_identification[0m [1;30mLevel 1[0m _identify(ros2_ws/log) by extensions ['ignore', 'ignore_ament_install']
[0.246s] [34mcolcon.colcon_core.package_identification[0m [1;30mLevel 1[0m _identify(ros2_ws/log) by extension 'ignore'
[0.246s] [34mcolcon.colcon_core.package_identification[0m [1;30mLevel 1[0m _identify(ros2_ws/log) ignored
[0.246s] [34mcolcon.colcon_core.package_identification[0m [1;30mLevel 1[0m _identify(runs) by extensions ['ignore', 'ignore_ament_install']
[0.246s] [34mcolcon.colcon_core.package_identification[0m [1;30mLevel 1[0m _identify(runs) by extension 'ignore'
[0.246s] [34mcolcon.colcon_core.package_identification[0m [1;30mLevel 1[0m _identify(runs) by extension 'ignore_ament_install'
[0.246s] [34mcolcon.colcon_core.package_identification[0m [1;30mLevel 1[0m _identify(runs) by extensions ['colcon_pkg']
[0.246s] [34mcolcon.colcon_core.package_identification[0m [1;30mLevel 1[0m _identify(runs) by extension 'colcon_pkg'
[0.246s] [34mcolcon.colcon_core.package_identification[0m [1;30mLevel 1[0m _identify(runs) by extensions ['colcon_meta']
[0.246s] [34mcolcon.colcon_core.package_identification[0m [1;30mLevel 1[0m _identify(runs) by extension 'colcon_meta'
[0.246s] [34mcolcon.colcon_core.package_identification[0m [1;30mLevel 1[0m _identify(runs) by extensions ['ros']
[0.246s] [34mcolcon.colcon_core.package_identification[0m [1;30mLevel 1[0m _identify(runs) by extension 'ros'
[0.246s] [34mcolcon.colcon_core.package_identification[0m [1;30mLevel 1[0m _identify(runs) by extensions ['cmake', 'python']
[0.246s] [34mcolcon.colcon_core.package_identification[0m [1;30mLevel 1[0m _identify(runs) by extension 'cmake'
[0.246s] [34mcolcon.colcon_core.package_identification[0m [1;30mLevel 1[0m _identify(runs) by extension 'python'
[0.246s] [34mcolcon.colcon_core.package_identification[0m [1;30mLevel 1[0m _identify(runs) by extensions ['python_setup_py']
[0.246s] [34mcolcon.colcon_core.package_identification[0m [1;30mLevel 1[0m _identify(runs) by extension 'python_setup_py'
[0.246s] [34mcolcon.colcon_core.package_identification[0m [1;30mLevel 1[0m _identify(runs/detect) by extensions ['ignore', 'ignore_ament_install']
[0.246s] [34mcolcon.colcon_core.package_identification[0m [1;30mLevel 1[0m _identify(runs/detect) by extension 'ignore'
[0.246s] [34mcolcon.colcon_core.package_identification[0m [1;30mLevel 1[0m _identify(runs/detect) by extension 'ignore_ament_install'
[0.246s] [34mcolcon.colcon_core.package_identification[0m [1;30mLevel 1[0m _identify(runs/detect) by extensions ['colcon_pkg']
[0.246s] [34mcolcon.colcon_core.package_identification[0m [1;30mLevel 1[0m _identify(runs/detect) by extension 'colcon_pkg'
[0.246s] [34mcolcon.colcon_core.package_identification[0m [1;30mLevel 1[0m _identify(runs/detect) by extensions ['colcon_meta']
[0.246s] [34mcolcon.colcon_core.package_identification[0m [1;30mLevel 1[0m _identify(runs/detect) by extension 'colcon_meta'
[0.246s] [34mcolcon.colcon_core.package_identification[0m [1;30mLevel 1[0m _identify(runs/detect) by extensions ['ros']
[0.246s] [34mcolcon.colcon_core.package_identification[0m [1;30mLevel 1[0m _identify(runs/detect) by extension 'ros'
[0.246s] [34mcolcon.colcon_core.package_identification[0m [1;30mLevel 1[0m _identify(runs/detect) by extensions ['cmake', 'python']
[0.246s] [34mcolcon.colcon_core.package_identification[0m [1;30mLevel 1[0m _identify(runs/detect) by extension 'cmake'
[0.246s] [34mcolcon.colcon_core.package_identification[0m [1;30mLevel 1[0m _identify(runs/detect) by extension 'python'
[0.246s] [34mcolcon.colcon_core.package_identification[0m [1;30mLevel 1[0m _identify(runs/detect) by extensions ['python_setup_py']
[0.246s] [34mcolcon.colcon_core.package_identification[0m [1;30mLevel 1[0m _identify(runs/detect) by extension 'python_setup_py'
[0.246s] [34mcolcon.colcon_core.package_identification[0m [1;30mLevel 1[0m _identify(runs/detect/predict) by extensions ['ignore', 'ignore_ament_install']
[0.246s] [34mcolcon.colcon_core.package_identification[0m [1;30mLevel 1[0m _identify(runs/detect/predict) by extension 'ignore'
[0.246s] [34mcolcon.colcon_core.package_identification[0m [1;30mLevel 1[0m _identify(runs/detect/predict) by extension 'ignore_ament_install'
[0.246s] [34mcolcon.colcon_core.package_identification[0m [1;30mLevel 1[0m _identify(runs/detect/predict) by extensions ['colcon_pkg']
[0.246s] [34mcolcon.colcon_core.package_identification[0m [1;30mLevel 1[0m _identify(runs/detect/predict) by extension 'colcon_pkg'
[0.246s] [34mcolcon.colcon_core.package_identification[0m [1;30mLevel 1[0m _identify(runs/detect/predict) by extensions ['colcon_meta']
[0.246s] [34mcolcon.colcon_core.package_identification[0m [1;30mLevel 1[0m _identify(runs/detect/predict) by extension 'colcon_meta'
[0.247s] [34mcolcon.colcon_core.package_identification[0m [1;30mLevel 1[0m _identify(runs/detect/predict) by extensions ['ros']
[0.247s] [34mcolcon.colcon_core.package_identification[0m [1;30mLevel 1[0m _identify(runs/detect/predict) by extension 'ros'
[0.247s] [34mcolcon.colcon_core.package_identification[0m [1;30mLevel 1[0m _identify(runs/detect/predict) by extensions ['cmake', 'python']
[0.247s] [34mcolcon.colcon_core.package_identification[0m [1;30mLevel 1[0m _identify(runs/detect/predict) by extension 'cmake'
[0.247s] [34mcolcon.colcon_core.package_identification[0m [1;30mLevel 1[0m _identify(runs/detect/predict) by extension 'python'
[0.247s] [34mcolcon.colcon_core.package_identification[0m [1;30mLevel 1[0m _identify(runs/detect/predict) by extensions ['python_setup_py']
[0.247s] [34mcolcon.colcon_core.package_identification[0m [1;30mLevel 1[0m _identify(runs/detect/predict) by extension 'python_setup_py'
[0.247s] [34mcolcon.colcon_core.package_identification[0m [1;30mLevel 1[0m _identify(yolo_training) by extensions ['ignore', 'ignore_ament_install']
[0.247s] [34mcolcon.colcon_core.package_identification[0m [1;30mLevel 1[0m _identify(yolo_training) by extension 'ignore'
[0.247s] [34mcolcon.colcon_core.package_identification[0m [1;30mLevel 1[0m _identify(yolo_training) by extension 'ignore_ament_install'
[0.247s] [34mcolcon.colcon_core.package_identification[0m [1;30mLevel 1[0m _identify(yolo_training) by extensions ['colcon_pkg']
[0.247s] [34mcolcon.colcon_core.package_identification[0m [1;30mLevel 1[0m _identify(yolo_training) by extension 'colcon_pkg'
[0.247s] [34mcolcon.colcon_core.package_identification[0m [1;30mLevel 1[0m _identify(yolo_training) by extensions ['colcon_meta']
[0.247s] [34mcolcon.colcon_core.package_identification[0m [1;30mLevel 1[0m _identify(yolo_training) by extension 'colcon_meta'
[0.247s] [34mcolcon.colcon_core.package_identification[0m [1;30mLevel 1[0m _identify(yolo_training) by extensions ['ros']
[0.247s] [34mcolcon.colcon_core.package_identification[0m [1;30mLevel 1[0m _identify(yolo_training) by extension 'ros'
[0.247s] [34mcolcon.colcon_core.package_identification[0m [1;30mLevel 1[0m _identify(yolo_training) by extensions ['cmake', 'python']
[0.247s] [34mcolcon.colcon_core.package_identification[0m [1;30mLevel 1[0m _identify(yolo_training) by extension 'cmake'
[0.247s] [34mcolcon.colcon_core.package_identification[0m [1;30mLevel 1[0m _identify(yolo_training) by extension 'python'
[0.247s] [34mcolcon.colcon_core.package_identification[0m [1;30mLevel 1[0m _identify(yolo_training) by extensions ['python_setup_py']
[0.247s] [34mcolcon.colcon_core.package_identification[0m [1;30mLevel 1[0m _identify(yolo_training) by extension 'python_setup_py'
[0.247s] [34mcolcon.colcon_core.package_identification[0m [1;30mLevel 1[0m _identify(yolo_training/11classnew) by extensions ['ignore', 'ignore_ament_install']
[0.247s] [34mcolcon.colcon_core.package_identification[0m [1;30mLevel 1[0m _identify(yolo_training/11classnew) by extension 'ignore'
[0.247s] [34mcolcon.colcon_core.package_identification[0m [1;30mLevel 1[0m _identify(yolo_training/11classnew) by extension 'ignore_ament_install'
[0.247s] [34mcolcon.colcon_core.package_identification[0m [1;30mLevel 1[0m _identify(yolo_training/11classnew) by extensions ['colcon_pkg']
[0.247s] [34mcolcon.colcon_core.package_identification[0m [1;30mLevel 1[0m _identify(yolo_training/11classnew) by extension 'colcon_pkg'
[0.247s] [34mcolcon.colcon_core.package_identification[0m [1;30mLevel 1[0m _identify(yolo_training/11classnew) by extensions ['colcon_meta']
[0.247s] [34mcolcon.colcon_core.package_identification[0m [1;30mLevel 1[0m _identify(yolo_training/11classnew) by extension 'colcon_meta'
[0.247s] [34mcolcon.colcon_core.package_identification[0m [1;30mLevel 1[0m _identify(yolo_training/11classnew) by extensions ['ros']
[0.247s] [34mcolcon.colcon_core.package_identification[0m [1;30mLevel 1[0m _identify(yolo_training/11classnew) by extension 'ros'
[0.247s] [34mcolcon.colcon_core.package_identification[0m [1;30mLevel 1[0m _identify(yolo_training/11classnew) by extensions ['cmake', 'python']
[0.247s] [34mcolcon.colcon_core.package_identification[0m [1;30mLevel 1[0m _identify(yolo_training/11classnew) by extension 'cmake'
[0.247s] [34mcolcon.colcon_core.package_identification[0m [1;30mLevel 1[0m _identify(yolo_training/11classnew) by extension 'python'
[0.247s] [34mcolcon.colcon_core.package_identification[0m [1;30mLevel 1[0m _identify(yolo_training/11classnew) by extensions ['python_setup_py']
[0.247s] [34mcolcon.colcon_core.package_identification[0m [1;30mLevel 1[0m _identify(yolo_training/11classnew) by extension 'python_setup_py'
[0.247s] [34mcolcon.colcon_core.package_identification[0m [1;30mLevel 1[0m _identify(yolo_training/11classnew/backups) by extensions ['ignore', 'ignore_ament_install']
[0.247s] [34mcolcon.colcon_core.package_identification[0m [1;30mLevel 1[0m _identify(yolo_training/11classnew/backups) by extension 'ignore'
[0.247s] [34mcolcon.colcon_core.package_identification[0m [1;30mLevel 1[0m _identify(yolo_training/11classnew/backups) by extension 'ignore_ament_install'
[0.247s] [34mcolcon.colcon_core.package_identification[0m [1;30mLevel 1[0m _identify(yolo_training/11classnew/backups) by extensions ['colcon_pkg']
[0.247s] [34mcolcon.colcon_core.package_identification[0m [1;30mLevel 1[0m _identify(yolo_training/11classnew/backups) by extension 'colcon_pkg'
[0.247s] [34mcolcon.colcon_core.package_identification[0m [1;30mLevel 1[0m _identify(yolo_training/11classnew/backups) by extensions ['colcon_meta']
[0.248s] [34mcolcon.colcon_core.package_identification[0m [1;30mLevel 1[0m _identify(yolo_training/11classnew/backups) by extension 'colcon_meta'
[0.248s] [34mcolcon.colcon_core.package_identification[0m [1;30mLevel 1[0m _identify(yolo_training/11classnew/backups) by extensions ['ros']
[0.248s] [34mcolcon.colcon_core.package_identification[0m [1;30mLevel 1[0m _identify(yolo_training/11classnew/backups) by extension 'ros'
[0.248s] [34mcolcon.colcon_core.package_identification[0m [1;30mLevel 1[0m _identify(yolo_training/11classnew/backups) by extensions ['cmake', 'python']
[0.248s] [34mcolcon.colcon_core.package_identification[0m [1;30mLevel 1[0m _identify(yolo_training/11classnew/backups) by extension 'cmake'
[0.248s] [34mcolcon.colcon_core.package_identification[0m [1;30mLevel 1[0m _identify(yolo_training/11classnew/backups) by extension 'python'
[0.248s] [34mcolcon.colcon_core.package_identification[0m [1;30mLevel 1[0m _identify(yolo_training/11classnew/backups) by extensions ['python_setup_py']
[0.248s] [34mcolcon.colcon_core.package_identification[0m [1;30mLevel 1[0m _identify(yolo_training/11classnew/backups) by extension 'python_setup_py'
[0.248s] [34mcolcon.colcon_core.package_identification[0m [1;30mLevel 1[0m _identify(yolo_training/11classnew/balanced_augmented_dataset) by extensions ['ignore', 'ignore_ament_install']
[0.248s] [34mcolcon.colcon_core.package_identification[0m [1;30mLevel 1[0m _identify(yolo_training/11classnew/balanced_augmented_dataset) by extension 'ignore'
[0.248s] [34mcolcon.colcon_core.package_identification[0m [1;30mLevel 1[0m _identify(yolo_training/11classnew/balanced_augmented_dataset) by extension 'ignore_ament_install'
[0.248s] [34mcolcon.colcon_core.package_identification[0m [1;30mLevel 1[0m _identify(yolo_training/11classnew/balanced_augmented_dataset) by extensions ['colcon_pkg']
[0.248s] [34mcolcon.colcon_core.package_identification[0m [1;30mLevel 1[0m _identify(yolo_training/11classnew/balanced_augmented_dataset) by extension 'colcon_pkg'
[0.248s] [34mcolcon.colcon_core.package_identification[0m [1;30mLevel 1[0m _identify(yolo_training/11classnew/balanced_augmented_dataset) by extensions ['colcon_meta']
[0.248s] [34mcolcon.colcon_core.package_identification[0m [1;30mLevel 1[0m _identify(yolo_training/11classnew/balanced_augmented_dataset) by extension 'colcon_meta'
[0.248s] [34mcolcon.colcon_core.package_identification[0m [1;30mLevel 1[0m _identify(yolo_training/11classnew/balanced_augmented_dataset) by extensions ['ros']
[0.248s] [34mcolcon.colcon_core.package_identification[0m [1;30mLevel 1[0m _identify(yolo_training/11classnew/balanced_augmented_dataset) by extension 'ros'
[0.248s] [34mcolcon.colcon_core.package_identification[0m [1;30mLevel 1[0m _identify(yolo_training/11classnew/balanced_augmented_dataset) by extensions ['cmake', 'python']
[0.248s] [34mcolcon.colcon_core.package_identification[0m [1;30mLevel 1[0m _identify(yolo_training/11classnew/balanced_augmented_dataset) by extension 'cmake'
[0.248s] [34mcolcon.colcon_core.package_identification[0m [1;30mLevel 1[0m _identify(yolo_training/11classnew/balanced_augmented_dataset) by extension 'python'
[0.248s] [34mcolcon.colcon_core.package_identification[0m [1;30mLevel 1[0m _identify(yolo_training/11classnew/balanced_augmented_dataset) by extensions ['python_setup_py']
[0.248s] [34mcolcon.colcon_core.package_identification[0m [1;30mLevel 1[0m _identify(yolo_training/11classnew/balanced_augmented_dataset) by extension 'python_setup_py'
[0.248s] [34mcolcon.colcon_core.package_identification[0m [1;30mLevel 1[0m _identify(yolo_training/11classnew/balanced_augmented_dataset/test) by extensions ['ignore', 'ignore_ament_install']
[0.248s] [34mcolcon.colcon_core.package_identification[0m [1;30mLevel 1[0m _identify(yolo_training/11classnew/balanced_augmented_dataset/test) by extension 'ignore'
[0.248s] [34mcolcon.colcon_core.package_identification[0m [1;30mLevel 1[0m _identify(yolo_training/11classnew/balanced_augmented_dataset/test) by extension 'ignore_ament_install'
[0.248s] [34mcolcon.colcon_core.package_identification[0m [1;30mLevel 1[0m _identify(yolo_training/11classnew/balanced_augmented_dataset/test) by extensions ['colcon_pkg']
[0.248s] [34mcolcon.colcon_core.package_identification[0m [1;30mLevel 1[0m _identify(yolo_training/11classnew/balanced_augmented_dataset/test) by extension 'colcon_pkg'
[0.248s] [34mcolcon.colcon_core.package_identification[0m [1;30mLevel 1[0m _identify(yolo_training/11classnew/balanced_augmented_dataset/test) by extensions ['colcon_meta']
[0.248s] [34mcolcon.colcon_core.package_identification[0m [1;30mLevel 1[0m _identify(yolo_training/11classnew/balanced_augmented_dataset/test) by extension 'colcon_meta'
[0.248s] [34mcolcon.colcon_core.package_identification[0m [1;30mLevel 1[0m _identify(yolo_training/11classnew/balanced_augmented_dataset/test) by extensions ['ros']
[0.248s] [34mcolcon.colcon_core.package_identification[0m [1;30mLevel 1[0m _identify(yolo_training/11classnew/balanced_augmented_dataset/test) by extension 'ros'
[0.248s] [34mcolcon.colcon_core.package_identification[0m [1;30mLevel 1[0m _identify(yolo_training/11classnew/balanced_augmented_dataset/test) by extensions ['cmake', 'python']
[0.248s] [34mcolcon.colcon_core.package_identification[0m [1;30mLevel 1[0m _identify(yolo_training/11classnew/balanced_augmented_dataset/test) by extension 'cmake'
[0.248s] [34mcolcon.colcon_core.package_identification[0m [1;30mLevel 1[0m _identify(yolo_training/11classnew/balanced_augmented_dataset/test) by extension 'python'
[0.248s] [34mcolcon.colcon_core.package_identification[0m [1;30mLevel 1[0m _identify(yolo_training/11classnew/balanced_augmented_dataset/test) by extensions ['python_setup_py']
[0.248s] [34mcolcon.colcon_core.package_identification[0m [1;30mLevel 1[0m _identify(yolo_training/11classnew/balanced_augmented_dataset/test) by extension 'python_setup_py'
[0.249s] [34mcolcon.colcon_core.package_identification[0m [1;30mLevel 1[0m _identify(yolo_training/11classnew/balanced_augmented_dataset/test/images) by extensions ['ignore', 'ignore_ament_install']
[0.249s] [34mcolcon.colcon_core.package_identification[0m [1;30mLevel 1[0m _identify(yolo_training/11classnew/balanced_augmented_dataset/test/images) by extension 'ignore'
[0.249s] [34mcolcon.colcon_core.package_identification[0m [1;30mLevel 1[0m _identify(yolo_training/11classnew/balanced_augmented_dataset/test/images) by extension 'ignore_ament_install'
[0.249s] [34mcolcon.colcon_core.package_identification[0m [1;30mLevel 1[0m _identify(yolo_training/11classnew/balanced_augmented_dataset/test/images) by extensions ['colcon_pkg']
[0.249s] [34mcolcon.colcon_core.package_identification[0m [1;30mLevel 1[0m _identify(yolo_training/11classnew/balanced_augmented_dataset/test/images) by extension 'colcon_pkg'
[0.249s] [34mcolcon.colcon_core.package_identification[0m [1;30mLevel 1[0m _identify(yolo_training/11classnew/balanced_augmented_dataset/test/images) by extensions ['colcon_meta']
[0.249s] [34mcolcon.colcon_core.package_identification[0m [1;30mLevel 1[0m _identify(yolo_training/11classnew/balanced_augmented_dataset/test/images) by extension 'colcon_meta'
[0.249s] [34mcolcon.colcon_core.package_identification[0m [1;30mLevel 1[0m _identify(yolo_training/11classnew/balanced_augmented_dataset/test/images) by extensions ['ros']
[0.249s] [34mcolcon.colcon_core.package_identification[0m [1;30mLevel 1[0m _identify(yolo_training/11classnew/balanced_augmented_dataset/test/images) by extension 'ros'
[0.249s] [34mcolcon.colcon_core.package_identification[0m [1;30mLevel 1[0m _identify(yolo_training/11classnew/balanced_augmented_dataset/test/images) by extensions ['cmake', 'python']
[0.249s] [34mcolcon.colcon_core.package_identification[0m [1;30mLevel 1[0m _identify(yolo_training/11classnew/balanced_augmented_dataset/test/images) by extension 'cmake'
[0.249s] [34mcolcon.colcon_core.package_identification[0m [1;30mLevel 1[0m _identify(yolo_training/11classnew/balanced_augmented_dataset/test/images) by extension 'python'
[0.249s] [34mcolcon.colcon_core.package_identification[0m [1;30mLevel 1[0m _identify(yolo_training/11classnew/balanced_augmented_dataset/test/images) by extensions ['python_setup_py']
[0.249s] [34mcolcon.colcon_core.package_identification[0m [1;30mLevel 1[0m _identify(yolo_training/11classnew/balanced_augmented_dataset/test/images) by extension 'python_setup_py'
[0.250s] [34mcolcon.colcon_core.package_identification[0m [1;30mLevel 1[0m _identify(yolo_training/11classnew/balanced_augmented_dataset/test/labels) by extensions ['ignore', 'ignore_ament_install']
[0.250s] [34mcolcon.colcon_core.package_identification[0m [1;30mLevel 1[0m _identify(yolo_training/11classnew/balanced_augmented_dataset/test/labels) by extension 'ignore'
[0.250s] [34mcolcon.colcon_core.package_identification[0m [1;30mLevel 1[0m _identify(yolo_training/11classnew/balanced_augmented_dataset/test/labels) by extension 'ignore_ament_install'
[0.250s] [34mcolcon.colcon_core.package_identification[0m [1;30mLevel 1[0m _identify(yolo_training/11classnew/balanced_augmented_dataset/test/labels) by extensions ['colcon_pkg']
[0.250s] [34mcolcon.colcon_core.package_identification[0m [1;30mLevel 1[0m _identify(yolo_training/11classnew/balanced_augmented_dataset/test/labels) by extension 'colcon_pkg'
[0.250s] [34mcolcon.colcon_core.package_identification[0m [1;30mLevel 1[0m _identify(yolo_training/11classnew/balanced_augmented_dataset/test/labels) by extensions ['colcon_meta']
[0.250s] [34mcolcon.colcon_core.package_identification[0m [1;30mLevel 1[0m _identify(yolo_training/11classnew/balanced_augmented_dataset/test/labels) by extension 'colcon_meta'
[0.250s] [34mcolcon.colcon_core.package_identification[0m [1;30mLevel 1[0m _identify(yolo_training/11classnew/balanced_augmented_dataset/test/labels) by extensions ['ros']
[0.250s] [34mcolcon.colcon_core.package_identification[0m [1;30mLevel 1[0m _identify(yolo_training/11classnew/balanced_augmented_dataset/test/labels) by extension 'ros'
[0.250s] [34mcolcon.colcon_core.package_identification[0m [1;30mLevel 1[0m _identify(yolo_training/11classnew/balanced_augmented_dataset/test/labels) by extensions ['cmake', 'python']
[0.250s] [34mcolcon.colcon_core.package_identification[0m [1;30mLevel 1[0m _identify(yolo_training/11classnew/balanced_augmented_dataset/test/labels) by extension 'cmake'
[0.250s] [34mcolcon.colcon_core.package_identification[0m [1;30mLevel 1[0m _identify(yolo_training/11classnew/balanced_augmented_dataset/test/labels) by extension 'python'
[0.250s] [34mcolcon.colcon_core.package_identification[0m [1;30mLevel 1[0m _identify(yolo_training/11classnew/balanced_augmented_dataset/test/labels) by extensions ['python_setup_py']
[0.250s] [34mcolcon.colcon_core.package_identification[0m [1;30mLevel 1[0m _identify(yolo_training/11classnew/balanced_augmented_dataset/test/labels) by extension 'python_setup_py'
[0.250s] [34mcolcon.colcon_core.package_identification[0m [1;30mLevel 1[0m _identify(yolo_training/11classnew/balanced_augmented_dataset/train) by extensions ['ignore', 'ignore_ament_install']
[0.250s] [34mcolcon.colcon_core.package_identification[0m [1;30mLevel 1[0m _identify(yolo_training/11classnew/balanced_augmented_dataset/train) by extension 'ignore'
[0.250s] [34mcolcon.colcon_core.package_identification[0m [1;30mLevel 1[0m _identify(yolo_training/11classnew/balanced_augmented_dataset/train) by extension 'ignore_ament_install'
[0.250s] [34mcolcon.colcon_core.package_identification[0m [1;30mLevel 1[0m _identify(yolo_training/11classnew/balanced_augmented_dataset/train) by extensions ['colcon_pkg']
[0.250s] [34mcolcon.colcon_core.package_identification[0m [1;30mLevel 1[0m _identify(yolo_training/11classnew/balanced_augmented_dataset/train) by extension 'colcon_pkg'
[0.250s] [34mcolcon.colcon_core.package_identification[0m [1;30mLevel 1[0m _identify(yolo_training/11classnew/balanced_augmented_dataset/train) by extensions ['colcon_meta']
[0.250s] [34mcolcon.colcon_core.package_identification[0m [1;30mLevel 1[0m _identify(yolo_training/11classnew/balanced_augmented_dataset/train) by extension 'colcon_meta'
[0.250s] [34mcolcon.colcon_core.package_identification[0m [1;30mLevel 1[0m _identify(yolo_training/11classnew/balanced_augmented_dataset/train) by extensions ['ros']
[0.250s] [34mcolcon.colcon_core.package_identification[0m [1;30mLevel 1[0m _identify(yolo_training/11classnew/balanced_augmented_dataset/train) by extension 'ros'
[0.251s] [34mcolcon.colcon_core.package_identification[0m [1;30mLevel 1[0m _identify(yolo_training/11classnew/balanced_augmented_dataset/train) by extensions ['cmake', 'python']
[0.251s] [34mcolcon.colcon_core.package_identification[0m [1;30mLevel 1[0m _identify(yolo_training/11classnew/balanced_augmented_dataset/train) by extension 'cmake'
[0.251s] [34mcolcon.colcon_core.package_identification[0m [1;30mLevel 1[0m _identify(yolo_training/11classnew/balanced_augmented_dataset/train) by extension 'python'
[0.251s] [34mcolcon.colcon_core.package_identification[0m [1;30mLevel 1[0m _identify(yolo_training/11classnew/balanced_augmented_dataset/train) by extensions ['python_setup_py']
[0.251s] [34mcolcon.colcon_core.package_identification[0m [1;30mLevel 1[0m _identify(yolo_training/11classnew/balanced_augmented_dataset/train) by extension 'python_setup_py'
[0.274s] [34mcolcon.colcon_core.package_identification[0m [1;30mLevel 1[0m _identify(yolo_training/11classnew/balanced_augmented_dataset/train/images) by extensions ['ignore', 'ignore_ament_install']
[0.274s] [34mcolcon.colcon_core.package_identification[0m [1;30mLevel 1[0m _identify(yolo_training/11classnew/balanced_augmented_dataset/train/images) by extension 'ignore'
[0.274s] [34mcolcon.colcon_core.package_identification[0m [1;30mLevel 1[0m _identify(yolo_training/11classnew/balanced_augmented_dataset/train/images) by extension 'ignore_ament_install'
[0.274s] [34mcolcon.colcon_core.package_identification[0m [1;30mLevel 1[0m _identify(yolo_training/11classnew/balanced_augmented_dataset/train/images) by extensions ['colcon_pkg']
[0.274s] [34mcolcon.colcon_core.package_identification[0m [1;30mLevel 1[0m _identify(yolo_training/11classnew/balanced_augmented_dataset/train/images) by extension 'colcon_pkg'
[0.274s] [34mcolcon.colcon_core.package_identification[0m [1;30mLevel 1[0m _identify(yolo_training/11classnew/balanced_augmented_dataset/train/images) by extensions ['colcon_meta']
[0.274s] [34mcolcon.colcon_core.package_identification[0m [1;30mLevel 1[0m _identify(yolo_training/11classnew/balanced_augmented_dataset/train/images) by extension 'colcon_meta'
[0.274s] [34mcolcon.colcon_core.package_identification[0m [1;30mLevel 1[0m _identify(yolo_training/11classnew/balanced_augmented_dataset/train/images) by extensions ['ros']
[0.274s] [34mcolcon.colcon_core.package_identification[0m [1;30mLevel 1[0m _identify(yolo_training/11classnew/balanced_augmented_dataset/train/images) by extension 'ros'
[0.275s] [34mcolcon.colcon_core.package_identification[0m [1;30mLevel 1[0m _identify(yolo_training/11classnew/balanced_augmented_dataset/train/images) by extensions ['cmake', 'python']
[0.275s] [34mcolcon.colcon_core.package_identification[0m [1;30mLevel 1[0m _identify(yolo_training/11classnew/balanced_augmented_dataset/train/images) by extension 'cmake'
[0.275s] [34mcolcon.colcon_core.package_identification[0m [1;30mLevel 1[0m _identify(yolo_training/11classnew/balanced_augmented_dataset/train/images) by extension 'python'
[0.275s] [34mcolcon.colcon_core.package_identification[0m [1;30mLevel 1[0m _identify(yolo_training/11classnew/balanced_augmented_dataset/train/images) by extensions ['python_setup_py']
[0.275s] [34mcolcon.colcon_core.package_identification[0m [1;30mLevel 1[0m _identify(yolo_training/11classnew/balanced_augmented_dataset/train/images) by extension 'python_setup_py'
[0.299s] [34mcolcon.colcon_core.package_identification[0m [1;30mLevel 1[0m _identify(yolo_training/11classnew/balanced_augmented_dataset/train/labels) by extensions ['ignore', 'ignore_ament_install']
[0.299s] [34mcolcon.colcon_core.package_identification[0m [1;30mLevel 1[0m _identify(yolo_training/11classnew/balanced_augmented_dataset/train/labels) by extension 'ignore'
[0.299s] [34mcolcon.colcon_core.package_identification[0m [1;30mLevel 1[0m _identify(yolo_training/11classnew/balanced_augmented_dataset/train/labels) by extension 'ignore_ament_install'
[0.299s] [34mcolcon.colcon_core.package_identification[0m [1;30mLevel 1[0m _identify(yolo_training/11classnew/balanced_augmented_dataset/train/labels) by extensions ['colcon_pkg']
[0.299s] [34mcolcon.colcon_core.package_identification[0m [1;30mLevel 1[0m _identify(yolo_training/11classnew/balanced_augmented_dataset/train/labels) by extension 'colcon_pkg'
[0.299s] [34mcolcon.colcon_core.package_identification[0m [1;30mLevel 1[0m _identify(yolo_training/11classnew/balanced_augmented_dataset/train/labels) by extensions ['colcon_meta']
[0.299s] [34mcolcon.colcon_core.package_identification[0m [1;30mLevel 1[0m _identify(yolo_training/11classnew/balanced_augmented_dataset/train/labels) by extension 'colcon_meta'
[0.299s] [34mcolcon.colcon_core.package_identification[0m [1;30mLevel 1[0m _identify(yolo_training/11classnew/balanced_augmented_dataset/train/labels) by extensions ['ros']
[0.299s] [34mcolcon.colcon_core.package_identification[0m [1;30mLevel 1[0m _identify(yolo_training/11classnew/balanced_augmented_dataset/train/labels) by extension 'ros'
[0.299s] [34mcolcon.colcon_core.package_identification[0m [1;30mLevel 1[0m _identify(yolo_training/11classnew/balanced_augmented_dataset/train/labels) by extensions ['cmake', 'python']
[0.299s] [34mcolcon.colcon_core.package_identification[0m [1;30mLevel 1[0m _identify(yolo_training/11classnew/balanced_augmented_dataset/train/labels) by extension 'cmake'
[0.299s] [34mcolcon.colcon_core.package_identification[0m [1;30mLevel 1[0m _identify(yolo_training/11classnew/balanced_augmented_dataset/train/labels) by extension 'python'
[0.299s] [34mcolcon.colcon_core.package_identification[0m [1;30mLevel 1[0m _identify(yolo_training/11classnew/balanced_augmented_dataset/train/labels) by extensions ['python_setup_py']
[0.299s] [34mcolcon.colcon_core.package_identification[0m [1;30mLevel 1[0m _identify(yolo_training/11classnew/balanced_augmented_dataset/train/labels) by extension 'python_setup_py'
[0.300s] [34mcolcon.colcon_core.package_identification[0m [1;30mLevel 1[0m _identify(yolo_training/11classnew/balanced_augmented_dataset/val) by extensions ['ignore', 'ignore_ament_install']
[0.300s] [34mcolcon.colcon_core.package_identification[0m [1;30mLevel 1[0m _identify(yolo_training/11classnew/balanced_augmented_dataset/val) by extension 'ignore'
[0.300s] [34mcolcon.colcon_core.package_identification[0m [1;30mLevel 1[0m _identify(yolo_training/11classnew/balanced_augmented_dataset/val) by extension 'ignore_ament_install'
[0.300s] [34mcolcon.colcon_core.package_identification[0m [1;30mLevel 1[0m _identify(yolo_training/11classnew/balanced_augmented_dataset/val) by extensions ['colcon_pkg']
[0.300s] [34mcolcon.colcon_core.package_identification[0m [1;30mLevel 1[0m _identify(yolo_training/11classnew/balanced_augmented_dataset/val) by extension 'colcon_pkg'
[0.300s] [34mcolcon.colcon_core.package_identification[0m [1;30mLevel 1[0m _identify(yolo_training/11classnew/balanced_augmented_dataset/val) by extensions ['colcon_meta']
[0.300s] [34mcolcon.colcon_core.package_identification[0m [1;30mLevel 1[0m _identify(yolo_training/11classnew/balanced_augmented_dataset/val) by extension 'colcon_meta'
[0.300s] [34mcolcon.colcon_core.package_identification[0m [1;30mLevel 1[0m _identify(yolo_training/11classnew/balanced_augmented_dataset/val) by extensions ['ros']
[0.300s] [34mcolcon.colcon_core.package_identification[0m [1;30mLevel 1[0m _identify(yolo_training/11classnew/balanced_augmented_dataset/val) by extension 'ros'
[0.300s] [34mcolcon.colcon_core.package_identification[0m [1;30mLevel 1[0m _identify(yolo_training/11classnew/balanced_augmented_dataset/val) by extensions ['cmake', 'python']
[0.300s] [34mcolcon.colcon_core.package_identification[0m [1;30mLevel 1[0m _identify(yolo_training/11classnew/balanced_augmented_dataset/val) by extension 'cmake'
[0.300s] [34mcolcon.colcon_core.package_identification[0m [1;30mLevel 1[0m _identify(yolo_training/11classnew/balanced_augmented_dataset/val) by extension 'python'
[0.300s] [34mcolcon.colcon_core.package_identification[0m [1;30mLevel 1[0m _identify(yolo_training/11classnew/balanced_augmented_dataset/val) by extensions ['python_setup_py']
[0.300s] [34mcolcon.colcon_core.package_identification[0m [1;30mLevel 1[0m _identify(yolo_training/11classnew/balanced_augmented_dataset/val) by extension 'python_setup_py'
[0.301s] [34mcolcon.colcon_core.package_identification[0m [1;30mLevel 1[0m _identify(yolo_training/11classnew/balanced_augmented_dataset/val/images) by extensions ['ignore', 'ignore_ament_install']
[0.301s] [34mcolcon.colcon_core.package_identification[0m [1;30mLevel 1[0m _identify(yolo_training/11classnew/balanced_augmented_dataset/val/images) by extension 'ignore'
[0.301s] [34mcolcon.colcon_core.package_identification[0m [1;30mLevel 1[0m _identify(yolo_training/11classnew/balanced_augmented_dataset/val/images) by extension 'ignore_ament_install'
[0.301s] [34mcolcon.colcon_core.package_identification[0m [1;30mLevel 1[0m _identify(yolo_training/11classnew/balanced_augmented_dataset/val/images) by extensions ['colcon_pkg']
[0.301s] [34mcolcon.colcon_core.package_identification[0m [1;30mLevel 1[0m _identify(yolo_training/11classnew/balanced_augmented_dataset/val/images) by extension 'colcon_pkg'
[0.301s] [34mcolcon.colcon_core.package_identification[0m [1;30mLevel 1[0m _identify(yolo_training/11classnew/balanced_augmented_dataset/val/images) by extensions ['colcon_meta']
[0.301s] [34mcolcon.colcon_core.package_identification[0m [1;30mLevel 1[0m _identify(yolo_training/11classnew/balanced_augmented_dataset/val/images) by extension 'colcon_meta'
[0.301s] [34mcolcon.colcon_core.package_identification[0m [1;30mLevel 1[0m _identify(yolo_training/11classnew/balanced_augmented_dataset/val/images) by extensions ['ros']
[0.301s] [34mcolcon.colcon_core.package_identification[0m [1;30mLevel 1[0m _identify(yolo_training/11classnew/balanced_augmented_dataset/val/images) by extension 'ros'
[0.301s] [34mcolcon.colcon_core.package_identification[0m [1;30mLevel 1[0m _identify(yolo_training/11classnew/balanced_augmented_dataset/val/images) by extensions ['cmake', 'python']
[0.301s] [34mcolcon.colcon_core.package_identification[0m [1;30mLevel 1[0m _identify(yolo_training/11classnew/balanced_augmented_dataset/val/images) by extension 'cmake'
[0.301s] [34mcolcon.colcon_core.package_identification[0m [1;30mLevel 1[0m _identify(yolo_training/11classnew/balanced_augmented_dataset/val/images) by extension 'python'
[0.301s] [34mcolcon.colcon_core.package_identification[0m [1;30mLevel 1[0m _identify(yolo_training/11classnew/balanced_augmented_dataset/val/images) by extensions ['python_setup_py']
[0.301s] [34mcolcon.colcon_core.package_identification[0m [1;30mLevel 1[0m _identify(yolo_training/11classnew/balanced_augmented_dataset/val/images) by extension 'python_setup_py'
[0.302s] [34mcolcon.colcon_core.package_identification[0m [1;30mLevel 1[0m _identify(yolo_training/11classnew/balanced_augmented_dataset/val/labels) by extensions ['ignore', 'ignore_ament_install']
[0.302s] [34mcolcon.colcon_core.package_identification[0m [1;30mLevel 1[0m _identify(yolo_training/11classnew/balanced_augmented_dataset/val/labels) by extension 'ignore'
[0.302s] [34mcolcon.colcon_core.package_identification[0m [1;30mLevel 1[0m _identify(yolo_training/11classnew/balanced_augmented_dataset/val/labels) by extension 'ignore_ament_install'
[0.302s] [34mcolcon.colcon_core.package_identification[0m [1;30mLevel 1[0m _identify(yolo_training/11classnew/balanced_augmented_dataset/val/labels) by extensions ['colcon_pkg']
[0.302s] [34mcolcon.colcon_core.package_identification[0m [1;30mLevel 1[0m _identify(yolo_training/11classnew/balanced_augmented_dataset/val/labels) by extension 'colcon_pkg'
[0.302s] [34mcolcon.colcon_core.package_identification[0m [1;30mLevel 1[0m _identify(yolo_training/11classnew/balanced_augmented_dataset/val/labels) by extensions ['colcon_meta']
[0.302s] [34mcolcon.colcon_core.package_identification[0m [1;30mLevel 1[0m _identify(yolo_training/11classnew/balanced_augmented_dataset/val/labels) by extension 'colcon_meta'
[0.302s] [34mcolcon.colcon_core.package_identification[0m [1;30mLevel 1[0m _identify(yolo_training/11classnew/balanced_augmented_dataset/val/labels) by extensions ['ros']
[0.302s] [34mcolcon.colcon_core.package_identification[0m [1;30mLevel 1[0m _identify(yolo_training/11classnew/balanced_augmented_dataset/val/labels) by extension 'ros'
[0.302s] [34mcolcon.colcon_core.package_identification[0m [1;30mLevel 1[0m _identify(yolo_training/11classnew/balanced_augmented_dataset/val/labels) by extensions ['cmake', 'python']
[0.302s] [34mcolcon.colcon_core.package_identification[0m [1;30mLevel 1[0m _identify(yolo_training/11classnew/balanced_augmented_dataset/val/labels) by extension 'cmake'
[0.302s] [34mcolcon.colcon_core.package_identification[0m [1;30mLevel 1[0m _identify(yolo_training/11classnew/balanced_augmented_dataset/val/labels) by extension 'python'
[0.302s] [34mcolcon.colcon_core.package_identification[0m [1;30mLevel 1[0m _identify(yolo_training/11classnew/balanced_augmented_dataset/val/labels) by extensions ['python_setup_py']
[0.302s] [34mcolcon.colcon_core.package_identification[0m [1;30mLevel 1[0m _identify(yolo_training/11classnew/balanced_augmented_dataset/val/labels) by extension 'python_setup_py'
[0.303s] [34mcolcon.colcon_core.package_identification[0m [1;30mLevel 1[0m _identify(yolo_training/11classnew/completed_merged_dataset) by extensions ['ignore', 'ignore_ament_install']
[0.303s] [34mcolcon.colcon_core.package_identification[0m [1;30mLevel 1[0m _identify(yolo_training/11classnew/completed_merged_dataset) by extension 'ignore'
[0.303s] [34mcolcon.colcon_core.package_identification[0m [1;30mLevel 1[0m _identify(yolo_training/11classnew/completed_merged_dataset) by extension 'ignore_ament_install'
[0.303s] [34mcolcon.colcon_core.package_identification[0m [1;30mLevel 1[0m _identify(yolo_training/11classnew/completed_merged_dataset) by extensions ['colcon_pkg']
[0.303s] [34mcolcon.colcon_core.package_identification[0m [1;30mLevel 1[0m _identify(yolo_training/11classnew/completed_merged_dataset) by extension 'colcon_pkg'
[0.303s] [34mcolcon.colcon_core.package_identification[0m [1;30mLevel 1[0m _identify(yolo_training/11classnew/completed_merged_dataset) by extensions ['colcon_meta']
[0.303s] [34mcolcon.colcon_core.package_identification[0m [1;30mLevel 1[0m _identify(yolo_training/11classnew/completed_merged_dataset) by extension 'colcon_meta'
[0.303s] [34mcolcon.colcon_core.package_identification[0m [1;30mLevel 1[0m _identify(yolo_training/11classnew/completed_merged_dataset) by extensions ['ros']
[0.303s] [34mcolcon.colcon_core.package_identification[0m [1;30mLevel 1[0m _identify(yolo_training/11classnew/completed_merged_dataset) by extension 'ros'
[0.303s] [34mcolcon.colcon_core.package_identification[0m [1;30mLevel 1[0m _identify(yolo_training/11classnew/completed_merged_dataset) by extensions ['cmake', 'python']
[0.303s] [34mcolcon.colcon_core.package_identification[0m [1;30mLevel 1[0m _identify(yolo_training/11classnew/completed_merged_dataset) by extension 'cmake'
[0.303s] [34mcolcon.colcon_core.package_identification[0m [1;30mLevel 1[0m _identify(yolo_training/11classnew/completed_merged_dataset) by extension 'python'
[0.303s] [34mcolcon.colcon_core.package_identification[0m [1;30mLevel 1[0m _identify(yolo_training/11classnew/completed_merged_dataset) by extensions ['python_setup_py']
[0.303s] [34mcolcon.colcon_core.package_identification[0m [1;30mLevel 1[0m _identify(yolo_training/11classnew/completed_merged_dataset) by extension 'python_setup_py'
[0.303s] [34mcolcon.colcon_core.package_identification[0m [1;30mLevel 1[0m _identify(yolo_training/11classnew/completed_merged_dataset/augmented_train) by extensions ['ignore', 'ignore_ament_install']
[0.303s] [34mcolcon.colcon_core.package_identification[0m [1;30mLevel 1[0m _identify(yolo_training/11classnew/completed_merged_dataset/augmented_train) by extension 'ignore'
[0.303s] [34mcolcon.colcon_core.package_identification[0m [1;30mLevel 1[0m _identify(yolo_training/11classnew/completed_merged_dataset/augmented_train) by extension 'ignore_ament_install'
[0.303s] [34mcolcon.colcon_core.package_identification[0m [1;30mLevel 1[0m _identify(yolo_training/11classnew/completed_merged_dataset/augmented_train) by extensions ['colcon_pkg']
[0.303s] [34mcolcon.colcon_core.package_identification[0m [1;30mLevel 1[0m _identify(yolo_training/11classnew/completed_merged_dataset/augmented_train) by extension 'colcon_pkg'
[0.303s] [34mcolcon.colcon_core.package_identification[0m [1;30mLevel 1[0m _identify(yolo_training/11classnew/completed_merged_dataset/augmented_train) by extensions ['colcon_meta']
[0.303s] [34mcolcon.colcon_core.package_identification[0m [1;30mLevel 1[0m _identify(yolo_training/11classnew/completed_merged_dataset/augmented_train) by extension 'colcon_meta'
[0.303s] [34mcolcon.colcon_core.package_identification[0m [1;30mLevel 1[0m _identify(yolo_training/11classnew/completed_merged_dataset/augmented_train) by extensions ['ros']
[0.303s] [34mcolcon.colcon_core.package_identification[0m [1;30mLevel 1[0m _identify(yolo_training/11classnew/completed_merged_dataset/augmented_train) by extension 'ros'
[0.303s] [34mcolcon.colcon_core.package_identification[0m [1;30mLevel 1[0m _identify(yolo_training/11classnew/completed_merged_dataset/augmented_train) by extensions ['cmake', 'python']
[0.303s] [34mcolcon.colcon_core.package_identification[0m [1;30mLevel 1[0m _identify(yolo_training/11classnew/completed_merged_dataset/augmented_train) by extension 'cmake'
[0.303s] [34mcolcon.colcon_core.package_identification[0m [1;30mLevel 1[0m _identify(yolo_training/11classnew/completed_merged_dataset/augmented_train) by extension 'python'
[0.303s] [34mcolcon.colcon_core.package_identification[0m [1;30mLevel 1[0m _identify(yolo_training/11classnew/completed_merged_dataset/augmented_train) by extensions ['python_setup_py']
[0.303s] [34mcolcon.colcon_core.package_identification[0m [1;30mLevel 1[0m _identify(yolo_training/11classnew/completed_merged_dataset/augmented_train) by extension 'python_setup_py'
[0.304s] [34mcolcon.colcon_core.package_identification[0m [1;30mLevel 1[0m _identify(yolo_training/11classnew/completed_merged_dataset/augmented_train/images) by extensions ['ignore', 'ignore_ament_install']
[0.304s] [34mcolcon.colcon_core.package_identification[0m [1;30mLevel 1[0m _identify(yolo_training/11classnew/completed_merged_dataset/augmented_train/images) by extension 'ignore'
[0.304s] [34mcolcon.colcon_core.package_identification[0m [1;30mLevel 1[0m _identify(yolo_training/11classnew/completed_merged_dataset/augmented_train/images) by extension 'ignore_ament_install'
[0.304s] [34mcolcon.colcon_core.package_identification[0m [1;30mLevel 1[0m _identify(yolo_training/11classnew/completed_merged_dataset/augmented_train/images) by extensions ['colcon_pkg']
[0.304s] [34mcolcon.colcon_core.package_identification[0m [1;30mLevel 1[0m _identify(yolo_training/11classnew/completed_merged_dataset/augmented_train/images) by extension 'colcon_pkg'
[0.304s] [34mcolcon.colcon_core.package_identification[0m [1;30mLevel 1[0m _identify(yolo_training/11classnew/completed_merged_dataset/augmented_train/images) by extensions ['colcon_meta']
[0.304s] [34mcolcon.colcon_core.package_identification[0m [1;30mLevel 1[0m _identify(yolo_training/11classnew/completed_merged_dataset/augmented_train/images) by extension 'colcon_meta'
[0.304s] [34mcolcon.colcon_core.package_identification[0m [1;30mLevel 1[0m _identify(yolo_training/11classnew/completed_merged_dataset/augmented_train/images) by extensions ['ros']
[0.304s] [34mcolcon.colcon_core.package_identification[0m [1;30mLevel 1[0m _identify(yolo_training/11classnew/completed_merged_dataset/augmented_train/images) by extension 'ros'
[0.304s] [34mcolcon.colcon_core.package_identification[0m [1;30mLevel 1[0m _identify(yolo_training/11classnew/completed_merged_dataset/augmented_train/images) by extensions ['cmake', 'python']
[0.304s] [34mcolcon.colcon_core.package_identification[0m [1;30mLevel 1[0m _identify(yolo_training/11classnew/completed_merged_dataset/augmented_train/images) by extension 'cmake'
[0.304s] [34mcolcon.colcon_core.package_identification[0m [1;30mLevel 1[0m _identify(yolo_training/11classnew/completed_merged_dataset/augmented_train/images) by extension 'python'
[0.304s] [34mcolcon.colcon_core.package_identification[0m [1;30mLevel 1[0m _identify(yolo_training/11classnew/completed_merged_dataset/augmented_train/images) by extensions ['python_setup_py']
[0.304s] [34mcolcon.colcon_core.package_identification[0m [1;30mLevel 1[0m _identify(yolo_training/11classnew/completed_merged_dataset/augmented_train/images) by extension 'python_setup_py'
[0.305s] [34mcolcon.colcon_core.package_identification[0m [1;30mLevel 1[0m _identify(yolo_training/11classnew/completed_merged_dataset/augmented_train/labels) by extensions ['ignore', 'ignore_ament_install']
[0.305s] [34mcolcon.colcon_core.package_identification[0m [1;30mLevel 1[0m _identify(yolo_training/11classnew/completed_merged_dataset/augmented_train/labels) by extension 'ignore'
[0.305s] [34mcolcon.colcon_core.package_identification[0m [1;30mLevel 1[0m _identify(yolo_training/11classnew/completed_merged_dataset/augmented_train/labels) by extension 'ignore_ament_install'
[0.305s] [34mcolcon.colcon_core.package_identification[0m [1;30mLevel 1[0m _identify(yolo_training/11classnew/completed_merged_dataset/augmented_train/labels) by extensions ['colcon_pkg']
[0.306s] [34mcolcon.colcon_core.package_identification[0m [1;30mLevel 1[0m _identify(yolo_training/11classnew/completed_merged_dataset/augmented_train/labels) by extension 'colcon_pkg'
[0.306s] [34mcolcon.colcon_core.package_identification[0m [1;30mLevel 1[0m _identify(yolo_training/11classnew/completed_merged_dataset/augmented_train/labels) by extensions ['colcon_meta']
[0.306s] [34mcolcon.colcon_core.package_identification[0m [1;30mLevel 1[0m _identify(yolo_training/11classnew/completed_merged_dataset/augmented_train/labels) by extension 'colcon_meta'
[0.306s] [34mcolcon.colcon_core.package_identification[0m [1;30mLevel 1[0m _identify(yolo_training/11classnew/completed_merged_dataset/augmented_train/labels) by extensions ['ros']
[0.306s] [34mcolcon.colcon_core.package_identification[0m [1;30mLevel 1[0m _identify(yolo_training/11classnew/completed_merged_dataset/augmented_train/labels) by extension 'ros'
[0.306s] [34mcolcon.colcon_core.package_identification[0m [1;30mLevel 1[0m _identify(yolo_training/11classnew/completed_merged_dataset/augmented_train/labels) by extensions ['cmake', 'python']
[0.306s] [34mcolcon.colcon_core.package_identification[0m [1;30mLevel 1[0m _identify(yolo_training/11classnew/completed_merged_dataset/augmented_train/labels) by extension 'cmake'
[0.306s] [34mcolcon.colcon_core.package_identification[0m [1;30mLevel 1[0m _identify(yolo_training/11classnew/completed_merged_dataset/augmented_train/labels) by extension 'python'
[0.306s] [34mcolcon.colcon_core.package_identification[0m [1;30mLevel 1[0m _identify(yolo_training/11classnew/completed_merged_dataset/augmented_train/labels) by extensions ['python_setup_py']
[0.306s] [34mcolcon.colcon_core.package_identification[0m [1;30mLevel 1[0m _identify(yolo_training/11classnew/completed_merged_dataset/augmented_train/labels) by extension 'python_setup_py'
[0.306s] [34mcolcon.colcon_core.package_identification[0m [1;30mLevel 1[0m _identify(yolo_training/11classnew/completed_merged_dataset/test) by extensions ['ignore', 'ignore_ament_install']
[0.306s] [34mcolcon.colcon_core.package_identification[0m [1;30mLevel 1[0m _identify(yolo_training/11classnew/completed_merged_dataset/test) by extension 'ignore'
[0.306s] [34mcolcon.colcon_core.package_identification[0m [1;30mLevel 1[0m _identify(yolo_training/11classnew/completed_merged_dataset/test) by extension 'ignore_ament_install'
[0.306s] [34mcolcon.colcon_core.package_identification[0m [1;30mLevel 1[0m _identify(yolo_training/11classnew/completed_merged_dataset/test) by extensions ['colcon_pkg']
[0.306s] [34mcolcon.colcon_core.package_identification[0m [1;30mLevel 1[0m _identify(yolo_training/11classnew/completed_merged_dataset/test) by extension 'colcon_pkg'
[0.306s] [34mcolcon.colcon_core.package_identification[0m [1;30mLevel 1[0m _identify(yolo_training/11classnew/completed_merged_dataset/test) by extensions ['colcon_meta']
[0.306s] [34mcolcon.colcon_core.package_identification[0m [1;30mLevel 1[0m _identify(yolo_training/11classnew/completed_merged_dataset/test) by extension 'colcon_meta'
[0.306s] [34mcolcon.colcon_core.package_identification[0m [1;30mLevel 1[0m _identify(yolo_training/11classnew/completed_merged_dataset/test) by extensions ['ros']
[0.306s] [34mcolcon.colcon_core.package_identification[0m [1;30mLevel 1[0m _identify(yolo_training/11classnew/completed_merged_dataset/test) by extension 'ros'
[0.306s] [34mcolcon.colcon_core.package_identification[0m [1;30mLevel 1[0m _identify(yolo_training/11classnew/completed_merged_dataset/test) by extensions ['cmake', 'python']
[0.306s] [34mcolcon.colcon_core.package_identification[0m [1;30mLevel 1[0m _identify(yolo_training/11classnew/completed_merged_dataset/test) by extension 'cmake'
[0.306s] [34mcolcon.colcon_core.package_identification[0m [1;30mLevel 1[0m _identify(yolo_training/11classnew/completed_merged_dataset/test) by extension 'python'
[0.306s] [34mcolcon.colcon_core.package_identification[0m [1;30mLevel 1[0m _identify(yolo_training/11classnew/completed_merged_dataset/test) by extensions ['python_setup_py']
[0.306s] [34mcolcon.colcon_core.package_identification[0m [1;30mLevel 1[0m _identify(yolo_training/11classnew/completed_merged_dataset/test) by extension 'python_setup_py'
[0.307s] [34mcolcon.colcon_core.package_identification[0m [1;30mLevel 1[0m _identify(yolo_training/11classnew/completed_merged_dataset/test/images) by extensions ['ignore', 'ignore_ament_install']
[0.307s] [34mcolcon.colcon_core.package_identification[0m [1;30mLevel 1[0m _identify(yolo_training/11classnew/completed_merged_dataset/test/images) by extension 'ignore'
[0.307s] [34mcolcon.colcon_core.package_identification[0m [1;30mLevel 1[0m _identify(yolo_training/11classnew/completed_merged_dataset/test/images) by extension 'ignore_ament_install'
[0.307s] [34mcolcon.colcon_core.package_identification[0m [1;30mLevel 1[0m _identify(yolo_training/11classnew/completed_merged_dataset/test/images) by extensions ['colcon_pkg']
[0.307s] [34mcolcon.colcon_core.package_identification[0m [1;30mLevel 1[0m _identify(yolo_training/11classnew/completed_merged_dataset/test/images) by extension 'colcon_pkg'
[0.307s] [34mcolcon.colcon_core.package_identification[0m [1;30mLevel 1[0m _identify(yolo_training/11classnew/completed_merged_dataset/test/images) by extensions ['colcon_meta']
[0.307s] [34mcolcon.colcon_core.package_identification[0m [1;30mLevel 1[0m _identify(yolo_training/11classnew/completed_merged_dataset/test/images) by extension 'colcon_meta'
[0.307s] [34mcolcon.colcon_core.package_identification[0m [1;30mLevel 1[0m _identify(yolo_training/11classnew/completed_merged_dataset/test/images) by extensions ['ros']
[0.307s] [34mcolcon.colcon_core.package_identification[0m [1;30mLevel 1[0m _identify(yolo_training/11classnew/completed_merged_dataset/test/images) by extension 'ros'
[0.307s] [34mcolcon.colcon_core.package_identification[0m [1;30mLevel 1[0m _identify(yolo_training/11classnew/completed_merged_dataset/test/images) by extensions ['cmake', 'python']
[0.307s] [34mcolcon.colcon_core.package_identification[0m [1;30mLevel 1[0m _identify(yolo_training/11classnew/completed_merged_dataset/test/images) by extension 'cmake'
[0.307s] [34mcolcon.colcon_core.package_identification[0m [1;30mLevel 1[0m _identify(yolo_training/11classnew/completed_merged_dataset/test/images) by extension 'python'
[0.307s] [34mcolcon.colcon_core.package_identification[0m [1;30mLevel 1[0m _identify(yolo_training/11classnew/completed_merged_dataset/test/images) by extensions ['python_setup_py']
[0.307s] [34mcolcon.colcon_core.package_identification[0m [1;30mLevel 1[0m _identify(yolo_training/11classnew/completed_merged_dataset/test/images) by extension 'python_setup_py'
[0.308s] [34mcolcon.colcon_core.package_identification[0m [1;30mLevel 1[0m _identify(yolo_training/11classnew/completed_merged_dataset/test/labels) by extensions ['ignore', 'ignore_ament_install']
[0.308s] [34mcolcon.colcon_core.package_identification[0m [1;30mLevel 1[0m _identify(yolo_training/11classnew/completed_merged_dataset/test/labels) by extension 'ignore'
[0.308s] [34mcolcon.colcon_core.package_identification[0m [1;30mLevel 1[0m _identify(yolo_training/11classnew/completed_merged_dataset/test/labels) by extension 'ignore_ament_install'
[0.308s] [34mcolcon.colcon_core.package_identification[0m [1;30mLevel 1[0m _identify(yolo_training/11classnew/completed_merged_dataset/test/labels) by extensions ['colcon_pkg']
[0.308s] [34mcolcon.colcon_core.package_identification[0m [1;30mLevel 1[0m _identify(yolo_training/11classnew/completed_merged_dataset/test/labels) by extension 'colcon_pkg'
[0.308s] [34mcolcon.colcon_core.package_identification[0m [1;30mLevel 1[0m _identify(yolo_training/11classnew/completed_merged_dataset/test/labels) by extensions ['colcon_meta']
[0.308s] [34mcolcon.colcon_core.package_identification[0m [1;30mLevel 1[0m _identify(yolo_training/11classnew/completed_merged_dataset/test/labels) by extension 'colcon_meta'
[0.308s] [34mcolcon.colcon_core.package_identification[0m [1;30mLevel 1[0m _identify(yolo_training/11classnew/completed_merged_dataset/test/labels) by extensions ['ros']
[0.308s] [34mcolcon.colcon_core.package_identification[0m [1;30mLevel 1[0m _identify(yolo_training/11classnew/completed_merged_dataset/test/labels) by extension 'ros'
[0.308s] [34mcolcon.colcon_core.package_identification[0m [1;30mLevel 1[0m _identify(yolo_training/11classnew/completed_merged_dataset/test/labels) by extensions ['cmake', 'python']
[0.308s] [34mcolcon.colcon_core.package_identification[0m [1;30mLevel 1[0m _identify(yolo_training/11classnew/completed_merged_dataset/test/labels) by extension 'cmake'
[0.308s] [34mcolcon.colcon_core.package_identification[0m [1;30mLevel 1[0m _identify(yolo_training/11classnew/completed_merged_dataset/test/labels) by extension 'python'
[0.308s] [34mcolcon.colcon_core.package_identification[0m [1;30mLevel 1[0m _identify(yolo_training/11classnew/completed_merged_dataset/test/labels) by extensions ['python_setup_py']
[0.308s] [34mcolcon.colcon_core.package_identification[0m [1;30mLevel 1[0m _identify(yolo_training/11classnew/completed_merged_dataset/test/labels) by extension 'python_setup_py'
[0.308s] [34mcolcon.colcon_core.package_identification[0m [1;30mLevel 1[0m _identify(yolo_training/11classnew/completed_merged_dataset/train) by extensions ['ignore', 'ignore_ament_install']
[0.308s] [34mcolcon.colcon_core.package_identification[0m [1;30mLevel 1[0m _identify(yolo_training/11classnew/completed_merged_dataset/train) by extension 'ignore'
[0.308s] [34mcolcon.colcon_core.package_identification[0m [1;30mLevel 1[0m _identify(yolo_training/11classnew/completed_merged_dataset/train) by extension 'ignore_ament_install'
[0.308s] [34mcolcon.colcon_core.package_identification[0m [1;30mLevel 1[0m _identify(yolo_training/11classnew/completed_merged_dataset/train) by extensions ['colcon_pkg']
[0.308s] [34mcolcon.colcon_core.package_identification[0m [1;30mLevel 1[0m _identify(yolo_training/11classnew/completed_merged_dataset/train) by extension 'colcon_pkg'
[0.308s] [34mcolcon.colcon_core.package_identification[0m [1;30mLevel 1[0m _identify(yolo_training/11classnew/completed_merged_dataset/train) by extensions ['colcon_meta']
[0.308s] [34mcolcon.colcon_core.package_identification[0m [1;30mLevel 1[0m _identify(yolo_training/11classnew/completed_merged_dataset/train) by extension 'colcon_meta'
[0.308s] [34mcolcon.colcon_core.package_identification[0m [1;30mLevel 1[0m _identify(yolo_training/11classnew/completed_merged_dataset/train) by extensions ['ros']
[0.308s] [34mcolcon.colcon_core.package_identification[0m [1;30mLevel 1[0m _identify(yolo_training/11classnew/completed_merged_dataset/train) by extension 'ros'
[0.308s] [34mcolcon.colcon_core.package_identification[0m [1;30mLevel 1[0m _identify(yolo_training/11classnew/completed_merged_dataset/train) by extensions ['cmake', 'python']
[0.308s] [34mcolcon.colcon_core.package_identification[0m [1;30mLevel 1[0m _identify(yolo_training/11classnew/completed_merged_dataset/train) by extension 'cmake'
[0.308s] [34mcolcon.colcon_core.package_identification[0m [1;30mLevel 1[0m _identify(yolo_training/11classnew/completed_merged_dataset/train) by extension 'python'
[0.308s] [34mcolcon.colcon_core.package_identification[0m [1;30mLevel 1[0m _identify(yolo_training/11classnew/completed_merged_dataset/train) by extensions ['python_setup_py']
[0.308s] [34mcolcon.colcon_core.package_identification[0m [1;30mLevel 1[0m _identify(yolo_training/11classnew/completed_merged_dataset/train) by extension 'python_setup_py'
[0.331s] [34mcolcon.colcon_core.package_identification[0m [1;30mLevel 1[0m _identify(yolo_training/11classnew/completed_merged_dataset/train/images) by extensions ['ignore', 'ignore_ament_install']
[0.331s] [34mcolcon.colcon_core.package_identification[0m [1;30mLevel 1[0m _identify(yolo_training/11classnew/completed_merged_dataset/train/images) by extension 'ignore'
[0.331s] [34mcolcon.colcon_core.package_identification[0m [1;30mLevel 1[0m _identify(yolo_training/11classnew/completed_merged_dataset/train/images) by extension 'ignore_ament_install'
[0.331s] [34mcolcon.colcon_core.package_identification[0m [1;30mLevel 1[0m _identify(yolo_training/11classnew/completed_merged_dataset/train/images) by extensions ['colcon_pkg']
[0.331s] [34mcolcon.colcon_core.package_identification[0m [1;30mLevel 1[0m _identify(yolo_training/11classnew/completed_merged_dataset/train/images) by extension 'colcon_pkg'
[0.331s] [34mcolcon.colcon_core.package_identification[0m [1;30mLevel 1[0m _identify(yolo_training/11classnew/completed_merged_dataset/train/images) by extensions ['colcon_meta']
[0.331s] [34mcolcon.colcon_core.package_identification[0m [1;30mLevel 1[0m _identify(yolo_training/11classnew/completed_merged_dataset/train/images) by extension 'colcon_meta'
[0.331s] [34mcolcon.colcon_core.package_identification[0m [1;30mLevel 1[0m _identify(yolo_training/11classnew/completed_merged_dataset/train/images) by extensions ['ros']
[0.331s] [34mcolcon.colcon_core.package_identification[0m [1;30mLevel 1[0m _identify(yolo_training/11classnew/completed_merged_dataset/train/images) by extension 'ros'
[0.331s] [34mcolcon.colcon_core.package_identification[0m [1;30mLevel 1[0m _identify(yolo_training/11classnew/completed_merged_dataset/train/images) by extensions ['cmake', 'python']
[0.331s] [34mcolcon.colcon_core.package_identification[0m [1;30mLevel 1[0m _identify(yolo_training/11classnew/completed_merged_dataset/train/images) by extension 'cmake'
[0.331s] [34mcolcon.colcon_core.package_identification[0m [1;30mLevel 1[0m _identify(yolo_training/11classnew/completed_merged_dataset/train/images) by extension 'python'
[0.331s] [34mcolcon.colcon_core.package_identification[0m [1;30mLevel 1[0m _identify(yolo_training/11classnew/completed_merged_dataset/train/images) by extensions ['python_setup_py']
[0.331s] [34mcolcon.colcon_core.package_identification[0m [1;30mLevel 1[0m _identify(yolo_training/11classnew/completed_merged_dataset/train/images) by extension 'python_setup_py'
[0.354s] [34mcolcon.colcon_core.package_identification[0m [1;30mLevel 1[0m _identify(yolo_training/11classnew/completed_merged_dataset/train/labels) by extensions ['ignore', 'ignore_ament_install']
[0.354s] [34mcolcon.colcon_core.package_identification[0m [1;30mLevel 1[0m _identify(yolo_training/11classnew/completed_merged_dataset/train/labels) by extension 'ignore'
[0.354s] [34mcolcon.colcon_core.package_identification[0m [1;30mLevel 1[0m _identify(yolo_training/11classnew/completed_merged_dataset/train/labels) by extension 'ignore_ament_install'
[0.354s] [34mcolcon.colcon_core.package_identification[0m [1;30mLevel 1[0m _identify(yolo_training/11classnew/completed_merged_dataset/train/labels) by extensions ['colcon_pkg']
[0.354s] [34mcolcon.colcon_core.package_identification[0m [1;30mLevel 1[0m _identify(yolo_training/11classnew/completed_merged_dataset/train/labels) by extension 'colcon_pkg'
[0.354s] [34mcolcon.colcon_core.package_identification[0m [1;30mLevel 1[0m _identify(yolo_training/11classnew/completed_merged_dataset/train/labels) by extensions ['colcon_meta']
[0.354s] [34mcolcon.colcon_core.package_identification[0m [1;30mLevel 1[0m _identify(yolo_training/11classnew/completed_merged_dataset/train/labels) by extension 'colcon_meta'
[0.354s] [34mcolcon.colcon_core.package_identification[0m [1;30mLevel 1[0m _identify(yolo_training/11classnew/completed_merged_dataset/train/labels) by extensions ['ros']
[0.354s] [34mcolcon.colcon_core.package_identification[0m [1;30mLevel 1[0m _identify(yolo_training/11classnew/completed_merged_dataset/train/labels) by extension 'ros'
[0.354s] [34mcolcon.colcon_core.package_identification[0m [1;30mLevel 1[0m _identify(yolo_training/11classnew/completed_merged_dataset/train/labels) by extensions ['cmake', 'python']
[0.355s] [34mcolcon.colcon_core.package_identification[0m [1;30mLevel 1[0m _identify(yolo_training/11classnew/completed_merged_dataset/train/labels) by extension 'cmake'
[0.355s] [34mcolcon.colcon_core.package_identification[0m [1;30mLevel 1[0m _identify(yolo_training/11classnew/completed_merged_dataset/train/labels) by extension 'python'
[0.355s] [34mcolcon.colcon_core.package_identification[0m [1;30mLevel 1[0m _identify(yolo_training/11classnew/completed_merged_dataset/train/labels) by extensions ['python_setup_py']
[0.355s] [34mcolcon.colcon_core.package_identification[0m [1;30mLevel 1[0m _identify(yolo_training/11classnew/completed_merged_dataset/train/labels) by extension 'python_setup_py'
[0.355s] [34mcolcon.colcon_core.package_identification[0m [1;30mLevel 1[0m _identify(yolo_training/11classnew/completed_merged_dataset/val) by extensions ['ignore', 'ignore_ament_install']
[0.355s] [34mcolcon.colcon_core.package_identification[0m [1;30mLevel 1[0m _identify(yolo_training/11classnew/completed_merged_dataset/val) by extension 'ignore'
[0.355s] [34mcolcon.colcon_core.package_identification[0m [1;30mLevel 1[0m _identify(yolo_training/11classnew/completed_merged_dataset/val) by extension 'ignore_ament_install'
[0.355s] [34mcolcon.colcon_core.package_identification[0m [1;30mLevel 1[0m _identify(yolo_training/11classnew/completed_merged_dataset/val) by extensions ['colcon_pkg']
[0.355s] [34mcolcon.colcon_core.package_identification[0m [1;30mLevel 1[0m _identify(yolo_training/11classnew/completed_merged_dataset/val) by extension 'colcon_pkg'
[0.355s] [34mcolcon.colcon_core.package_identification[0m [1;30mLevel 1[0m _identify(yolo_training/11classnew/completed_merged_dataset/val) by extensions ['colcon_meta']
[0.355s] [34mcolcon.colcon_core.package_identification[0m [1;30mLevel 1[0m _identify(yolo_training/11classnew/completed_merged_dataset/val) by extension 'colcon_meta'
[0.355s] [34mcolcon.colcon_core.package_identification[0m [1;30mLevel 1[0m _identify(yolo_training/11classnew/completed_merged_dataset/val) by extensions ['ros']
[0.355s] [34mcolcon.colcon_core.package_identification[0m [1;30mLevel 1[0m _identify(yolo_training/11classnew/completed_merged_dataset/val) by extension 'ros'
[0.355s] [34mcolcon.colcon_core.package_identification[0m [1;30mLevel 1[0m _identify(yolo_training/11classnew/completed_merged_dataset/val) by extensions ['cmake', 'python']
[0.355s] [34mcolcon.colcon_core.package_identification[0m [1;30mLevel 1[0m _identify(yolo_training/11classnew/completed_merged_dataset/val) by extension 'cmake'
[0.355s] [34mcolcon.colcon_core.package_identification[0m [1;30mLevel 1[0m _identify(yolo_training/11classnew/completed_merged_dataset/val) by extension 'python'
[0.355s] [34mcolcon.colcon_core.package_identification[0m [1;30mLevel 1[0m _identify(yolo_training/11classnew/completed_merged_dataset/val) by extensions ['python_setup_py']
[0.355s] [34mcolcon.colcon_core.package_identification[0m [1;30mLevel 1[0m _identify(yolo_training/11classnew/completed_merged_dataset/val) by extension 'python_setup_py'
[0.357s] [34mcolcon.colcon_core.package_identification[0m [1;30mLevel 1[0m _identify(yolo_training/11classnew/completed_merged_dataset/val/images) by extensions ['ignore', 'ignore_ament_install']
[0.357s] [34mcolcon.colcon_core.package_identification[0m [1;30mLevel 1[0m _identify(yolo_training/11classnew/completed_merged_dataset/val/images) by extension 'ignore'
[0.357s] [34mcolcon.colcon_core.package_identification[0m [1;30mLevel 1[0m _identify(yolo_training/11classnew/completed_merged_dataset/val/images) by extension 'ignore_ament_install'
[0.357s] [34mcolcon.colcon_core.package_identification[0m [1;30mLevel 1[0m _identify(yolo_training/11classnew/completed_merged_dataset/val/images) by extensions ['colcon_pkg']
[0.357s] [34mcolcon.colcon_core.package_identification[0m [1;30mLevel 1[0m _identify(yolo_training/11classnew/completed_merged_dataset/val/images) by extension 'colcon_pkg'
[0.357s] [34mcolcon.colcon_core.package_identification[0m [1;30mLevel 1[0m _identify(yolo_training/11classnew/completed_merged_dataset/val/images) by extensions ['colcon_meta']
[0.357s] [34mcolcon.colcon_core.package_identification[0m [1;30mLevel 1[0m _identify(yolo_training/11classnew/completed_merged_dataset/val/images) by extension 'colcon_meta'
[0.357s] [34mcolcon.colcon_core.package_identification[0m [1;30mLevel 1[0m _identify(yolo_training/11classnew/completed_merged_dataset/val/images) by extensions ['ros']
[0.357s] [34mcolcon.colcon_core.package_identification[0m [1;30mLevel 1[0m _identify(yolo_training/11classnew/completed_merged_dataset/val/images) by extension 'ros'
[0.357s] [34mcolcon.colcon_core.package_identification[0m [1;30mLevel 1[0m _identify(yolo_training/11classnew/completed_merged_dataset/val/images) by extensions ['cmake', 'python']
[0.357s] [34mcolcon.colcon_core.package_identification[0m [1;30mLevel 1[0m _identify(yolo_training/11classnew/completed_merged_dataset/val/images) by extension 'cmake'
[0.357s] [34mcolcon.colcon_core.package_identification[0m [1;30mLevel 1[0m _identify(yolo_training/11classnew/completed_merged_dataset/val/images) by extension 'python'
[0.357s] [34mcolcon.colcon_core.package_identification[0m [1;30mLevel 1[0m _identify(yolo_training/11classnew/completed_merged_dataset/val/images) by extensions ['python_setup_py']
[0.357s] [34mcolcon.colcon_core.package_identification[0m [1;30mLevel 1[0m _identify(yolo_training/11classnew/completed_merged_dataset/val/images) by extension 'python_setup_py'
[0.359s] [34mcolcon.colcon_core.package_identification[0m [1;30mLevel 1[0m _identify(yolo_training/11classnew/completed_merged_dataset/val/labels) by extensions ['ignore', 'ignore_ament_install']
[0.359s] [34mcolcon.colcon_core.package_identification[0m [1;30mLevel 1[0m _identify(yolo_training/11classnew/completed_merged_dataset/val/labels) by extension 'ignore'
[0.359s] [34mcolcon.colcon_core.package_identification[0m [1;30mLevel 1[0m _identify(yolo_training/11classnew/completed_merged_dataset/val/labels) by extension 'ignore_ament_install'
[0.359s] [34mcolcon.colcon_core.package_identification[0m [1;30mLevel 1[0m _identify(yolo_training/11classnew/completed_merged_dataset/val/labels) by extensions ['colcon_pkg']
[0.359s] [34mcolcon.colcon_core.package_identification[0m [1;30mLevel 1[0m _identify(yolo_training/11classnew/completed_merged_dataset/val/labels) by extension 'colcon_pkg'
[0.359s] [34mcolcon.colcon_core.package_identification[0m [1;30mLevel 1[0m _identify(yolo_training/11classnew/completed_merged_dataset/val/labels) by extensions ['colcon_meta']
[0.359s] [34mcolcon.colcon_core.package_identification[0m [1;30mLevel 1[0m _identify(yolo_training/11classnew/completed_merged_dataset/val/labels) by extension 'colcon_meta'
[0.359s] [34mcolcon.colcon_core.package_identification[0m [1;30mLevel 1[0m _identify(yolo_training/11classnew/completed_merged_dataset/val/labels) by extensions ['ros']
[0.359s] [34mcolcon.colcon_core.package_identification[0m [1;30mLevel 1[0m _identify(yolo_training/11classnew/completed_merged_dataset/val/labels) by extension 'ros'
[0.359s] [34mcolcon.colcon_core.package_identification[0m [1;30mLevel 1[0m _identify(yolo_training/11classnew/completed_merged_dataset/val/labels) by extensions ['cmake', 'python']
[0.359s] [34mcolcon.colcon_core.package_identification[0m [1;30mLevel 1[0m _identify(yolo_training/11classnew/completed_merged_dataset/val/labels) by extension 'cmake'
[0.359s] [34mcolcon.colcon_core.package_identification[0m [1;30mLevel 1[0m _identify(yolo_training/11classnew/completed_merged_dataset/val/labels) by extension 'python'
[0.359s] [34mcolcon.colcon_core.package_identification[0m [1;30mLevel 1[0m _identify(yolo_training/11classnew/completed_merged_dataset/val/labels) by extensions ['python_setup_py']
[0.359s] [34mcolcon.colcon_core.package_identification[0m [1;30mLevel 1[0m _identify(yolo_training/11classnew/completed_merged_dataset/val/labels) by extension 'python_setup_py'
[0.359s] [34mcolcon.colcon_core.package_identification[0m [1;30mLevel 1[0m _identify(yolo_training/11classnew/config) by extensions ['ignore', 'ignore_ament_install']
[0.359s] [34mcolcon.colcon_core.package_identification[0m [1;30mLevel 1[0m _identify(yolo_training/11classnew/config) by extension 'ignore'
[0.359s] [34mcolcon.colcon_core.package_identification[0m [1;30mLevel 1[0m _identify(yolo_training/11classnew/config) by extension 'ignore_ament_install'
[0.359s] [34mcolcon.colcon_core.package_identification[0m [1;30mLevel 1[0m _identify(yolo_training/11classnew/config) by extensions ['colcon_pkg']
[0.359s] [34mcolcon.colcon_core.package_identification[0m [1;30mLevel 1[0m _identify(yolo_training/11classnew/config) by extension 'colcon_pkg'
[0.359s] [34mcolcon.colcon_core.package_identification[0m [1;30mLevel 1[0m _identify(yolo_training/11classnew/config) by extensions ['colcon_meta']
[0.359s] [34mcolcon.colcon_core.package_identification[0m [1;30mLevel 1[0m _identify(yolo_training/11classnew/config) by extension 'colcon_meta'
[0.359s] [34mcolcon.colcon_core.package_identification[0m [1;30mLevel 1[0m _identify(yolo_training/11classnew/config) by extensions ['ros']
[0.359s] [34mcolcon.colcon_core.package_identification[0m [1;30mLevel 1[0m _identify(yolo_training/11classnew/config) by extension 'ros'
[0.359s] [34mcolcon.colcon_core.package_identification[0m [1;30mLevel 1[0m _identify(yolo_training/11classnew/config) by extensions ['cmake', 'python']
[0.359s] [34mcolcon.colcon_core.package_identification[0m [1;30mLevel 1[0m _identify(yolo_training/11classnew/config) by extension 'cmake'
[0.359s] [34mcolcon.colcon_core.package_identification[0m [1;30mLevel 1[0m _identify(yolo_training/11classnew/config) by extension 'python'
[0.359s] [34mcolcon.colcon_core.package_identification[0m [1;30mLevel 1[0m _identify(yolo_training/11classnew/config) by extensions ['python_setup_py']
[0.359s] [34mcolcon.colcon_core.package_identification[0m [1;30mLevel 1[0m _identify(yolo_training/11classnew/config) by extension 'python_setup_py'
[0.359s] [34mcolcon.colcon_core.package_identification[0m [1;30mLevel 1[0m _identify(yolo_training/11classnew/datasets) by extensions ['ignore', 'ignore_ament_install']
[0.360s] [34mcolcon.colcon_core.package_identification[0m [1;30mLevel 1[0m _identify(yolo_training/11classnew/datasets) by extension 'ignore'
[0.360s] [34mcolcon.colcon_core.package_identification[0m [1;30mLevel 1[0m _identify(yolo_training/11classnew/datasets) by extension 'ignore_ament_install'
[0.360s] [34mcolcon.colcon_core.package_identification[0m [1;30mLevel 1[0m _identify(yolo_training/11classnew/datasets) by extensions ['colcon_pkg']
[0.360s] [34mcolcon.colcon_core.package_identification[0m [1;30mLevel 1[0m _identify(yolo_training/11classnew/datasets) by extension 'colcon_pkg'
[0.360s] [34mcolcon.colcon_core.package_identification[0m [1;30mLevel 1[0m _identify(yolo_training/11classnew/datasets) by extensions ['colcon_meta']
[0.360s] [34mcolcon.colcon_core.package_identification[0m [1;30mLevel 1[0m _identify(yolo_training/11classnew/datasets) by extension 'colcon_meta'
[0.360s] [34mcolcon.colcon_core.package_identification[0m [1;30mLevel 1[0m _identify(yolo_training/11classnew/datasets) by extensions ['ros']
[0.360s] [34mcolcon.colcon_core.package_identification[0m [1;30mLevel 1[0m _identify(yolo_training/11classnew/datasets) by extension 'ros'
[0.360s] [34mcolcon.colcon_core.package_identification[0m [1;30mLevel 1[0m _identify(yolo_training/11classnew/datasets) by extensions ['cmake', 'python']
[0.360s] [34mcolcon.colcon_core.package_identification[0m [1;30mLevel 1[0m _identify(yolo_training/11classnew/datasets) by extension 'cmake'
[0.360s] [34mcolcon.colcon_core.package_identification[0m [1;30mLevel 1[0m _identify(yolo_training/11classnew/datasets) by extension 'python'
[0.360s] [34mcolcon.colcon_core.package_identification[0m [1;30mLevel 1[0m _identify(yolo_training/11classnew/datasets) by extensions ['python_setup_py']
[0.360s] [34mcolcon.colcon_core.package_identification[0m [1;30mLevel 1[0m _identify(yolo_training/11classnew/datasets) by extension 'python_setup_py'
[0.360s] [34mcolcon.colcon_core.package_identification[0m [1;30mLevel 1[0m _identify(yolo_training/11classnew/datasets/bus_dataset_redistributed) by extensions ['ignore', 'ignore_ament_install']
[0.360s] [34mcolcon.colcon_core.package_identification[0m [1;30mLevel 1[0m _identify(yolo_training/11classnew/datasets/bus_dataset_redistributed) by extension 'ignore'
[0.360s] [34mcolcon.colcon_core.package_identification[0m [1;30mLevel 1[0m _identify(yolo_training/11classnew/datasets/bus_dataset_redistributed) by extension 'ignore_ament_install'
[0.360s] [34mcolcon.colcon_core.package_identification[0m [1;30mLevel 1[0m _identify(yolo_training/11classnew/datasets/bus_dataset_redistributed) by extensions ['colcon_pkg']
[0.360s] [34mcolcon.colcon_core.package_identification[0m [1;30mLevel 1[0m _identify(yolo_training/11classnew/datasets/bus_dataset_redistributed) by extension 'colcon_pkg'
[0.360s] [34mcolcon.colcon_core.package_identification[0m [1;30mLevel 1[0m _identify(yolo_training/11classnew/datasets/bus_dataset_redistributed) by extensions ['colcon_meta']
[0.360s] [34mcolcon.colcon_core.package_identification[0m [1;30mLevel 1[0m _identify(yolo_training/11classnew/datasets/bus_dataset_redistributed) by extension 'colcon_meta'
[0.360s] [34mcolcon.colcon_core.package_identification[0m [1;30mLevel 1[0m _identify(yolo_training/11classnew/datasets/bus_dataset_redistributed) by extensions ['ros']
[0.360s] [34mcolcon.colcon_core.package_identification[0m [1;30mLevel 1[0m _identify(yolo_training/11classnew/datasets/bus_dataset_redistributed) by extension 'ros'
[0.360s] [34mcolcon.colcon_core.package_identification[0m [1;30mLevel 1[0m _identify(yolo_training/11classnew/datasets/bus_dataset_redistributed) by extensions ['cmake', 'python']
[0.360s] [34mcolcon.colcon_core.package_identification[0m [1;30mLevel 1[0m _identify(yolo_training/11classnew/datasets/bus_dataset_redistributed) by extension 'cmake'
[0.360s] [34mcolcon.colcon_core.package_identification[0m [1;30mLevel 1[0m _identify(yolo_training/11classnew/datasets/bus_dataset_redistributed) by extension 'python'
[0.360s] [34mcolcon.colcon_core.package_identification[0m [1;30mLevel 1[0m _identify(yolo_training/11classnew/datasets/bus_dataset_redistributed) by extensions ['python_setup_py']
[0.360s] [34mcolcon.colcon_core.package_identification[0m [1;30mLevel 1[0m _identify(yolo_training/11classnew/datasets/bus_dataset_redistributed) by extension 'python_setup_py'
[0.360s] [34mcolcon.colcon_core.package_identification[0m [1;30mLevel 1[0m _identify(yolo_training/11classnew/datasets/bus_dataset_redistributed/train) by extensions ['ignore', 'ignore_ament_install']
[0.360s] [34mcolcon.colcon_core.package_identification[0m [1;30mLevel 1[0m _identify(yolo_training/11classnew/datasets/bus_dataset_redistributed/train) by extension 'ignore'
[0.360s] [34mcolcon.colcon_core.package_identification[0m [1;30mLevel 1[0m _identify(yolo_training/11classnew/datasets/bus_dataset_redistributed/train) by extension 'ignore_ament_install'
[0.360s] [34mcolcon.colcon_core.package_identification[0m [1;30mLevel 1[0m _identify(yolo_training/11classnew/datasets/bus_dataset_redistributed/train) by extensions ['colcon_pkg']
[0.360s] [34mcolcon.colcon_core.package_identification[0m [1;30mLevel 1[0m _identify(yolo_training/11classnew/datasets/bus_dataset_redistributed/train) by extension 'colcon_pkg'
[0.360s] [34mcolcon.colcon_core.package_identification[0m [1;30mLevel 1[0m _identify(yolo_training/11classnew/datasets/bus_dataset_redistributed/train) by extensions ['colcon_meta']
[0.360s] [34mcolcon.colcon_core.package_identification[0m [1;30mLevel 1[0m _identify(yolo_training/11classnew/datasets/bus_dataset_redistributed/train) by extension 'colcon_meta'
[0.360s] [34mcolcon.colcon_core.package_identification[0m [1;30mLevel 1[0m _identify(yolo_training/11classnew/datasets/bus_dataset_redistributed/train) by extensions ['ros']
[0.360s] [34mcolcon.colcon_core.package_identification[0m [1;30mLevel 1[0m _identify(yolo_training/11classnew/datasets/bus_dataset_redistributed/train) by extension 'ros'
[0.360s] [34mcolcon.colcon_core.package_identification[0m [1;30mLevel 1[0m _identify(yolo_training/11classnew/datasets/bus_dataset_redistributed/train) by extensions ['cmake', 'python']
[0.360s] [34mcolcon.colcon_core.package_identification[0m [1;30mLevel 1[0m _identify(yolo_training/11classnew/datasets/bus_dataset_redistributed/train) by extension 'cmake'
[0.360s] [34mcolcon.colcon_core.package_identification[0m [1;30mLevel 1[0m _identify(yolo_training/11classnew/datasets/bus_dataset_redistributed/train) by extension 'python'
[0.360s] [34mcolcon.colcon_core.package_identification[0m [1;30mLevel 1[0m _identify(yolo_training/11classnew/datasets/bus_dataset_redistributed/train) by extensions ['python_setup_py']
[0.360s] [34mcolcon.colcon_core.package_identification[0m [1;30mLevel 1[0m _identify(yolo_training/11classnew/datasets/bus_dataset_redistributed/train) by extension 'python_setup_py'
[0.361s] [34mcolcon.colcon_core.package_identification[0m [1;30mLevel 1[0m _identify(yolo_training/11classnew/datasets/bus_dataset_redistributed/train/images) by extensions ['ignore', 'ignore_ament_install']
[0.361s] [34mcolcon.colcon_core.package_identification[0m [1;30mLevel 1[0m _identify(yolo_training/11classnew/datasets/bus_dataset_redistributed/train/images) by extension 'ignore'
[0.361s] [34mcolcon.colcon_core.package_identification[0m [1;30mLevel 1[0m _identify(yolo_training/11classnew/datasets/bus_dataset_redistributed/train/images) by extension 'ignore_ament_install'
[0.361s] [34mcolcon.colcon_core.package_identification[0m [1;30mLevel 1[0m _identify(yolo_training/11classnew/datasets/bus_dataset_redistributed/train/images) by extensions ['colcon_pkg']
[0.361s] [34mcolcon.colcon_core.package_identification[0m [1;30mLevel 1[0m _identify(yolo_training/11classnew/datasets/bus_dataset_redistributed/train/images) by extension 'colcon_pkg'
[0.361s] [34mcolcon.colcon_core.package_identification[0m [1;30mLevel 1[0m _identify(yolo_training/11classnew/datasets/bus_dataset_redistributed/train/images) by extensions ['colcon_meta']
[0.361s] [34mcolcon.colcon_core.package_identification[0m [1;30mLevel 1[0m _identify(yolo_training/11classnew/datasets/bus_dataset_redistributed/train/images) by extension 'colcon_meta'
[0.361s] [34mcolcon.colcon_core.package_identification[0m [1;30mLevel 1[0m _identify(yolo_training/11classnew/datasets/bus_dataset_redistributed/train/images) by extensions ['ros']
[0.361s] [34mcolcon.colcon_core.package_identification[0m [1;30mLevel 1[0m _identify(yolo_training/11classnew/datasets/bus_dataset_redistributed/train/images) by extension 'ros'
[0.361s] [34mcolcon.colcon_core.package_identification[0m [1;30mLevel 1[0m _identify(yolo_training/11classnew/datasets/bus_dataset_redistributed/train/images) by extensions ['cmake', 'python']
[0.361s] [34mcolcon.colcon_core.package_identification[0m [1;30mLevel 1[0m _identify(yolo_training/11classnew/datasets/bus_dataset_redistributed/train/images) by extension 'cmake'
[0.361s] [34mcolcon.colcon_core.package_identification[0m [1;30mLevel 1[0m _identify(yolo_training/11classnew/datasets/bus_dataset_redistributed/train/images) by extension 'python'
[0.361s] [34mcolcon.colcon_core.package_identification[0m [1;30mLevel 1[0m _identify(yolo_training/11classnew/datasets/bus_dataset_redistributed/train/images) by extensions ['python_setup_py']
[0.361s] [34mcolcon.colcon_core.package_identification[0m [1;30mLevel 1[0m _identify(yolo_training/11classnew/datasets/bus_dataset_redistributed/train/images) by extension 'python_setup_py'
[0.361s] [34mcolcon.colcon_core.package_identification[0m [1;30mLevel 1[0m _identify(yolo_training/11classnew/datasets/bus_dataset_redistributed/train/labels) by extensions ['ignore', 'ignore_ament_install']
[0.361s] [34mcolcon.colcon_core.package_identification[0m [1;30mLevel 1[0m _identify(yolo_training/11classnew/datasets/bus_dataset_redistributed/train/labels) by extension 'ignore'
[0.361s] [34mcolcon.colcon_core.package_identification[0m [1;30mLevel 1[0m _identify(yolo_training/11classnew/datasets/bus_dataset_redistributed/train/labels) by extension 'ignore_ament_install'
[0.361s] [34mcolcon.colcon_core.package_identification[0m [1;30mLevel 1[0m _identify(yolo_training/11classnew/datasets/bus_dataset_redistributed/train/labels) by extensions ['colcon_pkg']
[0.361s] [34mcolcon.colcon_core.package_identification[0m [1;30mLevel 1[0m _identify(yolo_training/11classnew/datasets/bus_dataset_redistributed/train/labels) by extension 'colcon_pkg'
[0.361s] [34mcolcon.colcon_core.package_identification[0m [1;30mLevel 1[0m _identify(yolo_training/11classnew/datasets/bus_dataset_redistributed/train/labels) by extensions ['colcon_meta']
[0.361s] [34mcolcon.colcon_core.package_identification[0m [1;30mLevel 1[0m _identify(yolo_training/11classnew/datasets/bus_dataset_redistributed/train/labels) by extension 'colcon_meta'
[0.361s] [34mcolcon.colcon_core.package_identification[0m [1;30mLevel 1[0m _identify(yolo_training/11classnew/datasets/bus_dataset_redistributed/train/labels) by extensions ['ros']
[0.361s] [34mcolcon.colcon_core.package_identification[0m [1;30mLevel 1[0m _identify(yolo_training/11classnew/datasets/bus_dataset_redistributed/train/labels) by extension 'ros'
[0.361s] [34mcolcon.colcon_core.package_identification[0m [1;30mLevel 1[0m _identify(yolo_training/11classnew/datasets/bus_dataset_redistributed/train/labels) by extensions ['cmake', 'python']
[0.361s] [34mcolcon.colcon_core.package_identification[0m [1;30mLevel 1[0m _identify(yolo_training/11classnew/datasets/bus_dataset_redistributed/train/labels) by extension 'cmake'
[0.361s] [34mcolcon.colcon_core.package_identification[0m [1;30mLevel 1[0m _identify(yolo_training/11classnew/datasets/bus_dataset_redistributed/train/labels) by extension 'python'
[0.361s] [34mcolcon.colcon_core.package_identification[0m [1;30mLevel 1[0m _identify(yolo_training/11classnew/datasets/bus_dataset_redistributed/train/labels) by extensions ['python_setup_py']
[0.361s] [34mcolcon.colcon_core.package_identification[0m [1;30mLevel 1[0m _identify(yolo_training/11classnew/datasets/bus_dataset_redistributed/train/labels) by extension 'python_setup_py'
[0.361s] [34mcolcon.colcon_core.package_identification[0m [1;30mLevel 1[0m _identify(yolo_training/11classnew/datasets/bus_dataset_redistributed/valid) by extensions ['ignore', 'ignore_ament_install']
[0.361s] [34mcolcon.colcon_core.package_identification[0m [1;30mLevel 1[0m _identify(yolo_training/11classnew/datasets/bus_dataset_redistributed/valid) by extension 'ignore'
[0.361s] [34mcolcon.colcon_core.package_identification[0m [1;30mLevel 1[0m _identify(yolo_training/11classnew/datasets/bus_dataset_redistributed/valid) by extension 'ignore_ament_install'
[0.361s] [34mcolcon.colcon_core.package_identification[0m [1;30mLevel 1[0m _identify(yolo_training/11classnew/datasets/bus_dataset_redistributed/valid) by extensions ['colcon_pkg']
[0.361s] [34mcolcon.colcon_core.package_identification[0m [1;30mLevel 1[0m _identify(yolo_training/11classnew/datasets/bus_dataset_redistributed/valid) by extension 'colcon_pkg'
[0.362s] [34mcolcon.colcon_core.package_identification[0m [1;30mLevel 1[0m _identify(yolo_training/11classnew/datasets/bus_dataset_redistributed/valid) by extensions ['colcon_meta']
[0.362s] [34mcolcon.colcon_core.package_identification[0m [1;30mLevel 1[0m _identify(yolo_training/11classnew/datasets/bus_dataset_redistributed/valid) by extension 'colcon_meta'
[0.362s] [34mcolcon.colcon_core.package_identification[0m [1;30mLevel 1[0m _identify(yolo_training/11classnew/datasets/bus_dataset_redistributed/valid) by extensions ['ros']
[0.362s] [34mcolcon.colcon_core.package_identification[0m [1;30mLevel 1[0m _identify(yolo_training/11classnew/datasets/bus_dataset_redistributed/valid) by extension 'ros'
[0.362s] [34mcolcon.colcon_core.package_identification[0m [1;30mLevel 1[0m _identify(yolo_training/11classnew/datasets/bus_dataset_redistributed/valid) by extensions ['cmake', 'python']
[0.362s] [34mcolcon.colcon_core.package_identification[0m [1;30mLevel 1[0m _identify(yolo_training/11classnew/datasets/bus_dataset_redistributed/valid) by extension 'cmake'
[0.362s] [34mcolcon.colcon_core.package_identification[0m [1;30mLevel 1[0m _identify(yolo_training/11classnew/datasets/bus_dataset_redistributed/valid) by extension 'python'
[0.362s] [34mcolcon.colcon_core.package_identification[0m [1;30mLevel 1[0m _identify(yolo_training/11classnew/datasets/bus_dataset_redistributed/valid) by extensions ['python_setup_py']
[0.362s] [34mcolcon.colcon_core.package_identification[0m [1;30mLevel 1[0m _identify(yolo_training/11classnew/datasets/bus_dataset_redistributed/valid) by extension 'python_setup_py'
[0.362s] [34mcolcon.colcon_core.package_identification[0m [1;30mLevel 1[0m _identify(yolo_training/11classnew/datasets/bus_dataset_redistributed/valid/images) by extensions ['ignore', 'ignore_ament_install']
[0.362s] [34mcolcon.colcon_core.package_identification[0m [1;30mLevel 1[0m _identify(yolo_training/11classnew/datasets/bus_dataset_redistributed/valid/images) by extension 'ignore'
[0.362s] [34mcolcon.colcon_core.package_identification[0m [1;30mLevel 1[0m _identify(yolo_training/11classnew/datasets/bus_dataset_redistributed/valid/images) by extension 'ignore_ament_install'
[0.362s] [34mcolcon.colcon_core.package_identification[0m [1;30mLevel 1[0m _identify(yolo_training/11classnew/datasets/bus_dataset_redistributed/valid/images) by extensions ['colcon_pkg']
[0.362s] [34mcolcon.colcon_core.package_identification[0m [1;30mLevel 1[0m _identify(yolo_training/11classnew/datasets/bus_dataset_redistributed/valid/images) by extension 'colcon_pkg'
[0.362s] [34mcolcon.colcon_core.package_identification[0m [1;30mLevel 1[0m _identify(yolo_training/11classnew/datasets/bus_dataset_redistributed/valid/images) by extensions ['colcon_meta']
[0.362s] [34mcolcon.colcon_core.package_identification[0m [1;30mLevel 1[0m _identify(yolo_training/11classnew/datasets/bus_dataset_redistributed/valid/images) by extension 'colcon_meta'
[0.362s] [34mcolcon.colcon_core.package_identification[0m [1;30mLevel 1[0m _identify(yolo_training/11classnew/datasets/bus_dataset_redistributed/valid/images) by extensions ['ros']
[0.362s] [34mcolcon.colcon_core.package_identification[0m [1;30mLevel 1[0m _identify(yolo_training/11classnew/datasets/bus_dataset_redistributed/valid/images) by extension 'ros'
[0.362s] [34mcolcon.colcon_core.package_identification[0m [1;30mLevel 1[0m _identify(yolo_training/11classnew/datasets/bus_dataset_redistributed/valid/images) by extensions ['cmake', 'python']
[0.362s] [34mcolcon.colcon_core.package_identification[0m [1;30mLevel 1[0m _identify(yolo_training/11classnew/datasets/bus_dataset_redistributed/valid/images) by extension 'cmake'
[0.362s] [34mcolcon.colcon_core.package_identification[0m [1;30mLevel 1[0m _identify(yolo_training/11classnew/datasets/bus_dataset_redistributed/valid/images) by extension 'python'
[0.362s] [34mcolcon.colcon_core.package_identification[0m [1;30mLevel 1[0m _identify(yolo_training/11classnew/datasets/bus_dataset_redistributed/valid/images) by extensions ['python_setup_py']
[0.362s] [34mcolcon.colcon_core.package_identification[0m [1;30mLevel 1[0m _identify(yolo_training/11classnew/datasets/bus_dataset_redistributed/valid/images) by extension 'python_setup_py'
[0.362s] [34mcolcon.colcon_core.package_identification[0m [1;30mLevel 1[0m _identify(yolo_training/11classnew/datasets/bus_dataset_redistributed/valid/labels) by extensions ['ignore', 'ignore_ament_install']
[0.362s] [34mcolcon.colcon_core.package_identification[0m [1;30mLevel 1[0m _identify(yolo_training/11classnew/datasets/bus_dataset_redistributed/valid/labels) by extension 'ignore'
[0.362s] [34mcolcon.colcon_core.package_identification[0m [1;30mLevel 1[0m _identify(yolo_training/11classnew/datasets/bus_dataset_redistributed/valid/labels) by extension 'ignore_ament_install'
[0.362s] [34mcolcon.colcon_core.package_identification[0m [1;30mLevel 1[0m _identify(yolo_training/11classnew/datasets/bus_dataset_redistributed/valid/labels) by extensions ['colcon_pkg']
[0.362s] [34mcolcon.colcon_core.package_identification[0m [1;30mLevel 1[0m _identify(yolo_training/11classnew/datasets/bus_dataset_redistributed/valid/labels) by extension 'colcon_pkg'
[0.362s] [34mcolcon.colcon_core.package_identification[0m [1;30mLevel 1[0m _identify(yolo_training/11classnew/datasets/bus_dataset_redistributed/valid/labels) by extensions ['colcon_meta']
[0.362s] [34mcolcon.colcon_core.package_identification[0m [1;30mLevel 1[0m _identify(yolo_training/11classnew/datasets/bus_dataset_redistributed/valid/labels) by extension 'colcon_meta'
[0.362s] [34mcolcon.colcon_core.package_identification[0m [1;30mLevel 1[0m _identify(yolo_training/11classnew/datasets/bus_dataset_redistributed/valid/labels) by extensions ['ros']
[0.362s] [34mcolcon.colcon_core.package_identification[0m [1;30mLevel 1[0m _identify(yolo_training/11classnew/datasets/bus_dataset_redistributed/valid/labels) by extension 'ros'
[0.362s] [34mcolcon.colcon_core.package_identification[0m [1;30mLevel 1[0m _identify(yolo_training/11classnew/datasets/bus_dataset_redistributed/valid/labels) by extensions ['cmake', 'python']
[0.362s] [34mcolcon.colcon_core.package_identification[0m [1;30mLevel 1[0m _identify(yolo_training/11classnew/datasets/bus_dataset_redistributed/valid/labels) by extension 'cmake'
[0.362s] [34mcolcon.colcon_core.package_identification[0m [1;30mLevel 1[0m _identify(yolo_training/11classnew/datasets/bus_dataset_redistributed/valid/labels) by extension 'python'
[0.362s] [34mcolcon.colcon_core.package_identification[0m [1;30mLevel 1[0m _identify(yolo_training/11classnew/datasets/bus_dataset_redistributed/valid/labels) by extensions ['python_setup_py']
[0.362s] [34mcolcon.colcon_core.package_identification[0m [1;30mLevel 1[0m _identify(yolo_training/11classnew/datasets/bus_dataset_redistributed/valid/labels) by extension 'python_setup_py'
[0.362s] [34mcolcon.colcon_core.package_identification[0m [1;30mLevel 1[0m _identify(yolo_training/11classnew/datasets/combined_vehicle_dataset) by extensions ['ignore', 'ignore_ament_install']
[0.362s] [34mcolcon.colcon_core.package_identification[0m [1;30mLevel 1[0m _identify(yolo_training/11classnew/datasets/combined_vehicle_dataset) by extension 'ignore'
[0.362s] [34mcolcon.colcon_core.package_identification[0m [1;30mLevel 1[0m _identify(yolo_training/11classnew/datasets/combined_vehicle_dataset) by extension 'ignore_ament_install'
[0.363s] [34mcolcon.colcon_core.package_identification[0m [1;30mLevel 1[0m _identify(yolo_training/11classnew/datasets/combined_vehicle_dataset) by extensions ['colcon_pkg']
[0.363s] [34mcolcon.colcon_core.package_identification[0m [1;30mLevel 1[0m _identify(yolo_training/11classnew/datasets/combined_vehicle_dataset) by extension 'colcon_pkg'
[0.363s] [34mcolcon.colcon_core.package_identification[0m [1;30mLevel 1[0m _identify(yolo_training/11classnew/datasets/combined_vehicle_dataset) by extensions ['colcon_meta']
[0.363s] [34mcolcon.colcon_core.package_identification[0m [1;30mLevel 1[0m _identify(yolo_training/11classnew/datasets/combined_vehicle_dataset) by extension 'colcon_meta'
[0.363s] [34mcolcon.colcon_core.package_identification[0m [1;30mLevel 1[0m _identify(yolo_training/11classnew/datasets/combined_vehicle_dataset) by extensions ['ros']
[0.363s] [34mcolcon.colcon_core.package_identification[0m [1;30mLevel 1[0m _identify(yolo_training/11classnew/datasets/combined_vehicle_dataset) by extension 'ros'
[0.363s] [34mcolcon.colcon_core.package_identification[0m [1;30mLevel 1[0m _identify(yolo_training/11classnew/datasets/combined_vehicle_dataset) by extensions ['cmake', 'python']
[0.363s] [34mcolcon.colcon_core.package_identification[0m [1;30mLevel 1[0m _identify(yolo_training/11classnew/datasets/combined_vehicle_dataset) by extension 'cmake'
[0.363s] [34mcolcon.colcon_core.package_identification[0m [1;30mLevel 1[0m _identify(yolo_training/11classnew/datasets/combined_vehicle_dataset) by extension 'python'
[0.363s] [34mcolcon.colcon_core.package_identification[0m [1;30mLevel 1[0m _identify(yolo_training/11classnew/datasets/combined_vehicle_dataset) by extensions ['python_setup_py']
[0.363s] [34mcolcon.colcon_core.package_identification[0m [1;30mLevel 1[0m _identify(yolo_training/11classnew/datasets/combined_vehicle_dataset) by extension 'python_setup_py'
[0.363s] [34mcolcon.colcon_core.package_identification[0m [1;30mLevel 1[0m _identify(yolo_training/11classnew/datasets/combined_vehicle_dataset/images) by extensions ['ignore', 'ignore_ament_install']
[0.363s] [34mcolcon.colcon_core.package_identification[0m [1;30mLevel 1[0m _identify(yolo_training/11classnew/datasets/combined_vehicle_dataset/images) by extension 'ignore'
[0.363s] [34mcolcon.colcon_core.package_identification[0m [1;30mLevel 1[0m _identify(yolo_training/11classnew/datasets/combined_vehicle_dataset/images) by extension 'ignore_ament_install'
[0.363s] [34mcolcon.colcon_core.package_identification[0m [1;30mLevel 1[0m _identify(yolo_training/11classnew/datasets/combined_vehicle_dataset/images) by extensions ['colcon_pkg']
[0.363s] [34mcolcon.colcon_core.package_identification[0m [1;30mLevel 1[0m _identify(yolo_training/11classnew/datasets/combined_vehicle_dataset/images) by extension 'colcon_pkg'
[0.363s] [34mcolcon.colcon_core.package_identification[0m [1;30mLevel 1[0m _identify(yolo_training/11classnew/datasets/combined_vehicle_dataset/images) by extensions ['colcon_meta']
[0.363s] [34mcolcon.colcon_core.package_identification[0m [1;30mLevel 1[0m _identify(yolo_training/11classnew/datasets/combined_vehicle_dataset/images) by extension 'colcon_meta'
[0.363s] [34mcolcon.colcon_core.package_identification[0m [1;30mLevel 1[0m _identify(yolo_training/11classnew/datasets/combined_vehicle_dataset/images) by extensions ['ros']
[0.363s] [34mcolcon.colcon_core.package_identification[0m [1;30mLevel 1[0m _identify(yolo_training/11classnew/datasets/combined_vehicle_dataset/images) by extension 'ros'
[0.363s] [34mcolcon.colcon_core.package_identification[0m [1;30mLevel 1[0m _identify(yolo_training/11classnew/datasets/combined_vehicle_dataset/images) by extensions ['cmake', 'python']
[0.363s] [34mcolcon.colcon_core.package_identification[0m [1;30mLevel 1[0m _identify(yolo_training/11classnew/datasets/combined_vehicle_dataset/images) by extension 'cmake'
[0.363s] [34mcolcon.colcon_core.package_identification[0m [1;30mLevel 1[0m _identify(yolo_training/11classnew/datasets/combined_vehicle_dataset/images) by extension 'python'
[0.363s] [34mcolcon.colcon_core.package_identification[0m [1;30mLevel 1[0m _identify(yolo_training/11classnew/datasets/combined_vehicle_dataset/images) by extensions ['python_setup_py']
[0.363s] [34mcolcon.colcon_core.package_identification[0m [1;30mLevel 1[0m _identify(yolo_training/11classnew/datasets/combined_vehicle_dataset/images) by extension 'python_setup_py'
[0.363s] [34mcolcon.colcon_core.package_identification[0m [1;30mLevel 1[0m _identify(yolo_training/11classnew/datasets/combined_vehicle_dataset/images/test) by extensions ['ignore', 'ignore_ament_install']
[0.363s] [34mcolcon.colcon_core.package_identification[0m [1;30mLevel 1[0m _identify(yolo_training/11classnew/datasets/combined_vehicle_dataset/images/test) by extension 'ignore'
[0.363s] [34mcolcon.colcon_core.package_identification[0m [1;30mLevel 1[0m _identify(yolo_training/11classnew/datasets/combined_vehicle_dataset/images/test) by extension 'ignore_ament_install'
[0.363s] [34mcolcon.colcon_core.package_identification[0m [1;30mLevel 1[0m _identify(yolo_training/11classnew/datasets/combined_vehicle_dataset/images/test) by extensions ['colcon_pkg']
[0.363s] [34mcolcon.colcon_core.package_identification[0m [1;30mLevel 1[0m _identify(yolo_training/11classnew/datasets/combined_vehicle_dataset/images/test) by extension 'colcon_pkg'
[0.363s] [34mcolcon.colcon_core.package_identification[0m [1;30mLevel 1[0m _identify(yolo_training/11classnew/datasets/combined_vehicle_dataset/images/test) by extensions ['colcon_meta']
[0.363s] [34mcolcon.colcon_core.package_identification[0m [1;30mLevel 1[0m _identify(yolo_training/11classnew/datasets/combined_vehicle_dataset/images/test) by extension 'colcon_meta'
[0.363s] [34mcolcon.colcon_core.package_identification[0m [1;30mLevel 1[0m _identify(yolo_training/11classnew/datasets/combined_vehicle_dataset/images/test) by extensions ['ros']
[0.363s] [34mcolcon.colcon_core.package_identification[0m [1;30mLevel 1[0m _identify(yolo_training/11classnew/datasets/combined_vehicle_dataset/images/test) by extension 'ros'
[0.363s] [34mcolcon.colcon_core.package_identification[0m [1;30mLevel 1[0m _identify(yolo_training/11classnew/datasets/combined_vehicle_dataset/images/test) by extensions ['cmake', 'python']
[0.363s] [34mcolcon.colcon_core.package_identification[0m [1;30mLevel 1[0m _identify(yolo_training/11classnew/datasets/combined_vehicle_dataset/images/test) by extension 'cmake'
[0.363s] [34mcolcon.colcon_core.package_identification[0m [1;30mLevel 1[0m _identify(yolo_training/11classnew/datasets/combined_vehicle_dataset/images/test) by extension 'python'
[0.363s] [34mcolcon.colcon_core.package_identification[0m [1;30mLevel 1[0m _identify(yolo_training/11classnew/datasets/combined_vehicle_dataset/images/test) by extensions ['python_setup_py']
[0.363s] [34mcolcon.colcon_core.package_identification[0m [1;30mLevel 1[0m _identify(yolo_training/11classnew/datasets/combined_vehicle_dataset/images/test) by extension 'python_setup_py'
[0.364s] [34mcolcon.colcon_core.package_identification[0m [1;30mLevel 1[0m _identify(yolo_training/11classnew/datasets/combined_vehicle_dataset/images/train) by extensions ['ignore', 'ignore_ament_install']
[0.365s] [34mcolcon.colcon_core.package_identification[0m [1;30mLevel 1[0m _identify(yolo_training/11classnew/datasets/combined_vehicle_dataset/images/train) by extension 'ignore'
[0.365s] [34mcolcon.colcon_core.package_identification[0m [1;30mLevel 1[0m _identify(yolo_training/11classnew/datasets/combined_vehicle_dataset/images/train) by extension 'ignore_ament_install'
[0.365s] [34mcolcon.colcon_core.package_identification[0m [1;30mLevel 1[0m _identify(yolo_training/11classnew/datasets/combined_vehicle_dataset/images/train) by extensions ['colcon_pkg']
[0.365s] [34mcolcon.colcon_core.package_identification[0m [1;30mLevel 1[0m _identify(yolo_training/11classnew/datasets/combined_vehicle_dataset/images/train) by extension 'colcon_pkg'
[0.365s] [34mcolcon.colcon_core.package_identification[0m [1;30mLevel 1[0m _identify(yolo_training/11classnew/datasets/combined_vehicle_dataset/images/train) by extensions ['colcon_meta']
[0.365s] [34mcolcon.colcon_core.package_identification[0m [1;30mLevel 1[0m _identify(yolo_training/11classnew/datasets/combined_vehicle_dataset/images/train) by extension 'colcon_meta'
[0.365s] [34mcolcon.colcon_core.package_identification[0m [1;30mLevel 1[0m _identify(yolo_training/11classnew/datasets/combined_vehicle_dataset/images/train) by extensions ['ros']
[0.365s] [34mcolcon.colcon_core.package_identification[0m [1;30mLevel 1[0m _identify(yolo_training/11classnew/datasets/combined_vehicle_dataset/images/train) by extension 'ros'
[0.365s] [34mcolcon.colcon_core.package_identification[0m [1;30mLevel 1[0m _identify(yolo_training/11classnew/datasets/combined_vehicle_dataset/images/train) by extensions ['cmake', 'python']
[0.365s] [34mcolcon.colcon_core.package_identification[0m [1;30mLevel 1[0m _identify(yolo_training/11classnew/datasets/combined_vehicle_dataset/images/train) by extension 'cmake'
[0.365s] [34mcolcon.colcon_core.package_identification[0m [1;30mLevel 1[0m _identify(yolo_training/11classnew/datasets/combined_vehicle_dataset/images/train) by extension 'python'
[0.365s] [34mcolcon.colcon_core.package_identification[0m [1;30mLevel 1[0m _identify(yolo_training/11classnew/datasets/combined_vehicle_dataset/images/train) by extensions ['python_setup_py']
[0.365s] [34mcolcon.colcon_core.package_identification[0m [1;30mLevel 1[0m _identify(yolo_training/11classnew/datasets/combined_vehicle_dataset/images/train) by extension 'python_setup_py'
[0.365s] [34mcolcon.colcon_core.package_identification[0m [1;30mLevel 1[0m _identify(yolo_training/11classnew/datasets/combined_vehicle_dataset/images/val) by extensions ['ignore', 'ignore_ament_install']
[0.365s] [34mcolcon.colcon_core.package_identification[0m [1;30mLevel 1[0m _identify(yolo_training/11classnew/datasets/combined_vehicle_dataset/images/val) by extension 'ignore'
[0.365s] [34mcolcon.colcon_core.package_identification[0m [1;30mLevel 1[0m _identify(yolo_training/11classnew/datasets/combined_vehicle_dataset/images/val) by extension 'ignore_ament_install'
[0.365s] [34mcolcon.colcon_core.package_identification[0m [1;30mLevel 1[0m _identify(yolo_training/11classnew/datasets/combined_vehicle_dataset/images/val) by extensions ['colcon_pkg']
[0.365s] [34mcolcon.colcon_core.package_identification[0m [1;30mLevel 1[0m _identify(yolo_training/11classnew/datasets/combined_vehicle_dataset/images/val) by extension 'colcon_pkg'
[0.365s] [34mcolcon.colcon_core.package_identification[0m [1;30mLevel 1[0m _identify(yolo_training/11classnew/datasets/combined_vehicle_dataset/images/val) by extensions ['colcon_meta']
[0.365s] [34mcolcon.colcon_core.package_identification[0m [1;30mLevel 1[0m _identify(yolo_training/11classnew/datasets/combined_vehicle_dataset/images/val) by extension 'colcon_meta'
[0.365s] [34mcolcon.colcon_core.package_identification[0m [1;30mLevel 1[0m _identify(yolo_training/11classnew/datasets/combined_vehicle_dataset/images/val) by extensions ['ros']
[0.365s] [34mcolcon.colcon_core.package_identification[0m [1;30mLevel 1[0m _identify(yolo_training/11classnew/datasets/combined_vehicle_dataset/images/val) by extension 'ros'
[0.365s] [34mcolcon.colcon_core.package_identification[0m [1;30mLevel 1[0m _identify(yolo_training/11classnew/datasets/combined_vehicle_dataset/images/val) by extensions ['cmake', 'python']
[0.365s] [34mcolcon.colcon_core.package_identification[0m [1;30mLevel 1[0m _identify(yolo_training/11classnew/datasets/combined_vehicle_dataset/images/val) by extension 'cmake'
[0.365s] [34mcolcon.colcon_core.package_identification[0m [1;30mLevel 1[0m _identify(yolo_training/11classnew/datasets/combined_vehicle_dataset/images/val) by extension 'python'
[0.365s] [34mcolcon.colcon_core.package_identification[0m [1;30mLevel 1[0m _identify(yolo_training/11classnew/datasets/combined_vehicle_dataset/images/val) by extensions ['python_setup_py']
[0.365s] [34mcolcon.colcon_core.package_identification[0m [1;30mLevel 1[0m _identify(yolo_training/11classnew/datasets/combined_vehicle_dataset/images/val) by extension 'python_setup_py'
[0.365s] [34mcolcon.colcon_core.package_identification[0m [1;30mLevel 1[0m _identify(yolo_training/11classnew/datasets/combined_vehicle_dataset/labels) by extensions ['ignore', 'ignore_ament_install']
[0.365s] [34mcolcon.colcon_core.package_identification[0m [1;30mLevel 1[0m _identify(yolo_training/11classnew/datasets/combined_vehicle_dataset/labels) by extension 'ignore'
[0.365s] [34mcolcon.colcon_core.package_identification[0m [1;30mLevel 1[0m _identify(yolo_training/11classnew/datasets/combined_vehicle_dataset/labels) by extension 'ignore_ament_install'
[0.365s] [34mcolcon.colcon_core.package_identification[0m [1;30mLevel 1[0m _identify(yolo_training/11classnew/datasets/combined_vehicle_dataset/labels) by extensions ['colcon_pkg']
[0.365s] [34mcolcon.colcon_core.package_identification[0m [1;30mLevel 1[0m _identify(yolo_training/11classnew/datasets/combined_vehicle_dataset/labels) by extension 'colcon_pkg'
[0.365s] [34mcolcon.colcon_core.package_identification[0m [1;30mLevel 1[0m _identify(yolo_training/11classnew/datasets/combined_vehicle_dataset/labels) by extensions ['colcon_meta']
[0.365s] [34mcolcon.colcon_core.package_identification[0m [1;30mLevel 1[0m _identify(yolo_training/11classnew/datasets/combined_vehicle_dataset/labels) by extension 'colcon_meta'
[0.366s] [34mcolcon.colcon_core.package_identification[0m [1;30mLevel 1[0m _identify(yolo_training/11classnew/datasets/combined_vehicle_dataset/labels) by extensions ['ros']
[0.366s] [34mcolcon.colcon_core.package_identification[0m [1;30mLevel 1[0m _identify(yolo_training/11classnew/datasets/combined_vehicle_dataset/labels) by extension 'ros'
[0.366s] [34mcolcon.colcon_core.package_identification[0m [1;30mLevel 1[0m _identify(yolo_training/11classnew/datasets/combined_vehicle_dataset/labels) by extensions ['cmake', 'python']
[0.366s] [34mcolcon.colcon_core.package_identification[0m [1;30mLevel 1[0m _identify(yolo_training/11classnew/datasets/combined_vehicle_dataset/labels) by extension 'cmake'
[0.366s] [34mcolcon.colcon_core.package_identification[0m [1;30mLevel 1[0m _identify(yolo_training/11classnew/datasets/combined_vehicle_dataset/labels) by extension 'python'
[0.366s] [34mcolcon.colcon_core.package_identification[0m [1;30mLevel 1[0m _identify(yolo_training/11classnew/datasets/combined_vehicle_dataset/labels) by extensions ['python_setup_py']
[0.366s] [34mcolcon.colcon_core.package_identification[0m [1;30mLevel 1[0m _identify(yolo_training/11classnew/datasets/combined_vehicle_dataset/labels) by extension 'python_setup_py'
[0.366s] [34mcolcon.colcon_core.package_identification[0m [1;30mLevel 1[0m _identify(yolo_training/11classnew/datasets/combined_vehicle_dataset/labels/test) by extensions ['ignore', 'ignore_ament_install']
[0.366s] [34mcolcon.colcon_core.package_identification[0m [1;30mLevel 1[0m _identify(yolo_training/11classnew/datasets/combined_vehicle_dataset/labels/test) by extension 'ignore'
[0.366s] [34mcolcon.colcon_core.package_identification[0m [1;30mLevel 1[0m _identify(yolo_training/11classnew/datasets/combined_vehicle_dataset/labels/test) by extension 'ignore_ament_install'
[0.366s] [34mcolcon.colcon_core.package_identification[0m [1;30mLevel 1[0m _identify(yolo_training/11classnew/datasets/combined_vehicle_dataset/labels/test) by extensions ['colcon_pkg']
[0.366s] [34mcolcon.colcon_core.package_identification[0m [1;30mLevel 1[0m _identify(yolo_training/11classnew/datasets/combined_vehicle_dataset/labels/test) by extension 'colcon_pkg'
[0.366s] [34mcolcon.colcon_core.package_identification[0m [1;30mLevel 1[0m _identify(yolo_training/11classnew/datasets/combined_vehicle_dataset/labels/test) by extensions ['colcon_meta']
[0.366s] [34mcolcon.colcon_core.package_identification[0m [1;30mLevel 1[0m _identify(yolo_training/11classnew/datasets/combined_vehicle_dataset/labels/test) by extension 'colcon_meta'
[0.366s] [34mcolcon.colcon_core.package_identification[0m [1;30mLevel 1[0m _identify(yolo_training/11classnew/datasets/combined_vehicle_dataset/labels/test) by extensions ['ros']
[0.366s] [34mcolcon.colcon_core.package_identification[0m [1;30mLevel 1[0m _identify(yolo_training/11classnew/datasets/combined_vehicle_dataset/labels/test) by extension 'ros'
[0.366s] [34mcolcon.colcon_core.package_identification[0m [1;30mLevel 1[0m _identify(yolo_training/11classnew/datasets/combined_vehicle_dataset/labels/test) by extensions ['cmake', 'python']
[0.366s] [34mcolcon.colcon_core.package_identification[0m [1;30mLevel 1[0m _identify(yolo_training/11classnew/datasets/combined_vehicle_dataset/labels/test) by extension 'cmake'
[0.366s] [34mcolcon.colcon_core.package_identification[0m [1;30mLevel 1[0m _identify(yolo_training/11classnew/datasets/combined_vehicle_dataset/labels/test) by extension 'python'
[0.366s] [34mcolcon.colcon_core.package_identification[0m [1;30mLevel 1[0m _identify(yolo_training/11classnew/datasets/combined_vehicle_dataset/labels/test) by extensions ['python_setup_py']
[0.366s] [34mcolcon.colcon_core.package_identification[0m [1;30mLevel 1[0m _identify(yolo_training/11classnew/datasets/combined_vehicle_dataset/labels/test) by extension 'python_setup_py'
[0.367s] [34mcolcon.colcon_core.package_identification[0m [1;30mLevel 1[0m _identify(yolo_training/11classnew/datasets/combined_vehicle_dataset/labels/train) by extensions ['ignore', 'ignore_ament_install']
[0.367s] [34mcolcon.colcon_core.package_identification[0m [1;30mLevel 1[0m _identify(yolo_training/11classnew/datasets/combined_vehicle_dataset/labels/train) by extension 'ignore'
[0.367s] [34mcolcon.colcon_core.package_identification[0m [1;30mLevel 1[0m _identify(yolo_training/11classnew/datasets/combined_vehicle_dataset/labels/train) by extension 'ignore_ament_install'
[0.367s] [34mcolcon.colcon_core.package_identification[0m [1;30mLevel 1[0m _identify(yolo_training/11classnew/datasets/combined_vehicle_dataset/labels/train) by extensions ['colcon_pkg']
[0.367s] [34mcolcon.colcon_core.package_identification[0m [1;30mLevel 1[0m _identify(yolo_training/11classnew/datasets/combined_vehicle_dataset/labels/train) by extension 'colcon_pkg'
[0.367s] [34mcolcon.colcon_core.package_identification[0m [1;30mLevel 1[0m _identify(yolo_training/11classnew/datasets/combined_vehicle_dataset/labels/train) by extensions ['colcon_meta']
[0.367s] [34mcolcon.colcon_core.package_identification[0m [1;30mLevel 1[0m _identify(yolo_training/11classnew/datasets/combined_vehicle_dataset/labels/train) by extension 'colcon_meta'
[0.367s] [34mcolcon.colcon_core.package_identification[0m [1;30mLevel 1[0m _identify(yolo_training/11classnew/datasets/combined_vehicle_dataset/labels/train) by extensions ['ros']
[0.367s] [34mcolcon.colcon_core.package_identification[0m [1;30mLevel 1[0m _identify(yolo_training/11classnew/datasets/combined_vehicle_dataset/labels/train) by extension 'ros'
[0.367s] [34mcolcon.colcon_core.package_identification[0m [1;30mLevel 1[0m _identify(yolo_training/11classnew/datasets/combined_vehicle_dataset/labels/train) by extensions ['cmake', 'python']
[0.367s] [34mcolcon.colcon_core.package_identification[0m [1;30mLevel 1[0m _identify(yolo_training/11classnew/datasets/combined_vehicle_dataset/labels/train) by extension 'cmake'
[0.367s] [34mcolcon.colcon_core.package_identification[0m [1;30mLevel 1[0m _identify(yolo_training/11classnew/datasets/combined_vehicle_dataset/labels/train) by extension 'python'
[0.367s] [34mcolcon.colcon_core.package_identification[0m [1;30mLevel 1[0m _identify(yolo_training/11classnew/datasets/combined_vehicle_dataset/labels/train) by extensions ['python_setup_py']
[0.367s] [34mcolcon.colcon_core.package_identification[0m [1;30mLevel 1[0m _identify(yolo_training/11classnew/datasets/combined_vehicle_dataset/labels/train) by extension 'python_setup_py'
[0.367s] [34mcolcon.colcon_core.package_identification[0m [1;30mLevel 1[0m _identify(yolo_training/11classnew/datasets/combined_vehicle_dataset/labels/val) by extensions ['ignore', 'ignore_ament_install']
[0.368s] [34mcolcon.colcon_core.package_identification[0m [1;30mLevel 1[0m _identify(yolo_training/11classnew/datasets/combined_vehicle_dataset/labels/val) by extension 'ignore'
[0.368s] [34mcolcon.colcon_core.package_identification[0m [1;30mLevel 1[0m _identify(yolo_training/11classnew/datasets/combined_vehicle_dataset/labels/val) by extension 'ignore_ament_install'
[0.368s] [34mcolcon.colcon_core.package_identification[0m [1;30mLevel 1[0m _identify(yolo_training/11classnew/datasets/combined_vehicle_dataset/labels/val) by extensions ['colcon_pkg']
[0.368s] [34mcolcon.colcon_core.package_identification[0m [1;30mLevel 1[0m _identify(yolo_training/11classnew/datasets/combined_vehicle_dataset/labels/val) by extension 'colcon_pkg'
[0.368s] [34mcolcon.colcon_core.package_identification[0m [1;30mLevel 1[0m _identify(yolo_training/11classnew/datasets/combined_vehicle_dataset/labels/val) by extensions ['colcon_meta']
[0.368s] [34mcolcon.colcon_core.package_identification[0m [1;30mLevel 1[0m _identify(yolo_training/11classnew/datasets/combined_vehicle_dataset/labels/val) by extension 'colcon_meta'
[0.368s] [34mcolcon.colcon_core.package_identification[0m [1;30mLevel 1[0m _identify(yolo_training/11classnew/datasets/combined_vehicle_dataset/labels/val) by extensions ['ros']
[0.368s] [34mcolcon.colcon_core.package_identification[0m [1;30mLevel 1[0m _identify(yolo_training/11classnew/datasets/combined_vehicle_dataset/labels/val) by extension 'ros'
[0.368s] [34mcolcon.colcon_core.package_identification[0m [1;30mLevel 1[0m _identify(yolo_training/11classnew/datasets/combined_vehicle_dataset/labels/val) by extensions ['cmake', 'python']
[0.368s] [34mcolcon.colcon_core.package_identification[0m [1;30mLevel 1[0m _identify(yolo_training/11classnew/datasets/combined_vehicle_dataset/labels/val) by extension 'cmake'
[0.368s] [34mcolcon.colcon_core.package_identification[0m [1;30mLevel 1[0m _identify(yolo_training/11classnew/datasets/combined_vehicle_dataset/labels/val) by extension 'python'
[0.368s] [34mcolcon.colcon_core.package_identification[0m [1;30mLevel 1[0m _identify(yolo_training/11classnew/datasets/combined_vehicle_dataset/labels/val) by extensions ['python_setup_py']
[0.368s] [34mcolcon.colcon_core.package_identification[0m [1;30mLevel 1[0m _identify(yolo_training/11classnew/datasets/combined_vehicle_dataset/labels/val) by extension 'python_setup_py'
[0.368s] [34mcolcon.colcon_core.package_identification[0m [1;30mLevel 1[0m _identify(yolo_training/11classnew/datasets/full_data_v2) by extensions ['ignore', 'ignore_ament_install']
[0.368s] [34mcolcon.colcon_core.package_identification[0m [1;30mLevel 1[0m _identify(yolo_training/11classnew/datasets/full_data_v2) by extension 'ignore'
[0.368s] [34mcolcon.colcon_core.package_identification[0m [1;30mLevel 1[0m _identify(yolo_training/11classnew/datasets/full_data_v2) by extension 'ignore_ament_install'
[0.368s] [34mcolcon.colcon_core.package_identification[0m [1;30mLevel 1[0m _identify(yolo_training/11classnew/datasets/full_data_v2) by extensions ['colcon_pkg']
[0.368s] [34mcolcon.colcon_core.package_identification[0m [1;30mLevel 1[0m _identify(yolo_training/11classnew/datasets/full_data_v2) by extension 'colcon_pkg'
[0.368s] [34mcolcon.colcon_core.package_identification[0m [1;30mLevel 1[0m _identify(yolo_training/11classnew/datasets/full_data_v2) by extensions ['colcon_meta']
[0.368s] [34mcolcon.colcon_core.package_identification[0m [1;30mLevel 1[0m _identify(yolo_training/11classnew/datasets/full_data_v2) by extension 'colcon_meta'
[0.368s] [34mcolcon.colcon_core.package_identification[0m [1;30mLevel 1[0m _identify(yolo_training/11classnew/datasets/full_data_v2) by extensions ['ros']
[0.368s] [34mcolcon.colcon_core.package_identification[0m [1;30mLevel 1[0m _identify(yolo_training/11classnew/datasets/full_data_v2) by extension 'ros'
[0.368s] [34mcolcon.colcon_core.package_identification[0m [1;30mLevel 1[0m _identify(yolo_training/11classnew/datasets/full_data_v2) by extensions ['cmake', 'python']
[0.368s] [34mcolcon.colcon_core.package_identification[0m [1;30mLevel 1[0m _identify(yolo_training/11classnew/datasets/full_data_v2) by extension 'cmake'
[0.368s] [34mcolcon.colcon_core.package_identification[0m [1;30mLevel 1[0m _identify(yolo_training/11classnew/datasets/full_data_v2) by extension 'python'
[0.368s] [34mcolcon.colcon_core.package_identification[0m [1;30mLevel 1[0m _identify(yolo_training/11classnew/datasets/full_data_v2) by extensions ['python_setup_py']
[0.368s] [34mcolcon.colcon_core.package_identification[0m [1;30mLevel 1[0m _identify(yolo_training/11classnew/datasets/full_data_v2) by extension 'python_setup_py'
[0.368s] [34mcolcon.colcon_core.package_identification[0m [1;30mLevel 1[0m _identify(yolo_training/11classnew/datasets/full_data_v2/test) by extensions ['ignore', 'ignore_ament_install']
[0.368s] [34mcolcon.colcon_core.package_identification[0m [1;30mLevel 1[0m _identify(yolo_training/11classnew/datasets/full_data_v2/test) by extension 'ignore'
[0.368s] [34mcolcon.colcon_core.package_identification[0m [1;30mLevel 1[0m _identify(yolo_training/11classnew/datasets/full_data_v2/test) by extension 'ignore_ament_install'
[0.368s] [34mcolcon.colcon_core.package_identification[0m [1;30mLevel 1[0m _identify(yolo_training/11classnew/datasets/full_data_v2/test) by extensions ['colcon_pkg']
[0.368s] [34mcolcon.colcon_core.package_identification[0m [1;30mLevel 1[0m _identify(yolo_training/11classnew/datasets/full_data_v2/test) by extension 'colcon_pkg'
[0.368s] [34mcolcon.colcon_core.package_identification[0m [1;30mLevel 1[0m _identify(yolo_training/11classnew/datasets/full_data_v2/test) by extensions ['colcon_meta']
[0.368s] [34mcolcon.colcon_core.package_identification[0m [1;30mLevel 1[0m _identify(yolo_training/11classnew/datasets/full_data_v2/test) by extension 'colcon_meta'
[0.368s] [34mcolcon.colcon_core.package_identification[0m [1;30mLevel 1[0m _identify(yolo_training/11classnew/datasets/full_data_v2/test) by extensions ['ros']
[0.368s] [34mcolcon.colcon_core.package_identification[0m [1;30mLevel 1[0m _identify(yolo_training/11classnew/datasets/full_data_v2/test) by extension 'ros'
[0.368s] [34mcolcon.colcon_core.package_identification[0m [1;30mLevel 1[0m _identify(yolo_training/11classnew/datasets/full_data_v2/test) by extensions ['cmake', 'python']
[0.368s] [34mcolcon.colcon_core.package_identification[0m [1;30mLevel 1[0m _identify(yolo_training/11classnew/datasets/full_data_v2/test) by extension 'cmake'
[0.368s] [34mcolcon.colcon_core.package_identification[0m [1;30mLevel 1[0m _identify(yolo_training/11classnew/datasets/full_data_v2/test) by extension 'python'
[0.368s] [34mcolcon.colcon_core.package_identification[0m [1;30mLevel 1[0m _identify(yolo_training/11classnew/datasets/full_data_v2/test) by extensions ['python_setup_py']
[0.368s] [34mcolcon.colcon_core.package_identification[0m [1;30mLevel 1[0m _identify(yolo_training/11classnew/datasets/full_data_v2/test) by extension 'python_setup_py'
[0.369s] [34mcolcon.colcon_core.package_identification[0m [1;30mLevel 1[0m _identify(yolo_training/11classnew/datasets/full_data_v2/test/images) by extensions ['ignore', 'ignore_ament_install']
[0.369s] [34mcolcon.colcon_core.package_identification[0m [1;30mLevel 1[0m _identify(yolo_training/11classnew/datasets/full_data_v2/test/images) by extension 'ignore'
[0.369s] [34mcolcon.colcon_core.package_identification[0m [1;30mLevel 1[0m _identify(yolo_training/11classnew/datasets/full_data_v2/test/images) by extension 'ignore_ament_install'
[0.369s] [34mcolcon.colcon_core.package_identification[0m [1;30mLevel 1[0m _identify(yolo_training/11classnew/datasets/full_data_v2/test/images) by extensions ['colcon_pkg']
[0.369s] [34mcolcon.colcon_core.package_identification[0m [1;30mLevel 1[0m _identify(yolo_training/11classnew/datasets/full_data_v2/test/images) by extension 'colcon_pkg'
[0.369s] [34mcolcon.colcon_core.package_identification[0m [1;30mLevel 1[0m _identify(yolo_training/11classnew/datasets/full_data_v2/test/images) by extensions ['colcon_meta']
[0.369s] [34mcolcon.colcon_core.package_identification[0m [1;30mLevel 1[0m _identify(yolo_training/11classnew/datasets/full_data_v2/test/images) by extension 'colcon_meta'
[0.369s] [34mcolcon.colcon_core.package_identification[0m [1;30mLevel 1[0m _identify(yolo_training/11classnew/datasets/full_data_v2/test/images) by extensions ['ros']
[0.369s] [34mcolcon.colcon_core.package_identification[0m [1;30mLevel 1[0m _identify(yolo_training/11classnew/datasets/full_data_v2/test/images) by extension 'ros'
[0.369s] [34mcolcon.colcon_core.package_identification[0m [1;30mLevel 1[0m _identify(yolo_training/11classnew/datasets/full_data_v2/test/images) by extensions ['cmake', 'python']
[0.369s] [34mcolcon.colcon_core.package_identification[0m [1;30mLevel 1[0m _identify(yolo_training/11classnew/datasets/full_data_v2/test/images) by extension 'cmake'
[0.369s] [34mcolcon.colcon_core.package_identification[0m [1;30mLevel 1[0m _identify(yolo_training/11classnew/datasets/full_data_v2/test/images) by extension 'python'
[0.369s] [34mcolcon.colcon_core.package_identification[0m [1;30mLevel 1[0m _identify(yolo_training/11classnew/datasets/full_data_v2/test/images) by extensions ['python_setup_py']
[0.369s] [34mcolcon.colcon_core.package_identification[0m [1;30mLevel 1[0m _identify(yolo_training/11classnew/datasets/full_data_v2/test/images) by extension 'python_setup_py'
[0.369s] [34mcolcon.colcon_core.package_identification[0m [1;30mLevel 1[0m _identify(yolo_training/11classnew/datasets/full_data_v2/test/labels) by extensions ['ignore', 'ignore_ament_install']
[0.370s] [34mcolcon.colcon_core.package_identification[0m [1;30mLevel 1[0m _identify(yolo_training/11classnew/datasets/full_data_v2/test/labels) by extension 'ignore'
[0.370s] [34mcolcon.colcon_core.package_identification[0m [1;30mLevel 1[0m _identify(yolo_training/11classnew/datasets/full_data_v2/test/labels) by extension 'ignore_ament_install'
[0.370s] [34mcolcon.colcon_core.package_identification[0m [1;30mLevel 1[0m _identify(yolo_training/11classnew/datasets/full_data_v2/test/labels) by extensions ['colcon_pkg']
[0.370s] [34mcolcon.colcon_core.package_identification[0m [1;30mLevel 1[0m _identify(yolo_training/11classnew/datasets/full_data_v2/test/labels) by extension 'colcon_pkg'
[0.370s] [34mcolcon.colcon_core.package_identification[0m [1;30mLevel 1[0m _identify(yolo_training/11classnew/datasets/full_data_v2/test/labels) by extensions ['colcon_meta']
[0.370s] [34mcolcon.colcon_core.package_identification[0m [1;30mLevel 1[0m _identify(yolo_training/11classnew/datasets/full_data_v2/test/labels) by extension 'colcon_meta'
[0.370s] [34mcolcon.colcon_core.package_identification[0m [1;30mLevel 1[0m _identify(yolo_training/11classnew/datasets/full_data_v2/test/labels) by extensions ['ros']
[0.370s] [34mcolcon.colcon_core.package_identification[0m [1;30mLevel 1[0m _identify(yolo_training/11classnew/datasets/full_data_v2/test/labels) by extension 'ros'
[0.370s] [34mcolcon.colcon_core.package_identification[0m [1;30mLevel 1[0m _identify(yolo_training/11classnew/datasets/full_data_v2/test/labels) by extensions ['cmake', 'python']
[0.370s] [34mcolcon.colcon_core.package_identification[0m [1;30mLevel 1[0m _identify(yolo_training/11classnew/datasets/full_data_v2/test/labels) by extension 'cmake'
[0.370s] [34mcolcon.colcon_core.package_identification[0m [1;30mLevel 1[0m _identify(yolo_training/11classnew/datasets/full_data_v2/test/labels) by extension 'python'
[0.370s] [34mcolcon.colcon_core.package_identification[0m [1;30mLevel 1[0m _identify(yolo_training/11classnew/datasets/full_data_v2/test/labels) by extensions ['python_setup_py']
[0.370s] [34mcolcon.colcon_core.package_identification[0m [1;30mLevel 1[0m _identify(yolo_training/11classnew/datasets/full_data_v2/test/labels) by extension 'python_setup_py'
[0.370s] [34mcolcon.colcon_core.package_identification[0m [1;30mLevel 1[0m _identify(yolo_training/11classnew/datasets/full_data_v2/train) by extensions ['ignore', 'ignore_ament_install']
[0.370s] [34mcolcon.colcon_core.package_identification[0m [1;30mLevel 1[0m _identify(yolo_training/11classnew/datasets/full_data_v2/train) by extension 'ignore'
[0.370s] [34mcolcon.colcon_core.package_identification[0m [1;30mLevel 1[0m _identify(yolo_training/11classnew/datasets/full_data_v2/train) by extension 'ignore_ament_install'
[0.370s] [34mcolcon.colcon_core.package_identification[0m [1;30mLevel 1[0m _identify(yolo_training/11classnew/datasets/full_data_v2/train) by extensions ['colcon_pkg']
[0.370s] [34mcolcon.colcon_core.package_identification[0m [1;30mLevel 1[0m _identify(yolo_training/11classnew/datasets/full_data_v2/train) by extension 'colcon_pkg'
[0.370s] [34mcolcon.colcon_core.package_identification[0m [1;30mLevel 1[0m _identify(yolo_training/11classnew/datasets/full_data_v2/train) by extensions ['colcon_meta']
[0.370s] [34mcolcon.colcon_core.package_identification[0m [1;30mLevel 1[0m _identify(yolo_training/11classnew/datasets/full_data_v2/train) by extension 'colcon_meta'
[0.370s] [34mcolcon.colcon_core.package_identification[0m [1;30mLevel 1[0m _identify(yolo_training/11classnew/datasets/full_data_v2/train) by extensions ['ros']
[0.370s] [34mcolcon.colcon_core.package_identification[0m [1;30mLevel 1[0m _identify(yolo_training/11classnew/datasets/full_data_v2/train) by extension 'ros'
[0.370s] [34mcolcon.colcon_core.package_identification[0m [1;30mLevel 1[0m _identify(yolo_training/11classnew/datasets/full_data_v2/train) by extensions ['cmake', 'python']
[0.370s] [34mcolcon.colcon_core.package_identification[0m [1;30mLevel 1[0m _identify(yolo_training/11classnew/datasets/full_data_v2/train) by extension 'cmake'
[0.370s] [34mcolcon.colcon_core.package_identification[0m [1;30mLevel 1[0m _identify(yolo_training/11classnew/datasets/full_data_v2/train) by extension 'python'
[0.370s] [34mcolcon.colcon_core.package_identification[0m [1;30mLevel 1[0m _identify(yolo_training/11classnew/datasets/full_data_v2/train) by extensions ['python_setup_py']
[0.370s] [34mcolcon.colcon_core.package_identification[0m [1;30mLevel 1[0m _identify(yolo_training/11classnew/datasets/full_data_v2/train) by extension 'python_setup_py'
[0.380s] [34mcolcon.colcon_core.package_identification[0m [1;30mLevel 1[0m _identify(yolo_training/11classnew/datasets/full_data_v2/train/images) by extensions ['ignore', 'ignore_ament_install']
[0.380s] [34mcolcon.colcon_core.package_identification[0m [1;30mLevel 1[0m _identify(yolo_training/11classnew/datasets/full_data_v2/train/images) by extension 'ignore'
[0.380s] [34mcolcon.colcon_core.package_identification[0m [1;30mLevel 1[0m _identify(yolo_training/11classnew/datasets/full_data_v2/train/images) by extension 'ignore_ament_install'
[0.380s] [34mcolcon.colcon_core.package_identification[0m [1;30mLevel 1[0m _identify(yolo_training/11classnew/datasets/full_data_v2/train/images) by extensions ['colcon_pkg']
[0.380s] [34mcolcon.colcon_core.package_identification[0m [1;30mLevel 1[0m _identify(yolo_training/11classnew/datasets/full_data_v2/train/images) by extension 'colcon_pkg'
[0.380s] [34mcolcon.colcon_core.package_identification[0m [1;30mLevel 1[0m _identify(yolo_training/11classnew/datasets/full_data_v2/train/images) by extensions ['colcon_meta']
[0.380s] [34mcolcon.colcon_core.package_identification[0m [1;30mLevel 1[0m _identify(yolo_training/11classnew/datasets/full_data_v2/train/images) by extension 'colcon_meta'
[0.380s] [34mcolcon.colcon_core.package_identification[0m [1;30mLevel 1[0m _identify(yolo_training/11classnew/datasets/full_data_v2/train/images) by extensions ['ros']
[0.380s] [34mcolcon.colcon_core.package_identification[0m [1;30mLevel 1[0m _identify(yolo_training/11classnew/datasets/full_data_v2/train/images) by extension 'ros'
[0.380s] [34mcolcon.colcon_core.package_identification[0m [1;30mLevel 1[0m _identify(yolo_training/11classnew/datasets/full_data_v2/train/images) by extensions ['cmake', 'python']
[0.380s] [34mcolcon.colcon_core.package_identification[0m [1;30mLevel 1[0m _identify(yolo_training/11classnew/datasets/full_data_v2/train/images) by extension 'cmake'
[0.380s] [34mcolcon.colcon_core.package_identification[0m [1;30mLevel 1[0m _identify(yolo_training/11classnew/datasets/full_data_v2/train/images) by extension 'python'
[0.380s] [34mcolcon.colcon_core.package_identification[0m [1;30mLevel 1[0m _identify(yolo_training/11classnew/datasets/full_data_v2/train/images) by extensions ['python_setup_py']
[0.380s] [34mcolcon.colcon_core.package_identification[0m [1;30mLevel 1[0m _identify(yolo_training/11classnew/datasets/full_data_v2/train/images) by extension 'python_setup_py'
[0.390s] [34mcolcon.colcon_core.package_identification[0m [1;30mLevel 1[0m _identify(yolo_training/11classnew/datasets/full_data_v2/train/labels) by extensions ['ignore', 'ignore_ament_install']
[0.390s] [34mcolcon.colcon_core.package_identification[0m [1;30mLevel 1[0m _identify(yolo_training/11classnew/datasets/full_data_v2/train/labels) by extension 'ignore'
[0.390s] [34mcolcon.colcon_core.package_identification[0m [1;30mLevel 1[0m _identify(yolo_training/11classnew/datasets/full_data_v2/train/labels) by extension 'ignore_ament_install'
[0.390s] [34mcolcon.colcon_core.package_identification[0m [1;30mLevel 1[0m _identify(yolo_training/11classnew/datasets/full_data_v2/train/labels) by extensions ['colcon_pkg']
[0.390s] [34mcolcon.colcon_core.package_identification[0m [1;30mLevel 1[0m _identify(yolo_training/11classnew/datasets/full_data_v2/train/labels) by extension 'colcon_pkg'
[0.390s] [34mcolcon.colcon_core.package_identification[0m [1;30mLevel 1[0m _identify(yolo_training/11classnew/datasets/full_data_v2/train/labels) by extensions ['colcon_meta']
[0.390s] [34mcolcon.colcon_core.package_identification[0m [1;30mLevel 1[0m _identify(yolo_training/11classnew/datasets/full_data_v2/train/labels) by extension 'colcon_meta'
[0.391s] [34mcolcon.colcon_core.package_identification[0m [1;30mLevel 1[0m _identify(yolo_training/11classnew/datasets/full_data_v2/train/labels) by extensions ['ros']
[0.391s] [34mcolcon.colcon_core.package_identification[0m [1;30mLevel 1[0m _identify(yolo_training/11classnew/datasets/full_data_v2/train/labels) by extension 'ros'
[0.391s] [34mcolcon.colcon_core.package_identification[0m [1;30mLevel 1[0m _identify(yolo_training/11classnew/datasets/full_data_v2/train/labels) by extensions ['cmake', 'python']
[0.391s] [34mcolcon.colcon_core.package_identification[0m [1;30mLevel 1[0m _identify(yolo_training/11classnew/datasets/full_data_v2/train/labels) by extension 'cmake'
[0.391s] [34mcolcon.colcon_core.package_identification[0m [1;30mLevel 1[0m _identify(yolo_training/11classnew/datasets/full_data_v2/train/labels) by extension 'python'
[0.391s] [34mcolcon.colcon_core.package_identification[0m [1;30mLevel 1[0m _identify(yolo_training/11classnew/datasets/full_data_v2/train/labels) by extensions ['python_setup_py']
[0.391s] [34mcolcon.colcon_core.package_identification[0m [1;30mLevel 1[0m _identify(yolo_training/11classnew/datasets/full_data_v2/train/labels) by extension 'python_setup_py'
[0.391s] [34mcolcon.colcon_core.package_identification[0m [1;30mLevel 1[0m _identify(yolo_training/11classnew/datasets/full_data_v2/valid) by extensions ['ignore', 'ignore_ament_install']
[0.391s] [34mcolcon.colcon_core.package_identification[0m [1;30mLevel 1[0m _identify(yolo_training/11classnew/datasets/full_data_v2/valid) by extension 'ignore'
[0.391s] [34mcolcon.colcon_core.package_identification[0m [1;30mLevel 1[0m _identify(yolo_training/11classnew/datasets/full_data_v2/valid) by extension 'ignore_ament_install'
[0.391s] [34mcolcon.colcon_core.package_identification[0m [1;30mLevel 1[0m _identify(yolo_training/11classnew/datasets/full_data_v2/valid) by extensions ['colcon_pkg']
[0.391s] [34mcolcon.colcon_core.package_identification[0m [1;30mLevel 1[0m _identify(yolo_training/11classnew/datasets/full_data_v2/valid) by extension 'colcon_pkg'
[0.391s] [34mcolcon.colcon_core.package_identification[0m [1;30mLevel 1[0m _identify(yolo_training/11classnew/datasets/full_data_v2/valid) by extensions ['colcon_meta']
[0.391s] [34mcolcon.colcon_core.package_identification[0m [1;30mLevel 1[0m _identify(yolo_training/11classnew/datasets/full_data_v2/valid) by extension 'colcon_meta'
[0.391s] [34mcolcon.colcon_core.package_identification[0m [1;30mLevel 1[0m _identify(yolo_training/11classnew/datasets/full_data_v2/valid) by extensions ['ros']
[0.391s] [34mcolcon.colcon_core.package_identification[0m [1;30mLevel 1[0m _identify(yolo_training/11classnew/datasets/full_data_v2/valid) by extension 'ros'
[0.391s] [34mcolcon.colcon_core.package_identification[0m [1;30mLevel 1[0m _identify(yolo_training/11classnew/datasets/full_data_v2/valid) by extensions ['cmake', 'python']
[0.391s] [34mcolcon.colcon_core.package_identification[0m [1;30mLevel 1[0m _identify(yolo_training/11classnew/datasets/full_data_v2/valid) by extension 'cmake'
[0.391s] [34mcolcon.colcon_core.package_identification[0m [1;30mLevel 1[0m _identify(yolo_training/11classnew/datasets/full_data_v2/valid) by extension 'python'
[0.391s] [34mcolcon.colcon_core.package_identification[0m [1;30mLevel 1[0m _identify(yolo_training/11classnew/datasets/full_data_v2/valid) by extensions ['python_setup_py']
[0.391s] [34mcolcon.colcon_core.package_identification[0m [1;30mLevel 1[0m _identify(yolo_training/11classnew/datasets/full_data_v2/valid) by extension 'python_setup_py'
[0.392s] [34mcolcon.colcon_core.package_identification[0m [1;30mLevel 1[0m _identify(yolo_training/11classnew/datasets/full_data_v2/valid/images) by extensions ['ignore', 'ignore_ament_install']
[0.392s] [34mcolcon.colcon_core.package_identification[0m [1;30mLevel 1[0m _identify(yolo_training/11classnew/datasets/full_data_v2/valid/images) by extension 'ignore'
[0.392s] [34mcolcon.colcon_core.package_identification[0m [1;30mLevel 1[0m _identify(yolo_training/11classnew/datasets/full_data_v2/valid/images) by extension 'ignore_ament_install'
[0.392s] [34mcolcon.colcon_core.package_identification[0m [1;30mLevel 1[0m _identify(yolo_training/11classnew/datasets/full_data_v2/valid/images) by extensions ['colcon_pkg']
[0.392s] [34mcolcon.colcon_core.package_identification[0m [1;30mLevel 1[0m _identify(yolo_training/11classnew/datasets/full_data_v2/valid/images) by extension 'colcon_pkg'
[0.392s] [34mcolcon.colcon_core.package_identification[0m [1;30mLevel 1[0m _identify(yolo_training/11classnew/datasets/full_data_v2/valid/images) by extensions ['colcon_meta']
[0.392s] [34mcolcon.colcon_core.package_identification[0m [1;30mLevel 1[0m _identify(yolo_training/11classnew/datasets/full_data_v2/valid/images) by extension 'colcon_meta'
[0.392s] [34mcolcon.colcon_core.package_identification[0m [1;30mLevel 1[0m _identify(yolo_training/11classnew/datasets/full_data_v2/valid/images) by extensions ['ros']
[0.392s] [34mcolcon.colcon_core.package_identification[0m [1;30mLevel 1[0m _identify(yolo_training/11classnew/datasets/full_data_v2/valid/images) by extension 'ros'
[0.392s] [34mcolcon.colcon_core.package_identification[0m [1;30mLevel 1[0m _identify(yolo_training/11classnew/datasets/full_data_v2/valid/images) by extensions ['cmake', 'python']
[0.392s] [34mcolcon.colcon_core.package_identification[0m [1;30mLevel 1[0m _identify(yolo_training/11classnew/datasets/full_data_v2/valid/images) by extension 'cmake'
[0.392s] [34mcolcon.colcon_core.package_identification[0m [1;30mLevel 1[0m _identify(yolo_training/11classnew/datasets/full_data_v2/valid/images) by extension 'python'
[0.392s] [34mcolcon.colcon_core.package_identification[0m [1;30mLevel 1[0m _identify(yolo_training/11classnew/datasets/full_data_v2/valid/images) by extensions ['python_setup_py']
[0.392s] [34mcolcon.colcon_core.package_identification[0m [1;30mLevel 1[0m _identify(yolo_training/11classnew/datasets/full_data_v2/valid/images) by extension 'python_setup_py'
[0.393s] [34mcolcon.colcon_core.package_identification[0m [1;30mLevel 1[0m _identify(yolo_training/11classnew/datasets/full_data_v2/valid/labels) by extensions ['ignore', 'ignore_ament_install']
[0.393s] [34mcolcon.colcon_core.package_identification[0m [1;30mLevel 1[0m _identify(yolo_training/11classnew/datasets/full_data_v2/valid/labels) by extension 'ignore'
[0.393s] [34mcolcon.colcon_core.package_identification[0m [1;30mLevel 1[0m _identify(yolo_training/11classnew/datasets/full_data_v2/valid/labels) by extension 'ignore_ament_install'
[0.393s] [34mcolcon.colcon_core.package_identification[0m [1;30mLevel 1[0m _identify(yolo_training/11classnew/datasets/full_data_v2/valid/labels) by extensions ['colcon_pkg']
[0.393s] [34mcolcon.colcon_core.package_identification[0m [1;30mLevel 1[0m _identify(yolo_training/11classnew/datasets/full_data_v2/valid/labels) by extension 'colcon_pkg'
[0.393s] [34mcolcon.colcon_core.package_identification[0m [1;30mLevel 1[0m _identify(yolo_training/11classnew/datasets/full_data_v2/valid/labels) by extensions ['colcon_meta']
[0.393s] [34mcolcon.colcon_core.package_identification[0m [1;30mLevel 1[0m _identify(yolo_training/11classnew/datasets/full_data_v2/valid/labels) by extension 'colcon_meta'
[0.393s] [34mcolcon.colcon_core.package_identification[0m [1;30mLevel 1[0m _identify(yolo_training/11classnew/datasets/full_data_v2/valid/labels) by extensions ['ros']
[0.393s] [34mcolcon.colcon_core.package_identification[0m [1;30mLevel 1[0m _identify(yolo_training/11classnew/datasets/full_data_v2/valid/labels) by extension 'ros'
[0.393s] [34mcolcon.colcon_core.package_identification[0m [1;30mLevel 1[0m _identify(yolo_training/11classnew/datasets/full_data_v2/valid/labels) by extensions ['cmake', 'python']
[0.393s] [34mcolcon.colcon_core.package_identification[0m [1;30mLevel 1[0m _identify(yolo_training/11classnew/datasets/full_data_v2/valid/labels) by extension 'cmake'
[0.393s] [34mcolcon.colcon_core.package_identification[0m [1;30mLevel 1[0m _identify(yolo_training/11classnew/datasets/full_data_v2/valid/labels) by extension 'python'
[0.393s] [34mcolcon.colcon_core.package_identification[0m [1;30mLevel 1[0m _identify(yolo_training/11classnew/datasets/full_data_v2/valid/labels) by extensions ['python_setup_py']
[0.393s] [34mcolcon.colcon_core.package_identification[0m [1;30mLevel 1[0m _identify(yolo_training/11classnew/datasets/full_data_v2/valid/labels) by extension 'python_setup_py'
[0.393s] [34mcolcon.colcon_core.package_identification[0m [1;30mLevel 1[0m _identify(yolo_training/11classnew/datasets/merged_datav4) by extensions ['ignore', 'ignore_ament_install']
[0.393s] [34mcolcon.colcon_core.package_identification[0m [1;30mLevel 1[0m _identify(yolo_training/11classnew/datasets/merged_datav4) by extension 'ignore'
[0.393s] [34mcolcon.colcon_core.package_identification[0m [1;30mLevel 1[0m _identify(yolo_training/11classnew/datasets/merged_datav4) by extension 'ignore_ament_install'
[0.393s] [34mcolcon.colcon_core.package_identification[0m [1;30mLevel 1[0m _identify(yolo_training/11classnew/datasets/merged_datav4) by extensions ['colcon_pkg']
[0.393s] [34mcolcon.colcon_core.package_identification[0m [1;30mLevel 1[0m _identify(yolo_training/11classnew/datasets/merged_datav4) by extension 'colcon_pkg'
[0.393s] [34mcolcon.colcon_core.package_identification[0m [1;30mLevel 1[0m _identify(yolo_training/11classnew/datasets/merged_datav4) by extensions ['colcon_meta']
[0.393s] [34mcolcon.colcon_core.package_identification[0m [1;30mLevel 1[0m _identify(yolo_training/11classnew/datasets/merged_datav4) by extension 'colcon_meta'
[0.393s] [34mcolcon.colcon_core.package_identification[0m [1;30mLevel 1[0m _identify(yolo_training/11classnew/datasets/merged_datav4) by extensions ['ros']
[0.393s] [34mcolcon.colcon_core.package_identification[0m [1;30mLevel 1[0m _identify(yolo_training/11classnew/datasets/merged_datav4) by extension 'ros'
[0.393s] [34mcolcon.colcon_core.package_identification[0m [1;30mLevel 1[0m _identify(yolo_training/11classnew/datasets/merged_datav4) by extensions ['cmake', 'python']
[0.393s] [34mcolcon.colcon_core.package_identification[0m [1;30mLevel 1[0m _identify(yolo_training/11classnew/datasets/merged_datav4) by extension 'cmake'
[0.394s] [34mcolcon.colcon_core.package_identification[0m [1;30mLevel 1[0m _identify(yolo_training/11classnew/datasets/merged_datav4) by extension 'python'
[0.394s] [34mcolcon.colcon_core.package_identification[0m [1;30mLevel 1[0m _identify(yolo_training/11classnew/datasets/merged_datav4) by extensions ['python_setup_py']
[0.394s] [34mcolcon.colcon_core.package_identification[0m [1;30mLevel 1[0m _identify(yolo_training/11classnew/datasets/merged_datav4) by extension 'python_setup_py'
[0.394s] [34mcolcon.colcon_core.package_identification[0m [1;30mLevel 1[0m _identify(yolo_training/11classnew/datasets/merged_datav4/test) by extensions ['ignore', 'ignore_ament_install']
[0.394s] [34mcolcon.colcon_core.package_identification[0m [1;30mLevel 1[0m _identify(yolo_training/11classnew/datasets/merged_datav4/test) by extension 'ignore'
[0.394s] [34mcolcon.colcon_core.package_identification[0m [1;30mLevel 1[0m _identify(yolo_training/11classnew/datasets/merged_datav4/test) by extension 'ignore_ament_install'
[0.394s] [34mcolcon.colcon_core.package_identification[0m [1;30mLevel 1[0m _identify(yolo_training/11classnew/datasets/merged_datav4/test) by extensions ['colcon_pkg']
[0.394s] [34mcolcon.colcon_core.package_identification[0m [1;30mLevel 1[0m _identify(yolo_training/11classnew/datasets/merged_datav4/test) by extension 'colcon_pkg'
[0.394s] [34mcolcon.colcon_core.package_identification[0m [1;30mLevel 1[0m _identify(yolo_training/11classnew/datasets/merged_datav4/test) by extensions ['colcon_meta']
[0.394s] [34mcolcon.colcon_core.package_identification[0m [1;30mLevel 1[0m _identify(yolo_training/11classnew/datasets/merged_datav4/test) by extension 'colcon_meta'
[0.394s] [34mcolcon.colcon_core.package_identification[0m [1;30mLevel 1[0m _identify(yolo_training/11classnew/datasets/merged_datav4/test) by extensions ['ros']
[0.394s] [34mcolcon.colcon_core.package_identification[0m [1;30mLevel 1[0m _identify(yolo_training/11classnew/datasets/merged_datav4/test) by extension 'ros'
[0.394s] [34mcolcon.colcon_core.package_identification[0m [1;30mLevel 1[0m _identify(yolo_training/11classnew/datasets/merged_datav4/test) by extensions ['cmake', 'python']
[0.394s] [34mcolcon.colcon_core.package_identification[0m [1;30mLevel 1[0m _identify(yolo_training/11classnew/datasets/merged_datav4/test) by extension 'cmake'
[0.394s] [34mcolcon.colcon_core.package_identification[0m [1;30mLevel 1[0m _identify(yolo_training/11classnew/datasets/merged_datav4/test) by extension 'python'
[0.394s] [34mcolcon.colcon_core.package_identification[0m [1;30mLevel 1[0m _identify(yolo_training/11classnew/datasets/merged_datav4/test) by extensions ['python_setup_py']
[0.394s] [34mcolcon.colcon_core.package_identification[0m [1;30mLevel 1[0m _identify(yolo_training/11classnew/datasets/merged_datav4/test) by extension 'python_setup_py'
[0.394s] [34mcolcon.colcon_core.package_identification[0m [1;30mLevel 1[0m _identify(yolo_training/11classnew/datasets/merged_datav4/test/images) by extensions ['ignore', 'ignore_ament_install']
[0.394s] [34mcolcon.colcon_core.package_identification[0m [1;30mLevel 1[0m _identify(yolo_training/11classnew/datasets/merged_datav4/test/images) by extension 'ignore'
[0.394s] [34mcolcon.colcon_core.package_identification[0m [1;30mLevel 1[0m _identify(yolo_training/11classnew/datasets/merged_datav4/test/images) by extension 'ignore_ament_install'
[0.394s] [34mcolcon.colcon_core.package_identification[0m [1;30mLevel 1[0m _identify(yolo_training/11classnew/datasets/merged_datav4/test/images) by extensions ['colcon_pkg']
[0.394s] [34mcolcon.colcon_core.package_identification[0m [1;30mLevel 1[0m _identify(yolo_training/11classnew/datasets/merged_datav4/test/images) by extension 'colcon_pkg'
[0.394s] [34mcolcon.colcon_core.package_identification[0m [1;30mLevel 1[0m _identify(yolo_training/11classnew/datasets/merged_datav4/test/images) by extensions ['colcon_meta']
[0.394s] [34mcolcon.colcon_core.package_identification[0m [1;30mLevel 1[0m _identify(yolo_training/11classnew/datasets/merged_datav4/test/images) by extension 'colcon_meta'
[0.394s] [34mcolcon.colcon_core.package_identification[0m [1;30mLevel 1[0m _identify(yolo_training/11classnew/datasets/merged_datav4/test/images) by extensions ['ros']
[0.394s] [34mcolcon.colcon_core.package_identification[0m [1;30mLevel 1[0m _identify(yolo_training/11classnew/datasets/merged_datav4/test/images) by extension 'ros'
[0.394s] [34mcolcon.colcon_core.package_identification[0m [1;30mLevel 1[0m _identify(yolo_training/11classnew/datasets/merged_datav4/test/images) by extensions ['cmake', 'python']
[0.394s] [34mcolcon.colcon_core.package_identification[0m [1;30mLevel 1[0m _identify(yolo_training/11classnew/datasets/merged_datav4/test/images) by extension 'cmake'
[0.394s] [34mcolcon.colcon_core.package_identification[0m [1;30mLevel 1[0m _identify(yolo_training/11classnew/datasets/merged_datav4/test/images) by extension 'python'
[0.395s] [34mcolcon.colcon_core.package_identification[0m [1;30mLevel 1[0m _identify(yolo_training/11classnew/datasets/merged_datav4/test/images) by extensions ['python_setup_py']
[0.395s] [34mcolcon.colcon_core.package_identification[0m [1;30mLevel 1[0m _identify(yolo_training/11classnew/datasets/merged_datav4/test/images) by extension 'python_setup_py'
[0.395s] [34mcolcon.colcon_core.package_identification[0m [1;30mLevel 1[0m _identify(yolo_training/11classnew/datasets/merged_datav4/test/labels) by extensions ['ignore', 'ignore_ament_install']
[0.395s] [34mcolcon.colcon_core.package_identification[0m [1;30mLevel 1[0m _identify(yolo_training/11classnew/datasets/merged_datav4/test/labels) by extension 'ignore'
[0.395s] [34mcolcon.colcon_core.package_identification[0m [1;30mLevel 1[0m _identify(yolo_training/11classnew/datasets/merged_datav4/test/labels) by extension 'ignore_ament_install'
[0.395s] [34mcolcon.colcon_core.package_identification[0m [1;30mLevel 1[0m _identify(yolo_training/11classnew/datasets/merged_datav4/test/labels) by extensions ['colcon_pkg']
[0.395s] [34mcolcon.colcon_core.package_identification[0m [1;30mLevel 1[0m _identify(yolo_training/11classnew/datasets/merged_datav4/test/labels) by extension 'colcon_pkg'
[0.395s] [34mcolcon.colcon_core.package_identification[0m [1;30mLevel 1[0m _identify(yolo_training/11classnew/datasets/merged_datav4/test/labels) by extensions ['colcon_meta']
[0.395s] [34mcolcon.colcon_core.package_identification[0m [1;30mLevel 1[0m _identify(yolo_training/11classnew/datasets/merged_datav4/test/labels) by extension 'colcon_meta'
[0.395s] [34mcolcon.colcon_core.package_identification[0m [1;30mLevel 1[0m _identify(yolo_training/11classnew/datasets/merged_datav4/test/labels) by extensions ['ros']
[0.395s] [34mcolcon.colcon_core.package_identification[0m [1;30mLevel 1[0m _identify(yolo_training/11classnew/datasets/merged_datav4/test/labels) by extension 'ros'
[0.395s] [34mcolcon.colcon_core.package_identification[0m [1;30mLevel 1[0m _identify(yolo_training/11classnew/datasets/merged_datav4/test/labels) by extensions ['cmake', 'python']
[0.395s] [34mcolcon.colcon_core.package_identification[0m [1;30mLevel 1[0m _identify(yolo_training/11classnew/datasets/merged_datav4/test/labels) by extension 'cmake'
[0.395s] [34mcolcon.colcon_core.package_identification[0m [1;30mLevel 1[0m _identify(yolo_training/11classnew/datasets/merged_datav4/test/labels) by extension 'python'
[0.395s] [34mcolcon.colcon_core.package_identification[0m [1;30mLevel 1[0m _identify(yolo_training/11classnew/datasets/merged_datav4/test/labels) by extensions ['python_setup_py']
[0.395s] [34mcolcon.colcon_core.package_identification[0m [1;30mLevel 1[0m _identify(yolo_training/11classnew/datasets/merged_datav4/test/labels) by extension 'python_setup_py'
[0.395s] [34mcolcon.colcon_core.package_identification[0m [1;30mLevel 1[0m _identify(yolo_training/11classnew/datasets/merged_datav4/train) by extensions ['ignore', 'ignore_ament_install']
[0.395s] [34mcolcon.colcon_core.package_identification[0m [1;30mLevel 1[0m _identify(yolo_training/11classnew/datasets/merged_datav4/train) by extension 'ignore'
[0.395s] [34mcolcon.colcon_core.package_identification[0m [1;30mLevel 1[0m _identify(yolo_training/11classnew/datasets/merged_datav4/train) by extension 'ignore_ament_install'
[0.395s] [34mcolcon.colcon_core.package_identification[0m [1;30mLevel 1[0m _identify(yolo_training/11classnew/datasets/merged_datav4/train) by extensions ['colcon_pkg']
[0.395s] [34mcolcon.colcon_core.package_identification[0m [1;30mLevel 1[0m _identify(yolo_training/11classnew/datasets/merged_datav4/train) by extension 'colcon_pkg'
[0.395s] [34mcolcon.colcon_core.package_identification[0m [1;30mLevel 1[0m _identify(yolo_training/11classnew/datasets/merged_datav4/train) by extensions ['colcon_meta']
[0.395s] [34mcolcon.colcon_core.package_identification[0m [1;30mLevel 1[0m _identify(yolo_training/11classnew/datasets/merged_datav4/train) by extension 'colcon_meta'
[0.395s] [34mcolcon.colcon_core.package_identification[0m [1;30mLevel 1[0m _identify(yolo_training/11classnew/datasets/merged_datav4/train) by extensions ['ros']
[0.395s] [34mcolcon.colcon_core.package_identification[0m [1;30mLevel 1[0m _identify(yolo_training/11classnew/datasets/merged_datav4/train) by extension 'ros'
[0.395s] [34mcolcon.colcon_core.package_identification[0m [1;30mLevel 1[0m _identify(yolo_training/11classnew/datasets/merged_datav4/train) by extensions ['cmake', 'python']
[0.395s] [34mcolcon.colcon_core.package_identification[0m [1;30mLevel 1[0m _identify(yolo_training/11classnew/datasets/merged_datav4/train) by extension 'cmake'
[0.395s] [34mcolcon.colcon_core.package_identification[0m [1;30mLevel 1[0m _identify(yolo_training/11classnew/datasets/merged_datav4/train) by extension 'python'
[0.395s] [34mcolcon.colcon_core.package_identification[0m [1;30mLevel 1[0m _identify(yolo_training/11classnew/datasets/merged_datav4/train) by extensions ['python_setup_py']
[0.395s] [34mcolcon.colcon_core.package_identification[0m [1;30mLevel 1[0m _identify(yolo_training/11classnew/datasets/merged_datav4/train) by extension 'python_setup_py'
[0.405s] [34mcolcon.colcon_core.package_identification[0m [1;30mLevel 1[0m _identify(yolo_training/11classnew/datasets/merged_datav4/train/images) by extensions ['ignore', 'ignore_ament_install']
[0.405s] [34mcolcon.colcon_core.package_identification[0m [1;30mLevel 1[0m _identify(yolo_training/11classnew/datasets/merged_datav4/train/images) by extension 'ignore'
[0.405s] [34mcolcon.colcon_core.package_identification[0m [1;30mLevel 1[0m _identify(yolo_training/11classnew/datasets/merged_datav4/train/images) by extension 'ignore_ament_install'
[0.405s] [34mcolcon.colcon_core.package_identification[0m [1;30mLevel 1[0m _identify(yolo_training/11classnew/datasets/merged_datav4/train/images) by extensions ['colcon_pkg']
[0.405s] [34mcolcon.colcon_core.package_identification[0m [1;30mLevel 1[0m _identify(yolo_training/11classnew/datasets/merged_datav4/train/images) by extension 'colcon_pkg'
[0.405s] [34mcolcon.colcon_core.package_identification[0m [1;30mLevel 1[0m _identify(yolo_training/11classnew/datasets/merged_datav4/train/images) by extensions ['colcon_meta']
[0.405s] [34mcolcon.colcon_core.package_identification[0m [1;30mLevel 1[0m _identify(yolo_training/11classnew/datasets/merged_datav4/train/images) by extension 'colcon_meta'
[0.405s] [34mcolcon.colcon_core.package_identification[0m [1;30mLevel 1[0m _identify(yolo_training/11classnew/datasets/merged_datav4/train/images) by extensions ['ros']
[0.405s] [34mcolcon.colcon_core.package_identification[0m [1;30mLevel 1[0m _identify(yolo_training/11classnew/datasets/merged_datav4/train/images) by extension 'ros'
[0.405s] [34mcolcon.colcon_core.package_identification[0m [1;30mLevel 1[0m _identify(yolo_training/11classnew/datasets/merged_datav4/train/images) by extensions ['cmake', 'python']
[0.405s] [34mcolcon.colcon_core.package_identification[0m [1;30mLevel 1[0m _identify(yolo_training/11classnew/datasets/merged_datav4/train/images) by extension 'cmake'
[0.405s] [34mcolcon.colcon_core.package_identification[0m [1;30mLevel 1[0m _identify(yolo_training/11classnew/datasets/merged_datav4/train/images) by extension 'python'
[0.405s] [34mcolcon.colcon_core.package_identification[0m [1;30mLevel 1[0m _identify(yolo_training/11classnew/datasets/merged_datav4/train/images) by extensions ['python_setup_py']
[0.405s] [34mcolcon.colcon_core.package_identification[0m [1;30mLevel 1[0m _identify(yolo_training/11classnew/datasets/merged_datav4/train/images) by extension 'python_setup_py'
[0.414s] [34mcolcon.colcon_core.package_identification[0m [1;30mLevel 1[0m _identify(yolo_training/11classnew/datasets/merged_datav4/train/labels) by extensions ['ignore', 'ignore_ament_install']
[0.415s] [34mcolcon.colcon_core.package_identification[0m [1;30mLevel 1[0m _identify(yolo_training/11classnew/datasets/merged_datav4/train/labels) by extension 'ignore'
[0.415s] [34mcolcon.colcon_core.package_identification[0m [1;30mLevel 1[0m _identify(yolo_training/11classnew/datasets/merged_datav4/train/labels) by extension 'ignore_ament_install'
[0.415s] [34mcolcon.colcon_core.package_identification[0m [1;30mLevel 1[0m _identify(yolo_training/11classnew/datasets/merged_datav4/train/labels) by extensions ['colcon_pkg']
[0.415s] [34mcolcon.colcon_core.package_identification[0m [1;30mLevel 1[0m _identify(yolo_training/11classnew/datasets/merged_datav4/train/labels) by extension 'colcon_pkg'
[0.415s] [34mcolcon.colcon_core.package_identification[0m [1;30mLevel 1[0m _identify(yolo_training/11classnew/datasets/merged_datav4/train/labels) by extensions ['colcon_meta']
[0.415s] [34mcolcon.colcon_core.package_identification[0m [1;30mLevel 1[0m _identify(yolo_training/11classnew/datasets/merged_datav4/train/labels) by extension 'colcon_meta'
[0.415s] [34mcolcon.colcon_core.package_identification[0m [1;30mLevel 1[0m _identify(yolo_training/11classnew/datasets/merged_datav4/train/labels) by extensions ['ros']
[0.415s] [34mcolcon.colcon_core.package_identification[0m [1;30mLevel 1[0m _identify(yolo_training/11classnew/datasets/merged_datav4/train/labels) by extension 'ros'
[0.415s] [34mcolcon.colcon_core.package_identification[0m [1;30mLevel 1[0m _identify(yolo_training/11classnew/datasets/merged_datav4/train/labels) by extensions ['cmake', 'python']
[0.415s] [34mcolcon.colcon_core.package_identification[0m [1;30mLevel 1[0m _identify(yolo_training/11classnew/datasets/merged_datav4/train/labels) by extension 'cmake'
[0.415s] [34mcolcon.colcon_core.package_identification[0m [1;30mLevel 1[0m _identify(yolo_training/11classnew/datasets/merged_datav4/train/labels) by extension 'python'
[0.415s] [34mcolcon.colcon_core.package_identification[0m [1;30mLevel 1[0m _identify(yolo_training/11classnew/datasets/merged_datav4/train/labels) by extensions ['python_setup_py']
[0.415s] [34mcolcon.colcon_core.package_identification[0m [1;30mLevel 1[0m _identify(yolo_training/11classnew/datasets/merged_datav4/train/labels) by extension 'python_setup_py'
[0.415s] [34mcolcon.colcon_core.package_identification[0m [1;30mLevel 1[0m _identify(yolo_training/11classnew/datasets/merged_datav4/valid) by extensions ['ignore', 'ignore_ament_install']
[0.415s] [34mcolcon.colcon_core.package_identification[0m [1;30mLevel 1[0m _identify(yolo_training/11classnew/datasets/merged_datav4/valid) by extension 'ignore'
[0.415s] [34mcolcon.colcon_core.package_identification[0m [1;30mLevel 1[0m _identify(yolo_training/11classnew/datasets/merged_datav4/valid) by extension 'ignore_ament_install'
[0.415s] [34mcolcon.colcon_core.package_identification[0m [1;30mLevel 1[0m _identify(yolo_training/11classnew/datasets/merged_datav4/valid) by extensions ['colcon_pkg']
[0.415s] [34mcolcon.colcon_core.package_identification[0m [1;30mLevel 1[0m _identify(yolo_training/11classnew/datasets/merged_datav4/valid) by extension 'colcon_pkg'
[0.415s] [34mcolcon.colcon_core.package_identification[0m [1;30mLevel 1[0m _identify(yolo_training/11classnew/datasets/merged_datav4/valid) by extensions ['colcon_meta']
[0.415s] [34mcolcon.colcon_core.package_identification[0m [1;30mLevel 1[0m _identify(yolo_training/11classnew/datasets/merged_datav4/valid) by extension 'colcon_meta'
[0.415s] [34mcolcon.colcon_core.package_identification[0m [1;30mLevel 1[0m _identify(yolo_training/11classnew/datasets/merged_datav4/valid) by extensions ['ros']
[0.415s] [34mcolcon.colcon_core.package_identification[0m [1;30mLevel 1[0m _identify(yolo_training/11classnew/datasets/merged_datav4/valid) by extension 'ros'
[0.415s] [34mcolcon.colcon_core.package_identification[0m [1;30mLevel 1[0m _identify(yolo_training/11classnew/datasets/merged_datav4/valid) by extensions ['cmake', 'python']
[0.415s] [34mcolcon.colcon_core.package_identification[0m [1;30mLevel 1[0m _identify(yolo_training/11classnew/datasets/merged_datav4/valid) by extension 'cmake'
[0.415s] [34mcolcon.colcon_core.package_identification[0m [1;30mLevel 1[0m _identify(yolo_training/11classnew/datasets/merged_datav4/valid) by extension 'python'
[0.415s] [34mcolcon.colcon_core.package_identification[0m [1;30mLevel 1[0m _identify(yolo_training/11classnew/datasets/merged_datav4/valid) by extensions ['python_setup_py']
[0.415s] [34mcolcon.colcon_core.package_identification[0m [1;30mLevel 1[0m _identify(yolo_training/11classnew/datasets/merged_datav4/valid) by extension 'python_setup_py'
[0.416s] [34mcolcon.colcon_core.package_identification[0m [1;30mLevel 1[0m _identify(yolo_training/11classnew/datasets/merged_datav4/valid/images) by extensions ['ignore', 'ignore_ament_install']
[0.416s] [34mcolcon.colcon_core.package_identification[0m [1;30mLevel 1[0m _identify(yolo_training/11classnew/datasets/merged_datav4/valid/images) by extension 'ignore'
[0.416s] [34mcolcon.colcon_core.package_identification[0m [1;30mLevel 1[0m _identify(yolo_training/11classnew/datasets/merged_datav4/valid/images) by extension 'ignore_ament_install'
[0.416s] [34mcolcon.colcon_core.package_identification[0m [1;30mLevel 1[0m _identify(yolo_training/11classnew/datasets/merged_datav4/valid/images) by extensions ['colcon_pkg']
[0.416s] [34mcolcon.colcon_core.package_identification[0m [1;30mLevel 1[0m _identify(yolo_training/11classnew/datasets/merged_datav4/valid/images) by extension 'colcon_pkg'
[0.416s] [34mcolcon.colcon_core.package_identification[0m [1;30mLevel 1[0m _identify(yolo_training/11classnew/datasets/merged_datav4/valid/images) by extensions ['colcon_meta']
[0.416s] [34mcolcon.colcon_core.package_identification[0m [1;30mLevel 1[0m _identify(yolo_training/11classnew/datasets/merged_datav4/valid/images) by extension 'colcon_meta'
[0.416s] [34mcolcon.colcon_core.package_identification[0m [1;30mLevel 1[0m _identify(yolo_training/11classnew/datasets/merged_datav4/valid/images) by extensions ['ros']
[0.416s] [34mcolcon.colcon_core.package_identification[0m [1;30mLevel 1[0m _identify(yolo_training/11classnew/datasets/merged_datav4/valid/images) by extension 'ros'
[0.416s] [34mcolcon.colcon_core.package_identification[0m [1;30mLevel 1[0m _identify(yolo_training/11classnew/datasets/merged_datav4/valid/images) by extensions ['cmake', 'python']
[0.416s] [34mcolcon.colcon_core.package_identification[0m [1;30mLevel 1[0m _identify(yolo_training/11classnew/datasets/merged_datav4/valid/images) by extension 'cmake'
[0.416s] [34mcolcon.colcon_core.package_identification[0m [1;30mLevel 1[0m _identify(yolo_training/11classnew/datasets/merged_datav4/valid/images) by extension 'python'
[0.416s] [34mcolcon.colcon_core.package_identification[0m [1;30mLevel 1[0m _identify(yolo_training/11classnew/datasets/merged_datav4/valid/images) by extensions ['python_setup_py']
[0.416s] [34mcolcon.colcon_core.package_identification[0m [1;30mLevel 1[0m _identify(yolo_training/11classnew/datasets/merged_datav4/valid/images) by extension 'python_setup_py'
[0.417s] [34mcolcon.colcon_core.package_identification[0m [1;30mLevel 1[0m _identify(yolo_training/11classnew/datasets/merged_datav4/valid/labels) by extensions ['ignore', 'ignore_ament_install']
[0.417s] [34mcolcon.colcon_core.package_identification[0m [1;30mLevel 1[0m _identify(yolo_training/11classnew/datasets/merged_datav4/valid/labels) by extension 'ignore'
[0.417s] [34mcolcon.colcon_core.package_identification[0m [1;30mLevel 1[0m _identify(yolo_training/11classnew/datasets/merged_datav4/valid/labels) by extension 'ignore_ament_install'
[0.417s] [34mcolcon.colcon_core.package_identification[0m [1;30mLevel 1[0m _identify(yolo_training/11classnew/datasets/merged_datav4/valid/labels) by extensions ['colcon_pkg']
[0.417s] [34mcolcon.colcon_core.package_identification[0m [1;30mLevel 1[0m _identify(yolo_training/11classnew/datasets/merged_datav4/valid/labels) by extension 'colcon_pkg'
[0.417s] [34mcolcon.colcon_core.package_identification[0m [1;30mLevel 1[0m _identify(yolo_training/11classnew/datasets/merged_datav4/valid/labels) by extensions ['colcon_meta']
[0.417s] [34mcolcon.colcon_core.package_identification[0m [1;30mLevel 1[0m _identify(yolo_training/11classnew/datasets/merged_datav4/valid/labels) by extension 'colcon_meta'
[0.417s] [34mcolcon.colcon_core.package_identification[0m [1;30mLevel 1[0m _identify(yolo_training/11classnew/datasets/merged_datav4/valid/labels) by extensions ['ros']
[0.417s] [34mcolcon.colcon_core.package_identification[0m [1;30mLevel 1[0m _identify(yolo_training/11classnew/datasets/merged_datav4/valid/labels) by extension 'ros'
[0.417s] [34mcolcon.colcon_core.package_identification[0m [1;30mLevel 1[0m _identify(yolo_training/11classnew/datasets/merged_datav4/valid/labels) by extensions ['cmake', 'python']
[0.417s] [34mcolcon.colcon_core.package_identification[0m [1;30mLevel 1[0m _identify(yolo_training/11classnew/datasets/merged_datav4/valid/labels) by extension 'cmake'
[0.417s] [34mcolcon.colcon_core.package_identification[0m [1;30mLevel 1[0m _identify(yolo_training/11classnew/datasets/merged_datav4/valid/labels) by extension 'python'
[0.417s] [34mcolcon.colcon_core.package_identification[0m [1;30mLevel 1[0m _identify(yolo_training/11classnew/datasets/merged_datav4/valid/labels) by extensions ['python_setup_py']
[0.417s] [34mcolcon.colcon_core.package_identification[0m [1;30mLevel 1[0m _identify(yolo_training/11classnew/datasets/merged_datav4/valid/labels) by extension 'python_setup_py'
[0.417s] [34mcolcon.colcon_core.package_identification[0m [1;30mLevel 1[0m _identify(yolo_training/11classnew/docs) by extensions ['ignore', 'ignore_ament_install']
[0.418s] [34mcolcon.colcon_core.package_identification[0m [1;30mLevel 1[0m _identify(yolo_training/11classnew/docs) by extension 'ignore'
[0.418s] [34mcolcon.colcon_core.package_identification[0m [1;30mLevel 1[0m _identify(yolo_training/11classnew/docs) by extension 'ignore_ament_install'
[0.418s] [34mcolcon.colcon_core.package_identification[0m [1;30mLevel 1[0m _identify(yolo_training/11classnew/docs) by extensions ['colcon_pkg']
[0.418s] [34mcolcon.colcon_core.package_identification[0m [1;30mLevel 1[0m _identify(yolo_training/11classnew/docs) by extension 'colcon_pkg'
[0.418s] [34mcolcon.colcon_core.package_identification[0m [1;30mLevel 1[0m _identify(yolo_training/11classnew/docs) by extensions ['colcon_meta']
[0.418s] [34mcolcon.colcon_core.package_identification[0m [1;30mLevel 1[0m _identify(yolo_training/11classnew/docs) by extension 'colcon_meta'
[0.418s] [34mcolcon.colcon_core.package_identification[0m [1;30mLevel 1[0m _identify(yolo_training/11classnew/docs) by extensions ['ros']
[0.418s] [34mcolcon.colcon_core.package_identification[0m [1;30mLevel 1[0m _identify(yolo_training/11classnew/docs) by extension 'ros'
[0.418s] [34mcolcon.colcon_core.package_identification[0m [1;30mLevel 1[0m _identify(yolo_training/11classnew/docs) by extensions ['cmake', 'python']
[0.418s] [34mcolcon.colcon_core.package_identification[0m [1;30mLevel 1[0m _identify(yolo_training/11classnew/docs) by extension 'cmake'
[0.418s] [34mcolcon.colcon_core.package_identification[0m [1;30mLevel 1[0m _identify(yolo_training/11classnew/docs) by extension 'python'
[0.418s] [34mcolcon.colcon_core.package_identification[0m [1;30mLevel 1[0m _identify(yolo_training/11classnew/docs) by extensions ['python_setup_py']
[0.418s] [34mcolcon.colcon_core.package_identification[0m [1;30mLevel 1[0m _identify(yolo_training/11classnew/docs) by extension 'python_setup_py'
[0.418s] [34mcolcon.colcon_core.package_identification[0m [1;30mLevel 1[0m _identify(yolo_training/11classnew/logs) by extensions ['ignore', 'ignore_ament_install']
[0.418s] [34mcolcon.colcon_core.package_identification[0m [1;30mLevel 1[0m _identify(yolo_training/11classnew/logs) by extension 'ignore'
[0.418s] [34mcolcon.colcon_core.package_identification[0m [1;30mLevel 1[0m _identify(yolo_training/11classnew/logs) by extension 'ignore_ament_install'
[0.418s] [34mcolcon.colcon_core.package_identification[0m [1;30mLevel 1[0m _identify(yolo_training/11classnew/logs) by extensions ['colcon_pkg']
[0.418s] [34mcolcon.colcon_core.package_identification[0m [1;30mLevel 1[0m _identify(yolo_training/11classnew/logs) by extension 'colcon_pkg'
[0.418s] [34mcolcon.colcon_core.package_identification[0m [1;30mLevel 1[0m _identify(yolo_training/11classnew/logs) by extensions ['colcon_meta']
[0.418s] [34mcolcon.colcon_core.package_identification[0m [1;30mLevel 1[0m _identify(yolo_training/11classnew/logs) by extension 'colcon_meta'
[0.418s] [34mcolcon.colcon_core.package_identification[0m [1;30mLevel 1[0m _identify(yolo_training/11classnew/logs) by extensions ['ros']
[0.418s] [34mcolcon.colcon_core.package_identification[0m [1;30mLevel 1[0m _identify(yolo_training/11classnew/logs) by extension 'ros'
[0.418s] [34mcolcon.colcon_core.package_identification[0m [1;30mLevel 1[0m _identify(yolo_training/11classnew/logs) by extensions ['cmake', 'python']
[0.418s] [34mcolcon.colcon_core.package_identification[0m [1;30mLevel 1[0m _identify(yolo_training/11classnew/logs) by extension 'cmake'
[0.418s] [34mcolcon.colcon_core.package_identification[0m [1;30mLevel 1[0m _identify(yolo_training/11classnew/logs) by extension 'python'
[0.418s] [34mcolcon.colcon_core.package_identification[0m [1;30mLevel 1[0m _identify(yolo_training/11classnew/logs) by extensions ['python_setup_py']
[0.418s] [34mcolcon.colcon_core.package_identification[0m [1;30mLevel 1[0m _identify(yolo_training/11classnew/logs) by extension 'python_setup_py'
[0.418s] [34mcolcon.colcon_core.package_identification[0m [1;30mLevel 1[0m _identify(yolo_training/11classnew/models) by extensions ['ignore', 'ignore_ament_install']
[0.418s] [34mcolcon.colcon_core.package_identification[0m [1;30mLevel 1[0m _identify(yolo_training/11classnew/models) by extension 'ignore'
[0.418s] [34mcolcon.colcon_core.package_identification[0m [1;30mLevel 1[0m _identify(yolo_training/11classnew/models) by extension 'ignore_ament_install'
[0.418s] [34mcolcon.colcon_core.package_identification[0m [1;30mLevel 1[0m _identify(yolo_training/11classnew/models) by extensions ['colcon_pkg']
[0.418s] [34mcolcon.colcon_core.package_identification[0m [1;30mLevel 1[0m _identify(yolo_training/11classnew/models) by extension 'colcon_pkg'
[0.418s] [34mcolcon.colcon_core.package_identification[0m [1;30mLevel 1[0m _identify(yolo_training/11classnew/models) by extensions ['colcon_meta']
[0.418s] [34mcolcon.colcon_core.package_identification[0m [1;30mLevel 1[0m _identify(yolo_training/11classnew/models) by extension 'colcon_meta'
[0.418s] [34mcolcon.colcon_core.package_identification[0m [1;30mLevel 1[0m _identify(yolo_training/11classnew/models) by extensions ['ros']
[0.418s] [34mcolcon.colcon_core.package_identification[0m [1;30mLevel 1[0m _identify(yolo_training/11classnew/models) by extension 'ros'
[0.419s] [34mcolcon.colcon_core.package_identification[0m [1;30mLevel 1[0m _identify(yolo_training/11classnew/models) by extensions ['cmake', 'python']
[0.419s] [34mcolcon.colcon_core.package_identification[0m [1;30mLevel 1[0m _identify(yolo_training/11classnew/models) by extension 'cmake'
[0.419s] [34mcolcon.colcon_core.package_identification[0m [1;30mLevel 1[0m _identify(yolo_training/11classnew/models) by extension 'python'
[0.419s] [34mcolcon.colcon_core.package_identification[0m [1;30mLevel 1[0m _identify(yolo_training/11classnew/models) by extensions ['python_setup_py']
[0.419s] [34mcolcon.colcon_core.package_identification[0m [1;30mLevel 1[0m _identify(yolo_training/11classnew/models) by extension 'python_setup_py'
[0.419s] [34mcolcon.colcon_core.package_identification[0m [1;30mLevel 1[0m _identify(yolo_training/11classnew/runs) by extensions ['ignore', 'ignore_ament_install']
[0.419s] [34mcolcon.colcon_core.package_identification[0m [1;30mLevel 1[0m _identify(yolo_training/11classnew/runs) by extension 'ignore'
[0.419s] [34mcolcon.colcon_core.package_identification[0m [1;30mLevel 1[0m _identify(yolo_training/11classnew/runs) by extension 'ignore_ament_install'
[0.419s] [34mcolcon.colcon_core.package_identification[0m [1;30mLevel 1[0m _identify(yolo_training/11classnew/runs) by extensions ['colcon_pkg']
[0.419s] [34mcolcon.colcon_core.package_identification[0m [1;30mLevel 1[0m _identify(yolo_training/11classnew/runs) by extension 'colcon_pkg'
[0.419s] [34mcolcon.colcon_core.package_identification[0m [1;30mLevel 1[0m _identify(yolo_training/11classnew/runs) by extensions ['colcon_meta']
[0.419s] [34mcolcon.colcon_core.package_identification[0m [1;30mLevel 1[0m _identify(yolo_training/11classnew/runs) by extension 'colcon_meta'
[0.419s] [34mcolcon.colcon_core.package_identification[0m [1;30mLevel 1[0m _identify(yolo_training/11classnew/runs) by extensions ['ros']
[0.419s] [34mcolcon.colcon_core.package_identification[0m [1;30mLevel 1[0m _identify(yolo_training/11classnew/runs) by extension 'ros'
[0.419s] [34mcolcon.colcon_core.package_identification[0m [1;30mLevel 1[0m _identify(yolo_training/11classnew/runs) by extensions ['cmake', 'python']
[0.419s] [34mcolcon.colcon_core.package_identification[0m [1;30mLevel 1[0m _identify(yolo_training/11classnew/runs) by extension 'cmake'
[0.419s] [34mcolcon.colcon_core.package_identification[0m [1;30mLevel 1[0m _identify(yolo_training/11classnew/runs) by extension 'python'
[0.419s] [34mcolcon.colcon_core.package_identification[0m [1;30mLevel 1[0m _identify(yolo_training/11classnew/runs) by extensions ['python_setup_py']
[0.419s] [34mcolcon.colcon_core.package_identification[0m [1;30mLevel 1[0m _identify(yolo_training/11classnew/runs) by extension 'python_setup_py'
[0.419s] [34mcolcon.colcon_core.package_identification[0m [1;30mLevel 1[0m _identify(yolo_training/11classnew/runs/balanced_augmented_training) by extensions ['ignore', 'ignore_ament_install']
[0.419s] [34mcolcon.colcon_core.package_identification[0m [1;30mLevel 1[0m _identify(yolo_training/11classnew/runs/balanced_augmented_training) by extension 'ignore'
[0.419s] [34mcolcon.colcon_core.package_identification[0m [1;30mLevel 1[0m _identify(yolo_training/11classnew/runs/balanced_augmented_training) by extension 'ignore_ament_install'
[0.419s] [34mcolcon.colcon_core.package_identification[0m [1;30mLevel 1[0m _identify(yolo_training/11classnew/runs/balanced_augmented_training) by extensions ['colcon_pkg']
[0.419s] [34mcolcon.colcon_core.package_identification[0m [1;30mLevel 1[0m _identify(yolo_training/11classnew/runs/balanced_augmented_training) by extension 'colcon_pkg'
[0.419s] [34mcolcon.colcon_core.package_identification[0m [1;30mLevel 1[0m _identify(yolo_training/11classnew/runs/balanced_augmented_training) by extensions ['colcon_meta']
[0.419s] [34mcolcon.colcon_core.package_identification[0m [1;30mLevel 1[0m _identify(yolo_training/11classnew/runs/balanced_augmented_training) by extension 'colcon_meta'
[0.419s] [34mcolcon.colcon_core.package_identification[0m [1;30mLevel 1[0m _identify(yolo_training/11classnew/runs/balanced_augmented_training) by extensions ['ros']
[0.419s] [34mcolcon.colcon_core.package_identification[0m [1;30mLevel 1[0m _identify(yolo_training/11classnew/runs/balanced_augmented_training) by extension 'ros'
[0.419s] [34mcolcon.colcon_core.package_identification[0m [1;30mLevel 1[0m _identify(yolo_training/11classnew/runs/balanced_augmented_training) by extensions ['cmake', 'python']
[0.419s] [34mcolcon.colcon_core.package_identification[0m [1;30mLevel 1[0m _identify(yolo_training/11classnew/runs/balanced_augmented_training) by extension 'cmake'
[0.419s] [34mcolcon.colcon_core.package_identification[0m [1;30mLevel 1[0m _identify(yolo_training/11classnew/runs/balanced_augmented_training) by extension 'python'
[0.419s] [34mcolcon.colcon_core.package_identification[0m [1;30mLevel 1[0m _identify(yolo_training/11classnew/runs/balanced_augmented_training) by extensions ['python_setup_py']
[0.419s] [34mcolcon.colcon_core.package_identification[0m [1;30mLevel 1[0m _identify(yolo_training/11classnew/runs/balanced_augmented_training) by extension 'python_setup_py'
[0.419s] [34mcolcon.colcon_core.package_identification[0m [1;30mLevel 1[0m _identify(yolo_training/11classnew/runs/balanced_augmented_training/balanced_augmented_11class) by extensions ['ignore', 'ignore_ament_install']
[0.419s] [34mcolcon.colcon_core.package_identification[0m [1;30mLevel 1[0m _identify(yolo_training/11classnew/runs/balanced_augmented_training/balanced_augmented_11class) by extension 'ignore'
[0.419s] [34mcolcon.colcon_core.package_identification[0m [1;30mLevel 1[0m _identify(yolo_training/11classnew/runs/balanced_augmented_training/balanced_augmented_11class) by extension 'ignore_ament_install'
[0.419s] [34mcolcon.colcon_core.package_identification[0m [1;30mLevel 1[0m _identify(yolo_training/11classnew/runs/balanced_augmented_training/balanced_augmented_11class) by extensions ['colcon_pkg']
[0.420s] [34mcolcon.colcon_core.package_identification[0m [1;30mLevel 1[0m _identify(yolo_training/11classnew/runs/balanced_augmented_training/balanced_augmented_11class) by extension 'colcon_pkg'
[0.420s] [34mcolcon.colcon_core.package_identification[0m [1;30mLevel 1[0m _identify(yolo_training/11classnew/runs/balanced_augmented_training/balanced_augmented_11class) by extensions ['colcon_meta']
[0.420s] [34mcolcon.colcon_core.package_identification[0m [1;30mLevel 1[0m _identify(yolo_training/11classnew/runs/balanced_augmented_training/balanced_augmented_11class) by extension 'colcon_meta'
[0.420s] [34mcolcon.colcon_core.package_identification[0m [1;30mLevel 1[0m _identify(yolo_training/11classnew/runs/balanced_augmented_training/balanced_augmented_11class) by extensions ['ros']
[0.420s] [34mcolcon.colcon_core.package_identification[0m [1;30mLevel 1[0m _identify(yolo_training/11classnew/runs/balanced_augmented_training/balanced_augmented_11class) by extension 'ros'
[0.420s] [34mcolcon.colcon_core.package_identification[0m [1;30mLevel 1[0m _identify(yolo_training/11classnew/runs/balanced_augmented_training/balanced_augmented_11class) by extensions ['cmake', 'python']
[0.420s] [34mcolcon.colcon_core.package_identification[0m [1;30mLevel 1[0m _identify(yolo_training/11classnew/runs/balanced_augmented_training/balanced_augmented_11class) by extension 'cmake'
[0.420s] [34mcolcon.colcon_core.package_identification[0m [1;30mLevel 1[0m _identify(yolo_training/11classnew/runs/balanced_augmented_training/balanced_augmented_11class) by extension 'python'
[0.420s] [34mcolcon.colcon_core.package_identification[0m [1;30mLevel 1[0m _identify(yolo_training/11classnew/runs/balanced_augmented_training/balanced_augmented_11class) by extensions ['python_setup_py']
[0.420s] [34mcolcon.colcon_core.package_identification[0m [1;30mLevel 1[0m _identify(yolo_training/11classnew/runs/balanced_augmented_training/balanced_augmented_11class) by extension 'python_setup_py'
[0.420s] [34mcolcon.colcon_core.package_identification[0m [1;30mLevel 1[0m _identify(yolo_training/11classnew/runs/balanced_augmented_training/balanced_augmented_11class/weights) by extensions ['ignore', 'ignore_ament_install']
[0.420s] [34mcolcon.colcon_core.package_identification[0m [1;30mLevel 1[0m _identify(yolo_training/11classnew/runs/balanced_augmented_training/balanced_augmented_11class/weights) by extension 'ignore'
[0.420s] [34mcolcon.colcon_core.package_identification[0m [1;30mLevel 1[0m _identify(yolo_training/11classnew/runs/balanced_augmented_training/balanced_augmented_11class/weights) by extension 'ignore_ament_install'
[0.420s] [34mcolcon.colcon_core.package_identification[0m [1;30mLevel 1[0m _identify(yolo_training/11classnew/runs/balanced_augmented_training/balanced_augmented_11class/weights) by extensions ['colcon_pkg']
[0.420s] [34mcolcon.colcon_core.package_identification[0m [1;30mLevel 1[0m _identify(yolo_training/11classnew/runs/balanced_augmented_training/balanced_augmented_11class/weights) by extension 'colcon_pkg'
[0.420s] [34mcolcon.colcon_core.package_identification[0m [1;30mLevel 1[0m _identify(yolo_training/11classnew/runs/balanced_augmented_training/balanced_augmented_11class/weights) by extensions ['colcon_meta']
[0.420s] [34mcolcon.colcon_core.package_identification[0m [1;30mLevel 1[0m _identify(yolo_training/11classnew/runs/balanced_augmented_training/balanced_augmented_11class/weights) by extension 'colcon_meta'
[0.420s] [34mcolcon.colcon_core.package_identification[0m [1;30mLevel 1[0m _identify(yolo_training/11classnew/runs/balanced_augmented_training/balanced_augmented_11class/weights) by extensions ['ros']
[0.420s] [34mcolcon.colcon_core.package_identification[0m [1;30mLevel 1[0m _identify(yolo_training/11classnew/runs/balanced_augmented_training/balanced_augmented_11class/weights) by extension 'ros'
[0.420s] [34mcolcon.colcon_core.package_identification[0m [1;30mLevel 1[0m _identify(yolo_training/11classnew/runs/balanced_augmented_training/balanced_augmented_11class/weights) by extensions ['cmake', 'python']
[0.420s] [34mcolcon.colcon_core.package_identification[0m [1;30mLevel 1[0m _identify(yolo_training/11classnew/runs/balanced_augmented_training/balanced_augmented_11class/weights) by extension 'cmake'
[0.420s] [34mcolcon.colcon_core.package_identification[0m [1;30mLevel 1[0m _identify(yolo_training/11classnew/runs/balanced_augmented_training/balanced_augmented_11class/weights) by extension 'python'
[0.420s] [34mcolcon.colcon_core.package_identification[0m [1;30mLevel 1[0m _identify(yolo_training/11classnew/runs/balanced_augmented_training/balanced_augmented_11class/weights) by extensions ['python_setup_py']
[0.420s] [34mcolcon.colcon_core.package_identification[0m [1;30mLevel 1[0m _identify(yolo_training/11classnew/runs/balanced_augmented_training/balanced_augmented_11class/weights) by extension 'python_setup_py'
[0.420s] [34mcolcon.colcon_core.package_identification[0m [1;30mLevel 1[0m _identify(yolo_training/11classnew/runs/car_refinement) by extensions ['ignore', 'ignore_ament_install']
[0.420s] [34mcolcon.colcon_core.package_identification[0m [1;30mLevel 1[0m _identify(yolo_training/11classnew/runs/car_refinement) by extension 'ignore'
[0.420s] [34mcolcon.colcon_core.package_identification[0m [1;30mLevel 1[0m _identify(yolo_training/11classnew/runs/car_refinement) by extension 'ignore_ament_install'
[0.420s] [34mcolcon.colcon_core.package_identification[0m [1;30mLevel 1[0m _identify(yolo_training/11classnew/runs/car_refinement) by extensions ['colcon_pkg']
[0.420s] [34mcolcon.colcon_core.package_identification[0m [1;30mLevel 1[0m _identify(yolo_training/11classnew/runs/car_refinement) by extension 'colcon_pkg'
[0.420s] [34mcolcon.colcon_core.package_identification[0m [1;30mLevel 1[0m _identify(yolo_training/11classnew/runs/car_refinement) by extensions ['colcon_meta']
[0.420s] [34mcolcon.colcon_core.package_identification[0m [1;30mLevel 1[0m _identify(yolo_training/11classnew/runs/car_refinement) by extension 'colcon_meta'
[0.420s] [34mcolcon.colcon_core.package_identification[0m [1;30mLevel 1[0m _identify(yolo_training/11classnew/runs/car_refinement) by extensions ['ros']
[0.420s] [34mcolcon.colcon_core.package_identification[0m [1;30mLevel 1[0m _identify(yolo_training/11classnew/runs/car_refinement) by extension 'ros'
[0.420s] [34mcolcon.colcon_core.package_identification[0m [1;30mLevel 1[0m _identify(yolo_training/11classnew/runs/car_refinement) by extensions ['cmake', 'python']
[0.420s] [34mcolcon.colcon_core.package_identification[0m [1;30mLevel 1[0m _identify(yolo_training/11classnew/runs/car_refinement) by extension 'cmake'
[0.420s] [34mcolcon.colcon_core.package_identification[0m [1;30mLevel 1[0m _identify(yolo_training/11classnew/runs/car_refinement) by extension 'python'
[0.420s] [34mcolcon.colcon_core.package_identification[0m [1;30mLevel 1[0m _identify(yolo_training/11classnew/runs/car_refinement) by extensions ['python_setup_py']
[0.420s] [34mcolcon.colcon_core.package_identification[0m [1;30mLevel 1[0m _identify(yolo_training/11classnew/runs/car_refinement) by extension 'python_setup_py'
[0.420s] [34mcolcon.colcon_core.package_identification[0m [1;30mLevel 1[0m _identify(yolo_training/11classnew/runs/car_refinement/car_refinement_20250731_0752) by extensions ['ignore', 'ignore_ament_install']
[0.420s] [34mcolcon.colcon_core.package_identification[0m [1;30mLevel 1[0m _identify(yolo_training/11classnew/runs/car_refinement/car_refinement_20250731_0752) by extension 'ignore'
[0.420s] [34mcolcon.colcon_core.package_identification[0m [1;30mLevel 1[0m _identify(yolo_training/11classnew/runs/car_refinement/car_refinement_20250731_0752) by extension 'ignore_ament_install'
[0.421s] [34mcolcon.colcon_core.package_identification[0m [1;30mLevel 1[0m _identify(yolo_training/11classnew/runs/car_refinement/car_refinement_20250731_0752) by extensions ['colcon_pkg']
[0.421s] [34mcolcon.colcon_core.package_identification[0m [1;30mLevel 1[0m _identify(yolo_training/11classnew/runs/car_refinement/car_refinement_20250731_0752) by extension 'colcon_pkg'
[0.421s] [34mcolcon.colcon_core.package_identification[0m [1;30mLevel 1[0m _identify(yolo_training/11classnew/runs/car_refinement/car_refinement_20250731_0752) by extensions ['colcon_meta']
[0.421s] [34mcolcon.colcon_core.package_identification[0m [1;30mLevel 1[0m _identify(yolo_training/11classnew/runs/car_refinement/car_refinement_20250731_0752) by extension 'colcon_meta'
[0.421s] [34mcolcon.colcon_core.package_identification[0m [1;30mLevel 1[0m _identify(yolo_training/11classnew/runs/car_refinement/car_refinement_20250731_0752) by extensions ['ros']
[0.421s] [34mcolcon.colcon_core.package_identification[0m [1;30mLevel 1[0m _identify(yolo_training/11classnew/runs/car_refinement/car_refinement_20250731_0752) by extension 'ros'
[0.421s] [34mcolcon.colcon_core.package_identification[0m [1;30mLevel 1[0m _identify(yolo_training/11classnew/runs/car_refinement/car_refinement_20250731_0752) by extensions ['cmake', 'python']
[0.421s] [34mcolcon.colcon_core.package_identification[0m [1;30mLevel 1[0m _identify(yolo_training/11classnew/runs/car_refinement/car_refinement_20250731_0752) by extension 'cmake'
[0.421s] [34mcolcon.colcon_core.package_identification[0m [1;30mLevel 1[0m _identify(yolo_training/11classnew/runs/car_refinement/car_refinement_20250731_0752) by extension 'python'
[0.421s] [34mcolcon.colcon_core.package_identification[0m [1;30mLevel 1[0m _identify(yolo_training/11classnew/runs/car_refinement/car_refinement_20250731_0752) by extensions ['python_setup_py']
[0.421s] [34mcolcon.colcon_core.package_identification[0m [1;30mLevel 1[0m _identify(yolo_training/11classnew/runs/car_refinement/car_refinement_20250731_0752) by extension 'python_setup_py'
[0.421s] [34mcolcon.colcon_core.package_identification[0m [1;30mLevel 1[0m _identify(yolo_training/11classnew/runs/car_refinement/car_refinement_20250731_0752/weights) by extensions ['ignore', 'ignore_ament_install']
[0.421s] [34mcolcon.colcon_core.package_identification[0m [1;30mLevel 1[0m _identify(yolo_training/11classnew/runs/car_refinement/car_refinement_20250731_0752/weights) by extension 'ignore'
[0.421s] [34mcolcon.colcon_core.package_identification[0m [1;30mLevel 1[0m _identify(yolo_training/11classnew/runs/car_refinement/car_refinement_20250731_0752/weights) by extension 'ignore_ament_install'
[0.421s] [34mcolcon.colcon_core.package_identification[0m [1;30mLevel 1[0m _identify(yolo_training/11classnew/runs/car_refinement/car_refinement_20250731_0752/weights) by extensions ['colcon_pkg']
[0.421s] [34mcolcon.colcon_core.package_identification[0m [1;30mLevel 1[0m _identify(yolo_training/11classnew/runs/car_refinement/car_refinement_20250731_0752/weights) by extension 'colcon_pkg'
[0.421s] [34mcolcon.colcon_core.package_identification[0m [1;30mLevel 1[0m _identify(yolo_training/11classnew/runs/car_refinement/car_refinement_20250731_0752/weights) by extensions ['colcon_meta']
[0.421s] [34mcolcon.colcon_core.package_identification[0m [1;30mLevel 1[0m _identify(yolo_training/11classnew/runs/car_refinement/car_refinement_20250731_0752/weights) by extension 'colcon_meta'
[0.421s] [34mcolcon.colcon_core.package_identification[0m [1;30mLevel 1[0m _identify(yolo_training/11classnew/runs/car_refinement/car_refinement_20250731_0752/weights) by extensions ['ros']
[0.421s] [34mcolcon.colcon_core.package_identification[0m [1;30mLevel 1[0m _identify(yolo_training/11classnew/runs/car_refinement/car_refinement_20250731_0752/weights) by extension 'ros'
[0.421s] [34mcolcon.colcon_core.package_identification[0m [1;30mLevel 1[0m _identify(yolo_training/11classnew/runs/car_refinement/car_refinement_20250731_0752/weights) by extensions ['cmake', 'python']
[0.421s] [34mcolcon.colcon_core.package_identification[0m [1;30mLevel 1[0m _identify(yolo_training/11classnew/runs/car_refinement/car_refinement_20250731_0752/weights) by extension 'cmake'
[0.421s] [34mcolcon.colcon_core.package_identification[0m [1;30mLevel 1[0m _identify(yolo_training/11classnew/runs/car_refinement/car_refinement_20250731_0752/weights) by extension 'python'
[0.421s] [34mcolcon.colcon_core.package_identification[0m [1;30mLevel 1[0m _identify(yolo_training/11classnew/runs/car_refinement/car_refinement_20250731_0752/weights) by extensions ['python_setup_py']
[0.421s] [34mcolcon.colcon_core.package_identification[0m [1;30mLevel 1[0m _identify(yolo_training/11classnew/runs/car_refinement/car_refinement_20250731_0752/weights) by extension 'python_setup_py'
[0.421s] [34mcolcon.colcon_core.package_identification[0m [1;30mLevel 1[0m _identify(yolo_training/11classnew/runs/fresh_11class_training2) by extensions ['ignore', 'ignore_ament_install']
[0.421s] [34mcolcon.colcon_core.package_identification[0m [1;30mLevel 1[0m _identify(yolo_training/11classnew/runs/fresh_11class_training2) by extension 'ignore'
[0.421s] [34mcolcon.colcon_core.package_identification[0m [1;30mLevel 1[0m _identify(yolo_training/11classnew/runs/fresh_11class_training2) by extension 'ignore_ament_install'
[0.421s] [34mcolcon.colcon_core.package_identification[0m [1;30mLevel 1[0m _identify(yolo_training/11classnew/runs/fresh_11class_training2) by extensions ['colcon_pkg']
[0.421s] [34mcolcon.colcon_core.package_identification[0m [1;30mLevel 1[0m _identify(yolo_training/11classnew/runs/fresh_11class_training2) by extension 'colcon_pkg'
[0.421s] [34mcolcon.colcon_core.package_identification[0m [1;30mLevel 1[0m _identify(yolo_training/11classnew/runs/fresh_11class_training2) by extensions ['colcon_meta']
[0.421s] [34mcolcon.colcon_core.package_identification[0m [1;30mLevel 1[0m _identify(yolo_training/11classnew/runs/fresh_11class_training2) by extension 'colcon_meta'
[0.421s] [34mcolcon.colcon_core.package_identification[0m [1;30mLevel 1[0m _identify(yolo_training/11classnew/runs/fresh_11class_training2) by extensions ['ros']
[0.421s] [34mcolcon.colcon_core.package_identification[0m [1;30mLevel 1[0m _identify(yolo_training/11classnew/runs/fresh_11class_training2) by extension 'ros'
[0.421s] [34mcolcon.colcon_core.package_identification[0m [1;30mLevel 1[0m _identify(yolo_training/11classnew/runs/fresh_11class_training2) by extensions ['cmake', 'python']
[0.421s] [34mcolcon.colcon_core.package_identification[0m [1;30mLevel 1[0m _identify(yolo_training/11classnew/runs/fresh_11class_training2) by extension 'cmake'
[0.421s] [34mcolcon.colcon_core.package_identification[0m [1;30mLevel 1[0m _identify(yolo_training/11classnew/runs/fresh_11class_training2) by extension 'python'
[0.421s] [34mcolcon.colcon_core.package_identification[0m [1;30mLevel 1[0m _identify(yolo_training/11classnew/runs/fresh_11class_training2) by extensions ['python_setup_py']
[0.421s] [34mcolcon.colcon_core.package_identification[0m [1;30mLevel 1[0m _identify(yolo_training/11classnew/runs/fresh_11class_training2) by extension 'python_setup_py'
[0.421s] [34mcolcon.colcon_core.package_identification[0m [1;30mLevel 1[0m _identify(yolo_training/11classnew/runs/fresh_11class_training2/weights) by extensions ['ignore', 'ignore_ament_install']
[0.422s] [34mcolcon.colcon_core.package_identification[0m [1;30mLevel 1[0m _identify(yolo_training/11classnew/runs/fresh_11class_training2/weights) by extension 'ignore'
[0.422s] [34mcolcon.colcon_core.package_identification[0m [1;30mLevel 1[0m _identify(yolo_training/11classnew/runs/fresh_11class_training2/weights) by extension 'ignore_ament_install'
[0.422s] [34mcolcon.colcon_core.package_identification[0m [1;30mLevel 1[0m _identify(yolo_training/11classnew/runs/fresh_11class_training2/weights) by extensions ['colcon_pkg']
[0.422s] [34mcolcon.colcon_core.package_identification[0m [1;30mLevel 1[0m _identify(yolo_training/11classnew/runs/fresh_11class_training2/weights) by extension 'colcon_pkg'
[0.422s] [34mcolcon.colcon_core.package_identification[0m [1;30mLevel 1[0m _identify(yolo_training/11classnew/runs/fresh_11class_training2/weights) by extensions ['colcon_meta']
[0.422s] [34mcolcon.colcon_core.package_identification[0m [1;30mLevel 1[0m _identify(yolo_training/11classnew/runs/fresh_11class_training2/weights) by extension 'colcon_meta'
[0.422s] [34mcolcon.colcon_core.package_identification[0m [1;30mLevel 1[0m _identify(yolo_training/11classnew/runs/fresh_11class_training2/weights) by extensions ['ros']
[0.422s] [34mcolcon.colcon_core.package_identification[0m [1;30mLevel 1[0m _identify(yolo_training/11classnew/runs/fresh_11class_training2/weights) by extension 'ros'
[0.422s] [34mcolcon.colcon_core.package_identification[0m [1;30mLevel 1[0m _identify(yolo_training/11classnew/runs/fresh_11class_training2/weights) by extensions ['cmake', 'python']
[0.422s] [34mcolcon.colcon_core.package_identification[0m [1;30mLevel 1[0m _identify(yolo_training/11classnew/runs/fresh_11class_training2/weights) by extension 'cmake'
[0.422s] [34mcolcon.colcon_core.package_identification[0m [1;30mLevel 1[0m _identify(yolo_training/11classnew/runs/fresh_11class_training2/weights) by extension 'python'
[0.422s] [34mcolcon.colcon_core.package_identification[0m [1;30mLevel 1[0m _identify(yolo_training/11classnew/runs/fresh_11class_training2/weights) by extensions ['python_setup_py']
[0.422s] [34mcolcon.colcon_core.package_identification[0m [1;30mLevel 1[0m _identify(yolo_training/11classnew/runs/fresh_11class_training2/weights) by extension 'python_setup_py'
[0.422s] [34mcolcon.colcon_core.package_identification[0m [1;30mLevel 1[0m _identify(yolo_training/11classnew/runs/merged_dataset_training) by extensions ['ignore', 'ignore_ament_install']
[0.422s] [34mcolcon.colcon_core.package_identification[0m [1;30mLevel 1[0m _identify(yolo_training/11classnew/runs/merged_dataset_training) by extension 'ignore'
[0.422s] [34mcolcon.colcon_core.package_identification[0m [1;30mLevel 1[0m _identify(yolo_training/11classnew/runs/merged_dataset_training) by extension 'ignore_ament_install'
[0.422s] [34mcolcon.colcon_core.package_identification[0m [1;30mLevel 1[0m _identify(yolo_training/11classnew/runs/merged_dataset_training) by extensions ['colcon_pkg']
[0.422s] [34mcolcon.colcon_core.package_identification[0m [1;30mLevel 1[0m _identify(yolo_training/11classnew/runs/merged_dataset_training) by extension 'colcon_pkg'
[0.422s] [34mcolcon.colcon_core.package_identification[0m [1;30mLevel 1[0m _identify(yolo_training/11classnew/runs/merged_dataset_training) by extensions ['colcon_meta']
[0.422s] [34mcolcon.colcon_core.package_identification[0m [1;30mLevel 1[0m _identify(yolo_training/11classnew/runs/merged_dataset_training) by extension 'colcon_meta'
[0.422s] [34mcolcon.colcon_core.package_identification[0m [1;30mLevel 1[0m _identify(yolo_training/11classnew/runs/merged_dataset_training) by extensions ['ros']
[0.422s] [34mcolcon.colcon_core.package_identification[0m [1;30mLevel 1[0m _identify(yolo_training/11classnew/runs/merged_dataset_training) by extension 'ros'
[0.422s] [34mcolcon.colcon_core.package_identification[0m [1;30mLevel 1[0m _identify(yolo_training/11classnew/runs/merged_dataset_training) by extensions ['cmake', 'python']
[0.422s] [34mcolcon.colcon_core.package_identification[0m [1;30mLevel 1[0m _identify(yolo_training/11classnew/runs/merged_dataset_training) by extension 'cmake'
[0.422s] [34mcolcon.colcon_core.package_identification[0m [1;30mLevel 1[0m _identify(yolo_training/11classnew/runs/merged_dataset_training) by extension 'python'
[0.422s] [34mcolcon.colcon_core.package_identification[0m [1;30mLevel 1[0m _identify(yolo_training/11classnew/runs/merged_dataset_training) by extensions ['python_setup_py']
[0.422s] [34mcolcon.colcon_core.package_identification[0m [1;30mLevel 1[0m _identify(yolo_training/11classnew/runs/merged_dataset_training) by extension 'python_setup_py'
[0.422s] [34mcolcon.colcon_core.package_identification[0m [1;30mLevel 1[0m _identify(yolo_training/11classnew/runs/merged_dataset_training/merged_dataset_11class) by extensions ['ignore', 'ignore_ament_install']
[0.422s] [34mcolcon.colcon_core.package_identification[0m [1;30mLevel 1[0m _identify(yolo_training/11classnew/runs/merged_dataset_training/merged_dataset_11class) by extension 'ignore'
[0.422s] [34mcolcon.colcon_core.package_identification[0m [1;30mLevel 1[0m _identify(yolo_training/11classnew/runs/merged_dataset_training/merged_dataset_11class) by extension 'ignore_ament_install'
[0.422s] [34mcolcon.colcon_core.package_identification[0m [1;30mLevel 1[0m _identify(yolo_training/11classnew/runs/merged_dataset_training/merged_dataset_11class) by extensions ['colcon_pkg']
[0.422s] [34mcolcon.colcon_core.package_identification[0m [1;30mLevel 1[0m _identify(yolo_training/11classnew/runs/merged_dataset_training/merged_dataset_11class) by extension 'colcon_pkg'
[0.422s] [34mcolcon.colcon_core.package_identification[0m [1;30mLevel 1[0m _identify(yolo_training/11classnew/runs/merged_dataset_training/merged_dataset_11class) by extensions ['colcon_meta']
[0.422s] [34mcolcon.colcon_core.package_identification[0m [1;30mLevel 1[0m _identify(yolo_training/11classnew/runs/merged_dataset_training/merged_dataset_11class) by extension 'colcon_meta'
[0.422s] [34mcolcon.colcon_core.package_identification[0m [1;30mLevel 1[0m _identify(yolo_training/11classnew/runs/merged_dataset_training/merged_dataset_11class) by extensions ['ros']
[0.422s] [34mcolcon.colcon_core.package_identification[0m [1;30mLevel 1[0m _identify(yolo_training/11classnew/runs/merged_dataset_training/merged_dataset_11class) by extension 'ros'
[0.422s] [34mcolcon.colcon_core.package_identification[0m [1;30mLevel 1[0m _identify(yolo_training/11classnew/runs/merged_dataset_training/merged_dataset_11class) by extensions ['cmake', 'python']
[0.422s] [34mcolcon.colcon_core.package_identification[0m [1;30mLevel 1[0m _identify(yolo_training/11classnew/runs/merged_dataset_training/merged_dataset_11class) by extension 'cmake'
[0.422s] [34mcolcon.colcon_core.package_identification[0m [1;30mLevel 1[0m _identify(yolo_training/11classnew/runs/merged_dataset_training/merged_dataset_11class) by extension 'python'
[0.422s] [34mcolcon.colcon_core.package_identification[0m [1;30mLevel 1[0m _identify(yolo_training/11classnew/runs/merged_dataset_training/merged_dataset_11class) by extensions ['python_setup_py']
[0.422s] [34mcolcon.colcon_core.package_identification[0m [1;30mLevel 1[0m _identify(yolo_training/11classnew/runs/merged_dataset_training/merged_dataset_11class) by extension 'python_setup_py'
[0.422s] [34mcolcon.colcon_core.package_identification[0m [1;30mLevel 1[0m _identify(yolo_training/11classnew/runs/merged_dataset_training/merged_dataset_11class/weights) by extensions ['ignore', 'ignore_ament_install']
[0.423s] [34mcolcon.colcon_core.package_identification[0m [1;30mLevel 1[0m _identify(yolo_training/11classnew/runs/merged_dataset_training/merged_dataset_11class/weights) by extension 'ignore'
[0.423s] [34mcolcon.colcon_core.package_identification[0m [1;30mLevel 1[0m _identify(yolo_training/11classnew/runs/merged_dataset_training/merged_dataset_11class/weights) by extension 'ignore_ament_install'
[0.423s] [34mcolcon.colcon_core.package_identification[0m [1;30mLevel 1[0m _identify(yolo_training/11classnew/runs/merged_dataset_training/merged_dataset_11class/weights) by extensions ['colcon_pkg']
[0.423s] [34mcolcon.colcon_core.package_identification[0m [1;30mLevel 1[0m _identify(yolo_training/11classnew/runs/merged_dataset_training/merged_dataset_11class/weights) by extension 'colcon_pkg'
[0.423s] [34mcolcon.colcon_core.package_identification[0m [1;30mLevel 1[0m _identify(yolo_training/11classnew/runs/merged_dataset_training/merged_dataset_11class/weights) by extensions ['colcon_meta']
[0.423s] [34mcolcon.colcon_core.package_identification[0m [1;30mLevel 1[0m _identify(yolo_training/11classnew/runs/merged_dataset_training/merged_dataset_11class/weights) by extension 'colcon_meta'
[0.423s] [34mcolcon.colcon_core.package_identification[0m [1;30mLevel 1[0m _identify(yolo_training/11classnew/runs/merged_dataset_training/merged_dataset_11class/weights) by extensions ['ros']
[0.423s] [34mcolcon.colcon_core.package_identification[0m [1;30mLevel 1[0m _identify(yolo_training/11classnew/runs/merged_dataset_training/merged_dataset_11class/weights) by extension 'ros'
[0.423s] [34mcolcon.colcon_core.package_identification[0m [1;30mLevel 1[0m _identify(yolo_training/11classnew/runs/merged_dataset_training/merged_dataset_11class/weights) by extensions ['cmake', 'python']
[0.423s] [34mcolcon.colcon_core.package_identification[0m [1;30mLevel 1[0m _identify(yolo_training/11classnew/runs/merged_dataset_training/merged_dataset_11class/weights) by extension 'cmake'
[0.423s] [34mcolcon.colcon_core.package_identification[0m [1;30mLevel 1[0m _identify(yolo_training/11classnew/runs/merged_dataset_training/merged_dataset_11class/weights) by extension 'python'
[0.423s] [34mcolcon.colcon_core.package_identification[0m [1;30mLevel 1[0m _identify(yolo_training/11classnew/runs/merged_dataset_training/merged_dataset_11class/weights) by extensions ['python_setup_py']
[0.423s] [34mcolcon.colcon_core.package_identification[0m [1;30mLevel 1[0m _identify(yolo_training/11classnew/runs/merged_dataset_training/merged_dataset_11class/weights) by extension 'python_setup_py'
[0.423s] [34mcolcon.colcon_core.package_identification[0m [1;30mLevel 1[0m _identify(yolo_training/11classnew/scripts) by extensions ['ignore', 'ignore_ament_install']
[0.423s] [34mcolcon.colcon_core.package_identification[0m [1;30mLevel 1[0m _identify(yolo_training/11classnew/scripts) by extension 'ignore'
[0.423s] [34mcolcon.colcon_core.package_identification[0m [1;30mLevel 1[0m _identify(yolo_training/11classnew/scripts) by extension 'ignore_ament_install'
[0.423s] [34mcolcon.colcon_core.package_identification[0m [1;30mLevel 1[0m _identify(yolo_training/11classnew/scripts) by extensions ['colcon_pkg']
[0.423s] [34mcolcon.colcon_core.package_identification[0m [1;30mLevel 1[0m _identify(yolo_training/11classnew/scripts) by extension 'colcon_pkg'
[0.423s] [34mcolcon.colcon_core.package_identification[0m [1;30mLevel 1[0m _identify(yolo_training/11classnew/scripts) by extensions ['colcon_meta']
[0.423s] [34mcolcon.colcon_core.package_identification[0m [1;30mLevel 1[0m _identify(yolo_training/11classnew/scripts) by extension 'colcon_meta'
[0.423s] [34mcolcon.colcon_core.package_identification[0m [1;30mLevel 1[0m _identify(yolo_training/11classnew/scripts) by extensions ['ros']
[0.423s] [34mcolcon.colcon_core.package_identification[0m [1;30mLevel 1[0m _identify(yolo_training/11classnew/scripts) by extension 'ros'
[0.423s] [34mcolcon.colcon_core.package_identification[0m [1;30mLevel 1[0m _identify(yolo_training/11classnew/scripts) by extensions ['cmake', 'python']
[0.423s] [34mcolcon.colcon_core.package_identification[0m [1;30mLevel 1[0m _identify(yolo_training/11classnew/scripts) by extension 'cmake'
[0.423s] [34mcolcon.colcon_core.package_identification[0m [1;30mLevel 1[0m _identify(yolo_training/11classnew/scripts) by extension 'python'
[0.423s] [34mcolcon.colcon_core.package_identification[0m [1;30mLevel 1[0m _identify(yolo_training/11classnew/scripts) by extensions ['python_setup_py']
[0.423s] [34mcolcon.colcon_core.package_identification[0m [1;30mLevel 1[0m _identify(yolo_training/11classnew/scripts) by extension 'python_setup_py'
[0.423s] [34mcolcon.colcon_core.package_identification[0m [1;30mLevel 1[0m _identify(yolo_training/11classnew/scripts/YOLOv8) by extensions ['ignore', 'ignore_ament_install']
[0.423s] [34mcolcon.colcon_core.package_identification[0m [1;30mLevel 1[0m _identify(yolo_training/11classnew/scripts/YOLOv8) by extension 'ignore'
[0.423s] [34mcolcon.colcon_core.package_identification[0m [1;30mLevel 1[0m _identify(yolo_training/11classnew/scripts/YOLOv8) by extension 'ignore_ament_install'
[0.423s] [34mcolcon.colcon_core.package_identification[0m [1;30mLevel 1[0m _identify(yolo_training/11classnew/scripts/YOLOv8) by extensions ['colcon_pkg']
[0.423s] [34mcolcon.colcon_core.package_identification[0m [1;30mLevel 1[0m _identify(yolo_training/11classnew/scripts/YOLOv8) by extension 'colcon_pkg'
[0.423s] [34mcolcon.colcon_core.package_identification[0m [1;30mLevel 1[0m _identify(yolo_training/11classnew/scripts/YOLOv8) by extensions ['colcon_meta']
[0.423s] [34mcolcon.colcon_core.package_identification[0m [1;30mLevel 1[0m _identify(yolo_training/11classnew/scripts/YOLOv8) by extension 'colcon_meta'
[0.423s] [34mcolcon.colcon_core.package_identification[0m [1;30mLevel 1[0m _identify(yolo_training/11classnew/scripts/YOLOv8) by extensions ['ros']
[0.423s] [34mcolcon.colcon_core.package_identification[0m [1;30mLevel 1[0m _identify(yolo_training/11classnew/scripts/YOLOv8) by extension 'ros'
[0.423s] [34mcolcon.colcon_core.package_identification[0m [1;30mLevel 1[0m _identify(yolo_training/11classnew/scripts/YOLOv8) by extensions ['cmake', 'python']
[0.423s] [34mcolcon.colcon_core.package_identification[0m [1;30mLevel 1[0m _identify(yolo_training/11classnew/scripts/YOLOv8) by extension 'cmake'
[0.423s] [34mcolcon.colcon_core.package_identification[0m [1;30mLevel 1[0m _identify(yolo_training/11classnew/scripts/YOLOv8) by extension 'python'
[0.423s] [34mcolcon.colcon_core.package_identification[0m [1;30mLevel 1[0m _identify(yolo_training/11classnew/scripts/YOLOv8) by extensions ['python_setup_py']
[0.423s] [34mcolcon.colcon_core.package_identification[0m [1;30mLevel 1[0m _identify(yolo_training/11classnew/scripts/YOLOv8) by extension 'python_setup_py'
[0.424s] [34mcolcon.colcon_core.package_identification[0m [1;30mLevel 1[0m _identify(yolo_training/11classnew/scripts/YOLOv8/yolov8n) by extensions ['ignore', 'ignore_ament_install']
[0.424s] [34mcolcon.colcon_core.package_identification[0m [1;30mLevel 1[0m _identify(yolo_training/11classnew/scripts/YOLOv8/yolov8n) by extension 'ignore'
[0.424s] [34mcolcon.colcon_core.package_identification[0m [1;30mLevel 1[0m _identify(yolo_training/11classnew/scripts/YOLOv8/yolov8n) by extension 'ignore_ament_install'
[0.424s] [34mcolcon.colcon_core.package_identification[0m [1;30mLevel 1[0m _identify(yolo_training/11classnew/scripts/YOLOv8/yolov8n) by extensions ['colcon_pkg']
[0.424s] [34mcolcon.colcon_core.package_identification[0m [1;30mLevel 1[0m _identify(yolo_training/11classnew/scripts/YOLOv8/yolov8n) by extension 'colcon_pkg'
[0.424s] [34mcolcon.colcon_core.package_identification[0m [1;30mLevel 1[0m _identify(yolo_training/11classnew/scripts/YOLOv8/yolov8n) by extensions ['colcon_meta']
[0.424s] [34mcolcon.colcon_core.package_identification[0m [1;30mLevel 1[0m _identify(yolo_training/11classnew/scripts/YOLOv8/yolov8n) by extension 'colcon_meta'
[0.424s] [34mcolcon.colcon_core.package_identification[0m [1;30mLevel 1[0m _identify(yolo_training/11classnew/scripts/YOLOv8/yolov8n) by extensions ['ros']
[0.424s] [34mcolcon.colcon_core.package_identification[0m [1;30mLevel 1[0m _identify(yolo_training/11classnew/scripts/YOLOv8/yolov8n) by extension 'ros'
[0.424s] [34mcolcon.colcon_core.package_identification[0m [1;30mLevel 1[0m _identify(yolo_training/11classnew/scripts/YOLOv8/yolov8n) by extensions ['cmake', 'python']
[0.424s] [34mcolcon.colcon_core.package_identification[0m [1;30mLevel 1[0m _identify(yolo_training/11classnew/scripts/YOLOv8/yolov8n) by extension 'cmake'
[0.424s] [34mcolcon.colcon_core.package_identification[0m [1;30mLevel 1[0m _identify(yolo_training/11classnew/scripts/YOLOv8/yolov8n) by extension 'python'
[0.424s] [34mcolcon.colcon_core.package_identification[0m [1;30mLevel 1[0m _identify(yolo_training/11classnew/scripts/YOLOv8/yolov8n) by extensions ['python_setup_py']
[0.424s] [34mcolcon.colcon_core.package_identification[0m [1;30mLevel 1[0m _identify(yolo_training/11classnew/scripts/YOLOv8/yolov8n) by extension 'python_setup_py'
[0.424s] [34mcolcon.colcon_core.package_identification[0m [1;30mLevel 1[0m _identify(yolo_training/11classnew/scripts/YOLOv8/yolov8n/weights) by extensions ['ignore', 'ignore_ament_install']
[0.424s] [34mcolcon.colcon_core.package_identification[0m [1;30mLevel 1[0m _identify(yolo_training/11classnew/scripts/YOLOv8/yolov8n/weights) by extension 'ignore'
[0.424s] [34mcolcon.colcon_core.package_identification[0m [1;30mLevel 1[0m _identify(yolo_training/11classnew/scripts/YOLOv8/yolov8n/weights) by extension 'ignore_ament_install'
[0.424s] [34mcolcon.colcon_core.package_identification[0m [1;30mLevel 1[0m _identify(yolo_training/11classnew/scripts/YOLOv8/yolov8n/weights) by extensions ['colcon_pkg']
[0.424s] [34mcolcon.colcon_core.package_identification[0m [1;30mLevel 1[0m _identify(yolo_training/11classnew/scripts/YOLOv8/yolov8n/weights) by extension 'colcon_pkg'
[0.424s] [34mcolcon.colcon_core.package_identification[0m [1;30mLevel 1[0m _identify(yolo_training/11classnew/scripts/YOLOv8/yolov8n/weights) by extensions ['colcon_meta']
[0.424s] [34mcolcon.colcon_core.package_identification[0m [1;30mLevel 1[0m _identify(yolo_training/11classnew/scripts/YOLOv8/yolov8n/weights) by extension 'colcon_meta'
[0.424s] [34mcolcon.colcon_core.package_identification[0m [1;30mLevel 1[0m _identify(yolo_training/11classnew/scripts/YOLOv8/yolov8n/weights) by extensions ['ros']
[0.424s] [34mcolcon.colcon_core.package_identification[0m [1;30mLevel 1[0m _identify(yolo_training/11classnew/scripts/YOLOv8/yolov8n/weights) by extension 'ros'
[0.424s] [34mcolcon.colcon_core.package_identification[0m [1;30mLevel 1[0m _identify(yolo_training/11classnew/scripts/YOLOv8/yolov8n/weights) by extensions ['cmake', 'python']
[0.424s] [34mcolcon.colcon_core.package_identification[0m [1;30mLevel 1[0m _identify(yolo_training/11classnew/scripts/YOLOv8/yolov8n/weights) by extension 'cmake'
[0.424s] [34mcolcon.colcon_core.package_identification[0m [1;30mLevel 1[0m _identify(yolo_training/11classnew/scripts/YOLOv8/yolov8n/weights) by extension 'python'
[0.424s] [34mcolcon.colcon_core.package_identification[0m [1;30mLevel 1[0m _identify(yolo_training/11classnew/scripts/YOLOv8/yolov8n/weights) by extensions ['python_setup_py']
[0.424s] [34mcolcon.colcon_core.package_identification[0m [1;30mLevel 1[0m _identify(yolo_training/11classnew/scripts/YOLOv8/yolov8n/weights) by extension 'python_setup_py'
[0.424s] [34mcolcon.colcon_core.package_identification[0m [1;30mLevel 1[0m _identify(yolo_training/11classnew/scripts/runs) by extensions ['ignore', 'ignore_ament_install']
[0.424s] [34mcolcon.colcon_core.package_identification[0m [1;30mLevel 1[0m _identify(yolo_training/11classnew/scripts/runs) by extension 'ignore'
[0.424s] [34mcolcon.colcon_core.package_identification[0m [1;30mLevel 1[0m _identify(yolo_training/11classnew/scripts/runs) by extension 'ignore_ament_install'
[0.424s] [34mcolcon.colcon_core.package_identification[0m [1;30mLevel 1[0m _identify(yolo_training/11classnew/scripts/runs) by extensions ['colcon_pkg']
[0.424s] [34mcolcon.colcon_core.package_identification[0m [1;30mLevel 1[0m _identify(yolo_training/11classnew/scripts/runs) by extension 'colcon_pkg'
[0.424s] [34mcolcon.colcon_core.package_identification[0m [1;30mLevel 1[0m _identify(yolo_training/11classnew/scripts/runs) by extensions ['colcon_meta']
[0.424s] [34mcolcon.colcon_core.package_identification[0m [1;30mLevel 1[0m _identify(yolo_training/11classnew/scripts/runs) by extension 'colcon_meta'
[0.424s] [34mcolcon.colcon_core.package_identification[0m [1;30mLevel 1[0m _identify(yolo_training/11classnew/scripts/runs) by extensions ['ros']
[0.424s] [34mcolcon.colcon_core.package_identification[0m [1;30mLevel 1[0m _identify(yolo_training/11classnew/scripts/runs) by extension 'ros'
[0.424s] [34mcolcon.colcon_core.package_identification[0m [1;30mLevel 1[0m _identify(yolo_training/11classnew/scripts/runs) by extensions ['cmake', 'python']
[0.424s] [34mcolcon.colcon_core.package_identification[0m [1;30mLevel 1[0m _identify(yolo_training/11classnew/scripts/runs) by extension 'cmake'
[0.425s] [34mcolcon.colcon_core.package_identification[0m [1;30mLevel 1[0m _identify(yolo_training/11classnew/scripts/runs) by extension 'python'
[0.425s] [34mcolcon.colcon_core.package_identification[0m [1;30mLevel 1[0m _identify(yolo_training/11classnew/scripts/runs) by extensions ['python_setup_py']
[0.425s] [34mcolcon.colcon_core.package_identification[0m [1;30mLevel 1[0m _identify(yolo_training/11classnew/scripts/runs) by extension 'python_setup_py'
[0.425s] [34mcolcon.colcon_core.package_identification[0m [1;30mLevel 1[0m _identify(yolo_training/11classnew/scripts/runs/detect) by extensions ['ignore', 'ignore_ament_install']
[0.425s] [34mcolcon.colcon_core.package_identification[0m [1;30mLevel 1[0m _identify(yolo_training/11classnew/scripts/runs/detect) by extension 'ignore'
[0.425s] [34mcolcon.colcon_core.package_identification[0m [1;30mLevel 1[0m _identify(yolo_training/11classnew/scripts/runs/detect) by extension 'ignore_ament_install'
[0.425s] [34mcolcon.colcon_core.package_identification[0m [1;30mLevel 1[0m _identify(yolo_training/11classnew/scripts/runs/detect) by extensions ['colcon_pkg']
[0.425s] [34mcolcon.colcon_core.package_identification[0m [1;30mLevel 1[0m _identify(yolo_training/11classnew/scripts/runs/detect) by extension 'colcon_pkg'
[0.425s] [34mcolcon.colcon_core.package_identification[0m [1;30mLevel 1[0m _identify(yolo_training/11classnew/scripts/runs/detect) by extensions ['colcon_meta']
[0.425s] [34mcolcon.colcon_core.package_identification[0m [1;30mLevel 1[0m _identify(yolo_training/11classnew/scripts/runs/detect) by extension 'colcon_meta'
[0.425s] [34mcolcon.colcon_core.package_identification[0m [1;30mLevel 1[0m _identify(yolo_training/11classnew/scripts/runs/detect) by extensions ['ros']
[0.425s] [34mcolcon.colcon_core.package_identification[0m [1;30mLevel 1[0m _identify(yolo_training/11classnew/scripts/runs/detect) by extension 'ros'
[0.425s] [34mcolcon.colcon_core.package_identification[0m [1;30mLevel 1[0m _identify(yolo_training/11classnew/scripts/runs/detect) by extensions ['cmake', 'python']
[0.425s] [34mcolcon.colcon_core.package_identification[0m [1;30mLevel 1[0m _identify(yolo_training/11classnew/scripts/runs/detect) by extension 'cmake'
[0.425s] [34mcolcon.colcon_core.package_identification[0m [1;30mLevel 1[0m _identify(yolo_training/11classnew/scripts/runs/detect) by extension 'python'
[0.425s] [34mcolcon.colcon_core.package_identification[0m [1;30mLevel 1[0m _identify(yolo_training/11classnew/scripts/runs/detect) by extensions ['python_setup_py']
[0.425s] [34mcolcon.colcon_core.package_identification[0m [1;30mLevel 1[0m _identify(yolo_training/11classnew/scripts/runs/detect) by extension 'python_setup_py'
[0.425s] [34mcolcon.colcon_core.package_identification[0m [1;30mLevel 1[0m _identify(yolo_training/11classnew/scripts/runs/detect/val) by extensions ['ignore', 'ignore_ament_install']
[0.425s] [34mcolcon.colcon_core.package_identification[0m [1;30mLevel 1[0m _identify(yolo_training/11classnew/scripts/runs/detect/val) by extension 'ignore'
[0.425s] [34mcolcon.colcon_core.package_identification[0m [1;30mLevel 1[0m _identify(yolo_training/11classnew/scripts/runs/detect/val) by extension 'ignore_ament_install'
[0.425s] [34mcolcon.colcon_core.package_identification[0m [1;30mLevel 1[0m _identify(yolo_training/11classnew/scripts/runs/detect/val) by extensions ['colcon_pkg']
[0.425s] [34mcolcon.colcon_core.package_identification[0m [1;30mLevel 1[0m _identify(yolo_training/11classnew/scripts/runs/detect/val) by extension 'colcon_pkg'
[0.425s] [34mcolcon.colcon_core.package_identification[0m [1;30mLevel 1[0m _identify(yolo_training/11classnew/scripts/runs/detect/val) by extensions ['colcon_meta']
[0.425s] [34mcolcon.colcon_core.package_identification[0m [1;30mLevel 1[0m _identify(yolo_training/11classnew/scripts/runs/detect/val) by extension 'colcon_meta'
[0.425s] [34mcolcon.colcon_core.package_identification[0m [1;30mLevel 1[0m _identify(yolo_training/11classnew/scripts/runs/detect/val) by extensions ['ros']
[0.425s] [34mcolcon.colcon_core.package_identification[0m [1;30mLevel 1[0m _identify(yolo_training/11classnew/scripts/runs/detect/val) by extension 'ros'
[0.425s] [34mcolcon.colcon_core.package_identification[0m [1;30mLevel 1[0m _identify(yolo_training/11classnew/scripts/runs/detect/val) by extensions ['cmake', 'python']
[0.425s] [34mcolcon.colcon_core.package_identification[0m [1;30mLevel 1[0m _identify(yolo_training/11classnew/scripts/runs/detect/val) by extension 'cmake'
[0.425s] [34mcolcon.colcon_core.package_identification[0m [1;30mLevel 1[0m _identify(yolo_training/11classnew/scripts/runs/detect/val) by extension 'python'
[0.425s] [34mcolcon.colcon_core.package_identification[0m [1;30mLevel 1[0m _identify(yolo_training/11classnew/scripts/runs/detect/val) by extensions ['python_setup_py']
[0.425s] [34mcolcon.colcon_core.package_identification[0m [1;30mLevel 1[0m _identify(yolo_training/11classnew/scripts/runs/detect/val) by extension 'python_setup_py'
[0.425s] [34mcolcon.colcon_core.package_identification[0m [1;30mLevel 1[0m _identify(yolo_training/11classnew/scripts/runs/detect/val2) by extensions ['ignore', 'ignore_ament_install']
[0.425s] [34mcolcon.colcon_core.package_identification[0m [1;30mLevel 1[0m _identify(yolo_training/11classnew/scripts/runs/detect/val2) by extension 'ignore'
[0.425s] [34mcolcon.colcon_core.package_identification[0m [1;30mLevel 1[0m _identify(yolo_training/11classnew/scripts/runs/detect/val2) by extension 'ignore_ament_install'
[0.425s] [34mcolcon.colcon_core.package_identification[0m [1;30mLevel 1[0m _identify(yolo_training/11classnew/scripts/runs/detect/val2) by extensions ['colcon_pkg']
[0.425s] [34mcolcon.colcon_core.package_identification[0m [1;30mLevel 1[0m _identify(yolo_training/11classnew/scripts/runs/detect/val2) by extension 'colcon_pkg'
[0.425s] [34mcolcon.colcon_core.package_identification[0m [1;30mLevel 1[0m _identify(yolo_training/11classnew/scripts/runs/detect/val2) by extensions ['colcon_meta']
[0.425s] [34mcolcon.colcon_core.package_identification[0m [1;30mLevel 1[0m _identify(yolo_training/11classnew/scripts/runs/detect/val2) by extension 'colcon_meta'
[0.425s] [34mcolcon.colcon_core.package_identification[0m [1;30mLevel 1[0m _identify(yolo_training/11classnew/scripts/runs/detect/val2) by extensions ['ros']
[0.425s] [34mcolcon.colcon_core.package_identification[0m [1;30mLevel 1[0m _identify(yolo_training/11classnew/scripts/runs/detect/val2) by extension 'ros'
[0.426s] [34mcolcon.colcon_core.package_identification[0m [1;30mLevel 1[0m _identify(yolo_training/11classnew/scripts/runs/detect/val2) by extensions ['cmake', 'python']
[0.426s] [34mcolcon.colcon_core.package_identification[0m [1;30mLevel 1[0m _identify(yolo_training/11classnew/scripts/runs/detect/val2) by extension 'cmake'
[0.426s] [34mcolcon.colcon_core.package_identification[0m [1;30mLevel 1[0m _identify(yolo_training/11classnew/scripts/runs/detect/val2) by extension 'python'
[0.426s] [34mcolcon.colcon_core.package_identification[0m [1;30mLevel 1[0m _identify(yolo_training/11classnew/scripts/runs/detect/val2) by extensions ['python_setup_py']
[0.426s] [34mcolcon.colcon_core.package_identification[0m [1;30mLevel 1[0m _identify(yolo_training/11classnew/scripts/runs/detect/val2) by extension 'python_setup_py'
[0.426s] [34mcolcon.colcon_core.package_identification[0m [1;30mLevel 1[0m _identify(yolo_training/11classnew/scripts/runs/detect/val3) by extensions ['ignore', 'ignore_ament_install']
[0.426s] [34mcolcon.colcon_core.package_identification[0m [1;30mLevel 1[0m _identify(yolo_training/11classnew/scripts/runs/detect/val3) by extension 'ignore'
[0.426s] [34mcolcon.colcon_core.package_identification[0m [1;30mLevel 1[0m _identify(yolo_training/11classnew/scripts/runs/detect/val3) by extension 'ignore_ament_install'
[0.426s] [34mcolcon.colcon_core.package_identification[0m [1;30mLevel 1[0m _identify(yolo_training/11classnew/scripts/runs/detect/val3) by extensions ['colcon_pkg']
[0.426s] [34mcolcon.colcon_core.package_identification[0m [1;30mLevel 1[0m _identify(yolo_training/11classnew/scripts/runs/detect/val3) by extension 'colcon_pkg'
[0.426s] [34mcolcon.colcon_core.package_identification[0m [1;30mLevel 1[0m _identify(yolo_training/11classnew/scripts/runs/detect/val3) by extensions ['colcon_meta']
[0.426s] [34mcolcon.colcon_core.package_identification[0m [1;30mLevel 1[0m _identify(yolo_training/11classnew/scripts/runs/detect/val3) by extension 'colcon_meta'
[0.426s] [34mcolcon.colcon_core.package_identification[0m [1;30mLevel 1[0m _identify(yolo_training/11classnew/scripts/runs/detect/val3) by extensions ['ros']
[0.426s] [34mcolcon.colcon_core.package_identification[0m [1;30mLevel 1[0m _identify(yolo_training/11classnew/scripts/runs/detect/val3) by extension 'ros'
[0.426s] [34mcolcon.colcon_core.package_identification[0m [1;30mLevel 1[0m _identify(yolo_training/11classnew/scripts/runs/detect/val3) by extensions ['cmake', 'python']
[0.426s] [34mcolcon.colcon_core.package_identification[0m [1;30mLevel 1[0m _identify(yolo_training/11classnew/scripts/runs/detect/val3) by extension 'cmake'
[0.426s] [34mcolcon.colcon_core.package_identification[0m [1;30mLevel 1[0m _identify(yolo_training/11classnew/scripts/runs/detect/val3) by extension 'python'
[0.426s] [34mcolcon.colcon_core.package_identification[0m [1;30mLevel 1[0m _identify(yolo_training/11classnew/scripts/runs/detect/val3) by extensions ['python_setup_py']
[0.426s] [34mcolcon.colcon_core.package_identification[0m [1;30mLevel 1[0m _identify(yolo_training/11classnew/scripts/runs/detect/val3) by extension 'python_setup_py'
[0.426s] [34mcolcon.colcon_core.package_identification[0m [1;30mLevel 1[0m _identify(yolo_training/11classnew/scripts/runs/detect/val4) by extensions ['ignore', 'ignore_ament_install']
[0.426s] [34mcolcon.colcon_core.package_identification[0m [1;30mLevel 1[0m _identify(yolo_training/11classnew/scripts/runs/detect/val4) by extension 'ignore'
[0.426s] [34mcolcon.colcon_core.package_identification[0m [1;30mLevel 1[0m _identify(yolo_training/11classnew/scripts/runs/detect/val4) by extension 'ignore_ament_install'
[0.426s] [34mcolcon.colcon_core.package_identification[0m [1;30mLevel 1[0m _identify(yolo_training/11classnew/scripts/runs/detect/val4) by extensions ['colcon_pkg']
[0.426s] [34mcolcon.colcon_core.package_identification[0m [1;30mLevel 1[0m _identify(yolo_training/11classnew/scripts/runs/detect/val4) by extension 'colcon_pkg'
[0.426s] [34mcolcon.colcon_core.package_identification[0m [1;30mLevel 1[0m _identify(yolo_training/11classnew/scripts/runs/detect/val4) by extensions ['colcon_meta']
[0.426s] [34mcolcon.colcon_core.package_identification[0m [1;30mLevel 1[0m _identify(yolo_training/11classnew/scripts/runs/detect/val4) by extension 'colcon_meta'
[0.426s] [34mcolcon.colcon_core.package_identification[0m [1;30mLevel 1[0m _identify(yolo_training/11classnew/scripts/runs/detect/val4) by extensions ['ros']
[0.426s] [34mcolcon.colcon_core.package_identification[0m [1;30mLevel 1[0m _identify(yolo_training/11classnew/scripts/runs/detect/val4) by extension 'ros'
[0.426s] [34mcolcon.colcon_core.package_identification[0m [1;30mLevel 1[0m _identify(yolo_training/11classnew/scripts/runs/detect/val4) by extensions ['cmake', 'python']
[0.426s] [34mcolcon.colcon_core.package_identification[0m [1;30mLevel 1[0m _identify(yolo_training/11classnew/scripts/runs/detect/val4) by extension 'cmake'
[0.426s] [34mcolcon.colcon_core.package_identification[0m [1;30mLevel 1[0m _identify(yolo_training/11classnew/scripts/runs/detect/val4) by extension 'python'
[0.426s] [34mcolcon.colcon_core.package_identification[0m [1;30mLevel 1[0m _identify(yolo_training/11classnew/scripts/runs/detect/val4) by extensions ['python_setup_py']
[0.426s] [34mcolcon.colcon_core.package_identification[0m [1;30mLevel 1[0m _identify(yolo_training/11classnew/scripts/runs/detect/val4) by extension 'python_setup_py'
[0.426s] [34mcolcon.colcon_core.package_identification[0m [1;30mLevel 1[0m _identify(yolo_training/11classnew/scripts/runs/detect/val5) by extensions ['ignore', 'ignore_ament_install']
[0.426s] [34mcolcon.colcon_core.package_identification[0m [1;30mLevel 1[0m _identify(yolo_training/11classnew/scripts/runs/detect/val5) by extension 'ignore'
[0.426s] [34mcolcon.colcon_core.package_identification[0m [1;30mLevel 1[0m _identify(yolo_training/11classnew/scripts/runs/detect/val5) by extension 'ignore_ament_install'
[0.427s] [34mcolcon.colcon_core.package_identification[0m [1;30mLevel 1[0m _identify(yolo_training/11classnew/scripts/runs/detect/val5) by extensions ['colcon_pkg']
[0.427s] [34mcolcon.colcon_core.package_identification[0m [1;30mLevel 1[0m _identify(yolo_training/11classnew/scripts/runs/detect/val5) by extension 'colcon_pkg'
[0.427s] [34mcolcon.colcon_core.package_identification[0m [1;30mLevel 1[0m _identify(yolo_training/11classnew/scripts/runs/detect/val5) by extensions ['colcon_meta']
[0.427s] [34mcolcon.colcon_core.package_identification[0m [1;30mLevel 1[0m _identify(yolo_training/11classnew/scripts/runs/detect/val5) by extension 'colcon_meta'
[0.427s] [34mcolcon.colcon_core.package_identification[0m [1;30mLevel 1[0m _identify(yolo_training/11classnew/scripts/runs/detect/val5) by extensions ['ros']
[0.427s] [34mcolcon.colcon_core.package_identification[0m [1;30mLevel 1[0m _identify(yolo_training/11classnew/scripts/runs/detect/val5) by extension 'ros'
[0.427s] [34mcolcon.colcon_core.package_identification[0m [1;30mLevel 1[0m _identify(yolo_training/11classnew/scripts/runs/detect/val5) by extensions ['cmake', 'python']
[0.427s] [34mcolcon.colcon_core.package_identification[0m [1;30mLevel 1[0m _identify(yolo_training/11classnew/scripts/runs/detect/val5) by extension 'cmake'
[0.427s] [34mcolcon.colcon_core.package_identification[0m [1;30mLevel 1[0m _identify(yolo_training/11classnew/scripts/runs/detect/val5) by extension 'python'
[0.427s] [34mcolcon.colcon_core.package_identification[0m [1;30mLevel 1[0m _identify(yolo_training/11classnew/scripts/runs/detect/val5) by extensions ['python_setup_py']
[0.427s] [34mcolcon.colcon_core.package_identification[0m [1;30mLevel 1[0m _identify(yolo_training/11classnew/scripts/runs/detect/val5) by extension 'python_setup_py'
[0.427s] [34mcolcon.colcon_core.package_identification[0m [1;30mLevel 1[0m _identify(yolo_training/11classnew/scripts/runs/detect/val6) by extensions ['ignore', 'ignore_ament_install']
[0.427s] [34mcolcon.colcon_core.package_identification[0m [1;30mLevel 1[0m _identify(yolo_training/11classnew/scripts/runs/detect/val6) by extension 'ignore'
[0.427s] [34mcolcon.colcon_core.package_identification[0m [1;30mLevel 1[0m _identify(yolo_training/11classnew/scripts/runs/detect/val6) by extension 'ignore_ament_install'
[0.427s] [34mcolcon.colcon_core.package_identification[0m [1;30mLevel 1[0m _identify(yolo_training/11classnew/scripts/runs/detect/val6) by extensions ['colcon_pkg']
[0.427s] [34mcolcon.colcon_core.package_identification[0m [1;30mLevel 1[0m _identify(yolo_training/11classnew/scripts/runs/detect/val6) by extension 'colcon_pkg'
[0.427s] [34mcolcon.colcon_core.package_identification[0m [1;30mLevel 1[0m _identify(yolo_training/11classnew/scripts/runs/detect/val6) by extensions ['colcon_meta']
[0.427s] [34mcolcon.colcon_core.package_identification[0m [1;30mLevel 1[0m _identify(yolo_training/11classnew/scripts/runs/detect/val6) by extension 'colcon_meta'
[0.427s] [34mcolcon.colcon_core.package_identification[0m [1;30mLevel 1[0m _identify(yolo_training/11classnew/scripts/runs/detect/val6) by extensions ['ros']
[0.427s] [34mcolcon.colcon_core.package_identification[0m [1;30mLevel 1[0m _identify(yolo_training/11classnew/scripts/runs/detect/val6) by extension 'ros'
[0.427s] [34mcolcon.colcon_core.package_identification[0m [1;30mLevel 1[0m _identify(yolo_training/11classnew/scripts/runs/detect/val6) by extensions ['cmake', 'python']
[0.427s] [34mcolcon.colcon_core.package_identification[0m [1;30mLevel 1[0m _identify(yolo_training/11classnew/scripts/runs/detect/val6) by extension 'cmake'
[0.427s] [34mcolcon.colcon_core.package_identification[0m [1;30mLevel 1[0m _identify(yolo_training/11classnew/scripts/runs/detect/val6) by extension 'python'
[0.427s] [34mcolcon.colcon_core.package_identification[0m [1;30mLevel 1[0m _identify(yolo_training/11classnew/scripts/runs/detect/val6) by extensions ['python_setup_py']
[0.427s] [34mcolcon.colcon_core.package_identification[0m [1;30mLevel 1[0m _identify(yolo_training/11classnew/scripts/runs/detect/val6) by extension 'python_setup_py'
[0.427s] [34mcolcon.colcon_core.package_identification[0m [1;30mLevel 1[0m _identify(yolo_training/11classnew/scripts/runs/detect/val7) by extensions ['ignore', 'ignore_ament_install']
[0.427s] [34mcolcon.colcon_core.package_identification[0m [1;30mLevel 1[0m _identify(yolo_training/11classnew/scripts/runs/detect/val7) by extension 'ignore'
[0.427s] [34mcolcon.colcon_core.package_identification[0m [1;30mLevel 1[0m _identify(yolo_training/11classnew/scripts/runs/detect/val7) by extension 'ignore_ament_install'
[0.427s] [34mcolcon.colcon_core.package_identification[0m [1;30mLevel 1[0m _identify(yolo_training/11classnew/scripts/runs/detect/val7) by extensions ['colcon_pkg']
[0.427s] [34mcolcon.colcon_core.package_identification[0m [1;30mLevel 1[0m _identify(yolo_training/11classnew/scripts/runs/detect/val7) by extension 'colcon_pkg'
[0.427s] [34mcolcon.colcon_core.package_identification[0m [1;30mLevel 1[0m _identify(yolo_training/11classnew/scripts/runs/detect/val7) by extensions ['colcon_meta']
[0.427s] [34mcolcon.colcon_core.package_identification[0m [1;30mLevel 1[0m _identify(yolo_training/11classnew/scripts/runs/detect/val7) by extension 'colcon_meta'
[0.427s] [34mcolcon.colcon_core.package_identification[0m [1;30mLevel 1[0m _identify(yolo_training/11classnew/scripts/runs/detect/val7) by extensions ['ros']
[0.427s] [34mcolcon.colcon_core.package_identification[0m [1;30mLevel 1[0m _identify(yolo_training/11classnew/scripts/runs/detect/val7) by extension 'ros'
[0.427s] [34mcolcon.colcon_core.package_identification[0m [1;30mLevel 1[0m _identify(yolo_training/11classnew/scripts/runs/detect/val7) by extensions ['cmake', 'python']
[0.427s] [34mcolcon.colcon_core.package_identification[0m [1;30mLevel 1[0m _identify(yolo_training/11classnew/scripts/runs/detect/val7) by extension 'cmake'
[0.427s] [34mcolcon.colcon_core.package_identification[0m [1;30mLevel 1[0m _identify(yolo_training/11classnew/scripts/runs/detect/val7) by extension 'python'
[0.427s] [34mcolcon.colcon_core.package_identification[0m [1;30mLevel 1[0m _identify(yolo_training/11classnew/scripts/runs/detect/val7) by extensions ['python_setup_py']
[0.427s] [34mcolcon.colcon_core.package_identification[0m [1;30mLevel 1[0m _identify(yolo_training/11classnew/scripts/runs/detect/val7) by extension 'python_setup_py'
[0.428s] [34mcolcon.colcon_core.package_identification[0m [1;30mLevel 1[0m _identify(yolo_training/11classnew/scripts/runs/detect/val8) by extensions ['ignore', 'ignore_ament_install']
[0.428s] [34mcolcon.colcon_core.package_identification[0m [1;30mLevel 1[0m _identify(yolo_training/11classnew/scripts/runs/detect/val8) by extension 'ignore'
[0.428s] [34mcolcon.colcon_core.package_identification[0m [1;30mLevel 1[0m _identify(yolo_training/11classnew/scripts/runs/detect/val8) by extension 'ignore_ament_install'
[0.428s] [34mcolcon.colcon_core.package_identification[0m [1;30mLevel 1[0m _identify(yolo_training/11classnew/scripts/runs/detect/val8) by extensions ['colcon_pkg']
[0.428s] [34mcolcon.colcon_core.package_identification[0m [1;30mLevel 1[0m _identify(yolo_training/11classnew/scripts/runs/detect/val8) by extension 'colcon_pkg'
[0.428s] [34mcolcon.colcon_core.package_identification[0m [1;30mLevel 1[0m _identify(yolo_training/11classnew/scripts/runs/detect/val8) by extensions ['colcon_meta']
[0.428s] [34mcolcon.colcon_core.package_identification[0m [1;30mLevel 1[0m _identify(yolo_training/11classnew/scripts/runs/detect/val8) by extension 'colcon_meta'
[0.428s] [34mcolcon.colcon_core.package_identification[0m [1;30mLevel 1[0m _identify(yolo_training/11classnew/scripts/runs/detect/val8) by extensions ['ros']
[0.428s] [34mcolcon.colcon_core.package_identification[0m [1;30mLevel 1[0m _identify(yolo_training/11classnew/scripts/runs/detect/val8) by extension 'ros'
[0.428s] [34mcolcon.colcon_core.package_identification[0m [1;30mLevel 1[0m _identify(yolo_training/11classnew/scripts/runs/detect/val8) by extensions ['cmake', 'python']
[0.428s] [34mcolcon.colcon_core.package_identification[0m [1;30mLevel 1[0m _identify(yolo_training/11classnew/scripts/runs/detect/val8) by extension 'cmake'
[0.428s] [34mcolcon.colcon_core.package_identification[0m [1;30mLevel 1[0m _identify(yolo_training/11classnew/scripts/runs/detect/val8) by extension 'python'
[0.428s] [34mcolcon.colcon_core.package_identification[0m [1;30mLevel 1[0m _identify(yolo_training/11classnew/scripts/runs/detect/val8) by extensions ['python_setup_py']
[0.428s] [34mcolcon.colcon_core.package_identification[0m [1;30mLevel 1[0m _identify(yolo_training/11classnew/scripts/runs/detect/val8) by extension 'python_setup_py'
[0.428s] [34mcolcon.colcon_core.package_identification[0m [1;30mLevel 1[0m _identify(yolo_training/11classnew/scripts/runs/detect/val9) by extensions ['ignore', 'ignore_ament_install']
[0.428s] [34mcolcon.colcon_core.package_identification[0m [1;30mLevel 1[0m _identify(yolo_training/11classnew/scripts/runs/detect/val9) by extension 'ignore'
[0.428s] [34mcolcon.colcon_core.package_identification[0m [1;30mLevel 1[0m _identify(yolo_training/11classnew/scripts/runs/detect/val9) by extension 'ignore_ament_install'
[0.428s] [34mcolcon.colcon_core.package_identification[0m [1;30mLevel 1[0m _identify(yolo_training/11classnew/scripts/runs/detect/val9) by extensions ['colcon_pkg']
[0.428s] [34mcolcon.colcon_core.package_identification[0m [1;30mLevel 1[0m _identify(yolo_training/11classnew/scripts/runs/detect/val9) by extension 'colcon_pkg'
[0.428s] [34mcolcon.colcon_core.package_identification[0m [1;30mLevel 1[0m _identify(yolo_training/11classnew/scripts/runs/detect/val9) by extensions ['colcon_meta']
[0.428s] [34mcolcon.colcon_core.package_identification[0m [1;30mLevel 1[0m _identify(yolo_training/11classnew/scripts/runs/detect/val9) by extension 'colcon_meta'
[0.428s] [34mcolcon.colcon_core.package_identification[0m [1;30mLevel 1[0m _identify(yolo_training/11classnew/scripts/runs/detect/val9) by extensions ['ros']
[0.428s] [34mcolcon.colcon_core.package_identification[0m [1;30mLevel 1[0m _identify(yolo_training/11classnew/scripts/runs/detect/val9) by extension 'ros'
[0.428s] [34mcolcon.colcon_core.package_identification[0m [1;30mLevel 1[0m _identify(yolo_training/11classnew/scripts/runs/detect/val9) by extensions ['cmake', 'python']
[0.428s] [34mcolcon.colcon_core.package_identification[0m [1;30mLevel 1[0m _identify(yolo_training/11classnew/scripts/runs/detect/val9) by extension 'cmake'
[0.428s] [34mcolcon.colcon_core.package_identification[0m [1;30mLevel 1[0m _identify(yolo_training/11classnew/scripts/runs/detect/val9) by extension 'python'
[0.428s] [34mcolcon.colcon_core.package_identification[0m [1;30mLevel 1[0m _identify(yolo_training/11classnew/scripts/runs/detect/val9) by extensions ['python_setup_py']
[0.428s] [34mcolcon.colcon_core.package_identification[0m [1;30mLevel 1[0m _identify(yolo_training/11classnew/scripts/runs/detect/val9) by extension 'python_setup_py'
[0.428s] [34mcolcon.colcon_core.package_identification[0m [1;30mLevel 1[0m _identify(yolo_training/11classnew/unified_dataset) by extensions ['ignore', 'ignore_ament_install']
[0.428s] [34mcolcon.colcon_core.package_identification[0m [1;30mLevel 1[0m _identify(yolo_training/11classnew/unified_dataset) by extension 'ignore'
[0.428s] [34mcolcon.colcon_core.package_identification[0m [1;30mLevel 1[0m _identify(yolo_training/11classnew/unified_dataset) by extension 'ignore_ament_install'
[0.428s] [34mcolcon.colcon_core.package_identification[0m [1;30mLevel 1[0m _identify(yolo_training/11classnew/unified_dataset) by extensions ['colcon_pkg']
[0.428s] [34mcolcon.colcon_core.package_identification[0m [1;30mLevel 1[0m _identify(yolo_training/11classnew/unified_dataset) by extension 'colcon_pkg'
[0.428s] [34mcolcon.colcon_core.package_identification[0m [1;30mLevel 1[0m _identify(yolo_training/11classnew/unified_dataset) by extensions ['colcon_meta']
[0.428s] [34mcolcon.colcon_core.package_identification[0m [1;30mLevel 1[0m _identify(yolo_training/11classnew/unified_dataset) by extension 'colcon_meta'
[0.428s] [34mcolcon.colcon_core.package_identification[0m [1;30mLevel 1[0m _identify(yolo_training/11classnew/unified_dataset) by extensions ['ros']
[0.428s] [34mcolcon.colcon_core.package_identification[0m [1;30mLevel 1[0m _identify(yolo_training/11classnew/unified_dataset) by extension 'ros'
[0.428s] [34mcolcon.colcon_core.package_identification[0m [1;30mLevel 1[0m _identify(yolo_training/11classnew/unified_dataset) by extensions ['cmake', 'python']
[0.428s] [34mcolcon.colcon_core.package_identification[0m [1;30mLevel 1[0m _identify(yolo_training/11classnew/unified_dataset) by extension 'cmake'
[0.429s] [34mcolcon.colcon_core.package_identification[0m [1;30mLevel 1[0m _identify(yolo_training/11classnew/unified_dataset) by extension 'python'
[0.429s] [34mcolcon.colcon_core.package_identification[0m [1;30mLevel 1[0m _identify(yolo_training/11classnew/unified_dataset) by extensions ['python_setup_py']
[0.429s] [34mcolcon.colcon_core.package_identification[0m [1;30mLevel 1[0m _identify(yolo_training/11classnew/unified_dataset) by extension 'python_setup_py'
[0.429s] [34mcolcon.colcon_core.package_identification[0m [1;30mLevel 1[0m _identify(yolo_training/11classnew/unified_dataset/train) by extensions ['ignore', 'ignore_ament_install']
[0.429s] [34mcolcon.colcon_core.package_identification[0m [1;30mLevel 1[0m _identify(yolo_training/11classnew/unified_dataset/train) by extension 'ignore'
[0.429s] [34mcolcon.colcon_core.package_identification[0m [1;30mLevel 1[0m _identify(yolo_training/11classnew/unified_dataset/train) by extension 'ignore_ament_install'
[0.429s] [34mcolcon.colcon_core.package_identification[0m [1;30mLevel 1[0m _identify(yolo_training/11classnew/unified_dataset/train) by extensions ['colcon_pkg']
[0.429s] [34mcolcon.colcon_core.package_identification[0m [1;30mLevel 1[0m _identify(yolo_training/11classnew/unified_dataset/train) by extension 'colcon_pkg'
[0.429s] [34mcolcon.colcon_core.package_identification[0m [1;30mLevel 1[0m _identify(yolo_training/11classnew/unified_dataset/train) by extensions ['colcon_meta']
[0.429s] [34mcolcon.colcon_core.package_identification[0m [1;30mLevel 1[0m _identify(yolo_training/11classnew/unified_dataset/train) by extension 'colcon_meta'
[0.429s] [34mcolcon.colcon_core.package_identification[0m [1;30mLevel 1[0m _identify(yolo_training/11classnew/unified_dataset/train) by extensions ['ros']
[0.429s] [34mcolcon.colcon_core.package_identification[0m [1;30mLevel 1[0m _identify(yolo_training/11classnew/unified_dataset/train) by extension 'ros'
[0.429s] [34mcolcon.colcon_core.package_identification[0m [1;30mLevel 1[0m _identify(yolo_training/11classnew/unified_dataset/train) by extensions ['cmake', 'python']
[0.429s] [34mcolcon.colcon_core.package_identification[0m [1;30mLevel 1[0m _identify(yolo_training/11classnew/unified_dataset/train) by extension 'cmake'
[0.429s] [34mcolcon.colcon_core.package_identification[0m [1;30mLevel 1[0m _identify(yolo_training/11classnew/unified_dataset/train) by extension 'python'
[0.429s] [34mcolcon.colcon_core.package_identification[0m [1;30mLevel 1[0m _identify(yolo_training/11classnew/unified_dataset/train) by extensions ['python_setup_py']
[0.429s] [34mcolcon.colcon_core.package_identification[0m [1;30mLevel 1[0m _identify(yolo_training/11classnew/unified_dataset/train) by extension 'python_setup_py'
[0.429s] [34mcolcon.colcon_core.package_identification[0m [1;30mLevel 1[0m _identify(yolo_training/11classnew/unified_dataset/train/images) by extensions ['ignore', 'ignore_ament_install']
[0.429s] [34mcolcon.colcon_core.package_identification[0m [1;30mLevel 1[0m _identify(yolo_training/11classnew/unified_dataset/train/images) by extension 'ignore'
[0.429s] [34mcolcon.colcon_core.package_identification[0m [1;30mLevel 1[0m _identify(yolo_training/11classnew/unified_dataset/train/images) by extension 'ignore_ament_install'
[0.429s] [34mcolcon.colcon_core.package_identification[0m [1;30mLevel 1[0m _identify(yolo_training/11classnew/unified_dataset/train/images) by extensions ['colcon_pkg']
[0.429s] [34mcolcon.colcon_core.package_identification[0m [1;30mLevel 1[0m _identify(yolo_training/11classnew/unified_dataset/train/images) by extension 'colcon_pkg'
[0.429s] [34mcolcon.colcon_core.package_identification[0m [1;30mLevel 1[0m _identify(yolo_training/11classnew/unified_dataset/train/images) by extensions ['colcon_meta']
[0.429s] [34mcolcon.colcon_core.package_identification[0m [1;30mLevel 1[0m _identify(yolo_training/11classnew/unified_dataset/train/images) by extension 'colcon_meta'
[0.429s] [34mcolcon.colcon_core.package_identification[0m [1;30mLevel 1[0m _identify(yolo_training/11classnew/unified_dataset/train/images) by extensions ['ros']
[0.429s] [34mcolcon.colcon_core.package_identification[0m [1;30mLevel 1[0m _identify(yolo_training/11classnew/unified_dataset/train/images) by extension 'ros'
[0.429s] [34mcolcon.colcon_core.package_identification[0m [1;30mLevel 1[0m _identify(yolo_training/11classnew/unified_dataset/train/images) by extensions ['cmake', 'python']
[0.429s] [34mcolcon.colcon_core.package_identification[0m [1;30mLevel 1[0m _identify(yolo_training/11classnew/unified_dataset/train/images) by extension 'cmake'
[0.429s] [34mcolcon.colcon_core.package_identification[0m [1;30mLevel 1[0m _identify(yolo_training/11classnew/unified_dataset/train/images) by extension 'python'
[0.429s] [34mcolcon.colcon_core.package_identification[0m [1;30mLevel 1[0m _identify(yolo_training/11classnew/unified_dataset/train/images) by extensions ['python_setup_py']
[0.429s] [34mcolcon.colcon_core.package_identification[0m [1;30mLevel 1[0m _identify(yolo_training/11classnew/unified_dataset/train/images) by extension 'python_setup_py'
[0.429s] [34mcolcon.colcon_core.package_identification[0m [1;30mLevel 1[0m _identify(yolo_training/11classnew/unified_dataset/train/labels) by extensions ['ignore', 'ignore_ament_install']
[0.430s] [34mcolcon.colcon_core.package_identification[0m [1;30mLevel 1[0m _identify(yolo_training/11classnew/unified_dataset/train/labels) by extension 'ignore'
[0.430s] [34mcolcon.colcon_core.package_identification[0m [1;30mLevel 1[0m _identify(yolo_training/11classnew/unified_dataset/train/labels) by extension 'ignore_ament_install'
[0.430s] [34mcolcon.colcon_core.package_identification[0m [1;30mLevel 1[0m _identify(yolo_training/11classnew/unified_dataset/train/labels) by extensions ['colcon_pkg']
[0.430s] [34mcolcon.colcon_core.package_identification[0m [1;30mLevel 1[0m _identify(yolo_training/11classnew/unified_dataset/train/labels) by extension 'colcon_pkg'
[0.430s] [34mcolcon.colcon_core.package_identification[0m [1;30mLevel 1[0m _identify(yolo_training/11classnew/unified_dataset/train/labels) by extensions ['colcon_meta']
[0.430s] [34mcolcon.colcon_core.package_identification[0m [1;30mLevel 1[0m _identify(yolo_training/11classnew/unified_dataset/train/labels) by extension 'colcon_meta'
[0.430s] [34mcolcon.colcon_core.package_identification[0m [1;30mLevel 1[0m _identify(yolo_training/11classnew/unified_dataset/train/labels) by extensions ['ros']
[0.430s] [34mcolcon.colcon_core.package_identification[0m [1;30mLevel 1[0m _identify(yolo_training/11classnew/unified_dataset/train/labels) by extension 'ros'
[0.430s] [34mcolcon.colcon_core.package_identification[0m [1;30mLevel 1[0m _identify(yolo_training/11classnew/unified_dataset/train/labels) by extensions ['cmake', 'python']
[0.430s] [34mcolcon.colcon_core.package_identification[0m [1;30mLevel 1[0m _identify(yolo_training/11classnew/unified_dataset/train/labels) by extension 'cmake'
[0.430s] [34mcolcon.colcon_core.package_identification[0m [1;30mLevel 1[0m _identify(yolo_training/11classnew/unified_dataset/train/labels) by extension 'python'
[0.430s] [34mcolcon.colcon_core.package_identification[0m [1;30mLevel 1[0m _identify(yolo_training/11classnew/unified_dataset/train/labels) by extensions ['python_setup_py']
[0.430s] [34mcolcon.colcon_core.package_identification[0m [1;30mLevel 1[0m _identify(yolo_training/11classnew/unified_dataset/train/labels) by extension 'python_setup_py'
[0.430s] [34mcolcon.colcon_core.package_identification[0m [1;30mLevel 1[0m _identify(yolo_training/11classnew/unified_dataset/val) by extensions ['ignore', 'ignore_ament_install']
[0.430s] [34mcolcon.colcon_core.package_identification[0m [1;30mLevel 1[0m _identify(yolo_training/11classnew/unified_dataset/val) by extension 'ignore'
[0.430s] [34mcolcon.colcon_core.package_identification[0m [1;30mLevel 1[0m _identify(yolo_training/11classnew/unified_dataset/val) by extension 'ignore_ament_install'
[0.430s] [34mcolcon.colcon_core.package_identification[0m [1;30mLevel 1[0m _identify(yolo_training/11classnew/unified_dataset/val) by extensions ['colcon_pkg']
[0.430s] [34mcolcon.colcon_core.package_identification[0m [1;30mLevel 1[0m _identify(yolo_training/11classnew/unified_dataset/val) by extension 'colcon_pkg'
[0.430s] [34mcolcon.colcon_core.package_identification[0m [1;30mLevel 1[0m _identify(yolo_training/11classnew/unified_dataset/val) by extensions ['colcon_meta']
[0.430s] [34mcolcon.colcon_core.package_identification[0m [1;30mLevel 1[0m _identify(yolo_training/11classnew/unified_dataset/val) by extension 'colcon_meta'
[0.430s] [34mcolcon.colcon_core.package_identification[0m [1;30mLevel 1[0m _identify(yolo_training/11classnew/unified_dataset/val) by extensions ['ros']
[0.430s] [34mcolcon.colcon_core.package_identification[0m [1;30mLevel 1[0m _identify(yolo_training/11classnew/unified_dataset/val) by extension 'ros'
[0.430s] [34mcolcon.colcon_core.package_identification[0m [1;30mLevel 1[0m _identify(yolo_training/11classnew/unified_dataset/val) by extensions ['cmake', 'python']
[0.430s] [34mcolcon.colcon_core.package_identification[0m [1;30mLevel 1[0m _identify(yolo_training/11classnew/unified_dataset/val) by extension 'cmake'
[0.430s] [34mcolcon.colcon_core.package_identification[0m [1;30mLevel 1[0m _identify(yolo_training/11classnew/unified_dataset/val) by extension 'python'
[0.430s] [34mcolcon.colcon_core.package_identification[0m [1;30mLevel 1[0m _identify(yolo_training/11classnew/unified_dataset/val) by extensions ['python_setup_py']
[0.430s] [34mcolcon.colcon_core.package_identification[0m [1;30mLevel 1[0m _identify(yolo_training/11classnew/unified_dataset/val) by extension 'python_setup_py'
[0.430s] [34mcolcon.colcon_core.package_identification[0m [1;30mLevel 1[0m _identify(yolo_training/11classnew/unified_dataset/val/images) by extensions ['ignore', 'ignore_ament_install']
[0.430s] [34mcolcon.colcon_core.package_identification[0m [1;30mLevel 1[0m _identify(yolo_training/11classnew/unified_dataset/val/images) by extension 'ignore'
[0.430s] [34mcolcon.colcon_core.package_identification[0m [1;30mLevel 1[0m _identify(yolo_training/11classnew/unified_dataset/val/images) by extension 'ignore_ament_install'
[0.430s] [34mcolcon.colcon_core.package_identification[0m [1;30mLevel 1[0m _identify(yolo_training/11classnew/unified_dataset/val/images) by extensions ['colcon_pkg']
[0.430s] [34mcolcon.colcon_core.package_identification[0m [1;30mLevel 1[0m _identify(yolo_training/11classnew/unified_dataset/val/images) by extension 'colcon_pkg'
[0.430s] [34mcolcon.colcon_core.package_identification[0m [1;30mLevel 1[0m _identify(yolo_training/11classnew/unified_dataset/val/images) by extensions ['colcon_meta']
[0.430s] [34mcolcon.colcon_core.package_identification[0m [1;30mLevel 1[0m _identify(yolo_training/11classnew/unified_dataset/val/images) by extension 'colcon_meta'
[0.430s] [34mcolcon.colcon_core.package_identification[0m [1;30mLevel 1[0m _identify(yolo_training/11classnew/unified_dataset/val/images) by extensions ['ros']
[0.430s] [34mcolcon.colcon_core.package_identification[0m [1;30mLevel 1[0m _identify(yolo_training/11classnew/unified_dataset/val/images) by extension 'ros'
[0.430s] [34mcolcon.colcon_core.package_identification[0m [1;30mLevel 1[0m _identify(yolo_training/11classnew/unified_dataset/val/images) by extensions ['cmake', 'python']
[0.430s] [34mcolcon.colcon_core.package_identification[0m [1;30mLevel 1[0m _identify(yolo_training/11classnew/unified_dataset/val/images) by extension 'cmake'
[0.430s] [34mcolcon.colcon_core.package_identification[0m [1;30mLevel 1[0m _identify(yolo_training/11classnew/unified_dataset/val/images) by extension 'python'
[0.431s] [34mcolcon.colcon_core.package_identification[0m [1;30mLevel 1[0m _identify(yolo_training/11classnew/unified_dataset/val/images) by extensions ['python_setup_py']
[0.431s] [34mcolcon.colcon_core.package_identification[0m [1;30mLevel 1[0m _identify(yolo_training/11classnew/unified_dataset/val/images) by extension 'python_setup_py'
[0.431s] [34mcolcon.colcon_core.package_identification[0m [1;30mLevel 1[0m _identify(yolo_training/11classnew/unified_dataset/val/labels) by extensions ['ignore', 'ignore_ament_install']
[0.431s] [34mcolcon.colcon_core.package_identification[0m [1;30mLevel 1[0m _identify(yolo_training/11classnew/unified_dataset/val/labels) by extension 'ignore'
[0.431s] [34mcolcon.colcon_core.package_identification[0m [1;30mLevel 1[0m _identify(yolo_training/11classnew/unified_dataset/val/labels) by extension 'ignore_ament_install'
[0.431s] [34mcolcon.colcon_core.package_identification[0m [1;30mLevel 1[0m _identify(yolo_training/11classnew/unified_dataset/val/labels) by extensions ['colcon_pkg']
[0.431s] [34mcolcon.colcon_core.package_identification[0m [1;30mLevel 1[0m _identify(yolo_training/11classnew/unified_dataset/val/labels) by extension 'colcon_pkg'
[0.431s] [34mcolcon.colcon_core.package_identification[0m [1;30mLevel 1[0m _identify(yolo_training/11classnew/unified_dataset/val/labels) by extensions ['colcon_meta']
[0.431s] [34mcolcon.colcon_core.package_identification[0m [1;30mLevel 1[0m _identify(yolo_training/11classnew/unified_dataset/val/labels) by extension 'colcon_meta'
[0.431s] [34mcolcon.colcon_core.package_identification[0m [1;30mLevel 1[0m _identify(yolo_training/11classnew/unified_dataset/val/labels) by extensions ['ros']
[0.431s] [34mcolcon.colcon_core.package_identification[0m [1;30mLevel 1[0m _identify(yolo_training/11classnew/unified_dataset/val/labels) by extension 'ros'
[0.431s] [34mcolcon.colcon_core.package_identification[0m [1;30mLevel 1[0m _identify(yolo_training/11classnew/unified_dataset/val/labels) by extensions ['cmake', 'python']
[0.431s] [34mcolcon.colcon_core.package_identification[0m [1;30mLevel 1[0m _identify(yolo_training/11classnew/unified_dataset/val/labels) by extension 'cmake'
[0.431s] [34mcolcon.colcon_core.package_identification[0m [1;30mLevel 1[0m _identify(yolo_training/11classnew/unified_dataset/val/labels) by extension 'python'
[0.431s] [34mcolcon.colcon_core.package_identification[0m [1;30mLevel 1[0m _identify(yolo_training/11classnew/unified_dataset/val/labels) by extensions ['python_setup_py']
[0.431s] [34mcolcon.colcon_core.package_identification[0m [1;30mLevel 1[0m _identify(yolo_training/11classnew/unified_dataset/val/labels) by extension 'python_setup_py'
[0.431s] [34mcolcon.colcon_core.package_identification[0m [1;30mLevel 1[0m _identify(yolo_training/730newtraining) by extensions ['ignore', 'ignore_ament_install']
[0.431s] [34mcolcon.colcon_core.package_identification[0m [1;30mLevel 1[0m _identify(yolo_training/730newtraining) by extension 'ignore'
[0.431s] [34mcolcon.colcon_core.package_identification[0m [1;30mLevel 1[0m _identify(yolo_training/730newtraining) by extension 'ignore_ament_install'
[0.431s] [34mcolcon.colcon_core.package_identification[0m [1;30mLevel 1[0m _identify(yolo_training/730newtraining) by extensions ['colcon_pkg']
[0.431s] [34mcolcon.colcon_core.package_identification[0m [1;30mLevel 1[0m _identify(yolo_training/730newtraining) by extension 'colcon_pkg'
[0.431s] [34mcolcon.colcon_core.package_identification[0m [1;30mLevel 1[0m _identify(yolo_training/730newtraining) by extensions ['colcon_meta']
[0.431s] [34mcolcon.colcon_core.package_identification[0m [1;30mLevel 1[0m _identify(yolo_training/730newtraining) by extension 'colcon_meta'
[0.431s] [34mcolcon.colcon_core.package_identification[0m [1;30mLevel 1[0m _identify(yolo_training/730newtraining) by extensions ['ros']
[0.431s] [34mcolcon.colcon_core.package_identification[0m [1;30mLevel 1[0m _identify(yolo_training/730newtraining) by extension 'ros'
[0.431s] [34mcolcon.colcon_core.package_identification[0m [1;30mLevel 1[0m _identify(yolo_training/730newtraining) by extensions ['cmake', 'python']
[0.431s] [34mcolcon.colcon_core.package_identification[0m [1;30mLevel 1[0m _identify(yolo_training/730newtraining) by extension 'cmake'
[0.431s] [34mcolcon.colcon_core.package_identification[0m [1;30mLevel 1[0m _identify(yolo_training/730newtraining) by extension 'python'
[0.431s] [34mcolcon.colcon_core.package_identification[0m [1;30mLevel 1[0m _identify(yolo_training/730newtraining) by extensions ['python_setup_py']
[0.431s] [34mcolcon.colcon_core.package_identification[0m [1;30mLevel 1[0m _identify(yolo_training/730newtraining) by extension 'python_setup_py'
[0.431s] [34mcolcon.colcon_core.package_identification[0m [1;30mLevel 1[0m _identify(yolo_training/730newtraining/Taiwan Street Crossing.v3-extra-own-photos.yolov8) by extensions ['ignore', 'ignore_ament_install']
[0.431s] [34mcolcon.colcon_core.package_identification[0m [1;30mLevel 1[0m _identify(yolo_training/730newtraining/Taiwan Street Crossing.v3-extra-own-photos.yolov8) by extension 'ignore'
[0.431s] [34mcolcon.colcon_core.package_identification[0m [1;30mLevel 1[0m _identify(yolo_training/730newtraining/Taiwan Street Crossing.v3-extra-own-photos.yolov8) by extension 'ignore_ament_install'
[0.431s] [34mcolcon.colcon_core.package_identification[0m [1;30mLevel 1[0m _identify(yolo_training/730newtraining/Taiwan Street Crossing.v3-extra-own-photos.yolov8) by extensions ['colcon_pkg']
[0.431s] [34mcolcon.colcon_core.package_identification[0m [1;30mLevel 1[0m _identify(yolo_training/730newtraining/Taiwan Street Crossing.v3-extra-own-photos.yolov8) by extension 'colcon_pkg'
[0.431s] [34mcolcon.colcon_core.package_identification[0m [1;30mLevel 1[0m _identify(yolo_training/730newtraining/Taiwan Street Crossing.v3-extra-own-photos.yolov8) by extensions ['colcon_meta']
[0.431s] [34mcolcon.colcon_core.package_identification[0m [1;30mLevel 1[0m _identify(yolo_training/730newtraining/Taiwan Street Crossing.v3-extra-own-photos.yolov8) by extension 'colcon_meta'
[0.431s] [34mcolcon.colcon_core.package_identification[0m [1;30mLevel 1[0m _identify(yolo_training/730newtraining/Taiwan Street Crossing.v3-extra-own-photos.yolov8) by extensions ['ros']
[0.431s] [34mcolcon.colcon_core.package_identification[0m [1;30mLevel 1[0m _identify(yolo_training/730newtraining/Taiwan Street Crossing.v3-extra-own-photos.yolov8) by extension 'ros'
[0.432s] [34mcolcon.colcon_core.package_identification[0m [1;30mLevel 1[0m _identify(yolo_training/730newtraining/Taiwan Street Crossing.v3-extra-own-photos.yolov8) by extensions ['cmake', 'python']
[0.432s] [34mcolcon.colcon_core.package_identification[0m [1;30mLevel 1[0m _identify(yolo_training/730newtraining/Taiwan Street Crossing.v3-extra-own-photos.yolov8) by extension 'cmake'
[0.432s] [34mcolcon.colcon_core.package_identification[0m [1;30mLevel 1[0m _identify(yolo_training/730newtraining/Taiwan Street Crossing.v3-extra-own-photos.yolov8) by extension 'python'
[0.432s] [34mcolcon.colcon_core.package_identification[0m [1;30mLevel 1[0m _identify(yolo_training/730newtraining/Taiwan Street Crossing.v3-extra-own-photos.yolov8) by extensions ['python_setup_py']
[0.432s] [34mcolcon.colcon_core.package_identification[0m [1;30mLevel 1[0m _identify(yolo_training/730newtraining/Taiwan Street Crossing.v3-extra-own-photos.yolov8) by extension 'python_setup_py'
[0.432s] [34mcolcon.colcon_core.package_identification[0m [1;30mLevel 1[0m _identify(yolo_training/730newtraining/Taiwan Street Crossing.v3-extra-own-photos.yolov8/test) by extensions ['ignore', 'ignore_ament_install']
[0.432s] [34mcolcon.colcon_core.package_identification[0m [1;30mLevel 1[0m _identify(yolo_training/730newtraining/Taiwan Street Crossing.v3-extra-own-photos.yolov8/test) by extension 'ignore'
[0.432s] [34mcolcon.colcon_core.package_identification[0m [1;30mLevel 1[0m _identify(yolo_training/730newtraining/Taiwan Street Crossing.v3-extra-own-photos.yolov8/test) by extension 'ignore_ament_install'
[0.432s] [34mcolcon.colcon_core.package_identification[0m [1;30mLevel 1[0m _identify(yolo_training/730newtraining/Taiwan Street Crossing.v3-extra-own-photos.yolov8/test) by extensions ['colcon_pkg']
[0.432s] [34mcolcon.colcon_core.package_identification[0m [1;30mLevel 1[0m _identify(yolo_training/730newtraining/Taiwan Street Crossing.v3-extra-own-photos.yolov8/test) by extension 'colcon_pkg'
[0.432s] [34mcolcon.colcon_core.package_identification[0m [1;30mLevel 1[0m _identify(yolo_training/730newtraining/Taiwan Street Crossing.v3-extra-own-photos.yolov8/test) by extensions ['colcon_meta']
[0.432s] [34mcolcon.colcon_core.package_identification[0m [1;30mLevel 1[0m _identify(yolo_training/730newtraining/Taiwan Street Crossing.v3-extra-own-photos.yolov8/test) by extension 'colcon_meta'
[0.432s] [34mcolcon.colcon_core.package_identification[0m [1;30mLevel 1[0m _identify(yolo_training/730newtraining/Taiwan Street Crossing.v3-extra-own-photos.yolov8/test) by extensions ['ros']
[0.432s] [34mcolcon.colcon_core.package_identification[0m [1;30mLevel 1[0m _identify(yolo_training/730newtraining/Taiwan Street Crossing.v3-extra-own-photos.yolov8/test) by extension 'ros'
[0.432s] [34mcolcon.colcon_core.package_identification[0m [1;30mLevel 1[0m _identify(yolo_training/730newtraining/Taiwan Street Crossing.v3-extra-own-photos.yolov8/test) by extensions ['cmake', 'python']
[0.432s] [34mcolcon.colcon_core.package_identification[0m [1;30mLevel 1[0m _identify(yolo_training/730newtraining/Taiwan Street Crossing.v3-extra-own-photos.yolov8/test) by extension 'cmake'
[0.432s] [34mcolcon.colcon_core.package_identification[0m [1;30mLevel 1[0m _identify(yolo_training/730newtraining/Taiwan Street Crossing.v3-extra-own-photos.yolov8/test) by extension 'python'
[0.432s] [34mcolcon.colcon_core.package_identification[0m [1;30mLevel 1[0m _identify(yolo_training/730newtraining/Taiwan Street Crossing.v3-extra-own-photos.yolov8/test) by extensions ['python_setup_py']
[0.432s] [34mcolcon.colcon_core.package_identification[0m [1;30mLevel 1[0m _identify(yolo_training/730newtraining/Taiwan Street Crossing.v3-extra-own-photos.yolov8/test) by extension 'python_setup_py'
[0.432s] [34mcolcon.colcon_core.package_identification[0m [1;30mLevel 1[0m _identify(yolo_training/730newtraining/Taiwan Street Crossing.v3-extra-own-photos.yolov8/test/images) by extensions ['ignore', 'ignore_ament_install']
[0.432s] [34mcolcon.colcon_core.package_identification[0m [1;30mLevel 1[0m _identify(yolo_training/730newtraining/Taiwan Street Crossing.v3-extra-own-photos.yolov8/test/images) by extension 'ignore'
[0.432s] [34mcolcon.colcon_core.package_identification[0m [1;30mLevel 1[0m _identify(yolo_training/730newtraining/Taiwan Street Crossing.v3-extra-own-photos.yolov8/test/images) by extension 'ignore_ament_install'
[0.432s] [34mcolcon.colcon_core.package_identification[0m [1;30mLevel 1[0m _identify(yolo_training/730newtraining/Taiwan Street Crossing.v3-extra-own-photos.yolov8/test/images) by extensions ['colcon_pkg']
[0.432s] [34mcolcon.colcon_core.package_identification[0m [1;30mLevel 1[0m _identify(yolo_training/730newtraining/Taiwan Street Crossing.v3-extra-own-photos.yolov8/test/images) by extension 'colcon_pkg'
[0.432s] [34mcolcon.colcon_core.package_identification[0m [1;30mLevel 1[0m _identify(yolo_training/730newtraining/Taiwan Street Crossing.v3-extra-own-photos.yolov8/test/images) by extensions ['colcon_meta']
[0.432s] [34mcolcon.colcon_core.package_identification[0m [1;30mLevel 1[0m _identify(yolo_training/730newtraining/Taiwan Street Crossing.v3-extra-own-photos.yolov8/test/images) by extension 'colcon_meta'
[0.432s] [34mcolcon.colcon_core.package_identification[0m [1;30mLevel 1[0m _identify(yolo_training/730newtraining/Taiwan Street Crossing.v3-extra-own-photos.yolov8/test/images) by extensions ['ros']
[0.432s] [34mcolcon.colcon_core.package_identification[0m [1;30mLevel 1[0m _identify(yolo_training/730newtraining/Taiwan Street Crossing.v3-extra-own-photos.yolov8/test/images) by extension 'ros'
[0.432s] [34mcolcon.colcon_core.package_identification[0m [1;30mLevel 1[0m _identify(yolo_training/730newtraining/Taiwan Street Crossing.v3-extra-own-photos.yolov8/test/images) by extensions ['cmake', 'python']
[0.432s] [34mcolcon.colcon_core.package_identification[0m [1;30mLevel 1[0m _identify(yolo_training/730newtraining/Taiwan Street Crossing.v3-extra-own-photos.yolov8/test/images) by extension 'cmake'
[0.432s] [34mcolcon.colcon_core.package_identification[0m [1;30mLevel 1[0m _identify(yolo_training/730newtraining/Taiwan Street Crossing.v3-extra-own-photos.yolov8/test/images) by extension 'python'
[0.432s] [34mcolcon.colcon_core.package_identification[0m [1;30mLevel 1[0m _identify(yolo_training/730newtraining/Taiwan Street Crossing.v3-extra-own-photos.yolov8/test/images) by extensions ['python_setup_py']
[0.432s] [34mcolcon.colcon_core.package_identification[0m [1;30mLevel 1[0m _identify(yolo_training/730newtraining/Taiwan Street Crossing.v3-extra-own-photos.yolov8/test/images) by extension 'python_setup_py'
[0.432s] [34mcolcon.colcon_core.package_identification[0m [1;30mLevel 1[0m _identify(yolo_training/730newtraining/Taiwan Street Crossing.v3-extra-own-photos.yolov8/test/labels) by extensions ['ignore', 'ignore_ament_install']
[0.432s] [34mcolcon.colcon_core.package_identification[0m [1;30mLevel 1[0m _identify(yolo_training/730newtraining/Taiwan Street Crossing.v3-extra-own-photos.yolov8/test/labels) by extension 'ignore'
[0.432s] [34mcolcon.colcon_core.package_identification[0m [1;30mLevel 1[0m _identify(yolo_training/730newtraining/Taiwan Street Crossing.v3-extra-own-photos.yolov8/test/labels) by extension 'ignore_ament_install'
[0.432s] [34mcolcon.colcon_core.package_identification[0m [1;30mLevel 1[0m _identify(yolo_training/730newtraining/Taiwan Street Crossing.v3-extra-own-photos.yolov8/test/labels) by extensions ['colcon_pkg']
[0.432s] [34mcolcon.colcon_core.package_identification[0m [1;30mLevel 1[0m _identify(yolo_training/730newtraining/Taiwan Street Crossing.v3-extra-own-photos.yolov8/test/labels) by extension 'colcon_pkg'
[0.432s] [34mcolcon.colcon_core.package_identification[0m [1;30mLevel 1[0m _identify(yolo_training/730newtraining/Taiwan Street Crossing.v3-extra-own-photos.yolov8/test/labels) by extensions ['colcon_meta']
[0.432s] [34mcolcon.colcon_core.package_identification[0m [1;30mLevel 1[0m _identify(yolo_training/730newtraining/Taiwan Street Crossing.v3-extra-own-photos.yolov8/test/labels) by extension 'colcon_meta'
[0.433s] [34mcolcon.colcon_core.package_identification[0m [1;30mLevel 1[0m _identify(yolo_training/730newtraining/Taiwan Street Crossing.v3-extra-own-photos.yolov8/test/labels) by extensions ['ros']
[0.433s] [34mcolcon.colcon_core.package_identification[0m [1;30mLevel 1[0m _identify(yolo_training/730newtraining/Taiwan Street Crossing.v3-extra-own-photos.yolov8/test/labels) by extension 'ros'
[0.433s] [34mcolcon.colcon_core.package_identification[0m [1;30mLevel 1[0m _identify(yolo_training/730newtraining/Taiwan Street Crossing.v3-extra-own-photos.yolov8/test/labels) by extensions ['cmake', 'python']
[0.433s] [34mcolcon.colcon_core.package_identification[0m [1;30mLevel 1[0m _identify(yolo_training/730newtraining/Taiwan Street Crossing.v3-extra-own-photos.yolov8/test/labels) by extension 'cmake'
[0.433s] [34mcolcon.colcon_core.package_identification[0m [1;30mLevel 1[0m _identify(yolo_training/730newtraining/Taiwan Street Crossing.v3-extra-own-photos.yolov8/test/labels) by extension 'python'
[0.433s] [34mcolcon.colcon_core.package_identification[0m [1;30mLevel 1[0m _identify(yolo_training/730newtraining/Taiwan Street Crossing.v3-extra-own-photos.yolov8/test/labels) by extensions ['python_setup_py']
[0.433s] [34mcolcon.colcon_core.package_identification[0m [1;30mLevel 1[0m _identify(yolo_training/730newtraining/Taiwan Street Crossing.v3-extra-own-photos.yolov8/test/labels) by extension 'python_setup_py'
[0.433s] [34mcolcon.colcon_core.package_identification[0m [1;30mLevel 1[0m _identify(yolo_training/730newtraining/Taiwan Street Crossing.v3-extra-own-photos.yolov8/train) by extensions ['ignore', 'ignore_ament_install']
[0.433s] [34mcolcon.colcon_core.package_identification[0m [1;30mLevel 1[0m _identify(yolo_training/730newtraining/Taiwan Street Crossing.v3-extra-own-photos.yolov8/train) by extension 'ignore'
[0.433s] [34mcolcon.colcon_core.package_identification[0m [1;30mLevel 1[0m _identify(yolo_training/730newtraining/Taiwan Street Crossing.v3-extra-own-photos.yolov8/train) by extension 'ignore_ament_install'
[0.433s] [34mcolcon.colcon_core.package_identification[0m [1;30mLevel 1[0m _identify(yolo_training/730newtraining/Taiwan Street Crossing.v3-extra-own-photos.yolov8/train) by extensions ['colcon_pkg']
[0.433s] [34mcolcon.colcon_core.package_identification[0m [1;30mLevel 1[0m _identify(yolo_training/730newtraining/Taiwan Street Crossing.v3-extra-own-photos.yolov8/train) by extension 'colcon_pkg'
[0.433s] [34mcolcon.colcon_core.package_identification[0m [1;30mLevel 1[0m _identify(yolo_training/730newtraining/Taiwan Street Crossing.v3-extra-own-photos.yolov8/train) by extensions ['colcon_meta']
[0.433s] [34mcolcon.colcon_core.package_identification[0m [1;30mLevel 1[0m _identify(yolo_training/730newtraining/Taiwan Street Crossing.v3-extra-own-photos.yolov8/train) by extension 'colcon_meta'
[0.433s] [34mcolcon.colcon_core.package_identification[0m [1;30mLevel 1[0m _identify(yolo_training/730newtraining/Taiwan Street Crossing.v3-extra-own-photos.yolov8/train) by extensions ['ros']
[0.433s] [34mcolcon.colcon_core.package_identification[0m [1;30mLevel 1[0m _identify(yolo_training/730newtraining/Taiwan Street Crossing.v3-extra-own-photos.yolov8/train) by extension 'ros'
[0.433s] [34mcolcon.colcon_core.package_identification[0m [1;30mLevel 1[0m _identify(yolo_training/730newtraining/Taiwan Street Crossing.v3-extra-own-photos.yolov8/train) by extensions ['cmake', 'python']
[0.433s] [34mcolcon.colcon_core.package_identification[0m [1;30mLevel 1[0m _identify(yolo_training/730newtraining/Taiwan Street Crossing.v3-extra-own-photos.yolov8/train) by extension 'cmake'
[0.433s] [34mcolcon.colcon_core.package_identification[0m [1;30mLevel 1[0m _identify(yolo_training/730newtraining/Taiwan Street Crossing.v3-extra-own-photos.yolov8/train) by extension 'python'
[0.433s] [34mcolcon.colcon_core.package_identification[0m [1;30mLevel 1[0m _identify(yolo_training/730newtraining/Taiwan Street Crossing.v3-extra-own-photos.yolov8/train) by extensions ['python_setup_py']
[0.433s] [34mcolcon.colcon_core.package_identification[0m [1;30mLevel 1[0m _identify(yolo_training/730newtraining/Taiwan Street Crossing.v3-extra-own-photos.yolov8/train) by extension 'python_setup_py'
[0.433s] [34mcolcon.colcon_core.package_identification[0m [1;30mLevel 1[0m _identify(yolo_training/730newtraining/Taiwan Street Crossing.v3-extra-own-photos.yolov8/train/images) by extensions ['ignore', 'ignore_ament_install']
[0.433s] [34mcolcon.colcon_core.package_identification[0m [1;30mLevel 1[0m _identify(yolo_training/730newtraining/Taiwan Street Crossing.v3-extra-own-photos.yolov8/train/images) by extension 'ignore'
[0.433s] [34mcolcon.colcon_core.package_identification[0m [1;30mLevel 1[0m _identify(yolo_training/730newtraining/Taiwan Street Crossing.v3-extra-own-photos.yolov8/train/images) by extension 'ignore_ament_install'
[0.433s] [34mcolcon.colcon_core.package_identification[0m [1;30mLevel 1[0m _identify(yolo_training/730newtraining/Taiwan Street Crossing.v3-extra-own-photos.yolov8/train/images) by extensions ['colcon_pkg']
[0.433s] [34mcolcon.colcon_core.package_identification[0m [1;30mLevel 1[0m _identify(yolo_training/730newtraining/Taiwan Street Crossing.v3-extra-own-photos.yolov8/train/images) by extension 'colcon_pkg'
[0.433s] [34mcolcon.colcon_core.package_identification[0m [1;30mLevel 1[0m _identify(yolo_training/730newtraining/Taiwan Street Crossing.v3-extra-own-photos.yolov8/train/images) by extensions ['colcon_meta']
[0.433s] [34mcolcon.colcon_core.package_identification[0m [1;30mLevel 1[0m _identify(yolo_training/730newtraining/Taiwan Street Crossing.v3-extra-own-photos.yolov8/train/images) by extension 'colcon_meta'
[0.433s] [34mcolcon.colcon_core.package_identification[0m [1;30mLevel 1[0m _identify(yolo_training/730newtraining/Taiwan Street Crossing.v3-extra-own-photos.yolov8/train/images) by extensions ['ros']
[0.433s] [34mcolcon.colcon_core.package_identification[0m [1;30mLevel 1[0m _identify(yolo_training/730newtraining/Taiwan Street Crossing.v3-extra-own-photos.yolov8/train/images) by extension 'ros'
[0.433s] [34mcolcon.colcon_core.package_identification[0m [1;30mLevel 1[0m _identify(yolo_training/730newtraining/Taiwan Street Crossing.v3-extra-own-photos.yolov8/train/images) by extensions ['cmake', 'python']
[0.433s] [34mcolcon.colcon_core.package_identification[0m [1;30mLevel 1[0m _identify(yolo_training/730newtraining/Taiwan Street Crossing.v3-extra-own-photos.yolov8/train/images) by extension 'cmake'
[0.433s] [34mcolcon.colcon_core.package_identification[0m [1;30mLevel 1[0m _identify(yolo_training/730newtraining/Taiwan Street Crossing.v3-extra-own-photos.yolov8/train/images) by extension 'python'
[0.434s] [34mcolcon.colcon_core.package_identification[0m [1;30mLevel 1[0m _identify(yolo_training/730newtraining/Taiwan Street Crossing.v3-extra-own-photos.yolov8/train/images) by extensions ['python_setup_py']
[0.434s] [34mcolcon.colcon_core.package_identification[0m [1;30mLevel 1[0m _identify(yolo_training/730newtraining/Taiwan Street Crossing.v3-extra-own-photos.yolov8/train/images) by extension 'python_setup_py'
[0.434s] [34mcolcon.colcon_core.package_identification[0m [1;30mLevel 1[0m _identify(yolo_training/730newtraining/Taiwan Street Crossing.v3-extra-own-photos.yolov8/train/labels) by extensions ['ignore', 'ignore_ament_install']
[0.434s] [34mcolcon.colcon_core.package_identification[0m [1;30mLevel 1[0m _identify(yolo_training/730newtraining/Taiwan Street Crossing.v3-extra-own-photos.yolov8/train/labels) by extension 'ignore'
[0.434s] [34mcolcon.colcon_core.package_identification[0m [1;30mLevel 1[0m _identify(yolo_training/730newtraining/Taiwan Street Crossing.v3-extra-own-photos.yolov8/train/labels) by extension 'ignore_ament_install'
[0.434s] [34mcolcon.colcon_core.package_identification[0m [1;30mLevel 1[0m _identify(yolo_training/730newtraining/Taiwan Street Crossing.v3-extra-own-photos.yolov8/train/labels) by extensions ['colcon_pkg']
[0.434s] [34mcolcon.colcon_core.package_identification[0m [1;30mLevel 1[0m _identify(yolo_training/730newtraining/Taiwan Street Crossing.v3-extra-own-photos.yolov8/train/labels) by extension 'colcon_pkg'
[0.434s] [34mcolcon.colcon_core.package_identification[0m [1;30mLevel 1[0m _identify(yolo_training/730newtraining/Taiwan Street Crossing.v3-extra-own-photos.yolov8/train/labels) by extensions ['colcon_meta']
[0.434s] [34mcolcon.colcon_core.package_identification[0m [1;30mLevel 1[0m _identify(yolo_training/730newtraining/Taiwan Street Crossing.v3-extra-own-photos.yolov8/train/labels) by extension 'colcon_meta'
[0.434s] [34mcolcon.colcon_core.package_identification[0m [1;30mLevel 1[0m _identify(yolo_training/730newtraining/Taiwan Street Crossing.v3-extra-own-photos.yolov8/train/labels) by extensions ['ros']
[0.434s] [34mcolcon.colcon_core.package_identification[0m [1;30mLevel 1[0m _identify(yolo_training/730newtraining/Taiwan Street Crossing.v3-extra-own-photos.yolov8/train/labels) by extension 'ros'
[0.434s] [34mcolcon.colcon_core.package_identification[0m [1;30mLevel 1[0m _identify(yolo_training/730newtraining/Taiwan Street Crossing.v3-extra-own-photos.yolov8/train/labels) by extensions ['cmake', 'python']
[0.434s] [34mcolcon.colcon_core.package_identification[0m [1;30mLevel 1[0m _identify(yolo_training/730newtraining/Taiwan Street Crossing.v3-extra-own-photos.yolov8/train/labels) by extension 'cmake'
[0.434s] [34mcolcon.colcon_core.package_identification[0m [1;30mLevel 1[0m _identify(yolo_training/730newtraining/Taiwan Street Crossing.v3-extra-own-photos.yolov8/train/labels) by extension 'python'
[0.434s] [34mcolcon.colcon_core.package_identification[0m [1;30mLevel 1[0m _identify(yolo_training/730newtraining/Taiwan Street Crossing.v3-extra-own-photos.yolov8/train/labels) by extensions ['python_setup_py']
[0.434s] [34mcolcon.colcon_core.package_identification[0m [1;30mLevel 1[0m _identify(yolo_training/730newtraining/Taiwan Street Crossing.v3-extra-own-photos.yolov8/train/labels) by extension 'python_setup_py'
[0.434s] [34mcolcon.colcon_core.package_identification[0m [1;30mLevel 1[0m _identify(yolo_training/730newtraining/Taiwan Street Crossing.v3-extra-own-photos.yolov8/valid) by extensions ['ignore', 'ignore_ament_install']
[0.434s] [34mcolcon.colcon_core.package_identification[0m [1;30mLevel 1[0m _identify(yolo_training/730newtraining/Taiwan Street Crossing.v3-extra-own-photos.yolov8/valid) by extension 'ignore'
[0.434s] [34mcolcon.colcon_core.package_identification[0m [1;30mLevel 1[0m _identify(yolo_training/730newtraining/Taiwan Street Crossing.v3-extra-own-photos.yolov8/valid) by extension 'ignore_ament_install'
[0.434s] [34mcolcon.colcon_core.package_identification[0m [1;30mLevel 1[0m _identify(yolo_training/730newtraining/Taiwan Street Crossing.v3-extra-own-photos.yolov8/valid) by extensions ['colcon_pkg']
[0.434s] [34mcolcon.colcon_core.package_identification[0m [1;30mLevel 1[0m _identify(yolo_training/730newtraining/Taiwan Street Crossing.v3-extra-own-photos.yolov8/valid) by extension 'colcon_pkg'
[0.434s] [34mcolcon.colcon_core.package_identification[0m [1;30mLevel 1[0m _identify(yolo_training/730newtraining/Taiwan Street Crossing.v3-extra-own-photos.yolov8/valid) by extensions ['colcon_meta']
[0.434s] [34mcolcon.colcon_core.package_identification[0m [1;30mLevel 1[0m _identify(yolo_training/730newtraining/Taiwan Street Crossing.v3-extra-own-photos.yolov8/valid) by extension 'colcon_meta'
[0.434s] [34mcolcon.colcon_core.package_identification[0m [1;30mLevel 1[0m _identify(yolo_training/730newtraining/Taiwan Street Crossing.v3-extra-own-photos.yolov8/valid) by extensions ['ros']
[0.434s] [34mcolcon.colcon_core.package_identification[0m [1;30mLevel 1[0m _identify(yolo_training/730newtraining/Taiwan Street Crossing.v3-extra-own-photos.yolov8/valid) by extension 'ros'
[0.434s] [34mcolcon.colcon_core.package_identification[0m [1;30mLevel 1[0m _identify(yolo_training/730newtraining/Taiwan Street Crossing.v3-extra-own-photos.yolov8/valid) by extensions ['cmake', 'python']
[0.434s] [34mcolcon.colcon_core.package_identification[0m [1;30mLevel 1[0m _identify(yolo_training/730newtraining/Taiwan Street Crossing.v3-extra-own-photos.yolov8/valid) by extension 'cmake'
[0.434s] [34mcolcon.colcon_core.package_identification[0m [1;30mLevel 1[0m _identify(yolo_training/730newtraining/Taiwan Street Crossing.v3-extra-own-photos.yolov8/valid) by extension 'python'
[0.434s] [34mcolcon.colcon_core.package_identification[0m [1;30mLevel 1[0m _identify(yolo_training/730newtraining/Taiwan Street Crossing.v3-extra-own-photos.yolov8/valid) by extensions ['python_setup_py']
[0.434s] [34mcolcon.colcon_core.package_identification[0m [1;30mLevel 1[0m _identify(yolo_training/730newtraining/Taiwan Street Crossing.v3-extra-own-photos.yolov8/valid) by extension 'python_setup_py'
[0.435s] [34mcolcon.colcon_core.package_identification[0m [1;30mLevel 1[0m _identify(yolo_training/730newtraining/Taiwan Street Crossing.v3-extra-own-photos.yolov8/valid/images) by extensions ['ignore', 'ignore_ament_install']
[0.435s] [34mcolcon.colcon_core.package_identification[0m [1;30mLevel 1[0m _identify(yolo_training/730newtraining/Taiwan Street Crossing.v3-extra-own-photos.yolov8/valid/images) by extension 'ignore'
[0.435s] [34mcolcon.colcon_core.package_identification[0m [1;30mLevel 1[0m _identify(yolo_training/730newtraining/Taiwan Street Crossing.v3-extra-own-photos.yolov8/valid/images) by extension 'ignore_ament_install'
[0.435s] [34mcolcon.colcon_core.package_identification[0m [1;30mLevel 1[0m _identify(yolo_training/730newtraining/Taiwan Street Crossing.v3-extra-own-photos.yolov8/valid/images) by extensions ['colcon_pkg']
[0.435s] [34mcolcon.colcon_core.package_identification[0m [1;30mLevel 1[0m _identify(yolo_training/730newtraining/Taiwan Street Crossing.v3-extra-own-photos.yolov8/valid/images) by extension 'colcon_pkg'
[0.435s] [34mcolcon.colcon_core.package_identification[0m [1;30mLevel 1[0m _identify(yolo_training/730newtraining/Taiwan Street Crossing.v3-extra-own-photos.yolov8/valid/images) by extensions ['colcon_meta']
[0.435s] [34mcolcon.colcon_core.package_identification[0m [1;30mLevel 1[0m _identify(yolo_training/730newtraining/Taiwan Street Crossing.v3-extra-own-photos.yolov8/valid/images) by extension 'colcon_meta'
[0.435s] [34mcolcon.colcon_core.package_identification[0m [1;30mLevel 1[0m _identify(yolo_training/730newtraining/Taiwan Street Crossing.v3-extra-own-photos.yolov8/valid/images) by extensions ['ros']
[0.435s] [34mcolcon.colcon_core.package_identification[0m [1;30mLevel 1[0m _identify(yolo_training/730newtraining/Taiwan Street Crossing.v3-extra-own-photos.yolov8/valid/images) by extension 'ros'
[0.435s] [34mcolcon.colcon_core.package_identification[0m [1;30mLevel 1[0m _identify(yolo_training/730newtraining/Taiwan Street Crossing.v3-extra-own-photos.yolov8/valid/images) by extensions ['cmake', 'python']
[0.435s] [34mcolcon.colcon_core.package_identification[0m [1;30mLevel 1[0m _identify(yolo_training/730newtraining/Taiwan Street Crossing.v3-extra-own-photos.yolov8/valid/images) by extension 'cmake'
[0.435s] [34mcolcon.colcon_core.package_identification[0m [1;30mLevel 1[0m _identify(yolo_training/730newtraining/Taiwan Street Crossing.v3-extra-own-photos.yolov8/valid/images) by extension 'python'
[0.435s] [34mcolcon.colcon_core.package_identification[0m [1;30mLevel 1[0m _identify(yolo_training/730newtraining/Taiwan Street Crossing.v3-extra-own-photos.yolov8/valid/images) by extensions ['python_setup_py']
[0.435s] [34mcolcon.colcon_core.package_identification[0m [1;30mLevel 1[0m _identify(yolo_training/730newtraining/Taiwan Street Crossing.v3-extra-own-photos.yolov8/valid/images) by extension 'python_setup_py'
[0.435s] [34mcolcon.colcon_core.package_identification[0m [1;30mLevel 1[0m _identify(yolo_training/730newtraining/Taiwan Street Crossing.v3-extra-own-photos.yolov8/valid/labels) by extensions ['ignore', 'ignore_ament_install']
[0.435s] [34mcolcon.colcon_core.package_identification[0m [1;30mLevel 1[0m _identify(yolo_training/730newtraining/Taiwan Street Crossing.v3-extra-own-photos.yolov8/valid/labels) by extension 'ignore'
[0.435s] [34mcolcon.colcon_core.package_identification[0m [1;30mLevel 1[0m _identify(yolo_training/730newtraining/Taiwan Street Crossing.v3-extra-own-photos.yolov8/valid/labels) by extension 'ignore_ament_install'
[0.435s] [34mcolcon.colcon_core.package_identification[0m [1;30mLevel 1[0m _identify(yolo_training/730newtraining/Taiwan Street Crossing.v3-extra-own-photos.yolov8/valid/labels) by extensions ['colcon_pkg']
[0.435s] [34mcolcon.colcon_core.package_identification[0m [1;30mLevel 1[0m _identify(yolo_training/730newtraining/Taiwan Street Crossing.v3-extra-own-photos.yolov8/valid/labels) by extension 'colcon_pkg'
[0.435s] [34mcolcon.colcon_core.package_identification[0m [1;30mLevel 1[0m _identify(yolo_training/730newtraining/Taiwan Street Crossing.v3-extra-own-photos.yolov8/valid/labels) by extensions ['colcon_meta']
[0.435s] [34mcolcon.colcon_core.package_identification[0m [1;30mLevel 1[0m _identify(yolo_training/730newtraining/Taiwan Street Crossing.v3-extra-own-photos.yolov8/valid/labels) by extension 'colcon_meta'
[0.435s] [34mcolcon.colcon_core.package_identification[0m [1;30mLevel 1[0m _identify(yolo_training/730newtraining/Taiwan Street Crossing.v3-extra-own-photos.yolov8/valid/labels) by extensions ['ros']
[0.435s] [34mcolcon.colcon_core.package_identification[0m [1;30mLevel 1[0m _identify(yolo_training/730newtraining/Taiwan Street Crossing.v3-extra-own-photos.yolov8/valid/labels) by extension 'ros'
[0.435s] [34mcolcon.colcon_core.package_identification[0m [1;30mLevel 1[0m _identify(yolo_training/730newtraining/Taiwan Street Crossing.v3-extra-own-photos.yolov8/valid/labels) by extensions ['cmake', 'python']
[0.435s] [34mcolcon.colcon_core.package_identification[0m [1;30mLevel 1[0m _identify(yolo_training/730newtraining/Taiwan Street Crossing.v3-extra-own-photos.yolov8/valid/labels) by extension 'cmake'
[0.435s] [34mcolcon.colcon_core.package_identification[0m [1;30mLevel 1[0m _identify(yolo_training/730newtraining/Taiwan Street Crossing.v3-extra-own-photos.yolov8/valid/labels) by extension 'python'
[0.435s] [34mcolcon.colcon_core.package_identification[0m [1;30mLevel 1[0m _identify(yolo_training/730newtraining/Taiwan Street Crossing.v3-extra-own-photos.yolov8/valid/labels) by extensions ['python_setup_py']
[0.435s] [34mcolcon.colcon_core.package_identification[0m [1;30mLevel 1[0m _identify(yolo_training/730newtraining/Taiwan Street Crossing.v3-extra-own-photos.yolov8/valid/labels) by extension 'python_setup_py'
[0.435s] [34mcolcon.colcon_core.package_identification[0m [1;30mLevel 1[0m _identify(yolo_training/730newtraining/config) by extensions ['ignore', 'ignore_ament_install']
[0.435s] [34mcolcon.colcon_core.package_identification[0m [1;30mLevel 1[0m _identify(yolo_training/730newtraining/config) by extension 'ignore'
[0.435s] [34mcolcon.colcon_core.package_identification[0m [1;30mLevel 1[0m _identify(yolo_training/730newtraining/config) by extension 'ignore_ament_install'
[0.435s] [34mcolcon.colcon_core.package_identification[0m [1;30mLevel 1[0m _identify(yolo_training/730newtraining/config) by extensions ['colcon_pkg']
[0.435s] [34mcolcon.colcon_core.package_identification[0m [1;30mLevel 1[0m _identify(yolo_training/730newtraining/config) by extension 'colcon_pkg'
[0.435s] [34mcolcon.colcon_core.package_identification[0m [1;30mLevel 1[0m _identify(yolo_training/730newtraining/config) by extensions ['colcon_meta']
[0.435s] [34mcolcon.colcon_core.package_identification[0m [1;30mLevel 1[0m _identify(yolo_training/730newtraining/config) by extension 'colcon_meta'
[0.435s] [34mcolcon.colcon_core.package_identification[0m [1;30mLevel 1[0m _identify(yolo_training/730newtraining/config) by extensions ['ros']
[0.435s] [34mcolcon.colcon_core.package_identification[0m [1;30mLevel 1[0m _identify(yolo_training/730newtraining/config) by extension 'ros'
[0.435s] [34mcolcon.colcon_core.package_identification[0m [1;30mLevel 1[0m _identify(yolo_training/730newtraining/config) by extensions ['cmake', 'python']
[0.435s] [34mcolcon.colcon_core.package_identification[0m [1;30mLevel 1[0m _identify(yolo_training/730newtraining/config) by extension 'cmake'
[0.435s] [34mcolcon.colcon_core.package_identification[0m [1;30mLevel 1[0m _identify(yolo_training/730newtraining/config) by extension 'python'
[0.435s] [34mcolcon.colcon_core.package_identification[0m [1;30mLevel 1[0m _identify(yolo_training/730newtraining/config) by extensions ['python_setup_py']
[0.435s] [34mcolcon.colcon_core.package_identification[0m [1;30mLevel 1[0m _identify(yolo_training/730newtraining/config) by extension 'python_setup_py'
[0.436s] [34mcolcon.colcon_core.package_identification[0m [1;30mLevel 1[0m _identify(yolo_training/730newtraining/runs) by extensions ['ignore', 'ignore_ament_install']
[0.436s] [34mcolcon.colcon_core.package_identification[0m [1;30mLevel 1[0m _identify(yolo_training/730newtraining/runs) by extension 'ignore'
[0.436s] [34mcolcon.colcon_core.package_identification[0m [1;30mLevel 1[0m _identify(yolo_training/730newtraining/runs) by extension 'ignore_ament_install'
[0.436s] [34mcolcon.colcon_core.package_identification[0m [1;30mLevel 1[0m _identify(yolo_training/730newtraining/runs) by extensions ['colcon_pkg']
[0.436s] [34mcolcon.colcon_core.package_identification[0m [1;30mLevel 1[0m _identify(yolo_training/730newtraining/runs) by extension 'colcon_pkg'
[0.436s] [34mcolcon.colcon_core.package_identification[0m [1;30mLevel 1[0m _identify(yolo_training/730newtraining/runs) by extensions ['colcon_meta']
[0.436s] [34mcolcon.colcon_core.package_identification[0m [1;30mLevel 1[0m _identify(yolo_training/730newtraining/runs) by extension 'colcon_meta'
[0.436s] [34mcolcon.colcon_core.package_identification[0m [1;30mLevel 1[0m _identify(yolo_training/730newtraining/runs) by extensions ['ros']
[0.436s] [34mcolcon.colcon_core.package_identification[0m [1;30mLevel 1[0m _identify(yolo_training/730newtraining/runs) by extension 'ros'
[0.436s] [34mcolcon.colcon_core.package_identification[0m [1;30mLevel 1[0m _identify(yolo_training/730newtraining/runs) by extensions ['cmake', 'python']
[0.436s] [34mcolcon.colcon_core.package_identification[0m [1;30mLevel 1[0m _identify(yolo_training/730newtraining/runs) by extension 'cmake'
[0.436s] [34mcolcon.colcon_core.package_identification[0m [1;30mLevel 1[0m _identify(yolo_training/730newtraining/runs) by extension 'python'
[0.436s] [34mcolcon.colcon_core.package_identification[0m [1;30mLevel 1[0m _identify(yolo_training/730newtraining/runs) by extensions ['python_setup_py']
[0.436s] [34mcolcon.colcon_core.package_identification[0m [1;30mLevel 1[0m _identify(yolo_training/730newtraining/runs) by extension 'python_setup_py'
[0.436s] [34mcolcon.colcon_core.package_identification[0m [1;30mLevel 1[0m _identify(yolo_training/730newtraining/scripts) by extensions ['ignore', 'ignore_ament_install']
[0.436s] [34mcolcon.colcon_core.package_identification[0m [1;30mLevel 1[0m _identify(yolo_training/730newtraining/scripts) by extension 'ignore'
[0.436s] [34mcolcon.colcon_core.package_identification[0m [1;30mLevel 1[0m _identify(yolo_training/730newtraining/scripts) by extension 'ignore_ament_install'
[0.436s] [34mcolcon.colcon_core.package_identification[0m [1;30mLevel 1[0m _identify(yolo_training/730newtraining/scripts) by extensions ['colcon_pkg']
[0.436s] [34mcolcon.colcon_core.package_identification[0m [1;30mLevel 1[0m _identify(yolo_training/730newtraining/scripts) by extension 'colcon_pkg'
[0.436s] [34mcolcon.colcon_core.package_identification[0m [1;30mLevel 1[0m _identify(yolo_training/730newtraining/scripts) by extensions ['colcon_meta']
[0.436s] [34mcolcon.colcon_core.package_identification[0m [1;30mLevel 1[0m _identify(yolo_training/730newtraining/scripts) by extension 'colcon_meta'
[0.436s] [34mcolcon.colcon_core.package_identification[0m [1;30mLevel 1[0m _identify(yolo_training/730newtraining/scripts) by extensions ['ros']
[0.436s] [34mcolcon.colcon_core.package_identification[0m [1;30mLevel 1[0m _identify(yolo_training/730newtraining/scripts) by extension 'ros'
[0.436s] [34mcolcon.colcon_core.package_identification[0m [1;30mLevel 1[0m _identify(yolo_training/730newtraining/scripts) by extensions ['cmake', 'python']
[0.436s] [34mcolcon.colcon_core.package_identification[0m [1;30mLevel 1[0m _identify(yolo_training/730newtraining/scripts) by extension 'cmake'
[0.436s] [34mcolcon.colcon_core.package_identification[0m [1;30mLevel 1[0m _identify(yolo_training/730newtraining/scripts) by extension 'python'
[0.436s] [34mcolcon.colcon_core.package_identification[0m [1;30mLevel 1[0m _identify(yolo_training/730newtraining/scripts) by extensions ['python_setup_py']
[0.436s] [34mcolcon.colcon_core.package_identification[0m [1;30mLevel 1[0m _identify(yolo_training/730newtraining/scripts) by extension 'python_setup_py'
[0.436s] [34mcolcon.colcon_core.package_identification[0m [1;30mLevel 1[0m _identify(yolo_training/730newtraining/scripts/taiwan_v3_enhanced_training) by extensions ['ignore', 'ignore_ament_install']
[0.436s] [34mcolcon.colcon_core.package_identification[0m [1;30mLevel 1[0m _identify(yolo_training/730newtraining/scripts/taiwan_v3_enhanced_training) by extension 'ignore'
[0.436s] [34mcolcon.colcon_core.package_identification[0m [1;30mLevel 1[0m _identify(yolo_training/730newtraining/scripts/taiwan_v3_enhanced_training) by extension 'ignore_ament_install'
[0.436s] [34mcolcon.colcon_core.package_identification[0m [1;30mLevel 1[0m _identify(yolo_training/730newtraining/scripts/taiwan_v3_enhanced_training) by extensions ['colcon_pkg']
[0.436s] [34mcolcon.colcon_core.package_identification[0m [1;30mLevel 1[0m _identify(yolo_training/730newtraining/scripts/taiwan_v3_enhanced_training) by extension 'colcon_pkg'
[0.436s] [34mcolcon.colcon_core.package_identification[0m [1;30mLevel 1[0m _identify(yolo_training/730newtraining/scripts/taiwan_v3_enhanced_training) by extensions ['colcon_meta']
[0.436s] [34mcolcon.colcon_core.package_identification[0m [1;30mLevel 1[0m _identify(yolo_training/730newtraining/scripts/taiwan_v3_enhanced_training) by extension 'colcon_meta'
[0.436s] [34mcolcon.colcon_core.package_identification[0m [1;30mLevel 1[0m _identify(yolo_training/730newtraining/scripts/taiwan_v3_enhanced_training) by extensions ['ros']
[0.436s] [34mcolcon.colcon_core.package_identification[0m [1;30mLevel 1[0m _identify(yolo_training/730newtraining/scripts/taiwan_v3_enhanced_training) by extension 'ros'
[0.436s] [34mcolcon.colcon_core.package_identification[0m [1;30mLevel 1[0m _identify(yolo_training/730newtraining/scripts/taiwan_v3_enhanced_training) by extensions ['cmake', 'python']
[0.436s] [34mcolcon.colcon_core.package_identification[0m [1;30mLevel 1[0m _identify(yolo_training/730newtraining/scripts/taiwan_v3_enhanced_training) by extension 'cmake'
[0.436s] [34mcolcon.colcon_core.package_identification[0m [1;30mLevel 1[0m _identify(yolo_training/730newtraining/scripts/taiwan_v3_enhanced_training) by extension 'python'
[0.436s] [34mcolcon.colcon_core.package_identification[0m [1;30mLevel 1[0m _identify(yolo_training/730newtraining/scripts/taiwan_v3_enhanced_training) by extensions ['python_setup_py']
[0.437s] [34mcolcon.colcon_core.package_identification[0m [1;30mLevel 1[0m _identify(yolo_training/730newtraining/scripts/taiwan_v3_enhanced_training) by extension 'python_setup_py'
[0.437s] [34mcolcon.colcon_core.package_identification[0m [1;30mLevel 1[0m _identify(yolo_training/730newtraining/scripts/taiwan_v3_enhanced_training/enhanced_spatial_classification) by extensions ['ignore', 'ignore_ament_install']
[0.437s] [34mcolcon.colcon_core.package_identification[0m [1;30mLevel 1[0m _identify(yolo_training/730newtraining/scripts/taiwan_v3_enhanced_training/enhanced_spatial_classification) by extension 'ignore'
[0.437s] [34mcolcon.colcon_core.package_identification[0m [1;30mLevel 1[0m _identify(yolo_training/730newtraining/scripts/taiwan_v3_enhanced_training/enhanced_spatial_classification) by extension 'ignore_ament_install'
[0.437s] [34mcolcon.colcon_core.package_identification[0m [1;30mLevel 1[0m _identify(yolo_training/730newtraining/scripts/taiwan_v3_enhanced_training/enhanced_spatial_classification) by extensions ['colcon_pkg']
[0.437s] [34mcolcon.colcon_core.package_identification[0m [1;30mLevel 1[0m _identify(yolo_training/730newtraining/scripts/taiwan_v3_enhanced_training/enhanced_spatial_classification) by extension 'colcon_pkg'
[0.437s] [34mcolcon.colcon_core.package_identification[0m [1;30mLevel 1[0m _identify(yolo_training/730newtraining/scripts/taiwan_v3_enhanced_training/enhanced_spatial_classification) by extensions ['colcon_meta']
[0.437s] [34mcolcon.colcon_core.package_identification[0m [1;30mLevel 1[0m _identify(yolo_training/730newtraining/scripts/taiwan_v3_enhanced_training/enhanced_spatial_classification) by extension 'colcon_meta'
[0.437s] [34mcolcon.colcon_core.package_identification[0m [1;30mLevel 1[0m _identify(yolo_training/730newtraining/scripts/taiwan_v3_enhanced_training/enhanced_spatial_classification) by extensions ['ros']
[0.437s] [34mcolcon.colcon_core.package_identification[0m [1;30mLevel 1[0m _identify(yolo_training/730newtraining/scripts/taiwan_v3_enhanced_training/enhanced_spatial_classification) by extension 'ros'
[0.437s] [34mcolcon.colcon_core.package_identification[0m [1;30mLevel 1[0m _identify(yolo_training/730newtraining/scripts/taiwan_v3_enhanced_training/enhanced_spatial_classification) by extensions ['cmake', 'python']
[0.437s] [34mcolcon.colcon_core.package_identification[0m [1;30mLevel 1[0m _identify(yolo_training/730newtraining/scripts/taiwan_v3_enhanced_training/enhanced_spatial_classification) by extension 'cmake'
[0.437s] [34mcolcon.colcon_core.package_identification[0m [1;30mLevel 1[0m _identify(yolo_training/730newtraining/scripts/taiwan_v3_enhanced_training/enhanced_spatial_classification) by extension 'python'
[0.437s] [34mcolcon.colcon_core.package_identification[0m [1;30mLevel 1[0m _identify(yolo_training/730newtraining/scripts/taiwan_v3_enhanced_training/enhanced_spatial_classification) by extensions ['python_setup_py']
[0.437s] [34mcolcon.colcon_core.package_identification[0m [1;30mLevel 1[0m _identify(yolo_training/730newtraining/scripts/taiwan_v3_enhanced_training/enhanced_spatial_classification) by extension 'python_setup_py'
[0.437s] [34mcolcon.colcon_core.package_identification[0m [1;30mLevel 1[0m _identify(yolo_training/730newtraining/scripts/taiwan_v3_enhanced_training/enhanced_spatial_classification/weights) by extensions ['ignore', 'ignore_ament_install']
[0.437s] [34mcolcon.colcon_core.package_identification[0m [1;30mLevel 1[0m _identify(yolo_training/730newtraining/scripts/taiwan_v3_enhanced_training/enhanced_spatial_classification/weights) by extension 'ignore'
[0.437s] [34mcolcon.colcon_core.package_identification[0m [1;30mLevel 1[0m _identify(yolo_training/730newtraining/scripts/taiwan_v3_enhanced_training/enhanced_spatial_classification/weights) by extension 'ignore_ament_install'
[0.437s] [34mcolcon.colcon_core.package_identification[0m [1;30mLevel 1[0m _identify(yolo_training/730newtraining/scripts/taiwan_v3_enhanced_training/enhanced_spatial_classification/weights) by extensions ['colcon_pkg']
[0.437s] [34mcolcon.colcon_core.package_identification[0m [1;30mLevel 1[0m _identify(yolo_training/730newtraining/scripts/taiwan_v3_enhanced_training/enhanced_spatial_classification/weights) by extension 'colcon_pkg'
[0.437s] [34mcolcon.colcon_core.package_identification[0m [1;30mLevel 1[0m _identify(yolo_training/730newtraining/scripts/taiwan_v3_enhanced_training/enhanced_spatial_classification/weights) by extensions ['colcon_meta']
[0.437s] [34mcolcon.colcon_core.package_identification[0m [1;30mLevel 1[0m _identify(yolo_training/730newtraining/scripts/taiwan_v3_enhanced_training/enhanced_spatial_classification/weights) by extension 'colcon_meta'
[0.437s] [34mcolcon.colcon_core.package_identification[0m [1;30mLevel 1[0m _identify(yolo_training/730newtraining/scripts/taiwan_v3_enhanced_training/enhanced_spatial_classification/weights) by extensions ['ros']
[0.437s] [34mcolcon.colcon_core.package_identification[0m [1;30mLevel 1[0m _identify(yolo_training/730newtraining/scripts/taiwan_v3_enhanced_training/enhanced_spatial_classification/weights) by extension 'ros'
[0.437s] [34mcolcon.colcon_core.package_identification[0m [1;30mLevel 1[0m _identify(yolo_training/730newtraining/scripts/taiwan_v3_enhanced_training/enhanced_spatial_classification/weights) by extensions ['cmake', 'python']
[0.437s] [34mcolcon.colcon_core.package_identification[0m [1;30mLevel 1[0m _identify(yolo_training/730newtraining/scripts/taiwan_v3_enhanced_training/enhanced_spatial_classification/weights) by extension 'cmake'
[0.437s] [34mcolcon.colcon_core.package_identification[0m [1;30mLevel 1[0m _identify(yolo_training/730newtraining/scripts/taiwan_v3_enhanced_training/enhanced_spatial_classification/weights) by extension 'python'
[0.437s] [34mcolcon.colcon_core.package_identification[0m [1;30mLevel 1[0m _identify(yolo_training/730newtraining/scripts/taiwan_v3_enhanced_training/enhanced_spatial_classification/weights) by extensions ['python_setup_py']
[0.437s] [34mcolcon.colcon_core.package_identification[0m [1;30mLevel 1[0m _identify(yolo_training/730newtraining/scripts/taiwan_v3_enhanced_training/enhanced_spatial_classification/weights) by extension 'python_setup_py'
[0.437s] [34mcolcon.colcon_core.package_identification[0m [1;30mLevel 1[0m _identify(yolo_training/bdd100k_yolov8) by extensions ['ignore', 'ignore_ament_install']
[0.437s] [34mcolcon.colcon_core.package_identification[0m [1;30mLevel 1[0m _identify(yolo_training/bdd100k_yolov8) by extension 'ignore'
[0.437s] [34mcolcon.colcon_core.package_identification[0m [1;30mLevel 1[0m _identify(yolo_training/bdd100k_yolov8) by extension 'ignore_ament_install'
[0.437s] [34mcolcon.colcon_core.package_identification[0m [1;30mLevel 1[0m _identify(yolo_training/bdd100k_yolov8) by extensions ['colcon_pkg']
[0.437s] [34mcolcon.colcon_core.package_identification[0m [1;30mLevel 1[0m _identify(yolo_training/bdd100k_yolov8) by extension 'colcon_pkg'
[0.437s] [34mcolcon.colcon_core.package_identification[0m [1;30mLevel 1[0m _identify(yolo_training/bdd100k_yolov8) by extensions ['colcon_meta']
[0.437s] [34mcolcon.colcon_core.package_identification[0m [1;30mLevel 1[0m _identify(yolo_training/bdd100k_yolov8) by extension 'colcon_meta'
[0.437s] [34mcolcon.colcon_core.package_identification[0m [1;30mLevel 1[0m _identify(yolo_training/bdd100k_yolov8) by extensions ['ros']
[0.437s] [34mcolcon.colcon_core.package_identification[0m [1;30mLevel 1[0m _identify(yolo_training/bdd100k_yolov8) by extension 'ros'
[0.438s] [34mcolcon.colcon_core.package_identification[0m [1;30mLevel 1[0m _identify(yolo_training/bdd100k_yolov8) by extensions ['cmake', 'python']
[0.438s] [34mcolcon.colcon_core.package_identification[0m [1;30mLevel 1[0m _identify(yolo_training/bdd100k_yolov8) by extension 'cmake'
[0.438s] [34mcolcon.colcon_core.package_identification[0m [1;30mLevel 1[0m _identify(yolo_training/bdd100k_yolov8) by extension 'python'
[0.438s] [34mcolcon.colcon_core.package_identification[0m [1;30mLevel 1[0m _identify(yolo_training/bdd100k_yolov8) by extensions ['python_setup_py']
[0.438s] [34mcolcon.colcon_core.package_identification[0m [1;30mLevel 1[0m _identify(yolo_training/bdd100k_yolov8) by extension 'python_setup_py'
[0.438s] [34mcolcon.colcon_core.package_identification[0m [1;30mLevel 1[0m _identify(yolo_training/bdd100k_yolov8/weights) by extensions ['ignore', 'ignore_ament_install']
[0.438s] [34mcolcon.colcon_core.package_identification[0m [1;30mLevel 1[0m _identify(yolo_training/bdd100k_yolov8/weights) by extension 'ignore'
[0.438s] [34mcolcon.colcon_core.package_identification[0m [1;30mLevel 1[0m _identify(yolo_training/bdd100k_yolov8/weights) by extension 'ignore_ament_install'
[0.438s] [34mcolcon.colcon_core.package_identification[0m [1;30mLevel 1[0m _identify(yolo_training/bdd100k_yolov8/weights) by extensions ['colcon_pkg']
[0.438s] [34mcolcon.colcon_core.package_identification[0m [1;30mLevel 1[0m _identify(yolo_training/bdd100k_yolov8/weights) by extension 'colcon_pkg'
[0.438s] [34mcolcon.colcon_core.package_identification[0m [1;30mLevel 1[0m _identify(yolo_training/bdd100k_yolov8/weights) by extensions ['colcon_meta']
[0.438s] [34mcolcon.colcon_core.package_identification[0m [1;30mLevel 1[0m _identify(yolo_training/bdd100k_yolov8/weights) by extension 'colcon_meta'
[0.438s] [34mcolcon.colcon_core.package_identification[0m [1;30mLevel 1[0m _identify(yolo_training/bdd100k_yolov8/weights) by extensions ['ros']
[0.438s] [34mcolcon.colcon_core.package_identification[0m [1;30mLevel 1[0m _identify(yolo_training/bdd100k_yolov8/weights) by extension 'ros'
[0.438s] [34mcolcon.colcon_core.package_identification[0m [1;30mLevel 1[0m _identify(yolo_training/bdd100k_yolov8/weights) by extensions ['cmake', 'python']
[0.438s] [34mcolcon.colcon_core.package_identification[0m [1;30mLevel 1[0m _identify(yolo_training/bdd100k_yolov8/weights) by extension 'cmake'
[0.438s] [34mcolcon.colcon_core.package_identification[0m [1;30mLevel 1[0m _identify(yolo_training/bdd100k_yolov8/weights) by extension 'python'
[0.438s] [34mcolcon.colcon_core.package_identification[0m [1;30mLevel 1[0m _identify(yolo_training/bdd100k_yolov8/weights) by extensions ['python_setup_py']
[0.438s] [34mcolcon.colcon_core.package_identification[0m [1;30mLevel 1[0m _identify(yolo_training/bdd100k_yolov8/weights) by extension 'python_setup_py'
[0.438s] [34mcolcon.colcon_core.package_identification[0m [1;30mLevel 1[0m _identify(yolo_training/old_training) by extensions ['ignore', 'ignore_ament_install']
[0.438s] [34mcolcon.colcon_core.package_identification[0m [1;30mLevel 1[0m _identify(yolo_training/old_training) by extension 'ignore'
[0.438s] [34mcolcon.colcon_core.package_identification[0m [1;30mLevel 1[0m _identify(yolo_training/old_training) by extension 'ignore_ament_install'
[0.438s] [34mcolcon.colcon_core.package_identification[0m [1;30mLevel 1[0m _identify(yolo_training/old_training) by extensions ['colcon_pkg']
[0.438s] [34mcolcon.colcon_core.package_identification[0m [1;30mLevel 1[0m _identify(yolo_training/old_training) by extension 'colcon_pkg'
[0.438s] [34mcolcon.colcon_core.package_identification[0m [1;30mLevel 1[0m _identify(yolo_training/old_training) by extensions ['colcon_meta']
[0.438s] [34mcolcon.colcon_core.package_identification[0m [1;30mLevel 1[0m _identify(yolo_training/old_training) by extension 'colcon_meta'
[0.438s] [34mcolcon.colcon_core.package_identification[0m [1;30mLevel 1[0m _identify(yolo_training/old_training) by extensions ['ros']
[0.438s] [34mcolcon.colcon_core.package_identification[0m [1;30mLevel 1[0m _identify(yolo_training/old_training) by extension 'ros'
[0.438s] [34mcolcon.colcon_core.package_identification[0m [1;30mLevel 1[0m _identify(yolo_training/old_training) by extensions ['cmake', 'python']
[0.438s] [34mcolcon.colcon_core.package_identification[0m [1;30mLevel 1[0m _identify(yolo_training/old_training) by extension 'cmake'
[0.438s] [34mcolcon.colcon_core.package_identification[0m [1;30mLevel 1[0m _identify(yolo_training/old_training) by extension 'python'
[0.438s] [34mcolcon.colcon_core.package_identification[0m [1;30mLevel 1[0m _identify(yolo_training/old_training) by extensions ['python_setup_py']
[0.438s] [34mcolcon.colcon_core.package_identification[0m [1;30mLevel 1[0m _identify(yolo_training/old_training) by extension 'python_setup_py'
[0.438s] [34mcolcon.colcon_core.package_identification[0m [1;30mLevel 1[0m _identify(yolo_training/old_training/config) by extensions ['ignore', 'ignore_ament_install']
[0.438s] [34mcolcon.colcon_core.package_identification[0m [1;30mLevel 1[0m _identify(yolo_training/old_training/config) by extension 'ignore'
[0.438s] [34mcolcon.colcon_core.package_identification[0m [1;30mLevel 1[0m _identify(yolo_training/old_training/config) by extension 'ignore_ament_install'
[0.438s] [34mcolcon.colcon_core.package_identification[0m [1;30mLevel 1[0m _identify(yolo_training/old_training/config) by extensions ['colcon_pkg']
[0.438s] [34mcolcon.colcon_core.package_identification[0m [1;30mLevel 1[0m _identify(yolo_training/old_training/config) by extension 'colcon_pkg'
[0.438s] [34mcolcon.colcon_core.package_identification[0m [1;30mLevel 1[0m _identify(yolo_training/old_training/config) by extensions ['colcon_meta']
[0.438s] [34mcolcon.colcon_core.package_identification[0m [1;30mLevel 1[0m _identify(yolo_training/old_training/config) by extension 'colcon_meta'
[0.438s] [34mcolcon.colcon_core.package_identification[0m [1;30mLevel 1[0m _identify(yolo_training/old_training/config) by extensions ['ros']
[0.438s] [34mcolcon.colcon_core.package_identification[0m [1;30mLevel 1[0m _identify(yolo_training/old_training/config) by extension 'ros'
[0.439s] [34mcolcon.colcon_core.package_identification[0m [1;30mLevel 1[0m _identify(yolo_training/old_training/config) by extensions ['cmake', 'python']
[0.439s] [34mcolcon.colcon_core.package_identification[0m [1;30mLevel 1[0m _identify(yolo_training/old_training/config) by extension 'cmake'
[0.439s] [34mcolcon.colcon_core.package_identification[0m [1;30mLevel 1[0m _identify(yolo_training/old_training/config) by extension 'python'
[0.439s] [34mcolcon.colcon_core.package_identification[0m [1;30mLevel 1[0m _identify(yolo_training/old_training/config) by extensions ['python_setup_py']
[0.439s] [34mcolcon.colcon_core.package_identification[0m [1;30mLevel 1[0m _identify(yolo_training/old_training/config) by extension 'python_setup_py'
[0.439s] [34mcolcon.colcon_core.package_identification[0m [1;30mLevel 1[0m _identify(yolo_training/old_training/data) by extensions ['ignore', 'ignore_ament_install']
[0.439s] [34mcolcon.colcon_core.package_identification[0m [1;30mLevel 1[0m _identify(yolo_training/old_training/data) by extension 'ignore'
[0.439s] [34mcolcon.colcon_core.package_identification[0m [1;30mLevel 1[0m _identify(yolo_training/old_training/data) by extension 'ignore_ament_install'
[0.439s] [34mcolcon.colcon_core.package_identification[0m [1;30mLevel 1[0m _identify(yolo_training/old_training/data) by extensions ['colcon_pkg']
[0.439s] [34mcolcon.colcon_core.package_identification[0m [1;30mLevel 1[0m _identify(yolo_training/old_training/data) by extension 'colcon_pkg'
[0.439s] [34mcolcon.colcon_core.package_identification[0m [1;30mLevel 1[0m _identify(yolo_training/old_training/data) by extensions ['colcon_meta']
[0.439s] [34mcolcon.colcon_core.package_identification[0m [1;30mLevel 1[0m _identify(yolo_training/old_training/data) by extension 'colcon_meta'
[0.439s] [34mcolcon.colcon_core.package_identification[0m [1;30mLevel 1[0m _identify(yolo_training/old_training/data) by extensions ['ros']
[0.439s] [34mcolcon.colcon_core.package_identification[0m [1;30mLevel 1[0m _identify(yolo_training/old_training/data) by extension 'ros'
[0.439s] [34mcolcon.colcon_core.package_identification[0m [1;30mLevel 1[0m _identify(yolo_training/old_training/data) by extensions ['cmake', 'python']
[0.439s] [34mcolcon.colcon_core.package_identification[0m [1;30mLevel 1[0m _identify(yolo_training/old_training/data) by extension 'cmake'
[0.439s] [34mcolcon.colcon_core.package_identification[0m [1;30mLevel 1[0m _identify(yolo_training/old_training/data) by extension 'python'
[0.439s] [34mcolcon.colcon_core.package_identification[0m [1;30mLevel 1[0m _identify(yolo_training/old_training/data) by extensions ['python_setup_py']
[0.439s] [34mcolcon.colcon_core.package_identification[0m [1;30mLevel 1[0m _identify(yolo_training/old_training/data) by extension 'python_setup_py'
[0.439s] [34mcolcon.colcon_core.package_identification[0m [1;30mLevel 1[0m _identify(yolo_training/old_training/data/taiwan_traffic_dataset) by extensions ['ignore', 'ignore_ament_install']
[0.439s] [34mcolcon.colcon_core.package_identification[0m [1;30mLevel 1[0m _identify(yolo_training/old_training/data/taiwan_traffic_dataset) by extension 'ignore'
[0.439s] [34mcolcon.colcon_core.package_identification[0m [1;30mLevel 1[0m _identify(yolo_training/old_training/data/taiwan_traffic_dataset) by extension 'ignore_ament_install'
[0.439s] [34mcolcon.colcon_core.package_identification[0m [1;30mLevel 1[0m _identify(yolo_training/old_training/data/taiwan_traffic_dataset) by extensions ['colcon_pkg']
[0.439s] [34mcolcon.colcon_core.package_identification[0m [1;30mLevel 1[0m _identify(yolo_training/old_training/data/taiwan_traffic_dataset) by extension 'colcon_pkg'
[0.439s] [34mcolcon.colcon_core.package_identification[0m [1;30mLevel 1[0m _identify(yolo_training/old_training/data/taiwan_traffic_dataset) by extensions ['colcon_meta']
[0.439s] [34mcolcon.colcon_core.package_identification[0m [1;30mLevel 1[0m _identify(yolo_training/old_training/data/taiwan_traffic_dataset) by extension 'colcon_meta'
[0.439s] [34mcolcon.colcon_core.package_identification[0m [1;30mLevel 1[0m _identify(yolo_training/old_training/data/taiwan_traffic_dataset) by extensions ['ros']
[0.439s] [34mcolcon.colcon_core.package_identification[0m [1;30mLevel 1[0m _identify(yolo_training/old_training/data/taiwan_traffic_dataset) by extension 'ros'
[0.439s] [34mcolcon.colcon_core.package_identification[0m [1;30mLevel 1[0m _identify(yolo_training/old_training/data/taiwan_traffic_dataset) by extensions ['cmake', 'python']
[0.439s] [34mcolcon.colcon_core.package_identification[0m [1;30mLevel 1[0m _identify(yolo_training/old_training/data/taiwan_traffic_dataset) by extension 'cmake'
[0.439s] [34mcolcon.colcon_core.package_identification[0m [1;30mLevel 1[0m _identify(yolo_training/old_training/data/taiwan_traffic_dataset) by extension 'python'
[0.439s] [34mcolcon.colcon_core.package_identification[0m [1;30mLevel 1[0m _identify(yolo_training/old_training/data/taiwan_traffic_dataset) by extensions ['python_setup_py']
[0.439s] [34mcolcon.colcon_core.package_identification[0m [1;30mLevel 1[0m _identify(yolo_training/old_training/data/taiwan_traffic_dataset) by extension 'python_setup_py'
[0.439s] [34mcolcon.colcon_core.package_identification[0m [1;30mLevel 1[0m _identify(yolo_training/old_training/data/taiwan_traffic_dataset/test) by extensions ['ignore', 'ignore_ament_install']
[0.439s] [34mcolcon.colcon_core.package_identification[0m [1;30mLevel 1[0m _identify(yolo_training/old_training/data/taiwan_traffic_dataset/test) by extension 'ignore'
[0.439s] [34mcolcon.colcon_core.package_identification[0m [1;30mLevel 1[0m _identify(yolo_training/old_training/data/taiwan_traffic_dataset/test) by extension 'ignore_ament_install'
[0.439s] [34mcolcon.colcon_core.package_identification[0m [1;30mLevel 1[0m _identify(yolo_training/old_training/data/taiwan_traffic_dataset/test) by extensions ['colcon_pkg']
[0.439s] [34mcolcon.colcon_core.package_identification[0m [1;30mLevel 1[0m _identify(yolo_training/old_training/data/taiwan_traffic_dataset/test) by extension 'colcon_pkg'
[0.439s] [34mcolcon.colcon_core.package_identification[0m [1;30mLevel 1[0m _identify(yolo_training/old_training/data/taiwan_traffic_dataset/test) by extensions ['colcon_meta']
[0.439s] [34mcolcon.colcon_core.package_identification[0m [1;30mLevel 1[0m _identify(yolo_training/old_training/data/taiwan_traffic_dataset/test) by extension 'colcon_meta'
[0.440s] [34mcolcon.colcon_core.package_identification[0m [1;30mLevel 1[0m _identify(yolo_training/old_training/data/taiwan_traffic_dataset/test) by extensions ['ros']
[0.440s] [34mcolcon.colcon_core.package_identification[0m [1;30mLevel 1[0m _identify(yolo_training/old_training/data/taiwan_traffic_dataset/test) by extension 'ros'
[0.440s] [34mcolcon.colcon_core.package_identification[0m [1;30mLevel 1[0m _identify(yolo_training/old_training/data/taiwan_traffic_dataset/test) by extensions ['cmake', 'python']
[0.440s] [34mcolcon.colcon_core.package_identification[0m [1;30mLevel 1[0m _identify(yolo_training/old_training/data/taiwan_traffic_dataset/test) by extension 'cmake'
[0.440s] [34mcolcon.colcon_core.package_identification[0m [1;30mLevel 1[0m _identify(yolo_training/old_training/data/taiwan_traffic_dataset/test) by extension 'python'
[0.440s] [34mcolcon.colcon_core.package_identification[0m [1;30mLevel 1[0m _identify(yolo_training/old_training/data/taiwan_traffic_dataset/test) by extensions ['python_setup_py']
[0.440s] [34mcolcon.colcon_core.package_identification[0m [1;30mLevel 1[0m _identify(yolo_training/old_training/data/taiwan_traffic_dataset/test) by extension 'python_setup_py'
[0.440s] [34mcolcon.colcon_core.package_identification[0m [1;30mLevel 1[0m _identify(yolo_training/old_training/data/taiwan_traffic_dataset/test/images) by extensions ['ignore', 'ignore_ament_install']
[0.440s] [34mcolcon.colcon_core.package_identification[0m [1;30mLevel 1[0m _identify(yolo_training/old_training/data/taiwan_traffic_dataset/test/images) by extension 'ignore'
[0.440s] [34mcolcon.colcon_core.package_identification[0m [1;30mLevel 1[0m _identify(yolo_training/old_training/data/taiwan_traffic_dataset/test/images) by extension 'ignore_ament_install'
[0.440s] [34mcolcon.colcon_core.package_identification[0m [1;30mLevel 1[0m _identify(yolo_training/old_training/data/taiwan_traffic_dataset/test/images) by extensions ['colcon_pkg']
[0.440s] [34mcolcon.colcon_core.package_identification[0m [1;30mLevel 1[0m _identify(yolo_training/old_training/data/taiwan_traffic_dataset/test/images) by extension 'colcon_pkg'
[0.440s] [34mcolcon.colcon_core.package_identification[0m [1;30mLevel 1[0m _identify(yolo_training/old_training/data/taiwan_traffic_dataset/test/images) by extensions ['colcon_meta']
[0.440s] [34mcolcon.colcon_core.package_identification[0m [1;30mLevel 1[0m _identify(yolo_training/old_training/data/taiwan_traffic_dataset/test/images) by extension 'colcon_meta'
[0.440s] [34mcolcon.colcon_core.package_identification[0m [1;30mLevel 1[0m _identify(yolo_training/old_training/data/taiwan_traffic_dataset/test/images) by extensions ['ros']
[0.440s] [34mcolcon.colcon_core.package_identification[0m [1;30mLevel 1[0m _identify(yolo_training/old_training/data/taiwan_traffic_dataset/test/images) by extension 'ros'
[0.440s] [34mcolcon.colcon_core.package_identification[0m [1;30mLevel 1[0m _identify(yolo_training/old_training/data/taiwan_traffic_dataset/test/images) by extensions ['cmake', 'python']
[0.440s] [34mcolcon.colcon_core.package_identification[0m [1;30mLevel 1[0m _identify(yolo_training/old_training/data/taiwan_traffic_dataset/test/images) by extension 'cmake'
[0.440s] [34mcolcon.colcon_core.package_identification[0m [1;30mLevel 1[0m _identify(yolo_training/old_training/data/taiwan_traffic_dataset/test/images) by extension 'python'
[0.440s] [34mcolcon.colcon_core.package_identification[0m [1;30mLevel 1[0m _identify(yolo_training/old_training/data/taiwan_traffic_dataset/test/images) by extensions ['python_setup_py']
[0.440s] [34mcolcon.colcon_core.package_identification[0m [1;30mLevel 1[0m _identify(yolo_training/old_training/data/taiwan_traffic_dataset/test/images) by extension 'python_setup_py'
[0.440s] [34mcolcon.colcon_core.package_identification[0m [1;30mLevel 1[0m _identify(yolo_training/old_training/data/taiwan_traffic_dataset/test/labels) by extensions ['ignore', 'ignore_ament_install']
[0.440s] [34mcolcon.colcon_core.package_identification[0m [1;30mLevel 1[0m _identify(yolo_training/old_training/data/taiwan_traffic_dataset/test/labels) by extension 'ignore'
[0.440s] [34mcolcon.colcon_core.package_identification[0m [1;30mLevel 1[0m _identify(yolo_training/old_training/data/taiwan_traffic_dataset/test/labels) by extension 'ignore_ament_install'
[0.440s] [34mcolcon.colcon_core.package_identification[0m [1;30mLevel 1[0m _identify(yolo_training/old_training/data/taiwan_traffic_dataset/test/labels) by extensions ['colcon_pkg']
[0.440s] [34mcolcon.colcon_core.package_identification[0m [1;30mLevel 1[0m _identify(yolo_training/old_training/data/taiwan_traffic_dataset/test/labels) by extension 'colcon_pkg'
[0.440s] [34mcolcon.colcon_core.package_identification[0m [1;30mLevel 1[0m _identify(yolo_training/old_training/data/taiwan_traffic_dataset/test/labels) by extensions ['colcon_meta']
[0.440s] [34mcolcon.colcon_core.package_identification[0m [1;30mLevel 1[0m _identify(yolo_training/old_training/data/taiwan_traffic_dataset/test/labels) by extension 'colcon_meta'
[0.440s] [34mcolcon.colcon_core.package_identification[0m [1;30mLevel 1[0m _identify(yolo_training/old_training/data/taiwan_traffic_dataset/test/labels) by extensions ['ros']
[0.440s] [34mcolcon.colcon_core.package_identification[0m [1;30mLevel 1[0m _identify(yolo_training/old_training/data/taiwan_traffic_dataset/test/labels) by extension 'ros'
[0.440s] [34mcolcon.colcon_core.package_identification[0m [1;30mLevel 1[0m _identify(yolo_training/old_training/data/taiwan_traffic_dataset/test/labels) by extensions ['cmake', 'python']
[0.440s] [34mcolcon.colcon_core.package_identification[0m [1;30mLevel 1[0m _identify(yolo_training/old_training/data/taiwan_traffic_dataset/test/labels) by extension 'cmake'
[0.440s] [34mcolcon.colcon_core.package_identification[0m [1;30mLevel 1[0m _identify(yolo_training/old_training/data/taiwan_traffic_dataset/test/labels) by extension 'python'
[0.440s] [34mcolcon.colcon_core.package_identification[0m [1;30mLevel 1[0m _identify(yolo_training/old_training/data/taiwan_traffic_dataset/test/labels) by extensions ['python_setup_py']
[0.440s] [34mcolcon.colcon_core.package_identification[0m [1;30mLevel 1[0m _identify(yolo_training/old_training/data/taiwan_traffic_dataset/test/labels) by extension 'python_setup_py'
[0.440s] [34mcolcon.colcon_core.package_identification[0m [1;30mLevel 1[0m _identify(yolo_training/old_training/data/taiwan_traffic_dataset/train) by extensions ['ignore', 'ignore_ament_install']
[0.440s] [34mcolcon.colcon_core.package_identification[0m [1;30mLevel 1[0m _identify(yolo_training/old_training/data/taiwan_traffic_dataset/train) by extension 'ignore'
[0.440s] [34mcolcon.colcon_core.package_identification[0m [1;30mLevel 1[0m _identify(yolo_training/old_training/data/taiwan_traffic_dataset/train) by extension 'ignore_ament_install'
[0.440s] [34mcolcon.colcon_core.package_identification[0m [1;30mLevel 1[0m _identify(yolo_training/old_training/data/taiwan_traffic_dataset/train) by extensions ['colcon_pkg']
[0.440s] [34mcolcon.colcon_core.package_identification[0m [1;30mLevel 1[0m _identify(yolo_training/old_training/data/taiwan_traffic_dataset/train) by extension 'colcon_pkg'
[0.441s] [34mcolcon.colcon_core.package_identification[0m [1;30mLevel 1[0m _identify(yolo_training/old_training/data/taiwan_traffic_dataset/train) by extensions ['colcon_meta']
[0.441s] [34mcolcon.colcon_core.package_identification[0m [1;30mLevel 1[0m _identify(yolo_training/old_training/data/taiwan_traffic_dataset/train) by extension 'colcon_meta'
[0.441s] [34mcolcon.colcon_core.package_identification[0m [1;30mLevel 1[0m _identify(yolo_training/old_training/data/taiwan_traffic_dataset/train) by extensions ['ros']
[0.441s] [34mcolcon.colcon_core.package_identification[0m [1;30mLevel 1[0m _identify(yolo_training/old_training/data/taiwan_traffic_dataset/train) by extension 'ros'
[0.441s] [34mcolcon.colcon_core.package_identification[0m [1;30mLevel 1[0m _identify(yolo_training/old_training/data/taiwan_traffic_dataset/train) by extensions ['cmake', 'python']
[0.441s] [34mcolcon.colcon_core.package_identification[0m [1;30mLevel 1[0m _identify(yolo_training/old_training/data/taiwan_traffic_dataset/train) by extension 'cmake'
[0.441s] [34mcolcon.colcon_core.package_identification[0m [1;30mLevel 1[0m _identify(yolo_training/old_training/data/taiwan_traffic_dataset/train) by extension 'python'
[0.441s] [34mcolcon.colcon_core.package_identification[0m [1;30mLevel 1[0m _identify(yolo_training/old_training/data/taiwan_traffic_dataset/train) by extensions ['python_setup_py']
[0.441s] [34mcolcon.colcon_core.package_identification[0m [1;30mLevel 1[0m _identify(yolo_training/old_training/data/taiwan_traffic_dataset/train) by extension 'python_setup_py'
[0.441s] [34mcolcon.colcon_core.package_identification[0m [1;30mLevel 1[0m _identify(yolo_training/old_training/data/taiwan_traffic_dataset/train/images) by extensions ['ignore', 'ignore_ament_install']
[0.441s] [34mcolcon.colcon_core.package_identification[0m [1;30mLevel 1[0m _identify(yolo_training/old_training/data/taiwan_traffic_dataset/train/images) by extension 'ignore'
[0.441s] [34mcolcon.colcon_core.package_identification[0m [1;30mLevel 1[0m _identify(yolo_training/old_training/data/taiwan_traffic_dataset/train/images) by extension 'ignore_ament_install'
[0.441s] [34mcolcon.colcon_core.package_identification[0m [1;30mLevel 1[0m _identify(yolo_training/old_training/data/taiwan_traffic_dataset/train/images) by extensions ['colcon_pkg']
[0.441s] [34mcolcon.colcon_core.package_identification[0m [1;30mLevel 1[0m _identify(yolo_training/old_training/data/taiwan_traffic_dataset/train/images) by extension 'colcon_pkg'
[0.441s] [34mcolcon.colcon_core.package_identification[0m [1;30mLevel 1[0m _identify(yolo_training/old_training/data/taiwan_traffic_dataset/train/images) by extensions ['colcon_meta']
[0.441s] [34mcolcon.colcon_core.package_identification[0m [1;30mLevel 1[0m _identify(yolo_training/old_training/data/taiwan_traffic_dataset/train/images) by extension 'colcon_meta'
[0.441s] [34mcolcon.colcon_core.package_identification[0m [1;30mLevel 1[0m _identify(yolo_training/old_training/data/taiwan_traffic_dataset/train/images) by extensions ['ros']
[0.441s] [34mcolcon.colcon_core.package_identification[0m [1;30mLevel 1[0m _identify(yolo_training/old_training/data/taiwan_traffic_dataset/train/images) by extension 'ros'
[0.441s] [34mcolcon.colcon_core.package_identification[0m [1;30mLevel 1[0m _identify(yolo_training/old_training/data/taiwan_traffic_dataset/train/images) by extensions ['cmake', 'python']
[0.441s] [34mcolcon.colcon_core.package_identification[0m [1;30mLevel 1[0m _identify(yolo_training/old_training/data/taiwan_traffic_dataset/train/images) by extension 'cmake'
[0.441s] [34mcolcon.colcon_core.package_identification[0m [1;30mLevel 1[0m _identify(yolo_training/old_training/data/taiwan_traffic_dataset/train/images) by extension 'python'
[0.441s] [34mcolcon.colcon_core.package_identification[0m [1;30mLevel 1[0m _identify(yolo_training/old_training/data/taiwan_traffic_dataset/train/images) by extensions ['python_setup_py']
[0.441s] [34mcolcon.colcon_core.package_identification[0m [1;30mLevel 1[0m _identify(yolo_training/old_training/data/taiwan_traffic_dataset/train/images) by extension 'python_setup_py'
[0.441s] [34mcolcon.colcon_core.package_identification[0m [1;30mLevel 1[0m _identify(yolo_training/old_training/data/taiwan_traffic_dataset/train/labels) by extensions ['ignore', 'ignore_ament_install']
[0.441s] [34mcolcon.colcon_core.package_identification[0m [1;30mLevel 1[0m _identify(yolo_training/old_training/data/taiwan_traffic_dataset/train/labels) by extension 'ignore'
[0.441s] [34mcolcon.colcon_core.package_identification[0m [1;30mLevel 1[0m _identify(yolo_training/old_training/data/taiwan_traffic_dataset/train/labels) by extension 'ignore_ament_install'
[0.441s] [34mcolcon.colcon_core.package_identification[0m [1;30mLevel 1[0m _identify(yolo_training/old_training/data/taiwan_traffic_dataset/train/labels) by extensions ['colcon_pkg']
[0.441s] [34mcolcon.colcon_core.package_identification[0m [1;30mLevel 1[0m _identify(yolo_training/old_training/data/taiwan_traffic_dataset/train/labels) by extension 'colcon_pkg'
[0.441s] [34mcolcon.colcon_core.package_identification[0m [1;30mLevel 1[0m _identify(yolo_training/old_training/data/taiwan_traffic_dataset/train/labels) by extensions ['colcon_meta']
[0.441s] [34mcolcon.colcon_core.package_identification[0m [1;30mLevel 1[0m _identify(yolo_training/old_training/data/taiwan_traffic_dataset/train/labels) by extension 'colcon_meta'
[0.441s] [34mcolcon.colcon_core.package_identification[0m [1;30mLevel 1[0m _identify(yolo_training/old_training/data/taiwan_traffic_dataset/train/labels) by extensions ['ros']
[0.441s] [34mcolcon.colcon_core.package_identification[0m [1;30mLevel 1[0m _identify(yolo_training/old_training/data/taiwan_traffic_dataset/train/labels) by extension 'ros'
[0.441s] [34mcolcon.colcon_core.package_identification[0m [1;30mLevel 1[0m _identify(yolo_training/old_training/data/taiwan_traffic_dataset/train/labels) by extensions ['cmake', 'python']
[0.441s] [34mcolcon.colcon_core.package_identification[0m [1;30mLevel 1[0m _identify(yolo_training/old_training/data/taiwan_traffic_dataset/train/labels) by extension 'cmake'
[0.441s] [34mcolcon.colcon_core.package_identification[0m [1;30mLevel 1[0m _identify(yolo_training/old_training/data/taiwan_traffic_dataset/train/labels) by extension 'python'
[0.441s] [34mcolcon.colcon_core.package_identification[0m [1;30mLevel 1[0m _identify(yolo_training/old_training/data/taiwan_traffic_dataset/train/labels) by extensions ['python_setup_py']
[0.441s] [34mcolcon.colcon_core.package_identification[0m [1;30mLevel 1[0m _identify(yolo_training/old_training/data/taiwan_traffic_dataset/train/labels) by extension 'python_setup_py'
[0.442s] [34mcolcon.colcon_core.package_identification[0m [1;30mLevel 1[0m _identify(yolo_training/old_training/data/taiwan_traffic_dataset/valid) by extensions ['ignore', 'ignore_ament_install']
[0.442s] [34mcolcon.colcon_core.package_identification[0m [1;30mLevel 1[0m _identify(yolo_training/old_training/data/taiwan_traffic_dataset/valid) by extension 'ignore'
[0.442s] [34mcolcon.colcon_core.package_identification[0m [1;30mLevel 1[0m _identify(yolo_training/old_training/data/taiwan_traffic_dataset/valid) by extension 'ignore_ament_install'
[0.442s] [34mcolcon.colcon_core.package_identification[0m [1;30mLevel 1[0m _identify(yolo_training/old_training/data/taiwan_traffic_dataset/valid) by extensions ['colcon_pkg']
[0.442s] [34mcolcon.colcon_core.package_identification[0m [1;30mLevel 1[0m _identify(yolo_training/old_training/data/taiwan_traffic_dataset/valid) by extension 'colcon_pkg'
[0.442s] [34mcolcon.colcon_core.package_identification[0m [1;30mLevel 1[0m _identify(yolo_training/old_training/data/taiwan_traffic_dataset/valid) by extensions ['colcon_meta']
[0.442s] [34mcolcon.colcon_core.package_identification[0m [1;30mLevel 1[0m _identify(yolo_training/old_training/data/taiwan_traffic_dataset/valid) by extension 'colcon_meta'
[0.442s] [34mcolcon.colcon_core.package_identification[0m [1;30mLevel 1[0m _identify(yolo_training/old_training/data/taiwan_traffic_dataset/valid) by extensions ['ros']
[0.442s] [34mcolcon.colcon_core.package_identification[0m [1;30mLevel 1[0m _identify(yolo_training/old_training/data/taiwan_traffic_dataset/valid) by extension 'ros'
[0.442s] [34mcolcon.colcon_core.package_identification[0m [1;30mLevel 1[0m _identify(yolo_training/old_training/data/taiwan_traffic_dataset/valid) by extensions ['cmake', 'python']
[0.442s] [34mcolcon.colcon_core.package_identification[0m [1;30mLevel 1[0m _identify(yolo_training/old_training/data/taiwan_traffic_dataset/valid) by extension 'cmake'
[0.442s] [34mcolcon.colcon_core.package_identification[0m [1;30mLevel 1[0m _identify(yolo_training/old_training/data/taiwan_traffic_dataset/valid) by extension 'python'
[0.442s] [34mcolcon.colcon_core.package_identification[0m [1;30mLevel 1[0m _identify(yolo_training/old_training/data/taiwan_traffic_dataset/valid) by extensions ['python_setup_py']
[0.442s] [34mcolcon.colcon_core.package_identification[0m [1;30mLevel 1[0m _identify(yolo_training/old_training/data/taiwan_traffic_dataset/valid) by extension 'python_setup_py'
[0.442s] [34mcolcon.colcon_core.package_identification[0m [1;30mLevel 1[0m _identify(yolo_training/old_training/data/taiwan_traffic_dataset/valid/images) by extensions ['ignore', 'ignore_ament_install']
[0.442s] [34mcolcon.colcon_core.package_identification[0m [1;30mLevel 1[0m _identify(yolo_training/old_training/data/taiwan_traffic_dataset/valid/images) by extension 'ignore'
[0.442s] [34mcolcon.colcon_core.package_identification[0m [1;30mLevel 1[0m _identify(yolo_training/old_training/data/taiwan_traffic_dataset/valid/images) by extension 'ignore_ament_install'
[0.442s] [34mcolcon.colcon_core.package_identification[0m [1;30mLevel 1[0m _identify(yolo_training/old_training/data/taiwan_traffic_dataset/valid/images) by extensions ['colcon_pkg']
[0.442s] [34mcolcon.colcon_core.package_identification[0m [1;30mLevel 1[0m _identify(yolo_training/old_training/data/taiwan_traffic_dataset/valid/images) by extension 'colcon_pkg'
[0.442s] [34mcolcon.colcon_core.package_identification[0m [1;30mLevel 1[0m _identify(yolo_training/old_training/data/taiwan_traffic_dataset/valid/images) by extensions ['colcon_meta']
[0.442s] [34mcolcon.colcon_core.package_identification[0m [1;30mLevel 1[0m _identify(yolo_training/old_training/data/taiwan_traffic_dataset/valid/images) by extension 'colcon_meta'
[0.442s] [34mcolcon.colcon_core.package_identification[0m [1;30mLevel 1[0m _identify(yolo_training/old_training/data/taiwan_traffic_dataset/valid/images) by extensions ['ros']
[0.442s] [34mcolcon.colcon_core.package_identification[0m [1;30mLevel 1[0m _identify(yolo_training/old_training/data/taiwan_traffic_dataset/valid/images) by extension 'ros'
[0.442s] [34mcolcon.colcon_core.package_identification[0m [1;30mLevel 1[0m _identify(yolo_training/old_training/data/taiwan_traffic_dataset/valid/images) by extensions ['cmake', 'python']
[0.442s] [34mcolcon.colcon_core.package_identification[0m [1;30mLevel 1[0m _identify(yolo_training/old_training/data/taiwan_traffic_dataset/valid/images) by extension 'cmake'
[0.442s] [34mcolcon.colcon_core.package_identification[0m [1;30mLevel 1[0m _identify(yolo_training/old_training/data/taiwan_traffic_dataset/valid/images) by extension 'python'
[0.442s] [34mcolcon.colcon_core.package_identification[0m [1;30mLevel 1[0m _identify(yolo_training/old_training/data/taiwan_traffic_dataset/valid/images) by extensions ['python_setup_py']
[0.442s] [34mcolcon.colcon_core.package_identification[0m [1;30mLevel 1[0m _identify(yolo_training/old_training/data/taiwan_traffic_dataset/valid/images) by extension 'python_setup_py'
[0.442s] [34mcolcon.colcon_core.package_identification[0m [1;30mLevel 1[0m _identify(yolo_training/old_training/data/taiwan_traffic_dataset/valid/labels) by extensions ['ignore', 'ignore_ament_install']
[0.442s] [34mcolcon.colcon_core.package_identification[0m [1;30mLevel 1[0m _identify(yolo_training/old_training/data/taiwan_traffic_dataset/valid/labels) by extension 'ignore'
[0.442s] [34mcolcon.colcon_core.package_identification[0m [1;30mLevel 1[0m _identify(yolo_training/old_training/data/taiwan_traffic_dataset/valid/labels) by extension 'ignore_ament_install'
[0.442s] [34mcolcon.colcon_core.package_identification[0m [1;30mLevel 1[0m _identify(yolo_training/old_training/data/taiwan_traffic_dataset/valid/labels) by extensions ['colcon_pkg']
[0.442s] [34mcolcon.colcon_core.package_identification[0m [1;30mLevel 1[0m _identify(yolo_training/old_training/data/taiwan_traffic_dataset/valid/labels) by extension 'colcon_pkg'
[0.442s] [34mcolcon.colcon_core.package_identification[0m [1;30mLevel 1[0m _identify(yolo_training/old_training/data/taiwan_traffic_dataset/valid/labels) by extensions ['colcon_meta']
[0.442s] [34mcolcon.colcon_core.package_identification[0m [1;30mLevel 1[0m _identify(yolo_training/old_training/data/taiwan_traffic_dataset/valid/labels) by extension 'colcon_meta'
[0.442s] [34mcolcon.colcon_core.package_identification[0m [1;30mLevel 1[0m _identify(yolo_training/old_training/data/taiwan_traffic_dataset/valid/labels) by extensions ['ros']
[0.442s] [34mcolcon.colcon_core.package_identification[0m [1;30mLevel 1[0m _identify(yolo_training/old_training/data/taiwan_traffic_dataset/valid/labels) by extension 'ros'
[0.442s] [34mcolcon.colcon_core.package_identification[0m [1;30mLevel 1[0m _identify(yolo_training/old_training/data/taiwan_traffic_dataset/valid/labels) by extensions ['cmake', 'python']
[0.443s] [34mcolcon.colcon_core.package_identification[0m [1;30mLevel 1[0m _identify(yolo_training/old_training/data/taiwan_traffic_dataset/valid/labels) by extension 'cmake'
[0.443s] [34mcolcon.colcon_core.package_identification[0m [1;30mLevel 1[0m _identify(yolo_training/old_training/data/taiwan_traffic_dataset/valid/labels) by extension 'python'
[0.443s] [34mcolcon.colcon_core.package_identification[0m [1;30mLevel 1[0m _identify(yolo_training/old_training/data/taiwan_traffic_dataset/valid/labels) by extensions ['python_setup_py']
[0.443s] [34mcolcon.colcon_core.package_identification[0m [1;30mLevel 1[0m _identify(yolo_training/old_training/data/taiwan_traffic_dataset/valid/labels) by extension 'python_setup_py'
[0.443s] [34mcolcon.colcon_core.package_identification[0m [1;30mLevel 1[0m _identify(yolo_training/old_training/scripts) by extensions ['ignore', 'ignore_ament_install']
[0.443s] [34mcolcon.colcon_core.package_identification[0m [1;30mLevel 1[0m _identify(yolo_training/old_training/scripts) by extension 'ignore'
[0.443s] [34mcolcon.colcon_core.package_identification[0m [1;30mLevel 1[0m _identify(yolo_training/old_training/scripts) by extension 'ignore_ament_install'
[0.443s] [34mcolcon.colcon_core.package_identification[0m [1;30mLevel 1[0m _identify(yolo_training/old_training/scripts) by extensions ['colcon_pkg']
[0.443s] [34mcolcon.colcon_core.package_identification[0m [1;30mLevel 1[0m _identify(yolo_training/old_training/scripts) by extension 'colcon_pkg'
[0.443s] [34mcolcon.colcon_core.package_identification[0m [1;30mLevel 1[0m _identify(yolo_training/old_training/scripts) by extensions ['colcon_meta']
[0.443s] [34mcolcon.colcon_core.package_identification[0m [1;30mLevel 1[0m _identify(yolo_training/old_training/scripts) by extension 'colcon_meta'
[0.443s] [34mcolcon.colcon_core.package_identification[0m [1;30mLevel 1[0m _identify(yolo_training/old_training/scripts) by extensions ['ros']
[0.443s] [34mcolcon.colcon_core.package_identification[0m [1;30mLevel 1[0m _identify(yolo_training/old_training/scripts) by extension 'ros'
[0.443s] [34mcolcon.colcon_core.package_identification[0m [1;30mLevel 1[0m _identify(yolo_training/old_training/scripts) by extensions ['cmake', 'python']
[0.443s] [34mcolcon.colcon_core.package_identification[0m [1;30mLevel 1[0m _identify(yolo_training/old_training/scripts) by extension 'cmake'
[0.443s] [34mcolcon.colcon_core.package_identification[0m [1;30mLevel 1[0m _identify(yolo_training/old_training/scripts) by extension 'python'
[0.443s] [34mcolcon.colcon_core.package_identification[0m [1;30mLevel 1[0m _identify(yolo_training/old_training/scripts) by extensions ['python_setup_py']
[0.443s] [34mcolcon.colcon_core.package_identification[0m [1;30mLevel 1[0m _identify(yolo_training/old_training/scripts) by extension 'python_setup_py'
[0.443s] [34mcolcon.colcon_core.package_identification[0m [1;30mLevel 1[0m _identify(yolo_training/old_training/scripts/runs) by extensions ['ignore', 'ignore_ament_install']
[0.443s] [34mcolcon.colcon_core.package_identification[0m [1;30mLevel 1[0m _identify(yolo_training/old_training/scripts/runs) by extension 'ignore'
[0.443s] [34mcolcon.colcon_core.package_identification[0m [1;30mLevel 1[0m _identify(yolo_training/old_training/scripts/runs) by extension 'ignore_ament_install'
[0.443s] [34mcolcon.colcon_core.package_identification[0m [1;30mLevel 1[0m _identify(yolo_training/old_training/scripts/runs) by extensions ['colcon_pkg']
[0.443s] [34mcolcon.colcon_core.package_identification[0m [1;30mLevel 1[0m _identify(yolo_training/old_training/scripts/runs) by extension 'colcon_pkg'
[0.443s] [34mcolcon.colcon_core.package_identification[0m [1;30mLevel 1[0m _identify(yolo_training/old_training/scripts/runs) by extensions ['colcon_meta']
[0.443s] [34mcolcon.colcon_core.package_identification[0m [1;30mLevel 1[0m _identify(yolo_training/old_training/scripts/runs) by extension 'colcon_meta'
[0.443s] [34mcolcon.colcon_core.package_identification[0m [1;30mLevel 1[0m _identify(yolo_training/old_training/scripts/runs) by extensions ['ros']
[0.443s] [34mcolcon.colcon_core.package_identification[0m [1;30mLevel 1[0m _identify(yolo_training/old_training/scripts/runs) by extension 'ros'
[0.443s] [34mcolcon.colcon_core.package_identification[0m [1;30mLevel 1[0m _identify(yolo_training/old_training/scripts/runs) by extensions ['cmake', 'python']
[0.443s] [34mcolcon.colcon_core.package_identification[0m [1;30mLevel 1[0m _identify(yolo_training/old_training/scripts/runs) by extension 'cmake'
[0.443s] [34mcolcon.colcon_core.package_identification[0m [1;30mLevel 1[0m _identify(yolo_training/old_training/scripts/runs) by extension 'python'
[0.443s] [34mcolcon.colcon_core.package_identification[0m [1;30mLevel 1[0m _identify(yolo_training/old_training/scripts/runs) by extensions ['python_setup_py']
[0.443s] [34mcolcon.colcon_core.package_identification[0m [1;30mLevel 1[0m _identify(yolo_training/old_training/scripts/runs) by extension 'python_setup_py'
[0.443s] [34mcolcon.colcon_core.package_identification[0m [1;30mLevel 1[0m _identify(yolo_training/old_training/scripts/runs/detect) by extensions ['ignore', 'ignore_ament_install']
[0.443s] [34mcolcon.colcon_core.package_identification[0m [1;30mLevel 1[0m _identify(yolo_training/old_training/scripts/runs/detect) by extension 'ignore'
[0.443s] [34mcolcon.colcon_core.package_identification[0m [1;30mLevel 1[0m _identify(yolo_training/old_training/scripts/runs/detect) by extension 'ignore_ament_install'
[0.443s] [34mcolcon.colcon_core.package_identification[0m [1;30mLevel 1[0m _identify(yolo_training/old_training/scripts/runs/detect) by extensions ['colcon_pkg']
[0.443s] [34mcolcon.colcon_core.package_identification[0m [1;30mLevel 1[0m _identify(yolo_training/old_training/scripts/runs/detect) by extension 'colcon_pkg'
[0.443s] [34mcolcon.colcon_core.package_identification[0m [1;30mLevel 1[0m _identify(yolo_training/old_training/scripts/runs/detect) by extensions ['colcon_meta']
[0.443s] [34mcolcon.colcon_core.package_identification[0m [1;30mLevel 1[0m _identify(yolo_training/old_training/scripts/runs/detect) by extension 'colcon_meta'
[0.443s] [34mcolcon.colcon_core.package_identification[0m [1;30mLevel 1[0m _identify(yolo_training/old_training/scripts/runs/detect) by extensions ['ros']
[0.443s] [34mcolcon.colcon_core.package_identification[0m [1;30mLevel 1[0m _identify(yolo_training/old_training/scripts/runs/detect) by extension 'ros'
[0.444s] [34mcolcon.colcon_core.package_identification[0m [1;30mLevel 1[0m _identify(yolo_training/old_training/scripts/runs/detect) by extensions ['cmake', 'python']
[0.444s] [34mcolcon.colcon_core.package_identification[0m [1;30mLevel 1[0m _identify(yolo_training/old_training/scripts/runs/detect) by extension 'cmake'
[0.444s] [34mcolcon.colcon_core.package_identification[0m [1;30mLevel 1[0m _identify(yolo_training/old_training/scripts/runs/detect) by extension 'python'
[0.444s] [34mcolcon.colcon_core.package_identification[0m [1;30mLevel 1[0m _identify(yolo_training/old_training/scripts/runs/detect) by extensions ['python_setup_py']
[0.444s] [34mcolcon.colcon_core.package_identification[0m [1;30mLevel 1[0m _identify(yolo_training/old_training/scripts/runs/detect) by extension 'python_setup_py'
[0.444s] [34mcolcon.colcon_core.package_identification[0m [1;30mLevel 1[0m _identify(yolo_training/old_training/scripts/runs/detect/val) by extensions ['ignore', 'ignore_ament_install']
[0.444s] [34mcolcon.colcon_core.package_identification[0m [1;30mLevel 1[0m _identify(yolo_training/old_training/scripts/runs/detect/val) by extension 'ignore'
[0.444s] [34mcolcon.colcon_core.package_identification[0m [1;30mLevel 1[0m _identify(yolo_training/old_training/scripts/runs/detect/val) by extension 'ignore_ament_install'
[0.444s] [34mcolcon.colcon_core.package_identification[0m [1;30mLevel 1[0m _identify(yolo_training/old_training/scripts/runs/detect/val) by extensions ['colcon_pkg']
[0.444s] [34mcolcon.colcon_core.package_identification[0m [1;30mLevel 1[0m _identify(yolo_training/old_training/scripts/runs/detect/val) by extension 'colcon_pkg'
[0.444s] [34mcolcon.colcon_core.package_identification[0m [1;30mLevel 1[0m _identify(yolo_training/old_training/scripts/runs/detect/val) by extensions ['colcon_meta']
[0.444s] [34mcolcon.colcon_core.package_identification[0m [1;30mLevel 1[0m _identify(yolo_training/old_training/scripts/runs/detect/val) by extension 'colcon_meta'
[0.444s] [34mcolcon.colcon_core.package_identification[0m [1;30mLevel 1[0m _identify(yolo_training/old_training/scripts/runs/detect/val) by extensions ['ros']
[0.444s] [34mcolcon.colcon_core.package_identification[0m [1;30mLevel 1[0m _identify(yolo_training/old_training/scripts/runs/detect/val) by extension 'ros'
[0.444s] [34mcolcon.colcon_core.package_identification[0m [1;30mLevel 1[0m _identify(yolo_training/old_training/scripts/runs/detect/val) by extensions ['cmake', 'python']
[0.444s] [34mcolcon.colcon_core.package_identification[0m [1;30mLevel 1[0m _identify(yolo_training/old_training/scripts/runs/detect/val) by extension 'cmake'
[0.444s] [34mcolcon.colcon_core.package_identification[0m [1;30mLevel 1[0m _identify(yolo_training/old_training/scripts/runs/detect/val) by extension 'python'
[0.444s] [34mcolcon.colcon_core.package_identification[0m [1;30mLevel 1[0m _identify(yolo_training/old_training/scripts/runs/detect/val) by extensions ['python_setup_py']
[0.444s] [34mcolcon.colcon_core.package_identification[0m [1;30mLevel 1[0m _identify(yolo_training/old_training/scripts/runs/detect/val) by extension 'python_setup_py'
[0.444s] [34mcolcon.colcon_core.package_identification[0m [1;30mLevel 1[0m _identify(yolo_training/old_training/scripts/taiwan_17class_training) by extensions ['ignore', 'ignore_ament_install']
[0.444s] [34mcolcon.colcon_core.package_identification[0m [1;30mLevel 1[0m _identify(yolo_training/old_training/scripts/taiwan_17class_training) by extension 'ignore'
[0.444s] [34mcolcon.colcon_core.package_identification[0m [1;30mLevel 1[0m _identify(yolo_training/old_training/scripts/taiwan_17class_training) by extension 'ignore_ament_install'
[0.444s] [34mcolcon.colcon_core.package_identification[0m [1;30mLevel 1[0m _identify(yolo_training/old_training/scripts/taiwan_17class_training) by extensions ['colcon_pkg']
[0.444s] [34mcolcon.colcon_core.package_identification[0m [1;30mLevel 1[0m _identify(yolo_training/old_training/scripts/taiwan_17class_training) by extension 'colcon_pkg'
[0.444s] [34mcolcon.colcon_core.package_identification[0m [1;30mLevel 1[0m _identify(yolo_training/old_training/scripts/taiwan_17class_training) by extensions ['colcon_meta']
[0.444s] [34mcolcon.colcon_core.package_identification[0m [1;30mLevel 1[0m _identify(yolo_training/old_training/scripts/taiwan_17class_training) by extension 'colcon_meta'
[0.444s] [34mcolcon.colcon_core.package_identification[0m [1;30mLevel 1[0m _identify(yolo_training/old_training/scripts/taiwan_17class_training) by extensions ['ros']
[0.444s] [34mcolcon.colcon_core.package_identification[0m [1;30mLevel 1[0m _identify(yolo_training/old_training/scripts/taiwan_17class_training) by extension 'ros'
[0.444s] [34mcolcon.colcon_core.package_identification[0m [1;30mLevel 1[0m _identify(yolo_training/old_training/scripts/taiwan_17class_training) by extensions ['cmake', 'python']
[0.444s] [34mcolcon.colcon_core.package_identification[0m [1;30mLevel 1[0m _identify(yolo_training/old_training/scripts/taiwan_17class_training) by extension 'cmake'
[0.444s] [34mcolcon.colcon_core.package_identification[0m [1;30mLevel 1[0m _identify(yolo_training/old_training/scripts/taiwan_17class_training) by extension 'python'
[0.444s] [34mcolcon.colcon_core.package_identification[0m [1;30mLevel 1[0m _identify(yolo_training/old_training/scripts/taiwan_17class_training) by extensions ['python_setup_py']
[0.444s] [34mcolcon.colcon_core.package_identification[0m [1;30mLevel 1[0m _identify(yolo_training/old_training/scripts/taiwan_17class_training) by extension 'python_setup_py'
[0.444s] [34mcolcon.colcon_core.package_identification[0m [1;30mLevel 1[0m _identify(yolo_training/old_training/scripts/taiwan_17class_training/final_spatial_classification) by extensions ['ignore', 'ignore_ament_install']
[0.444s] [34mcolcon.colcon_core.package_identification[0m [1;30mLevel 1[0m _identify(yolo_training/old_training/scripts/taiwan_17class_training/final_spatial_classification) by extension 'ignore'
[0.444s] [34mcolcon.colcon_core.package_identification[0m [1;30mLevel 1[0m _identify(yolo_training/old_training/scripts/taiwan_17class_training/final_spatial_classification) by extension 'ignore_ament_install'
[0.444s] [34mcolcon.colcon_core.package_identification[0m [1;30mLevel 1[0m _identify(yolo_training/old_training/scripts/taiwan_17class_training/final_spatial_classification) by extensions ['colcon_pkg']
[0.444s] [34mcolcon.colcon_core.package_identification[0m [1;30mLevel 1[0m _identify(yolo_training/old_training/scripts/taiwan_17class_training/final_spatial_classification) by extension 'colcon_pkg'
[0.444s] [34mcolcon.colcon_core.package_identification[0m [1;30mLevel 1[0m _identify(yolo_training/old_training/scripts/taiwan_17class_training/final_spatial_classification) by extensions ['colcon_meta']
[0.444s] [34mcolcon.colcon_core.package_identification[0m [1;30mLevel 1[0m _identify(yolo_training/old_training/scripts/taiwan_17class_training/final_spatial_classification) by extension 'colcon_meta'
[0.444s] [34mcolcon.colcon_core.package_identification[0m [1;30mLevel 1[0m _identify(yolo_training/old_training/scripts/taiwan_17class_training/final_spatial_classification) by extensions ['ros']
[0.444s] [34mcolcon.colcon_core.package_identification[0m [1;30mLevel 1[0m _identify(yolo_training/old_training/scripts/taiwan_17class_training/final_spatial_classification) by extension 'ros'
[0.445s] [34mcolcon.colcon_core.package_identification[0m [1;30mLevel 1[0m _identify(yolo_training/old_training/scripts/taiwan_17class_training/final_spatial_classification) by extensions ['cmake', 'python']
[0.445s] [34mcolcon.colcon_core.package_identification[0m [1;30mLevel 1[0m _identify(yolo_training/old_training/scripts/taiwan_17class_training/final_spatial_classification) by extension 'cmake'
[0.445s] [34mcolcon.colcon_core.package_identification[0m [1;30mLevel 1[0m _identify(yolo_training/old_training/scripts/taiwan_17class_training/final_spatial_classification) by extension 'python'
[0.445s] [34mcolcon.colcon_core.package_identification[0m [1;30mLevel 1[0m _identify(yolo_training/old_training/scripts/taiwan_17class_training/final_spatial_classification) by extensions ['python_setup_py']
[0.445s] [34mcolcon.colcon_core.package_identification[0m [1;30mLevel 1[0m _identify(yolo_training/old_training/scripts/taiwan_17class_training/final_spatial_classification) by extension 'python_setup_py'
[0.445s] [34mcolcon.colcon_core.package_identification[0m [1;30mLevel 1[0m _identify(yolo_training/old_training/scripts/taiwan_17class_training/final_spatial_classification/weights) by extensions ['ignore', 'ignore_ament_install']
[0.445s] [34mcolcon.colcon_core.package_identification[0m [1;30mLevel 1[0m _identify(yolo_training/old_training/scripts/taiwan_17class_training/final_spatial_classification/weights) by extension 'ignore'
[0.445s] [34mcolcon.colcon_core.package_identification[0m [1;30mLevel 1[0m _identify(yolo_training/old_training/scripts/taiwan_17class_training/final_spatial_classification/weights) by extension 'ignore_ament_install'
[0.445s] [34mcolcon.colcon_core.package_identification[0m [1;30mLevel 1[0m _identify(yolo_training/old_training/scripts/taiwan_17class_training/final_spatial_classification/weights) by extensions ['colcon_pkg']
[0.445s] [34mcolcon.colcon_core.package_identification[0m [1;30mLevel 1[0m _identify(yolo_training/old_training/scripts/taiwan_17class_training/final_spatial_classification/weights) by extension 'colcon_pkg'
[0.445s] [34mcolcon.colcon_core.package_identification[0m [1;30mLevel 1[0m _identify(yolo_training/old_training/scripts/taiwan_17class_training/final_spatial_classification/weights) by extensions ['colcon_meta']
[0.445s] [34mcolcon.colcon_core.package_identification[0m [1;30mLevel 1[0m _identify(yolo_training/old_training/scripts/taiwan_17class_training/final_spatial_classification/weights) by extension 'colcon_meta'
[0.445s] [34mcolcon.colcon_core.package_identification[0m [1;30mLevel 1[0m _identify(yolo_training/old_training/scripts/taiwan_17class_training/final_spatial_classification/weights) by extensions ['ros']
[0.445s] [34mcolcon.colcon_core.package_identification[0m [1;30mLevel 1[0m _identify(yolo_training/old_training/scripts/taiwan_17class_training/final_spatial_classification/weights) by extension 'ros'
[0.445s] [34mcolcon.colcon_core.package_identification[0m [1;30mLevel 1[0m _identify(yolo_training/old_training/scripts/taiwan_17class_training/final_spatial_classification/weights) by extensions ['cmake', 'python']
[0.445s] [34mcolcon.colcon_core.package_identification[0m [1;30mLevel 1[0m _identify(yolo_training/old_training/scripts/taiwan_17class_training/final_spatial_classification/weights) by extension 'cmake'
[0.445s] [34mcolcon.colcon_core.package_identification[0m [1;30mLevel 1[0m _identify(yolo_training/old_training/scripts/taiwan_17class_training/final_spatial_classification/weights) by extension 'python'
[0.445s] [34mcolcon.colcon_core.package_identification[0m [1;30mLevel 1[0m _identify(yolo_training/old_training/scripts/taiwan_17class_training/final_spatial_classification/weights) by extensions ['python_setup_py']
[0.445s] [34mcolcon.colcon_core.package_identification[0m [1;30mLevel 1[0m _identify(yolo_training/old_training/scripts/taiwan_17class_training/final_spatial_classification/weights) by extension 'python_setup_py'
[0.445s] [34mcolcon.colcon_core.package_identification[0m [1;30mLevel 1[0m _identify(yolo_training/old_training/taiwan_17class_training) by extensions ['ignore', 'ignore_ament_install']
[0.445s] [34mcolcon.colcon_core.package_identification[0m [1;30mLevel 1[0m _identify(yolo_training/old_training/taiwan_17class_training) by extension 'ignore'
[0.445s] [34mcolcon.colcon_core.package_identification[0m [1;30mLevel 1[0m _identify(yolo_training/old_training/taiwan_17class_training) by extension 'ignore_ament_install'
[0.445s] [34mcolcon.colcon_core.package_identification[0m [1;30mLevel 1[0m _identify(yolo_training/old_training/taiwan_17class_training) by extensions ['colcon_pkg']
[0.445s] [34mcolcon.colcon_core.package_identification[0m [1;30mLevel 1[0m _identify(yolo_training/old_training/taiwan_17class_training) by extension 'colcon_pkg'
[0.445s] [34mcolcon.colcon_core.package_identification[0m [1;30mLevel 1[0m _identify(yolo_training/old_training/taiwan_17class_training) by extensions ['colcon_meta']
[0.445s] [34mcolcon.colcon_core.package_identification[0m [1;30mLevel 1[0m _identify(yolo_training/old_training/taiwan_17class_training) by extension 'colcon_meta'
[0.445s] [34mcolcon.colcon_core.package_identification[0m [1;30mLevel 1[0m _identify(yolo_training/old_training/taiwan_17class_training) by extensions ['ros']
[0.445s] [34mcolcon.colcon_core.package_identification[0m [1;30mLevel 1[0m _identify(yolo_training/old_training/taiwan_17class_training) by extension 'ros'
[0.445s] [34mcolcon.colcon_core.package_identification[0m [1;30mLevel 1[0m _identify(yolo_training/old_training/taiwan_17class_training) by extensions ['cmake', 'python']
[0.445s] [34mcolcon.colcon_core.package_identification[0m [1;30mLevel 1[0m _identify(yolo_training/old_training/taiwan_17class_training) by extension 'cmake'
[0.445s] [34mcolcon.colcon_core.package_identification[0m [1;30mLevel 1[0m _identify(yolo_training/old_training/taiwan_17class_training) by extension 'python'
[0.445s] [34mcolcon.colcon_core.package_identification[0m [1;30mLevel 1[0m _identify(yolo_training/old_training/taiwan_17class_training) by extensions ['python_setup_py']
[0.445s] [34mcolcon.colcon_core.package_identification[0m [1;30mLevel 1[0m _identify(yolo_training/old_training/taiwan_17class_training) by extension 'python_setup_py'
[0.445s] [34mcolcon.colcon_core.package_identification[0m [1;30mLevel 1[0m _identify(yolo_training/old_training/taiwan_17class_training/final_spatial_classification) by extensions ['ignore', 'ignore_ament_install']
[0.445s] [34mcolcon.colcon_core.package_identification[0m [1;30mLevel 1[0m _identify(yolo_training/old_training/taiwan_17class_training/final_spatial_classification) by extension 'ignore'
[0.445s] [34mcolcon.colcon_core.package_identification[0m [1;30mLevel 1[0m _identify(yolo_training/old_training/taiwan_17class_training/final_spatial_classification) by extension 'ignore_ament_install'
[0.445s] [34mcolcon.colcon_core.package_identification[0m [1;30mLevel 1[0m _identify(yolo_training/old_training/taiwan_17class_training/final_spatial_classification) by extensions ['colcon_pkg']
[0.445s] [34mcolcon.colcon_core.package_identification[0m [1;30mLevel 1[0m _identify(yolo_training/old_training/taiwan_17class_training/final_spatial_classification) by extension 'colcon_pkg'
[0.445s] [34mcolcon.colcon_core.package_identification[0m [1;30mLevel 1[0m _identify(yolo_training/old_training/taiwan_17class_training/final_spatial_classification) by extensions ['colcon_meta']
[0.445s] [34mcolcon.colcon_core.package_identification[0m [1;30mLevel 1[0m _identify(yolo_training/old_training/taiwan_17class_training/final_spatial_classification) by extension 'colcon_meta'
[0.446s] [34mcolcon.colcon_core.package_identification[0m [1;30mLevel 1[0m _identify(yolo_training/old_training/taiwan_17class_training/final_spatial_classification) by extensions ['ros']
[0.446s] [34mcolcon.colcon_core.package_identification[0m [1;30mLevel 1[0m _identify(yolo_training/old_training/taiwan_17class_training/final_spatial_classification) by extension 'ros'
[0.446s] [34mcolcon.colcon_core.package_identification[0m [1;30mLevel 1[0m _identify(yolo_training/old_training/taiwan_17class_training/final_spatial_classification) by extensions ['cmake', 'python']
[0.446s] [34mcolcon.colcon_core.package_identification[0m [1;30mLevel 1[0m _identify(yolo_training/old_training/taiwan_17class_training/final_spatial_classification) by extension 'cmake'
[0.446s] [34mcolcon.colcon_core.package_identification[0m [1;30mLevel 1[0m _identify(yolo_training/old_training/taiwan_17class_training/final_spatial_classification) by extension 'python'
[0.446s] [34mcolcon.colcon_core.package_identification[0m [1;30mLevel 1[0m _identify(yolo_training/old_training/taiwan_17class_training/final_spatial_classification) by extensions ['python_setup_py']
[0.446s] [34mcolcon.colcon_core.package_identification[0m [1;30mLevel 1[0m _identify(yolo_training/old_training/taiwan_17class_training/final_spatial_classification) by extension 'python_setup_py'
[0.446s] [34mcolcon.colcon_core.package_identification[0m [1;30mLevel 1[0m _identify(yolo_training/old_training/taiwan_17class_training/final_spatial_classification/weights) by extensions ['ignore', 'ignore_ament_install']
[0.446s] [34mcolcon.colcon_core.package_identification[0m [1;30mLevel 1[0m _identify(yolo_training/old_training/taiwan_17class_training/final_spatial_classification/weights) by extension 'ignore'
[0.446s] [34mcolcon.colcon_core.package_identification[0m [1;30mLevel 1[0m _identify(yolo_training/old_training/taiwan_17class_training/final_spatial_classification/weights) by extension 'ignore_ament_install'
[0.446s] [34mcolcon.colcon_core.package_identification[0m [1;30mLevel 1[0m _identify(yolo_training/old_training/taiwan_17class_training/final_spatial_classification/weights) by extensions ['colcon_pkg']
[0.446s] [34mcolcon.colcon_core.package_identification[0m [1;30mLevel 1[0m _identify(yolo_training/old_training/taiwan_17class_training/final_spatial_classification/weights) by extension 'colcon_pkg'
[0.446s] [34mcolcon.colcon_core.package_identification[0m [1;30mLevel 1[0m _identify(yolo_training/old_training/taiwan_17class_training/final_spatial_classification/weights) by extensions ['colcon_meta']
[0.446s] [34mcolcon.colcon_core.package_identification[0m [1;30mLevel 1[0m _identify(yolo_training/old_training/taiwan_17class_training/final_spatial_classification/weights) by extension 'colcon_meta'
[0.446s] [34mcolcon.colcon_core.package_identification[0m [1;30mLevel 1[0m _identify(yolo_training/old_training/taiwan_17class_training/final_spatial_classification/weights) by extensions ['ros']
[0.446s] [34mcolcon.colcon_core.package_identification[0m [1;30mLevel 1[0m _identify(yolo_training/old_training/taiwan_17class_training/final_spatial_classification/weights) by extension 'ros'
[0.446s] [34mcolcon.colcon_core.package_identification[0m [1;30mLevel 1[0m _identify(yolo_training/old_training/taiwan_17class_training/final_spatial_classification/weights) by extensions ['cmake', 'python']
[0.446s] [34mcolcon.colcon_core.package_identification[0m [1;30mLevel 1[0m _identify(yolo_training/old_training/taiwan_17class_training/final_spatial_classification/weights) by extension 'cmake'
[0.446s] [34mcolcon.colcon_core.package_identification[0m [1;30mLevel 1[0m _identify(yolo_training/old_training/taiwan_17class_training/final_spatial_classification/weights) by extension 'python'
[0.446s] [34mcolcon.colcon_core.package_identification[0m [1;30mLevel 1[0m _identify(yolo_training/old_training/taiwan_17class_training/final_spatial_classification/weights) by extensions ['python_setup_py']
[0.446s] [34mcolcon.colcon_core.package_identification[0m [1;30mLevel 1[0m _identify(yolo_training/old_training/taiwan_17class_training/final_spatial_classification/weights) by extension 'python_setup_py'
[0.446s] [34mcolcon.colcon_core.package_identification[0m [1;30mLevel 1[0m _identify(yolo_training/old_training/taiwan_17class_training/final_spatial_classification2) by extensions ['ignore', 'ignore_ament_install']
[0.446s] [34mcolcon.colcon_core.package_identification[0m [1;30mLevel 1[0m _identify(yolo_training/old_training/taiwan_17class_training/final_spatial_classification2) by extension 'ignore'
[0.446s] [34mcolcon.colcon_core.package_identification[0m [1;30mLevel 1[0m _identify(yolo_training/old_training/taiwan_17class_training/final_spatial_classification2) by extension 'ignore_ament_install'
[0.446s] [34mcolcon.colcon_core.package_identification[0m [1;30mLevel 1[0m _identify(yolo_training/old_training/taiwan_17class_training/final_spatial_classification2) by extensions ['colcon_pkg']
[0.446s] [34mcolcon.colcon_core.package_identification[0m [1;30mLevel 1[0m _identify(yolo_training/old_training/taiwan_17class_training/final_spatial_classification2) by extension 'colcon_pkg'
[0.446s] [34mcolcon.colcon_core.package_identification[0m [1;30mLevel 1[0m _identify(yolo_training/old_training/taiwan_17class_training/final_spatial_classification2) by extensions ['colcon_meta']
[0.446s] [34mcolcon.colcon_core.package_identification[0m [1;30mLevel 1[0m _identify(yolo_training/old_training/taiwan_17class_training/final_spatial_classification2) by extension 'colcon_meta'
[0.446s] [34mcolcon.colcon_core.package_identification[0m [1;30mLevel 1[0m _identify(yolo_training/old_training/taiwan_17class_training/final_spatial_classification2) by extensions ['ros']
[0.446s] [34mcolcon.colcon_core.package_identification[0m [1;30mLevel 1[0m _identify(yolo_training/old_training/taiwan_17class_training/final_spatial_classification2) by extension 'ros'
[0.446s] [34mcolcon.colcon_core.package_identification[0m [1;30mLevel 1[0m _identify(yolo_training/old_training/taiwan_17class_training/final_spatial_classification2) by extensions ['cmake', 'python']
[0.446s] [34mcolcon.colcon_core.package_identification[0m [1;30mLevel 1[0m _identify(yolo_training/old_training/taiwan_17class_training/final_spatial_classification2) by extension 'cmake'
[0.446s] [34mcolcon.colcon_core.package_identification[0m [1;30mLevel 1[0m _identify(yolo_training/old_training/taiwan_17class_training/final_spatial_classification2) by extension 'python'
[0.446s] [34mcolcon.colcon_core.package_identification[0m [1;30mLevel 1[0m _identify(yolo_training/old_training/taiwan_17class_training/final_spatial_classification2) by extensions ['python_setup_py']
[0.446s] [34mcolcon.colcon_core.package_identification[0m [1;30mLevel 1[0m _identify(yolo_training/old_training/taiwan_17class_training/final_spatial_classification2) by extension 'python_setup_py'
[0.446s] [34mcolcon.colcon_core.package_identification[0m [1;30mLevel 1[0m _identify(yolo_training/old_training/taiwan_17class_training/final_spatial_classification2/weights) by extensions ['ignore', 'ignore_ament_install']
[0.446s] [34mcolcon.colcon_core.package_identification[0m [1;30mLevel 1[0m _identify(yolo_training/old_training/taiwan_17class_training/final_spatial_classification2/weights) by extension 'ignore'
[0.446s] [34mcolcon.colcon_core.package_identification[0m [1;30mLevel 1[0m _identify(yolo_training/old_training/taiwan_17class_training/final_spatial_classification2/weights) by extension 'ignore_ament_install'
[0.446s] [34mcolcon.colcon_core.package_identification[0m [1;30mLevel 1[0m _identify(yolo_training/old_training/taiwan_17class_training/final_spatial_classification2/weights) by extensions ['colcon_pkg']
[0.446s] [34mcolcon.colcon_core.package_identification[0m [1;30mLevel 1[0m _identify(yolo_training/old_training/taiwan_17class_training/final_spatial_classification2/weights) by extension 'colcon_pkg'
[0.447s] [34mcolcon.colcon_core.package_identification[0m [1;30mLevel 1[0m _identify(yolo_training/old_training/taiwan_17class_training/final_spatial_classification2/weights) by extensions ['colcon_meta']
[0.447s] [34mcolcon.colcon_core.package_identification[0m [1;30mLevel 1[0m _identify(yolo_training/old_training/taiwan_17class_training/final_spatial_classification2/weights) by extension 'colcon_meta'
[0.447s] [34mcolcon.colcon_core.package_identification[0m [1;30mLevel 1[0m _identify(yolo_training/old_training/taiwan_17class_training/final_spatial_classification2/weights) by extensions ['ros']
[0.447s] [34mcolcon.colcon_core.package_identification[0m [1;30mLevel 1[0m _identify(yolo_training/old_training/taiwan_17class_training/final_spatial_classification2/weights) by extension 'ros'
[0.447s] [34mcolcon.colcon_core.package_identification[0m [1;30mLevel 1[0m _identify(yolo_training/old_training/taiwan_17class_training/final_spatial_classification2/weights) by extensions ['cmake', 'python']
[0.447s] [34mcolcon.colcon_core.package_identification[0m [1;30mLevel 1[0m _identify(yolo_training/old_training/taiwan_17class_training/final_spatial_classification2/weights) by extension 'cmake'
[0.447s] [34mcolcon.colcon_core.package_identification[0m [1;30mLevel 1[0m _identify(yolo_training/old_training/taiwan_17class_training/final_spatial_classification2/weights) by extension 'python'
[0.447s] [34mcolcon.colcon_core.package_identification[0m [1;30mLevel 1[0m _identify(yolo_training/old_training/taiwan_17class_training/final_spatial_classification2/weights) by extensions ['python_setup_py']
[0.447s] [34mcolcon.colcon_core.package_identification[0m [1;30mLevel 1[0m _identify(yolo_training/old_training/taiwan_17class_training/final_spatial_classification2/weights) by extension 'python_setup_py'
[0.447s] [34mcolcon.colcon_core.package_identification[0m [1;30mLevel 1[0m _identify(yolo_training/old_training/taiwan_17class_training/final_spatial_classification3) by extensions ['ignore', 'ignore_ament_install']
[0.447s] [34mcolcon.colcon_core.package_identification[0m [1;30mLevel 1[0m _identify(yolo_training/old_training/taiwan_17class_training/final_spatial_classification3) by extension 'ignore'
[0.447s] [34mcolcon.colcon_core.package_identification[0m [1;30mLevel 1[0m _identify(yolo_training/old_training/taiwan_17class_training/final_spatial_classification3) by extension 'ignore_ament_install'
[0.447s] [34mcolcon.colcon_core.package_identification[0m [1;30mLevel 1[0m _identify(yolo_training/old_training/taiwan_17class_training/final_spatial_classification3) by extensions ['colcon_pkg']
[0.447s] [34mcolcon.colcon_core.package_identification[0m [1;30mLevel 1[0m _identify(yolo_training/old_training/taiwan_17class_training/final_spatial_classification3) by extension 'colcon_pkg'
[0.447s] [34mcolcon.colcon_core.package_identification[0m [1;30mLevel 1[0m _identify(yolo_training/old_training/taiwan_17class_training/final_spatial_classification3) by extensions ['colcon_meta']
[0.447s] [34mcolcon.colcon_core.package_identification[0m [1;30mLevel 1[0m _identify(yolo_training/old_training/taiwan_17class_training/final_spatial_classification3) by extension 'colcon_meta'
[0.447s] [34mcolcon.colcon_core.package_identification[0m [1;30mLevel 1[0m _identify(yolo_training/old_training/taiwan_17class_training/final_spatial_classification3) by extensions ['ros']
[0.447s] [34mcolcon.colcon_core.package_identification[0m [1;30mLevel 1[0m _identify(yolo_training/old_training/taiwan_17class_training/final_spatial_classification3) by extension 'ros'
[0.447s] [34mcolcon.colcon_core.package_identification[0m [1;30mLevel 1[0m _identify(yolo_training/old_training/taiwan_17class_training/final_spatial_classification3) by extensions ['cmake', 'python']
[0.447s] [34mcolcon.colcon_core.package_identification[0m [1;30mLevel 1[0m _identify(yolo_training/old_training/taiwan_17class_training/final_spatial_classification3) by extension 'cmake'
[0.447s] [34mcolcon.colcon_core.package_identification[0m [1;30mLevel 1[0m _identify(yolo_training/old_training/taiwan_17class_training/final_spatial_classification3) by extension 'python'
[0.447s] [34mcolcon.colcon_core.package_identification[0m [1;30mLevel 1[0m _identify(yolo_training/old_training/taiwan_17class_training/final_spatial_classification3) by extensions ['python_setup_py']
[0.447s] [34mcolcon.colcon_core.package_identification[0m [1;30mLevel 1[0m _identify(yolo_training/old_training/taiwan_17class_training/final_spatial_classification3) by extension 'python_setup_py'
[0.447s] [34mcolcon.colcon_core.package_identification[0m [1;30mLevel 1[0m _identify(yolo_training/old_training/taiwan_17class_training/final_spatial_classification3/weights) by extensions ['ignore', 'ignore_ament_install']
[0.447s] [34mcolcon.colcon_core.package_identification[0m [1;30mLevel 1[0m _identify(yolo_training/old_training/taiwan_17class_training/final_spatial_classification3/weights) by extension 'ignore'
[0.447s] [34mcolcon.colcon_core.package_identification[0m [1;30mLevel 1[0m _identify(yolo_training/old_training/taiwan_17class_training/final_spatial_classification3/weights) by extension 'ignore_ament_install'
[0.447s] [34mcolcon.colcon_core.package_identification[0m [1;30mLevel 1[0m _identify(yolo_training/old_training/taiwan_17class_training/final_spatial_classification3/weights) by extensions ['colcon_pkg']
[0.447s] [34mcolcon.colcon_core.package_identification[0m [1;30mLevel 1[0m _identify(yolo_training/old_training/taiwan_17class_training/final_spatial_classification3/weights) by extension 'colcon_pkg'
[0.447s] [34mcolcon.colcon_core.package_identification[0m [1;30mLevel 1[0m _identify(yolo_training/old_training/taiwan_17class_training/final_spatial_classification3/weights) by extensions ['colcon_meta']
[0.447s] [34mcolcon.colcon_core.package_identification[0m [1;30mLevel 1[0m _identify(yolo_training/old_training/taiwan_17class_training/final_spatial_classification3/weights) by extension 'colcon_meta'
[0.447s] [34mcolcon.colcon_core.package_identification[0m [1;30mLevel 1[0m _identify(yolo_training/old_training/taiwan_17class_training/final_spatial_classification3/weights) by extensions ['ros']
[0.447s] [34mcolcon.colcon_core.package_identification[0m [1;30mLevel 1[0m _identify(yolo_training/old_training/taiwan_17class_training/final_spatial_classification3/weights) by extension 'ros'
[0.447s] [34mcolcon.colcon_core.package_identification[0m [1;30mLevel 1[0m _identify(yolo_training/old_training/taiwan_17class_training/final_spatial_classification3/weights) by extensions ['cmake', 'python']
[0.447s] [34mcolcon.colcon_core.package_identification[0m [1;30mLevel 1[0m _identify(yolo_training/old_training/taiwan_17class_training/final_spatial_classification3/weights) by extension 'cmake'
[0.447s] [34mcolcon.colcon_core.package_identification[0m [1;30mLevel 1[0m _identify(yolo_training/old_training/taiwan_17class_training/final_spatial_classification3/weights) by extension 'python'
[0.447s] [34mcolcon.colcon_core.package_identification[0m [1;30mLevel 1[0m _identify(yolo_training/old_training/taiwan_17class_training/final_spatial_classification3/weights) by extensions ['python_setup_py']
[0.447s] [34mcolcon.colcon_core.package_identification[0m [1;30mLevel 1[0m _identify(yolo_training/old_training/taiwan_17class_training/final_spatial_classification3/weights) by extension 'python_setup_py'
[0.447s] [34mcolcon.colcon_core.package_identification[0m [1;30mLevel 1[0m _identify(yolo_training/old_training/val) by extensions ['ignore', 'ignore_ament_install']
[0.447s] [34mcolcon.colcon_core.package_identification[0m [1;30mLevel 1[0m _identify(yolo_training/old_training/val) by extension 'ignore'
[0.447s] [34mcolcon.colcon_core.package_identification[0m [1;30mLevel 1[0m _identify(yolo_training/old_training/val) by extension 'ignore_ament_install'
[0.447s] [34mcolcon.colcon_core.package_identification[0m [1;30mLevel 1[0m _identify(yolo_training/old_training/val) by extensions ['colcon_pkg']
[0.448s] [34mcolcon.colcon_core.package_identification[0m [1;30mLevel 1[0m _identify(yolo_training/old_training/val) by extension 'colcon_pkg'
[0.448s] [34mcolcon.colcon_core.package_identification[0m [1;30mLevel 1[0m _identify(yolo_training/old_training/val) by extensions ['colcon_meta']
[0.448s] [34mcolcon.colcon_core.package_identification[0m [1;30mLevel 1[0m _identify(yolo_training/old_training/val) by extension 'colcon_meta'
[0.448s] [34mcolcon.colcon_core.package_identification[0m [1;30mLevel 1[0m _identify(yolo_training/old_training/val) by extensions ['ros']
[0.448s] [34mcolcon.colcon_core.package_identification[0m [1;30mLevel 1[0m _identify(yolo_training/old_training/val) by extension 'ros'
[0.448s] [34mcolcon.colcon_core.package_identification[0m [1;30mLevel 1[0m _identify(yolo_training/old_training/val) by extensions ['cmake', 'python']
[0.448s] [34mcolcon.colcon_core.package_identification[0m [1;30mLevel 1[0m _identify(yolo_training/old_training/val) by extension 'cmake'
[0.448s] [34mcolcon.colcon_core.package_identification[0m [1;30mLevel 1[0m _identify(yolo_training/old_training/val) by extension 'python'
[0.448s] [34mcolcon.colcon_core.package_identification[0m [1;30mLevel 1[0m _identify(yolo_training/old_training/val) by extensions ['python_setup_py']
[0.448s] [34mcolcon.colcon_core.package_identification[0m [1;30mLevel 1[0m _identify(yolo_training/old_training/val) by extension 'python_setup_py'
[0.448s] [34mcolcon.colcon_core.package_identification[0m [1;30mLevel 1[0m _identify(yolo_training/runs) by extensions ['ignore', 'ignore_ament_install']
[0.448s] [34mcolcon.colcon_core.package_identification[0m [1;30mLevel 1[0m _identify(yolo_training/runs) by extension 'ignore'
[0.448s] [34mcolcon.colcon_core.package_identification[0m [1;30mLevel 1[0m _identify(yolo_training/runs) by extension 'ignore_ament_install'
[0.448s] [34mcolcon.colcon_core.package_identification[0m [1;30mLevel 1[0m _identify(yolo_training/runs) by extensions ['colcon_pkg']
[0.448s] [34mcolcon.colcon_core.package_identification[0m [1;30mLevel 1[0m _identify(yolo_training/runs) by extension 'colcon_pkg'
[0.448s] [34mcolcon.colcon_core.package_identification[0m [1;30mLevel 1[0m _identify(yolo_training/runs) by extensions ['colcon_meta']
[0.448s] [34mcolcon.colcon_core.package_identification[0m [1;30mLevel 1[0m _identify(yolo_training/runs) by extension 'colcon_meta'
[0.448s] [34mcolcon.colcon_core.package_identification[0m [1;30mLevel 1[0m _identify(yolo_training/runs) by extensions ['ros']
[0.448s] [34mcolcon.colcon_core.package_identification[0m [1;30mLevel 1[0m _identify(yolo_training/runs) by extension 'ros'
[0.448s] [34mcolcon.colcon_core.package_identification[0m [1;30mLevel 1[0m _identify(yolo_training/runs) by extensions ['cmake', 'python']
[0.448s] [34mcolcon.colcon_core.package_identification[0m [1;30mLevel 1[0m _identify(yolo_training/runs) by extension 'cmake'
[0.448s] [34mcolcon.colcon_core.package_identification[0m [1;30mLevel 1[0m _identify(yolo_training/runs) by extension 'python'
[0.448s] [34mcolcon.colcon_core.package_identification[0m [1;30mLevel 1[0m _identify(yolo_training/runs) by extensions ['python_setup_py']
[0.448s] [34mcolcon.colcon_core.package_identification[0m [1;30mLevel 1[0m _identify(yolo_training/runs) by extension 'python_setup_py'
[0.448s] [34mcolcon.colcon_core.package_identification[0m [1;30mLevel 1[0m _identify(yolo_training/runs/detect) by extensions ['ignore', 'ignore_ament_install']
[0.448s] [34mcolcon.colcon_core.package_identification[0m [1;30mLevel 1[0m _identify(yolo_training/runs/detect) by extension 'ignore'
[0.448s] [34mcolcon.colcon_core.package_identification[0m [1;30mLevel 1[0m _identify(yolo_training/runs/detect) by extension 'ignore_ament_install'
[0.448s] [34mcolcon.colcon_core.package_identification[0m [1;30mLevel 1[0m _identify(yolo_training/runs/detect) by extensions ['colcon_pkg']
[0.448s] [34mcolcon.colcon_core.package_identification[0m [1;30mLevel 1[0m _identify(yolo_training/runs/detect) by extension 'colcon_pkg'
[0.448s] [34mcolcon.colcon_core.package_identification[0m [1;30mLevel 1[0m _identify(yolo_training/runs/detect) by extensions ['colcon_meta']
[0.448s] [34mcolcon.colcon_core.package_identification[0m [1;30mLevel 1[0m _identify(yolo_training/runs/detect) by extension 'colcon_meta'
[0.448s] [34mcolcon.colcon_core.package_identification[0m [1;30mLevel 1[0m _identify(yolo_training/runs/detect) by extensions ['ros']
[0.448s] [34mcolcon.colcon_core.package_identification[0m [1;30mLevel 1[0m _identify(yolo_training/runs/detect) by extension 'ros'
[0.448s] [34mcolcon.colcon_core.package_identification[0m [1;30mLevel 1[0m _identify(yolo_training/runs/detect) by extensions ['cmake', 'python']
[0.448s] [34mcolcon.colcon_core.package_identification[0m [1;30mLevel 1[0m _identify(yolo_training/runs/detect) by extension 'cmake'
[0.448s] [34mcolcon.colcon_core.package_identification[0m [1;30mLevel 1[0m _identify(yolo_training/runs/detect) by extension 'python'
[0.448s] [34mcolcon.colcon_core.package_identification[0m [1;30mLevel 1[0m _identify(yolo_training/runs/detect) by extensions ['python_setup_py']
[0.448s] [34mcolcon.colcon_core.package_identification[0m [1;30mLevel 1[0m _identify(yolo_training/runs/detect) by extension 'python_setup_py'
[0.448s] [34mcolcon.colcon_core.package_discovery[0m [1;30mLevel 1[0m discover_packages(recursive) using defaults
[0.448s] [34mcolcon.colcon_core.package_discovery[0m [1;30mLevel 1[0m discover_packages(ignore) discover
[0.448s] [34mcolcon.colcon_core.package_discovery[0m [1;30mLevel 1[0m discover_packages(ignore) using defaults
[0.448s] [34mcolcon.colcon_core.package_discovery[0m [1;30mLevel 1[0m discover_packages(path) discover
[0.448s] [34mcolcon.colcon_core.package_discovery[0m [1;30mLevel 1[0m discover_packages(path) using defaults
[0.459s] [34mcolcon.colcon_core.package_selection[0m [1;30mINFO[0m Skipping not selected package 'assistive_navigation_core' in 'isaac_ros_ws/src/assistive_navigation_core'
[0.459s] [34mcolcon.colcon_core.package_selection[0m [1;30mINFO[0m Skipping not selected package 'gps_navigation_system' in 'isaac_ros_ws/src/gps_navigation_system'
[0.460s] [34mcolcon.colcon_core.package_selection[0m [1;30mINFO[0m Skipping not selected package 'scene_description_system' in 'isaac_ros_ws/src/scene_description_system'
[0.460s] [34mcolcon.colcon_core.package_selection[0m [1;30mINFO[0m Skipping not selected package 'shared_interfaces' in 'isaac_ros_ws/src/shared_interfaces'
[0.460s] [34mcolcon.colcon_core.package_selection[0m [1;30mINFO[0m Skipping not selected package 'vlm_scene_understanding' in 'isaac_ros_ws/src/vlm_scene_understanding'
[0.460s] [34mcolcon.colcon_core.package_selection[0m [1;30mINFO[0m Skipping not selected package 'yolov8_detection' in 'isaac_ros_ws/src/yolov8_detection'
[0.460s] [34mcolcon.colcon_core.package_discovery[0m [1;30mLevel 1[0m discover_packages(prefix_path) check parameters
[0.460s] [34mcolcon.colcon_core.package_discovery[0m [1;30mLevel 1[0m discover_packages(prefix_path) discover
[0.461s] [34mcolcon.colcon_installed_package_information.package_discovery[0m [1;30mDEBUG[0m [32mFound 0 installed packages in /home/sophie/visionaid-1/install[0m
[0.461s] [34mcolcon.colcon_installed_package_information.package_discovery[0m [1;30mDEBUG[0m [32mFound 7 installed packages in /home/sophie/visionaid-1/isaac_ros_ws/install[0m
[0.462s] [34mcolcon.colcon_installed_package_information.package_discovery[0m [1;30mDEBUG[0m [32mFound 381 installed packages in /opt/ros/humble[0m
[0.463s] [34mcolcon.colcon_core.package_discovery[0m [1;30mLevel 1[0m discover_packages(prefix_path) using defaults
[0.487s] [34mcolcon.colcon_core.verb[0m [1;30mLevel 5[0m set package 'traffic_crossing_assistant' build argument 'cmake_args' from command line to 'None'
[0.487s] [34mcolcon.colcon_core.verb[0m [1;30mLevel 5[0m set package 'traffic_crossing_assistant' build argument 'cmake_target' from command line to 'None'
[0.487s] [34mcolcon.colcon_core.verb[0m [1;30mLevel 5[0m set package 'traffic_crossing_assistant' build argument 'cmake_target_skip_unavailable' from command line to 'False'
[0.487s] [34mcolcon.colcon_core.verb[0m [1;30mLevel 5[0m set package 'traffic_crossing_assistant' build argument 'cmake_clean_cache' from command line to 'False'
[0.487s] [34mcolcon.colcon_core.verb[0m [1;30mLevel 5[0m set package 'traffic_crossing_assistant' build argument 'cmake_clean_first' from command line to 'False'
[0.487s] [34mcolcon.colcon_core.verb[0m [1;30mLevel 5[0m set package 'traffic_crossing_assistant' build argument 'cmake_force_configure' from command line to 'False'
[0.487s] [34mcolcon.colcon_core.verb[0m [1;30mLevel 5[0m set package 'traffic_crossing_assistant' build argument 'ament_cmake_args' from command line to 'None'
[0.487s] [34mcolcon.colcon_core.verb[0m [1;30mLevel 5[0m set package 'traffic_crossing_assistant' build argument 'catkin_cmake_args' from command line to 'None'
[0.487s] [34mcolcon.colcon_core.verb[0m [1;30mLevel 5[0m set package 'traffic_crossing_assistant' build argument 'catkin_skip_building_tests' from command line to 'False'
[0.487s] [34mcolcon.colcon_core.verb[0m [1;30mDEBUG[0m [32mBuilding package 'traffic_crossing_assistant' with the following arguments: {'ament_cmake_args': None, 'build_base': '/home/sophie/visionaid-1/build/traffic_crossing_assistant', 'catkin_cmake_args': None, 'catkin_skip_building_tests': False, 'cmake_args': None, 'cmake_clean_cache': False, 'cmake_clean_first': False, 'cmake_force_configure': False, 'cmake_target': None, 'cmake_target_skip_unavailable': False, 'install_base': '/home/sophie/visionaid-1/install/traffic_crossing_assistant', 'merge_install': False, 'path': '/home/sophie/visionaid-1/isaac_ros_ws/src/traffic_crossing_assistant', 'symlink_install': False, 'test_result_base': None}[0m
[0.487s] [34mcolcon.colcon_core.executor[0m [1;30mINFO[0m Executing jobs using 'parallel' executor
[0.488s] [34mcolcon.colcon_parallel_executor.executor.parallel[0m [1;30mDEBUG[0m [32mrun_until_complete[0m
[0.489s] [34mcolcon.colcon_ros.task.ament_python.build[0m [1;30mINFO[0m Building ROS package in '/home/sophie/visionaid-1/isaac_ros_ws/src/traffic_crossing_assistant' with build type 'ament_python'
[0.489s] [34mcolcon.colcon_core.shell[0m [1;30mLevel 1[0m create_environment_hook('traffic_crossing_assistant', 'ament_prefix_path')
[0.491s] [34mcolcon.colcon_core.plugin_system[0m [1;30mINFO[0m Skipping extension 'colcon_core.shell.bat': Not used on non-Windows systems
[0.491s] [34mcolcon.colcon_core.shell[0m [1;30mINFO[0m Creating environment hook '/home/sophie/visionaid-1/install/traffic_crossing_assistant/share/traffic_crossing_assistant/hook/ament_prefix_path.ps1'
[0.492s] [34mcolcon.colcon_core.shell[0m [1;30mINFO[0m Creating environment descriptor '/home/sophie/visionaid-1/install/traffic_crossing_assistant/share/traffic_crossing_assistant/hook/ament_prefix_path.dsv'
[0.492s] [34mcolcon.colcon_core.shell[0m [1;30mINFO[0m Creating environment hook '/home/sophie/visionaid-1/install/traffic_crossing_assistant/share/traffic_crossing_assistant/hook/ament_prefix_path.sh'
[0.492s] [34mcolcon.colcon_core.shell[0m [1;30mINFO[0m Skip shell extension 'powershell' for command environment: Not usable outside of PowerShell
[0.493s] [34mcolcon.colcon_core.shell[0m [1;30mDEBUG[0m [32mSkip shell extension 'dsv' for command environment[0m
[0.494s] [34mcolcon.colcon_core.shell[0m [1;30mWARNING[0m [33mThe following packages are in the workspace but haven't been built:
- yolov8_detection
They are being used from the following locations instead:
- /home/sophie/visionaid-1/isaac_ros_ws/install/yolov8_detection
To suppress this warning ignore these packages in the workspace:
--packages-ignore yolov8_detection[0m
[0.724s] [34mcolcon.colcon_core.task.python.build[0m [1;30mINFO[0m Building Python package in '/home/sophie/visionaid-1/isaac_ros_ws/src/traffic_crossing_assistant'
[0.724s] [34mcolcon.colcon_core.shell[0m [1;30mINFO[0m Skip shell extension 'powershell' for command environment: Not usable outside of PowerShell
[0.724s] [34mcolcon.colcon_core.shell[0m [1;30mDEBUG[0m [32mSkip shell extension 'dsv' for command environment[0m
[1.137s] [34mcolcon.colcon_core.event_handler.log_command[0m [1;30mDEBUG[0m [32mInvoking command in '/home/sophie/visionaid-1/isaac_ros_ws/src/traffic_crossing_assistant': PYTHONPATH=/home/sophie/visionaid-1/build/traffic_crossing_assistant/prefix_override:/usr/lib/python3/dist-packages/colcon_core/task/python/colcon_distutils_commands:/home/sophie/visionaid-1/install/traffic_crossing_assistant/lib/python3.10/site-packages:${PYTHONPATH} /usr/bin/python3 -W ignore:setup.py install is deprecated -W ignore:easy_install command is deprecated setup.py egg_info --egg-base ../../../build/traffic_crossing_assistant build --build-base /home/sophie/visionaid-1/build/traffic_crossing_assistant/build install --record /home/sophie/visionaid-1/build/traffic_crossing_assistant/install.log --single-version-externally-managed install_data[0m
[1.495s] [34mcolcon.colcon_core.event_handler.log_command[0m [1;30mDEBUG[0m [32mInvoked command in '/home/sophie/visionaid-1/isaac_ros_ws/src/traffic_crossing_assistant' returned '0': PYTHONPATH=/home/sophie/visionaid-1/build/traffic_crossing_assistant/prefix_override:/usr/lib/python3/dist-packages/colcon_core/task/python/colcon_distutils_commands:/home/sophie/visionaid-1/install/traffic_crossing_assistant/lib/python3.10/site-packages:${PYTHONPATH} /usr/bin/python3 -W ignore:setup.py install is deprecated -W ignore:easy_install command is deprecated setup.py egg_info --egg-base ../../../build/traffic_crossing_assistant build --build-base /home/sophie/visionaid-1/build/traffic_crossing_assistant/build install --record /home/sophie/visionaid-1/build/traffic_crossing_assistant/install.log --single-version-externally-managed install_data[0m
[1.498s] [34mcolcon.colcon_core.environment[0m [1;30mLevel 1[0m checking '/home/sophie/visionaid-1/install/traffic_crossing_assistant' for CMake module files
[1.498s] [34mcolcon.colcon_core.environment[0m [1;30mLevel 1[0m checking '/home/sophie/visionaid-1/install/traffic_crossing_assistant' for CMake config files
[1.499s] [34mcolcon.colcon_core.environment[0m [1;30mLevel 1[0m checking '/home/sophie/visionaid-1/install/traffic_crossing_assistant/lib'
[1.499s] [34mcolcon.colcon_core.environment[0m [1;30mLevel 1[0m checking '/home/sophie/visionaid-1/install/traffic_crossing_assistant/bin'
[1.499s] [34mcolcon.colcon_core.environment[0m [1;30mLevel 1[0m checking '/home/sophie/visionaid-1/install/traffic_crossing_assistant/lib/pkgconfig/traffic_crossing_assistant.pc'
[1.499s] [34mcolcon.colcon_core.environment[0m [1;30mLevel 1[0m checking '/home/sophie/visionaid-1/install/traffic_crossing_assistant/lib/python3.10/site-packages'
[1.499s] [34mcolcon.colcon_core.shell[0m [1;30mLevel 1[0m create_environment_hook('traffic_crossing_assistant', 'pythonpath')
[1.499s] [34mcolcon.colcon_core.shell[0m [1;30mINFO[0m Creating environment hook '/home/sophie/visionaid-1/install/traffic_crossing_assistant/share/traffic_crossing_assistant/hook/pythonpath.ps1'
[1.499s] [34mcolcon.colcon_core.shell[0m [1;30mINFO[0m Creating environment descriptor '/home/sophie/visionaid-1/install/traffic_crossing_assistant/share/traffic_crossing_assistant/hook/pythonpath.dsv'
[1.500s] [34mcolcon.colcon_core.shell[0m [1;30mINFO[0m Creating environment hook '/home/sophie/visionaid-1/install/traffic_crossing_assistant/share/traffic_crossing_assistant/hook/pythonpath.sh'
[1.500s] [34mcolcon.colcon_core.environment[0m [1;30mLevel 1[0m checking '/home/sophie/visionaid-1/install/traffic_crossing_assistant/bin'
[1.500s] [34mcolcon.colcon_core.environment[0m [1;30mLevel 1[0m create_environment_scripts_only(traffic_crossing_assistant)
[1.500s] [34mcolcon.colcon_core.shell[0m [1;30mINFO[0m Creating package script '/home/sophie/visionaid-1/install/traffic_crossing_assistant/share/traffic_crossing_assistant/package.ps1'
[1.501s] [34mcolcon.colcon_core.shell[0m [1;30mINFO[0m Creating package descriptor '/home/sophie/visionaid-1/install/traffic_crossing_assistant/share/traffic_crossing_assistant/package.dsv'
[1.501s] [34mcolcon.colcon_core.shell[0m [1;30mINFO[0m Creating package script '/home/sophie/visionaid-1/install/traffic_crossing_assistant/share/traffic_crossing_assistant/package.sh'
[1.501s] [34mcolcon.colcon_core.shell[0m [1;30mINFO[0m Creating package script '/home/sophie/visionaid-1/install/traffic_crossing_assistant/share/traffic_crossing_assistant/package.bash'
[1.502s] [34mcolcon.colcon_core.shell[0m [1;30mINFO[0m Creating package script '/home/sophie/visionaid-1/install/traffic_crossing_assistant/share/traffic_crossing_assistant/package.zsh'
[1.502s] [34mcolcon.colcon_core.environment[0m [1;30mLevel 1[0m create_file_with_runtime_dependencies(/home/sophie/visionaid-1/install/traffic_crossing_assistant/share/colcon-core/packages/traffic_crossing_assistant)
[1.502s] [34mcolcon.colcon_parallel_executor.executor.parallel[0m [1;30mDEBUG[0m [32mclosing loop[0m
[1.502s] [34mcolcon.colcon_parallel_executor.executor.parallel[0m [1;30mDEBUG[0m [32mloop closed[0m
[1.502s] [34mcolcon.colcon_parallel_executor.executor.parallel[0m [1;30mDEBUG[0m [32mrun_until_complete finished with '0'[0m
[1.503s] [34mcolcon.colcon_core.event_reactor[0m [1;30mDEBUG[0m [32mjoining thread[0m
[1.507s] [34mcolcon.colcon_core.plugin_system[0m [1;30mINFO[0m Skipping extension 'colcon_notification.desktop_notification.terminal_notifier': Not used on non-Darwin systems
[1.507s] [34mcolcon.colcon_core.plugin_system[0m [1;30mINFO[0m Skipping extension 'colcon_notification.desktop_notification.win32': Not used on non-Windows systems
[1.507s] [34mcolcon.colcon_notification.desktop_notification[0m [1;30mINFO[0m Sending desktop notification using 'notify2'
[1.517s] [34mcolcon.colcon_core.event_reactor[0m [1;30mDEBUG[0m [32mjoined thread[0m
[1.518s] [34mcolcon.colcon_core.shell[0m [1;30mINFO[0m Creating prefix script '/home/sophie/visionaid-1/install/local_setup.ps1'
[1.519s] [34mcolcon.colcon_core.shell[0m [1;30mINFO[0m Creating prefix util module '/home/sophie/visionaid-1/install/_local_setup_util_ps1.py'
[1.519s] [34mcolcon.colcon_core.shell[0m [1;30mINFO[0m Creating prefix chain script '/home/sophie/visionaid-1/install/setup.ps1'
[1.520s] [34mcolcon.colcon_core.shell[0m [1;30mINFO[0m Creating prefix script '/home/sophie/visionaid-1/install/local_setup.sh'
[1.520s] [34mcolcon.colcon_core.shell[0m [1;30mINFO[0m Creating prefix util module '/home/sophie/visionaid-1/install/_local_setup_util_sh.py'
[1.521s] [34mcolcon.colcon_core.shell[0m [1;30mINFO[0m Creating prefix chain script '/home/sophie/visionaid-1/install/setup.sh'
[1.522s] [34mcolcon.colcon_core.shell[0m [1;30mINFO[0m Creating prefix script '/home/sophie/visionaid-1/install/local_setup.bash'
[1.522s] [34mcolcon.colcon_core.shell[0m [1;30mINFO[0m Creating prefix chain script '/home/sophie/visionaid-1/install/setup.bash'
[1.522s] [34mcolcon.colcon_core.shell[0m [1;30mINFO[0m Creating prefix script '/home/sophie/visionaid-1/install/local_setup.zsh'
[1.523s] [34mcolcon.colcon_core.shell[0m [1;30mINFO[0m Creating prefix chain script '/home/sophie/visionaid-1/install/setup.zsh'
