[0.000000] (-) TimerEvent: {}
[0.000158] (-) JobUnselected: {'identifier': 'action_msgs'}
[0.000307] (-) JobUnselected: {'identifier': 'actionlib_msgs'}
[0.000387] (-) JobUnselected: {'identifier': 'common_interfaces'}
[0.000408] (-) JobUnselected: {'identifier': 'complex_msgs'}
[0.000428] (-) JobUnselected: {'identifier': 'composition_interfaces'}
[0.000460] (-) JobUnselected: {'identifier': 'diagnostic_msgs'}
[0.000481] (-) JobUnselected: {'identifier': 'example_interfaces'}
[0.000665] (-) JobUnselected: {'identifier': 'geometry_msgs'}
[0.000736] (-) JobUnselected: {'identifier': 'lifecycle_msgs'}
[0.000762] (-) JobUnselected: {'identifier': 'micro_ros_demos_rclc'}
[0.000782] (-) JobUnselected: {'identifier': 'micro_ros_setup'}
[0.000802] (-) JobUnselected: {'identifier': 'micro_ros_utilities'}
[0.000867] (-) JobUnselected: {'identifier': 'microcdr'}
[0.000888] (-) JobUnselected: {'identifier': 'microxrcedds_client'}
[0.000907] (-) JobUnselected: {'identifier': 'nav_msgs'}
[0.000926] (-) JobUnselected: {'identifier': 'rcl_interfaces'}
[0.000944] (-) JobUnselected: {'identifier': 'rclc'}
[0.000963] (-) JobUnselected: {'identifier': 'rclc_examples'}
[0.000981] (-) JobUnselected: {'identifier': 'rclc_lifecycle'}
[0.001002] (-) JobUnselected: {'identifier': 'rclc_parameter'}
[0.001020] (-) JobUnselected: {'identifier': 'rmw_microxrcedds'}
[0.001039] (-) JobUnselected: {'identifier': 'rosgraph_msgs'}
[0.001058] (-) JobUnselected: {'identifier': 'rosidl_typesupport_microxrcedds_c'}
[0.001079] (-) JobUnselected: {'identifier': 'rosidl_typesupport_microxrcedds_c_tests'}
[0.001099] (-) JobUnselected: {'identifier': 'rosidl_typesupport_microxrcedds_cpp'}
[0.001118] (-) JobUnselected: {'identifier': 'rosidl_typesupport_microxrcedds_cpp_tests'}
[0.001136] (-) JobUnselected: {'identifier': 'rosidl_typesupport_microxrcedds_test_msg'}
[0.001154] (-) JobUnselected: {'identifier': 'sensor_msgs'}
[0.001184] (-) JobUnselected: {'identifier': 'sensor_msgs_py'}
[0.001203] (-) JobUnselected: {'identifier': 'shape_msgs'}
[0.001258] (-) JobUnselected: {'identifier': 'statistics_msgs'}
[0.001284] (-) JobUnselected: {'identifier': 'std_msgs'}
[0.001302] (-) JobUnselected: {'identifier': 'std_srvs'}
[0.001320] (-) JobUnselected: {'identifier': 'stereo_msgs'}
[0.001338] (-) JobUnselected: {'identifier': 'test_msgs'}
[0.001395] (-) JobUnselected: {'identifier': 'trajectory_msgs'}
[0.001416] (-) JobUnselected: {'identifier': 'unique_identifier_msgs'}
[0.001435] (-) JobUnselected: {'identifier': 'visualization_msgs'}
[0.001456] (builtin_interfaces) JobQueued: {'identifier': 'builtin_interfaces', 'dependencies': OrderedDict()}
[0.001478] (micro_ros_msgs) JobQueued: {'identifier': 'micro_ros_msgs', 'dependencies': OrderedDict()}
[0.001502] (micro_ros_agent) JobQueued: {'identifier': 'micro_ros_agent', 'dependencies': OrderedDict([('builtin_interfaces', '/home/kanye/Documents/visionaid/microros_ws/install/builtin_interfaces'), ('micro_ros_msgs', '/home/kanye/Documents/visionaid/microros_ws/install/micro_ros_msgs')])}
[0.001528] (builtin_interfaces) JobStarted: {'identifier': 'builtin_interfaces'}
[0.004844] (micro_ros_msgs) JobStarted: {'identifier': 'micro_ros_msgs'}
[0.007874] (builtin_interfaces) JobProgress: {'identifier': 'builtin_interfaces', 'progress': 'cmake'}
[0.008246] (builtin_interfaces) JobProgress: {'identifier': 'builtin_interfaces', 'progress': 'build'}
[0.008943] (builtin_interfaces) Command: {'cmd': ['/usr/bin/cmake', '--build', '/home/kanye/Documents/visionaid/microros_ws/build/builtin_interfaces', '--', '-j28', '-l28'], 'cwd': '/home/kanye/Documents/visionaid/microros_ws/build/builtin_interfaces', 'env': OrderedDict([('LESSOPEN', '| /usr/bin/lesspipe %s'), ('USER', 'kanye'), ('LC_TIME', 'lzh_TW'), ('XDG_SESSION_TYPE', 'wayland'), ('SHLVL', '2'), ('LD_LIBRARY_PATH', '/opt/ros/humble/opt/rviz_ogre_vendor/lib:/opt/ros/humble/lib/x86_64-linux-gnu:/opt/ros/humble/lib'), ('HOME', '/home/kanye'), ('OLDPWD', '/home/kanye/Documents/visionaid'), ('DESKTOP_SESSION', 'ubuntu'), ('ROS_PYTHON_VERSION', '3'), ('GNOME_SHELL_SESSION_MODE', 'ubuntu'), ('GTK_MODULES', 'gail:atk-bridge'), ('LC_MONETARY', 'lzh_TW'), ('SYSTEMD_EXEC_PID', '2284'), ('DBUS_SESSION_BUS_ADDRESS', 'unix:path=/run/user/1000/bus'), ('COLORTERM', 'truecolor'), ('IM_CONFIG_PHASE', '1'), ('WAYLAND_DISPLAY', 'wayland-0'), ('COLCON_PREFIX_PATH', '/home/kanye/Documents/visionaid/microros_ws/install'), ('ROS_DISTRO', 'humble'), ('LOGNAME', 'kanye'), ('_', '/usr/bin/colcon'), ('ROS_VERSION', '2'), ('XDG_SESSION_CLASS', 'user'), ('USERNAME', 'kanye'), ('TERM', 'xterm-256color'), ('GNOME_DESKTOP_SESSION_ID', 'this-is-deprecated'), ('ROS_LOCALHOST_ONLY', '0'), ('PATH', '/opt/ros/humble/bin:/home/kanye/.local/bin:/usr/local/sbin:/usr/local/bin:/usr/sbin:/usr/bin:/sbin:/bin:/usr/games:/usr/local/games:/snap/bin:/snap/bin'), ('SESSION_MANAGER', 'local/kanye-Ubuntu16:@/tmp/.ICE-unix/2254,unix/kanye-Ubuntu16:/tmp/.ICE-unix/2254'), ('XDG_MENU_PREFIX', 'gnome-'), ('LC_ADDRESS', 'lzh_TW'), ('GNOME_TERMINAL_SCREEN', '/org/gnome/Terminal/screen/bc25f51e_b569_4d46_8345_b17f9195c3b2'), ('GNOME_SETUP_DISPLAY', ':1'), ('XDG_RUNTIME_DIR', '/run/user/1000'), ('DISPLAY', ':0'), ('LANG', 'en_US.UTF-8'), ('XDG_CURRENT_DESKTOP', 'ubuntu:GNOME'), ('LC_TELEPHONE', 'lzh_TW'), ('XMODIFIERS', '@im=ibus'), ('XDG_SESSION_DESKTOP', 'ubuntu'), ('XAUTHORITY', '/run/user/1000/.mutter-Xwaylandauth.Y40N82'), ('LS_COLORS', 'rs=0:di=01;34:ln=01;36:mh=00:pi=40;33:so=01;35:do=01;35:bd=40;33;01:cd=40;33;01:or=40;31;01:mi=00:su=37;41:sg=30;43:ca=30;41:tw=30;42:ow=34;42:st=37;44:ex=01;32:*.tar=01;31:*.tgz=01;31:*.arc=01;31:*.arj=01;31:*.taz=01;31:*.lha=01;31:*.lz4=01;31:*.lzh=01;31:*.lzma=01;31:*.tlz=01;31:*.txz=01;31:*.tzo=01;31:*.t7z=01;31:*.zip=01;31:*.z=01;31:*.dz=01;31:*.gz=01;31:*.lrz=01;31:*.lz=01;31:*.lzo=01;31:*.xz=01;31:*.zst=01;31:*.tzst=01;31:*.bz2=01;31:*.bz=01;31:*.tbz=01;31:*.tbz2=01;31:*.tz=01;31:*.deb=01;31:*.rpm=01;31:*.jar=01;31:*.war=01;31:*.ear=01;31:*.sar=01;31:*.rar=01;31:*.alz=01;31:*.ace=01;31:*.zoo=01;31:*.cpio=01;31:*.7z=01;31:*.rz=01;31:*.cab=01;31:*.wim=01;31:*.swm=01;31:*.dwm=01;31:*.esd=01;31:*.jpg=01;35:*.jpeg=01;35:*.mjpg=01;35:*.mjpeg=01;35:*.gif=01;35:*.bmp=01;35:*.pbm=01;35:*.pgm=01;35:*.ppm=01;35:*.tga=01;35:*.xbm=01;35:*.xpm=01;35:*.tif=01;35:*.tiff=01;35:*.png=01;35:*.svg=01;35:*.svgz=01;35:*.mng=01;35:*.pcx=01;35:*.mov=01;35:*.mpg=01;35:*.mpeg=01;35:*.m2v=01;35:*.mkv=01;35:*.webm=01;35:*.webp=01;35:*.ogm=01;35:*.mp4=01;35:*.m4v=01;35:*.mp4v=01;35:*.vob=01;35:*.qt=01;35:*.nuv=01;35:*.wmv=01;35:*.asf=01;35:*.rm=01;35:*.rmvb=01;35:*.flc=01;35:*.avi=01;35:*.fli=01;35:*.flv=01;35:*.gl=01;35:*.dl=01;35:*.xcf=01;35:*.xwd=01;35:*.yuv=01;35:*.cgm=01;35:*.emf=01;35:*.ogv=01;35:*.ogx=01;35:*.aac=00;36:*.au=00;36:*.flac=00;36:*.m4a=00;36:*.mid=00;36:*.midi=00;36:*.mka=00;36:*.mp3=00;36:*.mpc=00;36:*.ogg=00;36:*.ra=00;36:*.wav=00;36:*.oga=00;36:*.opus=00;36:*.spx=00;36:*.xspf=00;36:'), ('GNOME_TERMINAL_SERVICE', ':1.148'), ('SSH_AGENT_LAUNCHER', 'gnome-keyring'), ('SSH_AUTH_SOCK', '/run/user/1000/keyring/ssh'), ('AMENT_PREFIX_PATH', '/home/kanye/Documents/visionaid/microros_ws/install/micro_ros_setup:/opt/ros/humble'), ('SHELL', '/bin/bash'), ('LC_NAME', 'lzh_TW'), ('QT_ACCESSIBILITY', '1'), ('GDMSESSION', 'ubuntu'), ('LESSCLOSE', '/usr/bin/lesspipe %s %s'), ('LC_MEASUREMENT', 'lzh_TW'), ('LC_IDENTIFICATION', 'lzh_TW'), ('QT_IM_MODULE', 'ibus'), ('PWD', '/home/kanye/Documents/visionaid/microros_ws/build/builtin_interfaces'), ('XDG_CONFIG_DIRS', '/etc/xdg/xdg-ubuntu:/etc/xdg'), ('XDG_DATA_DIRS', '/usr/share/ubuntu:/usr/local/share/:/usr/share/:/var/lib/snapd/desktop'), ('PYTHONPATH', '/opt/ros/humble/lib/python3.10/site-packages:/opt/ros/humble/local/lib/python3.10/dist-packages'), ('LC_NUMERIC', 'lzh_TW'), ('LC_PAPER', 'lzh_TW'), ('COLCON', '1'), ('VTE_VERSION', '6800'), ('CMAKE_PREFIX_PATH', '/home/kanye/Documents/visionaid/microros_ws/install/micro_ros_setup:/opt/ros/humble')]), 'shell': False}
[0.011408] (micro_ros_msgs) JobProgress: {'identifier': 'micro_ros_msgs', 'progress': 'cmake'}
[0.012187] (micro_ros_msgs) JobProgress: {'identifier': 'micro_ros_msgs', 'progress': 'build'}
[0.012286] (micro_ros_msgs) Command: {'cmd': ['/usr/bin/cmake', '--build', '/home/kanye/Documents/visionaid/microros_ws/build/micro_ros_msgs', '--', '-j28', '-l28'], 'cwd': '/home/kanye/Documents/visionaid/microros_ws/build/micro_ros_msgs', 'env': OrderedDict([('LESSOPEN', '| /usr/bin/lesspipe %s'), ('USER', 'kanye'), ('LC_TIME', 'lzh_TW'), ('XDG_SESSION_TYPE', 'wayland'), ('SHLVL', '2'), ('LD_LIBRARY_PATH', '/opt/ros/humble/opt/rviz_ogre_vendor/lib:/opt/ros/humble/lib/x86_64-linux-gnu:/opt/ros/humble/lib'), ('HOME', '/home/kanye'), ('OLDPWD', '/home/kanye/Documents/visionaid'), ('DESKTOP_SESSION', 'ubuntu'), ('ROS_PYTHON_VERSION', '3'), ('GNOME_SHELL_SESSION_MODE', 'ubuntu'), ('GTK_MODULES', 'gail:atk-bridge'), ('LC_MONETARY', 'lzh_TW'), ('SYSTEMD_EXEC_PID', '2284'), ('DBUS_SESSION_BUS_ADDRESS', 'unix:path=/run/user/1000/bus'), ('COLORTERM', 'truecolor'), ('IM_CONFIG_PHASE', '1'), ('WAYLAND_DISPLAY', 'wayland-0'), ('COLCON_PREFIX_PATH', '/home/kanye/Documents/visionaid/microros_ws/install'), ('ROS_DISTRO', 'humble'), ('LOGNAME', 'kanye'), ('_', '/usr/bin/colcon'), ('ROS_VERSION', '2'), ('XDG_SESSION_CLASS', 'user'), ('USERNAME', 'kanye'), ('TERM', 'xterm-256color'), ('GNOME_DESKTOP_SESSION_ID', 'this-is-deprecated'), ('ROS_LOCALHOST_ONLY', '0'), ('PATH', '/opt/ros/humble/bin:/home/kanye/.local/bin:/usr/local/sbin:/usr/local/bin:/usr/sbin:/usr/bin:/sbin:/bin:/usr/games:/usr/local/games:/snap/bin:/snap/bin'), ('SESSION_MANAGER', 'local/kanye-Ubuntu16:@/tmp/.ICE-unix/2254,unix/kanye-Ubuntu16:/tmp/.ICE-unix/2254'), ('XDG_MENU_PREFIX', 'gnome-'), ('LC_ADDRESS', 'lzh_TW'), ('GNOME_TERMINAL_SCREEN', '/org/gnome/Terminal/screen/bc25f51e_b569_4d46_8345_b17f9195c3b2'), ('GNOME_SETUP_DISPLAY', ':1'), ('XDG_RUNTIME_DIR', '/run/user/1000'), ('DISPLAY', ':0'), ('LANG', 'en_US.UTF-8'), ('XDG_CURRENT_DESKTOP', 'ubuntu:GNOME'), ('LC_TELEPHONE', 'lzh_TW'), ('XMODIFIERS', '@im=ibus'), ('XDG_SESSION_DESKTOP', 'ubuntu'), ('XAUTHORITY', '/run/user/1000/.mutter-Xwaylandauth.Y40N82'), ('LS_COLORS', 'rs=0:di=01;34:ln=01;36:mh=00:pi=40;33:so=01;35:do=01;35:bd=40;33;01:cd=40;33;01:or=40;31;01:mi=00:su=37;41:sg=30;43:ca=30;41:tw=30;42:ow=34;42:st=37;44:ex=01;32:*.tar=01;31:*.tgz=01;31:*.arc=01;31:*.arj=01;31:*.taz=01;31:*.lha=01;31:*.lz4=01;31:*.lzh=01;31:*.lzma=01;31:*.tlz=01;31:*.txz=01;31:*.tzo=01;31:*.t7z=01;31:*.zip=01;31:*.z=01;31:*.dz=01;31:*.gz=01;31:*.lrz=01;31:*.lz=01;31:*.lzo=01;31:*.xz=01;31:*.zst=01;31:*.tzst=01;31:*.bz2=01;31:*.bz=01;31:*.tbz=01;31:*.tbz2=01;31:*.tz=01;31:*.deb=01;31:*.rpm=01;31:*.jar=01;31:*.war=01;31:*.ear=01;31:*.sar=01;31:*.rar=01;31:*.alz=01;31:*.ace=01;31:*.zoo=01;31:*.cpio=01;31:*.7z=01;31:*.rz=01;31:*.cab=01;31:*.wim=01;31:*.swm=01;31:*.dwm=01;31:*.esd=01;31:*.jpg=01;35:*.jpeg=01;35:*.mjpg=01;35:*.mjpeg=01;35:*.gif=01;35:*.bmp=01;35:*.pbm=01;35:*.pgm=01;35:*.ppm=01;35:*.tga=01;35:*.xbm=01;35:*.xpm=01;35:*.tif=01;35:*.tiff=01;35:*.png=01;35:*.svg=01;35:*.svgz=01;35:*.mng=01;35:*.pcx=01;35:*.mov=01;35:*.mpg=01;35:*.mpeg=01;35:*.m2v=01;35:*.mkv=01;35:*.webm=01;35:*.webp=01;35:*.ogm=01;35:*.mp4=01;35:*.m4v=01;35:*.mp4v=01;35:*.vob=01;35:*.qt=01;35:*.nuv=01;35:*.wmv=01;35:*.asf=01;35:*.rm=01;35:*.rmvb=01;35:*.flc=01;35:*.avi=01;35:*.fli=01;35:*.flv=01;35:*.gl=01;35:*.dl=01;35:*.xcf=01;35:*.xwd=01;35:*.yuv=01;35:*.cgm=01;35:*.emf=01;35:*.ogv=01;35:*.ogx=01;35:*.aac=00;36:*.au=00;36:*.flac=00;36:*.m4a=00;36:*.mid=00;36:*.midi=00;36:*.mka=00;36:*.mp3=00;36:*.mpc=00;36:*.ogg=00;36:*.ra=00;36:*.wav=00;36:*.oga=00;36:*.opus=00;36:*.spx=00;36:*.xspf=00;36:'), ('GNOME_TERMINAL_SERVICE', ':1.148'), ('SSH_AGENT_LAUNCHER', 'gnome-keyring'), ('SSH_AUTH_SOCK', '/run/user/1000/keyring/ssh'), ('AMENT_PREFIX_PATH', '/home/kanye/Documents/visionaid/microros_ws/install/micro_ros_setup:/opt/ros/humble'), ('SHELL', '/bin/bash'), ('LC_NAME', 'lzh_TW'), ('QT_ACCESSIBILITY', '1'), ('GDMSESSION', 'ubuntu'), ('LESSCLOSE', '/usr/bin/lesspipe %s %s'), ('LC_MEASUREMENT', 'lzh_TW'), ('LC_IDENTIFICATION', 'lzh_TW'), ('QT_IM_MODULE', 'ibus'), ('PWD', '/home/kanye/Documents/visionaid/microros_ws/build/micro_ros_msgs'), ('XDG_CONFIG_DIRS', '/etc/xdg/xdg-ubuntu:/etc/xdg'), ('XDG_DATA_DIRS', '/usr/share/ubuntu:/usr/local/share/:/usr/share/:/var/lib/snapd/desktop'), ('PYTHONPATH', '/opt/ros/humble/lib/python3.10/site-packages:/opt/ros/humble/local/lib/python3.10/dist-packages'), ('LC_NUMERIC', 'lzh_TW'), ('LC_PAPER', 'lzh_TW'), ('COLCON', '1'), ('VTE_VERSION', '6800'), ('CMAKE_PREFIX_PATH', '/home/kanye/Documents/visionaid/microros_ws/install/micro_ros_setup:/opt/ros/humble')]), 'shell': False}
[0.045407] (builtin_interfaces) StdoutLine: {'line': b'\x1b[35m\x1b[1mConsolidate compiler generated dependencies of target builtin_interfaces__rosidl_generator_c\x1b[0m\n'}
[0.046716] (micro_ros_msgs) StdoutLine: {'line': b'\x1b[35m\x1b[1mConsolidate compiler generated dependencies of target micro_ros_msgs__rosidl_generator_c\x1b[0m\n'}
[0.053101] (builtin_interfaces) StdoutLine: {'line': b'[  2%] Built target builtin_interfaces__cpp\n'}
[0.053802] (builtin_interfaces) StdoutLine: {'line': b'[ 12%] Built target builtin_interfaces__rosidl_generator_c\n'}
[0.054581] (micro_ros_msgs) StdoutLine: {'line': b'[  2%] Built target micro_ros_msgs__cpp\n'}
[0.056125] (micro_ros_msgs) StdoutLine: {'line': b'[ 12%] Built target micro_ros_msgs__rosidl_generator_c\n'}
[0.060165] (micro_ros_msgs) StdoutLine: {'line': b'[ 12%] Built target ament_cmake_python_copy_micro_ros_msgs\n'}
[0.060808] (builtin_interfaces) StdoutLine: {'line': b'[ 12%] Built target ament_cmake_python_copy_builtin_interfaces\n'}
[0.061159] (builtin_interfaces) StdoutLine: {'line': b'\x1b[35m\x1b[1mConsolidate compiler generated dependencies of target builtin_interfaces__rosidl_typesupport_introspection_c\x1b[0m\n'}
[0.061936] (builtin_interfaces) StdoutLine: {'line': b'\x1b[35m\x1b[1mConsolidate compiler generated dependencies of target builtin_interfaces__rosidl_typesupport_c\x1b[0m\n'}
[0.062426] (micro_ros_msgs) StdoutLine: {'line': b'\x1b[35m\x1b[1mConsolidate compiler generated dependencies of target micro_ros_msgs__rosidl_typesupport_introspection_cpp\x1b[0m\n'}
[0.062900] (builtin_interfaces) StdoutLine: {'line': b'\x1b[35m\x1b[1mConsolidate compiler generated dependencies of target builtin_interfaces__rosidl_typesupport_fastrtps_c\x1b[0m\n'}
[0.064227] (builtin_interfaces) StdoutLine: {'line': b'\x1b[35m\x1b[1mConsolidate compiler generated dependencies of target builtin_interfaces__rosidl_typesupport_cpp\x1b[0m\n'}
[0.064640] (builtin_interfaces) StdoutLine: {'line': b'\x1b[35m\x1b[1mConsolidate compiler generated dependencies of target builtin_interfaces__rosidl_typesupport_introspection_cpp\x1b[0m\n'}
[0.065496] (builtin_interfaces) StdoutLine: {'line': b'\x1b[35m\x1b[1mConsolidate compiler generated dependencies of target builtin_interfaces__rosidl_typesupport_fastrtps_cpp\x1b[0m\n'}
[0.065717] (micro_ros_msgs) StdoutLine: {'line': b'\x1b[35m\x1b[1mConsolidate compiler generated dependencies of target micro_ros_msgs__rosidl_typesupport_fastrtps_cpp\x1b[0m\n'}
[0.065828] (micro_ros_msgs) StdoutLine: {'line': b'\x1b[35m\x1b[1mConsolidate compiler generated dependencies of target micro_ros_msgs__rosidl_typesupport_fastrtps_c\x1b[0m\n'}
[0.065934] (micro_ros_msgs) StdoutLine: {'line': b'\x1b[35m\x1b[1mConsolidate compiler generated dependencies of target micro_ros_msgs__rosidl_typesupport_cpp\x1b[0m\n'}
[0.067102] (micro_ros_msgs) StdoutLine: {'line': b'\x1b[35m\x1b[1mConsolidate compiler generated dependencies of target micro_ros_msgs__rosidl_typesupport_introspection_c\x1b[0m\n'}
[0.067199] (micro_ros_msgs) StdoutLine: {'line': b'\x1b[35m\x1b[1mConsolidate compiler generated dependencies of target micro_ros_msgs__rosidl_typesupport_c\x1b[0m\n'}
[0.069344] (builtin_interfaces) StdoutLine: {'line': b'[ 23%] Built target builtin_interfaces__rosidl_typesupport_introspection_c\n'}
[0.071162] (builtin_interfaces) StdoutLine: {'line': b'[ 33%] Built target builtin_interfaces__rosidl_typesupport_c\n'}
[0.072413] (micro_ros_msgs) StdoutLine: {'line': b'[ 23%] Built target micro_ros_msgs__rosidl_typesupport_introspection_cpp\n'}
[0.075727] (micro_ros_msgs) StdoutLine: {'line': b'[ 34%] Built target micro_ros_msgs__rosidl_typesupport_fastrtps_c\n'}
[0.076070] (builtin_interfaces) StdoutLine: {'line': b'[ 43%] Built target builtin_interfaces__rosidl_typesupport_fastrtps_cpp\n'}
[0.076254] (builtin_interfaces) StdoutLine: {'line': b'[ 53%] Built target builtin_interfaces__rosidl_typesupport_fastrtps_c\n'}
[0.076427] (micro_ros_msgs) StdoutLine: {'line': b'[ 44%] Built target micro_ros_msgs__rosidl_typesupport_introspection_c\n'}
[0.076707] (micro_ros_msgs) StdoutLine: {'line': b'[ 65%] Built target micro_ros_msgs__rosidl_typesupport_fastrtps_cpp\n'}
[0.076897] (micro_ros_msgs) StdoutLine: {'line': b'[ 65%] Built target micro_ros_msgs__rosidl_typesupport_c\n'}
[0.077585] (builtin_interfaces) StdoutLine: {'line': b'[ 64%] Built target builtin_interfaces__rosidl_typesupport_introspection_cpp\n'}
[0.077748] (builtin_interfaces) StdoutLine: {'line': b'[ 74%] Built target builtin_interfaces__rosidl_typesupport_cpp\n'}
[0.078574] (micro_ros_msgs) StdoutLine: {'line': b'[ 76%] Built target micro_ros_msgs__rosidl_typesupport_cpp\n'}
[0.094149] (micro_ros_msgs) StdoutLine: {'line': b'[ 76%] Built target micro_ros_msgs\n'}
[0.094287] (builtin_interfaces) StdoutLine: {'line': b'[ 74%] Built target builtin_interfaces\n'}
[0.099158] (-) TimerEvent: {}
[0.109053] (micro_ros_msgs) StdoutLine: {'line': b'[ 78%] Built target micro_ros_msgs__py\n'}
[0.109744] (builtin_interfaces) StdoutLine: {'line': b'[ 76%] Built target builtin_interfaces__py\n'}
[0.118237] (micro_ros_msgs) StdoutLine: {'line': b'\x1b[35m\x1b[1mConsolidate compiler generated dependencies of target micro_ros_msgs__rosidl_generator_py\x1b[0m\n'}
[0.119467] (builtin_interfaces) StdoutLine: {'line': b'\x1b[35m\x1b[1mConsolidate compiler generated dependencies of target builtin_interfaces__rosidl_generator_py\x1b[0m\n'}
[0.129971] (micro_ros_msgs) StdoutLine: {'line': b'[ 87%] Built target micro_ros_msgs__rosidl_generator_py\n'}
[0.130589] (builtin_interfaces) StdoutLine: {'line': b'[ 84%] Built target builtin_interfaces__rosidl_generator_py\n'}
[0.138042] (micro_ros_msgs) StdoutLine: {'line': b'\x1b[35m\x1b[1mConsolidate compiler generated dependencies of target micro_ros_msgs__rosidl_typesupport_fastrtps_c__pyext\x1b[0m\n'}
[0.138450] (builtin_interfaces) StdoutLine: {'line': b'\x1b[35m\x1b[1mConsolidate compiler generated dependencies of target builtin_interfaces__rosidl_typesupport_introspection_c__pyext\x1b[0m\n'}
[0.138579] (micro_ros_msgs) StdoutLine: {'line': b'\x1b[35m\x1b[1mConsolidate compiler generated dependencies of target micro_ros_msgs__rosidl_typesupport_c__pyext\x1b[0m\n'}
[0.138657] (micro_ros_msgs) StdoutLine: {'line': b'\x1b[35m\x1b[1mConsolidate compiler generated dependencies of target micro_ros_msgs__rosidl_typesupport_introspection_c__pyext\x1b[0m\n'}
[0.138975] (builtin_interfaces) StdoutLine: {'line': b'\x1b[35m\x1b[1mConsolidate compiler generated dependencies of target builtin_interfaces__rosidl_typesupport_fastrtps_c__pyext\x1b[0m\n'}
[0.139170] (builtin_interfaces) StdoutLine: {'line': b'\x1b[35m\x1b[1mConsolidate compiler generated dependencies of target builtin_interfaces__rosidl_typesupport_c__pyext\x1b[0m\n'}
[0.148630] (micro_ros_msgs) StdoutLine: {'line': b'[ 95%] Built target micro_ros_msgs__rosidl_typesupport_fastrtps_c__pyext\n'}
[0.148794] (micro_ros_msgs) StdoutLine: {'line': b'[ 95%] Built target micro_ros_msgs__rosidl_typesupport_c__pyext\n'}
[0.148869] (builtin_interfaces) StdoutLine: {'line': b'[ 89%] Built target builtin_interfaces__rosidl_typesupport_introspection_c__pyext\n'}
[0.149148] (micro_ros_msgs) StdoutLine: {'line': b'[100%] Built target micro_ros_msgs__rosidl_typesupport_introspection_c__pyext\n'}
[0.149536] (builtin_interfaces) StdoutLine: {'line': b'[100%] Built target builtin_interfaces__rosidl_typesupport_fastrtps_c__pyext\n'}
[0.149615] (builtin_interfaces) StdoutLine: {'line': b'[100%] Built target builtin_interfaces__rosidl_typesupport_c__pyext\n'}
[0.199356] (-) TimerEvent: {}
[0.220421] (builtin_interfaces) StdoutLine: {'line': b'running egg_info\n'}
[0.220744] (builtin_interfaces) StdoutLine: {'line': b'writing builtin_interfaces.egg-info/PKG-INFO\n'}
[0.220980] (builtin_interfaces) StdoutLine: {'line': b'writing dependency_links to builtin_interfaces.egg-info/dependency_links.txt\n'}
[0.221072] (builtin_interfaces) StdoutLine: {'line': b'writing top-level names to builtin_interfaces.egg-info/top_level.txt\n'}
[0.222393] (builtin_interfaces) StdoutLine: {'line': b"reading manifest file 'builtin_interfaces.egg-info/SOURCES.txt'\n"}
[0.222564] (builtin_interfaces) StdoutLine: {'line': b"writing manifest file 'builtin_interfaces.egg-info/SOURCES.txt'\n"}
[0.239599] (builtin_interfaces) StdoutLine: {'line': b'[100%] Built target ament_cmake_python_build_builtin_interfaces_egg\n'}
[0.240114] (micro_ros_msgs) StdoutLine: {'line': b'running egg_info\n'}
[0.240672] (micro_ros_msgs) StdoutLine: {'line': b'writing micro_ros_msgs.egg-info/PKG-INFO\n'}
[0.240824] (micro_ros_msgs) StdoutLine: {'line': b'writing dependency_links to micro_ros_msgs.egg-info/dependency_links.txt\n'}
[0.241001] (micro_ros_msgs) StdoutLine: {'line': b'writing top-level names to micro_ros_msgs.egg-info/top_level.txt\n'}
[0.242501] (micro_ros_msgs) StdoutLine: {'line': b"reading manifest file 'micro_ros_msgs.egg-info/SOURCES.txt'\n"}
[0.242995] (micro_ros_msgs) StdoutLine: {'line': b"writing manifest file 'micro_ros_msgs.egg-info/SOURCES.txt'\n"}
[0.249171] (builtin_interfaces) CommandEnded: {'returncode': 0}
[0.250127] (builtin_interfaces) JobProgress: {'identifier': 'builtin_interfaces', 'progress': 'install'}
[0.256736] (builtin_interfaces) Command: {'cmd': ['/usr/bin/cmake', '--install', '/home/kanye/Documents/visionaid/microros_ws/build/builtin_interfaces'], 'cwd': '/home/kanye/Documents/visionaid/microros_ws/build/builtin_interfaces', 'env': OrderedDict([('LESSOPEN', '| /usr/bin/lesspipe %s'), ('USER', 'kanye'), ('LC_TIME', 'lzh_TW'), ('XDG_SESSION_TYPE', 'wayland'), ('SHLVL', '2'), ('LD_LIBRARY_PATH', '/opt/ros/humble/opt/rviz_ogre_vendor/lib:/opt/ros/humble/lib/x86_64-linux-gnu:/opt/ros/humble/lib'), ('HOME', '/home/kanye'), ('OLDPWD', '/home/kanye/Documents/visionaid'), ('DESKTOP_SESSION', 'ubuntu'), ('ROS_PYTHON_VERSION', '3'), ('GNOME_SHELL_SESSION_MODE', 'ubuntu'), ('GTK_MODULES', 'gail:atk-bridge'), ('LC_MONETARY', 'lzh_TW'), ('SYSTEMD_EXEC_PID', '2284'), ('DBUS_SESSION_BUS_ADDRESS', 'unix:path=/run/user/1000/bus'), ('COLORTERM', 'truecolor'), ('IM_CONFIG_PHASE', '1'), ('WAYLAND_DISPLAY', 'wayland-0'), ('COLCON_PREFIX_PATH', '/home/kanye/Documents/visionaid/microros_ws/install'), ('ROS_DISTRO', 'humble'), ('LOGNAME', 'kanye'), ('_', '/usr/bin/colcon'), ('ROS_VERSION', '2'), ('XDG_SESSION_CLASS', 'user'), ('USERNAME', 'kanye'), ('TERM', 'xterm-256color'), ('GNOME_DESKTOP_SESSION_ID', 'this-is-deprecated'), ('ROS_LOCALHOST_ONLY', '0'), ('PATH', '/opt/ros/humble/bin:/home/kanye/.local/bin:/usr/local/sbin:/usr/local/bin:/usr/sbin:/usr/bin:/sbin:/bin:/usr/games:/usr/local/games:/snap/bin:/snap/bin'), ('SESSION_MANAGER', 'local/kanye-Ubuntu16:@/tmp/.ICE-unix/2254,unix/kanye-Ubuntu16:/tmp/.ICE-unix/2254'), ('XDG_MENU_PREFIX', 'gnome-'), ('LC_ADDRESS', 'lzh_TW'), ('GNOME_TERMINAL_SCREEN', '/org/gnome/Terminal/screen/bc25f51e_b569_4d46_8345_b17f9195c3b2'), ('GNOME_SETUP_DISPLAY', ':1'), ('XDG_RUNTIME_DIR', '/run/user/1000'), ('DISPLAY', ':0'), ('LANG', 'en_US.UTF-8'), ('XDG_CURRENT_DESKTOP', 'ubuntu:GNOME'), ('LC_TELEPHONE', 'lzh_TW'), ('XMODIFIERS', '@im=ibus'), ('XDG_SESSION_DESKTOP', 'ubuntu'), ('XAUTHORITY', '/run/user/1000/.mutter-Xwaylandauth.Y40N82'), ('LS_COLORS', 'rs=0:di=01;34:ln=01;36:mh=00:pi=40;33:so=01;35:do=01;35:bd=40;33;01:cd=40;33;01:or=40;31;01:mi=00:su=37;41:sg=30;43:ca=30;41:tw=30;42:ow=34;42:st=37;44:ex=01;32:*.tar=01;31:*.tgz=01;31:*.arc=01;31:*.arj=01;31:*.taz=01;31:*.lha=01;31:*.lz4=01;31:*.lzh=01;31:*.lzma=01;31:*.tlz=01;31:*.txz=01;31:*.tzo=01;31:*.t7z=01;31:*.zip=01;31:*.z=01;31:*.dz=01;31:*.gz=01;31:*.lrz=01;31:*.lz=01;31:*.lzo=01;31:*.xz=01;31:*.zst=01;31:*.tzst=01;31:*.bz2=01;31:*.bz=01;31:*.tbz=01;31:*.tbz2=01;31:*.tz=01;31:*.deb=01;31:*.rpm=01;31:*.jar=01;31:*.war=01;31:*.ear=01;31:*.sar=01;31:*.rar=01;31:*.alz=01;31:*.ace=01;31:*.zoo=01;31:*.cpio=01;31:*.7z=01;31:*.rz=01;31:*.cab=01;31:*.wim=01;31:*.swm=01;31:*.dwm=01;31:*.esd=01;31:*.jpg=01;35:*.jpeg=01;35:*.mjpg=01;35:*.mjpeg=01;35:*.gif=01;35:*.bmp=01;35:*.pbm=01;35:*.pgm=01;35:*.ppm=01;35:*.tga=01;35:*.xbm=01;35:*.xpm=01;35:*.tif=01;35:*.tiff=01;35:*.png=01;35:*.svg=01;35:*.svgz=01;35:*.mng=01;35:*.pcx=01;35:*.mov=01;35:*.mpg=01;35:*.mpeg=01;35:*.m2v=01;35:*.mkv=01;35:*.webm=01;35:*.webp=01;35:*.ogm=01;35:*.mp4=01;35:*.m4v=01;35:*.mp4v=01;35:*.vob=01;35:*.qt=01;35:*.nuv=01;35:*.wmv=01;35:*.asf=01;35:*.rm=01;35:*.rmvb=01;35:*.flc=01;35:*.avi=01;35:*.fli=01;35:*.flv=01;35:*.gl=01;35:*.dl=01;35:*.xcf=01;35:*.xwd=01;35:*.yuv=01;35:*.cgm=01;35:*.emf=01;35:*.ogv=01;35:*.ogx=01;35:*.aac=00;36:*.au=00;36:*.flac=00;36:*.m4a=00;36:*.mid=00;36:*.midi=00;36:*.mka=00;36:*.mp3=00;36:*.mpc=00;36:*.ogg=00;36:*.ra=00;36:*.wav=00;36:*.oga=00;36:*.opus=00;36:*.spx=00;36:*.xspf=00;36:'), ('GNOME_TERMINAL_SERVICE', ':1.148'), ('SSH_AGENT_LAUNCHER', 'gnome-keyring'), ('SSH_AUTH_SOCK', '/run/user/1000/keyring/ssh'), ('AMENT_PREFIX_PATH', '/home/kanye/Documents/visionaid/microros_ws/install/micro_ros_setup:/opt/ros/humble'), ('SHELL', '/bin/bash'), ('LC_NAME', 'lzh_TW'), ('QT_ACCESSIBILITY', '1'), ('GDMSESSION', 'ubuntu'), ('LESSCLOSE', '/usr/bin/lesspipe %s %s'), ('LC_MEASUREMENT', 'lzh_TW'), ('LC_IDENTIFICATION', 'lzh_TW'), ('QT_IM_MODULE', 'ibus'), ('PWD', '/home/kanye/Documents/visionaid/microros_ws/build/builtin_interfaces'), ('XDG_CONFIG_DIRS', '/etc/xdg/xdg-ubuntu:/etc/xdg'), ('XDG_DATA_DIRS', '/usr/share/ubuntu:/usr/local/share/:/usr/share/:/var/lib/snapd/desktop'), ('PYTHONPATH', '/opt/ros/humble/lib/python3.10/site-packages:/opt/ros/humble/local/lib/python3.10/dist-packages'), ('LC_NUMERIC', 'lzh_TW'), ('LC_PAPER', 'lzh_TW'), ('COLCON', '1'), ('VTE_VERSION', '6800'), ('CMAKE_PREFIX_PATH', '/home/kanye/Documents/visionaid/microros_ws/install/micro_ros_setup:/opt/ros/humble')]), 'shell': False}
[0.262764] (micro_ros_msgs) StdoutLine: {'line': b'[100%] Built target ament_cmake_python_build_micro_ros_msgs_egg\n'}
[0.263373] (builtin_interfaces) StdoutLine: {'line': b'-- Install configuration: ""\n'}
[0.263557] (builtin_interfaces) StdoutLine: {'line': b'-- Up-to-date: /home/kanye/Documents/visionaid/microros_ws/install/builtin_interfaces/share/ament_index/resource_index/rosidl_interfaces/builtin_interfaces\n'}
[0.263643] (builtin_interfaces) StdoutLine: {'line': b'-- Up-to-date: /home/kanye/Documents/visionaid/microros_ws/install/builtin_interfaces/include/builtin_interfaces/builtin_interfaces\n'}
[0.263717] (builtin_interfaces) StdoutLine: {'line': b'-- Up-to-date: /home/kanye/Documents/visionaid/microros_ws/install/builtin_interfaces/include/builtin_interfaces/builtin_interfaces/msg\n'}
[0.263797] (builtin_interfaces) StdoutLine: {'line': b'-- Up-to-date: /home/kanye/Documents/visionaid/microros_ws/install/builtin_interfaces/include/builtin_interfaces/builtin_interfaces/msg/rosidl_generator_c__visibility_control.h\n'}
[0.263866] (builtin_interfaces) StdoutLine: {'line': b'-- Up-to-date: /home/kanye/Documents/visionaid/microros_ws/install/builtin_interfaces/include/builtin_interfaces/builtin_interfaces/msg/detail\n'}
[0.263931] (builtin_interfaces) StdoutLine: {'line': b'-- Up-to-date: /home/kanye/Documents/visionaid/microros_ws/install/builtin_interfaces/include/builtin_interfaces/builtin_interfaces/msg/detail/time__functions.c\n'}
[0.263997] (builtin_interfaces) StdoutLine: {'line': b'-- Up-to-date: /home/kanye/Documents/visionaid/microros_ws/install/builtin_interfaces/include/builtin_interfaces/builtin_interfaces/msg/detail/duration__type_support.h\n'}
[0.264062] (builtin_interfaces) StdoutLine: {'line': b'-- Up-to-date: /home/kanye/Documents/visionaid/microros_ws/install/builtin_interfaces/include/builtin_interfaces/builtin_interfaces/msg/detail/duration__struct.h\n'}
[0.264167] (builtin_interfaces) StdoutLine: {'line': b'-- Up-to-date: /home/kanye/Documents/visionaid/microros_ws/install/builtin_interfaces/include/builtin_interfaces/builtin_interfaces/msg/detail/duration__functions.h\n'}
[0.264230] (builtin_interfaces) StdoutLine: {'line': b'-- Up-to-date: /home/kanye/Documents/visionaid/microros_ws/install/builtin_interfaces/include/builtin_interfaces/builtin_interfaces/msg/detail/time__type_support.h\n'}
[0.264316] (builtin_interfaces) StdoutLine: {'line': b'-- Up-to-date: /home/kanye/Documents/visionaid/microros_ws/install/builtin_interfaces/include/builtin_interfaces/builtin_interfaces/msg/detail/time__struct.h\n'}
[0.264378] (builtin_interfaces) StdoutLine: {'line': b'-- Up-to-date: /home/kanye/Documents/visionaid/microros_ws/install/builtin_interfaces/include/builtin_interfaces/builtin_interfaces/msg/detail/time__functions.h\n'}
[0.264450] (builtin_interfaces) StdoutLine: {'line': b'-- Up-to-date: /home/kanye/Documents/visionaid/microros_ws/install/builtin_interfaces/include/builtin_interfaces/builtin_interfaces/msg/detail/duration__functions.c\n'}
[0.264515] (builtin_interfaces) StdoutLine: {'line': b'-- Up-to-date: /home/kanye/Documents/visionaid/microros_ws/install/builtin_interfaces/include/builtin_interfaces/builtin_interfaces/msg/duration.h\n'}
[0.264580] (builtin_interfaces) StdoutLine: {'line': b'-- Up-to-date: /home/kanye/Documents/visionaid/microros_ws/install/builtin_interfaces/include/builtin_interfaces/builtin_interfaces/msg/time.h\n'}
[0.264649] (builtin_interfaces) StdoutLine: {'line': b'-- Up-to-date: /home/kanye/Documents/visionaid/microros_ws/install/builtin_interfaces/share/builtin_interfaces/environment/library_path.sh\n'}
[0.264761] (builtin_interfaces) StdoutLine: {'line': b'-- Up-to-date: /home/kanye/Documents/visionaid/microros_ws/install/builtin_interfaces/share/builtin_interfaces/environment/library_path.dsv\n'}
[0.264824] (builtin_interfaces) StdoutLine: {'line': b'-- Up-to-date: /home/kanye/Documents/visionaid/microros_ws/install/builtin_interfaces/lib/libbuiltin_interfaces__rosidl_generator_c.so\n'}
[0.264886] (builtin_interfaces) StdoutLine: {'line': b'-- Up-to-date: /home/kanye/Documents/visionaid/microros_ws/install/builtin_interfaces/include/builtin_interfaces/builtin_interfaces\n'}
[0.264948] (builtin_interfaces) StdoutLine: {'line': b'-- Up-to-date: /home/kanye/Documents/visionaid/microros_ws/install/builtin_interfaces/include/builtin_interfaces/builtin_interfaces/msg\n'}
[0.265013] (builtin_interfaces) StdoutLine: {'line': b'-- Up-to-date: /home/kanye/Documents/visionaid/microros_ws/install/builtin_interfaces/include/builtin_interfaces/builtin_interfaces/msg/rosidl_typesupport_fastrtps_c__visibility_control.h\n'}
[0.265078] (builtin_interfaces) StdoutLine: {'line': b'-- Up-to-date: /home/kanye/Documents/visionaid/microros_ws/install/builtin_interfaces/include/builtin_interfaces/builtin_interfaces/msg/detail\n'}
[0.265142] (builtin_interfaces) StdoutLine: {'line': b'-- Up-to-date: /home/kanye/Documents/visionaid/microros_ws/install/builtin_interfaces/include/builtin_interfaces/builtin_interfaces/msg/detail/time__rosidl_typesupport_fastrtps_c.h\n'}
[0.265207] (builtin_interfaces) StdoutLine: {'line': b'-- Up-to-date: /home/kanye/Documents/visionaid/microros_ws/install/builtin_interfaces/include/builtin_interfaces/builtin_interfaces/msg/detail/duration__rosidl_typesupport_fastrtps_c.h\n'}
[0.265271] (builtin_interfaces) StdoutLine: {'line': b'-- Up-to-date: /home/kanye/Documents/visionaid/microros_ws/install/builtin_interfaces/lib/libbuiltin_interfaces__rosidl_typesupport_fastrtps_c.so\n'}
[0.265335] (builtin_interfaces) StdoutLine: {'line': b'-- Up-to-date: /home/kanye/Documents/visionaid/microros_ws/install/builtin_interfaces/include/builtin_interfaces/builtin_interfaces\n'}
[0.265399] (builtin_interfaces) StdoutLine: {'line': b'-- Up-to-date: /home/kanye/Documents/visionaid/microros_ws/install/builtin_interfaces/include/builtin_interfaces/builtin_interfaces/msg\n'}
[0.265463] (builtin_interfaces) StdoutLine: {'line': b'-- Up-to-date: /home/kanye/Documents/visionaid/microros_ws/install/builtin_interfaces/include/builtin_interfaces/builtin_interfaces/msg/rosidl_typesupport_introspection_c__visibility_control.h\n'}
[0.265541] (builtin_interfaces) StdoutLine: {'line': b'-- Up-to-date: /home/kanye/Documents/visionaid/microros_ws/install/builtin_interfaces/include/builtin_interfaces/builtin_interfaces/msg/detail\n'}
[0.265660] (builtin_interfaces) StdoutLine: {'line': b'-- Up-to-date: /home/kanye/Documents/visionaid/microros_ws/install/builtin_interfaces/include/builtin_interfaces/builtin_interfaces/msg/detail/duration__type_support.c\n'}
[0.265738] (builtin_interfaces) StdoutLine: {'line': b'-- Up-to-date: /home/kanye/Documents/visionaid/microros_ws/install/builtin_interfaces/include/builtin_interfaces/builtin_interfaces/msg/detail/time__type_support.c\n'}
[0.265800] (builtin_interfaces) StdoutLine: {'line': b'-- Up-to-date: /home/kanye/Documents/visionaid/microros_ws/install/builtin_interfaces/include/builtin_interfaces/builtin_interfaces/msg/detail/duration__rosidl_typesupport_introspection_c.h\n'}
[0.265866] (builtin_interfaces) StdoutLine: {'line': b'-- Up-to-date: /home/kanye/Documents/visionaid/microros_ws/install/builtin_interfaces/include/builtin_interfaces/builtin_interfaces/msg/detail/time__rosidl_typesupport_introspection_c.h\n'}
[0.265930] (builtin_interfaces) StdoutLine: {'line': b'-- Up-to-date: /home/kanye/Documents/visionaid/microros_ws/install/builtin_interfaces/lib/libbuiltin_interfaces__rosidl_typesupport_introspection_c.so\n'}
[0.265994] (builtin_interfaces) StdoutLine: {'line': b'-- Up-to-date: /home/kanye/Documents/visionaid/microros_ws/install/builtin_interfaces/lib/libbuiltin_interfaces__rosidl_typesupport_c.so\n'}
[0.266058] (builtin_interfaces) StdoutLine: {'line': b'-- Up-to-date: /home/kanye/Documents/visionaid/microros_ws/install/builtin_interfaces/include/builtin_interfaces/builtin_interfaces\n'}
[0.266157] (builtin_interfaces) StdoutLine: {'line': b'-- Up-to-date: /home/kanye/Documents/visionaid/microros_ws/install/builtin_interfaces/include/builtin_interfaces/builtin_interfaces/msg\n'}
[0.266219] (builtin_interfaces) StdoutLine: {'line': b'-- Up-to-date: /home/kanye/Documents/visionaid/microros_ws/install/builtin_interfaces/include/builtin_interfaces/builtin_interfaces/msg/rosidl_generator_cpp__visibility_control.hpp\n'}
[0.266280] (builtin_interfaces) StdoutLine: {'line': b'-- Up-to-date: /home/kanye/Documents/visionaid/microros_ws/install/builtin_interfaces/include/builtin_interfaces/builtin_interfaces/msg/duration.hpp\n'}
[0.266344] (builtin_interfaces) StdoutLine: {'line': b'-- Up-to-date: /home/kanye/Documents/visionaid/microros_ws/install/builtin_interfaces/include/builtin_interfaces/builtin_interfaces/msg/detail\n'}
[0.266408] (builtin_interfaces) StdoutLine: {'line': b'-- Up-to-date: /home/kanye/Documents/visionaid/microros_ws/install/builtin_interfaces/include/builtin_interfaces/builtin_interfaces/msg/detail/duration__struct.hpp\n'}
[0.266472] (builtin_interfaces) StdoutLine: {'line': b'-- Up-to-date: /home/kanye/Documents/visionaid/microros_ws/install/builtin_interfaces/include/builtin_interfaces/builtin_interfaces/msg/detail/time__struct.hpp\n'}
[0.266536] (builtin_interfaces) StdoutLine: {'line': b'-- Up-to-date: /home/kanye/Documents/visionaid/microros_ws/install/builtin_interfaces/include/builtin_interfaces/builtin_interfaces/msg/detail/duration__type_support.hpp\n'}
[0.266600] (builtin_interfaces) StdoutLine: {'line': b'-- Up-to-date: /home/kanye/Documents/visionaid/microros_ws/install/builtin_interfaces/include/builtin_interfaces/builtin_interfaces/msg/detail/time__builder.hpp\n'}
[0.266702] (builtin_interfaces) StdoutLine: {'line': b'-- Up-to-date: /home/kanye/Documents/visionaid/microros_ws/install/builtin_interfaces/include/builtin_interfaces/builtin_interfaces/msg/detail/duration__builder.hpp\n'}
[0.266766] (builtin_interfaces) StdoutLine: {'line': b'-- Up-to-date: /home/kanye/Documents/visionaid/microros_ws/install/builtin_interfaces/include/builtin_interfaces/builtin_interfaces/msg/detail/time__type_support.hpp\n'}
[0.266831] (builtin_interfaces) StdoutLine: {'line': b'-- Up-to-date: /home/kanye/Documents/visionaid/microros_ws/install/builtin_interfaces/include/builtin_interfaces/builtin_interfaces/msg/detail/time__traits.hpp\n'}
[0.266895] (builtin_interfaces) StdoutLine: {'line': b'-- Up-to-date: /home/kanye/Documents/visionaid/microros_ws/install/builtin_interfaces/include/builtin_interfaces/builtin_interfaces/msg/detail/duration__traits.hpp\n'}
[0.266976] (builtin_interfaces) StdoutLine: {'line': b'-- Up-to-date: /home/kanye/Documents/visionaid/microros_ws/install/builtin_interfaces/include/builtin_interfaces/builtin_interfaces/msg/time.hpp\n'}
[0.267039] (builtin_interfaces) StdoutLine: {'line': b'-- Up-to-date: /home/kanye/Documents/visionaid/microros_ws/install/builtin_interfaces/include/builtin_interfaces/builtin_interfaces\n'}
[0.267103] (builtin_interfaces) StdoutLine: {'line': b'-- Up-to-date: /home/kanye/Documents/visionaid/microros_ws/install/builtin_interfaces/include/builtin_interfaces/builtin_interfaces/msg\n'}
[0.267166] (builtin_interfaces) StdoutLine: {'line': b'-- Up-to-date: /home/kanye/Documents/visionaid/microros_ws/install/builtin_interfaces/include/builtin_interfaces/builtin_interfaces/msg/rosidl_typesupport_fastrtps_cpp__visibility_control.h\n'}
[0.267243] (builtin_interfaces) StdoutLine: {'line': b'-- Up-to-date: /home/kanye/Documents/visionaid/microros_ws/install/builtin_interfaces/include/builtin_interfaces/builtin_interfaces/msg/detail\n'}
[0.267353] (builtin_interfaces) StdoutLine: {'line': b'-- Up-to-date: /home/kanye/Documents/visionaid/microros_ws/install/builtin_interfaces/include/builtin_interfaces/builtin_interfaces/msg/detail/time__rosidl_typesupport_fastrtps_cpp.hpp\n'}
[0.267415] (builtin_interfaces) StdoutLine: {'line': b'-- Up-to-date: /home/kanye/Documents/visionaid/microros_ws/install/builtin_interfaces/include/builtin_interfaces/builtin_interfaces/msg/detail/duration__rosidl_typesupport_fastrtps_cpp.hpp\n'}
[0.267477] (builtin_interfaces) StdoutLine: {'line': b'-- Up-to-date: /home/kanye/Documents/visionaid/microros_ws/install/builtin_interfaces/include/builtin_interfaces/builtin_interfaces/msg/detail/dds_fastrtps\n'}
[0.267537] (builtin_interfaces) StdoutLine: {'line': b'-- Up-to-date: /home/kanye/Documents/visionaid/microros_ws/install/builtin_interfaces/lib/libbuiltin_interfaces__rosidl_typesupport_fastrtps_cpp.so\n'}
[0.267598] (builtin_interfaces) StdoutLine: {'line': b'-- Up-to-date: /home/kanye/Documents/visionaid/microros_ws/install/builtin_interfaces/include/builtin_interfaces/builtin_interfaces\n'}
[0.267667] (builtin_interfaces) StdoutLine: {'line': b'-- Up-to-date: /home/kanye/Documents/visionaid/microros_ws/install/builtin_interfaces/include/builtin_interfaces/builtin_interfaces/msg\n'}
[0.267730] (builtin_interfaces) StdoutLine: {'line': b'-- Up-to-date: /home/kanye/Documents/visionaid/microros_ws/install/builtin_interfaces/include/builtin_interfaces/builtin_interfaces/msg/detail\n'}
[0.267791] (builtin_interfaces) StdoutLine: {'line': b'-- Up-to-date: /home/kanye/Documents/visionaid/microros_ws/install/builtin_interfaces/include/builtin_interfaces/builtin_interfaces/msg/detail/time__rosidl_typesupport_introspection_cpp.hpp\n'}
[0.267851] (builtin_interfaces) StdoutLine: {'line': b'-- Up-to-date: /home/kanye/Documents/visionaid/microros_ws/install/builtin_interfaces/include/builtin_interfaces/builtin_interfaces/msg/detail/duration__rosidl_typesupport_introspection_cpp.hpp\n'}
[0.267924] (builtin_interfaces) StdoutLine: {'line': b'-- Up-to-date: /home/kanye/Documents/visionaid/microros_ws/install/builtin_interfaces/include/builtin_interfaces/builtin_interfaces/msg/detail/time__type_support.cpp\n'}
[0.267985] (builtin_interfaces) StdoutLine: {'line': b'-- Up-to-date: /home/kanye/Documents/visionaid/microros_ws/install/builtin_interfaces/include/builtin_interfaces/builtin_interfaces/msg/detail/duration__type_support.cpp\n'}
[0.268045] (builtin_interfaces) StdoutLine: {'line': b'-- Up-to-date: /home/kanye/Documents/visionaid/microros_ws/install/builtin_interfaces/lib/libbuiltin_interfaces__rosidl_typesupport_introspection_cpp.so\n'}
[0.268105] (builtin_interfaces) StdoutLine: {'line': b'-- Up-to-date: /home/kanye/Documents/visionaid/microros_ws/install/builtin_interfaces/lib/libbuiltin_interfaces__rosidl_typesupport_cpp.so\n'}
[0.268166] (builtin_interfaces) StdoutLine: {'line': b'-- Up-to-date: /home/kanye/Documents/visionaid/microros_ws/install/builtin_interfaces/share/builtin_interfaces/environment/pythonpath.sh\n'}
[0.268231] (builtin_interfaces) StdoutLine: {'line': b'-- Up-to-date: /home/kanye/Documents/visionaid/microros_ws/install/builtin_interfaces/share/builtin_interfaces/environment/pythonpath.dsv\n'}
[0.268292] (builtin_interfaces) StdoutLine: {'line': b'-- Up-to-date: /home/kanye/Documents/visionaid/microros_ws/install/builtin_interfaces/local/lib/python3.10/dist-packages/builtin_interfaces-1.2.1-py3.10.egg-info\n'}
[0.268353] (builtin_interfaces) StdoutLine: {'line': b'-- Installing: /home/kanye/Documents/visionaid/microros_ws/install/builtin_interfaces/local/lib/python3.10/dist-packages/builtin_interfaces-1.2.1-py3.10.egg-info/PKG-INFO\n'}
[0.268413] (builtin_interfaces) StdoutLine: {'line': b'-- Installing: /home/kanye/Documents/visionaid/microros_ws/install/builtin_interfaces/local/lib/python3.10/dist-packages/builtin_interfaces-1.2.1-py3.10.egg-info/top_level.txt\n'}
[0.268472] (builtin_interfaces) StdoutLine: {'line': b'-- Installing: /home/kanye/Documents/visionaid/microros_ws/install/builtin_interfaces/local/lib/python3.10/dist-packages/builtin_interfaces-1.2.1-py3.10.egg-info/dependency_links.txt\n'}
[0.268532] (builtin_interfaces) StdoutLine: {'line': b'-- Installing: /home/kanye/Documents/visionaid/microros_ws/install/builtin_interfaces/local/lib/python3.10/dist-packages/builtin_interfaces-1.2.1-py3.10.egg-info/SOURCES.txt\n'}
[0.268592] (builtin_interfaces) StdoutLine: {'line': b'-- Up-to-date: /home/kanye/Documents/visionaid/microros_ws/install/builtin_interfaces/local/lib/python3.10/dist-packages/builtin_interfaces\n'}
[0.268659] (builtin_interfaces) StdoutLine: {'line': b'-- Up-to-date: /home/kanye/Documents/visionaid/microros_ws/install/builtin_interfaces/local/lib/python3.10/dist-packages/builtin_interfaces/_builtin_interfaces_s.ep.rosidl_typesupport_c.c\n'}
[0.268723] (builtin_interfaces) StdoutLine: {'line': b'-- Up-to-date: /home/kanye/Documents/visionaid/microros_ws/install/builtin_interfaces/local/lib/python3.10/dist-packages/builtin_interfaces/_builtin_interfaces_s.ep.rosidl_typesupport_fastrtps_c.c\n'}
[0.268789] (builtin_interfaces) StdoutLine: {'line': b'-- Up-to-date: /home/kanye/Documents/visionaid/microros_ws/install/builtin_interfaces/local/lib/python3.10/dist-packages/builtin_interfaces/_builtin_interfaces_s.ep.rosidl_typesupport_introspection_c.c\n'}
[0.268851] (builtin_interfaces) StdoutLine: {'line': b'-- Up-to-date: /home/kanye/Documents/visionaid/microros_ws/install/builtin_interfaces/local/lib/python3.10/dist-packages/builtin_interfaces/libbuiltin_interfaces__rosidl_generator_py.so\n'}
[0.268912] (builtin_interfaces) StdoutLine: {'line': b'-- Up-to-date: /home/kanye/Documents/visionaid/microros_ws/install/builtin_interfaces/local/lib/python3.10/dist-packages/builtin_interfaces/__init__.py\n'}
[0.268972] (builtin_interfaces) StdoutLine: {'line': b'-- Up-to-date: /home/kanye/Documents/visionaid/microros_ws/install/builtin_interfaces/local/lib/python3.10/dist-packages/builtin_interfaces/builtin_interfaces_s__rosidl_typesupport_introspection_c.cpython-310-x86_64-linux-gnu.so\n'}
[0.269033] (builtin_interfaces) StdoutLine: {'line': b'-- Up-to-date: /home/kanye/Documents/visionaid/microros_ws/install/builtin_interfaces/local/lib/python3.10/dist-packages/builtin_interfaces/msg\n'}
[0.269094] (builtin_interfaces) StdoutLine: {'line': b'-- Up-to-date: /home/kanye/Documents/visionaid/microros_ws/install/builtin_interfaces/local/lib/python3.10/dist-packages/builtin_interfaces/msg/_time.py\n'}
[0.269155] (builtin_interfaces) StdoutLine: {'line': b'-- Up-to-date: /home/kanye/Documents/visionaid/microros_ws/install/builtin_interfaces/local/lib/python3.10/dist-packages/builtin_interfaces/msg/__init__.py\n'}
[0.269215] (builtin_interfaces) StdoutLine: {'line': b'-- Up-to-date: /home/kanye/Documents/visionaid/microros_ws/install/builtin_interfaces/local/lib/python3.10/dist-packages/builtin_interfaces/msg/_duration_s.c\n'}
[0.269279] (builtin_interfaces) StdoutLine: {'line': b'-- Up-to-date: /home/kanye/Documents/visionaid/microros_ws/install/builtin_interfaces/local/lib/python3.10/dist-packages/builtin_interfaces/msg/_duration.py\n'}
[0.269346] (builtin_interfaces) StdoutLine: {'line': b'-- Up-to-date: /home/kanye/Documents/visionaid/microros_ws/install/builtin_interfaces/local/lib/python3.10/dist-packages/builtin_interfaces/msg/_time_s.c\n'}
[0.269418] (builtin_interfaces) StdoutLine: {'line': b'-- Up-to-date: /home/kanye/Documents/visionaid/microros_ws/install/builtin_interfaces/local/lib/python3.10/dist-packages/builtin_interfaces/builtin_interfaces_s__rosidl_typesupport_fastrtps_c.cpython-310-x86_64-linux-gnu.so\n'}
[0.269479] (builtin_interfaces) StdoutLine: {'line': b'-- Up-to-date: /home/kanye/Documents/visionaid/microros_ws/install/builtin_interfaces/local/lib/python3.10/dist-packages/builtin_interfaces/builtin_interfaces_s__rosidl_typesupport_c.cpython-310-x86_64-linux-gnu.so\n'}
[0.272306] (micro_ros_msgs) CommandEnded: {'returncode': 0}
[0.272848] (micro_ros_msgs) JobProgress: {'identifier': 'micro_ros_msgs', 'progress': 'install'}
[0.273186] (micro_ros_msgs) Command: {'cmd': ['/usr/bin/cmake', '--install', '/home/kanye/Documents/visionaid/microros_ws/build/micro_ros_msgs'], 'cwd': '/home/kanye/Documents/visionaid/microros_ws/build/micro_ros_msgs', 'env': OrderedDict([('LESSOPEN', '| /usr/bin/lesspipe %s'), ('USER', 'kanye'), ('LC_TIME', 'lzh_TW'), ('XDG_SESSION_TYPE', 'wayland'), ('SHLVL', '2'), ('LD_LIBRARY_PATH', '/opt/ros/humble/opt/rviz_ogre_vendor/lib:/opt/ros/humble/lib/x86_64-linux-gnu:/opt/ros/humble/lib'), ('HOME', '/home/kanye'), ('OLDPWD', '/home/kanye/Documents/visionaid'), ('DESKTOP_SESSION', 'ubuntu'), ('ROS_PYTHON_VERSION', '3'), ('GNOME_SHELL_SESSION_MODE', 'ubuntu'), ('GTK_MODULES', 'gail:atk-bridge'), ('LC_MONETARY', 'lzh_TW'), ('SYSTEMD_EXEC_PID', '2284'), ('DBUS_SESSION_BUS_ADDRESS', 'unix:path=/run/user/1000/bus'), ('COLORTERM', 'truecolor'), ('IM_CONFIG_PHASE', '1'), ('WAYLAND_DISPLAY', 'wayland-0'), ('COLCON_PREFIX_PATH', '/home/kanye/Documents/visionaid/microros_ws/install'), ('ROS_DISTRO', 'humble'), ('LOGNAME', 'kanye'), ('_', '/usr/bin/colcon'), ('ROS_VERSION', '2'), ('XDG_SESSION_CLASS', 'user'), ('USERNAME', 'kanye'), ('TERM', 'xterm-256color'), ('GNOME_DESKTOP_SESSION_ID', 'this-is-deprecated'), ('ROS_LOCALHOST_ONLY', '0'), ('PATH', '/opt/ros/humble/bin:/home/kanye/.local/bin:/usr/local/sbin:/usr/local/bin:/usr/sbin:/usr/bin:/sbin:/bin:/usr/games:/usr/local/games:/snap/bin:/snap/bin'), ('SESSION_MANAGER', 'local/kanye-Ubuntu16:@/tmp/.ICE-unix/2254,unix/kanye-Ubuntu16:/tmp/.ICE-unix/2254'), ('XDG_MENU_PREFIX', 'gnome-'), ('LC_ADDRESS', 'lzh_TW'), ('GNOME_TERMINAL_SCREEN', '/org/gnome/Terminal/screen/bc25f51e_b569_4d46_8345_b17f9195c3b2'), ('GNOME_SETUP_DISPLAY', ':1'), ('XDG_RUNTIME_DIR', '/run/user/1000'), ('DISPLAY', ':0'), ('LANG', 'en_US.UTF-8'), ('XDG_CURRENT_DESKTOP', 'ubuntu:GNOME'), ('LC_TELEPHONE', 'lzh_TW'), ('XMODIFIERS', '@im=ibus'), ('XDG_SESSION_DESKTOP', 'ubuntu'), ('XAUTHORITY', '/run/user/1000/.mutter-Xwaylandauth.Y40N82'), ('LS_COLORS', 'rs=0:di=01;34:ln=01;36:mh=00:pi=40;33:so=01;35:do=01;35:bd=40;33;01:cd=40;33;01:or=40;31;01:mi=00:su=37;41:sg=30;43:ca=30;41:tw=30;42:ow=34;42:st=37;44:ex=01;32:*.tar=01;31:*.tgz=01;31:*.arc=01;31:*.arj=01;31:*.taz=01;31:*.lha=01;31:*.lz4=01;31:*.lzh=01;31:*.lzma=01;31:*.tlz=01;31:*.txz=01;31:*.tzo=01;31:*.t7z=01;31:*.zip=01;31:*.z=01;31:*.dz=01;31:*.gz=01;31:*.lrz=01;31:*.lz=01;31:*.lzo=01;31:*.xz=01;31:*.zst=01;31:*.tzst=01;31:*.bz2=01;31:*.bz=01;31:*.tbz=01;31:*.tbz2=01;31:*.tz=01;31:*.deb=01;31:*.rpm=01;31:*.jar=01;31:*.war=01;31:*.ear=01;31:*.sar=01;31:*.rar=01;31:*.alz=01;31:*.ace=01;31:*.zoo=01;31:*.cpio=01;31:*.7z=01;31:*.rz=01;31:*.cab=01;31:*.wim=01;31:*.swm=01;31:*.dwm=01;31:*.esd=01;31:*.jpg=01;35:*.jpeg=01;35:*.mjpg=01;35:*.mjpeg=01;35:*.gif=01;35:*.bmp=01;35:*.pbm=01;35:*.pgm=01;35:*.ppm=01;35:*.tga=01;35:*.xbm=01;35:*.xpm=01;35:*.tif=01;35:*.tiff=01;35:*.png=01;35:*.svg=01;35:*.svgz=01;35:*.mng=01;35:*.pcx=01;35:*.mov=01;35:*.mpg=01;35:*.mpeg=01;35:*.m2v=01;35:*.mkv=01;35:*.webm=01;35:*.webp=01;35:*.ogm=01;35:*.mp4=01;35:*.m4v=01;35:*.mp4v=01;35:*.vob=01;35:*.qt=01;35:*.nuv=01;35:*.wmv=01;35:*.asf=01;35:*.rm=01;35:*.rmvb=01;35:*.flc=01;35:*.avi=01;35:*.fli=01;35:*.flv=01;35:*.gl=01;35:*.dl=01;35:*.xcf=01;35:*.xwd=01;35:*.yuv=01;35:*.cgm=01;35:*.emf=01;35:*.ogv=01;35:*.ogx=01;35:*.aac=00;36:*.au=00;36:*.flac=00;36:*.m4a=00;36:*.mid=00;36:*.midi=00;36:*.mka=00;36:*.mp3=00;36:*.mpc=00;36:*.ogg=00;36:*.ra=00;36:*.wav=00;36:*.oga=00;36:*.opus=00;36:*.spx=00;36:*.xspf=00;36:'), ('GNOME_TERMINAL_SERVICE', ':1.148'), ('SSH_AGENT_LAUNCHER', 'gnome-keyring'), ('SSH_AUTH_SOCK', '/run/user/1000/keyring/ssh'), ('AMENT_PREFIX_PATH', '/home/kanye/Documents/visionaid/microros_ws/install/micro_ros_setup:/opt/ros/humble'), ('SHELL', '/bin/bash'), ('LC_NAME', 'lzh_TW'), ('QT_ACCESSIBILITY', '1'), ('GDMSESSION', 'ubuntu'), ('LESSCLOSE', '/usr/bin/lesspipe %s %s'), ('LC_MEASUREMENT', 'lzh_TW'), ('LC_IDENTIFICATION', 'lzh_TW'), ('QT_IM_MODULE', 'ibus'), ('PWD', '/home/kanye/Documents/visionaid/microros_ws/build/micro_ros_msgs'), ('XDG_CONFIG_DIRS', '/etc/xdg/xdg-ubuntu:/etc/xdg'), ('XDG_DATA_DIRS', '/usr/share/ubuntu:/usr/local/share/:/usr/share/:/var/lib/snapd/desktop'), ('PYTHONPATH', '/opt/ros/humble/lib/python3.10/site-packages:/opt/ros/humble/local/lib/python3.10/dist-packages'), ('LC_NUMERIC', 'lzh_TW'), ('LC_PAPER', 'lzh_TW'), ('COLCON', '1'), ('VTE_VERSION', '6800'), ('CMAKE_PREFIX_PATH', '/home/kanye/Documents/visionaid/microros_ws/install/micro_ros_setup:/opt/ros/humble')]), 'shell': False}
[0.279337] (micro_ros_msgs) StdoutLine: {'line': b'-- Install configuration: ""\n'}
[0.279471] (micro_ros_msgs) StdoutLine: {'line': b'-- Up-to-date: /home/kanye/Documents/visionaid/microros_ws/install/micro_ros_msgs/share/ament_index/resource_index/rosidl_interfaces/micro_ros_msgs\n'}
[0.279547] (micro_ros_msgs) StdoutLine: {'line': b'-- Up-to-date: /home/kanye/Documents/visionaid/microros_ws/install/micro_ros_msgs/include/micro_ros_msgs/micro_ros_msgs\n'}
[0.279617] (micro_ros_msgs) StdoutLine: {'line': b'-- Up-to-date: /home/kanye/Documents/visionaid/microros_ws/install/micro_ros_msgs/include/micro_ros_msgs/micro_ros_msgs/msg\n'}
[0.279828] (micro_ros_msgs) StdoutLine: {'line': b'-- Up-to-date: /home/kanye/Documents/visionaid/microros_ws/install/micro_ros_msgs/include/micro_ros_msgs/micro_ros_msgs/msg/graph.h\n'}
[0.279951] (micro_ros_msgs) StdoutLine: {'line': b'-- Up-to-date: /home/kanye/Documents/visionaid/microros_ws/install/micro_ros_msgs/include/micro_ros_msgs/micro_ros_msgs/msg/rosidl_generator_c__visibility_control.h\n'}
[0.280022] (micro_ros_msgs) StdoutLine: {'line': b'-- Up-to-date: /home/kanye/Documents/visionaid/microros_ws/install/micro_ros_msgs/include/micro_ros_msgs/micro_ros_msgs/msg/entity.h\n'}
[0.280088] (micro_ros_msgs) StdoutLine: {'line': b'-- Up-to-date: /home/kanye/Documents/visionaid/microros_ws/install/micro_ros_msgs/include/micro_ros_msgs/micro_ros_msgs/msg/detail\n'}
[0.280184] (micro_ros_msgs) StdoutLine: {'line': b'-- Up-to-date: /home/kanye/Documents/visionaid/microros_ws/install/micro_ros_msgs/include/micro_ros_msgs/micro_ros_msgs/msg/detail/node__type_support.h\n'}
[0.280251] (micro_ros_msgs) StdoutLine: {'line': b'-- Up-to-date: /home/kanye/Documents/visionaid/microros_ws/install/micro_ros_msgs/include/micro_ros_msgs/micro_ros_msgs/msg/detail/entity__struct.h\n'}
[0.280330] (micro_ros_msgs) StdoutLine: {'line': b'-- Up-to-date: /home/kanye/Documents/visionaid/microros_ws/install/micro_ros_msgs/include/micro_ros_msgs/micro_ros_msgs/msg/detail/node__functions.h\n'}
[0.280397] (micro_ros_msgs) StdoutLine: {'line': b'-- Up-to-date: /home/kanye/Documents/visionaid/microros_ws/install/micro_ros_msgs/include/micro_ros_msgs/micro_ros_msgs/msg/detail/node__functions.c\n'}
[0.280462] (micro_ros_msgs) StdoutLine: {'line': b'-- Up-to-date: /home/kanye/Documents/visionaid/microros_ws/install/micro_ros_msgs/include/micro_ros_msgs/micro_ros_msgs/msg/detail/entity__type_support.h\n'}
[0.280640] (micro_ros_msgs) StdoutLine: {'line': b'-- Up-to-date: /home/kanye/Documents/visionaid/microros_ws/install/micro_ros_msgs/include/micro_ros_msgs/micro_ros_msgs/msg/detail/graph__struct.h\n'}
[0.280743] (micro_ros_msgs) StdoutLine: {'line': b'-- Up-to-date: /home/kanye/Documents/visionaid/microros_ws/install/micro_ros_msgs/include/micro_ros_msgs/micro_ros_msgs/msg/detail/node__struct.h\n'}
[0.280994] (micro_ros_msgs) StdoutLine: {'line': b'-- Up-to-date: /home/kanye/Documents/visionaid/microros_ws/install/micro_ros_msgs/include/micro_ros_msgs/micro_ros_msgs/msg/detail/graph__type_support.h\n'}
[0.281056] (micro_ros_msgs) StdoutLine: {'line': b'-- Up-to-date: /home/kanye/Documents/visionaid/microros_ws/install/micro_ros_msgs/include/micro_ros_msgs/micro_ros_msgs/msg/detail/graph__functions.c\n'}
[0.281092] (micro_ros_msgs) StdoutLine: {'line': b'-- Up-to-date: /home/kanye/Documents/visionaid/microros_ws/install/micro_ros_msgs/include/micro_ros_msgs/micro_ros_msgs/msg/detail/entity__functions.c\n'}
[0.281123] (micro_ros_msgs) StdoutLine: {'line': b'-- Up-to-date: /home/kanye/Documents/visionaid/microros_ws/install/micro_ros_msgs/include/micro_ros_msgs/micro_ros_msgs/msg/detail/entity__functions.h\n'}
[0.281154] (micro_ros_msgs) StdoutLine: {'line': b'-- Up-to-date: /home/kanye/Documents/visionaid/microros_ws/install/micro_ros_msgs/include/micro_ros_msgs/micro_ros_msgs/msg/detail/graph__functions.h\n'}
[0.281187] (micro_ros_msgs) StdoutLine: {'line': b'-- Up-to-date: /home/kanye/Documents/visionaid/microros_ws/install/micro_ros_msgs/include/micro_ros_msgs/micro_ros_msgs/msg/node.h\n'}
[0.281217] (micro_ros_msgs) StdoutLine: {'line': b'-- Up-to-date: /home/kanye/Documents/visionaid/microros_ws/install/micro_ros_msgs/share/micro_ros_msgs/environment/library_path.sh\n'}
[0.281246] (micro_ros_msgs) StdoutLine: {'line': b'-- Up-to-date: /home/kanye/Documents/visionaid/microros_ws/install/micro_ros_msgs/share/micro_ros_msgs/environment/library_path.dsv\n'}
[0.281275] (micro_ros_msgs) StdoutLine: {'line': b'-- Up-to-date: /home/kanye/Documents/visionaid/microros_ws/install/micro_ros_msgs/lib/libmicro_ros_msgs__rosidl_generator_c.so\n'}
[0.281303] (micro_ros_msgs) StdoutLine: {'line': b'-- Up-to-date: /home/kanye/Documents/visionaid/microros_ws/install/micro_ros_msgs/include/micro_ros_msgs/micro_ros_msgs\n'}
[0.281332] (micro_ros_msgs) StdoutLine: {'line': b'-- Up-to-date: /home/kanye/Documents/visionaid/microros_ws/install/micro_ros_msgs/include/micro_ros_msgs/micro_ros_msgs/msg\n'}
[0.281360] (micro_ros_msgs) StdoutLine: {'line': b'-- Up-to-date: /home/kanye/Documents/visionaid/microros_ws/install/micro_ros_msgs/include/micro_ros_msgs/micro_ros_msgs/msg/rosidl_typesupport_fastrtps_c__visibility_control.h\n'}
[0.281389] (micro_ros_msgs) StdoutLine: {'line': b'-- Up-to-date: /home/kanye/Documents/visionaid/microros_ws/install/micro_ros_msgs/include/micro_ros_msgs/micro_ros_msgs/msg/detail\n'}
[0.281418] (micro_ros_msgs) StdoutLine: {'line': b'-- Up-to-date: /home/kanye/Documents/visionaid/microros_ws/install/micro_ros_msgs/include/micro_ros_msgs/micro_ros_msgs/msg/detail/graph__rosidl_typesupport_fastrtps_c.h\n'}
[0.281447] (micro_ros_msgs) StdoutLine: {'line': b'-- Up-to-date: /home/kanye/Documents/visionaid/microros_ws/install/micro_ros_msgs/include/micro_ros_msgs/micro_ros_msgs/msg/detail/entity__rosidl_typesupport_fastrtps_c.h\n'}
[0.281475] (micro_ros_msgs) StdoutLine: {'line': b'-- Up-to-date: /home/kanye/Documents/visionaid/microros_ws/install/micro_ros_msgs/include/micro_ros_msgs/micro_ros_msgs/msg/detail/node__rosidl_typesupport_fastrtps_c.h\n'}
[0.281518] (micro_ros_msgs) StdoutLine: {'line': b'-- Up-to-date: /home/kanye/Documents/visionaid/microros_ws/install/micro_ros_msgs/lib/libmicro_ros_msgs__rosidl_typesupport_fastrtps_c.so\n'}
[0.281549] (micro_ros_msgs) StdoutLine: {'line': b'-- Up-to-date: /home/kanye/Documents/visionaid/microros_ws/install/micro_ros_msgs/include/micro_ros_msgs/micro_ros_msgs\n'}
[0.281578] (micro_ros_msgs) StdoutLine: {'line': b'-- Up-to-date: /home/kanye/Documents/visionaid/microros_ws/install/micro_ros_msgs/include/micro_ros_msgs/micro_ros_msgs/msg\n'}
[0.281609] (micro_ros_msgs) StdoutLine: {'line': b'-- Up-to-date: /home/kanye/Documents/visionaid/microros_ws/install/micro_ros_msgs/include/micro_ros_msgs/micro_ros_msgs/msg/rosidl_typesupport_introspection_c__visibility_control.h\n'}
[0.281865] (micro_ros_msgs) StdoutLine: {'line': b'-- Up-to-date: /home/kanye/Documents/visionaid/microros_ws/install/micro_ros_msgs/include/micro_ros_msgs/micro_ros_msgs/msg/detail\n'}
[0.281908] (micro_ros_msgs) StdoutLine: {'line': b'-- Up-to-date: /home/kanye/Documents/visionaid/microros_ws/install/micro_ros_msgs/include/micro_ros_msgs/micro_ros_msgs/msg/detail/graph__rosidl_typesupport_introspection_c.h\n'}
[0.281939] (micro_ros_msgs) StdoutLine: {'line': b'-- Up-to-date: /home/kanye/Documents/visionaid/microros_ws/install/micro_ros_msgs/include/micro_ros_msgs/micro_ros_msgs/msg/detail/entity__type_support.c\n'}
[0.281968] (micro_ros_msgs) StdoutLine: {'line': b'-- Up-to-date: /home/kanye/Documents/visionaid/microros_ws/install/micro_ros_msgs/include/micro_ros_msgs/micro_ros_msgs/msg/detail/graph__type_support.c\n'}
[0.281996] (micro_ros_msgs) StdoutLine: {'line': b'-- Up-to-date: /home/kanye/Documents/visionaid/microros_ws/install/micro_ros_msgs/include/micro_ros_msgs/micro_ros_msgs/msg/detail/entity__rosidl_typesupport_introspection_c.h\n'}
[0.282031] (micro_ros_msgs) StdoutLine: {'line': b'-- Up-to-date: /home/kanye/Documents/visionaid/microros_ws/install/micro_ros_msgs/include/micro_ros_msgs/micro_ros_msgs/msg/detail/node__type_support.c\n'}
[0.282060] (micro_ros_msgs) StdoutLine: {'line': b'-- Up-to-date: /home/kanye/Documents/visionaid/microros_ws/install/micro_ros_msgs/include/micro_ros_msgs/micro_ros_msgs/msg/detail/node__rosidl_typesupport_introspection_c.h\n'}
[0.282086] (micro_ros_msgs) StdoutLine: {'line': b'-- Up-to-date: /home/kanye/Documents/visionaid/microros_ws/install/micro_ros_msgs/lib/libmicro_ros_msgs__rosidl_typesupport_introspection_c.so\n'}
[0.282114] (micro_ros_msgs) StdoutLine: {'line': b'-- Up-to-date: /home/kanye/Documents/visionaid/microros_ws/install/micro_ros_msgs/lib/libmicro_ros_msgs__rosidl_typesupport_c.so\n'}
[0.282141] (micro_ros_msgs) StdoutLine: {'line': b'-- Up-to-date: /home/kanye/Documents/visionaid/microros_ws/install/micro_ros_msgs/include/micro_ros_msgs/micro_ros_msgs\n'}
[0.282170] (micro_ros_msgs) StdoutLine: {'line': b'-- Up-to-date: /home/kanye/Documents/visionaid/microros_ws/install/micro_ros_msgs/include/micro_ros_msgs/micro_ros_msgs/msg\n'}
[0.282197] (micro_ros_msgs) StdoutLine: {'line': b'-- Up-to-date: /home/kanye/Documents/visionaid/microros_ws/install/micro_ros_msgs/include/micro_ros_msgs/micro_ros_msgs/msg/rosidl_generator_cpp__visibility_control.hpp\n'}
[0.282224] (micro_ros_msgs) StdoutLine: {'line': b'-- Up-to-date: /home/kanye/Documents/visionaid/microros_ws/install/micro_ros_msgs/include/micro_ros_msgs/micro_ros_msgs/msg/entity.hpp\n'}
[0.282251] (micro_ros_msgs) StdoutLine: {'line': b'-- Up-to-date: /home/kanye/Documents/visionaid/microros_ws/install/micro_ros_msgs/include/micro_ros_msgs/micro_ros_msgs/msg/node.hpp\n'}
[0.282279] (micro_ros_msgs) StdoutLine: {'line': b'-- Up-to-date: /home/kanye/Documents/visionaid/microros_ws/install/micro_ros_msgs/include/micro_ros_msgs/micro_ros_msgs/msg/detail\n'}
[0.282306] (micro_ros_msgs) StdoutLine: {'line': b'-- Up-to-date: /home/kanye/Documents/visionaid/microros_ws/install/micro_ros_msgs/include/micro_ros_msgs/micro_ros_msgs/msg/detail/entity__builder.hpp\n'}
[0.282332] (micro_ros_msgs) StdoutLine: {'line': b'-- Up-to-date: /home/kanye/Documents/visionaid/microros_ws/install/micro_ros_msgs/include/micro_ros_msgs/micro_ros_msgs/msg/detail/entity__type_support.hpp\n'}
[0.282359] (micro_ros_msgs) StdoutLine: {'line': b'-- Up-to-date: /home/kanye/Documents/visionaid/microros_ws/install/micro_ros_msgs/include/micro_ros_msgs/micro_ros_msgs/msg/detail/node__type_support.hpp\n'}
[0.282385] (micro_ros_msgs) StdoutLine: {'line': b'-- Up-to-date: /home/kanye/Documents/visionaid/microros_ws/install/micro_ros_msgs/include/micro_ros_msgs/micro_ros_msgs/msg/detail/entity__struct.hpp\n'}
[0.282411] (micro_ros_msgs) StdoutLine: {'line': b'-- Up-to-date: /home/kanye/Documents/visionaid/microros_ws/install/micro_ros_msgs/include/micro_ros_msgs/micro_ros_msgs/msg/detail/node__traits.hpp\n'}
[0.282439] (micro_ros_msgs) StdoutLine: {'line': b'-- Up-to-date: /home/kanye/Documents/visionaid/microros_ws/install/micro_ros_msgs/include/micro_ros_msgs/micro_ros_msgs/msg/detail/graph__type_support.hpp\n'}
[0.282465] (micro_ros_msgs) StdoutLine: {'line': b'-- Up-to-date: /home/kanye/Documents/visionaid/microros_ws/install/micro_ros_msgs/include/micro_ros_msgs/micro_ros_msgs/msg/detail/node__struct.hpp\n'}
[0.282490] (micro_ros_msgs) StdoutLine: {'line': b'-- Up-to-date: /home/kanye/Documents/visionaid/microros_ws/install/micro_ros_msgs/include/micro_ros_msgs/micro_ros_msgs/msg/detail/node__builder.hpp\n'}
[0.282518] (micro_ros_msgs) StdoutLine: {'line': b'-- Up-to-date: /home/kanye/Documents/visionaid/microros_ws/install/micro_ros_msgs/include/micro_ros_msgs/micro_ros_msgs/msg/detail/graph__traits.hpp\n'}
[0.282544] (micro_ros_msgs) StdoutLine: {'line': b'-- Up-to-date: /home/kanye/Documents/visionaid/microros_ws/install/micro_ros_msgs/include/micro_ros_msgs/micro_ros_msgs/msg/detail/graph__builder.hpp\n'}
[0.282569] (micro_ros_msgs) StdoutLine: {'line': b'-- Up-to-date: /home/kanye/Documents/visionaid/microros_ws/install/micro_ros_msgs/include/micro_ros_msgs/micro_ros_msgs/msg/detail/entity__traits.hpp\n'}
[0.282594] (micro_ros_msgs) StdoutLine: {'line': b'-- Up-to-date: /home/kanye/Documents/visionaid/microros_ws/install/micro_ros_msgs/include/micro_ros_msgs/micro_ros_msgs/msg/detail/graph__struct.hpp\n'}
[0.282620] (micro_ros_msgs) StdoutLine: {'line': b'-- Up-to-date: /home/kanye/Documents/visionaid/microros_ws/install/micro_ros_msgs/include/micro_ros_msgs/micro_ros_msgs/msg/graph.hpp\n'}
[0.282652] (micro_ros_msgs) StdoutLine: {'line': b'-- Up-to-date: /home/kanye/Documents/visionaid/microros_ws/install/micro_ros_msgs/include/micro_ros_msgs/micro_ros_msgs\n'}
[0.282680] (micro_ros_msgs) StdoutLine: {'line': b'-- Up-to-date: /home/kanye/Documents/visionaid/microros_ws/install/micro_ros_msgs/include/micro_ros_msgs/micro_ros_msgs/msg\n'}
[0.282707] (micro_ros_msgs) StdoutLine: {'line': b'-- Up-to-date: /home/kanye/Documents/visionaid/microros_ws/install/micro_ros_msgs/include/micro_ros_msgs/micro_ros_msgs/msg/rosidl_typesupport_fastrtps_cpp__visibility_control.h\n'}
[0.282733] (micro_ros_msgs) StdoutLine: {'line': b'-- Up-to-date: /home/kanye/Documents/visionaid/microros_ws/install/micro_ros_msgs/include/micro_ros_msgs/micro_ros_msgs/msg/detail\n'}
[0.282759] (micro_ros_msgs) StdoutLine: {'line': b'-- Up-to-date: /home/kanye/Documents/visionaid/microros_ws/install/micro_ros_msgs/include/micro_ros_msgs/micro_ros_msgs/msg/detail/dds_fastrtps\n'}
[0.282785] (micro_ros_msgs) StdoutLine: {'line': b'-- Up-to-date: /home/kanye/Documents/visionaid/microros_ws/install/micro_ros_msgs/include/micro_ros_msgs/micro_ros_msgs/msg/detail/node__rosidl_typesupport_fastrtps_cpp.hpp\n'}
[0.282815] (micro_ros_msgs) StdoutLine: {'line': b'-- Up-to-date: /home/kanye/Documents/visionaid/microros_ws/install/micro_ros_msgs/include/micro_ros_msgs/micro_ros_msgs/msg/detail/graph__rosidl_typesupport_fastrtps_cpp.hpp\n'}
[0.282840] (micro_ros_msgs) StdoutLine: {'line': b'-- Up-to-date: /home/kanye/Documents/visionaid/microros_ws/install/micro_ros_msgs/include/micro_ros_msgs/micro_ros_msgs/msg/detail/entity__rosidl_typesupport_fastrtps_cpp.hpp\n'}
[0.282866] (micro_ros_msgs) StdoutLine: {'line': b'-- Up-to-date: /home/kanye/Documents/visionaid/microros_ws/install/micro_ros_msgs/lib/libmicro_ros_msgs__rosidl_typesupport_fastrtps_cpp.so\n'}
[0.282892] (micro_ros_msgs) StdoutLine: {'line': b'-- Up-to-date: /home/kanye/Documents/visionaid/microros_ws/install/micro_ros_msgs/include/micro_ros_msgs/micro_ros_msgs\n'}
[0.282918] (micro_ros_msgs) StdoutLine: {'line': b'-- Up-to-date: /home/kanye/Documents/visionaid/microros_ws/install/micro_ros_msgs/include/micro_ros_msgs/micro_ros_msgs/msg\n'}
[0.282944] (micro_ros_msgs) StdoutLine: {'line': b'-- Up-to-date: /home/kanye/Documents/visionaid/microros_ws/install/micro_ros_msgs/include/micro_ros_msgs/micro_ros_msgs/msg/detail\n'}
[0.282971] (micro_ros_msgs) StdoutLine: {'line': b'-- Up-to-date: /home/kanye/Documents/visionaid/microros_ws/install/micro_ros_msgs/include/micro_ros_msgs/micro_ros_msgs/msg/detail/entity__rosidl_typesupport_introspection_cpp.hpp\n'}
[0.282997] (micro_ros_msgs) StdoutLine: {'line': b'-- Up-to-date: /home/kanye/Documents/visionaid/microros_ws/install/micro_ros_msgs/include/micro_ros_msgs/micro_ros_msgs/msg/detail/graph__type_support.cpp\n'}
[0.283023] (micro_ros_msgs) StdoutLine: {'line': b'-- Up-to-date: /home/kanye/Documents/visionaid/microros_ws/install/micro_ros_msgs/include/micro_ros_msgs/micro_ros_msgs/msg/detail/graph__rosidl_typesupport_introspection_cpp.hpp\n'}
[0.283049] (micro_ros_msgs) StdoutLine: {'line': b'-- Up-to-date: /home/kanye/Documents/visionaid/microros_ws/install/micro_ros_msgs/include/micro_ros_msgs/micro_ros_msgs/msg/detail/entity__type_support.cpp\n'}
[0.283074] (micro_ros_msgs) StdoutLine: {'line': b'-- Up-to-date: /home/kanye/Documents/visionaid/microros_ws/install/micro_ros_msgs/include/micro_ros_msgs/micro_ros_msgs/msg/detail/node__type_support.cpp\n'}
[0.283099] (micro_ros_msgs) StdoutLine: {'line': b'-- Up-to-date: /home/kanye/Documents/visionaid/microros_ws/install/micro_ros_msgs/include/micro_ros_msgs/micro_ros_msgs/msg/detail/node__rosidl_typesupport_introspection_cpp.hpp\n'}
[0.283124] (micro_ros_msgs) StdoutLine: {'line': b'-- Up-to-date: /home/kanye/Documents/visionaid/microros_ws/install/micro_ros_msgs/lib/libmicro_ros_msgs__rosidl_typesupport_introspection_cpp.so\n'}
[0.283149] (micro_ros_msgs) StdoutLine: {'line': b'-- Up-to-date: /home/kanye/Documents/visionaid/microros_ws/install/micro_ros_msgs/lib/libmicro_ros_msgs__rosidl_typesupport_cpp.so\n'}
[0.283176] (micro_ros_msgs) StdoutLine: {'line': b'-- Up-to-date: /home/kanye/Documents/visionaid/microros_ws/install/micro_ros_msgs/share/micro_ros_msgs/environment/pythonpath.sh\n'}
[0.283202] (micro_ros_msgs) StdoutLine: {'line': b'-- Up-to-date: /home/kanye/Documents/visionaid/microros_ws/install/micro_ros_msgs/share/micro_ros_msgs/environment/pythonpath.dsv\n'}
[0.283227] (micro_ros_msgs) StdoutLine: {'line': b'-- Up-to-date: /home/kanye/Documents/visionaid/microros_ws/install/micro_ros_msgs/local/lib/python3.10/dist-packages/micro_ros_msgs-3.0.1-py3.10.egg-info\n'}
[0.283253] (micro_ros_msgs) StdoutLine: {'line': b'-- Installing: /home/kanye/Documents/visionaid/microros_ws/install/micro_ros_msgs/local/lib/python3.10/dist-packages/micro_ros_msgs-3.0.1-py3.10.egg-info/PKG-INFO\n'}
[0.283279] (micro_ros_msgs) StdoutLine: {'line': b'-- Installing: /home/kanye/Documents/visionaid/microros_ws/install/micro_ros_msgs/local/lib/python3.10/dist-packages/micro_ros_msgs-3.0.1-py3.10.egg-info/top_level.txt\n'}
[0.283304] (micro_ros_msgs) StdoutLine: {'line': b'-- Installing: /home/kanye/Documents/visionaid/microros_ws/install/micro_ros_msgs/local/lib/python3.10/dist-packages/micro_ros_msgs-3.0.1-py3.10.egg-info/dependency_links.txt\n'}
[0.283329] (micro_ros_msgs) StdoutLine: {'line': b'-- Installing: /home/kanye/Documents/visionaid/microros_ws/install/micro_ros_msgs/local/lib/python3.10/dist-packages/micro_ros_msgs-3.0.1-py3.10.egg-info/SOURCES.txt\n'}
[0.283354] (micro_ros_msgs) StdoutLine: {'line': b'-- Up-to-date: /home/kanye/Documents/visionaid/microros_ws/install/micro_ros_msgs/local/lib/python3.10/dist-packages/micro_ros_msgs\n'}
[0.283378] (micro_ros_msgs) StdoutLine: {'line': b'-- Up-to-date: /home/kanye/Documents/visionaid/microros_ws/install/micro_ros_msgs/local/lib/python3.10/dist-packages/micro_ros_msgs/_micro_ros_msgs_s.ep.rosidl_typesupport_c.c\n'}
[0.283404] (micro_ros_msgs) StdoutLine: {'line': b'-- Up-to-date: /home/kanye/Documents/visionaid/microros_ws/install/micro_ros_msgs/local/lib/python3.10/dist-packages/micro_ros_msgs/__init__.py\n'}
[0.283430] (micro_ros_msgs) StdoutLine: {'line': b'-- Up-to-date: /home/kanye/Documents/visionaid/microros_ws/install/micro_ros_msgs/local/lib/python3.10/dist-packages/micro_ros_msgs/micro_ros_msgs_s__rosidl_typesupport_introspection_c.cpython-310-x86_64-linux-gnu.so\n'}
[0.283458] (micro_ros_msgs) StdoutLine: {'line': b'-- Up-to-date: /home/kanye/Documents/visionaid/microros_ws/install/micro_ros_msgs/local/lib/python3.10/dist-packages/micro_ros_msgs/_micro_ros_msgs_s.ep.rosidl_typesupport_fastrtps_c.c\n'}
[0.283488] (micro_ros_msgs) StdoutLine: {'line': b'-- Up-to-date: /home/kanye/Documents/visionaid/microros_ws/install/micro_ros_msgs/local/lib/python3.10/dist-packages/micro_ros_msgs/micro_ros_msgs_s__rosidl_typesupport_c.cpython-310-x86_64-linux-gnu.so\n'}
[0.283514] (micro_ros_msgs) StdoutLine: {'line': b'-- Up-to-date: /home/kanye/Documents/visionaid/microros_ws/install/micro_ros_msgs/local/lib/python3.10/dist-packages/micro_ros_msgs/micro_ros_msgs_s__rosidl_typesupport_fastrtps_c.cpython-310-x86_64-linux-gnu.so\n'}
[0.283540] (micro_ros_msgs) StdoutLine: {'line': b'-- Up-to-date: /home/kanye/Documents/visionaid/microros_ws/install/micro_ros_msgs/local/lib/python3.10/dist-packages/micro_ros_msgs/msg\n'}
[0.283565] (micro_ros_msgs) StdoutLine: {'line': b'-- Up-to-date: /home/kanye/Documents/visionaid/microros_ws/install/micro_ros_msgs/local/lib/python3.10/dist-packages/micro_ros_msgs/msg/_graph.py\n'}
[0.283591] (micro_ros_msgs) StdoutLine: {'line': b'-- Up-to-date: /home/kanye/Documents/visionaid/microros_ws/install/micro_ros_msgs/local/lib/python3.10/dist-packages/micro_ros_msgs/msg/_node.py\n'}
[0.283617] (micro_ros_msgs) StdoutLine: {'line': b'-- Up-to-date: /home/kanye/Documents/visionaid/microros_ws/install/micro_ros_msgs/local/lib/python3.10/dist-packages/micro_ros_msgs/msg/__init__.py\n'}
[0.283645] (micro_ros_msgs) StdoutLine: {'line': b'-- Up-to-date: /home/kanye/Documents/visionaid/microros_ws/install/micro_ros_msgs/local/lib/python3.10/dist-packages/micro_ros_msgs/msg/_node_s.c\n'}
[0.283672] (micro_ros_msgs) StdoutLine: {'line': b'-- Up-to-date: /home/kanye/Documents/visionaid/microros_ws/install/micro_ros_msgs/local/lib/python3.10/dist-packages/micro_ros_msgs/msg/_graph_s.c\n'}
[0.283698] (micro_ros_msgs) StdoutLine: {'line': b'-- Up-to-date: /home/kanye/Documents/visionaid/microros_ws/install/micro_ros_msgs/local/lib/python3.10/dist-packages/micro_ros_msgs/msg/_entity.py\n'}
[0.283724] (micro_ros_msgs) StdoutLine: {'line': b'-- Up-to-date: /home/kanye/Documents/visionaid/microros_ws/install/micro_ros_msgs/local/lib/python3.10/dist-packages/micro_ros_msgs/msg/_entity_s.c\n'}
[0.283748] (micro_ros_msgs) StdoutLine: {'line': b'-- Up-to-date: /home/kanye/Documents/visionaid/microros_ws/install/micro_ros_msgs/local/lib/python3.10/dist-packages/micro_ros_msgs/_micro_ros_msgs_s.ep.rosidl_typesupport_introspection_c.c\n'}
[0.283774] (micro_ros_msgs) StdoutLine: {'line': b'-- Up-to-date: /home/kanye/Documents/visionaid/microros_ws/install/micro_ros_msgs/local/lib/python3.10/dist-packages/micro_ros_msgs/libmicro_ros_msgs__rosidl_generator_py.so\n'}
[0.288226] (builtin_interfaces) StdoutLine: {'line': b"Listing '/home/kanye/Documents/visionaid/microros_ws/install/builtin_interfaces/local/lib/python3.10/dist-packages/builtin_interfaces'...\n"}
[0.288307] (builtin_interfaces) StdoutLine: {'line': b"Listing '/home/kanye/Documents/visionaid/microros_ws/install/builtin_interfaces/local/lib/python3.10/dist-packages/builtin_interfaces/msg'...\n"}
[0.290997] (builtin_interfaces) StdoutLine: {'line': b'-- Up-to-date: /home/kanye/Documents/visionaid/microros_ws/install/builtin_interfaces/local/lib/python3.10/dist-packages/builtin_interfaces/builtin_interfaces_s__rosidl_typesupport_fastrtps_c.cpython-310-x86_64-linux-gnu.so\n'}
[0.291207] (builtin_interfaces) StdoutLine: {'line': b'-- Up-to-date: /home/kanye/Documents/visionaid/microros_ws/install/builtin_interfaces/local/lib/python3.10/dist-packages/builtin_interfaces/builtin_interfaces_s__rosidl_typesupport_introspection_c.cpython-310-x86_64-linux-gnu.so\n'}
[0.291284] (builtin_interfaces) StdoutLine: {'line': b'-- Up-to-date: /home/kanye/Documents/visionaid/microros_ws/install/builtin_interfaces/local/lib/python3.10/dist-packages/builtin_interfaces/builtin_interfaces_s__rosidl_typesupport_c.cpython-310-x86_64-linux-gnu.so\n'}
[0.291383] (builtin_interfaces) StdoutLine: {'line': b'-- Up-to-date: /home/kanye/Documents/visionaid/microros_ws/install/builtin_interfaces/lib/libbuiltin_interfaces__rosidl_generator_py.so\n'}
[0.291418] (builtin_interfaces) StdoutLine: {'line': b'-- Up-to-date: /home/kanye/Documents/visionaid/microros_ws/install/builtin_interfaces/share/builtin_interfaces/msg/Duration.idl\n'}
[0.291451] (builtin_interfaces) StdoutLine: {'line': b'-- Up-to-date: /home/kanye/Documents/visionaid/microros_ws/install/builtin_interfaces/share/builtin_interfaces/msg/Time.idl\n'}
[0.291515] (builtin_interfaces) StdoutLine: {'line': b'-- Up-to-date: /home/kanye/Documents/visionaid/microros_ws/install/builtin_interfaces/share/builtin_interfaces/msg/Duration.msg\n'}
[0.291549] (builtin_interfaces) StdoutLine: {'line': b'-- Up-to-date: /home/kanye/Documents/visionaid/microros_ws/install/builtin_interfaces/share/builtin_interfaces/msg/Time.msg\n'}
[0.291580] (builtin_interfaces) StdoutLine: {'line': b'-- Up-to-date: /home/kanye/Documents/visionaid/microros_ws/install/builtin_interfaces/share/ament_index/resource_index/package_run_dependencies/builtin_interfaces\n'}
[0.291643] (builtin_interfaces) StdoutLine: {'line': b'-- Up-to-date: /home/kanye/Documents/visionaid/microros_ws/install/builtin_interfaces/share/ament_index/resource_index/parent_prefix_path/builtin_interfaces\n'}
[0.291676] (builtin_interfaces) StdoutLine: {'line': b'-- Up-to-date: /home/kanye/Documents/visionaid/microros_ws/install/builtin_interfaces/share/builtin_interfaces/environment/ament_prefix_path.sh\n'}
[0.291705] (builtin_interfaces) StdoutLine: {'line': b'-- Up-to-date: /home/kanye/Documents/visionaid/microros_ws/install/builtin_interfaces/share/builtin_interfaces/environment/ament_prefix_path.dsv\n'}
[0.291734] (builtin_interfaces) StdoutLine: {'line': b'-- Up-to-date: /home/kanye/Documents/visionaid/microros_ws/install/builtin_interfaces/share/builtin_interfaces/environment/path.sh\n'}
[0.291764] (builtin_interfaces) StdoutLine: {'line': b'-- Up-to-date: /home/kanye/Documents/visionaid/microros_ws/install/builtin_interfaces/share/builtin_interfaces/environment/path.dsv\n'}
[0.291794] (builtin_interfaces) StdoutLine: {'line': b'-- Up-to-date: /home/kanye/Documents/visionaid/microros_ws/install/builtin_interfaces/share/builtin_interfaces/local_setup.bash\n'}
[0.291839] (builtin_interfaces) StdoutLine: {'line': b'-- Up-to-date: /home/kanye/Documents/visionaid/microros_ws/install/builtin_interfaces/share/builtin_interfaces/local_setup.sh\n'}
[0.291869] (builtin_interfaces) StdoutLine: {'line': b'-- Up-to-date: /home/kanye/Documents/visionaid/microros_ws/install/builtin_interfaces/share/builtin_interfaces/local_setup.zsh\n'}
[0.291898] (builtin_interfaces) StdoutLine: {'line': b'-- Up-to-date: /home/kanye/Documents/visionaid/microros_ws/install/builtin_interfaces/share/builtin_interfaces/local_setup.dsv\n'}
[0.291926] (builtin_interfaces) StdoutLine: {'line': b'-- Installing: /home/kanye/Documents/visionaid/microros_ws/install/builtin_interfaces/share/builtin_interfaces/package.dsv\n'}
[0.291956] (builtin_interfaces) StdoutLine: {'line': b'-- Up-to-date: /home/kanye/Documents/visionaid/microros_ws/install/builtin_interfaces/share/ament_index/resource_index/packages/builtin_interfaces\n'}
[0.292014] (builtin_interfaces) StdoutLine: {'line': b'-- Up-to-date: /home/kanye/Documents/visionaid/microros_ws/install/builtin_interfaces/share/builtin_interfaces/cmake/export_builtin_interfaces__rosidl_generator_cExport.cmake\n'}
[0.292045] (builtin_interfaces) StdoutLine: {'line': b'-- Up-to-date: /home/kanye/Documents/visionaid/microros_ws/install/builtin_interfaces/share/builtin_interfaces/cmake/export_builtin_interfaces__rosidl_generator_cExport-noconfig.cmake\n'}
[0.292075] (builtin_interfaces) StdoutLine: {'line': b'-- Up-to-date: /home/kanye/Documents/visionaid/microros_ws/install/builtin_interfaces/share/builtin_interfaces/cmake/export_builtin_interfaces__rosidl_typesupport_fastrtps_cExport.cmake\n'}
[0.292135] (builtin_interfaces) StdoutLine: {'line': b'-- Up-to-date: /home/kanye/Documents/visionaid/microros_ws/install/builtin_interfaces/share/builtin_interfaces/cmake/export_builtin_interfaces__rosidl_typesupport_fastrtps_cExport-noconfig.cmake\n'}
[0.292196] (builtin_interfaces) StdoutLine: {'line': b'-- Up-to-date: /home/kanye/Documents/visionaid/microros_ws/install/builtin_interfaces/share/builtin_interfaces/cmake/builtin_interfaces__rosidl_typesupport_introspection_cExport.cmake\n'}
[0.292227] (builtin_interfaces) StdoutLine: {'line': b'-- Up-to-date: /home/kanye/Documents/visionaid/microros_ws/install/builtin_interfaces/share/builtin_interfaces/cmake/builtin_interfaces__rosidl_typesupport_introspection_cExport-noconfig.cmake\n'}
[0.292258] (builtin_interfaces) StdoutLine: {'line': b'-- Up-to-date: /home/kanye/Documents/visionaid/microros_ws/install/builtin_interfaces/share/builtin_interfaces/cmake/builtin_interfaces__rosidl_typesupport_cExport.cmake\n'}
[0.292289] (builtin_interfaces) StdoutLine: {'line': b'-- Up-to-date: /home/kanye/Documents/visionaid/microros_ws/install/builtin_interfaces/share/builtin_interfaces/cmake/builtin_interfaces__rosidl_typesupport_cExport-noconfig.cmake\n'}
[0.292318] (builtin_interfaces) StdoutLine: {'line': b'-- Up-to-date: /home/kanye/Documents/visionaid/microros_ws/install/builtin_interfaces/share/builtin_interfaces/cmake/export_builtin_interfaces__rosidl_generator_cppExport.cmake\n'}
[0.292346] (builtin_interfaces) StdoutLine: {'line': b'-- Up-to-date: /home/kanye/Documents/visionaid/microros_ws/install/builtin_interfaces/share/builtin_interfaces/cmake/export_builtin_interfaces__rosidl_typesupport_fastrtps_cppExport.cmake\n'}
[0.292375] (builtin_interfaces) StdoutLine: {'line': b'-- Up-to-date: /home/kanye/Documents/visionaid/microros_ws/install/builtin_interfaces/share/builtin_interfaces/cmake/export_builtin_interfaces__rosidl_typesupport_fastrtps_cppExport-noconfig.cmake\n'}
[0.292404] (builtin_interfaces) StdoutLine: {'line': b'-- Up-to-date: /home/kanye/Documents/visionaid/microros_ws/install/builtin_interfaces/share/builtin_interfaces/cmake/builtin_interfaces__rosidl_typesupport_introspection_cppExport.cmake\n'}
[0.292432] (builtin_interfaces) StdoutLine: {'line': b'-- Up-to-date: /home/kanye/Documents/visionaid/microros_ws/install/builtin_interfaces/share/builtin_interfaces/cmake/builtin_interfaces__rosidl_typesupport_introspection_cppExport-noconfig.cmake\n'}
[0.292476] (builtin_interfaces) StdoutLine: {'line': b'-- Up-to-date: /home/kanye/Documents/visionaid/microros_ws/install/builtin_interfaces/share/builtin_interfaces/cmake/builtin_interfaces__rosidl_typesupport_cppExport.cmake\n'}
[0.292505] (builtin_interfaces) StdoutLine: {'line': b'-- Up-to-date: /home/kanye/Documents/visionaid/microros_ws/install/builtin_interfaces/share/builtin_interfaces/cmake/builtin_interfaces__rosidl_typesupport_cppExport-noconfig.cmake\n'}
[0.292534] (builtin_interfaces) StdoutLine: {'line': b'-- Up-to-date: /home/kanye/Documents/visionaid/microros_ws/install/builtin_interfaces/share/builtin_interfaces/cmake/export_builtin_interfaces__rosidl_generator_pyExport.cmake\n'}
[0.292562] (builtin_interfaces) StdoutLine: {'line': b'-- Up-to-date: /home/kanye/Documents/visionaid/microros_ws/install/builtin_interfaces/share/builtin_interfaces/cmake/export_builtin_interfaces__rosidl_generator_pyExport-noconfig.cmake\n'}
[0.292590] (builtin_interfaces) StdoutLine: {'line': b'-- Up-to-date: /home/kanye/Documents/visionaid/microros_ws/install/builtin_interfaces/share/builtin_interfaces/cmake/rosidl_cmake-extras.cmake\n'}
[0.292620] (builtin_interfaces) StdoutLine: {'line': b'-- Up-to-date: /home/kanye/Documents/visionaid/microros_ws/install/builtin_interfaces/share/builtin_interfaces/cmake/ament_cmake_export_include_directories-extras.cmake\n'}
[0.292688] (builtin_interfaces) StdoutLine: {'line': b'-- Up-to-date: /home/kanye/Documents/visionaid/microros_ws/install/builtin_interfaces/share/builtin_interfaces/cmake/ament_cmake_export_libraries-extras.cmake\n'}
[0.292720] (builtin_interfaces) StdoutLine: {'line': b'-- Up-to-date: /home/kanye/Documents/visionaid/microros_ws/install/builtin_interfaces/share/builtin_interfaces/cmake/ament_cmake_export_targets-extras.cmake\n'}
[0.292749] (builtin_interfaces) StdoutLine: {'line': b'-- Up-to-date: /home/kanye/Documents/visionaid/microros_ws/install/builtin_interfaces/share/builtin_interfaces/cmake/rosidl_cmake_export_typesupport_targets-extras.cmake\n'}
[0.292776] (builtin_interfaces) StdoutLine: {'line': b'-- Up-to-date: /home/kanye/Documents/visionaid/microros_ws/install/builtin_interfaces/share/builtin_interfaces/cmake/ament_cmake_export_dependencies-extras.cmake\n'}
[0.292803] (builtin_interfaces) StdoutLine: {'line': b'-- Up-to-date: /home/kanye/Documents/visionaid/microros_ws/install/builtin_interfaces/share/builtin_interfaces/cmake/rosidl_cmake_export_typesupport_libraries-extras.cmake\n'}
[0.292829] (builtin_interfaces) StdoutLine: {'line': b'-- Up-to-date: /home/kanye/Documents/visionaid/microros_ws/install/builtin_interfaces/share/builtin_interfaces/cmake/builtin_interfacesConfig.cmake\n'}
[0.292855] (builtin_interfaces) StdoutLine: {'line': b'-- Up-to-date: /home/kanye/Documents/visionaid/microros_ws/install/builtin_interfaces/share/builtin_interfaces/cmake/builtin_interfacesConfig-version.cmake\n'}
[0.292885] (builtin_interfaces) StdoutLine: {'line': b'-- Up-to-date: /home/kanye/Documents/visionaid/microros_ws/install/builtin_interfaces/share/builtin_interfaces/package.xml\n'}
[0.293799] (builtin_interfaces) CommandEnded: {'returncode': 0}
[0.299475] (-) TimerEvent: {}
[0.306421] (micro_ros_msgs) StdoutLine: {'line': b"Listing '/home/kanye/Documents/visionaid/microros_ws/install/micro_ros_msgs/local/lib/python3.10/dist-packages/micro_ros_msgs'...\n"}
[0.306490] (micro_ros_msgs) StdoutLine: {'line': b"Listing '/home/kanye/Documents/visionaid/microros_ws/install/micro_ros_msgs/local/lib/python3.10/dist-packages/micro_ros_msgs/msg'...\n"}
[0.307859] (builtin_interfaces) JobEnded: {'identifier': 'builtin_interfaces', 'rc': 0}
[0.309404] (micro_ros_msgs) StdoutLine: {'line': b'-- Up-to-date: /home/kanye/Documents/visionaid/microros_ws/install/micro_ros_msgs/local/lib/python3.10/dist-packages/micro_ros_msgs/micro_ros_msgs_s__rosidl_typesupport_fastrtps_c.cpython-310-x86_64-linux-gnu.so\n'}
[0.309488] (micro_ros_msgs) StdoutLine: {'line': b'-- Up-to-date: /home/kanye/Documents/visionaid/microros_ws/install/micro_ros_msgs/local/lib/python3.10/dist-packages/micro_ros_msgs/micro_ros_msgs_s__rosidl_typesupport_introspection_c.cpython-310-x86_64-linux-gnu.so\n'}
[0.309547] (micro_ros_msgs) StdoutLine: {'line': b'-- Up-to-date: /home/kanye/Documents/visionaid/microros_ws/install/micro_ros_msgs/local/lib/python3.10/dist-packages/micro_ros_msgs/micro_ros_msgs_s__rosidl_typesupport_c.cpython-310-x86_64-linux-gnu.so\n'}
[0.309592] (micro_ros_msgs) StdoutLine: {'line': b'-- Up-to-date: /home/kanye/Documents/visionaid/microros_ws/install/micro_ros_msgs/lib/libmicro_ros_msgs__rosidl_generator_py.so\n'}
[0.309657] (micro_ros_msgs) StdoutLine: {'line': b'-- Up-to-date: /home/kanye/Documents/visionaid/microros_ws/install/micro_ros_msgs/share/micro_ros_msgs/msg/Graph.idl\n'}
[0.310099] (micro_ros_msgs) StdoutLine: {'line': b'-- Up-to-date: /home/kanye/Documents/visionaid/microros_ws/install/micro_ros_msgs/share/micro_ros_msgs/msg/Node.idl\n'}
[0.310149] (micro_ros_msgs) StdoutLine: {'line': b'-- Up-to-date: /home/kanye/Documents/visionaid/microros_ws/install/micro_ros_msgs/share/micro_ros_msgs/msg/Entity.idl\n'}
[0.310182] (micro_ros_msgs) StdoutLine: {'line': b'-- Up-to-date: /home/kanye/Documents/visionaid/microros_ws/install/micro_ros_msgs/share/micro_ros_msgs/msg/Graph.msg\n'}
[0.310214] (micro_ros_msgs) StdoutLine: {'line': b'-- Up-to-date: /home/kanye/Documents/visionaid/microros_ws/install/micro_ros_msgs/share/micro_ros_msgs/msg/Node.msg\n'}
[0.310245] (micro_ros_msgs) StdoutLine: {'line': b'-- Up-to-date: /home/kanye/Documents/visionaid/microros_ws/install/micro_ros_msgs/share/micro_ros_msgs/msg/Entity.msg\n'}
[0.310275] (micro_ros_msgs) StdoutLine: {'line': b'-- Up-to-date: /home/kanye/Documents/visionaid/microros_ws/install/micro_ros_msgs/share/ament_index/resource_index/package_run_dependencies/micro_ros_msgs\n'}
[0.310328] (micro_ros_msgs) StdoutLine: {'line': b'-- Up-to-date: /home/kanye/Documents/visionaid/microros_ws/install/micro_ros_msgs/share/ament_index/resource_index/parent_prefix_path/micro_ros_msgs\n'}
[0.310405] (micro_ros_msgs) StdoutLine: {'line': b'-- Up-to-date: /home/kanye/Documents/visionaid/microros_ws/install/micro_ros_msgs/share/micro_ros_msgs/environment/ament_prefix_path.sh\n'}
[0.310437] (micro_ros_msgs) StdoutLine: {'line': b'-- Up-to-date: /home/kanye/Documents/visionaid/microros_ws/install/micro_ros_msgs/share/micro_ros_msgs/environment/ament_prefix_path.dsv\n'}
[0.310468] (micro_ros_msgs) StdoutLine: {'line': b'-- Up-to-date: /home/kanye/Documents/visionaid/microros_ws/install/micro_ros_msgs/share/micro_ros_msgs/environment/path.sh\n'}
[0.310499] (micro_ros_msgs) StdoutLine: {'line': b'-- Up-to-date: /home/kanye/Documents/visionaid/microros_ws/install/micro_ros_msgs/share/micro_ros_msgs/environment/path.dsv\n'}
[0.310528] (micro_ros_msgs) StdoutLine: {'line': b'-- Up-to-date: /home/kanye/Documents/visionaid/microros_ws/install/micro_ros_msgs/share/micro_ros_msgs/local_setup.bash\n'}
[0.310557] (micro_ros_msgs) StdoutLine: {'line': b'-- Up-to-date: /home/kanye/Documents/visionaid/microros_ws/install/micro_ros_msgs/share/micro_ros_msgs/local_setup.sh\n'}
[0.310586] (micro_ros_msgs) StdoutLine: {'line': b'-- Up-to-date: /home/kanye/Documents/visionaid/microros_ws/install/micro_ros_msgs/share/micro_ros_msgs/local_setup.zsh\n'}
[0.310615] (micro_ros_msgs) StdoutLine: {'line': b'-- Up-to-date: /home/kanye/Documents/visionaid/microros_ws/install/micro_ros_msgs/share/micro_ros_msgs/local_setup.dsv\n'}
[0.310647] (micro_ros_msgs) StdoutLine: {'line': b'-- Installing: /home/kanye/Documents/visionaid/microros_ws/install/micro_ros_msgs/share/micro_ros_msgs/package.dsv\n'}
[0.310676] (micro_ros_msgs) StdoutLine: {'line': b'-- Up-to-date: /home/kanye/Documents/visionaid/microros_ws/install/micro_ros_msgs/share/ament_index/resource_index/packages/micro_ros_msgs\n'}
[0.310704] (micro_ros_msgs) StdoutLine: {'line': b'-- Up-to-date: /home/kanye/Documents/visionaid/microros_ws/install/micro_ros_msgs/share/micro_ros_msgs/cmake/export_micro_ros_msgs__rosidl_generator_cExport.cmake\n'}
[0.310734] (micro_ros_msgs) StdoutLine: {'line': b'-- Up-to-date: /home/kanye/Documents/visionaid/microros_ws/install/micro_ros_msgs/share/micro_ros_msgs/cmake/export_micro_ros_msgs__rosidl_generator_cExport-noconfig.cmake\n'}
[0.310764] (micro_ros_msgs) StdoutLine: {'line': b'-- Up-to-date: /home/kanye/Documents/visionaid/microros_ws/install/micro_ros_msgs/share/micro_ros_msgs/cmake/export_micro_ros_msgs__rosidl_typesupport_fastrtps_cExport.cmake\n'}
[0.310794] (micro_ros_msgs) StdoutLine: {'line': b'-- Up-to-date: /home/kanye/Documents/visionaid/microros_ws/install/micro_ros_msgs/share/micro_ros_msgs/cmake/export_micro_ros_msgs__rosidl_typesupport_fastrtps_cExport-noconfig.cmake\n'}
[0.310839] (micro_ros_msgs) StdoutLine: {'line': b'-- Up-to-date: /home/kanye/Documents/visionaid/microros_ws/install/micro_ros_msgs/share/micro_ros_msgs/cmake/micro_ros_msgs__rosidl_typesupport_introspection_cExport.cmake\n'}
[0.310869] (micro_ros_msgs) StdoutLine: {'line': b'-- Up-to-date: /home/kanye/Documents/visionaid/microros_ws/install/micro_ros_msgs/share/micro_ros_msgs/cmake/micro_ros_msgs__rosidl_typesupport_introspection_cExport-noconfig.cmake\n'}
[0.310899] (micro_ros_msgs) StdoutLine: {'line': b'-- Up-to-date: /home/kanye/Documents/visionaid/microros_ws/install/micro_ros_msgs/share/micro_ros_msgs/cmake/micro_ros_msgs__rosidl_typesupport_cExport.cmake\n'}
[0.310927] (micro_ros_msgs) StdoutLine: {'line': b'-- Up-to-date: /home/kanye/Documents/visionaid/microros_ws/install/micro_ros_msgs/share/micro_ros_msgs/cmake/micro_ros_msgs__rosidl_typesupport_cExport-noconfig.cmake\n'}
[0.310956] (micro_ros_msgs) StdoutLine: {'line': b'-- Up-to-date: /home/kanye/Documents/visionaid/microros_ws/install/micro_ros_msgs/share/micro_ros_msgs/cmake/export_micro_ros_msgs__rosidl_generator_cppExport.cmake\n'}
[0.311026] (micro_ros_msgs) StdoutLine: {'line': b'-- Up-to-date: /home/kanye/Documents/visionaid/microros_ws/install/micro_ros_msgs/share/micro_ros_msgs/cmake/export_micro_ros_msgs__rosidl_typesupport_fastrtps_cppExport.cmake\n'}
[0.311053] (micro_ros_msgs) StdoutLine: {'line': b'-- Up-to-date: /home/kanye/Documents/visionaid/microros_ws/install/micro_ros_msgs/share/micro_ros_msgs/cmake/export_micro_ros_msgs__rosidl_typesupport_fastrtps_cppExport-noconfig.cmake\n'}
[0.311079] (micro_ros_msgs) StdoutLine: {'line': b'-- Up-to-date: /home/kanye/Documents/visionaid/microros_ws/install/micro_ros_msgs/share/micro_ros_msgs/cmake/micro_ros_msgs__rosidl_typesupport_introspection_cppExport.cmake\n'}
[0.311104] (micro_ros_msgs) StdoutLine: {'line': b'-- Up-to-date: /home/kanye/Documents/visionaid/microros_ws/install/micro_ros_msgs/share/micro_ros_msgs/cmake/micro_ros_msgs__rosidl_typesupport_introspection_cppExport-noconfig.cmake\n'}
[0.311131] (micro_ros_msgs) StdoutLine: {'line': b'-- Up-to-date: /home/kanye/Documents/visionaid/microros_ws/install/micro_ros_msgs/share/micro_ros_msgs/cmake/micro_ros_msgs__rosidl_typesupport_cppExport.cmake\n'}
[0.311159] (micro_ros_msgs) StdoutLine: {'line': b'-- Up-to-date: /home/kanye/Documents/visionaid/microros_ws/install/micro_ros_msgs/share/micro_ros_msgs/cmake/micro_ros_msgs__rosidl_typesupport_cppExport-noconfig.cmake\n'}
[0.311185] (micro_ros_msgs) StdoutLine: {'line': b'-- Up-to-date: /home/kanye/Documents/visionaid/microros_ws/install/micro_ros_msgs/share/micro_ros_msgs/cmake/export_micro_ros_msgs__rosidl_generator_pyExport.cmake\n'}
[0.311211] (micro_ros_msgs) StdoutLine: {'line': b'-- Up-to-date: /home/kanye/Documents/visionaid/microros_ws/install/micro_ros_msgs/share/micro_ros_msgs/cmake/export_micro_ros_msgs__rosidl_generator_pyExport-noconfig.cmake\n'}
[0.311240] (micro_ros_msgs) StdoutLine: {'line': b'-- Up-to-date: /home/kanye/Documents/visionaid/microros_ws/install/micro_ros_msgs/share/micro_ros_msgs/cmake/rosidl_cmake-extras.cmake\n'}
[0.311266] (micro_ros_msgs) StdoutLine: {'line': b'-- Up-to-date: /home/kanye/Documents/visionaid/microros_ws/install/micro_ros_msgs/share/micro_ros_msgs/cmake/ament_cmake_export_include_directories-extras.cmake\n'}
[0.311291] (micro_ros_msgs) StdoutLine: {'line': b'-- Up-to-date: /home/kanye/Documents/visionaid/microros_ws/install/micro_ros_msgs/share/micro_ros_msgs/cmake/ament_cmake_export_libraries-extras.cmake\n'}
[0.311316] (micro_ros_msgs) StdoutLine: {'line': b'-- Up-to-date: /home/kanye/Documents/visionaid/microros_ws/install/micro_ros_msgs/share/micro_ros_msgs/cmake/ament_cmake_export_targets-extras.cmake\n'}
[0.311341] (micro_ros_msgs) StdoutLine: {'line': b'-- Up-to-date: /home/kanye/Documents/visionaid/microros_ws/install/micro_ros_msgs/share/micro_ros_msgs/cmake/rosidl_cmake_export_typesupport_targets-extras.cmake\n'}
[0.311366] (micro_ros_msgs) StdoutLine: {'line': b'-- Up-to-date: /home/kanye/Documents/visionaid/microros_ws/install/micro_ros_msgs/share/micro_ros_msgs/cmake/ament_cmake_export_dependencies-extras.cmake\n'}
[0.311392] (micro_ros_msgs) StdoutLine: {'line': b'-- Up-to-date: /home/kanye/Documents/visionaid/microros_ws/install/micro_ros_msgs/share/micro_ros_msgs/cmake/rosidl_cmake_export_typesupport_libraries-extras.cmake\n'}
[0.311418] (micro_ros_msgs) StdoutLine: {'line': b'-- Up-to-date: /home/kanye/Documents/visionaid/microros_ws/install/micro_ros_msgs/share/micro_ros_msgs/cmake/micro_ros_msgsConfig.cmake\n'}
[0.311443] (micro_ros_msgs) StdoutLine: {'line': b'-- Up-to-date: /home/kanye/Documents/visionaid/microros_ws/install/micro_ros_msgs/share/micro_ros_msgs/cmake/micro_ros_msgsConfig-version.cmake\n'}
[0.311468] (micro_ros_msgs) StdoutLine: {'line': b'-- Up-to-date: /home/kanye/Documents/visionaid/microros_ws/install/micro_ros_msgs/share/micro_ros_msgs/package.xml\n'}
[0.312300] (micro_ros_msgs) CommandEnded: {'returncode': 0}
[0.322352] (micro_ros_msgs) JobEnded: {'identifier': 'micro_ros_msgs', 'rc': 0}
[0.322695] (micro_ros_agent) JobStarted: {'identifier': 'micro_ros_agent'}
[0.330796] (micro_ros_agent) JobProgress: {'identifier': 'micro_ros_agent', 'progress': 'cmake'}
[0.331355] (micro_ros_agent) JobProgress: {'identifier': 'micro_ros_agent', 'progress': 'build'}
[0.332164] (micro_ros_agent) Command: {'cmd': ['/usr/bin/cmake', '--build', '/home/kanye/Documents/visionaid/microros_ws/build/micro_ros_agent', '--', '-j28', '-l28'], 'cwd': '/home/kanye/Documents/visionaid/microros_ws/build/micro_ros_agent', 'env': OrderedDict([('LESSOPEN', '| /usr/bin/lesspipe %s'), ('USER', 'kanye'), ('LC_TIME', 'lzh_TW'), ('XDG_SESSION_TYPE', 'wayland'), ('SHLVL', '2'), ('LD_LIBRARY_PATH', '/home/kanye/Documents/visionaid/microros_ws/install/micro_ros_msgs/lib:/home/kanye/Documents/visionaid/microros_ws/install/builtin_interfaces/lib:/opt/ros/humble/opt/rviz_ogre_vendor/lib:/opt/ros/humble/lib/x86_64-linux-gnu:/opt/ros/humble/lib'), ('HOME', '/home/kanye'), ('OLDPWD', '/home/kanye/Documents/visionaid'), ('DESKTOP_SESSION', 'ubuntu'), ('ROS_PYTHON_VERSION', '3'), ('GNOME_SHELL_SESSION_MODE', 'ubuntu'), ('GTK_MODULES', 'gail:atk-bridge'), ('LC_MONETARY', 'lzh_TW'), ('SYSTEMD_EXEC_PID', '2284'), ('DBUS_SESSION_BUS_ADDRESS', 'unix:path=/run/user/1000/bus'), ('COLORTERM', 'truecolor'), ('IM_CONFIG_PHASE', '1'), ('WAYLAND_DISPLAY', 'wayland-0'), ('COLCON_PREFIX_PATH', '/home/kanye/Documents/visionaid/microros_ws/install'), ('ROS_DISTRO', 'humble'), ('LOGNAME', 'kanye'), ('_', '/usr/bin/colcon'), ('ROS_VERSION', '2'), ('XDG_SESSION_CLASS', 'user'), ('USERNAME', 'kanye'), ('TERM', 'xterm-256color'), ('GNOME_DESKTOP_SESSION_ID', 'this-is-deprecated'), ('ROS_LOCALHOST_ONLY', '0'), ('PATH', '/opt/ros/humble/bin:/home/kanye/.local/bin:/usr/local/sbin:/usr/local/bin:/usr/sbin:/usr/bin:/sbin:/bin:/usr/games:/usr/local/games:/snap/bin:/snap/bin'), ('SESSION_MANAGER', 'local/kanye-Ubuntu16:@/tmp/.ICE-unix/2254,unix/kanye-Ubuntu16:/tmp/.ICE-unix/2254'), ('XDG_MENU_PREFIX', 'gnome-'), ('LC_ADDRESS', 'lzh_TW'), ('GNOME_TERMINAL_SCREEN', '/org/gnome/Terminal/screen/bc25f51e_b569_4d46_8345_b17f9195c3b2'), ('GNOME_SETUP_DISPLAY', ':1'), ('XDG_RUNTIME_DIR', '/run/user/1000'), ('DISPLAY', ':0'), ('LANG', 'en_US.UTF-8'), ('XDG_CURRENT_DESKTOP', 'ubuntu:GNOME'), ('LC_TELEPHONE', 'lzh_TW'), ('XMODIFIERS', '@im=ibus'), ('XDG_SESSION_DESKTOP', 'ubuntu'), ('XAUTHORITY', '/run/user/1000/.mutter-Xwaylandauth.Y40N82'), ('LS_COLORS', 'rs=0:di=01;34:ln=01;36:mh=00:pi=40;33:so=01;35:do=01;35:bd=40;33;01:cd=40;33;01:or=40;31;01:mi=00:su=37;41:sg=30;43:ca=30;41:tw=30;42:ow=34;42:st=37;44:ex=01;32:*.tar=01;31:*.tgz=01;31:*.arc=01;31:*.arj=01;31:*.taz=01;31:*.lha=01;31:*.lz4=01;31:*.lzh=01;31:*.lzma=01;31:*.tlz=01;31:*.txz=01;31:*.tzo=01;31:*.t7z=01;31:*.zip=01;31:*.z=01;31:*.dz=01;31:*.gz=01;31:*.lrz=01;31:*.lz=01;31:*.lzo=01;31:*.xz=01;31:*.zst=01;31:*.tzst=01;31:*.bz2=01;31:*.bz=01;31:*.tbz=01;31:*.tbz2=01;31:*.tz=01;31:*.deb=01;31:*.rpm=01;31:*.jar=01;31:*.war=01;31:*.ear=01;31:*.sar=01;31:*.rar=01;31:*.alz=01;31:*.ace=01;31:*.zoo=01;31:*.cpio=01;31:*.7z=01;31:*.rz=01;31:*.cab=01;31:*.wim=01;31:*.swm=01;31:*.dwm=01;31:*.esd=01;31:*.jpg=01;35:*.jpeg=01;35:*.mjpg=01;35:*.mjpeg=01;35:*.gif=01;35:*.bmp=01;35:*.pbm=01;35:*.pgm=01;35:*.ppm=01;35:*.tga=01;35:*.xbm=01;35:*.xpm=01;35:*.tif=01;35:*.tiff=01;35:*.png=01;35:*.svg=01;35:*.svgz=01;35:*.mng=01;35:*.pcx=01;35:*.mov=01;35:*.mpg=01;35:*.mpeg=01;35:*.m2v=01;35:*.mkv=01;35:*.webm=01;35:*.webp=01;35:*.ogm=01;35:*.mp4=01;35:*.m4v=01;35:*.mp4v=01;35:*.vob=01;35:*.qt=01;35:*.nuv=01;35:*.wmv=01;35:*.asf=01;35:*.rm=01;35:*.rmvb=01;35:*.flc=01;35:*.avi=01;35:*.fli=01;35:*.flv=01;35:*.gl=01;35:*.dl=01;35:*.xcf=01;35:*.xwd=01;35:*.yuv=01;35:*.cgm=01;35:*.emf=01;35:*.ogv=01;35:*.ogx=01;35:*.aac=00;36:*.au=00;36:*.flac=00;36:*.m4a=00;36:*.mid=00;36:*.midi=00;36:*.mka=00;36:*.mp3=00;36:*.mpc=00;36:*.ogg=00;36:*.ra=00;36:*.wav=00;36:*.oga=00;36:*.opus=00;36:*.spx=00;36:*.xspf=00;36:'), ('GNOME_TERMINAL_SERVICE', ':1.148'), ('SSH_AGENT_LAUNCHER', 'gnome-keyring'), ('SSH_AUTH_SOCK', '/run/user/1000/keyring/ssh'), ('AMENT_PREFIX_PATH', '/home/kanye/Documents/visionaid/microros_ws/install/micro_ros_msgs:/home/kanye/Documents/visionaid/microros_ws/install/builtin_interfaces:/home/kanye/Documents/visionaid/microros_ws/install/micro_ros_setup:/opt/ros/humble'), ('SHELL', '/bin/bash'), ('LC_NAME', 'lzh_TW'), ('QT_ACCESSIBILITY', '1'), ('GDMSESSION', 'ubuntu'), ('LESSCLOSE', '/usr/bin/lesspipe %s %s'), ('LC_MEASUREMENT', 'lzh_TW'), ('LC_IDENTIFICATION', 'lzh_TW'), ('QT_IM_MODULE', 'ibus'), ('PWD', '/home/kanye/Documents/visionaid/microros_ws/build/micro_ros_agent'), ('XDG_CONFIG_DIRS', '/etc/xdg/xdg-ubuntu:/etc/xdg'), ('XDG_DATA_DIRS', '/usr/share/ubuntu:/usr/local/share/:/usr/share/:/var/lib/snapd/desktop'), ('PYTHONPATH', '/home/kanye/Documents/visionaid/microros_ws/install/micro_ros_msgs/local/lib/python3.10/dist-packages:/home/kanye/Documents/visionaid/microros_ws/install/builtin_interfaces/local/lib/python3.10/dist-packages:/opt/ros/humble/lib/python3.10/site-packages:/opt/ros/humble/local/lib/python3.10/dist-packages'), ('LC_NUMERIC', 'lzh_TW'), ('LC_PAPER', 'lzh_TW'), ('COLCON', '1'), ('VTE_VERSION', '6800'), ('CMAKE_PREFIX_PATH', '/home/kanye/Documents/visionaid/microros_ws/install/micro_ros_msgs:/home/kanye/Documents/visionaid/microros_ws/install/builtin_interfaces:/home/kanye/Documents/visionaid/microros_ws/install/micro_ros_setup:/opt/ros/humble')]), 'shell': False}
[0.363203] (micro_ros_agent) StdoutLine: {'line': b'\x1b[35m\x1b[1mConsolidate compiler generated dependencies of target micro_ros_agent\x1b[0m\n'}
[0.380444] (micro_ros_agent) StdoutLine: {'line': b'[100%] Built target micro_ros_agent\n'}
[0.388066] (micro_ros_agent) CommandEnded: {'returncode': 0}
[0.388537] (micro_ros_agent) JobProgress: {'identifier': 'micro_ros_agent', 'progress': 'install'}
[0.389099] (micro_ros_agent) Command: {'cmd': ['/usr/bin/cmake', '--install', '/home/kanye/Documents/visionaid/microros_ws/build/micro_ros_agent'], 'cwd': '/home/kanye/Documents/visionaid/microros_ws/build/micro_ros_agent', 'env': OrderedDict([('LESSOPEN', '| /usr/bin/lesspipe %s'), ('USER', 'kanye'), ('LC_TIME', 'lzh_TW'), ('XDG_SESSION_TYPE', 'wayland'), ('SHLVL', '2'), ('LD_LIBRARY_PATH', '/home/kanye/Documents/visionaid/microros_ws/install/micro_ros_msgs/lib:/home/kanye/Documents/visionaid/microros_ws/install/builtin_interfaces/lib:/opt/ros/humble/opt/rviz_ogre_vendor/lib:/opt/ros/humble/lib/x86_64-linux-gnu:/opt/ros/humble/lib'), ('HOME', '/home/kanye'), ('OLDPWD', '/home/kanye/Documents/visionaid'), ('DESKTOP_SESSION', 'ubuntu'), ('ROS_PYTHON_VERSION', '3'), ('GNOME_SHELL_SESSION_MODE', 'ubuntu'), ('GTK_MODULES', 'gail:atk-bridge'), ('LC_MONETARY', 'lzh_TW'), ('SYSTEMD_EXEC_PID', '2284'), ('DBUS_SESSION_BUS_ADDRESS', 'unix:path=/run/user/1000/bus'), ('COLORTERM', 'truecolor'), ('IM_CONFIG_PHASE', '1'), ('WAYLAND_DISPLAY', 'wayland-0'), ('COLCON_PREFIX_PATH', '/home/kanye/Documents/visionaid/microros_ws/install'), ('ROS_DISTRO', 'humble'), ('LOGNAME', 'kanye'), ('_', '/usr/bin/colcon'), ('ROS_VERSION', '2'), ('XDG_SESSION_CLASS', 'user'), ('USERNAME', 'kanye'), ('TERM', 'xterm-256color'), ('GNOME_DESKTOP_SESSION_ID', 'this-is-deprecated'), ('ROS_LOCALHOST_ONLY', '0'), ('PATH', '/opt/ros/humble/bin:/home/kanye/.local/bin:/usr/local/sbin:/usr/local/bin:/usr/sbin:/usr/bin:/sbin:/bin:/usr/games:/usr/local/games:/snap/bin:/snap/bin'), ('SESSION_MANAGER', 'local/kanye-Ubuntu16:@/tmp/.ICE-unix/2254,unix/kanye-Ubuntu16:/tmp/.ICE-unix/2254'), ('XDG_MENU_PREFIX', 'gnome-'), ('LC_ADDRESS', 'lzh_TW'), ('GNOME_TERMINAL_SCREEN', '/org/gnome/Terminal/screen/bc25f51e_b569_4d46_8345_b17f9195c3b2'), ('GNOME_SETUP_DISPLAY', ':1'), ('XDG_RUNTIME_DIR', '/run/user/1000'), ('DISPLAY', ':0'), ('LANG', 'en_US.UTF-8'), ('XDG_CURRENT_DESKTOP', 'ubuntu:GNOME'), ('LC_TELEPHONE', 'lzh_TW'), ('XMODIFIERS', '@im=ibus'), ('XDG_SESSION_DESKTOP', 'ubuntu'), ('XAUTHORITY', '/run/user/1000/.mutter-Xwaylandauth.Y40N82'), ('LS_COLORS', 'rs=0:di=01;34:ln=01;36:mh=00:pi=40;33:so=01;35:do=01;35:bd=40;33;01:cd=40;33;01:or=40;31;01:mi=00:su=37;41:sg=30;43:ca=30;41:tw=30;42:ow=34;42:st=37;44:ex=01;32:*.tar=01;31:*.tgz=01;31:*.arc=01;31:*.arj=01;31:*.taz=01;31:*.lha=01;31:*.lz4=01;31:*.lzh=01;31:*.lzma=01;31:*.tlz=01;31:*.txz=01;31:*.tzo=01;31:*.t7z=01;31:*.zip=01;31:*.z=01;31:*.dz=01;31:*.gz=01;31:*.lrz=01;31:*.lz=01;31:*.lzo=01;31:*.xz=01;31:*.zst=01;31:*.tzst=01;31:*.bz2=01;31:*.bz=01;31:*.tbz=01;31:*.tbz2=01;31:*.tz=01;31:*.deb=01;31:*.rpm=01;31:*.jar=01;31:*.war=01;31:*.ear=01;31:*.sar=01;31:*.rar=01;31:*.alz=01;31:*.ace=01;31:*.zoo=01;31:*.cpio=01;31:*.7z=01;31:*.rz=01;31:*.cab=01;31:*.wim=01;31:*.swm=01;31:*.dwm=01;31:*.esd=01;31:*.jpg=01;35:*.jpeg=01;35:*.mjpg=01;35:*.mjpeg=01;35:*.gif=01;35:*.bmp=01;35:*.pbm=01;35:*.pgm=01;35:*.ppm=01;35:*.tga=01;35:*.xbm=01;35:*.xpm=01;35:*.tif=01;35:*.tiff=01;35:*.png=01;35:*.svg=01;35:*.svgz=01;35:*.mng=01;35:*.pcx=01;35:*.mov=01;35:*.mpg=01;35:*.mpeg=01;35:*.m2v=01;35:*.mkv=01;35:*.webm=01;35:*.webp=01;35:*.ogm=01;35:*.mp4=01;35:*.m4v=01;35:*.mp4v=01;35:*.vob=01;35:*.qt=01;35:*.nuv=01;35:*.wmv=01;35:*.asf=01;35:*.rm=01;35:*.rmvb=01;35:*.flc=01;35:*.avi=01;35:*.fli=01;35:*.flv=01;35:*.gl=01;35:*.dl=01;35:*.xcf=01;35:*.xwd=01;35:*.yuv=01;35:*.cgm=01;35:*.emf=01;35:*.ogv=01;35:*.ogx=01;35:*.aac=00;36:*.au=00;36:*.flac=00;36:*.m4a=00;36:*.mid=00;36:*.midi=00;36:*.mka=00;36:*.mp3=00;36:*.mpc=00;36:*.ogg=00;36:*.ra=00;36:*.wav=00;36:*.oga=00;36:*.opus=00;36:*.spx=00;36:*.xspf=00;36:'), ('GNOME_TERMINAL_SERVICE', ':1.148'), ('SSH_AGENT_LAUNCHER', 'gnome-keyring'), ('SSH_AUTH_SOCK', '/run/user/1000/keyring/ssh'), ('AMENT_PREFIX_PATH', '/home/kanye/Documents/visionaid/microros_ws/install/micro_ros_msgs:/home/kanye/Documents/visionaid/microros_ws/install/builtin_interfaces:/home/kanye/Documents/visionaid/microros_ws/install/micro_ros_setup:/opt/ros/humble'), ('SHELL', '/bin/bash'), ('LC_NAME', 'lzh_TW'), ('QT_ACCESSIBILITY', '1'), ('GDMSESSION', 'ubuntu'), ('LESSCLOSE', '/usr/bin/lesspipe %s %s'), ('LC_MEASUREMENT', 'lzh_TW'), ('LC_IDENTIFICATION', 'lzh_TW'), ('QT_IM_MODULE', 'ibus'), ('PWD', '/home/kanye/Documents/visionaid/microros_ws/build/micro_ros_agent'), ('XDG_CONFIG_DIRS', '/etc/xdg/xdg-ubuntu:/etc/xdg'), ('XDG_DATA_DIRS', '/usr/share/ubuntu:/usr/local/share/:/usr/share/:/var/lib/snapd/desktop'), ('PYTHONPATH', '/home/kanye/Documents/visionaid/microros_ws/install/micro_ros_msgs/local/lib/python3.10/dist-packages:/home/kanye/Documents/visionaid/microros_ws/install/builtin_interfaces/local/lib/python3.10/dist-packages:/opt/ros/humble/lib/python3.10/site-packages:/opt/ros/humble/local/lib/python3.10/dist-packages'), ('LC_NUMERIC', 'lzh_TW'), ('LC_PAPER', 'lzh_TW'), ('COLCON', '1'), ('VTE_VERSION', '6800'), ('CMAKE_PREFIX_PATH', '/home/kanye/Documents/visionaid/microros_ws/install/micro_ros_msgs:/home/kanye/Documents/visionaid/microros_ws/install/builtin_interfaces:/home/kanye/Documents/visionaid/microros_ws/install/micro_ros_setup:/opt/ros/humble')]), 'shell': False}
[0.395034] (micro_ros_agent) StdoutLine: {'line': b'-- Install configuration: ""\n'}
[0.395088] (micro_ros_agent) StdoutLine: {'line': b'-- Up-to-date: /home/kanye/Documents/visionaid/microros_ws/install/micro_ros_agent/share/ament_index/resource_index/package_run_dependencies/micro_ros_agent\n'}
[0.395125] (micro_ros_agent) StdoutLine: {'line': b'-- Up-to-date: /home/kanye/Documents/visionaid/microros_ws/install/micro_ros_agent/share/ament_index/resource_index/parent_prefix_path/micro_ros_agent\n'}
[0.395155] (micro_ros_agent) StdoutLine: {'line': b'-- Up-to-date: /home/kanye/Documents/visionaid/microros_ws/install/micro_ros_agent/share/micro_ros_agent/environment/ament_prefix_path.sh\n'}
[0.395186] (micro_ros_agent) StdoutLine: {'line': b'-- Up-to-date: /home/kanye/Documents/visionaid/microros_ws/install/micro_ros_agent/share/micro_ros_agent/environment/ament_prefix_path.dsv\n'}
[0.395215] (micro_ros_agent) StdoutLine: {'line': b'-- Up-to-date: /home/kanye/Documents/visionaid/microros_ws/install/micro_ros_agent/share/micro_ros_agent/environment/path.sh\n'}
[0.395246] (micro_ros_agent) StdoutLine: {'line': b'-- Up-to-date: /home/kanye/Documents/visionaid/microros_ws/install/micro_ros_agent/share/micro_ros_agent/environment/path.dsv\n'}
[0.395277] (micro_ros_agent) StdoutLine: {'line': b'-- Up-to-date: /home/kanye/Documents/visionaid/microros_ws/install/micro_ros_agent/share/micro_ros_agent/local_setup.bash\n'}
[0.395306] (micro_ros_agent) StdoutLine: {'line': b'-- Up-to-date: /home/kanye/Documents/visionaid/microros_ws/install/micro_ros_agent/share/micro_ros_agent/local_setup.sh\n'}
[0.395331] (micro_ros_agent) StdoutLine: {'line': b'-- Up-to-date: /home/kanye/Documents/visionaid/microros_ws/install/micro_ros_agent/share/micro_ros_agent/local_setup.zsh\n'}
[0.395389] (micro_ros_agent) StdoutLine: {'line': b'-- Up-to-date: /home/kanye/Documents/visionaid/microros_ws/install/micro_ros_agent/share/micro_ros_agent/local_setup.dsv\n'}
[0.395420] (micro_ros_agent) StdoutLine: {'line': b'-- Installing: /home/kanye/Documents/visionaid/microros_ws/install/micro_ros_agent/share/micro_ros_agent/package.dsv\n'}
[0.395489] (micro_ros_agent) StdoutLine: {'line': b'-- Up-to-date: /home/kanye/Documents/visionaid/microros_ws/install/micro_ros_agent/share/ament_index/resource_index/packages/micro_ros_agent\n'}
[0.395519] (micro_ros_agent) StdoutLine: {'line': b'-- Up-to-date: /home/kanye/Documents/visionaid/microros_ws/install/micro_ros_agent/share/micro_ros_agent/cmake/ament_cmake_export_dependencies-extras.cmake\n'}
[0.395549] (micro_ros_agent) StdoutLine: {'line': b'-- Up-to-date: /home/kanye/Documents/visionaid/microros_ws/install/micro_ros_agent/share/micro_ros_agent/cmake/micro_ros_agentConfig.cmake\n'}
[0.395576] (micro_ros_agent) StdoutLine: {'line': b'-- Up-to-date: /home/kanye/Documents/visionaid/microros_ws/install/micro_ros_agent/share/micro_ros_agent/cmake/micro_ros_agentConfig-version.cmake\n'}
[0.395603] (micro_ros_agent) StdoutLine: {'line': b'-- Up-to-date: /home/kanye/Documents/visionaid/microros_ws/install/micro_ros_agent/share/micro_ros_agent/package.xml\n'}
[0.395629] (micro_ros_agent) StdoutLine: {'line': b'-- Up-to-date: /home/kanye/Documents/visionaid/microros_ws/install/micro_ros_agent/lib/micro_ros_agent/micro_ros_agent\n'}
[0.395660] (micro_ros_agent) StdoutLine: {'line': b'-- Up-to-date: /home/kanye/Documents/visionaid/microros_ws/install/micro_ros_agent/share/micro_ros_agent/launch\n'}
[0.395686] (micro_ros_agent) StdoutLine: {'line': b'-- Up-to-date: /home/kanye/Documents/visionaid/microros_ws/install/micro_ros_agent/share/micro_ros_agent/launch/micro_ros_agent_launch.py\n'}
[0.396928] (micro_ros_agent) CommandEnded: {'returncode': 0}
[0.399769] (-) TimerEvent: {}
[0.404889] (micro_ros_agent) JobEnded: {'identifier': 'micro_ros_agent', 'rc': 0}
[0.405257] (-) EventReactorShutdown: {}
