[0.076s] DEBUG:colcon:Command line arguments: ['/usr/bin/colcon', 'build', '--packages-up-to', 'micro_ros_agent', '--cmake-args', '-DUAGENT_BUILD_EXECUTABLE=OFF', '-DUAGENT_P2P_PROFILE=OFF', '--no-warn-unused-cli']
[0.076s] DEBUG:colcon:Parsed command line arguments: Namespace(log_base=None, log_level=None, verb_name='build', build_base='build', install_base='install', merge_install=False, symlink_install=False, test_result_base=None, continue_on_error=False, executor='parallel', parallel_workers=28, event_handlers=None, ignore_user_meta=False, metas=['./colcon.meta'], base_paths=['.'], packages_ignore=None, packages_ignore_regex=None, paths=None, packages_up_to=['micro_ros_agent'], packages_up_to_regex=None, packages_above=None, packages_above_and_dependencies=None, packages_above_depth=None, packages_select_by_dep=None, packages_skip_by_dep=None, packages_skip_up_to=None, packages_select_build_failed=False, packages_skip_build_finished=False, packages_select_test_failures=False, packages_skip_test_passed=False, packages_select=None, packages_skip=None, packages_select_regex=None, packages_skip_regex=None, packages_start=None, packages_end=None, allow_overriding=[], cmake_args=['-DUAGENT_BUILD_EXECUTABLE=OFF', '-DUAGENT_P2P_PROFILE=OFF', '--no-warn-unused-cli'], cmake_target=None, cmake_target_skip_unavailable=False, cmake_clean_cache=False, cmake_clean_first=False, cmake_force_configure=False, ament_cmake_args=None, catkin_cmake_args=None, catkin_skip_building_tests=False, verb_parser=<colcon_defaults.argument_parser.defaults.DefaultArgumentsDecorator object at 0x79d5ef86c190>, verb_extension=<colcon_core.verb.build.BuildVerb object at 0x79d5ef97d600>, main=<bound method BuildVerb.main of <colcon_core.verb.build.BuildVerb object at 0x79d5ef97d600>>)
[0.205s] Level 1:colcon.colcon_core.package_discovery:discover_packages(colcon_meta) check parameters
[0.205s] Level 1:colcon.colcon_core.package_discovery:discover_packages(recursive) check parameters
[0.205s] Level 1:colcon.colcon_core.package_discovery:discover_packages(ignore) check parameters
[0.205s] Level 1:colcon.colcon_core.package_discovery:discover_packages(path) check parameters
[0.205s] Level 1:colcon.colcon_core.package_discovery:discover_packages(colcon_meta) discover
[0.205s] Level 1:colcon.colcon_core.package_discovery:discover_packages(recursive) discover
[0.205s] INFO:colcon.colcon_core.package_discovery:Crawling recursively for packages in '/home/kanye/Documents/visionaid/microros_ws'
[0.205s] Level 1:colcon.colcon_core.package_identification:_identify(.) by extensions ['ignore', 'ignore_ament_install']
[0.205s] Level 1:colcon.colcon_core.package_identification:_identify(.) by extension 'ignore'
[0.206s] Level 1:colcon.colcon_core.package_identification:_identify(.) by extension 'ignore_ament_install'
[0.206s] Level 1:colcon.colcon_core.package_identification:_identify(.) by extensions ['colcon_pkg']
[0.206s] Level 1:colcon.colcon_core.package_identification:_identify(.) by extension 'colcon_pkg'
[0.206s] Level 1:colcon.colcon_core.package_identification:_identify(.) by extensions ['colcon_meta']
[0.206s] Level 1:colcon.colcon_core.package_identification:_identify(.) by extension 'colcon_meta'
[0.206s] Level 1:colcon.colcon_core.package_identification:_identify(.) by extensions ['ros']
[0.206s] Level 1:colcon.colcon_core.package_identification:_identify(.) by extension 'ros'
[0.219s] Level 1:colcon.colcon_core.package_identification:_identify(.) by extensions ['cmake', 'python']
[0.219s] Level 1:colcon.colcon_core.package_identification:_identify(.) by extension 'cmake'
[0.219s] Level 1:colcon.colcon_core.package_identification:_identify(.) by extension 'python'
[0.219s] Level 1:colcon.colcon_core.package_identification:_identify(.) by extensions ['python_setup_py']
[0.219s] Level 1:colcon.colcon_core.package_identification:_identify(.) by extension 'python_setup_py'
[0.219s] Level 1:colcon.colcon_core.package_identification:_identify(build) by extensions ['ignore', 'ignore_ament_install']
[0.219s] Level 1:colcon.colcon_core.package_identification:_identify(build) by extension 'ignore'
[0.219s] Level 1:colcon.colcon_core.package_identification:_identify(build) ignored
[0.220s] Level 1:colcon.colcon_core.package_identification:_identify(install) by extensions ['ignore', 'ignore_ament_install']
[0.220s] Level 1:colcon.colcon_core.package_identification:_identify(install) by extension 'ignore'
[0.220s] Level 1:colcon.colcon_core.package_identification:_identify(install) ignored
[0.220s] Level 1:colcon.colcon_core.package_identification:_identify(log) by extensions ['ignore', 'ignore_ament_install']
[0.220s] Level 1:colcon.colcon_core.package_identification:_identify(log) by extension 'ignore'
[0.220s] Level 1:colcon.colcon_core.package_identification:_identify(log) ignored
[0.220s] Level 1:colcon.colcon_core.package_identification:_identify(src) by extensions ['ignore', 'ignore_ament_install']
[0.220s] Level 1:colcon.colcon_core.package_identification:_identify(src) by extension 'ignore'
[0.220s] Level 1:colcon.colcon_core.package_identification:_identify(src) by extension 'ignore_ament_install'
[0.220s] Level 1:colcon.colcon_core.package_identification:_identify(src) by extensions ['colcon_pkg']
[0.220s] Level 1:colcon.colcon_core.package_identification:_identify(src) by extension 'colcon_pkg'
[0.220s] Level 1:colcon.colcon_core.package_identification:_identify(src) by extensions ['colcon_meta']
[0.220s] Level 1:colcon.colcon_core.package_identification:_identify(src) by extension 'colcon_meta'
[0.220s] Level 1:colcon.colcon_core.package_identification:_identify(src) by extensions ['ros']
[0.220s] Level 1:colcon.colcon_core.package_identification:_identify(src) by extension 'ros'
[0.220s] Level 1:colcon.colcon_core.package_identification:_identify(src) by extensions ['cmake', 'python']
[0.220s] Level 1:colcon.colcon_core.package_identification:_identify(src) by extension 'cmake'
[0.220s] Level 1:colcon.colcon_core.package_identification:_identify(src) by extension 'python'
[0.220s] Level 1:colcon.colcon_core.package_identification:_identify(src) by extensions ['python_setup_py']
[0.220s] Level 1:colcon.colcon_core.package_identification:_identify(src) by extension 'python_setup_py'
[0.220s] Level 1:colcon.colcon_core.package_identification:_identify(src/eProsima) by extensions ['ignore', 'ignore_ament_install']
[0.220s] Level 1:colcon.colcon_core.package_identification:_identify(src/eProsima) by extension 'ignore'
[0.220s] Level 1:colcon.colcon_core.package_identification:_identify(src/eProsima) by extension 'ignore_ament_install'
[0.220s] Level 1:colcon.colcon_core.package_identification:_identify(src/eProsima) by extensions ['colcon_pkg']
[0.220s] Level 1:colcon.colcon_core.package_identification:_identify(src/eProsima) by extension 'colcon_pkg'
[0.220s] Level 1:colcon.colcon_core.package_identification:_identify(src/eProsima) by extensions ['colcon_meta']
[0.220s] Level 1:colcon.colcon_core.package_identification:_identify(src/eProsima) by extension 'colcon_meta'
[0.220s] Level 1:colcon.colcon_core.package_identification:_identify(src/eProsima) by extensions ['ros']
[0.220s] Level 1:colcon.colcon_core.package_identification:_identify(src/eProsima) by extension 'ros'
[0.221s] Level 1:colcon.colcon_core.package_identification:_identify(src/eProsima) by extensions ['cmake', 'python']
[0.221s] Level 1:colcon.colcon_core.package_identification:_identify(src/eProsima) by extension 'cmake'
[0.221s] Level 1:colcon.colcon_core.package_identification:_identify(src/eProsima) by extension 'python'
[0.221s] Level 1:colcon.colcon_core.package_identification:_identify(src/eProsima) by extensions ['python_setup_py']
[0.221s] Level 1:colcon.colcon_core.package_identification:_identify(src/eProsima) by extension 'python_setup_py'
[0.221s] Level 1:colcon.colcon_core.package_identification:_identify(src/eProsima/Micro-CDR) by extensions ['ignore', 'ignore_ament_install']
[0.221s] Level 1:colcon.colcon_core.package_identification:_identify(src/eProsima/Micro-CDR) by extension 'ignore'
[0.221s] Level 1:colcon.colcon_core.package_identification:_identify(src/eProsima/Micro-CDR) by extension 'ignore_ament_install'
[0.221s] Level 1:colcon.colcon_core.package_identification:_identify(src/eProsima/Micro-CDR) by extensions ['colcon_pkg']
[0.221s] Level 1:colcon.colcon_core.package_identification:_identify(src/eProsima/Micro-CDR) by extension 'colcon_pkg'
[0.221s] INFO:colcon.colcon_metadata.metadata.colcon_pkg:Setting type 'cmake' of package 'src/eProsima/Micro-CDR' from colcon.pkg
[0.221s] INFO:colcon.colcon_metadata.metadata.colcon_pkg:Setting name 'microcdr' of package 'src/eProsima/Micro-CDR' from colcon.pkg
[0.221s] DEBUG:colcon.colcon_core.package_identification:Package 'src/eProsima/Micro-CDR' with type 'cmake' and name 'microcdr'
[0.221s] Level 1:colcon.colcon_core.package_identification:_identify(src/eProsima/Micro-XRCE-DDS-Client) by extensions ['ignore', 'ignore_ament_install']
[0.221s] Level 1:colcon.colcon_core.package_identification:_identify(src/eProsima/Micro-XRCE-DDS-Client) by extension 'ignore'
[0.222s] Level 1:colcon.colcon_core.package_identification:_identify(src/eProsima/Micro-XRCE-DDS-Client) by extension 'ignore_ament_install'
[0.222s] Level 1:colcon.colcon_core.package_identification:_identify(src/eProsima/Micro-XRCE-DDS-Client) by extensions ['colcon_pkg']
[0.222s] Level 1:colcon.colcon_core.package_identification:_identify(src/eProsima/Micro-XRCE-DDS-Client) by extension 'colcon_pkg'
[0.222s] INFO:colcon.colcon_metadata.metadata.colcon_pkg:Setting type 'cmake' of package 'src/eProsima/Micro-XRCE-DDS-Client' from colcon.pkg
[0.222s] INFO:colcon.colcon_metadata.metadata.colcon_pkg:Setting name 'microxrcedds_client' of package 'src/eProsima/Micro-XRCE-DDS-Client' from colcon.pkg
[0.222s] DEBUG:colcon.colcon_core.package_identification:Package 'src/eProsima/Micro-XRCE-DDS-Client' with type 'cmake' and name 'microxrcedds_client'
[0.222s] Level 1:colcon.colcon_core.package_identification:_identify(src/micro_ros_setup) by extensions ['ignore', 'ignore_ament_install']
[0.222s] Level 1:colcon.colcon_core.package_identification:_identify(src/micro_ros_setup) by extension 'ignore'
[0.222s] Level 1:colcon.colcon_core.package_identification:_identify(src/micro_ros_setup) by extension 'ignore_ament_install'
[0.222s] Level 1:colcon.colcon_core.package_identification:_identify(src/micro_ros_setup) by extensions ['colcon_pkg']
[0.222s] Level 1:colcon.colcon_core.package_identification:_identify(src/micro_ros_setup) by extension 'colcon_pkg'
[0.222s] Level 1:colcon.colcon_core.package_identification:_identify(src/micro_ros_setup) by extensions ['colcon_meta']
[0.222s] Level 1:colcon.colcon_core.package_identification:_identify(src/micro_ros_setup) by extension 'colcon_meta'
[0.222s] Level 1:colcon.colcon_core.package_identification:_identify(src/micro_ros_setup) by extensions ['ros']
[0.222s] Level 1:colcon.colcon_core.package_identification:_identify(src/micro_ros_setup) by extension 'ros'
[0.224s] DEBUG:colcon.colcon_core.package_identification:Package 'src/micro_ros_setup' with type 'ros.ament_cmake' and name 'micro_ros_setup'
[0.225s] Level 1:colcon.colcon_core.package_identification:_identify(src/ros2) by extensions ['ignore', 'ignore_ament_install']
[0.225s] Level 1:colcon.colcon_core.package_identification:_identify(src/ros2) by extension 'ignore'
[0.225s] Level 1:colcon.colcon_core.package_identification:_identify(src/ros2) by extension 'ignore_ament_install'
[0.225s] Level 1:colcon.colcon_core.package_identification:_identify(src/ros2) by extensions ['colcon_pkg']
[0.225s] Level 1:colcon.colcon_core.package_identification:_identify(src/ros2) by extension 'colcon_pkg'
[0.225s] Level 1:colcon.colcon_core.package_identification:_identify(src/ros2) by extensions ['colcon_meta']
[0.225s] Level 1:colcon.colcon_core.package_identification:_identify(src/ros2) by extension 'colcon_meta'
[0.225s] Level 1:colcon.colcon_core.package_identification:_identify(src/ros2) by extensions ['ros']
[0.225s] Level 1:colcon.colcon_core.package_identification:_identify(src/ros2) by extension 'ros'
[0.225s] Level 1:colcon.colcon_core.package_identification:_identify(src/ros2) by extensions ['cmake', 'python']
[0.225s] Level 1:colcon.colcon_core.package_identification:_identify(src/ros2) by extension 'cmake'
[0.225s] Level 1:colcon.colcon_core.package_identification:_identify(src/ros2) by extension 'python'
[0.225s] Level 1:colcon.colcon_core.package_identification:_identify(src/ros2) by extensions ['python_setup_py']
[0.225s] Level 1:colcon.colcon_core.package_identification:_identify(src/ros2) by extension 'python_setup_py'
[0.225s] Level 1:colcon.colcon_core.package_identification:_identify(src/ros2/common_interfaces) by extensions ['ignore', 'ignore_ament_install']
[0.225s] Level 1:colcon.colcon_core.package_identification:_identify(src/ros2/common_interfaces) by extension 'ignore'
[0.225s] Level 1:colcon.colcon_core.package_identification:_identify(src/ros2/common_interfaces) by extension 'ignore_ament_install'
[0.225s] Level 1:colcon.colcon_core.package_identification:_identify(src/ros2/common_interfaces) by extensions ['colcon_pkg']
[0.225s] Level 1:colcon.colcon_core.package_identification:_identify(src/ros2/common_interfaces) by extension 'colcon_pkg'
[0.225s] Level 1:colcon.colcon_core.package_identification:_identify(src/ros2/common_interfaces) by extensions ['colcon_meta']
[0.225s] Level 1:colcon.colcon_core.package_identification:_identify(src/ros2/common_interfaces) by extension 'colcon_meta'
[0.225s] Level 1:colcon.colcon_core.package_identification:_identify(src/ros2/common_interfaces) by extensions ['ros']
[0.225s] Level 1:colcon.colcon_core.package_identification:_identify(src/ros2/common_interfaces) by extension 'ros'
[0.225s] Level 1:colcon.colcon_core.package_identification:_identify(src/ros2/common_interfaces) by extensions ['cmake', 'python']
[0.225s] Level 1:colcon.colcon_core.package_identification:_identify(src/ros2/common_interfaces) by extension 'cmake'
[0.225s] Level 1:colcon.colcon_core.package_identification:_identify(src/ros2/common_interfaces) by extension 'python'
[0.225s] Level 1:colcon.colcon_core.package_identification:_identify(src/ros2/common_interfaces) by extensions ['python_setup_py']
[0.225s] Level 1:colcon.colcon_core.package_identification:_identify(src/ros2/common_interfaces) by extension 'python_setup_py'
[0.225s] Level 1:colcon.colcon_core.package_identification:_identify(src/ros2/common_interfaces/actionlib_msgs) by extensions ['ignore', 'ignore_ament_install']
[0.226s] Level 1:colcon.colcon_core.package_identification:_identify(src/ros2/common_interfaces/actionlib_msgs) by extension 'ignore'
[0.226s] Level 1:colcon.colcon_core.package_identification:_identify(src/ros2/common_interfaces/actionlib_msgs) by extension 'ignore_ament_install'
[0.226s] Level 1:colcon.colcon_core.package_identification:_identify(src/ros2/common_interfaces/actionlib_msgs) by extensions ['colcon_pkg']
[0.226s] Level 1:colcon.colcon_core.package_identification:_identify(src/ros2/common_interfaces/actionlib_msgs) by extension 'colcon_pkg'
[0.226s] Level 1:colcon.colcon_core.package_identification:_identify(src/ros2/common_interfaces/actionlib_msgs) by extensions ['colcon_meta']
[0.226s] Level 1:colcon.colcon_core.package_identification:_identify(src/ros2/common_interfaces/actionlib_msgs) by extension 'colcon_meta'
[0.226s] Level 1:colcon.colcon_core.package_identification:_identify(src/ros2/common_interfaces/actionlib_msgs) by extensions ['ros']
[0.226s] Level 1:colcon.colcon_core.package_identification:_identify(src/ros2/common_interfaces/actionlib_msgs) by extension 'ros'
[0.226s] DEBUG:colcon.colcon_core.package_identification:Package 'src/ros2/common_interfaces/actionlib_msgs' with type 'ros.ament_cmake' and name 'actionlib_msgs'
[0.226s] Level 1:colcon.colcon_core.package_identification:_identify(src/ros2/common_interfaces/common_interfaces) by extensions ['ignore', 'ignore_ament_install']
[0.226s] Level 1:colcon.colcon_core.package_identification:_identify(src/ros2/common_interfaces/common_interfaces) by extension 'ignore'
[0.227s] Level 1:colcon.colcon_core.package_identification:_identify(src/ros2/common_interfaces/common_interfaces) by extension 'ignore_ament_install'
[0.227s] Level 1:colcon.colcon_core.package_identification:_identify(src/ros2/common_interfaces/common_interfaces) by extensions ['colcon_pkg']
[0.227s] Level 1:colcon.colcon_core.package_identification:_identify(src/ros2/common_interfaces/common_interfaces) by extension 'colcon_pkg'
[0.227s] Level 1:colcon.colcon_core.package_identification:_identify(src/ros2/common_interfaces/common_interfaces) by extensions ['colcon_meta']
[0.227s] Level 1:colcon.colcon_core.package_identification:_identify(src/ros2/common_interfaces/common_interfaces) by extension 'colcon_meta'
[0.227s] Level 1:colcon.colcon_core.package_identification:_identify(src/ros2/common_interfaces/common_interfaces) by extensions ['ros']
[0.227s] Level 1:colcon.colcon_core.package_identification:_identify(src/ros2/common_interfaces/common_interfaces) by extension 'ros'
[0.227s] DEBUG:colcon.colcon_core.package_identification:Package 'src/ros2/common_interfaces/common_interfaces' with type 'ros.ament_cmake' and name 'common_interfaces'
[0.227s] Level 1:colcon.colcon_core.package_identification:_identify(src/ros2/common_interfaces/diagnostic_msgs) by extensions ['ignore', 'ignore_ament_install']
[0.227s] Level 1:colcon.colcon_core.package_identification:_identify(src/ros2/common_interfaces/diagnostic_msgs) by extension 'ignore'
[0.227s] Level 1:colcon.colcon_core.package_identification:_identify(src/ros2/common_interfaces/diagnostic_msgs) by extension 'ignore_ament_install'
[0.227s] Level 1:colcon.colcon_core.package_identification:_identify(src/ros2/common_interfaces/diagnostic_msgs) by extensions ['colcon_pkg']
[0.227s] Level 1:colcon.colcon_core.package_identification:_identify(src/ros2/common_interfaces/diagnostic_msgs) by extension 'colcon_pkg'
[0.227s] Level 1:colcon.colcon_core.package_identification:_identify(src/ros2/common_interfaces/diagnostic_msgs) by extensions ['colcon_meta']
[0.227s] Level 1:colcon.colcon_core.package_identification:_identify(src/ros2/common_interfaces/diagnostic_msgs) by extension 'colcon_meta'
[0.228s] Level 1:colcon.colcon_core.package_identification:_identify(src/ros2/common_interfaces/diagnostic_msgs) by extensions ['ros']
[0.228s] Level 1:colcon.colcon_core.package_identification:_identify(src/ros2/common_interfaces/diagnostic_msgs) by extension 'ros'
[0.228s] DEBUG:colcon.colcon_core.package_identification:Package 'src/ros2/common_interfaces/diagnostic_msgs' with type 'ros.ament_cmake' and name 'diagnostic_msgs'
[0.228s] Level 1:colcon.colcon_core.package_identification:_identify(src/ros2/common_interfaces/docs) by extensions ['ignore', 'ignore_ament_install']
[0.228s] Level 1:colcon.colcon_core.package_identification:_identify(src/ros2/common_interfaces/docs) by extension 'ignore'
[0.228s] Level 1:colcon.colcon_core.package_identification:_identify(src/ros2/common_interfaces/docs) by extension 'ignore_ament_install'
[0.228s] Level 1:colcon.colcon_core.package_identification:_identify(src/ros2/common_interfaces/docs) by extensions ['colcon_pkg']
[0.228s] Level 1:colcon.colcon_core.package_identification:_identify(src/ros2/common_interfaces/docs) by extension 'colcon_pkg'
[0.228s] Level 1:colcon.colcon_core.package_identification:_identify(src/ros2/common_interfaces/docs) by extensions ['colcon_meta']
[0.228s] Level 1:colcon.colcon_core.package_identification:_identify(src/ros2/common_interfaces/docs) by extension 'colcon_meta'
[0.228s] Level 1:colcon.colcon_core.package_identification:_identify(src/ros2/common_interfaces/docs) by extensions ['ros']
[0.228s] Level 1:colcon.colcon_core.package_identification:_identify(src/ros2/common_interfaces/docs) by extension 'ros'
[0.228s] Level 1:colcon.colcon_core.package_identification:_identify(src/ros2/common_interfaces/docs) by extensions ['cmake', 'python']
[0.228s] Level 1:colcon.colcon_core.package_identification:_identify(src/ros2/common_interfaces/docs) by extension 'cmake'
[0.228s] Level 1:colcon.colcon_core.package_identification:_identify(src/ros2/common_interfaces/docs) by extension 'python'
[0.228s] Level 1:colcon.colcon_core.package_identification:_identify(src/ros2/common_interfaces/docs) by extensions ['python_setup_py']
[0.229s] Level 1:colcon.colcon_core.package_identification:_identify(src/ros2/common_interfaces/docs) by extension 'python_setup_py'
[0.229s] Level 1:colcon.colcon_core.package_identification:_identify(src/ros2/common_interfaces/geometry_msgs) by extensions ['ignore', 'ignore_ament_install']
[0.229s] Level 1:colcon.colcon_core.package_identification:_identify(src/ros2/common_interfaces/geometry_msgs) by extension 'ignore'
[0.229s] Level 1:colcon.colcon_core.package_identification:_identify(src/ros2/common_interfaces/geometry_msgs) by extension 'ignore_ament_install'
[0.229s] Level 1:colcon.colcon_core.package_identification:_identify(src/ros2/common_interfaces/geometry_msgs) by extensions ['colcon_pkg']
[0.229s] Level 1:colcon.colcon_core.package_identification:_identify(src/ros2/common_interfaces/geometry_msgs) by extension 'colcon_pkg'
[0.229s] Level 1:colcon.colcon_core.package_identification:_identify(src/ros2/common_interfaces/geometry_msgs) by extensions ['colcon_meta']
[0.229s] Level 1:colcon.colcon_core.package_identification:_identify(src/ros2/common_interfaces/geometry_msgs) by extension 'colcon_meta'
[0.229s] Level 1:colcon.colcon_core.package_identification:_identify(src/ros2/common_interfaces/geometry_msgs) by extensions ['ros']
[0.229s] Level 1:colcon.colcon_core.package_identification:_identify(src/ros2/common_interfaces/geometry_msgs) by extension 'ros'
[0.229s] DEBUG:colcon.colcon_core.package_identification:Package 'src/ros2/common_interfaces/geometry_msgs' with type 'ros.ament_cmake' and name 'geometry_msgs'
[0.229s] Level 1:colcon.colcon_core.package_identification:_identify(src/ros2/common_interfaces/nav_msgs) by extensions ['ignore', 'ignore_ament_install']
[0.229s] Level 1:colcon.colcon_core.package_identification:_identify(src/ros2/common_interfaces/nav_msgs) by extension 'ignore'
[0.229s] Level 1:colcon.colcon_core.package_identification:_identify(src/ros2/common_interfaces/nav_msgs) by extension 'ignore_ament_install'
[0.230s] Level 1:colcon.colcon_core.package_identification:_identify(src/ros2/common_interfaces/nav_msgs) by extensions ['colcon_pkg']
[0.230s] Level 1:colcon.colcon_core.package_identification:_identify(src/ros2/common_interfaces/nav_msgs) by extension 'colcon_pkg'
[0.230s] Level 1:colcon.colcon_core.package_identification:_identify(src/ros2/common_interfaces/nav_msgs) by extensions ['colcon_meta']
[0.230s] Level 1:colcon.colcon_core.package_identification:_identify(src/ros2/common_interfaces/nav_msgs) by extension 'colcon_meta'
[0.230s] Level 1:colcon.colcon_core.package_identification:_identify(src/ros2/common_interfaces/nav_msgs) by extensions ['ros']
[0.230s] Level 1:colcon.colcon_core.package_identification:_identify(src/ros2/common_interfaces/nav_msgs) by extension 'ros'
[0.230s] DEBUG:colcon.colcon_core.package_identification:Package 'src/ros2/common_interfaces/nav_msgs' with type 'ros.ament_cmake' and name 'nav_msgs'
[0.230s] Level 1:colcon.colcon_core.package_identification:_identify(src/ros2/common_interfaces/sensor_msgs) by extensions ['ignore', 'ignore_ament_install']
[0.230s] Level 1:colcon.colcon_core.package_identification:_identify(src/ros2/common_interfaces/sensor_msgs) by extension 'ignore'
[0.230s] Level 1:colcon.colcon_core.package_identification:_identify(src/ros2/common_interfaces/sensor_msgs) by extension 'ignore_ament_install'
[0.230s] Level 1:colcon.colcon_core.package_identification:_identify(src/ros2/common_interfaces/sensor_msgs) by extensions ['colcon_pkg']
[0.230s] Level 1:colcon.colcon_core.package_identification:_identify(src/ros2/common_interfaces/sensor_msgs) by extension 'colcon_pkg'
[0.231s] Level 1:colcon.colcon_core.package_identification:_identify(src/ros2/common_interfaces/sensor_msgs) by extensions ['colcon_meta']
[0.231s] Level 1:colcon.colcon_core.package_identification:_identify(src/ros2/common_interfaces/sensor_msgs) by extension 'colcon_meta'
[0.231s] Level 1:colcon.colcon_core.package_identification:_identify(src/ros2/common_interfaces/sensor_msgs) by extensions ['ros']
[0.231s] Level 1:colcon.colcon_core.package_identification:_identify(src/ros2/common_interfaces/sensor_msgs) by extension 'ros'
[0.231s] DEBUG:colcon.colcon_core.package_identification:Package 'src/ros2/common_interfaces/sensor_msgs' with type 'ros.ament_cmake' and name 'sensor_msgs'
[0.231s] Level 1:colcon.colcon_core.package_identification:_identify(src/ros2/common_interfaces/sensor_msgs_py) by extensions ['ignore', 'ignore_ament_install']
[0.231s] Level 1:colcon.colcon_core.package_identification:_identify(src/ros2/common_interfaces/sensor_msgs_py) by extension 'ignore'
[0.231s] Level 1:colcon.colcon_core.package_identification:_identify(src/ros2/common_interfaces/sensor_msgs_py) by extension 'ignore_ament_install'
[0.231s] Level 1:colcon.colcon_core.package_identification:_identify(src/ros2/common_interfaces/sensor_msgs_py) by extensions ['colcon_pkg']
[0.231s] Level 1:colcon.colcon_core.package_identification:_identify(src/ros2/common_interfaces/sensor_msgs_py) by extension 'colcon_pkg'
[0.231s] Level 1:colcon.colcon_core.package_identification:_identify(src/ros2/common_interfaces/sensor_msgs_py) by extensions ['colcon_meta']
[0.231s] Level 1:colcon.colcon_core.package_identification:_identify(src/ros2/common_interfaces/sensor_msgs_py) by extension 'colcon_meta'
[0.231s] Level 1:colcon.colcon_core.package_identification:_identify(src/ros2/common_interfaces/sensor_msgs_py) by extensions ['ros']
[0.231s] Level 1:colcon.colcon_core.package_identification:_identify(src/ros2/common_interfaces/sensor_msgs_py) by extension 'ros'
[0.232s] DEBUG:colcon.colcon_core.package_identification:Package 'src/ros2/common_interfaces/sensor_msgs_py' with type 'ros.ament_python' and name 'sensor_msgs_py'
[0.232s] Level 1:colcon.colcon_core.package_identification:_identify(src/ros2/common_interfaces/shape_msgs) by extensions ['ignore', 'ignore_ament_install']
[0.232s] Level 1:colcon.colcon_core.package_identification:_identify(src/ros2/common_interfaces/shape_msgs) by extension 'ignore'
[0.232s] Level 1:colcon.colcon_core.package_identification:_identify(src/ros2/common_interfaces/shape_msgs) by extension 'ignore_ament_install'
[0.232s] Level 1:colcon.colcon_core.package_identification:_identify(src/ros2/common_interfaces/shape_msgs) by extensions ['colcon_pkg']
[0.232s] Level 1:colcon.colcon_core.package_identification:_identify(src/ros2/common_interfaces/shape_msgs) by extension 'colcon_pkg'
[0.232s] Level 1:colcon.colcon_core.package_identification:_identify(src/ros2/common_interfaces/shape_msgs) by extensions ['colcon_meta']
[0.232s] Level 1:colcon.colcon_core.package_identification:_identify(src/ros2/common_interfaces/shape_msgs) by extension 'colcon_meta'
[0.232s] Level 1:colcon.colcon_core.package_identification:_identify(src/ros2/common_interfaces/shape_msgs) by extensions ['ros']
[0.232s] Level 1:colcon.colcon_core.package_identification:_identify(src/ros2/common_interfaces/shape_msgs) by extension 'ros'
[0.233s] DEBUG:colcon.colcon_core.package_identification:Package 'src/ros2/common_interfaces/shape_msgs' with type 'ros.ament_cmake' and name 'shape_msgs'
[0.233s] Level 1:colcon.colcon_core.package_identification:_identify(src/ros2/common_interfaces/std_msgs) by extensions ['ignore', 'ignore_ament_install']
[0.233s] Level 1:colcon.colcon_core.package_identification:_identify(src/ros2/common_interfaces/std_msgs) by extension 'ignore'
[0.233s] Level 1:colcon.colcon_core.package_identification:_identify(src/ros2/common_interfaces/std_msgs) by extension 'ignore_ament_install'
[0.233s] Level 1:colcon.colcon_core.package_identification:_identify(src/ros2/common_interfaces/std_msgs) by extensions ['colcon_pkg']
[0.233s] Level 1:colcon.colcon_core.package_identification:_identify(src/ros2/common_interfaces/std_msgs) by extension 'colcon_pkg'
[0.233s] Level 1:colcon.colcon_core.package_identification:_identify(src/ros2/common_interfaces/std_msgs) by extensions ['colcon_meta']
[0.233s] Level 1:colcon.colcon_core.package_identification:_identify(src/ros2/common_interfaces/std_msgs) by extension 'colcon_meta'
[0.233s] Level 1:colcon.colcon_core.package_identification:_identify(src/ros2/common_interfaces/std_msgs) by extensions ['ros']
[0.233s] Level 1:colcon.colcon_core.package_identification:_identify(src/ros2/common_interfaces/std_msgs) by extension 'ros'
[0.233s] DEBUG:colcon.colcon_core.package_identification:Package 'src/ros2/common_interfaces/std_msgs' with type 'ros.ament_cmake' and name 'std_msgs'
[0.233s] Level 1:colcon.colcon_core.package_identification:_identify(src/ros2/common_interfaces/std_srvs) by extensions ['ignore', 'ignore_ament_install']
[0.234s] Level 1:colcon.colcon_core.package_identification:_identify(src/ros2/common_interfaces/std_srvs) by extension 'ignore'
[0.234s] Level 1:colcon.colcon_core.package_identification:_identify(src/ros2/common_interfaces/std_srvs) by extension 'ignore_ament_install'
[0.234s] Level 1:colcon.colcon_core.package_identification:_identify(src/ros2/common_interfaces/std_srvs) by extensions ['colcon_pkg']
[0.234s] Level 1:colcon.colcon_core.package_identification:_identify(src/ros2/common_interfaces/std_srvs) by extension 'colcon_pkg'
[0.234s] Level 1:colcon.colcon_core.package_identification:_identify(src/ros2/common_interfaces/std_srvs) by extensions ['colcon_meta']
[0.234s] Level 1:colcon.colcon_core.package_identification:_identify(src/ros2/common_interfaces/std_srvs) by extension 'colcon_meta'
[0.234s] Level 1:colcon.colcon_core.package_identification:_identify(src/ros2/common_interfaces/std_srvs) by extensions ['ros']
[0.234s] Level 1:colcon.colcon_core.package_identification:_identify(src/ros2/common_interfaces/std_srvs) by extension 'ros'
[0.234s] DEBUG:colcon.colcon_core.package_identification:Package 'src/ros2/common_interfaces/std_srvs' with type 'ros.ament_cmake' and name 'std_srvs'
[0.234s] Level 1:colcon.colcon_core.package_identification:_identify(src/ros2/common_interfaces/stereo_msgs) by extensions ['ignore', 'ignore_ament_install']
[0.234s] Level 1:colcon.colcon_core.package_identification:_identify(src/ros2/common_interfaces/stereo_msgs) by extension 'ignore'
[0.234s] Level 1:colcon.colcon_core.package_identification:_identify(src/ros2/common_interfaces/stereo_msgs) by extension 'ignore_ament_install'
[0.234s] Level 1:colcon.colcon_core.package_identification:_identify(src/ros2/common_interfaces/stereo_msgs) by extensions ['colcon_pkg']
[0.234s] Level 1:colcon.colcon_core.package_identification:_identify(src/ros2/common_interfaces/stereo_msgs) by extension 'colcon_pkg'
[0.235s] Level 1:colcon.colcon_core.package_identification:_identify(src/ros2/common_interfaces/stereo_msgs) by extensions ['colcon_meta']
[0.235s] Level 1:colcon.colcon_core.package_identification:_identify(src/ros2/common_interfaces/stereo_msgs) by extension 'colcon_meta'
[0.235s] Level 1:colcon.colcon_core.package_identification:_identify(src/ros2/common_interfaces/stereo_msgs) by extensions ['ros']
[0.235s] Level 1:colcon.colcon_core.package_identification:_identify(src/ros2/common_interfaces/stereo_msgs) by extension 'ros'
[0.235s] DEBUG:colcon.colcon_core.package_identification:Package 'src/ros2/common_interfaces/stereo_msgs' with type 'ros.ament_cmake' and name 'stereo_msgs'
[0.235s] Level 1:colcon.colcon_core.package_identification:_identify(src/ros2/common_interfaces/trajectory_msgs) by extensions ['ignore', 'ignore_ament_install']
[0.235s] Level 1:colcon.colcon_core.package_identification:_identify(src/ros2/common_interfaces/trajectory_msgs) by extension 'ignore'
[0.235s] Level 1:colcon.colcon_core.package_identification:_identify(src/ros2/common_interfaces/trajectory_msgs) by extension 'ignore_ament_install'
[0.235s] Level 1:colcon.colcon_core.package_identification:_identify(src/ros2/common_interfaces/trajectory_msgs) by extensions ['colcon_pkg']
[0.235s] Level 1:colcon.colcon_core.package_identification:_identify(src/ros2/common_interfaces/trajectory_msgs) by extension 'colcon_pkg'
[0.235s] Level 1:colcon.colcon_core.package_identification:_identify(src/ros2/common_interfaces/trajectory_msgs) by extensions ['colcon_meta']
[0.235s] Level 1:colcon.colcon_core.package_identification:_identify(src/ros2/common_interfaces/trajectory_msgs) by extension 'colcon_meta'
[0.235s] Level 1:colcon.colcon_core.package_identification:_identify(src/ros2/common_interfaces/trajectory_msgs) by extensions ['ros']
[0.235s] Level 1:colcon.colcon_core.package_identification:_identify(src/ros2/common_interfaces/trajectory_msgs) by extension 'ros'
[0.236s] DEBUG:colcon.colcon_core.package_identification:Package 'src/ros2/common_interfaces/trajectory_msgs' with type 'ros.ament_cmake' and name 'trajectory_msgs'
[0.236s] Level 1:colcon.colcon_core.package_identification:_identify(src/ros2/common_interfaces/visualization_msgs) by extensions ['ignore', 'ignore_ament_install']
[0.236s] Level 1:colcon.colcon_core.package_identification:_identify(src/ros2/common_interfaces/visualization_msgs) by extension 'ignore'
[0.236s] Level 1:colcon.colcon_core.package_identification:_identify(src/ros2/common_interfaces/visualization_msgs) by extension 'ignore_ament_install'
[0.236s] Level 1:colcon.colcon_core.package_identification:_identify(src/ros2/common_interfaces/visualization_msgs) by extensions ['colcon_pkg']
[0.236s] Level 1:colcon.colcon_core.package_identification:_identify(src/ros2/common_interfaces/visualization_msgs) by extension 'colcon_pkg'
[0.236s] Level 1:colcon.colcon_core.package_identification:_identify(src/ros2/common_interfaces/visualization_msgs) by extensions ['colcon_meta']
[0.236s] Level 1:colcon.colcon_core.package_identification:_identify(src/ros2/common_interfaces/visualization_msgs) by extension 'colcon_meta'
[0.236s] Level 1:colcon.colcon_core.package_identification:_identify(src/ros2/common_interfaces/visualization_msgs) by extensions ['ros']
[0.236s] Level 1:colcon.colcon_core.package_identification:_identify(src/ros2/common_interfaces/visualization_msgs) by extension 'ros'
[0.237s] DEBUG:colcon.colcon_core.package_identification:Package 'src/ros2/common_interfaces/visualization_msgs' with type 'ros.ament_cmake' and name 'visualization_msgs'
[0.237s] Level 1:colcon.colcon_core.package_identification:_identify(src/ros2/example_interfaces) by extensions ['ignore', 'ignore_ament_install']
[0.237s] Level 1:colcon.colcon_core.package_identification:_identify(src/ros2/example_interfaces) by extension 'ignore'
[0.237s] Level 1:colcon.colcon_core.package_identification:_identify(src/ros2/example_interfaces) by extension 'ignore_ament_install'
[0.237s] Level 1:colcon.colcon_core.package_identification:_identify(src/ros2/example_interfaces) by extensions ['colcon_pkg']
[0.237s] Level 1:colcon.colcon_core.package_identification:_identify(src/ros2/example_interfaces) by extension 'colcon_pkg'
[0.237s] Level 1:colcon.colcon_core.package_identification:_identify(src/ros2/example_interfaces) by extensions ['colcon_meta']
[0.237s] Level 1:colcon.colcon_core.package_identification:_identify(src/ros2/example_interfaces) by extension 'colcon_meta'
[0.237s] Level 1:colcon.colcon_core.package_identification:_identify(src/ros2/example_interfaces) by extensions ['ros']
[0.237s] Level 1:colcon.colcon_core.package_identification:_identify(src/ros2/example_interfaces) by extension 'ros'
[0.238s] DEBUG:colcon.colcon_core.package_identification:Package 'src/ros2/example_interfaces' with type 'ros.ament_cmake' and name 'example_interfaces'
[0.238s] Level 1:colcon.colcon_core.package_identification:_identify(src/ros2/rcl_interfaces) by extensions ['ignore', 'ignore_ament_install']
[0.238s] Level 1:colcon.colcon_core.package_identification:_identify(src/ros2/rcl_interfaces) by extension 'ignore'
[0.238s] Level 1:colcon.colcon_core.package_identification:_identify(src/ros2/rcl_interfaces) by extension 'ignore_ament_install'
[0.238s] Level 1:colcon.colcon_core.package_identification:_identify(src/ros2/rcl_interfaces) by extensions ['colcon_pkg']
[0.238s] Level 1:colcon.colcon_core.package_identification:_identify(src/ros2/rcl_interfaces) by extension 'colcon_pkg'
[0.238s] Level 1:colcon.colcon_core.package_identification:_identify(src/ros2/rcl_interfaces) by extensions ['colcon_meta']
[0.238s] Level 1:colcon.colcon_core.package_identification:_identify(src/ros2/rcl_interfaces) by extension 'colcon_meta'
[0.238s] Level 1:colcon.colcon_core.package_identification:_identify(src/ros2/rcl_interfaces) by extensions ['ros']
[0.238s] Level 1:colcon.colcon_core.package_identification:_identify(src/ros2/rcl_interfaces) by extension 'ros'
[0.238s] Level 1:colcon.colcon_core.package_identification:_identify(src/ros2/rcl_interfaces) by extensions ['cmake', 'python']
[0.238s] Level 1:colcon.colcon_core.package_identification:_identify(src/ros2/rcl_interfaces) by extension 'cmake'
[0.238s] Level 1:colcon.colcon_core.package_identification:_identify(src/ros2/rcl_interfaces) by extension 'python'
[0.238s] Level 1:colcon.colcon_core.package_identification:_identify(src/ros2/rcl_interfaces) by extensions ['python_setup_py']
[0.238s] Level 1:colcon.colcon_core.package_identification:_identify(src/ros2/rcl_interfaces) by extension 'python_setup_py'
[0.238s] Level 1:colcon.colcon_core.package_identification:_identify(src/ros2/rcl_interfaces/action_msgs) by extensions ['ignore', 'ignore_ament_install']
[0.238s] Level 1:colcon.colcon_core.package_identification:_identify(src/ros2/rcl_interfaces/action_msgs) by extension 'ignore'
[0.238s] Level 1:colcon.colcon_core.package_identification:_identify(src/ros2/rcl_interfaces/action_msgs) by extension 'ignore_ament_install'
[0.238s] Level 1:colcon.colcon_core.package_identification:_identify(src/ros2/rcl_interfaces/action_msgs) by extensions ['colcon_pkg']
[0.238s] Level 1:colcon.colcon_core.package_identification:_identify(src/ros2/rcl_interfaces/action_msgs) by extension 'colcon_pkg'
[0.238s] Level 1:colcon.colcon_core.package_identification:_identify(src/ros2/rcl_interfaces/action_msgs) by extensions ['colcon_meta']
[0.238s] Level 1:colcon.colcon_core.package_identification:_identify(src/ros2/rcl_interfaces/action_msgs) by extension 'colcon_meta'
[0.238s] Level 1:colcon.colcon_core.package_identification:_identify(src/ros2/rcl_interfaces/action_msgs) by extensions ['ros']
[0.238s] Level 1:colcon.colcon_core.package_identification:_identify(src/ros2/rcl_interfaces/action_msgs) by extension 'ros'
[0.239s] DEBUG:colcon.colcon_core.package_identification:Package 'src/ros2/rcl_interfaces/action_msgs' with type 'ros.ament_cmake' and name 'action_msgs'
[0.239s] Level 1:colcon.colcon_core.package_identification:_identify(src/ros2/rcl_interfaces/builtin_interfaces) by extensions ['ignore', 'ignore_ament_install']
[0.239s] Level 1:colcon.colcon_core.package_identification:_identify(src/ros2/rcl_interfaces/builtin_interfaces) by extension 'ignore'
[0.239s] Level 1:colcon.colcon_core.package_identification:_identify(src/ros2/rcl_interfaces/builtin_interfaces) by extension 'ignore_ament_install'
[0.239s] Level 1:colcon.colcon_core.package_identification:_identify(src/ros2/rcl_interfaces/builtin_interfaces) by extensions ['colcon_pkg']
[0.239s] Level 1:colcon.colcon_core.package_identification:_identify(src/ros2/rcl_interfaces/builtin_interfaces) by extension 'colcon_pkg'
[0.239s] Level 1:colcon.colcon_core.package_identification:_identify(src/ros2/rcl_interfaces/builtin_interfaces) by extensions ['colcon_meta']
[0.239s] Level 1:colcon.colcon_core.package_identification:_identify(src/ros2/rcl_interfaces/builtin_interfaces) by extension 'colcon_meta'
[0.239s] Level 1:colcon.colcon_core.package_identification:_identify(src/ros2/rcl_interfaces/builtin_interfaces) by extensions ['ros']
[0.239s] Level 1:colcon.colcon_core.package_identification:_identify(src/ros2/rcl_interfaces/builtin_interfaces) by extension 'ros'
[0.240s] DEBUG:colcon.colcon_core.package_identification:Package 'src/ros2/rcl_interfaces/builtin_interfaces' with type 'ros.ament_cmake' and name 'builtin_interfaces'
[0.240s] Level 1:colcon.colcon_core.package_identification:_identify(src/ros2/rcl_interfaces/composition_interfaces) by extensions ['ignore', 'ignore_ament_install']
[0.240s] Level 1:colcon.colcon_core.package_identification:_identify(src/ros2/rcl_interfaces/composition_interfaces) by extension 'ignore'
[0.240s] Level 1:colcon.colcon_core.package_identification:_identify(src/ros2/rcl_interfaces/composition_interfaces) by extension 'ignore_ament_install'
[0.240s] Level 1:colcon.colcon_core.package_identification:_identify(src/ros2/rcl_interfaces/composition_interfaces) by extensions ['colcon_pkg']
[0.240s] Level 1:colcon.colcon_core.package_identification:_identify(src/ros2/rcl_interfaces/composition_interfaces) by extension 'colcon_pkg'
[0.240s] Level 1:colcon.colcon_core.package_identification:_identify(src/ros2/rcl_interfaces/composition_interfaces) by extensions ['colcon_meta']
[0.240s] Level 1:colcon.colcon_core.package_identification:_identify(src/ros2/rcl_interfaces/composition_interfaces) by extension 'colcon_meta'
[0.240s] Level 1:colcon.colcon_core.package_identification:_identify(src/ros2/rcl_interfaces/composition_interfaces) by extensions ['ros']
[0.240s] Level 1:colcon.colcon_core.package_identification:_identify(src/ros2/rcl_interfaces/composition_interfaces) by extension 'ros'
[0.240s] DEBUG:colcon.colcon_core.package_identification:Package 'src/ros2/rcl_interfaces/composition_interfaces' with type 'ros.ament_cmake' and name 'composition_interfaces'
[0.240s] Level 1:colcon.colcon_core.package_identification:_identify(src/ros2/rcl_interfaces/lifecycle_msgs) by extensions ['ignore', 'ignore_ament_install']
[0.241s] Level 1:colcon.colcon_core.package_identification:_identify(src/ros2/rcl_interfaces/lifecycle_msgs) by extension 'ignore'
[0.241s] Level 1:colcon.colcon_core.package_identification:_identify(src/ros2/rcl_interfaces/lifecycle_msgs) by extension 'ignore_ament_install'
[0.241s] Level 1:colcon.colcon_core.package_identification:_identify(src/ros2/rcl_interfaces/lifecycle_msgs) by extensions ['colcon_pkg']
[0.241s] Level 1:colcon.colcon_core.package_identification:_identify(src/ros2/rcl_interfaces/lifecycle_msgs) by extension 'colcon_pkg'
[0.241s] Level 1:colcon.colcon_core.package_identification:_identify(src/ros2/rcl_interfaces/lifecycle_msgs) by extensions ['colcon_meta']
[0.241s] Level 1:colcon.colcon_core.package_identification:_identify(src/ros2/rcl_interfaces/lifecycle_msgs) by extension 'colcon_meta'
[0.241s] Level 1:colcon.colcon_core.package_identification:_identify(src/ros2/rcl_interfaces/lifecycle_msgs) by extensions ['ros']
[0.241s] Level 1:colcon.colcon_core.package_identification:_identify(src/ros2/rcl_interfaces/lifecycle_msgs) by extension 'ros'
[0.241s] DEBUG:colcon.colcon_core.package_identification:Package 'src/ros2/rcl_interfaces/lifecycle_msgs' with type 'ros.ament_cmake' and name 'lifecycle_msgs'
[0.241s] Level 1:colcon.colcon_core.package_identification:_identify(src/ros2/rcl_interfaces/rcl_interfaces) by extensions ['ignore', 'ignore_ament_install']
[0.241s] Level 1:colcon.colcon_core.package_identification:_identify(src/ros2/rcl_interfaces/rcl_interfaces) by extension 'ignore'
[0.241s] Level 1:colcon.colcon_core.package_identification:_identify(src/ros2/rcl_interfaces/rcl_interfaces) by extension 'ignore_ament_install'
[0.241s] Level 1:colcon.colcon_core.package_identification:_identify(src/ros2/rcl_interfaces/rcl_interfaces) by extensions ['colcon_pkg']
[0.241s] Level 1:colcon.colcon_core.package_identification:_identify(src/ros2/rcl_interfaces/rcl_interfaces) by extension 'colcon_pkg'
[0.241s] Level 1:colcon.colcon_core.package_identification:_identify(src/ros2/rcl_interfaces/rcl_interfaces) by extensions ['colcon_meta']
[0.241s] Level 1:colcon.colcon_core.package_identification:_identify(src/ros2/rcl_interfaces/rcl_interfaces) by extension 'colcon_meta'
[0.241s] Level 1:colcon.colcon_core.package_identification:_identify(src/ros2/rcl_interfaces/rcl_interfaces) by extensions ['ros']
[0.241s] Level 1:colcon.colcon_core.package_identification:_identify(src/ros2/rcl_interfaces/rcl_interfaces) by extension 'ros'
[0.242s] DEBUG:colcon.colcon_core.package_identification:Package 'src/ros2/rcl_interfaces/rcl_interfaces' with type 'ros.ament_cmake' and name 'rcl_interfaces'
[0.242s] Level 1:colcon.colcon_core.package_identification:_identify(src/ros2/rcl_interfaces/rosgraph_msgs) by extensions ['ignore', 'ignore_ament_install']
[0.242s] Level 1:colcon.colcon_core.package_identification:_identify(src/ros2/rcl_interfaces/rosgraph_msgs) by extension 'ignore'
[0.242s] Level 1:colcon.colcon_core.package_identification:_identify(src/ros2/rcl_interfaces/rosgraph_msgs) by extension 'ignore_ament_install'
[0.242s] Level 1:colcon.colcon_core.package_identification:_identify(src/ros2/rcl_interfaces/rosgraph_msgs) by extensions ['colcon_pkg']
[0.242s] Level 1:colcon.colcon_core.package_identification:_identify(src/ros2/rcl_interfaces/rosgraph_msgs) by extension 'colcon_pkg'
[0.242s] Level 1:colcon.colcon_core.package_identification:_identify(src/ros2/rcl_interfaces/rosgraph_msgs) by extensions ['colcon_meta']
[0.242s] Level 1:colcon.colcon_core.package_identification:_identify(src/ros2/rcl_interfaces/rosgraph_msgs) by extension 'colcon_meta'
[0.242s] Level 1:colcon.colcon_core.package_identification:_identify(src/ros2/rcl_interfaces/rosgraph_msgs) by extensions ['ros']
[0.242s] Level 1:colcon.colcon_core.package_identification:_identify(src/ros2/rcl_interfaces/rosgraph_msgs) by extension 'ros'
[0.243s] DEBUG:colcon.colcon_core.package_identification:Package 'src/ros2/rcl_interfaces/rosgraph_msgs' with type 'ros.ament_cmake' and name 'rosgraph_msgs'
[0.243s] Level 1:colcon.colcon_core.package_identification:_identify(src/ros2/rcl_interfaces/statistics_msgs) by extensions ['ignore', 'ignore_ament_install']
[0.243s] Level 1:colcon.colcon_core.package_identification:_identify(src/ros2/rcl_interfaces/statistics_msgs) by extension 'ignore'
[0.243s] Level 1:colcon.colcon_core.package_identification:_identify(src/ros2/rcl_interfaces/statistics_msgs) by extension 'ignore_ament_install'
[0.243s] Level 1:colcon.colcon_core.package_identification:_identify(src/ros2/rcl_interfaces/statistics_msgs) by extensions ['colcon_pkg']
[0.243s] Level 1:colcon.colcon_core.package_identification:_identify(src/ros2/rcl_interfaces/statistics_msgs) by extension 'colcon_pkg'
[0.243s] Level 1:colcon.colcon_core.package_identification:_identify(src/ros2/rcl_interfaces/statistics_msgs) by extensions ['colcon_meta']
[0.243s] Level 1:colcon.colcon_core.package_identification:_identify(src/ros2/rcl_interfaces/statistics_msgs) by extension 'colcon_meta'
[0.243s] Level 1:colcon.colcon_core.package_identification:_identify(src/ros2/rcl_interfaces/statistics_msgs) by extensions ['ros']
[0.243s] Level 1:colcon.colcon_core.package_identification:_identify(src/ros2/rcl_interfaces/statistics_msgs) by extension 'ros'
[0.243s] DEBUG:colcon.colcon_core.package_identification:Package 'src/ros2/rcl_interfaces/statistics_msgs' with type 'ros.ament_cmake' and name 'statistics_msgs'
[0.243s] Level 1:colcon.colcon_core.package_identification:_identify(src/ros2/rcl_interfaces/test_msgs) by extensions ['ignore', 'ignore_ament_install']
[0.244s] Level 1:colcon.colcon_core.package_identification:_identify(src/ros2/rcl_interfaces/test_msgs) by extension 'ignore'
[0.244s] Level 1:colcon.colcon_core.package_identification:_identify(src/ros2/rcl_interfaces/test_msgs) by extension 'ignore_ament_install'
[0.244s] Level 1:colcon.colcon_core.package_identification:_identify(src/ros2/rcl_interfaces/test_msgs) by extensions ['colcon_pkg']
[0.244s] Level 1:colcon.colcon_core.package_identification:_identify(src/ros2/rcl_interfaces/test_msgs) by extension 'colcon_pkg'
[0.244s] Level 1:colcon.colcon_core.package_identification:_identify(src/ros2/rcl_interfaces/test_msgs) by extensions ['colcon_meta']
[0.244s] Level 1:colcon.colcon_core.package_identification:_identify(src/ros2/rcl_interfaces/test_msgs) by extension 'colcon_meta'
[0.244s] Level 1:colcon.colcon_core.package_identification:_identify(src/ros2/rcl_interfaces/test_msgs) by extensions ['ros']
[0.244s] Level 1:colcon.colcon_core.package_identification:_identify(src/ros2/rcl_interfaces/test_msgs) by extension 'ros'
[0.244s] DEBUG:colcon.colcon_core.package_identification:Package 'src/ros2/rcl_interfaces/test_msgs' with type 'ros.ament_cmake' and name 'test_msgs'
[0.244s] Level 1:colcon.colcon_core.package_identification:_identify(src/ros2/unique_identifier_msgs) by extensions ['ignore', 'ignore_ament_install']
[0.244s] Level 1:colcon.colcon_core.package_identification:_identify(src/ros2/unique_identifier_msgs) by extension 'ignore'
[0.244s] Level 1:colcon.colcon_core.package_identification:_identify(src/ros2/unique_identifier_msgs) by extension 'ignore_ament_install'
[0.244s] Level 1:colcon.colcon_core.package_identification:_identify(src/ros2/unique_identifier_msgs) by extensions ['colcon_pkg']
[0.244s] Level 1:colcon.colcon_core.package_identification:_identify(src/ros2/unique_identifier_msgs) by extension 'colcon_pkg'
[0.244s] Level 1:colcon.colcon_core.package_identification:_identify(src/ros2/unique_identifier_msgs) by extensions ['colcon_meta']
[0.244s] Level 1:colcon.colcon_core.package_identification:_identify(src/ros2/unique_identifier_msgs) by extension 'colcon_meta'
[0.244s] Level 1:colcon.colcon_core.package_identification:_identify(src/ros2/unique_identifier_msgs) by extensions ['ros']
[0.244s] Level 1:colcon.colcon_core.package_identification:_identify(src/ros2/unique_identifier_msgs) by extension 'ros'
[0.245s] DEBUG:colcon.colcon_core.package_identification:Package 'src/ros2/unique_identifier_msgs' with type 'ros.ament_cmake' and name 'unique_identifier_msgs'
[0.245s] Level 1:colcon.colcon_core.package_identification:_identify(src/uros) by extensions ['ignore', 'ignore_ament_install']
[0.245s] Level 1:colcon.colcon_core.package_identification:_identify(src/uros) by extension 'ignore'
[0.245s] Level 1:colcon.colcon_core.package_identification:_identify(src/uros) by extension 'ignore_ament_install'
[0.245s] Level 1:colcon.colcon_core.package_identification:_identify(src/uros) by extensions ['colcon_pkg']
[0.245s] Level 1:colcon.colcon_core.package_identification:_identify(src/uros) by extension 'colcon_pkg'
[0.245s] Level 1:colcon.colcon_core.package_identification:_identify(src/uros) by extensions ['colcon_meta']
[0.245s] Level 1:colcon.colcon_core.package_identification:_identify(src/uros) by extension 'colcon_meta'
[0.245s] Level 1:colcon.colcon_core.package_identification:_identify(src/uros) by extensions ['ros']
[0.245s] Level 1:colcon.colcon_core.package_identification:_identify(src/uros) by extension 'ros'
[0.245s] Level 1:colcon.colcon_core.package_identification:_identify(src/uros) by extensions ['cmake', 'python']
[0.245s] Level 1:colcon.colcon_core.package_identification:_identify(src/uros) by extension 'cmake'
[0.245s] Level 1:colcon.colcon_core.package_identification:_identify(src/uros) by extension 'python'
[0.245s] Level 1:colcon.colcon_core.package_identification:_identify(src/uros) by extensions ['python_setup_py']
[0.245s] Level 1:colcon.colcon_core.package_identification:_identify(src/uros) by extension 'python_setup_py'
[0.245s] Level 1:colcon.colcon_core.package_identification:_identify(src/uros/micro-ROS-Agent) by extensions ['ignore', 'ignore_ament_install']
[0.245s] Level 1:colcon.colcon_core.package_identification:_identify(src/uros/micro-ROS-Agent) by extension 'ignore'
[0.245s] Level 1:colcon.colcon_core.package_identification:_identify(src/uros/micro-ROS-Agent) by extension 'ignore_ament_install'
[0.246s] Level 1:colcon.colcon_core.package_identification:_identify(src/uros/micro-ROS-Agent) by extensions ['colcon_pkg']
[0.246s] Level 1:colcon.colcon_core.package_identification:_identify(src/uros/micro-ROS-Agent) by extension 'colcon_pkg'
[0.246s] Level 1:colcon.colcon_core.package_identification:_identify(src/uros/micro-ROS-Agent) by extensions ['colcon_meta']
[0.246s] Level 1:colcon.colcon_core.package_identification:_identify(src/uros/micro-ROS-Agent) by extension 'colcon_meta'
[0.246s] Level 1:colcon.colcon_core.package_identification:_identify(src/uros/micro-ROS-Agent) by extensions ['ros']
[0.246s] Level 1:colcon.colcon_core.package_identification:_identify(src/uros/micro-ROS-Agent) by extension 'ros'
[0.246s] Level 1:colcon.colcon_core.package_identification:_identify(src/uros/micro-ROS-Agent) by extensions ['cmake', 'python']
[0.246s] Level 1:colcon.colcon_core.package_identification:_identify(src/uros/micro-ROS-Agent) by extension 'cmake'
[0.246s] Level 1:colcon.colcon_core.package_identification:_identify(src/uros/micro-ROS-Agent) by extension 'python'
[0.246s] Level 1:colcon.colcon_core.package_identification:_identify(src/uros/micro-ROS-Agent) by extensions ['python_setup_py']
[0.246s] Level 1:colcon.colcon_core.package_identification:_identify(src/uros/micro-ROS-Agent) by extension 'python_setup_py'
[0.246s] Level 1:colcon.colcon_core.package_identification:_identify(src/uros/micro-ROS-Agent/micro_ros_agent) by extensions ['ignore', 'ignore_ament_install']
[0.246s] Level 1:colcon.colcon_core.package_identification:_identify(src/uros/micro-ROS-Agent/micro_ros_agent) by extension 'ignore'
[0.246s] Level 1:colcon.colcon_core.package_identification:_identify(src/uros/micro-ROS-Agent/micro_ros_agent) by extension 'ignore_ament_install'
[0.246s] Level 1:colcon.colcon_core.package_identification:_identify(src/uros/micro-ROS-Agent/micro_ros_agent) by extensions ['colcon_pkg']
[0.246s] Level 1:colcon.colcon_core.package_identification:_identify(src/uros/micro-ROS-Agent/micro_ros_agent) by extension 'colcon_pkg'
[0.246s] Level 1:colcon.colcon_core.package_identification:_identify(src/uros/micro-ROS-Agent/micro_ros_agent) by extensions ['colcon_meta']
[0.246s] Level 1:colcon.colcon_core.package_identification:_identify(src/uros/micro-ROS-Agent/micro_ros_agent) by extension 'colcon_meta'
[0.246s] Level 1:colcon.colcon_core.package_identification:_identify(src/uros/micro-ROS-Agent/micro_ros_agent) by extensions ['ros']
[0.246s] Level 1:colcon.colcon_core.package_identification:_identify(src/uros/micro-ROS-Agent/micro_ros_agent) by extension 'ros'
[0.247s] DEBUG:colcon.colcon_core.package_identification:Package 'src/uros/micro-ROS-Agent/micro_ros_agent' with type 'ros.ament_cmake' and name 'micro_ros_agent'
[0.247s] Level 1:colcon.colcon_core.package_identification:_identify(src/uros/micro-ROS-Agent/snap) by extensions ['ignore', 'ignore_ament_install']
[0.247s] Level 1:colcon.colcon_core.package_identification:_identify(src/uros/micro-ROS-Agent/snap) by extension 'ignore'
[0.247s] Level 1:colcon.colcon_core.package_identification:_identify(src/uros/micro-ROS-Agent/snap) by extension 'ignore_ament_install'
[0.247s] Level 1:colcon.colcon_core.package_identification:_identify(src/uros/micro-ROS-Agent/snap) by extensions ['colcon_pkg']
[0.247s] Level 1:colcon.colcon_core.package_identification:_identify(src/uros/micro-ROS-Agent/snap) by extension 'colcon_pkg'
[0.247s] Level 1:colcon.colcon_core.package_identification:_identify(src/uros/micro-ROS-Agent/snap) by extensions ['colcon_meta']
[0.247s] Level 1:colcon.colcon_core.package_identification:_identify(src/uros/micro-ROS-Agent/snap) by extension 'colcon_meta'
[0.247s] Level 1:colcon.colcon_core.package_identification:_identify(src/uros/micro-ROS-Agent/snap) by extensions ['ros']
[0.247s] Level 1:colcon.colcon_core.package_identification:_identify(src/uros/micro-ROS-Agent/snap) by extension 'ros'
[0.247s] Level 1:colcon.colcon_core.package_identification:_identify(src/uros/micro-ROS-Agent/snap) by extensions ['cmake', 'python']
[0.247s] Level 1:colcon.colcon_core.package_identification:_identify(src/uros/micro-ROS-Agent/snap) by extension 'cmake'
[0.247s] Level 1:colcon.colcon_core.package_identification:_identify(src/uros/micro-ROS-Agent/snap) by extension 'python'
[0.247s] Level 1:colcon.colcon_core.package_identification:_identify(src/uros/micro-ROS-Agent/snap) by extensions ['python_setup_py']
[0.247s] Level 1:colcon.colcon_core.package_identification:_identify(src/uros/micro-ROS-Agent/snap) by extension 'python_setup_py'
[0.247s] Level 1:colcon.colcon_core.package_identification:_identify(src/uros/micro-ROS-Agent/snap/hooks) by extensions ['ignore', 'ignore_ament_install']
[0.247s] Level 1:colcon.colcon_core.package_identification:_identify(src/uros/micro-ROS-Agent/snap/hooks) by extension 'ignore'
[0.247s] Level 1:colcon.colcon_core.package_identification:_identify(src/uros/micro-ROS-Agent/snap/hooks) by extension 'ignore_ament_install'
[0.247s] Level 1:colcon.colcon_core.package_identification:_identify(src/uros/micro-ROS-Agent/snap/hooks) by extensions ['colcon_pkg']
[0.247s] Level 1:colcon.colcon_core.package_identification:_identify(src/uros/micro-ROS-Agent/snap/hooks) by extension 'colcon_pkg'
[0.247s] Level 1:colcon.colcon_core.package_identification:_identify(src/uros/micro-ROS-Agent/snap/hooks) by extensions ['colcon_meta']
[0.247s] Level 1:colcon.colcon_core.package_identification:_identify(src/uros/micro-ROS-Agent/snap/hooks) by extension 'colcon_meta'
[0.248s] Level 1:colcon.colcon_core.package_identification:_identify(src/uros/micro-ROS-Agent/snap/hooks) by extensions ['ros']
[0.248s] Level 1:colcon.colcon_core.package_identification:_identify(src/uros/micro-ROS-Agent/snap/hooks) by extension 'ros'
[0.248s] Level 1:colcon.colcon_core.package_identification:_identify(src/uros/micro-ROS-Agent/snap/hooks) by extensions ['cmake', 'python']
[0.248s] Level 1:colcon.colcon_core.package_identification:_identify(src/uros/micro-ROS-Agent/snap/hooks) by extension 'cmake'
[0.248s] Level 1:colcon.colcon_core.package_identification:_identify(src/uros/micro-ROS-Agent/snap/hooks) by extension 'python'
[0.248s] Level 1:colcon.colcon_core.package_identification:_identify(src/uros/micro-ROS-Agent/snap/hooks) by extensions ['python_setup_py']
[0.248s] Level 1:colcon.colcon_core.package_identification:_identify(src/uros/micro-ROS-Agent/snap/hooks) by extension 'python_setup_py'
[0.248s] Level 1:colcon.colcon_core.package_identification:_identify(src/uros/micro-ROS-Agent/snap/local) by extensions ['ignore', 'ignore_ament_install']
[0.248s] Level 1:colcon.colcon_core.package_identification:_identify(src/uros/micro-ROS-Agent/snap/local) by extension 'ignore'
[0.248s] Level 1:colcon.colcon_core.package_identification:_identify(src/uros/micro-ROS-Agent/snap/local) by extension 'ignore_ament_install'
[0.248s] Level 1:colcon.colcon_core.package_identification:_identify(src/uros/micro-ROS-Agent/snap/local) by extensions ['colcon_pkg']
[0.248s] Level 1:colcon.colcon_core.package_identification:_identify(src/uros/micro-ROS-Agent/snap/local) by extension 'colcon_pkg'
[0.248s] Level 1:colcon.colcon_core.package_identification:_identify(src/uros/micro-ROS-Agent/snap/local) by extensions ['colcon_meta']
[0.248s] Level 1:colcon.colcon_core.package_identification:_identify(src/uros/micro-ROS-Agent/snap/local) by extension 'colcon_meta'
[0.248s] Level 1:colcon.colcon_core.package_identification:_identify(src/uros/micro-ROS-Agent/snap/local) by extensions ['ros']
[0.248s] Level 1:colcon.colcon_core.package_identification:_identify(src/uros/micro-ROS-Agent/snap/local) by extension 'ros'
[0.248s] Level 1:colcon.colcon_core.package_identification:_identify(src/uros/micro-ROS-Agent/snap/local) by extensions ['cmake', 'python']
[0.248s] Level 1:colcon.colcon_core.package_identification:_identify(src/uros/micro-ROS-Agent/snap/local) by extension 'cmake'
[0.248s] Level 1:colcon.colcon_core.package_identification:_identify(src/uros/micro-ROS-Agent/snap/local) by extension 'python'
[0.248s] Level 1:colcon.colcon_core.package_identification:_identify(src/uros/micro-ROS-Agent/snap/local) by extensions ['python_setup_py']
[0.248s] Level 1:colcon.colcon_core.package_identification:_identify(src/uros/micro-ROS-Agent/snap/local) by extension 'python_setup_py'
[0.248s] Level 1:colcon.colcon_core.package_identification:_identify(src/uros/micro-ROS-demos) by extensions ['ignore', 'ignore_ament_install']
[0.248s] Level 1:colcon.colcon_core.package_identification:_identify(src/uros/micro-ROS-demos) by extension 'ignore'
[0.248s] Level 1:colcon.colcon_core.package_identification:_identify(src/uros/micro-ROS-demos) by extension 'ignore_ament_install'
[0.248s] Level 1:colcon.colcon_core.package_identification:_identify(src/uros/micro-ROS-demos) by extensions ['colcon_pkg']
[0.248s] Level 1:colcon.colcon_core.package_identification:_identify(src/uros/micro-ROS-demos) by extension 'colcon_pkg'
[0.248s] Level 1:colcon.colcon_core.package_identification:_identify(src/uros/micro-ROS-demos) by extensions ['colcon_meta']
[0.248s] Level 1:colcon.colcon_core.package_identification:_identify(src/uros/micro-ROS-demos) by extension 'colcon_meta'
[0.248s] Level 1:colcon.colcon_core.package_identification:_identify(src/uros/micro-ROS-demos) by extensions ['ros']
[0.248s] Level 1:colcon.colcon_core.package_identification:_identify(src/uros/micro-ROS-demos) by extension 'ros'
[0.248s] Level 1:colcon.colcon_core.package_identification:_identify(src/uros/micro-ROS-demos) by extensions ['cmake', 'python']
[0.248s] Level 1:colcon.colcon_core.package_identification:_identify(src/uros/micro-ROS-demos) by extension 'cmake'
[0.248s] Level 1:colcon.colcon_core.package_identification:_identify(src/uros/micro-ROS-demos) by extension 'python'
[0.249s] Level 1:colcon.colcon_core.package_identification:_identify(src/uros/micro-ROS-demos) by extensions ['python_setup_py']
[0.249s] Level 1:colcon.colcon_core.package_identification:_identify(src/uros/micro-ROS-demos) by extension 'python_setup_py'
[0.249s] Level 1:colcon.colcon_core.package_identification:_identify(src/uros/micro-ROS-demos/messages) by extensions ['ignore', 'ignore_ament_install']
[0.249s] Level 1:colcon.colcon_core.package_identification:_identify(src/uros/micro-ROS-demos/messages) by extension 'ignore'
[0.249s] Level 1:colcon.colcon_core.package_identification:_identify(src/uros/micro-ROS-demos/messages) by extension 'ignore_ament_install'
[0.249s] Level 1:colcon.colcon_core.package_identification:_identify(src/uros/micro-ROS-demos/messages) by extensions ['colcon_pkg']
[0.249s] Level 1:colcon.colcon_core.package_identification:_identify(src/uros/micro-ROS-demos/messages) by extension 'colcon_pkg'
[0.249s] Level 1:colcon.colcon_core.package_identification:_identify(src/uros/micro-ROS-demos/messages) by extensions ['colcon_meta']
[0.249s] Level 1:colcon.colcon_core.package_identification:_identify(src/uros/micro-ROS-demos/messages) by extension 'colcon_meta'
[0.249s] Level 1:colcon.colcon_core.package_identification:_identify(src/uros/micro-ROS-demos/messages) by extensions ['ros']
[0.249s] Level 1:colcon.colcon_core.package_identification:_identify(src/uros/micro-ROS-demos/messages) by extension 'ros'
[0.249s] Level 1:colcon.colcon_core.package_identification:_identify(src/uros/micro-ROS-demos/messages) by extensions ['cmake', 'python']
[0.249s] Level 1:colcon.colcon_core.package_identification:_identify(src/uros/micro-ROS-demos/messages) by extension 'cmake'
[0.249s] Level 1:colcon.colcon_core.package_identification:_identify(src/uros/micro-ROS-demos/messages) by extension 'python'
[0.249s] Level 1:colcon.colcon_core.package_identification:_identify(src/uros/micro-ROS-demos/messages) by extensions ['python_setup_py']
[0.249s] Level 1:colcon.colcon_core.package_identification:_identify(src/uros/micro-ROS-demos/messages) by extension 'python_setup_py'
[0.249s] Level 1:colcon.colcon_core.package_identification:_identify(src/uros/micro-ROS-demos/messages/complex_msg) by extensions ['ignore', 'ignore_ament_install']
[0.249s] Level 1:colcon.colcon_core.package_identification:_identify(src/uros/micro-ROS-demos/messages/complex_msg) by extension 'ignore'
[0.249s] Level 1:colcon.colcon_core.package_identification:_identify(src/uros/micro-ROS-demos/messages/complex_msg) by extension 'ignore_ament_install'
[0.249s] Level 1:colcon.colcon_core.package_identification:_identify(src/uros/micro-ROS-demos/messages/complex_msg) by extensions ['colcon_pkg']
[0.249s] Level 1:colcon.colcon_core.package_identification:_identify(src/uros/micro-ROS-demos/messages/complex_msg) by extension 'colcon_pkg'
[0.249s] Level 1:colcon.colcon_core.package_identification:_identify(src/uros/micro-ROS-demos/messages/complex_msg) by extensions ['colcon_meta']
[0.249s] Level 1:colcon.colcon_core.package_identification:_identify(src/uros/micro-ROS-demos/messages/complex_msg) by extension 'colcon_meta'
[0.249s] Level 1:colcon.colcon_core.package_identification:_identify(src/uros/micro-ROS-demos/messages/complex_msg) by extensions ['ros']
[0.249s] Level 1:colcon.colcon_core.package_identification:_identify(src/uros/micro-ROS-demos/messages/complex_msg) by extension 'ros'
[0.250s] DEBUG:colcon.colcon_core.package_identification:Package 'src/uros/micro-ROS-demos/messages/complex_msg' with type 'ros.ament_cmake' and name 'complex_msgs'
[0.250s] Level 1:colcon.colcon_core.package_identification:_identify(src/uros/micro-ROS-demos/rclc) by extensions ['ignore', 'ignore_ament_install']
[0.250s] Level 1:colcon.colcon_core.package_identification:_identify(src/uros/micro-ROS-demos/rclc) by extension 'ignore'
[0.250s] Level 1:colcon.colcon_core.package_identification:_identify(src/uros/micro-ROS-demos/rclc) by extension 'ignore_ament_install'
[0.250s] Level 1:colcon.colcon_core.package_identification:_identify(src/uros/micro-ROS-demos/rclc) by extensions ['colcon_pkg']
[0.250s] Level 1:colcon.colcon_core.package_identification:_identify(src/uros/micro-ROS-demos/rclc) by extension 'colcon_pkg'
[0.250s] Level 1:colcon.colcon_core.package_identification:_identify(src/uros/micro-ROS-demos/rclc) by extensions ['colcon_meta']
[0.250s] Level 1:colcon.colcon_core.package_identification:_identify(src/uros/micro-ROS-demos/rclc) by extension 'colcon_meta'
[0.250s] Level 1:colcon.colcon_core.package_identification:_identify(src/uros/micro-ROS-demos/rclc) by extensions ['ros']
[0.250s] Level 1:colcon.colcon_core.package_identification:_identify(src/uros/micro-ROS-demos/rclc) by extension 'ros'
[0.251s] DEBUG:colcon.colcon_core.package_identification:Package 'src/uros/micro-ROS-demos/rclc' with type 'ros.ament_cmake' and name 'micro_ros_demos_rclc'
[0.251s] Level 1:colcon.colcon_core.package_identification:_identify(src/uros/micro_ros_msgs) by extensions ['ignore', 'ignore_ament_install']
[0.251s] Level 1:colcon.colcon_core.package_identification:_identify(src/uros/micro_ros_msgs) by extension 'ignore'
[0.251s] Level 1:colcon.colcon_core.package_identification:_identify(src/uros/micro_ros_msgs) by extension 'ignore_ament_install'
[0.251s] Level 1:colcon.colcon_core.package_identification:_identify(src/uros/micro_ros_msgs) by extensions ['colcon_pkg']
[0.251s] Level 1:colcon.colcon_core.package_identification:_identify(src/uros/micro_ros_msgs) by extension 'colcon_pkg'
[0.251s] Level 1:colcon.colcon_core.package_identification:_identify(src/uros/micro_ros_msgs) by extensions ['colcon_meta']
[0.251s] Level 1:colcon.colcon_core.package_identification:_identify(src/uros/micro_ros_msgs) by extension 'colcon_meta'
[0.251s] Level 1:colcon.colcon_core.package_identification:_identify(src/uros/micro_ros_msgs) by extensions ['ros']
[0.251s] Level 1:colcon.colcon_core.package_identification:_identify(src/uros/micro_ros_msgs) by extension 'ros'
[0.252s] DEBUG:colcon.colcon_core.package_identification:Package 'src/uros/micro_ros_msgs' with type 'ros.ament_cmake' and name 'micro_ros_msgs'
[0.252s] Level 1:colcon.colcon_core.package_identification:_identify(src/uros/micro_ros_utilities) by extensions ['ignore', 'ignore_ament_install']
[0.252s] Level 1:colcon.colcon_core.package_identification:_identify(src/uros/micro_ros_utilities) by extension 'ignore'
[0.252s] Level 1:colcon.colcon_core.package_identification:_identify(src/uros/micro_ros_utilities) by extension 'ignore_ament_install'
[0.252s] Level 1:colcon.colcon_core.package_identification:_identify(src/uros/micro_ros_utilities) by extensions ['colcon_pkg']
[0.252s] Level 1:colcon.colcon_core.package_identification:_identify(src/uros/micro_ros_utilities) by extension 'colcon_pkg'
[0.252s] Level 1:colcon.colcon_core.package_identification:_identify(src/uros/micro_ros_utilities) by extensions ['colcon_meta']
[0.252s] Level 1:colcon.colcon_core.package_identification:_identify(src/uros/micro_ros_utilities) by extension 'colcon_meta'
[0.252s] Level 1:colcon.colcon_core.package_identification:_identify(src/uros/micro_ros_utilities) by extensions ['ros']
[0.252s] Level 1:colcon.colcon_core.package_identification:_identify(src/uros/micro_ros_utilities) by extension 'ros'
[0.252s] DEBUG:colcon.colcon_core.package_identification:Package 'src/uros/micro_ros_utilities' with type 'ros.ament_cmake' and name 'micro_ros_utilities'
[0.253s] Level 1:colcon.colcon_core.package_identification:_identify(src/uros/rclc) by extensions ['ignore', 'ignore_ament_install']
[0.253s] Level 1:colcon.colcon_core.package_identification:_identify(src/uros/rclc) by extension 'ignore'
[0.253s] Level 1:colcon.colcon_core.package_identification:_identify(src/uros/rclc) by extension 'ignore_ament_install'
[0.253s] Level 1:colcon.colcon_core.package_identification:_identify(src/uros/rclc) by extensions ['colcon_pkg']
[0.253s] Level 1:colcon.colcon_core.package_identification:_identify(src/uros/rclc) by extension 'colcon_pkg'
[0.253s] Level 1:colcon.colcon_core.package_identification:_identify(src/uros/rclc) by extensions ['colcon_meta']
[0.253s] Level 1:colcon.colcon_core.package_identification:_identify(src/uros/rclc) by extension 'colcon_meta'
[0.253s] Level 1:colcon.colcon_core.package_identification:_identify(src/uros/rclc) by extensions ['ros']
[0.253s] Level 1:colcon.colcon_core.package_identification:_identify(src/uros/rclc) by extension 'ros'
[0.253s] Level 1:colcon.colcon_core.package_identification:_identify(src/uros/rclc) by extensions ['cmake', 'python']
[0.253s] Level 1:colcon.colcon_core.package_identification:_identify(src/uros/rclc) by extension 'cmake'
[0.253s] Level 1:colcon.colcon_core.package_identification:_identify(src/uros/rclc) by extension 'python'
[0.253s] Level 1:colcon.colcon_core.package_identification:_identify(src/uros/rclc) by extensions ['python_setup_py']
[0.253s] Level 1:colcon.colcon_core.package_identification:_identify(src/uros/rclc) by extension 'python_setup_py'
[0.253s] Level 1:colcon.colcon_core.package_identification:_identify(src/uros/rclc/rclc) by extensions ['ignore', 'ignore_ament_install']
[0.253s] Level 1:colcon.colcon_core.package_identification:_identify(src/uros/rclc/rclc) by extension 'ignore'
[0.253s] Level 1:colcon.colcon_core.package_identification:_identify(src/uros/rclc/rclc) by extension 'ignore_ament_install'
[0.253s] Level 1:colcon.colcon_core.package_identification:_identify(src/uros/rclc/rclc) by extensions ['colcon_pkg']
[0.253s] Level 1:colcon.colcon_core.package_identification:_identify(src/uros/rclc/rclc) by extension 'colcon_pkg'
[0.253s] Level 1:colcon.colcon_core.package_identification:_identify(src/uros/rclc/rclc) by extensions ['colcon_meta']
[0.253s] Level 1:colcon.colcon_core.package_identification:_identify(src/uros/rclc/rclc) by extension 'colcon_meta'
[0.253s] Level 1:colcon.colcon_core.package_identification:_identify(src/uros/rclc/rclc) by extensions ['ros']
[0.253s] Level 1:colcon.colcon_core.package_identification:_identify(src/uros/rclc/rclc) by extension 'ros'
[0.254s] DEBUG:colcon.colcon_core.package_identification:Package 'src/uros/rclc/rclc' with type 'ros.ament_cmake' and name 'rclc'
[0.254s] Level 1:colcon.colcon_core.package_identification:_identify(src/uros/rclc/rclc_examples) by extensions ['ignore', 'ignore_ament_install']
[0.254s] Level 1:colcon.colcon_core.package_identification:_identify(src/uros/rclc/rclc_examples) by extension 'ignore'
[0.254s] Level 1:colcon.colcon_core.package_identification:_identify(src/uros/rclc/rclc_examples) by extension 'ignore_ament_install'
[0.254s] Level 1:colcon.colcon_core.package_identification:_identify(src/uros/rclc/rclc_examples) by extensions ['colcon_pkg']
[0.254s] Level 1:colcon.colcon_core.package_identification:_identify(src/uros/rclc/rclc_examples) by extension 'colcon_pkg'
[0.254s] Level 1:colcon.colcon_core.package_identification:_identify(src/uros/rclc/rclc_examples) by extensions ['colcon_meta']
[0.254s] Level 1:colcon.colcon_core.package_identification:_identify(src/uros/rclc/rclc_examples) by extension 'colcon_meta'
[0.254s] Level 1:colcon.colcon_core.package_identification:_identify(src/uros/rclc/rclc_examples) by extensions ['ros']
[0.254s] Level 1:colcon.colcon_core.package_identification:_identify(src/uros/rclc/rclc_examples) by extension 'ros'
[0.255s] DEBUG:colcon.colcon_core.package_identification:Package 'src/uros/rclc/rclc_examples' with type 'ros.ament_cmake' and name 'rclc_examples'
[0.255s] Level 1:colcon.colcon_core.package_identification:_identify(src/uros/rclc/rclc_lifecycle) by extensions ['ignore', 'ignore_ament_install']
[0.255s] Level 1:colcon.colcon_core.package_identification:_identify(src/uros/rclc/rclc_lifecycle) by extension 'ignore'
[0.255s] Level 1:colcon.colcon_core.package_identification:_identify(src/uros/rclc/rclc_lifecycle) by extension 'ignore_ament_install'
[0.255s] Level 1:colcon.colcon_core.package_identification:_identify(src/uros/rclc/rclc_lifecycle) by extensions ['colcon_pkg']
[0.255s] Level 1:colcon.colcon_core.package_identification:_identify(src/uros/rclc/rclc_lifecycle) by extension 'colcon_pkg'
[0.255s] Level 1:colcon.colcon_core.package_identification:_identify(src/uros/rclc/rclc_lifecycle) by extensions ['colcon_meta']
[0.255s] Level 1:colcon.colcon_core.package_identification:_identify(src/uros/rclc/rclc_lifecycle) by extension 'colcon_meta'
[0.255s] Level 1:colcon.colcon_core.package_identification:_identify(src/uros/rclc/rclc_lifecycle) by extensions ['ros']
[0.255s] Level 1:colcon.colcon_core.package_identification:_identify(src/uros/rclc/rclc_lifecycle) by extension 'ros'
[0.256s] DEBUG:colcon.colcon_core.package_identification:Package 'src/uros/rclc/rclc_lifecycle' with type 'ros.ament_cmake' and name 'rclc_lifecycle'
[0.256s] Level 1:colcon.colcon_core.package_identification:_identify(src/uros/rclc/rclc_parameter) by extensions ['ignore', 'ignore_ament_install']
[0.256s] Level 1:colcon.colcon_core.package_identification:_identify(src/uros/rclc/rclc_parameter) by extension 'ignore'
[0.256s] Level 1:colcon.colcon_core.package_identification:_identify(src/uros/rclc/rclc_parameter) by extension 'ignore_ament_install'
[0.256s] Level 1:colcon.colcon_core.package_identification:_identify(src/uros/rclc/rclc_parameter) by extensions ['colcon_pkg']
[0.256s] Level 1:colcon.colcon_core.package_identification:_identify(src/uros/rclc/rclc_parameter) by extension 'colcon_pkg'
[0.256s] Level 1:colcon.colcon_core.package_identification:_identify(src/uros/rclc/rclc_parameter) by extensions ['colcon_meta']
[0.256s] Level 1:colcon.colcon_core.package_identification:_identify(src/uros/rclc/rclc_parameter) by extension 'colcon_meta'
[0.256s] Level 1:colcon.colcon_core.package_identification:_identify(src/uros/rclc/rclc_parameter) by extensions ['ros']
[0.256s] Level 1:colcon.colcon_core.package_identification:_identify(src/uros/rclc/rclc_parameter) by extension 'ros'
[0.257s] DEBUG:colcon.colcon_core.package_identification:Package 'src/uros/rclc/rclc_parameter' with type 'ros.ament_cmake' and name 'rclc_parameter'
[0.257s] Level 1:colcon.colcon_core.package_identification:_identify(src/uros/rmw_microxrcedds) by extensions ['ignore', 'ignore_ament_install']
[0.257s] Level 1:colcon.colcon_core.package_identification:_identify(src/uros/rmw_microxrcedds) by extension 'ignore'
[0.257s] Level 1:colcon.colcon_core.package_identification:_identify(src/uros/rmw_microxrcedds) by extension 'ignore_ament_install'
[0.257s] Level 1:colcon.colcon_core.package_identification:_identify(src/uros/rmw_microxrcedds) by extensions ['colcon_pkg']
[0.257s] Level 1:colcon.colcon_core.package_identification:_identify(src/uros/rmw_microxrcedds) by extension 'colcon_pkg'
[0.257s] Level 1:colcon.colcon_core.package_identification:_identify(src/uros/rmw_microxrcedds) by extensions ['colcon_meta']
[0.257s] Level 1:colcon.colcon_core.package_identification:_identify(src/uros/rmw_microxrcedds) by extension 'colcon_meta'
[0.257s] Level 1:colcon.colcon_core.package_identification:_identify(src/uros/rmw_microxrcedds) by extensions ['ros']
[0.257s] Level 1:colcon.colcon_core.package_identification:_identify(src/uros/rmw_microxrcedds) by extension 'ros'
[0.257s] Level 1:colcon.colcon_core.package_identification:_identify(src/uros/rmw_microxrcedds) by extensions ['cmake', 'python']
[0.257s] Level 1:colcon.colcon_core.package_identification:_identify(src/uros/rmw_microxrcedds) by extension 'cmake'
[0.257s] Level 1:colcon.colcon_core.package_identification:_identify(src/uros/rmw_microxrcedds) by extension 'python'
[0.257s] Level 1:colcon.colcon_core.package_identification:_identify(src/uros/rmw_microxrcedds) by extensions ['python_setup_py']
[0.257s] Level 1:colcon.colcon_core.package_identification:_identify(src/uros/rmw_microxrcedds) by extension 'python_setup_py'
[0.257s] Level 1:colcon.colcon_core.package_identification:_identify(src/uros/rmw_microxrcedds/rmw_microxrcedds_c) by extensions ['ignore', 'ignore_ament_install']
[0.257s] Level 1:colcon.colcon_core.package_identification:_identify(src/uros/rmw_microxrcedds/rmw_microxrcedds_c) by extension 'ignore'
[0.257s] Level 1:colcon.colcon_core.package_identification:_identify(src/uros/rmw_microxrcedds/rmw_microxrcedds_c) by extension 'ignore_ament_install'
[0.257s] Level 1:colcon.colcon_core.package_identification:_identify(src/uros/rmw_microxrcedds/rmw_microxrcedds_c) by extensions ['colcon_pkg']
[0.257s] Level 1:colcon.colcon_core.package_identification:_identify(src/uros/rmw_microxrcedds/rmw_microxrcedds_c) by extension 'colcon_pkg'
[0.257s] Level 1:colcon.colcon_core.package_identification:_identify(src/uros/rmw_microxrcedds/rmw_microxrcedds_c) by extensions ['colcon_meta']
[0.257s] Level 1:colcon.colcon_core.package_identification:_identify(src/uros/rmw_microxrcedds/rmw_microxrcedds_c) by extension 'colcon_meta'
[0.257s] Level 1:colcon.colcon_core.package_identification:_identify(src/uros/rmw_microxrcedds/rmw_microxrcedds_c) by extensions ['ros']
[0.257s] Level 1:colcon.colcon_core.package_identification:_identify(src/uros/rmw_microxrcedds/rmw_microxrcedds_c) by extension 'ros'
[0.258s] DEBUG:colcon.colcon_core.package_identification:Package 'src/uros/rmw_microxrcedds/rmw_microxrcedds_c' with type 'ros.ament_cmake' and name 'rmw_microxrcedds'
[0.258s] Level 1:colcon.colcon_core.package_identification:_identify(src/uros/rosidl_typesupport_microxrcedds) by extensions ['ignore', 'ignore_ament_install']
[0.258s] Level 1:colcon.colcon_core.package_identification:_identify(src/uros/rosidl_typesupport_microxrcedds) by extension 'ignore'
[0.258s] Level 1:colcon.colcon_core.package_identification:_identify(src/uros/rosidl_typesupport_microxrcedds) by extension 'ignore_ament_install'
[0.258s] Level 1:colcon.colcon_core.package_identification:_identify(src/uros/rosidl_typesupport_microxrcedds) by extensions ['colcon_pkg']
[0.258s] Level 1:colcon.colcon_core.package_identification:_identify(src/uros/rosidl_typesupport_microxrcedds) by extension 'colcon_pkg'
[0.258s] Level 1:colcon.colcon_core.package_identification:_identify(src/uros/rosidl_typesupport_microxrcedds) by extensions ['colcon_meta']
[0.258s] Level 1:colcon.colcon_core.package_identification:_identify(src/uros/rosidl_typesupport_microxrcedds) by extension 'colcon_meta'
[0.258s] Level 1:colcon.colcon_core.package_identification:_identify(src/uros/rosidl_typesupport_microxrcedds) by extensions ['ros']
[0.258s] Level 1:colcon.colcon_core.package_identification:_identify(src/uros/rosidl_typesupport_microxrcedds) by extension 'ros'
[0.259s] Level 1:colcon.colcon_core.package_identification:_identify(src/uros/rosidl_typesupport_microxrcedds) by extensions ['cmake', 'python']
[0.259s] Level 1:colcon.colcon_core.package_identification:_identify(src/uros/rosidl_typesupport_microxrcedds) by extension 'cmake'
[0.259s] Level 1:colcon.colcon_core.package_identification:_identify(src/uros/rosidl_typesupport_microxrcedds) by extension 'python'
[0.259s] Level 1:colcon.colcon_core.package_identification:_identify(src/uros/rosidl_typesupport_microxrcedds) by extensions ['python_setup_py']
[0.259s] Level 1:colcon.colcon_core.package_identification:_identify(src/uros/rosidl_typesupport_microxrcedds) by extension 'python_setup_py'
[0.259s] Level 1:colcon.colcon_core.package_identification:_identify(src/uros/rosidl_typesupport_microxrcedds/rosidl_typesupport_microxrcedds_c) by extensions ['ignore', 'ignore_ament_install']
[0.259s] Level 1:colcon.colcon_core.package_identification:_identify(src/uros/rosidl_typesupport_microxrcedds/rosidl_typesupport_microxrcedds_c) by extension 'ignore'
[0.259s] Level 1:colcon.colcon_core.package_identification:_identify(src/uros/rosidl_typesupport_microxrcedds/rosidl_typesupport_microxrcedds_c) by extension 'ignore_ament_install'
[0.259s] Level 1:colcon.colcon_core.package_identification:_identify(src/uros/rosidl_typesupport_microxrcedds/rosidl_typesupport_microxrcedds_c) by extensions ['colcon_pkg']
[0.259s] Level 1:colcon.colcon_core.package_identification:_identify(src/uros/rosidl_typesupport_microxrcedds/rosidl_typesupport_microxrcedds_c) by extension 'colcon_pkg'
[0.259s] Level 1:colcon.colcon_core.package_identification:_identify(src/uros/rosidl_typesupport_microxrcedds/rosidl_typesupport_microxrcedds_c) by extensions ['colcon_meta']
[0.259s] Level 1:colcon.colcon_core.package_identification:_identify(src/uros/rosidl_typesupport_microxrcedds/rosidl_typesupport_microxrcedds_c) by extension 'colcon_meta'
[0.259s] Level 1:colcon.colcon_core.package_identification:_identify(src/uros/rosidl_typesupport_microxrcedds/rosidl_typesupport_microxrcedds_c) by extensions ['ros']
[0.259s] Level 1:colcon.colcon_core.package_identification:_identify(src/uros/rosidl_typesupport_microxrcedds/rosidl_typesupport_microxrcedds_c) by extension 'ros'
[0.259s] DEBUG:colcon.colcon_core.package_identification:Package 'src/uros/rosidl_typesupport_microxrcedds/rosidl_typesupport_microxrcedds_c' with type 'ros.ament_cmake' and name 'rosidl_typesupport_microxrcedds_c'
[0.259s] Level 1:colcon.colcon_core.package_identification:_identify(src/uros/rosidl_typesupport_microxrcedds/rosidl_typesupport_microxrcedds_cpp) by extensions ['ignore', 'ignore_ament_install']
[0.260s] Level 1:colcon.colcon_core.package_identification:_identify(src/uros/rosidl_typesupport_microxrcedds/rosidl_typesupport_microxrcedds_cpp) by extension 'ignore'
[0.260s] Level 1:colcon.colcon_core.package_identification:_identify(src/uros/rosidl_typesupport_microxrcedds/rosidl_typesupport_microxrcedds_cpp) by extension 'ignore_ament_install'
[0.260s] Level 1:colcon.colcon_core.package_identification:_identify(src/uros/rosidl_typesupport_microxrcedds/rosidl_typesupport_microxrcedds_cpp) by extensions ['colcon_pkg']
[0.260s] Level 1:colcon.colcon_core.package_identification:_identify(src/uros/rosidl_typesupport_microxrcedds/rosidl_typesupport_microxrcedds_cpp) by extension 'colcon_pkg'
[0.260s] Level 1:colcon.colcon_core.package_identification:_identify(src/uros/rosidl_typesupport_microxrcedds/rosidl_typesupport_microxrcedds_cpp) by extensions ['colcon_meta']
[0.260s] Level 1:colcon.colcon_core.package_identification:_identify(src/uros/rosidl_typesupport_microxrcedds/rosidl_typesupport_microxrcedds_cpp) by extension 'colcon_meta'
[0.260s] Level 1:colcon.colcon_core.package_identification:_identify(src/uros/rosidl_typesupport_microxrcedds/rosidl_typesupport_microxrcedds_cpp) by extensions ['ros']
[0.260s] Level 1:colcon.colcon_core.package_identification:_identify(src/uros/rosidl_typesupport_microxrcedds/rosidl_typesupport_microxrcedds_cpp) by extension 'ros'
[0.260s] DEBUG:colcon.colcon_core.package_identification:Package 'src/uros/rosidl_typesupport_microxrcedds/rosidl_typesupport_microxrcedds_cpp' with type 'ros.ament_cmake' and name 'rosidl_typesupport_microxrcedds_cpp'
[0.260s] Level 1:colcon.colcon_core.package_identification:_identify(src/uros/rosidl_typesupport_microxrcedds/test) by extensions ['ignore', 'ignore_ament_install']
[0.260s] Level 1:colcon.colcon_core.package_identification:_identify(src/uros/rosidl_typesupport_microxrcedds/test) by extension 'ignore'
[0.260s] Level 1:colcon.colcon_core.package_identification:_identify(src/uros/rosidl_typesupport_microxrcedds/test) by extension 'ignore_ament_install'
[0.260s] Level 1:colcon.colcon_core.package_identification:_identify(src/uros/rosidl_typesupport_microxrcedds/test) by extensions ['colcon_pkg']
[0.260s] Level 1:colcon.colcon_core.package_identification:_identify(src/uros/rosidl_typesupport_microxrcedds/test) by extension 'colcon_pkg'
[0.260s] Level 1:colcon.colcon_core.package_identification:_identify(src/uros/rosidl_typesupport_microxrcedds/test) by extensions ['colcon_meta']
[0.260s] Level 1:colcon.colcon_core.package_identification:_identify(src/uros/rosidl_typesupport_microxrcedds/test) by extension 'colcon_meta'
[0.261s] Level 1:colcon.colcon_core.package_identification:_identify(src/uros/rosidl_typesupport_microxrcedds/test) by extensions ['ros']
[0.261s] Level 1:colcon.colcon_core.package_identification:_identify(src/uros/rosidl_typesupport_microxrcedds/test) by extension 'ros'
[0.261s] Level 1:colcon.colcon_core.package_identification:_identify(src/uros/rosidl_typesupport_microxrcedds/test) by extensions ['cmake', 'python']
[0.261s] Level 1:colcon.colcon_core.package_identification:_identify(src/uros/rosidl_typesupport_microxrcedds/test) by extension 'cmake'
[0.261s] Level 1:colcon.colcon_core.package_identification:_identify(src/uros/rosidl_typesupport_microxrcedds/test) by extension 'python'
[0.261s] Level 1:colcon.colcon_core.package_identification:_identify(src/uros/rosidl_typesupport_microxrcedds/test) by extensions ['python_setup_py']
[0.261s] Level 1:colcon.colcon_core.package_identification:_identify(src/uros/rosidl_typesupport_microxrcedds/test) by extension 'python_setup_py'
[0.261s] Level 1:colcon.colcon_core.package_identification:_identify(src/uros/rosidl_typesupport_microxrcedds/test/c) by extensions ['ignore', 'ignore_ament_install']
[0.261s] Level 1:colcon.colcon_core.package_identification:_identify(src/uros/rosidl_typesupport_microxrcedds/test/c) by extension 'ignore'
[0.261s] Level 1:colcon.colcon_core.package_identification:_identify(src/uros/rosidl_typesupport_microxrcedds/test/c) by extension 'ignore_ament_install'
[0.261s] Level 1:colcon.colcon_core.package_identification:_identify(src/uros/rosidl_typesupport_microxrcedds/test/c) by extensions ['colcon_pkg']
[0.261s] Level 1:colcon.colcon_core.package_identification:_identify(src/uros/rosidl_typesupport_microxrcedds/test/c) by extension 'colcon_pkg'
[0.261s] Level 1:colcon.colcon_core.package_identification:_identify(src/uros/rosidl_typesupport_microxrcedds/test/c) by extensions ['colcon_meta']
[0.261s] Level 1:colcon.colcon_core.package_identification:_identify(src/uros/rosidl_typesupport_microxrcedds/test/c) by extension 'colcon_meta'
[0.261s] Level 1:colcon.colcon_core.package_identification:_identify(src/uros/rosidl_typesupport_microxrcedds/test/c) by extensions ['ros']
[0.261s] Level 1:colcon.colcon_core.package_identification:_identify(src/uros/rosidl_typesupport_microxrcedds/test/c) by extension 'ros'
[0.261s] DEBUG:colcon.colcon_core.package_identification:Package 'src/uros/rosidl_typesupport_microxrcedds/test/c' with type 'ros.ament_cmake' and name 'rosidl_typesupport_microxrcedds_c_tests'
[0.261s] Level 1:colcon.colcon_core.package_identification:_identify(src/uros/rosidl_typesupport_microxrcedds/test/cpp) by extensions ['ignore', 'ignore_ament_install']
[0.262s] Level 1:colcon.colcon_core.package_identification:_identify(src/uros/rosidl_typesupport_microxrcedds/test/cpp) by extension 'ignore'
[0.262s] Level 1:colcon.colcon_core.package_identification:_identify(src/uros/rosidl_typesupport_microxrcedds/test/cpp) by extension 'ignore_ament_install'
[0.262s] Level 1:colcon.colcon_core.package_identification:_identify(src/uros/rosidl_typesupport_microxrcedds/test/cpp) by extensions ['colcon_pkg']
[0.262s] Level 1:colcon.colcon_core.package_identification:_identify(src/uros/rosidl_typesupport_microxrcedds/test/cpp) by extension 'colcon_pkg'
[0.262s] Level 1:colcon.colcon_core.package_identification:_identify(src/uros/rosidl_typesupport_microxrcedds/test/cpp) by extensions ['colcon_meta']
[0.262s] Level 1:colcon.colcon_core.package_identification:_identify(src/uros/rosidl_typesupport_microxrcedds/test/cpp) by extension 'colcon_meta'
[0.262s] Level 1:colcon.colcon_core.package_identification:_identify(src/uros/rosidl_typesupport_microxrcedds/test/cpp) by extensions ['ros']
[0.262s] Level 1:colcon.colcon_core.package_identification:_identify(src/uros/rosidl_typesupport_microxrcedds/test/cpp) by extension 'ros'
[0.262s] DEBUG:colcon.colcon_core.package_identification:Package 'src/uros/rosidl_typesupport_microxrcedds/test/cpp' with type 'ros.ament_cmake' and name 'rosidl_typesupport_microxrcedds_cpp_tests'
[0.262s] Level 1:colcon.colcon_core.package_identification:_identify(src/uros/rosidl_typesupport_microxrcedds/test/msg) by extensions ['ignore', 'ignore_ament_install']
[0.262s] Level 1:colcon.colcon_core.package_identification:_identify(src/uros/rosidl_typesupport_microxrcedds/test/msg) by extension 'ignore'
[0.262s] Level 1:colcon.colcon_core.package_identification:_identify(src/uros/rosidl_typesupport_microxrcedds/test/msg) by extension 'ignore_ament_install'
[0.262s] Level 1:colcon.colcon_core.package_identification:_identify(src/uros/rosidl_typesupport_microxrcedds/test/msg) by extensions ['colcon_pkg']
[0.262s] Level 1:colcon.colcon_core.package_identification:_identify(src/uros/rosidl_typesupport_microxrcedds/test/msg) by extension 'colcon_pkg'
[0.262s] Level 1:colcon.colcon_core.package_identification:_identify(src/uros/rosidl_typesupport_microxrcedds/test/msg) by extensions ['colcon_meta']
[0.262s] Level 1:colcon.colcon_core.package_identification:_identify(src/uros/rosidl_typesupport_microxrcedds/test/msg) by extension 'colcon_meta'
[0.262s] Level 1:colcon.colcon_core.package_identification:_identify(src/uros/rosidl_typesupport_microxrcedds/test/msg) by extensions ['ros']
[0.262s] Level 1:colcon.colcon_core.package_identification:_identify(src/uros/rosidl_typesupport_microxrcedds/test/msg) by extension 'ros'
[0.263s] DEBUG:colcon.colcon_core.package_identification:Package 'src/uros/rosidl_typesupport_microxrcedds/test/msg' with type 'ros.ament_cmake' and name 'rosidl_typesupport_microxrcedds_test_msg'
[0.263s] Level 1:colcon.colcon_core.package_discovery:discover_packages(recursive) using defaults
[0.263s] Level 1:colcon.colcon_core.package_discovery:discover_packages(ignore) discover
[0.263s] Level 1:colcon.colcon_core.package_discovery:discover_packages(ignore) using defaults
[0.263s] Level 1:colcon.colcon_core.package_discovery:discover_packages(path) discover
[0.263s] Level 1:colcon.colcon_core.package_discovery:discover_packages(path) using defaults
[0.278s] INFO:colcon.colcon_metadata.metadata.colcon_pkg:Updating descriptor of package 'src/eProsima/Micro-XRCE-DDS-Client' from colcon.pkg: {'name': 'microxrcedds_client', 'type': 'cmake', 'dependencies': ['microcdr'], 'cmake-args': ['-DUCLIENT_ISOLATED_INSTALL=OFF', '-DUCLIENT_SUPERBUILD=OFF']}
[0.278s] INFO:colcon.colcon_metadata.metadata.colcon_pkg:Updating descriptor of package 'src/eProsima/Micro-CDR' from colcon.pkg: {'name': 'microcdr', 'type': 'cmake', 'cmake-args': ['-DUCDR_ISOLATED_INSTALL=OFF']}
[0.287s] INFO:colcon.colcon_core.package_selection:Skipping package 'rosidl_typesupport_microxrcedds_cpp_tests' in 'src/uros/rosidl_typesupport_microxrcedds/test/cpp'
[0.287s] INFO:colcon.colcon_core.package_selection:Skipping package 'rosidl_typesupport_microxrcedds_c_tests' in 'src/uros/rosidl_typesupport_microxrcedds/test/c'
[0.287s] INFO:colcon.colcon_core.package_selection:Skipping package 'rclc_examples' in 'src/uros/rclc/rclc_examples'
[0.287s] INFO:colcon.colcon_core.package_selection:Skipping package 'micro_ros_demos_rclc' in 'src/uros/micro-ROS-demos/rclc'
[0.287s] INFO:colcon.colcon_core.package_selection:Skipping package 'common_interfaces' in 'src/ros2/common_interfaces/common_interfaces'
[0.287s] INFO:colcon.colcon_core.package_selection:Skipping package 'visualization_msgs' in 'src/ros2/common_interfaces/visualization_msgs'
[0.287s] INFO:colcon.colcon_core.package_selection:Skipping package 'stereo_msgs' in 'src/ros2/common_interfaces/stereo_msgs'
[0.287s] INFO:colcon.colcon_core.package_selection:Skipping package 'sensor_msgs_py' in 'src/ros2/common_interfaces/sensor_msgs_py'
[0.287s] INFO:colcon.colcon_core.package_selection:Skipping package 'rosidl_typesupport_microxrcedds_test_msg' in 'src/uros/rosidl_typesupport_microxrcedds/test/msg'
[0.287s] INFO:colcon.colcon_core.package_selection:Skipping package 'rclc_parameter' in 'src/uros/rclc/rclc_parameter'
[0.287s] INFO:colcon.colcon_core.package_selection:Skipping package 'rclc_lifecycle' in 'src/uros/rclc/rclc_lifecycle'
[0.287s] INFO:colcon.colcon_core.package_selection:Skipping package 'trajectory_msgs' in 'src/ros2/common_interfaces/trajectory_msgs'
[0.287s] INFO:colcon.colcon_core.package_selection:Skipping package 'shape_msgs' in 'src/ros2/common_interfaces/shape_msgs'
[0.287s] INFO:colcon.colcon_core.package_selection:Skipping package 'sensor_msgs' in 'src/ros2/common_interfaces/sensor_msgs'
[0.287s] INFO:colcon.colcon_core.package_selection:Skipping package 'rmw_microxrcedds' in 'src/uros/rmw_microxrcedds/rmw_microxrcedds_c'
[0.287s] INFO:colcon.colcon_core.package_selection:Skipping package 'rclc' in 'src/uros/rclc/rclc'
[0.287s] INFO:colcon.colcon_core.package_selection:Skipping package 'nav_msgs' in 'src/ros2/common_interfaces/nav_msgs'
[0.287s] INFO:colcon.colcon_core.package_selection:Skipping package 'diagnostic_msgs' in 'src/ros2/common_interfaces/diagnostic_msgs'
[0.287s] INFO:colcon.colcon_core.package_selection:Skipping package 'test_msgs' in 'src/ros2/rcl_interfaces/test_msgs'
[0.287s] INFO:colcon.colcon_core.package_selection:Skipping package 'rosidl_typesupport_microxrcedds_cpp' in 'src/uros/rosidl_typesupport_microxrcedds/rosidl_typesupport_microxrcedds_cpp'
[0.287s] INFO:colcon.colcon_core.package_selection:Skipping package 'geometry_msgs' in 'src/ros2/common_interfaces/geometry_msgs'
[0.287s] INFO:colcon.colcon_core.package_selection:Skipping package 'example_interfaces' in 'src/ros2/example_interfaces'
[0.287s] INFO:colcon.colcon_core.package_selection:Skipping package 'composition_interfaces' in 'src/ros2/rcl_interfaces/composition_interfaces'
[0.287s] INFO:colcon.colcon_core.package_selection:Skipping package 'actionlib_msgs' in 'src/ros2/common_interfaces/actionlib_msgs'
[0.287s] INFO:colcon.colcon_core.package_selection:Skipping package 'std_msgs' in 'src/ros2/common_interfaces/std_msgs'
[0.287s] INFO:colcon.colcon_core.package_selection:Skipping package 'statistics_msgs' in 'src/ros2/rcl_interfaces/statistics_msgs'
[0.287s] INFO:colcon.colcon_core.package_selection:Skipping package 'rosidl_typesupport_microxrcedds_c' in 'src/uros/rosidl_typesupport_microxrcedds/rosidl_typesupport_microxrcedds_c'
[0.287s] INFO:colcon.colcon_core.package_selection:Skipping package 'rosgraph_msgs' in 'src/ros2/rcl_interfaces/rosgraph_msgs'
[0.287s] INFO:colcon.colcon_core.package_selection:Skipping package 'rcl_interfaces' in 'src/ros2/rcl_interfaces/rcl_interfaces'
[0.287s] INFO:colcon.colcon_core.package_selection:Skipping package 'microxrcedds_client' in 'src/eProsima/Micro-XRCE-DDS-Client'
[0.287s] INFO:colcon.colcon_core.package_selection:Skipping package 'complex_msgs' in 'src/uros/micro-ROS-demos/messages/complex_msg'
[0.287s] INFO:colcon.colcon_core.package_selection:Skipping package 'action_msgs' in 'src/ros2/rcl_interfaces/action_msgs'
[0.287s] INFO:colcon.colcon_core.package_selection:Skipping package 'unique_identifier_msgs' in 'src/ros2/unique_identifier_msgs'
[0.287s] INFO:colcon.colcon_core.package_selection:Skipping package 'std_srvs' in 'src/ros2/common_interfaces/std_srvs'
[0.287s] INFO:colcon.colcon_core.package_selection:Skipping package 'microcdr' in 'src/eProsima/Micro-CDR'
[0.287s] INFO:colcon.colcon_core.package_selection:Skipping package 'micro_ros_utilities' in 'src/uros/micro_ros_utilities'
[0.287s] INFO:colcon.colcon_core.package_selection:Skipping package 'micro_ros_setup' in 'src/micro_ros_setup'
[0.287s] INFO:colcon.colcon_core.package_selection:Skipping package 'lifecycle_msgs' in 'src/ros2/rcl_interfaces/lifecycle_msgs'
[0.287s] Level 1:colcon.colcon_core.package_discovery:discover_packages(prefix_path) check parameters
[0.287s] Level 1:colcon.colcon_core.package_discovery:discover_packages(prefix_path) discover
[0.289s] DEBUG:colcon.colcon_installed_package_information.package_discovery:Found 4 installed packages in /home/kanye/Documents/visionaid/microros_ws/install
[0.290s] DEBUG:colcon.colcon_installed_package_information.package_discovery:Found 316 installed packages in /opt/ros/humble
[0.291s] Level 1:colcon.colcon_core.package_discovery:discover_packages(prefix_path) using defaults
[0.318s] WARNING:colcon.colcon_core.package_selection:Some selected packages are already built in one or more underlay workspaces:
	'builtin_interfaces' is in: /home/kanye/Documents/visionaid/microros_ws/install/builtin_interfaces, /opt/ros/humble
If a package in a merged underlay workspace is overridden and it installs headers, then all packages in the overlay must sort their include directories by workspace order. Failure to do so may result in build failures or undefined behavior at run time.
If the overridden package is used by another package in any underlay, then the overriding package in the overlay must be API and ABI compatible or undefined behavior at run time may occur.

If you understand the risks and want to override a package anyways, add the following to the command line:
	--allow-overriding builtin_interfaces

This may be promoted to an error in a future release of colcon-override-check.
[0.319s] Level 5:colcon.colcon_core.verb:set package 'builtin_interfaces' build argument 'cmake_args' from command line to '['-DUAGENT_BUILD_EXECUTABLE=OFF', '-DUAGENT_P2P_PROFILE=OFF', '--no-warn-unused-cli']'
[0.319s] Level 5:colcon.colcon_core.verb:set package 'builtin_interfaces' build argument 'cmake_target' from command line to 'None'
[0.319s] Level 5:colcon.colcon_core.verb:set package 'builtin_interfaces' build argument 'cmake_target_skip_unavailable' from command line to 'False'
[0.319s] Level 5:colcon.colcon_core.verb:set package 'builtin_interfaces' build argument 'cmake_clean_cache' from command line to 'False'
[0.319s] Level 5:colcon.colcon_core.verb:set package 'builtin_interfaces' build argument 'cmake_clean_first' from command line to 'False'
[0.319s] Level 5:colcon.colcon_core.verb:set package 'builtin_interfaces' build argument 'cmake_force_configure' from command line to 'False'
[0.319s] Level 5:colcon.colcon_core.verb:set package 'builtin_interfaces' build argument 'ament_cmake_args' from command line to 'None'
[0.319s] Level 5:colcon.colcon_core.verb:set package 'builtin_interfaces' build argument 'catkin_cmake_args' from command line to 'None'
[0.319s] Level 5:colcon.colcon_core.verb:set package 'builtin_interfaces' build argument 'catkin_skip_building_tests' from command line to 'False'
[0.319s] DEBUG:colcon.colcon_core.verb:Building package 'builtin_interfaces' with the following arguments: {'ament_cmake_args': None, 'build_base': '/home/kanye/Documents/visionaid/microros_ws/build/builtin_interfaces', 'catkin_cmake_args': None, 'catkin_skip_building_tests': False, 'cmake_args': ['-DUAGENT_BUILD_EXECUTABLE=OFF', '-DUAGENT_P2P_PROFILE=OFF', '--no-warn-unused-cli'], 'cmake_clean_cache': False, 'cmake_clean_first': False, 'cmake_force_configure': False, 'cmake_target': None, 'cmake_target_skip_unavailable': False, 'install_base': '/home/kanye/Documents/visionaid/microros_ws/install/builtin_interfaces', 'merge_install': False, 'path': '/home/kanye/Documents/visionaid/microros_ws/src/ros2/rcl_interfaces/builtin_interfaces', 'symlink_install': False, 'test_result_base': None}
[0.319s] Level 5:colcon.colcon_core.verb:set package 'micro_ros_msgs' build argument 'cmake_args' from command line to '['-DUAGENT_BUILD_EXECUTABLE=OFF', '-DUAGENT_P2P_PROFILE=OFF', '--no-warn-unused-cli']'
[0.319s] Level 5:colcon.colcon_core.verb:set package 'micro_ros_msgs' build argument 'cmake_target' from command line to 'None'
[0.319s] Level 5:colcon.colcon_core.verb:set package 'micro_ros_msgs' build argument 'cmake_target_skip_unavailable' from command line to 'False'
[0.319s] Level 5:colcon.colcon_core.verb:set package 'micro_ros_msgs' build argument 'cmake_clean_cache' from command line to 'False'
[0.319s] Level 5:colcon.colcon_core.verb:set package 'micro_ros_msgs' build argument 'cmake_clean_first' from command line to 'False'
[0.319s] Level 5:colcon.colcon_core.verb:set package 'micro_ros_msgs' build argument 'cmake_force_configure' from command line to 'False'
[0.319s] Level 5:colcon.colcon_core.verb:set package 'micro_ros_msgs' build argument 'ament_cmake_args' from command line to 'None'
[0.319s] Level 5:colcon.colcon_core.verb:set package 'micro_ros_msgs' build argument 'catkin_cmake_args' from command line to 'None'
[0.319s] Level 5:colcon.colcon_core.verb:set package 'micro_ros_msgs' build argument 'catkin_skip_building_tests' from command line to 'False'
[0.319s] DEBUG:colcon.colcon_core.verb:Building package 'micro_ros_msgs' with the following arguments: {'ament_cmake_args': None, 'build_base': '/home/kanye/Documents/visionaid/microros_ws/build/micro_ros_msgs', 'catkin_cmake_args': None, 'catkin_skip_building_tests': False, 'cmake_args': ['-DUAGENT_BUILD_EXECUTABLE=OFF', '-DUAGENT_P2P_PROFILE=OFF', '--no-warn-unused-cli'], 'cmake_clean_cache': False, 'cmake_clean_first': False, 'cmake_force_configure': False, 'cmake_target': None, 'cmake_target_skip_unavailable': False, 'install_base': '/home/kanye/Documents/visionaid/microros_ws/install/micro_ros_msgs', 'merge_install': False, 'path': '/home/kanye/Documents/visionaid/microros_ws/src/uros/micro_ros_msgs', 'symlink_install': False, 'test_result_base': None}
[0.319s] Level 5:colcon.colcon_core.verb:set package 'micro_ros_agent' build argument 'cmake_args' from command line to '['-DUAGENT_BUILD_EXECUTABLE=OFF', '-DUAGENT_P2P_PROFILE=OFF', '--no-warn-unused-cli']'
[0.319s] Level 5:colcon.colcon_core.verb:set package 'micro_ros_agent' build argument 'cmake_target' from command line to 'None'
[0.319s] Level 5:colcon.colcon_core.verb:set package 'micro_ros_agent' build argument 'cmake_target_skip_unavailable' from command line to 'False'
[0.320s] Level 5:colcon.colcon_core.verb:set package 'micro_ros_agent' build argument 'cmake_clean_cache' from command line to 'False'
[0.320s] Level 5:colcon.colcon_core.verb:set package 'micro_ros_agent' build argument 'cmake_clean_first' from command line to 'False'
[0.320s] Level 5:colcon.colcon_core.verb:set package 'micro_ros_agent' build argument 'cmake_force_configure' from command line to 'False'
[0.320s] Level 5:colcon.colcon_core.verb:set package 'micro_ros_agent' build argument 'ament_cmake_args' from command line to 'None'
[0.320s] Level 5:colcon.colcon_core.verb:set package 'micro_ros_agent' build argument 'catkin_cmake_args' from command line to 'None'
[0.320s] Level 5:colcon.colcon_core.verb:set package 'micro_ros_agent' build argument 'catkin_skip_building_tests' from command line to 'False'
[0.320s] DEBUG:colcon.colcon_core.verb:Building package 'micro_ros_agent' with the following arguments: {'ament_cmake_args': None, 'build_base': '/home/kanye/Documents/visionaid/microros_ws/build/micro_ros_agent', 'catkin_cmake_args': None, 'catkin_skip_building_tests': False, 'cmake_args': ['-DUAGENT_BUILD_EXECUTABLE=OFF', '-DUAGENT_P2P_PROFILE=OFF', '--no-warn-unused-cli'], 'cmake_clean_cache': False, 'cmake_clean_first': False, 'cmake_force_configure': False, 'cmake_target': None, 'cmake_target_skip_unavailable': False, 'install_base': '/home/kanye/Documents/visionaid/microros_ws/install/micro_ros_agent', 'merge_install': False, 'path': '/home/kanye/Documents/visionaid/microros_ws/src/uros/micro-ROS-Agent/micro_ros_agent', 'symlink_install': False, 'test_result_base': None}
[0.320s] INFO:colcon.colcon_core.executor:Executing jobs using 'parallel' executor
[0.321s] DEBUG:colcon.colcon_parallel_executor.executor.parallel:run_until_complete
[0.321s] INFO:colcon.colcon_ros.task.ament_cmake.build:Building ROS package in '/home/kanye/Documents/visionaid/microros_ws/src/ros2/rcl_interfaces/builtin_interfaces' with build type 'ament_cmake'
[0.321s] INFO:colcon.colcon_cmake.task.cmake.build:Building CMake package in '/home/kanye/Documents/visionaid/microros_ws/src/ros2/rcl_interfaces/builtin_interfaces'
[0.323s] INFO:colcon.colcon_core.plugin_system:Skipping extension 'colcon_core.shell.bat': Not used on non-Windows systems
[0.323s] INFO:colcon.colcon_core.shell:Skip shell extension 'powershell' for command environment: Not usable outside of PowerShell
[0.323s] DEBUG:colcon.colcon_core.shell:Skip shell extension 'dsv' for command environment
[0.326s] INFO:colcon.colcon_ros.task.ament_cmake.build:Building ROS package in '/home/kanye/Documents/visionaid/microros_ws/src/uros/micro_ros_msgs' with build type 'ament_cmake'
[0.326s] INFO:colcon.colcon_cmake.task.cmake.build:Building CMake package in '/home/kanye/Documents/visionaid/microros_ws/src/uros/micro_ros_msgs'
[0.326s] INFO:colcon.colcon_core.shell:Skip shell extension 'powershell' for command environment: Not usable outside of PowerShell
[0.326s] DEBUG:colcon.colcon_core.shell:Skip shell extension 'dsv' for command environment
[0.332s] DEBUG:colcon.colcon_core.event_handler.log_command:Invoking command in '/home/kanye/Documents/visionaid/microros_ws/build/builtin_interfaces': CMAKE_PREFIX_PATH=${CMAKE_PREFIX_PATH}:/opt/ros/humble /usr/bin/cmake --build /home/kanye/Documents/visionaid/microros_ws/build/builtin_interfaces -- -j28 -l28
[0.334s] DEBUG:colcon.colcon_core.event_handler.log_command:Invoking command in '/home/kanye/Documents/visionaid/microros_ws/build/micro_ros_msgs': CMAKE_PREFIX_PATH=${CMAKE_PREFIX_PATH}:/opt/ros/humble /usr/bin/cmake --build /home/kanye/Documents/visionaid/microros_ws/build/micro_ros_msgs -- -j28 -l28
[0.571s] DEBUG:colcon.colcon_core.event_handler.log_command:Invoked command in '/home/kanye/Documents/visionaid/microros_ws/build/builtin_interfaces' returned '0': CMAKE_PREFIX_PATH=${CMAKE_PREFIX_PATH}:/opt/ros/humble /usr/bin/cmake --build /home/kanye/Documents/visionaid/microros_ws/build/builtin_interfaces -- -j28 -l28
[0.578s] DEBUG:colcon.colcon_core.event_handler.log_command:Invoking command in '/home/kanye/Documents/visionaid/microros_ws/build/builtin_interfaces': CMAKE_PREFIX_PATH=${CMAKE_PREFIX_PATH}:/opt/ros/humble /usr/bin/cmake --install /home/kanye/Documents/visionaid/microros_ws/build/builtin_interfaces
[0.594s] DEBUG:colcon.colcon_core.event_handler.log_command:Invoked command in '/home/kanye/Documents/visionaid/microros_ws/build/micro_ros_msgs' returned '0': CMAKE_PREFIX_PATH=${CMAKE_PREFIX_PATH}:/opt/ros/humble /usr/bin/cmake --build /home/kanye/Documents/visionaid/microros_ws/build/micro_ros_msgs -- -j28 -l28
[0.595s] DEBUG:colcon.colcon_core.event_handler.log_command:Invoking command in '/home/kanye/Documents/visionaid/microros_ws/build/micro_ros_msgs': CMAKE_PREFIX_PATH=${CMAKE_PREFIX_PATH}:/opt/ros/humble /usr/bin/cmake --install /home/kanye/Documents/visionaid/microros_ws/build/micro_ros_msgs
[0.615s] Level 1:colcon.colcon_core.environment:create_environment_scripts_only(builtin_interfaces)
[0.615s] DEBUG:colcon.colcon_core.event_handler.log_command:Invoked command in '/home/kanye/Documents/visionaid/microros_ws/build/builtin_interfaces' returned '0': CMAKE_PREFIX_PATH=${CMAKE_PREFIX_PATH}:/opt/ros/humble /usr/bin/cmake --install /home/kanye/Documents/visionaid/microros_ws/build/builtin_interfaces
[0.617s] Level 1:colcon.colcon_core.environment:checking '/home/kanye/Documents/visionaid/microros_ws/install/builtin_interfaces' for CMake module files
[0.618s] Level 1:colcon.colcon_core.environment:checking '/home/kanye/Documents/visionaid/microros_ws/install/builtin_interfaces' for CMake config files
[0.618s] Level 1:colcon.colcon_core.shell:create_environment_hook('builtin_interfaces', 'cmake_prefix_path')
[0.618s] INFO:colcon.colcon_core.shell:Creating environment hook '/home/kanye/Documents/visionaid/microros_ws/install/builtin_interfaces/share/builtin_interfaces/hook/cmake_prefix_path.ps1'
[0.619s] INFO:colcon.colcon_core.shell:Creating environment descriptor '/home/kanye/Documents/visionaid/microros_ws/install/builtin_interfaces/share/builtin_interfaces/hook/cmake_prefix_path.dsv'
[0.619s] INFO:colcon.colcon_core.shell:Creating environment hook '/home/kanye/Documents/visionaid/microros_ws/install/builtin_interfaces/share/builtin_interfaces/hook/cmake_prefix_path.sh'
[0.620s] Level 1:colcon.colcon_core.environment:checking '/home/kanye/Documents/visionaid/microros_ws/install/builtin_interfaces/lib'
[0.620s] Level 1:colcon.colcon_core.shell:create_environment_hook('builtin_interfaces', 'ld_library_path_lib')
[0.620s] INFO:colcon.colcon_core.shell:Creating environment hook '/home/kanye/Documents/visionaid/microros_ws/install/builtin_interfaces/share/builtin_interfaces/hook/ld_library_path_lib.ps1'
[0.621s] INFO:colcon.colcon_core.shell:Creating environment descriptor '/home/kanye/Documents/visionaid/microros_ws/install/builtin_interfaces/share/builtin_interfaces/hook/ld_library_path_lib.dsv'
[0.621s] INFO:colcon.colcon_core.shell:Creating environment hook '/home/kanye/Documents/visionaid/microros_ws/install/builtin_interfaces/share/builtin_interfaces/hook/ld_library_path_lib.sh'
[0.621s] Level 1:colcon.colcon_core.environment:checking '/home/kanye/Documents/visionaid/microros_ws/install/builtin_interfaces/bin'
[0.621s] Level 1:colcon.colcon_core.environment:checking '/home/kanye/Documents/visionaid/microros_ws/install/builtin_interfaces/lib/pkgconfig/builtin_interfaces.pc'
[0.622s] Level 1:colcon.colcon_core.environment:checking '/home/kanye/Documents/visionaid/microros_ws/install/builtin_interfaces/lib/python3.10/site-packages'
[0.622s] Level 1:colcon.colcon_core.environment:checking '/home/kanye/Documents/visionaid/microros_ws/install/builtin_interfaces/bin'
[0.622s] INFO:colcon.colcon_core.shell:Creating package script '/home/kanye/Documents/visionaid/microros_ws/install/builtin_interfaces/share/builtin_interfaces/package.ps1'
[0.623s] INFO:colcon.colcon_core.shell:Creating package descriptor '/home/kanye/Documents/visionaid/microros_ws/install/builtin_interfaces/share/builtin_interfaces/package.dsv'
[0.623s] INFO:colcon.colcon_core.shell:Creating package script '/home/kanye/Documents/visionaid/microros_ws/install/builtin_interfaces/share/builtin_interfaces/package.sh'
[0.623s] INFO:colcon.colcon_core.shell:Creating package script '/home/kanye/Documents/visionaid/microros_ws/install/builtin_interfaces/share/builtin_interfaces/package.bash'
[0.624s] INFO:colcon.colcon_core.shell:Creating package script '/home/kanye/Documents/visionaid/microros_ws/install/builtin_interfaces/share/builtin_interfaces/package.zsh'
[0.624s] Level 1:colcon.colcon_core.environment:create_file_with_runtime_dependencies(/home/kanye/Documents/visionaid/microros_ws/install/builtin_interfaces/share/colcon-core/packages/builtin_interfaces)
[0.625s] Level 1:colcon.colcon_core.environment:create_environment_scripts_only(builtin_interfaces)
[0.625s] Level 1:colcon.colcon_core.environment:checking '/home/kanye/Documents/visionaid/microros_ws/install/builtin_interfaces' for CMake module files
[0.625s] Level 1:colcon.colcon_core.environment:checking '/home/kanye/Documents/visionaid/microros_ws/install/builtin_interfaces' for CMake config files
[0.625s] Level 1:colcon.colcon_core.shell:create_environment_hook('builtin_interfaces', 'cmake_prefix_path')
[0.626s] INFO:colcon.colcon_core.shell:Creating environment hook '/home/kanye/Documents/visionaid/microros_ws/install/builtin_interfaces/share/builtin_interfaces/hook/cmake_prefix_path.ps1'
[0.626s] INFO:colcon.colcon_core.shell:Creating environment descriptor '/home/kanye/Documents/visionaid/microros_ws/install/builtin_interfaces/share/builtin_interfaces/hook/cmake_prefix_path.dsv'
[0.626s] INFO:colcon.colcon_core.shell:Creating environment hook '/home/kanye/Documents/visionaid/microros_ws/install/builtin_interfaces/share/builtin_interfaces/hook/cmake_prefix_path.sh'
[0.626s] Level 1:colcon.colcon_core.environment:checking '/home/kanye/Documents/visionaid/microros_ws/install/builtin_interfaces/lib'
[0.626s] Level 1:colcon.colcon_core.shell:create_environment_hook('builtin_interfaces', 'ld_library_path_lib')
[0.626s] INFO:colcon.colcon_core.shell:Creating environment hook '/home/kanye/Documents/visionaid/microros_ws/install/builtin_interfaces/share/builtin_interfaces/hook/ld_library_path_lib.ps1'
[0.627s] INFO:colcon.colcon_core.shell:Creating environment descriptor '/home/kanye/Documents/visionaid/microros_ws/install/builtin_interfaces/share/builtin_interfaces/hook/ld_library_path_lib.dsv'
[0.627s] INFO:colcon.colcon_core.shell:Creating environment hook '/home/kanye/Documents/visionaid/microros_ws/install/builtin_interfaces/share/builtin_interfaces/hook/ld_library_path_lib.sh'
[0.627s] Level 1:colcon.colcon_core.environment:checking '/home/kanye/Documents/visionaid/microros_ws/install/builtin_interfaces/bin'
[0.627s] Level 1:colcon.colcon_core.environment:checking '/home/kanye/Documents/visionaid/microros_ws/install/builtin_interfaces/lib/pkgconfig/builtin_interfaces.pc'
[0.627s] Level 1:colcon.colcon_core.environment:checking '/home/kanye/Documents/visionaid/microros_ws/install/builtin_interfaces/lib/python3.10/site-packages'
[0.627s] Level 1:colcon.colcon_core.environment:checking '/home/kanye/Documents/visionaid/microros_ws/install/builtin_interfaces/bin'
[0.627s] INFO:colcon.colcon_core.shell:Creating package script '/home/kanye/Documents/visionaid/microros_ws/install/builtin_interfaces/share/builtin_interfaces/package.ps1'
[0.628s] INFO:colcon.colcon_core.shell:Creating package descriptor '/home/kanye/Documents/visionaid/microros_ws/install/builtin_interfaces/share/builtin_interfaces/package.dsv'
[0.628s] INFO:colcon.colcon_core.shell:Creating package script '/home/kanye/Documents/visionaid/microros_ws/install/builtin_interfaces/share/builtin_interfaces/package.sh'
[0.629s] INFO:colcon.colcon_core.shell:Creating package script '/home/kanye/Documents/visionaid/microros_ws/install/builtin_interfaces/share/builtin_interfaces/package.bash'
[0.629s] INFO:colcon.colcon_core.shell:Creating package script '/home/kanye/Documents/visionaid/microros_ws/install/builtin_interfaces/share/builtin_interfaces/package.zsh'
[0.629s] Level 1:colcon.colcon_core.environment:create_file_with_runtime_dependencies(/home/kanye/Documents/visionaid/microros_ws/install/builtin_interfaces/share/colcon-core/packages/builtin_interfaces)
[0.633s] Level 1:colcon.colcon_core.environment:create_environment_scripts_only(micro_ros_msgs)
[0.634s] Level 1:colcon.colcon_core.environment:checking '/home/kanye/Documents/visionaid/microros_ws/install/micro_ros_msgs' for CMake module files
[0.634s] DEBUG:colcon.colcon_core.event_handler.log_command:Invoked command in '/home/kanye/Documents/visionaid/microros_ws/build/micro_ros_msgs' returned '0': CMAKE_PREFIX_PATH=${CMAKE_PREFIX_PATH}:/opt/ros/humble /usr/bin/cmake --install /home/kanye/Documents/visionaid/microros_ws/build/micro_ros_msgs
[0.635s] Level 1:colcon.colcon_core.environment:checking '/home/kanye/Documents/visionaid/microros_ws/install/micro_ros_msgs' for CMake config files
[0.635s] Level 1:colcon.colcon_core.shell:create_environment_hook('micro_ros_msgs', 'cmake_prefix_path')
[0.635s] INFO:colcon.colcon_core.shell:Creating environment hook '/home/kanye/Documents/visionaid/microros_ws/install/micro_ros_msgs/share/micro_ros_msgs/hook/cmake_prefix_path.ps1'
[0.636s] INFO:colcon.colcon_core.shell:Creating environment descriptor '/home/kanye/Documents/visionaid/microros_ws/install/micro_ros_msgs/share/micro_ros_msgs/hook/cmake_prefix_path.dsv'
[0.636s] INFO:colcon.colcon_core.shell:Creating environment hook '/home/kanye/Documents/visionaid/microros_ws/install/micro_ros_msgs/share/micro_ros_msgs/hook/cmake_prefix_path.sh'
[0.636s] Level 1:colcon.colcon_core.environment:checking '/home/kanye/Documents/visionaid/microros_ws/install/micro_ros_msgs/lib'
[0.637s] Level 1:colcon.colcon_core.shell:create_environment_hook('micro_ros_msgs', 'ld_library_path_lib')
[0.637s] INFO:colcon.colcon_core.shell:Creating environment hook '/home/kanye/Documents/visionaid/microros_ws/install/micro_ros_msgs/share/micro_ros_msgs/hook/ld_library_path_lib.ps1'
[0.637s] INFO:colcon.colcon_core.shell:Creating environment descriptor '/home/kanye/Documents/visionaid/microros_ws/install/micro_ros_msgs/share/micro_ros_msgs/hook/ld_library_path_lib.dsv'
[0.637s] INFO:colcon.colcon_core.shell:Creating environment hook '/home/kanye/Documents/visionaid/microros_ws/install/micro_ros_msgs/share/micro_ros_msgs/hook/ld_library_path_lib.sh'
[0.638s] Level 1:colcon.colcon_core.environment:checking '/home/kanye/Documents/visionaid/microros_ws/install/micro_ros_msgs/bin'
[0.638s] Level 1:colcon.colcon_core.environment:checking '/home/kanye/Documents/visionaid/microros_ws/install/micro_ros_msgs/lib/pkgconfig/micro_ros_msgs.pc'
[0.638s] Level 1:colcon.colcon_core.environment:checking '/home/kanye/Documents/visionaid/microros_ws/install/micro_ros_msgs/lib/python3.10/site-packages'
[0.638s] Level 1:colcon.colcon_core.environment:checking '/home/kanye/Documents/visionaid/microros_ws/install/micro_ros_msgs/bin'
[0.638s] INFO:colcon.colcon_core.shell:Creating package script '/home/kanye/Documents/visionaid/microros_ws/install/micro_ros_msgs/share/micro_ros_msgs/package.ps1'
[0.638s] INFO:colcon.colcon_core.shell:Creating package descriptor '/home/kanye/Documents/visionaid/microros_ws/install/micro_ros_msgs/share/micro_ros_msgs/package.dsv'
[0.639s] INFO:colcon.colcon_core.shell:Creating package script '/home/kanye/Documents/visionaid/microros_ws/install/micro_ros_msgs/share/micro_ros_msgs/package.sh'
[0.639s] INFO:colcon.colcon_core.shell:Creating package script '/home/kanye/Documents/visionaid/microros_ws/install/micro_ros_msgs/share/micro_ros_msgs/package.bash'
[0.639s] INFO:colcon.colcon_core.shell:Creating package script '/home/kanye/Documents/visionaid/microros_ws/install/micro_ros_msgs/share/micro_ros_msgs/package.zsh'
[0.639s] Level 1:colcon.colcon_core.environment:create_file_with_runtime_dependencies(/home/kanye/Documents/visionaid/microros_ws/install/micro_ros_msgs/share/colcon-core/packages/micro_ros_msgs)
[0.639s] Level 1:colcon.colcon_core.environment:create_environment_scripts_only(micro_ros_msgs)
[0.640s] Level 1:colcon.colcon_core.environment:checking '/home/kanye/Documents/visionaid/microros_ws/install/micro_ros_msgs' for CMake module files
[0.640s] Level 1:colcon.colcon_core.environment:checking '/home/kanye/Documents/visionaid/microros_ws/install/micro_ros_msgs' for CMake config files
[0.640s] Level 1:colcon.colcon_core.shell:create_environment_hook('micro_ros_msgs', 'cmake_prefix_path')
[0.640s] INFO:colcon.colcon_core.shell:Creating environment hook '/home/kanye/Documents/visionaid/microros_ws/install/micro_ros_msgs/share/micro_ros_msgs/hook/cmake_prefix_path.ps1'
[0.640s] INFO:colcon.colcon_core.shell:Creating environment descriptor '/home/kanye/Documents/visionaid/microros_ws/install/micro_ros_msgs/share/micro_ros_msgs/hook/cmake_prefix_path.dsv'
[0.640s] INFO:colcon.colcon_core.shell:Creating environment hook '/home/kanye/Documents/visionaid/microros_ws/install/micro_ros_msgs/share/micro_ros_msgs/hook/cmake_prefix_path.sh'
[0.641s] Level 1:colcon.colcon_core.environment:checking '/home/kanye/Documents/visionaid/microros_ws/install/micro_ros_msgs/lib'
[0.641s] Level 1:colcon.colcon_core.shell:create_environment_hook('micro_ros_msgs', 'ld_library_path_lib')
[0.641s] INFO:colcon.colcon_core.shell:Creating environment hook '/home/kanye/Documents/visionaid/microros_ws/install/micro_ros_msgs/share/micro_ros_msgs/hook/ld_library_path_lib.ps1'
[0.641s] INFO:colcon.colcon_core.shell:Creating environment descriptor '/home/kanye/Documents/visionaid/microros_ws/install/micro_ros_msgs/share/micro_ros_msgs/hook/ld_library_path_lib.dsv'
[0.641s] INFO:colcon.colcon_core.shell:Creating environment hook '/home/kanye/Documents/visionaid/microros_ws/install/micro_ros_msgs/share/micro_ros_msgs/hook/ld_library_path_lib.sh'
[0.641s] Level 1:colcon.colcon_core.environment:checking '/home/kanye/Documents/visionaid/microros_ws/install/micro_ros_msgs/bin'
[0.641s] Level 1:colcon.colcon_core.environment:checking '/home/kanye/Documents/visionaid/microros_ws/install/micro_ros_msgs/lib/pkgconfig/micro_ros_msgs.pc'
[0.642s] Level 1:colcon.colcon_core.environment:checking '/home/kanye/Documents/visionaid/microros_ws/install/micro_ros_msgs/lib/python3.10/site-packages'
[0.642s] Level 1:colcon.colcon_core.environment:checking '/home/kanye/Documents/visionaid/microros_ws/install/micro_ros_msgs/bin'
[0.642s] INFO:colcon.colcon_core.shell:Creating package script '/home/kanye/Documents/visionaid/microros_ws/install/micro_ros_msgs/share/micro_ros_msgs/package.ps1'
[0.642s] INFO:colcon.colcon_core.shell:Creating package descriptor '/home/kanye/Documents/visionaid/microros_ws/install/micro_ros_msgs/share/micro_ros_msgs/package.dsv'
[0.642s] INFO:colcon.colcon_core.shell:Creating package script '/home/kanye/Documents/visionaid/microros_ws/install/micro_ros_msgs/share/micro_ros_msgs/package.sh'
[0.643s] INFO:colcon.colcon_core.shell:Creating package script '/home/kanye/Documents/visionaid/microros_ws/install/micro_ros_msgs/share/micro_ros_msgs/package.bash'
[0.643s] INFO:colcon.colcon_core.shell:Creating package script '/home/kanye/Documents/visionaid/microros_ws/install/micro_ros_msgs/share/micro_ros_msgs/package.zsh'
[0.643s] Level 1:colcon.colcon_core.environment:create_file_with_runtime_dependencies(/home/kanye/Documents/visionaid/microros_ws/install/micro_ros_msgs/share/colcon-core/packages/micro_ros_msgs)
[0.643s] INFO:colcon.colcon_ros.task.ament_cmake.build:Building ROS package in '/home/kanye/Documents/visionaid/microros_ws/src/uros/micro-ROS-Agent/micro_ros_agent' with build type 'ament_cmake'
[0.643s] INFO:colcon.colcon_cmake.task.cmake.build:Building CMake package in '/home/kanye/Documents/visionaid/microros_ws/src/uros/micro-ROS-Agent/micro_ros_agent'
[0.643s] INFO:colcon.colcon_core.shell:Skip shell extension 'powershell' for command environment: Not usable outside of PowerShell
[0.643s] DEBUG:colcon.colcon_core.shell:Skip shell extension 'dsv' for command environment
[0.654s] DEBUG:colcon.colcon_core.event_handler.log_command:Invoking command in '/home/kanye/Documents/visionaid/microros_ws/build/micro_ros_agent': AMENT_PREFIX_PATH=/home/kanye/Documents/visionaid/microros_ws/install/micro_ros_msgs:/home/kanye/Documents/visionaid/microros_ws/install/builtin_interfaces:${AMENT_PREFIX_PATH} CMAKE_PREFIX_PATH=/home/kanye/Documents/visionaid/microros_ws/install/micro_ros_msgs:/home/kanye/Documents/visionaid/microros_ws/install/builtin_interfaces:/home/kanye/Documents/visionaid/microros_ws/install/micro_ros_setup:/opt/ros/humble LD_LIBRARY_PATH=/home/kanye/Documents/visionaid/microros_ws/install/micro_ros_msgs/lib:/home/kanye/Documents/visionaid/microros_ws/install/builtin_interfaces/lib:${LD_LIBRARY_PATH} PYTHONPATH=/home/kanye/Documents/visionaid/microros_ws/install/micro_ros_msgs/local/lib/python3.10/dist-packages:/home/kanye/Documents/visionaid/microros_ws/install/builtin_interfaces/local/lib/python3.10/dist-packages:${PYTHONPATH} /usr/bin/cmake --build /home/kanye/Documents/visionaid/microros_ws/build/micro_ros_agent -- -j28 -l28
[0.709s] DEBUG:colcon.colcon_core.event_handler.log_command:Invoked command in '/home/kanye/Documents/visionaid/microros_ws/build/micro_ros_agent' returned '0': AMENT_PREFIX_PATH=/home/kanye/Documents/visionaid/microros_ws/install/micro_ros_msgs:/home/kanye/Documents/visionaid/microros_ws/install/builtin_interfaces:${AMENT_PREFIX_PATH} CMAKE_PREFIX_PATH=/home/kanye/Documents/visionaid/microros_ws/install/micro_ros_msgs:/home/kanye/Documents/visionaid/microros_ws/install/builtin_interfaces:/home/kanye/Documents/visionaid/microros_ws/install/micro_ros_setup:/opt/ros/humble LD_LIBRARY_PATH=/home/kanye/Documents/visionaid/microros_ws/install/micro_ros_msgs/lib:/home/kanye/Documents/visionaid/microros_ws/install/builtin_interfaces/lib:${LD_LIBRARY_PATH} PYTHONPATH=/home/kanye/Documents/visionaid/microros_ws/install/micro_ros_msgs/local/lib/python3.10/dist-packages:/home/kanye/Documents/visionaid/microros_ws/install/builtin_interfaces/local/lib/python3.10/dist-packages:${PYTHONPATH} /usr/bin/cmake --build /home/kanye/Documents/visionaid/microros_ws/build/micro_ros_agent -- -j28 -l28
[0.711s] DEBUG:colcon.colcon_core.event_handler.log_command:Invoking command in '/home/kanye/Documents/visionaid/microros_ws/build/micro_ros_agent': AMENT_PREFIX_PATH=/home/kanye/Documents/visionaid/microros_ws/install/micro_ros_msgs:/home/kanye/Documents/visionaid/microros_ws/install/builtin_interfaces:${AMENT_PREFIX_PATH} CMAKE_PREFIX_PATH=/home/kanye/Documents/visionaid/microros_ws/install/micro_ros_msgs:/home/kanye/Documents/visionaid/microros_ws/install/builtin_interfaces:/home/kanye/Documents/visionaid/microros_ws/install/micro_ros_setup:/opt/ros/humble LD_LIBRARY_PATH=/home/kanye/Documents/visionaid/microros_ws/install/micro_ros_msgs/lib:/home/kanye/Documents/visionaid/microros_ws/install/builtin_interfaces/lib:${LD_LIBRARY_PATH} PYTHONPATH=/home/kanye/Documents/visionaid/microros_ws/install/micro_ros_msgs/local/lib/python3.10/dist-packages:/home/kanye/Documents/visionaid/microros_ws/install/builtin_interfaces/local/lib/python3.10/dist-packages:${PYTHONPATH} /usr/bin/cmake --install /home/kanye/Documents/visionaid/microros_ws/build/micro_ros_agent
[0.718s] Level 1:colcon.colcon_core.environment:create_environment_scripts_only(micro_ros_agent)
[0.718s] DEBUG:colcon.colcon_core.event_handler.log_command:Invoked command in '/home/kanye/Documents/visionaid/microros_ws/build/micro_ros_agent' returned '0': AMENT_PREFIX_PATH=/home/kanye/Documents/visionaid/microros_ws/install/micro_ros_msgs:/home/kanye/Documents/visionaid/microros_ws/install/builtin_interfaces:${AMENT_PREFIX_PATH} CMAKE_PREFIX_PATH=/home/kanye/Documents/visionaid/microros_ws/install/micro_ros_msgs:/home/kanye/Documents/visionaid/microros_ws/install/builtin_interfaces:/home/kanye/Documents/visionaid/microros_ws/install/micro_ros_setup:/opt/ros/humble LD_LIBRARY_PATH=/home/kanye/Documents/visionaid/microros_ws/install/micro_ros_msgs/lib:/home/kanye/Documents/visionaid/microros_ws/install/builtin_interfaces/lib:${LD_LIBRARY_PATH} PYTHONPATH=/home/kanye/Documents/visionaid/microros_ws/install/micro_ros_msgs/local/lib/python3.10/dist-packages:/home/kanye/Documents/visionaid/microros_ws/install/builtin_interfaces/local/lib/python3.10/dist-packages:${PYTHONPATH} /usr/bin/cmake --install /home/kanye/Documents/visionaid/microros_ws/build/micro_ros_agent
[0.718s] Level 1:colcon.colcon_core.environment:checking '/home/kanye/Documents/visionaid/microros_ws/install/micro_ros_agent' for CMake module files
[0.719s] Level 1:colcon.colcon_core.environment:checking '/home/kanye/Documents/visionaid/microros_ws/install/micro_ros_agent' for CMake config files
[0.719s] Level 1:colcon.colcon_core.shell:create_environment_hook('micro_ros_agent', 'cmake_prefix_path')
[0.719s] INFO:colcon.colcon_core.shell:Creating environment hook '/home/kanye/Documents/visionaid/microros_ws/install/micro_ros_agent/share/micro_ros_agent/hook/cmake_prefix_path.ps1'
[0.719s] INFO:colcon.colcon_core.shell:Creating environment descriptor '/home/kanye/Documents/visionaid/microros_ws/install/micro_ros_agent/share/micro_ros_agent/hook/cmake_prefix_path.dsv'
[0.719s] INFO:colcon.colcon_core.shell:Creating environment hook '/home/kanye/Documents/visionaid/microros_ws/install/micro_ros_agent/share/micro_ros_agent/hook/cmake_prefix_path.sh'
[0.720s] Level 1:colcon.colcon_core.environment:checking '/home/kanye/Documents/visionaid/microros_ws/install/micro_ros_agent/lib'
[0.720s] Level 1:colcon.colcon_core.shell:create_environment_hook('micro_ros_agent', 'ld_library_path_lib')
[0.720s] INFO:colcon.colcon_core.shell:Creating environment hook '/home/kanye/Documents/visionaid/microros_ws/install/micro_ros_agent/share/micro_ros_agent/hook/ld_library_path_lib.ps1'
[0.720s] INFO:colcon.colcon_core.shell:Creating environment descriptor '/home/kanye/Documents/visionaid/microros_ws/install/micro_ros_agent/share/micro_ros_agent/hook/ld_library_path_lib.dsv'
[0.720s] INFO:colcon.colcon_core.shell:Creating environment hook '/home/kanye/Documents/visionaid/microros_ws/install/micro_ros_agent/share/micro_ros_agent/hook/ld_library_path_lib.sh'
[0.720s] Level 1:colcon.colcon_core.environment:checking '/home/kanye/Documents/visionaid/microros_ws/install/micro_ros_agent/bin'
[0.720s] Level 1:colcon.colcon_core.environment:checking '/home/kanye/Documents/visionaid/microros_ws/install/micro_ros_agent/lib/pkgconfig/micro_ros_agent.pc'
[0.721s] Level 1:colcon.colcon_core.environment:checking '/home/kanye/Documents/visionaid/microros_ws/install/micro_ros_agent/lib/python3.10/site-packages'
[0.721s] Level 1:colcon.colcon_core.environment:checking '/home/kanye/Documents/visionaid/microros_ws/install/micro_ros_agent/bin'
[0.721s] INFO:colcon.colcon_core.shell:Creating package script '/home/kanye/Documents/visionaid/microros_ws/install/micro_ros_agent/share/micro_ros_agent/package.ps1'
[0.721s] INFO:colcon.colcon_core.shell:Creating package descriptor '/home/kanye/Documents/visionaid/microros_ws/install/micro_ros_agent/share/micro_ros_agent/package.dsv'
[0.722s] INFO:colcon.colcon_core.shell:Creating package script '/home/kanye/Documents/visionaid/microros_ws/install/micro_ros_agent/share/micro_ros_agent/package.sh'
[0.722s] INFO:colcon.colcon_core.shell:Creating package script '/home/kanye/Documents/visionaid/microros_ws/install/micro_ros_agent/share/micro_ros_agent/package.bash'
[0.722s] INFO:colcon.colcon_core.shell:Creating package script '/home/kanye/Documents/visionaid/microros_ws/install/micro_ros_agent/share/micro_ros_agent/package.zsh'
[0.722s] Level 1:colcon.colcon_core.environment:create_file_with_runtime_dependencies(/home/kanye/Documents/visionaid/microros_ws/install/micro_ros_agent/share/colcon-core/packages/micro_ros_agent)
[0.722s] Level 1:colcon.colcon_core.environment:create_environment_scripts_only(micro_ros_agent)
[0.723s] Level 1:colcon.colcon_core.environment:checking '/home/kanye/Documents/visionaid/microros_ws/install/micro_ros_agent' for CMake module files
[0.723s] Level 1:colcon.colcon_core.environment:checking '/home/kanye/Documents/visionaid/microros_ws/install/micro_ros_agent' for CMake config files
[0.723s] Level 1:colcon.colcon_core.shell:create_environment_hook('micro_ros_agent', 'cmake_prefix_path')
[0.723s] INFO:colcon.colcon_core.shell:Creating environment hook '/home/kanye/Documents/visionaid/microros_ws/install/micro_ros_agent/share/micro_ros_agent/hook/cmake_prefix_path.ps1'
[0.723s] INFO:colcon.colcon_core.shell:Creating environment descriptor '/home/kanye/Documents/visionaid/microros_ws/install/micro_ros_agent/share/micro_ros_agent/hook/cmake_prefix_path.dsv'
[0.723s] INFO:colcon.colcon_core.shell:Creating environment hook '/home/kanye/Documents/visionaid/microros_ws/install/micro_ros_agent/share/micro_ros_agent/hook/cmake_prefix_path.sh'
[0.724s] Level 1:colcon.colcon_core.environment:checking '/home/kanye/Documents/visionaid/microros_ws/install/micro_ros_agent/lib'
[0.724s] Level 1:colcon.colcon_core.shell:create_environment_hook('micro_ros_agent', 'ld_library_path_lib')
[0.724s] INFO:colcon.colcon_core.shell:Creating environment hook '/home/kanye/Documents/visionaid/microros_ws/install/micro_ros_agent/share/micro_ros_agent/hook/ld_library_path_lib.ps1'
[0.724s] INFO:colcon.colcon_core.shell:Creating environment descriptor '/home/kanye/Documents/visionaid/microros_ws/install/micro_ros_agent/share/micro_ros_agent/hook/ld_library_path_lib.dsv'
[0.724s] INFO:colcon.colcon_core.shell:Creating environment hook '/home/kanye/Documents/visionaid/microros_ws/install/micro_ros_agent/share/micro_ros_agent/hook/ld_library_path_lib.sh'
[0.724s] Level 1:colcon.colcon_core.environment:checking '/home/kanye/Documents/visionaid/microros_ws/install/micro_ros_agent/bin'
[0.724s] Level 1:colcon.colcon_core.environment:checking '/home/kanye/Documents/visionaid/microros_ws/install/micro_ros_agent/lib/pkgconfig/micro_ros_agent.pc'
[0.725s] Level 1:colcon.colcon_core.environment:checking '/home/kanye/Documents/visionaid/microros_ws/install/micro_ros_agent/lib/python3.10/site-packages'
[0.725s] Level 1:colcon.colcon_core.environment:checking '/home/kanye/Documents/visionaid/microros_ws/install/micro_ros_agent/bin'
[0.725s] INFO:colcon.colcon_core.shell:Creating package script '/home/kanye/Documents/visionaid/microros_ws/install/micro_ros_agent/share/micro_ros_agent/package.ps1'
[0.725s] INFO:colcon.colcon_core.shell:Creating package descriptor '/home/kanye/Documents/visionaid/microros_ws/install/micro_ros_agent/share/micro_ros_agent/package.dsv'
[0.725s] INFO:colcon.colcon_core.shell:Creating package script '/home/kanye/Documents/visionaid/microros_ws/install/micro_ros_agent/share/micro_ros_agent/package.sh'
[0.726s] INFO:colcon.colcon_core.shell:Creating package script '/home/kanye/Documents/visionaid/microros_ws/install/micro_ros_agent/share/micro_ros_agent/package.bash'
[0.726s] INFO:colcon.colcon_core.shell:Creating package script '/home/kanye/Documents/visionaid/microros_ws/install/micro_ros_agent/share/micro_ros_agent/package.zsh'
[0.726s] Level 1:colcon.colcon_core.environment:create_file_with_runtime_dependencies(/home/kanye/Documents/visionaid/microros_ws/install/micro_ros_agent/share/colcon-core/packages/micro_ros_agent)
[0.726s] DEBUG:colcon.colcon_parallel_executor.executor.parallel:closing loop
[0.726s] DEBUG:colcon.colcon_parallel_executor.executor.parallel:loop closed
[0.726s] DEBUG:colcon.colcon_parallel_executor.executor.parallel:run_until_complete finished with '0'
[0.726s] DEBUG:colcon.colcon_core.event_reactor:joining thread
[0.729s] INFO:colcon.colcon_core.plugin_system:Skipping extension 'colcon_notification.desktop_notification.terminal_notifier': Not used on non-Darwin systems
[0.730s] INFO:colcon.colcon_core.plugin_system:Skipping extension 'colcon_notification.desktop_notification.win32': Not used on non-Windows systems
[0.730s] INFO:colcon.colcon_notification.desktop_notification:Sending desktop notification using 'notify2'
[0.739s] DEBUG:colcon.colcon_core.event_reactor:joined thread
[0.739s] INFO:colcon.colcon_core.shell:Creating prefix script '/home/kanye/Documents/visionaid/microros_ws/install/local_setup.ps1'
[0.740s] INFO:colcon.colcon_core.shell:Creating prefix util module '/home/kanye/Documents/visionaid/microros_ws/install/_local_setup_util_ps1.py'
[0.740s] INFO:colcon.colcon_core.shell:Creating prefix chain script '/home/kanye/Documents/visionaid/microros_ws/install/setup.ps1'
[0.741s] INFO:colcon.colcon_core.shell:Creating prefix script '/home/kanye/Documents/visionaid/microros_ws/install/local_setup.sh'
[0.741s] INFO:colcon.colcon_core.shell:Creating prefix util module '/home/kanye/Documents/visionaid/microros_ws/install/_local_setup_util_sh.py'
[0.742s] INFO:colcon.colcon_core.shell:Creating prefix chain script '/home/kanye/Documents/visionaid/microros_ws/install/setup.sh'
[0.742s] INFO:colcon.colcon_core.shell:Creating prefix script '/home/kanye/Documents/visionaid/microros_ws/install/local_setup.bash'
[0.742s] INFO:colcon.colcon_core.shell:Creating prefix chain script '/home/kanye/Documents/visionaid/microros_ws/install/setup.bash'
[0.743s] INFO:colcon.colcon_core.shell:Creating prefix script '/home/kanye/Documents/visionaid/microros_ws/install/local_setup.zsh'
[0.743s] INFO:colcon.colcon_core.shell:Creating prefix chain script '/home/kanye/Documents/visionaid/microros_ws/install/setup.zsh'
