[0.070s] [34mcolcon[0m [1;30mDEBUG[0m [32mCommand line arguments: ['/usr/bin/colcon', 'build', '--packages-select', 'yolov8_bdd100k_detection'][0m
[0.070s] [34mcolcon[0m [1;30mDEBUG[0m [32mParsed command line arguments: Namespace(log_base=None, log_level=None, verb_name='build', build_base='build', install_base='install', merge_install=False, symlink_install=False, test_result_base=None, continue_on_error=False, executor='parallel', parallel_workers=22, event_handlers=None, ignore_user_meta=False, metas=['./colcon.meta'], base_paths=['.'], packages_ignore=None, packages_ignore_regex=None, paths=None, packages_up_to=None, packages_up_to_regex=None, packages_above=None, packages_above_and_dependencies=None, packages_above_depth=None, packages_select_by_dep=None, packages_skip_by_dep=None, packages_skip_up_to=None, packages_select_build_failed=False, packages_skip_build_finished=False, packages_select_test_failures=False, packages_skip_test_passed=False, packages_select=['yolov8_bdd100k_detection'], packages_skip=None, packages_select_regex=None, packages_skip_regex=None, packages_start=None, packages_end=None, allow_overriding=[], cmake_args=None, cmake_target=None, cmake_target_skip_unavailable=False, cmake_clean_cache=False, cmake_clean_first=False, cmake_force_configure=False, ament_cmake_args=None, catkin_cmake_args=None, catkin_skip_building_tests=False, verb_parser=<colcon_defaults.argument_parser.defaults.DefaultArgumentsDecorator object at 0x766b97e4c7f0>, verb_extension=<colcon_core.verb.build.BuildVerb object at 0x766b97e4c220>, main=<bound method BuildVerb.main of <colcon_core.verb.build.BuildVerb object at 0x766b97e4c220>>)[0m
[0.163s] [34mcolcon.colcon_core.package_discovery[0m [1;30mLevel 1[0m discover_packages(colcon_meta) check parameters
[0.163s] [34mcolcon.colcon_core.package_discovery[0m [1;30mLevel 1[0m discover_packages(recursive) check parameters
[0.163s] [34mcolcon.colcon_core.package_discovery[0m [1;30mLevel 1[0m discover_packages(ignore) check parameters
[0.163s] [34mcolcon.colcon_core.package_discovery[0m [1;30mLevel 1[0m discover_packages(path) check parameters
[0.163s] [34mcolcon.colcon_core.package_discovery[0m [1;30mLevel 1[0m discover_packages(colcon_meta) discover
[0.163s] [34mcolcon.colcon_core.package_discovery[0m [1;30mLevel 1[0m discover_packages(recursive) discover
[0.163s] [34mcolcon.colcon_core.package_discovery[0m [1;30mINFO[0m Crawling recursively for packages in '/home/sophie/visionaid/isaac_ros_ws'
[0.163s] [34mcolcon.colcon_core.package_identification[0m [1;30mLevel 1[0m _identify(.) by extensions ['ignore', 'ignore_ament_install']
[0.163s] [34mcolcon.colcon_core.package_identification[0m [1;30mLevel 1[0m _identify(.) by extension 'ignore'
[0.163s] [34mcolcon.colcon_core.package_identification[0m [1;30mLevel 1[0m _identify(.) by extension 'ignore_ament_install'
[0.163s] [34mcolcon.colcon_core.package_identification[0m [1;30mLevel 1[0m _identify(.) by extensions ['colcon_pkg']
[0.163s] [34mcolcon.colcon_core.package_identification[0m [1;30mLevel 1[0m _identify(.) by extension 'colcon_pkg'
[0.163s] [34mcolcon.colcon_core.package_identification[0m [1;30mLevel 1[0m _identify(.) by extensions ['colcon_meta']
[0.163s] [34mcolcon.colcon_core.package_identification[0m [1;30mLevel 1[0m _identify(.) by extension 'colcon_meta'
[0.163s] [34mcolcon.colcon_core.package_identification[0m [1;30mLevel 1[0m _identify(.) by extensions ['ros']
[0.163s] [34mcolcon.colcon_core.package_identification[0m [1;30mLevel 1[0m _identify(.) by extension 'ros'
[0.169s] [34mcolcon.colcon_core.package_identification[0m [1;30mLevel 1[0m _identify(.) by extensions ['cmake', 'python']
[0.170s] [34mcolcon.colcon_core.package_identification[0m [1;30mLevel 1[0m _identify(.) by extension 'cmake'
[0.170s] [34mcolcon.colcon_core.package_identification[0m [1;30mLevel 1[0m _identify(.) by extension 'python'
[0.170s] [34mcolcon.colcon_core.package_identification[0m [1;30mLevel 1[0m _identify(.) by extensions ['python_setup_py']
[0.170s] [34mcolcon.colcon_core.package_identification[0m [1;30mLevel 1[0m _identify(.) by extension 'python_setup_py'
[0.170s] [34mcolcon.colcon_core.package_identification[0m [1;30mLevel 1[0m _identify(build) by extensions ['ignore', 'ignore_ament_install']
[0.170s] [34mcolcon.colcon_core.package_identification[0m [1;30mLevel 1[0m _identify(build) by extension 'ignore'
[0.170s] [34mcolcon.colcon_core.package_identification[0m [1;30mLevel 1[0m _identify(build) ignored
[0.170s] [34mcolcon.colcon_core.package_identification[0m [1;30mLevel 1[0m _identify(install) by extensions ['ignore', 'ignore_ament_install']
[0.170s] [34mcolcon.colcon_core.package_identification[0m [1;30mLevel 1[0m _identify(install) by extension 'ignore'
[0.170s] [34mcolcon.colcon_core.package_identification[0m [1;30mLevel 1[0m _identify(install) ignored
[0.170s] [34mcolcon.colcon_core.package_identification[0m [1;30mLevel 1[0m _identify(log) by extensions ['ignore', 'ignore_ament_install']
[0.170s] [34mcolcon.colcon_core.package_identification[0m [1;30mLevel 1[0m _identify(log) by extension 'ignore'
[0.170s] [34mcolcon.colcon_core.package_identification[0m [1;30mLevel 1[0m _identify(log) ignored
[0.170s] [34mcolcon.colcon_core.package_identification[0m [1;30mLevel 1[0m _identify(src) by extensions ['ignore', 'ignore_ament_install']
[0.170s] [34mcolcon.colcon_core.package_identification[0m [1;30mLevel 1[0m _identify(src) by extension 'ignore'
[0.170s] [34mcolcon.colcon_core.package_identification[0m [1;30mLevel 1[0m _identify(src) by extension 'ignore_ament_install'
[0.170s] [34mcolcon.colcon_core.package_identification[0m [1;30mLevel 1[0m _identify(src) by extensions ['colcon_pkg']
[0.170s] [34mcolcon.colcon_core.package_identification[0m [1;30mLevel 1[0m _identify(src) by extension 'colcon_pkg'
[0.170s] [34mcolcon.colcon_core.package_identification[0m [1;30mLevel 1[0m _identify(src) by extensions ['colcon_meta']
[0.170s] [34mcolcon.colcon_core.package_identification[0m [1;30mLevel 1[0m _identify(src) by extension 'colcon_meta'
[0.170s] [34mcolcon.colcon_core.package_identification[0m [1;30mLevel 1[0m _identify(src) by extensions ['ros']
[0.170s] [34mcolcon.colcon_core.package_identification[0m [1;30mLevel 1[0m _identify(src) by extension 'ros'
[0.170s] [34mcolcon.colcon_core.package_identification[0m [1;30mLevel 1[0m _identify(src) by extensions ['cmake', 'python']
[0.170s] [34mcolcon.colcon_core.package_identification[0m [1;30mLevel 1[0m _identify(src) by extension 'cmake'
[0.170s] [34mcolcon.colcon_core.package_identification[0m [1;30mLevel 1[0m _identify(src) by extension 'python'
[0.170s] [34mcolcon.colcon_core.package_identification[0m [1;30mLevel 1[0m _identify(src) by extensions ['python_setup_py']
[0.170s] [34mcolcon.colcon_core.package_identification[0m [1;30mLevel 1[0m _identify(src) by extension 'python_setup_py'
[0.170s] [34mcolcon.colcon_core.package_identification[0m [1;30mLevel 1[0m _identify(src/assistive_navigation_core) by extensions ['ignore', 'ignore_ament_install']
[0.170s] [34mcolcon.colcon_core.package_identification[0m [1;30mLevel 1[0m _identify(src/assistive_navigation_core) by extension 'ignore'
[0.170s] [34mcolcon.colcon_core.package_identification[0m [1;30mLevel 1[0m _identify(src/assistive_navigation_core) by extension 'ignore_ament_install'
[0.170s] [34mcolcon.colcon_core.package_identification[0m [1;30mLevel 1[0m _identify(src/assistive_navigation_core) by extensions ['colcon_pkg']
[0.171s] [34mcolcon.colcon_core.package_identification[0m [1;30mLevel 1[0m _identify(src/assistive_navigation_core) by extension 'colcon_pkg'
[0.171s] [34mcolcon.colcon_core.package_identification[0m [1;30mLevel 1[0m _identify(src/assistive_navigation_core) by extensions ['colcon_meta']
[0.171s] [34mcolcon.colcon_core.package_identification[0m [1;30mLevel 1[0m _identify(src/assistive_navigation_core) by extension 'colcon_meta'
[0.171s] [34mcolcon.colcon_core.package_identification[0m [1;30mLevel 1[0m _identify(src/assistive_navigation_core) by extensions ['ros']
[0.171s] [34mcolcon.colcon_core.package_identification[0m [1;30mLevel 1[0m _identify(src/assistive_navigation_core) by extension 'ros'
[0.172s] [34mcolcon.colcon_core.package_identification[0m [1;30mDEBUG[0m [32mPackage 'src/assistive_navigation_core' with type 'ros.ament_python' and name 'assistive_navigation_core'[0m
[0.172s] [34mcolcon.colcon_core.package_identification[0m [1;30mLevel 1[0m _identify(src/gps_navigation_system) by extensions ['ignore', 'ignore_ament_install']
[0.172s] [34mcolcon.colcon_core.package_identification[0m [1;30mLevel 1[0m _identify(src/gps_navigation_system) by extension 'ignore'
[0.172s] [34mcolcon.colcon_core.package_identification[0m [1;30mLevel 1[0m _identify(src/gps_navigation_system) by extension 'ignore_ament_install'
[0.172s] [34mcolcon.colcon_core.package_identification[0m [1;30mLevel 1[0m _identify(src/gps_navigation_system) by extensions ['colcon_pkg']
[0.172s] [34mcolcon.colcon_core.package_identification[0m [1;30mLevel 1[0m _identify(src/gps_navigation_system) by extension 'colcon_pkg'
[0.172s] [34mcolcon.colcon_core.package_identification[0m [1;30mLevel 1[0m _identify(src/gps_navigation_system) by extensions ['colcon_meta']
[0.172s] [34mcolcon.colcon_core.package_identification[0m [1;30mLevel 1[0m _identify(src/gps_navigation_system) by extension 'colcon_meta'
[0.172s] [34mcolcon.colcon_core.package_identification[0m [1;30mLevel 1[0m _identify(src/gps_navigation_system) by extensions ['ros']
[0.172s] [34mcolcon.colcon_core.package_identification[0m [1;30mLevel 1[0m _identify(src/gps_navigation_system) by extension 'ros'
[0.173s] [34mcolcon.colcon_core.package_identification[0m [1;30mDEBUG[0m [32mPackage 'src/gps_navigation_system' with type 'ros.ament_python' and name 'gps_navigation_system'[0m
[0.173s] [34mcolcon.colcon_core.package_identification[0m [1;30mLevel 1[0m _identify(src/isaac_ros_benchmark) by extensions ['ignore', 'ignore_ament_install']
[0.173s] [34mcolcon.colcon_core.package_identification[0m [1;30mLevel 1[0m _identify(src/isaac_ros_benchmark) by extension 'ignore'
[0.173s] [34mcolcon.colcon_core.package_identification[0m [1;30mLevel 1[0m _identify(src/isaac_ros_benchmark) by extension 'ignore_ament_install'
[0.173s] [34mcolcon.colcon_core.package_identification[0m [1;30mLevel 1[0m _identify(src/isaac_ros_benchmark) by extensions ['colcon_pkg']
[0.173s] [34mcolcon.colcon_core.package_identification[0m [1;30mLevel 1[0m _identify(src/isaac_ros_benchmark) by extension 'colcon_pkg'
[0.173s] [34mcolcon.colcon_core.package_identification[0m [1;30mLevel 1[0m _identify(src/isaac_ros_benchmark) by extensions ['colcon_meta']
[0.173s] [34mcolcon.colcon_core.package_identification[0m [1;30mLevel 1[0m _identify(src/isaac_ros_benchmark) by extension 'colcon_meta'
[0.173s] [34mcolcon.colcon_core.package_identification[0m [1;30mLevel 1[0m _identify(src/isaac_ros_benchmark) by extensions ['ros']
[0.173s] [34mcolcon.colcon_core.package_identification[0m [1;30mLevel 1[0m _identify(src/isaac_ros_benchmark) by extension 'ros'
[0.173s] [34mcolcon.colcon_core.package_identification[0m [1;30mLevel 1[0m _identify(src/isaac_ros_benchmark) by extensions ['cmake', 'python']
[0.173s] [34mcolcon.colcon_core.package_identification[0m [1;30mLevel 1[0m _identify(src/isaac_ros_benchmark) by extension 'cmake'
[0.173s] [34mcolcon.colcon_core.package_identification[0m [1;30mLevel 1[0m _identify(src/isaac_ros_benchmark) by extension 'python'
[0.173s] [34mcolcon.colcon_core.package_identification[0m [1;30mLevel 1[0m _identify(src/isaac_ros_benchmark) by extensions ['python_setup_py']
[0.173s] [34mcolcon.colcon_core.package_identification[0m [1;30mLevel 1[0m _identify(src/isaac_ros_benchmark) by extension 'python_setup_py'
[0.173s] [34mcolcon.colcon_core.package_identification[0m [1;30mLevel 1[0m _identify(src/isaac_ros_benchmark/benchmarks) by extensions ['ignore', 'ignore_ament_install']
[0.173s] [34mcolcon.colcon_core.package_identification[0m [1;30mLevel 1[0m _identify(src/isaac_ros_benchmark/benchmarks) by extension 'ignore'
[0.173s] [34mcolcon.colcon_core.package_identification[0m [1;30mLevel 1[0m _identify(src/isaac_ros_benchmark/benchmarks) by extension 'ignore_ament_install'
[0.173s] [34mcolcon.colcon_core.package_identification[0m [1;30mLevel 1[0m _identify(src/isaac_ros_benchmark/benchmarks) by extensions ['colcon_pkg']
[0.173s] [34mcolcon.colcon_core.package_identification[0m [1;30mLevel 1[0m _identify(src/isaac_ros_benchmark/benchmarks) by extension 'colcon_pkg'
[0.173s] [34mcolcon.colcon_core.package_identification[0m [1;30mLevel 1[0m _identify(src/isaac_ros_benchmark/benchmarks) by extensions ['colcon_meta']
[0.173s] [34mcolcon.colcon_core.package_identification[0m [1;30mLevel 1[0m _identify(src/isaac_ros_benchmark/benchmarks) by extension 'colcon_meta'
[0.173s] [34mcolcon.colcon_core.package_identification[0m [1;30mLevel 1[0m _identify(src/isaac_ros_benchmark/benchmarks) by extensions ['ros']
[0.173s] [34mcolcon.colcon_core.package_identification[0m [1;30mLevel 1[0m _identify(src/isaac_ros_benchmark/benchmarks) by extension 'ros'
[0.173s] [34mcolcon.colcon_core.package_identification[0m [1;30mLevel 1[0m _identify(src/isaac_ros_benchmark/benchmarks) by extensions ['cmake', 'python']
[0.173s] [34mcolcon.colcon_core.package_identification[0m [1;30mLevel 1[0m _identify(src/isaac_ros_benchmark/benchmarks) by extension 'cmake'
[0.173s] [34mcolcon.colcon_core.package_identification[0m [1;30mLevel 1[0m _identify(src/isaac_ros_benchmark/benchmarks) by extension 'python'
[0.173s] [34mcolcon.colcon_core.package_identification[0m [1;30mLevel 1[0m _identify(src/isaac_ros_benchmark/benchmarks) by extensions ['python_setup_py']
[0.173s] [34mcolcon.colcon_core.package_identification[0m [1;30mLevel 1[0m _identify(src/isaac_ros_benchmark/benchmarks) by extension 'python_setup_py'
[0.173s] [34mcolcon.colcon_core.package_identification[0m [1;30mLevel 1[0m _identify(src/isaac_ros_benchmark/benchmarks/isaac_ros_apriltag_benchmark) by extensions ['ignore', 'ignore_ament_install']
[0.173s] [34mcolcon.colcon_core.package_identification[0m [1;30mLevel 1[0m _identify(src/isaac_ros_benchmark/benchmarks/isaac_ros_apriltag_benchmark) by extension 'ignore'
[0.173s] [34mcolcon.colcon_core.package_identification[0m [1;30mLevel 1[0m _identify(src/isaac_ros_benchmark/benchmarks/isaac_ros_apriltag_benchmark) by extension 'ignore_ament_install'
[0.173s] [34mcolcon.colcon_core.package_identification[0m [1;30mLevel 1[0m _identify(src/isaac_ros_benchmark/benchmarks/isaac_ros_apriltag_benchmark) by extensions ['colcon_pkg']
[0.173s] [34mcolcon.colcon_core.package_identification[0m [1;30mLevel 1[0m _identify(src/isaac_ros_benchmark/benchmarks/isaac_ros_apriltag_benchmark) by extension 'colcon_pkg'
[0.173s] [34mcolcon.colcon_core.package_identification[0m [1;30mLevel 1[0m _identify(src/isaac_ros_benchmark/benchmarks/isaac_ros_apriltag_benchmark) by extensions ['colcon_meta']
[0.173s] [34mcolcon.colcon_core.package_identification[0m [1;30mLevel 1[0m _identify(src/isaac_ros_benchmark/benchmarks/isaac_ros_apriltag_benchmark) by extension 'colcon_meta'
[0.173s] [34mcolcon.colcon_core.package_identification[0m [1;30mLevel 1[0m _identify(src/isaac_ros_benchmark/benchmarks/isaac_ros_apriltag_benchmark) by extensions ['ros']
[0.173s] [34mcolcon.colcon_core.package_identification[0m [1;30mLevel 1[0m _identify(src/isaac_ros_benchmark/benchmarks/isaac_ros_apriltag_benchmark) by extension 'ros'
[0.174s] [34mcolcon.colcon_core.package_identification[0m [1;30mDEBUG[0m [32mPackage 'src/isaac_ros_benchmark/benchmarks/isaac_ros_apriltag_benchmark' with type 'ros.ament_cmake' and name 'isaac_ros_apriltag_benchmark'[0m
[0.174s] [34mcolcon.colcon_core.package_identification[0m [1;30mLevel 1[0m _identify(src/isaac_ros_benchmark/benchmarks/isaac_ros_argus_camera_benchmark) by extensions ['ignore', 'ignore_ament_install']
[0.174s] [34mcolcon.colcon_core.package_identification[0m [1;30mLevel 1[0m _identify(src/isaac_ros_benchmark/benchmarks/isaac_ros_argus_camera_benchmark) by extension 'ignore'
[0.174s] [34mcolcon.colcon_core.package_identification[0m [1;30mLevel 1[0m _identify(src/isaac_ros_benchmark/benchmarks/isaac_ros_argus_camera_benchmark) by extension 'ignore_ament_install'
[0.174s] [34mcolcon.colcon_core.package_identification[0m [1;30mLevel 1[0m _identify(src/isaac_ros_benchmark/benchmarks/isaac_ros_argus_camera_benchmark) by extensions ['colcon_pkg']
[0.174s] [34mcolcon.colcon_core.package_identification[0m [1;30mLevel 1[0m _identify(src/isaac_ros_benchmark/benchmarks/isaac_ros_argus_camera_benchmark) by extension 'colcon_pkg'
[0.174s] [34mcolcon.colcon_core.package_identification[0m [1;30mLevel 1[0m _identify(src/isaac_ros_benchmark/benchmarks/isaac_ros_argus_camera_benchmark) by extensions ['colcon_meta']
[0.174s] [34mcolcon.colcon_core.package_identification[0m [1;30mLevel 1[0m _identify(src/isaac_ros_benchmark/benchmarks/isaac_ros_argus_camera_benchmark) by extension 'colcon_meta'
[0.174s] [34mcolcon.colcon_core.package_identification[0m [1;30mLevel 1[0m _identify(src/isaac_ros_benchmark/benchmarks/isaac_ros_argus_camera_benchmark) by extensions ['ros']
[0.174s] [34mcolcon.colcon_core.package_identification[0m [1;30mLevel 1[0m _identify(src/isaac_ros_benchmark/benchmarks/isaac_ros_argus_camera_benchmark) by extension 'ros'
[0.175s] [34mcolcon.colcon_core.package_identification[0m [1;30mDEBUG[0m [32mPackage 'src/isaac_ros_benchmark/benchmarks/isaac_ros_argus_camera_benchmark' with type 'ros.ament_cmake' and name 'isaac_ros_argus_camera_benchmark'[0m
[0.175s] [34mcolcon.colcon_core.package_identification[0m [1;30mLevel 1[0m _identify(src/isaac_ros_benchmark/benchmarks/isaac_ros_bi3d_benchmark) by extensions ['ignore', 'ignore_ament_install']
[0.175s] [34mcolcon.colcon_core.package_identification[0m [1;30mLevel 1[0m _identify(src/isaac_ros_benchmark/benchmarks/isaac_ros_bi3d_benchmark) by extension 'ignore'
[0.175s] [34mcolcon.colcon_core.package_identification[0m [1;30mLevel 1[0m _identify(src/isaac_ros_benchmark/benchmarks/isaac_ros_bi3d_benchmark) by extension 'ignore_ament_install'
[0.175s] [34mcolcon.colcon_core.package_identification[0m [1;30mLevel 1[0m _identify(src/isaac_ros_benchmark/benchmarks/isaac_ros_bi3d_benchmark) by extensions ['colcon_pkg']
[0.175s] [34mcolcon.colcon_core.package_identification[0m [1;30mLevel 1[0m _identify(src/isaac_ros_benchmark/benchmarks/isaac_ros_bi3d_benchmark) by extension 'colcon_pkg'
[0.175s] [34mcolcon.colcon_core.package_identification[0m [1;30mLevel 1[0m _identify(src/isaac_ros_benchmark/benchmarks/isaac_ros_bi3d_benchmark) by extensions ['colcon_meta']
[0.175s] [34mcolcon.colcon_core.package_identification[0m [1;30mLevel 1[0m _identify(src/isaac_ros_benchmark/benchmarks/isaac_ros_bi3d_benchmark) by extension 'colcon_meta'
[0.175s] [34mcolcon.colcon_core.package_identification[0m [1;30mLevel 1[0m _identify(src/isaac_ros_benchmark/benchmarks/isaac_ros_bi3d_benchmark) by extensions ['ros']
[0.175s] [34mcolcon.colcon_core.package_identification[0m [1;30mLevel 1[0m _identify(src/isaac_ros_benchmark/benchmarks/isaac_ros_bi3d_benchmark) by extension 'ros'
[0.176s] [34mcolcon.colcon_core.package_identification[0m [1;30mDEBUG[0m [32mPackage 'src/isaac_ros_benchmark/benchmarks/isaac_ros_bi3d_benchmark' with type 'ros.ament_cmake' and name 'isaac_ros_bi3d_benchmark'[0m
[0.176s] [34mcolcon.colcon_core.package_identification[0m [1;30mLevel 1[0m _identify(src/isaac_ros_benchmark/benchmarks/isaac_ros_bi3d_freespace_benchmark) by extensions ['ignore', 'ignore_ament_install']
[0.176s] [34mcolcon.colcon_core.package_identification[0m [1;30mLevel 1[0m _identify(src/isaac_ros_benchmark/benchmarks/isaac_ros_bi3d_freespace_benchmark) by extension 'ignore'
[0.176s] [34mcolcon.colcon_core.package_identification[0m [1;30mLevel 1[0m _identify(src/isaac_ros_benchmark/benchmarks/isaac_ros_bi3d_freespace_benchmark) by extension 'ignore_ament_install'
[0.176s] [34mcolcon.colcon_core.package_identification[0m [1;30mLevel 1[0m _identify(src/isaac_ros_benchmark/benchmarks/isaac_ros_bi3d_freespace_benchmark) by extensions ['colcon_pkg']
[0.176s] [34mcolcon.colcon_core.package_identification[0m [1;30mLevel 1[0m _identify(src/isaac_ros_benchmark/benchmarks/isaac_ros_bi3d_freespace_benchmark) by extension 'colcon_pkg'
[0.176s] [34mcolcon.colcon_core.package_identification[0m [1;30mLevel 1[0m _identify(src/isaac_ros_benchmark/benchmarks/isaac_ros_bi3d_freespace_benchmark) by extensions ['colcon_meta']
[0.176s] [34mcolcon.colcon_core.package_identification[0m [1;30mLevel 1[0m _identify(src/isaac_ros_benchmark/benchmarks/isaac_ros_bi3d_freespace_benchmark) by extension 'colcon_meta'
[0.176s] [34mcolcon.colcon_core.package_identification[0m [1;30mLevel 1[0m _identify(src/isaac_ros_benchmark/benchmarks/isaac_ros_bi3d_freespace_benchmark) by extensions ['ros']
[0.176s] [34mcolcon.colcon_core.package_identification[0m [1;30mLevel 1[0m _identify(src/isaac_ros_benchmark/benchmarks/isaac_ros_bi3d_freespace_benchmark) by extension 'ros'
[0.177s] [34mcolcon.colcon_core.package_identification[0m [1;30mDEBUG[0m [32mPackage 'src/isaac_ros_benchmark/benchmarks/isaac_ros_bi3d_freespace_benchmark' with type 'ros.ament_cmake' and name 'isaac_ros_bi3d_freespace_benchmark'[0m
[0.177s] [34mcolcon.colcon_core.package_identification[0m [1;30mLevel 1[0m _identify(src/isaac_ros_benchmark/benchmarks/isaac_ros_centerpose_benchmark) by extensions ['ignore', 'ignore_ament_install']
[0.177s] [34mcolcon.colcon_core.package_identification[0m [1;30mLevel 1[0m _identify(src/isaac_ros_benchmark/benchmarks/isaac_ros_centerpose_benchmark) by extension 'ignore'
[0.177s] [34mcolcon.colcon_core.package_identification[0m [1;30mLevel 1[0m _identify(src/isaac_ros_benchmark/benchmarks/isaac_ros_centerpose_benchmark) by extension 'ignore_ament_install'
[0.177s] [34mcolcon.colcon_core.package_identification[0m [1;30mLevel 1[0m _identify(src/isaac_ros_benchmark/benchmarks/isaac_ros_centerpose_benchmark) by extensions ['colcon_pkg']
[0.177s] [34mcolcon.colcon_core.package_identification[0m [1;30mLevel 1[0m _identify(src/isaac_ros_benchmark/benchmarks/isaac_ros_centerpose_benchmark) by extension 'colcon_pkg'
[0.177s] [34mcolcon.colcon_core.package_identification[0m [1;30mLevel 1[0m _identify(src/isaac_ros_benchmark/benchmarks/isaac_ros_centerpose_benchmark) by extensions ['colcon_meta']
[0.177s] [34mcolcon.colcon_core.package_identification[0m [1;30mLevel 1[0m _identify(src/isaac_ros_benchmark/benchmarks/isaac_ros_centerpose_benchmark) by extension 'colcon_meta'
[0.177s] [34mcolcon.colcon_core.package_identification[0m [1;30mLevel 1[0m _identify(src/isaac_ros_benchmark/benchmarks/isaac_ros_centerpose_benchmark) by extensions ['ros']
[0.177s] [34mcolcon.colcon_core.package_identification[0m [1;30mLevel 1[0m _identify(src/isaac_ros_benchmark/benchmarks/isaac_ros_centerpose_benchmark) by extension 'ros'
[0.177s] [34mcolcon.colcon_core.package_identification[0m [1;30mDEBUG[0m [32mPackage 'src/isaac_ros_benchmark/benchmarks/isaac_ros_centerpose_benchmark' with type 'ros.ament_cmake' and name 'isaac_ros_centerpose_benchmark'[0m
[0.177s] [34mcolcon.colcon_core.package_identification[0m [1;30mLevel 1[0m _identify(src/isaac_ros_benchmark/benchmarks/isaac_ros_data_recorder_nova_benchmark) by extensions ['ignore', 'ignore_ament_install']
[0.177s] [34mcolcon.colcon_core.package_identification[0m [1;30mLevel 1[0m _identify(src/isaac_ros_benchmark/benchmarks/isaac_ros_data_recorder_nova_benchmark) by extension 'ignore'
[0.178s] [34mcolcon.colcon_core.package_identification[0m [1;30mLevel 1[0m _identify(src/isaac_ros_benchmark/benchmarks/isaac_ros_data_recorder_nova_benchmark) by extension 'ignore_ament_install'
[0.178s] [34mcolcon.colcon_core.package_identification[0m [1;30mLevel 1[0m _identify(src/isaac_ros_benchmark/benchmarks/isaac_ros_data_recorder_nova_benchmark) by extensions ['colcon_pkg']
[0.178s] [34mcolcon.colcon_core.package_identification[0m [1;30mLevel 1[0m _identify(src/isaac_ros_benchmark/benchmarks/isaac_ros_data_recorder_nova_benchmark) by extension 'colcon_pkg'
[0.178s] [34mcolcon.colcon_core.package_identification[0m [1;30mLevel 1[0m _identify(src/isaac_ros_benchmark/benchmarks/isaac_ros_data_recorder_nova_benchmark) by extensions ['colcon_meta']
[0.178s] [34mcolcon.colcon_core.package_identification[0m [1;30mLevel 1[0m _identify(src/isaac_ros_benchmark/benchmarks/isaac_ros_data_recorder_nova_benchmark) by extension 'colcon_meta'
[0.178s] [34mcolcon.colcon_core.package_identification[0m [1;30mLevel 1[0m _identify(src/isaac_ros_benchmark/benchmarks/isaac_ros_data_recorder_nova_benchmark) by extensions ['ros']
[0.178s] [34mcolcon.colcon_core.package_identification[0m [1;30mLevel 1[0m _identify(src/isaac_ros_benchmark/benchmarks/isaac_ros_data_recorder_nova_benchmark) by extension 'ros'
[0.178s] [34mcolcon.colcon_core.package_identification[0m [1;30mDEBUG[0m [32mPackage 'src/isaac_ros_benchmark/benchmarks/isaac_ros_data_recorder_nova_benchmark' with type 'ros.ament_cmake' and name 'isaac_ros_data_recorder_nova_benchmark'[0m
[0.178s] [34mcolcon.colcon_core.package_identification[0m [1;30mLevel 1[0m _identify(src/isaac_ros_benchmark/benchmarks/isaac_ros_detectnet_benchmark) by extensions ['ignore', 'ignore_ament_install']
[0.178s] [34mcolcon.colcon_core.package_identification[0m [1;30mLevel 1[0m _identify(src/isaac_ros_benchmark/benchmarks/isaac_ros_detectnet_benchmark) by extension 'ignore'
[0.178s] [34mcolcon.colcon_core.package_identification[0m [1;30mLevel 1[0m _identify(src/isaac_ros_benchmark/benchmarks/isaac_ros_detectnet_benchmark) by extension 'ignore_ament_install'
[0.178s] [34mcolcon.colcon_core.package_identification[0m [1;30mLevel 1[0m _identify(src/isaac_ros_benchmark/benchmarks/isaac_ros_detectnet_benchmark) by extensions ['colcon_pkg']
[0.178s] [34mcolcon.colcon_core.package_identification[0m [1;30mLevel 1[0m _identify(src/isaac_ros_benchmark/benchmarks/isaac_ros_detectnet_benchmark) by extension 'colcon_pkg'
[0.178s] [34mcolcon.colcon_core.package_identification[0m [1;30mLevel 1[0m _identify(src/isaac_ros_benchmark/benchmarks/isaac_ros_detectnet_benchmark) by extensions ['colcon_meta']
[0.178s] [34mcolcon.colcon_core.package_identification[0m [1;30mLevel 1[0m _identify(src/isaac_ros_benchmark/benchmarks/isaac_ros_detectnet_benchmark) by extension 'colcon_meta'
[0.178s] [34mcolcon.colcon_core.package_identification[0m [1;30mLevel 1[0m _identify(src/isaac_ros_benchmark/benchmarks/isaac_ros_detectnet_benchmark) by extensions ['ros']
[0.178s] [34mcolcon.colcon_core.package_identification[0m [1;30mLevel 1[0m _identify(src/isaac_ros_benchmark/benchmarks/isaac_ros_detectnet_benchmark) by extension 'ros'
[0.179s] [34mcolcon.colcon_core.package_identification[0m [1;30mDEBUG[0m [32mPackage 'src/isaac_ros_benchmark/benchmarks/isaac_ros_detectnet_benchmark' with type 'ros.ament_cmake' and name 'isaac_ros_detectnet_benchmark'[0m
[0.179s] [34mcolcon.colcon_core.package_identification[0m [1;30mLevel 1[0m _identify(src/isaac_ros_benchmark/benchmarks/isaac_ros_dnn_image_encoder_benchmark) by extensions ['ignore', 'ignore_ament_install']
[0.179s] [34mcolcon.colcon_core.package_identification[0m [1;30mLevel 1[0m _identify(src/isaac_ros_benchmark/benchmarks/isaac_ros_dnn_image_encoder_benchmark) by extension 'ignore'
[0.179s] [34mcolcon.colcon_core.package_identification[0m [1;30mLevel 1[0m _identify(src/isaac_ros_benchmark/benchmarks/isaac_ros_dnn_image_encoder_benchmark) by extension 'ignore_ament_install'
[0.179s] [34mcolcon.colcon_core.package_identification[0m [1;30mLevel 1[0m _identify(src/isaac_ros_benchmark/benchmarks/isaac_ros_dnn_image_encoder_benchmark) by extensions ['colcon_pkg']
[0.179s] [34mcolcon.colcon_core.package_identification[0m [1;30mLevel 1[0m _identify(src/isaac_ros_benchmark/benchmarks/isaac_ros_dnn_image_encoder_benchmark) by extension 'colcon_pkg'
[0.179s] [34mcolcon.colcon_core.package_identification[0m [1;30mLevel 1[0m _identify(src/isaac_ros_benchmark/benchmarks/isaac_ros_dnn_image_encoder_benchmark) by extensions ['colcon_meta']
[0.179s] [34mcolcon.colcon_core.package_identification[0m [1;30mLevel 1[0m _identify(src/isaac_ros_benchmark/benchmarks/isaac_ros_dnn_image_encoder_benchmark) by extension 'colcon_meta'
[0.179s] [34mcolcon.colcon_core.package_identification[0m [1;30mLevel 1[0m _identify(src/isaac_ros_benchmark/benchmarks/isaac_ros_dnn_image_encoder_benchmark) by extensions ['ros']
[0.179s] [34mcolcon.colcon_core.package_identification[0m [1;30mLevel 1[0m _identify(src/isaac_ros_benchmark/benchmarks/isaac_ros_dnn_image_encoder_benchmark) by extension 'ros'
[0.186s] [34mcolcon.colcon_core.package_identification[0m [1;30mDEBUG[0m [32mPackage 'src/isaac_ros_benchmark/benchmarks/isaac_ros_dnn_image_encoder_benchmark' with type 'ros.ament_cmake' and name 'isaac_ros_dnn_image_encoder_benchmark'[0m
[0.186s] [34mcolcon.colcon_core.package_identification[0m [1;30mLevel 1[0m _identify(src/isaac_ros_benchmark/benchmarks/isaac_ros_dope_benchmark) by extensions ['ignore', 'ignore_ament_install']
[0.186s] [34mcolcon.colcon_core.package_identification[0m [1;30mLevel 1[0m _identify(src/isaac_ros_benchmark/benchmarks/isaac_ros_dope_benchmark) by extension 'ignore'
[0.186s] [34mcolcon.colcon_core.package_identification[0m [1;30mLevel 1[0m _identify(src/isaac_ros_benchmark/benchmarks/isaac_ros_dope_benchmark) by extension 'ignore_ament_install'
[0.186s] [34mcolcon.colcon_core.package_identification[0m [1;30mLevel 1[0m _identify(src/isaac_ros_benchmark/benchmarks/isaac_ros_dope_benchmark) by extensions ['colcon_pkg']
[0.186s] [34mcolcon.colcon_core.package_identification[0m [1;30mLevel 1[0m _identify(src/isaac_ros_benchmark/benchmarks/isaac_ros_dope_benchmark) by extension 'colcon_pkg'
[0.186s] [34mcolcon.colcon_core.package_identification[0m [1;30mLevel 1[0m _identify(src/isaac_ros_benchmark/benchmarks/isaac_ros_dope_benchmark) by extensions ['colcon_meta']
[0.186s] [34mcolcon.colcon_core.package_identification[0m [1;30mLevel 1[0m _identify(src/isaac_ros_benchmark/benchmarks/isaac_ros_dope_benchmark) by extension 'colcon_meta'
[0.186s] [34mcolcon.colcon_core.package_identification[0m [1;30mLevel 1[0m _identify(src/isaac_ros_benchmark/benchmarks/isaac_ros_dope_benchmark) by extensions ['ros']
[0.186s] [34mcolcon.colcon_core.package_identification[0m [1;30mLevel 1[0m _identify(src/isaac_ros_benchmark/benchmarks/isaac_ros_dope_benchmark) by extension 'ros'
[0.187s] [34mcolcon.colcon_core.package_identification[0m [1;30mDEBUG[0m [32mPackage 'src/isaac_ros_benchmark/benchmarks/isaac_ros_dope_benchmark' with type 'ros.ament_cmake' and name 'isaac_ros_dope_benchmark'[0m
[0.187s] [34mcolcon.colcon_core.package_identification[0m [1;30mLevel 1[0m _identify(src/isaac_ros_benchmark/benchmarks/isaac_ros_ess_benchmark) by extensions ['ignore', 'ignore_ament_install']
[0.187s] [34mcolcon.colcon_core.package_identification[0m [1;30mLevel 1[0m _identify(src/isaac_ros_benchmark/benchmarks/isaac_ros_ess_benchmark) by extension 'ignore'
[0.187s] [34mcolcon.colcon_core.package_identification[0m [1;30mLevel 1[0m _identify(src/isaac_ros_benchmark/benchmarks/isaac_ros_ess_benchmark) by extension 'ignore_ament_install'
[0.187s] [34mcolcon.colcon_core.package_identification[0m [1;30mLevel 1[0m _identify(src/isaac_ros_benchmark/benchmarks/isaac_ros_ess_benchmark) by extensions ['colcon_pkg']
[0.187s] [34mcolcon.colcon_core.package_identification[0m [1;30mLevel 1[0m _identify(src/isaac_ros_benchmark/benchmarks/isaac_ros_ess_benchmark) by extension 'colcon_pkg'
[0.187s] [34mcolcon.colcon_core.package_identification[0m [1;30mLevel 1[0m _identify(src/isaac_ros_benchmark/benchmarks/isaac_ros_ess_benchmark) by extensions ['colcon_meta']
[0.187s] [34mcolcon.colcon_core.package_identification[0m [1;30mLevel 1[0m _identify(src/isaac_ros_benchmark/benchmarks/isaac_ros_ess_benchmark) by extension 'colcon_meta'
[0.187s] [34mcolcon.colcon_core.package_identification[0m [1;30mLevel 1[0m _identify(src/isaac_ros_benchmark/benchmarks/isaac_ros_ess_benchmark) by extensions ['ros']
[0.187s] [34mcolcon.colcon_core.package_identification[0m [1;30mLevel 1[0m _identify(src/isaac_ros_benchmark/benchmarks/isaac_ros_ess_benchmark) by extension 'ros'
[0.187s] [34mcolcon.colcon_core.package_identification[0m [1;30mDEBUG[0m [32mPackage 'src/isaac_ros_benchmark/benchmarks/isaac_ros_ess_benchmark' with type 'ros.ament_cmake' and name 'isaac_ros_ess_benchmark'[0m
[0.187s] [34mcolcon.colcon_core.package_identification[0m [1;30mLevel 1[0m _identify(src/isaac_ros_benchmark/benchmarks/isaac_ros_ess_nova_benchmark) by extensions ['ignore', 'ignore_ament_install']
[0.187s] [34mcolcon.colcon_core.package_identification[0m [1;30mLevel 1[0m _identify(src/isaac_ros_benchmark/benchmarks/isaac_ros_ess_nova_benchmark) by extension 'ignore'
[0.188s] [34mcolcon.colcon_core.package_identification[0m [1;30mLevel 1[0m _identify(src/isaac_ros_benchmark/benchmarks/isaac_ros_ess_nova_benchmark) by extension 'ignore_ament_install'
[0.188s] [34mcolcon.colcon_core.package_identification[0m [1;30mLevel 1[0m _identify(src/isaac_ros_benchmark/benchmarks/isaac_ros_ess_nova_benchmark) by extensions ['colcon_pkg']
[0.188s] [34mcolcon.colcon_core.package_identification[0m [1;30mLevel 1[0m _identify(src/isaac_ros_benchmark/benchmarks/isaac_ros_ess_nova_benchmark) by extension 'colcon_pkg'
[0.188s] [34mcolcon.colcon_core.package_identification[0m [1;30mLevel 1[0m _identify(src/isaac_ros_benchmark/benchmarks/isaac_ros_ess_nova_benchmark) by extensions ['colcon_meta']
[0.188s] [34mcolcon.colcon_core.package_identification[0m [1;30mLevel 1[0m _identify(src/isaac_ros_benchmark/benchmarks/isaac_ros_ess_nova_benchmark) by extension 'colcon_meta'
[0.188s] [34mcolcon.colcon_core.package_identification[0m [1;30mLevel 1[0m _identify(src/isaac_ros_benchmark/benchmarks/isaac_ros_ess_nova_benchmark) by extensions ['ros']
[0.188s] [34mcolcon.colcon_core.package_identification[0m [1;30mLevel 1[0m _identify(src/isaac_ros_benchmark/benchmarks/isaac_ros_ess_nova_benchmark) by extension 'ros'
[0.188s] [34mcolcon.colcon_core.package_identification[0m [1;30mDEBUG[0m [32mPackage 'src/isaac_ros_benchmark/benchmarks/isaac_ros_ess_nova_benchmark' with type 'ros.ament_cmake' and name 'isaac_ros_ess_nova_benchmark'[0m
[0.188s] [34mcolcon.colcon_core.package_identification[0m [1;30mLevel 1[0m _identify(src/isaac_ros_benchmark/benchmarks/isaac_ros_foundationpose_benchmark) by extensions ['ignore', 'ignore_ament_install']
[0.188s] [34mcolcon.colcon_core.package_identification[0m [1;30mLevel 1[0m _identify(src/isaac_ros_benchmark/benchmarks/isaac_ros_foundationpose_benchmark) by extension 'ignore'
[0.188s] [34mcolcon.colcon_core.package_identification[0m [1;30mLevel 1[0m _identify(src/isaac_ros_benchmark/benchmarks/isaac_ros_foundationpose_benchmark) by extension 'ignore_ament_install'
[0.188s] [34mcolcon.colcon_core.package_identification[0m [1;30mLevel 1[0m _identify(src/isaac_ros_benchmark/benchmarks/isaac_ros_foundationpose_benchmark) by extensions ['colcon_pkg']
[0.188s] [34mcolcon.colcon_core.package_identification[0m [1;30mLevel 1[0m _identify(src/isaac_ros_benchmark/benchmarks/isaac_ros_foundationpose_benchmark) by extension 'colcon_pkg'
[0.189s] [34mcolcon.colcon_core.package_identification[0m [1;30mLevel 1[0m _identify(src/isaac_ros_benchmark/benchmarks/isaac_ros_foundationpose_benchmark) by extensions ['colcon_meta']
[0.189s] [34mcolcon.colcon_core.package_identification[0m [1;30mLevel 1[0m _identify(src/isaac_ros_benchmark/benchmarks/isaac_ros_foundationpose_benchmark) by extension 'colcon_meta'
[0.189s] [34mcolcon.colcon_core.package_identification[0m [1;30mLevel 1[0m _identify(src/isaac_ros_benchmark/benchmarks/isaac_ros_foundationpose_benchmark) by extensions ['ros']
[0.189s] [34mcolcon.colcon_core.package_identification[0m [1;30mLevel 1[0m _identify(src/isaac_ros_benchmark/benchmarks/isaac_ros_foundationpose_benchmark) by extension 'ros'
[0.189s] [34mcolcon.colcon_core.package_identification[0m [1;30mDEBUG[0m [32mPackage 'src/isaac_ros_benchmark/benchmarks/isaac_ros_foundationpose_benchmark' with type 'ros.ament_cmake' and name 'isaac_ros_foundationpose_benchmark'[0m
[0.189s] [34mcolcon.colcon_core.package_identification[0m [1;30mLevel 1[0m _identify(src/isaac_ros_benchmark/benchmarks/isaac_ros_h264_decoder_benchmark) by extensions ['ignore', 'ignore_ament_install']
[0.189s] [34mcolcon.colcon_core.package_identification[0m [1;30mLevel 1[0m _identify(src/isaac_ros_benchmark/benchmarks/isaac_ros_h264_decoder_benchmark) by extension 'ignore'
[0.189s] [34mcolcon.colcon_core.package_identification[0m [1;30mLevel 1[0m _identify(src/isaac_ros_benchmark/benchmarks/isaac_ros_h264_decoder_benchmark) by extension 'ignore_ament_install'
[0.189s] [34mcolcon.colcon_core.package_identification[0m [1;30mLevel 1[0m _identify(src/isaac_ros_benchmark/benchmarks/isaac_ros_h264_decoder_benchmark) by extensions ['colcon_pkg']
[0.189s] [34mcolcon.colcon_core.package_identification[0m [1;30mLevel 1[0m _identify(src/isaac_ros_benchmark/benchmarks/isaac_ros_h264_decoder_benchmark) by extension 'colcon_pkg'
[0.189s] [34mcolcon.colcon_core.package_identification[0m [1;30mLevel 1[0m _identify(src/isaac_ros_benchmark/benchmarks/isaac_ros_h264_decoder_benchmark) by extensions ['colcon_meta']
[0.189s] [34mcolcon.colcon_core.package_identification[0m [1;30mLevel 1[0m _identify(src/isaac_ros_benchmark/benchmarks/isaac_ros_h264_decoder_benchmark) by extension 'colcon_meta'
[0.189s] [34mcolcon.colcon_core.package_identification[0m [1;30mLevel 1[0m _identify(src/isaac_ros_benchmark/benchmarks/isaac_ros_h264_decoder_benchmark) by extensions ['ros']
[0.189s] [34mcolcon.colcon_core.package_identification[0m [1;30mLevel 1[0m _identify(src/isaac_ros_benchmark/benchmarks/isaac_ros_h264_decoder_benchmark) by extension 'ros'
[0.190s] [34mcolcon.colcon_core.package_identification[0m [1;30mDEBUG[0m [32mPackage 'src/isaac_ros_benchmark/benchmarks/isaac_ros_h264_decoder_benchmark' with type 'ros.ament_cmake' and name 'isaac_ros_h264_decoder_benchmark'[0m
[0.190s] [34mcolcon.colcon_core.package_identification[0m [1;30mLevel 1[0m _identify(src/isaac_ros_benchmark/benchmarks/isaac_ros_h264_encoder_benchmark) by extensions ['ignore', 'ignore_ament_install']
[0.190s] [34mcolcon.colcon_core.package_identification[0m [1;30mLevel 1[0m _identify(src/isaac_ros_benchmark/benchmarks/isaac_ros_h264_encoder_benchmark) by extension 'ignore'
[0.190s] [34mcolcon.colcon_core.package_identification[0m [1;30mLevel 1[0m _identify(src/isaac_ros_benchmark/benchmarks/isaac_ros_h264_encoder_benchmark) by extension 'ignore_ament_install'
[0.190s] [34mcolcon.colcon_core.package_identification[0m [1;30mLevel 1[0m _identify(src/isaac_ros_benchmark/benchmarks/isaac_ros_h264_encoder_benchmark) by extensions ['colcon_pkg']
[0.190s] [34mcolcon.colcon_core.package_identification[0m [1;30mLevel 1[0m _identify(src/isaac_ros_benchmark/benchmarks/isaac_ros_h264_encoder_benchmark) by extension 'colcon_pkg'
[0.190s] [34mcolcon.colcon_core.package_identification[0m [1;30mLevel 1[0m _identify(src/isaac_ros_benchmark/benchmarks/isaac_ros_h264_encoder_benchmark) by extensions ['colcon_meta']
[0.190s] [34mcolcon.colcon_core.package_identification[0m [1;30mLevel 1[0m _identify(src/isaac_ros_benchmark/benchmarks/isaac_ros_h264_encoder_benchmark) by extension 'colcon_meta'
[0.190s] [34mcolcon.colcon_core.package_identification[0m [1;30mLevel 1[0m _identify(src/isaac_ros_benchmark/benchmarks/isaac_ros_h264_encoder_benchmark) by extensions ['ros']
[0.190s] [34mcolcon.colcon_core.package_identification[0m [1;30mLevel 1[0m _identify(src/isaac_ros_benchmark/benchmarks/isaac_ros_h264_encoder_benchmark) by extension 'ros'
[0.190s] [34mcolcon.colcon_core.package_identification[0m [1;30mDEBUG[0m [32mPackage 'src/isaac_ros_benchmark/benchmarks/isaac_ros_h264_encoder_benchmark' with type 'ros.ament_cmake' and name 'isaac_ros_h264_encoder_benchmark'[0m
[0.191s] [34mcolcon.colcon_core.package_identification[0m [1;30mLevel 1[0m _identify(src/isaac_ros_benchmark/benchmarks/isaac_ros_hawk_nova_benchmark) by extensions ['ignore', 'ignore_ament_install']
[0.191s] [34mcolcon.colcon_core.package_identification[0m [1;30mLevel 1[0m _identify(src/isaac_ros_benchmark/benchmarks/isaac_ros_hawk_nova_benchmark) by extension 'ignore'
[0.191s] [34mcolcon.colcon_core.package_identification[0m [1;30mLevel 1[0m _identify(src/isaac_ros_benchmark/benchmarks/isaac_ros_hawk_nova_benchmark) by extension 'ignore_ament_install'
[0.191s] [34mcolcon.colcon_core.package_identification[0m [1;30mLevel 1[0m _identify(src/isaac_ros_benchmark/benchmarks/isaac_ros_hawk_nova_benchmark) by extensions ['colcon_pkg']
[0.191s] [34mcolcon.colcon_core.package_identification[0m [1;30mLevel 1[0m _identify(src/isaac_ros_benchmark/benchmarks/isaac_ros_hawk_nova_benchmark) by extension 'colcon_pkg'
[0.191s] [34mcolcon.colcon_core.package_identification[0m [1;30mLevel 1[0m _identify(src/isaac_ros_benchmark/benchmarks/isaac_ros_hawk_nova_benchmark) by extensions ['colcon_meta']
[0.191s] [34mcolcon.colcon_core.package_identification[0m [1;30mLevel 1[0m _identify(src/isaac_ros_benchmark/benchmarks/isaac_ros_hawk_nova_benchmark) by extension 'colcon_meta'
[0.191s] [34mcolcon.colcon_core.package_identification[0m [1;30mLevel 1[0m _identify(src/isaac_ros_benchmark/benchmarks/isaac_ros_hawk_nova_benchmark) by extensions ['ros']
[0.191s] [34mcolcon.colcon_core.package_identification[0m [1;30mLevel 1[0m _identify(src/isaac_ros_benchmark/benchmarks/isaac_ros_hawk_nova_benchmark) by extension 'ros'
[0.191s] [34mcolcon.colcon_core.package_identification[0m [1;30mDEBUG[0m [32mPackage 'src/isaac_ros_benchmark/benchmarks/isaac_ros_hawk_nova_benchmark' with type 'ros.ament_cmake' and name 'isaac_ros_hawk_nova_benchmark'[0m
[0.191s] [34mcolcon.colcon_core.package_identification[0m [1;30mLevel 1[0m _identify(src/isaac_ros_benchmark/benchmarks/isaac_ros_image_proc_benchmark) by extensions ['ignore', 'ignore_ament_install']
[0.191s] [34mcolcon.colcon_core.package_identification[0m [1;30mLevel 1[0m _identify(src/isaac_ros_benchmark/benchmarks/isaac_ros_image_proc_benchmark) by extension 'ignore'
[0.191s] [34mcolcon.colcon_core.package_identification[0m [1;30mLevel 1[0m _identify(src/isaac_ros_benchmark/benchmarks/isaac_ros_image_proc_benchmark) by extension 'ignore_ament_install'
[0.191s] [34mcolcon.colcon_core.package_identification[0m [1;30mLevel 1[0m _identify(src/isaac_ros_benchmark/benchmarks/isaac_ros_image_proc_benchmark) by extensions ['colcon_pkg']
[0.191s] [34mcolcon.colcon_core.package_identification[0m [1;30mLevel 1[0m _identify(src/isaac_ros_benchmark/benchmarks/isaac_ros_image_proc_benchmark) by extension 'colcon_pkg'
[0.191s] [34mcolcon.colcon_core.package_identification[0m [1;30mLevel 1[0m _identify(src/isaac_ros_benchmark/benchmarks/isaac_ros_image_proc_benchmark) by extensions ['colcon_meta']
[0.191s] [34mcolcon.colcon_core.package_identification[0m [1;30mLevel 1[0m _identify(src/isaac_ros_benchmark/benchmarks/isaac_ros_image_proc_benchmark) by extension 'colcon_meta'
[0.191s] [34mcolcon.colcon_core.package_identification[0m [1;30mLevel 1[0m _identify(src/isaac_ros_benchmark/benchmarks/isaac_ros_image_proc_benchmark) by extensions ['ros']
[0.191s] [34mcolcon.colcon_core.package_identification[0m [1;30mLevel 1[0m _identify(src/isaac_ros_benchmark/benchmarks/isaac_ros_image_proc_benchmark) by extension 'ros'
[0.192s] [34mcolcon.colcon_core.package_identification[0m [1;30mDEBUG[0m [32mPackage 'src/isaac_ros_benchmark/benchmarks/isaac_ros_image_proc_benchmark' with type 'ros.ament_cmake' and name 'isaac_ros_image_proc_benchmark'[0m
[0.192s] [34mcolcon.colcon_core.package_identification[0m [1;30mLevel 1[0m _identify(src/isaac_ros_benchmark/benchmarks/isaac_ros_moveit_benchmark) by extensions ['ignore', 'ignore_ament_install']
[0.192s] [34mcolcon.colcon_core.package_identification[0m [1;30mLevel 1[0m _identify(src/isaac_ros_benchmark/benchmarks/isaac_ros_moveit_benchmark) by extension 'ignore'
[0.192s] [34mcolcon.colcon_core.package_identification[0m [1;30mLevel 1[0m _identify(src/isaac_ros_benchmark/benchmarks/isaac_ros_moveit_benchmark) by extension 'ignore_ament_install'
[0.192s] [34mcolcon.colcon_core.package_identification[0m [1;30mLevel 1[0m _identify(src/isaac_ros_benchmark/benchmarks/isaac_ros_moveit_benchmark) by extensions ['colcon_pkg']
[0.192s] [34mcolcon.colcon_core.package_identification[0m [1;30mLevel 1[0m _identify(src/isaac_ros_benchmark/benchmarks/isaac_ros_moveit_benchmark) by extension 'colcon_pkg'
[0.192s] [34mcolcon.colcon_core.package_identification[0m [1;30mLevel 1[0m _identify(src/isaac_ros_benchmark/benchmarks/isaac_ros_moveit_benchmark) by extensions ['colcon_meta']
[0.192s] [34mcolcon.colcon_core.package_identification[0m [1;30mLevel 1[0m _identify(src/isaac_ros_benchmark/benchmarks/isaac_ros_moveit_benchmark) by extension 'colcon_meta'
[0.192s] [34mcolcon.colcon_core.package_identification[0m [1;30mLevel 1[0m _identify(src/isaac_ros_benchmark/benchmarks/isaac_ros_moveit_benchmark) by extensions ['ros']
[0.192s] [34mcolcon.colcon_core.package_identification[0m [1;30mLevel 1[0m _identify(src/isaac_ros_benchmark/benchmarks/isaac_ros_moveit_benchmark) by extension 'ros'
[0.192s] [34mcolcon.colcon_core.package_identification[0m [1;30mLevel 1[0m _identify(src/isaac_ros_benchmark/benchmarks/isaac_ros_moveit_benchmark) by extensions ['cmake', 'python']
[0.192s] [34mcolcon.colcon_core.package_identification[0m [1;30mLevel 1[0m _identify(src/isaac_ros_benchmark/benchmarks/isaac_ros_moveit_benchmark) by extension 'cmake'
[0.192s] [34mcolcon.colcon_core.package_identification[0m [1;30mLevel 1[0m _identify(src/isaac_ros_benchmark/benchmarks/isaac_ros_moveit_benchmark) by extension 'python'
[0.192s] [34mcolcon.colcon_core.package_identification[0m [1;30mLevel 1[0m _identify(src/isaac_ros_benchmark/benchmarks/isaac_ros_moveit_benchmark) by extensions ['python_setup_py']
[0.192s] [34mcolcon.colcon_core.package_identification[0m [1;30mLevel 1[0m _identify(src/isaac_ros_benchmark/benchmarks/isaac_ros_moveit_benchmark) by extension 'python_setup_py'
[0.192s] [34mcolcon.colcon_core.package_identification[0m [1;30mLevel 1[0m _identify(src/isaac_ros_benchmark/benchmarks/isaac_ros_moveit_benchmark/isaac_ros_moveit_benchmark) by extensions ['ignore', 'ignore_ament_install']
[0.192s] [34mcolcon.colcon_core.package_identification[0m [1;30mLevel 1[0m _identify(src/isaac_ros_benchmark/benchmarks/isaac_ros_moveit_benchmark/isaac_ros_moveit_benchmark) by extension 'ignore'
[0.192s] [34mcolcon.colcon_core.package_identification[0m [1;30mLevel 1[0m _identify(src/isaac_ros_benchmark/benchmarks/isaac_ros_moveit_benchmark/isaac_ros_moveit_benchmark) by extension 'ignore_ament_install'
[0.192s] [34mcolcon.colcon_core.package_identification[0m [1;30mLevel 1[0m _identify(src/isaac_ros_benchmark/benchmarks/isaac_ros_moveit_benchmark/isaac_ros_moveit_benchmark) by extensions ['colcon_pkg']
[0.192s] [34mcolcon.colcon_core.package_identification[0m [1;30mLevel 1[0m _identify(src/isaac_ros_benchmark/benchmarks/isaac_ros_moveit_benchmark/isaac_ros_moveit_benchmark) by extension 'colcon_pkg'
[0.192s] [34mcolcon.colcon_core.package_identification[0m [1;30mLevel 1[0m _identify(src/isaac_ros_benchmark/benchmarks/isaac_ros_moveit_benchmark/isaac_ros_moveit_benchmark) by extensions ['colcon_meta']
[0.192s] [34mcolcon.colcon_core.package_identification[0m [1;30mLevel 1[0m _identify(src/isaac_ros_benchmark/benchmarks/isaac_ros_moveit_benchmark/isaac_ros_moveit_benchmark) by extension 'colcon_meta'
[0.192s] [34mcolcon.colcon_core.package_identification[0m [1;30mLevel 1[0m _identify(src/isaac_ros_benchmark/benchmarks/isaac_ros_moveit_benchmark/isaac_ros_moveit_benchmark) by extensions ['ros']
[0.192s] [34mcolcon.colcon_core.package_identification[0m [1;30mLevel 1[0m _identify(src/isaac_ros_benchmark/benchmarks/isaac_ros_moveit_benchmark/isaac_ros_moveit_benchmark) by extension 'ros'
[0.193s] [34mcolcon.colcon_core.package_identification[0m [1;30mDEBUG[0m [32mPackage 'src/isaac_ros_benchmark/benchmarks/isaac_ros_moveit_benchmark/isaac_ros_moveit_benchmark' with type 'ros.ament_cmake' and name 'isaac_ros_moveit_benchmark'[0m
[0.193s] [34mcolcon.colcon_core.package_identification[0m [1;30mLevel 1[0m _identify(src/isaac_ros_benchmark/benchmarks/isaac_ros_moveit_benchmark/isaac_ros_moveit_robot_benchmark) by extensions ['ignore', 'ignore_ament_install']
[0.193s] [34mcolcon.colcon_core.package_identification[0m [1;30mLevel 1[0m _identify(src/isaac_ros_benchmark/benchmarks/isaac_ros_moveit_benchmark/isaac_ros_moveit_robot_benchmark) by extension 'ignore'
[0.193s] [34mcolcon.colcon_core.package_identification[0m [1;30mLevel 1[0m _identify(src/isaac_ros_benchmark/benchmarks/isaac_ros_moveit_benchmark/isaac_ros_moveit_robot_benchmark) by extension 'ignore_ament_install'
[0.193s] [34mcolcon.colcon_core.package_identification[0m [1;30mLevel 1[0m _identify(src/isaac_ros_benchmark/benchmarks/isaac_ros_moveit_benchmark/isaac_ros_moveit_robot_benchmark) by extensions ['colcon_pkg']
[0.193s] [34mcolcon.colcon_core.package_identification[0m [1;30mLevel 1[0m _identify(src/isaac_ros_benchmark/benchmarks/isaac_ros_moveit_benchmark/isaac_ros_moveit_robot_benchmark) by extension 'colcon_pkg'
[0.193s] [34mcolcon.colcon_core.package_identification[0m [1;30mLevel 1[0m _identify(src/isaac_ros_benchmark/benchmarks/isaac_ros_moveit_benchmark/isaac_ros_moveit_robot_benchmark) by extensions ['colcon_meta']
[0.193s] [34mcolcon.colcon_core.package_identification[0m [1;30mLevel 1[0m _identify(src/isaac_ros_benchmark/benchmarks/isaac_ros_moveit_benchmark/isaac_ros_moveit_robot_benchmark) by extension 'colcon_meta'
[0.193s] [34mcolcon.colcon_core.package_identification[0m [1;30mLevel 1[0m _identify(src/isaac_ros_benchmark/benchmarks/isaac_ros_moveit_benchmark/isaac_ros_moveit_robot_benchmark) by extensions ['ros']
[0.193s] [34mcolcon.colcon_core.package_identification[0m [1;30mLevel 1[0m _identify(src/isaac_ros_benchmark/benchmarks/isaac_ros_moveit_benchmark/isaac_ros_moveit_robot_benchmark) by extension 'ros'
[0.193s] [34mcolcon.colcon_core.package_identification[0m [1;30mLevel 1[0m _identify(src/isaac_ros_benchmark/benchmarks/isaac_ros_moveit_benchmark/isaac_ros_moveit_robot_benchmark) by extensions ['cmake', 'python']
[0.193s] [34mcolcon.colcon_core.package_identification[0m [1;30mLevel 1[0m _identify(src/isaac_ros_benchmark/benchmarks/isaac_ros_moveit_benchmark/isaac_ros_moveit_robot_benchmark) by extension 'cmake'
[0.193s] [34mcolcon.colcon_core.package_identification[0m [1;30mLevel 1[0m _identify(src/isaac_ros_benchmark/benchmarks/isaac_ros_moveit_benchmark/isaac_ros_moveit_robot_benchmark) by extension 'python'
[0.193s] [34mcolcon.colcon_core.package_identification[0m [1;30mLevel 1[0m _identify(src/isaac_ros_benchmark/benchmarks/isaac_ros_moveit_benchmark/isaac_ros_moveit_robot_benchmark) by extensions ['python_setup_py']
[0.193s] [34mcolcon.colcon_core.package_identification[0m [1;30mLevel 1[0m _identify(src/isaac_ros_benchmark/benchmarks/isaac_ros_moveit_benchmark/isaac_ros_moveit_robot_benchmark) by extension 'python_setup_py'
[0.193s] [34mcolcon.colcon_core.package_identification[0m [1;30mLevel 1[0m _identify(src/isaac_ros_benchmark/benchmarks/isaac_ros_moveit_benchmark/isaac_ros_moveit_robot_benchmark/franka) by extensions ['ignore', 'ignore_ament_install']
[0.193s] [34mcolcon.colcon_core.package_identification[0m [1;30mLevel 1[0m _identify(src/isaac_ros_benchmark/benchmarks/isaac_ros_moveit_benchmark/isaac_ros_moveit_robot_benchmark/franka) by extension 'ignore'
[0.193s] [34mcolcon.colcon_core.package_identification[0m [1;30mLevel 1[0m _identify(src/isaac_ros_benchmark/benchmarks/isaac_ros_moveit_benchmark/isaac_ros_moveit_robot_benchmark/franka) by extension 'ignore_ament_install'
[0.193s] [34mcolcon.colcon_core.package_identification[0m [1;30mLevel 1[0m _identify(src/isaac_ros_benchmark/benchmarks/isaac_ros_moveit_benchmark/isaac_ros_moveit_robot_benchmark/franka) by extensions ['colcon_pkg']
[0.193s] [34mcolcon.colcon_core.package_identification[0m [1;30mLevel 1[0m _identify(src/isaac_ros_benchmark/benchmarks/isaac_ros_moveit_benchmark/isaac_ros_moveit_robot_benchmark/franka) by extension 'colcon_pkg'
[0.193s] [34mcolcon.colcon_core.package_identification[0m [1;30mLevel 1[0m _identify(src/isaac_ros_benchmark/benchmarks/isaac_ros_moveit_benchmark/isaac_ros_moveit_robot_benchmark/franka) by extensions ['colcon_meta']
[0.193s] [34mcolcon.colcon_core.package_identification[0m [1;30mLevel 1[0m _identify(src/isaac_ros_benchmark/benchmarks/isaac_ros_moveit_benchmark/isaac_ros_moveit_robot_benchmark/franka) by extension 'colcon_meta'
[0.193s] [34mcolcon.colcon_core.package_identification[0m [1;30mLevel 1[0m _identify(src/isaac_ros_benchmark/benchmarks/isaac_ros_moveit_benchmark/isaac_ros_moveit_robot_benchmark/franka) by extensions ['ros']
[0.193s] [34mcolcon.colcon_core.package_identification[0m [1;30mLevel 1[0m _identify(src/isaac_ros_benchmark/benchmarks/isaac_ros_moveit_benchmark/isaac_ros_moveit_robot_benchmark/franka) by extension 'ros'
[0.193s] [34mcolcon.colcon_core.package_identification[0m [1;30mLevel 1[0m _identify(src/isaac_ros_benchmark/benchmarks/isaac_ros_moveit_benchmark/isaac_ros_moveit_robot_benchmark/franka) by extensions ['cmake', 'python']
[0.193s] [34mcolcon.colcon_core.package_identification[0m [1;30mLevel 1[0m _identify(src/isaac_ros_benchmark/benchmarks/isaac_ros_moveit_benchmark/isaac_ros_moveit_robot_benchmark/franka) by extension 'cmake'
[0.193s] [34mcolcon.colcon_core.package_identification[0m [1;30mLevel 1[0m _identify(src/isaac_ros_benchmark/benchmarks/isaac_ros_moveit_benchmark/isaac_ros_moveit_robot_benchmark/franka) by extension 'python'
[0.193s] [34mcolcon.colcon_core.package_identification[0m [1;30mLevel 1[0m _identify(src/isaac_ros_benchmark/benchmarks/isaac_ros_moveit_benchmark/isaac_ros_moveit_robot_benchmark/franka) by extensions ['python_setup_py']
[0.193s] [34mcolcon.colcon_core.package_identification[0m [1;30mLevel 1[0m _identify(src/isaac_ros_benchmark/benchmarks/isaac_ros_moveit_benchmark/isaac_ros_moveit_robot_benchmark/franka) by extension 'python_setup_py'
[0.194s] [34mcolcon.colcon_core.package_identification[0m [1;30mLevel 1[0m _identify(src/isaac_ros_benchmark/benchmarks/isaac_ros_moveit_benchmark/isaac_ros_moveit_robot_benchmark/franka/isaac_ros_franka_cumotion_benchmark) by extensions ['ignore', 'ignore_ament_install']
[0.194s] [34mcolcon.colcon_core.package_identification[0m [1;30mLevel 1[0m _identify(src/isaac_ros_benchmark/benchmarks/isaac_ros_moveit_benchmark/isaac_ros_moveit_robot_benchmark/franka/isaac_ros_franka_cumotion_benchmark) by extension 'ignore'
[0.194s] [34mcolcon.colcon_core.package_identification[0m [1;30mLevel 1[0m _identify(src/isaac_ros_benchmark/benchmarks/isaac_ros_moveit_benchmark/isaac_ros_moveit_robot_benchmark/franka/isaac_ros_franka_cumotion_benchmark) by extension 'ignore_ament_install'
[0.194s] [34mcolcon.colcon_core.package_identification[0m [1;30mLevel 1[0m _identify(src/isaac_ros_benchmark/benchmarks/isaac_ros_moveit_benchmark/isaac_ros_moveit_robot_benchmark/franka/isaac_ros_franka_cumotion_benchmark) by extensions ['colcon_pkg']
[0.194s] [34mcolcon.colcon_core.package_identification[0m [1;30mLevel 1[0m _identify(src/isaac_ros_benchmark/benchmarks/isaac_ros_moveit_benchmark/isaac_ros_moveit_robot_benchmark/franka/isaac_ros_franka_cumotion_benchmark) by extension 'colcon_pkg'
[0.194s] [34mcolcon.colcon_core.package_identification[0m [1;30mLevel 1[0m _identify(src/isaac_ros_benchmark/benchmarks/isaac_ros_moveit_benchmark/isaac_ros_moveit_robot_benchmark/franka/isaac_ros_franka_cumotion_benchmark) by extensions ['colcon_meta']
[0.194s] [34mcolcon.colcon_core.package_identification[0m [1;30mLevel 1[0m _identify(src/isaac_ros_benchmark/benchmarks/isaac_ros_moveit_benchmark/isaac_ros_moveit_robot_benchmark/franka/isaac_ros_franka_cumotion_benchmark) by extension 'colcon_meta'
[0.194s] [34mcolcon.colcon_core.package_identification[0m [1;30mLevel 1[0m _identify(src/isaac_ros_benchmark/benchmarks/isaac_ros_moveit_benchmark/isaac_ros_moveit_robot_benchmark/franka/isaac_ros_franka_cumotion_benchmark) by extensions ['ros']
[0.194s] [34mcolcon.colcon_core.package_identification[0m [1;30mLevel 1[0m _identify(src/isaac_ros_benchmark/benchmarks/isaac_ros_moveit_benchmark/isaac_ros_moveit_robot_benchmark/franka/isaac_ros_franka_cumotion_benchmark) by extension 'ros'
[0.194s] [34mcolcon.colcon_core.package_identification[0m [1;30mDEBUG[0m [32mPackage 'src/isaac_ros_benchmark/benchmarks/isaac_ros_moveit_benchmark/isaac_ros_moveit_robot_benchmark/franka/isaac_ros_franka_cumotion_benchmark' with type 'ros.ament_cmake' and name 'isaac_ros_franka_cumotion_benchmark'[0m
[0.194s] [34mcolcon.colcon_core.package_identification[0m [1;30mLevel 1[0m _identify(src/isaac_ros_benchmark/benchmarks/isaac_ros_moveit_benchmark/isaac_ros_moveit_robot_benchmark/franka/isaac_ros_franka_ompl_benchmark) by extensions ['ignore', 'ignore_ament_install']
[0.194s] [34mcolcon.colcon_core.package_identification[0m [1;30mLevel 1[0m _identify(src/isaac_ros_benchmark/benchmarks/isaac_ros_moveit_benchmark/isaac_ros_moveit_robot_benchmark/franka/isaac_ros_franka_ompl_benchmark) by extension 'ignore'
[0.194s] [34mcolcon.colcon_core.package_identification[0m [1;30mLevel 1[0m _identify(src/isaac_ros_benchmark/benchmarks/isaac_ros_moveit_benchmark/isaac_ros_moveit_robot_benchmark/franka/isaac_ros_franka_ompl_benchmark) by extension 'ignore_ament_install'
[0.194s] [34mcolcon.colcon_core.package_identification[0m [1;30mLevel 1[0m _identify(src/isaac_ros_benchmark/benchmarks/isaac_ros_moveit_benchmark/isaac_ros_moveit_robot_benchmark/franka/isaac_ros_franka_ompl_benchmark) by extensions ['colcon_pkg']
[0.194s] [34mcolcon.colcon_core.package_identification[0m [1;30mLevel 1[0m _identify(src/isaac_ros_benchmark/benchmarks/isaac_ros_moveit_benchmark/isaac_ros_moveit_robot_benchmark/franka/isaac_ros_franka_ompl_benchmark) by extension 'colcon_pkg'
[0.194s] [34mcolcon.colcon_core.package_identification[0m [1;30mLevel 1[0m _identify(src/isaac_ros_benchmark/benchmarks/isaac_ros_moveit_benchmark/isaac_ros_moveit_robot_benchmark/franka/isaac_ros_franka_ompl_benchmark) by extensions ['colcon_meta']
[0.194s] [34mcolcon.colcon_core.package_identification[0m [1;30mLevel 1[0m _identify(src/isaac_ros_benchmark/benchmarks/isaac_ros_moveit_benchmark/isaac_ros_moveit_robot_benchmark/franka/isaac_ros_franka_ompl_benchmark) by extension 'colcon_meta'
[0.194s] [34mcolcon.colcon_core.package_identification[0m [1;30mLevel 1[0m _identify(src/isaac_ros_benchmark/benchmarks/isaac_ros_moveit_benchmark/isaac_ros_moveit_robot_benchmark/franka/isaac_ros_franka_ompl_benchmark) by extensions ['ros']
[0.194s] [34mcolcon.colcon_core.package_identification[0m [1;30mLevel 1[0m _identify(src/isaac_ros_benchmark/benchmarks/isaac_ros_moveit_benchmark/isaac_ros_moveit_robot_benchmark/franka/isaac_ros_franka_ompl_benchmark) by extension 'ros'
[0.195s] [34mcolcon.colcon_core.package_identification[0m [1;30mDEBUG[0m [32mPackage 'src/isaac_ros_benchmark/benchmarks/isaac_ros_moveit_benchmark/isaac_ros_moveit_robot_benchmark/franka/isaac_ros_franka_ompl_benchmark' with type 'ros.ament_cmake' and name 'isaac_ros_franka_ompl_benchmark'[0m
[0.195s] [34mcolcon.colcon_core.package_identification[0m [1;30mLevel 1[0m _identify(src/isaac_ros_benchmark/benchmarks/isaac_ros_moveit_benchmark/isaac_ros_moveit_robot_benchmark/ur5) by extensions ['ignore', 'ignore_ament_install']
[0.195s] [34mcolcon.colcon_core.package_identification[0m [1;30mLevel 1[0m _identify(src/isaac_ros_benchmark/benchmarks/isaac_ros_moveit_benchmark/isaac_ros_moveit_robot_benchmark/ur5) by extension 'ignore'
[0.195s] [34mcolcon.colcon_core.package_identification[0m [1;30mLevel 1[0m _identify(src/isaac_ros_benchmark/benchmarks/isaac_ros_moveit_benchmark/isaac_ros_moveit_robot_benchmark/ur5) by extension 'ignore_ament_install'
[0.195s] [34mcolcon.colcon_core.package_identification[0m [1;30mLevel 1[0m _identify(src/isaac_ros_benchmark/benchmarks/isaac_ros_moveit_benchmark/isaac_ros_moveit_robot_benchmark/ur5) by extensions ['colcon_pkg']
[0.195s] [34mcolcon.colcon_core.package_identification[0m [1;30mLevel 1[0m _identify(src/isaac_ros_benchmark/benchmarks/isaac_ros_moveit_benchmark/isaac_ros_moveit_robot_benchmark/ur5) by extension 'colcon_pkg'
[0.195s] [34mcolcon.colcon_core.package_identification[0m [1;30mLevel 1[0m _identify(src/isaac_ros_benchmark/benchmarks/isaac_ros_moveit_benchmark/isaac_ros_moveit_robot_benchmark/ur5) by extensions ['colcon_meta']
[0.195s] [34mcolcon.colcon_core.package_identification[0m [1;30mLevel 1[0m _identify(src/isaac_ros_benchmark/benchmarks/isaac_ros_moveit_benchmark/isaac_ros_moveit_robot_benchmark/ur5) by extension 'colcon_meta'
[0.195s] [34mcolcon.colcon_core.package_identification[0m [1;30mLevel 1[0m _identify(src/isaac_ros_benchmark/benchmarks/isaac_ros_moveit_benchmark/isaac_ros_moveit_robot_benchmark/ur5) by extensions ['ros']
[0.195s] [34mcolcon.colcon_core.package_identification[0m [1;30mLevel 1[0m _identify(src/isaac_ros_benchmark/benchmarks/isaac_ros_moveit_benchmark/isaac_ros_moveit_robot_benchmark/ur5) by extension 'ros'
[0.195s] [34mcolcon.colcon_core.package_identification[0m [1;30mLevel 1[0m _identify(src/isaac_ros_benchmark/benchmarks/isaac_ros_moveit_benchmark/isaac_ros_moveit_robot_benchmark/ur5) by extensions ['cmake', 'python']
[0.195s] [34mcolcon.colcon_core.package_identification[0m [1;30mLevel 1[0m _identify(src/isaac_ros_benchmark/benchmarks/isaac_ros_moveit_benchmark/isaac_ros_moveit_robot_benchmark/ur5) by extension 'cmake'
[0.195s] [34mcolcon.colcon_core.package_identification[0m [1;30mLevel 1[0m _identify(src/isaac_ros_benchmark/benchmarks/isaac_ros_moveit_benchmark/isaac_ros_moveit_robot_benchmark/ur5) by extension 'python'
[0.195s] [34mcolcon.colcon_core.package_identification[0m [1;30mLevel 1[0m _identify(src/isaac_ros_benchmark/benchmarks/isaac_ros_moveit_benchmark/isaac_ros_moveit_robot_benchmark/ur5) by extensions ['python_setup_py']
[0.195s] [34mcolcon.colcon_core.package_identification[0m [1;30mLevel 1[0m _identify(src/isaac_ros_benchmark/benchmarks/isaac_ros_moveit_benchmark/isaac_ros_moveit_robot_benchmark/ur5) by extension 'python_setup_py'
[0.195s] [34mcolcon.colcon_core.package_identification[0m [1;30mLevel 1[0m _identify(src/isaac_ros_benchmark/benchmarks/isaac_ros_moveit_benchmark/isaac_ros_moveit_robot_benchmark/ur5/isaac_ros_ur5_cumotion_benchmark) by extensions ['ignore', 'ignore_ament_install']
[0.195s] [34mcolcon.colcon_core.package_identification[0m [1;30mLevel 1[0m _identify(src/isaac_ros_benchmark/benchmarks/isaac_ros_moveit_benchmark/isaac_ros_moveit_robot_benchmark/ur5/isaac_ros_ur5_cumotion_benchmark) by extension 'ignore'
[0.195s] [34mcolcon.colcon_core.package_identification[0m [1;30mLevel 1[0m _identify(src/isaac_ros_benchmark/benchmarks/isaac_ros_moveit_benchmark/isaac_ros_moveit_robot_benchmark/ur5/isaac_ros_ur5_cumotion_benchmark) by extension 'ignore_ament_install'
[0.195s] [34mcolcon.colcon_core.package_identification[0m [1;30mLevel 1[0m _identify(src/isaac_ros_benchmark/benchmarks/isaac_ros_moveit_benchmark/isaac_ros_moveit_robot_benchmark/ur5/isaac_ros_ur5_cumotion_benchmark) by extensions ['colcon_pkg']
[0.195s] [34mcolcon.colcon_core.package_identification[0m [1;30mLevel 1[0m _identify(src/isaac_ros_benchmark/benchmarks/isaac_ros_moveit_benchmark/isaac_ros_moveit_robot_benchmark/ur5/isaac_ros_ur5_cumotion_benchmark) by extension 'colcon_pkg'
[0.195s] [34mcolcon.colcon_core.package_identification[0m [1;30mLevel 1[0m _identify(src/isaac_ros_benchmark/benchmarks/isaac_ros_moveit_benchmark/isaac_ros_moveit_robot_benchmark/ur5/isaac_ros_ur5_cumotion_benchmark) by extensions ['colcon_meta']
[0.195s] [34mcolcon.colcon_core.package_identification[0m [1;30mLevel 1[0m _identify(src/isaac_ros_benchmark/benchmarks/isaac_ros_moveit_benchmark/isaac_ros_moveit_robot_benchmark/ur5/isaac_ros_ur5_cumotion_benchmark) by extension 'colcon_meta'
[0.195s] [34mcolcon.colcon_core.package_identification[0m [1;30mLevel 1[0m _identify(src/isaac_ros_benchmark/benchmarks/isaac_ros_moveit_benchmark/isaac_ros_moveit_robot_benchmark/ur5/isaac_ros_ur5_cumotion_benchmark) by extensions ['ros']
[0.195s] [34mcolcon.colcon_core.package_identification[0m [1;30mLevel 1[0m _identify(src/isaac_ros_benchmark/benchmarks/isaac_ros_moveit_benchmark/isaac_ros_moveit_robot_benchmark/ur5/isaac_ros_ur5_cumotion_benchmark) by extension 'ros'
[0.196s] [34mcolcon.colcon_core.package_identification[0m [1;30mDEBUG[0m [32mPackage 'src/isaac_ros_benchmark/benchmarks/isaac_ros_moveit_benchmark/isaac_ros_moveit_robot_benchmark/ur5/isaac_ros_ur5_cumotion_benchmark' with type 'ros.ament_cmake' and name 'isaac_ros_ur5_cumotion_benchmark'[0m
[0.196s] [34mcolcon.colcon_core.package_identification[0m [1;30mLevel 1[0m _identify(src/isaac_ros_benchmark/benchmarks/isaac_ros_moveit_benchmark/isaac_ros_moveit_robot_benchmark/ur5/isaac_ros_ur5_ompl_benchmark) by extensions ['ignore', 'ignore_ament_install']
[0.196s] [34mcolcon.colcon_core.package_identification[0m [1;30mLevel 1[0m _identify(src/isaac_ros_benchmark/benchmarks/isaac_ros_moveit_benchmark/isaac_ros_moveit_robot_benchmark/ur5/isaac_ros_ur5_ompl_benchmark) by extension 'ignore'
[0.196s] [34mcolcon.colcon_core.package_identification[0m [1;30mLevel 1[0m _identify(src/isaac_ros_benchmark/benchmarks/isaac_ros_moveit_benchmark/isaac_ros_moveit_robot_benchmark/ur5/isaac_ros_ur5_ompl_benchmark) by extension 'ignore_ament_install'
[0.196s] [34mcolcon.colcon_core.package_identification[0m [1;30mLevel 1[0m _identify(src/isaac_ros_benchmark/benchmarks/isaac_ros_moveit_benchmark/isaac_ros_moveit_robot_benchmark/ur5/isaac_ros_ur5_ompl_benchmark) by extensions ['colcon_pkg']
[0.196s] [34mcolcon.colcon_core.package_identification[0m [1;30mLevel 1[0m _identify(src/isaac_ros_benchmark/benchmarks/isaac_ros_moveit_benchmark/isaac_ros_moveit_robot_benchmark/ur5/isaac_ros_ur5_ompl_benchmark) by extension 'colcon_pkg'
[0.196s] [34mcolcon.colcon_core.package_identification[0m [1;30mLevel 1[0m _identify(src/isaac_ros_benchmark/benchmarks/isaac_ros_moveit_benchmark/isaac_ros_moveit_robot_benchmark/ur5/isaac_ros_ur5_ompl_benchmark) by extensions ['colcon_meta']
[0.196s] [34mcolcon.colcon_core.package_identification[0m [1;30mLevel 1[0m _identify(src/isaac_ros_benchmark/benchmarks/isaac_ros_moveit_benchmark/isaac_ros_moveit_robot_benchmark/ur5/isaac_ros_ur5_ompl_benchmark) by extension 'colcon_meta'
[0.196s] [34mcolcon.colcon_core.package_identification[0m [1;30mLevel 1[0m _identify(src/isaac_ros_benchmark/benchmarks/isaac_ros_moveit_benchmark/isaac_ros_moveit_robot_benchmark/ur5/isaac_ros_ur5_ompl_benchmark) by extensions ['ros']
[0.196s] [34mcolcon.colcon_core.package_identification[0m [1;30mLevel 1[0m _identify(src/isaac_ros_benchmark/benchmarks/isaac_ros_moveit_benchmark/isaac_ros_moveit_robot_benchmark/ur5/isaac_ros_ur5_ompl_benchmark) by extension 'ros'
[0.197s] [34mcolcon.colcon_core.package_identification[0m [1;30mDEBUG[0m [32mPackage 'src/isaac_ros_benchmark/benchmarks/isaac_ros_moveit_benchmark/isaac_ros_moveit_robot_benchmark/ur5/isaac_ros_ur5_ompl_benchmark' with type 'ros.ament_cmake' and name 'isaac_ros_ur5_ompl_benchmark'[0m
[0.197s] [34mcolcon.colcon_core.package_identification[0m [1;30mLevel 1[0m _identify(src/isaac_ros_benchmark/benchmarks/isaac_ros_moveit_benchmark/robot_configs) by extensions ['ignore', 'ignore_ament_install']
[0.197s] [34mcolcon.colcon_core.package_identification[0m [1;30mLevel 1[0m _identify(src/isaac_ros_benchmark/benchmarks/isaac_ros_moveit_benchmark/robot_configs) by extension 'ignore'
[0.197s] [34mcolcon.colcon_core.package_identification[0m [1;30mLevel 1[0m _identify(src/isaac_ros_benchmark/benchmarks/isaac_ros_moveit_benchmark/robot_configs) by extension 'ignore_ament_install'
[0.197s] [34mcolcon.colcon_core.package_identification[0m [1;30mLevel 1[0m _identify(src/isaac_ros_benchmark/benchmarks/isaac_ros_moveit_benchmark/robot_configs) by extensions ['colcon_pkg']
[0.197s] [34mcolcon.colcon_core.package_identification[0m [1;30mLevel 1[0m _identify(src/isaac_ros_benchmark/benchmarks/isaac_ros_moveit_benchmark/robot_configs) by extension 'colcon_pkg'
[0.197s] [34mcolcon.colcon_core.package_identification[0m [1;30mLevel 1[0m _identify(src/isaac_ros_benchmark/benchmarks/isaac_ros_moveit_benchmark/robot_configs) by extensions ['colcon_meta']
[0.197s] [34mcolcon.colcon_core.package_identification[0m [1;30mLevel 1[0m _identify(src/isaac_ros_benchmark/benchmarks/isaac_ros_moveit_benchmark/robot_configs) by extension 'colcon_meta'
[0.197s] [34mcolcon.colcon_core.package_identification[0m [1;30mLevel 1[0m _identify(src/isaac_ros_benchmark/benchmarks/isaac_ros_moveit_benchmark/robot_configs) by extensions ['ros']
[0.197s] [34mcolcon.colcon_core.package_identification[0m [1;30mLevel 1[0m _identify(src/isaac_ros_benchmark/benchmarks/isaac_ros_moveit_benchmark/robot_configs) by extension 'ros'
[0.197s] [34mcolcon.colcon_core.package_identification[0m [1;30mLevel 1[0m _identify(src/isaac_ros_benchmark/benchmarks/isaac_ros_moveit_benchmark/robot_configs) by extensions ['cmake', 'python']
[0.197s] [34mcolcon.colcon_core.package_identification[0m [1;30mLevel 1[0m _identify(src/isaac_ros_benchmark/benchmarks/isaac_ros_moveit_benchmark/robot_configs) by extension 'cmake'
[0.197s] [34mcolcon.colcon_core.package_identification[0m [1;30mLevel 1[0m _identify(src/isaac_ros_benchmark/benchmarks/isaac_ros_moveit_benchmark/robot_configs) by extension 'python'
[0.197s] [34mcolcon.colcon_core.package_identification[0m [1;30mLevel 1[0m _identify(src/isaac_ros_benchmark/benchmarks/isaac_ros_moveit_benchmark/robot_configs) by extensions ['python_setup_py']
[0.197s] [34mcolcon.colcon_core.package_identification[0m [1;30mLevel 1[0m _identify(src/isaac_ros_benchmark/benchmarks/isaac_ros_moveit_benchmark/robot_configs) by extension 'python_setup_py'
[0.197s] [34mcolcon.colcon_core.package_identification[0m [1;30mLevel 1[0m _identify(src/isaac_ros_benchmark/benchmarks/isaac_ros_moveit_benchmark/robot_configs/ur5_gripper_moveit_config) by extensions ['ignore', 'ignore_ament_install']
[0.197s] [34mcolcon.colcon_core.package_identification[0m [1;30mLevel 1[0m _identify(src/isaac_ros_benchmark/benchmarks/isaac_ros_moveit_benchmark/robot_configs/ur5_gripper_moveit_config) by extension 'ignore'
[0.197s] [34mcolcon.colcon_core.package_identification[0m [1;30mLevel 1[0m _identify(src/isaac_ros_benchmark/benchmarks/isaac_ros_moveit_benchmark/robot_configs/ur5_gripper_moveit_config) by extension 'ignore_ament_install'
[0.197s] [34mcolcon.colcon_core.package_identification[0m [1;30mLevel 1[0m _identify(src/isaac_ros_benchmark/benchmarks/isaac_ros_moveit_benchmark/robot_configs/ur5_gripper_moveit_config) by extensions ['colcon_pkg']
[0.197s] [34mcolcon.colcon_core.package_identification[0m [1;30mLevel 1[0m _identify(src/isaac_ros_benchmark/benchmarks/isaac_ros_moveit_benchmark/robot_configs/ur5_gripper_moveit_config) by extension 'colcon_pkg'
[0.197s] [34mcolcon.colcon_core.package_identification[0m [1;30mLevel 1[0m _identify(src/isaac_ros_benchmark/benchmarks/isaac_ros_moveit_benchmark/robot_configs/ur5_gripper_moveit_config) by extensions ['colcon_meta']
[0.197s] [34mcolcon.colcon_core.package_identification[0m [1;30mLevel 1[0m _identify(src/isaac_ros_benchmark/benchmarks/isaac_ros_moveit_benchmark/robot_configs/ur5_gripper_moveit_config) by extension 'colcon_meta'
[0.197s] [34mcolcon.colcon_core.package_identification[0m [1;30mLevel 1[0m _identify(src/isaac_ros_benchmark/benchmarks/isaac_ros_moveit_benchmark/robot_configs/ur5_gripper_moveit_config) by extensions ['ros']
[0.197s] [34mcolcon.colcon_core.package_identification[0m [1;30mLevel 1[0m _identify(src/isaac_ros_benchmark/benchmarks/isaac_ros_moveit_benchmark/robot_configs/ur5_gripper_moveit_config) by extension 'ros'
[0.198s] [34mcolcon.colcon_core.package_identification[0m [1;30mDEBUG[0m [32mPackage 'src/isaac_ros_benchmark/benchmarks/isaac_ros_moveit_benchmark/robot_configs/ur5_gripper_moveit_config' with type 'ros.ament_cmake' and name 'ur5_gripper_moveit_config'[0m
[0.198s] [34mcolcon.colcon_core.package_identification[0m [1;30mLevel 1[0m _identify(src/isaac_ros_benchmark/benchmarks/isaac_ros_moveit_benchmark/robot_descriptions) by extensions ['ignore', 'ignore_ament_install']
[0.198s] [34mcolcon.colcon_core.package_identification[0m [1;30mLevel 1[0m _identify(src/isaac_ros_benchmark/benchmarks/isaac_ros_moveit_benchmark/robot_descriptions) by extension 'ignore'
[0.198s] [34mcolcon.colcon_core.package_identification[0m [1;30mLevel 1[0m _identify(src/isaac_ros_benchmark/benchmarks/isaac_ros_moveit_benchmark/robot_descriptions) by extension 'ignore_ament_install'
[0.198s] [34mcolcon.colcon_core.package_identification[0m [1;30mLevel 1[0m _identify(src/isaac_ros_benchmark/benchmarks/isaac_ros_moveit_benchmark/robot_descriptions) by extensions ['colcon_pkg']
[0.198s] [34mcolcon.colcon_core.package_identification[0m [1;30mLevel 1[0m _identify(src/isaac_ros_benchmark/benchmarks/isaac_ros_moveit_benchmark/robot_descriptions) by extension 'colcon_pkg'
[0.198s] [34mcolcon.colcon_core.package_identification[0m [1;30mLevel 1[0m _identify(src/isaac_ros_benchmark/benchmarks/isaac_ros_moveit_benchmark/robot_descriptions) by extensions ['colcon_meta']
[0.198s] [34mcolcon.colcon_core.package_identification[0m [1;30mLevel 1[0m _identify(src/isaac_ros_benchmark/benchmarks/isaac_ros_moveit_benchmark/robot_descriptions) by extension 'colcon_meta'
[0.198s] [34mcolcon.colcon_core.package_identification[0m [1;30mLevel 1[0m _identify(src/isaac_ros_benchmark/benchmarks/isaac_ros_moveit_benchmark/robot_descriptions) by extensions ['ros']
[0.198s] [34mcolcon.colcon_core.package_identification[0m [1;30mLevel 1[0m _identify(src/isaac_ros_benchmark/benchmarks/isaac_ros_moveit_benchmark/robot_descriptions) by extension 'ros'
[0.198s] [34mcolcon.colcon_core.package_identification[0m [1;30mLevel 1[0m _identify(src/isaac_ros_benchmark/benchmarks/isaac_ros_moveit_benchmark/robot_descriptions) by extensions ['cmake', 'python']
[0.198s] [34mcolcon.colcon_core.package_identification[0m [1;30mLevel 1[0m _identify(src/isaac_ros_benchmark/benchmarks/isaac_ros_moveit_benchmark/robot_descriptions) by extension 'cmake'
[0.198s] [34mcolcon.colcon_core.package_identification[0m [1;30mLevel 1[0m _identify(src/isaac_ros_benchmark/benchmarks/isaac_ros_moveit_benchmark/robot_descriptions) by extension 'python'
[0.198s] [34mcolcon.colcon_core.package_identification[0m [1;30mLevel 1[0m _identify(src/isaac_ros_benchmark/benchmarks/isaac_ros_moveit_benchmark/robot_descriptions) by extensions ['python_setup_py']
[0.198s] [34mcolcon.colcon_core.package_identification[0m [1;30mLevel 1[0m _identify(src/isaac_ros_benchmark/benchmarks/isaac_ros_moveit_benchmark/robot_descriptions) by extension 'python_setup_py'
[0.198s] [34mcolcon.colcon_core.package_identification[0m [1;30mLevel 1[0m _identify(src/isaac_ros_benchmark/benchmarks/isaac_ros_moveit_benchmark/robot_descriptions/ur5_robotiq_85_description) by extensions ['ignore', 'ignore_ament_install']
[0.198s] [34mcolcon.colcon_core.package_identification[0m [1;30mLevel 1[0m _identify(src/isaac_ros_benchmark/benchmarks/isaac_ros_moveit_benchmark/robot_descriptions/ur5_robotiq_85_description) by extension 'ignore'
[0.198s] [34mcolcon.colcon_core.package_identification[0m [1;30mLevel 1[0m _identify(src/isaac_ros_benchmark/benchmarks/isaac_ros_moveit_benchmark/robot_descriptions/ur5_robotiq_85_description) by extension 'ignore_ament_install'
[0.198s] [34mcolcon.colcon_core.package_identification[0m [1;30mLevel 1[0m _identify(src/isaac_ros_benchmark/benchmarks/isaac_ros_moveit_benchmark/robot_descriptions/ur5_robotiq_85_description) by extensions ['colcon_pkg']
[0.198s] [34mcolcon.colcon_core.package_identification[0m [1;30mLevel 1[0m _identify(src/isaac_ros_benchmark/benchmarks/isaac_ros_moveit_benchmark/robot_descriptions/ur5_robotiq_85_description) by extension 'colcon_pkg'
[0.198s] [34mcolcon.colcon_core.package_identification[0m [1;30mLevel 1[0m _identify(src/isaac_ros_benchmark/benchmarks/isaac_ros_moveit_benchmark/robot_descriptions/ur5_robotiq_85_description) by extensions ['colcon_meta']
[0.198s] [34mcolcon.colcon_core.package_identification[0m [1;30mLevel 1[0m _identify(src/isaac_ros_benchmark/benchmarks/isaac_ros_moveit_benchmark/robot_descriptions/ur5_robotiq_85_description) by extension 'colcon_meta'
[0.198s] [34mcolcon.colcon_core.package_identification[0m [1;30mLevel 1[0m _identify(src/isaac_ros_benchmark/benchmarks/isaac_ros_moveit_benchmark/robot_descriptions/ur5_robotiq_85_description) by extensions ['ros']
[0.198s] [34mcolcon.colcon_core.package_identification[0m [1;30mLevel 1[0m _identify(src/isaac_ros_benchmark/benchmarks/isaac_ros_moveit_benchmark/robot_descriptions/ur5_robotiq_85_description) by extension 'ros'
[0.198s] [34mcolcon.colcon_core.package_identification[0m [1;30mDEBUG[0m [32mPackage 'src/isaac_ros_benchmark/benchmarks/isaac_ros_moveit_benchmark/robot_descriptions/ur5_robotiq_85_description' with type 'ros.ament_cmake' and name 'ur5_robotiq_85_description'[0m
[0.199s] [34mcolcon.colcon_core.package_identification[0m [1;30mLevel 1[0m _identify(src/isaac_ros_benchmark/benchmarks/isaac_ros_nitros_bridge_benchmark) by extensions ['ignore', 'ignore_ament_install']
[0.199s] [34mcolcon.colcon_core.package_identification[0m [1;30mLevel 1[0m _identify(src/isaac_ros_benchmark/benchmarks/isaac_ros_nitros_bridge_benchmark) by extension 'ignore'
[0.199s] [34mcolcon.colcon_core.package_identification[0m [1;30mLevel 1[0m _identify(src/isaac_ros_benchmark/benchmarks/isaac_ros_nitros_bridge_benchmark) by extension 'ignore_ament_install'
[0.199s] [34mcolcon.colcon_core.package_identification[0m [1;30mLevel 1[0m _identify(src/isaac_ros_benchmark/benchmarks/isaac_ros_nitros_bridge_benchmark) by extensions ['colcon_pkg']
[0.199s] [34mcolcon.colcon_core.package_identification[0m [1;30mLevel 1[0m _identify(src/isaac_ros_benchmark/benchmarks/isaac_ros_nitros_bridge_benchmark) by extension 'colcon_pkg'
[0.199s] [34mcolcon.colcon_core.package_identification[0m [1;30mLevel 1[0m _identify(src/isaac_ros_benchmark/benchmarks/isaac_ros_nitros_bridge_benchmark) by extensions ['colcon_meta']
[0.199s] [34mcolcon.colcon_core.package_identification[0m [1;30mLevel 1[0m _identify(src/isaac_ros_benchmark/benchmarks/isaac_ros_nitros_bridge_benchmark) by extension 'colcon_meta'
[0.199s] [34mcolcon.colcon_core.package_identification[0m [1;30mLevel 1[0m _identify(src/isaac_ros_benchmark/benchmarks/isaac_ros_nitros_bridge_benchmark) by extensions ['ros']
[0.199s] [34mcolcon.colcon_core.package_identification[0m [1;30mLevel 1[0m _identify(src/isaac_ros_benchmark/benchmarks/isaac_ros_nitros_bridge_benchmark) by extension 'ros'
[0.199s] [34mcolcon.colcon_core.package_identification[0m [1;30mDEBUG[0m [32mPackage 'src/isaac_ros_benchmark/benchmarks/isaac_ros_nitros_bridge_benchmark' with type 'ros.ament_cmake' and name 'isaac_ros_nitros_bridge_benchmark'[0m
[0.199s] [34mcolcon.colcon_core.package_identification[0m [1;30mLevel 1[0m _identify(src/isaac_ros_benchmark/benchmarks/isaac_ros_nvblox_benchmark) by extensions ['ignore', 'ignore_ament_install']
[0.199s] [34mcolcon.colcon_core.package_identification[0m [1;30mLevel 1[0m _identify(src/isaac_ros_benchmark/benchmarks/isaac_ros_nvblox_benchmark) by extension 'ignore'
[0.199s] [34mcolcon.colcon_core.package_identification[0m [1;30mLevel 1[0m _identify(src/isaac_ros_benchmark/benchmarks/isaac_ros_nvblox_benchmark) by extension 'ignore_ament_install'
[0.199s] [34mcolcon.colcon_core.package_identification[0m [1;30mLevel 1[0m _identify(src/isaac_ros_benchmark/benchmarks/isaac_ros_nvblox_benchmark) by extensions ['colcon_pkg']
[0.199s] [34mcolcon.colcon_core.package_identification[0m [1;30mLevel 1[0m _identify(src/isaac_ros_benchmark/benchmarks/isaac_ros_nvblox_benchmark) by extension 'colcon_pkg'
[0.199s] [34mcolcon.colcon_core.package_identification[0m [1;30mLevel 1[0m _identify(src/isaac_ros_benchmark/benchmarks/isaac_ros_nvblox_benchmark) by extensions ['colcon_meta']
[0.199s] [34mcolcon.colcon_core.package_identification[0m [1;30mLevel 1[0m _identify(src/isaac_ros_benchmark/benchmarks/isaac_ros_nvblox_benchmark) by extension 'colcon_meta'
[0.199s] [34mcolcon.colcon_core.package_identification[0m [1;30mLevel 1[0m _identify(src/isaac_ros_benchmark/benchmarks/isaac_ros_nvblox_benchmark) by extensions ['ros']
[0.199s] [34mcolcon.colcon_core.package_identification[0m [1;30mLevel 1[0m _identify(src/isaac_ros_benchmark/benchmarks/isaac_ros_nvblox_benchmark) by extension 'ros'
[0.200s] [34mcolcon.colcon_core.package_identification[0m [1;30mDEBUG[0m [32mPackage 'src/isaac_ros_benchmark/benchmarks/isaac_ros_nvblox_benchmark' with type 'ros.ament_cmake' and name 'isaac_ros_nvblox_benchmark'[0m
[0.200s] [34mcolcon.colcon_core.package_identification[0m [1;30mLevel 1[0m _identify(src/isaac_ros_benchmark/benchmarks/isaac_ros_occupancy_grid_localizer_benchmark) by extensions ['ignore', 'ignore_ament_install']
[0.200s] [34mcolcon.colcon_core.package_identification[0m [1;30mLevel 1[0m _identify(src/isaac_ros_benchmark/benchmarks/isaac_ros_occupancy_grid_localizer_benchmark) by extension 'ignore'
[0.200s] [34mcolcon.colcon_core.package_identification[0m [1;30mLevel 1[0m _identify(src/isaac_ros_benchmark/benchmarks/isaac_ros_occupancy_grid_localizer_benchmark) by extension 'ignore_ament_install'
[0.200s] [34mcolcon.colcon_core.package_identification[0m [1;30mLevel 1[0m _identify(src/isaac_ros_benchmark/benchmarks/isaac_ros_occupancy_grid_localizer_benchmark) by extensions ['colcon_pkg']
[0.200s] [34mcolcon.colcon_core.package_identification[0m [1;30mLevel 1[0m _identify(src/isaac_ros_benchmark/benchmarks/isaac_ros_occupancy_grid_localizer_benchmark) by extension 'colcon_pkg'
[0.200s] [34mcolcon.colcon_core.package_identification[0m [1;30mLevel 1[0m _identify(src/isaac_ros_benchmark/benchmarks/isaac_ros_occupancy_grid_localizer_benchmark) by extensions ['colcon_meta']
[0.200s] [34mcolcon.colcon_core.package_identification[0m [1;30mLevel 1[0m _identify(src/isaac_ros_benchmark/benchmarks/isaac_ros_occupancy_grid_localizer_benchmark) by extension 'colcon_meta'
[0.200s] [34mcolcon.colcon_core.package_identification[0m [1;30mLevel 1[0m _identify(src/isaac_ros_benchmark/benchmarks/isaac_ros_occupancy_grid_localizer_benchmark) by extensions ['ros']
[0.200s] [34mcolcon.colcon_core.package_identification[0m [1;30mLevel 1[0m _identify(src/isaac_ros_benchmark/benchmarks/isaac_ros_occupancy_grid_localizer_benchmark) by extension 'ros'
[0.201s] [34mcolcon.colcon_core.package_identification[0m [1;30mDEBUG[0m [32mPackage 'src/isaac_ros_benchmark/benchmarks/isaac_ros_occupancy_grid_localizer_benchmark' with type 'ros.ament_cmake' and name 'isaac_ros_occupancy_grid_localizer_benchmark'[0m
[0.201s] [34mcolcon.colcon_core.package_identification[0m [1;30mLevel 1[0m _identify(src/isaac_ros_benchmark/benchmarks/isaac_ros_perceptor_nova_benchmark) by extensions ['ignore', 'ignore_ament_install']
[0.201s] [34mcolcon.colcon_core.package_identification[0m [1;30mLevel 1[0m _identify(src/isaac_ros_benchmark/benchmarks/isaac_ros_perceptor_nova_benchmark) by extension 'ignore'
[0.201s] [34mcolcon.colcon_core.package_identification[0m [1;30mLevel 1[0m _identify(src/isaac_ros_benchmark/benchmarks/isaac_ros_perceptor_nova_benchmark) by extension 'ignore_ament_install'
[0.201s] [34mcolcon.colcon_core.package_identification[0m [1;30mLevel 1[0m _identify(src/isaac_ros_benchmark/benchmarks/isaac_ros_perceptor_nova_benchmark) by extensions ['colcon_pkg']
[0.201s] [34mcolcon.colcon_core.package_identification[0m [1;30mLevel 1[0m _identify(src/isaac_ros_benchmark/benchmarks/isaac_ros_perceptor_nova_benchmark) by extension 'colcon_pkg'
[0.201s] [34mcolcon.colcon_core.package_identification[0m [1;30mLevel 1[0m _identify(src/isaac_ros_benchmark/benchmarks/isaac_ros_perceptor_nova_benchmark) by extensions ['colcon_meta']
[0.201s] [34mcolcon.colcon_core.package_identification[0m [1;30mLevel 1[0m _identify(src/isaac_ros_benchmark/benchmarks/isaac_ros_perceptor_nova_benchmark) by extension 'colcon_meta'
[0.201s] [34mcolcon.colcon_core.package_identification[0m [1;30mLevel 1[0m _identify(src/isaac_ros_benchmark/benchmarks/isaac_ros_perceptor_nova_benchmark) by extensions ['ros']
[0.201s] [34mcolcon.colcon_core.package_identification[0m [1;30mLevel 1[0m _identify(src/isaac_ros_benchmark/benchmarks/isaac_ros_perceptor_nova_benchmark) by extension 'ros'
[0.201s] [34mcolcon.colcon_core.package_identification[0m [1;30mDEBUG[0m [32mPackage 'src/isaac_ros_benchmark/benchmarks/isaac_ros_perceptor_nova_benchmark' with type 'ros.ament_cmake' and name 'isaac_ros_perceptor_nova_benchmark'[0m
[0.201s] [34mcolcon.colcon_core.package_identification[0m [1;30mLevel 1[0m _identify(src/isaac_ros_benchmark/benchmarks/isaac_ros_pynitros_benchmark) by extensions ['ignore', 'ignore_ament_install']
[0.201s] [34mcolcon.colcon_core.package_identification[0m [1;30mLevel 1[0m _identify(src/isaac_ros_benchmark/benchmarks/isaac_ros_pynitros_benchmark) by extension 'ignore'
[0.202s] [34mcolcon.colcon_core.package_identification[0m [1;30mLevel 1[0m _identify(src/isaac_ros_benchmark/benchmarks/isaac_ros_pynitros_benchmark) by extension 'ignore_ament_install'
[0.202s] [34mcolcon.colcon_core.package_identification[0m [1;30mLevel 1[0m _identify(src/isaac_ros_benchmark/benchmarks/isaac_ros_pynitros_benchmark) by extensions ['colcon_pkg']
[0.202s] [34mcolcon.colcon_core.package_identification[0m [1;30mLevel 1[0m _identify(src/isaac_ros_benchmark/benchmarks/isaac_ros_pynitros_benchmark) by extension 'colcon_pkg'
[0.202s] [34mcolcon.colcon_core.package_identification[0m [1;30mLevel 1[0m _identify(src/isaac_ros_benchmark/benchmarks/isaac_ros_pynitros_benchmark) by extensions ['colcon_meta']
[0.202s] [34mcolcon.colcon_core.package_identification[0m [1;30mLevel 1[0m _identify(src/isaac_ros_benchmark/benchmarks/isaac_ros_pynitros_benchmark) by extension 'colcon_meta'
[0.202s] [34mcolcon.colcon_core.package_identification[0m [1;30mLevel 1[0m _identify(src/isaac_ros_benchmark/benchmarks/isaac_ros_pynitros_benchmark) by extensions ['ros']
[0.202s] [34mcolcon.colcon_core.package_identification[0m [1;30mLevel 1[0m _identify(src/isaac_ros_benchmark/benchmarks/isaac_ros_pynitros_benchmark) by extension 'ros'
[0.202s] [34mcolcon.colcon_core.package_identification[0m [1;30mDEBUG[0m [32mPackage 'src/isaac_ros_benchmark/benchmarks/isaac_ros_pynitros_benchmark' with type 'ros.ament_cmake' and name 'isaac_ros_pynitros_benchmark'[0m
[0.202s] [34mcolcon.colcon_core.package_identification[0m [1;30mLevel 1[0m _identify(src/isaac_ros_benchmark/benchmarks/isaac_ros_rtdetr_benchmark) by extensions ['ignore', 'ignore_ament_install']
[0.202s] [34mcolcon.colcon_core.package_identification[0m [1;30mLevel 1[0m _identify(src/isaac_ros_benchmark/benchmarks/isaac_ros_rtdetr_benchmark) by extension 'ignore'
[0.202s] [34mcolcon.colcon_core.package_identification[0m [1;30mLevel 1[0m _identify(src/isaac_ros_benchmark/benchmarks/isaac_ros_rtdetr_benchmark) by extension 'ignore_ament_install'
[0.202s] [34mcolcon.colcon_core.package_identification[0m [1;30mLevel 1[0m _identify(src/isaac_ros_benchmark/benchmarks/isaac_ros_rtdetr_benchmark) by extensions ['colcon_pkg']
[0.202s] [34mcolcon.colcon_core.package_identification[0m [1;30mLevel 1[0m _identify(src/isaac_ros_benchmark/benchmarks/isaac_ros_rtdetr_benchmark) by extension 'colcon_pkg'
[0.202s] [34mcolcon.colcon_core.package_identification[0m [1;30mLevel 1[0m _identify(src/isaac_ros_benchmark/benchmarks/isaac_ros_rtdetr_benchmark) by extensions ['colcon_meta']
[0.202s] [34mcolcon.colcon_core.package_identification[0m [1;30mLevel 1[0m _identify(src/isaac_ros_benchmark/benchmarks/isaac_ros_rtdetr_benchmark) by extension 'colcon_meta'
[0.202s] [34mcolcon.colcon_core.package_identification[0m [1;30mLevel 1[0m _identify(src/isaac_ros_benchmark/benchmarks/isaac_ros_rtdetr_benchmark) by extensions ['ros']
[0.202s] [34mcolcon.colcon_core.package_identification[0m [1;30mLevel 1[0m _identify(src/isaac_ros_benchmark/benchmarks/isaac_ros_rtdetr_benchmark) by extension 'ros'
[0.203s] [34mcolcon.colcon_core.package_identification[0m [1;30mDEBUG[0m [32mPackage 'src/isaac_ros_benchmark/benchmarks/isaac_ros_rtdetr_benchmark' with type 'ros.ament_cmake' and name 'isaac_ros_rtdetr_benchmark'[0m
[0.203s] [34mcolcon.colcon_core.package_identification[0m [1;30mLevel 1[0m _identify(src/isaac_ros_benchmark/benchmarks/isaac_ros_segformer_benchmark) by extensions ['ignore', 'ignore_ament_install']
[0.203s] [34mcolcon.colcon_core.package_identification[0m [1;30mLevel 1[0m _identify(src/isaac_ros_benchmark/benchmarks/isaac_ros_segformer_benchmark) by extension 'ignore'
[0.203s] [34mcolcon.colcon_core.package_identification[0m [1;30mLevel 1[0m _identify(src/isaac_ros_benchmark/benchmarks/isaac_ros_segformer_benchmark) by extension 'ignore_ament_install'
[0.203s] [34mcolcon.colcon_core.package_identification[0m [1;30mLevel 1[0m _identify(src/isaac_ros_benchmark/benchmarks/isaac_ros_segformer_benchmark) by extensions ['colcon_pkg']
[0.203s] [34mcolcon.colcon_core.package_identification[0m [1;30mLevel 1[0m _identify(src/isaac_ros_benchmark/benchmarks/isaac_ros_segformer_benchmark) by extension 'colcon_pkg'
[0.203s] [34mcolcon.colcon_core.package_identification[0m [1;30mLevel 1[0m _identify(src/isaac_ros_benchmark/benchmarks/isaac_ros_segformer_benchmark) by extensions ['colcon_meta']
[0.203s] [34mcolcon.colcon_core.package_identification[0m [1;30mLevel 1[0m _identify(src/isaac_ros_benchmark/benchmarks/isaac_ros_segformer_benchmark) by extension 'colcon_meta'
[0.203s] [34mcolcon.colcon_core.package_identification[0m [1;30mLevel 1[0m _identify(src/isaac_ros_benchmark/benchmarks/isaac_ros_segformer_benchmark) by extensions ['ros']
[0.203s] [34mcolcon.colcon_core.package_identification[0m [1;30mLevel 1[0m _identify(src/isaac_ros_benchmark/benchmarks/isaac_ros_segformer_benchmark) by extension 'ros'
[0.204s] [34mcolcon.colcon_core.package_identification[0m [1;30mDEBUG[0m [32mPackage 'src/isaac_ros_benchmark/benchmarks/isaac_ros_segformer_benchmark' with type 'ros.ament_cmake' and name 'isaac_ros_segformer_benchmark'[0m
[0.204s] [34mcolcon.colcon_core.package_identification[0m [1;30mLevel 1[0m _identify(src/isaac_ros_benchmark/benchmarks/isaac_ros_segment_anything_benchmark) by extensions ['ignore', 'ignore_ament_install']
[0.204s] [34mcolcon.colcon_core.package_identification[0m [1;30mLevel 1[0m _identify(src/isaac_ros_benchmark/benchmarks/isaac_ros_segment_anything_benchmark) by extension 'ignore'
[0.204s] [34mcolcon.colcon_core.package_identification[0m [1;30mLevel 1[0m _identify(src/isaac_ros_benchmark/benchmarks/isaac_ros_segment_anything_benchmark) by extension 'ignore_ament_install'
[0.204s] [34mcolcon.colcon_core.package_identification[0m [1;30mLevel 1[0m _identify(src/isaac_ros_benchmark/benchmarks/isaac_ros_segment_anything_benchmark) by extensions ['colcon_pkg']
[0.204s] [34mcolcon.colcon_core.package_identification[0m [1;30mLevel 1[0m _identify(src/isaac_ros_benchmark/benchmarks/isaac_ros_segment_anything_benchmark) by extension 'colcon_pkg'
[0.204s] [34mcolcon.colcon_core.package_identification[0m [1;30mLevel 1[0m _identify(src/isaac_ros_benchmark/benchmarks/isaac_ros_segment_anything_benchmark) by extensions ['colcon_meta']
[0.204s] [34mcolcon.colcon_core.package_identification[0m [1;30mLevel 1[0m _identify(src/isaac_ros_benchmark/benchmarks/isaac_ros_segment_anything_benchmark) by extension 'colcon_meta'
[0.204s] [34mcolcon.colcon_core.package_identification[0m [1;30mLevel 1[0m _identify(src/isaac_ros_benchmark/benchmarks/isaac_ros_segment_anything_benchmark) by extensions ['ros']
[0.204s] [34mcolcon.colcon_core.package_identification[0m [1;30mLevel 1[0m _identify(src/isaac_ros_benchmark/benchmarks/isaac_ros_segment_anything_benchmark) by extension 'ros'
[0.204s] [34mcolcon.colcon_core.package_identification[0m [1;30mDEBUG[0m [32mPackage 'src/isaac_ros_benchmark/benchmarks/isaac_ros_segment_anything_benchmark' with type 'ros.ament_cmake' and name 'isaac_ros_segment_anything_benchmark'[0m
[0.204s] [34mcolcon.colcon_core.package_identification[0m [1;30mLevel 1[0m _identify(src/isaac_ros_benchmark/benchmarks/isaac_ros_stereo_image_proc_benchmark) by extensions ['ignore', 'ignore_ament_install']
[0.205s] [34mcolcon.colcon_core.package_identification[0m [1;30mLevel 1[0m _identify(src/isaac_ros_benchmark/benchmarks/isaac_ros_stereo_image_proc_benchmark) by extension 'ignore'
[0.205s] [34mcolcon.colcon_core.package_identification[0m [1;30mLevel 1[0m _identify(src/isaac_ros_benchmark/benchmarks/isaac_ros_stereo_image_proc_benchmark) by extension 'ignore_ament_install'
[0.205s] [34mcolcon.colcon_core.package_identification[0m [1;30mLevel 1[0m _identify(src/isaac_ros_benchmark/benchmarks/isaac_ros_stereo_image_proc_benchmark) by extensions ['colcon_pkg']
[0.205s] [34mcolcon.colcon_core.package_identification[0m [1;30mLevel 1[0m _identify(src/isaac_ros_benchmark/benchmarks/isaac_ros_stereo_image_proc_benchmark) by extension 'colcon_pkg'
[0.205s] [34mcolcon.colcon_core.package_identification[0m [1;30mLevel 1[0m _identify(src/isaac_ros_benchmark/benchmarks/isaac_ros_stereo_image_proc_benchmark) by extensions ['colcon_meta']
[0.205s] [34mcolcon.colcon_core.package_identification[0m [1;30mLevel 1[0m _identify(src/isaac_ros_benchmark/benchmarks/isaac_ros_stereo_image_proc_benchmark) by extension 'colcon_meta'
[0.205s] [34mcolcon.colcon_core.package_identification[0m [1;30mLevel 1[0m _identify(src/isaac_ros_benchmark/benchmarks/isaac_ros_stereo_image_proc_benchmark) by extensions ['ros']
[0.205s] [34mcolcon.colcon_core.package_identification[0m [1;30mLevel 1[0m _identify(src/isaac_ros_benchmark/benchmarks/isaac_ros_stereo_image_proc_benchmark) by extension 'ros'
[0.205s] [34mcolcon.colcon_core.package_identification[0m [1;30mDEBUG[0m [32mPackage 'src/isaac_ros_benchmark/benchmarks/isaac_ros_stereo_image_proc_benchmark' with type 'ros.ament_cmake' and name 'isaac_ros_stereo_image_proc_benchmark'[0m
[0.205s] [34mcolcon.colcon_core.package_identification[0m [1;30mLevel 1[0m _identify(src/isaac_ros_benchmark/benchmarks/isaac_ros_tensor_rt_benchmark) by extensions ['ignore', 'ignore_ament_install']
[0.205s] [34mcolcon.colcon_core.package_identification[0m [1;30mLevel 1[0m _identify(src/isaac_ros_benchmark/benchmarks/isaac_ros_tensor_rt_benchmark) by extension 'ignore'
[0.205s] [34mcolcon.colcon_core.package_identification[0m [1;30mLevel 1[0m _identify(src/isaac_ros_benchmark/benchmarks/isaac_ros_tensor_rt_benchmark) by extension 'ignore_ament_install'
[0.205s] [34mcolcon.colcon_core.package_identification[0m [1;30mLevel 1[0m _identify(src/isaac_ros_benchmark/benchmarks/isaac_ros_tensor_rt_benchmark) by extensions ['colcon_pkg']
[0.205s] [34mcolcon.colcon_core.package_identification[0m [1;30mLevel 1[0m _identify(src/isaac_ros_benchmark/benchmarks/isaac_ros_tensor_rt_benchmark) by extension 'colcon_pkg'
[0.205s] [34mcolcon.colcon_core.package_identification[0m [1;30mLevel 1[0m _identify(src/isaac_ros_benchmark/benchmarks/isaac_ros_tensor_rt_benchmark) by extensions ['colcon_meta']
[0.205s] [34mcolcon.colcon_core.package_identification[0m [1;30mLevel 1[0m _identify(src/isaac_ros_benchmark/benchmarks/isaac_ros_tensor_rt_benchmark) by extension 'colcon_meta'
[0.205s] [34mcolcon.colcon_core.package_identification[0m [1;30mLevel 1[0m _identify(src/isaac_ros_benchmark/benchmarks/isaac_ros_tensor_rt_benchmark) by extensions ['ros']
[0.205s] [34mcolcon.colcon_core.package_identification[0m [1;30mLevel 1[0m _identify(src/isaac_ros_benchmark/benchmarks/isaac_ros_tensor_rt_benchmark) by extension 'ros'
[0.206s] [34mcolcon.colcon_core.package_identification[0m [1;30mDEBUG[0m [32mPackage 'src/isaac_ros_benchmark/benchmarks/isaac_ros_tensor_rt_benchmark' with type 'ros.ament_cmake' and name 'isaac_ros_tensor_rt_benchmark'[0m
[0.206s] [34mcolcon.colcon_core.package_identification[0m [1;30mLevel 1[0m _identify(src/isaac_ros_benchmark/benchmarks/isaac_ros_triton_benchmark) by extensions ['ignore', 'ignore_ament_install']
[0.206s] [34mcolcon.colcon_core.package_identification[0m [1;30mLevel 1[0m _identify(src/isaac_ros_benchmark/benchmarks/isaac_ros_triton_benchmark) by extension 'ignore'
[0.206s] [34mcolcon.colcon_core.package_identification[0m [1;30mLevel 1[0m _identify(src/isaac_ros_benchmark/benchmarks/isaac_ros_triton_benchmark) by extension 'ignore_ament_install'
[0.206s] [34mcolcon.colcon_core.package_identification[0m [1;30mLevel 1[0m _identify(src/isaac_ros_benchmark/benchmarks/isaac_ros_triton_benchmark) by extensions ['colcon_pkg']
[0.206s] [34mcolcon.colcon_core.package_identification[0m [1;30mLevel 1[0m _identify(src/isaac_ros_benchmark/benchmarks/isaac_ros_triton_benchmark) by extension 'colcon_pkg'
[0.206s] [34mcolcon.colcon_core.package_identification[0m [1;30mLevel 1[0m _identify(src/isaac_ros_benchmark/benchmarks/isaac_ros_triton_benchmark) by extensions ['colcon_meta']
[0.206s] [34mcolcon.colcon_core.package_identification[0m [1;30mLevel 1[0m _identify(src/isaac_ros_benchmark/benchmarks/isaac_ros_triton_benchmark) by extension 'colcon_meta'
[0.206s] [34mcolcon.colcon_core.package_identification[0m [1;30mLevel 1[0m _identify(src/isaac_ros_benchmark/benchmarks/isaac_ros_triton_benchmark) by extensions ['ros']
[0.206s] [34mcolcon.colcon_core.package_identification[0m [1;30mLevel 1[0m _identify(src/isaac_ros_benchmark/benchmarks/isaac_ros_triton_benchmark) by extension 'ros'
[0.206s] [34mcolcon.colcon_core.package_identification[0m [1;30mDEBUG[0m [32mPackage 'src/isaac_ros_benchmark/benchmarks/isaac_ros_triton_benchmark' with type 'ros.ament_cmake' and name 'isaac_ros_triton_benchmark'[0m
[0.207s] [34mcolcon.colcon_core.package_identification[0m [1;30mLevel 1[0m _identify(src/isaac_ros_benchmark/benchmarks/isaac_ros_unet_benchmark) by extensions ['ignore', 'ignore_ament_install']
[0.207s] [34mcolcon.colcon_core.package_identification[0m [1;30mLevel 1[0m _identify(src/isaac_ros_benchmark/benchmarks/isaac_ros_unet_benchmark) by extension 'ignore'
[0.207s] [34mcolcon.colcon_core.package_identification[0m [1;30mLevel 1[0m _identify(src/isaac_ros_benchmark/benchmarks/isaac_ros_unet_benchmark) by extension 'ignore_ament_install'
[0.207s] [34mcolcon.colcon_core.package_identification[0m [1;30mLevel 1[0m _identify(src/isaac_ros_benchmark/benchmarks/isaac_ros_unet_benchmark) by extensions ['colcon_pkg']
[0.207s] [34mcolcon.colcon_core.package_identification[0m [1;30mLevel 1[0m _identify(src/isaac_ros_benchmark/benchmarks/isaac_ros_unet_benchmark) by extension 'colcon_pkg'
[0.207s] [34mcolcon.colcon_core.package_identification[0m [1;30mLevel 1[0m _identify(src/isaac_ros_benchmark/benchmarks/isaac_ros_unet_benchmark) by extensions ['colcon_meta']
[0.207s] [34mcolcon.colcon_core.package_identification[0m [1;30mLevel 1[0m _identify(src/isaac_ros_benchmark/benchmarks/isaac_ros_unet_benchmark) by extension 'colcon_meta'
[0.207s] [34mcolcon.colcon_core.package_identification[0m [1;30mLevel 1[0m _identify(src/isaac_ros_benchmark/benchmarks/isaac_ros_unet_benchmark) by extensions ['ros']
[0.207s] [34mcolcon.colcon_core.package_identification[0m [1;30mLevel 1[0m _identify(src/isaac_ros_benchmark/benchmarks/isaac_ros_unet_benchmark) by extension 'ros'
[0.207s] [34mcolcon.colcon_core.package_identification[0m [1;30mDEBUG[0m [32mPackage 'src/isaac_ros_benchmark/benchmarks/isaac_ros_unet_benchmark' with type 'ros.ament_cmake' and name 'isaac_ros_unet_benchmark'[0m
[0.207s] [34mcolcon.colcon_core.package_identification[0m [1;30mLevel 1[0m _identify(src/isaac_ros_benchmark/benchmarks/isaac_ros_visual_slam_benchmark) by extensions ['ignore', 'ignore_ament_install']
[0.207s] [34mcolcon.colcon_core.package_identification[0m [1;30mLevel 1[0m _identify(src/isaac_ros_benchmark/benchmarks/isaac_ros_visual_slam_benchmark) by extension 'ignore'
[0.207s] [34mcolcon.colcon_core.package_identification[0m [1;30mLevel 1[0m _identify(src/isaac_ros_benchmark/benchmarks/isaac_ros_visual_slam_benchmark) by extension 'ignore_ament_install'
[0.207s] [34mcolcon.colcon_core.package_identification[0m [1;30mLevel 1[0m _identify(src/isaac_ros_benchmark/benchmarks/isaac_ros_visual_slam_benchmark) by extensions ['colcon_pkg']
[0.207s] [34mcolcon.colcon_core.package_identification[0m [1;30mLevel 1[0m _identify(src/isaac_ros_benchmark/benchmarks/isaac_ros_visual_slam_benchmark) by extension 'colcon_pkg'
[0.207s] [34mcolcon.colcon_core.package_identification[0m [1;30mLevel 1[0m _identify(src/isaac_ros_benchmark/benchmarks/isaac_ros_visual_slam_benchmark) by extensions ['colcon_meta']
[0.207s] [34mcolcon.colcon_core.package_identification[0m [1;30mLevel 1[0m _identify(src/isaac_ros_benchmark/benchmarks/isaac_ros_visual_slam_benchmark) by extension 'colcon_meta'
[0.207s] [34mcolcon.colcon_core.package_identification[0m [1;30mLevel 1[0m _identify(src/isaac_ros_benchmark/benchmarks/isaac_ros_visual_slam_benchmark) by extensions ['ros']
[0.207s] [34mcolcon.colcon_core.package_identification[0m [1;30mLevel 1[0m _identify(src/isaac_ros_benchmark/benchmarks/isaac_ros_visual_slam_benchmark) by extension 'ros'
[0.208s] [34mcolcon.colcon_core.package_identification[0m [1;30mDEBUG[0m [32mPackage 'src/isaac_ros_benchmark/benchmarks/isaac_ros_visual_slam_benchmark' with type 'ros.ament_cmake' and name 'isaac_ros_visual_slam_benchmark'[0m
[0.208s] [34mcolcon.colcon_core.package_identification[0m [1;30mLevel 1[0m _identify(src/isaac_ros_benchmark/isaac_ros_benchmark) by extensions ['ignore', 'ignore_ament_install']
[0.208s] [34mcolcon.colcon_core.package_identification[0m [1;30mLevel 1[0m _identify(src/isaac_ros_benchmark/isaac_ros_benchmark) by extension 'ignore'
[0.208s] [34mcolcon.colcon_core.package_identification[0m [1;30mLevel 1[0m _identify(src/isaac_ros_benchmark/isaac_ros_benchmark) by extension 'ignore_ament_install'
[0.208s] [34mcolcon.colcon_core.package_identification[0m [1;30mLevel 1[0m _identify(src/isaac_ros_benchmark/isaac_ros_benchmark) by extensions ['colcon_pkg']
[0.208s] [34mcolcon.colcon_core.package_identification[0m [1;30mLevel 1[0m _identify(src/isaac_ros_benchmark/isaac_ros_benchmark) by extension 'colcon_pkg'
[0.208s] [34mcolcon.colcon_core.package_identification[0m [1;30mLevel 1[0m _identify(src/isaac_ros_benchmark/isaac_ros_benchmark) by extensions ['colcon_meta']
[0.208s] [34mcolcon.colcon_core.package_identification[0m [1;30mLevel 1[0m _identify(src/isaac_ros_benchmark/isaac_ros_benchmark) by extension 'colcon_meta'
[0.208s] [34mcolcon.colcon_core.package_identification[0m [1;30mLevel 1[0m _identify(src/isaac_ros_benchmark/isaac_ros_benchmark) by extensions ['ros']
[0.208s] [34mcolcon.colcon_core.package_identification[0m [1;30mLevel 1[0m _identify(src/isaac_ros_benchmark/isaac_ros_benchmark) by extension 'ros'
[0.209s] [34mcolcon.colcon_core.package_identification[0m [1;30mDEBUG[0m [32mPackage 'src/isaac_ros_benchmark/isaac_ros_benchmark' with type 'ros.ament_cmake' and name 'isaac_ros_benchmark'[0m
[0.209s] [34mcolcon.colcon_core.package_identification[0m [1;30mLevel 1[0m _identify(src/isaac_ros_benchmark/results) by extensions ['ignore', 'ignore_ament_install']
[0.209s] [34mcolcon.colcon_core.package_identification[0m [1;30mLevel 1[0m _identify(src/isaac_ros_benchmark/results) by extension 'ignore'
[0.209s] [34mcolcon.colcon_core.package_identification[0m [1;30mLevel 1[0m _identify(src/isaac_ros_benchmark/results) by extension 'ignore_ament_install'
[0.209s] [34mcolcon.colcon_core.package_identification[0m [1;30mLevel 1[0m _identify(src/isaac_ros_benchmark/results) by extensions ['colcon_pkg']
[0.209s] [34mcolcon.colcon_core.package_identification[0m [1;30mLevel 1[0m _identify(src/isaac_ros_benchmark/results) by extension 'colcon_pkg'
[0.209s] [34mcolcon.colcon_core.package_identification[0m [1;30mLevel 1[0m _identify(src/isaac_ros_benchmark/results) by extensions ['colcon_meta']
[0.209s] [34mcolcon.colcon_core.package_identification[0m [1;30mLevel 1[0m _identify(src/isaac_ros_benchmark/results) by extension 'colcon_meta'
[0.209s] [34mcolcon.colcon_core.package_identification[0m [1;30mLevel 1[0m _identify(src/isaac_ros_benchmark/results) by extensions ['ros']
[0.209s] [34mcolcon.colcon_core.package_identification[0m [1;30mLevel 1[0m _identify(src/isaac_ros_benchmark/results) by extension 'ros'
[0.210s] [34mcolcon.colcon_core.package_identification[0m [1;30mLevel 1[0m _identify(src/isaac_ros_benchmark/results) by extensions ['cmake', 'python']
[0.210s] [34mcolcon.colcon_core.package_identification[0m [1;30mLevel 1[0m _identify(src/isaac_ros_benchmark/results) by extension 'cmake'
[0.210s] [34mcolcon.colcon_core.package_identification[0m [1;30mLevel 1[0m _identify(src/isaac_ros_benchmark/results) by extension 'python'
[0.210s] [34mcolcon.colcon_core.package_identification[0m [1;30mLevel 1[0m _identify(src/isaac_ros_benchmark/results) by extensions ['python_setup_py']
[0.210s] [34mcolcon.colcon_core.package_identification[0m [1;30mLevel 1[0m _identify(src/isaac_ros_benchmark/results) by extension 'python_setup_py'
[0.210s] [34mcolcon.colcon_core.package_identification[0m [1;30mLevel 1[0m _identify(src/isaac_ros_common) by extensions ['ignore', 'ignore_ament_install']
[0.210s] [34mcolcon.colcon_core.package_identification[0m [1;30mLevel 1[0m _identify(src/isaac_ros_common) by extension 'ignore'
[0.210s] [34mcolcon.colcon_core.package_identification[0m [1;30mLevel 1[0m _identify(src/isaac_ros_common) by extension 'ignore_ament_install'
[0.210s] [34mcolcon.colcon_core.package_identification[0m [1;30mLevel 1[0m _identify(src/isaac_ros_common) by extensions ['colcon_pkg']
[0.210s] [34mcolcon.colcon_core.package_identification[0m [1;30mLevel 1[0m _identify(src/isaac_ros_common) by extension 'colcon_pkg'
[0.210s] [34mcolcon.colcon_core.package_identification[0m [1;30mLevel 1[0m _identify(src/isaac_ros_common) by extensions ['colcon_meta']
[0.210s] [34mcolcon.colcon_core.package_identification[0m [1;30mLevel 1[0m _identify(src/isaac_ros_common) by extension 'colcon_meta'
[0.210s] [34mcolcon.colcon_core.package_identification[0m [1;30mLevel 1[0m _identify(src/isaac_ros_common) by extensions ['ros']
[0.210s] [34mcolcon.colcon_core.package_identification[0m [1;30mLevel 1[0m _identify(src/isaac_ros_common) by extension 'ros'
[0.210s] [34mcolcon.colcon_core.package_identification[0m [1;30mLevel 1[0m _identify(src/isaac_ros_common) by extensions ['cmake', 'python']
[0.210s] [34mcolcon.colcon_core.package_identification[0m [1;30mLevel 1[0m _identify(src/isaac_ros_common) by extension 'cmake'
[0.210s] [34mcolcon.colcon_core.package_identification[0m [1;30mLevel 1[0m _identify(src/isaac_ros_common) by extension 'python'
[0.210s] [34mcolcon.colcon_core.package_identification[0m [1;30mLevel 1[0m _identify(src/isaac_ros_common) by extensions ['python_setup_py']
[0.210s] [34mcolcon.colcon_core.package_identification[0m [1;30mLevel 1[0m _identify(src/isaac_ros_common) by extension 'python_setup_py'
[0.210s] [34mcolcon.colcon_core.package_identification[0m [1;30mLevel 1[0m _identify(src/isaac_ros_common/docker) by extensions ['ignore', 'ignore_ament_install']
[0.210s] [34mcolcon.colcon_core.package_identification[0m [1;30mLevel 1[0m _identify(src/isaac_ros_common/docker) by extension 'ignore'
[0.210s] [34mcolcon.colcon_core.package_identification[0m [1;30mLevel 1[0m _identify(src/isaac_ros_common/docker) by extension 'ignore_ament_install'
[0.210s] [34mcolcon.colcon_core.package_identification[0m [1;30mLevel 1[0m _identify(src/isaac_ros_common/docker) by extensions ['colcon_pkg']
[0.210s] [34mcolcon.colcon_core.package_identification[0m [1;30mLevel 1[0m _identify(src/isaac_ros_common/docker) by extension 'colcon_pkg'
[0.210s] [34mcolcon.colcon_core.package_identification[0m [1;30mLevel 1[0m _identify(src/isaac_ros_common/docker) by extensions ['colcon_meta']
[0.210s] [34mcolcon.colcon_core.package_identification[0m [1;30mLevel 1[0m _identify(src/isaac_ros_common/docker) by extension 'colcon_meta'
[0.210s] [34mcolcon.colcon_core.package_identification[0m [1;30mLevel 1[0m _identify(src/isaac_ros_common/docker) by extensions ['ros']
[0.210s] [34mcolcon.colcon_core.package_identification[0m [1;30mLevel 1[0m _identify(src/isaac_ros_common/docker) by extension 'ros'
[0.210s] [34mcolcon.colcon_core.package_identification[0m [1;30mLevel 1[0m _identify(src/isaac_ros_common/docker) by extensions ['cmake', 'python']
[0.210s] [34mcolcon.colcon_core.package_identification[0m [1;30mLevel 1[0m _identify(src/isaac_ros_common/docker) by extension 'cmake'
[0.210s] [34mcolcon.colcon_core.package_identification[0m [1;30mLevel 1[0m _identify(src/isaac_ros_common/docker) by extension 'python'
[0.210s] [34mcolcon.colcon_core.package_identification[0m [1;30mLevel 1[0m _identify(src/isaac_ros_common/docker) by extensions ['python_setup_py']
[0.210s] [34mcolcon.colcon_core.package_identification[0m [1;30mLevel 1[0m _identify(src/isaac_ros_common/docker) by extension 'python_setup_py'
[0.210s] [34mcolcon.colcon_core.package_identification[0m [1;30mLevel 1[0m _identify(src/isaac_ros_common/docker/middleware_profiles) by extensions ['ignore', 'ignore_ament_install']
[0.210s] [34mcolcon.colcon_core.package_identification[0m [1;30mLevel 1[0m _identify(src/isaac_ros_common/docker/middleware_profiles) by extension 'ignore'
[0.210s] [34mcolcon.colcon_core.package_identification[0m [1;30mLevel 1[0m _identify(src/isaac_ros_common/docker/middleware_profiles) by extension 'ignore_ament_install'
[0.210s] [34mcolcon.colcon_core.package_identification[0m [1;30mLevel 1[0m _identify(src/isaac_ros_common/docker/middleware_profiles) by extensions ['colcon_pkg']
[0.210s] [34mcolcon.colcon_core.package_identification[0m [1;30mLevel 1[0m _identify(src/isaac_ros_common/docker/middleware_profiles) by extension 'colcon_pkg'
[0.210s] [34mcolcon.colcon_core.package_identification[0m [1;30mLevel 1[0m _identify(src/isaac_ros_common/docker/middleware_profiles) by extensions ['colcon_meta']
[0.210s] [34mcolcon.colcon_core.package_identification[0m [1;30mLevel 1[0m _identify(src/isaac_ros_common/docker/middleware_profiles) by extension 'colcon_meta'
[0.210s] [34mcolcon.colcon_core.package_identification[0m [1;30mLevel 1[0m _identify(src/isaac_ros_common/docker/middleware_profiles) by extensions ['ros']
[0.210s] [34mcolcon.colcon_core.package_identification[0m [1;30mLevel 1[0m _identify(src/isaac_ros_common/docker/middleware_profiles) by extension 'ros'
[0.210s] [34mcolcon.colcon_core.package_identification[0m [1;30mLevel 1[0m _identify(src/isaac_ros_common/docker/middleware_profiles) by extensions ['cmake', 'python']
[0.210s] [34mcolcon.colcon_core.package_identification[0m [1;30mLevel 1[0m _identify(src/isaac_ros_common/docker/middleware_profiles) by extension 'cmake'
[0.211s] [34mcolcon.colcon_core.package_identification[0m [1;30mLevel 1[0m _identify(src/isaac_ros_common/docker/middleware_profiles) by extension 'python'
[0.211s] [34mcolcon.colcon_core.package_identification[0m [1;30mLevel 1[0m _identify(src/isaac_ros_common/docker/middleware_profiles) by extensions ['python_setup_py']
[0.211s] [34mcolcon.colcon_core.package_identification[0m [1;30mLevel 1[0m _identify(src/isaac_ros_common/docker/middleware_profiles) by extension 'python_setup_py'
[0.211s] [34mcolcon.colcon_core.package_identification[0m [1;30mLevel 1[0m _identify(src/isaac_ros_common/docker/patches) by extensions ['ignore', 'ignore_ament_install']
[0.211s] [34mcolcon.colcon_core.package_identification[0m [1;30mLevel 1[0m _identify(src/isaac_ros_common/docker/patches) by extension 'ignore'
[0.211s] [34mcolcon.colcon_core.package_identification[0m [1;30mLevel 1[0m _identify(src/isaac_ros_common/docker/patches) by extension 'ignore_ament_install'
[0.211s] [34mcolcon.colcon_core.package_identification[0m [1;30mLevel 1[0m _identify(src/isaac_ros_common/docker/patches) by extensions ['colcon_pkg']
[0.211s] [34mcolcon.colcon_core.package_identification[0m [1;30mLevel 1[0m _identify(src/isaac_ros_common/docker/patches) by extension 'colcon_pkg'
[0.211s] [34mcolcon.colcon_core.package_identification[0m [1;30mLevel 1[0m _identify(src/isaac_ros_common/docker/patches) by extensions ['colcon_meta']
[0.211s] [34mcolcon.colcon_core.package_identification[0m [1;30mLevel 1[0m _identify(src/isaac_ros_common/docker/patches) by extension 'colcon_meta'
[0.211s] [34mcolcon.colcon_core.package_identification[0m [1;30mLevel 1[0m _identify(src/isaac_ros_common/docker/patches) by extensions ['ros']
[0.211s] [34mcolcon.colcon_core.package_identification[0m [1;30mLevel 1[0m _identify(src/isaac_ros_common/docker/patches) by extension 'ros'
[0.211s] [34mcolcon.colcon_core.package_identification[0m [1;30mLevel 1[0m _identify(src/isaac_ros_common/docker/patches) by extensions ['cmake', 'python']
[0.211s] [34mcolcon.colcon_core.package_identification[0m [1;30mLevel 1[0m _identify(src/isaac_ros_common/docker/patches) by extension 'cmake'
[0.211s] [34mcolcon.colcon_core.package_identification[0m [1;30mLevel 1[0m _identify(src/isaac_ros_common/docker/patches) by extension 'python'
[0.211s] [34mcolcon.colcon_core.package_identification[0m [1;30mLevel 1[0m _identify(src/isaac_ros_common/docker/patches) by extensions ['python_setup_py']
[0.211s] [34mcolcon.colcon_core.package_identification[0m [1;30mLevel 1[0m _identify(src/isaac_ros_common/docker/patches) by extension 'python_setup_py'
[0.211s] [34mcolcon.colcon_core.package_identification[0m [1;30mLevel 1[0m _identify(src/isaac_ros_common/docker/rosdep) by extensions ['ignore', 'ignore_ament_install']
[0.211s] [34mcolcon.colcon_core.package_identification[0m [1;30mLevel 1[0m _identify(src/isaac_ros_common/docker/rosdep) by extension 'ignore'
[0.211s] [34mcolcon.colcon_core.package_identification[0m [1;30mLevel 1[0m _identify(src/isaac_ros_common/docker/rosdep) by extension 'ignore_ament_install'
[0.211s] [34mcolcon.colcon_core.package_identification[0m [1;30mLevel 1[0m _identify(src/isaac_ros_common/docker/rosdep) by extensions ['colcon_pkg']
[0.211s] [34mcolcon.colcon_core.package_identification[0m [1;30mLevel 1[0m _identify(src/isaac_ros_common/docker/rosdep) by extension 'colcon_pkg'
[0.211s] [34mcolcon.colcon_core.package_identification[0m [1;30mLevel 1[0m _identify(src/isaac_ros_common/docker/rosdep) by extensions ['colcon_meta']
[0.211s] [34mcolcon.colcon_core.package_identification[0m [1;30mLevel 1[0m _identify(src/isaac_ros_common/docker/rosdep) by extension 'colcon_meta'
[0.211s] [34mcolcon.colcon_core.package_identification[0m [1;30mLevel 1[0m _identify(src/isaac_ros_common/docker/rosdep) by extensions ['ros']
[0.211s] [34mcolcon.colcon_core.package_identification[0m [1;30mLevel 1[0m _identify(src/isaac_ros_common/docker/rosdep) by extension 'ros'
[0.211s] [34mcolcon.colcon_core.package_identification[0m [1;30mLevel 1[0m _identify(src/isaac_ros_common/docker/rosdep) by extensions ['cmake', 'python']
[0.211s] [34mcolcon.colcon_core.package_identification[0m [1;30mLevel 1[0m _identify(src/isaac_ros_common/docker/rosdep) by extension 'cmake'
[0.211s] [34mcolcon.colcon_core.package_identification[0m [1;30mLevel 1[0m _identify(src/isaac_ros_common/docker/rosdep) by extension 'python'
[0.211s] [34mcolcon.colcon_core.package_identification[0m [1;30mLevel 1[0m _identify(src/isaac_ros_common/docker/rosdep) by extensions ['python_setup_py']
[0.211s] [34mcolcon.colcon_core.package_identification[0m [1;30mLevel 1[0m _identify(src/isaac_ros_common/docker/rosdep) by extension 'python_setup_py'
[0.211s] [34mcolcon.colcon_core.package_identification[0m [1;30mLevel 1[0m _identify(src/isaac_ros_common/docker/rosdep/ros-humble-cuda-python-placeholder) by extensions ['ignore', 'ignore_ament_install']
[0.211s] [34mcolcon.colcon_core.package_identification[0m [1;30mLevel 1[0m _identify(src/isaac_ros_common/docker/rosdep/ros-humble-cuda-python-placeholder) by extension 'ignore'
[0.211s] [34mcolcon.colcon_core.package_identification[0m [1;30mLevel 1[0m _identify(src/isaac_ros_common/docker/rosdep/ros-humble-cuda-python-placeholder) by extension 'ignore_ament_install'
[0.211s] [34mcolcon.colcon_core.package_identification[0m [1;30mLevel 1[0m _identify(src/isaac_ros_common/docker/rosdep/ros-humble-cuda-python-placeholder) by extensions ['colcon_pkg']
[0.211s] [34mcolcon.colcon_core.package_identification[0m [1;30mLevel 1[0m _identify(src/isaac_ros_common/docker/rosdep/ros-humble-cuda-python-placeholder) by extension 'colcon_pkg'
[0.211s] [34mcolcon.colcon_core.package_identification[0m [1;30mLevel 1[0m _identify(src/isaac_ros_common/docker/rosdep/ros-humble-cuda-python-placeholder) by extensions ['colcon_meta']
[0.211s] [34mcolcon.colcon_core.package_identification[0m [1;30mLevel 1[0m _identify(src/isaac_ros_common/docker/rosdep/ros-humble-cuda-python-placeholder) by extension 'colcon_meta'
[0.211s] [34mcolcon.colcon_core.package_identification[0m [1;30mLevel 1[0m _identify(src/isaac_ros_common/docker/rosdep/ros-humble-cuda-python-placeholder) by extensions ['ros']
[0.211s] [34mcolcon.colcon_core.package_identification[0m [1;30mLevel 1[0m _identify(src/isaac_ros_common/docker/rosdep/ros-humble-cuda-python-placeholder) by extension 'ros'
[0.211s] [34mcolcon.colcon_core.package_identification[0m [1;30mLevel 1[0m _identify(src/isaac_ros_common/docker/rosdep/ros-humble-cuda-python-placeholder) by extensions ['cmake', 'python']
[0.211s] [34mcolcon.colcon_core.package_identification[0m [1;30mLevel 1[0m _identify(src/isaac_ros_common/docker/rosdep/ros-humble-cuda-python-placeholder) by extension 'cmake'
[0.211s] [34mcolcon.colcon_core.package_identification[0m [1;30mLevel 1[0m _identify(src/isaac_ros_common/docker/rosdep/ros-humble-cuda-python-placeholder) by extension 'python'
[0.211s] [34mcolcon.colcon_core.package_identification[0m [1;30mLevel 1[0m _identify(src/isaac_ros_common/docker/rosdep/ros-humble-cuda-python-placeholder) by extensions ['python_setup_py']
[0.211s] [34mcolcon.colcon_core.package_identification[0m [1;30mLevel 1[0m _identify(src/isaac_ros_common/docker/rosdep/ros-humble-cuda-python-placeholder) by extension 'python_setup_py'
[0.212s] [34mcolcon.colcon_core.package_identification[0m [1;30mLevel 1[0m _identify(src/isaac_ros_common/docker/rosdep/ros-humble-cuda-python-placeholder/DEBIAN) by extensions ['ignore', 'ignore_ament_install']
[0.212s] [34mcolcon.colcon_core.package_identification[0m [1;30mLevel 1[0m _identify(src/isaac_ros_common/docker/rosdep/ros-humble-cuda-python-placeholder/DEBIAN) by extension 'ignore'
[0.212s] [34mcolcon.colcon_core.package_identification[0m [1;30mLevel 1[0m _identify(src/isaac_ros_common/docker/rosdep/ros-humble-cuda-python-placeholder/DEBIAN) by extension 'ignore_ament_install'
[0.212s] [34mcolcon.colcon_core.package_identification[0m [1;30mLevel 1[0m _identify(src/isaac_ros_common/docker/rosdep/ros-humble-cuda-python-placeholder/DEBIAN) by extensions ['colcon_pkg']
[0.212s] [34mcolcon.colcon_core.package_identification[0m [1;30mLevel 1[0m _identify(src/isaac_ros_common/docker/rosdep/ros-humble-cuda-python-placeholder/DEBIAN) by extension 'colcon_pkg'
[0.212s] [34mcolcon.colcon_core.package_identification[0m [1;30mLevel 1[0m _identify(src/isaac_ros_common/docker/rosdep/ros-humble-cuda-python-placeholder/DEBIAN) by extensions ['colcon_meta']
[0.212s] [34mcolcon.colcon_core.package_identification[0m [1;30mLevel 1[0m _identify(src/isaac_ros_common/docker/rosdep/ros-humble-cuda-python-placeholder/DEBIAN) by extension 'colcon_meta'
[0.212s] [34mcolcon.colcon_core.package_identification[0m [1;30mLevel 1[0m _identify(src/isaac_ros_common/docker/rosdep/ros-humble-cuda-python-placeholder/DEBIAN) by extensions ['ros']
[0.212s] [34mcolcon.colcon_core.package_identification[0m [1;30mLevel 1[0m _identify(src/isaac_ros_common/docker/rosdep/ros-humble-cuda-python-placeholder/DEBIAN) by extension 'ros'
[0.212s] [34mcolcon.colcon_core.package_identification[0m [1;30mLevel 1[0m _identify(src/isaac_ros_common/docker/rosdep/ros-humble-cuda-python-placeholder/DEBIAN) by extensions ['cmake', 'python']
[0.212s] [34mcolcon.colcon_core.package_identification[0m [1;30mLevel 1[0m _identify(src/isaac_ros_common/docker/rosdep/ros-humble-cuda-python-placeholder/DEBIAN) by extension 'cmake'
[0.212s] [34mcolcon.colcon_core.package_identification[0m [1;30mLevel 1[0m _identify(src/isaac_ros_common/docker/rosdep/ros-humble-cuda-python-placeholder/DEBIAN) by extension 'python'
[0.212s] [34mcolcon.colcon_core.package_identification[0m [1;30mLevel 1[0m _identify(src/isaac_ros_common/docker/rosdep/ros-humble-cuda-python-placeholder/DEBIAN) by extensions ['python_setup_py']
[0.212s] [34mcolcon.colcon_core.package_identification[0m [1;30mLevel 1[0m _identify(src/isaac_ros_common/docker/rosdep/ros-humble-cuda-python-placeholder/DEBIAN) by extension 'python_setup_py'
[0.212s] [34mcolcon.colcon_core.package_identification[0m [1;30mLevel 1[0m _identify(src/isaac_ros_common/docker/scripts) by extensions ['ignore', 'ignore_ament_install']
[0.212s] [34mcolcon.colcon_core.package_identification[0m [1;30mLevel 1[0m _identify(src/isaac_ros_common/docker/scripts) by extension 'ignore'
[0.212s] [34mcolcon.colcon_core.package_identification[0m [1;30mLevel 1[0m _identify(src/isaac_ros_common/docker/scripts) by extension 'ignore_ament_install'
[0.212s] [34mcolcon.colcon_core.package_identification[0m [1;30mLevel 1[0m _identify(src/isaac_ros_common/docker/scripts) by extensions ['colcon_pkg']
[0.212s] [34mcolcon.colcon_core.package_identification[0m [1;30mLevel 1[0m _identify(src/isaac_ros_common/docker/scripts) by extension 'colcon_pkg'
[0.212s] [34mcolcon.colcon_core.package_identification[0m [1;30mLevel 1[0m _identify(src/isaac_ros_common/docker/scripts) by extensions ['colcon_meta']
[0.212s] [34mcolcon.colcon_core.package_identification[0m [1;30mLevel 1[0m _identify(src/isaac_ros_common/docker/scripts) by extension 'colcon_meta'
[0.212s] [34mcolcon.colcon_core.package_identification[0m [1;30mLevel 1[0m _identify(src/isaac_ros_common/docker/scripts) by extensions ['ros']
[0.212s] [34mcolcon.colcon_core.package_identification[0m [1;30mLevel 1[0m _identify(src/isaac_ros_common/docker/scripts) by extension 'ros'
[0.212s] [34mcolcon.colcon_core.package_identification[0m [1;30mLevel 1[0m _identify(src/isaac_ros_common/docker/scripts) by extensions ['cmake', 'python']
[0.212s] [34mcolcon.colcon_core.package_identification[0m [1;30mLevel 1[0m _identify(src/isaac_ros_common/docker/scripts) by extension 'cmake'
[0.212s] [34mcolcon.colcon_core.package_identification[0m [1;30mLevel 1[0m _identify(src/isaac_ros_common/docker/scripts) by extension 'python'
[0.212s] [34mcolcon.colcon_core.package_identification[0m [1;30mLevel 1[0m _identify(src/isaac_ros_common/docker/scripts) by extensions ['python_setup_py']
[0.212s] [34mcolcon.colcon_core.package_identification[0m [1;30mLevel 1[0m _identify(src/isaac_ros_common/docker/scripts) by extension 'python_setup_py'
[0.212s] [34mcolcon.colcon_core.package_identification[0m [1;30mLevel 1[0m _identify(src/isaac_ros_common/docker/udev_rules) by extensions ['ignore', 'ignore_ament_install']
[0.212s] [34mcolcon.colcon_core.package_identification[0m [1;30mLevel 1[0m _identify(src/isaac_ros_common/docker/udev_rules) by extension 'ignore'
[0.212s] [34mcolcon.colcon_core.package_identification[0m [1;30mLevel 1[0m _identify(src/isaac_ros_common/docker/udev_rules) by extension 'ignore_ament_install'
[0.212s] [34mcolcon.colcon_core.package_identification[0m [1;30mLevel 1[0m _identify(src/isaac_ros_common/docker/udev_rules) by extensions ['colcon_pkg']
[0.212s] [34mcolcon.colcon_core.package_identification[0m [1;30mLevel 1[0m _identify(src/isaac_ros_common/docker/udev_rules) by extension 'colcon_pkg'
[0.212s] [34mcolcon.colcon_core.package_identification[0m [1;30mLevel 1[0m _identify(src/isaac_ros_common/docker/udev_rules) by extensions ['colcon_meta']
[0.212s] [34mcolcon.colcon_core.package_identification[0m [1;30mLevel 1[0m _identify(src/isaac_ros_common/docker/udev_rules) by extension 'colcon_meta'
[0.212s] [34mcolcon.colcon_core.package_identification[0m [1;30mLevel 1[0m _identify(src/isaac_ros_common/docker/udev_rules) by extensions ['ros']
[0.212s] [34mcolcon.colcon_core.package_identification[0m [1;30mLevel 1[0m _identify(src/isaac_ros_common/docker/udev_rules) by extension 'ros'
[0.212s] [34mcolcon.colcon_core.package_identification[0m [1;30mLevel 1[0m _identify(src/isaac_ros_common/docker/udev_rules) by extensions ['cmake', 'python']
[0.212s] [34mcolcon.colcon_core.package_identification[0m [1;30mLevel 1[0m _identify(src/isaac_ros_common/docker/udev_rules) by extension 'cmake'
[0.212s] [34mcolcon.colcon_core.package_identification[0m [1;30mLevel 1[0m _identify(src/isaac_ros_common/docker/udev_rules) by extension 'python'
[0.212s] [34mcolcon.colcon_core.package_identification[0m [1;30mLevel 1[0m _identify(src/isaac_ros_common/docker/udev_rules) by extensions ['python_setup_py']
[0.212s] [34mcolcon.colcon_core.package_identification[0m [1;30mLevel 1[0m _identify(src/isaac_ros_common/docker/udev_rules) by extension 'python_setup_py'
[0.212s] [34mcolcon.colcon_core.package_identification[0m [1;30mLevel 1[0m _identify(src/isaac_ros_common/isaac_common) by extensions ['ignore', 'ignore_ament_install']
[0.213s] [34mcolcon.colcon_core.package_identification[0m [1;30mLevel 1[0m _identify(src/isaac_ros_common/isaac_common) by extension 'ignore'
[0.213s] [34mcolcon.colcon_core.package_identification[0m [1;30mLevel 1[0m _identify(src/isaac_ros_common/isaac_common) by extension 'ignore_ament_install'
[0.213s] [34mcolcon.colcon_core.package_identification[0m [1;30mLevel 1[0m _identify(src/isaac_ros_common/isaac_common) by extensions ['colcon_pkg']
[0.213s] [34mcolcon.colcon_core.package_identification[0m [1;30mLevel 1[0m _identify(src/isaac_ros_common/isaac_common) by extension 'colcon_pkg'
[0.213s] [34mcolcon.colcon_core.package_identification[0m [1;30mLevel 1[0m _identify(src/isaac_ros_common/isaac_common) by extensions ['colcon_meta']
[0.213s] [34mcolcon.colcon_core.package_identification[0m [1;30mLevel 1[0m _identify(src/isaac_ros_common/isaac_common) by extension 'colcon_meta'
[0.213s] [34mcolcon.colcon_core.package_identification[0m [1;30mLevel 1[0m _identify(src/isaac_ros_common/isaac_common) by extensions ['ros']
[0.213s] [34mcolcon.colcon_core.package_identification[0m [1;30mLevel 1[0m _identify(src/isaac_ros_common/isaac_common) by extension 'ros'
[0.213s] [34mcolcon.colcon_core.package_identification[0m [1;30mDEBUG[0m [32mPackage 'src/isaac_ros_common/isaac_common' with type 'ros.ament_cmake' and name 'isaac_common'[0m
[0.213s] [34mcolcon.colcon_core.package_identification[0m [1;30mLevel 1[0m _identify(src/isaac_ros_common/isaac_common_py) by extensions ['ignore', 'ignore_ament_install']
[0.213s] [34mcolcon.colcon_core.package_identification[0m [1;30mLevel 1[0m _identify(src/isaac_ros_common/isaac_common_py) by extension 'ignore'
[0.213s] [34mcolcon.colcon_core.package_identification[0m [1;30mLevel 1[0m _identify(src/isaac_ros_common/isaac_common_py) by extension 'ignore_ament_install'
[0.213s] [34mcolcon.colcon_core.package_identification[0m [1;30mLevel 1[0m _identify(src/isaac_ros_common/isaac_common_py) by extensions ['colcon_pkg']
[0.213s] [34mcolcon.colcon_core.package_identification[0m [1;30mLevel 1[0m _identify(src/isaac_ros_common/isaac_common_py) by extension 'colcon_pkg'
[0.213s] [34mcolcon.colcon_core.package_identification[0m [1;30mLevel 1[0m _identify(src/isaac_ros_common/isaac_common_py) by extensions ['colcon_meta']
[0.213s] [34mcolcon.colcon_core.package_identification[0m [1;30mLevel 1[0m _identify(src/isaac_ros_common/isaac_common_py) by extension 'colcon_meta'
[0.213s] [34mcolcon.colcon_core.package_identification[0m [1;30mLevel 1[0m _identify(src/isaac_ros_common/isaac_common_py) by extensions ['ros']
[0.213s] [34mcolcon.colcon_core.package_identification[0m [1;30mLevel 1[0m _identify(src/isaac_ros_common/isaac_common_py) by extension 'ros'
[0.213s] [34mcolcon.colcon_core.package_identification[0m [1;30mDEBUG[0m [32mPackage 'src/isaac_ros_common/isaac_common_py' with type 'ros.ament_python' and name 'isaac_common_py'[0m
[0.214s] [34mcolcon.colcon_core.package_identification[0m [1;30mLevel 1[0m _identify(src/isaac_ros_common/isaac_ros_apriltag_interfaces) by extensions ['ignore', 'ignore_ament_install']
[0.214s] [34mcolcon.colcon_core.package_identification[0m [1;30mLevel 1[0m _identify(src/isaac_ros_common/isaac_ros_apriltag_interfaces) by extension 'ignore'
[0.214s] [34mcolcon.colcon_core.package_identification[0m [1;30mLevel 1[0m _identify(src/isaac_ros_common/isaac_ros_apriltag_interfaces) by extension 'ignore_ament_install'
[0.214s] [34mcolcon.colcon_core.package_identification[0m [1;30mLevel 1[0m _identify(src/isaac_ros_common/isaac_ros_apriltag_interfaces) by extensions ['colcon_pkg']
[0.214s] [34mcolcon.colcon_core.package_identification[0m [1;30mLevel 1[0m _identify(src/isaac_ros_common/isaac_ros_apriltag_interfaces) by extension 'colcon_pkg'
[0.214s] [34mcolcon.colcon_core.package_identification[0m [1;30mLevel 1[0m _identify(src/isaac_ros_common/isaac_ros_apriltag_interfaces) by extensions ['colcon_meta']
[0.214s] [34mcolcon.colcon_core.package_identification[0m [1;30mLevel 1[0m _identify(src/isaac_ros_common/isaac_ros_apriltag_interfaces) by extension 'colcon_meta'
[0.214s] [34mcolcon.colcon_core.package_identification[0m [1;30mLevel 1[0m _identify(src/isaac_ros_common/isaac_ros_apriltag_interfaces) by extensions ['ros']
[0.214s] [34mcolcon.colcon_core.package_identification[0m [1;30mLevel 1[0m _identify(src/isaac_ros_common/isaac_ros_apriltag_interfaces) by extension 'ros'
[0.214s] [34mcolcon.colcon_core.package_identification[0m [1;30mDEBUG[0m [32mPackage 'src/isaac_ros_common/isaac_ros_apriltag_interfaces' with type 'ros.ament_cmake' and name 'isaac_ros_apriltag_interfaces'[0m
[0.214s] [34mcolcon.colcon_core.package_identification[0m [1;30mLevel 1[0m _identify(src/isaac_ros_common/isaac_ros_bi3d_interfaces) by extensions ['ignore', 'ignore_ament_install']
[0.214s] [34mcolcon.colcon_core.package_identification[0m [1;30mLevel 1[0m _identify(src/isaac_ros_common/isaac_ros_bi3d_interfaces) by extension 'ignore'
[0.214s] [34mcolcon.colcon_core.package_identification[0m [1;30mLevel 1[0m _identify(src/isaac_ros_common/isaac_ros_bi3d_interfaces) by extension 'ignore_ament_install'
[0.214s] [34mcolcon.colcon_core.package_identification[0m [1;30mLevel 1[0m _identify(src/isaac_ros_common/isaac_ros_bi3d_interfaces) by extensions ['colcon_pkg']
[0.214s] [34mcolcon.colcon_core.package_identification[0m [1;30mLevel 1[0m _identify(src/isaac_ros_common/isaac_ros_bi3d_interfaces) by extension 'colcon_pkg'
[0.214s] [34mcolcon.colcon_core.package_identification[0m [1;30mLevel 1[0m _identify(src/isaac_ros_common/isaac_ros_bi3d_interfaces) by extensions ['colcon_meta']
[0.214s] [34mcolcon.colcon_core.package_identification[0m [1;30mLevel 1[0m _identify(src/isaac_ros_common/isaac_ros_bi3d_interfaces) by extension 'colcon_meta'
[0.214s] [34mcolcon.colcon_core.package_identification[0m [1;30mLevel 1[0m _identify(src/isaac_ros_common/isaac_ros_bi3d_interfaces) by extensions ['ros']
[0.214s] [34mcolcon.colcon_core.package_identification[0m [1;30mLevel 1[0m _identify(src/isaac_ros_common/isaac_ros_bi3d_interfaces) by extension 'ros'
[0.215s] [34mcolcon.colcon_core.package_identification[0m [1;30mDEBUG[0m [32mPackage 'src/isaac_ros_common/isaac_ros_bi3d_interfaces' with type 'ros.ament_cmake' and name 'isaac_ros_bi3d_interfaces'[0m
[0.215s] [34mcolcon.colcon_core.package_identification[0m [1;30mLevel 1[0m _identify(src/isaac_ros_common/isaac_ros_common) by extensions ['ignore', 'ignore_ament_install']
[0.215s] [34mcolcon.colcon_core.package_identification[0m [1;30mLevel 1[0m _identify(src/isaac_ros_common/isaac_ros_common) by extension 'ignore'
[0.215s] [34mcolcon.colcon_core.package_identification[0m [1;30mLevel 1[0m _identify(src/isaac_ros_common/isaac_ros_common) by extension 'ignore_ament_install'
[0.215s] [34mcolcon.colcon_core.package_identification[0m [1;30mLevel 1[0m _identify(src/isaac_ros_common/isaac_ros_common) by extensions ['colcon_pkg']
[0.215s] [34mcolcon.colcon_core.package_identification[0m [1;30mLevel 1[0m _identify(src/isaac_ros_common/isaac_ros_common) by extension 'colcon_pkg'
[0.215s] [34mcolcon.colcon_core.package_identification[0m [1;30mLevel 1[0m _identify(src/isaac_ros_common/isaac_ros_common) by extensions ['colcon_meta']
[0.215s] [34mcolcon.colcon_core.package_identification[0m [1;30mLevel 1[0m _identify(src/isaac_ros_common/isaac_ros_common) by extension 'colcon_meta'
[0.215s] [34mcolcon.colcon_core.package_identification[0m [1;30mLevel 1[0m _identify(src/isaac_ros_common/isaac_ros_common) by extensions ['ros']
[0.215s] [34mcolcon.colcon_core.package_identification[0m [1;30mLevel 1[0m _identify(src/isaac_ros_common/isaac_ros_common) by extension 'ros'
[0.215s] [34mcolcon.colcon_core.package_identification[0m [1;30mDEBUG[0m [32mPackage 'src/isaac_ros_common/isaac_ros_common' with type 'ros.ament_cmake' and name 'isaac_ros_common'[0m
[0.215s] [34mcolcon.colcon_core.package_identification[0m [1;30mLevel 1[0m _identify(src/isaac_ros_common/isaac_ros_launch_utils) by extensions ['ignore', 'ignore_ament_install']
[0.215s] [34mcolcon.colcon_core.package_identification[0m [1;30mLevel 1[0m _identify(src/isaac_ros_common/isaac_ros_launch_utils) by extension 'ignore'
[0.215s] [34mcolcon.colcon_core.package_identification[0m [1;30mLevel 1[0m _identify(src/isaac_ros_common/isaac_ros_launch_utils) by extension 'ignore_ament_install'
[0.215s] [34mcolcon.colcon_core.package_identification[0m [1;30mLevel 1[0m _identify(src/isaac_ros_common/isaac_ros_launch_utils) by extensions ['colcon_pkg']
[0.215s] [34mcolcon.colcon_core.package_identification[0m [1;30mLevel 1[0m _identify(src/isaac_ros_common/isaac_ros_launch_utils) by extension 'colcon_pkg'
[0.215s] [34mcolcon.colcon_core.package_identification[0m [1;30mLevel 1[0m _identify(src/isaac_ros_common/isaac_ros_launch_utils) by extensions ['colcon_meta']
[0.216s] [34mcolcon.colcon_core.package_identification[0m [1;30mLevel 1[0m _identify(src/isaac_ros_common/isaac_ros_launch_utils) by extension 'colcon_meta'
[0.216s] [34mcolcon.colcon_core.package_identification[0m [1;30mLevel 1[0m _identify(src/isaac_ros_common/isaac_ros_launch_utils) by extensions ['ros']
[0.216s] [34mcolcon.colcon_core.package_identification[0m [1;30mLevel 1[0m _identify(src/isaac_ros_common/isaac_ros_launch_utils) by extension 'ros'
[0.216s] [34mcolcon.colcon_core.package_identification[0m [1;30mDEBUG[0m [32mPackage 'src/isaac_ros_common/isaac_ros_launch_utils' with type 'ros.ament_python' and name 'isaac_ros_launch_utils'[0m
[0.216s] [34mcolcon.colcon_core.package_identification[0m [1;30mLevel 1[0m _identify(src/isaac_ros_common/isaac_ros_nitros_bridge_interfaces) by extensions ['ignore', 'ignore_ament_install']
[0.216s] [34mcolcon.colcon_core.package_identification[0m [1;30mLevel 1[0m _identify(src/isaac_ros_common/isaac_ros_nitros_bridge_interfaces) by extension 'ignore'
[0.216s] [34mcolcon.colcon_core.package_identification[0m [1;30mLevel 1[0m _identify(src/isaac_ros_common/isaac_ros_nitros_bridge_interfaces) by extension 'ignore_ament_install'
[0.216s] [34mcolcon.colcon_core.package_identification[0m [1;30mLevel 1[0m _identify(src/isaac_ros_common/isaac_ros_nitros_bridge_interfaces) by extensions ['colcon_pkg']
[0.216s] [34mcolcon.colcon_core.package_identification[0m [1;30mLevel 1[0m _identify(src/isaac_ros_common/isaac_ros_nitros_bridge_interfaces) by extension 'colcon_pkg'
[0.216s] [34mcolcon.colcon_core.package_identification[0m [1;30mLevel 1[0m _identify(src/isaac_ros_common/isaac_ros_nitros_bridge_interfaces) by extensions ['colcon_meta']
[0.216s] [34mcolcon.colcon_core.package_identification[0m [1;30mLevel 1[0m _identify(src/isaac_ros_common/isaac_ros_nitros_bridge_interfaces) by extension 'colcon_meta'
[0.216s] [34mcolcon.colcon_core.package_identification[0m [1;30mLevel 1[0m _identify(src/isaac_ros_common/isaac_ros_nitros_bridge_interfaces) by extensions ['ros']
[0.216s] [34mcolcon.colcon_core.package_identification[0m [1;30mLevel 1[0m _identify(src/isaac_ros_common/isaac_ros_nitros_bridge_interfaces) by extension 'ros'
[0.216s] [34mcolcon.colcon_core.package_identification[0m [1;30mDEBUG[0m [32mPackage 'src/isaac_ros_common/isaac_ros_nitros_bridge_interfaces' with type 'ros.ament_cmake' and name 'isaac_ros_nitros_bridge_interfaces'[0m
[0.216s] [34mcolcon.colcon_core.package_identification[0m [1;30mLevel 1[0m _identify(src/isaac_ros_common/isaac_ros_nova_interfaces) by extensions ['ignore', 'ignore_ament_install']
[0.217s] [34mcolcon.colcon_core.package_identification[0m [1;30mLevel 1[0m _identify(src/isaac_ros_common/isaac_ros_nova_interfaces) by extension 'ignore'
[0.217s] [34mcolcon.colcon_core.package_identification[0m [1;30mLevel 1[0m _identify(src/isaac_ros_common/isaac_ros_nova_interfaces) by extension 'ignore_ament_install'
[0.217s] [34mcolcon.colcon_core.package_identification[0m [1;30mLevel 1[0m _identify(src/isaac_ros_common/isaac_ros_nova_interfaces) by extensions ['colcon_pkg']
[0.217s] [34mcolcon.colcon_core.package_identification[0m [1;30mLevel 1[0m _identify(src/isaac_ros_common/isaac_ros_nova_interfaces) by extension 'colcon_pkg'
[0.217s] [34mcolcon.colcon_core.package_identification[0m [1;30mLevel 1[0m _identify(src/isaac_ros_common/isaac_ros_nova_interfaces) by extensions ['colcon_meta']
[0.217s] [34mcolcon.colcon_core.package_identification[0m [1;30mLevel 1[0m _identify(src/isaac_ros_common/isaac_ros_nova_interfaces) by extension 'colcon_meta'
[0.217s] [34mcolcon.colcon_core.package_identification[0m [1;30mLevel 1[0m _identify(src/isaac_ros_common/isaac_ros_nova_interfaces) by extensions ['ros']
[0.217s] [34mcolcon.colcon_core.package_identification[0m [1;30mLevel 1[0m _identify(src/isaac_ros_common/isaac_ros_nova_interfaces) by extension 'ros'
[0.217s] [34mcolcon.colcon_core.package_identification[0m [1;30mDEBUG[0m [32mPackage 'src/isaac_ros_common/isaac_ros_nova_interfaces' with type 'ros.ament_cmake' and name 'isaac_ros_nova_interfaces'[0m
[0.217s] [34mcolcon.colcon_core.package_identification[0m [1;30mLevel 1[0m _identify(src/isaac_ros_common/isaac_ros_pointcloud_interfaces) by extensions ['ignore', 'ignore_ament_install']
[0.217s] [34mcolcon.colcon_core.package_identification[0m [1;30mLevel 1[0m _identify(src/isaac_ros_common/isaac_ros_pointcloud_interfaces) by extension 'ignore'
[0.217s] [34mcolcon.colcon_core.package_identification[0m [1;30mLevel 1[0m _identify(src/isaac_ros_common/isaac_ros_pointcloud_interfaces) by extension 'ignore_ament_install'
[0.217s] [34mcolcon.colcon_core.package_identification[0m [1;30mLevel 1[0m _identify(src/isaac_ros_common/isaac_ros_pointcloud_interfaces) by extensions ['colcon_pkg']
[0.217s] [34mcolcon.colcon_core.package_identification[0m [1;30mLevel 1[0m _identify(src/isaac_ros_common/isaac_ros_pointcloud_interfaces) by extension 'colcon_pkg'
[0.217s] [34mcolcon.colcon_core.package_identification[0m [1;30mLevel 1[0m _identify(src/isaac_ros_common/isaac_ros_pointcloud_interfaces) by extensions ['colcon_meta']
[0.217s] [34mcolcon.colcon_core.package_identification[0m [1;30mLevel 1[0m _identify(src/isaac_ros_common/isaac_ros_pointcloud_interfaces) by extension 'colcon_meta'
[0.217s] [34mcolcon.colcon_core.package_identification[0m [1;30mLevel 1[0m _identify(src/isaac_ros_common/isaac_ros_pointcloud_interfaces) by extensions ['ros']
[0.217s] [34mcolcon.colcon_core.package_identification[0m [1;30mLevel 1[0m _identify(src/isaac_ros_common/isaac_ros_pointcloud_interfaces) by extension 'ros'
[0.218s] [34mcolcon.colcon_core.package_identification[0m [1;30mDEBUG[0m [32mPackage 'src/isaac_ros_common/isaac_ros_pointcloud_interfaces' with type 'ros.ament_cmake' and name 'isaac_ros_pointcloud_interfaces'[0m
[0.218s] [34mcolcon.colcon_core.package_identification[0m [1;30mLevel 1[0m _identify(src/isaac_ros_common/isaac_ros_r2b_galileo) by extensions ['ignore', 'ignore_ament_install']
[0.218s] [34mcolcon.colcon_core.package_identification[0m [1;30mLevel 1[0m _identify(src/isaac_ros_common/isaac_ros_r2b_galileo) by extension 'ignore'
[0.218s] [34mcolcon.colcon_core.package_identification[0m [1;30mLevel 1[0m _identify(src/isaac_ros_common/isaac_ros_r2b_galileo) by extension 'ignore_ament_install'
[0.218s] [34mcolcon.colcon_core.package_identification[0m [1;30mLevel 1[0m _identify(src/isaac_ros_common/isaac_ros_r2b_galileo) by extensions ['colcon_pkg']
[0.218s] [34mcolcon.colcon_core.package_identification[0m [1;30mLevel 1[0m _identify(src/isaac_ros_common/isaac_ros_r2b_galileo) by extension 'colcon_pkg'
[0.218s] [34mcolcon.colcon_core.package_identification[0m [1;30mLevel 1[0m _identify(src/isaac_ros_common/isaac_ros_r2b_galileo) by extensions ['colcon_meta']
[0.218s] [34mcolcon.colcon_core.package_identification[0m [1;30mLevel 1[0m _identify(src/isaac_ros_common/isaac_ros_r2b_galileo) by extension 'colcon_meta'
[0.218s] [34mcolcon.colcon_core.package_identification[0m [1;30mLevel 1[0m _identify(src/isaac_ros_common/isaac_ros_r2b_galileo) by extensions ['ros']
[0.218s] [34mcolcon.colcon_core.package_identification[0m [1;30mLevel 1[0m _identify(src/isaac_ros_common/isaac_ros_r2b_galileo) by extension 'ros'
[0.218s] [34mcolcon.colcon_core.package_identification[0m [1;30mDEBUG[0m [32mPackage 'src/isaac_ros_common/isaac_ros_r2b_galileo' with type 'ros.ament_cmake' and name 'isaac_ros_r2b_galileo'[0m
[0.218s] [34mcolcon.colcon_core.package_identification[0m [1;30mLevel 1[0m _identify(src/isaac_ros_common/isaac_ros_rosbag_utils) by extensions ['ignore', 'ignore_ament_install']
[0.218s] [34mcolcon.colcon_core.package_identification[0m [1;30mLevel 1[0m _identify(src/isaac_ros_common/isaac_ros_rosbag_utils) by extension 'ignore'
[0.218s] [34mcolcon.colcon_core.package_identification[0m [1;30mLevel 1[0m _identify(src/isaac_ros_common/isaac_ros_rosbag_utils) by extension 'ignore_ament_install'
[0.218s] [34mcolcon.colcon_core.package_identification[0m [1;30mLevel 1[0m _identify(src/isaac_ros_common/isaac_ros_rosbag_utils) by extensions ['colcon_pkg']
[0.218s] [34mcolcon.colcon_core.package_identification[0m [1;30mLevel 1[0m _identify(src/isaac_ros_common/isaac_ros_rosbag_utils) by extension 'colcon_pkg'
[0.218s] [34mcolcon.colcon_core.package_identification[0m [1;30mLevel 1[0m _identify(src/isaac_ros_common/isaac_ros_rosbag_utils) by extensions ['colcon_meta']
[0.218s] [34mcolcon.colcon_core.package_identification[0m [1;30mLevel 1[0m _identify(src/isaac_ros_common/isaac_ros_rosbag_utils) by extension 'colcon_meta'
[0.218s] [34mcolcon.colcon_core.package_identification[0m [1;30mLevel 1[0m _identify(src/isaac_ros_common/isaac_ros_rosbag_utils) by extensions ['ros']
[0.218s] [34mcolcon.colcon_core.package_identification[0m [1;30mLevel 1[0m _identify(src/isaac_ros_common/isaac_ros_rosbag_utils) by extension 'ros'
[0.219s] [34mcolcon.colcon_core.package_identification[0m [1;30mDEBUG[0m [32mPackage 'src/isaac_ros_common/isaac_ros_rosbag_utils' with type 'ros.ament_python' and name 'isaac_ros_rosbag_utils'[0m
[0.219s] [34mcolcon.colcon_core.package_identification[0m [1;30mLevel 1[0m _identify(src/isaac_ros_common/isaac_ros_tensor_list_interfaces) by extensions ['ignore', 'ignore_ament_install']
[0.219s] [34mcolcon.colcon_core.package_identification[0m [1;30mLevel 1[0m _identify(src/isaac_ros_common/isaac_ros_tensor_list_interfaces) by extension 'ignore'
[0.219s] [34mcolcon.colcon_core.package_identification[0m [1;30mLevel 1[0m _identify(src/isaac_ros_common/isaac_ros_tensor_list_interfaces) by extension 'ignore_ament_install'
[0.219s] [34mcolcon.colcon_core.package_identification[0m [1;30mLevel 1[0m _identify(src/isaac_ros_common/isaac_ros_tensor_list_interfaces) by extensions ['colcon_pkg']
[0.219s] [34mcolcon.colcon_core.package_identification[0m [1;30mLevel 1[0m _identify(src/isaac_ros_common/isaac_ros_tensor_list_interfaces) by extension 'colcon_pkg'
[0.219s] [34mcolcon.colcon_core.package_identification[0m [1;30mLevel 1[0m _identify(src/isaac_ros_common/isaac_ros_tensor_list_interfaces) by extensions ['colcon_meta']
[0.219s] [34mcolcon.colcon_core.package_identification[0m [1;30mLevel 1[0m _identify(src/isaac_ros_common/isaac_ros_tensor_list_interfaces) by extension 'colcon_meta'
[0.219s] [34mcolcon.colcon_core.package_identification[0m [1;30mLevel 1[0m _identify(src/isaac_ros_common/isaac_ros_tensor_list_interfaces) by extensions ['ros']
[0.219s] [34mcolcon.colcon_core.package_identification[0m [1;30mLevel 1[0m _identify(src/isaac_ros_common/isaac_ros_tensor_list_interfaces) by extension 'ros'
[0.219s] [34mcolcon.colcon_core.package_identification[0m [1;30mDEBUG[0m [32mPackage 'src/isaac_ros_common/isaac_ros_tensor_list_interfaces' with type 'ros.ament_cmake' and name 'isaac_ros_tensor_list_interfaces'[0m
[0.219s] [34mcolcon.colcon_core.package_identification[0m [1;30mLevel 1[0m _identify(src/isaac_ros_common/isaac_ros_test) by extensions ['ignore', 'ignore_ament_install']
[0.219s] [34mcolcon.colcon_core.package_identification[0m [1;30mLevel 1[0m _identify(src/isaac_ros_common/isaac_ros_test) by extension 'ignore'
[0.219s] [34mcolcon.colcon_core.package_identification[0m [1;30mLevel 1[0m _identify(src/isaac_ros_common/isaac_ros_test) by extension 'ignore_ament_install'
[0.219s] [34mcolcon.colcon_core.package_identification[0m [1;30mLevel 1[0m _identify(src/isaac_ros_common/isaac_ros_test) by extensions ['colcon_pkg']
[0.219s] [34mcolcon.colcon_core.package_identification[0m [1;30mLevel 1[0m _identify(src/isaac_ros_common/isaac_ros_test) by extension 'colcon_pkg'
[0.220s] [34mcolcon.colcon_core.package_identification[0m [1;30mLevel 1[0m _identify(src/isaac_ros_common/isaac_ros_test) by extensions ['colcon_meta']
[0.220s] [34mcolcon.colcon_core.package_identification[0m [1;30mLevel 1[0m _identify(src/isaac_ros_common/isaac_ros_test) by extension 'colcon_meta'
[0.220s] [34mcolcon.colcon_core.package_identification[0m [1;30mLevel 1[0m _identify(src/isaac_ros_common/isaac_ros_test) by extensions ['ros']
[0.220s] [34mcolcon.colcon_core.package_identification[0m [1;30mLevel 1[0m _identify(src/isaac_ros_common/isaac_ros_test) by extension 'ros'
[0.220s] [34mcolcon.colcon_core.package_identification[0m [1;30mDEBUG[0m [32mPackage 'src/isaac_ros_common/isaac_ros_test' with type 'ros.ament_python' and name 'isaac_ros_test'[0m
[0.220s] [34mcolcon.colcon_core.package_identification[0m [1;30mLevel 1[0m _identify(src/isaac_ros_common/isaac_ros_test_cmake) by extensions ['ignore', 'ignore_ament_install']
[0.220s] [34mcolcon.colcon_core.package_identification[0m [1;30mLevel 1[0m _identify(src/isaac_ros_common/isaac_ros_test_cmake) by extension 'ignore'
[0.220s] [34mcolcon.colcon_core.package_identification[0m [1;30mLevel 1[0m _identify(src/isaac_ros_common/isaac_ros_test_cmake) by extension 'ignore_ament_install'
[0.220s] [34mcolcon.colcon_core.package_identification[0m [1;30mLevel 1[0m _identify(src/isaac_ros_common/isaac_ros_test_cmake) by extensions ['colcon_pkg']
[0.220s] [34mcolcon.colcon_core.package_identification[0m [1;30mLevel 1[0m _identify(src/isaac_ros_common/isaac_ros_test_cmake) by extension 'colcon_pkg'
[0.220s] [34mcolcon.colcon_core.package_identification[0m [1;30mLevel 1[0m _identify(src/isaac_ros_common/isaac_ros_test_cmake) by extensions ['colcon_meta']
[0.220s] [34mcolcon.colcon_core.package_identification[0m [1;30mLevel 1[0m _identify(src/isaac_ros_common/isaac_ros_test_cmake) by extension 'colcon_meta'
[0.220s] [34mcolcon.colcon_core.package_identification[0m [1;30mLevel 1[0m _identify(src/isaac_ros_common/isaac_ros_test_cmake) by extensions ['ros']
[0.220s] [34mcolcon.colcon_core.package_identification[0m [1;30mLevel 1[0m _identify(src/isaac_ros_common/isaac_ros_test_cmake) by extension 'ros'
[0.220s] [34mcolcon.colcon_core.package_identification[0m [1;30mDEBUG[0m [32mPackage 'src/isaac_ros_common/isaac_ros_test_cmake' with type 'ros.ament_cmake' and name 'isaac_ros_test_cmake'[0m
[0.221s] [34mcolcon.colcon_core.package_identification[0m [1;30mLevel 1[0m _identify(src/isaac_ros_common/scripts) by extensions ['ignore', 'ignore_ament_install']
[0.221s] [34mcolcon.colcon_core.package_identification[0m [1;30mLevel 1[0m _identify(src/isaac_ros_common/scripts) by extension 'ignore'
[0.221s] [34mcolcon.colcon_core.package_identification[0m [1;30mLevel 1[0m _identify(src/isaac_ros_common/scripts) by extension 'ignore_ament_install'
[0.221s] [34mcolcon.colcon_core.package_identification[0m [1;30mLevel 1[0m _identify(src/isaac_ros_common/scripts) by extensions ['colcon_pkg']
[0.221s] [34mcolcon.colcon_core.package_identification[0m [1;30mLevel 1[0m _identify(src/isaac_ros_common/scripts) by extension 'colcon_pkg'
[0.221s] [34mcolcon.colcon_core.package_identification[0m [1;30mLevel 1[0m _identify(src/isaac_ros_common/scripts) by extensions ['colcon_meta']
[0.221s] [34mcolcon.colcon_core.package_identification[0m [1;30mLevel 1[0m _identify(src/isaac_ros_common/scripts) by extension 'colcon_meta'
[0.221s] [34mcolcon.colcon_core.package_identification[0m [1;30mLevel 1[0m _identify(src/isaac_ros_common/scripts) by extensions ['ros']
[0.221s] [34mcolcon.colcon_core.package_identification[0m [1;30mLevel 1[0m _identify(src/isaac_ros_common/scripts) by extension 'ros'
[0.221s] [34mcolcon.colcon_core.package_identification[0m [1;30mLevel 1[0m _identify(src/isaac_ros_common/scripts) by extensions ['cmake', 'python']
[0.221s] [34mcolcon.colcon_core.package_identification[0m [1;30mLevel 1[0m _identify(src/isaac_ros_common/scripts) by extension 'cmake'
[0.221s] [34mcolcon.colcon_core.package_identification[0m [1;30mLevel 1[0m _identify(src/isaac_ros_common/scripts) by extension 'python'
[0.221s] [34mcolcon.colcon_core.package_identification[0m [1;30mLevel 1[0m _identify(src/isaac_ros_common/scripts) by extensions ['python_setup_py']
[0.221s] [34mcolcon.colcon_core.package_identification[0m [1;30mLevel 1[0m _identify(src/isaac_ros_common/scripts) by extension 'python_setup_py'
[0.221s] [34mcolcon.colcon_core.package_identification[0m [1;30mLevel 1[0m _identify(src/isaac_ros_common/scripts/deploy) by extensions ['ignore', 'ignore_ament_install']
[0.221s] [34mcolcon.colcon_core.package_identification[0m [1;30mLevel 1[0m _identify(src/isaac_ros_common/scripts/deploy) by extension 'ignore'
[0.221s] [34mcolcon.colcon_core.package_identification[0m [1;30mLevel 1[0m _identify(src/isaac_ros_common/scripts/deploy) by extension 'ignore_ament_install'
[0.221s] [34mcolcon.colcon_core.package_identification[0m [1;30mLevel 1[0m _identify(src/isaac_ros_common/scripts/deploy) by extensions ['colcon_pkg']
[0.221s] [34mcolcon.colcon_core.package_identification[0m [1;30mLevel 1[0m _identify(src/isaac_ros_common/scripts/deploy) by extension 'colcon_pkg'
[0.221s] [34mcolcon.colcon_core.package_identification[0m [1;30mLevel 1[0m _identify(src/isaac_ros_common/scripts/deploy) by extensions ['colcon_meta']
[0.221s] [34mcolcon.colcon_core.package_identification[0m [1;30mLevel 1[0m _identify(src/isaac_ros_common/scripts/deploy) by extension 'colcon_meta'
[0.221s] [34mcolcon.colcon_core.package_identification[0m [1;30mLevel 1[0m _identify(src/isaac_ros_common/scripts/deploy) by extensions ['ros']
[0.221s] [34mcolcon.colcon_core.package_identification[0m [1;30mLevel 1[0m _identify(src/isaac_ros_common/scripts/deploy) by extension 'ros'
[0.221s] [34mcolcon.colcon_core.package_identification[0m [1;30mLevel 1[0m _identify(src/isaac_ros_common/scripts/deploy) by extensions ['cmake', 'python']
[0.221s] [34mcolcon.colcon_core.package_identification[0m [1;30mLevel 1[0m _identify(src/isaac_ros_common/scripts/deploy) by extension 'cmake'
[0.221s] [34mcolcon.colcon_core.package_identification[0m [1;30mLevel 1[0m _identify(src/isaac_ros_common/scripts/deploy) by extension 'python'
[0.221s] [34mcolcon.colcon_core.package_identification[0m [1;30mLevel 1[0m _identify(src/isaac_ros_common/scripts/deploy) by extensions ['python_setup_py']
[0.221s] [34mcolcon.colcon_core.package_identification[0m [1;30mLevel 1[0m _identify(src/isaac_ros_common/scripts/deploy) by extension 'python_setup_py'
[0.221s] [34mcolcon.colcon_core.package_identification[0m [1;30mLevel 1[0m _identify(src/isaac_ros_common/scripts/utils) by extensions ['ignore', 'ignore_ament_install']
[0.221s] [34mcolcon.colcon_core.package_identification[0m [1;30mLevel 1[0m _identify(src/isaac_ros_common/scripts/utils) by extension 'ignore'
[0.221s] [34mcolcon.colcon_core.package_identification[0m [1;30mLevel 1[0m _identify(src/isaac_ros_common/scripts/utils) by extension 'ignore_ament_install'
[0.221s] [34mcolcon.colcon_core.package_identification[0m [1;30mLevel 1[0m _identify(src/isaac_ros_common/scripts/utils) by extensions ['colcon_pkg']
[0.221s] [34mcolcon.colcon_core.package_identification[0m [1;30mLevel 1[0m _identify(src/isaac_ros_common/scripts/utils) by extension 'colcon_pkg'
[0.221s] [34mcolcon.colcon_core.package_identification[0m [1;30mLevel 1[0m _identify(src/isaac_ros_common/scripts/utils) by extensions ['colcon_meta']
[0.221s] [34mcolcon.colcon_core.package_identification[0m [1;30mLevel 1[0m _identify(src/isaac_ros_common/scripts/utils) by extension 'colcon_meta'
[0.221s] [34mcolcon.colcon_core.package_identification[0m [1;30mLevel 1[0m _identify(src/isaac_ros_common/scripts/utils) by extensions ['ros']
[0.221s] [34mcolcon.colcon_core.package_identification[0m [1;30mLevel 1[0m _identify(src/isaac_ros_common/scripts/utils) by extension 'ros'
[0.221s] [34mcolcon.colcon_core.package_identification[0m [1;30mLevel 1[0m _identify(src/isaac_ros_common/scripts/utils) by extensions ['cmake', 'python']
[0.221s] [34mcolcon.colcon_core.package_identification[0m [1;30mLevel 1[0m _identify(src/isaac_ros_common/scripts/utils) by extension 'cmake'
[0.221s] [34mcolcon.colcon_core.package_identification[0m [1;30mLevel 1[0m _identify(src/isaac_ros_common/scripts/utils) by extension 'python'
[0.221s] [34mcolcon.colcon_core.package_identification[0m [1;30mLevel 1[0m _identify(src/isaac_ros_common/scripts/utils) by extensions ['python_setup_py']
[0.221s] [34mcolcon.colcon_core.package_identification[0m [1;30mLevel 1[0m _identify(src/isaac_ros_common/scripts/utils) by extension 'python_setup_py'
[0.221s] [34mcolcon.colcon_core.package_identification[0m [1;30mLevel 1[0m _identify(src/isaac_ros_dnn_inference) by extensions ['ignore', 'ignore_ament_install']
[0.221s] [34mcolcon.colcon_core.package_identification[0m [1;30mLevel 1[0m _identify(src/isaac_ros_dnn_inference) by extension 'ignore'
[0.222s] [34mcolcon.colcon_core.package_identification[0m [1;30mLevel 1[0m _identify(src/isaac_ros_dnn_inference) by extension 'ignore_ament_install'
[0.222s] [34mcolcon.colcon_core.package_identification[0m [1;30mLevel 1[0m _identify(src/isaac_ros_dnn_inference) by extensions ['colcon_pkg']
[0.222s] [34mcolcon.colcon_core.package_identification[0m [1;30mLevel 1[0m _identify(src/isaac_ros_dnn_inference) by extension 'colcon_pkg'
[0.222s] [34mcolcon.colcon_core.package_identification[0m [1;30mLevel 1[0m _identify(src/isaac_ros_dnn_inference) by extensions ['colcon_meta']
[0.222s] [34mcolcon.colcon_core.package_identification[0m [1;30mLevel 1[0m _identify(src/isaac_ros_dnn_inference) by extension 'colcon_meta'
[0.222s] [34mcolcon.colcon_core.package_identification[0m [1;30mLevel 1[0m _identify(src/isaac_ros_dnn_inference) by extensions ['ros']
[0.222s] [34mcolcon.colcon_core.package_identification[0m [1;30mLevel 1[0m _identify(src/isaac_ros_dnn_inference) by extension 'ros'
[0.222s] [34mcolcon.colcon_core.package_identification[0m [1;30mLevel 1[0m _identify(src/isaac_ros_dnn_inference) by extensions ['cmake', 'python']
[0.222s] [34mcolcon.colcon_core.package_identification[0m [1;30mLevel 1[0m _identify(src/isaac_ros_dnn_inference) by extension 'cmake'
[0.222s] [34mcolcon.colcon_core.package_identification[0m [1;30mLevel 1[0m _identify(src/isaac_ros_dnn_inference) by extension 'python'
[0.222s] [34mcolcon.colcon_core.package_identification[0m [1;30mLevel 1[0m _identify(src/isaac_ros_dnn_inference) by extensions ['python_setup_py']
[0.222s] [34mcolcon.colcon_core.package_identification[0m [1;30mLevel 1[0m _identify(src/isaac_ros_dnn_inference) by extension 'python_setup_py'
[0.222s] [34mcolcon.colcon_core.package_identification[0m [1;30mLevel 1[0m _identify(src/isaac_ros_dnn_inference/isaac_ros_dnn_image_encoder) by extensions ['ignore', 'ignore_ament_install']
[0.222s] [34mcolcon.colcon_core.package_identification[0m [1;30mLevel 1[0m _identify(src/isaac_ros_dnn_inference/isaac_ros_dnn_image_encoder) by extension 'ignore'
[0.222s] [34mcolcon.colcon_core.package_identification[0m [1;30mLevel 1[0m _identify(src/isaac_ros_dnn_inference/isaac_ros_dnn_image_encoder) by extension 'ignore_ament_install'
[0.222s] [34mcolcon.colcon_core.package_identification[0m [1;30mLevel 1[0m _identify(src/isaac_ros_dnn_inference/isaac_ros_dnn_image_encoder) by extensions ['colcon_pkg']
[0.222s] [34mcolcon.colcon_core.package_identification[0m [1;30mLevel 1[0m _identify(src/isaac_ros_dnn_inference/isaac_ros_dnn_image_encoder) by extension 'colcon_pkg'
[0.222s] [34mcolcon.colcon_core.package_identification[0m [1;30mLevel 1[0m _identify(src/isaac_ros_dnn_inference/isaac_ros_dnn_image_encoder) by extensions ['colcon_meta']
[0.222s] [34mcolcon.colcon_core.package_identification[0m [1;30mLevel 1[0m _identify(src/isaac_ros_dnn_inference/isaac_ros_dnn_image_encoder) by extension 'colcon_meta'
[0.222s] [34mcolcon.colcon_core.package_identification[0m [1;30mLevel 1[0m _identify(src/isaac_ros_dnn_inference/isaac_ros_dnn_image_encoder) by extensions ['ros']
[0.222s] [34mcolcon.colcon_core.package_identification[0m [1;30mLevel 1[0m _identify(src/isaac_ros_dnn_inference/isaac_ros_dnn_image_encoder) by extension 'ros'
[0.223s] [34mcolcon.colcon_core.package_identification[0m [1;30mDEBUG[0m [32mPackage 'src/isaac_ros_dnn_inference/isaac_ros_dnn_image_encoder' with type 'ros.ament_cmake' and name 'isaac_ros_dnn_image_encoder'[0m
[0.223s] [34mcolcon.colcon_core.package_identification[0m [1;30mLevel 1[0m _identify(src/isaac_ros_dnn_inference/isaac_ros_gxf_extensions) by extensions ['ignore', 'ignore_ament_install']
[0.223s] [34mcolcon.colcon_core.package_identification[0m [1;30mLevel 1[0m _identify(src/isaac_ros_dnn_inference/isaac_ros_gxf_extensions) by extension 'ignore'
[0.223s] [34mcolcon.colcon_core.package_identification[0m [1;30mLevel 1[0m _identify(src/isaac_ros_dnn_inference/isaac_ros_gxf_extensions) by extension 'ignore_ament_install'
[0.223s] [34mcolcon.colcon_core.package_identification[0m [1;30mLevel 1[0m _identify(src/isaac_ros_dnn_inference/isaac_ros_gxf_extensions) by extensions ['colcon_pkg']
[0.223s] [34mcolcon.colcon_core.package_identification[0m [1;30mLevel 1[0m _identify(src/isaac_ros_dnn_inference/isaac_ros_gxf_extensions) by extension 'colcon_pkg'
[0.223s] [34mcolcon.colcon_core.package_identification[0m [1;30mLevel 1[0m _identify(src/isaac_ros_dnn_inference/isaac_ros_gxf_extensions) by extensions ['colcon_meta']
[0.223s] [34mcolcon.colcon_core.package_identification[0m [1;30mLevel 1[0m _identify(src/isaac_ros_dnn_inference/isaac_ros_gxf_extensions) by extension 'colcon_meta'
[0.223s] [34mcolcon.colcon_core.package_identification[0m [1;30mLevel 1[0m _identify(src/isaac_ros_dnn_inference/isaac_ros_gxf_extensions) by extensions ['ros']
[0.223s] [34mcolcon.colcon_core.package_identification[0m [1;30mLevel 1[0m _identify(src/isaac_ros_dnn_inference/isaac_ros_gxf_extensions) by extension 'ros'
[0.223s] [34mcolcon.colcon_core.package_identification[0m [1;30mLevel 1[0m _identify(src/isaac_ros_dnn_inference/isaac_ros_gxf_extensions) by extensions ['cmake', 'python']
[0.223s] [34mcolcon.colcon_core.package_identification[0m [1;30mLevel 1[0m _identify(src/isaac_ros_dnn_inference/isaac_ros_gxf_extensions) by extension 'cmake'
[0.223s] [34mcolcon.colcon_core.package_identification[0m [1;30mLevel 1[0m _identify(src/isaac_ros_dnn_inference/isaac_ros_gxf_extensions) by extension 'python'
[0.223s] [34mcolcon.colcon_core.package_identification[0m [1;30mLevel 1[0m _identify(src/isaac_ros_dnn_inference/isaac_ros_gxf_extensions) by extensions ['python_setup_py']
[0.223s] [34mcolcon.colcon_core.package_identification[0m [1;30mLevel 1[0m _identify(src/isaac_ros_dnn_inference/isaac_ros_gxf_extensions) by extension 'python_setup_py'
[0.223s] [34mcolcon.colcon_core.package_identification[0m [1;30mLevel 1[0m _identify(src/isaac_ros_dnn_inference/isaac_ros_gxf_extensions/gxf_isaac_tensor_rt) by extensions ['ignore', 'ignore_ament_install']
[0.223s] [34mcolcon.colcon_core.package_identification[0m [1;30mLevel 1[0m _identify(src/isaac_ros_dnn_inference/isaac_ros_gxf_extensions/gxf_isaac_tensor_rt) by extension 'ignore'
[0.223s] [34mcolcon.colcon_core.package_identification[0m [1;30mLevel 1[0m _identify(src/isaac_ros_dnn_inference/isaac_ros_gxf_extensions/gxf_isaac_tensor_rt) by extension 'ignore_ament_install'
[0.223s] [34mcolcon.colcon_core.package_identification[0m [1;30mLevel 1[0m _identify(src/isaac_ros_dnn_inference/isaac_ros_gxf_extensions/gxf_isaac_tensor_rt) by extensions ['colcon_pkg']
[0.223s] [34mcolcon.colcon_core.package_identification[0m [1;30mLevel 1[0m _identify(src/isaac_ros_dnn_inference/isaac_ros_gxf_extensions/gxf_isaac_tensor_rt) by extension 'colcon_pkg'
[0.223s] [34mcolcon.colcon_core.package_identification[0m [1;30mLevel 1[0m _identify(src/isaac_ros_dnn_inference/isaac_ros_gxf_extensions/gxf_isaac_tensor_rt) by extensions ['colcon_meta']
[0.223s] [34mcolcon.colcon_core.package_identification[0m [1;30mLevel 1[0m _identify(src/isaac_ros_dnn_inference/isaac_ros_gxf_extensions/gxf_isaac_tensor_rt) by extension 'colcon_meta'
[0.223s] [34mcolcon.colcon_core.package_identification[0m [1;30mLevel 1[0m _identify(src/isaac_ros_dnn_inference/isaac_ros_gxf_extensions/gxf_isaac_tensor_rt) by extensions ['ros']
[0.223s] [34mcolcon.colcon_core.package_identification[0m [1;30mLevel 1[0m _identify(src/isaac_ros_dnn_inference/isaac_ros_gxf_extensions/gxf_isaac_tensor_rt) by extension 'ros'
[0.224s] [34mcolcon.colcon_core.package_identification[0m [1;30mDEBUG[0m [32mPackage 'src/isaac_ros_dnn_inference/isaac_ros_gxf_extensions/gxf_isaac_tensor_rt' with type 'ros.ament_cmake' and name 'gxf_isaac_tensor_rt'[0m
[0.224s] [34mcolcon.colcon_core.package_identification[0m [1;30mLevel 1[0m _identify(src/isaac_ros_dnn_inference/isaac_ros_gxf_extensions/gxf_isaac_triton) by extensions ['ignore', 'ignore_ament_install']
[0.224s] [34mcolcon.colcon_core.package_identification[0m [1;30mLevel 1[0m _identify(src/isaac_ros_dnn_inference/isaac_ros_gxf_extensions/gxf_isaac_triton) by extension 'ignore'
[0.224s] [34mcolcon.colcon_core.package_identification[0m [1;30mLevel 1[0m _identify(src/isaac_ros_dnn_inference/isaac_ros_gxf_extensions/gxf_isaac_triton) by extension 'ignore_ament_install'
[0.224s] [34mcolcon.colcon_core.package_identification[0m [1;30mLevel 1[0m _identify(src/isaac_ros_dnn_inference/isaac_ros_gxf_extensions/gxf_isaac_triton) by extensions ['colcon_pkg']
[0.224s] [34mcolcon.colcon_core.package_identification[0m [1;30mLevel 1[0m _identify(src/isaac_ros_dnn_inference/isaac_ros_gxf_extensions/gxf_isaac_triton) by extension 'colcon_pkg'
[0.224s] [34mcolcon.colcon_core.package_identification[0m [1;30mLevel 1[0m _identify(src/isaac_ros_dnn_inference/isaac_ros_gxf_extensions/gxf_isaac_triton) by extensions ['colcon_meta']
[0.224s] [34mcolcon.colcon_core.package_identification[0m [1;30mLevel 1[0m _identify(src/isaac_ros_dnn_inference/isaac_ros_gxf_extensions/gxf_isaac_triton) by extension 'colcon_meta'
[0.224s] [34mcolcon.colcon_core.package_identification[0m [1;30mLevel 1[0m _identify(src/isaac_ros_dnn_inference/isaac_ros_gxf_extensions/gxf_isaac_triton) by extensions ['ros']
[0.224s] [34mcolcon.colcon_core.package_identification[0m [1;30mLevel 1[0m _identify(src/isaac_ros_dnn_inference/isaac_ros_gxf_extensions/gxf_isaac_triton) by extension 'ros'
[0.224s] [34mcolcon.colcon_core.package_identification[0m [1;30mDEBUG[0m [32mPackage 'src/isaac_ros_dnn_inference/isaac_ros_gxf_extensions/gxf_isaac_triton' with type 'ros.ament_cmake' and name 'gxf_isaac_triton'[0m
[0.224s] [34mcolcon.colcon_core.package_identification[0m [1;30mLevel 1[0m _identify(src/isaac_ros_dnn_inference/isaac_ros_tensor_proc) by extensions ['ignore', 'ignore_ament_install']
[0.224s] [34mcolcon.colcon_core.package_identification[0m [1;30mLevel 1[0m _identify(src/isaac_ros_dnn_inference/isaac_ros_tensor_proc) by extension 'ignore'
[0.224s] [34mcolcon.colcon_core.package_identification[0m [1;30mLevel 1[0m _identify(src/isaac_ros_dnn_inference/isaac_ros_tensor_proc) by extension 'ignore_ament_install'
[0.224s] [34mcolcon.colcon_core.package_identification[0m [1;30mLevel 1[0m _identify(src/isaac_ros_dnn_inference/isaac_ros_tensor_proc) by extensions ['colcon_pkg']
[0.224s] [34mcolcon.colcon_core.package_identification[0m [1;30mLevel 1[0m _identify(src/isaac_ros_dnn_inference/isaac_ros_tensor_proc) by extension 'colcon_pkg'
[0.224s] [34mcolcon.colcon_core.package_identification[0m [1;30mLevel 1[0m _identify(src/isaac_ros_dnn_inference/isaac_ros_tensor_proc) by extensions ['colcon_meta']
[0.224s] [34mcolcon.colcon_core.package_identification[0m [1;30mLevel 1[0m _identify(src/isaac_ros_dnn_inference/isaac_ros_tensor_proc) by extension 'colcon_meta'
[0.224s] [34mcolcon.colcon_core.package_identification[0m [1;30mLevel 1[0m _identify(src/isaac_ros_dnn_inference/isaac_ros_tensor_proc) by extensions ['ros']
[0.224s] [34mcolcon.colcon_core.package_identification[0m [1;30mLevel 1[0m _identify(src/isaac_ros_dnn_inference/isaac_ros_tensor_proc) by extension 'ros'
[0.225s] [34mcolcon.colcon_core.package_identification[0m [1;30mDEBUG[0m [32mPackage 'src/isaac_ros_dnn_inference/isaac_ros_tensor_proc' with type 'ros.ament_cmake' and name 'isaac_ros_tensor_proc'[0m
[0.225s] [34mcolcon.colcon_core.package_identification[0m [1;30mLevel 1[0m _identify(src/isaac_ros_dnn_inference/isaac_ros_tensor_rt) by extensions ['ignore', 'ignore_ament_install']
[0.225s] [34mcolcon.colcon_core.package_identification[0m [1;30mLevel 1[0m _identify(src/isaac_ros_dnn_inference/isaac_ros_tensor_rt) by extension 'ignore'
[0.225s] [34mcolcon.colcon_core.package_identification[0m [1;30mLevel 1[0m _identify(src/isaac_ros_dnn_inference/isaac_ros_tensor_rt) by extension 'ignore_ament_install'
[0.225s] [34mcolcon.colcon_core.package_identification[0m [1;30mLevel 1[0m _identify(src/isaac_ros_dnn_inference/isaac_ros_tensor_rt) by extensions ['colcon_pkg']
[0.225s] [34mcolcon.colcon_core.package_identification[0m [1;30mLevel 1[0m _identify(src/isaac_ros_dnn_inference/isaac_ros_tensor_rt) by extension 'colcon_pkg'
[0.225s] [34mcolcon.colcon_core.package_identification[0m [1;30mLevel 1[0m _identify(src/isaac_ros_dnn_inference/isaac_ros_tensor_rt) by extensions ['colcon_meta']
[0.225s] [34mcolcon.colcon_core.package_identification[0m [1;30mLevel 1[0m _identify(src/isaac_ros_dnn_inference/isaac_ros_tensor_rt) by extension 'colcon_meta'
[0.225s] [34mcolcon.colcon_core.package_identification[0m [1;30mLevel 1[0m _identify(src/isaac_ros_dnn_inference/isaac_ros_tensor_rt) by extensions ['ros']
[0.225s] [34mcolcon.colcon_core.package_identification[0m [1;30mLevel 1[0m _identify(src/isaac_ros_dnn_inference/isaac_ros_tensor_rt) by extension 'ros'
[0.226s] [34mcolcon.colcon_core.package_identification[0m [1;30mDEBUG[0m [32mPackage 'src/isaac_ros_dnn_inference/isaac_ros_tensor_rt' with type 'ros.ament_cmake' and name 'isaac_ros_tensor_rt'[0m
[0.226s] [34mcolcon.colcon_core.package_identification[0m [1;30mLevel 1[0m _identify(src/isaac_ros_dnn_inference/isaac_ros_triton) by extensions ['ignore', 'ignore_ament_install']
[0.226s] [34mcolcon.colcon_core.package_identification[0m [1;30mLevel 1[0m _identify(src/isaac_ros_dnn_inference/isaac_ros_triton) by extension 'ignore'
[0.226s] [34mcolcon.colcon_core.package_identification[0m [1;30mLevel 1[0m _identify(src/isaac_ros_dnn_inference/isaac_ros_triton) by extension 'ignore_ament_install'
[0.226s] [34mcolcon.colcon_core.package_identification[0m [1;30mLevel 1[0m _identify(src/isaac_ros_dnn_inference/isaac_ros_triton) by extensions ['colcon_pkg']
[0.226s] [34mcolcon.colcon_core.package_identification[0m [1;30mLevel 1[0m _identify(src/isaac_ros_dnn_inference/isaac_ros_triton) by extension 'colcon_pkg'
[0.226s] [34mcolcon.colcon_core.package_identification[0m [1;30mLevel 1[0m _identify(src/isaac_ros_dnn_inference/isaac_ros_triton) by extensions ['colcon_meta']
[0.226s] [34mcolcon.colcon_core.package_identification[0m [1;30mLevel 1[0m _identify(src/isaac_ros_dnn_inference/isaac_ros_triton) by extension 'colcon_meta'
[0.226s] [34mcolcon.colcon_core.package_identification[0m [1;30mLevel 1[0m _identify(src/isaac_ros_dnn_inference/isaac_ros_triton) by extensions ['ros']
[0.226s] [34mcolcon.colcon_core.package_identification[0m [1;30mLevel 1[0m _identify(src/isaac_ros_dnn_inference/isaac_ros_triton) by extension 'ros'
[0.226s] [34mcolcon.colcon_core.package_identification[0m [1;30mDEBUG[0m [32mPackage 'src/isaac_ros_dnn_inference/isaac_ros_triton' with type 'ros.ament_cmake' and name 'isaac_ros_triton'[0m
[0.227s] [34mcolcon.colcon_core.package_identification[0m [1;30mLevel 1[0m _identify(src/isaac_ros_dnn_inference/resources) by extensions ['ignore', 'ignore_ament_install']
[0.227s] [34mcolcon.colcon_core.package_identification[0m [1;30mLevel 1[0m _identify(src/isaac_ros_dnn_inference/resources) by extension 'ignore'
[0.227s] [34mcolcon.colcon_core.package_identification[0m [1;30mLevel 1[0m _identify(src/isaac_ros_dnn_inference/resources) by extension 'ignore_ament_install'
[0.227s] [34mcolcon.colcon_core.package_identification[0m [1;30mLevel 1[0m _identify(src/isaac_ros_dnn_inference/resources) by extensions ['colcon_pkg']
[0.227s] [34mcolcon.colcon_core.package_identification[0m [1;30mLevel 1[0m _identify(src/isaac_ros_dnn_inference/resources) by extension 'colcon_pkg'
[0.227s] [34mcolcon.colcon_core.package_identification[0m [1;30mLevel 1[0m _identify(src/isaac_ros_dnn_inference/resources) by extensions ['colcon_meta']
[0.227s] [34mcolcon.colcon_core.package_identification[0m [1;30mLevel 1[0m _identify(src/isaac_ros_dnn_inference/resources) by extension 'colcon_meta'
[0.227s] [34mcolcon.colcon_core.package_identification[0m [1;30mLevel 1[0m _identify(src/isaac_ros_dnn_inference/resources) by extensions ['ros']
[0.227s] [34mcolcon.colcon_core.package_identification[0m [1;30mLevel 1[0m _identify(src/isaac_ros_dnn_inference/resources) by extension 'ros'
[0.227s] [34mcolcon.colcon_core.package_identification[0m [1;30mLevel 1[0m _identify(src/isaac_ros_dnn_inference/resources) by extensions ['cmake', 'python']
[0.227s] [34mcolcon.colcon_core.package_identification[0m [1;30mLevel 1[0m _identify(src/isaac_ros_dnn_inference/resources) by extension 'cmake'
[0.227s] [34mcolcon.colcon_core.package_identification[0m [1;30mLevel 1[0m _identify(src/isaac_ros_dnn_inference/resources) by extension 'python'
[0.227s] [34mcolcon.colcon_core.package_identification[0m [1;30mLevel 1[0m _identify(src/isaac_ros_dnn_inference/resources) by extensions ['python_setup_py']
[0.227s] [34mcolcon.colcon_core.package_identification[0m [1;30mLevel 1[0m _identify(src/isaac_ros_dnn_inference/resources) by extension 'python_setup_py'
[0.227s] [34mcolcon.colcon_core.package_identification[0m [1;30mLevel 1[0m _identify(src/isaac_ros_dnn_inference/test) by extensions ['ignore', 'ignore_ament_install']
[0.227s] [34mcolcon.colcon_core.package_identification[0m [1;30mLevel 1[0m _identify(src/isaac_ros_dnn_inference/test) by extension 'ignore'
[0.227s] [34mcolcon.colcon_core.package_identification[0m [1;30mLevel 1[0m _identify(src/isaac_ros_dnn_inference/test) by extension 'ignore_ament_install'
[0.227s] [34mcolcon.colcon_core.package_identification[0m [1;30mLevel 1[0m _identify(src/isaac_ros_dnn_inference/test) by extensions ['colcon_pkg']
[0.227s] [34mcolcon.colcon_core.package_identification[0m [1;30mLevel 1[0m _identify(src/isaac_ros_dnn_inference/test) by extension 'colcon_pkg'
[0.227s] [34mcolcon.colcon_core.package_identification[0m [1;30mLevel 1[0m _identify(src/isaac_ros_dnn_inference/test) by extensions ['colcon_meta']
[0.227s] [34mcolcon.colcon_core.package_identification[0m [1;30mLevel 1[0m _identify(src/isaac_ros_dnn_inference/test) by extension 'colcon_meta'
[0.227s] [34mcolcon.colcon_core.package_identification[0m [1;30mLevel 1[0m _identify(src/isaac_ros_dnn_inference/test) by extensions ['ros']
[0.227s] [34mcolcon.colcon_core.package_identification[0m [1;30mLevel 1[0m _identify(src/isaac_ros_dnn_inference/test) by extension 'ros'
[0.227s] [34mcolcon.colcon_core.package_identification[0m [1;30mLevel 1[0m _identify(src/isaac_ros_dnn_inference/test) by extensions ['cmake', 'python']
[0.227s] [34mcolcon.colcon_core.package_identification[0m [1;30mLevel 1[0m _identify(src/isaac_ros_dnn_inference/test) by extension 'cmake'
[0.227s] [34mcolcon.colcon_core.package_identification[0m [1;30mLevel 1[0m _identify(src/isaac_ros_dnn_inference/test) by extension 'python'
[0.227s] [34mcolcon.colcon_core.package_identification[0m [1;30mLevel 1[0m _identify(src/isaac_ros_dnn_inference/test) by extensions ['python_setup_py']
[0.227s] [34mcolcon.colcon_core.package_identification[0m [1;30mLevel 1[0m _identify(src/isaac_ros_dnn_inference/test) by extension 'python_setup_py'
[0.227s] [34mcolcon.colcon_core.package_identification[0m [1;30mLevel 1[0m _identify(src/isaac_ros_dnn_inference/test/models) by extensions ['ignore', 'ignore_ament_install']
[0.227s] [34mcolcon.colcon_core.package_identification[0m [1;30mLevel 1[0m _identify(src/isaac_ros_dnn_inference/test/models) by extension 'ignore'
[0.227s] [34mcolcon.colcon_core.package_identification[0m [1;30mLevel 1[0m _identify(src/isaac_ros_dnn_inference/test/models) by extension 'ignore_ament_install'
[0.227s] [34mcolcon.colcon_core.package_identification[0m [1;30mLevel 1[0m _identify(src/isaac_ros_dnn_inference/test/models) by extensions ['colcon_pkg']
[0.227s] [34mcolcon.colcon_core.package_identification[0m [1;30mLevel 1[0m _identify(src/isaac_ros_dnn_inference/test/models) by extension 'colcon_pkg'
[0.227s] [34mcolcon.colcon_core.package_identification[0m [1;30mLevel 1[0m _identify(src/isaac_ros_dnn_inference/test/models) by extensions ['colcon_meta']
[0.227s] [34mcolcon.colcon_core.package_identification[0m [1;30mLevel 1[0m _identify(src/isaac_ros_dnn_inference/test/models) by extension 'colcon_meta'
[0.227s] [34mcolcon.colcon_core.package_identification[0m [1;30mLevel 1[0m _identify(src/isaac_ros_dnn_inference/test/models) by extensions ['ros']
[0.227s] [34mcolcon.colcon_core.package_identification[0m [1;30mLevel 1[0m _identify(src/isaac_ros_dnn_inference/test/models) by extension 'ros'
[0.227s] [34mcolcon.colcon_core.package_identification[0m [1;30mLevel 1[0m _identify(src/isaac_ros_dnn_inference/test/models) by extensions ['cmake', 'python']
[0.227s] [34mcolcon.colcon_core.package_identification[0m [1;30mLevel 1[0m _identify(src/isaac_ros_dnn_inference/test/models) by extension 'cmake'
[0.227s] [34mcolcon.colcon_core.package_identification[0m [1;30mLevel 1[0m _identify(src/isaac_ros_dnn_inference/test/models) by extension 'python'
[0.227s] [34mcolcon.colcon_core.package_identification[0m [1;30mLevel 1[0m _identify(src/isaac_ros_dnn_inference/test/models) by extensions ['python_setup_py']
[0.227s] [34mcolcon.colcon_core.package_identification[0m [1;30mLevel 1[0m _identify(src/isaac_ros_dnn_inference/test/models) by extension 'python_setup_py'
[0.227s] [34mcolcon.colcon_core.package_identification[0m [1;30mLevel 1[0m _identify(src/isaac_ros_dnn_inference/test/models/dope_ketchup_pol) by extensions ['ignore', 'ignore_ament_install']
[0.228s] [34mcolcon.colcon_core.package_identification[0m [1;30mLevel 1[0m _identify(src/isaac_ros_dnn_inference/test/models/dope_ketchup_pol) by extension 'ignore'
[0.228s] [34mcolcon.colcon_core.package_identification[0m [1;30mLevel 1[0m _identify(src/isaac_ros_dnn_inference/test/models/dope_ketchup_pol) by extension 'ignore_ament_install'
[0.228s] [34mcolcon.colcon_core.package_identification[0m [1;30mLevel 1[0m _identify(src/isaac_ros_dnn_inference/test/models/dope_ketchup_pol) by extensions ['colcon_pkg']
[0.228s] [34mcolcon.colcon_core.package_identification[0m [1;30mLevel 1[0m _identify(src/isaac_ros_dnn_inference/test/models/dope_ketchup_pol) by extension 'colcon_pkg'
[0.228s] [34mcolcon.colcon_core.package_identification[0m [1;30mLevel 1[0m _identify(src/isaac_ros_dnn_inference/test/models/dope_ketchup_pol) by extensions ['colcon_meta']
[0.228s] [34mcolcon.colcon_core.package_identification[0m [1;30mLevel 1[0m _identify(src/isaac_ros_dnn_inference/test/models/dope_ketchup_pol) by extension 'colcon_meta'
[0.228s] [34mcolcon.colcon_core.package_identification[0m [1;30mLevel 1[0m _identify(src/isaac_ros_dnn_inference/test/models/dope_ketchup_pol) by extensions ['ros']
[0.228s] [34mcolcon.colcon_core.package_identification[0m [1;30mLevel 1[0m _identify(src/isaac_ros_dnn_inference/test/models/dope_ketchup_pol) by extension 'ros'
[0.228s] [34mcolcon.colcon_core.package_identification[0m [1;30mLevel 1[0m _identify(src/isaac_ros_dnn_inference/test/models/dope_ketchup_pol) by extensions ['cmake', 'python']
[0.228s] [34mcolcon.colcon_core.package_identification[0m [1;30mLevel 1[0m _identify(src/isaac_ros_dnn_inference/test/models/dope_ketchup_pol) by extension 'cmake'
[0.228s] [34mcolcon.colcon_core.package_identification[0m [1;30mLevel 1[0m _identify(src/isaac_ros_dnn_inference/test/models/dope_ketchup_pol) by extension 'python'
[0.228s] [34mcolcon.colcon_core.package_identification[0m [1;30mLevel 1[0m _identify(src/isaac_ros_dnn_inference/test/models/dope_ketchup_pol) by extensions ['python_setup_py']
[0.228s] [34mcolcon.colcon_core.package_identification[0m [1;30mLevel 1[0m _identify(src/isaac_ros_dnn_inference/test/models/dope_ketchup_pol) by extension 'python_setup_py'
[0.228s] [34mcolcon.colcon_core.package_identification[0m [1;30mLevel 1[0m _identify(src/isaac_ros_dnn_inference/test/models/dope_ketchup_pol/1) by extensions ['ignore', 'ignore_ament_install']
[0.228s] [34mcolcon.colcon_core.package_identification[0m [1;30mLevel 1[0m _identify(src/isaac_ros_dnn_inference/test/models/dope_ketchup_pol/1) by extension 'ignore'
[0.228s] [34mcolcon.colcon_core.package_identification[0m [1;30mLevel 1[0m _identify(src/isaac_ros_dnn_inference/test/models/dope_ketchup_pol/1) by extension 'ignore_ament_install'
[0.228s] [34mcolcon.colcon_core.package_identification[0m [1;30mLevel 1[0m _identify(src/isaac_ros_dnn_inference/test/models/dope_ketchup_pol/1) by extensions ['colcon_pkg']
[0.228s] [34mcolcon.colcon_core.package_identification[0m [1;30mLevel 1[0m _identify(src/isaac_ros_dnn_inference/test/models/dope_ketchup_pol/1) by extension 'colcon_pkg'
[0.228s] [34mcolcon.colcon_core.package_identification[0m [1;30mLevel 1[0m _identify(src/isaac_ros_dnn_inference/test/models/dope_ketchup_pol/1) by extensions ['colcon_meta']
[0.228s] [34mcolcon.colcon_core.package_identification[0m [1;30mLevel 1[0m _identify(src/isaac_ros_dnn_inference/test/models/dope_ketchup_pol/1) by extension 'colcon_meta'
[0.228s] [34mcolcon.colcon_core.package_identification[0m [1;30mLevel 1[0m _identify(src/isaac_ros_dnn_inference/test/models/dope_ketchup_pol/1) by extensions ['ros']
[0.228s] [34mcolcon.colcon_core.package_identification[0m [1;30mLevel 1[0m _identify(src/isaac_ros_dnn_inference/test/models/dope_ketchup_pol/1) by extension 'ros'
[0.228s] [34mcolcon.colcon_core.package_identification[0m [1;30mLevel 1[0m _identify(src/isaac_ros_dnn_inference/test/models/dope_ketchup_pol/1) by extensions ['cmake', 'python']
[0.228s] [34mcolcon.colcon_core.package_identification[0m [1;30mLevel 1[0m _identify(src/isaac_ros_dnn_inference/test/models/dope_ketchup_pol/1) by extension 'cmake'
[0.228s] [34mcolcon.colcon_core.package_identification[0m [1;30mLevel 1[0m _identify(src/isaac_ros_dnn_inference/test/models/dope_ketchup_pol/1) by extension 'python'
[0.228s] [34mcolcon.colcon_core.package_identification[0m [1;30mLevel 1[0m _identify(src/isaac_ros_dnn_inference/test/models/dope_ketchup_pol/1) by extensions ['python_setup_py']
[0.228s] [34mcolcon.colcon_core.package_identification[0m [1;30mLevel 1[0m _identify(src/isaac_ros_dnn_inference/test/models/dope_ketchup_pol/1) by extension 'python_setup_py'
[0.228s] [34mcolcon.colcon_core.package_identification[0m [1;30mLevel 1[0m _identify(src/isaac_ros_dnn_inference/test/models/mobilenetv2-1.0_triton_onnx) by extensions ['ignore', 'ignore_ament_install']
[0.228s] [34mcolcon.colcon_core.package_identification[0m [1;30mLevel 1[0m _identify(src/isaac_ros_dnn_inference/test/models/mobilenetv2-1.0_triton_onnx) by extension 'ignore'
[0.228s] [34mcolcon.colcon_core.package_identification[0m [1;30mLevel 1[0m _identify(src/isaac_ros_dnn_inference/test/models/mobilenetv2-1.0_triton_onnx) by extension 'ignore_ament_install'
[0.228s] [34mcolcon.colcon_core.package_identification[0m [1;30mLevel 1[0m _identify(src/isaac_ros_dnn_inference/test/models/mobilenetv2-1.0_triton_onnx) by extensions ['colcon_pkg']
[0.228s] [34mcolcon.colcon_core.package_identification[0m [1;30mLevel 1[0m _identify(src/isaac_ros_dnn_inference/test/models/mobilenetv2-1.0_triton_onnx) by extension 'colcon_pkg'
[0.228s] [34mcolcon.colcon_core.package_identification[0m [1;30mLevel 1[0m _identify(src/isaac_ros_dnn_inference/test/models/mobilenetv2-1.0_triton_onnx) by extensions ['colcon_meta']
[0.228s] [34mcolcon.colcon_core.package_identification[0m [1;30mLevel 1[0m _identify(src/isaac_ros_dnn_inference/test/models/mobilenetv2-1.0_triton_onnx) by extension 'colcon_meta'
[0.228s] [34mcolcon.colcon_core.package_identification[0m [1;30mLevel 1[0m _identify(src/isaac_ros_dnn_inference/test/models/mobilenetv2-1.0_triton_onnx) by extensions ['ros']
[0.228s] [34mcolcon.colcon_core.package_identification[0m [1;30mLevel 1[0m _identify(src/isaac_ros_dnn_inference/test/models/mobilenetv2-1.0_triton_onnx) by extension 'ros'
[0.228s] [34mcolcon.colcon_core.package_identification[0m [1;30mLevel 1[0m _identify(src/isaac_ros_dnn_inference/test/models/mobilenetv2-1.0_triton_onnx) by extensions ['cmake', 'python']
[0.228s] [34mcolcon.colcon_core.package_identification[0m [1;30mLevel 1[0m _identify(src/isaac_ros_dnn_inference/test/models/mobilenetv2-1.0_triton_onnx) by extension 'cmake'
[0.228s] [34mcolcon.colcon_core.package_identification[0m [1;30mLevel 1[0m _identify(src/isaac_ros_dnn_inference/test/models/mobilenetv2-1.0_triton_onnx) by extension 'python'
[0.228s] [34mcolcon.colcon_core.package_identification[0m [1;30mLevel 1[0m _identify(src/isaac_ros_dnn_inference/test/models/mobilenetv2-1.0_triton_onnx) by extensions ['python_setup_py']
[0.228s] [34mcolcon.colcon_core.package_identification[0m [1;30mLevel 1[0m _identify(src/isaac_ros_dnn_inference/test/models/mobilenetv2-1.0_triton_onnx) by extension 'python_setup_py'
[0.228s] [34mcolcon.colcon_core.package_identification[0m [1;30mLevel 1[0m _identify(src/isaac_ros_dnn_inference/test/models/mobilenetv2-1.0_triton_onnx/1) by extensions ['ignore', 'ignore_ament_install']
[0.228s] [34mcolcon.colcon_core.package_identification[0m [1;30mLevel 1[0m _identify(src/isaac_ros_dnn_inference/test/models/mobilenetv2-1.0_triton_onnx/1) by extension 'ignore'
[0.228s] [34mcolcon.colcon_core.package_identification[0m [1;30mLevel 1[0m _identify(src/isaac_ros_dnn_inference/test/models/mobilenetv2-1.0_triton_onnx/1) by extension 'ignore_ament_install'
[0.229s] [34mcolcon.colcon_core.package_identification[0m [1;30mLevel 1[0m _identify(src/isaac_ros_dnn_inference/test/models/mobilenetv2-1.0_triton_onnx/1) by extensions ['colcon_pkg']
[0.229s] [34mcolcon.colcon_core.package_identification[0m [1;30mLevel 1[0m _identify(src/isaac_ros_dnn_inference/test/models/mobilenetv2-1.0_triton_onnx/1) by extension 'colcon_pkg'
[0.229s] [34mcolcon.colcon_core.package_identification[0m [1;30mLevel 1[0m _identify(src/isaac_ros_dnn_inference/test/models/mobilenetv2-1.0_triton_onnx/1) by extensions ['colcon_meta']
[0.229s] [34mcolcon.colcon_core.package_identification[0m [1;30mLevel 1[0m _identify(src/isaac_ros_dnn_inference/test/models/mobilenetv2-1.0_triton_onnx/1) by extension 'colcon_meta'
[0.229s] [34mcolcon.colcon_core.package_identification[0m [1;30mLevel 1[0m _identify(src/isaac_ros_dnn_inference/test/models/mobilenetv2-1.0_triton_onnx/1) by extensions ['ros']
[0.229s] [34mcolcon.colcon_core.package_identification[0m [1;30mLevel 1[0m _identify(src/isaac_ros_dnn_inference/test/models/mobilenetv2-1.0_triton_onnx/1) by extension 'ros'
[0.229s] [34mcolcon.colcon_core.package_identification[0m [1;30mLevel 1[0m _identify(src/isaac_ros_dnn_inference/test/models/mobilenetv2-1.0_triton_onnx/1) by extensions ['cmake', 'python']
[0.229s] [34mcolcon.colcon_core.package_identification[0m [1;30mLevel 1[0m _identify(src/isaac_ros_dnn_inference/test/models/mobilenetv2-1.0_triton_onnx/1) by extension 'cmake'
[0.229s] [34mcolcon.colcon_core.package_identification[0m [1;30mLevel 1[0m _identify(src/isaac_ros_dnn_inference/test/models/mobilenetv2-1.0_triton_onnx/1) by extension 'python'
[0.229s] [34mcolcon.colcon_core.package_identification[0m [1;30mLevel 1[0m _identify(src/isaac_ros_dnn_inference/test/models/mobilenetv2-1.0_triton_onnx/1) by extensions ['python_setup_py']
[0.229s] [34mcolcon.colcon_core.package_identification[0m [1;30mLevel 1[0m _identify(src/isaac_ros_dnn_inference/test/models/mobilenetv2-1.0_triton_onnx/1) by extension 'python_setup_py'
[0.229s] [34mcolcon.colcon_core.package_identification[0m [1;30mLevel 1[0m _identify(src/isaac_ros_dnn_inference/test/models/simple_triton_tf) by extensions ['ignore', 'ignore_ament_install']
[0.229s] [34mcolcon.colcon_core.package_identification[0m [1;30mLevel 1[0m _identify(src/isaac_ros_dnn_inference/test/models/simple_triton_tf) by extension 'ignore'
[0.229s] [34mcolcon.colcon_core.package_identification[0m [1;30mLevel 1[0m _identify(src/isaac_ros_dnn_inference/test/models/simple_triton_tf) by extension 'ignore_ament_install'
[0.229s] [34mcolcon.colcon_core.package_identification[0m [1;30mLevel 1[0m _identify(src/isaac_ros_dnn_inference/test/models/simple_triton_tf) by extensions ['colcon_pkg']
[0.229s] [34mcolcon.colcon_core.package_identification[0m [1;30mLevel 1[0m _identify(src/isaac_ros_dnn_inference/test/models/simple_triton_tf) by extension 'colcon_pkg'
[0.229s] [34mcolcon.colcon_core.package_identification[0m [1;30mLevel 1[0m _identify(src/isaac_ros_dnn_inference/test/models/simple_triton_tf) by extensions ['colcon_meta']
[0.229s] [34mcolcon.colcon_core.package_identification[0m [1;30mLevel 1[0m _identify(src/isaac_ros_dnn_inference/test/models/simple_triton_tf) by extension 'colcon_meta'
[0.229s] [34mcolcon.colcon_core.package_identification[0m [1;30mLevel 1[0m _identify(src/isaac_ros_dnn_inference/test/models/simple_triton_tf) by extensions ['ros']
[0.229s] [34mcolcon.colcon_core.package_identification[0m [1;30mLevel 1[0m _identify(src/isaac_ros_dnn_inference/test/models/simple_triton_tf) by extension 'ros'
[0.229s] [34mcolcon.colcon_core.package_identification[0m [1;30mLevel 1[0m _identify(src/isaac_ros_dnn_inference/test/models/simple_triton_tf) by extensions ['cmake', 'python']
[0.229s] [34mcolcon.colcon_core.package_identification[0m [1;30mLevel 1[0m _identify(src/isaac_ros_dnn_inference/test/models/simple_triton_tf) by extension 'cmake'
[0.229s] [34mcolcon.colcon_core.package_identification[0m [1;30mLevel 1[0m _identify(src/isaac_ros_dnn_inference/test/models/simple_triton_tf) by extension 'python'
[0.229s] [34mcolcon.colcon_core.package_identification[0m [1;30mLevel 1[0m _identify(src/isaac_ros_dnn_inference/test/models/simple_triton_tf) by extensions ['python_setup_py']
[0.229s] [34mcolcon.colcon_core.package_identification[0m [1;30mLevel 1[0m _identify(src/isaac_ros_dnn_inference/test/models/simple_triton_tf) by extension 'python_setup_py'
[0.229s] [34mcolcon.colcon_core.package_identification[0m [1;30mLevel 1[0m _identify(src/isaac_ros_dnn_inference/test/models/simple_triton_tf/1) by extensions ['ignore', 'ignore_ament_install']
[0.229s] [34mcolcon.colcon_core.package_identification[0m [1;30mLevel 1[0m _identify(src/isaac_ros_dnn_inference/test/models/simple_triton_tf/1) by extension 'ignore'
[0.229s] [34mcolcon.colcon_core.package_identification[0m [1;30mLevel 1[0m _identify(src/isaac_ros_dnn_inference/test/models/simple_triton_tf/1) by extension 'ignore_ament_install'
[0.229s] [34mcolcon.colcon_core.package_identification[0m [1;30mLevel 1[0m _identify(src/isaac_ros_dnn_inference/test/models/simple_triton_tf/1) by extensions ['colcon_pkg']
[0.229s] [34mcolcon.colcon_core.package_identification[0m [1;30mLevel 1[0m _identify(src/isaac_ros_dnn_inference/test/models/simple_triton_tf/1) by extension 'colcon_pkg'
[0.229s] [34mcolcon.colcon_core.package_identification[0m [1;30mLevel 1[0m _identify(src/isaac_ros_dnn_inference/test/models/simple_triton_tf/1) by extensions ['colcon_meta']
[0.229s] [34mcolcon.colcon_core.package_identification[0m [1;30mLevel 1[0m _identify(src/isaac_ros_dnn_inference/test/models/simple_triton_tf/1) by extension 'colcon_meta'
[0.229s] [34mcolcon.colcon_core.package_identification[0m [1;30mLevel 1[0m _identify(src/isaac_ros_dnn_inference/test/models/simple_triton_tf/1) by extensions ['ros']
[0.229s] [34mcolcon.colcon_core.package_identification[0m [1;30mLevel 1[0m _identify(src/isaac_ros_dnn_inference/test/models/simple_triton_tf/1) by extension 'ros'
[0.229s] [34mcolcon.colcon_core.package_identification[0m [1;30mLevel 1[0m _identify(src/isaac_ros_dnn_inference/test/models/simple_triton_tf/1) by extensions ['cmake', 'python']
[0.229s] [34mcolcon.colcon_core.package_identification[0m [1;30mLevel 1[0m _identify(src/isaac_ros_dnn_inference/test/models/simple_triton_tf/1) by extension 'cmake'
[0.229s] [34mcolcon.colcon_core.package_identification[0m [1;30mLevel 1[0m _identify(src/isaac_ros_dnn_inference/test/models/simple_triton_tf/1) by extension 'python'
[0.229s] [34mcolcon.colcon_core.package_identification[0m [1;30mLevel 1[0m _identify(src/isaac_ros_dnn_inference/test/models/simple_triton_tf/1) by extensions ['python_setup_py']
[0.229s] [34mcolcon.colcon_core.package_identification[0m [1;30mLevel 1[0m _identify(src/isaac_ros_dnn_inference/test/models/simple_triton_tf/1) by extension 'python_setup_py'
[0.229s] [34mcolcon.colcon_core.package_identification[0m [1;30mLevel 1[0m _identify(src/isaac_ros_image_pipeline) by extensions ['ignore', 'ignore_ament_install']
[0.229s] [34mcolcon.colcon_core.package_identification[0m [1;30mLevel 1[0m _identify(src/isaac_ros_image_pipeline) by extension 'ignore'
[0.229s] [34mcolcon.colcon_core.package_identification[0m [1;30mLevel 1[0m _identify(src/isaac_ros_image_pipeline) by extension 'ignore_ament_install'
[0.229s] [34mcolcon.colcon_core.package_identification[0m [1;30mLevel 1[0m _identify(src/isaac_ros_image_pipeline) by extensions ['colcon_pkg']
[0.229s] [34mcolcon.colcon_core.package_identification[0m [1;30mLevel 1[0m _identify(src/isaac_ros_image_pipeline) by extension 'colcon_pkg'
[0.229s] [34mcolcon.colcon_core.package_identification[0m [1;30mLevel 1[0m _identify(src/isaac_ros_image_pipeline) by extensions ['colcon_meta']
[0.229s] [34mcolcon.colcon_core.package_identification[0m [1;30mLevel 1[0m _identify(src/isaac_ros_image_pipeline) by extension 'colcon_meta'
[0.230s] [34mcolcon.colcon_core.package_identification[0m [1;30mLevel 1[0m _identify(src/isaac_ros_image_pipeline) by extensions ['ros']
[0.230s] [34mcolcon.colcon_core.package_identification[0m [1;30mLevel 1[0m _identify(src/isaac_ros_image_pipeline) by extension 'ros'
[0.230s] [34mcolcon.colcon_core.package_identification[0m [1;30mLevel 1[0m _identify(src/isaac_ros_image_pipeline) by extensions ['cmake', 'python']
[0.230s] [34mcolcon.colcon_core.package_identification[0m [1;30mLevel 1[0m _identify(src/isaac_ros_image_pipeline) by extension 'cmake'
[0.230s] [34mcolcon.colcon_core.package_identification[0m [1;30mLevel 1[0m _identify(src/isaac_ros_image_pipeline) by extension 'python'
[0.230s] [34mcolcon.colcon_core.package_identification[0m [1;30mLevel 1[0m _identify(src/isaac_ros_image_pipeline) by extensions ['python_setup_py']
[0.230s] [34mcolcon.colcon_core.package_identification[0m [1;30mLevel 1[0m _identify(src/isaac_ros_image_pipeline) by extension 'python_setup_py'
[0.230s] [34mcolcon.colcon_core.package_identification[0m [1;30mLevel 1[0m _identify(src/isaac_ros_image_pipeline/isaac_ros_depth_image_proc) by extensions ['ignore', 'ignore_ament_install']
[0.230s] [34mcolcon.colcon_core.package_identification[0m [1;30mLevel 1[0m _identify(src/isaac_ros_image_pipeline/isaac_ros_depth_image_proc) by extension 'ignore'
[0.230s] [34mcolcon.colcon_core.package_identification[0m [1;30mLevel 1[0m _identify(src/isaac_ros_image_pipeline/isaac_ros_depth_image_proc) by extension 'ignore_ament_install'
[0.230s] [34mcolcon.colcon_core.package_identification[0m [1;30mLevel 1[0m _identify(src/isaac_ros_image_pipeline/isaac_ros_depth_image_proc) by extensions ['colcon_pkg']
[0.230s] [34mcolcon.colcon_core.package_identification[0m [1;30mLevel 1[0m _identify(src/isaac_ros_image_pipeline/isaac_ros_depth_image_proc) by extension 'colcon_pkg'
[0.230s] [34mcolcon.colcon_core.package_identification[0m [1;30mLevel 1[0m _identify(src/isaac_ros_image_pipeline/isaac_ros_depth_image_proc) by extensions ['colcon_meta']
[0.230s] [34mcolcon.colcon_core.package_identification[0m [1;30mLevel 1[0m _identify(src/isaac_ros_image_pipeline/isaac_ros_depth_image_proc) by extension 'colcon_meta'
[0.230s] [34mcolcon.colcon_core.package_identification[0m [1;30mLevel 1[0m _identify(src/isaac_ros_image_pipeline/isaac_ros_depth_image_proc) by extensions ['ros']
[0.230s] [34mcolcon.colcon_core.package_identification[0m [1;30mLevel 1[0m _identify(src/isaac_ros_image_pipeline/isaac_ros_depth_image_proc) by extension 'ros'
[0.230s] [34mcolcon.colcon_core.package_identification[0m [1;30mDEBUG[0m [32mPackage 'src/isaac_ros_image_pipeline/isaac_ros_depth_image_proc' with type 'ros.ament_cmake' and name 'isaac_ros_depth_image_proc'[0m
[0.230s] [34mcolcon.colcon_core.package_identification[0m [1;30mLevel 1[0m _identify(src/isaac_ros_image_pipeline/isaac_ros_gxf_extensions) by extensions ['ignore', 'ignore_ament_install']
[0.231s] [34mcolcon.colcon_core.package_identification[0m [1;30mLevel 1[0m _identify(src/isaac_ros_image_pipeline/isaac_ros_gxf_extensions) by extension 'ignore'
[0.231s] [34mcolcon.colcon_core.package_identification[0m [1;30mLevel 1[0m _identify(src/isaac_ros_image_pipeline/isaac_ros_gxf_extensions) by extension 'ignore_ament_install'
[0.231s] [34mcolcon.colcon_core.package_identification[0m [1;30mLevel 1[0m _identify(src/isaac_ros_image_pipeline/isaac_ros_gxf_extensions) by extensions ['colcon_pkg']
[0.231s] [34mcolcon.colcon_core.package_identification[0m [1;30mLevel 1[0m _identify(src/isaac_ros_image_pipeline/isaac_ros_gxf_extensions) by extension 'colcon_pkg'
[0.231s] [34mcolcon.colcon_core.package_identification[0m [1;30mLevel 1[0m _identify(src/isaac_ros_image_pipeline/isaac_ros_gxf_extensions) by extensions ['colcon_meta']
[0.231s] [34mcolcon.colcon_core.package_identification[0m [1;30mLevel 1[0m _identify(src/isaac_ros_image_pipeline/isaac_ros_gxf_extensions) by extension 'colcon_meta'
[0.231s] [34mcolcon.colcon_core.package_identification[0m [1;30mLevel 1[0m _identify(src/isaac_ros_image_pipeline/isaac_ros_gxf_extensions) by extensions ['ros']
[0.231s] [34mcolcon.colcon_core.package_identification[0m [1;30mLevel 1[0m _identify(src/isaac_ros_image_pipeline/isaac_ros_gxf_extensions) by extension 'ros'
[0.231s] [34mcolcon.colcon_core.package_identification[0m [1;30mLevel 1[0m _identify(src/isaac_ros_image_pipeline/isaac_ros_gxf_extensions) by extensions ['cmake', 'python']
[0.231s] [34mcolcon.colcon_core.package_identification[0m [1;30mLevel 1[0m _identify(src/isaac_ros_image_pipeline/isaac_ros_gxf_extensions) by extension 'cmake'
[0.231s] [34mcolcon.colcon_core.package_identification[0m [1;30mLevel 1[0m _identify(src/isaac_ros_image_pipeline/isaac_ros_gxf_extensions) by extension 'python'
[0.231s] [34mcolcon.colcon_core.package_identification[0m [1;30mLevel 1[0m _identify(src/isaac_ros_image_pipeline/isaac_ros_gxf_extensions) by extensions ['python_setup_py']
[0.231s] [34mcolcon.colcon_core.package_identification[0m [1;30mLevel 1[0m _identify(src/isaac_ros_image_pipeline/isaac_ros_gxf_extensions) by extension 'python_setup_py'
[0.231s] [34mcolcon.colcon_core.package_identification[0m [1;30mLevel 1[0m _identify(src/isaac_ros_image_pipeline/isaac_ros_gxf_extensions/gxf_isaac_depth_image_proc) by extensions ['ignore', 'ignore_ament_install']
[0.231s] [34mcolcon.colcon_core.package_identification[0m [1;30mLevel 1[0m _identify(src/isaac_ros_image_pipeline/isaac_ros_gxf_extensions/gxf_isaac_depth_image_proc) by extension 'ignore'
[0.231s] [34mcolcon.colcon_core.package_identification[0m [1;30mLevel 1[0m _identify(src/isaac_ros_image_pipeline/isaac_ros_gxf_extensions/gxf_isaac_depth_image_proc) by extension 'ignore_ament_install'
[0.231s] [34mcolcon.colcon_core.package_identification[0m [1;30mLevel 1[0m _identify(src/isaac_ros_image_pipeline/isaac_ros_gxf_extensions/gxf_isaac_depth_image_proc) by extensions ['colcon_pkg']
[0.231s] [34mcolcon.colcon_core.package_identification[0m [1;30mLevel 1[0m _identify(src/isaac_ros_image_pipeline/isaac_ros_gxf_extensions/gxf_isaac_depth_image_proc) by extension 'colcon_pkg'
[0.231s] [34mcolcon.colcon_core.package_identification[0m [1;30mLevel 1[0m _identify(src/isaac_ros_image_pipeline/isaac_ros_gxf_extensions/gxf_isaac_depth_image_proc) by extensions ['colcon_meta']
[0.231s] [34mcolcon.colcon_core.package_identification[0m [1;30mLevel 1[0m _identify(src/isaac_ros_image_pipeline/isaac_ros_gxf_extensions/gxf_isaac_depth_image_proc) by extension 'colcon_meta'
[0.231s] [34mcolcon.colcon_core.package_identification[0m [1;30mLevel 1[0m _identify(src/isaac_ros_image_pipeline/isaac_ros_gxf_extensions/gxf_isaac_depth_image_proc) by extensions ['ros']
[0.231s] [34mcolcon.colcon_core.package_identification[0m [1;30mLevel 1[0m _identify(src/isaac_ros_image_pipeline/isaac_ros_gxf_extensions/gxf_isaac_depth_image_proc) by extension 'ros'
[0.231s] [34mcolcon.colcon_core.package_identification[0m [1;30mDEBUG[0m [32mPackage 'src/isaac_ros_image_pipeline/isaac_ros_gxf_extensions/gxf_isaac_depth_image_proc' with type 'ros.ament_cmake' and name 'gxf_isaac_depth_image_proc'[0m
[0.231s] [34mcolcon.colcon_core.package_identification[0m [1;30mLevel 1[0m _identify(src/isaac_ros_image_pipeline/isaac_ros_gxf_extensions/gxf_isaac_image_flip) by extensions ['ignore', 'ignore_ament_install']
[0.231s] [34mcolcon.colcon_core.package_identification[0m [1;30mLevel 1[0m _identify(src/isaac_ros_image_pipeline/isaac_ros_gxf_extensions/gxf_isaac_image_flip) by extension 'ignore'
[0.232s] [34mcolcon.colcon_core.package_identification[0m [1;30mLevel 1[0m _identify(src/isaac_ros_image_pipeline/isaac_ros_gxf_extensions/gxf_isaac_image_flip) by extension 'ignore_ament_install'
[0.232s] [34mcolcon.colcon_core.package_identification[0m [1;30mLevel 1[0m _identify(src/isaac_ros_image_pipeline/isaac_ros_gxf_extensions/gxf_isaac_image_flip) by extensions ['colcon_pkg']
[0.232s] [34mcolcon.colcon_core.package_identification[0m [1;30mLevel 1[0m _identify(src/isaac_ros_image_pipeline/isaac_ros_gxf_extensions/gxf_isaac_image_flip) by extension 'colcon_pkg'
[0.232s] [34mcolcon.colcon_core.package_identification[0m [1;30mLevel 1[0m _identify(src/isaac_ros_image_pipeline/isaac_ros_gxf_extensions/gxf_isaac_image_flip) by extensions ['colcon_meta']
[0.232s] [34mcolcon.colcon_core.package_identification[0m [1;30mLevel 1[0m _identify(src/isaac_ros_image_pipeline/isaac_ros_gxf_extensions/gxf_isaac_image_flip) by extension 'colcon_meta'
[0.232s] [34mcolcon.colcon_core.package_identification[0m [1;30mLevel 1[0m _identify(src/isaac_ros_image_pipeline/isaac_ros_gxf_extensions/gxf_isaac_image_flip) by extensions ['ros']
[0.232s] [34mcolcon.colcon_core.package_identification[0m [1;30mLevel 1[0m _identify(src/isaac_ros_image_pipeline/isaac_ros_gxf_extensions/gxf_isaac_image_flip) by extension 'ros'
[0.232s] [34mcolcon.colcon_core.package_identification[0m [1;30mDEBUG[0m [32mPackage 'src/isaac_ros_image_pipeline/isaac_ros_gxf_extensions/gxf_isaac_image_flip' with type 'ros.ament_cmake' and name 'gxf_isaac_image_flip'[0m
[0.232s] [34mcolcon.colcon_core.package_identification[0m [1;30mLevel 1[0m _identify(src/isaac_ros_image_pipeline/isaac_ros_gxf_extensions/gxf_isaac_rectify) by extensions ['ignore', 'ignore_ament_install']
[0.232s] [34mcolcon.colcon_core.package_identification[0m [1;30mLevel 1[0m _identify(src/isaac_ros_image_pipeline/isaac_ros_gxf_extensions/gxf_isaac_rectify) by extension 'ignore'
[0.232s] [34mcolcon.colcon_core.package_identification[0m [1;30mLevel 1[0m _identify(src/isaac_ros_image_pipeline/isaac_ros_gxf_extensions/gxf_isaac_rectify) by extension 'ignore_ament_install'
[0.232s] [34mcolcon.colcon_core.package_identification[0m [1;30mLevel 1[0m _identify(src/isaac_ros_image_pipeline/isaac_ros_gxf_extensions/gxf_isaac_rectify) by extensions ['colcon_pkg']
[0.232s] [34mcolcon.colcon_core.package_identification[0m [1;30mLevel 1[0m _identify(src/isaac_ros_image_pipeline/isaac_ros_gxf_extensions/gxf_isaac_rectify) by extension 'colcon_pkg'
[0.232s] [34mcolcon.colcon_core.package_identification[0m [1;30mLevel 1[0m _identify(src/isaac_ros_image_pipeline/isaac_ros_gxf_extensions/gxf_isaac_rectify) by extensions ['colcon_meta']
[0.232s] [34mcolcon.colcon_core.package_identification[0m [1;30mLevel 1[0m _identify(src/isaac_ros_image_pipeline/isaac_ros_gxf_extensions/gxf_isaac_rectify) by extension 'colcon_meta'
[0.232s] [34mcolcon.colcon_core.package_identification[0m [1;30mLevel 1[0m _identify(src/isaac_ros_image_pipeline/isaac_ros_gxf_extensions/gxf_isaac_rectify) by extensions ['ros']
[0.232s] [34mcolcon.colcon_core.package_identification[0m [1;30mLevel 1[0m _identify(src/isaac_ros_image_pipeline/isaac_ros_gxf_extensions/gxf_isaac_rectify) by extension 'ros'
[0.233s] [34mcolcon.colcon_core.package_identification[0m [1;30mDEBUG[0m [32mPackage 'src/isaac_ros_image_pipeline/isaac_ros_gxf_extensions/gxf_isaac_rectify' with type 'ros.ament_cmake' and name 'gxf_isaac_rectify'[0m
[0.233s] [34mcolcon.colcon_core.package_identification[0m [1;30mLevel 1[0m _identify(src/isaac_ros_image_pipeline/isaac_ros_gxf_extensions/gxf_isaac_sgm) by extensions ['ignore', 'ignore_ament_install']
[0.233s] [34mcolcon.colcon_core.package_identification[0m [1;30mLevel 1[0m _identify(src/isaac_ros_image_pipeline/isaac_ros_gxf_extensions/gxf_isaac_sgm) by extension 'ignore'
[0.233s] [34mcolcon.colcon_core.package_identification[0m [1;30mLevel 1[0m _identify(src/isaac_ros_image_pipeline/isaac_ros_gxf_extensions/gxf_isaac_sgm) by extension 'ignore_ament_install'
[0.233s] [34mcolcon.colcon_core.package_identification[0m [1;30mLevel 1[0m _identify(src/isaac_ros_image_pipeline/isaac_ros_gxf_extensions/gxf_isaac_sgm) by extensions ['colcon_pkg']
[0.233s] [34mcolcon.colcon_core.package_identification[0m [1;30mLevel 1[0m _identify(src/isaac_ros_image_pipeline/isaac_ros_gxf_extensions/gxf_isaac_sgm) by extension 'colcon_pkg'
[0.233s] [34mcolcon.colcon_core.package_identification[0m [1;30mLevel 1[0m _identify(src/isaac_ros_image_pipeline/isaac_ros_gxf_extensions/gxf_isaac_sgm) by extensions ['colcon_meta']
[0.233s] [34mcolcon.colcon_core.package_identification[0m [1;30mLevel 1[0m _identify(src/isaac_ros_image_pipeline/isaac_ros_gxf_extensions/gxf_isaac_sgm) by extension 'colcon_meta'
[0.233s] [34mcolcon.colcon_core.package_identification[0m [1;30mLevel 1[0m _identify(src/isaac_ros_image_pipeline/isaac_ros_gxf_extensions/gxf_isaac_sgm) by extensions ['ros']
[0.233s] [34mcolcon.colcon_core.package_identification[0m [1;30mLevel 1[0m _identify(src/isaac_ros_image_pipeline/isaac_ros_gxf_extensions/gxf_isaac_sgm) by extension 'ros'
[0.234s] [34mcolcon.colcon_core.package_identification[0m [1;30mDEBUG[0m [32mPackage 'src/isaac_ros_image_pipeline/isaac_ros_gxf_extensions/gxf_isaac_sgm' with type 'ros.ament_cmake' and name 'gxf_isaac_sgm'[0m
[0.234s] [34mcolcon.colcon_core.package_identification[0m [1;30mLevel 1[0m _identify(src/isaac_ros_image_pipeline/isaac_ros_gxf_extensions/gxf_isaac_tensorops) by extensions ['ignore', 'ignore_ament_install']
[0.234s] [34mcolcon.colcon_core.package_identification[0m [1;30mLevel 1[0m _identify(src/isaac_ros_image_pipeline/isaac_ros_gxf_extensions/gxf_isaac_tensorops) by extension 'ignore'
[0.234s] [34mcolcon.colcon_core.package_identification[0m [1;30mLevel 1[0m _identify(src/isaac_ros_image_pipeline/isaac_ros_gxf_extensions/gxf_isaac_tensorops) by extension 'ignore_ament_install'
[0.234s] [34mcolcon.colcon_core.package_identification[0m [1;30mLevel 1[0m _identify(src/isaac_ros_image_pipeline/isaac_ros_gxf_extensions/gxf_isaac_tensorops) by extensions ['colcon_pkg']
[0.234s] [34mcolcon.colcon_core.package_identification[0m [1;30mLevel 1[0m _identify(src/isaac_ros_image_pipeline/isaac_ros_gxf_extensions/gxf_isaac_tensorops) by extension 'colcon_pkg'
[0.234s] [34mcolcon.colcon_core.package_identification[0m [1;30mLevel 1[0m _identify(src/isaac_ros_image_pipeline/isaac_ros_gxf_extensions/gxf_isaac_tensorops) by extensions ['colcon_meta']
[0.234s] [34mcolcon.colcon_core.package_identification[0m [1;30mLevel 1[0m _identify(src/isaac_ros_image_pipeline/isaac_ros_gxf_extensions/gxf_isaac_tensorops) by extension 'colcon_meta'
[0.234s] [34mcolcon.colcon_core.package_identification[0m [1;30mLevel 1[0m _identify(src/isaac_ros_image_pipeline/isaac_ros_gxf_extensions/gxf_isaac_tensorops) by extensions ['ros']
[0.234s] [34mcolcon.colcon_core.package_identification[0m [1;30mLevel 1[0m _identify(src/isaac_ros_image_pipeline/isaac_ros_gxf_extensions/gxf_isaac_tensorops) by extension 'ros'
[0.234s] [34mcolcon.colcon_core.package_identification[0m [1;30mDEBUG[0m [32mPackage 'src/isaac_ros_image_pipeline/isaac_ros_gxf_extensions/gxf_isaac_tensorops' with type 'ros.ament_cmake' and name 'gxf_isaac_tensorops'[0m
[0.234s] [34mcolcon.colcon_core.package_identification[0m [1;30mLevel 1[0m _identify(src/isaac_ros_image_pipeline/isaac_ros_image_pipeline) by extensions ['ignore', 'ignore_ament_install']
[0.234s] [34mcolcon.colcon_core.package_identification[0m [1;30mLevel 1[0m _identify(src/isaac_ros_image_pipeline/isaac_ros_image_pipeline) by extension 'ignore'
[0.234s] [34mcolcon.colcon_core.package_identification[0m [1;30mLevel 1[0m _identify(src/isaac_ros_image_pipeline/isaac_ros_image_pipeline) by extension 'ignore_ament_install'
[0.234s] [34mcolcon.colcon_core.package_identification[0m [1;30mLevel 1[0m _identify(src/isaac_ros_image_pipeline/isaac_ros_image_pipeline) by extensions ['colcon_pkg']
[0.234s] [34mcolcon.colcon_core.package_identification[0m [1;30mLevel 1[0m _identify(src/isaac_ros_image_pipeline/isaac_ros_image_pipeline) by extension 'colcon_pkg'
[0.234s] [34mcolcon.colcon_core.package_identification[0m [1;30mLevel 1[0m _identify(src/isaac_ros_image_pipeline/isaac_ros_image_pipeline) by extensions ['colcon_meta']
[0.234s] [34mcolcon.colcon_core.package_identification[0m [1;30mLevel 1[0m _identify(src/isaac_ros_image_pipeline/isaac_ros_image_pipeline) by extension 'colcon_meta'
[0.234s] [34mcolcon.colcon_core.package_identification[0m [1;30mLevel 1[0m _identify(src/isaac_ros_image_pipeline/isaac_ros_image_pipeline) by extensions ['ros']
[0.235s] [34mcolcon.colcon_core.package_identification[0m [1;30mLevel 1[0m _identify(src/isaac_ros_image_pipeline/isaac_ros_image_pipeline) by extension 'ros'
[0.235s] [34mcolcon.colcon_core.package_identification[0m [1;30mDEBUG[0m [32mPackage 'src/isaac_ros_image_pipeline/isaac_ros_image_pipeline' with type 'ros.ament_cmake' and name 'isaac_ros_image_pipeline'[0m
[0.235s] [34mcolcon.colcon_core.package_identification[0m [1;30mLevel 1[0m _identify(src/isaac_ros_image_pipeline/isaac_ros_image_proc) by extensions ['ignore', 'ignore_ament_install']
[0.235s] [34mcolcon.colcon_core.package_identification[0m [1;30mLevel 1[0m _identify(src/isaac_ros_image_pipeline/isaac_ros_image_proc) by extension 'ignore'
[0.235s] [34mcolcon.colcon_core.package_identification[0m [1;30mLevel 1[0m _identify(src/isaac_ros_image_pipeline/isaac_ros_image_proc) by extension 'ignore_ament_install'
[0.235s] [34mcolcon.colcon_core.package_identification[0m [1;30mLevel 1[0m _identify(src/isaac_ros_image_pipeline/isaac_ros_image_proc) by extensions ['colcon_pkg']
[0.235s] [34mcolcon.colcon_core.package_identification[0m [1;30mLevel 1[0m _identify(src/isaac_ros_image_pipeline/isaac_ros_image_proc) by extension 'colcon_pkg'
[0.235s] [34mcolcon.colcon_core.package_identification[0m [1;30mLevel 1[0m _identify(src/isaac_ros_image_pipeline/isaac_ros_image_proc) by extensions ['colcon_meta']
[0.235s] [34mcolcon.colcon_core.package_identification[0m [1;30mLevel 1[0m _identify(src/isaac_ros_image_pipeline/isaac_ros_image_proc) by extension 'colcon_meta'
[0.235s] [34mcolcon.colcon_core.package_identification[0m [1;30mLevel 1[0m _identify(src/isaac_ros_image_pipeline/isaac_ros_image_proc) by extensions ['ros']
[0.235s] [34mcolcon.colcon_core.package_identification[0m [1;30mLevel 1[0m _identify(src/isaac_ros_image_pipeline/isaac_ros_image_proc) by extension 'ros'
[0.236s] [34mcolcon.colcon_core.package_identification[0m [1;30mDEBUG[0m [32mPackage 'src/isaac_ros_image_pipeline/isaac_ros_image_proc' with type 'ros.ament_cmake' and name 'isaac_ros_image_proc'[0m
[0.236s] [34mcolcon.colcon_core.package_identification[0m [1;30mLevel 1[0m _identify(src/isaac_ros_image_pipeline/isaac_ros_stereo_image_proc) by extensions ['ignore', 'ignore_ament_install']
[0.236s] [34mcolcon.colcon_core.package_identification[0m [1;30mLevel 1[0m _identify(src/isaac_ros_image_pipeline/isaac_ros_stereo_image_proc) by extension 'ignore'
[0.236s] [34mcolcon.colcon_core.package_identification[0m [1;30mLevel 1[0m _identify(src/isaac_ros_image_pipeline/isaac_ros_stereo_image_proc) by extension 'ignore_ament_install'
[0.236s] [34mcolcon.colcon_core.package_identification[0m [1;30mLevel 1[0m _identify(src/isaac_ros_image_pipeline/isaac_ros_stereo_image_proc) by extensions ['colcon_pkg']
[0.236s] [34mcolcon.colcon_core.package_identification[0m [1;30mLevel 1[0m _identify(src/isaac_ros_image_pipeline/isaac_ros_stereo_image_proc) by extension 'colcon_pkg'
[0.236s] [34mcolcon.colcon_core.package_identification[0m [1;30mLevel 1[0m _identify(src/isaac_ros_image_pipeline/isaac_ros_stereo_image_proc) by extensions ['colcon_meta']
[0.236s] [34mcolcon.colcon_core.package_identification[0m [1;30mLevel 1[0m _identify(src/isaac_ros_image_pipeline/isaac_ros_stereo_image_proc) by extension 'colcon_meta'
[0.236s] [34mcolcon.colcon_core.package_identification[0m [1;30mLevel 1[0m _identify(src/isaac_ros_image_pipeline/isaac_ros_stereo_image_proc) by extensions ['ros']
[0.236s] [34mcolcon.colcon_core.package_identification[0m [1;30mLevel 1[0m _identify(src/isaac_ros_image_pipeline/isaac_ros_stereo_image_proc) by extension 'ros'
[0.237s] [34mcolcon.colcon_core.package_identification[0m [1;30mDEBUG[0m [32mPackage 'src/isaac_ros_image_pipeline/isaac_ros_stereo_image_proc' with type 'ros.ament_cmake' and name 'isaac_ros_stereo_image_proc'[0m
[0.237s] [34mcolcon.colcon_core.package_identification[0m [1;30mLevel 1[0m _identify(src/isaac_ros_nitros) by extensions ['ignore', 'ignore_ament_install']
[0.237s] [34mcolcon.colcon_core.package_identification[0m [1;30mLevel 1[0m _identify(src/isaac_ros_nitros) by extension 'ignore'
[0.237s] [34mcolcon.colcon_core.package_identification[0m [1;30mLevel 1[0m _identify(src/isaac_ros_nitros) by extension 'ignore_ament_install'
[0.237s] [34mcolcon.colcon_core.package_identification[0m [1;30mLevel 1[0m _identify(src/isaac_ros_nitros) by extensions ['colcon_pkg']
[0.237s] [34mcolcon.colcon_core.package_identification[0m [1;30mLevel 1[0m _identify(src/isaac_ros_nitros) by extension 'colcon_pkg'
[0.237s] [34mcolcon.colcon_core.package_identification[0m [1;30mLevel 1[0m _identify(src/isaac_ros_nitros) by extensions ['colcon_meta']
[0.237s] [34mcolcon.colcon_core.package_identification[0m [1;30mLevel 1[0m _identify(src/isaac_ros_nitros) by extension 'colcon_meta'
[0.237s] [34mcolcon.colcon_core.package_identification[0m [1;30mLevel 1[0m _identify(src/isaac_ros_nitros) by extensions ['ros']
[0.237s] [34mcolcon.colcon_core.package_identification[0m [1;30mLevel 1[0m _identify(src/isaac_ros_nitros) by extension 'ros'
[0.237s] [34mcolcon.colcon_core.package_identification[0m [1;30mLevel 1[0m _identify(src/isaac_ros_nitros) by extensions ['cmake', 'python']
[0.237s] [34mcolcon.colcon_core.package_identification[0m [1;30mLevel 1[0m _identify(src/isaac_ros_nitros) by extension 'cmake'
[0.237s] [34mcolcon.colcon_core.package_identification[0m [1;30mLevel 1[0m _identify(src/isaac_ros_nitros) by extension 'python'
[0.237s] [34mcolcon.colcon_core.package_identification[0m [1;30mLevel 1[0m _identify(src/isaac_ros_nitros) by extensions ['python_setup_py']
[0.237s] [34mcolcon.colcon_core.package_identification[0m [1;30mLevel 1[0m _identify(src/isaac_ros_nitros) by extension 'python_setup_py'
[0.237s] [34mcolcon.colcon_core.package_identification[0m [1;30mLevel 1[0m _identify(src/isaac_ros_nitros/isaac_ros_gxf) by extensions ['ignore', 'ignore_ament_install']
[0.237s] [34mcolcon.colcon_core.package_identification[0m [1;30mLevel 1[0m _identify(src/isaac_ros_nitros/isaac_ros_gxf) by extension 'ignore'
[0.238s] [34mcolcon.colcon_core.package_identification[0m [1;30mLevel 1[0m _identify(src/isaac_ros_nitros/isaac_ros_gxf) by extension 'ignore_ament_install'
[0.238s] [34mcolcon.colcon_core.package_identification[0m [1;30mLevel 1[0m _identify(src/isaac_ros_nitros/isaac_ros_gxf) by extensions ['colcon_pkg']
[0.238s] [34mcolcon.colcon_core.package_identification[0m [1;30mLevel 1[0m _identify(src/isaac_ros_nitros/isaac_ros_gxf) by extension 'colcon_pkg'
[0.238s] [34mcolcon.colcon_core.package_identification[0m [1;30mLevel 1[0m _identify(src/isaac_ros_nitros/isaac_ros_gxf) by extensions ['colcon_meta']
[0.238s] [34mcolcon.colcon_core.package_identification[0m [1;30mLevel 1[0m _identify(src/isaac_ros_nitros/isaac_ros_gxf) by extension 'colcon_meta'
[0.238s] [34mcolcon.colcon_core.package_identification[0m [1;30mLevel 1[0m _identify(src/isaac_ros_nitros/isaac_ros_gxf) by extensions ['ros']
[0.238s] [34mcolcon.colcon_core.package_identification[0m [1;30mLevel 1[0m _identify(src/isaac_ros_nitros/isaac_ros_gxf) by extension 'ros'
[0.238s] [34mcolcon.colcon_core.package_identification[0m [1;30mDEBUG[0m [32mPackage 'src/isaac_ros_nitros/isaac_ros_gxf' with type 'ros.ament_cmake' and name 'isaac_ros_gxf'[0m
[0.238s] [34mcolcon.colcon_core.package_identification[0m [1;30mLevel 1[0m _identify(src/isaac_ros_nitros/isaac_ros_gxf_extensions) by extensions ['ignore', 'ignore_ament_install']
[0.238s] [34mcolcon.colcon_core.package_identification[0m [1;30mLevel 1[0m _identify(src/isaac_ros_nitros/isaac_ros_gxf_extensions) by extension 'ignore'
[0.238s] [34mcolcon.colcon_core.package_identification[0m [1;30mLevel 1[0m _identify(src/isaac_ros_nitros/isaac_ros_gxf_extensions) by extension 'ignore_ament_install'
[0.238s] [34mcolcon.colcon_core.package_identification[0m [1;30mLevel 1[0m _identify(src/isaac_ros_nitros/isaac_ros_gxf_extensions) by extensions ['colcon_pkg']
[0.238s] [34mcolcon.colcon_core.package_identification[0m [1;30mLevel 1[0m _identify(src/isaac_ros_nitros/isaac_ros_gxf_extensions) by extension 'colcon_pkg'
[0.238s] [34mcolcon.colcon_core.package_identification[0m [1;30mLevel 1[0m _identify(src/isaac_ros_nitros/isaac_ros_gxf_extensions) by extensions ['colcon_meta']
[0.238s] [34mcolcon.colcon_core.package_identification[0m [1;30mLevel 1[0m _identify(src/isaac_ros_nitros/isaac_ros_gxf_extensions) by extension 'colcon_meta'
[0.238s] [34mcolcon.colcon_core.package_identification[0m [1;30mLevel 1[0m _identify(src/isaac_ros_nitros/isaac_ros_gxf_extensions) by extensions ['ros']
[0.238s] [34mcolcon.colcon_core.package_identification[0m [1;30mLevel 1[0m _identify(src/isaac_ros_nitros/isaac_ros_gxf_extensions) by extension 'ros'
[0.238s] [34mcolcon.colcon_core.package_identification[0m [1;30mLevel 1[0m _identify(src/isaac_ros_nitros/isaac_ros_gxf_extensions) by extensions ['cmake', 'python']
[0.238s] [34mcolcon.colcon_core.package_identification[0m [1;30mLevel 1[0m _identify(src/isaac_ros_nitros/isaac_ros_gxf_extensions) by extension 'cmake'
[0.238s] [34mcolcon.colcon_core.package_identification[0m [1;30mLevel 1[0m _identify(src/isaac_ros_nitros/isaac_ros_gxf_extensions) by extension 'python'
[0.238s] [34mcolcon.colcon_core.package_identification[0m [1;30mLevel 1[0m _identify(src/isaac_ros_nitros/isaac_ros_gxf_extensions) by extensions ['python_setup_py']
[0.238s] [34mcolcon.colcon_core.package_identification[0m [1;30mLevel 1[0m _identify(src/isaac_ros_nitros/isaac_ros_gxf_extensions) by extension 'python_setup_py'
[0.238s] [34mcolcon.colcon_core.package_identification[0m [1;30mLevel 1[0m _identify(src/isaac_ros_nitros/isaac_ros_gxf_extensions/gxf_isaac_argus) by extensions ['ignore', 'ignore_ament_install']
[0.238s] [34mcolcon.colcon_core.package_identification[0m [1;30mLevel 1[0m _identify(src/isaac_ros_nitros/isaac_ros_gxf_extensions/gxf_isaac_argus) by extension 'ignore'
[0.238s] [34mcolcon.colcon_core.package_identification[0m [1;30mLevel 1[0m _identify(src/isaac_ros_nitros/isaac_ros_gxf_extensions/gxf_isaac_argus) by extension 'ignore_ament_install'
[0.238s] [34mcolcon.colcon_core.package_identification[0m [1;30mLevel 1[0m _identify(src/isaac_ros_nitros/isaac_ros_gxf_extensions/gxf_isaac_argus) by extensions ['colcon_pkg']
[0.239s] [34mcolcon.colcon_core.package_identification[0m [1;30mLevel 1[0m _identify(src/isaac_ros_nitros/isaac_ros_gxf_extensions/gxf_isaac_argus) by extension 'colcon_pkg'
[0.239s] [34mcolcon.colcon_core.package_identification[0m [1;30mLevel 1[0m _identify(src/isaac_ros_nitros/isaac_ros_gxf_extensions/gxf_isaac_argus) by extensions ['colcon_meta']
[0.239s] [34mcolcon.colcon_core.package_identification[0m [1;30mLevel 1[0m _identify(src/isaac_ros_nitros/isaac_ros_gxf_extensions/gxf_isaac_argus) by extension 'colcon_meta'
[0.239s] [34mcolcon.colcon_core.package_identification[0m [1;30mLevel 1[0m _identify(src/isaac_ros_nitros/isaac_ros_gxf_extensions/gxf_isaac_argus) by extensions ['ros']
[0.239s] [34mcolcon.colcon_core.package_identification[0m [1;30mLevel 1[0m _identify(src/isaac_ros_nitros/isaac_ros_gxf_extensions/gxf_isaac_argus) by extension 'ros'
[0.239s] [34mcolcon.colcon_core.package_identification[0m [1;30mDEBUG[0m [32mPackage 'src/isaac_ros_nitros/isaac_ros_gxf_extensions/gxf_isaac_argus' with type 'ros.ament_cmake' and name 'gxf_isaac_argus'[0m
[0.239s] [34mcolcon.colcon_core.package_identification[0m [1;30mLevel 1[0m _identify(src/isaac_ros_nitros/isaac_ros_gxf_extensions/gxf_isaac_atlas) by extensions ['ignore', 'ignore_ament_install']
[0.239s] [34mcolcon.colcon_core.package_identification[0m [1;30mLevel 1[0m _identify(src/isaac_ros_nitros/isaac_ros_gxf_extensions/gxf_isaac_atlas) by extension 'ignore'
[0.239s] [34mcolcon.colcon_core.package_identification[0m [1;30mLevel 1[0m _identify(src/isaac_ros_nitros/isaac_ros_gxf_extensions/gxf_isaac_atlas) by extension 'ignore_ament_install'
[0.239s] [34mcolcon.colcon_core.package_identification[0m [1;30mLevel 1[0m _identify(src/isaac_ros_nitros/isaac_ros_gxf_extensions/gxf_isaac_atlas) by extensions ['colcon_pkg']
[0.239s] [34mcolcon.colcon_core.package_identification[0m [1;30mLevel 1[0m _identify(src/isaac_ros_nitros/isaac_ros_gxf_extensions/gxf_isaac_atlas) by extension 'colcon_pkg'
[0.239s] [34mcolcon.colcon_core.package_identification[0m [1;30mLevel 1[0m _identify(src/isaac_ros_nitros/isaac_ros_gxf_extensions/gxf_isaac_atlas) by extensions ['colcon_meta']
[0.239s] [34mcolcon.colcon_core.package_identification[0m [1;30mLevel 1[0m _identify(src/isaac_ros_nitros/isaac_ros_gxf_extensions/gxf_isaac_atlas) by extension 'colcon_meta'
[0.239s] [34mcolcon.colcon_core.package_identification[0m [1;30mLevel 1[0m _identify(src/isaac_ros_nitros/isaac_ros_gxf_extensions/gxf_isaac_atlas) by extensions ['ros']
[0.239s] [34mcolcon.colcon_core.package_identification[0m [1;30mLevel 1[0m _identify(src/isaac_ros_nitros/isaac_ros_gxf_extensions/gxf_isaac_atlas) by extension 'ros'
[0.240s] [34mcolcon.colcon_core.package_identification[0m [1;30mDEBUG[0m [32mPackage 'src/isaac_ros_nitros/isaac_ros_gxf_extensions/gxf_isaac_atlas' with type 'ros.ament_cmake' and name 'gxf_isaac_atlas'[0m
[0.240s] [34mcolcon.colcon_core.package_identification[0m [1;30mLevel 1[0m _identify(src/isaac_ros_nitros/isaac_ros_gxf_extensions/gxf_isaac_cuda) by extensions ['ignore', 'ignore_ament_install']
[0.240s] [34mcolcon.colcon_core.package_identification[0m [1;30mLevel 1[0m _identify(src/isaac_ros_nitros/isaac_ros_gxf_extensions/gxf_isaac_cuda) by extension 'ignore'
[0.240s] [34mcolcon.colcon_core.package_identification[0m [1;30mLevel 1[0m _identify(src/isaac_ros_nitros/isaac_ros_gxf_extensions/gxf_isaac_cuda) by extension 'ignore_ament_install'
[0.240s] [34mcolcon.colcon_core.package_identification[0m [1;30mLevel 1[0m _identify(src/isaac_ros_nitros/isaac_ros_gxf_extensions/gxf_isaac_cuda) by extensions ['colcon_pkg']
[0.240s] [34mcolcon.colcon_core.package_identification[0m [1;30mLevel 1[0m _identify(src/isaac_ros_nitros/isaac_ros_gxf_extensions/gxf_isaac_cuda) by extension 'colcon_pkg'
[0.240s] [34mcolcon.colcon_core.package_identification[0m [1;30mLevel 1[0m _identify(src/isaac_ros_nitros/isaac_ros_gxf_extensions/gxf_isaac_cuda) by extensions ['colcon_meta']
[0.240s] [34mcolcon.colcon_core.package_identification[0m [1;30mLevel 1[0m _identify(src/isaac_ros_nitros/isaac_ros_gxf_extensions/gxf_isaac_cuda) by extension 'colcon_meta'
[0.240s] [34mcolcon.colcon_core.package_identification[0m [1;30mLevel 1[0m _identify(src/isaac_ros_nitros/isaac_ros_gxf_extensions/gxf_isaac_cuda) by extensions ['ros']
[0.240s] [34mcolcon.colcon_core.package_identification[0m [1;30mLevel 1[0m _identify(src/isaac_ros_nitros/isaac_ros_gxf_extensions/gxf_isaac_cuda) by extension 'ros'
[0.240s] [34mcolcon.colcon_core.package_identification[0m [1;30mDEBUG[0m [32mPackage 'src/isaac_ros_nitros/isaac_ros_gxf_extensions/gxf_isaac_cuda' with type 'ros.ament_cmake' and name 'gxf_isaac_cuda'[0m
[0.240s] [34mcolcon.colcon_core.package_identification[0m [1;30mLevel 1[0m _identify(src/isaac_ros_nitros/isaac_ros_gxf_extensions/gxf_isaac_flatscan_localization) by extensions ['ignore', 'ignore_ament_install']
[0.240s] [34mcolcon.colcon_core.package_identification[0m [1;30mLevel 1[0m _identify(src/isaac_ros_nitros/isaac_ros_gxf_extensions/gxf_isaac_flatscan_localization) by extension 'ignore'
[0.240s] [34mcolcon.colcon_core.package_identification[0m [1;30mLevel 1[0m _identify(src/isaac_ros_nitros/isaac_ros_gxf_extensions/gxf_isaac_flatscan_localization) by extension 'ignore_ament_install'
[0.240s] [34mcolcon.colcon_core.package_identification[0m [1;30mLevel 1[0m _identify(src/isaac_ros_nitros/isaac_ros_gxf_extensions/gxf_isaac_flatscan_localization) by extensions ['colcon_pkg']
[0.240s] [34mcolcon.colcon_core.package_identification[0m [1;30mLevel 1[0m _identify(src/isaac_ros_nitros/isaac_ros_gxf_extensions/gxf_isaac_flatscan_localization) by extension 'colcon_pkg'
[0.240s] [34mcolcon.colcon_core.package_identification[0m [1;30mLevel 1[0m _identify(src/isaac_ros_nitros/isaac_ros_gxf_extensions/gxf_isaac_flatscan_localization) by extensions ['colcon_meta']
[0.240s] [34mcolcon.colcon_core.package_identification[0m [1;30mLevel 1[0m _identify(src/isaac_ros_nitros/isaac_ros_gxf_extensions/gxf_isaac_flatscan_localization) by extension 'colcon_meta'
[0.240s] [34mcolcon.colcon_core.package_identification[0m [1;30mLevel 1[0m _identify(src/isaac_ros_nitros/isaac_ros_gxf_extensions/gxf_isaac_flatscan_localization) by extensions ['ros']
[0.240s] [34mcolcon.colcon_core.package_identification[0m [1;30mLevel 1[0m _identify(src/isaac_ros_nitros/isaac_ros_gxf_extensions/gxf_isaac_flatscan_localization) by extension 'ros'
[0.241s] [34mcolcon.colcon_core.package_identification[0m [1;30mDEBUG[0m [32mPackage 'src/isaac_ros_nitros/isaac_ros_gxf_extensions/gxf_isaac_flatscan_localization' with type 'ros.ament_cmake' and name 'gxf_isaac_flatscan_localization'[0m
[0.241s] [34mcolcon.colcon_core.package_identification[0m [1;30mLevel 1[0m _identify(src/isaac_ros_nitros/isaac_ros_gxf_extensions/gxf_isaac_gems) by extensions ['ignore', 'ignore_ament_install']
[0.241s] [34mcolcon.colcon_core.package_identification[0m [1;30mLevel 1[0m _identify(src/isaac_ros_nitros/isaac_ros_gxf_extensions/gxf_isaac_gems) by extension 'ignore'
[0.241s] [34mcolcon.colcon_core.package_identification[0m [1;30mLevel 1[0m _identify(src/isaac_ros_nitros/isaac_ros_gxf_extensions/gxf_isaac_gems) by extension 'ignore_ament_install'
[0.241s] [34mcolcon.colcon_core.package_identification[0m [1;30mLevel 1[0m _identify(src/isaac_ros_nitros/isaac_ros_gxf_extensions/gxf_isaac_gems) by extensions ['colcon_pkg']
[0.241s] [34mcolcon.colcon_core.package_identification[0m [1;30mLevel 1[0m _identify(src/isaac_ros_nitros/isaac_ros_gxf_extensions/gxf_isaac_gems) by extension 'colcon_pkg'
[0.241s] [34mcolcon.colcon_core.package_identification[0m [1;30mLevel 1[0m _identify(src/isaac_ros_nitros/isaac_ros_gxf_extensions/gxf_isaac_gems) by extensions ['colcon_meta']
[0.241s] [34mcolcon.colcon_core.package_identification[0m [1;30mLevel 1[0m _identify(src/isaac_ros_nitros/isaac_ros_gxf_extensions/gxf_isaac_gems) by extension 'colcon_meta'
[0.241s] [34mcolcon.colcon_core.package_identification[0m [1;30mLevel 1[0m _identify(src/isaac_ros_nitros/isaac_ros_gxf_extensions/gxf_isaac_gems) by extensions ['ros']
[0.241s] [34mcolcon.colcon_core.package_identification[0m [1;30mLevel 1[0m _identify(src/isaac_ros_nitros/isaac_ros_gxf_extensions/gxf_isaac_gems) by extension 'ros'
[0.241s] [34mcolcon.colcon_core.package_identification[0m [1;30mDEBUG[0m [32mPackage 'src/isaac_ros_nitros/isaac_ros_gxf_extensions/gxf_isaac_gems' with type 'ros.ament_cmake' and name 'gxf_isaac_gems'[0m
[0.241s] [34mcolcon.colcon_core.package_identification[0m [1;30mLevel 1[0m _identify(src/isaac_ros_nitros/isaac_ros_gxf_extensions/gxf_isaac_gxf_helpers) by extensions ['ignore', 'ignore_ament_install']
[0.241s] [34mcolcon.colcon_core.package_identification[0m [1;30mLevel 1[0m _identify(src/isaac_ros_nitros/isaac_ros_gxf_extensions/gxf_isaac_gxf_helpers) by extension 'ignore'
[0.242s] [34mcolcon.colcon_core.package_identification[0m [1;30mLevel 1[0m _identify(src/isaac_ros_nitros/isaac_ros_gxf_extensions/gxf_isaac_gxf_helpers) by extension 'ignore_ament_install'
[0.242s] [34mcolcon.colcon_core.package_identification[0m [1;30mLevel 1[0m _identify(src/isaac_ros_nitros/isaac_ros_gxf_extensions/gxf_isaac_gxf_helpers) by extensions ['colcon_pkg']
[0.242s] [34mcolcon.colcon_core.package_identification[0m [1;30mLevel 1[0m _identify(src/isaac_ros_nitros/isaac_ros_gxf_extensions/gxf_isaac_gxf_helpers) by extension 'colcon_pkg'
[0.242s] [34mcolcon.colcon_core.package_identification[0m [1;30mLevel 1[0m _identify(src/isaac_ros_nitros/isaac_ros_gxf_extensions/gxf_isaac_gxf_helpers) by extensions ['colcon_meta']
[0.242s] [34mcolcon.colcon_core.package_identification[0m [1;30mLevel 1[0m _identify(src/isaac_ros_nitros/isaac_ros_gxf_extensions/gxf_isaac_gxf_helpers) by extension 'colcon_meta'
[0.242s] [34mcolcon.colcon_core.package_identification[0m [1;30mLevel 1[0m _identify(src/isaac_ros_nitros/isaac_ros_gxf_extensions/gxf_isaac_gxf_helpers) by extensions ['ros']
[0.242s] [34mcolcon.colcon_core.package_identification[0m [1;30mLevel 1[0m _identify(src/isaac_ros_nitros/isaac_ros_gxf_extensions/gxf_isaac_gxf_helpers) by extension 'ros'
[0.242s] [34mcolcon.colcon_core.package_identification[0m [1;30mDEBUG[0m [32mPackage 'src/isaac_ros_nitros/isaac_ros_gxf_extensions/gxf_isaac_gxf_helpers' with type 'ros.ament_cmake' and name 'gxf_isaac_gxf_helpers'[0m
[0.242s] [34mcolcon.colcon_core.package_identification[0m [1;30mLevel 1[0m _identify(src/isaac_ros_nitros/isaac_ros_gxf_extensions/gxf_isaac_hesai) by extensions ['ignore', 'ignore_ament_install']
[0.242s] [34mcolcon.colcon_core.package_identification[0m [1;30mLevel 1[0m _identify(src/isaac_ros_nitros/isaac_ros_gxf_extensions/gxf_isaac_hesai) by extension 'ignore'
[0.242s] [34mcolcon.colcon_core.package_identification[0m [1;30mLevel 1[0m _identify(src/isaac_ros_nitros/isaac_ros_gxf_extensions/gxf_isaac_hesai) by extension 'ignore_ament_install'
[0.242s] [34mcolcon.colcon_core.package_identification[0m [1;30mLevel 1[0m _identify(src/isaac_ros_nitros/isaac_ros_gxf_extensions/gxf_isaac_hesai) by extensions ['colcon_pkg']
[0.242s] [34mcolcon.colcon_core.package_identification[0m [1;30mLevel 1[0m _identify(src/isaac_ros_nitros/isaac_ros_gxf_extensions/gxf_isaac_hesai) by extension 'colcon_pkg'
[0.242s] [34mcolcon.colcon_core.package_identification[0m [1;30mLevel 1[0m _identify(src/isaac_ros_nitros/isaac_ros_gxf_extensions/gxf_isaac_hesai) by extensions ['colcon_meta']
[0.242s] [34mcolcon.colcon_core.package_identification[0m [1;30mLevel 1[0m _identify(src/isaac_ros_nitros/isaac_ros_gxf_extensions/gxf_isaac_hesai) by extension 'colcon_meta'
[0.242s] [34mcolcon.colcon_core.package_identification[0m [1;30mLevel 1[0m _identify(src/isaac_ros_nitros/isaac_ros_gxf_extensions/gxf_isaac_hesai) by extensions ['ros']
[0.242s] [34mcolcon.colcon_core.package_identification[0m [1;30mLevel 1[0m _identify(src/isaac_ros_nitros/isaac_ros_gxf_extensions/gxf_isaac_hesai) by extension 'ros'
[0.243s] [34mcolcon.colcon_core.package_identification[0m [1;30mDEBUG[0m [32mPackage 'src/isaac_ros_nitros/isaac_ros_gxf_extensions/gxf_isaac_hesai' with type 'ros.ament_cmake' and name 'gxf_isaac_hesai'[0m
[0.243s] [34mcolcon.colcon_core.package_identification[0m [1;30mLevel 1[0m _identify(src/isaac_ros_nitros/isaac_ros_gxf_extensions/gxf_isaac_localization) by extensions ['ignore', 'ignore_ament_install']
[0.243s] [34mcolcon.colcon_core.package_identification[0m [1;30mLevel 1[0m _identify(src/isaac_ros_nitros/isaac_ros_gxf_extensions/gxf_isaac_localization) by extension 'ignore'
[0.243s] [34mcolcon.colcon_core.package_identification[0m [1;30mLevel 1[0m _identify(src/isaac_ros_nitros/isaac_ros_gxf_extensions/gxf_isaac_localization) by extension 'ignore_ament_install'
[0.243s] [34mcolcon.colcon_core.package_identification[0m [1;30mLevel 1[0m _identify(src/isaac_ros_nitros/isaac_ros_gxf_extensions/gxf_isaac_localization) by extensions ['colcon_pkg']
[0.243s] [34mcolcon.colcon_core.package_identification[0m [1;30mLevel 1[0m _identify(src/isaac_ros_nitros/isaac_ros_gxf_extensions/gxf_isaac_localization) by extension 'colcon_pkg'
[0.243s] [34mcolcon.colcon_core.package_identification[0m [1;30mLevel 1[0m _identify(src/isaac_ros_nitros/isaac_ros_gxf_extensions/gxf_isaac_localization) by extensions ['colcon_meta']
[0.243s] [34mcolcon.colcon_core.package_identification[0m [1;30mLevel 1[0m _identify(src/isaac_ros_nitros/isaac_ros_gxf_extensions/gxf_isaac_localization) by extension 'colcon_meta'
[0.243s] [34mcolcon.colcon_core.package_identification[0m [1;30mLevel 1[0m _identify(src/isaac_ros_nitros/isaac_ros_gxf_extensions/gxf_isaac_localization) by extensions ['ros']
[0.243s] [34mcolcon.colcon_core.package_identification[0m [1;30mLevel 1[0m _identify(src/isaac_ros_nitros/isaac_ros_gxf_extensions/gxf_isaac_localization) by extension 'ros'
[0.243s] [34mcolcon.colcon_core.package_identification[0m [1;30mDEBUG[0m [32mPackage 'src/isaac_ros_nitros/isaac_ros_gxf_extensions/gxf_isaac_localization' with type 'ros.ament_cmake' and name 'gxf_isaac_localization'[0m
[0.243s] [34mcolcon.colcon_core.package_identification[0m [1;30mLevel 1[0m _identify(src/isaac_ros_nitros/isaac_ros_gxf_extensions/gxf_isaac_message_compositor) by extensions ['ignore', 'ignore_ament_install']
[0.243s] [34mcolcon.colcon_core.package_identification[0m [1;30mLevel 1[0m _identify(src/isaac_ros_nitros/isaac_ros_gxf_extensions/gxf_isaac_message_compositor) by extension 'ignore'
[0.243s] [34mcolcon.colcon_core.package_identification[0m [1;30mLevel 1[0m _identify(src/isaac_ros_nitros/isaac_ros_gxf_extensions/gxf_isaac_message_compositor) by extension 'ignore_ament_install'
[0.243s] [34mcolcon.colcon_core.package_identification[0m [1;30mLevel 1[0m _identify(src/isaac_ros_nitros/isaac_ros_gxf_extensions/gxf_isaac_message_compositor) by extensions ['colcon_pkg']
[0.243s] [34mcolcon.colcon_core.package_identification[0m [1;30mLevel 1[0m _identify(src/isaac_ros_nitros/isaac_ros_gxf_extensions/gxf_isaac_message_compositor) by extension 'colcon_pkg'
[0.243s] [34mcolcon.colcon_core.package_identification[0m [1;30mLevel 1[0m _identify(src/isaac_ros_nitros/isaac_ros_gxf_extensions/gxf_isaac_message_compositor) by extensions ['colcon_meta']
[0.243s] [34mcolcon.colcon_core.package_identification[0m [1;30mLevel 1[0m _identify(src/isaac_ros_nitros/isaac_ros_gxf_extensions/gxf_isaac_message_compositor) by extension 'colcon_meta'
[0.244s] [34mcolcon.colcon_core.package_identification[0m [1;30mLevel 1[0m _identify(src/isaac_ros_nitros/isaac_ros_gxf_extensions/gxf_isaac_message_compositor) by extensions ['ros']
[0.244s] [34mcolcon.colcon_core.package_identification[0m [1;30mLevel 1[0m _identify(src/isaac_ros_nitros/isaac_ros_gxf_extensions/gxf_isaac_message_compositor) by extension 'ros'
[0.244s] [34mcolcon.colcon_core.package_identification[0m [1;30mDEBUG[0m [32mPackage 'src/isaac_ros_nitros/isaac_ros_gxf_extensions/gxf_isaac_message_compositor' with type 'ros.ament_cmake' and name 'gxf_isaac_message_compositor'[0m
[0.244s] [34mcolcon.colcon_core.package_identification[0m [1;30mLevel 1[0m _identify(src/isaac_ros_nitros/isaac_ros_gxf_extensions/gxf_isaac_messages) by extensions ['ignore', 'ignore_ament_install']
[0.244s] [34mcolcon.colcon_core.package_identification[0m [1;30mLevel 1[0m _identify(src/isaac_ros_nitros/isaac_ros_gxf_extensions/gxf_isaac_messages) by extension 'ignore'
[0.244s] [34mcolcon.colcon_core.package_identification[0m [1;30mLevel 1[0m _identify(src/isaac_ros_nitros/isaac_ros_gxf_extensions/gxf_isaac_messages) by extension 'ignore_ament_install'
[0.244s] [34mcolcon.colcon_core.package_identification[0m [1;30mLevel 1[0m _identify(src/isaac_ros_nitros/isaac_ros_gxf_extensions/gxf_isaac_messages) by extensions ['colcon_pkg']
[0.244s] [34mcolcon.colcon_core.package_identification[0m [1;30mLevel 1[0m _identify(src/isaac_ros_nitros/isaac_ros_gxf_extensions/gxf_isaac_messages) by extension 'colcon_pkg'
[0.244s] [34mcolcon.colcon_core.package_identification[0m [1;30mLevel 1[0m _identify(src/isaac_ros_nitros/isaac_ros_gxf_extensions/gxf_isaac_messages) by extensions ['colcon_meta']
[0.244s] [34mcolcon.colcon_core.package_identification[0m [1;30mLevel 1[0m _identify(src/isaac_ros_nitros/isaac_ros_gxf_extensions/gxf_isaac_messages) by extension 'colcon_meta'
[0.244s] [34mcolcon.colcon_core.package_identification[0m [1;30mLevel 1[0m _identify(src/isaac_ros_nitros/isaac_ros_gxf_extensions/gxf_isaac_messages) by extensions ['ros']
[0.244s] [34mcolcon.colcon_core.package_identification[0m [1;30mLevel 1[0m _identify(src/isaac_ros_nitros/isaac_ros_gxf_extensions/gxf_isaac_messages) by extension 'ros'
[0.244s] [34mcolcon.colcon_core.package_identification[0m [1;30mDEBUG[0m [32mPackage 'src/isaac_ros_nitros/isaac_ros_gxf_extensions/gxf_isaac_messages' with type 'ros.ament_cmake' and name 'gxf_isaac_messages'[0m
[0.245s] [34mcolcon.colcon_core.package_identification[0m [1;30mLevel 1[0m _identify(src/isaac_ros_nitros/isaac_ros_gxf_extensions/gxf_isaac_messages_throttler) by extensions ['ignore', 'ignore_ament_install']
[0.245s] [34mcolcon.colcon_core.package_identification[0m [1;30mLevel 1[0m _identify(src/isaac_ros_nitros/isaac_ros_gxf_extensions/gxf_isaac_messages_throttler) by extension 'ignore'
[0.245s] [34mcolcon.colcon_core.package_identification[0m [1;30mLevel 1[0m _identify(src/isaac_ros_nitros/isaac_ros_gxf_extensions/gxf_isaac_messages_throttler) by extension 'ignore_ament_install'
[0.245s] [34mcolcon.colcon_core.package_identification[0m [1;30mLevel 1[0m _identify(src/isaac_ros_nitros/isaac_ros_gxf_extensions/gxf_isaac_messages_throttler) by extensions ['colcon_pkg']
[0.245s] [34mcolcon.colcon_core.package_identification[0m [1;30mLevel 1[0m _identify(src/isaac_ros_nitros/isaac_ros_gxf_extensions/gxf_isaac_messages_throttler) by extension 'colcon_pkg'
[0.245s] [34mcolcon.colcon_core.package_identification[0m [1;30mLevel 1[0m _identify(src/isaac_ros_nitros/isaac_ros_gxf_extensions/gxf_isaac_messages_throttler) by extensions ['colcon_meta']
[0.245s] [34mcolcon.colcon_core.package_identification[0m [1;30mLevel 1[0m _identify(src/isaac_ros_nitros/isaac_ros_gxf_extensions/gxf_isaac_messages_throttler) by extension 'colcon_meta'
[0.245s] [34mcolcon.colcon_core.package_identification[0m [1;30mLevel 1[0m _identify(src/isaac_ros_nitros/isaac_ros_gxf_extensions/gxf_isaac_messages_throttler) by extensions ['ros']
[0.245s] [34mcolcon.colcon_core.package_identification[0m [1;30mLevel 1[0m _identify(src/isaac_ros_nitros/isaac_ros_gxf_extensions/gxf_isaac_messages_throttler) by extension 'ros'
[0.245s] [34mcolcon.colcon_core.package_identification[0m [1;30mDEBUG[0m [32mPackage 'src/isaac_ros_nitros/isaac_ros_gxf_extensions/gxf_isaac_messages_throttler' with type 'ros.ament_cmake' and name 'gxf_isaac_messages_throttler'[0m
[0.245s] [34mcolcon.colcon_core.package_identification[0m [1;30mLevel 1[0m _identify(src/isaac_ros_nitros/isaac_ros_gxf_extensions/gxf_isaac_optimizer) by extensions ['ignore', 'ignore_ament_install']
[0.245s] [34mcolcon.colcon_core.package_identification[0m [1;30mLevel 1[0m _identify(src/isaac_ros_nitros/isaac_ros_gxf_extensions/gxf_isaac_optimizer) by extension 'ignore'
[0.245s] [34mcolcon.colcon_core.package_identification[0m [1;30mLevel 1[0m _identify(src/isaac_ros_nitros/isaac_ros_gxf_extensions/gxf_isaac_optimizer) by extension 'ignore_ament_install'
[0.245s] [34mcolcon.colcon_core.package_identification[0m [1;30mLevel 1[0m _identify(src/isaac_ros_nitros/isaac_ros_gxf_extensions/gxf_isaac_optimizer) by extensions ['colcon_pkg']
[0.245s] [34mcolcon.colcon_core.package_identification[0m [1;30mLevel 1[0m _identify(src/isaac_ros_nitros/isaac_ros_gxf_extensions/gxf_isaac_optimizer) by extension 'colcon_pkg'
[0.245s] [34mcolcon.colcon_core.package_identification[0m [1;30mLevel 1[0m _identify(src/isaac_ros_nitros/isaac_ros_gxf_extensions/gxf_isaac_optimizer) by extensions ['colcon_meta']
[0.245s] [34mcolcon.colcon_core.package_identification[0m [1;30mLevel 1[0m _identify(src/isaac_ros_nitros/isaac_ros_gxf_extensions/gxf_isaac_optimizer) by extension 'colcon_meta'
[0.245s] [34mcolcon.colcon_core.package_identification[0m [1;30mLevel 1[0m _identify(src/isaac_ros_nitros/isaac_ros_gxf_extensions/gxf_isaac_optimizer) by extensions ['ros']
[0.245s] [34mcolcon.colcon_core.package_identification[0m [1;30mLevel 1[0m _identify(src/isaac_ros_nitros/isaac_ros_gxf_extensions/gxf_isaac_optimizer) by extension 'ros'
[0.246s] [34mcolcon.colcon_core.package_identification[0m [1;30mDEBUG[0m [32mPackage 'src/isaac_ros_nitros/isaac_ros_gxf_extensions/gxf_isaac_optimizer' with type 'ros.ament_cmake' and name 'gxf_isaac_optimizer'[0m
[0.246s] [34mcolcon.colcon_core.package_identification[0m [1;30mLevel 1[0m _identify(src/isaac_ros_nitros/isaac_ros_gxf_extensions/gxf_isaac_point_cloud) by extensions ['ignore', 'ignore_ament_install']
[0.246s] [34mcolcon.colcon_core.package_identification[0m [1;30mLevel 1[0m _identify(src/isaac_ros_nitros/isaac_ros_gxf_extensions/gxf_isaac_point_cloud) by extension 'ignore'
[0.246s] [34mcolcon.colcon_core.package_identification[0m [1;30mLevel 1[0m _identify(src/isaac_ros_nitros/isaac_ros_gxf_extensions/gxf_isaac_point_cloud) by extension 'ignore_ament_install'
[0.246s] [34mcolcon.colcon_core.package_identification[0m [1;30mLevel 1[0m _identify(src/isaac_ros_nitros/isaac_ros_gxf_extensions/gxf_isaac_point_cloud) by extensions ['colcon_pkg']
[0.246s] [34mcolcon.colcon_core.package_identification[0m [1;30mLevel 1[0m _identify(src/isaac_ros_nitros/isaac_ros_gxf_extensions/gxf_isaac_point_cloud) by extension 'colcon_pkg'
[0.246s] [34mcolcon.colcon_core.package_identification[0m [1;30mLevel 1[0m _identify(src/isaac_ros_nitros/isaac_ros_gxf_extensions/gxf_isaac_point_cloud) by extensions ['colcon_meta']
[0.246s] [34mcolcon.colcon_core.package_identification[0m [1;30mLevel 1[0m _identify(src/isaac_ros_nitros/isaac_ros_gxf_extensions/gxf_isaac_point_cloud) by extension 'colcon_meta'
[0.246s] [34mcolcon.colcon_core.package_identification[0m [1;30mLevel 1[0m _identify(src/isaac_ros_nitros/isaac_ros_gxf_extensions/gxf_isaac_point_cloud) by extensions ['ros']
[0.246s] [34mcolcon.colcon_core.package_identification[0m [1;30mLevel 1[0m _identify(src/isaac_ros_nitros/isaac_ros_gxf_extensions/gxf_isaac_point_cloud) by extension 'ros'
[0.246s] [34mcolcon.colcon_core.package_identification[0m [1;30mDEBUG[0m [32mPackage 'src/isaac_ros_nitros/isaac_ros_gxf_extensions/gxf_isaac_point_cloud' with type 'ros.ament_cmake' and name 'gxf_isaac_point_cloud'[0m
[0.246s] [34mcolcon.colcon_core.package_identification[0m [1;30mLevel 1[0m _identify(src/isaac_ros_nitros/isaac_ros_gxf_extensions/gxf_isaac_range_scan_processing) by extensions ['ignore', 'ignore_ament_install']
[0.246s] [34mcolcon.colcon_core.package_identification[0m [1;30mLevel 1[0m _identify(src/isaac_ros_nitros/isaac_ros_gxf_extensions/gxf_isaac_range_scan_processing) by extension 'ignore'
[0.246s] [34mcolcon.colcon_core.package_identification[0m [1;30mLevel 1[0m _identify(src/isaac_ros_nitros/isaac_ros_gxf_extensions/gxf_isaac_range_scan_processing) by extension 'ignore_ament_install'
[0.246s] [34mcolcon.colcon_core.package_identification[0m [1;30mLevel 1[0m _identify(src/isaac_ros_nitros/isaac_ros_gxf_extensions/gxf_isaac_range_scan_processing) by extensions ['colcon_pkg']
[0.246s] [34mcolcon.colcon_core.package_identification[0m [1;30mLevel 1[0m _identify(src/isaac_ros_nitros/isaac_ros_gxf_extensions/gxf_isaac_range_scan_processing) by extension 'colcon_pkg'
[0.246s] [34mcolcon.colcon_core.package_identification[0m [1;30mLevel 1[0m _identify(src/isaac_ros_nitros/isaac_ros_gxf_extensions/gxf_isaac_range_scan_processing) by extensions ['colcon_meta']
[0.247s] [34mcolcon.colcon_core.package_identification[0m [1;30mLevel 1[0m _identify(src/isaac_ros_nitros/isaac_ros_gxf_extensions/gxf_isaac_range_scan_processing) by extension 'colcon_meta'
[0.247s] [34mcolcon.colcon_core.package_identification[0m [1;30mLevel 1[0m _identify(src/isaac_ros_nitros/isaac_ros_gxf_extensions/gxf_isaac_range_scan_processing) by extensions ['ros']
[0.247s] [34mcolcon.colcon_core.package_identification[0m [1;30mLevel 1[0m _identify(src/isaac_ros_nitros/isaac_ros_gxf_extensions/gxf_isaac_range_scan_processing) by extension 'ros'
[0.247s] [34mcolcon.colcon_core.package_identification[0m [1;30mDEBUG[0m [32mPackage 'src/isaac_ros_nitros/isaac_ros_gxf_extensions/gxf_isaac_range_scan_processing' with type 'ros.ament_cmake' and name 'gxf_isaac_range_scan_processing'[0m
[0.247s] [34mcolcon.colcon_core.package_identification[0m [1;30mLevel 1[0m _identify(src/isaac_ros_nitros/isaac_ros_gxf_extensions/gxf_isaac_ros_cuda) by extensions ['ignore', 'ignore_ament_install']
[0.247s] [34mcolcon.colcon_core.package_identification[0m [1;30mLevel 1[0m _identify(src/isaac_ros_nitros/isaac_ros_gxf_extensions/gxf_isaac_ros_cuda) by extension 'ignore'
[0.247s] [34mcolcon.colcon_core.package_identification[0m [1;30mLevel 1[0m _identify(src/isaac_ros_nitros/isaac_ros_gxf_extensions/gxf_isaac_ros_cuda) by extension 'ignore_ament_install'
[0.247s] [34mcolcon.colcon_core.package_identification[0m [1;30mLevel 1[0m _identify(src/isaac_ros_nitros/isaac_ros_gxf_extensions/gxf_isaac_ros_cuda) by extensions ['colcon_pkg']
[0.247s] [34mcolcon.colcon_core.package_identification[0m [1;30mLevel 1[0m _identify(src/isaac_ros_nitros/isaac_ros_gxf_extensions/gxf_isaac_ros_cuda) by extension 'colcon_pkg'
[0.247s] [34mcolcon.colcon_core.package_identification[0m [1;30mLevel 1[0m _identify(src/isaac_ros_nitros/isaac_ros_gxf_extensions/gxf_isaac_ros_cuda) by extensions ['colcon_meta']
[0.247s] [34mcolcon.colcon_core.package_identification[0m [1;30mLevel 1[0m _identify(src/isaac_ros_nitros/isaac_ros_gxf_extensions/gxf_isaac_ros_cuda) by extension 'colcon_meta'
[0.247s] [34mcolcon.colcon_core.package_identification[0m [1;30mLevel 1[0m _identify(src/isaac_ros_nitros/isaac_ros_gxf_extensions/gxf_isaac_ros_cuda) by extensions ['ros']
[0.247s] [34mcolcon.colcon_core.package_identification[0m [1;30mLevel 1[0m _identify(src/isaac_ros_nitros/isaac_ros_gxf_extensions/gxf_isaac_ros_cuda) by extension 'ros'
[0.248s] [34mcolcon.colcon_core.package_identification[0m [1;30mDEBUG[0m [32mPackage 'src/isaac_ros_nitros/isaac_ros_gxf_extensions/gxf_isaac_ros_cuda' with type 'ros.ament_cmake' and name 'gxf_isaac_ros_cuda'[0m
[0.248s] [34mcolcon.colcon_core.package_identification[0m [1;30mLevel 1[0m _identify(src/isaac_ros_nitros/isaac_ros_gxf_extensions/gxf_isaac_ros_messages) by extensions ['ignore', 'ignore_ament_install']
[0.248s] [34mcolcon.colcon_core.package_identification[0m [1;30mLevel 1[0m _identify(src/isaac_ros_nitros/isaac_ros_gxf_extensions/gxf_isaac_ros_messages) by extension 'ignore'
[0.248s] [34mcolcon.colcon_core.package_identification[0m [1;30mLevel 1[0m _identify(src/isaac_ros_nitros/isaac_ros_gxf_extensions/gxf_isaac_ros_messages) by extension 'ignore_ament_install'
[0.248s] [34mcolcon.colcon_core.package_identification[0m [1;30mLevel 1[0m _identify(src/isaac_ros_nitros/isaac_ros_gxf_extensions/gxf_isaac_ros_messages) by extensions ['colcon_pkg']
[0.248s] [34mcolcon.colcon_core.package_identification[0m [1;30mLevel 1[0m _identify(src/isaac_ros_nitros/isaac_ros_gxf_extensions/gxf_isaac_ros_messages) by extension 'colcon_pkg'
[0.248s] [34mcolcon.colcon_core.package_identification[0m [1;30mLevel 1[0m _identify(src/isaac_ros_nitros/isaac_ros_gxf_extensions/gxf_isaac_ros_messages) by extensions ['colcon_meta']
[0.248s] [34mcolcon.colcon_core.package_identification[0m [1;30mLevel 1[0m _identify(src/isaac_ros_nitros/isaac_ros_gxf_extensions/gxf_isaac_ros_messages) by extension 'colcon_meta'
[0.248s] [34mcolcon.colcon_core.package_identification[0m [1;30mLevel 1[0m _identify(src/isaac_ros_nitros/isaac_ros_gxf_extensions/gxf_isaac_ros_messages) by extensions ['ros']
[0.248s] [34mcolcon.colcon_core.package_identification[0m [1;30mLevel 1[0m _identify(src/isaac_ros_nitros/isaac_ros_gxf_extensions/gxf_isaac_ros_messages) by extension 'ros'
[0.248s] [34mcolcon.colcon_core.package_identification[0m [1;30mDEBUG[0m [32mPackage 'src/isaac_ros_nitros/isaac_ros_gxf_extensions/gxf_isaac_ros_messages' with type 'ros.ament_cmake' and name 'gxf_isaac_ros_messages'[0m
[0.248s] [34mcolcon.colcon_core.package_identification[0m [1;30mLevel 1[0m _identify(src/isaac_ros_nitros/isaac_ros_gxf_extensions/gxf_isaac_segway) by extensions ['ignore', 'ignore_ament_install']
[0.248s] [34mcolcon.colcon_core.package_identification[0m [1;30mLevel 1[0m _identify(src/isaac_ros_nitros/isaac_ros_gxf_extensions/gxf_isaac_segway) by extension 'ignore'
[0.248s] [34mcolcon.colcon_core.package_identification[0m [1;30mLevel 1[0m _identify(src/isaac_ros_nitros/isaac_ros_gxf_extensions/gxf_isaac_segway) by extension 'ignore_ament_install'
[0.248s] [34mcolcon.colcon_core.package_identification[0m [1;30mLevel 1[0m _identify(src/isaac_ros_nitros/isaac_ros_gxf_extensions/gxf_isaac_segway) by extensions ['colcon_pkg']
[0.248s] [34mcolcon.colcon_core.package_identification[0m [1;30mLevel 1[0m _identify(src/isaac_ros_nitros/isaac_ros_gxf_extensions/gxf_isaac_segway) by extension 'colcon_pkg'
[0.248s] [34mcolcon.colcon_core.package_identification[0m [1;30mLevel 1[0m _identify(src/isaac_ros_nitros/isaac_ros_gxf_extensions/gxf_isaac_segway) by extensions ['colcon_meta']
[0.248s] [34mcolcon.colcon_core.package_identification[0m [1;30mLevel 1[0m _identify(src/isaac_ros_nitros/isaac_ros_gxf_extensions/gxf_isaac_segway) by extension 'colcon_meta'
[0.248s] [34mcolcon.colcon_core.package_identification[0m [1;30mLevel 1[0m _identify(src/isaac_ros_nitros/isaac_ros_gxf_extensions/gxf_isaac_segway) by extensions ['ros']
[0.248s] [34mcolcon.colcon_core.package_identification[0m [1;30mLevel 1[0m _identify(src/isaac_ros_nitros/isaac_ros_gxf_extensions/gxf_isaac_segway) by extension 'ros'
[0.249s] [34mcolcon.colcon_core.package_identification[0m [1;30mDEBUG[0m [32mPackage 'src/isaac_ros_nitros/isaac_ros_gxf_extensions/gxf_isaac_segway' with type 'ros.ament_cmake' and name 'gxf_isaac_segway'[0m
[0.249s] [34mcolcon.colcon_core.package_identification[0m [1;30mLevel 1[0m _identify(src/isaac_ros_nitros/isaac_ros_gxf_extensions/gxf_isaac_sight) by extensions ['ignore', 'ignore_ament_install']
[0.249s] [34mcolcon.colcon_core.package_identification[0m [1;30mLevel 1[0m _identify(src/isaac_ros_nitros/isaac_ros_gxf_extensions/gxf_isaac_sight) by extension 'ignore'
[0.249s] [34mcolcon.colcon_core.package_identification[0m [1;30mLevel 1[0m _identify(src/isaac_ros_nitros/isaac_ros_gxf_extensions/gxf_isaac_sight) by extension 'ignore_ament_install'
[0.249s] [34mcolcon.colcon_core.package_identification[0m [1;30mLevel 1[0m _identify(src/isaac_ros_nitros/isaac_ros_gxf_extensions/gxf_isaac_sight) by extensions ['colcon_pkg']
[0.249s] [34mcolcon.colcon_core.package_identification[0m [1;30mLevel 1[0m _identify(src/isaac_ros_nitros/isaac_ros_gxf_extensions/gxf_isaac_sight) by extension 'colcon_pkg'
[0.249s] [34mcolcon.colcon_core.package_identification[0m [1;30mLevel 1[0m _identify(src/isaac_ros_nitros/isaac_ros_gxf_extensions/gxf_isaac_sight) by extensions ['colcon_meta']
[0.249s] [34mcolcon.colcon_core.package_identification[0m [1;30mLevel 1[0m _identify(src/isaac_ros_nitros/isaac_ros_gxf_extensions/gxf_isaac_sight) by extension 'colcon_meta'
[0.249s] [34mcolcon.colcon_core.package_identification[0m [1;30mLevel 1[0m _identify(src/isaac_ros_nitros/isaac_ros_gxf_extensions/gxf_isaac_sight) by extensions ['ros']
[0.249s] [34mcolcon.colcon_core.package_identification[0m [1;30mLevel 1[0m _identify(src/isaac_ros_nitros/isaac_ros_gxf_extensions/gxf_isaac_sight) by extension 'ros'
[0.249s] [34mcolcon.colcon_core.package_identification[0m [1;30mDEBUG[0m [32mPackage 'src/isaac_ros_nitros/isaac_ros_gxf_extensions/gxf_isaac_sight' with type 'ros.ament_cmake' and name 'gxf_isaac_sight'[0m
[0.249s] [34mcolcon.colcon_core.package_identification[0m [1;30mLevel 1[0m _identify(src/isaac_ros_nitros/isaac_ros_gxf_extensions/gxf_isaac_timestamp_correlator) by extensions ['ignore', 'ignore_ament_install']
[0.249s] [34mcolcon.colcon_core.package_identification[0m [1;30mLevel 1[0m _identify(src/isaac_ros_nitros/isaac_ros_gxf_extensions/gxf_isaac_timestamp_correlator) by extension 'ignore'
[0.249s] [34mcolcon.colcon_core.package_identification[0m [1;30mLevel 1[0m _identify(src/isaac_ros_nitros/isaac_ros_gxf_extensions/gxf_isaac_timestamp_correlator) by extension 'ignore_ament_install'
[0.250s] [34mcolcon.colcon_core.package_identification[0m [1;30mLevel 1[0m _identify(src/isaac_ros_nitros/isaac_ros_gxf_extensions/gxf_isaac_timestamp_correlator) by extensions ['colcon_pkg']
[0.250s] [34mcolcon.colcon_core.package_identification[0m [1;30mLevel 1[0m _identify(src/isaac_ros_nitros/isaac_ros_gxf_extensions/gxf_isaac_timestamp_correlator) by extension 'colcon_pkg'
[0.250s] [34mcolcon.colcon_core.package_identification[0m [1;30mLevel 1[0m _identify(src/isaac_ros_nitros/isaac_ros_gxf_extensions/gxf_isaac_timestamp_correlator) by extensions ['colcon_meta']
[0.250s] [34mcolcon.colcon_core.package_identification[0m [1;30mLevel 1[0m _identify(src/isaac_ros_nitros/isaac_ros_gxf_extensions/gxf_isaac_timestamp_correlator) by extension 'colcon_meta'
[0.250s] [34mcolcon.colcon_core.package_identification[0m [1;30mLevel 1[0m _identify(src/isaac_ros_nitros/isaac_ros_gxf_extensions/gxf_isaac_timestamp_correlator) by extensions ['ros']
[0.250s] [34mcolcon.colcon_core.package_identification[0m [1;30mLevel 1[0m _identify(src/isaac_ros_nitros/isaac_ros_gxf_extensions/gxf_isaac_timestamp_correlator) by extension 'ros'
[0.250s] [34mcolcon.colcon_core.package_identification[0m [1;30mDEBUG[0m [32mPackage 'src/isaac_ros_nitros/isaac_ros_gxf_extensions/gxf_isaac_timestamp_correlator' with type 'ros.ament_cmake' and name 'gxf_isaac_timestamp_correlator'[0m
[0.250s] [34mcolcon.colcon_core.package_identification[0m [1;30mLevel 1[0m _identify(src/isaac_ros_nitros/isaac_ros_gxf_extensions/gxf_isaac_utils) by extensions ['ignore', 'ignore_ament_install']
[0.250s] [34mcolcon.colcon_core.package_identification[0m [1;30mLevel 1[0m _identify(src/isaac_ros_nitros/isaac_ros_gxf_extensions/gxf_isaac_utils) by extension 'ignore'
[0.250s] [34mcolcon.colcon_core.package_identification[0m [1;30mLevel 1[0m _identify(src/isaac_ros_nitros/isaac_ros_gxf_extensions/gxf_isaac_utils) by extension 'ignore_ament_install'
[0.250s] [34mcolcon.colcon_core.package_identification[0m [1;30mLevel 1[0m _identify(src/isaac_ros_nitros/isaac_ros_gxf_extensions/gxf_isaac_utils) by extensions ['colcon_pkg']
[0.250s] [34mcolcon.colcon_core.package_identification[0m [1;30mLevel 1[0m _identify(src/isaac_ros_nitros/isaac_ros_gxf_extensions/gxf_isaac_utils) by extension 'colcon_pkg'
[0.250s] [34mcolcon.colcon_core.package_identification[0m [1;30mLevel 1[0m _identify(src/isaac_ros_nitros/isaac_ros_gxf_extensions/gxf_isaac_utils) by extensions ['colcon_meta']
[0.250s] [34mcolcon.colcon_core.package_identification[0m [1;30mLevel 1[0m _identify(src/isaac_ros_nitros/isaac_ros_gxf_extensions/gxf_isaac_utils) by extension 'colcon_meta'
[0.250s] [34mcolcon.colcon_core.package_identification[0m [1;30mLevel 1[0m _identify(src/isaac_ros_nitros/isaac_ros_gxf_extensions/gxf_isaac_utils) by extensions ['ros']
[0.250s] [34mcolcon.colcon_core.package_identification[0m [1;30mLevel 1[0m _identify(src/isaac_ros_nitros/isaac_ros_gxf_extensions/gxf_isaac_utils) by extension 'ros'
[0.251s] [34mcolcon.colcon_core.package_identification[0m [1;30mDEBUG[0m [32mPackage 'src/isaac_ros_nitros/isaac_ros_gxf_extensions/gxf_isaac_utils' with type 'ros.ament_cmake' and name 'gxf_isaac_utils'[0m
[0.251s] [34mcolcon.colcon_core.package_identification[0m [1;30mLevel 1[0m _identify(src/isaac_ros_nitros/isaac_ros_managed_nitros) by extensions ['ignore', 'ignore_ament_install']
[0.251s] [34mcolcon.colcon_core.package_identification[0m [1;30mLevel 1[0m _identify(src/isaac_ros_nitros/isaac_ros_managed_nitros) by extension 'ignore'
[0.251s] [34mcolcon.colcon_core.package_identification[0m [1;30mLevel 1[0m _identify(src/isaac_ros_nitros/isaac_ros_managed_nitros) by extension 'ignore_ament_install'
[0.251s] [34mcolcon.colcon_core.package_identification[0m [1;30mLevel 1[0m _identify(src/isaac_ros_nitros/isaac_ros_managed_nitros) by extensions ['colcon_pkg']
[0.251s] [34mcolcon.colcon_core.package_identification[0m [1;30mLevel 1[0m _identify(src/isaac_ros_nitros/isaac_ros_managed_nitros) by extension 'colcon_pkg'
[0.251s] [34mcolcon.colcon_core.package_identification[0m [1;30mLevel 1[0m _identify(src/isaac_ros_nitros/isaac_ros_managed_nitros) by extensions ['colcon_meta']
[0.251s] [34mcolcon.colcon_core.package_identification[0m [1;30mLevel 1[0m _identify(src/isaac_ros_nitros/isaac_ros_managed_nitros) by extension 'colcon_meta'
[0.251s] [34mcolcon.colcon_core.package_identification[0m [1;30mLevel 1[0m _identify(src/isaac_ros_nitros/isaac_ros_managed_nitros) by extensions ['ros']
[0.251s] [34mcolcon.colcon_core.package_identification[0m [1;30mLevel 1[0m _identify(src/isaac_ros_nitros/isaac_ros_managed_nitros) by extension 'ros'
[0.251s] [34mcolcon.colcon_core.package_identification[0m [1;30mDEBUG[0m [32mPackage 'src/isaac_ros_nitros/isaac_ros_managed_nitros' with type 'ros.ament_cmake' and name 'isaac_ros_managed_nitros'[0m
[0.251s] [34mcolcon.colcon_core.package_identification[0m [1;30mLevel 1[0m _identify(src/isaac_ros_nitros/isaac_ros_managed_nitros_examples) by extensions ['ignore', 'ignore_ament_install']
[0.252s] [34mcolcon.colcon_core.package_identification[0m [1;30mLevel 1[0m _identify(src/isaac_ros_nitros/isaac_ros_managed_nitros_examples) by extension 'ignore'
[0.252s] [34mcolcon.colcon_core.package_identification[0m [1;30mLevel 1[0m _identify(src/isaac_ros_nitros/isaac_ros_managed_nitros_examples) by extension 'ignore_ament_install'
[0.252s] [34mcolcon.colcon_core.package_identification[0m [1;30mLevel 1[0m _identify(src/isaac_ros_nitros/isaac_ros_managed_nitros_examples) by extensions ['colcon_pkg']
[0.252s] [34mcolcon.colcon_core.package_identification[0m [1;30mLevel 1[0m _identify(src/isaac_ros_nitros/isaac_ros_managed_nitros_examples) by extension 'colcon_pkg'
[0.252s] [34mcolcon.colcon_core.package_identification[0m [1;30mLevel 1[0m _identify(src/isaac_ros_nitros/isaac_ros_managed_nitros_examples) by extensions ['colcon_meta']
[0.252s] [34mcolcon.colcon_core.package_identification[0m [1;30mLevel 1[0m _identify(src/isaac_ros_nitros/isaac_ros_managed_nitros_examples) by extension 'colcon_meta'
[0.252s] [34mcolcon.colcon_core.package_identification[0m [1;30mLevel 1[0m _identify(src/isaac_ros_nitros/isaac_ros_managed_nitros_examples) by extensions ['ros']
[0.252s] [34mcolcon.colcon_core.package_identification[0m [1;30mLevel 1[0m _identify(src/isaac_ros_nitros/isaac_ros_managed_nitros_examples) by extension 'ros'
[0.252s] [34mcolcon.colcon_core.package_identification[0m [1;30mLevel 1[0m _identify(src/isaac_ros_nitros/isaac_ros_managed_nitros_examples) by extensions ['cmake', 'python']
[0.252s] [34mcolcon.colcon_core.package_identification[0m [1;30mLevel 1[0m _identify(src/isaac_ros_nitros/isaac_ros_managed_nitros_examples) by extension 'cmake'
[0.252s] [34mcolcon.colcon_core.package_identification[0m [1;30mLevel 1[0m _identify(src/isaac_ros_nitros/isaac_ros_managed_nitros_examples) by extension 'python'
[0.252s] [34mcolcon.colcon_core.package_identification[0m [1;30mLevel 1[0m _identify(src/isaac_ros_nitros/isaac_ros_managed_nitros_examples) by extensions ['python_setup_py']
[0.252s] [34mcolcon.colcon_core.package_identification[0m [1;30mLevel 1[0m _identify(src/isaac_ros_nitros/isaac_ros_managed_nitros_examples) by extension 'python_setup_py'
[0.252s] [34mcolcon.colcon_core.package_identification[0m [1;30mLevel 1[0m _identify(src/isaac_ros_nitros/isaac_ros_managed_nitros_examples/custom_nitros_dnn_image_encoder) by extensions ['ignore', 'ignore_ament_install']
[0.252s] [34mcolcon.colcon_core.package_identification[0m [1;30mLevel 1[0m _identify(src/isaac_ros_nitros/isaac_ros_managed_nitros_examples/custom_nitros_dnn_image_encoder) by extension 'ignore'
[0.252s] [34mcolcon.colcon_core.package_identification[0m [1;30mLevel 1[0m _identify(src/isaac_ros_nitros/isaac_ros_managed_nitros_examples/custom_nitros_dnn_image_encoder) by extension 'ignore_ament_install'
[0.252s] [34mcolcon.colcon_core.package_identification[0m [1;30mLevel 1[0m _identify(src/isaac_ros_nitros/isaac_ros_managed_nitros_examples/custom_nitros_dnn_image_encoder) by extensions ['colcon_pkg']
[0.252s] [34mcolcon.colcon_core.package_identification[0m [1;30mLevel 1[0m _identify(src/isaac_ros_nitros/isaac_ros_managed_nitros_examples/custom_nitros_dnn_image_encoder) by extension 'colcon_pkg'
[0.252s] [34mcolcon.colcon_core.package_identification[0m [1;30mLevel 1[0m _identify(src/isaac_ros_nitros/isaac_ros_managed_nitros_examples/custom_nitros_dnn_image_encoder) by extensions ['colcon_meta']
[0.252s] [34mcolcon.colcon_core.package_identification[0m [1;30mLevel 1[0m _identify(src/isaac_ros_nitros/isaac_ros_managed_nitros_examples/custom_nitros_dnn_image_encoder) by extension 'colcon_meta'
[0.252s] [34mcolcon.colcon_core.package_identification[0m [1;30mLevel 1[0m _identify(src/isaac_ros_nitros/isaac_ros_managed_nitros_examples/custom_nitros_dnn_image_encoder) by extensions ['ros']
[0.252s] [34mcolcon.colcon_core.package_identification[0m [1;30mLevel 1[0m _identify(src/isaac_ros_nitros/isaac_ros_managed_nitros_examples/custom_nitros_dnn_image_encoder) by extension 'ros'
[0.252s] [34mcolcon.colcon_core.package_identification[0m [1;30mDEBUG[0m [32mPackage 'src/isaac_ros_nitros/isaac_ros_managed_nitros_examples/custom_nitros_dnn_image_encoder' with type 'ros.ament_cmake' and name 'custom_nitros_dnn_image_encoder'[0m
[0.253s] [34mcolcon.colcon_core.package_identification[0m [1;30mLevel 1[0m _identify(src/isaac_ros_nitros/isaac_ros_managed_nitros_examples/custom_nitros_image) by extensions ['ignore', 'ignore_ament_install']
[0.253s] [34mcolcon.colcon_core.package_identification[0m [1;30mLevel 1[0m _identify(src/isaac_ros_nitros/isaac_ros_managed_nitros_examples/custom_nitros_image) by extension 'ignore'
[0.253s] [34mcolcon.colcon_core.package_identification[0m [1;30mLevel 1[0m _identify(src/isaac_ros_nitros/isaac_ros_managed_nitros_examples/custom_nitros_image) by extension 'ignore_ament_install'
[0.253s] [34mcolcon.colcon_core.package_identification[0m [1;30mLevel 1[0m _identify(src/isaac_ros_nitros/isaac_ros_managed_nitros_examples/custom_nitros_image) by extensions ['colcon_pkg']
[0.253s] [34mcolcon.colcon_core.package_identification[0m [1;30mLevel 1[0m _identify(src/isaac_ros_nitros/isaac_ros_managed_nitros_examples/custom_nitros_image) by extension 'colcon_pkg'
[0.253s] [34mcolcon.colcon_core.package_identification[0m [1;30mLevel 1[0m _identify(src/isaac_ros_nitros/isaac_ros_managed_nitros_examples/custom_nitros_image) by extensions ['colcon_meta']
[0.253s] [34mcolcon.colcon_core.package_identification[0m [1;30mLevel 1[0m _identify(src/isaac_ros_nitros/isaac_ros_managed_nitros_examples/custom_nitros_image) by extension 'colcon_meta'
[0.253s] [34mcolcon.colcon_core.package_identification[0m [1;30mLevel 1[0m _identify(src/isaac_ros_nitros/isaac_ros_managed_nitros_examples/custom_nitros_image) by extensions ['ros']
[0.253s] [34mcolcon.colcon_core.package_identification[0m [1;30mLevel 1[0m _identify(src/isaac_ros_nitros/isaac_ros_managed_nitros_examples/custom_nitros_image) by extension 'ros'
[0.253s] [34mcolcon.colcon_core.package_identification[0m [1;30mDEBUG[0m [32mPackage 'src/isaac_ros_nitros/isaac_ros_managed_nitros_examples/custom_nitros_image' with type 'ros.ament_cmake' and name 'custom_nitros_image'[0m
[0.253s] [34mcolcon.colcon_core.package_identification[0m [1;30mLevel 1[0m _identify(src/isaac_ros_nitros/isaac_ros_managed_nitros_examples/custom_nitros_message_filter) by extensions ['ignore', 'ignore_ament_install']
[0.253s] [34mcolcon.colcon_core.package_identification[0m [1;30mLevel 1[0m _identify(src/isaac_ros_nitros/isaac_ros_managed_nitros_examples/custom_nitros_message_filter) by extension 'ignore'
[0.254s] [34mcolcon.colcon_core.package_identification[0m [1;30mLevel 1[0m _identify(src/isaac_ros_nitros/isaac_ros_managed_nitros_examples/custom_nitros_message_filter) by extension 'ignore_ament_install'
[0.254s] [34mcolcon.colcon_core.package_identification[0m [1;30mLevel 1[0m _identify(src/isaac_ros_nitros/isaac_ros_managed_nitros_examples/custom_nitros_message_filter) by extensions ['colcon_pkg']
[0.254s] [34mcolcon.colcon_core.package_identification[0m [1;30mLevel 1[0m _identify(src/isaac_ros_nitros/isaac_ros_managed_nitros_examples/custom_nitros_message_filter) by extension 'colcon_pkg'
[0.254s] [34mcolcon.colcon_core.package_identification[0m [1;30mLevel 1[0m _identify(src/isaac_ros_nitros/isaac_ros_managed_nitros_examples/custom_nitros_message_filter) by extensions ['colcon_meta']
[0.254s] [34mcolcon.colcon_core.package_identification[0m [1;30mLevel 1[0m _identify(src/isaac_ros_nitros/isaac_ros_managed_nitros_examples/custom_nitros_message_filter) by extension 'colcon_meta'
[0.254s] [34mcolcon.colcon_core.package_identification[0m [1;30mLevel 1[0m _identify(src/isaac_ros_nitros/isaac_ros_managed_nitros_examples/custom_nitros_message_filter) by extensions ['ros']
[0.254s] [34mcolcon.colcon_core.package_identification[0m [1;30mLevel 1[0m _identify(src/isaac_ros_nitros/isaac_ros_managed_nitros_examples/custom_nitros_message_filter) by extension 'ros'
[0.254s] [34mcolcon.colcon_core.package_identification[0m [1;30mDEBUG[0m [32mPackage 'src/isaac_ros_nitros/isaac_ros_managed_nitros_examples/custom_nitros_message_filter' with type 'ros.ament_cmake' and name 'custom_nitros_message_filter'[0m
[0.254s] [34mcolcon.colcon_core.package_identification[0m [1;30mLevel 1[0m _identify(src/isaac_ros_nitros/isaac_ros_managed_nitros_examples/custom_nitros_message_filter_interfaces) by extensions ['ignore', 'ignore_ament_install']
[0.254s] [34mcolcon.colcon_core.package_identification[0m [1;30mLevel 1[0m _identify(src/isaac_ros_nitros/isaac_ros_managed_nitros_examples/custom_nitros_message_filter_interfaces) by extension 'ignore'
[0.254s] [34mcolcon.colcon_core.package_identification[0m [1;30mLevel 1[0m _identify(src/isaac_ros_nitros/isaac_ros_managed_nitros_examples/custom_nitros_message_filter_interfaces) by extension 'ignore_ament_install'
[0.254s] [34mcolcon.colcon_core.package_identification[0m [1;30mLevel 1[0m _identify(src/isaac_ros_nitros/isaac_ros_managed_nitros_examples/custom_nitros_message_filter_interfaces) by extensions ['colcon_pkg']
[0.254s] [34mcolcon.colcon_core.package_identification[0m [1;30mLevel 1[0m _identify(src/isaac_ros_nitros/isaac_ros_managed_nitros_examples/custom_nitros_message_filter_interfaces) by extension 'colcon_pkg'
[0.254s] [34mcolcon.colcon_core.package_identification[0m [1;30mLevel 1[0m _identify(src/isaac_ros_nitros/isaac_ros_managed_nitros_examples/custom_nitros_message_filter_interfaces) by extensions ['colcon_meta']
[0.254s] [34mcolcon.colcon_core.package_identification[0m [1;30mLevel 1[0m _identify(src/isaac_ros_nitros/isaac_ros_managed_nitros_examples/custom_nitros_message_filter_interfaces) by extension 'colcon_meta'
[0.254s] [34mcolcon.colcon_core.package_identification[0m [1;30mLevel 1[0m _identify(src/isaac_ros_nitros/isaac_ros_managed_nitros_examples/custom_nitros_message_filter_interfaces) by extensions ['ros']
[0.254s] [34mcolcon.colcon_core.package_identification[0m [1;30mLevel 1[0m _identify(src/isaac_ros_nitros/isaac_ros_managed_nitros_examples/custom_nitros_message_filter_interfaces) by extension 'ros'
[0.255s] [34mcolcon.colcon_core.package_identification[0m [1;30mDEBUG[0m [32mPackage 'src/isaac_ros_nitros/isaac_ros_managed_nitros_examples/custom_nitros_message_filter_interfaces' with type 'ros.ament_cmake' and name 'custom_nitros_message_filter_interfaces'[0m
[0.255s] [34mcolcon.colcon_core.package_identification[0m [1;30mLevel 1[0m _identify(src/isaac_ros_nitros/isaac_ros_managed_nitros_examples/custom_nitros_string) by extensions ['ignore', 'ignore_ament_install']
[0.255s] [34mcolcon.colcon_core.package_identification[0m [1;30mLevel 1[0m _identify(src/isaac_ros_nitros/isaac_ros_managed_nitros_examples/custom_nitros_string) by extension 'ignore'
[0.255s] [34mcolcon.colcon_core.package_identification[0m [1;30mLevel 1[0m _identify(src/isaac_ros_nitros/isaac_ros_managed_nitros_examples/custom_nitros_string) by extension 'ignore_ament_install'
[0.255s] [34mcolcon.colcon_core.package_identification[0m [1;30mLevel 1[0m _identify(src/isaac_ros_nitros/isaac_ros_managed_nitros_examples/custom_nitros_string) by extensions ['colcon_pkg']
[0.255s] [34mcolcon.colcon_core.package_identification[0m [1;30mLevel 1[0m _identify(src/isaac_ros_nitros/isaac_ros_managed_nitros_examples/custom_nitros_string) by extension 'colcon_pkg'
[0.255s] [34mcolcon.colcon_core.package_identification[0m [1;30mLevel 1[0m _identify(src/isaac_ros_nitros/isaac_ros_managed_nitros_examples/custom_nitros_string) by extensions ['colcon_meta']
[0.255s] [34mcolcon.colcon_core.package_identification[0m [1;30mLevel 1[0m _identify(src/isaac_ros_nitros/isaac_ros_managed_nitros_examples/custom_nitros_string) by extension 'colcon_meta'
[0.255s] [34mcolcon.colcon_core.package_identification[0m [1;30mLevel 1[0m _identify(src/isaac_ros_nitros/isaac_ros_managed_nitros_examples/custom_nitros_string) by extensions ['ros']
[0.255s] [34mcolcon.colcon_core.package_identification[0m [1;30mLevel 1[0m _identify(src/isaac_ros_nitros/isaac_ros_managed_nitros_examples/custom_nitros_string) by extension 'ros'
[0.255s] [34mcolcon.colcon_core.package_identification[0m [1;30mDEBUG[0m [32mPackage 'src/isaac_ros_nitros/isaac_ros_managed_nitros_examples/custom_nitros_string' with type 'ros.ament_cmake' and name 'custom_nitros_string'[0m
[0.256s] [34mcolcon.colcon_core.package_identification[0m [1;30mLevel 1[0m _identify(src/isaac_ros_nitros/isaac_ros_nitros) by extensions ['ignore', 'ignore_ament_install']
[0.256s] [34mcolcon.colcon_core.package_identification[0m [1;30mLevel 1[0m _identify(src/isaac_ros_nitros/isaac_ros_nitros) by extension 'ignore'
[0.256s] [34mcolcon.colcon_core.package_identification[0m [1;30mLevel 1[0m _identify(src/isaac_ros_nitros/isaac_ros_nitros) by extension 'ignore_ament_install'
[0.256s] [34mcolcon.colcon_core.package_identification[0m [1;30mLevel 1[0m _identify(src/isaac_ros_nitros/isaac_ros_nitros) by extensions ['colcon_pkg']
[0.256s] [34mcolcon.colcon_core.package_identification[0m [1;30mLevel 1[0m _identify(src/isaac_ros_nitros/isaac_ros_nitros) by extension 'colcon_pkg'
[0.256s] [34mcolcon.colcon_core.package_identification[0m [1;30mLevel 1[0m _identify(src/isaac_ros_nitros/isaac_ros_nitros) by extensions ['colcon_meta']
[0.256s] [34mcolcon.colcon_core.package_identification[0m [1;30mLevel 1[0m _identify(src/isaac_ros_nitros/isaac_ros_nitros) by extension 'colcon_meta'
[0.256s] [34mcolcon.colcon_core.package_identification[0m [1;30mLevel 1[0m _identify(src/isaac_ros_nitros/isaac_ros_nitros) by extensions ['ros']
[0.256s] [34mcolcon.colcon_core.package_identification[0m [1;30mLevel 1[0m _identify(src/isaac_ros_nitros/isaac_ros_nitros) by extension 'ros'
[0.256s] [34mcolcon.colcon_core.package_identification[0m [1;30mDEBUG[0m [32mPackage 'src/isaac_ros_nitros/isaac_ros_nitros' with type 'ros.ament_cmake' and name 'isaac_ros_nitros'[0m
[0.256s] [34mcolcon.colcon_core.package_identification[0m [1;30mLevel 1[0m _identify(src/isaac_ros_nitros/isaac_ros_nitros_bridge) by extensions ['ignore', 'ignore_ament_install']
[0.256s] [34mcolcon.colcon_core.package_identification[0m [1;30mLevel 1[0m _identify(src/isaac_ros_nitros/isaac_ros_nitros_bridge) by extension 'ignore'
[0.256s] [34mcolcon.colcon_core.package_identification[0m [1;30mLevel 1[0m _identify(src/isaac_ros_nitros/isaac_ros_nitros_bridge) by extension 'ignore_ament_install'
[0.256s] [34mcolcon.colcon_core.package_identification[0m [1;30mLevel 1[0m _identify(src/isaac_ros_nitros/isaac_ros_nitros_bridge) by extensions ['colcon_pkg']
[0.257s] [34mcolcon.colcon_core.package_identification[0m [1;30mLevel 1[0m _identify(src/isaac_ros_nitros/isaac_ros_nitros_bridge) by extension 'colcon_pkg'
[0.257s] [34mcolcon.colcon_core.package_identification[0m [1;30mLevel 1[0m _identify(src/isaac_ros_nitros/isaac_ros_nitros_bridge) by extensions ['colcon_meta']
[0.257s] [34mcolcon.colcon_core.package_identification[0m [1;30mLevel 1[0m _identify(src/isaac_ros_nitros/isaac_ros_nitros_bridge) by extension 'colcon_meta'
[0.257s] [34mcolcon.colcon_core.package_identification[0m [1;30mLevel 1[0m _identify(src/isaac_ros_nitros/isaac_ros_nitros_bridge) by extensions ['ros']
[0.257s] [34mcolcon.colcon_core.package_identification[0m [1;30mLevel 1[0m _identify(src/isaac_ros_nitros/isaac_ros_nitros_bridge) by extension 'ros'
[0.257s] [34mcolcon.colcon_core.package_identification[0m [1;30mLevel 1[0m _identify(src/isaac_ros_nitros/isaac_ros_nitros_bridge) by extensions ['cmake', 'python']
[0.257s] [34mcolcon.colcon_core.package_identification[0m [1;30mLevel 1[0m _identify(src/isaac_ros_nitros/isaac_ros_nitros_bridge) by extension 'cmake'
[0.257s] [34mcolcon.colcon_core.package_identification[0m [1;30mLevel 1[0m _identify(src/isaac_ros_nitros/isaac_ros_nitros_bridge) by extension 'python'
[0.257s] [34mcolcon.colcon_core.package_identification[0m [1;30mLevel 1[0m _identify(src/isaac_ros_nitros/isaac_ros_nitros_bridge) by extensions ['python_setup_py']
[0.257s] [34mcolcon.colcon_core.package_identification[0m [1;30mLevel 1[0m _identify(src/isaac_ros_nitros/isaac_ros_nitros_bridge) by extension 'python_setup_py'
[0.257s] [34mcolcon.colcon_core.package_identification[0m [1;30mLevel 1[0m _identify(src/isaac_ros_nitros/isaac_ros_nitros_bridge/config) by extensions ['ignore', 'ignore_ament_install']
[0.257s] [34mcolcon.colcon_core.package_identification[0m [1;30mLevel 1[0m _identify(src/isaac_ros_nitros/isaac_ros_nitros_bridge/config) by extension 'ignore'
[0.257s] [34mcolcon.colcon_core.package_identification[0m [1;30mLevel 1[0m _identify(src/isaac_ros_nitros/isaac_ros_nitros_bridge/config) by extension 'ignore_ament_install'
[0.257s] [34mcolcon.colcon_core.package_identification[0m [1;30mLevel 1[0m _identify(src/isaac_ros_nitros/isaac_ros_nitros_bridge/config) by extensions ['colcon_pkg']
[0.257s] [34mcolcon.colcon_core.package_identification[0m [1;30mLevel 1[0m _identify(src/isaac_ros_nitros/isaac_ros_nitros_bridge/config) by extension 'colcon_pkg'
[0.257s] [34mcolcon.colcon_core.package_identification[0m [1;30mLevel 1[0m _identify(src/isaac_ros_nitros/isaac_ros_nitros_bridge/config) by extensions ['colcon_meta']
[0.257s] [34mcolcon.colcon_core.package_identification[0m [1;30mLevel 1[0m _identify(src/isaac_ros_nitros/isaac_ros_nitros_bridge/config) by extension 'colcon_meta'
[0.257s] [34mcolcon.colcon_core.package_identification[0m [1;30mLevel 1[0m _identify(src/isaac_ros_nitros/isaac_ros_nitros_bridge/config) by extensions ['ros']
[0.257s] [34mcolcon.colcon_core.package_identification[0m [1;30mLevel 1[0m _identify(src/isaac_ros_nitros/isaac_ros_nitros_bridge/config) by extension 'ros'
[0.257s] [34mcolcon.colcon_core.package_identification[0m [1;30mLevel 1[0m _identify(src/isaac_ros_nitros/isaac_ros_nitros_bridge/config) by extensions ['cmake', 'python']
[0.257s] [34mcolcon.colcon_core.package_identification[0m [1;30mLevel 1[0m _identify(src/isaac_ros_nitros/isaac_ros_nitros_bridge/config) by extension 'cmake'
[0.257s] [34mcolcon.colcon_core.package_identification[0m [1;30mLevel 1[0m _identify(src/isaac_ros_nitros/isaac_ros_nitros_bridge/config) by extension 'python'
[0.257s] [34mcolcon.colcon_core.package_identification[0m [1;30mLevel 1[0m _identify(src/isaac_ros_nitros/isaac_ros_nitros_bridge/config) by extensions ['python_setup_py']
[0.257s] [34mcolcon.colcon_core.package_identification[0m [1;30mLevel 1[0m _identify(src/isaac_ros_nitros/isaac_ros_nitros_bridge/config) by extension 'python_setup_py'
[0.257s] [34mcolcon.colcon_core.package_identification[0m [1;30mLevel 1[0m _identify(src/isaac_ros_nitros/isaac_ros_nitros_bridge/docker) by extensions ['ignore', 'ignore_ament_install']
[0.257s] [34mcolcon.colcon_core.package_identification[0m [1;30mLevel 1[0m _identify(src/isaac_ros_nitros/isaac_ros_nitros_bridge/docker) by extension 'ignore'
[0.257s] [34mcolcon.colcon_core.package_identification[0m [1;30mLevel 1[0m _identify(src/isaac_ros_nitros/isaac_ros_nitros_bridge/docker) by extension 'ignore_ament_install'
[0.257s] [34mcolcon.colcon_core.package_identification[0m [1;30mLevel 1[0m _identify(src/isaac_ros_nitros/isaac_ros_nitros_bridge/docker) by extensions ['colcon_pkg']
[0.257s] [34mcolcon.colcon_core.package_identification[0m [1;30mLevel 1[0m _identify(src/isaac_ros_nitros/isaac_ros_nitros_bridge/docker) by extension 'colcon_pkg'
[0.257s] [34mcolcon.colcon_core.package_identification[0m [1;30mLevel 1[0m _identify(src/isaac_ros_nitros/isaac_ros_nitros_bridge/docker) by extensions ['colcon_meta']
[0.257s] [34mcolcon.colcon_core.package_identification[0m [1;30mLevel 1[0m _identify(src/isaac_ros_nitros/isaac_ros_nitros_bridge/docker) by extension 'colcon_meta'
[0.257s] [34mcolcon.colcon_core.package_identification[0m [1;30mLevel 1[0m _identify(src/isaac_ros_nitros/isaac_ros_nitros_bridge/docker) by extensions ['ros']
[0.257s] [34mcolcon.colcon_core.package_identification[0m [1;30mLevel 1[0m _identify(src/isaac_ros_nitros/isaac_ros_nitros_bridge/docker) by extension 'ros'
[0.257s] [34mcolcon.colcon_core.package_identification[0m [1;30mLevel 1[0m _identify(src/isaac_ros_nitros/isaac_ros_nitros_bridge/docker) by extensions ['cmake', 'python']
[0.257s] [34mcolcon.colcon_core.package_identification[0m [1;30mLevel 1[0m _identify(src/isaac_ros_nitros/isaac_ros_nitros_bridge/docker) by extension 'cmake'
[0.257s] [34mcolcon.colcon_core.package_identification[0m [1;30mLevel 1[0m _identify(src/isaac_ros_nitros/isaac_ros_nitros_bridge/docker) by extension 'python'
[0.257s] [34mcolcon.colcon_core.package_identification[0m [1;30mLevel 1[0m _identify(src/isaac_ros_nitros/isaac_ros_nitros_bridge/docker) by extensions ['python_setup_py']
[0.257s] [34mcolcon.colcon_core.package_identification[0m [1;30mLevel 1[0m _identify(src/isaac_ros_nitros/isaac_ros_nitros_bridge/docker) by extension 'python_setup_py'
[0.257s] [34mcolcon.colcon_core.package_identification[0m [1;30mLevel 1[0m _identify(src/isaac_ros_nitros/isaac_ros_nitros_bridge/isaac_ros_nitros_bridge_ros2) by extensions ['ignore', 'ignore_ament_install']
[0.257s] [34mcolcon.colcon_core.package_identification[0m [1;30mLevel 1[0m _identify(src/isaac_ros_nitros/isaac_ros_nitros_bridge/isaac_ros_nitros_bridge_ros2) by extension 'ignore'
[0.257s] [34mcolcon.colcon_core.package_identification[0m [1;30mLevel 1[0m _identify(src/isaac_ros_nitros/isaac_ros_nitros_bridge/isaac_ros_nitros_bridge_ros2) by extension 'ignore_ament_install'
[0.257s] [34mcolcon.colcon_core.package_identification[0m [1;30mLevel 1[0m _identify(src/isaac_ros_nitros/isaac_ros_nitros_bridge/isaac_ros_nitros_bridge_ros2) by extensions ['colcon_pkg']
[0.257s] [34mcolcon.colcon_core.package_identification[0m [1;30mLevel 1[0m _identify(src/isaac_ros_nitros/isaac_ros_nitros_bridge/isaac_ros_nitros_bridge_ros2) by extension 'colcon_pkg'
[0.257s] [34mcolcon.colcon_core.package_identification[0m [1;30mLevel 1[0m _identify(src/isaac_ros_nitros/isaac_ros_nitros_bridge/isaac_ros_nitros_bridge_ros2) by extensions ['colcon_meta']
[0.257s] [34mcolcon.colcon_core.package_identification[0m [1;30mLevel 1[0m _identify(src/isaac_ros_nitros/isaac_ros_nitros_bridge/isaac_ros_nitros_bridge_ros2) by extension 'colcon_meta'
[0.257s] [34mcolcon.colcon_core.package_identification[0m [1;30mLevel 1[0m _identify(src/isaac_ros_nitros/isaac_ros_nitros_bridge/isaac_ros_nitros_bridge_ros2) by extensions ['ros']
[0.258s] [34mcolcon.colcon_core.package_identification[0m [1;30mLevel 1[0m _identify(src/isaac_ros_nitros/isaac_ros_nitros_bridge/isaac_ros_nitros_bridge_ros2) by extension 'ros'
[0.258s] [34mcolcon.colcon_core.package_identification[0m [1;30mDEBUG[0m [32mPackage 'src/isaac_ros_nitros/isaac_ros_nitros_bridge/isaac_ros_nitros_bridge_ros2' with type 'ros.ament_cmake' and name 'isaac_ros_nitros_bridge_ros2'[0m
[0.258s] [34mcolcon.colcon_core.package_identification[0m [1;30mLevel 1[0m _identify(src/isaac_ros_nitros/isaac_ros_nitros_bridge/resources) by extensions ['ignore', 'ignore_ament_install']
[0.258s] [34mcolcon.colcon_core.package_identification[0m [1;30mLevel 1[0m _identify(src/isaac_ros_nitros/isaac_ros_nitros_bridge/resources) by extension 'ignore'
[0.258s] [34mcolcon.colcon_core.package_identification[0m [1;30mLevel 1[0m _identify(src/isaac_ros_nitros/isaac_ros_nitros_bridge/resources) by extension 'ignore_ament_install'
[0.258s] [34mcolcon.colcon_core.package_identification[0m [1;30mLevel 1[0m _identify(src/isaac_ros_nitros/isaac_ros_nitros_bridge/resources) by extensions ['colcon_pkg']
[0.258s] [34mcolcon.colcon_core.package_identification[0m [1;30mLevel 1[0m _identify(src/isaac_ros_nitros/isaac_ros_nitros_bridge/resources) by extension 'colcon_pkg'
[0.258s] [34mcolcon.colcon_core.package_identification[0m [1;30mLevel 1[0m _identify(src/isaac_ros_nitros/isaac_ros_nitros_bridge/resources) by extensions ['colcon_meta']
[0.258s] [34mcolcon.colcon_core.package_identification[0m [1;30mLevel 1[0m _identify(src/isaac_ros_nitros/isaac_ros_nitros_bridge/resources) by extension 'colcon_meta'
[0.258s] [34mcolcon.colcon_core.package_identification[0m [1;30mLevel 1[0m _identify(src/isaac_ros_nitros/isaac_ros_nitros_bridge/resources) by extensions ['ros']
[0.258s] [34mcolcon.colcon_core.package_identification[0m [1;30mLevel 1[0m _identify(src/isaac_ros_nitros/isaac_ros_nitros_bridge/resources) by extension 'ros'
[0.258s] [34mcolcon.colcon_core.package_identification[0m [1;30mLevel 1[0m _identify(src/isaac_ros_nitros/isaac_ros_nitros_bridge/resources) by extensions ['cmake', 'python']
[0.258s] [34mcolcon.colcon_core.package_identification[0m [1;30mLevel 1[0m _identify(src/isaac_ros_nitros/isaac_ros_nitros_bridge/resources) by extension 'cmake'
[0.258s] [34mcolcon.colcon_core.package_identification[0m [1;30mLevel 1[0m _identify(src/isaac_ros_nitros/isaac_ros_nitros_bridge/resources) by extension 'python'
[0.258s] [34mcolcon.colcon_core.package_identification[0m [1;30mLevel 1[0m _identify(src/isaac_ros_nitros/isaac_ros_nitros_bridge/resources) by extensions ['python_setup_py']
[0.258s] [34mcolcon.colcon_core.package_identification[0m [1;30mLevel 1[0m _identify(src/isaac_ros_nitros/isaac_ros_nitros_bridge/resources) by extension 'python_setup_py'
[0.258s] [34mcolcon.colcon_core.package_identification[0m [1;30mLevel 1[0m _identify(src/isaac_ros_nitros/isaac_ros_nitros_bridge/resources/quickstart.bag) by extensions ['ignore', 'ignore_ament_install']
[0.258s] [34mcolcon.colcon_core.package_identification[0m [1;30mLevel 1[0m _identify(src/isaac_ros_nitros/isaac_ros_nitros_bridge/resources/quickstart.bag) by extension 'ignore'
[0.259s] [34mcolcon.colcon_core.package_identification[0m [1;30mLevel 1[0m _identify(src/isaac_ros_nitros/isaac_ros_nitros_bridge/resources/quickstart.bag) by extension 'ignore_ament_install'
[0.259s] [34mcolcon.colcon_core.package_identification[0m [1;30mLevel 1[0m _identify(src/isaac_ros_nitros/isaac_ros_nitros_bridge/resources/quickstart.bag) by extensions ['colcon_pkg']
[0.259s] [34mcolcon.colcon_core.package_identification[0m [1;30mLevel 1[0m _identify(src/isaac_ros_nitros/isaac_ros_nitros_bridge/resources/quickstart.bag) by extension 'colcon_pkg'
[0.259s] [34mcolcon.colcon_core.package_identification[0m [1;30mLevel 1[0m _identify(src/isaac_ros_nitros/isaac_ros_nitros_bridge/resources/quickstart.bag) by extensions ['colcon_meta']
[0.259s] [34mcolcon.colcon_core.package_identification[0m [1;30mLevel 1[0m _identify(src/isaac_ros_nitros/isaac_ros_nitros_bridge/resources/quickstart.bag) by extension 'colcon_meta'
[0.259s] [34mcolcon.colcon_core.package_identification[0m [1;30mLevel 1[0m _identify(src/isaac_ros_nitros/isaac_ros_nitros_bridge/resources/quickstart.bag) by extensions ['ros']
[0.259s] [34mcolcon.colcon_core.package_identification[0m [1;30mLevel 1[0m _identify(src/isaac_ros_nitros/isaac_ros_nitros_bridge/resources/quickstart.bag) by extension 'ros'
[0.259s] [34mcolcon.colcon_core.package_identification[0m [1;30mLevel 1[0m _identify(src/isaac_ros_nitros/isaac_ros_nitros_bridge/resources/quickstart.bag) by extensions ['cmake', 'python']
[0.259s] [34mcolcon.colcon_core.package_identification[0m [1;30mLevel 1[0m _identify(src/isaac_ros_nitros/isaac_ros_nitros_bridge/resources/quickstart.bag) by extension 'cmake'
[0.259s] [34mcolcon.colcon_core.package_identification[0m [1;30mLevel 1[0m _identify(src/isaac_ros_nitros/isaac_ros_nitros_bridge/resources/quickstart.bag) by extension 'python'
[0.259s] [34mcolcon.colcon_core.package_identification[0m [1;30mLevel 1[0m _identify(src/isaac_ros_nitros/isaac_ros_nitros_bridge/resources/quickstart.bag) by extensions ['python_setup_py']
[0.259s] [34mcolcon.colcon_core.package_identification[0m [1;30mLevel 1[0m _identify(src/isaac_ros_nitros/isaac_ros_nitros_bridge/resources/quickstart.bag) by extension 'python_setup_py'
[0.259s] [34mcolcon.colcon_core.package_identification[0m [1;30mLevel 1[0m _identify(src/isaac_ros_nitros/isaac_ros_nitros_bridge/ros1) by extensions ['ignore', 'ignore_ament_install']
[0.259s] [34mcolcon.colcon_core.package_identification[0m [1;30mLevel 1[0m _identify(src/isaac_ros_nitros/isaac_ros_nitros_bridge/ros1) by extension 'ignore'
[0.259s] [34mcolcon.colcon_core.package_identification[0m [1;30mLevel 1[0m _identify(src/isaac_ros_nitros/isaac_ros_nitros_bridge/ros1) ignored
[0.259s] [34mcolcon.colcon_core.package_identification[0m [1;30mLevel 1[0m _identify(src/isaac_ros_nitros/isaac_ros_nitros_bridge/scripts) by extensions ['ignore', 'ignore_ament_install']
[0.259s] [34mcolcon.colcon_core.package_identification[0m [1;30mLevel 1[0m _identify(src/isaac_ros_nitros/isaac_ros_nitros_bridge/scripts) by extension 'ignore'
[0.259s] [34mcolcon.colcon_core.package_identification[0m [1;30mLevel 1[0m _identify(src/isaac_ros_nitros/isaac_ros_nitros_bridge/scripts) by extension 'ignore_ament_install'
[0.259s] [34mcolcon.colcon_core.package_identification[0m [1;30mLevel 1[0m _identify(src/isaac_ros_nitros/isaac_ros_nitros_bridge/scripts) by extensions ['colcon_pkg']
[0.259s] [34mcolcon.colcon_core.package_identification[0m [1;30mLevel 1[0m _identify(src/isaac_ros_nitros/isaac_ros_nitros_bridge/scripts) by extension 'colcon_pkg'
[0.259s] [34mcolcon.colcon_core.package_identification[0m [1;30mLevel 1[0m _identify(src/isaac_ros_nitros/isaac_ros_nitros_bridge/scripts) by extensions ['colcon_meta']
[0.259s] [34mcolcon.colcon_core.package_identification[0m [1;30mLevel 1[0m _identify(src/isaac_ros_nitros/isaac_ros_nitros_bridge/scripts) by extension 'colcon_meta'
[0.259s] [34mcolcon.colcon_core.package_identification[0m [1;30mLevel 1[0m _identify(src/isaac_ros_nitros/isaac_ros_nitros_bridge/scripts) by extensions ['ros']
[0.259s] [34mcolcon.colcon_core.package_identification[0m [1;30mLevel 1[0m _identify(src/isaac_ros_nitros/isaac_ros_nitros_bridge/scripts) by extension 'ros'
[0.259s] [34mcolcon.colcon_core.package_identification[0m [1;30mLevel 1[0m _identify(src/isaac_ros_nitros/isaac_ros_nitros_bridge/scripts) by extensions ['cmake', 'python']
[0.259s] [34mcolcon.colcon_core.package_identification[0m [1;30mLevel 1[0m _identify(src/isaac_ros_nitros/isaac_ros_nitros_bridge/scripts) by extension 'cmake'
[0.259s] [34mcolcon.colcon_core.package_identification[0m [1;30mLevel 1[0m _identify(src/isaac_ros_nitros/isaac_ros_nitros_bridge/scripts) by extension 'python'
[0.259s] [34mcolcon.colcon_core.package_identification[0m [1;30mLevel 1[0m _identify(src/isaac_ros_nitros/isaac_ros_nitros_bridge/scripts) by extensions ['python_setup_py']
[0.259s] [34mcolcon.colcon_core.package_identification[0m [1;30mLevel 1[0m _identify(src/isaac_ros_nitros/isaac_ros_nitros_bridge/scripts) by extension 'python_setup_py'
[0.259s] [34mcolcon.colcon_core.package_identification[0m [1;30mLevel 1[0m _identify(src/isaac_ros_nitros/isaac_ros_nitros_topic_tools) by extensions ['ignore', 'ignore_ament_install']
[0.259s] [34mcolcon.colcon_core.package_identification[0m [1;30mLevel 1[0m _identify(src/isaac_ros_nitros/isaac_ros_nitros_topic_tools) by extension 'ignore'
[0.259s] [34mcolcon.colcon_core.package_identification[0m [1;30mLevel 1[0m _identify(src/isaac_ros_nitros/isaac_ros_nitros_topic_tools) by extension 'ignore_ament_install'
[0.259s] [34mcolcon.colcon_core.package_identification[0m [1;30mLevel 1[0m _identify(src/isaac_ros_nitros/isaac_ros_nitros_topic_tools) by extensions ['colcon_pkg']
[0.259s] [34mcolcon.colcon_core.package_identification[0m [1;30mLevel 1[0m _identify(src/isaac_ros_nitros/isaac_ros_nitros_topic_tools) by extension 'colcon_pkg'
[0.259s] [34mcolcon.colcon_core.package_identification[0m [1;30mLevel 1[0m _identify(src/isaac_ros_nitros/isaac_ros_nitros_topic_tools) by extensions ['colcon_meta']
[0.259s] [34mcolcon.colcon_core.package_identification[0m [1;30mLevel 1[0m _identify(src/isaac_ros_nitros/isaac_ros_nitros_topic_tools) by extension 'colcon_meta'
[0.259s] [34mcolcon.colcon_core.package_identification[0m [1;30mLevel 1[0m _identify(src/isaac_ros_nitros/isaac_ros_nitros_topic_tools) by extensions ['ros']
[0.259s] [34mcolcon.colcon_core.package_identification[0m [1;30mLevel 1[0m _identify(src/isaac_ros_nitros/isaac_ros_nitros_topic_tools) by extension 'ros'
[0.260s] [34mcolcon.colcon_core.package_identification[0m [1;30mDEBUG[0m [32mPackage 'src/isaac_ros_nitros/isaac_ros_nitros_topic_tools' with type 'ros.ament_cmake' and name 'isaac_ros_nitros_topic_tools'[0m
[0.260s] [34mcolcon.colcon_core.package_identification[0m [1;30mLevel 1[0m _identify(src/isaac_ros_nitros/isaac_ros_nitros_type) by extensions ['ignore', 'ignore_ament_install']
[0.260s] [34mcolcon.colcon_core.package_identification[0m [1;30mLevel 1[0m _identify(src/isaac_ros_nitros/isaac_ros_nitros_type) by extension 'ignore'
[0.260s] [34mcolcon.colcon_core.package_identification[0m [1;30mLevel 1[0m _identify(src/isaac_ros_nitros/isaac_ros_nitros_type) by extension 'ignore_ament_install'
[0.260s] [34mcolcon.colcon_core.package_identification[0m [1;30mLevel 1[0m _identify(src/isaac_ros_nitros/isaac_ros_nitros_type) by extensions ['colcon_pkg']
[0.260s] [34mcolcon.colcon_core.package_identification[0m [1;30mLevel 1[0m _identify(src/isaac_ros_nitros/isaac_ros_nitros_type) by extension 'colcon_pkg'
[0.260s] [34mcolcon.colcon_core.package_identification[0m [1;30mLevel 1[0m _identify(src/isaac_ros_nitros/isaac_ros_nitros_type) by extensions ['colcon_meta']
[0.260s] [34mcolcon.colcon_core.package_identification[0m [1;30mLevel 1[0m _identify(src/isaac_ros_nitros/isaac_ros_nitros_type) by extension 'colcon_meta'
[0.260s] [34mcolcon.colcon_core.package_identification[0m [1;30mLevel 1[0m _identify(src/isaac_ros_nitros/isaac_ros_nitros_type) by extensions ['ros']
[0.260s] [34mcolcon.colcon_core.package_identification[0m [1;30mLevel 1[0m _identify(src/isaac_ros_nitros/isaac_ros_nitros_type) by extension 'ros'
[0.260s] [34mcolcon.colcon_core.package_identification[0m [1;30mLevel 1[0m _identify(src/isaac_ros_nitros/isaac_ros_nitros_type) by extensions ['cmake', 'python']
[0.260s] [34mcolcon.colcon_core.package_identification[0m [1;30mLevel 1[0m _identify(src/isaac_ros_nitros/isaac_ros_nitros_type) by extension 'cmake'
[0.260s] [34mcolcon.colcon_core.package_identification[0m [1;30mLevel 1[0m _identify(src/isaac_ros_nitros/isaac_ros_nitros_type) by extension 'python'
[0.260s] [34mcolcon.colcon_core.package_identification[0m [1;30mLevel 1[0m _identify(src/isaac_ros_nitros/isaac_ros_nitros_type) by extensions ['python_setup_py']
[0.260s] [34mcolcon.colcon_core.package_identification[0m [1;30mLevel 1[0m _identify(src/isaac_ros_nitros/isaac_ros_nitros_type) by extension 'python_setup_py'
[0.260s] [34mcolcon.colcon_core.package_identification[0m [1;30mLevel 1[0m _identify(src/isaac_ros_nitros/isaac_ros_nitros_type/isaac_ros_nitros_battery_state_type) by extensions ['ignore', 'ignore_ament_install']
[0.260s] [34mcolcon.colcon_core.package_identification[0m [1;30mLevel 1[0m _identify(src/isaac_ros_nitros/isaac_ros_nitros_type/isaac_ros_nitros_battery_state_type) by extension 'ignore'
[0.260s] [34mcolcon.colcon_core.package_identification[0m [1;30mLevel 1[0m _identify(src/isaac_ros_nitros/isaac_ros_nitros_type/isaac_ros_nitros_battery_state_type) by extension 'ignore_ament_install'
[0.260s] [34mcolcon.colcon_core.package_identification[0m [1;30mLevel 1[0m _identify(src/isaac_ros_nitros/isaac_ros_nitros_type/isaac_ros_nitros_battery_state_type) by extensions ['colcon_pkg']
[0.260s] [34mcolcon.colcon_core.package_identification[0m [1;30mLevel 1[0m _identify(src/isaac_ros_nitros/isaac_ros_nitros_type/isaac_ros_nitros_battery_state_type) by extension 'colcon_pkg'
[0.260s] [34mcolcon.colcon_core.package_identification[0m [1;30mLevel 1[0m _identify(src/isaac_ros_nitros/isaac_ros_nitros_type/isaac_ros_nitros_battery_state_type) by extensions ['colcon_meta']
[0.260s] [34mcolcon.colcon_core.package_identification[0m [1;30mLevel 1[0m _identify(src/isaac_ros_nitros/isaac_ros_nitros_type/isaac_ros_nitros_battery_state_type) by extension 'colcon_meta'
[0.261s] [34mcolcon.colcon_core.package_identification[0m [1;30mLevel 1[0m _identify(src/isaac_ros_nitros/isaac_ros_nitros_type/isaac_ros_nitros_battery_state_type) by extensions ['ros']
[0.261s] [34mcolcon.colcon_core.package_identification[0m [1;30mLevel 1[0m _identify(src/isaac_ros_nitros/isaac_ros_nitros_type/isaac_ros_nitros_battery_state_type) by extension 'ros'
[0.261s] [34mcolcon.colcon_core.package_identification[0m [1;30mDEBUG[0m [32mPackage 'src/isaac_ros_nitros/isaac_ros_nitros_type/isaac_ros_nitros_battery_state_type' with type 'ros.ament_cmake' and name 'isaac_ros_nitros_battery_state_type'[0m
[0.261s] [34mcolcon.colcon_core.package_identification[0m [1;30mLevel 1[0m _identify(src/isaac_ros_nitros/isaac_ros_nitros_type/isaac_ros_nitros_camera_info_type) by extensions ['ignore', 'ignore_ament_install']
[0.261s] [34mcolcon.colcon_core.package_identification[0m [1;30mLevel 1[0m _identify(src/isaac_ros_nitros/isaac_ros_nitros_type/isaac_ros_nitros_camera_info_type) by extension 'ignore'
[0.261s] [34mcolcon.colcon_core.package_identification[0m [1;30mLevel 1[0m _identify(src/isaac_ros_nitros/isaac_ros_nitros_type/isaac_ros_nitros_camera_info_type) by extension 'ignore_ament_install'
[0.261s] [34mcolcon.colcon_core.package_identification[0m [1;30mLevel 1[0m _identify(src/isaac_ros_nitros/isaac_ros_nitros_type/isaac_ros_nitros_camera_info_type) by extensions ['colcon_pkg']
[0.261s] [34mcolcon.colcon_core.package_identification[0m [1;30mLevel 1[0m _identify(src/isaac_ros_nitros/isaac_ros_nitros_type/isaac_ros_nitros_camera_info_type) by extension 'colcon_pkg'
[0.261s] [34mcolcon.colcon_core.package_identification[0m [1;30mLevel 1[0m _identify(src/isaac_ros_nitros/isaac_ros_nitros_type/isaac_ros_nitros_camera_info_type) by extensions ['colcon_meta']
[0.261s] [34mcolcon.colcon_core.package_identification[0m [1;30mLevel 1[0m _identify(src/isaac_ros_nitros/isaac_ros_nitros_type/isaac_ros_nitros_camera_info_type) by extension 'colcon_meta'
[0.261s] [34mcolcon.colcon_core.package_identification[0m [1;30mLevel 1[0m _identify(src/isaac_ros_nitros/isaac_ros_nitros_type/isaac_ros_nitros_camera_info_type) by extensions ['ros']
[0.261s] [34mcolcon.colcon_core.package_identification[0m [1;30mLevel 1[0m _identify(src/isaac_ros_nitros/isaac_ros_nitros_type/isaac_ros_nitros_camera_info_type) by extension 'ros'
[0.262s] [34mcolcon.colcon_core.package_identification[0m [1;30mDEBUG[0m [32mPackage 'src/isaac_ros_nitros/isaac_ros_nitros_type/isaac_ros_nitros_camera_info_type' with type 'ros.ament_cmake' and name 'isaac_ros_nitros_camera_info_type'[0m
[0.262s] [34mcolcon.colcon_core.package_identification[0m [1;30mLevel 1[0m _identify(src/isaac_ros_nitros/isaac_ros_nitros_type/isaac_ros_nitros_compressed_image_type) by extensions ['ignore', 'ignore_ament_install']
[0.262s] [34mcolcon.colcon_core.package_identification[0m [1;30mLevel 1[0m _identify(src/isaac_ros_nitros/isaac_ros_nitros_type/isaac_ros_nitros_compressed_image_type) by extension 'ignore'
[0.262s] [34mcolcon.colcon_core.package_identification[0m [1;30mLevel 1[0m _identify(src/isaac_ros_nitros/isaac_ros_nitros_type/isaac_ros_nitros_compressed_image_type) by extension 'ignore_ament_install'
[0.262s] [34mcolcon.colcon_core.package_identification[0m [1;30mLevel 1[0m _identify(src/isaac_ros_nitros/isaac_ros_nitros_type/isaac_ros_nitros_compressed_image_type) by extensions ['colcon_pkg']
[0.262s] [34mcolcon.colcon_core.package_identification[0m [1;30mLevel 1[0m _identify(src/isaac_ros_nitros/isaac_ros_nitros_type/isaac_ros_nitros_compressed_image_type) by extension 'colcon_pkg'
[0.262s] [34mcolcon.colcon_core.package_identification[0m [1;30mLevel 1[0m _identify(src/isaac_ros_nitros/isaac_ros_nitros_type/isaac_ros_nitros_compressed_image_type) by extensions ['colcon_meta']
[0.262s] [34mcolcon.colcon_core.package_identification[0m [1;30mLevel 1[0m _identify(src/isaac_ros_nitros/isaac_ros_nitros_type/isaac_ros_nitros_compressed_image_type) by extension 'colcon_meta'
[0.262s] [34mcolcon.colcon_core.package_identification[0m [1;30mLevel 1[0m _identify(src/isaac_ros_nitros/isaac_ros_nitros_type/isaac_ros_nitros_compressed_image_type) by extensions ['ros']
[0.262s] [34mcolcon.colcon_core.package_identification[0m [1;30mLevel 1[0m _identify(src/isaac_ros_nitros/isaac_ros_nitros_type/isaac_ros_nitros_compressed_image_type) by extension 'ros'
[0.262s] [34mcolcon.colcon_core.package_identification[0m [1;30mDEBUG[0m [32mPackage 'src/isaac_ros_nitros/isaac_ros_nitros_type/isaac_ros_nitros_compressed_image_type' with type 'ros.ament_cmake' and name 'isaac_ros_nitros_compressed_image_type'[0m
[0.262s] [34mcolcon.colcon_core.package_identification[0m [1;30mLevel 1[0m _identify(src/isaac_ros_nitros/isaac_ros_nitros_type/isaac_ros_nitros_compressed_video_type) by extensions ['ignore', 'ignore_ament_install']
[0.263s] [34mcolcon.colcon_core.package_identification[0m [1;30mLevel 1[0m _identify(src/isaac_ros_nitros/isaac_ros_nitros_type/isaac_ros_nitros_compressed_video_type) by extension 'ignore'
[0.263s] [34mcolcon.colcon_core.package_identification[0m [1;30mLevel 1[0m _identify(src/isaac_ros_nitros/isaac_ros_nitros_type/isaac_ros_nitros_compressed_video_type) by extension 'ignore_ament_install'
[0.263s] [34mcolcon.colcon_core.package_identification[0m [1;30mLevel 1[0m _identify(src/isaac_ros_nitros/isaac_ros_nitros_type/isaac_ros_nitros_compressed_video_type) by extensions ['colcon_pkg']
[0.263s] [34mcolcon.colcon_core.package_identification[0m [1;30mLevel 1[0m _identify(src/isaac_ros_nitros/isaac_ros_nitros_type/isaac_ros_nitros_compressed_video_type) by extension 'colcon_pkg'
[0.263s] [34mcolcon.colcon_core.package_identification[0m [1;30mLevel 1[0m _identify(src/isaac_ros_nitros/isaac_ros_nitros_type/isaac_ros_nitros_compressed_video_type) by extensions ['colcon_meta']
[0.263s] [34mcolcon.colcon_core.package_identification[0m [1;30mLevel 1[0m _identify(src/isaac_ros_nitros/isaac_ros_nitros_type/isaac_ros_nitros_compressed_video_type) by extension 'colcon_meta'
[0.263s] [34mcolcon.colcon_core.package_identification[0m [1;30mLevel 1[0m _identify(src/isaac_ros_nitros/isaac_ros_nitros_type/isaac_ros_nitros_compressed_video_type) by extensions ['ros']
[0.263s] [34mcolcon.colcon_core.package_identification[0m [1;30mLevel 1[0m _identify(src/isaac_ros_nitros/isaac_ros_nitros_type/isaac_ros_nitros_compressed_video_type) by extension 'ros'
[0.263s] [34mcolcon.colcon_core.package_identification[0m [1;30mDEBUG[0m [32mPackage 'src/isaac_ros_nitros/isaac_ros_nitros_type/isaac_ros_nitros_compressed_video_type' with type 'ros.ament_cmake' and name 'isaac_ros_nitros_compressed_video_type'[0m
[0.263s] [34mcolcon.colcon_core.package_identification[0m [1;30mLevel 1[0m _identify(src/isaac_ros_nitros/isaac_ros_nitros_type/isaac_ros_nitros_correlated_timestamp_type) by extensions ['ignore', 'ignore_ament_install']
[0.263s] [34mcolcon.colcon_core.package_identification[0m [1;30mLevel 1[0m _identify(src/isaac_ros_nitros/isaac_ros_nitros_type/isaac_ros_nitros_correlated_timestamp_type) by extension 'ignore'
[0.263s] [34mcolcon.colcon_core.package_identification[0m [1;30mLevel 1[0m _identify(src/isaac_ros_nitros/isaac_ros_nitros_type/isaac_ros_nitros_correlated_timestamp_type) by extension 'ignore_ament_install'
[0.263s] [34mcolcon.colcon_core.package_identification[0m [1;30mLevel 1[0m _identify(src/isaac_ros_nitros/isaac_ros_nitros_type/isaac_ros_nitros_correlated_timestamp_type) by extensions ['colcon_pkg']
[0.263s] [34mcolcon.colcon_core.package_identification[0m [1;30mLevel 1[0m _identify(src/isaac_ros_nitros/isaac_ros_nitros_type/isaac_ros_nitros_correlated_timestamp_type) by extension 'colcon_pkg'
[0.263s] [34mcolcon.colcon_core.package_identification[0m [1;30mLevel 1[0m _identify(src/isaac_ros_nitros/isaac_ros_nitros_type/isaac_ros_nitros_correlated_timestamp_type) by extensions ['colcon_meta']
[0.263s] [34mcolcon.colcon_core.package_identification[0m [1;30mLevel 1[0m _identify(src/isaac_ros_nitros/isaac_ros_nitros_type/isaac_ros_nitros_correlated_timestamp_type) by extension 'colcon_meta'
[0.263s] [34mcolcon.colcon_core.package_identification[0m [1;30mLevel 1[0m _identify(src/isaac_ros_nitros/isaac_ros_nitros_type/isaac_ros_nitros_correlated_timestamp_type) by extensions ['ros']
[0.263s] [34mcolcon.colcon_core.package_identification[0m [1;30mLevel 1[0m _identify(src/isaac_ros_nitros/isaac_ros_nitros_type/isaac_ros_nitros_correlated_timestamp_type) by extension 'ros'
[0.264s] [34mcolcon.colcon_core.package_identification[0m [1;30mDEBUG[0m [32mPackage 'src/isaac_ros_nitros/isaac_ros_nitros_type/isaac_ros_nitros_correlated_timestamp_type' with type 'ros.ament_cmake' and name 'isaac_ros_nitros_correlated_timestamp_type'[0m
[0.264s] [34mcolcon.colcon_core.package_identification[0m [1;30mLevel 1[0m _identify(src/isaac_ros_nitros/isaac_ros_nitros_type/isaac_ros_nitros_detection2_d_array_type) by extensions ['ignore', 'ignore_ament_install']
[0.264s] [34mcolcon.colcon_core.package_identification[0m [1;30mLevel 1[0m _identify(src/isaac_ros_nitros/isaac_ros_nitros_type/isaac_ros_nitros_detection2_d_array_type) by extension 'ignore'
[0.264s] [34mcolcon.colcon_core.package_identification[0m [1;30mLevel 1[0m _identify(src/isaac_ros_nitros/isaac_ros_nitros_type/isaac_ros_nitros_detection2_d_array_type) by extension 'ignore_ament_install'
[0.264s] [34mcolcon.colcon_core.package_identification[0m [1;30mLevel 1[0m _identify(src/isaac_ros_nitros/isaac_ros_nitros_type/isaac_ros_nitros_detection2_d_array_type) by extensions ['colcon_pkg']
[0.264s] [34mcolcon.colcon_core.package_identification[0m [1;30mLevel 1[0m _identify(src/isaac_ros_nitros/isaac_ros_nitros_type/isaac_ros_nitros_detection2_d_array_type) by extension 'colcon_pkg'
[0.264s] [34mcolcon.colcon_core.package_identification[0m [1;30mLevel 1[0m _identify(src/isaac_ros_nitros/isaac_ros_nitros_type/isaac_ros_nitros_detection2_d_array_type) by extensions ['colcon_meta']
[0.264s] [34mcolcon.colcon_core.package_identification[0m [1;30mLevel 1[0m _identify(src/isaac_ros_nitros/isaac_ros_nitros_type/isaac_ros_nitros_detection2_d_array_type) by extension 'colcon_meta'
[0.264s] [34mcolcon.colcon_core.package_identification[0m [1;30mLevel 1[0m _identify(src/isaac_ros_nitros/isaac_ros_nitros_type/isaac_ros_nitros_detection2_d_array_type) by extensions ['ros']
[0.264s] [34mcolcon.colcon_core.package_identification[0m [1;30mLevel 1[0m _identify(src/isaac_ros_nitros/isaac_ros_nitros_type/isaac_ros_nitros_detection2_d_array_type) by extension 'ros'
[0.265s] [34mcolcon.colcon_core.package_identification[0m [1;30mDEBUG[0m [32mPackage 'src/isaac_ros_nitros/isaac_ros_nitros_type/isaac_ros_nitros_detection2_d_array_type' with type 'ros.ament_cmake' and name 'isaac_ros_nitros_detection2_d_array_type'[0m
[0.265s] [34mcolcon.colcon_core.package_identification[0m [1;30mLevel 1[0m _identify(src/isaac_ros_nitros/isaac_ros_nitros_type/isaac_ros_nitros_detection3_d_array_type) by extensions ['ignore', 'ignore_ament_install']
[0.265s] [34mcolcon.colcon_core.package_identification[0m [1;30mLevel 1[0m _identify(src/isaac_ros_nitros/isaac_ros_nitros_type/isaac_ros_nitros_detection3_d_array_type) by extension 'ignore'
[0.265s] [34mcolcon.colcon_core.package_identification[0m [1;30mLevel 1[0m _identify(src/isaac_ros_nitros/isaac_ros_nitros_type/isaac_ros_nitros_detection3_d_array_type) by extension 'ignore_ament_install'
[0.265s] [34mcolcon.colcon_core.package_identification[0m [1;30mLevel 1[0m _identify(src/isaac_ros_nitros/isaac_ros_nitros_type/isaac_ros_nitros_detection3_d_array_type) by extensions ['colcon_pkg']
[0.265s] [34mcolcon.colcon_core.package_identification[0m [1;30mLevel 1[0m _identify(src/isaac_ros_nitros/isaac_ros_nitros_type/isaac_ros_nitros_detection3_d_array_type) by extension 'colcon_pkg'
[0.265s] [34mcolcon.colcon_core.package_identification[0m [1;30mLevel 1[0m _identify(src/isaac_ros_nitros/isaac_ros_nitros_type/isaac_ros_nitros_detection3_d_array_type) by extensions ['colcon_meta']
[0.265s] [34mcolcon.colcon_core.package_identification[0m [1;30mLevel 1[0m _identify(src/isaac_ros_nitros/isaac_ros_nitros_type/isaac_ros_nitros_detection3_d_array_type) by extension 'colcon_meta'
[0.265s] [34mcolcon.colcon_core.package_identification[0m [1;30mLevel 1[0m _identify(src/isaac_ros_nitros/isaac_ros_nitros_type/isaac_ros_nitros_detection3_d_array_type) by extensions ['ros']
[0.265s] [34mcolcon.colcon_core.package_identification[0m [1;30mLevel 1[0m _identify(src/isaac_ros_nitros/isaac_ros_nitros_type/isaac_ros_nitros_detection3_d_array_type) by extension 'ros'
[0.265s] [34mcolcon.colcon_core.package_identification[0m [1;30mDEBUG[0m [32mPackage 'src/isaac_ros_nitros/isaac_ros_nitros_type/isaac_ros_nitros_detection3_d_array_type' with type 'ros.ament_cmake' and name 'isaac_ros_nitros_detection3_d_array_type'[0m
[0.265s] [34mcolcon.colcon_core.package_identification[0m [1;30mLevel 1[0m _identify(src/isaac_ros_nitros/isaac_ros_nitros_type/isaac_ros_nitros_disparity_image_type) by extensions ['ignore', 'ignore_ament_install']
[0.265s] [34mcolcon.colcon_core.package_identification[0m [1;30mLevel 1[0m _identify(src/isaac_ros_nitros/isaac_ros_nitros_type/isaac_ros_nitros_disparity_image_type) by extension 'ignore'
[0.265s] [34mcolcon.colcon_core.package_identification[0m [1;30mLevel 1[0m _identify(src/isaac_ros_nitros/isaac_ros_nitros_type/isaac_ros_nitros_disparity_image_type) by extension 'ignore_ament_install'
[0.265s] [34mcolcon.colcon_core.package_identification[0m [1;30mLevel 1[0m _identify(src/isaac_ros_nitros/isaac_ros_nitros_type/isaac_ros_nitros_disparity_image_type) by extensions ['colcon_pkg']
[0.265s] [34mcolcon.colcon_core.package_identification[0m [1;30mLevel 1[0m _identify(src/isaac_ros_nitros/isaac_ros_nitros_type/isaac_ros_nitros_disparity_image_type) by extension 'colcon_pkg'
[0.265s] [34mcolcon.colcon_core.package_identification[0m [1;30mLevel 1[0m _identify(src/isaac_ros_nitros/isaac_ros_nitros_type/isaac_ros_nitros_disparity_image_type) by extensions ['colcon_meta']
[0.265s] [34mcolcon.colcon_core.package_identification[0m [1;30mLevel 1[0m _identify(src/isaac_ros_nitros/isaac_ros_nitros_type/isaac_ros_nitros_disparity_image_type) by extension 'colcon_meta'
[0.266s] [34mcolcon.colcon_core.package_identification[0m [1;30mLevel 1[0m _identify(src/isaac_ros_nitros/isaac_ros_nitros_type/isaac_ros_nitros_disparity_image_type) by extensions ['ros']
[0.266s] [34mcolcon.colcon_core.package_identification[0m [1;30mLevel 1[0m _identify(src/isaac_ros_nitros/isaac_ros_nitros_type/isaac_ros_nitros_disparity_image_type) by extension 'ros'
[0.266s] [34mcolcon.colcon_core.package_identification[0m [1;30mDEBUG[0m [32mPackage 'src/isaac_ros_nitros/isaac_ros_nitros_type/isaac_ros_nitros_disparity_image_type' with type 'ros.ament_cmake' and name 'isaac_ros_nitros_disparity_image_type'[0m
[0.266s] [34mcolcon.colcon_core.package_identification[0m [1;30mLevel 1[0m _identify(src/isaac_ros_nitros/isaac_ros_nitros_type/isaac_ros_nitros_encoder_ticks_type) by extensions ['ignore', 'ignore_ament_install']
[0.266s] [34mcolcon.colcon_core.package_identification[0m [1;30mLevel 1[0m _identify(src/isaac_ros_nitros/isaac_ros_nitros_type/isaac_ros_nitros_encoder_ticks_type) by extension 'ignore'
[0.266s] [34mcolcon.colcon_core.package_identification[0m [1;30mLevel 1[0m _identify(src/isaac_ros_nitros/isaac_ros_nitros_type/isaac_ros_nitros_encoder_ticks_type) by extension 'ignore_ament_install'
[0.266s] [34mcolcon.colcon_core.package_identification[0m [1;30mLevel 1[0m _identify(src/isaac_ros_nitros/isaac_ros_nitros_type/isaac_ros_nitros_encoder_ticks_type) by extensions ['colcon_pkg']
[0.266s] [34mcolcon.colcon_core.package_identification[0m [1;30mLevel 1[0m _identify(src/isaac_ros_nitros/isaac_ros_nitros_type/isaac_ros_nitros_encoder_ticks_type) by extension 'colcon_pkg'
[0.266s] [34mcolcon.colcon_core.package_identification[0m [1;30mLevel 1[0m _identify(src/isaac_ros_nitros/isaac_ros_nitros_type/isaac_ros_nitros_encoder_ticks_type) by extensions ['colcon_meta']
[0.266s] [34mcolcon.colcon_core.package_identification[0m [1;30mLevel 1[0m _identify(src/isaac_ros_nitros/isaac_ros_nitros_type/isaac_ros_nitros_encoder_ticks_type) by extension 'colcon_meta'
[0.266s] [34mcolcon.colcon_core.package_identification[0m [1;30mLevel 1[0m _identify(src/isaac_ros_nitros/isaac_ros_nitros_type/isaac_ros_nitros_encoder_ticks_type) by extensions ['ros']
[0.266s] [34mcolcon.colcon_core.package_identification[0m [1;30mLevel 1[0m _identify(src/isaac_ros_nitros/isaac_ros_nitros_type/isaac_ros_nitros_encoder_ticks_type) by extension 'ros'
[0.267s] [34mcolcon.colcon_core.package_identification[0m [1;30mDEBUG[0m [32mPackage 'src/isaac_ros_nitros/isaac_ros_nitros_type/isaac_ros_nitros_encoder_ticks_type' with type 'ros.ament_cmake' and name 'isaac_ros_nitros_encoder_ticks_type'[0m
[0.267s] [34mcolcon.colcon_core.package_identification[0m [1;30mLevel 1[0m _identify(src/isaac_ros_nitros/isaac_ros_nitros_type/isaac_ros_nitros_flat_scan_type) by extensions ['ignore', 'ignore_ament_install']
[0.267s] [34mcolcon.colcon_core.package_identification[0m [1;30mLevel 1[0m _identify(src/isaac_ros_nitros/isaac_ros_nitros_type/isaac_ros_nitros_flat_scan_type) by extension 'ignore'
[0.267s] [34mcolcon.colcon_core.package_identification[0m [1;30mLevel 1[0m _identify(src/isaac_ros_nitros/isaac_ros_nitros_type/isaac_ros_nitros_flat_scan_type) by extension 'ignore_ament_install'
[0.267s] [34mcolcon.colcon_core.package_identification[0m [1;30mLevel 1[0m _identify(src/isaac_ros_nitros/isaac_ros_nitros_type/isaac_ros_nitros_flat_scan_type) by extensions ['colcon_pkg']
[0.267s] [34mcolcon.colcon_core.package_identification[0m [1;30mLevel 1[0m _identify(src/isaac_ros_nitros/isaac_ros_nitros_type/isaac_ros_nitros_flat_scan_type) by extension 'colcon_pkg'
[0.267s] [34mcolcon.colcon_core.package_identification[0m [1;30mLevel 1[0m _identify(src/isaac_ros_nitros/isaac_ros_nitros_type/isaac_ros_nitros_flat_scan_type) by extensions ['colcon_meta']
[0.267s] [34mcolcon.colcon_core.package_identification[0m [1;30mLevel 1[0m _identify(src/isaac_ros_nitros/isaac_ros_nitros_type/isaac_ros_nitros_flat_scan_type) by extension 'colcon_meta'
[0.267s] [34mcolcon.colcon_core.package_identification[0m [1;30mLevel 1[0m _identify(src/isaac_ros_nitros/isaac_ros_nitros_type/isaac_ros_nitros_flat_scan_type) by extensions ['ros']
[0.267s] [34mcolcon.colcon_core.package_identification[0m [1;30mLevel 1[0m _identify(src/isaac_ros_nitros/isaac_ros_nitros_type/isaac_ros_nitros_flat_scan_type) by extension 'ros'
[0.268s] [34mcolcon.colcon_core.package_identification[0m [1;30mDEBUG[0m [32mPackage 'src/isaac_ros_nitros/isaac_ros_nitros_type/isaac_ros_nitros_flat_scan_type' with type 'ros.ament_cmake' and name 'isaac_ros_nitros_flat_scan_type'[0m
[0.268s] [34mcolcon.colcon_core.package_identification[0m [1;30mLevel 1[0m _identify(src/isaac_ros_nitros/isaac_ros_nitros_type/isaac_ros_nitros_image_type) by extensions ['ignore', 'ignore_ament_install']
[0.268s] [34mcolcon.colcon_core.package_identification[0m [1;30mLevel 1[0m _identify(src/isaac_ros_nitros/isaac_ros_nitros_type/isaac_ros_nitros_image_type) by extension 'ignore'
[0.268s] [34mcolcon.colcon_core.package_identification[0m [1;30mLevel 1[0m _identify(src/isaac_ros_nitros/isaac_ros_nitros_type/isaac_ros_nitros_image_type) by extension 'ignore_ament_install'
[0.268s] [34mcolcon.colcon_core.package_identification[0m [1;30mLevel 1[0m _identify(src/isaac_ros_nitros/isaac_ros_nitros_type/isaac_ros_nitros_image_type) by extensions ['colcon_pkg']
[0.268s] [34mcolcon.colcon_core.package_identification[0m [1;30mLevel 1[0m _identify(src/isaac_ros_nitros/isaac_ros_nitros_type/isaac_ros_nitros_image_type) by extension 'colcon_pkg'
[0.268s] [34mcolcon.colcon_core.package_identification[0m [1;30mLevel 1[0m _identify(src/isaac_ros_nitros/isaac_ros_nitros_type/isaac_ros_nitros_image_type) by extensions ['colcon_meta']
[0.268s] [34mcolcon.colcon_core.package_identification[0m [1;30mLevel 1[0m _identify(src/isaac_ros_nitros/isaac_ros_nitros_type/isaac_ros_nitros_image_type) by extension 'colcon_meta'
[0.268s] [34mcolcon.colcon_core.package_identification[0m [1;30mLevel 1[0m _identify(src/isaac_ros_nitros/isaac_ros_nitros_type/isaac_ros_nitros_image_type) by extensions ['ros']
[0.268s] [34mcolcon.colcon_core.package_identification[0m [1;30mLevel 1[0m _identify(src/isaac_ros_nitros/isaac_ros_nitros_type/isaac_ros_nitros_image_type) by extension 'ros'
[0.268s] [34mcolcon.colcon_core.package_identification[0m [1;30mDEBUG[0m [32mPackage 'src/isaac_ros_nitros/isaac_ros_nitros_type/isaac_ros_nitros_image_type' with type 'ros.ament_cmake' and name 'isaac_ros_nitros_image_type'[0m
[0.268s] [34mcolcon.colcon_core.package_identification[0m [1;30mLevel 1[0m _identify(src/isaac_ros_nitros/isaac_ros_nitros_type/isaac_ros_nitros_imu_type) by extensions ['ignore', 'ignore_ament_install']
[0.268s] [34mcolcon.colcon_core.package_identification[0m [1;30mLevel 1[0m _identify(src/isaac_ros_nitros/isaac_ros_nitros_type/isaac_ros_nitros_imu_type) by extension 'ignore'
[0.268s] [34mcolcon.colcon_core.package_identification[0m [1;30mLevel 1[0m _identify(src/isaac_ros_nitros/isaac_ros_nitros_type/isaac_ros_nitros_imu_type) by extension 'ignore_ament_install'
[0.268s] [34mcolcon.colcon_core.package_identification[0m [1;30mLevel 1[0m _identify(src/isaac_ros_nitros/isaac_ros_nitros_type/isaac_ros_nitros_imu_type) by extensions ['colcon_pkg']
[0.268s] [34mcolcon.colcon_core.package_identification[0m [1;30mLevel 1[0m _identify(src/isaac_ros_nitros/isaac_ros_nitros_type/isaac_ros_nitros_imu_type) by extension 'colcon_pkg'
[0.268s] [34mcolcon.colcon_core.package_identification[0m [1;30mLevel 1[0m _identify(src/isaac_ros_nitros/isaac_ros_nitros_type/isaac_ros_nitros_imu_type) by extensions ['colcon_meta']
[0.268s] [34mcolcon.colcon_core.package_identification[0m [1;30mLevel 1[0m _identify(src/isaac_ros_nitros/isaac_ros_nitros_type/isaac_ros_nitros_imu_type) by extension 'colcon_meta'
[0.269s] [34mcolcon.colcon_core.package_identification[0m [1;30mLevel 1[0m _identify(src/isaac_ros_nitros/isaac_ros_nitros_type/isaac_ros_nitros_imu_type) by extensions ['ros']
[0.269s] [34mcolcon.colcon_core.package_identification[0m [1;30mLevel 1[0m _identify(src/isaac_ros_nitros/isaac_ros_nitros_type/isaac_ros_nitros_imu_type) by extension 'ros'
[0.269s] [34mcolcon.colcon_core.package_identification[0m [1;30mDEBUG[0m [32mPackage 'src/isaac_ros_nitros/isaac_ros_nitros_type/isaac_ros_nitros_imu_type' with type 'ros.ament_cmake' and name 'isaac_ros_nitros_imu_type'[0m
[0.269s] [34mcolcon.colcon_core.package_identification[0m [1;30mLevel 1[0m _identify(src/isaac_ros_nitros/isaac_ros_nitros_type/isaac_ros_nitros_occupancy_grid_type) by extensions ['ignore', 'ignore_ament_install']
[0.269s] [34mcolcon.colcon_core.package_identification[0m [1;30mLevel 1[0m _identify(src/isaac_ros_nitros/isaac_ros_nitros_type/isaac_ros_nitros_occupancy_grid_type) by extension 'ignore'
[0.269s] [34mcolcon.colcon_core.package_identification[0m [1;30mLevel 1[0m _identify(src/isaac_ros_nitros/isaac_ros_nitros_type/isaac_ros_nitros_occupancy_grid_type) by extension 'ignore_ament_install'
[0.269s] [34mcolcon.colcon_core.package_identification[0m [1;30mLevel 1[0m _identify(src/isaac_ros_nitros/isaac_ros_nitros_type/isaac_ros_nitros_occupancy_grid_type) by extensions ['colcon_pkg']
[0.269s] [34mcolcon.colcon_core.package_identification[0m [1;30mLevel 1[0m _identify(src/isaac_ros_nitros/isaac_ros_nitros_type/isaac_ros_nitros_occupancy_grid_type) by extension 'colcon_pkg'
[0.269s] [34mcolcon.colcon_core.package_identification[0m [1;30mLevel 1[0m _identify(src/isaac_ros_nitros/isaac_ros_nitros_type/isaac_ros_nitros_occupancy_grid_type) by extensions ['colcon_meta']
[0.269s] [34mcolcon.colcon_core.package_identification[0m [1;30mLevel 1[0m _identify(src/isaac_ros_nitros/isaac_ros_nitros_type/isaac_ros_nitros_occupancy_grid_type) by extension 'colcon_meta'
[0.269s] [34mcolcon.colcon_core.package_identification[0m [1;30mLevel 1[0m _identify(src/isaac_ros_nitros/isaac_ros_nitros_type/isaac_ros_nitros_occupancy_grid_type) by extensions ['ros']
[0.269s] [34mcolcon.colcon_core.package_identification[0m [1;30mLevel 1[0m _identify(src/isaac_ros_nitros/isaac_ros_nitros_type/isaac_ros_nitros_occupancy_grid_type) by extension 'ros'
[0.270s] [34mcolcon.colcon_core.package_identification[0m [1;30mDEBUG[0m [32mPackage 'src/isaac_ros_nitros/isaac_ros_nitros_type/isaac_ros_nitros_occupancy_grid_type' with type 'ros.ament_cmake' and name 'isaac_ros_nitros_occupancy_grid_type'[0m
[0.270s] [34mcolcon.colcon_core.package_identification[0m [1;30mLevel 1[0m _identify(src/isaac_ros_nitros/isaac_ros_nitros_type/isaac_ros_nitros_odometry_type) by extensions ['ignore', 'ignore_ament_install']
[0.270s] [34mcolcon.colcon_core.package_identification[0m [1;30mLevel 1[0m _identify(src/isaac_ros_nitros/isaac_ros_nitros_type/isaac_ros_nitros_odometry_type) by extension 'ignore'
[0.270s] [34mcolcon.colcon_core.package_identification[0m [1;30mLevel 1[0m _identify(src/isaac_ros_nitros/isaac_ros_nitros_type/isaac_ros_nitros_odometry_type) by extension 'ignore_ament_install'
[0.270s] [34mcolcon.colcon_core.package_identification[0m [1;30mLevel 1[0m _identify(src/isaac_ros_nitros/isaac_ros_nitros_type/isaac_ros_nitros_odometry_type) by extensions ['colcon_pkg']
[0.270s] [34mcolcon.colcon_core.package_identification[0m [1;30mLevel 1[0m _identify(src/isaac_ros_nitros/isaac_ros_nitros_type/isaac_ros_nitros_odometry_type) by extension 'colcon_pkg'
[0.270s] [34mcolcon.colcon_core.package_identification[0m [1;30mLevel 1[0m _identify(src/isaac_ros_nitros/isaac_ros_nitros_type/isaac_ros_nitros_odometry_type) by extensions ['colcon_meta']
[0.270s] [34mcolcon.colcon_core.package_identification[0m [1;30mLevel 1[0m _identify(src/isaac_ros_nitros/isaac_ros_nitros_type/isaac_ros_nitros_odometry_type) by extension 'colcon_meta'
[0.270s] [34mcolcon.colcon_core.package_identification[0m [1;30mLevel 1[0m _identify(src/isaac_ros_nitros/isaac_ros_nitros_type/isaac_ros_nitros_odometry_type) by extensions ['ros']
[0.270s] [34mcolcon.colcon_core.package_identification[0m [1;30mLevel 1[0m _identify(src/isaac_ros_nitros/isaac_ros_nitros_type/isaac_ros_nitros_odometry_type) by extension 'ros'
[0.271s] [34mcolcon.colcon_core.package_identification[0m [1;30mDEBUG[0m [32mPackage 'src/isaac_ros_nitros/isaac_ros_nitros_type/isaac_ros_nitros_odometry_type' with type 'ros.ament_cmake' and name 'isaac_ros_nitros_odometry_type'[0m
[0.271s] [34mcolcon.colcon_core.package_identification[0m [1;30mLevel 1[0m _identify(src/isaac_ros_nitros/isaac_ros_nitros_type/isaac_ros_nitros_point_cloud_type) by extensions ['ignore', 'ignore_ament_install']
[0.271s] [34mcolcon.colcon_core.package_identification[0m [1;30mLevel 1[0m _identify(src/isaac_ros_nitros/isaac_ros_nitros_type/isaac_ros_nitros_point_cloud_type) by extension 'ignore'
[0.271s] [34mcolcon.colcon_core.package_identification[0m [1;30mLevel 1[0m _identify(src/isaac_ros_nitros/isaac_ros_nitros_type/isaac_ros_nitros_point_cloud_type) by extension 'ignore_ament_install'
[0.271s] [34mcolcon.colcon_core.package_identification[0m [1;30mLevel 1[0m _identify(src/isaac_ros_nitros/isaac_ros_nitros_type/isaac_ros_nitros_point_cloud_type) by extensions ['colcon_pkg']
[0.271s] [34mcolcon.colcon_core.package_identification[0m [1;30mLevel 1[0m _identify(src/isaac_ros_nitros/isaac_ros_nitros_type/isaac_ros_nitros_point_cloud_type) by extension 'colcon_pkg'
[0.271s] [34mcolcon.colcon_core.package_identification[0m [1;30mLevel 1[0m _identify(src/isaac_ros_nitros/isaac_ros_nitros_type/isaac_ros_nitros_point_cloud_type) by extensions ['colcon_meta']
[0.271s] [34mcolcon.colcon_core.package_identification[0m [1;30mLevel 1[0m _identify(src/isaac_ros_nitros/isaac_ros_nitros_type/isaac_ros_nitros_point_cloud_type) by extension 'colcon_meta'
[0.271s] [34mcolcon.colcon_core.package_identification[0m [1;30mLevel 1[0m _identify(src/isaac_ros_nitros/isaac_ros_nitros_type/isaac_ros_nitros_point_cloud_type) by extensions ['ros']
[0.271s] [34mcolcon.colcon_core.package_identification[0m [1;30mLevel 1[0m _identify(src/isaac_ros_nitros/isaac_ros_nitros_type/isaac_ros_nitros_point_cloud_type) by extension 'ros'
[0.271s] [34mcolcon.colcon_core.package_identification[0m [1;30mDEBUG[0m [32mPackage 'src/isaac_ros_nitros/isaac_ros_nitros_type/isaac_ros_nitros_point_cloud_type' with type 'ros.ament_cmake' and name 'isaac_ros_nitros_point_cloud_type'[0m
[0.271s] [34mcolcon.colcon_core.package_identification[0m [1;30mLevel 1[0m _identify(src/isaac_ros_nitros/isaac_ros_nitros_type/isaac_ros_nitros_pose_array_type) by extensions ['ignore', 'ignore_ament_install']
[0.271s] [34mcolcon.colcon_core.package_identification[0m [1;30mLevel 1[0m _identify(src/isaac_ros_nitros/isaac_ros_nitros_type/isaac_ros_nitros_pose_array_type) by extension 'ignore'
[0.271s] [34mcolcon.colcon_core.package_identification[0m [1;30mLevel 1[0m _identify(src/isaac_ros_nitros/isaac_ros_nitros_type/isaac_ros_nitros_pose_array_type) by extension 'ignore_ament_install'
[0.271s] [34mcolcon.colcon_core.package_identification[0m [1;30mLevel 1[0m _identify(src/isaac_ros_nitros/isaac_ros_nitros_type/isaac_ros_nitros_pose_array_type) by extensions ['colcon_pkg']
[0.271s] [34mcolcon.colcon_core.package_identification[0m [1;30mLevel 1[0m _identify(src/isaac_ros_nitros/isaac_ros_nitros_type/isaac_ros_nitros_pose_array_type) by extension 'colcon_pkg'
[0.272s] [34mcolcon.colcon_core.package_identification[0m [1;30mLevel 1[0m _identify(src/isaac_ros_nitros/isaac_ros_nitros_type/isaac_ros_nitros_pose_array_type) by extensions ['colcon_meta']
[0.272s] [34mcolcon.colcon_core.package_identification[0m [1;30mLevel 1[0m _identify(src/isaac_ros_nitros/isaac_ros_nitros_type/isaac_ros_nitros_pose_array_type) by extension 'colcon_meta'
[0.272s] [34mcolcon.colcon_core.package_identification[0m [1;30mLevel 1[0m _identify(src/isaac_ros_nitros/isaac_ros_nitros_type/isaac_ros_nitros_pose_array_type) by extensions ['ros']
[0.272s] [34mcolcon.colcon_core.package_identification[0m [1;30mLevel 1[0m _identify(src/isaac_ros_nitros/isaac_ros_nitros_type/isaac_ros_nitros_pose_array_type) by extension 'ros'
[0.272s] [34mcolcon.colcon_core.package_identification[0m [1;30mDEBUG[0m [32mPackage 'src/isaac_ros_nitros/isaac_ros_nitros_type/isaac_ros_nitros_pose_array_type' with type 'ros.ament_cmake' and name 'isaac_ros_nitros_pose_array_type'[0m
[0.272s] [34mcolcon.colcon_core.package_identification[0m [1;30mLevel 1[0m _identify(src/isaac_ros_nitros/isaac_ros_nitros_type/isaac_ros_nitros_pose_cov_stamped_type) by extensions ['ignore', 'ignore_ament_install']
[0.272s] [34mcolcon.colcon_core.package_identification[0m [1;30mLevel 1[0m _identify(src/isaac_ros_nitros/isaac_ros_nitros_type/isaac_ros_nitros_pose_cov_stamped_type) by extension 'ignore'
[0.272s] [34mcolcon.colcon_core.package_identification[0m [1;30mLevel 1[0m _identify(src/isaac_ros_nitros/isaac_ros_nitros_type/isaac_ros_nitros_pose_cov_stamped_type) by extension 'ignore_ament_install'
[0.272s] [34mcolcon.colcon_core.package_identification[0m [1;30mLevel 1[0m _identify(src/isaac_ros_nitros/isaac_ros_nitros_type/isaac_ros_nitros_pose_cov_stamped_type) by extensions ['colcon_pkg']
[0.272s] [34mcolcon.colcon_core.package_identification[0m [1;30mLevel 1[0m _identify(src/isaac_ros_nitros/isaac_ros_nitros_type/isaac_ros_nitros_pose_cov_stamped_type) by extension 'colcon_pkg'
[0.272s] [34mcolcon.colcon_core.package_identification[0m [1;30mLevel 1[0m _identify(src/isaac_ros_nitros/isaac_ros_nitros_type/isaac_ros_nitros_pose_cov_stamped_type) by extensions ['colcon_meta']
[0.272s] [34mcolcon.colcon_core.package_identification[0m [1;30mLevel 1[0m _identify(src/isaac_ros_nitros/isaac_ros_nitros_type/isaac_ros_nitros_pose_cov_stamped_type) by extension 'colcon_meta'
[0.272s] [34mcolcon.colcon_core.package_identification[0m [1;30mLevel 1[0m _identify(src/isaac_ros_nitros/isaac_ros_nitros_type/isaac_ros_nitros_pose_cov_stamped_type) by extensions ['ros']
[0.272s] [34mcolcon.colcon_core.package_identification[0m [1;30mLevel 1[0m _identify(src/isaac_ros_nitros/isaac_ros_nitros_type/isaac_ros_nitros_pose_cov_stamped_type) by extension 'ros'
[0.273s] [34mcolcon.colcon_core.package_identification[0m [1;30mDEBUG[0m [32mPackage 'src/isaac_ros_nitros/isaac_ros_nitros_type/isaac_ros_nitros_pose_cov_stamped_type' with type 'ros.ament_cmake' and name 'isaac_ros_nitros_pose_cov_stamped_type'[0m
[0.273s] [34mcolcon.colcon_core.package_identification[0m [1;30mLevel 1[0m _identify(src/isaac_ros_nitros/isaac_ros_nitros_type/isaac_ros_nitros_std_msg_type) by extensions ['ignore', 'ignore_ament_install']
[0.273s] [34mcolcon.colcon_core.package_identification[0m [1;30mLevel 1[0m _identify(src/isaac_ros_nitros/isaac_ros_nitros_type/isaac_ros_nitros_std_msg_type) by extension 'ignore'
[0.273s] [34mcolcon.colcon_core.package_identification[0m [1;30mLevel 1[0m _identify(src/isaac_ros_nitros/isaac_ros_nitros_type/isaac_ros_nitros_std_msg_type) by extension 'ignore_ament_install'
[0.273s] [34mcolcon.colcon_core.package_identification[0m [1;30mLevel 1[0m _identify(src/isaac_ros_nitros/isaac_ros_nitros_type/isaac_ros_nitros_std_msg_type) by extensions ['colcon_pkg']
[0.273s] [34mcolcon.colcon_core.package_identification[0m [1;30mLevel 1[0m _identify(src/isaac_ros_nitros/isaac_ros_nitros_type/isaac_ros_nitros_std_msg_type) by extension 'colcon_pkg'
[0.273s] [34mcolcon.colcon_core.package_identification[0m [1;30mLevel 1[0m _identify(src/isaac_ros_nitros/isaac_ros_nitros_type/isaac_ros_nitros_std_msg_type) by extensions ['colcon_meta']
[0.273s] [34mcolcon.colcon_core.package_identification[0m [1;30mLevel 1[0m _identify(src/isaac_ros_nitros/isaac_ros_nitros_type/isaac_ros_nitros_std_msg_type) by extension 'colcon_meta'
[0.273s] [34mcolcon.colcon_core.package_identification[0m [1;30mLevel 1[0m _identify(src/isaac_ros_nitros/isaac_ros_nitros_type/isaac_ros_nitros_std_msg_type) by extensions ['ros']
[0.273s] [34mcolcon.colcon_core.package_identification[0m [1;30mLevel 1[0m _identify(src/isaac_ros_nitros/isaac_ros_nitros_type/isaac_ros_nitros_std_msg_type) by extension 'ros'
[0.274s] [34mcolcon.colcon_core.package_identification[0m [1;30mDEBUG[0m [32mPackage 'src/isaac_ros_nitros/isaac_ros_nitros_type/isaac_ros_nitros_std_msg_type' with type 'ros.ament_cmake' and name 'isaac_ros_nitros_std_msg_type'[0m
[0.274s] [34mcolcon.colcon_core.package_identification[0m [1;30mLevel 1[0m _identify(src/isaac_ros_nitros/isaac_ros_nitros_type/isaac_ros_nitros_tensor_list_type) by extensions ['ignore', 'ignore_ament_install']
[0.274s] [34mcolcon.colcon_core.package_identification[0m [1;30mLevel 1[0m _identify(src/isaac_ros_nitros/isaac_ros_nitros_type/isaac_ros_nitros_tensor_list_type) by extension 'ignore'
[0.274s] [34mcolcon.colcon_core.package_identification[0m [1;30mLevel 1[0m _identify(src/isaac_ros_nitros/isaac_ros_nitros_type/isaac_ros_nitros_tensor_list_type) by extension 'ignore_ament_install'
[0.274s] [34mcolcon.colcon_core.package_identification[0m [1;30mLevel 1[0m _identify(src/isaac_ros_nitros/isaac_ros_nitros_type/isaac_ros_nitros_tensor_list_type) by extensions ['colcon_pkg']
[0.274s] [34mcolcon.colcon_core.package_identification[0m [1;30mLevel 1[0m _identify(src/isaac_ros_nitros/isaac_ros_nitros_type/isaac_ros_nitros_tensor_list_type) by extension 'colcon_pkg'
[0.274s] [34mcolcon.colcon_core.package_identification[0m [1;30mLevel 1[0m _identify(src/isaac_ros_nitros/isaac_ros_nitros_type/isaac_ros_nitros_tensor_list_type) by extensions ['colcon_meta']
[0.274s] [34mcolcon.colcon_core.package_identification[0m [1;30mLevel 1[0m _identify(src/isaac_ros_nitros/isaac_ros_nitros_type/isaac_ros_nitros_tensor_list_type) by extension 'colcon_meta'
[0.274s] [34mcolcon.colcon_core.package_identification[0m [1;30mLevel 1[0m _identify(src/isaac_ros_nitros/isaac_ros_nitros_type/isaac_ros_nitros_tensor_list_type) by extensions ['ros']
[0.274s] [34mcolcon.colcon_core.package_identification[0m [1;30mLevel 1[0m _identify(src/isaac_ros_nitros/isaac_ros_nitros_type/isaac_ros_nitros_tensor_list_type) by extension 'ros'
[0.274s] [34mcolcon.colcon_core.package_identification[0m [1;30mDEBUG[0m [32mPackage 'src/isaac_ros_nitros/isaac_ros_nitros_type/isaac_ros_nitros_tensor_list_type' with type 'ros.ament_cmake' and name 'isaac_ros_nitros_tensor_list_type'[0m
[0.274s] [34mcolcon.colcon_core.package_identification[0m [1;30mLevel 1[0m _identify(src/isaac_ros_nitros/isaac_ros_nitros_type/isaac_ros_nitros_twist_type) by extensions ['ignore', 'ignore_ament_install']
[0.275s] [34mcolcon.colcon_core.package_identification[0m [1;30mLevel 1[0m _identify(src/isaac_ros_nitros/isaac_ros_nitros_type/isaac_ros_nitros_twist_type) by extension 'ignore'
[0.275s] [34mcolcon.colcon_core.package_identification[0m [1;30mLevel 1[0m _identify(src/isaac_ros_nitros/isaac_ros_nitros_type/isaac_ros_nitros_twist_type) by extension 'ignore_ament_install'
[0.275s] [34mcolcon.colcon_core.package_identification[0m [1;30mLevel 1[0m _identify(src/isaac_ros_nitros/isaac_ros_nitros_type/isaac_ros_nitros_twist_type) by extensions ['colcon_pkg']
[0.275s] [34mcolcon.colcon_core.package_identification[0m [1;30mLevel 1[0m _identify(src/isaac_ros_nitros/isaac_ros_nitros_type/isaac_ros_nitros_twist_type) by extension 'colcon_pkg'
[0.275s] [34mcolcon.colcon_core.package_identification[0m [1;30mLevel 1[0m _identify(src/isaac_ros_nitros/isaac_ros_nitros_type/isaac_ros_nitros_twist_type) by extensions ['colcon_meta']
[0.275s] [34mcolcon.colcon_core.package_identification[0m [1;30mLevel 1[0m _identify(src/isaac_ros_nitros/isaac_ros_nitros_type/isaac_ros_nitros_twist_type) by extension 'colcon_meta'
[0.275s] [34mcolcon.colcon_core.package_identification[0m [1;30mLevel 1[0m _identify(src/isaac_ros_nitros/isaac_ros_nitros_type/isaac_ros_nitros_twist_type) by extensions ['ros']
[0.275s] [34mcolcon.colcon_core.package_identification[0m [1;30mLevel 1[0m _identify(src/isaac_ros_nitros/isaac_ros_nitros_type/isaac_ros_nitros_twist_type) by extension 'ros'
[0.275s] [34mcolcon.colcon_core.package_identification[0m [1;30mDEBUG[0m [32mPackage 'src/isaac_ros_nitros/isaac_ros_nitros_type/isaac_ros_nitros_twist_type' with type 'ros.ament_cmake' and name 'isaac_ros_nitros_twist_type'[0m
[0.275s] [34mcolcon.colcon_core.package_identification[0m [1;30mLevel 1[0m _identify(src/isaac_ros_nitros/isaac_ros_pynitros) by extensions ['ignore', 'ignore_ament_install']
[0.275s] [34mcolcon.colcon_core.package_identification[0m [1;30mLevel 1[0m _identify(src/isaac_ros_nitros/isaac_ros_pynitros) by extension 'ignore'
[0.275s] [34mcolcon.colcon_core.package_identification[0m [1;30mLevel 1[0m _identify(src/isaac_ros_nitros/isaac_ros_pynitros) by extension 'ignore_ament_install'
[0.275s] [34mcolcon.colcon_core.package_identification[0m [1;30mLevel 1[0m _identify(src/isaac_ros_nitros/isaac_ros_pynitros) by extensions ['colcon_pkg']
[0.275s] [34mcolcon.colcon_core.package_identification[0m [1;30mLevel 1[0m _identify(src/isaac_ros_nitros/isaac_ros_pynitros) by extension 'colcon_pkg'
[0.275s] [34mcolcon.colcon_core.package_identification[0m [1;30mLevel 1[0m _identify(src/isaac_ros_nitros/isaac_ros_pynitros) by extensions ['colcon_meta']
[0.275s] [34mcolcon.colcon_core.package_identification[0m [1;30mLevel 1[0m _identify(src/isaac_ros_nitros/isaac_ros_pynitros) by extension 'colcon_meta'
[0.275s] [34mcolcon.colcon_core.package_identification[0m [1;30mLevel 1[0m _identify(src/isaac_ros_nitros/isaac_ros_pynitros) by extensions ['ros']
[0.275s] [34mcolcon.colcon_core.package_identification[0m [1;30mLevel 1[0m _identify(src/isaac_ros_nitros/isaac_ros_pynitros) by extension 'ros'
[0.276s] [34mcolcon.colcon_core.package_identification[0m [1;30mDEBUG[0m [32mPackage 'src/isaac_ros_nitros/isaac_ros_pynitros' with type 'ros.ament_python' and name 'isaac_ros_pynitros'[0m
[0.276s] [34mcolcon.colcon_core.package_identification[0m [1;30mLevel 1[0m _identify(src/isaac_ros_visual_odometry) by extensions ['ignore', 'ignore_ament_install']
[0.276s] [34mcolcon.colcon_core.package_identification[0m [1;30mLevel 1[0m _identify(src/isaac_ros_visual_odometry) by extension 'ignore'
[0.276s] [34mcolcon.colcon_core.package_identification[0m [1;30mLevel 1[0m _identify(src/isaac_ros_visual_odometry) by extension 'ignore_ament_install'
[0.276s] [34mcolcon.colcon_core.package_identification[0m [1;30mLevel 1[0m _identify(src/isaac_ros_visual_odometry) by extensions ['colcon_pkg']
[0.276s] [34mcolcon.colcon_core.package_identification[0m [1;30mLevel 1[0m _identify(src/isaac_ros_visual_odometry) by extension 'colcon_pkg'
[0.276s] [34mcolcon.colcon_core.package_identification[0m [1;30mLevel 1[0m _identify(src/isaac_ros_visual_odometry) by extensions ['colcon_meta']
[0.276s] [34mcolcon.colcon_core.package_identification[0m [1;30mLevel 1[0m _identify(src/isaac_ros_visual_odometry) by extension 'colcon_meta'
[0.276s] [34mcolcon.colcon_core.package_identification[0m [1;30mLevel 1[0m _identify(src/isaac_ros_visual_odometry) by extensions ['ros']
[0.276s] [34mcolcon.colcon_core.package_identification[0m [1;30mLevel 1[0m _identify(src/isaac_ros_visual_odometry) by extension 'ros'
[0.276s] [34mcolcon.colcon_core.package_identification[0m [1;30mLevel 1[0m _identify(src/isaac_ros_visual_odometry) by extensions ['cmake', 'python']
[0.276s] [34mcolcon.colcon_core.package_identification[0m [1;30mLevel 1[0m _identify(src/isaac_ros_visual_odometry) by extension 'cmake'
[0.276s] [34mcolcon.colcon_core.package_identification[0m [1;30mLevel 1[0m _identify(src/isaac_ros_visual_odometry) by extension 'python'
[0.276s] [34mcolcon.colcon_core.package_identification[0m [1;30mLevel 1[0m _identify(src/isaac_ros_visual_odometry) by extensions ['python_setup_py']
[0.276s] [34mcolcon.colcon_core.package_identification[0m [1;30mLevel 1[0m _identify(src/isaac_ros_visual_odometry) by extension 'python_setup_py'
[0.276s] [34mcolcon.colcon_core.package_identification[0m [1;30mLevel 1[0m _identify(src/isaac_ros_visual_odometry/isaac_ros_visual_slam) by extensions ['ignore', 'ignore_ament_install']
[0.276s] [34mcolcon.colcon_core.package_identification[0m [1;30mLevel 1[0m _identify(src/isaac_ros_visual_odometry/isaac_ros_visual_slam) by extension 'ignore'
[0.276s] [34mcolcon.colcon_core.package_identification[0m [1;30mLevel 1[0m _identify(src/isaac_ros_visual_odometry/isaac_ros_visual_slam) by extension 'ignore_ament_install'
[0.276s] [34mcolcon.colcon_core.package_identification[0m [1;30mLevel 1[0m _identify(src/isaac_ros_visual_odometry/isaac_ros_visual_slam) by extensions ['colcon_pkg']
[0.276s] [34mcolcon.colcon_core.package_identification[0m [1;30mLevel 1[0m _identify(src/isaac_ros_visual_odometry/isaac_ros_visual_slam) by extension 'colcon_pkg'
[0.276s] [34mcolcon.colcon_core.package_identification[0m [1;30mLevel 1[0m _identify(src/isaac_ros_visual_odometry/isaac_ros_visual_slam) by extensions ['colcon_meta']
[0.276s] [34mcolcon.colcon_core.package_identification[0m [1;30mLevel 1[0m _identify(src/isaac_ros_visual_odometry/isaac_ros_visual_slam) by extension 'colcon_meta'
[0.276s] [34mcolcon.colcon_core.package_identification[0m [1;30mLevel 1[0m _identify(src/isaac_ros_visual_odometry/isaac_ros_visual_slam) by extensions ['ros']
[0.276s] [34mcolcon.colcon_core.package_identification[0m [1;30mLevel 1[0m _identify(src/isaac_ros_visual_odometry/isaac_ros_visual_slam) by extension 'ros'
[0.277s] [34mcolcon.colcon_core.package_identification[0m [1;30mDEBUG[0m [32mPackage 'src/isaac_ros_visual_odometry/isaac_ros_visual_slam' with type 'ros.ament_cmake' and name 'isaac_ros_visual_slam'[0m
[0.277s] [34mcolcon.colcon_core.package_identification[0m [1;30mLevel 1[0m _identify(src/isaac_ros_visual_odometry/isaac_ros_visual_slam_interfaces) by extensions ['ignore', 'ignore_ament_install']
[0.277s] [34mcolcon.colcon_core.package_identification[0m [1;30mLevel 1[0m _identify(src/isaac_ros_visual_odometry/isaac_ros_visual_slam_interfaces) by extension 'ignore'
[0.277s] [34mcolcon.colcon_core.package_identification[0m [1;30mLevel 1[0m _identify(src/isaac_ros_visual_odometry/isaac_ros_visual_slam_interfaces) by extension 'ignore_ament_install'
[0.278s] [34mcolcon.colcon_core.package_identification[0m [1;30mLevel 1[0m _identify(src/isaac_ros_visual_odometry/isaac_ros_visual_slam_interfaces) by extensions ['colcon_pkg']
[0.278s] [34mcolcon.colcon_core.package_identification[0m [1;30mLevel 1[0m _identify(src/isaac_ros_visual_odometry/isaac_ros_visual_slam_interfaces) by extension 'colcon_pkg'
[0.278s] [34mcolcon.colcon_core.package_identification[0m [1;30mLevel 1[0m _identify(src/isaac_ros_visual_odometry/isaac_ros_visual_slam_interfaces) by extensions ['colcon_meta']
[0.278s] [34mcolcon.colcon_core.package_identification[0m [1;30mLevel 1[0m _identify(src/isaac_ros_visual_odometry/isaac_ros_visual_slam_interfaces) by extension 'colcon_meta'
[0.278s] [34mcolcon.colcon_core.package_identification[0m [1;30mLevel 1[0m _identify(src/isaac_ros_visual_odometry/isaac_ros_visual_slam_interfaces) by extensions ['ros']
[0.278s] [34mcolcon.colcon_core.package_identification[0m [1;30mLevel 1[0m _identify(src/isaac_ros_visual_odometry/isaac_ros_visual_slam_interfaces) by extension 'ros'
[0.278s] [34mcolcon.colcon_core.package_identification[0m [1;30mDEBUG[0m [32mPackage 'src/isaac_ros_visual_odometry/isaac_ros_visual_slam_interfaces' with type 'ros.ament_cmake' and name 'isaac_ros_visual_slam_interfaces'[0m
[0.278s] [34mcolcon.colcon_core.package_identification[0m [1;30mLevel 1[0m _identify(src/ros2_benchmark) by extensions ['ignore', 'ignore_ament_install']
[0.278s] [34mcolcon.colcon_core.package_identification[0m [1;30mLevel 1[0m _identify(src/ros2_benchmark) by extension 'ignore'
[0.278s] [34mcolcon.colcon_core.package_identification[0m [1;30mLevel 1[0m _identify(src/ros2_benchmark) by extension 'ignore_ament_install'
[0.278s] [34mcolcon.colcon_core.package_identification[0m [1;30mLevel 1[0m _identify(src/ros2_benchmark) by extensions ['colcon_pkg']
[0.278s] [34mcolcon.colcon_core.package_identification[0m [1;30mLevel 1[0m _identify(src/ros2_benchmark) by extension 'colcon_pkg'
[0.278s] [34mcolcon.colcon_core.package_identification[0m [1;30mLevel 1[0m _identify(src/ros2_benchmark) by extensions ['colcon_meta']
[0.278s] [34mcolcon.colcon_core.package_identification[0m [1;30mLevel 1[0m _identify(src/ros2_benchmark) by extension 'colcon_meta'
[0.278s] [34mcolcon.colcon_core.package_identification[0m [1;30mLevel 1[0m _identify(src/ros2_benchmark) by extensions ['ros']
[0.278s] [34mcolcon.colcon_core.package_identification[0m [1;30mLevel 1[0m _identify(src/ros2_benchmark) by extension 'ros'
[0.278s] [34mcolcon.colcon_core.package_identification[0m [1;30mLevel 1[0m _identify(src/ros2_benchmark) by extensions ['cmake', 'python']
[0.278s] [34mcolcon.colcon_core.package_identification[0m [1;30mLevel 1[0m _identify(src/ros2_benchmark) by extension 'cmake'
[0.278s] [34mcolcon.colcon_core.package_identification[0m [1;30mLevel 1[0m _identify(src/ros2_benchmark) by extension 'python'
[0.278s] [34mcolcon.colcon_core.package_identification[0m [1;30mLevel 1[0m _identify(src/ros2_benchmark) by extensions ['python_setup_py']
[0.278s] [34mcolcon.colcon_core.package_identification[0m [1;30mLevel 1[0m _identify(src/ros2_benchmark) by extension 'python_setup_py'
[0.278s] [34mcolcon.colcon_core.package_identification[0m [1;30mLevel 1[0m _identify(src/ros2_benchmark/assets) by extensions ['ignore', 'ignore_ament_install']
[0.278s] [34mcolcon.colcon_core.package_identification[0m [1;30mLevel 1[0m _identify(src/ros2_benchmark/assets) by extension 'ignore'
[0.278s] [34mcolcon.colcon_core.package_identification[0m [1;30mLevel 1[0m _identify(src/ros2_benchmark/assets) by extension 'ignore_ament_install'
[0.278s] [34mcolcon.colcon_core.package_identification[0m [1;30mLevel 1[0m _identify(src/ros2_benchmark/assets) by extensions ['colcon_pkg']
[0.278s] [34mcolcon.colcon_core.package_identification[0m [1;30mLevel 1[0m _identify(src/ros2_benchmark/assets) by extension 'colcon_pkg'
[0.278s] [34mcolcon.colcon_core.package_identification[0m [1;30mLevel 1[0m _identify(src/ros2_benchmark/assets) by extensions ['colcon_meta']
[0.278s] [34mcolcon.colcon_core.package_identification[0m [1;30mLevel 1[0m _identify(src/ros2_benchmark/assets) by extension 'colcon_meta'
[0.278s] [34mcolcon.colcon_core.package_identification[0m [1;30mLevel 1[0m _identify(src/ros2_benchmark/assets) by extensions ['ros']
[0.278s] [34mcolcon.colcon_core.package_identification[0m [1;30mLevel 1[0m _identify(src/ros2_benchmark/assets) by extension 'ros'
[0.279s] [34mcolcon.colcon_core.package_identification[0m [1;30mLevel 1[0m _identify(src/ros2_benchmark/assets) by extensions ['cmake', 'python']
[0.279s] [34mcolcon.colcon_core.package_identification[0m [1;30mLevel 1[0m _identify(src/ros2_benchmark/assets) by extension 'cmake'
[0.279s] [34mcolcon.colcon_core.package_identification[0m [1;30mLevel 1[0m _identify(src/ros2_benchmark/assets) by extension 'python'
[0.279s] [34mcolcon.colcon_core.package_identification[0m [1;30mLevel 1[0m _identify(src/ros2_benchmark/assets) by extensions ['python_setup_py']
[0.279s] [34mcolcon.colcon_core.package_identification[0m [1;30mLevel 1[0m _identify(src/ros2_benchmark/assets) by extension 'python_setup_py'
[0.279s] [34mcolcon.colcon_core.package_identification[0m [1;30mLevel 1[0m _identify(src/ros2_benchmark/assets/configs) by extensions ['ignore', 'ignore_ament_install']
[0.279s] [34mcolcon.colcon_core.package_identification[0m [1;30mLevel 1[0m _identify(src/ros2_benchmark/assets/configs) by extension 'ignore'
[0.279s] [34mcolcon.colcon_core.package_identification[0m [1;30mLevel 1[0m _identify(src/ros2_benchmark/assets/configs) by extension 'ignore_ament_install'
[0.279s] [34mcolcon.colcon_core.package_identification[0m [1;30mLevel 1[0m _identify(src/ros2_benchmark/assets/configs) by extensions ['colcon_pkg']
[0.279s] [34mcolcon.colcon_core.package_identification[0m [1;30mLevel 1[0m _identify(src/ros2_benchmark/assets/configs) by extension 'colcon_pkg'
[0.279s] [34mcolcon.colcon_core.package_identification[0m [1;30mLevel 1[0m _identify(src/ros2_benchmark/assets/configs) by extensions ['colcon_meta']
[0.279s] [34mcolcon.colcon_core.package_identification[0m [1;30mLevel 1[0m _identify(src/ros2_benchmark/assets/configs) by extension 'colcon_meta'
[0.279s] [34mcolcon.colcon_core.package_identification[0m [1;30mLevel 1[0m _identify(src/ros2_benchmark/assets/configs) by extensions ['ros']
[0.279s] [34mcolcon.colcon_core.package_identification[0m [1;30mLevel 1[0m _identify(src/ros2_benchmark/assets/configs) by extension 'ros'
[0.279s] [34mcolcon.colcon_core.package_identification[0m [1;30mLevel 1[0m _identify(src/ros2_benchmark/assets/configs) by extensions ['cmake', 'python']
[0.279s] [34mcolcon.colcon_core.package_identification[0m [1;30mLevel 1[0m _identify(src/ros2_benchmark/assets/configs) by extension 'cmake'
[0.279s] [34mcolcon.colcon_core.package_identification[0m [1;30mLevel 1[0m _identify(src/ros2_benchmark/assets/configs) by extension 'python'
[0.279s] [34mcolcon.colcon_core.package_identification[0m [1;30mLevel 1[0m _identify(src/ros2_benchmark/assets/configs) by extensions ['python_setup_py']
[0.279s] [34mcolcon.colcon_core.package_identification[0m [1;30mLevel 1[0m _identify(src/ros2_benchmark/assets/configs) by extension 'python_setup_py'
[0.279s] [34mcolcon.colcon_core.package_identification[0m [1;30mLevel 1[0m _identify(src/ros2_benchmark/assets/datasets) by extensions ['ignore', 'ignore_ament_install']
[0.279s] [34mcolcon.colcon_core.package_identification[0m [1;30mLevel 1[0m _identify(src/ros2_benchmark/assets/datasets) by extension 'ignore'
[0.279s] [34mcolcon.colcon_core.package_identification[0m [1;30mLevel 1[0m _identify(src/ros2_benchmark/assets/datasets) by extension 'ignore_ament_install'
[0.279s] [34mcolcon.colcon_core.package_identification[0m [1;30mLevel 1[0m _identify(src/ros2_benchmark/assets/datasets) by extensions ['colcon_pkg']
[0.279s] [34mcolcon.colcon_core.package_identification[0m [1;30mLevel 1[0m _identify(src/ros2_benchmark/assets/datasets) by extension 'colcon_pkg'
[0.279s] [34mcolcon.colcon_core.package_identification[0m [1;30mLevel 1[0m _identify(src/ros2_benchmark/assets/datasets) by extensions ['colcon_meta']
[0.279s] [34mcolcon.colcon_core.package_identification[0m [1;30mLevel 1[0m _identify(src/ros2_benchmark/assets/datasets) by extension 'colcon_meta'
[0.279s] [34mcolcon.colcon_core.package_identification[0m [1;30mLevel 1[0m _identify(src/ros2_benchmark/assets/datasets) by extensions ['ros']
[0.279s] [34mcolcon.colcon_core.package_identification[0m [1;30mLevel 1[0m _identify(src/ros2_benchmark/assets/datasets) by extension 'ros'
[0.279s] [34mcolcon.colcon_core.package_identification[0m [1;30mLevel 1[0m _identify(src/ros2_benchmark/assets/datasets) by extensions ['cmake', 'python']
[0.279s] [34mcolcon.colcon_core.package_identification[0m [1;30mLevel 1[0m _identify(src/ros2_benchmark/assets/datasets) by extension 'cmake'
[0.279s] [34mcolcon.colcon_core.package_identification[0m [1;30mLevel 1[0m _identify(src/ros2_benchmark/assets/datasets) by extension 'python'
[0.279s] [34mcolcon.colcon_core.package_identification[0m [1;30mLevel 1[0m _identify(src/ros2_benchmark/assets/datasets) by extensions ['python_setup_py']
[0.279s] [34mcolcon.colcon_core.package_identification[0m [1;30mLevel 1[0m _identify(src/ros2_benchmark/assets/datasets) by extension 'python_setup_py'
[0.279s] [34mcolcon.colcon_core.package_identification[0m [1;30mLevel 1[0m _identify(src/ros2_benchmark/assets/models) by extensions ['ignore', 'ignore_ament_install']
[0.279s] [34mcolcon.colcon_core.package_identification[0m [1;30mLevel 1[0m _identify(src/ros2_benchmark/assets/models) by extension 'ignore'
[0.279s] [34mcolcon.colcon_core.package_identification[0m [1;30mLevel 1[0m _identify(src/ros2_benchmark/assets/models) by extension 'ignore_ament_install'
[0.279s] [34mcolcon.colcon_core.package_identification[0m [1;30mLevel 1[0m _identify(src/ros2_benchmark/assets/models) by extensions ['colcon_pkg']
[0.279s] [34mcolcon.colcon_core.package_identification[0m [1;30mLevel 1[0m _identify(src/ros2_benchmark/assets/models) by extension 'colcon_pkg'
[0.279s] [34mcolcon.colcon_core.package_identification[0m [1;30mLevel 1[0m _identify(src/ros2_benchmark/assets/models) by extensions ['colcon_meta']
[0.279s] [34mcolcon.colcon_core.package_identification[0m [1;30mLevel 1[0m _identify(src/ros2_benchmark/assets/models) by extension 'colcon_meta'
[0.279s] [34mcolcon.colcon_core.package_identification[0m [1;30mLevel 1[0m _identify(src/ros2_benchmark/assets/models) by extensions ['ros']
[0.279s] [34mcolcon.colcon_core.package_identification[0m [1;30mLevel 1[0m _identify(src/ros2_benchmark/assets/models) by extension 'ros'
[0.279s] [34mcolcon.colcon_core.package_identification[0m [1;30mLevel 1[0m _identify(src/ros2_benchmark/assets/models) by extensions ['cmake', 'python']
[0.279s] [34mcolcon.colcon_core.package_identification[0m [1;30mLevel 1[0m _identify(src/ros2_benchmark/assets/models) by extension 'cmake'
[0.280s] [34mcolcon.colcon_core.package_identification[0m [1;30mLevel 1[0m _identify(src/ros2_benchmark/assets/models) by extension 'python'
[0.280s] [34mcolcon.colcon_core.package_identification[0m [1;30mLevel 1[0m _identify(src/ros2_benchmark/assets/models) by extensions ['python_setup_py']
[0.280s] [34mcolcon.colcon_core.package_identification[0m [1;30mLevel 1[0m _identify(src/ros2_benchmark/assets/models) by extension 'python_setup_py'
[0.280s] [34mcolcon.colcon_core.package_identification[0m [1;30mLevel 1[0m _identify(src/ros2_benchmark/resources) by extensions ['ignore', 'ignore_ament_install']
[0.280s] [34mcolcon.colcon_core.package_identification[0m [1;30mLevel 1[0m _identify(src/ros2_benchmark/resources) by extension 'ignore'
[0.280s] [34mcolcon.colcon_core.package_identification[0m [1;30mLevel 1[0m _identify(src/ros2_benchmark/resources) by extension 'ignore_ament_install'
[0.280s] [34mcolcon.colcon_core.package_identification[0m [1;30mLevel 1[0m _identify(src/ros2_benchmark/resources) by extensions ['colcon_pkg']
[0.280s] [34mcolcon.colcon_core.package_identification[0m [1;30mLevel 1[0m _identify(src/ros2_benchmark/resources) by extension 'colcon_pkg'
[0.280s] [34mcolcon.colcon_core.package_identification[0m [1;30mLevel 1[0m _identify(src/ros2_benchmark/resources) by extensions ['colcon_meta']
[0.280s] [34mcolcon.colcon_core.package_identification[0m [1;30mLevel 1[0m _identify(src/ros2_benchmark/resources) by extension 'colcon_meta'
[0.280s] [34mcolcon.colcon_core.package_identification[0m [1;30mLevel 1[0m _identify(src/ros2_benchmark/resources) by extensions ['ros']
[0.280s] [34mcolcon.colcon_core.package_identification[0m [1;30mLevel 1[0m _identify(src/ros2_benchmark/resources) by extension 'ros'
[0.280s] [34mcolcon.colcon_core.package_identification[0m [1;30mLevel 1[0m _identify(src/ros2_benchmark/resources) by extensions ['cmake', 'python']
[0.280s] [34mcolcon.colcon_core.package_identification[0m [1;30mLevel 1[0m _identify(src/ros2_benchmark/resources) by extension 'cmake'
[0.280s] [34mcolcon.colcon_core.package_identification[0m [1;30mLevel 1[0m _identify(src/ros2_benchmark/resources) by extension 'python'
[0.280s] [34mcolcon.colcon_core.package_identification[0m [1;30mLevel 1[0m _identify(src/ros2_benchmark/resources) by extensions ['python_setup_py']
[0.280s] [34mcolcon.colcon_core.package_identification[0m [1;30mLevel 1[0m _identify(src/ros2_benchmark/resources) by extension 'python_setup_py'
[0.280s] [34mcolcon.colcon_core.package_identification[0m [1;30mLevel 1[0m _identify(src/ros2_benchmark/resources/patch) by extensions ['ignore', 'ignore_ament_install']
[0.280s] [34mcolcon.colcon_core.package_identification[0m [1;30mLevel 1[0m _identify(src/ros2_benchmark/resources/patch) by extension 'ignore'
[0.280s] [34mcolcon.colcon_core.package_identification[0m [1;30mLevel 1[0m _identify(src/ros2_benchmark/resources/patch) by extension 'ignore_ament_install'
[0.280s] [34mcolcon.colcon_core.package_identification[0m [1;30mLevel 1[0m _identify(src/ros2_benchmark/resources/patch) by extensions ['colcon_pkg']
[0.280s] [34mcolcon.colcon_core.package_identification[0m [1;30mLevel 1[0m _identify(src/ros2_benchmark/resources/patch) by extension 'colcon_pkg'
[0.280s] [34mcolcon.colcon_core.package_identification[0m [1;30mLevel 1[0m _identify(src/ros2_benchmark/resources/patch) by extensions ['colcon_meta']
[0.280s] [34mcolcon.colcon_core.package_identification[0m [1;30mLevel 1[0m _identify(src/ros2_benchmark/resources/patch) by extension 'colcon_meta'
[0.280s] [34mcolcon.colcon_core.package_identification[0m [1;30mLevel 1[0m _identify(src/ros2_benchmark/resources/patch) by extensions ['ros']
[0.280s] [34mcolcon.colcon_core.package_identification[0m [1;30mLevel 1[0m _identify(src/ros2_benchmark/resources/patch) by extension 'ros'
[0.280s] [34mcolcon.colcon_core.package_identification[0m [1;30mLevel 1[0m _identify(src/ros2_benchmark/resources/patch) by extensions ['cmake', 'python']
[0.280s] [34mcolcon.colcon_core.package_identification[0m [1;30mLevel 1[0m _identify(src/ros2_benchmark/resources/patch) by extension 'cmake'
[0.280s] [34mcolcon.colcon_core.package_identification[0m [1;30mLevel 1[0m _identify(src/ros2_benchmark/resources/patch) by extension 'python'
[0.280s] [34mcolcon.colcon_core.package_identification[0m [1;30mLevel 1[0m _identify(src/ros2_benchmark/resources/patch) by extensions ['python_setup_py']
[0.280s] [34mcolcon.colcon_core.package_identification[0m [1;30mLevel 1[0m _identify(src/ros2_benchmark/resources/patch) by extension 'python_setup_py'
[0.280s] [34mcolcon.colcon_core.package_identification[0m [1;30mLevel 1[0m _identify(src/ros2_benchmark/results) by extensions ['ignore', 'ignore_ament_install']
[0.280s] [34mcolcon.colcon_core.package_identification[0m [1;30mLevel 1[0m _identify(src/ros2_benchmark/results) by extension 'ignore'
[0.280s] [34mcolcon.colcon_core.package_identification[0m [1;30mLevel 1[0m _identify(src/ros2_benchmark/results) by extension 'ignore_ament_install'
[0.280s] [34mcolcon.colcon_core.package_identification[0m [1;30mLevel 1[0m _identify(src/ros2_benchmark/results) by extensions ['colcon_pkg']
[0.280s] [34mcolcon.colcon_core.package_identification[0m [1;30mLevel 1[0m _identify(src/ros2_benchmark/results) by extension 'colcon_pkg'
[0.280s] [34mcolcon.colcon_core.package_identification[0m [1;30mLevel 1[0m _identify(src/ros2_benchmark/results) by extensions ['colcon_meta']
[0.280s] [34mcolcon.colcon_core.package_identification[0m [1;30mLevel 1[0m _identify(src/ros2_benchmark/results) by extension 'colcon_meta'
[0.280s] [34mcolcon.colcon_core.package_identification[0m [1;30mLevel 1[0m _identify(src/ros2_benchmark/results) by extensions ['ros']
[0.280s] [34mcolcon.colcon_core.package_identification[0m [1;30mLevel 1[0m _identify(src/ros2_benchmark/results) by extension 'ros'
[0.280s] [34mcolcon.colcon_core.package_identification[0m [1;30mLevel 1[0m _identify(src/ros2_benchmark/results) by extensions ['cmake', 'python']
[0.280s] [34mcolcon.colcon_core.package_identification[0m [1;30mLevel 1[0m _identify(src/ros2_benchmark/results) by extension 'cmake'
[0.280s] [34mcolcon.colcon_core.package_identification[0m [1;30mLevel 1[0m _identify(src/ros2_benchmark/results) by extension 'python'
[0.280s] [34mcolcon.colcon_core.package_identification[0m [1;30mLevel 1[0m _identify(src/ros2_benchmark/results) by extensions ['python_setup_py']
[0.280s] [34mcolcon.colcon_core.package_identification[0m [1;30mLevel 1[0m _identify(src/ros2_benchmark/results) by extension 'python_setup_py'
[0.281s] [34mcolcon.colcon_core.package_identification[0m [1;30mLevel 1[0m _identify(src/ros2_benchmark/ros2_benchmark) by extensions ['ignore', 'ignore_ament_install']
[0.281s] [34mcolcon.colcon_core.package_identification[0m [1;30mLevel 1[0m _identify(src/ros2_benchmark/ros2_benchmark) by extension 'ignore'
[0.281s] [34mcolcon.colcon_core.package_identification[0m [1;30mLevel 1[0m _identify(src/ros2_benchmark/ros2_benchmark) by extension 'ignore_ament_install'
[0.281s] [34mcolcon.colcon_core.package_identification[0m [1;30mLevel 1[0m _identify(src/ros2_benchmark/ros2_benchmark) by extensions ['colcon_pkg']
[0.281s] [34mcolcon.colcon_core.package_identification[0m [1;30mLevel 1[0m _identify(src/ros2_benchmark/ros2_benchmark) by extension 'colcon_pkg'
[0.281s] [34mcolcon.colcon_core.package_identification[0m [1;30mLevel 1[0m _identify(src/ros2_benchmark/ros2_benchmark) by extensions ['colcon_meta']
[0.281s] [34mcolcon.colcon_core.package_identification[0m [1;30mLevel 1[0m _identify(src/ros2_benchmark/ros2_benchmark) by extension 'colcon_meta'
[0.281s] [34mcolcon.colcon_core.package_identification[0m [1;30mLevel 1[0m _identify(src/ros2_benchmark/ros2_benchmark) by extensions ['ros']
[0.281s] [34mcolcon.colcon_core.package_identification[0m [1;30mLevel 1[0m _identify(src/ros2_benchmark/ros2_benchmark) by extension 'ros'
[0.281s] [34mcolcon.colcon_core.package_identification[0m [1;30mDEBUG[0m [32mPackage 'src/ros2_benchmark/ros2_benchmark' with type 'ros.ament_cmake' and name 'ros2_benchmark'[0m
[0.281s] [34mcolcon.colcon_core.package_identification[0m [1;30mLevel 1[0m _identify(src/ros2_benchmark/ros2_benchmark_interfaces) by extensions ['ignore', 'ignore_ament_install']
[0.281s] [34mcolcon.colcon_core.package_identification[0m [1;30mLevel 1[0m _identify(src/ros2_benchmark/ros2_benchmark_interfaces) by extension 'ignore'
[0.281s] [34mcolcon.colcon_core.package_identification[0m [1;30mLevel 1[0m _identify(src/ros2_benchmark/ros2_benchmark_interfaces) by extension 'ignore_ament_install'
[0.281s] [34mcolcon.colcon_core.package_identification[0m [1;30mLevel 1[0m _identify(src/ros2_benchmark/ros2_benchmark_interfaces) by extensions ['colcon_pkg']
[0.281s] [34mcolcon.colcon_core.package_identification[0m [1;30mLevel 1[0m _identify(src/ros2_benchmark/ros2_benchmark_interfaces) by extension 'colcon_pkg'
[0.281s] [34mcolcon.colcon_core.package_identification[0m [1;30mLevel 1[0m _identify(src/ros2_benchmark/ros2_benchmark_interfaces) by extensions ['colcon_meta']
[0.281s] [34mcolcon.colcon_core.package_identification[0m [1;30mLevel 1[0m _identify(src/ros2_benchmark/ros2_benchmark_interfaces) by extension 'colcon_meta'
[0.282s] [34mcolcon.colcon_core.package_identification[0m [1;30mLevel 1[0m _identify(src/ros2_benchmark/ros2_benchmark_interfaces) by extensions ['ros']
[0.282s] [34mcolcon.colcon_core.package_identification[0m [1;30mLevel 1[0m _identify(src/ros2_benchmark/ros2_benchmark_interfaces) by extension 'ros'
[0.282s] [34mcolcon.colcon_core.package_identification[0m [1;30mDEBUG[0m [32mPackage 'src/ros2_benchmark/ros2_benchmark_interfaces' with type 'ros.ament_cmake' and name 'ros2_benchmark_interfaces'[0m
[0.282s] [34mcolcon.colcon_core.package_identification[0m [1;30mLevel 1[0m _identify(src/ros2_benchmark/scripts) by extensions ['ignore', 'ignore_ament_install']
[0.282s] [34mcolcon.colcon_core.package_identification[0m [1;30mLevel 1[0m _identify(src/ros2_benchmark/scripts) by extension 'ignore'
[0.282s] [34mcolcon.colcon_core.package_identification[0m [1;30mLevel 1[0m _identify(src/ros2_benchmark/scripts) by extension 'ignore_ament_install'
[0.282s] [34mcolcon.colcon_core.package_identification[0m [1;30mLevel 1[0m _identify(src/ros2_benchmark/scripts) by extensions ['colcon_pkg']
[0.282s] [34mcolcon.colcon_core.package_identification[0m [1;30mLevel 1[0m _identify(src/ros2_benchmark/scripts) by extension 'colcon_pkg'
[0.282s] [34mcolcon.colcon_core.package_identification[0m [1;30mLevel 1[0m _identify(src/ros2_benchmark/scripts) by extensions ['colcon_meta']
[0.282s] [34mcolcon.colcon_core.package_identification[0m [1;30mLevel 1[0m _identify(src/ros2_benchmark/scripts) by extension 'colcon_meta'
[0.282s] [34mcolcon.colcon_core.package_identification[0m [1;30mLevel 1[0m _identify(src/ros2_benchmark/scripts) by extensions ['ros']
[0.282s] [34mcolcon.colcon_core.package_identification[0m [1;30mLevel 1[0m _identify(src/ros2_benchmark/scripts) by extension 'ros'
[0.282s] [34mcolcon.colcon_core.package_identification[0m [1;30mLevel 1[0m _identify(src/ros2_benchmark/scripts) by extensions ['cmake', 'python']
[0.282s] [34mcolcon.colcon_core.package_identification[0m [1;30mLevel 1[0m _identify(src/ros2_benchmark/scripts) by extension 'cmake'
[0.282s] [34mcolcon.colcon_core.package_identification[0m [1;30mLevel 1[0m _identify(src/ros2_benchmark/scripts) by extension 'python'
[0.282s] [34mcolcon.colcon_core.package_identification[0m [1;30mLevel 1[0m _identify(src/ros2_benchmark/scripts) by extensions ['python_setup_py']
[0.282s] [34mcolcon.colcon_core.package_identification[0m [1;30mLevel 1[0m _identify(src/ros2_benchmark/scripts) by extension 'python_setup_py'
[0.282s] [34mcolcon.colcon_core.package_identification[0m [1;30mLevel 1[0m _identify(src/scene_description_system) by extensions ['ignore', 'ignore_ament_install']
[0.282s] [34mcolcon.colcon_core.package_identification[0m [1;30mLevel 1[0m _identify(src/scene_description_system) by extension 'ignore'
[0.282s] [34mcolcon.colcon_core.package_identification[0m [1;30mLevel 1[0m _identify(src/scene_description_system) by extension 'ignore_ament_install'
[0.282s] [34mcolcon.colcon_core.package_identification[0m [1;30mLevel 1[0m _identify(src/scene_description_system) by extensions ['colcon_pkg']
[0.282s] [34mcolcon.colcon_core.package_identification[0m [1;30mLevel 1[0m _identify(src/scene_description_system) by extension 'colcon_pkg'
[0.282s] [34mcolcon.colcon_core.package_identification[0m [1;30mLevel 1[0m _identify(src/scene_description_system) by extensions ['colcon_meta']
[0.282s] [34mcolcon.colcon_core.package_identification[0m [1;30mLevel 1[0m _identify(src/scene_description_system) by extension 'colcon_meta'
[0.282s] [34mcolcon.colcon_core.package_identification[0m [1;30mLevel 1[0m _identify(src/scene_description_system) by extensions ['ros']
[0.282s] [34mcolcon.colcon_core.package_identification[0m [1;30mLevel 1[0m _identify(src/scene_description_system) by extension 'ros'
[0.283s] [34mcolcon.colcon_core.package_identification[0m [1;30mDEBUG[0m [32mPackage 'src/scene_description_system' with type 'ros.ament_python' and name 'scene_description_system'[0m
[0.283s] [34mcolcon.colcon_core.package_identification[0m [1;30mLevel 1[0m _identify(src/shared_interfaces) by extensions ['ignore', 'ignore_ament_install']
[0.283s] [34mcolcon.colcon_core.package_identification[0m [1;30mLevel 1[0m _identify(src/shared_interfaces) by extension 'ignore'
[0.283s] [34mcolcon.colcon_core.package_identification[0m [1;30mLevel 1[0m _identify(src/shared_interfaces) by extension 'ignore_ament_install'
[0.283s] [34mcolcon.colcon_core.package_identification[0m [1;30mLevel 1[0m _identify(src/shared_interfaces) by extensions ['colcon_pkg']
[0.283s] [34mcolcon.colcon_core.package_identification[0m [1;30mLevel 1[0m _identify(src/shared_interfaces) by extension 'colcon_pkg'
[0.283s] [34mcolcon.colcon_core.package_identification[0m [1;30mLevel 1[0m _identify(src/shared_interfaces) by extensions ['colcon_meta']
[0.283s] [34mcolcon.colcon_core.package_identification[0m [1;30mLevel 1[0m _identify(src/shared_interfaces) by extension 'colcon_meta'
[0.283s] [34mcolcon.colcon_core.package_identification[0m [1;30mLevel 1[0m _identify(src/shared_interfaces) by extensions ['ros']
[0.283s] [34mcolcon.colcon_core.package_identification[0m [1;30mLevel 1[0m _identify(src/shared_interfaces) by extension 'ros'
[0.283s] [34mcolcon.colcon_core.package_identification[0m [1;30mDEBUG[0m [32mPackage 'src/shared_interfaces' with type 'ros.ament_cmake' and name 'shared_interfaces'[0m
[0.283s] [34mcolcon.colcon_core.package_identification[0m [1;30mLevel 1[0m _identify(src/traffic_crossing_assistant) by extensions ['ignore', 'ignore_ament_install']
[0.283s] [34mcolcon.colcon_core.package_identification[0m [1;30mLevel 1[0m _identify(src/traffic_crossing_assistant) by extension 'ignore'
[0.283s] [34mcolcon.colcon_core.package_identification[0m [1;30mLevel 1[0m _identify(src/traffic_crossing_assistant) by extension 'ignore_ament_install'
[0.283s] [34mcolcon.colcon_core.package_identification[0m [1;30mLevel 1[0m _identify(src/traffic_crossing_assistant) by extensions ['colcon_pkg']
[0.283s] [34mcolcon.colcon_core.package_identification[0m [1;30mLevel 1[0m _identify(src/traffic_crossing_assistant) by extension 'colcon_pkg'
[0.283s] [34mcolcon.colcon_core.package_identification[0m [1;30mLevel 1[0m _identify(src/traffic_crossing_assistant) by extensions ['colcon_meta']
[0.283s] [34mcolcon.colcon_core.package_identification[0m [1;30mLevel 1[0m _identify(src/traffic_crossing_assistant) by extension 'colcon_meta'
[0.283s] [34mcolcon.colcon_core.package_identification[0m [1;30mLevel 1[0m _identify(src/traffic_crossing_assistant) by extensions ['ros']
[0.283s] [34mcolcon.colcon_core.package_identification[0m [1;30mLevel 1[0m _identify(src/traffic_crossing_assistant) by extension 'ros'
[0.284s] [34mcolcon.colcon_core.package_identification[0m [1;30mDEBUG[0m [32mPackage 'src/traffic_crossing_assistant' with type 'ros.ament_python' and name 'traffic_crossing_assistant'[0m
[0.284s] [34mcolcon.colcon_core.package_identification[0m [1;30mLevel 1[0m _identify(src/yolov8_bdd100k_detection) by extensions ['ignore', 'ignore_ament_install']
[0.284s] [34mcolcon.colcon_core.package_identification[0m [1;30mLevel 1[0m _identify(src/yolov8_bdd100k_detection) by extension 'ignore'
[0.284s] [34mcolcon.colcon_core.package_identification[0m [1;30mLevel 1[0m _identify(src/yolov8_bdd100k_detection) by extension 'ignore_ament_install'
[0.284s] [34mcolcon.colcon_core.package_identification[0m [1;30mLevel 1[0m _identify(src/yolov8_bdd100k_detection) by extensions ['colcon_pkg']
[0.284s] [34mcolcon.colcon_core.package_identification[0m [1;30mLevel 1[0m _identify(src/yolov8_bdd100k_detection) by extension 'colcon_pkg'
[0.284s] [34mcolcon.colcon_core.package_identification[0m [1;30mLevel 1[0m _identify(src/yolov8_bdd100k_detection) by extensions ['colcon_meta']
[0.284s] [34mcolcon.colcon_core.package_identification[0m [1;30mLevel 1[0m _identify(src/yolov8_bdd100k_detection) by extension 'colcon_meta'
[0.284s] [34mcolcon.colcon_core.package_identification[0m [1;30mLevel 1[0m _identify(src/yolov8_bdd100k_detection) by extensions ['ros']
[0.284s] [34mcolcon.colcon_core.package_identification[0m [1;30mLevel 1[0m _identify(src/yolov8_bdd100k_detection) by extension 'ros'
[0.285s] [34mcolcon.colcon_core.package_identification[0m [1;30mDEBUG[0m [32mPackage 'src/yolov8_bdd100k_detection' with type 'ros.ament_python' and name 'yolov8_bdd100k_detection'[0m
[0.285s] [34mcolcon.colcon_core.package_discovery[0m [1;30mLevel 1[0m discover_packages(recursive) using defaults
[0.285s] [34mcolcon.colcon_core.package_discovery[0m [1;30mLevel 1[0m discover_packages(ignore) discover
[0.285s] [34mcolcon.colcon_core.package_discovery[0m [1;30mLevel 1[0m discover_packages(ignore) using defaults
[0.285s] [34mcolcon.colcon_core.package_discovery[0m [1;30mLevel 1[0m discover_packages(path) discover
[0.285s] [34mcolcon.colcon_core.package_discovery[0m [1;30mLevel 1[0m discover_packages(path) using defaults
[0.344s] [34mcolcon.colcon_core.package_selection[0m [1;30mINFO[0m Skipping not selected package 'assistive_navigation_core' in 'src/assistive_navigation_core'
[0.344s] [34mcolcon.colcon_core.package_selection[0m [1;30mINFO[0m Skipping not selected package 'gps_navigation_system' in 'src/gps_navigation_system'
[0.344s] [34mcolcon.colcon_core.package_selection[0m [1;30mINFO[0m Skipping not selected package 'isaac_ros_common' in 'src/isaac_ros_common/isaac_ros_common'
[0.344s] [34mcolcon.colcon_core.package_selection[0m [1;30mINFO[0m Skipping not selected package 'scene_description_system' in 'src/scene_description_system'
[0.344s] [34mcolcon.colcon_core.package_selection[0m [1;30mINFO[0m Skipping not selected package 'shared_interfaces' in 'src/shared_interfaces'
[0.344s] [34mcolcon.colcon_core.package_selection[0m [1;30mINFO[0m Skipping not selected package 'traffic_crossing_assistant' in 'src/traffic_crossing_assistant'
[0.344s] [34mcolcon.colcon_core.package_selection[0m [1;30mINFO[0m Skipping not selected package 'ur5_gripper_moveit_config' in 'src/isaac_ros_benchmark/benchmarks/isaac_ros_moveit_benchmark/robot_configs/ur5_gripper_moveit_config'
[0.344s] [34mcolcon.colcon_core.package_selection[0m [1;30mINFO[0m Skipping not selected package 'ur5_robotiq_85_description' in 'src/isaac_ros_benchmark/benchmarks/isaac_ros_moveit_benchmark/robot_descriptions/ur5_robotiq_85_description'
[0.344s] [34mcolcon.colcon_core.package_selection[0m [1;30mINFO[0m Skipping not selected package 'custom_nitros_message_filter_interfaces' in 'src/isaac_ros_nitros/isaac_ros_managed_nitros_examples/custom_nitros_message_filter_interfaces'
[0.344s] [34mcolcon.colcon_core.package_selection[0m [1;30mINFO[0m Skipping not selected package 'gxf_isaac_timestamp_correlator' in 'src/isaac_ros_nitros/isaac_ros_gxf_extensions/gxf_isaac_timestamp_correlator'
[0.344s] [34mcolcon.colcon_core.package_selection[0m [1;30mINFO[0m Skipping not selected package 'isaac_common' in 'src/isaac_ros_common/isaac_common'
[0.344s] [34mcolcon.colcon_core.package_selection[0m [1;30mINFO[0m Skipping not selected package 'isaac_common_py' in 'src/isaac_ros_common/isaac_common_py'
[0.344s] [34mcolcon.colcon_core.package_selection[0m [1;30mINFO[0m Skipping not selected package 'isaac_ros_apriltag_interfaces' in 'src/isaac_ros_common/isaac_ros_apriltag_interfaces'
[0.344s] [34mcolcon.colcon_core.package_selection[0m [1;30mINFO[0m Skipping not selected package 'isaac_ros_bi3d_interfaces' in 'src/isaac_ros_common/isaac_ros_bi3d_interfaces'
[0.344s] [34mcolcon.colcon_core.package_selection[0m [1;30mINFO[0m Skipping not selected package 'isaac_ros_gxf' in 'src/isaac_ros_nitros/isaac_ros_gxf'
[0.344s] [34mcolcon.colcon_core.package_selection[0m [1;30mINFO[0m Skipping not selected package 'isaac_ros_launch_utils' in 'src/isaac_ros_common/isaac_ros_launch_utils'
[0.344s] [34mcolcon.colcon_core.package_selection[0m [1;30mINFO[0m Skipping not selected package 'isaac_ros_nova_interfaces' in 'src/isaac_ros_common/isaac_ros_nova_interfaces'
[0.344s] [34mcolcon.colcon_core.package_selection[0m [1;30mINFO[0m Skipping not selected package 'isaac_ros_pointcloud_interfaces' in 'src/isaac_ros_common/isaac_ros_pointcloud_interfaces'
[0.344s] [34mcolcon.colcon_core.package_selection[0m [1;30mINFO[0m Skipping not selected package 'isaac_ros_r2b_galileo' in 'src/isaac_ros_common/isaac_ros_r2b_galileo'
[0.344s] [34mcolcon.colcon_core.package_selection[0m [1;30mINFO[0m Skipping not selected package 'isaac_ros_tensor_list_interfaces' in 'src/isaac_ros_common/isaac_ros_tensor_list_interfaces'
[0.344s] [34mcolcon.colcon_core.package_selection[0m [1;30mINFO[0m Skipping not selected package 'isaac_ros_test' in 'src/isaac_ros_common/isaac_ros_test'
[0.344s] [34mcolcon.colcon_core.package_selection[0m [1;30mINFO[0m Skipping not selected package 'isaac_ros_visual_slam_interfaces' in 'src/isaac_ros_visual_odometry/isaac_ros_visual_slam_interfaces'
[0.344s] [34mcolcon.colcon_core.package_selection[0m [1;30mINFO[0m Skipping not selected package 'ros2_benchmark_interfaces' in 'src/ros2_benchmark/ros2_benchmark_interfaces'
[0.344s] [34mcolcon.colcon_core.package_selection[0m [1;30mINFO[0m Skipping not selected package 'gxf_isaac_argus' in 'src/isaac_ros_nitros/isaac_ros_gxf_extensions/gxf_isaac_argus'
[0.344s] [34mcolcon.colcon_core.package_selection[0m [1;30mINFO[0m Skipping not selected package 'gxf_isaac_cuda' in 'src/isaac_ros_nitros/isaac_ros_gxf_extensions/gxf_isaac_cuda'
[0.344s] [34mcolcon.colcon_core.package_selection[0m [1;30mINFO[0m Skipping not selected package 'gxf_isaac_flatscan_localization' in 'src/isaac_ros_nitros/isaac_ros_gxf_extensions/gxf_isaac_flatscan_localization'
[0.344s] [34mcolcon.colcon_core.package_selection[0m [1;30mINFO[0m Skipping not selected package 'gxf_isaac_gems' in 'src/isaac_ros_nitros/isaac_ros_gxf_extensions/gxf_isaac_gems'
[0.344s] [34mcolcon.colcon_core.package_selection[0m [1;30mINFO[0m Skipping not selected package 'gxf_isaac_hesai' in 'src/isaac_ros_nitros/isaac_ros_gxf_extensions/gxf_isaac_hesai'
[0.344s] [34mcolcon.colcon_core.package_selection[0m [1;30mINFO[0m Skipping not selected package 'gxf_isaac_image_flip' in 'src/isaac_ros_image_pipeline/isaac_ros_gxf_extensions/gxf_isaac_image_flip'
[0.344s] [34mcolcon.colcon_core.package_selection[0m [1;30mINFO[0m Skipping not selected package 'gxf_isaac_localization' in 'src/isaac_ros_nitros/isaac_ros_gxf_extensions/gxf_isaac_localization'
[0.344s] [34mcolcon.colcon_core.package_selection[0m [1;30mINFO[0m Skipping not selected package 'gxf_isaac_message_compositor' in 'src/isaac_ros_nitros/isaac_ros_gxf_extensions/gxf_isaac_message_compositor'
[0.344s] [34mcolcon.colcon_core.package_selection[0m [1;30mINFO[0m Skipping not selected package 'gxf_isaac_messages_throttler' in 'src/isaac_ros_nitros/isaac_ros_gxf_extensions/gxf_isaac_messages_throttler'
[0.344s] [34mcolcon.colcon_core.package_selection[0m [1;30mINFO[0m Skipping not selected package 'gxf_isaac_optimizer' in 'src/isaac_ros_nitros/isaac_ros_gxf_extensions/gxf_isaac_optimizer'
[0.344s] [34mcolcon.colcon_core.package_selection[0m [1;30mINFO[0m Skipping not selected package 'gxf_isaac_point_cloud' in 'src/isaac_ros_nitros/isaac_ros_gxf_extensions/gxf_isaac_point_cloud'
[0.344s] [34mcolcon.colcon_core.package_selection[0m [1;30mINFO[0m Skipping not selected package 'gxf_isaac_range_scan_processing' in 'src/isaac_ros_nitros/isaac_ros_gxf_extensions/gxf_isaac_range_scan_processing'
[0.344s] [34mcolcon.colcon_core.package_selection[0m [1;30mINFO[0m Skipping not selected package 'gxf_isaac_ros_messages' in 'src/isaac_ros_nitros/isaac_ros_gxf_extensions/gxf_isaac_ros_messages'
[0.344s] [34mcolcon.colcon_core.package_selection[0m [1;30mINFO[0m Skipping not selected package 'gxf_isaac_segway' in 'src/isaac_ros_nitros/isaac_ros_gxf_extensions/gxf_isaac_segway'
[0.344s] [34mcolcon.colcon_core.package_selection[0m [1;30mINFO[0m Skipping not selected package 'gxf_isaac_sight' in 'src/isaac_ros_nitros/isaac_ros_gxf_extensions/gxf_isaac_sight'
[0.344s] [34mcolcon.colcon_core.package_selection[0m [1;30mINFO[0m Skipping not selected package 'gxf_isaac_triton' in 'src/isaac_ros_dnn_inference/isaac_ros_gxf_extensions/gxf_isaac_triton'
[0.344s] [34mcolcon.colcon_core.package_selection[0m [1;30mINFO[0m Skipping not selected package 'isaac_ros_nitros_bridge_interfaces' in 'src/isaac_ros_common/isaac_ros_nitros_bridge_interfaces'
[0.344s] [34mcolcon.colcon_core.package_selection[0m [1;30mINFO[0m Skipping not selected package 'isaac_ros_rosbag_utils' in 'src/isaac_ros_common/isaac_ros_rosbag_utils'
[0.344s] [34mcolcon.colcon_core.package_selection[0m [1;30mINFO[0m Skipping not selected package 'isaac_ros_test_cmake' in 'src/isaac_ros_common/isaac_ros_test_cmake'
[0.344s] [34mcolcon.colcon_core.package_selection[0m [1;30mINFO[0m Skipping not selected package 'ros2_benchmark' in 'src/ros2_benchmark/ros2_benchmark'
[0.344s] [34mcolcon.colcon_core.package_selection[0m [1;30mINFO[0m Skipping not selected package 'gxf_isaac_atlas' in 'src/isaac_ros_nitros/isaac_ros_gxf_extensions/gxf_isaac_atlas'
[0.344s] [34mcolcon.colcon_core.package_selection[0m [1;30mINFO[0m Skipping not selected package 'gxf_isaac_gxf_helpers' in 'src/isaac_ros_nitros/isaac_ros_gxf_extensions/gxf_isaac_gxf_helpers'
[0.345s] [34mcolcon.colcon_core.package_selection[0m [1;30mINFO[0m Skipping not selected package 'gxf_isaac_messages' in 'src/isaac_ros_nitros/isaac_ros_gxf_extensions/gxf_isaac_messages'
[0.345s] [34mcolcon.colcon_core.package_selection[0m [1;30mINFO[0m Skipping not selected package 'gxf_isaac_ros_cuda' in 'src/isaac_ros_nitros/isaac_ros_gxf_extensions/gxf_isaac_ros_cuda'
[0.345s] [34mcolcon.colcon_core.package_selection[0m [1;30mINFO[0m Skipping not selected package 'isaac_ros_moveit_benchmark' in 'src/isaac_ros_benchmark/benchmarks/isaac_ros_moveit_benchmark/isaac_ros_moveit_benchmark'
[0.345s] [34mcolcon.colcon_core.package_selection[0m [1;30mINFO[0m Skipping not selected package 'isaac_ros_pynitros' in 'src/isaac_ros_nitros/isaac_ros_pynitros'
[0.345s] [34mcolcon.colcon_core.package_selection[0m [1;30mINFO[0m Skipping not selected package 'gxf_isaac_depth_image_proc' in 'src/isaac_ros_image_pipeline/isaac_ros_gxf_extensions/gxf_isaac_depth_image_proc'
[0.345s] [34mcolcon.colcon_core.package_selection[0m [1;30mINFO[0m Skipping not selected package 'gxf_isaac_rectify' in 'src/isaac_ros_image_pipeline/isaac_ros_gxf_extensions/gxf_isaac_rectify'
[0.345s] [34mcolcon.colcon_core.package_selection[0m [1;30mINFO[0m Skipping not selected package 'gxf_isaac_sgm' in 'src/isaac_ros_image_pipeline/isaac_ros_gxf_extensions/gxf_isaac_sgm'
[0.345s] [34mcolcon.colcon_core.package_selection[0m [1;30mINFO[0m Skipping not selected package 'gxf_isaac_tensorops' in 'src/isaac_ros_image_pipeline/isaac_ros_gxf_extensions/gxf_isaac_tensorops'
[0.345s] [34mcolcon.colcon_core.package_selection[0m [1;30mINFO[0m Skipping not selected package 'gxf_isaac_utils' in 'src/isaac_ros_nitros/isaac_ros_gxf_extensions/gxf_isaac_utils'
[0.345s] [34mcolcon.colcon_core.package_selection[0m [1;30mINFO[0m Skipping not selected package 'isaac_ros_franka_cumotion_benchmark' in 'src/isaac_ros_benchmark/benchmarks/isaac_ros_moveit_benchmark/isaac_ros_moveit_robot_benchmark/franka/isaac_ros_franka_cumotion_benchmark'
[0.345s] [34mcolcon.colcon_core.package_selection[0m [1;30mINFO[0m Skipping not selected package 'isaac_ros_franka_ompl_benchmark' in 'src/isaac_ros_benchmark/benchmarks/isaac_ros_moveit_benchmark/isaac_ros_moveit_robot_benchmark/franka/isaac_ros_franka_ompl_benchmark'
[0.345s] [34mcolcon.colcon_core.package_selection[0m [1;30mINFO[0m Skipping not selected package 'isaac_ros_nitros' in 'src/isaac_ros_nitros/isaac_ros_nitros'
[0.345s] [34mcolcon.colcon_core.package_selection[0m [1;30mINFO[0m Skipping not selected package 'isaac_ros_ur5_cumotion_benchmark' in 'src/isaac_ros_benchmark/benchmarks/isaac_ros_moveit_benchmark/isaac_ros_moveit_robot_benchmark/ur5/isaac_ros_ur5_cumotion_benchmark'
[0.345s] [34mcolcon.colcon_core.package_selection[0m [1;30mINFO[0m Skipping not selected package 'isaac_ros_ur5_ompl_benchmark' in 'src/isaac_ros_benchmark/benchmarks/isaac_ros_moveit_benchmark/isaac_ros_moveit_robot_benchmark/ur5/isaac_ros_ur5_ompl_benchmark'
[0.345s] [34mcolcon.colcon_core.package_selection[0m [1;30mINFO[0m Skipping not selected package 'gxf_isaac_tensor_rt' in 'src/isaac_ros_dnn_inference/isaac_ros_gxf_extensions/gxf_isaac_tensor_rt'
[0.345s] [34mcolcon.colcon_core.package_selection[0m [1;30mINFO[0m Skipping not selected package 'isaac_ros_nitros_battery_state_type' in 'src/isaac_ros_nitros/isaac_ros_nitros_type/isaac_ros_nitros_battery_state_type'
[0.345s] [34mcolcon.colcon_core.package_selection[0m [1;30mINFO[0m Skipping not selected package 'isaac_ros_nitros_camera_info_type' in 'src/isaac_ros_nitros/isaac_ros_nitros_type/isaac_ros_nitros_camera_info_type'
[0.345s] [34mcolcon.colcon_core.package_selection[0m [1;30mINFO[0m Skipping not selected package 'isaac_ros_nitros_compressed_image_type' in 'src/isaac_ros_nitros/isaac_ros_nitros_type/isaac_ros_nitros_compressed_image_type'
[0.345s] [34mcolcon.colcon_core.package_selection[0m [1;30mINFO[0m Skipping not selected package 'isaac_ros_nitros_compressed_video_type' in 'src/isaac_ros_nitros/isaac_ros_nitros_type/isaac_ros_nitros_compressed_video_type'
[0.345s] [34mcolcon.colcon_core.package_selection[0m [1;30mINFO[0m Skipping not selected package 'isaac_ros_nitros_correlated_timestamp_type' in 'src/isaac_ros_nitros/isaac_ros_nitros_type/isaac_ros_nitros_correlated_timestamp_type'
[0.345s] [34mcolcon.colcon_core.package_selection[0m [1;30mINFO[0m Skipping not selected package 'isaac_ros_nitros_detection2_d_array_type' in 'src/isaac_ros_nitros/isaac_ros_nitros_type/isaac_ros_nitros_detection2_d_array_type'
[0.345s] [34mcolcon.colcon_core.package_selection[0m [1;30mINFO[0m Skipping not selected package 'isaac_ros_nitros_detection3_d_array_type' in 'src/isaac_ros_nitros/isaac_ros_nitros_type/isaac_ros_nitros_detection3_d_array_type'
[0.345s] [34mcolcon.colcon_core.package_selection[0m [1;30mINFO[0m Skipping not selected package 'isaac_ros_nitros_disparity_image_type' in 'src/isaac_ros_nitros/isaac_ros_nitros_type/isaac_ros_nitros_disparity_image_type'
[0.345s] [34mcolcon.colcon_core.package_selection[0m [1;30mINFO[0m Skipping not selected package 'isaac_ros_nitros_encoder_ticks_type' in 'src/isaac_ros_nitros/isaac_ros_nitros_type/isaac_ros_nitros_encoder_ticks_type'
[0.345s] [34mcolcon.colcon_core.package_selection[0m [1;30mINFO[0m Skipping not selected package 'isaac_ros_nitros_flat_scan_type' in 'src/isaac_ros_nitros/isaac_ros_nitros_type/isaac_ros_nitros_flat_scan_type'
[0.345s] [34mcolcon.colcon_core.package_selection[0m [1;30mINFO[0m Skipping not selected package 'isaac_ros_nitros_image_type' in 'src/isaac_ros_nitros/isaac_ros_nitros_type/isaac_ros_nitros_image_type'
[0.345s] [34mcolcon.colcon_core.package_selection[0m [1;30mINFO[0m Skipping not selected package 'isaac_ros_nitros_imu_type' in 'src/isaac_ros_nitros/isaac_ros_nitros_type/isaac_ros_nitros_imu_type'
[0.345s] [34mcolcon.colcon_core.package_selection[0m [1;30mINFO[0m Skipping not selected package 'isaac_ros_nitros_occupancy_grid_type' in 'src/isaac_ros_nitros/isaac_ros_nitros_type/isaac_ros_nitros_occupancy_grid_type'
[0.345s] [34mcolcon.colcon_core.package_selection[0m [1;30mINFO[0m Skipping not selected package 'isaac_ros_nitros_odometry_type' in 'src/isaac_ros_nitros/isaac_ros_nitros_type/isaac_ros_nitros_odometry_type'
[0.345s] [34mcolcon.colcon_core.package_selection[0m [1;30mINFO[0m Skipping not selected package 'isaac_ros_nitros_point_cloud_type' in 'src/isaac_ros_nitros/isaac_ros_nitros_type/isaac_ros_nitros_point_cloud_type'
[0.345s] [34mcolcon.colcon_core.package_selection[0m [1;30mINFO[0m Skipping not selected package 'isaac_ros_nitros_pose_array_type' in 'src/isaac_ros_nitros/isaac_ros_nitros_type/isaac_ros_nitros_pose_array_type'
[0.345s] [34mcolcon.colcon_core.package_selection[0m [1;30mINFO[0m Skipping not selected package 'isaac_ros_nitros_pose_cov_stamped_type' in 'src/isaac_ros_nitros/isaac_ros_nitros_type/isaac_ros_nitros_pose_cov_stamped_type'
[0.345s] [34mcolcon.colcon_core.package_selection[0m [1;30mINFO[0m Skipping not selected package 'isaac_ros_nitros_std_msg_type' in 'src/isaac_ros_nitros/isaac_ros_nitros_type/isaac_ros_nitros_std_msg_type'
[0.345s] [34mcolcon.colcon_core.package_selection[0m [1;30mINFO[0m Skipping not selected package 'isaac_ros_nitros_tensor_list_type' in 'src/isaac_ros_nitros/isaac_ros_nitros_type/isaac_ros_nitros_tensor_list_type'
[0.345s] [34mcolcon.colcon_core.package_selection[0m [1;30mINFO[0m Skipping not selected package 'isaac_ros_nitros_twist_type' in 'src/isaac_ros_nitros/isaac_ros_nitros_type/isaac_ros_nitros_twist_type'
[0.345s] [34mcolcon.colcon_core.package_selection[0m [1;30mINFO[0m Skipping not selected package 'isaac_ros_benchmark' in 'src/isaac_ros_benchmark/isaac_ros_benchmark'
[0.345s] [34mcolcon.colcon_core.package_selection[0m [1;30mINFO[0m Skipping not selected package 'isaac_ros_managed_nitros' in 'src/isaac_ros_nitros/isaac_ros_managed_nitros'
[0.345s] [34mcolcon.colcon_core.package_selection[0m [1;30mINFO[0m Skipping not selected package 'isaac_ros_stereo_image_proc' in 'src/isaac_ros_image_pipeline/isaac_ros_stereo_image_proc'
[0.345s] [34mcolcon.colcon_core.package_selection[0m [1;30mINFO[0m Skipping not selected package 'isaac_ros_tensor_rt' in 'src/isaac_ros_dnn_inference/isaac_ros_tensor_rt'
[0.345s] [34mcolcon.colcon_core.package_selection[0m [1;30mINFO[0m Skipping not selected package 'isaac_ros_triton' in 'src/isaac_ros_dnn_inference/isaac_ros_triton'
[0.345s] [34mcolcon.colcon_core.package_selection[0m [1;30mINFO[0m Skipping not selected package 'custom_nitros_dnn_image_encoder' in 'src/isaac_ros_nitros/isaac_ros_managed_nitros_examples/custom_nitros_dnn_image_encoder'
[0.345s] [34mcolcon.colcon_core.package_selection[0m [1;30mINFO[0m Skipping not selected package 'custom_nitros_image' in 'src/isaac_ros_nitros/isaac_ros_managed_nitros_examples/custom_nitros_image'
[0.345s] [34mcolcon.colcon_core.package_selection[0m [1;30mINFO[0m Skipping not selected package 'custom_nitros_message_filter' in 'src/isaac_ros_nitros/isaac_ros_managed_nitros_examples/custom_nitros_message_filter'
[0.345s] [34mcolcon.colcon_core.package_selection[0m [1;30mINFO[0m Skipping not selected package 'custom_nitros_string' in 'src/isaac_ros_nitros/isaac_ros_managed_nitros_examples/custom_nitros_string'
[0.345s] [34mcolcon.colcon_core.package_selection[0m [1;30mINFO[0m Skipping not selected package 'isaac_ros_argus_camera_benchmark' in 'src/isaac_ros_benchmark/benchmarks/isaac_ros_argus_camera_benchmark'
[0.345s] [34mcolcon.colcon_core.package_selection[0m [1;30mINFO[0m Skipping not selected package 'isaac_ros_depth_image_proc' in 'src/isaac_ros_image_pipeline/isaac_ros_depth_image_proc'
[0.345s] [34mcolcon.colcon_core.package_selection[0m [1;30mINFO[0m Skipping not selected package 'isaac_ros_h264_decoder_benchmark' in 'src/isaac_ros_benchmark/benchmarks/isaac_ros_h264_decoder_benchmark'
[0.345s] [34mcolcon.colcon_core.package_selection[0m [1;30mINFO[0m Skipping not selected package 'isaac_ros_hawk_nova_benchmark' in 'src/isaac_ros_benchmark/benchmarks/isaac_ros_hawk_nova_benchmark'
[0.345s] [34mcolcon.colcon_core.package_selection[0m [1;30mINFO[0m Skipping not selected package 'isaac_ros_image_proc' in 'src/isaac_ros_image_pipeline/isaac_ros_image_proc'
[0.345s] [34mcolcon.colcon_core.package_selection[0m [1;30mINFO[0m Skipping not selected package 'isaac_ros_nitros_bridge_ros2' in 'src/isaac_ros_nitros/isaac_ros_nitros_bridge/isaac_ros_nitros_bridge_ros2'
[0.345s] [34mcolcon.colcon_core.package_selection[0m [1;30mINFO[0m Skipping not selected package 'isaac_ros_nitros_topic_tools' in 'src/isaac_ros_nitros/isaac_ros_nitros_topic_tools'
[0.345s] [34mcolcon.colcon_core.package_selection[0m [1;30mINFO[0m Skipping not selected package 'isaac_ros_occupancy_grid_localizer_benchmark' in 'src/isaac_ros_benchmark/benchmarks/isaac_ros_occupancy_grid_localizer_benchmark'
[0.345s] [34mcolcon.colcon_core.package_selection[0m [1;30mINFO[0m Skipping not selected package 'isaac_ros_apriltag_benchmark' in 'src/isaac_ros_benchmark/benchmarks/isaac_ros_apriltag_benchmark'
[0.345s] [34mcolcon.colcon_core.package_selection[0m [1;30mINFO[0m Skipping not selected package 'isaac_ros_bi3d_benchmark' in 'src/isaac_ros_benchmark/benchmarks/isaac_ros_bi3d_benchmark'
[0.345s] [34mcolcon.colcon_core.package_selection[0m [1;30mINFO[0m Skipping not selected package 'isaac_ros_bi3d_freespace_benchmark' in 'src/isaac_ros_benchmark/benchmarks/isaac_ros_bi3d_freespace_benchmark'
[0.345s] [34mcolcon.colcon_core.package_selection[0m [1;30mINFO[0m Skipping not selected package 'isaac_ros_data_recorder_nova_benchmark' in 'src/isaac_ros_benchmark/benchmarks/isaac_ros_data_recorder_nova_benchmark'
[0.345s] [34mcolcon.colcon_core.package_selection[0m [1;30mINFO[0m Skipping not selected package 'isaac_ros_ess_benchmark' in 'src/isaac_ros_benchmark/benchmarks/isaac_ros_ess_benchmark'
[0.345s] [34mcolcon.colcon_core.package_selection[0m [1;30mINFO[0m Skipping not selected package 'isaac_ros_h264_encoder_benchmark' in 'src/isaac_ros_benchmark/benchmarks/isaac_ros_h264_encoder_benchmark'
[0.345s] [34mcolcon.colcon_core.package_selection[0m [1;30mINFO[0m Skipping not selected package 'isaac_ros_image_pipeline' in 'src/isaac_ros_image_pipeline/isaac_ros_image_pipeline'
[0.345s] [34mcolcon.colcon_core.package_selection[0m [1;30mINFO[0m Skipping not selected package 'isaac_ros_image_proc_benchmark' in 'src/isaac_ros_benchmark/benchmarks/isaac_ros_image_proc_benchmark'
[0.345s] [34mcolcon.colcon_core.package_selection[0m [1;30mINFO[0m Skipping not selected package 'isaac_ros_nitros_bridge_benchmark' in 'src/isaac_ros_benchmark/benchmarks/isaac_ros_nitros_bridge_benchmark'
[0.345s] [34mcolcon.colcon_core.package_selection[0m [1;30mINFO[0m Skipping not selected package 'isaac_ros_pynitros_benchmark' in 'src/isaac_ros_benchmark/benchmarks/isaac_ros_pynitros_benchmark'
[0.345s] [34mcolcon.colcon_core.package_selection[0m [1;30mINFO[0m Skipping not selected package 'isaac_ros_stereo_image_proc_benchmark' in 'src/isaac_ros_benchmark/benchmarks/isaac_ros_stereo_image_proc_benchmark'
[0.345s] [34mcolcon.colcon_core.package_selection[0m [1;30mINFO[0m Skipping not selected package 'isaac_ros_tensor_proc' in 'src/isaac_ros_dnn_inference/isaac_ros_tensor_proc'
[0.345s] [34mcolcon.colcon_core.package_selection[0m [1;30mINFO[0m Skipping not selected package 'isaac_ros_visual_slam' in 'src/isaac_ros_visual_odometry/isaac_ros_visual_slam'
[0.345s] [34mcolcon.colcon_core.package_selection[0m [1;30mINFO[0m Skipping not selected package 'isaac_ros_dnn_image_encoder' in 'src/isaac_ros_dnn_inference/isaac_ros_dnn_image_encoder'
[0.345s] [34mcolcon.colcon_core.package_selection[0m [1;30mINFO[0m Skipping not selected package 'isaac_ros_ess_nova_benchmark' in 'src/isaac_ros_benchmark/benchmarks/isaac_ros_ess_nova_benchmark'
[0.345s] [34mcolcon.colcon_core.package_selection[0m [1;30mINFO[0m Skipping not selected package 'isaac_ros_foundationpose_benchmark' in 'src/isaac_ros_benchmark/benchmarks/isaac_ros_foundationpose_benchmark'
[0.345s] [34mcolcon.colcon_core.package_selection[0m [1;30mINFO[0m Skipping not selected package 'isaac_ros_nvblox_benchmark' in 'src/isaac_ros_benchmark/benchmarks/isaac_ros_nvblox_benchmark'
[0.345s] [34mcolcon.colcon_core.package_selection[0m [1;30mINFO[0m Skipping not selected package 'isaac_ros_perceptor_nova_benchmark' in 'src/isaac_ros_benchmark/benchmarks/isaac_ros_perceptor_nova_benchmark'
[0.345s] [34mcolcon.colcon_core.package_selection[0m [1;30mINFO[0m Skipping not selected package 'isaac_ros_rtdetr_benchmark' in 'src/isaac_ros_benchmark/benchmarks/isaac_ros_rtdetr_benchmark'
[0.345s] [34mcolcon.colcon_core.package_selection[0m [1;30mINFO[0m Skipping not selected package 'isaac_ros_segment_anything_benchmark' in 'src/isaac_ros_benchmark/benchmarks/isaac_ros_segment_anything_benchmark'
[0.345s] [34mcolcon.colcon_core.package_selection[0m [1;30mINFO[0m Skipping not selected package 'isaac_ros_visual_slam_benchmark' in 'src/isaac_ros_benchmark/benchmarks/isaac_ros_visual_slam_benchmark'
[0.345s] [34mcolcon.colcon_core.package_selection[0m [1;30mINFO[0m Skipping not selected package 'isaac_ros_centerpose_benchmark' in 'src/isaac_ros_benchmark/benchmarks/isaac_ros_centerpose_benchmark'
[0.345s] [34mcolcon.colcon_core.package_selection[0m [1;30mINFO[0m Skipping not selected package 'isaac_ros_detectnet_benchmark' in 'src/isaac_ros_benchmark/benchmarks/isaac_ros_detectnet_benchmark'
[0.345s] [34mcolcon.colcon_core.package_selection[0m [1;30mINFO[0m Skipping not selected package 'isaac_ros_dnn_image_encoder_benchmark' in 'src/isaac_ros_benchmark/benchmarks/isaac_ros_dnn_image_encoder_benchmark'
[0.345s] [34mcolcon.colcon_core.package_selection[0m [1;30mINFO[0m Skipping not selected package 'isaac_ros_dope_benchmark' in 'src/isaac_ros_benchmark/benchmarks/isaac_ros_dope_benchmark'
[0.345s] [34mcolcon.colcon_core.package_selection[0m [1;30mINFO[0m Skipping not selected package 'isaac_ros_segformer_benchmark' in 'src/isaac_ros_benchmark/benchmarks/isaac_ros_segformer_benchmark'
[0.345s] [34mcolcon.colcon_core.package_selection[0m [1;30mINFO[0m Skipping not selected package 'isaac_ros_tensor_rt_benchmark' in 'src/isaac_ros_benchmark/benchmarks/isaac_ros_tensor_rt_benchmark'
[0.345s] [34mcolcon.colcon_core.package_selection[0m [1;30mINFO[0m Skipping not selected package 'isaac_ros_triton_benchmark' in 'src/isaac_ros_benchmark/benchmarks/isaac_ros_triton_benchmark'
[0.345s] [34mcolcon.colcon_core.package_selection[0m [1;30mINFO[0m Skipping not selected package 'isaac_ros_unet_benchmark' in 'src/isaac_ros_benchmark/benchmarks/isaac_ros_unet_benchmark'
[0.346s] [34mcolcon.colcon_core.package_discovery[0m [1;30mLevel 1[0m discover_packages(prefix_path) check parameters
[0.346s] [34mcolcon.colcon_core.package_discovery[0m [1;30mLevel 1[0m discover_packages(prefix_path) discover
[0.350s] [34mcolcon.colcon_installed_package_information.package_discovery[0m [1;30mDEBUG[0m [32mFound 127 installed packages in /home/sophie/visionaid/isaac_ros_ws/install[0m
[0.351s] [34mcolcon.colcon_installed_package_information.package_discovery[0m [1;30mDEBUG[0m [32mFound 311 installed packages in /opt/ros/humble[0m
[0.352s] [34mcolcon.colcon_core.package_discovery[0m [1;30mLevel 1[0m discover_packages(prefix_path) using defaults
[0.377s] [34mcolcon.colcon_core.verb[0m [1;30mLevel 5[0m set package 'yolov8_bdd100k_detection' build argument 'cmake_args' from command line to 'None'
[0.377s] [34mcolcon.colcon_core.verb[0m [1;30mLevel 5[0m set package 'yolov8_bdd100k_detection' build argument 'cmake_target' from command line to 'None'
[0.377s] [34mcolcon.colcon_core.verb[0m [1;30mLevel 5[0m set package 'yolov8_bdd100k_detection' build argument 'cmake_target_skip_unavailable' from command line to 'False'
[0.377s] [34mcolcon.colcon_core.verb[0m [1;30mLevel 5[0m set package 'yolov8_bdd100k_detection' build argument 'cmake_clean_cache' from command line to 'False'
[0.377s] [34mcolcon.colcon_core.verb[0m [1;30mLevel 5[0m set package 'yolov8_bdd100k_detection' build argument 'cmake_clean_first' from command line to 'False'
[0.377s] [34mcolcon.colcon_core.verb[0m [1;30mLevel 5[0m set package 'yolov8_bdd100k_detection' build argument 'cmake_force_configure' from command line to 'False'
[0.377s] [34mcolcon.colcon_core.verb[0m [1;30mLevel 5[0m set package 'yolov8_bdd100k_detection' build argument 'ament_cmake_args' from command line to 'None'
[0.377s] [34mcolcon.colcon_core.verb[0m [1;30mLevel 5[0m set package 'yolov8_bdd100k_detection' build argument 'catkin_cmake_args' from command line to 'None'
[0.377s] [34mcolcon.colcon_core.verb[0m [1;30mLevel 5[0m set package 'yolov8_bdd100k_detection' build argument 'catkin_skip_building_tests' from command line to 'False'
[0.377s] [34mcolcon.colcon_core.verb[0m [1;30mDEBUG[0m [32mBuilding package 'yolov8_bdd100k_detection' with the following arguments: {'ament_cmake_args': None, 'build_base': '/home/sophie/visionaid/isaac_ros_ws/build/yolov8_bdd100k_detection', 'catkin_cmake_args': None, 'catkin_skip_building_tests': False, 'cmake_args': None, 'cmake_clean_cache': False, 'cmake_clean_first': False, 'cmake_force_configure': False, 'cmake_target': None, 'cmake_target_skip_unavailable': False, 'install_base': '/home/sophie/visionaid/isaac_ros_ws/install/yolov8_bdd100k_detection', 'merge_install': False, 'path': '/home/sophie/visionaid/isaac_ros_ws/src/yolov8_bdd100k_detection', 'symlink_install': False, 'test_result_base': None}[0m
[0.377s] [34mcolcon.colcon_core.executor[0m [1;30mINFO[0m Executing jobs using 'parallel' executor
[0.378s] [34mcolcon.colcon_parallel_executor.executor.parallel[0m [1;30mDEBUG[0m [32mrun_until_complete[0m
[0.378s] [34mcolcon.colcon_ros.task.ament_python.build[0m [1;30mINFO[0m Building ROS package in '/home/sophie/visionaid/isaac_ros_ws/src/yolov8_bdd100k_detection' with build type 'ament_python'
[0.378s] [34mcolcon.colcon_core.shell[0m [1;30mLevel 1[0m create_environment_hook('yolov8_bdd100k_detection', 'ament_prefix_path')
[0.382s] [34mcolcon.colcon_core.plugin_system[0m [1;30mINFO[0m Skipping extension 'colcon_core.shell.bat': Not used on non-Windows systems
[0.382s] [34mcolcon.colcon_core.shell[0m [1;30mINFO[0m Creating environment hook '/home/sophie/visionaid/isaac_ros_ws/install/yolov8_bdd100k_detection/share/yolov8_bdd100k_detection/hook/ament_prefix_path.ps1'
[0.382s] [34mcolcon.colcon_core.shell[0m [1;30mINFO[0m Creating environment descriptor '/home/sophie/visionaid/isaac_ros_ws/install/yolov8_bdd100k_detection/share/yolov8_bdd100k_detection/hook/ament_prefix_path.dsv'
[0.383s] [34mcolcon.colcon_core.shell[0m [1;30mINFO[0m Creating environment hook '/home/sophie/visionaid/isaac_ros_ws/install/yolov8_bdd100k_detection/share/yolov8_bdd100k_detection/hook/ament_prefix_path.sh'
[0.383s] [34mcolcon.colcon_core.shell[0m [1;30mINFO[0m Skip shell extension 'powershell' for command environment: Not usable outside of PowerShell
[0.383s] [34mcolcon.colcon_core.shell[0m [1;30mDEBUG[0m [32mSkip shell extension 'dsv' for command environment[0m
[0.626s] [34mcolcon.colcon_core.task.python.build[0m [1;30mINFO[0m Building Python package in '/home/sophie/visionaid/isaac_ros_ws/src/yolov8_bdd100k_detection'
[0.626s] [34mcolcon.colcon_core.shell[0m [1;30mINFO[0m Skip shell extension 'powershell' for command environment: Not usable outside of PowerShell
[0.626s] [34mcolcon.colcon_core.shell[0m [1;30mDEBUG[0m [32mSkip shell extension 'dsv' for command environment[0m
[0.951s] [34mcolcon.colcon_core.event_handler.log_command[0m [1;30mDEBUG[0m [32mInvoking command in '/home/sophie/visionaid/isaac_ros_ws/build/yolov8_bdd100k_detection': AMENT_PREFIX_PATH=/home/sophie/visionaid/isaac_ros_ws/install/isaac_ros_test:/home/sophie/visionaid/isaac_ros_ws/install/isaac_ros_launch_utils:/home/sophie/visionaid/isaac_ros_ws/install/traffic_crossing_assistant:/home/sophie/visionaid/isaac_ros_ws/install/shared_interfaces:/home/sophie/visionaid/isaac_ros_ws/install/scene_description_system:/home/sophie/visionaid/isaac_ros_ws/install/gps_navigation_system:/home/sophie/visionaid/isaac_ros_ws/install/assistive_navigation_core:/home/sophie/visionaid/isaac_ros_ws/install/yolov8_bdd100k_detection:/home/sophie/visionaid/isaac_ros_ws/install/isaac_ros_ur5_ompl_benchmark:/home/sophie/visionaid/isaac_ros_ws/install/isaac_ros_ur5_cumotion_benchmark:/home/sophie/visionaid/isaac_ros_ws/install/ur5_robotiq_85_description:/home/sophie/visionaid/isaac_ros_ws/install/ur5_gripper_moveit_config:/home/sophie/visionaid/isaac_ros_ws/install/isaac_ros_visual_slam_benchmark:/home/sophie/visionaid/isaac_ros_ws/install/isaac_ros_unet_benchmark:/home/sophie/visionaid/isaac_ros_ws/install/isaac_ros_triton_benchmark:/home/sophie/visionaid/isaac_ros_ws/install/isaac_ros_tensor_rt_benchmark:/home/sophie/visionaid/isaac_ros_ws/install/isaac_ros_stereo_image_proc_benchmark:/home/sophie/visionaid/isaac_ros_ws/install/isaac_ros_segment_anything_benchmark:/home/sophie/visionaid/isaac_ros_ws/install/isaac_ros_segformer_benchmark:/home/sophie/visionaid/isaac_ros_ws/install/isaac_ros_rtdetr_benchmark:/home/sophie/visionaid/isaac_ros_ws/install/isaac_ros_pynitros_benchmark:/home/sophie/visionaid/isaac_ros_ws/install/isaac_ros_perceptor_nova_benchmark:/home/sophie/visionaid/isaac_ros_ws/install/isaac_ros_occupancy_grid_localizer_benchmark:/home/sophie/visionaid/isaac_ros_ws/install/isaac_ros_nvblox_benchmark:/home/sophie/visionaid/isaac_ros_ws/install/isaac_ros_nitros_bridge_benchmark:/home/sophie/visionaid/isaac_ros_ws/install/isaac_ros_franka_ompl_benchmark:/home/sophie/visionaid/isaac_ros_ws/install/isaac_ros_franka_cumotion_benchmark:/home/sophie/visionaid/isaac_ros_ws/install/isaac_ros_moveit_benchmark:/home/sophie/visionaid/isaac_ros_ws/install/isaac_ros_image_proc_benchmark:/home/sophie/visionaid/isaac_ros_ws/install/isaac_ros_ess_nova_benchmark:/home/sophie/visionaid/isaac_ros_ws/install/isaac_ros_data_recorder_nova_benchmark:/home/sophie/visionaid/isaac_ros_ws/install/isaac_ros_hawk_nova_benchmark:/home/sophie/visionaid/isaac_ros_ws/install/isaac_ros_h264_encoder_benchmark:/home/sophie/visionaid/isaac_ros_ws/install/isaac_ros_h264_decoder_benchmark:/home/sophie/visionaid/isaac_ros_ws/install/isaac_ros_foundationpose_benchmark:/home/sophie/visionaid/isaac_ros_ws/install/isaac_ros_ess_benchmark:/home/sophie/visionaid/isaac_ros_ws/install/isaac_ros_dope_benchmark:/home/sophie/visionaid/isaac_ros_ws/install/isaac_ros_dnn_image_encoder_benchmark:/home/sophie/visionaid/isaac_ros_ws/install/isaac_ros_detectnet_benchmark:/home/sophie/visionaid/isaac_ros_ws/install/isaac_ros_centerpose_benchmark:/home/sophie/visionaid/isaac_ros_ws/install/isaac_ros_bi3d_freespace_benchmark:/home/sophie/visionaid/isaac_ros_ws/install/isaac_ros_bi3d_benchmark:/home/sophie/visionaid/isaac_ros_ws/install/isaac_ros_argus_camera_benchmark:/home/sophie/visionaid/isaac_ros_ws/install/isaac_ros_apriltag_benchmark:/home/sophie/visionaid/isaac_ros_ws/install/isaac_ros_benchmark:/home/sophie/visionaid/isaac_ros_ws/install/ros2_benchmark:/home/sophie/visionaid/isaac_ros_ws/install/ros2_benchmark_interfaces:/home/sophie/visionaid/isaac_ros_ws/install/isaac_ros_visual_slam:/home/sophie/visionaid/isaac_ros_ws/install/isaac_ros_visual_slam_interfaces:/home/sophie/visionaid/isaac_ros_ws/install/isaac_ros_triton:/home/sophie/visionaid/isaac_ros_ws/install/isaac_ros_test_cmake:/home/sophie/visionaid/isaac_ros_ws/install/isaac_ros_nitros_bridge_ros2:/home/sophie/visionaid/isaac_ros_ws/install/isaac_ros_tensor_rt:/home/sophie/visionaid/isaac_ros_ws/install/isaac_ros_dnn_image_encoder:/home/sophie/visionaid/isaac_ros_ws/install/isaac_ros_tensor_proc:/home/sophie/visionaid/isaac_ros_ws/install/isaac_ros_pynitros:/home/sophie/visionaid/isaac_ros_ws/install/isaac_ros_nitros_topic_tools:/home/sophie/visionaid/isaac_ros_ws/install/isaac_ros_image_pipeline:/home/sophie/visionaid/isaac_ros_ws/install/isaac_ros_image_proc:/home/sophie/visionaid/isaac_ros_ws/install/isaac_ros_depth_image_proc:/home/sophie/visionaid/isaac_ros_ws/install/custom_nitros_string:/home/sophie/visionaid/isaac_ros_ws/install/custom_nitros_message_filter:/home/sophie/visionaid/isaac_ros_ws/install/custom_nitros_image:/home/sophie/visionaid/isaac_ros_ws/install/custom_nitros_dnn_image_encoder:/home/sophie/visionaid/isaac_ros_ws/install/isaac_ros_managed_nitros:/home/sophie/visionaid/isaac_ros_ws/install/isaac_ros_nitros_tensor_list_type:/home/sophie/visionaid/isaac_ros_ws/install/isaac_ros_nitros_bridge_interfaces:/home/sophie/visionaid/isaac_ros_ws/install/isaac_ros_tensor_list_interfaces:/home/sophie/visionaid/isaac_ros_ws/install/isaac_ros_stereo_image_proc:/home/sophie/visionaid/isaac_ros_ws/install/isaac_ros_rosbag_utils:/home/sophie/visionaid/isaac_ros_ws/install/isaac_ros_r2b_galileo:/home/sophie/visionaid/isaac_ros_ws/install/isaac_ros_nitros_flat_scan_type:/home/sophie/visionaid/isaac_ros_ws/install/isaac_ros_pointcloud_interfaces:/home/sophie/visionaid/isaac_ros_ws/install/isaac_ros_nitros_encoder_ticks_type:/home/sophie/visionaid/isaac_ros_ws/install/isaac_ros_nitros_correlated_timestamp_type:/home/sophie/visionaid/isaac_ros_ws/install/isaac_ros_nitros_battery_state_type:/home/sophie/visionaid/isaac_ros_ws/install/isaac_ros_nova_interfaces:/home/sophie/visionaid/isaac_ros_ws/install/isaac_ros_nitros_twist_type:/home/sophie/visionaid/isaac_ros_ws/install/isaac_ros_nitros_std_msg_type:/home/sophie/visionaid/isaac_ros_ws/install/isaac_ros_nitros_pose_cov_stamped_type:/home/sophie/visionaid/isaac_ros_ws/install/isaac_ros_nitros_pose_array_type:/home/sophie/visionaid/isaac_ros_ws/install/isaac_ros_nitros_point_cloud_type:/home/sophie/visionaid/isaac_ros_ws/install/isaac_ros_nitros_odometry_type:/home/sophie/visionaid/isaac_ros_ws/install/isaac_ros_nitros_occupancy_grid_type:/home/sophie/visionaid/isaac_ros_ws/install/isaac_ros_nitros_imu_type:/home/sophie/visionaid/isaac_ros_ws/install/isaac_ros_nitros_image_type:/home/sophie/visionaid/isaac_ros_ws/install/isaac_ros_nitros_disparity_image_type:/home/sophie/visionaid/isaac_ros_ws/install/isaac_ros_nitros_detection3_d_array_type:/home/sophie/visionaid/isaac_ros_ws/install/isaac_ros_nitros_detection2_d_array_type:/home/sophie/visionaid/isaac_ros_ws/install/isaac_ros_nitros_compressed_video_type:/home/sophie/visionaid/isaac_ros_ws/install/isaac_ros_nitros_compressed_image_type:/home/sophie/visionaid/isaac_ros_ws/install/isaac_ros_nitros_camera_info_type:/home/sophie/visionaid/isaac_ros_ws/install/isaac_ros_nitros:/home/sophie/visionaid/isaac_ros_ws/install/gxf_isaac_utils:/home/sophie/visionaid/isaac_ros_ws/install/gxf_isaac_triton:/home/sophie/visionaid/isaac_ros_ws/install/gxf_isaac_tensor_rt:/home/sophie/visionaid/isaac_ros_ws/install/gxf_isaac_tensorops:/home/sophie/visionaid/isaac_ros_ws/install/gxf_isaac_sight:/home/sophie/visionaid/isaac_ros_ws/install/gxf_isaac_sgm:/home/sophie/visionaid/isaac_ros_ws/install/gxf_isaac_segway:/home/sophie/visionaid/isaac_ros_ws/install/gxf_isaac_depth_image_proc:/home/sophie/visionaid/isaac_ros_ws/install/gxf_isaac_ros_messages:/home/sophie/visionaid/isaac_ros_ws/install/gxf_isaac_ros_cuda:/home/sophie/visionaid/isaac_ros_ws/install/gxf_isaac_rectify:/home/sophie/visionaid/isaac_ros_ws/install/gxf_isaac_range_scan_processing:/home/sophie/visionaid/isaac_ros_ws/install/gxf_isaac_point_cloud:/home/sophie/visionaid/isaac_ros_ws/install/gxf_isaac_optimizer:/home/sophie/visionaid/isaac_ros_ws/install/gxf_isaac_messages_throttler:/home/sophie/visionaid/isaac_ros_ws/install/gxf_isaac_messages:/home/sophie/visionaid/isaac_ros_ws/install/gxf_isaac_message_compositor:/home/sophie/visionaid/isaac_ros_ws/install/gxf_isaac_localization:/home/sophie/visionaid/isaac_ros_ws/install/gxf_isaac_image_flip:/home/sophie/visionaid/isaac_ros_ws/install/gxf_isaac_hesai:/home/sophie/visionaid/isaac_ros_ws/install/gxf_isaac_gxf_helpers:/home/sophie/visionaid/isaac_ros_ws/install/gxf_isaac_atlas:/home/sophie/visionaid/isaac_ros_ws/install/gxf_isaac_gems:/home/sophie/visionaid/isaac_ros_ws/install/gxf_isaac_flatscan_localization:/home/sophie/visionaid/isaac_ros_ws/install/gxf_isaac_cuda:/home/sophie/visionaid/isaac_ros_ws/install/gxf_isaac_argus:/home/sophie/visionaid/isaac_ros_ws/install/isaac_ros_gxf:/home/sophie/visionaid/isaac_ros_ws/install/gxf_isaac_timestamp_correlator:/home/sophie/visionaid/isaac_ros_ws/install/isaac_ros_common:/home/sophie/visionaid/isaac_ros_ws/install/isaac_ros_bi3d_interfaces:/home/sophie/visionaid/isaac_ros_ws/install/isaac_ros_apriltag_interfaces:/home/sophie/visionaid/isaac_ros_ws/install/isaac_common_py:/home/sophie/visionaid/isaac_ros_ws/install/isaac_common:/home/sophie/visionaid/isaac_ros_ws/install/custom_nitros_message_filter_interfaces:/opt/ros/humble CMAKE_PREFIX_PATH=/home/sophie/visionaid/isaac_ros_ws/install/isaac_ros_visual_slam:/home/sophie/visionaid/isaac_ros_ws/install/isaac_ros_image_proc:/home/sophie/visionaid/isaac_ros_ws/install/isaac_ros_tensor_rt:/home/sophie/visionaid/isaac_ros_ws/install/isaac_ros_managed_nitros:/home/sophie/visionaid/isaac_ros_ws/install/isaac_ros_nitros_tensor_list_type:/home/sophie/visionaid/isaac_ros_ws/install/isaac_ros_nitros_image_type:/home/sophie/visionaid/isaac_ros_ws/install/isaac_ros_nitros_camera_info_type:/home/sophie/visionaid/isaac_ros_ws/install/gxf_isaac_tensor_rt:/home/sophie/visionaid/isaac_ros_ws/install/isaac_ros_nitros:/home/sophie/visionaid/isaac_ros_ws/install/gxf_isaac_tensorops:/home/sophie/visionaid/isaac_ros_ws/install/gxf_isaac_messages:/home/sophie/visionaid/isaac_ros_ws/install/gxf_isaac_gxf_helpers:/home/sophie/visionaid/isaac_ros_ws/install/gxf_isaac_atlas:/home/sophie/visionaid/isaac_ros_ws/install/gxf_isaac_sight:/home/sophie/visionaid/isaac_ros_ws/install/gxf_isaac_optimizer:/home/sophie/visionaid/isaac_ros_ws/install/gxf_isaac_message_compositor:/home/sophie/visionaid/isaac_ros_ws/install/gxf_isaac_image_flip:/home/sophie/visionaid/isaac_ros_ws/install/gxf_isaac_gems:/home/sophie/visionaid/isaac_ros_ws/install/isaac_ros_visual_slam_interfaces:/home/sophie/visionaid/isaac_ros_ws/install/isaac_ros_tensor_list_interfaces:/home/sophie/visionaid/isaac_ros_ws/install/isaac_ros_gxf:/home/sophie/visionaid/isaac_ros_ws/install/isaac_common:/home/sophie/visionaid/isaac_ros_ws/install/isaac_ros_common:/home/sophie/visionaid/isaac_ros_ws/install/shared_interfaces:/home/sophie/visionaid/isaac_ros_ws/install/isaac_ros_ur5_ompl_benchmark:/home/sophie/visionaid/isaac_ros_ws/install/isaac_ros_ur5_cumotion_benchmark:/home/sophie/visionaid/isaac_ros_ws/install/ur5_robotiq_85_description:/home/sophie/visionaid/isaac_ros_ws/install/ur5_gripper_moveit_config:/home/sophie/visionaid/isaac_ros_ws/install/isaac_ros_visual_slam_benchmark:/home/sophie/visionaid/isaac_ros_ws/install/isaac_ros_unet_benchmark:/home/sophie/visionaid/isaac_ros_ws/install/isaac_ros_triton_benchmark:/home/sophie/visionaid/isaac_ros_ws/install/isaac_ros_tensor_rt_benchmark:/home/sophie/visionaid/isaac_ros_ws/install/isaac_ros_stereo_image_proc_benchmark:/home/sophie/visionaid/isaac_ros_ws/install/isaac_ros_segment_anything_benchmark:/home/sophie/visionaid/isaac_ros_ws/install/isaac_ros_segformer_benchmark:/home/sophie/visionaid/isaac_ros_ws/install/isaac_ros_rtdetr_benchmark:/home/sophie/visionaid/isaac_ros_ws/install/isaac_ros_pynitros_benchmark:/home/sophie/visionaid/isaac_ros_ws/install/isaac_ros_perceptor_nova_benchmark:/home/sophie/visionaid/isaac_ros_ws/install/isaac_ros_occupancy_grid_localizer_benchmark:/home/sophie/visionaid/isaac_ros_ws/install/isaac_ros_nvblox_benchmark:/home/sophie/visionaid/isaac_ros_ws/install/isaac_ros_nitros_bridge_benchmark:/home/sophie/visionaid/isaac_ros_ws/install/isaac_ros_franka_ompl_benchmark:/home/sophie/visionaid/isaac_ros_ws/install/isaac_ros_franka_cumotion_benchmark:/home/sophie/visionaid/isaac_ros_ws/install/isaac_ros_moveit_benchmark:/home/sophie/visionaid/isaac_ros_ws/install/isaac_ros_image_proc_benchmark:/home/sophie/visionaid/isaac_ros_ws/install/isaac_ros_ess_nova_benchmark:/home/sophie/visionaid/isaac_ros_ws/install/isaac_ros_data_recorder_nova_benchmark:/home/sophie/visionaid/isaac_ros_ws/install/isaac_ros_hawk_nova_benchmark:/home/sophie/visionaid/isaac_ros_ws/install/isaac_ros_h264_encoder_benchmark:/home/sophie/visionaid/isaac_ros_ws/install/isaac_ros_h264_decoder_benchmark:/home/sophie/visionaid/isaac_ros_ws/install/isaac_ros_foundationpose_benchmark:/home/sophie/visionaid/isaac_ros_ws/install/isaac_ros_ess_benchmark:/home/sophie/visionaid/isaac_ros_ws/install/isaac_ros_dope_benchmark:/home/sophie/visionaid/isaac_ros_ws/install/isaac_ros_dnn_image_encoder_benchmark:/home/sophie/visionaid/isaac_ros_ws/install/isaac_ros_detectnet_benchmark:/home/sophie/visionaid/isaac_ros_ws/install/isaac_ros_centerpose_benchmark:/home/sophie/visionaid/isaac_ros_ws/install/isaac_ros_bi3d_freespace_benchmark:/home/sophie/visionaid/isaac_ros_ws/install/isaac_ros_bi3d_benchmark:/home/sophie/visionaid/isaac_ros_ws/install/isaac_ros_argus_camera_benchmark:/home/sophie/visionaid/isaac_ros_ws/install/isaac_ros_apriltag_benchmark:/home/sophie/visionaid/isaac_ros_ws/install/isaac_ros_benchmark:/home/sophie/visionaid/isaac_ros_ws/install/ros2_benchmark:/home/sophie/visionaid/isaac_ros_ws/install/ros2_benchmark_interfaces:/home/sophie/visionaid/isaac_ros_ws/install/isaac_ros_triton:/home/sophie/visionaid/isaac_ros_ws/install/isaac_ros_test_cmake:/home/sophie/visionaid/isaac_ros_ws/install/isaac_ros_nitros_bridge_ros2:/home/sophie/visionaid/isaac_ros_ws/install/isaac_ros_dnn_image_encoder:/home/sophie/visionaid/isaac_ros_ws/install/isaac_ros_tensor_proc:/home/sophie/visionaid/isaac_ros_ws/install/isaac_ros_nitros_topic_tools:/home/sophie/visionaid/isaac_ros_ws/install/isaac_ros_image_pipeline:/home/sophie/visionaid/isaac_ros_ws/install/isaac_ros_depth_image_proc:/home/sophie/visionaid/isaac_ros_ws/install/custom_nitros_string:/home/sophie/visionaid/isaac_ros_ws/install/custom_nitros_message_filter:/home/sophie/visionaid/isaac_ros_ws/install/custom_nitros_image:/home/sophie/visionaid/isaac_ros_ws/install/custom_nitros_dnn_image_encoder:/home/sophie/visionaid/isaac_ros_ws/install/isaac_ros_nitros_bridge_interfaces:/home/sophie/visionaid/isaac_ros_ws/install/isaac_ros_stereo_image_proc:/home/sophie/visionaid/isaac_ros_ws/install/isaac_ros_r2b_galileo:/home/sophie/visionaid/isaac_ros_ws/install/isaac_ros_nitros_flat_scan_type:/home/sophie/visionaid/isaac_ros_ws/install/isaac_ros_pointcloud_interfaces:/home/sophie/visionaid/isaac_ros_ws/install/isaac_ros_nitros_encoder_ticks_type:/home/sophie/visionaid/isaac_ros_ws/install/isaac_ros_nitros_correlated_timestamp_type:/home/sophie/visionaid/isaac_ros_ws/install/isaac_ros_nitros_battery_state_type:/home/sophie/visionaid/isaac_ros_ws/install/isaac_ros_nova_interfaces:/home/sophie/visionaid/isaac_ros_ws/install/isaac_ros_nitros_twist_type:/home/sophie/visionaid/isaac_ros_ws/install/isaac_ros_nitros_std_msg_type:/home/sophie/visionaid/isaac_ros_ws/install/isaac_ros_nitros_pose_cov_stamped_type:/home/sophie/visionaid/isaac_ros_ws/install/isaac_ros_nitros_pose_array_type:/home/sophie/visionaid/isaac_ros_ws/install/isaac_ros_nitros_point_cloud_type:/home/sophie/visionaid/isaac_ros_ws/install/isaac_ros_nitros_odometry_type:/home/sophie/visionaid/isaac_ros_ws/install/isaac_ros_nitros_occupancy_grid_type:/home/sophie/visionaid/isaac_ros_ws/install/isaac_ros_nitros_imu_type:/home/sophie/visionaid/isaac_ros_ws/install/isaac_ros_nitros_disparity_image_type:/home/sophie/visionaid/isaac_ros_ws/install/isaac_ros_nitros_detection3_d_array_type:/home/sophie/visionaid/isaac_ros_ws/install/isaac_ros_nitros_detection2_d_array_type:/home/sophie/visionaid/isaac_ros_ws/install/isaac_ros_nitros_compressed_video_type:/home/sophie/visionaid/isaac_ros_ws/install/isaac_ros_nitros_compressed_image_type:/home/sophie/visionaid/isaac_ros_ws/install/gxf_isaac_utils:/home/sophie/visionaid/isaac_ros_ws/install/gxf_isaac_triton:/home/sophie/visionaid/isaac_ros_ws/install/gxf_isaac_sgm:/home/sophie/visionaid/isaac_ros_ws/install/gxf_isaac_segway:/home/sophie/visionaid/isaac_ros_ws/install/gxf_isaac_depth_image_proc:/home/sophie/visionaid/isaac_ros_ws/install/gxf_isaac_ros_messages:/home/sophie/visionaid/isaac_ros_ws/install/gxf_isaac_ros_cuda:/home/sophie/visionaid/isaac_ros_ws/install/gxf_isaac_rectify:/home/sophie/visionaid/isaac_ros_ws/install/gxf_isaac_range_scan_processing:/home/sophie/visionaid/isaac_ros_ws/install/gxf_isaac_point_cloud:/home/sophie/visionaid/isaac_ros_ws/install/gxf_isaac_messages_throttler:/home/sophie/visionaid/isaac_ros_ws/install/gxf_isaac_localization:/home/sophie/visionaid/isaac_ros_ws/install/gxf_isaac_hesai:/home/sophie/visionaid/isaac_ros_ws/install/gxf_isaac_flatscan_localization:/home/sophie/visionaid/isaac_ros_ws/install/gxf_isaac_cuda:/home/sophie/visionaid/isaac_ros_ws/install/gxf_isaac_argus:/home/sophie/visionaid/isaac_ros_ws/install/gxf_isaac_timestamp_correlator:/home/sophie/visionaid/isaac_ros_ws/install/isaac_ros_bi3d_interfaces:/home/sophie/visionaid/isaac_ros_ws/install/isaac_ros_apriltag_interfaces:/home/sophie/visionaid/isaac_ros_ws/install/custom_nitros_message_filter_interfaces LD_LIBRARY_PATH=/home/sophie/visionaid/isaac_ros_ws/install/isaac_ros_visual_slam/lib:/home/sophie/visionaid/isaac_ros_ws/install/isaac_ros_image_proc/lib:/home/sophie/visionaid/isaac_ros_ws/install/isaac_ros_tensor_rt/lib:/home/sophie/visionaid/isaac_ros_ws/install/isaac_ros_nitros_tensor_list_type/lib:/home/sophie/visionaid/isaac_ros_ws/install/isaac_ros_nitros_image_type/lib:/home/sophie/visionaid/isaac_ros_ws/install/isaac_ros_nitros_camera_info_type/lib:/home/sophie/visionaid/isaac_ros_ws/install/gxf_isaac_tensor_rt/lib:/home/sophie/visionaid/isaac_ros_ws/install/isaac_ros_nitros/lib:/home/sophie/visionaid/isaac_ros_ws/install/gxf_isaac_tensorops/lib:/home/sophie/visionaid/isaac_ros_ws/install/gxf_isaac_image_flip/lib:/home/sophie/visionaid/isaac_ros_ws/install/isaac_ros_visual_slam_interfaces/lib:/home/sophie/visionaid/isaac_ros_ws/install/isaac_ros_tensor_list_interfaces/lib:/home/sophie/visionaid/isaac_ros_ws/install/isaac_ros_gxf/lib:/home/sophie/visionaid/isaac_ros_ws/install/isaac_ros_common/lib:/home/sophie/Downloads/opt/nvidia/cvcuda0/lib:/home/sophie/Downloads/TensorRT-10.10.0.31/lib:/usr/local/cuda-12.8/lib64:/home/sophie/visionaid/isaac_ros_ws/install/isaac_ros_benchmark/lib:/home/sophie/visionaid/isaac_ros_ws/install/ros2_benchmark/lib:/home/sophie/visionaid/isaac_ros_ws/install/ros2_benchmark_interfaces/lib:/home/sophie/visionaid/isaac_ros_ws/install/isaac_ros_triton/lib:/home/sophie/visionaid/isaac_ros_ws/install/isaac_ros_nitros_bridge_ros2/lib:/home/sophie/visionaid/isaac_ros_ws/install/isaac_ros_dnn_image_encoder/lib:/home/sophie/visionaid/isaac_ros_ws/install/isaac_ros_tensor_proc/lib:/home/sophie/visionaid/isaac_ros_ws/install/isaac_ros_nitros_topic_tools/lib:/home/sophie/visionaid/isaac_ros_ws/install/isaac_ros_depth_image_proc/lib:/home/sophie/visionaid/isaac_ros_ws/install/custom_nitros_string/lib:/home/sophie/visionaid/isaac_ros_ws/install/custom_nitros_message_filter/lib:/home/sophie/visionaid/isaac_ros_ws/install/custom_nitros_image/lib:/home/sophie/visionaid/isaac_ros_ws/install/custom_nitros_dnn_image_encoder/lib:/home/sophie/visionaid/isaac_ros_ws/install/isaac_ros_managed_nitros/lib:/home/sophie/visionaid/isaac_ros_ws/install/isaac_ros_nitros_bridge_interfaces/lib:/home/sophie/visionaid/isaac_ros_ws/install/isaac_ros_stereo_image_proc/lib:/home/sophie/visionaid/isaac_ros_ws/install/isaac_ros_nitros_flat_scan_type/lib:/home/sophie/visionaid/isaac_ros_ws/install/isaac_ros_pointcloud_interfaces/lib:/home/sophie/visionaid/isaac_ros_ws/install/isaac_ros_nitros_encoder_ticks_type/lib:/home/sophie/visionaid/isaac_ros_ws/install/isaac_ros_nitros_correlated_timestamp_type/lib:/home/sophie/visionaid/isaac_ros_ws/install/isaac_ros_nitros_battery_state_type/lib:/home/sophie/visionaid/isaac_ros_ws/install/isaac_ros_nova_interfaces/lib:/home/sophie/visionaid/isaac_ros_ws/install/isaac_ros_nitros_twist_type/lib:/home/sophie/visionaid/isaac_ros_ws/install/isaac_ros_nitros_std_msg_type/lib:/home/sophie/visionaid/isaac_ros_ws/install/isaac_ros_nitros_pose_cov_stamped_type/lib:/home/sophie/visionaid/isaac_ros_ws/install/isaac_ros_nitros_pose_array_type/lib:/home/sophie/visionaid/isaac_ros_ws/install/isaac_ros_nitros_point_cloud_type/lib:/home/sophie/visionaid/isaac_ros_ws/install/isaac_ros_nitros_odometry_type/lib:/home/sophie/visionaid/isaac_ros_ws/install/isaac_ros_nitros_occupancy_grid_type/lib:/home/sophie/visionaid/isaac_ros_ws/install/isaac_ros_nitros_imu_type/lib:/home/sophie/visionaid/isaac_ros_ws/install/isaac_ros_nitros_disparity_image_type/lib:/home/sophie/visionaid/isaac_ros_ws/install/isaac_ros_nitros_detection3_d_array_type/lib:/home/sophie/visionaid/isaac_ros_ws/install/isaac_ros_nitros_detection2_d_array_type/lib:/home/sophie/visionaid/isaac_ros_ws/install/isaac_ros_nitros_compressed_video_type/lib:/home/sophie/visionaid/isaac_ros_ws/install/isaac_ros_nitros_compressed_image_type/lib:/home/sophie/visionaid/isaac_ros_ws/install/gxf_isaac_utils/lib:/home/sophie/visionaid/isaac_ros_ws/install/gxf_isaac_triton/lib:/home/sophie/visionaid/isaac_ros_ws/install/gxf_isaac_sight/lib:/home/sophie/visionaid/isaac_ros_ws/install/gxf_isaac_sgm/lib:/home/sophie/visionaid/isaac_ros_ws/install/gxf_isaac_segway/lib:/home/sophie/visionaid/isaac_ros_ws/install/gxf_isaac_depth_image_proc/lib:/home/sophie/visionaid/isaac_ros_ws/install/gxf_isaac_ros_messages/lib:/home/sophie/visionaid/isaac_ros_ws/install/gxf_isaac_ros_cuda/lib:/home/sophie/visionaid/isaac_ros_ws/install/gxf_isaac_rectify/lib:/home/sophie/visionaid/isaac_ros_ws/install/gxf_isaac_range_scan_processing/lib:/home/sophie/visionaid/isaac_ros_ws/install/gxf_isaac_point_cloud/lib:/home/sophie/visionaid/isaac_ros_ws/install/gxf_isaac_optimizer/lib:/home/sophie/visionaid/isaac_ros_ws/install/gxf_isaac_messages/lib:/home/sophie/visionaid/isaac_ros_ws/install/gxf_isaac_message_compositor/lib:/home/sophie/visionaid/isaac_ros_ws/install/gxf_isaac_localization/lib:/home/sophie/visionaid/isaac_ros_ws/install/gxf_isaac_hesai/lib:/home/sophie/visionaid/isaac_ros_ws/install/gxf_isaac_gxf_helpers/lib:/home/sophie/visionaid/isaac_ros_ws/install/gxf_isaac_atlas/lib:/home/sophie/visionaid/isaac_ros_ws/install/gxf_isaac_gems/lib:/home/sophie/visionaid/isaac_ros_ws/install/gxf_isaac_flatscan_localization/lib:/home/sophie/visionaid/isaac_ros_ws/install/gxf_isaac_cuda/lib:/home/sophie/visionaid/isaac_ros_ws/install/gxf_isaac_argus/lib:/home/sophie/visionaid/isaac_ros_ws/install/gxf_isaac_timestamp_correlator/lib:/home/sophie/visionaid/isaac_ros_ws/install/isaac_ros_bi3d_interfaces/lib:/home/sophie/visionaid/isaac_ros_ws/install/isaac_ros_apriltag_interfaces/lib:/home/sophie/visionaid/isaac_ros_ws/install/custom_nitros_message_filter_interfaces/lib:/home/sophie/Downloads/opt/nvidia/cvcuda0/lib:/home/sophie/Downloads/TensorRT-10.10.0.31/lib:/usr/local/cuda-12.8/lib64:/opt/ros/humble/opt/rviz_ogre_vendor/lib:/opt/ros/humble/lib/x86_64-linux-gnu:/opt/ros/humble/lib PATH=/home/sophie/visionaid/isaac_ros_ws/install/isaac_ros_common/bin:/home/sophie/Downloads/TensorRT-10.10.0.31/samples/trtexec:/usr/local/cuda-12.8/bin:/home/sophie/.local/bin:/home/sophie/Downloads/TensorRT-10.10.0.31/samples/trtexec:/usr/local/cuda-12.8/bin:/opt/ros/humble/bin:/home/sophie/.local/bin:/usr/local/sbin:/usr/local/bin:/usr/sbin:/usr/bin:/sbin:/bin:/usr/games:/usr/local/games:/snap/bin:/snap/bin:/home/sophie/.vscode/extensions/ms-python.debugpy-2025.8.0-linux-x64/bundled/scripts/noConfigScripts:/home/sophie/.config/Code/User/globalStorage/github.copilot-chat/debugCommand PYTHONPATH=/home/sophie/visionaid/isaac_ros_ws/build/yolov8_bdd100k_detection/prefix_override:/usr/lib/python3/dist-packages/colcon_core/task/python/colcon_distutils_commands:/home/sophie/visionaid/isaac_ros_ws/install/yolov8_bdd100k_detection/lib/python3.10/site-packages:/home/sophie/visionaid/isaac_ros_ws/build/isaac_ros_test:/home/sophie/visionaid/isaac_ros_ws/install/isaac_ros_test/lib/python3.10/site-packages:/home/sophie/visionaid/isaac_ros_ws/build/isaac_ros_launch_utils:/home/sophie/visionaid/isaac_ros_ws/install/isaac_ros_launch_utils/lib/python3.10/site-packages:/home/sophie/visionaid/isaac_ros_ws/build/traffic_crossing_assistant:/home/sophie/visionaid/isaac_ros_ws/install/traffic_crossing_assistant/lib/python3.10/site-packages:/home/sophie/visionaid/isaac_ros_ws/build/scene_description_system:/home/sophie/visionaid/isaac_ros_ws/install/scene_description_system/lib/python3.10/site-packages:/home/sophie/visionaid/isaac_ros_ws/build/gps_navigation_system:/home/sophie/visionaid/isaac_ros_ws/install/gps_navigation_system/lib/python3.10/site-packages:/home/sophie/visionaid/isaac_ros_ws/build/assistive_navigation_core:/home/sophie/visionaid/isaac_ros_ws/install/assistive_navigation_core/lib/python3.10/site-packages:/home/sophie/visionaid/isaac_ros_ws/install/lib/python3.10/site-packages:/home/sophie/visionaid/isaac_ros_ws/build/yolov8_bdd100k_detection:/home/sophie/visionaid/isaac_ros_ws/install/yolov8_bdd100k_detection/lib/python3.10/site-packages:/home/sophie/visionaid/isaac_ros_ws/install/isaac_ros_ur5_ompl_benchmark/local/lib/python3.10/dist-packages:/home/sophie/visionaid/isaac_ros_ws/install/isaac_ros_ur5_cumotion_benchmark/local/lib/python3.10/dist-packages:/home/sophie/visionaid/isaac_ros_ws/install/isaac_ros_franka_ompl_benchmark/local/lib/python3.10/dist-packages:/home/sophie/visionaid/isaac_ros_ws/install/isaac_ros_franka_cumotion_benchmark/local/lib/python3.10/dist-packages:/home/sophie/visionaid/isaac_ros_ws/install/isaac_ros_moveit_benchmark/local/lib/python3.10/dist-packages:/home/sophie/visionaid/isaac_ros_ws/install/isaac_ros_hawk_nova_benchmark/local/lib/python3.10/dist-packages:/home/sophie/visionaid/isaac_ros_ws/install/isaac_ros_ess_benchmark/local/lib/python3.10/dist-packages:/home/sophie/visionaid/isaac_ros_ws/install/isaac_ros_benchmark/local/lib/python3.10/dist-packages:/home/sophie/visionaid/isaac_ros_ws/install/ros2_benchmark/local/lib/python3.10/dist-packages:/home/sophie/visionaid/isaac_ros_ws/install/ros2_benchmark_interfaces/local/lib/python3.10/dist-packages:/home/sophie/visionaid/isaac_ros_ws/install/isaac_ros_visual_slam_interfaces/local/lib/python3.10/dist-packages:/home/sophie/visionaid/isaac_ros_ws/build/isaac_ros_pynitros:/home/sophie/visionaid/isaac_ros_ws/install/isaac_ros_pynitros/lib/python3.10/site-packages:/home/sophie/visionaid/isaac_ros_ws/install/isaac_ros_nitros_bridge_interfaces/local/lib/python3.10/dist-packages:/home/sophie/visionaid/isaac_ros_ws/install/isaac_ros_tensor_list_interfaces/local/lib/python3.10/dist-packages:/home/sophie/visionaid/isaac_ros_ws/build/isaac_ros_rosbag_utils:/home/sophie/visionaid/isaac_ros_ws/install/isaac_ros_rosbag_utils/lib/python3.10/site-packages:/home/sophie/visionaid/isaac_ros_ws/install/isaac_ros_pointcloud_interfaces/local/lib/python3.10/dist-packages:/home/sophie/visionaid/isaac_ros_ws/install/isaac_ros_nova_interfaces/local/lib/python3.10/dist-packages:/home/sophie/visionaid/isaac_ros_ws/install/isaac_ros_common/local/lib/python3.10/dist-packages:/home/sophie/visionaid/isaac_ros_ws/install/isaac_ros_bi3d_interfaces/local/lib/python3.10/dist-packages:/home/sophie/visionaid/isaac_ros_ws/install/isaac_ros_apriltag_interfaces/local/lib/python3.10/dist-packages:/home/sophie/visionaid/isaac_ros_ws/build/isaac_common_py:/home/sophie/visionaid/isaac_ros_ws/install/isaac_common_py/lib/python3.10/site-packages:/home/sophie/visionaid/isaac_ros_ws/install/custom_nitros_message_filter_interfaces/local/lib/python3.10/dist-packages:/home/sophie/visionaid/isaac_ros_ws/install/lib/python3.10/site-packages:/opt/ros/humble/lib/python3.10/site-packages:/opt/ros/humble/local/lib/python3.10/dist-packages /usr/bin/python3 -W ignore:setup.py install is deprecated -W ignore:easy_install command is deprecated setup.py develop --uninstall --editable --build-directory /home/sophie/visionaid/isaac_ros_ws/build/yolov8_bdd100k_detection/build[0m
[1.218s] [34mcolcon.colcon_core.event_handler.log_command[0m [1;30mDEBUG[0m [32mInvoked command in '/home/sophie/visionaid/isaac_ros_ws/build/yolov8_bdd100k_detection' returned '0': AMENT_PREFIX_PATH=/home/sophie/visionaid/isaac_ros_ws/install/isaac_ros_test:/home/sophie/visionaid/isaac_ros_ws/install/isaac_ros_launch_utils:/home/sophie/visionaid/isaac_ros_ws/install/traffic_crossing_assistant:/home/sophie/visionaid/isaac_ros_ws/install/shared_interfaces:/home/sophie/visionaid/isaac_ros_ws/install/scene_description_system:/home/sophie/visionaid/isaac_ros_ws/install/gps_navigation_system:/home/sophie/visionaid/isaac_ros_ws/install/assistive_navigation_core:/home/sophie/visionaid/isaac_ros_ws/install/yolov8_bdd100k_detection:/home/sophie/visionaid/isaac_ros_ws/install/isaac_ros_ur5_ompl_benchmark:/home/sophie/visionaid/isaac_ros_ws/install/isaac_ros_ur5_cumotion_benchmark:/home/sophie/visionaid/isaac_ros_ws/install/ur5_robotiq_85_description:/home/sophie/visionaid/isaac_ros_ws/install/ur5_gripper_moveit_config:/home/sophie/visionaid/isaac_ros_ws/install/isaac_ros_visual_slam_benchmark:/home/sophie/visionaid/isaac_ros_ws/install/isaac_ros_unet_benchmark:/home/sophie/visionaid/isaac_ros_ws/install/isaac_ros_triton_benchmark:/home/sophie/visionaid/isaac_ros_ws/install/isaac_ros_tensor_rt_benchmark:/home/sophie/visionaid/isaac_ros_ws/install/isaac_ros_stereo_image_proc_benchmark:/home/sophie/visionaid/isaac_ros_ws/install/isaac_ros_segment_anything_benchmark:/home/sophie/visionaid/isaac_ros_ws/install/isaac_ros_segformer_benchmark:/home/sophie/visionaid/isaac_ros_ws/install/isaac_ros_rtdetr_benchmark:/home/sophie/visionaid/isaac_ros_ws/install/isaac_ros_pynitros_benchmark:/home/sophie/visionaid/isaac_ros_ws/install/isaac_ros_perceptor_nova_benchmark:/home/sophie/visionaid/isaac_ros_ws/install/isaac_ros_occupancy_grid_localizer_benchmark:/home/sophie/visionaid/isaac_ros_ws/install/isaac_ros_nvblox_benchmark:/home/sophie/visionaid/isaac_ros_ws/install/isaac_ros_nitros_bridge_benchmark:/home/sophie/visionaid/isaac_ros_ws/install/isaac_ros_franka_ompl_benchmark:/home/sophie/visionaid/isaac_ros_ws/install/isaac_ros_franka_cumotion_benchmark:/home/sophie/visionaid/isaac_ros_ws/install/isaac_ros_moveit_benchmark:/home/sophie/visionaid/isaac_ros_ws/install/isaac_ros_image_proc_benchmark:/home/sophie/visionaid/isaac_ros_ws/install/isaac_ros_ess_nova_benchmark:/home/sophie/visionaid/isaac_ros_ws/install/isaac_ros_data_recorder_nova_benchmark:/home/sophie/visionaid/isaac_ros_ws/install/isaac_ros_hawk_nova_benchmark:/home/sophie/visionaid/isaac_ros_ws/install/isaac_ros_h264_encoder_benchmark:/home/sophie/visionaid/isaac_ros_ws/install/isaac_ros_h264_decoder_benchmark:/home/sophie/visionaid/isaac_ros_ws/install/isaac_ros_foundationpose_benchmark:/home/sophie/visionaid/isaac_ros_ws/install/isaac_ros_ess_benchmark:/home/sophie/visionaid/isaac_ros_ws/install/isaac_ros_dope_benchmark:/home/sophie/visionaid/isaac_ros_ws/install/isaac_ros_dnn_image_encoder_benchmark:/home/sophie/visionaid/isaac_ros_ws/install/isaac_ros_detectnet_benchmark:/home/sophie/visionaid/isaac_ros_ws/install/isaac_ros_centerpose_benchmark:/home/sophie/visionaid/isaac_ros_ws/install/isaac_ros_bi3d_freespace_benchmark:/home/sophie/visionaid/isaac_ros_ws/install/isaac_ros_bi3d_benchmark:/home/sophie/visionaid/isaac_ros_ws/install/isaac_ros_argus_camera_benchmark:/home/sophie/visionaid/isaac_ros_ws/install/isaac_ros_apriltag_benchmark:/home/sophie/visionaid/isaac_ros_ws/install/isaac_ros_benchmark:/home/sophie/visionaid/isaac_ros_ws/install/ros2_benchmark:/home/sophie/visionaid/isaac_ros_ws/install/ros2_benchmark_interfaces:/home/sophie/visionaid/isaac_ros_ws/install/isaac_ros_visual_slam:/home/sophie/visionaid/isaac_ros_ws/install/isaac_ros_visual_slam_interfaces:/home/sophie/visionaid/isaac_ros_ws/install/isaac_ros_triton:/home/sophie/visionaid/isaac_ros_ws/install/isaac_ros_test_cmake:/home/sophie/visionaid/isaac_ros_ws/install/isaac_ros_nitros_bridge_ros2:/home/sophie/visionaid/isaac_ros_ws/install/isaac_ros_tensor_rt:/home/sophie/visionaid/isaac_ros_ws/install/isaac_ros_dnn_image_encoder:/home/sophie/visionaid/isaac_ros_ws/install/isaac_ros_tensor_proc:/home/sophie/visionaid/isaac_ros_ws/install/isaac_ros_pynitros:/home/sophie/visionaid/isaac_ros_ws/install/isaac_ros_nitros_topic_tools:/home/sophie/visionaid/isaac_ros_ws/install/isaac_ros_image_pipeline:/home/sophie/visionaid/isaac_ros_ws/install/isaac_ros_image_proc:/home/sophie/visionaid/isaac_ros_ws/install/isaac_ros_depth_image_proc:/home/sophie/visionaid/isaac_ros_ws/install/custom_nitros_string:/home/sophie/visionaid/isaac_ros_ws/install/custom_nitros_message_filter:/home/sophie/visionaid/isaac_ros_ws/install/custom_nitros_image:/home/sophie/visionaid/isaac_ros_ws/install/custom_nitros_dnn_image_encoder:/home/sophie/visionaid/isaac_ros_ws/install/isaac_ros_managed_nitros:/home/sophie/visionaid/isaac_ros_ws/install/isaac_ros_nitros_tensor_list_type:/home/sophie/visionaid/isaac_ros_ws/install/isaac_ros_nitros_bridge_interfaces:/home/sophie/visionaid/isaac_ros_ws/install/isaac_ros_tensor_list_interfaces:/home/sophie/visionaid/isaac_ros_ws/install/isaac_ros_stereo_image_proc:/home/sophie/visionaid/isaac_ros_ws/install/isaac_ros_rosbag_utils:/home/sophie/visionaid/isaac_ros_ws/install/isaac_ros_r2b_galileo:/home/sophie/visionaid/isaac_ros_ws/install/isaac_ros_nitros_flat_scan_type:/home/sophie/visionaid/isaac_ros_ws/install/isaac_ros_pointcloud_interfaces:/home/sophie/visionaid/isaac_ros_ws/install/isaac_ros_nitros_encoder_ticks_type:/home/sophie/visionaid/isaac_ros_ws/install/isaac_ros_nitros_correlated_timestamp_type:/home/sophie/visionaid/isaac_ros_ws/install/isaac_ros_nitros_battery_state_type:/home/sophie/visionaid/isaac_ros_ws/install/isaac_ros_nova_interfaces:/home/sophie/visionaid/isaac_ros_ws/install/isaac_ros_nitros_twist_type:/home/sophie/visionaid/isaac_ros_ws/install/isaac_ros_nitros_std_msg_type:/home/sophie/visionaid/isaac_ros_ws/install/isaac_ros_nitros_pose_cov_stamped_type:/home/sophie/visionaid/isaac_ros_ws/install/isaac_ros_nitros_pose_array_type:/home/sophie/visionaid/isaac_ros_ws/install/isaac_ros_nitros_point_cloud_type:/home/sophie/visionaid/isaac_ros_ws/install/isaac_ros_nitros_odometry_type:/home/sophie/visionaid/isaac_ros_ws/install/isaac_ros_nitros_occupancy_grid_type:/home/sophie/visionaid/isaac_ros_ws/install/isaac_ros_nitros_imu_type:/home/sophie/visionaid/isaac_ros_ws/install/isaac_ros_nitros_image_type:/home/sophie/visionaid/isaac_ros_ws/install/isaac_ros_nitros_disparity_image_type:/home/sophie/visionaid/isaac_ros_ws/install/isaac_ros_nitros_detection3_d_array_type:/home/sophie/visionaid/isaac_ros_ws/install/isaac_ros_nitros_detection2_d_array_type:/home/sophie/visionaid/isaac_ros_ws/install/isaac_ros_nitros_compressed_video_type:/home/sophie/visionaid/isaac_ros_ws/install/isaac_ros_nitros_compressed_image_type:/home/sophie/visionaid/isaac_ros_ws/install/isaac_ros_nitros_camera_info_type:/home/sophie/visionaid/isaac_ros_ws/install/isaac_ros_nitros:/home/sophie/visionaid/isaac_ros_ws/install/gxf_isaac_utils:/home/sophie/visionaid/isaac_ros_ws/install/gxf_isaac_triton:/home/sophie/visionaid/isaac_ros_ws/install/gxf_isaac_tensor_rt:/home/sophie/visionaid/isaac_ros_ws/install/gxf_isaac_tensorops:/home/sophie/visionaid/isaac_ros_ws/install/gxf_isaac_sight:/home/sophie/visionaid/isaac_ros_ws/install/gxf_isaac_sgm:/home/sophie/visionaid/isaac_ros_ws/install/gxf_isaac_segway:/home/sophie/visionaid/isaac_ros_ws/install/gxf_isaac_depth_image_proc:/home/sophie/visionaid/isaac_ros_ws/install/gxf_isaac_ros_messages:/home/sophie/visionaid/isaac_ros_ws/install/gxf_isaac_ros_cuda:/home/sophie/visionaid/isaac_ros_ws/install/gxf_isaac_rectify:/home/sophie/visionaid/isaac_ros_ws/install/gxf_isaac_range_scan_processing:/home/sophie/visionaid/isaac_ros_ws/install/gxf_isaac_point_cloud:/home/sophie/visionaid/isaac_ros_ws/install/gxf_isaac_optimizer:/home/sophie/visionaid/isaac_ros_ws/install/gxf_isaac_messages_throttler:/home/sophie/visionaid/isaac_ros_ws/install/gxf_isaac_messages:/home/sophie/visionaid/isaac_ros_ws/install/gxf_isaac_message_compositor:/home/sophie/visionaid/isaac_ros_ws/install/gxf_isaac_localization:/home/sophie/visionaid/isaac_ros_ws/install/gxf_isaac_image_flip:/home/sophie/visionaid/isaac_ros_ws/install/gxf_isaac_hesai:/home/sophie/visionaid/isaac_ros_ws/install/gxf_isaac_gxf_helpers:/home/sophie/visionaid/isaac_ros_ws/install/gxf_isaac_atlas:/home/sophie/visionaid/isaac_ros_ws/install/gxf_isaac_gems:/home/sophie/visionaid/isaac_ros_ws/install/gxf_isaac_flatscan_localization:/home/sophie/visionaid/isaac_ros_ws/install/gxf_isaac_cuda:/home/sophie/visionaid/isaac_ros_ws/install/gxf_isaac_argus:/home/sophie/visionaid/isaac_ros_ws/install/isaac_ros_gxf:/home/sophie/visionaid/isaac_ros_ws/install/gxf_isaac_timestamp_correlator:/home/sophie/visionaid/isaac_ros_ws/install/isaac_ros_common:/home/sophie/visionaid/isaac_ros_ws/install/isaac_ros_bi3d_interfaces:/home/sophie/visionaid/isaac_ros_ws/install/isaac_ros_apriltag_interfaces:/home/sophie/visionaid/isaac_ros_ws/install/isaac_common_py:/home/sophie/visionaid/isaac_ros_ws/install/isaac_common:/home/sophie/visionaid/isaac_ros_ws/install/custom_nitros_message_filter_interfaces:/opt/ros/humble CMAKE_PREFIX_PATH=/home/sophie/visionaid/isaac_ros_ws/install/isaac_ros_visual_slam:/home/sophie/visionaid/isaac_ros_ws/install/isaac_ros_image_proc:/home/sophie/visionaid/isaac_ros_ws/install/isaac_ros_tensor_rt:/home/sophie/visionaid/isaac_ros_ws/install/isaac_ros_managed_nitros:/home/sophie/visionaid/isaac_ros_ws/install/isaac_ros_nitros_tensor_list_type:/home/sophie/visionaid/isaac_ros_ws/install/isaac_ros_nitros_image_type:/home/sophie/visionaid/isaac_ros_ws/install/isaac_ros_nitros_camera_info_type:/home/sophie/visionaid/isaac_ros_ws/install/gxf_isaac_tensor_rt:/home/sophie/visionaid/isaac_ros_ws/install/isaac_ros_nitros:/home/sophie/visionaid/isaac_ros_ws/install/gxf_isaac_tensorops:/home/sophie/visionaid/isaac_ros_ws/install/gxf_isaac_messages:/home/sophie/visionaid/isaac_ros_ws/install/gxf_isaac_gxf_helpers:/home/sophie/visionaid/isaac_ros_ws/install/gxf_isaac_atlas:/home/sophie/visionaid/isaac_ros_ws/install/gxf_isaac_sight:/home/sophie/visionaid/isaac_ros_ws/install/gxf_isaac_optimizer:/home/sophie/visionaid/isaac_ros_ws/install/gxf_isaac_message_compositor:/home/sophie/visionaid/isaac_ros_ws/install/gxf_isaac_image_flip:/home/sophie/visionaid/isaac_ros_ws/install/gxf_isaac_gems:/home/sophie/visionaid/isaac_ros_ws/install/isaac_ros_visual_slam_interfaces:/home/sophie/visionaid/isaac_ros_ws/install/isaac_ros_tensor_list_interfaces:/home/sophie/visionaid/isaac_ros_ws/install/isaac_ros_gxf:/home/sophie/visionaid/isaac_ros_ws/install/isaac_common:/home/sophie/visionaid/isaac_ros_ws/install/isaac_ros_common:/home/sophie/visionaid/isaac_ros_ws/install/shared_interfaces:/home/sophie/visionaid/isaac_ros_ws/install/isaac_ros_ur5_ompl_benchmark:/home/sophie/visionaid/isaac_ros_ws/install/isaac_ros_ur5_cumotion_benchmark:/home/sophie/visionaid/isaac_ros_ws/install/ur5_robotiq_85_description:/home/sophie/visionaid/isaac_ros_ws/install/ur5_gripper_moveit_config:/home/sophie/visionaid/isaac_ros_ws/install/isaac_ros_visual_slam_benchmark:/home/sophie/visionaid/isaac_ros_ws/install/isaac_ros_unet_benchmark:/home/sophie/visionaid/isaac_ros_ws/install/isaac_ros_triton_benchmark:/home/sophie/visionaid/isaac_ros_ws/install/isaac_ros_tensor_rt_benchmark:/home/sophie/visionaid/isaac_ros_ws/install/isaac_ros_stereo_image_proc_benchmark:/home/sophie/visionaid/isaac_ros_ws/install/isaac_ros_segment_anything_benchmark:/home/sophie/visionaid/isaac_ros_ws/install/isaac_ros_segformer_benchmark:/home/sophie/visionaid/isaac_ros_ws/install/isaac_ros_rtdetr_benchmark:/home/sophie/visionaid/isaac_ros_ws/install/isaac_ros_pynitros_benchmark:/home/sophie/visionaid/isaac_ros_ws/install/isaac_ros_perceptor_nova_benchmark:/home/sophie/visionaid/isaac_ros_ws/install/isaac_ros_occupancy_grid_localizer_benchmark:/home/sophie/visionaid/isaac_ros_ws/install/isaac_ros_nvblox_benchmark:/home/sophie/visionaid/isaac_ros_ws/install/isaac_ros_nitros_bridge_benchmark:/home/sophie/visionaid/isaac_ros_ws/install/isaac_ros_franka_ompl_benchmark:/home/sophie/visionaid/isaac_ros_ws/install/isaac_ros_franka_cumotion_benchmark:/home/sophie/visionaid/isaac_ros_ws/install/isaac_ros_moveit_benchmark:/home/sophie/visionaid/isaac_ros_ws/install/isaac_ros_image_proc_benchmark:/home/sophie/visionaid/isaac_ros_ws/install/isaac_ros_ess_nova_benchmark:/home/sophie/visionaid/isaac_ros_ws/install/isaac_ros_data_recorder_nova_benchmark:/home/sophie/visionaid/isaac_ros_ws/install/isaac_ros_hawk_nova_benchmark:/home/sophie/visionaid/isaac_ros_ws/install/isaac_ros_h264_encoder_benchmark:/home/sophie/visionaid/isaac_ros_ws/install/isaac_ros_h264_decoder_benchmark:/home/sophie/visionaid/isaac_ros_ws/install/isaac_ros_foundationpose_benchmark:/home/sophie/visionaid/isaac_ros_ws/install/isaac_ros_ess_benchmark:/home/sophie/visionaid/isaac_ros_ws/install/isaac_ros_dope_benchmark:/home/sophie/visionaid/isaac_ros_ws/install/isaac_ros_dnn_image_encoder_benchmark:/home/sophie/visionaid/isaac_ros_ws/install/isaac_ros_detectnet_benchmark:/home/sophie/visionaid/isaac_ros_ws/install/isaac_ros_centerpose_benchmark:/home/sophie/visionaid/isaac_ros_ws/install/isaac_ros_bi3d_freespace_benchmark:/home/sophie/visionaid/isaac_ros_ws/install/isaac_ros_bi3d_benchmark:/home/sophie/visionaid/isaac_ros_ws/install/isaac_ros_argus_camera_benchmark:/home/sophie/visionaid/isaac_ros_ws/install/isaac_ros_apriltag_benchmark:/home/sophie/visionaid/isaac_ros_ws/install/isaac_ros_benchmark:/home/sophie/visionaid/isaac_ros_ws/install/ros2_benchmark:/home/sophie/visionaid/isaac_ros_ws/install/ros2_benchmark_interfaces:/home/sophie/visionaid/isaac_ros_ws/install/isaac_ros_triton:/home/sophie/visionaid/isaac_ros_ws/install/isaac_ros_test_cmake:/home/sophie/visionaid/isaac_ros_ws/install/isaac_ros_nitros_bridge_ros2:/home/sophie/visionaid/isaac_ros_ws/install/isaac_ros_dnn_image_encoder:/home/sophie/visionaid/isaac_ros_ws/install/isaac_ros_tensor_proc:/home/sophie/visionaid/isaac_ros_ws/install/isaac_ros_nitros_topic_tools:/home/sophie/visionaid/isaac_ros_ws/install/isaac_ros_image_pipeline:/home/sophie/visionaid/isaac_ros_ws/install/isaac_ros_depth_image_proc:/home/sophie/visionaid/isaac_ros_ws/install/custom_nitros_string:/home/sophie/visionaid/isaac_ros_ws/install/custom_nitros_message_filter:/home/sophie/visionaid/isaac_ros_ws/install/custom_nitros_image:/home/sophie/visionaid/isaac_ros_ws/install/custom_nitros_dnn_image_encoder:/home/sophie/visionaid/isaac_ros_ws/install/isaac_ros_nitros_bridge_interfaces:/home/sophie/visionaid/isaac_ros_ws/install/isaac_ros_stereo_image_proc:/home/sophie/visionaid/isaac_ros_ws/install/isaac_ros_r2b_galileo:/home/sophie/visionaid/isaac_ros_ws/install/isaac_ros_nitros_flat_scan_type:/home/sophie/visionaid/isaac_ros_ws/install/isaac_ros_pointcloud_interfaces:/home/sophie/visionaid/isaac_ros_ws/install/isaac_ros_nitros_encoder_ticks_type:/home/sophie/visionaid/isaac_ros_ws/install/isaac_ros_nitros_correlated_timestamp_type:/home/sophie/visionaid/isaac_ros_ws/install/isaac_ros_nitros_battery_state_type:/home/sophie/visionaid/isaac_ros_ws/install/isaac_ros_nova_interfaces:/home/sophie/visionaid/isaac_ros_ws/install/isaac_ros_nitros_twist_type:/home/sophie/visionaid/isaac_ros_ws/install/isaac_ros_nitros_std_msg_type:/home/sophie/visionaid/isaac_ros_ws/install/isaac_ros_nitros_pose_cov_stamped_type:/home/sophie/visionaid/isaac_ros_ws/install/isaac_ros_nitros_pose_array_type:/home/sophie/visionaid/isaac_ros_ws/install/isaac_ros_nitros_point_cloud_type:/home/sophie/visionaid/isaac_ros_ws/install/isaac_ros_nitros_odometry_type:/home/sophie/visionaid/isaac_ros_ws/install/isaac_ros_nitros_occupancy_grid_type:/home/sophie/visionaid/isaac_ros_ws/install/isaac_ros_nitros_imu_type:/home/sophie/visionaid/isaac_ros_ws/install/isaac_ros_nitros_disparity_image_type:/home/sophie/visionaid/isaac_ros_ws/install/isaac_ros_nitros_detection3_d_array_type:/home/sophie/visionaid/isaac_ros_ws/install/isaac_ros_nitros_detection2_d_array_type:/home/sophie/visionaid/isaac_ros_ws/install/isaac_ros_nitros_compressed_video_type:/home/sophie/visionaid/isaac_ros_ws/install/isaac_ros_nitros_compressed_image_type:/home/sophie/visionaid/isaac_ros_ws/install/gxf_isaac_utils:/home/sophie/visionaid/isaac_ros_ws/install/gxf_isaac_triton:/home/sophie/visionaid/isaac_ros_ws/install/gxf_isaac_sgm:/home/sophie/visionaid/isaac_ros_ws/install/gxf_isaac_segway:/home/sophie/visionaid/isaac_ros_ws/install/gxf_isaac_depth_image_proc:/home/sophie/visionaid/isaac_ros_ws/install/gxf_isaac_ros_messages:/home/sophie/visionaid/isaac_ros_ws/install/gxf_isaac_ros_cuda:/home/sophie/visionaid/isaac_ros_ws/install/gxf_isaac_rectify:/home/sophie/visionaid/isaac_ros_ws/install/gxf_isaac_range_scan_processing:/home/sophie/visionaid/isaac_ros_ws/install/gxf_isaac_point_cloud:/home/sophie/visionaid/isaac_ros_ws/install/gxf_isaac_messages_throttler:/home/sophie/visionaid/isaac_ros_ws/install/gxf_isaac_localization:/home/sophie/visionaid/isaac_ros_ws/install/gxf_isaac_hesai:/home/sophie/visionaid/isaac_ros_ws/install/gxf_isaac_flatscan_localization:/home/sophie/visionaid/isaac_ros_ws/install/gxf_isaac_cuda:/home/sophie/visionaid/isaac_ros_ws/install/gxf_isaac_argus:/home/sophie/visionaid/isaac_ros_ws/install/gxf_isaac_timestamp_correlator:/home/sophie/visionaid/isaac_ros_ws/install/isaac_ros_bi3d_interfaces:/home/sophie/visionaid/isaac_ros_ws/install/isaac_ros_apriltag_interfaces:/home/sophie/visionaid/isaac_ros_ws/install/custom_nitros_message_filter_interfaces LD_LIBRARY_PATH=/home/sophie/visionaid/isaac_ros_ws/install/isaac_ros_visual_slam/lib:/home/sophie/visionaid/isaac_ros_ws/install/isaac_ros_image_proc/lib:/home/sophie/visionaid/isaac_ros_ws/install/isaac_ros_tensor_rt/lib:/home/sophie/visionaid/isaac_ros_ws/install/isaac_ros_nitros_tensor_list_type/lib:/home/sophie/visionaid/isaac_ros_ws/install/isaac_ros_nitros_image_type/lib:/home/sophie/visionaid/isaac_ros_ws/install/isaac_ros_nitros_camera_info_type/lib:/home/sophie/visionaid/isaac_ros_ws/install/gxf_isaac_tensor_rt/lib:/home/sophie/visionaid/isaac_ros_ws/install/isaac_ros_nitros/lib:/home/sophie/visionaid/isaac_ros_ws/install/gxf_isaac_tensorops/lib:/home/sophie/visionaid/isaac_ros_ws/install/gxf_isaac_image_flip/lib:/home/sophie/visionaid/isaac_ros_ws/install/isaac_ros_visual_slam_interfaces/lib:/home/sophie/visionaid/isaac_ros_ws/install/isaac_ros_tensor_list_interfaces/lib:/home/sophie/visionaid/isaac_ros_ws/install/isaac_ros_gxf/lib:/home/sophie/visionaid/isaac_ros_ws/install/isaac_ros_common/lib:/home/sophie/Downloads/opt/nvidia/cvcuda0/lib:/home/sophie/Downloads/TensorRT-10.10.0.31/lib:/usr/local/cuda-12.8/lib64:/home/sophie/visionaid/isaac_ros_ws/install/isaac_ros_benchmark/lib:/home/sophie/visionaid/isaac_ros_ws/install/ros2_benchmark/lib:/home/sophie/visionaid/isaac_ros_ws/install/ros2_benchmark_interfaces/lib:/home/sophie/visionaid/isaac_ros_ws/install/isaac_ros_triton/lib:/home/sophie/visionaid/isaac_ros_ws/install/isaac_ros_nitros_bridge_ros2/lib:/home/sophie/visionaid/isaac_ros_ws/install/isaac_ros_dnn_image_encoder/lib:/home/sophie/visionaid/isaac_ros_ws/install/isaac_ros_tensor_proc/lib:/home/sophie/visionaid/isaac_ros_ws/install/isaac_ros_nitros_topic_tools/lib:/home/sophie/visionaid/isaac_ros_ws/install/isaac_ros_depth_image_proc/lib:/home/sophie/visionaid/isaac_ros_ws/install/custom_nitros_string/lib:/home/sophie/visionaid/isaac_ros_ws/install/custom_nitros_message_filter/lib:/home/sophie/visionaid/isaac_ros_ws/install/custom_nitros_image/lib:/home/sophie/visionaid/isaac_ros_ws/install/custom_nitros_dnn_image_encoder/lib:/home/sophie/visionaid/isaac_ros_ws/install/isaac_ros_managed_nitros/lib:/home/sophie/visionaid/isaac_ros_ws/install/isaac_ros_nitros_bridge_interfaces/lib:/home/sophie/visionaid/isaac_ros_ws/install/isaac_ros_stereo_image_proc/lib:/home/sophie/visionaid/isaac_ros_ws/install/isaac_ros_nitros_flat_scan_type/lib:/home/sophie/visionaid/isaac_ros_ws/install/isaac_ros_pointcloud_interfaces/lib:/home/sophie/visionaid/isaac_ros_ws/install/isaac_ros_nitros_encoder_ticks_type/lib:/home/sophie/visionaid/isaac_ros_ws/install/isaac_ros_nitros_correlated_timestamp_type/lib:/home/sophie/visionaid/isaac_ros_ws/install/isaac_ros_nitros_battery_state_type/lib:/home/sophie/visionaid/isaac_ros_ws/install/isaac_ros_nova_interfaces/lib:/home/sophie/visionaid/isaac_ros_ws/install/isaac_ros_nitros_twist_type/lib:/home/sophie/visionaid/isaac_ros_ws/install/isaac_ros_nitros_std_msg_type/lib:/home/sophie/visionaid/isaac_ros_ws/install/isaac_ros_nitros_pose_cov_stamped_type/lib:/home/sophie/visionaid/isaac_ros_ws/install/isaac_ros_nitros_pose_array_type/lib:/home/sophie/visionaid/isaac_ros_ws/install/isaac_ros_nitros_point_cloud_type/lib:/home/sophie/visionaid/isaac_ros_ws/install/isaac_ros_nitros_odometry_type/lib:/home/sophie/visionaid/isaac_ros_ws/install/isaac_ros_nitros_occupancy_grid_type/lib:/home/sophie/visionaid/isaac_ros_ws/install/isaac_ros_nitros_imu_type/lib:/home/sophie/visionaid/isaac_ros_ws/install/isaac_ros_nitros_disparity_image_type/lib:/home/sophie/visionaid/isaac_ros_ws/install/isaac_ros_nitros_detection3_d_array_type/lib:/home/sophie/visionaid/isaac_ros_ws/install/isaac_ros_nitros_detection2_d_array_type/lib:/home/sophie/visionaid/isaac_ros_ws/install/isaac_ros_nitros_compressed_video_type/lib:/home/sophie/visionaid/isaac_ros_ws/install/isaac_ros_nitros_compressed_image_type/lib:/home/sophie/visionaid/isaac_ros_ws/install/gxf_isaac_utils/lib:/home/sophie/visionaid/isaac_ros_ws/install/gxf_isaac_triton/lib:/home/sophie/visionaid/isaac_ros_ws/install/gxf_isaac_sight/lib:/home/sophie/visionaid/isaac_ros_ws/install/gxf_isaac_sgm/lib:/home/sophie/visionaid/isaac_ros_ws/install/gxf_isaac_segway/lib:/home/sophie/visionaid/isaac_ros_ws/install/gxf_isaac_depth_image_proc/lib:/home/sophie/visionaid/isaac_ros_ws/install/gxf_isaac_ros_messages/lib:/home/sophie/visionaid/isaac_ros_ws/install/gxf_isaac_ros_cuda/lib:/home/sophie/visionaid/isaac_ros_ws/install/gxf_isaac_rectify/lib:/home/sophie/visionaid/isaac_ros_ws/install/gxf_isaac_range_scan_processing/lib:/home/sophie/visionaid/isaac_ros_ws/install/gxf_isaac_point_cloud/lib:/home/sophie/visionaid/isaac_ros_ws/install/gxf_isaac_optimizer/lib:/home/sophie/visionaid/isaac_ros_ws/install/gxf_isaac_messages/lib:/home/sophie/visionaid/isaac_ros_ws/install/gxf_isaac_message_compositor/lib:/home/sophie/visionaid/isaac_ros_ws/install/gxf_isaac_localization/lib:/home/sophie/visionaid/isaac_ros_ws/install/gxf_isaac_hesai/lib:/home/sophie/visionaid/isaac_ros_ws/install/gxf_isaac_gxf_helpers/lib:/home/sophie/visionaid/isaac_ros_ws/install/gxf_isaac_atlas/lib:/home/sophie/visionaid/isaac_ros_ws/install/gxf_isaac_gems/lib:/home/sophie/visionaid/isaac_ros_ws/install/gxf_isaac_flatscan_localization/lib:/home/sophie/visionaid/isaac_ros_ws/install/gxf_isaac_cuda/lib:/home/sophie/visionaid/isaac_ros_ws/install/gxf_isaac_argus/lib:/home/sophie/visionaid/isaac_ros_ws/install/gxf_isaac_timestamp_correlator/lib:/home/sophie/visionaid/isaac_ros_ws/install/isaac_ros_bi3d_interfaces/lib:/home/sophie/visionaid/isaac_ros_ws/install/isaac_ros_apriltag_interfaces/lib:/home/sophie/visionaid/isaac_ros_ws/install/custom_nitros_message_filter_interfaces/lib:/home/sophie/Downloads/opt/nvidia/cvcuda0/lib:/home/sophie/Downloads/TensorRT-10.10.0.31/lib:/usr/local/cuda-12.8/lib64:/opt/ros/humble/opt/rviz_ogre_vendor/lib:/opt/ros/humble/lib/x86_64-linux-gnu:/opt/ros/humble/lib PATH=/home/sophie/visionaid/isaac_ros_ws/install/isaac_ros_common/bin:/home/sophie/Downloads/TensorRT-10.10.0.31/samples/trtexec:/usr/local/cuda-12.8/bin:/home/sophie/.local/bin:/home/sophie/Downloads/TensorRT-10.10.0.31/samples/trtexec:/usr/local/cuda-12.8/bin:/opt/ros/humble/bin:/home/sophie/.local/bin:/usr/local/sbin:/usr/local/bin:/usr/sbin:/usr/bin:/sbin:/bin:/usr/games:/usr/local/games:/snap/bin:/snap/bin:/home/sophie/.vscode/extensions/ms-python.debugpy-2025.8.0-linux-x64/bundled/scripts/noConfigScripts:/home/sophie/.config/Code/User/globalStorage/github.copilot-chat/debugCommand PYTHONPATH=/home/sophie/visionaid/isaac_ros_ws/build/yolov8_bdd100k_detection/prefix_override:/usr/lib/python3/dist-packages/colcon_core/task/python/colcon_distutils_commands:/home/sophie/visionaid/isaac_ros_ws/install/yolov8_bdd100k_detection/lib/python3.10/site-packages:/home/sophie/visionaid/isaac_ros_ws/build/isaac_ros_test:/home/sophie/visionaid/isaac_ros_ws/install/isaac_ros_test/lib/python3.10/site-packages:/home/sophie/visionaid/isaac_ros_ws/build/isaac_ros_launch_utils:/home/sophie/visionaid/isaac_ros_ws/install/isaac_ros_launch_utils/lib/python3.10/site-packages:/home/sophie/visionaid/isaac_ros_ws/build/traffic_crossing_assistant:/home/sophie/visionaid/isaac_ros_ws/install/traffic_crossing_assistant/lib/python3.10/site-packages:/home/sophie/visionaid/isaac_ros_ws/build/scene_description_system:/home/sophie/visionaid/isaac_ros_ws/install/scene_description_system/lib/python3.10/site-packages:/home/sophie/visionaid/isaac_ros_ws/build/gps_navigation_system:/home/sophie/visionaid/isaac_ros_ws/install/gps_navigation_system/lib/python3.10/site-packages:/home/sophie/visionaid/isaac_ros_ws/build/assistive_navigation_core:/home/sophie/visionaid/isaac_ros_ws/install/assistive_navigation_core/lib/python3.10/site-packages:/home/sophie/visionaid/isaac_ros_ws/install/lib/python3.10/site-packages:/home/sophie/visionaid/isaac_ros_ws/build/yolov8_bdd100k_detection:/home/sophie/visionaid/isaac_ros_ws/install/yolov8_bdd100k_detection/lib/python3.10/site-packages:/home/sophie/visionaid/isaac_ros_ws/install/isaac_ros_ur5_ompl_benchmark/local/lib/python3.10/dist-packages:/home/sophie/visionaid/isaac_ros_ws/install/isaac_ros_ur5_cumotion_benchmark/local/lib/python3.10/dist-packages:/home/sophie/visionaid/isaac_ros_ws/install/isaac_ros_franka_ompl_benchmark/local/lib/python3.10/dist-packages:/home/sophie/visionaid/isaac_ros_ws/install/isaac_ros_franka_cumotion_benchmark/local/lib/python3.10/dist-packages:/home/sophie/visionaid/isaac_ros_ws/install/isaac_ros_moveit_benchmark/local/lib/python3.10/dist-packages:/home/sophie/visionaid/isaac_ros_ws/install/isaac_ros_hawk_nova_benchmark/local/lib/python3.10/dist-packages:/home/sophie/visionaid/isaac_ros_ws/install/isaac_ros_ess_benchmark/local/lib/python3.10/dist-packages:/home/sophie/visionaid/isaac_ros_ws/install/isaac_ros_benchmark/local/lib/python3.10/dist-packages:/home/sophie/visionaid/isaac_ros_ws/install/ros2_benchmark/local/lib/python3.10/dist-packages:/home/sophie/visionaid/isaac_ros_ws/install/ros2_benchmark_interfaces/local/lib/python3.10/dist-packages:/home/sophie/visionaid/isaac_ros_ws/install/isaac_ros_visual_slam_interfaces/local/lib/python3.10/dist-packages:/home/sophie/visionaid/isaac_ros_ws/build/isaac_ros_pynitros:/home/sophie/visionaid/isaac_ros_ws/install/isaac_ros_pynitros/lib/python3.10/site-packages:/home/sophie/visionaid/isaac_ros_ws/install/isaac_ros_nitros_bridge_interfaces/local/lib/python3.10/dist-packages:/home/sophie/visionaid/isaac_ros_ws/install/isaac_ros_tensor_list_interfaces/local/lib/python3.10/dist-packages:/home/sophie/visionaid/isaac_ros_ws/build/isaac_ros_rosbag_utils:/home/sophie/visionaid/isaac_ros_ws/install/isaac_ros_rosbag_utils/lib/python3.10/site-packages:/home/sophie/visionaid/isaac_ros_ws/install/isaac_ros_pointcloud_interfaces/local/lib/python3.10/dist-packages:/home/sophie/visionaid/isaac_ros_ws/install/isaac_ros_nova_interfaces/local/lib/python3.10/dist-packages:/home/sophie/visionaid/isaac_ros_ws/install/isaac_ros_common/local/lib/python3.10/dist-packages:/home/sophie/visionaid/isaac_ros_ws/install/isaac_ros_bi3d_interfaces/local/lib/python3.10/dist-packages:/home/sophie/visionaid/isaac_ros_ws/install/isaac_ros_apriltag_interfaces/local/lib/python3.10/dist-packages:/home/sophie/visionaid/isaac_ros_ws/build/isaac_common_py:/home/sophie/visionaid/isaac_ros_ws/install/isaac_common_py/lib/python3.10/site-packages:/home/sophie/visionaid/isaac_ros_ws/install/custom_nitros_message_filter_interfaces/local/lib/python3.10/dist-packages:/home/sophie/visionaid/isaac_ros_ws/install/lib/python3.10/site-packages:/opt/ros/humble/lib/python3.10/site-packages:/opt/ros/humble/local/lib/python3.10/dist-packages /usr/bin/python3 -W ignore:setup.py install is deprecated -W ignore:easy_install command is deprecated setup.py develop --uninstall --editable --build-directory /home/sophie/visionaid/isaac_ros_ws/build/yolov8_bdd100k_detection/build[0m
[1.218s] [34mcolcon.colcon_core.event_handler.log_command[0m [1;30mDEBUG[0m [32mInvoking command in '/home/sophie/visionaid/isaac_ros_ws/src/yolov8_bdd100k_detection': AMENT_PREFIX_PATH=/home/sophie/visionaid/isaac_ros_ws/install/isaac_ros_test:/home/sophie/visionaid/isaac_ros_ws/install/isaac_ros_launch_utils:/home/sophie/visionaid/isaac_ros_ws/install/traffic_crossing_assistant:/home/sophie/visionaid/isaac_ros_ws/install/shared_interfaces:/home/sophie/visionaid/isaac_ros_ws/install/scene_description_system:/home/sophie/visionaid/isaac_ros_ws/install/gps_navigation_system:/home/sophie/visionaid/isaac_ros_ws/install/assistive_navigation_core:/home/sophie/visionaid/isaac_ros_ws/install/yolov8_bdd100k_detection:/home/sophie/visionaid/isaac_ros_ws/install/isaac_ros_ur5_ompl_benchmark:/home/sophie/visionaid/isaac_ros_ws/install/isaac_ros_ur5_cumotion_benchmark:/home/sophie/visionaid/isaac_ros_ws/install/ur5_robotiq_85_description:/home/sophie/visionaid/isaac_ros_ws/install/ur5_gripper_moveit_config:/home/sophie/visionaid/isaac_ros_ws/install/isaac_ros_visual_slam_benchmark:/home/sophie/visionaid/isaac_ros_ws/install/isaac_ros_unet_benchmark:/home/sophie/visionaid/isaac_ros_ws/install/isaac_ros_triton_benchmark:/home/sophie/visionaid/isaac_ros_ws/install/isaac_ros_tensor_rt_benchmark:/home/sophie/visionaid/isaac_ros_ws/install/isaac_ros_stereo_image_proc_benchmark:/home/sophie/visionaid/isaac_ros_ws/install/isaac_ros_segment_anything_benchmark:/home/sophie/visionaid/isaac_ros_ws/install/isaac_ros_segformer_benchmark:/home/sophie/visionaid/isaac_ros_ws/install/isaac_ros_rtdetr_benchmark:/home/sophie/visionaid/isaac_ros_ws/install/isaac_ros_pynitros_benchmark:/home/sophie/visionaid/isaac_ros_ws/install/isaac_ros_perceptor_nova_benchmark:/home/sophie/visionaid/isaac_ros_ws/install/isaac_ros_occupancy_grid_localizer_benchmark:/home/sophie/visionaid/isaac_ros_ws/install/isaac_ros_nvblox_benchmark:/home/sophie/visionaid/isaac_ros_ws/install/isaac_ros_nitros_bridge_benchmark:/home/sophie/visionaid/isaac_ros_ws/install/isaac_ros_franka_ompl_benchmark:/home/sophie/visionaid/isaac_ros_ws/install/isaac_ros_franka_cumotion_benchmark:/home/sophie/visionaid/isaac_ros_ws/install/isaac_ros_moveit_benchmark:/home/sophie/visionaid/isaac_ros_ws/install/isaac_ros_image_proc_benchmark:/home/sophie/visionaid/isaac_ros_ws/install/isaac_ros_ess_nova_benchmark:/home/sophie/visionaid/isaac_ros_ws/install/isaac_ros_data_recorder_nova_benchmark:/home/sophie/visionaid/isaac_ros_ws/install/isaac_ros_hawk_nova_benchmark:/home/sophie/visionaid/isaac_ros_ws/install/isaac_ros_h264_encoder_benchmark:/home/sophie/visionaid/isaac_ros_ws/install/isaac_ros_h264_decoder_benchmark:/home/sophie/visionaid/isaac_ros_ws/install/isaac_ros_foundationpose_benchmark:/home/sophie/visionaid/isaac_ros_ws/install/isaac_ros_ess_benchmark:/home/sophie/visionaid/isaac_ros_ws/install/isaac_ros_dope_benchmark:/home/sophie/visionaid/isaac_ros_ws/install/isaac_ros_dnn_image_encoder_benchmark:/home/sophie/visionaid/isaac_ros_ws/install/isaac_ros_detectnet_benchmark:/home/sophie/visionaid/isaac_ros_ws/install/isaac_ros_centerpose_benchmark:/home/sophie/visionaid/isaac_ros_ws/install/isaac_ros_bi3d_freespace_benchmark:/home/sophie/visionaid/isaac_ros_ws/install/isaac_ros_bi3d_benchmark:/home/sophie/visionaid/isaac_ros_ws/install/isaac_ros_argus_camera_benchmark:/home/sophie/visionaid/isaac_ros_ws/install/isaac_ros_apriltag_benchmark:/home/sophie/visionaid/isaac_ros_ws/install/isaac_ros_benchmark:/home/sophie/visionaid/isaac_ros_ws/install/ros2_benchmark:/home/sophie/visionaid/isaac_ros_ws/install/ros2_benchmark_interfaces:/home/sophie/visionaid/isaac_ros_ws/install/isaac_ros_visual_slam:/home/sophie/visionaid/isaac_ros_ws/install/isaac_ros_visual_slam_interfaces:/home/sophie/visionaid/isaac_ros_ws/install/isaac_ros_triton:/home/sophie/visionaid/isaac_ros_ws/install/isaac_ros_test_cmake:/home/sophie/visionaid/isaac_ros_ws/install/isaac_ros_nitros_bridge_ros2:/home/sophie/visionaid/isaac_ros_ws/install/isaac_ros_tensor_rt:/home/sophie/visionaid/isaac_ros_ws/install/isaac_ros_dnn_image_encoder:/home/sophie/visionaid/isaac_ros_ws/install/isaac_ros_tensor_proc:/home/sophie/visionaid/isaac_ros_ws/install/isaac_ros_pynitros:/home/sophie/visionaid/isaac_ros_ws/install/isaac_ros_nitros_topic_tools:/home/sophie/visionaid/isaac_ros_ws/install/isaac_ros_image_pipeline:/home/sophie/visionaid/isaac_ros_ws/install/isaac_ros_image_proc:/home/sophie/visionaid/isaac_ros_ws/install/isaac_ros_depth_image_proc:/home/sophie/visionaid/isaac_ros_ws/install/custom_nitros_string:/home/sophie/visionaid/isaac_ros_ws/install/custom_nitros_message_filter:/home/sophie/visionaid/isaac_ros_ws/install/custom_nitros_image:/home/sophie/visionaid/isaac_ros_ws/install/custom_nitros_dnn_image_encoder:/home/sophie/visionaid/isaac_ros_ws/install/isaac_ros_managed_nitros:/home/sophie/visionaid/isaac_ros_ws/install/isaac_ros_nitros_tensor_list_type:/home/sophie/visionaid/isaac_ros_ws/install/isaac_ros_nitros_bridge_interfaces:/home/sophie/visionaid/isaac_ros_ws/install/isaac_ros_tensor_list_interfaces:/home/sophie/visionaid/isaac_ros_ws/install/isaac_ros_stereo_image_proc:/home/sophie/visionaid/isaac_ros_ws/install/isaac_ros_rosbag_utils:/home/sophie/visionaid/isaac_ros_ws/install/isaac_ros_r2b_galileo:/home/sophie/visionaid/isaac_ros_ws/install/isaac_ros_nitros_flat_scan_type:/home/sophie/visionaid/isaac_ros_ws/install/isaac_ros_pointcloud_interfaces:/home/sophie/visionaid/isaac_ros_ws/install/isaac_ros_nitros_encoder_ticks_type:/home/sophie/visionaid/isaac_ros_ws/install/isaac_ros_nitros_correlated_timestamp_type:/home/sophie/visionaid/isaac_ros_ws/install/isaac_ros_nitros_battery_state_type:/home/sophie/visionaid/isaac_ros_ws/install/isaac_ros_nova_interfaces:/home/sophie/visionaid/isaac_ros_ws/install/isaac_ros_nitros_twist_type:/home/sophie/visionaid/isaac_ros_ws/install/isaac_ros_nitros_std_msg_type:/home/sophie/visionaid/isaac_ros_ws/install/isaac_ros_nitros_pose_cov_stamped_type:/home/sophie/visionaid/isaac_ros_ws/install/isaac_ros_nitros_pose_array_type:/home/sophie/visionaid/isaac_ros_ws/install/isaac_ros_nitros_point_cloud_type:/home/sophie/visionaid/isaac_ros_ws/install/isaac_ros_nitros_odometry_type:/home/sophie/visionaid/isaac_ros_ws/install/isaac_ros_nitros_occupancy_grid_type:/home/sophie/visionaid/isaac_ros_ws/install/isaac_ros_nitros_imu_type:/home/sophie/visionaid/isaac_ros_ws/install/isaac_ros_nitros_image_type:/home/sophie/visionaid/isaac_ros_ws/install/isaac_ros_nitros_disparity_image_type:/home/sophie/visionaid/isaac_ros_ws/install/isaac_ros_nitros_detection3_d_array_type:/home/sophie/visionaid/isaac_ros_ws/install/isaac_ros_nitros_detection2_d_array_type:/home/sophie/visionaid/isaac_ros_ws/install/isaac_ros_nitros_compressed_video_type:/home/sophie/visionaid/isaac_ros_ws/install/isaac_ros_nitros_compressed_image_type:/home/sophie/visionaid/isaac_ros_ws/install/isaac_ros_nitros_camera_info_type:/home/sophie/visionaid/isaac_ros_ws/install/isaac_ros_nitros:/home/sophie/visionaid/isaac_ros_ws/install/gxf_isaac_utils:/home/sophie/visionaid/isaac_ros_ws/install/gxf_isaac_triton:/home/sophie/visionaid/isaac_ros_ws/install/gxf_isaac_tensor_rt:/home/sophie/visionaid/isaac_ros_ws/install/gxf_isaac_tensorops:/home/sophie/visionaid/isaac_ros_ws/install/gxf_isaac_sight:/home/sophie/visionaid/isaac_ros_ws/install/gxf_isaac_sgm:/home/sophie/visionaid/isaac_ros_ws/install/gxf_isaac_segway:/home/sophie/visionaid/isaac_ros_ws/install/gxf_isaac_depth_image_proc:/home/sophie/visionaid/isaac_ros_ws/install/gxf_isaac_ros_messages:/home/sophie/visionaid/isaac_ros_ws/install/gxf_isaac_ros_cuda:/home/sophie/visionaid/isaac_ros_ws/install/gxf_isaac_rectify:/home/sophie/visionaid/isaac_ros_ws/install/gxf_isaac_range_scan_processing:/home/sophie/visionaid/isaac_ros_ws/install/gxf_isaac_point_cloud:/home/sophie/visionaid/isaac_ros_ws/install/gxf_isaac_optimizer:/home/sophie/visionaid/isaac_ros_ws/install/gxf_isaac_messages_throttler:/home/sophie/visionaid/isaac_ros_ws/install/gxf_isaac_messages:/home/sophie/visionaid/isaac_ros_ws/install/gxf_isaac_message_compositor:/home/sophie/visionaid/isaac_ros_ws/install/gxf_isaac_localization:/home/sophie/visionaid/isaac_ros_ws/install/gxf_isaac_image_flip:/home/sophie/visionaid/isaac_ros_ws/install/gxf_isaac_hesai:/home/sophie/visionaid/isaac_ros_ws/install/gxf_isaac_gxf_helpers:/home/sophie/visionaid/isaac_ros_ws/install/gxf_isaac_atlas:/home/sophie/visionaid/isaac_ros_ws/install/gxf_isaac_gems:/home/sophie/visionaid/isaac_ros_ws/install/gxf_isaac_flatscan_localization:/home/sophie/visionaid/isaac_ros_ws/install/gxf_isaac_cuda:/home/sophie/visionaid/isaac_ros_ws/install/gxf_isaac_argus:/home/sophie/visionaid/isaac_ros_ws/install/isaac_ros_gxf:/home/sophie/visionaid/isaac_ros_ws/install/gxf_isaac_timestamp_correlator:/home/sophie/visionaid/isaac_ros_ws/install/isaac_ros_common:/home/sophie/visionaid/isaac_ros_ws/install/isaac_ros_bi3d_interfaces:/home/sophie/visionaid/isaac_ros_ws/install/isaac_ros_apriltag_interfaces:/home/sophie/visionaid/isaac_ros_ws/install/isaac_common_py:/home/sophie/visionaid/isaac_ros_ws/install/isaac_common:/home/sophie/visionaid/isaac_ros_ws/install/custom_nitros_message_filter_interfaces:/opt/ros/humble CMAKE_PREFIX_PATH=/home/sophie/visionaid/isaac_ros_ws/install/isaac_ros_visual_slam:/home/sophie/visionaid/isaac_ros_ws/install/isaac_ros_image_proc:/home/sophie/visionaid/isaac_ros_ws/install/isaac_ros_tensor_rt:/home/sophie/visionaid/isaac_ros_ws/install/isaac_ros_managed_nitros:/home/sophie/visionaid/isaac_ros_ws/install/isaac_ros_nitros_tensor_list_type:/home/sophie/visionaid/isaac_ros_ws/install/isaac_ros_nitros_image_type:/home/sophie/visionaid/isaac_ros_ws/install/isaac_ros_nitros_camera_info_type:/home/sophie/visionaid/isaac_ros_ws/install/gxf_isaac_tensor_rt:/home/sophie/visionaid/isaac_ros_ws/install/isaac_ros_nitros:/home/sophie/visionaid/isaac_ros_ws/install/gxf_isaac_tensorops:/home/sophie/visionaid/isaac_ros_ws/install/gxf_isaac_messages:/home/sophie/visionaid/isaac_ros_ws/install/gxf_isaac_gxf_helpers:/home/sophie/visionaid/isaac_ros_ws/install/gxf_isaac_atlas:/home/sophie/visionaid/isaac_ros_ws/install/gxf_isaac_sight:/home/sophie/visionaid/isaac_ros_ws/install/gxf_isaac_optimizer:/home/sophie/visionaid/isaac_ros_ws/install/gxf_isaac_message_compositor:/home/sophie/visionaid/isaac_ros_ws/install/gxf_isaac_image_flip:/home/sophie/visionaid/isaac_ros_ws/install/gxf_isaac_gems:/home/sophie/visionaid/isaac_ros_ws/install/isaac_ros_visual_slam_interfaces:/home/sophie/visionaid/isaac_ros_ws/install/isaac_ros_tensor_list_interfaces:/home/sophie/visionaid/isaac_ros_ws/install/isaac_ros_gxf:/home/sophie/visionaid/isaac_ros_ws/install/isaac_common:/home/sophie/visionaid/isaac_ros_ws/install/isaac_ros_common:/home/sophie/visionaid/isaac_ros_ws/install/shared_interfaces:/home/sophie/visionaid/isaac_ros_ws/install/isaac_ros_ur5_ompl_benchmark:/home/sophie/visionaid/isaac_ros_ws/install/isaac_ros_ur5_cumotion_benchmark:/home/sophie/visionaid/isaac_ros_ws/install/ur5_robotiq_85_description:/home/sophie/visionaid/isaac_ros_ws/install/ur5_gripper_moveit_config:/home/sophie/visionaid/isaac_ros_ws/install/isaac_ros_visual_slam_benchmark:/home/sophie/visionaid/isaac_ros_ws/install/isaac_ros_unet_benchmark:/home/sophie/visionaid/isaac_ros_ws/install/isaac_ros_triton_benchmark:/home/sophie/visionaid/isaac_ros_ws/install/isaac_ros_tensor_rt_benchmark:/home/sophie/visionaid/isaac_ros_ws/install/isaac_ros_stereo_image_proc_benchmark:/home/sophie/visionaid/isaac_ros_ws/install/isaac_ros_segment_anything_benchmark:/home/sophie/visionaid/isaac_ros_ws/install/isaac_ros_segformer_benchmark:/home/sophie/visionaid/isaac_ros_ws/install/isaac_ros_rtdetr_benchmark:/home/sophie/visionaid/isaac_ros_ws/install/isaac_ros_pynitros_benchmark:/home/sophie/visionaid/isaac_ros_ws/install/isaac_ros_perceptor_nova_benchmark:/home/sophie/visionaid/isaac_ros_ws/install/isaac_ros_occupancy_grid_localizer_benchmark:/home/sophie/visionaid/isaac_ros_ws/install/isaac_ros_nvblox_benchmark:/home/sophie/visionaid/isaac_ros_ws/install/isaac_ros_nitros_bridge_benchmark:/home/sophie/visionaid/isaac_ros_ws/install/isaac_ros_franka_ompl_benchmark:/home/sophie/visionaid/isaac_ros_ws/install/isaac_ros_franka_cumotion_benchmark:/home/sophie/visionaid/isaac_ros_ws/install/isaac_ros_moveit_benchmark:/home/sophie/visionaid/isaac_ros_ws/install/isaac_ros_image_proc_benchmark:/home/sophie/visionaid/isaac_ros_ws/install/isaac_ros_ess_nova_benchmark:/home/sophie/visionaid/isaac_ros_ws/install/isaac_ros_data_recorder_nova_benchmark:/home/sophie/visionaid/isaac_ros_ws/install/isaac_ros_hawk_nova_benchmark:/home/sophie/visionaid/isaac_ros_ws/install/isaac_ros_h264_encoder_benchmark:/home/sophie/visionaid/isaac_ros_ws/install/isaac_ros_h264_decoder_benchmark:/home/sophie/visionaid/isaac_ros_ws/install/isaac_ros_foundationpose_benchmark:/home/sophie/visionaid/isaac_ros_ws/install/isaac_ros_ess_benchmark:/home/sophie/visionaid/isaac_ros_ws/install/isaac_ros_dope_benchmark:/home/sophie/visionaid/isaac_ros_ws/install/isaac_ros_dnn_image_encoder_benchmark:/home/sophie/visionaid/isaac_ros_ws/install/isaac_ros_detectnet_benchmark:/home/sophie/visionaid/isaac_ros_ws/install/isaac_ros_centerpose_benchmark:/home/sophie/visionaid/isaac_ros_ws/install/isaac_ros_bi3d_freespace_benchmark:/home/sophie/visionaid/isaac_ros_ws/install/isaac_ros_bi3d_benchmark:/home/sophie/visionaid/isaac_ros_ws/install/isaac_ros_argus_camera_benchmark:/home/sophie/visionaid/isaac_ros_ws/install/isaac_ros_apriltag_benchmark:/home/sophie/visionaid/isaac_ros_ws/install/isaac_ros_benchmark:/home/sophie/visionaid/isaac_ros_ws/install/ros2_benchmark:/home/sophie/visionaid/isaac_ros_ws/install/ros2_benchmark_interfaces:/home/sophie/visionaid/isaac_ros_ws/install/isaac_ros_triton:/home/sophie/visionaid/isaac_ros_ws/install/isaac_ros_test_cmake:/home/sophie/visionaid/isaac_ros_ws/install/isaac_ros_nitros_bridge_ros2:/home/sophie/visionaid/isaac_ros_ws/install/isaac_ros_dnn_image_encoder:/home/sophie/visionaid/isaac_ros_ws/install/isaac_ros_tensor_proc:/home/sophie/visionaid/isaac_ros_ws/install/isaac_ros_nitros_topic_tools:/home/sophie/visionaid/isaac_ros_ws/install/isaac_ros_image_pipeline:/home/sophie/visionaid/isaac_ros_ws/install/isaac_ros_depth_image_proc:/home/sophie/visionaid/isaac_ros_ws/install/custom_nitros_string:/home/sophie/visionaid/isaac_ros_ws/install/custom_nitros_message_filter:/home/sophie/visionaid/isaac_ros_ws/install/custom_nitros_image:/home/sophie/visionaid/isaac_ros_ws/install/custom_nitros_dnn_image_encoder:/home/sophie/visionaid/isaac_ros_ws/install/isaac_ros_nitros_bridge_interfaces:/home/sophie/visionaid/isaac_ros_ws/install/isaac_ros_stereo_image_proc:/home/sophie/visionaid/isaac_ros_ws/install/isaac_ros_r2b_galileo:/home/sophie/visionaid/isaac_ros_ws/install/isaac_ros_nitros_flat_scan_type:/home/sophie/visionaid/isaac_ros_ws/install/isaac_ros_pointcloud_interfaces:/home/sophie/visionaid/isaac_ros_ws/install/isaac_ros_nitros_encoder_ticks_type:/home/sophie/visionaid/isaac_ros_ws/install/isaac_ros_nitros_correlated_timestamp_type:/home/sophie/visionaid/isaac_ros_ws/install/isaac_ros_nitros_battery_state_type:/home/sophie/visionaid/isaac_ros_ws/install/isaac_ros_nova_interfaces:/home/sophie/visionaid/isaac_ros_ws/install/isaac_ros_nitros_twist_type:/home/sophie/visionaid/isaac_ros_ws/install/isaac_ros_nitros_std_msg_type:/home/sophie/visionaid/isaac_ros_ws/install/isaac_ros_nitros_pose_cov_stamped_type:/home/sophie/visionaid/isaac_ros_ws/install/isaac_ros_nitros_pose_array_type:/home/sophie/visionaid/isaac_ros_ws/install/isaac_ros_nitros_point_cloud_type:/home/sophie/visionaid/isaac_ros_ws/install/isaac_ros_nitros_odometry_type:/home/sophie/visionaid/isaac_ros_ws/install/isaac_ros_nitros_occupancy_grid_type:/home/sophie/visionaid/isaac_ros_ws/install/isaac_ros_nitros_imu_type:/home/sophie/visionaid/isaac_ros_ws/install/isaac_ros_nitros_disparity_image_type:/home/sophie/visionaid/isaac_ros_ws/install/isaac_ros_nitros_detection3_d_array_type:/home/sophie/visionaid/isaac_ros_ws/install/isaac_ros_nitros_detection2_d_array_type:/home/sophie/visionaid/isaac_ros_ws/install/isaac_ros_nitros_compressed_video_type:/home/sophie/visionaid/isaac_ros_ws/install/isaac_ros_nitros_compressed_image_type:/home/sophie/visionaid/isaac_ros_ws/install/gxf_isaac_utils:/home/sophie/visionaid/isaac_ros_ws/install/gxf_isaac_triton:/home/sophie/visionaid/isaac_ros_ws/install/gxf_isaac_sgm:/home/sophie/visionaid/isaac_ros_ws/install/gxf_isaac_segway:/home/sophie/visionaid/isaac_ros_ws/install/gxf_isaac_depth_image_proc:/home/sophie/visionaid/isaac_ros_ws/install/gxf_isaac_ros_messages:/home/sophie/visionaid/isaac_ros_ws/install/gxf_isaac_ros_cuda:/home/sophie/visionaid/isaac_ros_ws/install/gxf_isaac_rectify:/home/sophie/visionaid/isaac_ros_ws/install/gxf_isaac_range_scan_processing:/home/sophie/visionaid/isaac_ros_ws/install/gxf_isaac_point_cloud:/home/sophie/visionaid/isaac_ros_ws/install/gxf_isaac_messages_throttler:/home/sophie/visionaid/isaac_ros_ws/install/gxf_isaac_localization:/home/sophie/visionaid/isaac_ros_ws/install/gxf_isaac_hesai:/home/sophie/visionaid/isaac_ros_ws/install/gxf_isaac_flatscan_localization:/home/sophie/visionaid/isaac_ros_ws/install/gxf_isaac_cuda:/home/sophie/visionaid/isaac_ros_ws/install/gxf_isaac_argus:/home/sophie/visionaid/isaac_ros_ws/install/gxf_isaac_timestamp_correlator:/home/sophie/visionaid/isaac_ros_ws/install/isaac_ros_bi3d_interfaces:/home/sophie/visionaid/isaac_ros_ws/install/isaac_ros_apriltag_interfaces:/home/sophie/visionaid/isaac_ros_ws/install/custom_nitros_message_filter_interfaces LD_LIBRARY_PATH=/home/sophie/visionaid/isaac_ros_ws/install/isaac_ros_visual_slam/lib:/home/sophie/visionaid/isaac_ros_ws/install/isaac_ros_image_proc/lib:/home/sophie/visionaid/isaac_ros_ws/install/isaac_ros_tensor_rt/lib:/home/sophie/visionaid/isaac_ros_ws/install/isaac_ros_nitros_tensor_list_type/lib:/home/sophie/visionaid/isaac_ros_ws/install/isaac_ros_nitros_image_type/lib:/home/sophie/visionaid/isaac_ros_ws/install/isaac_ros_nitros_camera_info_type/lib:/home/sophie/visionaid/isaac_ros_ws/install/gxf_isaac_tensor_rt/lib:/home/sophie/visionaid/isaac_ros_ws/install/isaac_ros_nitros/lib:/home/sophie/visionaid/isaac_ros_ws/install/gxf_isaac_tensorops/lib:/home/sophie/visionaid/isaac_ros_ws/install/gxf_isaac_image_flip/lib:/home/sophie/visionaid/isaac_ros_ws/install/isaac_ros_visual_slam_interfaces/lib:/home/sophie/visionaid/isaac_ros_ws/install/isaac_ros_tensor_list_interfaces/lib:/home/sophie/visionaid/isaac_ros_ws/install/isaac_ros_gxf/lib:/home/sophie/visionaid/isaac_ros_ws/install/isaac_ros_common/lib:/home/sophie/Downloads/opt/nvidia/cvcuda0/lib:/home/sophie/Downloads/TensorRT-10.10.0.31/lib:/usr/local/cuda-12.8/lib64:/home/sophie/visionaid/isaac_ros_ws/install/isaac_ros_benchmark/lib:/home/sophie/visionaid/isaac_ros_ws/install/ros2_benchmark/lib:/home/sophie/visionaid/isaac_ros_ws/install/ros2_benchmark_interfaces/lib:/home/sophie/visionaid/isaac_ros_ws/install/isaac_ros_triton/lib:/home/sophie/visionaid/isaac_ros_ws/install/isaac_ros_nitros_bridge_ros2/lib:/home/sophie/visionaid/isaac_ros_ws/install/isaac_ros_dnn_image_encoder/lib:/home/sophie/visionaid/isaac_ros_ws/install/isaac_ros_tensor_proc/lib:/home/sophie/visionaid/isaac_ros_ws/install/isaac_ros_nitros_topic_tools/lib:/home/sophie/visionaid/isaac_ros_ws/install/isaac_ros_depth_image_proc/lib:/home/sophie/visionaid/isaac_ros_ws/install/custom_nitros_string/lib:/home/sophie/visionaid/isaac_ros_ws/install/custom_nitros_message_filter/lib:/home/sophie/visionaid/isaac_ros_ws/install/custom_nitros_image/lib:/home/sophie/visionaid/isaac_ros_ws/install/custom_nitros_dnn_image_encoder/lib:/home/sophie/visionaid/isaac_ros_ws/install/isaac_ros_managed_nitros/lib:/home/sophie/visionaid/isaac_ros_ws/install/isaac_ros_nitros_bridge_interfaces/lib:/home/sophie/visionaid/isaac_ros_ws/install/isaac_ros_stereo_image_proc/lib:/home/sophie/visionaid/isaac_ros_ws/install/isaac_ros_nitros_flat_scan_type/lib:/home/sophie/visionaid/isaac_ros_ws/install/isaac_ros_pointcloud_interfaces/lib:/home/sophie/visionaid/isaac_ros_ws/install/isaac_ros_nitros_encoder_ticks_type/lib:/home/sophie/visionaid/isaac_ros_ws/install/isaac_ros_nitros_correlated_timestamp_type/lib:/home/sophie/visionaid/isaac_ros_ws/install/isaac_ros_nitros_battery_state_type/lib:/home/sophie/visionaid/isaac_ros_ws/install/isaac_ros_nova_interfaces/lib:/home/sophie/visionaid/isaac_ros_ws/install/isaac_ros_nitros_twist_type/lib:/home/sophie/visionaid/isaac_ros_ws/install/isaac_ros_nitros_std_msg_type/lib:/home/sophie/visionaid/isaac_ros_ws/install/isaac_ros_nitros_pose_cov_stamped_type/lib:/home/sophie/visionaid/isaac_ros_ws/install/isaac_ros_nitros_pose_array_type/lib:/home/sophie/visionaid/isaac_ros_ws/install/isaac_ros_nitros_point_cloud_type/lib:/home/sophie/visionaid/isaac_ros_ws/install/isaac_ros_nitros_odometry_type/lib:/home/sophie/visionaid/isaac_ros_ws/install/isaac_ros_nitros_occupancy_grid_type/lib:/home/sophie/visionaid/isaac_ros_ws/install/isaac_ros_nitros_imu_type/lib:/home/sophie/visionaid/isaac_ros_ws/install/isaac_ros_nitros_disparity_image_type/lib:/home/sophie/visionaid/isaac_ros_ws/install/isaac_ros_nitros_detection3_d_array_type/lib:/home/sophie/visionaid/isaac_ros_ws/install/isaac_ros_nitros_detection2_d_array_type/lib:/home/sophie/visionaid/isaac_ros_ws/install/isaac_ros_nitros_compressed_video_type/lib:/home/sophie/visionaid/isaac_ros_ws/install/isaac_ros_nitros_compressed_image_type/lib:/home/sophie/visionaid/isaac_ros_ws/install/gxf_isaac_utils/lib:/home/sophie/visionaid/isaac_ros_ws/install/gxf_isaac_triton/lib:/home/sophie/visionaid/isaac_ros_ws/install/gxf_isaac_sight/lib:/home/sophie/visionaid/isaac_ros_ws/install/gxf_isaac_sgm/lib:/home/sophie/visionaid/isaac_ros_ws/install/gxf_isaac_segway/lib:/home/sophie/visionaid/isaac_ros_ws/install/gxf_isaac_depth_image_proc/lib:/home/sophie/visionaid/isaac_ros_ws/install/gxf_isaac_ros_messages/lib:/home/sophie/visionaid/isaac_ros_ws/install/gxf_isaac_ros_cuda/lib:/home/sophie/visionaid/isaac_ros_ws/install/gxf_isaac_rectify/lib:/home/sophie/visionaid/isaac_ros_ws/install/gxf_isaac_range_scan_processing/lib:/home/sophie/visionaid/isaac_ros_ws/install/gxf_isaac_point_cloud/lib:/home/sophie/visionaid/isaac_ros_ws/install/gxf_isaac_optimizer/lib:/home/sophie/visionaid/isaac_ros_ws/install/gxf_isaac_messages/lib:/home/sophie/visionaid/isaac_ros_ws/install/gxf_isaac_message_compositor/lib:/home/sophie/visionaid/isaac_ros_ws/install/gxf_isaac_localization/lib:/home/sophie/visionaid/isaac_ros_ws/install/gxf_isaac_hesai/lib:/home/sophie/visionaid/isaac_ros_ws/install/gxf_isaac_gxf_helpers/lib:/home/sophie/visionaid/isaac_ros_ws/install/gxf_isaac_atlas/lib:/home/sophie/visionaid/isaac_ros_ws/install/gxf_isaac_gems/lib:/home/sophie/visionaid/isaac_ros_ws/install/gxf_isaac_flatscan_localization/lib:/home/sophie/visionaid/isaac_ros_ws/install/gxf_isaac_cuda/lib:/home/sophie/visionaid/isaac_ros_ws/install/gxf_isaac_argus/lib:/home/sophie/visionaid/isaac_ros_ws/install/gxf_isaac_timestamp_correlator/lib:/home/sophie/visionaid/isaac_ros_ws/install/isaac_ros_bi3d_interfaces/lib:/home/sophie/visionaid/isaac_ros_ws/install/isaac_ros_apriltag_interfaces/lib:/home/sophie/visionaid/isaac_ros_ws/install/custom_nitros_message_filter_interfaces/lib:/home/sophie/Downloads/opt/nvidia/cvcuda0/lib:/home/sophie/Downloads/TensorRT-10.10.0.31/lib:/usr/local/cuda-12.8/lib64:/opt/ros/humble/opt/rviz_ogre_vendor/lib:/opt/ros/humble/lib/x86_64-linux-gnu:/opt/ros/humble/lib PATH=/home/sophie/visionaid/isaac_ros_ws/install/isaac_ros_common/bin:/home/sophie/Downloads/TensorRT-10.10.0.31/samples/trtexec:/usr/local/cuda-12.8/bin:/home/sophie/.local/bin:/home/sophie/Downloads/TensorRT-10.10.0.31/samples/trtexec:/usr/local/cuda-12.8/bin:/opt/ros/humble/bin:/home/sophie/.local/bin:/usr/local/sbin:/usr/local/bin:/usr/sbin:/usr/bin:/sbin:/bin:/usr/games:/usr/local/games:/snap/bin:/snap/bin:/home/sophie/.vscode/extensions/ms-python.debugpy-2025.8.0-linux-x64/bundled/scripts/noConfigScripts:/home/sophie/.config/Code/User/globalStorage/github.copilot-chat/debugCommand PYTHONPATH=/home/sophie/visionaid/isaac_ros_ws/build/yolov8_bdd100k_detection/prefix_override:/usr/lib/python3/dist-packages/colcon_core/task/python/colcon_distutils_commands:/home/sophie/visionaid/isaac_ros_ws/install/yolov8_bdd100k_detection/lib/python3.10/site-packages:/home/sophie/visionaid/isaac_ros_ws/build/isaac_ros_test:/home/sophie/visionaid/isaac_ros_ws/install/isaac_ros_test/lib/python3.10/site-packages:/home/sophie/visionaid/isaac_ros_ws/build/isaac_ros_launch_utils:/home/sophie/visionaid/isaac_ros_ws/install/isaac_ros_launch_utils/lib/python3.10/site-packages:/home/sophie/visionaid/isaac_ros_ws/build/traffic_crossing_assistant:/home/sophie/visionaid/isaac_ros_ws/install/traffic_crossing_assistant/lib/python3.10/site-packages:/home/sophie/visionaid/isaac_ros_ws/build/scene_description_system:/home/sophie/visionaid/isaac_ros_ws/install/scene_description_system/lib/python3.10/site-packages:/home/sophie/visionaid/isaac_ros_ws/build/gps_navigation_system:/home/sophie/visionaid/isaac_ros_ws/install/gps_navigation_system/lib/python3.10/site-packages:/home/sophie/visionaid/isaac_ros_ws/build/assistive_navigation_core:/home/sophie/visionaid/isaac_ros_ws/install/assistive_navigation_core/lib/python3.10/site-packages:/home/sophie/visionaid/isaac_ros_ws/install/lib/python3.10/site-packages:/home/sophie/visionaid/isaac_ros_ws/build/yolov8_bdd100k_detection:/home/sophie/visionaid/isaac_ros_ws/install/yolov8_bdd100k_detection/lib/python3.10/site-packages:/home/sophie/visionaid/isaac_ros_ws/install/isaac_ros_ur5_ompl_benchmark/local/lib/python3.10/dist-packages:/home/sophie/visionaid/isaac_ros_ws/install/isaac_ros_ur5_cumotion_benchmark/local/lib/python3.10/dist-packages:/home/sophie/visionaid/isaac_ros_ws/install/isaac_ros_franka_ompl_benchmark/local/lib/python3.10/dist-packages:/home/sophie/visionaid/isaac_ros_ws/install/isaac_ros_franka_cumotion_benchmark/local/lib/python3.10/dist-packages:/home/sophie/visionaid/isaac_ros_ws/install/isaac_ros_moveit_benchmark/local/lib/python3.10/dist-packages:/home/sophie/visionaid/isaac_ros_ws/install/isaac_ros_hawk_nova_benchmark/local/lib/python3.10/dist-packages:/home/sophie/visionaid/isaac_ros_ws/install/isaac_ros_ess_benchmark/local/lib/python3.10/dist-packages:/home/sophie/visionaid/isaac_ros_ws/install/isaac_ros_benchmark/local/lib/python3.10/dist-packages:/home/sophie/visionaid/isaac_ros_ws/install/ros2_benchmark/local/lib/python3.10/dist-packages:/home/sophie/visionaid/isaac_ros_ws/install/ros2_benchmark_interfaces/local/lib/python3.10/dist-packages:/home/sophie/visionaid/isaac_ros_ws/install/isaac_ros_visual_slam_interfaces/local/lib/python3.10/dist-packages:/home/sophie/visionaid/isaac_ros_ws/build/isaac_ros_pynitros:/home/sophie/visionaid/isaac_ros_ws/install/isaac_ros_pynitros/lib/python3.10/site-packages:/home/sophie/visionaid/isaac_ros_ws/install/isaac_ros_nitros_bridge_interfaces/local/lib/python3.10/dist-packages:/home/sophie/visionaid/isaac_ros_ws/install/isaac_ros_tensor_list_interfaces/local/lib/python3.10/dist-packages:/home/sophie/visionaid/isaac_ros_ws/build/isaac_ros_rosbag_utils:/home/sophie/visionaid/isaac_ros_ws/install/isaac_ros_rosbag_utils/lib/python3.10/site-packages:/home/sophie/visionaid/isaac_ros_ws/install/isaac_ros_pointcloud_interfaces/local/lib/python3.10/dist-packages:/home/sophie/visionaid/isaac_ros_ws/install/isaac_ros_nova_interfaces/local/lib/python3.10/dist-packages:/home/sophie/visionaid/isaac_ros_ws/install/isaac_ros_common/local/lib/python3.10/dist-packages:/home/sophie/visionaid/isaac_ros_ws/install/isaac_ros_bi3d_interfaces/local/lib/python3.10/dist-packages:/home/sophie/visionaid/isaac_ros_ws/install/isaac_ros_apriltag_interfaces/local/lib/python3.10/dist-packages:/home/sophie/visionaid/isaac_ros_ws/build/isaac_common_py:/home/sophie/visionaid/isaac_ros_ws/install/isaac_common_py/lib/python3.10/site-packages:/home/sophie/visionaid/isaac_ros_ws/install/custom_nitros_message_filter_interfaces/local/lib/python3.10/dist-packages:/home/sophie/visionaid/isaac_ros_ws/install/lib/python3.10/site-packages:/opt/ros/humble/lib/python3.10/site-packages:/opt/ros/humble/local/lib/python3.10/dist-packages /usr/bin/python3 -W ignore:setup.py install is deprecated -W ignore:easy_install command is deprecated setup.py egg_info --egg-base ../../build/yolov8_bdd100k_detection build --build-base /home/sophie/visionaid/isaac_ros_ws/build/yolov8_bdd100k_detection/build install --record /home/sophie/visionaid/isaac_ros_ws/build/yolov8_bdd100k_detection/install.log --single-version-externally-managed install_data --force[0m
[1.391s] [34mcolcon.colcon_core.event_handler.log_command[0m [1;30mDEBUG[0m [32mInvoked command in '/home/sophie/visionaid/isaac_ros_ws/src/yolov8_bdd100k_detection' returned '0': AMENT_PREFIX_PATH=/home/sophie/visionaid/isaac_ros_ws/install/isaac_ros_test:/home/sophie/visionaid/isaac_ros_ws/install/isaac_ros_launch_utils:/home/sophie/visionaid/isaac_ros_ws/install/traffic_crossing_assistant:/home/sophie/visionaid/isaac_ros_ws/install/shared_interfaces:/home/sophie/visionaid/isaac_ros_ws/install/scene_description_system:/home/sophie/visionaid/isaac_ros_ws/install/gps_navigation_system:/home/sophie/visionaid/isaac_ros_ws/install/assistive_navigation_core:/home/sophie/visionaid/isaac_ros_ws/install/yolov8_bdd100k_detection:/home/sophie/visionaid/isaac_ros_ws/install/isaac_ros_ur5_ompl_benchmark:/home/sophie/visionaid/isaac_ros_ws/install/isaac_ros_ur5_cumotion_benchmark:/home/sophie/visionaid/isaac_ros_ws/install/ur5_robotiq_85_description:/home/sophie/visionaid/isaac_ros_ws/install/ur5_gripper_moveit_config:/home/sophie/visionaid/isaac_ros_ws/install/isaac_ros_visual_slam_benchmark:/home/sophie/visionaid/isaac_ros_ws/install/isaac_ros_unet_benchmark:/home/sophie/visionaid/isaac_ros_ws/install/isaac_ros_triton_benchmark:/home/sophie/visionaid/isaac_ros_ws/install/isaac_ros_tensor_rt_benchmark:/home/sophie/visionaid/isaac_ros_ws/install/isaac_ros_stereo_image_proc_benchmark:/home/sophie/visionaid/isaac_ros_ws/install/isaac_ros_segment_anything_benchmark:/home/sophie/visionaid/isaac_ros_ws/install/isaac_ros_segformer_benchmark:/home/sophie/visionaid/isaac_ros_ws/install/isaac_ros_rtdetr_benchmark:/home/sophie/visionaid/isaac_ros_ws/install/isaac_ros_pynitros_benchmark:/home/sophie/visionaid/isaac_ros_ws/install/isaac_ros_perceptor_nova_benchmark:/home/sophie/visionaid/isaac_ros_ws/install/isaac_ros_occupancy_grid_localizer_benchmark:/home/sophie/visionaid/isaac_ros_ws/install/isaac_ros_nvblox_benchmark:/home/sophie/visionaid/isaac_ros_ws/install/isaac_ros_nitros_bridge_benchmark:/home/sophie/visionaid/isaac_ros_ws/install/isaac_ros_franka_ompl_benchmark:/home/sophie/visionaid/isaac_ros_ws/install/isaac_ros_franka_cumotion_benchmark:/home/sophie/visionaid/isaac_ros_ws/install/isaac_ros_moveit_benchmark:/home/sophie/visionaid/isaac_ros_ws/install/isaac_ros_image_proc_benchmark:/home/sophie/visionaid/isaac_ros_ws/install/isaac_ros_ess_nova_benchmark:/home/sophie/visionaid/isaac_ros_ws/install/isaac_ros_data_recorder_nova_benchmark:/home/sophie/visionaid/isaac_ros_ws/install/isaac_ros_hawk_nova_benchmark:/home/sophie/visionaid/isaac_ros_ws/install/isaac_ros_h264_encoder_benchmark:/home/sophie/visionaid/isaac_ros_ws/install/isaac_ros_h264_decoder_benchmark:/home/sophie/visionaid/isaac_ros_ws/install/isaac_ros_foundationpose_benchmark:/home/sophie/visionaid/isaac_ros_ws/install/isaac_ros_ess_benchmark:/home/sophie/visionaid/isaac_ros_ws/install/isaac_ros_dope_benchmark:/home/sophie/visionaid/isaac_ros_ws/install/isaac_ros_dnn_image_encoder_benchmark:/home/sophie/visionaid/isaac_ros_ws/install/isaac_ros_detectnet_benchmark:/home/sophie/visionaid/isaac_ros_ws/install/isaac_ros_centerpose_benchmark:/home/sophie/visionaid/isaac_ros_ws/install/isaac_ros_bi3d_freespace_benchmark:/home/sophie/visionaid/isaac_ros_ws/install/isaac_ros_bi3d_benchmark:/home/sophie/visionaid/isaac_ros_ws/install/isaac_ros_argus_camera_benchmark:/home/sophie/visionaid/isaac_ros_ws/install/isaac_ros_apriltag_benchmark:/home/sophie/visionaid/isaac_ros_ws/install/isaac_ros_benchmark:/home/sophie/visionaid/isaac_ros_ws/install/ros2_benchmark:/home/sophie/visionaid/isaac_ros_ws/install/ros2_benchmark_interfaces:/home/sophie/visionaid/isaac_ros_ws/install/isaac_ros_visual_slam:/home/sophie/visionaid/isaac_ros_ws/install/isaac_ros_visual_slam_interfaces:/home/sophie/visionaid/isaac_ros_ws/install/isaac_ros_triton:/home/sophie/visionaid/isaac_ros_ws/install/isaac_ros_test_cmake:/home/sophie/visionaid/isaac_ros_ws/install/isaac_ros_nitros_bridge_ros2:/home/sophie/visionaid/isaac_ros_ws/install/isaac_ros_tensor_rt:/home/sophie/visionaid/isaac_ros_ws/install/isaac_ros_dnn_image_encoder:/home/sophie/visionaid/isaac_ros_ws/install/isaac_ros_tensor_proc:/home/sophie/visionaid/isaac_ros_ws/install/isaac_ros_pynitros:/home/sophie/visionaid/isaac_ros_ws/install/isaac_ros_nitros_topic_tools:/home/sophie/visionaid/isaac_ros_ws/install/isaac_ros_image_pipeline:/home/sophie/visionaid/isaac_ros_ws/install/isaac_ros_image_proc:/home/sophie/visionaid/isaac_ros_ws/install/isaac_ros_depth_image_proc:/home/sophie/visionaid/isaac_ros_ws/install/custom_nitros_string:/home/sophie/visionaid/isaac_ros_ws/install/custom_nitros_message_filter:/home/sophie/visionaid/isaac_ros_ws/install/custom_nitros_image:/home/sophie/visionaid/isaac_ros_ws/install/custom_nitros_dnn_image_encoder:/home/sophie/visionaid/isaac_ros_ws/install/isaac_ros_managed_nitros:/home/sophie/visionaid/isaac_ros_ws/install/isaac_ros_nitros_tensor_list_type:/home/sophie/visionaid/isaac_ros_ws/install/isaac_ros_nitros_bridge_interfaces:/home/sophie/visionaid/isaac_ros_ws/install/isaac_ros_tensor_list_interfaces:/home/sophie/visionaid/isaac_ros_ws/install/isaac_ros_stereo_image_proc:/home/sophie/visionaid/isaac_ros_ws/install/isaac_ros_rosbag_utils:/home/sophie/visionaid/isaac_ros_ws/install/isaac_ros_r2b_galileo:/home/sophie/visionaid/isaac_ros_ws/install/isaac_ros_nitros_flat_scan_type:/home/sophie/visionaid/isaac_ros_ws/install/isaac_ros_pointcloud_interfaces:/home/sophie/visionaid/isaac_ros_ws/install/isaac_ros_nitros_encoder_ticks_type:/home/sophie/visionaid/isaac_ros_ws/install/isaac_ros_nitros_correlated_timestamp_type:/home/sophie/visionaid/isaac_ros_ws/install/isaac_ros_nitros_battery_state_type:/home/sophie/visionaid/isaac_ros_ws/install/isaac_ros_nova_interfaces:/home/sophie/visionaid/isaac_ros_ws/install/isaac_ros_nitros_twist_type:/home/sophie/visionaid/isaac_ros_ws/install/isaac_ros_nitros_std_msg_type:/home/sophie/visionaid/isaac_ros_ws/install/isaac_ros_nitros_pose_cov_stamped_type:/home/sophie/visionaid/isaac_ros_ws/install/isaac_ros_nitros_pose_array_type:/home/sophie/visionaid/isaac_ros_ws/install/isaac_ros_nitros_point_cloud_type:/home/sophie/visionaid/isaac_ros_ws/install/isaac_ros_nitros_odometry_type:/home/sophie/visionaid/isaac_ros_ws/install/isaac_ros_nitros_occupancy_grid_type:/home/sophie/visionaid/isaac_ros_ws/install/isaac_ros_nitros_imu_type:/home/sophie/visionaid/isaac_ros_ws/install/isaac_ros_nitros_image_type:/home/sophie/visionaid/isaac_ros_ws/install/isaac_ros_nitros_disparity_image_type:/home/sophie/visionaid/isaac_ros_ws/install/isaac_ros_nitros_detection3_d_array_type:/home/sophie/visionaid/isaac_ros_ws/install/isaac_ros_nitros_detection2_d_array_type:/home/sophie/visionaid/isaac_ros_ws/install/isaac_ros_nitros_compressed_video_type:/home/sophie/visionaid/isaac_ros_ws/install/isaac_ros_nitros_compressed_image_type:/home/sophie/visionaid/isaac_ros_ws/install/isaac_ros_nitros_camera_info_type:/home/sophie/visionaid/isaac_ros_ws/install/isaac_ros_nitros:/home/sophie/visionaid/isaac_ros_ws/install/gxf_isaac_utils:/home/sophie/visionaid/isaac_ros_ws/install/gxf_isaac_triton:/home/sophie/visionaid/isaac_ros_ws/install/gxf_isaac_tensor_rt:/home/sophie/visionaid/isaac_ros_ws/install/gxf_isaac_tensorops:/home/sophie/visionaid/isaac_ros_ws/install/gxf_isaac_sight:/home/sophie/visionaid/isaac_ros_ws/install/gxf_isaac_sgm:/home/sophie/visionaid/isaac_ros_ws/install/gxf_isaac_segway:/home/sophie/visionaid/isaac_ros_ws/install/gxf_isaac_depth_image_proc:/home/sophie/visionaid/isaac_ros_ws/install/gxf_isaac_ros_messages:/home/sophie/visionaid/isaac_ros_ws/install/gxf_isaac_ros_cuda:/home/sophie/visionaid/isaac_ros_ws/install/gxf_isaac_rectify:/home/sophie/visionaid/isaac_ros_ws/install/gxf_isaac_range_scan_processing:/home/sophie/visionaid/isaac_ros_ws/install/gxf_isaac_point_cloud:/home/sophie/visionaid/isaac_ros_ws/install/gxf_isaac_optimizer:/home/sophie/visionaid/isaac_ros_ws/install/gxf_isaac_messages_throttler:/home/sophie/visionaid/isaac_ros_ws/install/gxf_isaac_messages:/home/sophie/visionaid/isaac_ros_ws/install/gxf_isaac_message_compositor:/home/sophie/visionaid/isaac_ros_ws/install/gxf_isaac_localization:/home/sophie/visionaid/isaac_ros_ws/install/gxf_isaac_image_flip:/home/sophie/visionaid/isaac_ros_ws/install/gxf_isaac_hesai:/home/sophie/visionaid/isaac_ros_ws/install/gxf_isaac_gxf_helpers:/home/sophie/visionaid/isaac_ros_ws/install/gxf_isaac_atlas:/home/sophie/visionaid/isaac_ros_ws/install/gxf_isaac_gems:/home/sophie/visionaid/isaac_ros_ws/install/gxf_isaac_flatscan_localization:/home/sophie/visionaid/isaac_ros_ws/install/gxf_isaac_cuda:/home/sophie/visionaid/isaac_ros_ws/install/gxf_isaac_argus:/home/sophie/visionaid/isaac_ros_ws/install/isaac_ros_gxf:/home/sophie/visionaid/isaac_ros_ws/install/gxf_isaac_timestamp_correlator:/home/sophie/visionaid/isaac_ros_ws/install/isaac_ros_common:/home/sophie/visionaid/isaac_ros_ws/install/isaac_ros_bi3d_interfaces:/home/sophie/visionaid/isaac_ros_ws/install/isaac_ros_apriltag_interfaces:/home/sophie/visionaid/isaac_ros_ws/install/isaac_common_py:/home/sophie/visionaid/isaac_ros_ws/install/isaac_common:/home/sophie/visionaid/isaac_ros_ws/install/custom_nitros_message_filter_interfaces:/opt/ros/humble CMAKE_PREFIX_PATH=/home/sophie/visionaid/isaac_ros_ws/install/isaac_ros_visual_slam:/home/sophie/visionaid/isaac_ros_ws/install/isaac_ros_image_proc:/home/sophie/visionaid/isaac_ros_ws/install/isaac_ros_tensor_rt:/home/sophie/visionaid/isaac_ros_ws/install/isaac_ros_managed_nitros:/home/sophie/visionaid/isaac_ros_ws/install/isaac_ros_nitros_tensor_list_type:/home/sophie/visionaid/isaac_ros_ws/install/isaac_ros_nitros_image_type:/home/sophie/visionaid/isaac_ros_ws/install/isaac_ros_nitros_camera_info_type:/home/sophie/visionaid/isaac_ros_ws/install/gxf_isaac_tensor_rt:/home/sophie/visionaid/isaac_ros_ws/install/isaac_ros_nitros:/home/sophie/visionaid/isaac_ros_ws/install/gxf_isaac_tensorops:/home/sophie/visionaid/isaac_ros_ws/install/gxf_isaac_messages:/home/sophie/visionaid/isaac_ros_ws/install/gxf_isaac_gxf_helpers:/home/sophie/visionaid/isaac_ros_ws/install/gxf_isaac_atlas:/home/sophie/visionaid/isaac_ros_ws/install/gxf_isaac_sight:/home/sophie/visionaid/isaac_ros_ws/install/gxf_isaac_optimizer:/home/sophie/visionaid/isaac_ros_ws/install/gxf_isaac_message_compositor:/home/sophie/visionaid/isaac_ros_ws/install/gxf_isaac_image_flip:/home/sophie/visionaid/isaac_ros_ws/install/gxf_isaac_gems:/home/sophie/visionaid/isaac_ros_ws/install/isaac_ros_visual_slam_interfaces:/home/sophie/visionaid/isaac_ros_ws/install/isaac_ros_tensor_list_interfaces:/home/sophie/visionaid/isaac_ros_ws/install/isaac_ros_gxf:/home/sophie/visionaid/isaac_ros_ws/install/isaac_common:/home/sophie/visionaid/isaac_ros_ws/install/isaac_ros_common:/home/sophie/visionaid/isaac_ros_ws/install/shared_interfaces:/home/sophie/visionaid/isaac_ros_ws/install/isaac_ros_ur5_ompl_benchmark:/home/sophie/visionaid/isaac_ros_ws/install/isaac_ros_ur5_cumotion_benchmark:/home/sophie/visionaid/isaac_ros_ws/install/ur5_robotiq_85_description:/home/sophie/visionaid/isaac_ros_ws/install/ur5_gripper_moveit_config:/home/sophie/visionaid/isaac_ros_ws/install/isaac_ros_visual_slam_benchmark:/home/sophie/visionaid/isaac_ros_ws/install/isaac_ros_unet_benchmark:/home/sophie/visionaid/isaac_ros_ws/install/isaac_ros_triton_benchmark:/home/sophie/visionaid/isaac_ros_ws/install/isaac_ros_tensor_rt_benchmark:/home/sophie/visionaid/isaac_ros_ws/install/isaac_ros_stereo_image_proc_benchmark:/home/sophie/visionaid/isaac_ros_ws/install/isaac_ros_segment_anything_benchmark:/home/sophie/visionaid/isaac_ros_ws/install/isaac_ros_segformer_benchmark:/home/sophie/visionaid/isaac_ros_ws/install/isaac_ros_rtdetr_benchmark:/home/sophie/visionaid/isaac_ros_ws/install/isaac_ros_pynitros_benchmark:/home/sophie/visionaid/isaac_ros_ws/install/isaac_ros_perceptor_nova_benchmark:/home/sophie/visionaid/isaac_ros_ws/install/isaac_ros_occupancy_grid_localizer_benchmark:/home/sophie/visionaid/isaac_ros_ws/install/isaac_ros_nvblox_benchmark:/home/sophie/visionaid/isaac_ros_ws/install/isaac_ros_nitros_bridge_benchmark:/home/sophie/visionaid/isaac_ros_ws/install/isaac_ros_franka_ompl_benchmark:/home/sophie/visionaid/isaac_ros_ws/install/isaac_ros_franka_cumotion_benchmark:/home/sophie/visionaid/isaac_ros_ws/install/isaac_ros_moveit_benchmark:/home/sophie/visionaid/isaac_ros_ws/install/isaac_ros_image_proc_benchmark:/home/sophie/visionaid/isaac_ros_ws/install/isaac_ros_ess_nova_benchmark:/home/sophie/visionaid/isaac_ros_ws/install/isaac_ros_data_recorder_nova_benchmark:/home/sophie/visionaid/isaac_ros_ws/install/isaac_ros_hawk_nova_benchmark:/home/sophie/visionaid/isaac_ros_ws/install/isaac_ros_h264_encoder_benchmark:/home/sophie/visionaid/isaac_ros_ws/install/isaac_ros_h264_decoder_benchmark:/home/sophie/visionaid/isaac_ros_ws/install/isaac_ros_foundationpose_benchmark:/home/sophie/visionaid/isaac_ros_ws/install/isaac_ros_ess_benchmark:/home/sophie/visionaid/isaac_ros_ws/install/isaac_ros_dope_benchmark:/home/sophie/visionaid/isaac_ros_ws/install/isaac_ros_dnn_image_encoder_benchmark:/home/sophie/visionaid/isaac_ros_ws/install/isaac_ros_detectnet_benchmark:/home/sophie/visionaid/isaac_ros_ws/install/isaac_ros_centerpose_benchmark:/home/sophie/visionaid/isaac_ros_ws/install/isaac_ros_bi3d_freespace_benchmark:/home/sophie/visionaid/isaac_ros_ws/install/isaac_ros_bi3d_benchmark:/home/sophie/visionaid/isaac_ros_ws/install/isaac_ros_argus_camera_benchmark:/home/sophie/visionaid/isaac_ros_ws/install/isaac_ros_apriltag_benchmark:/home/sophie/visionaid/isaac_ros_ws/install/isaac_ros_benchmark:/home/sophie/visionaid/isaac_ros_ws/install/ros2_benchmark:/home/sophie/visionaid/isaac_ros_ws/install/ros2_benchmark_interfaces:/home/sophie/visionaid/isaac_ros_ws/install/isaac_ros_triton:/home/sophie/visionaid/isaac_ros_ws/install/isaac_ros_test_cmake:/home/sophie/visionaid/isaac_ros_ws/install/isaac_ros_nitros_bridge_ros2:/home/sophie/visionaid/isaac_ros_ws/install/isaac_ros_dnn_image_encoder:/home/sophie/visionaid/isaac_ros_ws/install/isaac_ros_tensor_proc:/home/sophie/visionaid/isaac_ros_ws/install/isaac_ros_nitros_topic_tools:/home/sophie/visionaid/isaac_ros_ws/install/isaac_ros_image_pipeline:/home/sophie/visionaid/isaac_ros_ws/install/isaac_ros_depth_image_proc:/home/sophie/visionaid/isaac_ros_ws/install/custom_nitros_string:/home/sophie/visionaid/isaac_ros_ws/install/custom_nitros_message_filter:/home/sophie/visionaid/isaac_ros_ws/install/custom_nitros_image:/home/sophie/visionaid/isaac_ros_ws/install/custom_nitros_dnn_image_encoder:/home/sophie/visionaid/isaac_ros_ws/install/isaac_ros_nitros_bridge_interfaces:/home/sophie/visionaid/isaac_ros_ws/install/isaac_ros_stereo_image_proc:/home/sophie/visionaid/isaac_ros_ws/install/isaac_ros_r2b_galileo:/home/sophie/visionaid/isaac_ros_ws/install/isaac_ros_nitros_flat_scan_type:/home/sophie/visionaid/isaac_ros_ws/install/isaac_ros_pointcloud_interfaces:/home/sophie/visionaid/isaac_ros_ws/install/isaac_ros_nitros_encoder_ticks_type:/home/sophie/visionaid/isaac_ros_ws/install/isaac_ros_nitros_correlated_timestamp_type:/home/sophie/visionaid/isaac_ros_ws/install/isaac_ros_nitros_battery_state_type:/home/sophie/visionaid/isaac_ros_ws/install/isaac_ros_nova_interfaces:/home/sophie/visionaid/isaac_ros_ws/install/isaac_ros_nitros_twist_type:/home/sophie/visionaid/isaac_ros_ws/install/isaac_ros_nitros_std_msg_type:/home/sophie/visionaid/isaac_ros_ws/install/isaac_ros_nitros_pose_cov_stamped_type:/home/sophie/visionaid/isaac_ros_ws/install/isaac_ros_nitros_pose_array_type:/home/sophie/visionaid/isaac_ros_ws/install/isaac_ros_nitros_point_cloud_type:/home/sophie/visionaid/isaac_ros_ws/install/isaac_ros_nitros_odometry_type:/home/sophie/visionaid/isaac_ros_ws/install/isaac_ros_nitros_occupancy_grid_type:/home/sophie/visionaid/isaac_ros_ws/install/isaac_ros_nitros_imu_type:/home/sophie/visionaid/isaac_ros_ws/install/isaac_ros_nitros_disparity_image_type:/home/sophie/visionaid/isaac_ros_ws/install/isaac_ros_nitros_detection3_d_array_type:/home/sophie/visionaid/isaac_ros_ws/install/isaac_ros_nitros_detection2_d_array_type:/home/sophie/visionaid/isaac_ros_ws/install/isaac_ros_nitros_compressed_video_type:/home/sophie/visionaid/isaac_ros_ws/install/isaac_ros_nitros_compressed_image_type:/home/sophie/visionaid/isaac_ros_ws/install/gxf_isaac_utils:/home/sophie/visionaid/isaac_ros_ws/install/gxf_isaac_triton:/home/sophie/visionaid/isaac_ros_ws/install/gxf_isaac_sgm:/home/sophie/visionaid/isaac_ros_ws/install/gxf_isaac_segway:/home/sophie/visionaid/isaac_ros_ws/install/gxf_isaac_depth_image_proc:/home/sophie/visionaid/isaac_ros_ws/install/gxf_isaac_ros_messages:/home/sophie/visionaid/isaac_ros_ws/install/gxf_isaac_ros_cuda:/home/sophie/visionaid/isaac_ros_ws/install/gxf_isaac_rectify:/home/sophie/visionaid/isaac_ros_ws/install/gxf_isaac_range_scan_processing:/home/sophie/visionaid/isaac_ros_ws/install/gxf_isaac_point_cloud:/home/sophie/visionaid/isaac_ros_ws/install/gxf_isaac_messages_throttler:/home/sophie/visionaid/isaac_ros_ws/install/gxf_isaac_localization:/home/sophie/visionaid/isaac_ros_ws/install/gxf_isaac_hesai:/home/sophie/visionaid/isaac_ros_ws/install/gxf_isaac_flatscan_localization:/home/sophie/visionaid/isaac_ros_ws/install/gxf_isaac_cuda:/home/sophie/visionaid/isaac_ros_ws/install/gxf_isaac_argus:/home/sophie/visionaid/isaac_ros_ws/install/gxf_isaac_timestamp_correlator:/home/sophie/visionaid/isaac_ros_ws/install/isaac_ros_bi3d_interfaces:/home/sophie/visionaid/isaac_ros_ws/install/isaac_ros_apriltag_interfaces:/home/sophie/visionaid/isaac_ros_ws/install/custom_nitros_message_filter_interfaces LD_LIBRARY_PATH=/home/sophie/visionaid/isaac_ros_ws/install/isaac_ros_visual_slam/lib:/home/sophie/visionaid/isaac_ros_ws/install/isaac_ros_image_proc/lib:/home/sophie/visionaid/isaac_ros_ws/install/isaac_ros_tensor_rt/lib:/home/sophie/visionaid/isaac_ros_ws/install/isaac_ros_nitros_tensor_list_type/lib:/home/sophie/visionaid/isaac_ros_ws/install/isaac_ros_nitros_image_type/lib:/home/sophie/visionaid/isaac_ros_ws/install/isaac_ros_nitros_camera_info_type/lib:/home/sophie/visionaid/isaac_ros_ws/install/gxf_isaac_tensor_rt/lib:/home/sophie/visionaid/isaac_ros_ws/install/isaac_ros_nitros/lib:/home/sophie/visionaid/isaac_ros_ws/install/gxf_isaac_tensorops/lib:/home/sophie/visionaid/isaac_ros_ws/install/gxf_isaac_image_flip/lib:/home/sophie/visionaid/isaac_ros_ws/install/isaac_ros_visual_slam_interfaces/lib:/home/sophie/visionaid/isaac_ros_ws/install/isaac_ros_tensor_list_interfaces/lib:/home/sophie/visionaid/isaac_ros_ws/install/isaac_ros_gxf/lib:/home/sophie/visionaid/isaac_ros_ws/install/isaac_ros_common/lib:/home/sophie/Downloads/opt/nvidia/cvcuda0/lib:/home/sophie/Downloads/TensorRT-10.10.0.31/lib:/usr/local/cuda-12.8/lib64:/home/sophie/visionaid/isaac_ros_ws/install/isaac_ros_benchmark/lib:/home/sophie/visionaid/isaac_ros_ws/install/ros2_benchmark/lib:/home/sophie/visionaid/isaac_ros_ws/install/ros2_benchmark_interfaces/lib:/home/sophie/visionaid/isaac_ros_ws/install/isaac_ros_triton/lib:/home/sophie/visionaid/isaac_ros_ws/install/isaac_ros_nitros_bridge_ros2/lib:/home/sophie/visionaid/isaac_ros_ws/install/isaac_ros_dnn_image_encoder/lib:/home/sophie/visionaid/isaac_ros_ws/install/isaac_ros_tensor_proc/lib:/home/sophie/visionaid/isaac_ros_ws/install/isaac_ros_nitros_topic_tools/lib:/home/sophie/visionaid/isaac_ros_ws/install/isaac_ros_depth_image_proc/lib:/home/sophie/visionaid/isaac_ros_ws/install/custom_nitros_string/lib:/home/sophie/visionaid/isaac_ros_ws/install/custom_nitros_message_filter/lib:/home/sophie/visionaid/isaac_ros_ws/install/custom_nitros_image/lib:/home/sophie/visionaid/isaac_ros_ws/install/custom_nitros_dnn_image_encoder/lib:/home/sophie/visionaid/isaac_ros_ws/install/isaac_ros_managed_nitros/lib:/home/sophie/visionaid/isaac_ros_ws/install/isaac_ros_nitros_bridge_interfaces/lib:/home/sophie/visionaid/isaac_ros_ws/install/isaac_ros_stereo_image_proc/lib:/home/sophie/visionaid/isaac_ros_ws/install/isaac_ros_nitros_flat_scan_type/lib:/home/sophie/visionaid/isaac_ros_ws/install/isaac_ros_pointcloud_interfaces/lib:/home/sophie/visionaid/isaac_ros_ws/install/isaac_ros_nitros_encoder_ticks_type/lib:/home/sophie/visionaid/isaac_ros_ws/install/isaac_ros_nitros_correlated_timestamp_type/lib:/home/sophie/visionaid/isaac_ros_ws/install/isaac_ros_nitros_battery_state_type/lib:/home/sophie/visionaid/isaac_ros_ws/install/isaac_ros_nova_interfaces/lib:/home/sophie/visionaid/isaac_ros_ws/install/isaac_ros_nitros_twist_type/lib:/home/sophie/visionaid/isaac_ros_ws/install/isaac_ros_nitros_std_msg_type/lib:/home/sophie/visionaid/isaac_ros_ws/install/isaac_ros_nitros_pose_cov_stamped_type/lib:/home/sophie/visionaid/isaac_ros_ws/install/isaac_ros_nitros_pose_array_type/lib:/home/sophie/visionaid/isaac_ros_ws/install/isaac_ros_nitros_point_cloud_type/lib:/home/sophie/visionaid/isaac_ros_ws/install/isaac_ros_nitros_odometry_type/lib:/home/sophie/visionaid/isaac_ros_ws/install/isaac_ros_nitros_occupancy_grid_type/lib:/home/sophie/visionaid/isaac_ros_ws/install/isaac_ros_nitros_imu_type/lib:/home/sophie/visionaid/isaac_ros_ws/install/isaac_ros_nitros_disparity_image_type/lib:/home/sophie/visionaid/isaac_ros_ws/install/isaac_ros_nitros_detection3_d_array_type/lib:/home/sophie/visionaid/isaac_ros_ws/install/isaac_ros_nitros_detection2_d_array_type/lib:/home/sophie/visionaid/isaac_ros_ws/install/isaac_ros_nitros_compressed_video_type/lib:/home/sophie/visionaid/isaac_ros_ws/install/isaac_ros_nitros_compressed_image_type/lib:/home/sophie/visionaid/isaac_ros_ws/install/gxf_isaac_utils/lib:/home/sophie/visionaid/isaac_ros_ws/install/gxf_isaac_triton/lib:/home/sophie/visionaid/isaac_ros_ws/install/gxf_isaac_sight/lib:/home/sophie/visionaid/isaac_ros_ws/install/gxf_isaac_sgm/lib:/home/sophie/visionaid/isaac_ros_ws/install/gxf_isaac_segway/lib:/home/sophie/visionaid/isaac_ros_ws/install/gxf_isaac_depth_image_proc/lib:/home/sophie/visionaid/isaac_ros_ws/install/gxf_isaac_ros_messages/lib:/home/sophie/visionaid/isaac_ros_ws/install/gxf_isaac_ros_cuda/lib:/home/sophie/visionaid/isaac_ros_ws/install/gxf_isaac_rectify/lib:/home/sophie/visionaid/isaac_ros_ws/install/gxf_isaac_range_scan_processing/lib:/home/sophie/visionaid/isaac_ros_ws/install/gxf_isaac_point_cloud/lib:/home/sophie/visionaid/isaac_ros_ws/install/gxf_isaac_optimizer/lib:/home/sophie/visionaid/isaac_ros_ws/install/gxf_isaac_messages/lib:/home/sophie/visionaid/isaac_ros_ws/install/gxf_isaac_message_compositor/lib:/home/sophie/visionaid/isaac_ros_ws/install/gxf_isaac_localization/lib:/home/sophie/visionaid/isaac_ros_ws/install/gxf_isaac_hesai/lib:/home/sophie/visionaid/isaac_ros_ws/install/gxf_isaac_gxf_helpers/lib:/home/sophie/visionaid/isaac_ros_ws/install/gxf_isaac_atlas/lib:/home/sophie/visionaid/isaac_ros_ws/install/gxf_isaac_gems/lib:/home/sophie/visionaid/isaac_ros_ws/install/gxf_isaac_flatscan_localization/lib:/home/sophie/visionaid/isaac_ros_ws/install/gxf_isaac_cuda/lib:/home/sophie/visionaid/isaac_ros_ws/install/gxf_isaac_argus/lib:/home/sophie/visionaid/isaac_ros_ws/install/gxf_isaac_timestamp_correlator/lib:/home/sophie/visionaid/isaac_ros_ws/install/isaac_ros_bi3d_interfaces/lib:/home/sophie/visionaid/isaac_ros_ws/install/isaac_ros_apriltag_interfaces/lib:/home/sophie/visionaid/isaac_ros_ws/install/custom_nitros_message_filter_interfaces/lib:/home/sophie/Downloads/opt/nvidia/cvcuda0/lib:/home/sophie/Downloads/TensorRT-10.10.0.31/lib:/usr/local/cuda-12.8/lib64:/opt/ros/humble/opt/rviz_ogre_vendor/lib:/opt/ros/humble/lib/x86_64-linux-gnu:/opt/ros/humble/lib PATH=/home/sophie/visionaid/isaac_ros_ws/install/isaac_ros_common/bin:/home/sophie/Downloads/TensorRT-10.10.0.31/samples/trtexec:/usr/local/cuda-12.8/bin:/home/sophie/.local/bin:/home/sophie/Downloads/TensorRT-10.10.0.31/samples/trtexec:/usr/local/cuda-12.8/bin:/opt/ros/humble/bin:/home/sophie/.local/bin:/usr/local/sbin:/usr/local/bin:/usr/sbin:/usr/bin:/sbin:/bin:/usr/games:/usr/local/games:/snap/bin:/snap/bin:/home/sophie/.vscode/extensions/ms-python.debugpy-2025.8.0-linux-x64/bundled/scripts/noConfigScripts:/home/sophie/.config/Code/User/globalStorage/github.copilot-chat/debugCommand PYTHONPATH=/home/sophie/visionaid/isaac_ros_ws/build/yolov8_bdd100k_detection/prefix_override:/usr/lib/python3/dist-packages/colcon_core/task/python/colcon_distutils_commands:/home/sophie/visionaid/isaac_ros_ws/install/yolov8_bdd100k_detection/lib/python3.10/site-packages:/home/sophie/visionaid/isaac_ros_ws/build/isaac_ros_test:/home/sophie/visionaid/isaac_ros_ws/install/isaac_ros_test/lib/python3.10/site-packages:/home/sophie/visionaid/isaac_ros_ws/build/isaac_ros_launch_utils:/home/sophie/visionaid/isaac_ros_ws/install/isaac_ros_launch_utils/lib/python3.10/site-packages:/home/sophie/visionaid/isaac_ros_ws/build/traffic_crossing_assistant:/home/sophie/visionaid/isaac_ros_ws/install/traffic_crossing_assistant/lib/python3.10/site-packages:/home/sophie/visionaid/isaac_ros_ws/build/scene_description_system:/home/sophie/visionaid/isaac_ros_ws/install/scene_description_system/lib/python3.10/site-packages:/home/sophie/visionaid/isaac_ros_ws/build/gps_navigation_system:/home/sophie/visionaid/isaac_ros_ws/install/gps_navigation_system/lib/python3.10/site-packages:/home/sophie/visionaid/isaac_ros_ws/build/assistive_navigation_core:/home/sophie/visionaid/isaac_ros_ws/install/assistive_navigation_core/lib/python3.10/site-packages:/home/sophie/visionaid/isaac_ros_ws/install/lib/python3.10/site-packages:/home/sophie/visionaid/isaac_ros_ws/build/yolov8_bdd100k_detection:/home/sophie/visionaid/isaac_ros_ws/install/yolov8_bdd100k_detection/lib/python3.10/site-packages:/home/sophie/visionaid/isaac_ros_ws/install/isaac_ros_ur5_ompl_benchmark/local/lib/python3.10/dist-packages:/home/sophie/visionaid/isaac_ros_ws/install/isaac_ros_ur5_cumotion_benchmark/local/lib/python3.10/dist-packages:/home/sophie/visionaid/isaac_ros_ws/install/isaac_ros_franka_ompl_benchmark/local/lib/python3.10/dist-packages:/home/sophie/visionaid/isaac_ros_ws/install/isaac_ros_franka_cumotion_benchmark/local/lib/python3.10/dist-packages:/home/sophie/visionaid/isaac_ros_ws/install/isaac_ros_moveit_benchmark/local/lib/python3.10/dist-packages:/home/sophie/visionaid/isaac_ros_ws/install/isaac_ros_hawk_nova_benchmark/local/lib/python3.10/dist-packages:/home/sophie/visionaid/isaac_ros_ws/install/isaac_ros_ess_benchmark/local/lib/python3.10/dist-packages:/home/sophie/visionaid/isaac_ros_ws/install/isaac_ros_benchmark/local/lib/python3.10/dist-packages:/home/sophie/visionaid/isaac_ros_ws/install/ros2_benchmark/local/lib/python3.10/dist-packages:/home/sophie/visionaid/isaac_ros_ws/install/ros2_benchmark_interfaces/local/lib/python3.10/dist-packages:/home/sophie/visionaid/isaac_ros_ws/install/isaac_ros_visual_slam_interfaces/local/lib/python3.10/dist-packages:/home/sophie/visionaid/isaac_ros_ws/build/isaac_ros_pynitros:/home/sophie/visionaid/isaac_ros_ws/install/isaac_ros_pynitros/lib/python3.10/site-packages:/home/sophie/visionaid/isaac_ros_ws/install/isaac_ros_nitros_bridge_interfaces/local/lib/python3.10/dist-packages:/home/sophie/visionaid/isaac_ros_ws/install/isaac_ros_tensor_list_interfaces/local/lib/python3.10/dist-packages:/home/sophie/visionaid/isaac_ros_ws/build/isaac_ros_rosbag_utils:/home/sophie/visionaid/isaac_ros_ws/install/isaac_ros_rosbag_utils/lib/python3.10/site-packages:/home/sophie/visionaid/isaac_ros_ws/install/isaac_ros_pointcloud_interfaces/local/lib/python3.10/dist-packages:/home/sophie/visionaid/isaac_ros_ws/install/isaac_ros_nova_interfaces/local/lib/python3.10/dist-packages:/home/sophie/visionaid/isaac_ros_ws/install/isaac_ros_common/local/lib/python3.10/dist-packages:/home/sophie/visionaid/isaac_ros_ws/install/isaac_ros_bi3d_interfaces/local/lib/python3.10/dist-packages:/home/sophie/visionaid/isaac_ros_ws/install/isaac_ros_apriltag_interfaces/local/lib/python3.10/dist-packages:/home/sophie/visionaid/isaac_ros_ws/build/isaac_common_py:/home/sophie/visionaid/isaac_ros_ws/install/isaac_common_py/lib/python3.10/site-packages:/home/sophie/visionaid/isaac_ros_ws/install/custom_nitros_message_filter_interfaces/local/lib/python3.10/dist-packages:/home/sophie/visionaid/isaac_ros_ws/install/lib/python3.10/site-packages:/opt/ros/humble/lib/python3.10/site-packages:/opt/ros/humble/local/lib/python3.10/dist-packages /usr/bin/python3 -W ignore:setup.py install is deprecated -W ignore:easy_install command is deprecated setup.py egg_info --egg-base ../../build/yolov8_bdd100k_detection build --build-base /home/sophie/visionaid/isaac_ros_ws/build/yolov8_bdd100k_detection/build install --record /home/sophie/visionaid/isaac_ros_ws/build/yolov8_bdd100k_detection/install.log --single-version-externally-managed install_data --force[0m
[1.393s] [34mcolcon.colcon_core.environment[0m [1;30mLevel 1[0m checking '/home/sophie/visionaid/isaac_ros_ws/install/yolov8_bdd100k_detection' for CMake module files
[1.393s] [34mcolcon.colcon_core.environment[0m [1;30mLevel 1[0m checking '/home/sophie/visionaid/isaac_ros_ws/install/yolov8_bdd100k_detection' for CMake config files
[1.393s] [34mcolcon.colcon_core.environment[0m [1;30mLevel 1[0m checking '/home/sophie/visionaid/isaac_ros_ws/install/yolov8_bdd100k_detection/lib'
[1.393s] [34mcolcon.colcon_core.environment[0m [1;30mLevel 1[0m checking '/home/sophie/visionaid/isaac_ros_ws/install/yolov8_bdd100k_detection/bin'
[1.393s] [34mcolcon.colcon_core.environment[0m [1;30mLevel 1[0m checking '/home/sophie/visionaid/isaac_ros_ws/install/yolov8_bdd100k_detection/lib/pkgconfig/yolov8_bdd100k_detection.pc'
[1.394s] [34mcolcon.colcon_core.environment[0m [1;30mLevel 1[0m checking '/home/sophie/visionaid/isaac_ros_ws/install/yolov8_bdd100k_detection/lib/python3.10/site-packages'
[1.394s] [34mcolcon.colcon_core.shell[0m [1;30mLevel 1[0m create_environment_hook('yolov8_bdd100k_detection', 'pythonpath')
[1.394s] [34mcolcon.colcon_core.shell[0m [1;30mINFO[0m Creating environment hook '/home/sophie/visionaid/isaac_ros_ws/install/yolov8_bdd100k_detection/share/yolov8_bdd100k_detection/hook/pythonpath.ps1'
[1.394s] [34mcolcon.colcon_core.shell[0m [1;30mINFO[0m Creating environment descriptor '/home/sophie/visionaid/isaac_ros_ws/install/yolov8_bdd100k_detection/share/yolov8_bdd100k_detection/hook/pythonpath.dsv'
[1.394s] [34mcolcon.colcon_core.shell[0m [1;30mINFO[0m Creating environment hook '/home/sophie/visionaid/isaac_ros_ws/install/yolov8_bdd100k_detection/share/yolov8_bdd100k_detection/hook/pythonpath.sh'
[1.395s] [34mcolcon.colcon_core.environment[0m [1;30mLevel 1[0m checking '/home/sophie/visionaid/isaac_ros_ws/install/yolov8_bdd100k_detection/bin'
[1.395s] [34mcolcon.colcon_core.environment[0m [1;30mLevel 1[0m create_environment_scripts_only(yolov8_bdd100k_detection)
[1.395s] [34mcolcon.colcon_core.shell[0m [1;30mINFO[0m Creating package script '/home/sophie/visionaid/isaac_ros_ws/install/yolov8_bdd100k_detection/share/yolov8_bdd100k_detection/package.ps1'
[1.395s] [34mcolcon.colcon_core.shell[0m [1;30mINFO[0m Creating package descriptor '/home/sophie/visionaid/isaac_ros_ws/install/yolov8_bdd100k_detection/share/yolov8_bdd100k_detection/package.dsv'
[1.395s] [34mcolcon.colcon_core.shell[0m [1;30mINFO[0m Creating package script '/home/sophie/visionaid/isaac_ros_ws/install/yolov8_bdd100k_detection/share/yolov8_bdd100k_detection/package.sh'
[1.396s] [34mcolcon.colcon_core.shell[0m [1;30mINFO[0m Creating package script '/home/sophie/visionaid/isaac_ros_ws/install/yolov8_bdd100k_detection/share/yolov8_bdd100k_detection/package.bash'
[1.396s] [34mcolcon.colcon_core.shell[0m [1;30mINFO[0m Creating package script '/home/sophie/visionaid/isaac_ros_ws/install/yolov8_bdd100k_detection/share/yolov8_bdd100k_detection/package.zsh'
[1.396s] [34mcolcon.colcon_core.environment[0m [1;30mLevel 1[0m create_file_with_runtime_dependencies(/home/sophie/visionaid/isaac_ros_ws/install/yolov8_bdd100k_detection/share/colcon-core/packages/yolov8_bdd100k_detection)
[1.397s] [34mcolcon.colcon_parallel_executor.executor.parallel[0m [1;30mDEBUG[0m [32mclosing loop[0m
[1.397s] [34mcolcon.colcon_parallel_executor.executor.parallel[0m [1;30mDEBUG[0m [32mloop closed[0m
[1.397s] [34mcolcon.colcon_parallel_executor.executor.parallel[0m [1;30mDEBUG[0m [32mrun_until_complete finished with '0'[0m
[1.397s] [34mcolcon.colcon_core.event_reactor[0m [1;30mDEBUG[0m [32mjoining thread[0m
[1.400s] [34mcolcon.colcon_core.plugin_system[0m [1;30mINFO[0m Skipping extension 'colcon_notification.desktop_notification.terminal_notifier': Not used on non-Darwin systems
[1.400s] [34mcolcon.colcon_core.plugin_system[0m [1;30mINFO[0m Skipping extension 'colcon_notification.desktop_notification.win32': Not used on non-Windows systems
[1.400s] [34mcolcon.colcon_notification.desktop_notification[0m [1;30mINFO[0m Sending desktop notification using 'notify2'
[1.410s] [34mcolcon.colcon_core.event_reactor[0m [1;30mDEBUG[0m [32mjoined thread[0m
[1.411s] [34mcolcon.colcon_core.shell[0m [1;30mINFO[0m Creating prefix script '/home/sophie/visionaid/isaac_ros_ws/install/local_setup.ps1'
[1.411s] [34mcolcon.colcon_core.shell[0m [1;30mINFO[0m Creating prefix util module '/home/sophie/visionaid/isaac_ros_ws/install/_local_setup_util_ps1.py'
[1.412s] [34mcolcon.colcon_core.shell[0m [1;30mINFO[0m Creating prefix chain script '/home/sophie/visionaid/isaac_ros_ws/install/setup.ps1'
[1.415s] [34mcolcon.colcon_core.shell[0m [1;30mINFO[0m Creating prefix script '/home/sophie/visionaid/isaac_ros_ws/install/local_setup.sh'
[1.415s] [34mcolcon.colcon_core.shell[0m [1;30mINFO[0m Creating prefix util module '/home/sophie/visionaid/isaac_ros_ws/install/_local_setup_util_sh.py'
[1.415s] [34mcolcon.colcon_core.shell[0m [1;30mINFO[0m Creating prefix chain script '/home/sophie/visionaid/isaac_ros_ws/install/setup.sh'
[1.418s] [34mcolcon.colcon_core.shell[0m [1;30mINFO[0m Creating prefix script '/home/sophie/visionaid/isaac_ros_ws/install/local_setup.bash'
[1.418s] [34mcolcon.colcon_core.shell[0m [1;30mINFO[0m Creating prefix chain script '/home/sophie/visionaid/isaac_ros_ws/install/setup.bash'
[1.420s] [34mcolcon.colcon_core.shell[0m [1;30mINFO[0m Creating prefix script '/home/sophie/visionaid/isaac_ros_ws/install/local_setup.zsh'
[1.420s] [34mcolcon.colcon_core.shell[0m [1;30mINFO[0m Creating prefix chain script '/home/sophie/visionaid/isaac_ros_ws/install/setup.zsh'
